Halt Date,Halt Time,Symbol,Name,Exchange,Reason,Resume Date,NYSE Resume Time
2026-05-29,19:50:00,SMXWW,SMX (Security Matters) Public Limited Company Warrant,Nasdaq,News Pending,,
2026-05-29,19:50:00,SMXWW,SMX (Security Matters) Public Limited Company Warrant,Nasdaq,News Pending,2026-06-01,09:05:00
2026-05-29,19:50:00,SBFMW,Sunshine Biopharma Inc. warrant,Nasdaq,News Pending,2026-06-01,09:05:00
2026-05-29,19:50:00,SBFMW,Sunshine Biopharma Inc. warrant,Nasdaq,News Pending,,
2026-05-29,19:50:00,SMX,SMX (Security Matters) Public Limited Company Ordinary Shares,Nasdaq,News Pending,2026-06-01,09:00:00
2026-05-29,19:50:00,SMX,SMX (Security Matters) Public Limited Company Ordinary Shares,Nasdaq,News Pending,,
2026-05-29,19:50:00,SCYX,"""SCYNEXIS, Inc.""",Nasdaq,News Pending,2026-06-01,09:00:00
2026-05-29,19:50:00,SCYX,"""SCYNEXIS, Inc.""",Nasdaq,News Pending,,
2026-05-29,19:50:00,CDTG,CDT Environmental Technology Investment Holdings Limited ordinary shares,Nasdaq,News Pending,,
2026-05-29,19:50:00,CDTG,CDT Environmental Technology Investment Holdings Limited ordinary shares,Nasdaq,News Pending,2026-06-01,09:00:00
2026-05-29,19:50:00,ZOOZW,ZOOZ Strategy Ltd. Warrant,Nasdaq,News Pending,2026-06-01,09:05:00
2026-05-29,19:50:00,ZOOZW,ZOOZ Strategy Ltd. Warrant,Nasdaq,News Pending,,
2026-05-29,19:50:00,DAICW,"""CID HoldCo, Inc. Warrants""",Nasdaq,News Pending,2026-06-01,09:05:00
2026-05-29,19:50:00,DAICW,"""CID HoldCo, Inc. Warrants""",Nasdaq,News Pending,,
2026-05-29,19:50:00,JDZG,JIADE LIMITED Class A Ordinary Shares,Nasdaq,News Pending,,
2026-05-29,19:50:00,JDZG,JIADE LIMITED Class A Ordinary Shares,Nasdaq,News Pending,2026-06-01,09:00:00
2026-05-29,19:50:00,TBH,"""Brag House Holdings, Inc. Common Stock""",Nasdaq,News Pending,,
2026-05-29,19:50:00,TBH,"""Brag House Holdings, Inc. Common Stock""",Nasdaq,News Pending,2026-06-01,09:00:00
2026-05-29,19:50:00,SBFM,Sunshine Biopharma Inc.,Nasdaq,News Pending,,
2026-05-29,19:50:00,SBFM,Sunshine Biopharma Inc.,Nasdaq,News Pending,2026-06-01,09:00:00
2026-05-29,19:50:00,DAIC,"""CID HoldCo, Inc. Common Stock""",Nasdaq,News Pending,,
2026-05-29,19:50:00,DAIC,"""CID HoldCo, Inc. Common Stock""",Nasdaq,News Pending,2026-06-01,09:00:00
2026-05-29,19:50:00,ZOOZ,ZOOZ Strategy Ltd. Ordinary Shares,Nasdaq,News Pending,2026-06-01,09:00:00
2026-05-29,19:50:00,ZOOZ,ZOOZ Strategy Ltd. Ordinary Shares,Nasdaq,News Pending,,
2026-05-29,15:44:47,ASTC,Astrotech Corporation (DE) Common Stock,Nasdaq,LULD Pause,2026-05-29,15:49:47
2026-05-29,15:35:12,MBSX,Regan Fixed Rate MBS ETF,NYSE Arca,LULD Pause,2026-05-29,15:45:25
2026-05-29,15:08:44,BUUU,BUUU Group Limited Class A Ordinary Share,Nasdaq,LULD Pause,2026-05-29,15:13:44
2026-05-29,15:06:34,CDT,CDT Equity Inc. Common Stock,Nasdaq,LULD Pause,2026-05-29,15:11:34
2026-05-29,14:57:55,BUUU,BUUU Group Limited Class A Ordinary Share,Nasdaq,LULD Pause,2026-05-29,15:07:56
2026-05-29,14:56:54,POAS,Phaos Technology Holdings (Cayman) Limited,NYSE American,LULD Pause,2026-05-29,15:01:54
2026-05-29,14:53:51,ASPCU,A SPAC III Acquisition Corp. Unit,Nasdaq,LULD Pause,2026-05-29,15:03:51
2026-05-29,14:50:00,POAS,Phaos Technology Holdings (Cayman) Limited,NYSE American,LULD Pause,2026-05-29,14:55:00
2026-05-29,14:44:31,POAS,Phaos Technology Holdings (Cayman) Limited,NYSE American,LULD Pause,2026-05-29,14:49:31
2026-05-29,14:43:56,OCSAW,Oculis Holding AG Warrants,Nasdaq,News Pending,2026-05-29,16:26:08
2026-05-29,14:43:56,OCS,Oculis Holding AG Ordinary shares,Nasdaq,News Pending,2026-05-29,16:21:08
2026-05-29,14:38:51,POAS,Phaos Technology Holdings (Cayman) Limited,NYSE American,LULD Pause,2026-05-29,14:43:51
2026-05-29,14:38:48,MBSX,Regan Fixed Rate MBS ETF,NYSE Arca,LULD Pause,2026-05-29,15:34:57
2026-05-29,14:28:36,POAS,Phaos Technology Holdings (Cayman) Limited,NYSE American,LULD Pause,2026-05-29,14:38:36
2026-05-29,14:26:00,VCIG,VCI Global Limited Ordinary Share,Nasdaq,LULD Pause,2026-05-29,14:31:00
2026-05-29,14:14:46,POAS,Phaos Technology Holdings (Cayman) Limited,NYSE American,LULD Pause,2026-05-29,14:24:46
2026-05-29,13:48:41,ASTC,Astrotech Corporation (DE) Common Stock,Nasdaq,LULD Pause,2026-05-29,13:58:41
2026-05-29,13:42:04,JLHL,Julong Holding Limited Class A Ordinary Shares,Nasdaq,LULD Pause,2026-05-29,13:47:04
2026-05-29,13:27:23,YMAT,"""J-Star Holding Co., Ltd. Class A Ordinary Shares""",Nasdaq,LULD Pause,2026-05-29,13:32:23
2026-05-29,13:21:58,YMAT,"""J-Star Holding Co., Ltd. Class A Ordinary Shares""",Nasdaq,LULD Pause,2026-05-29,13:26:58
2026-05-29,13:18:31,BVC,BitVentures Limited Ordinary Shares,Nasdaq,LULD Pause,2026-05-29,13:23:31
2026-05-29,13:16:23,YMAT,"""J-Star Holding Co., Ltd. Class A Ordinary Shares""",Nasdaq,LULD Pause,2026-05-29,13:21:23
2026-05-29,13:03:29,YMAT,"""J-Star Holding Co., Ltd. Class A Ordinary Shares""",Nasdaq,LULD Pause,2026-05-29,13:08:29
2026-05-29,12:49:48,CDT,CDT Equity Inc. Common Stock,Nasdaq,LULD Pause,2026-05-29,12:54:48
2026-05-29,12:32:40,EEIQ,EpicQuest Education Group International Limited Common Stock,Nasdaq,LULD Pause,2026-05-29,12:37:40
2026-05-29,12:25:31,INLF,INLIF LIMITED Class A Ordinary Shares,Nasdaq,LULD Pause,2026-05-29,12:30:31
2026-05-29,12:15:38,HTCO,High-Trend International Group Class A Ordinary Shares,Nasdaq,LULD Pause,2026-05-29,12:25:38
2026-05-29,12:11:13,CDT,CDT Equity Inc. Common Stock,Nasdaq,LULD Pause,2026-05-29,12:16:13
2026-05-29,12:04:29,HTCO,High-Trend International Group Class A Ordinary Shares,Nasdaq,LULD Pause,2026-05-29,12:09:29
2026-05-29,12:03:05,VCIG,VCI Global Limited Ordinary Share,Nasdaq,LULD Pause,2026-05-29,12:08:05
2026-05-29,11:51:45,VCIG,VCI Global Limited Ordinary Share,Nasdaq,LULD Pause,2026-05-29,12:01:45
2026-05-29,11:46:27,VCIG,VCI Global Limited Ordinary Share,Nasdaq,LULD Pause,2026-05-29,11:51:27
2026-05-29,11:32:35,QH,Quhuo Limited American Depository Shares,Nasdaq,LULD Pause,2026-05-29,11:37:35
2026-05-29,11:30:23,ASTC,Astrotech Corporation (DE) Common Stock,Nasdaq,LULD Pause,2026-05-29,11:35:23
2026-05-29,10:58:35,QTEX,QTREX Quantum Ltd. Ordinary Shares,Nasdaq,LULD Pause,2026-05-29,11:03:35
2026-05-29,10:54:24,NEXR,Nexera Technologies Ltd Ordinary Shares,Nasdaq,LULD Pause,2026-05-29,10:59:24
2026-05-29,10:40:49,ASTC,Astrotech Corporation (DE) Common Stock,Nasdaq,LULD Pause,2026-05-29,10:45:49
2026-05-29,10:28:15,QH,Quhuo Limited American Depository Shares,Nasdaq,LULD Pause,2026-05-29,10:33:15
2026-05-29,10:24:06,NEXR,Nexera Technologies Ltd Ordinary Shares,Nasdaq,LULD Pause,2026-05-29,10:34:06
2026-05-29,10:18:29,NEXR,Nexera Technologies Ltd Ordinary Shares,Nasdaq,LULD Pause,2026-05-29,10:23:29
2026-05-29,10:16:56,QH,Quhuo Limited American Depository Shares,Nasdaq,LULD Pause,2026-05-29,10:26:56
2026-05-29,10:12:52,ASTC,Astrotech Corporation (DE) Common Stock,Nasdaq,LULD Pause,2026-05-29,10:17:52
2026-05-29,10:11:33,QH,Quhuo Limited American Depository Shares,Nasdaq,LULD Pause,2026-05-29,10:16:33
2026-05-29,10:00:43,QTEX,QTREX Quantum Ltd. Ordinary Shares,Nasdaq,LULD Pause,2026-05-29,10:10:43
2026-05-29,10:00:26,ZCMD,Zhongchao Inc. Class A Ordinary Shares,Nasdaq,LULD Pause,2026-05-29,10:05:26
2026-05-29,09:58:44,VCIG,VCI Global Limited Ordinary Share,Nasdaq,LULD Pause,2026-05-29,10:08:45
2026-05-29,09:58:21,ASTC,Astrotech Corporation (DE) Common Stock,Nasdaq,LULD Pause,2026-05-29,10:03:21
2026-05-29,09:55:18,QTEX,QTREX Quantum Ltd. Ordinary Shares,Nasdaq,LULD Pause,2026-05-29,10:00:18
2026-05-29,09:50:57,QH,Quhuo Limited American Depository Shares,Nasdaq,LULD Pause,2026-05-29,09:55:57
2026-05-29,09:50:50,PCTTU,"""PureCycle Technologies, Inc. Unit""",Nasdaq,LULD Pause,2026-05-29,09:55:50
2026-05-29,09:50:34,ASTC,Astrotech Corporation (DE) Common Stock,Nasdaq,LULD Pause,2026-05-29,09:55:34
2026-05-29,09:46:16,OLOX,Olenox Industries Inc. Common Stock,Nasdaq,LULD Pause,2026-05-29,09:51:16
2026-05-29,09:43:13,QTEX,QTREX Quantum Ltd. Ordinary Shares,Nasdaq,LULD Pause,2026-05-29,09:48:13
2026-05-29,09:41:23,ASTC,Astrotech Corporation (DE) Common Stock,Nasdaq,LULD Pause,2026-05-29,09:46:23
2026-05-29,09:36:52,OLOX,Olenox Industries Inc. Common Stock,Nasdaq,LULD Pause,2026-05-29,09:41:52
2026-05-29,09:34:36,MODD,"""Modular Medical, Inc. Common Stock""",Nasdaq,LULD Pause,2026-05-29,09:39:36
2026-05-29,09:30:48,MX,Magnachip Semiconductor Corp.,NYSE,LULD Pause,2026-05-29,09:36:09
2026-05-29,09:30:39,QH,Quhuo Limited American Depository Shares,Nasdaq,LULD Pause,2026-05-29,09:45:39
2026-05-29,09:30:15,ASUP,T-REX 2X Long ASTS Daily Target ETF,Cboe BZX,LULD Pause,2026-05-29,09:40:25
2026-05-28,19:50:00,SLXNW,Silexion Therapeutics Corp Warrant,Nasdaq,News Pending,2026-05-29,09:05:00
2026-05-28,19:50:00,SLXNW,Silexion Therapeutics Corp Warrant,Nasdaq,News Pending,,
2026-05-28,19:50:00,HKIT,Hitek Global Inc. Class A Ordinary Share,Nasdaq,News Pending,,
2026-05-28,19:50:00,HKIT,Hitek Global Inc. Class A Ordinary Share,Nasdaq,News Pending,2026-05-29,09:00:00
2026-05-28,19:50:00,SLXN,Silexion Therapeutics Corp Ordinary Shares,Nasdaq,News Pending,,
2026-05-28,19:50:00,SLXN,Silexion Therapeutics Corp Ordinary Shares,Nasdaq,News Pending,2026-05-29,09:00:00
2026-05-28,15:42:09,SPRC,SciSparc Ltd. Ordinary Shares,Nasdaq,LULD Pause,2026-05-28,16:00:00
2026-05-28,15:26:22,ASTC,Astrotech Corporation (DE) Common Stock,Nasdaq,LULD Pause,2026-05-28,15:36:22
2026-05-28,14:50:58,SPRC,SciSparc Ltd. Ordinary Shares,Nasdaq,LULD Pause,2026-05-28,14:55:58
2026-05-28,14:39:12,SPRC,SciSparc Ltd. Ordinary Shares,Nasdaq,LULD Pause,2026-05-28,14:44:12
2026-05-28,14:26:02,ASTC,Astrotech Corporation (DE) Common Stock,Nasdaq,LULD Pause,2026-05-28,14:31:02
2026-05-28,13:58:48,PCLA,PicoCELA Inc. American Depositary Shares,Nasdaq,LULD Pause,2026-05-28,14:08:49
2026-05-28,13:49:05,ASTC,Astrotech Corporation (DE) Common Stock,Nasdaq,LULD Pause,2026-05-28,13:54:05
2026-05-28,13:43:02,PCLA,PicoCELA Inc. American Depositary Shares,Nasdaq,LULD Pause,2026-05-28,13:48:02
2026-05-28,13:37:46,ASTC,Astrotech Corporation (DE) Common Stock,Nasdaq,LULD Pause,2026-05-28,13:47:46
2026-05-28,13:32:28,ASTC,Astrotech Corporation (DE) Common Stock,Nasdaq,LULD Pause,2026-05-28,13:37:28
2026-05-28,13:26:09,CGTL,Creative Global Technology Holdings Limited Class A Ordinary Shares,Nasdaq,LULD Pause,2026-05-28,13:31:09
2026-05-28,13:22:07,ASTC,Astrotech Corporation (DE) Common Stock,Nasdaq,LULD Pause,2026-05-28,13:32:07
2026-05-28,13:14:06,SPRC,SciSparc Ltd. Ordinary Shares,Nasdaq,LULD Pause,2026-05-28,13:19:06
2026-05-28,12:11:38,FDXF WI,"""FedEx Freight Holding Company, Inc.""",NYSE,LULD Pause,2026-05-28,12:17:08
2026-05-28,12:04:42,MASK,3 E Network Technology Group Ltd Class A Ordinary Shares,Nasdaq,LULD Pause,2026-05-28,12:19:43
2026-05-28,11:46:33,SPRC,SciSparc Ltd. Ordinary Shares,Nasdaq,LULD Pause,2026-05-28,11:51:33
2026-05-28,11:14:02,NTCL,NETCLASS TECHNOLOGY INC Class A Ordinary Shares,Nasdaq,LULD Pause,2026-05-28,11:19:02
2026-05-28,10:53:00,SPRC,SciSparc Ltd. Ordinary Shares,Nasdaq,LULD Pause,2026-05-28,10:58:00
2026-05-28,10:47:43,MASK,3 E Network Technology Group Ltd Class A Ordinary Shares,Nasdaq,LULD Pause,2026-05-28,10:52:43
2026-05-28,10:47:06,ZCMD,Zhongchao Inc. Class A Ordinary Shares,Nasdaq,LULD Pause,2026-05-28,10:52:06
2026-05-28,10:43:12,JWEL,Jowell Global Ltd. Ordinary Shares,Nasdaq,LULD Pause,2026-05-28,10:53:12
2026-05-28,10:30:59,BAYAU,Bayview Acquisition Corp Unit,Nasdaq,LULD Pause,2026-05-28,10:45:59
2026-05-28,10:30:00,SPRC,SciSparc Ltd. Ordinary Shares,Nasdaq,LULD Pause,2026-05-28,10:35:00
2026-05-28,10:09:29,RAY,Raytech Holding Limited Ordinary Shares,Nasdaq,LULD Pause,2026-05-28,10:19:29
2026-05-28,10:03:06,FITZ,Fitz-Gerald Must Have Portfolio ETF,NYSE Arca,LULD Pause,2026-05-28,10:08:06
2026-05-28,10:02:21,RAY,Raytech Holding Limited Ordinary Shares,Nasdaq,LULD Pause,2026-05-28,10:07:21
2026-05-28,10:00:22,JXG,JX Luxventure Limited Common Stock,Nasdaq,LULD Pause,2026-05-28,10:05:22
2026-05-28,09:57:06,RAY,Raytech Holding Limited Ordinary Shares,Nasdaq,LULD Pause,2026-05-28,10:02:06
2026-05-28,09:56:19,FITZ,Fitz-Gerald Must Have Portfolio ETF,NYSE Arca,LULD Pause,2026-05-28,10:01:19
2026-05-28,09:55:02,AKTX,Akari Therapeutics plc ADR (0.01 USD),Nasdaq,LULD Pause,2026-05-28,10:05:03
2026-05-28,09:50:55,SPRC,SciSparc Ltd. Ordinary Shares,Nasdaq,LULD Pause,2026-05-28,09:55:56
2026-05-28,09:46:14,SUGP,SU Group Holdings Limited Class A Ordinary Shares,Nasdaq,LULD Pause,2026-05-28,09:51:14
2026-05-28,09:43:34,CGCTU,Cartesian Growth Corporation III Unit,Nasdaq,LULD Pause,2026-05-28,09:48:34
2026-05-28,09:43:31,RPGL,Republic Power Group Limited Class A Ordinary Shares,Nasdaq,LULD Pause,2026-05-28,09:48:31
2026-05-28,09:36:14,SPRC,SciSparc Ltd. Ordinary Shares,Nasdaq,LULD Pause,2026-05-28,09:46:36
2026-05-28,09:35:14,FITZ,Fitz-Gerald Must Have Portfolio ETF,NYSE Arca,LULD Pause,2026-05-28,09:55:44
2026-05-28,09:31:17,CGCTU,Cartesian Growth Corporation III Unit,Nasdaq,LULD Pause,2026-05-28,09:36:17
2026-05-28,09:30:51,RW,Rainwater Equity ETF,NYSE Arca,LULD Pause,2026-05-28,09:35:51
2026-05-28,09:30:47,SPRC,SciSparc Ltd. Ordinary Shares,Nasdaq,LULD Pause,2026-05-28,09:35:47
2026-05-28,09:30:45,BCOR,Grayscale Bitcoin Adopters ETF,NYSE Arca,LULD Pause,2026-05-28,09:35:45
2026-05-28,09:30:16,RSVR,"""Reservoir Media, Inc. Common Stock""",Nasdaq,LULD Pause,2026-05-28,09:40:49
2026-05-28,09:30:16,STLR,Stellar ETF,Cboe BZX,LULD Pause,2026-05-28,09:35:16
2026-05-28,09:30:15,STLU,2x Stellar ETF,Cboe BZX,LULD Pause,2026-05-28,09:40:15
2026-05-28,06:55:00,CZR,"""Caesars Entertainment, Inc. Common Stock""",Nasdaq,News Pending,2026-05-28,07:20:00
2026-05-27,19:51:08,SZK,ProShares UltraShort Consumer Staples,NYSE Arca,Corporate Action,2026-05-28,09:00:00
2026-05-27,19:51:08,SDP,ProShares UltraShort Utilities,NYSE Arca,Corporate Action,2026-05-28,09:00:00
2026-05-27,19:51:08,SZK,ProShares UltraShort Consumer Staples,NYSE Arca,Corporate Action,,
2026-05-27,19:51:08,SDP,ProShares UltraShort Utilities,NYSE Arca,Corporate Action,,
2026-05-27,19:51:08,BOIL,ProShares Ultra Bloomberg Natural Gas,NYSE Arca,Corporate Action,,
2026-05-27,19:51:08,BOIL,ProShares Ultra Bloomberg Natural Gas,NYSE Arca,Corporate Action,2026-05-28,09:00:00
2026-05-27,19:51:08,SMN,ProShares UltraShort Materials,NYSE Arca,Corporate Action,,
2026-05-27,19:51:08,SMN,ProShares UltraShort Materials,NYSE Arca,Corporate Action,2026-05-28,09:00:00
2026-05-27,19:51:08,SCO,ProShares UltraShort Bloomberg Crude Oil,NYSE Arca,Corporate Action,2026-05-28,09:00:00
2026-05-27,19:51:08,SCO,ProShares UltraShort Bloomberg Crude Oil,NYSE Arca,Corporate Action,,
2026-05-27,19:51:08,SIJ,ProShares UltraShort Industrials,NYSE Arca,Corporate Action,,
2026-05-27,19:51:08,SIJ,ProShares UltraShort Industrials,NYSE Arca,Corporate Action,2026-05-28,09:00:00
2026-05-27,19:50:47,SBB,ProShares Short SmallCap600,NYSE Arca,Corporate Action,2026-05-28,09:00:00
2026-05-27,19:50:47,SBB,ProShares Short SmallCap600,NYSE Arca,Corporate Action,,
2026-05-27,19:50:47,EMTY,ProShares Decline of the Retail Store ETF,NYSE Arca,Corporate Action,2026-05-28,09:00:00
2026-05-27,19:50:47,EMTY,ProShares Decline of the Retail Store ETF,NYSE Arca,Corporate Action,,
2026-05-27,19:50:47,RXD,ProShares UltraShort Health Care,NYSE Arca,Corporate Action,,
2026-05-27,19:50:47,RXD,ProShares UltraShort Health Care,NYSE Arca,Corporate Action,2026-05-28,09:00:00
2026-05-27,19:50:47,SLON,ProShares Ultra Solana ETF,NYSE Arca,Corporate Action,2026-05-28,09:00:00
2026-05-27,19:50:47,SLON,ProShares Ultra Solana ETF,NYSE Arca,Corporate Action,,
2026-05-27,19:50:47,REW,Proshares UltraShort Technology,NYSE Arca,Corporate Action,2026-05-28,09:00:00
2026-05-27,19:50:47,REW,Proshares UltraShort Technology,NYSE Arca,Corporate Action,,
2026-05-27,19:50:47,BZQ,ProShares UltraShort MSCI Brazil Capped,NYSE Arca,Corporate Action,2026-05-28,09:00:00
2026-05-27,19:50:47,BZQ,ProShares UltraShort MSCI Brazil Capped,NYSE Arca,Corporate Action,,
2026-05-27,19:50:47,UXRP,Proshares Ultra XRP ETF,NYSE Arca,Corporate Action,,
2026-05-27,19:50:47,UXRP,Proshares Ultra XRP ETF,NYSE Arca,Corporate Action,2026-05-28,09:00:00
2026-05-27,19:50:47,EFZ,ProShares Trust Short MSCI EAFE,NYSE Arca,Corporate Action,,
2026-05-27,19:50:47,EFZ,ProShares Trust Short MSCI EAFE,NYSE Arca,Corporate Action,2026-05-28,09:00:00
2026-05-27,19:50:47,COIA,ProShares Ultra COIN,NYSE Arca,Corporate Action,2026-05-28,09:00:00
2026-05-27,19:50:47,COIA,ProShares Ultra COIN,NYSE Arca,Corporate Action,,
2026-05-27,19:50:00,CVGW,Calavo Growers Inc,Nasdaq,News Pending,,
2026-05-27,19:50:00,AMWD,American Woodmark Corp,Nasdaq,News Pending,,
2026-05-27,19:50:00,RPGL,Republic Power Group Limited Class A Ordinary Shares,Nasdaq,News Pending,2026-05-28,09:00:00
2026-05-27,19:50:00,RPGL,Republic Power Group Limited Class A Ordinary Shares,Nasdaq,News Pending,,
2026-05-27,19:50:00,BIS,ProShares UltraShort NASDAQ Biotechnology,Nasdaq,News Pending,2026-05-28,09:00:00
2026-05-27,19:50:00,BIS,ProShares UltraShort NASDAQ Biotechnology,Nasdaq,News Pending,,
2026-05-27,14:52:44,STLU,2x Stellar ETF,Cboe BZX,LULD Pause,2026-05-27,14:57:44
2026-05-27,14:19:25,RYOJ,"""rYojbaba Co., Ltd. Common Shares""",Nasdaq,LULD Pause,2026-05-27,14:24:25
2026-05-27,14:18:49,DTSQU,DT Cloud Star Acquisition Corporation Units,Nasdaq,LULD Pause,2026-05-27,14:23:49
2026-05-27,13:58:05,RYOJ,"""rYojbaba Co., Ltd. Common Shares""",Nasdaq,LULD Pause,2026-05-27,14:03:05
2026-05-27,13:51:36,MB,MasterBeef Group Ordinary Shares,Nasdaq,LULD Pause,2026-05-27,13:56:36
2026-05-27,13:48:58,RYOJ,"""rYojbaba Co., Ltd. Common Shares""",Nasdaq,LULD Pause,2026-05-27,13:53:58
2026-05-27,13:42:06,RYOJ,"""rYojbaba Co., Ltd. Common Shares""",Nasdaq,LULD Pause,2026-05-27,13:47:06
2026-05-27,13:31:35,RYOJ,"""rYojbaba Co., Ltd. Common Shares""",Nasdaq,LULD Pause,2026-05-27,13:41:35
2026-05-27,13:20:35,RYOJ,"""rYojbaba Co., Ltd. Common Shares""",Nasdaq,LULD Pause,2026-05-27,13:31:14
2026-05-27,13:01:29,HTCO,High-Trend International Group Class A Ordinary Shares,Nasdaq,LULD Pause,2026-05-27,13:11:30
2026-05-27,12:55:17,TOPP,Toppoint Holdings Inc.,NYSE American,LULD Pause,2026-05-27,13:05:17
2026-05-27,12:52:37,RCT,RedCloud Holdings plc Ordinary Shares,Nasdaq,LULD Pause,2026-05-27,12:57:37
2026-05-27,12:50:35,HTCO,High-Trend International Group Class A Ordinary Shares,Nasdaq,LULD Pause,2026-05-27,12:55:35
2026-05-27,12:43:57,HTCO,High-Trend International Group Class A Ordinary Shares,Nasdaq,LULD Pause,2026-05-27,12:48:57
2026-05-27,12:33:05,HTCO,High-Trend International Group Class A Ordinary Shares,Nasdaq,LULD Pause,2026-05-27,12:38:05
2026-05-27,12:11:40,HOTH,"""Hoth Therapeutics, Inc. Common Stock""",Nasdaq,LULD Pause,2026-05-27,12:16:40
2026-05-27,11:58:40,PWRL,Powerlaw Corp. Common Stock,Nasdaq,LULD Pause,2026-05-27,12:03:40
2026-05-27,11:51:14,HSPT,Horizon Space Acquisition II Corp. Ordinary share,Nasdaq,LULD Pause,2026-05-27,12:01:14
2026-05-27,11:43:42,HSPT,Horizon Space Acquisition II Corp. Ordinary share,Nasdaq,LULD Pause,2026-05-27,11:48:42
2026-05-27,11:42:45,ASTC,Astrotech Corporation (DE) Common Stock,Nasdaq,LULD Pause,2026-05-27,11:47:45
2026-05-27,11:38:04,PWRL,Powerlaw Corp. Common Stock,Nasdaq,LULD Pause,2026-05-27,11:43:04
2026-05-27,11:33:01,PCLA,PicoCELA Inc. American Depositary Shares,Nasdaq,LULD Pause,2026-05-27,11:43:18
2026-05-27,11:21:44,STLR,Stellar ETF,Cboe BZX,LULD Pause,2026-05-27,11:26:44
2026-05-27,10:57:32,ATIIU,Archimedes Tech SPAC Partners II Co. Unit,Nasdaq,LULD Pause,2026-05-27,11:02:32
2026-05-27,10:57:00,KPET U,"""KPET Ultra Paceline Corporation Units, each consisting of one Class A Ordinary Share and one-sixth of one Warrant""",NYSE,LULD Pause,2026-05-27,11:03:07
2026-05-27,10:54:51,CODX,"""Co-Diagnostics, Inc. Common Stock""",Nasdaq,LULD Pause,2026-05-27,11:04:51
2026-05-27,10:47:33,ASTC,Astrotech Corporation (DE) Common Stock,Nasdaq,LULD Pause,2026-05-27,10:57:33
2026-05-27,10:10:52,CODX,"""Co-Diagnostics, Inc. Common Stock""",Nasdaq,LULD Pause,2026-05-27,10:15:52
2026-05-27,10:05:13,CODX,"""Co-Diagnostics, Inc. Common Stock""",Nasdaq,LULD Pause,2026-05-27,10:10:13
2026-05-27,09:59:51,CODX,"""Co-Diagnostics, Inc. Common Stock""",Nasdaq,LULD Pause,2026-05-27,10:04:51
2026-05-27,09:58:16,EDRY,EuroDry Ltd. Common Shares,Nasdaq,LULD Pause,2026-05-27,10:03:16
2026-05-27,09:53:38,TDACU,Translational Development Acquisition Corp. Units,Nasdaq,LULD Pause,2026-05-27,09:58:38
2026-05-27,09:50:23,CCAQU,Collective Acquisition Corp. Units,Nasdaq,LULD Pause,2026-05-27,09:55:23
2026-05-27,09:43:49,HSPT,Horizon Space Acquisition II Corp. Ordinary share,Nasdaq,LULD Pause,2026-05-27,09:48:49
2026-05-27,09:34:25,DGZ,"""DB Gold Short ETN due February 15, 2038""",NYSE Arca,LULD Pause,2026-05-27,09:44:25
2026-05-27,09:32:07,VRRM,Verra Mobility Corporation Class A Common Stock,Nasdaq,LULD Pause,2026-05-27,09:37:07
2026-05-27,09:32:04,QTTB,Q32 Bio Inc. Common Stock,Nasdaq,LULD Pause,2026-05-27,09:37:04
2026-05-27,09:31:21,BIO B,"""Bio-Rad Laboratories, Inc. Class B""",NYSE,LULD Pause,2026-05-27,09:36:46
2026-05-27,09:31:19,RW,Rainwater Equity ETF,NYSE Arca,LULD Pause,2026-05-27,09:36:19
2026-05-27,09:02:52,VRE,"""Veris Residential, Inc.""",NYSE,Merger Effective,,
2026-05-27,07:25:00,MNRO,"""Monro, Inc. Common Stock""",Nasdaq,News Pending,2026-05-27,07:50:00
2026-05-27,06:56:31,TDACW,Translational Development Acquisition Corp. Warrants,Nasdaq,News Pending,2026-05-27,07:25:00
2026-05-27,06:56:31,TDACU,Translational Development Acquisition Corp. Units,Nasdaq,News Pending,2026-05-27,07:25:00
2026-05-27,06:56:31,TDAC,Translational Development Acquisition Corp. Ordinary Shares,Nasdaq,News Pending,2026-05-27,07:20:00
2026-05-26,19:50:00,CUPR,Cuprina Holdings (Cayman) Limited Class A Ordinary Shares,Nasdaq,News Pending,2026-05-27,09:00:00
2026-05-26,19:50:00,CUPR,Cuprina Holdings (Cayman) Limited Class A Ordinary Shares,Nasdaq,News Pending,,
2026-05-26,19:50:00,SDOT,Sadot Group Inc. Common Stock,Nasdaq,News Pending,2026-05-27,09:00:00
2026-05-26,19:50:00,SDOT,Sadot Group Inc. Common Stock,Nasdaq,News Pending,,
2026-05-26,15:52:52,JLHL,Julong Holding Limited Class A Ordinary Shares,Nasdaq,LULD Pause,2026-05-26,16:00:00
2026-05-26,15:52:31,PCLA,PicoCELA Inc. American Depositary Shares,Nasdaq,LULD Pause,2026-05-26,16:00:00
2026-05-26,15:45:11,BIO B,"""Bio-Rad Laboratories, Inc. Class B""",NYSE,LULD Pause,2026-05-26,16:07:42
2026-05-26,15:34:34,PCLA,PicoCELA Inc. American Depositary Shares,Nasdaq,LULD Pause,2026-05-26,15:44:34
2026-05-26,15:24:13,PCLA,PicoCELA Inc. American Depositary Shares,Nasdaq,LULD Pause,2026-05-26,15:34:17
2026-05-26,15:18:49,PCLA,PicoCELA Inc. American Depositary Shares,Nasdaq,LULD Pause,2026-05-26,15:23:49
2026-05-26,14:32:45,LUNL,Defiance Daily Target 2X Long LUNR ETF,Cboe BZX,ETF Component Prices Not Available,2026-05-26,14:57:50
2026-05-26,14:32:45,LUNR,"""Intuitive Machines, Inc. Class A Common Stock""",Nasdaq,LULD Pause,2026-05-26,14:42:45
2026-05-26,13:48:41,ATIIU,Archimedes Tech SPAC Partners II Co. Unit,Nasdaq,LULD Pause,2026-05-26,14:48:22
2026-05-26,13:41:32,ATIIU,Archimedes Tech SPAC Partners II Co. Unit,Nasdaq,LULD Pause,2026-05-26,13:46:32
2026-05-26,11:43:37,BLCN,Siren ETF Trust Siren NexGen Economy ETF,Nasdaq,LULD Pause,2026-05-26,11:48:37
2026-05-26,11:17:53,AKTX,Akari Therapeutics plc ADR (0.01 USD),Nasdaq,LULD Pause,2026-05-26,11:22:53
2026-05-26,10:36:37,BRAI,Braiin Limited Common Stock,Nasdaq,LULD Pause,2026-05-26,10:41:37
2026-05-26,10:29:06,HSPT,Horizon Space Acquisition II Corp. Ordinary share,Nasdaq,LULD Pause,2026-05-26,10:34:06
2026-05-26,10:14:17,BRAI,Braiin Limited Common Stock,Nasdaq,LULD Pause,2026-05-26,10:19:17
2026-05-26,10:10:53,SPEGU,Silver Pegasus Acquisition Corp Unit,Nasdaq,LULD Pause,2026-05-26,10:15:53
2026-05-26,10:07:43,BRAI,Braiin Limited Common Stock,Nasdaq,LULD Pause,2026-05-26,10:12:43
2026-05-26,10:04:19,YMAT,"""J-Star Holding Co., Ltd. Class A Ordinary Shares""",Nasdaq,LULD Pause,2026-05-26,10:09:19
2026-05-26,10:00:37,AKTX,Akari Therapeutics plc ADR (0.01 USD),Nasdaq,LULD Pause,2026-05-26,10:05:37
2026-05-26,09:57:01,BRAI,Braiin Limited Common Stock,Nasdaq,LULD Pause,2026-05-26,10:07:01
2026-05-26,09:55:19,AKTX,Akari Therapeutics plc ADR (0.01 USD),Nasdaq,LULD Pause,2026-05-26,10:00:19
2026-05-26,09:51:50,LBTYB,Liberty Global Ltd. Class B Common Shares,Nasdaq,LULD Pause,2026-05-26,10:01:50
2026-05-26,09:49:50,AKTX,Akari Therapeutics plc ADR (0.01 USD),Nasdaq,LULD Pause,2026-05-26,09:54:50
2026-05-26,09:47:51,BRAI,Braiin Limited Common Stock,Nasdaq,LULD Pause,2026-05-26,09:52:51
2026-05-26,09:45:43,JG,Aurora Mobile Limited American Depositary Shares,Nasdaq,LULD Pause,2026-05-26,09:50:43
2026-05-26,09:34:10,CPSH,CPS Technologies Corp. Common Stock,Nasdaq,LULD Pause,2026-05-26,09:44:10
2026-05-26,09:33:29,YMAT,"""J-Star Holding Co., Ltd. Class A Ordinary Shares""",Nasdaq,LULD Pause,2026-05-26,09:38:29
2026-05-26,09:31:15,RW,Rainwater Equity ETF,NYSE Arca,LULD Pause,2026-05-26,09:36:15
2026-05-26,09:30:57,AKTX,Akari Therapeutics plc ADR (0.01 USD),Nasdaq,LULD Pause,2026-05-26,09:35:57
2026-05-26,09:30:43,EDIT,"""Editas Medicine, Inc. Common Stock""",Nasdaq,LULD Pause,2026-05-26,09:35:43
2026-05-26,09:30:17,BBCQU,Bleichroeder Acquisition Corp. II Units,Nasdaq,LULD Pause,2026-05-26,09:35:17
2026-05-26,09:30:17,ATIIU,Archimedes Tech SPAC Partners II Co. Unit,Nasdaq,LULD Pause,2026-05-26,13:41:17
2026-05-26,07:02:52,AXINU,Axiom Intelligence Acquisition Corp 1 Units,Nasdaq,News Pending,2026-05-26,07:55:00
2026-05-26,07:02:52,AXINR,Axiom Intelligence Acquisition Corp 1 Right,Nasdaq,News Pending,2026-05-26,07:55:00
2026-05-26,07:02:52,AXIN,Axiom Intelligence Acquisition Corp 1 Class A Ordinary Shares,Nasdaq,News Pending,2026-05-26,07:50:00
2026-05-22,19:50:00,PRTS,"""CarParts.com, Inc. Common Stock""",Nasdaq,News Pending,2026-05-26,09:00:00
2026-05-22,19:50:00,PRTS,"""CarParts.com, Inc. Common Stock""",Nasdaq,News Pending,,
2026-05-22,19:50:00,WGRX,"""Wellgistics Health, Inc. Common Stock""",Nasdaq,News Pending,,
2026-05-22,19:50:00,WGRX,"""Wellgistics Health, Inc. Common Stock""",Nasdaq,News Pending,2026-05-26,09:00:00
2026-05-22,19:50:00,VSA,VisionSys AI Inc American Depositary Shares,Nasdaq,News Pending,2026-05-26,09:00:00
2026-05-22,19:50:00,VSA,VisionSys AI Inc American Depositary Shares,Nasdaq,News Pending,,
2026-05-22,16:05:00,USGOW,U.S. GoldMining Inc. Warrant,Nasdaq,News Pending,,
2026-05-22,15:52:33,DGZ,"""DB Gold Short ETN due February 15, 2038""",NYSE Arca,LULD Pause,2026-05-22,16:00:00
2026-05-22,15:33:34,AKTX,Akari Therapeutics plc ADR (0.01 USD),Nasdaq,LULD Pause,2026-05-22,15:38:34
2026-05-22,15:30:27,GIGGU,GigCapital7 Corp. Unit,Nasdaq,LULD Pause,2026-05-22,16:00:00
2026-05-22,15:18:54,AKTX,Akari Therapeutics plc ADR (0.01 USD),Nasdaq,LULD Pause,2026-05-22,15:29:07
2026-05-22,15:14:55,GIGGU,GigCapital7 Corp. Unit,Nasdaq,LULD Pause,2026-05-22,15:24:55
2026-05-22,15:14:45,TPFI,Timothy Plan Fixed Income ETF,NYSE Arca,LULD Pause,2026-05-22,15:19:45
2026-05-22,15:13:14,AKTX,Akari Therapeutics plc ADR (0.01 USD),Nasdaq,LULD Pause,2026-05-22,15:18:14
2026-05-22,14:40:50,GIGGU,GigCapital7 Corp. Unit,Nasdaq,LULD Pause,2026-05-22,14:55:51
2026-05-22,14:20:53,QTEX,QTREX Quantum Ltd. Ordinary Shares,Nasdaq,LULD Pause,2026-05-22,14:25:53
2026-05-22,14:06:27,GIGGU,GigCapital7 Corp. Unit,Nasdaq,LULD Pause,2026-05-22,14:11:27
2026-05-22,13:56:31,HSPT,Horizon Space Acquisition II Corp. Ordinary share,Nasdaq,LULD Pause,2026-05-22,14:06:32
2026-05-22,13:51:49,AKTX,Akari Therapeutics plc ADR (0.01 USD),Nasdaq,LULD Pause,2026-05-22,13:56:49
2026-05-22,13:48:25,GIGGU,GigCapital7 Corp. Unit,Nasdaq,LULD Pause,2026-05-22,13:58:26
2026-05-22,13:42:19,AKTX,Akari Therapeutics plc ADR (0.01 USD),Nasdaq,LULD Pause,2026-05-22,13:47:19
2026-05-22,13:04:29,GIGGU,GigCapital7 Corp. Unit,Nasdaq,LULD Pause,2026-05-22,13:09:29
2026-05-22,12:27:05,GIGGU,GigCapital7 Corp. Unit,Nasdaq,LULD Pause,2026-05-22,12:37:05
2026-05-22,12:15:58,GIGGU,GigCapital7 Corp. Unit,Nasdaq,LULD Pause,2026-05-22,12:25:58
2026-05-22,12:14:02,RYOJ,"""rYojbaba Co., Ltd. Common Shares""",Nasdaq,LULD Pause,2026-05-22,12:19:02
2026-05-22,12:10:41,GIGGU,GigCapital7 Corp. Unit,Nasdaq,LULD Pause,2026-05-22,12:15:41
2026-05-22,12:03:53,RYOJ,"""rYojbaba Co., Ltd. Common Shares""",Nasdaq,LULD Pause,2026-05-22,12:08:53
2026-05-22,12:00:25,GIGGU,GigCapital7 Corp. Unit,Nasdaq,LULD Pause,2026-05-22,12:10:25
2026-05-22,11:51:39,GIGGU,GigCapital7 Corp. Unit,Nasdaq,LULD Pause,2026-05-22,11:56:39
2026-05-22,11:34:33,DSY,Big Tree Cloud Holdings Limited Class A Ordinary Shares,Nasdaq,LULD Pause,2026-05-22,11:44:34
2026-05-22,11:25:22,GIGGU,GigCapital7 Corp. Unit,Nasdaq,LULD Pause,2026-05-22,11:30:22
2026-05-22,11:09:41,GIGGU,GigCapital7 Corp. Unit,Nasdaq,LULD Pause,2026-05-22,11:19:41
2026-05-22,11:03:45,JG,Aurora Mobile Limited American Depositary Shares,Nasdaq,LULD Pause,2026-05-22,11:08:45
2026-05-22,10:53:52,GITS,"""Global Interactive Technologies, Inc. Common Stock""",Nasdaq,LULD Pause,2026-05-22,10:58:52
2026-05-22,10:50:55,GIGGU,GigCapital7 Corp. Unit,Nasdaq,LULD Pause,2026-05-22,11:00:55
2026-05-22,10:40:24,GIGGU,GigCapital7 Corp. Unit,Nasdaq,LULD Pause,2026-05-22,10:50:24
2026-05-22,10:25:47,GIGGU,GigCapital7 Corp. Unit,Nasdaq,LULD Pause,2026-05-22,10:35:47
2026-05-22,10:21:15,PHGE,BiomX Inc.,NYSE American,LULD Pause,2026-05-22,10:26:15
2026-05-22,10:20:03,GIGGU,GigCapital7 Corp. Unit,Nasdaq,LULD Pause,2026-05-22,10:25:03
2026-05-22,10:17:40,WHLRP,"""Wheeler Real Estate Investment Trust, Inc. Preferred Stock""",Nasdaq,LULD Pause,2026-05-22,10:27:40
2026-05-22,10:08:15,GIGGU,GigCapital7 Corp. Unit,Nasdaq,LULD Pause,2026-05-22,10:18:15
2026-05-22,10:02:46,SVRN,OceanPal Inc. Common Stock,Nasdaq,LULD Pause,2026-05-22,10:12:46
2026-05-22,10:00:50,JLHL,Julong Holding Limited Class A Ordinary Shares,Nasdaq,LULD Pause,2026-05-22,10:05:50
2026-05-22,09:55:42,SONM,"""DNA X, Inc. Common Stock""",Nasdaq,LULD Pause,2026-05-22,10:00:42
2026-05-22,09:39:53,MOVE,"""Corvex, Inc. Common Stock""",Nasdaq,LULD Pause,2026-05-22,09:44:53
2026-05-22,09:39:03,SVRN,OceanPal Inc. Common Stock,Nasdaq,LULD Pause,2026-05-22,09:44:03
2026-05-22,09:36:04,AIDX,"""20/20 Biolabs, Inc. Common Stock""",Nasdaq,LULD Pause,2026-05-22,09:41:04
2026-05-22,09:33:34,PLSM,Pulsenmore Ltd. Ordinary Shares,Nasdaq,LULD Pause,2026-05-22,09:43:34
2026-05-22,09:31:53,GIGGU,GigCapital7 Corp. Unit,Nasdaq,LULD Pause,2026-05-22,10:06:53
2026-05-22,09:30:21,OCTVV,Octave Intelligence plc Class B Ordinary Shares When Issued,Nasdaq,LULD Pause,2026-05-22,09:35:21
2026-05-22,09:30:17,JLHL,Julong Holding Limited Class A Ordinary Shares,Nasdaq,LULD Pause,2026-05-22,10:00:18
2026-05-22,08:55:00,AGAE,Allied Gaming & Entertainment Inc. Common Stock,Nasdaq,News Pending,2026-05-22,09:50:00
2026-05-21,19:50:00,NAKA,Nakamoto Inc. Common Stock,Nasdaq,News Pending,2026-05-22,09:00:00
2026-05-21,19:50:00,NAKA,Nakamoto Inc. Common Stock,Nasdaq,News Pending,,
2026-05-21,19:50:00,LNAI,Lunai Bioworks Inc. Common Stock,Nasdaq,News Pending,2026-05-22,09:00:00
2026-05-21,19:50:00,LNAI,Lunai Bioworks Inc. Common Stock,Nasdaq,News Pending,,
2026-05-21,19:50:00,UBXG,U-BX Technology Ltd. Class A Ordinary Shares,Nasdaq,News Pending,,
2026-05-21,19:50:00,UBXG,U-BX Technology Ltd. Class A Ordinary Shares,Nasdaq,News Pending,2026-05-22,09:00:00
2026-05-21,19:50:00,LZMH,LZ Technology Holdings Limited Class B Ordinary Shares,Nasdaq,News Pending,2026-05-22,09:00:00
2026-05-21,19:50:00,LZMH,LZ Technology Holdings Limited Class B Ordinary Shares,Nasdaq,News Pending,,
2026-05-21,19:50:00,IPW,"""iPower, Inc. Common Stock""",Nasdaq,News Pending,2026-05-22,09:00:00
2026-05-21,19:50:00,IPW,"""iPower, Inc. Common Stock""",Nasdaq,News Pending,,
2026-05-21,17:55:00,DNLI,Denali Therapeutics Inc. Common Stock,Nasdaq,News Pending,2026-05-21,18:35:00
2026-05-21,15:51:10,GIGGU,GigCapital7 Corp. Unit,Nasdaq,LULD Pause,2026-05-21,16:00:00
2026-05-21,15:32:36,GIGGU,GigCapital7 Corp. Unit,Nasdaq,LULD Pause,2026-05-21,15:42:37
2026-05-21,15:31:03,NYC,American Strategic Investment Co.,NYSE,LULD Pause,2026-05-21,15:37:12
2026-05-21,15:21:18,GIGGU,GigCapital7 Corp. Unit,Nasdaq,LULD Pause,2026-05-21,15:31:19
2026-05-21,15:10:33,GIGGU,GigCapital7 Corp. Unit,Nasdaq,LULD Pause,2026-05-21,15:20:33
2026-05-21,14:59:02,MKDW,MKDWELL Tech Inc. Ordinary Share,Nasdaq,LULD Pause,2026-05-21,15:09:14
2026-05-21,14:57:27,GIGGU,GigCapital7 Corp. Unit,Nasdaq,LULD Pause,2026-05-21,15:07:27
2026-05-21,14:49:00,MKDW,MKDWELL Tech Inc. Ordinary Share,Nasdaq,LULD Pause,2026-05-21,14:54:00
2026-05-21,14:46:29,GIGGU,GigCapital7 Corp. Unit,Nasdaq,LULD Pause,2026-05-21,14:51:29
2026-05-21,14:40:48,MKDW,MKDWELL Tech Inc. Ordinary Share,Nasdaq,LULD Pause,2026-05-21,14:45:48
2026-05-21,14:32:40,GIGGU,GigCapital7 Corp. Unit,Nasdaq,LULD Pause,2026-05-21,14:42:56
2026-05-21,14:32:40,SUGP,SU Group Holdings Limited Class A Ordinary Shares,Nasdaq,LULD Pause,2026-05-21,14:37:40
2026-05-21,14:07:41,GIGGU,GigCapital7 Corp. Unit,Nasdaq,LULD Pause,2026-05-21,14:17:41
2026-05-21,13:47:47,GIGGU,GigCapital7 Corp. Unit,Nasdaq,LULD Pause,2026-05-21,13:52:47
2026-05-21,13:47:21,SUGP,SU Group Holdings Limited Class A Ordinary Shares,Nasdaq,LULD Pause,2026-05-21,13:57:21
2026-05-21,13:41:32,VIDA,VIDA Global Inc.,NYSE American,LULD Pause,2026-05-21,13:46:32
2026-05-21,13:36:02,SUGP,SU Group Holdings Limited Class A Ordinary Shares,Nasdaq,LULD Pause,2026-05-21,13:46:02
2026-05-21,13:34:45,GIGGU,GigCapital7 Corp. Unit,Nasdaq,LULD Pause,2026-05-21,13:39:45
2026-05-21,13:22:54,GIGGU,GigCapital7 Corp. Unit,Nasdaq,LULD Pause,2026-05-21,13:32:54
2026-05-21,13:12:13,STLA,Stellantis N.V.,NYSE,News Pending,2026-05-21,13:40:43
2026-05-21,13:02:05,GIGGU,GigCapital7 Corp. Unit,Nasdaq,LULD Pause,2026-05-21,13:17:06
2026-05-21,12:56:10,GIGGU,GigCapital7 Corp. Unit,Nasdaq,LULD Pause,2026-05-21,13:01:10
2026-05-21,12:29:19,EHLD,Euroholdings Ltd. Common Stock,Nasdaq,LULD Pause,2026-05-21,12:34:19
2026-05-21,12:02:29,GIGGU,GigCapital7 Corp. Unit,Nasdaq,LULD Pause,2026-05-21,12:54:58
2026-05-21,12:01:41,EHLD,Euroholdings Ltd. Common Stock,Nasdaq,LULD Pause,2026-05-21,12:24:38
2026-05-21,12:01:33,MGRT,Mega Fortune Company Limited Ordinary Shares,Nasdaq,LULD Pause,2026-05-21,12:06:33
2026-05-21,11:51:06,HCAI,"""Huachen AI Parking Management Technology Holding Co., Ltd. Ordinary Shares""",Nasdaq,LULD Pause,2026-05-21,12:03:12
2026-05-21,11:45:16,GIGGU,GigCapital7 Corp. Unit,Nasdaq,LULD Pause,2026-05-21,12:02:04
2026-05-21,11:41:25,DBGI,"""Digital Brands Group, Inc. Common Stock""",Nasdaq,LULD Pause,2026-05-21,11:46:25
2026-05-21,11:28:20,GIGGU,GigCapital7 Corp. Unit,Nasdaq,LULD Pause,2026-05-21,11:44:30
2026-05-21,11:17:52,GIGGU,GigCapital7 Corp. Unit,Nasdaq,LULD Pause,2026-05-21,11:27:53
2026-05-21,11:05:30,SVRN,OceanPal Inc. Common Stock,Nasdaq,LULD Pause,2026-05-21,11:10:30
2026-05-21,10:55:15,GIGGU,GigCapital7 Corp. Unit,Nasdaq,LULD Pause,2026-05-21,11:11:55
2026-05-21,10:45:47,BLCN,Siren ETF Trust Siren NexGen Economy ETF,Nasdaq,LULD Pause,2026-05-21,10:50:47
2026-05-21,10:40:56,CNXU,Conexeu Sciences Inc. Common Stock,Nasdaq,LULD Pause,2026-05-21,10:50:56
2026-05-21,10:38:08,GIGGU,GigCapital7 Corp. Unit,Nasdaq,LULD Pause,2026-05-21,10:43:08
2026-05-21,10:32:28,CNXU,Conexeu Sciences Inc. Common Stock,Nasdaq,LULD Pause,2026-05-21,10:37:28
2026-05-21,10:22:41,GIGGU,GigCapital7 Corp. Unit,Nasdaq,LULD Pause,2026-05-21,10:27:41
2026-05-21,10:22:12,OCTVV,Octave Intelligence plc Class B Ordinary Shares When Issued,Nasdaq,LULD Pause,2026-05-21,10:27:12
2026-05-21,10:18:57,NIVF,NewGenIvf Group Limited Class A ordinary shares,Nasdaq,LULD Pause,2026-05-21,10:23:57
2026-05-21,10:09:13,NIVF,NewGenIvf Group Limited Class A ordinary shares,Nasdaq,LULD Pause,2026-05-21,10:14:13
2026-05-21,10:03:34,NIVF,NewGenIvf Group Limited Class A ordinary shares,Nasdaq,LULD Pause,2026-05-21,10:08:34
2026-05-21,09:54:56,HCWB,HCW Biologics Inc. Common Stock,Nasdaq,LULD Pause,2026-05-21,09:59:56
2026-05-21,09:49:27,NIVF,NewGenIvf Group Limited Class A ordinary shares,Nasdaq,LULD Pause,2026-05-21,09:54:27
2026-05-21,09:43:17,RITA,ETFB Green SRI REITs ETF,NYSE Arca,LULD Pause,2026-05-21,09:48:17
2026-05-21,09:42:30,QUCY,Quantum Cyber N.V. Ordinary Shares,Nasdaq,LULD Pause,2026-05-21,09:47:30
2026-05-21,09:41:10,AIAI,AIAI Holdings Corporation Class A Common Stock,Nasdaq,LULD Pause,2026-05-21,09:46:10
2026-05-21,09:35:45,AIAI,AIAI Holdings Corporation Class A Common Stock,Nasdaq,LULD Pause,2026-05-21,09:40:45
2026-05-21,09:35:04,QUCY,Quantum Cyber N.V. Ordinary Shares,Nasdaq,LULD Pause,2026-05-21,09:40:04
2026-05-21,09:34:26,JEM,707 Cayman Holdings Limited Ordinary Shares,Nasdaq,LULD Pause,2026-05-21,09:39:26
2026-05-21,09:32:13,JAGX,"""Jaguar Health, Inc.""",Nasdaq,LULD Pause,2026-05-21,09:37:13
2026-05-21,09:31:32,AMSS,AMASS Brands Inc. Common Stock,Nasdaq,LULD Pause,2026-05-21,09:36:32
2026-05-21,09:31:03,AIIO,Robo.ai Inc. Class B Ordinary Shares,Nasdaq,LULD Pause,2026-05-21,09:36:03
2026-05-21,09:30:28,AIAI,AIAI Holdings Corporation Class A Common Stock,Nasdaq,LULD Pause,2026-05-21,09:35:28
2026-05-20,19:50:00,HAO,Haoxi Health Technology Limited Class A Ordinary Shares,Nasdaq,News Pending,,
2026-05-20,19:50:00,HAO,Haoxi Health Technology Limited Class A Ordinary Shares,Nasdaq,News Pending,2026-05-21,09:00:00
2026-05-20,19:50:00,ONCO,"""Onconetix, Inc. Common Stock""",Nasdaq,News Pending,2026-05-21,09:00:00
2026-05-20,19:50:00,ONCO,"""Onconetix, Inc. Common Stock""",Nasdaq,News Pending,,
2026-05-20,19:50:00,CMND,Clearmind Medicine Inc. Common Shares,Nasdaq,News Pending,2026-05-21,09:00:00
2026-05-20,19:50:00,CMND,Clearmind Medicine Inc. Common Shares,Nasdaq,News Pending,,
2026-05-20,15:53:31,DGZ,"""DB Gold Short ETN due February 15, 2038""",NYSE Arca,LULD Pause,2026-05-20,16:00:00
2026-05-20,14:57:44,AIM,AIM ImmunoTech Inc.,NYSE American,News Pending,2026-05-20,15:20:00
2026-05-20,14:17:52,GIGGU,GigCapital7 Corp. Unit,Nasdaq,LULD Pause,2026-05-20,14:27:53
2026-05-20,14:17:20,HSPTU,Horizon Space Acquisition II Corp. Units,Nasdaq,LULD Pause,2026-05-20,14:22:20
2026-05-20,14:01:22,HSPTU,Horizon Space Acquisition II Corp. Units,Nasdaq,LULD Pause,2026-05-20,14:06:22
2026-05-20,13:51:33,HSPTU,Horizon Space Acquisition II Corp. Units,Nasdaq,LULD Pause,2026-05-20,13:56:33
2026-05-20,13:25:42,KVACU,Keen Vision Acquisition Corporation Units,Nasdaq,LULD Pause,2026-05-20,13:30:42
2026-05-20,12:56:32,GIGGU,GigCapital7 Corp. Unit,Nasdaq,LULD Pause,2026-05-20,13:06:32
2026-05-20,12:55:54,STFS,Star Fashion Culture Holdings Limited Class A Ordinary Shares,Nasdaq,LULD Pause,2026-05-20,13:00:54
2026-05-20,12:54:58,HSPTU,Horizon Space Acquisition II Corp. Units,Nasdaq,LULD Pause,2026-05-20,12:59:58
2026-05-20,12:54:36,ATIIU,Archimedes Tech SPAC Partners II Co. Unit,Nasdaq,LULD Pause,2026-05-20,12:59:36
2026-05-20,12:45:21,WTO,UTime Limited Class A Ordinary Shares,Nasdaq,LULD Pause,2026-05-20,12:50:21
2026-05-20,12:40:14,WNW,Meiwu Technology Company Limited Ordinary Shares,Nasdaq,LULD Pause,2026-05-20,12:45:14
2026-05-20,12:02:47,SVRN,OceanPal Inc. Common Stock,Nasdaq,LULD Pause,2026-05-20,12:07:47
2026-05-20,11:56:44,RDACU,Rising Dragon Acquisition Corp. Unit,Nasdaq,LULD Pause,2026-05-20,12:01:44
2026-05-20,11:24:33,AMSS,AMASS Brands Inc. Common Stock,Nasdaq,LULD Pause,2026-05-20,11:35:01
2026-05-20,11:10:19,AMSS,AMASS Brands Inc. Common Stock,Nasdaq,LULD Pause,2026-05-20,11:23:02
2026-05-20,10:49:02,HCWB,HCW Biologics Inc. Common Stock,Nasdaq,LULD Pause,2026-05-20,10:54:02
2026-05-20,10:26:38,AKAN,Akanda Corp. Common Shares,Nasdaq,LULD Pause,2026-05-20,10:31:38
2026-05-20,10:13:30,AKAN,Akanda Corp. Common Shares,Nasdaq,LULD Pause,2026-05-20,10:23:35
2026-05-20,10:13:15,HCWB,HCW Biologics Inc. Common Stock,Nasdaq,LULD Pause,2026-05-20,10:18:15
2026-05-20,10:06:38,MWC,"""Micware Co., Ltd. American Depositary Shares""",Nasdaq,LULD Pause,2026-05-20,10:11:38
2026-05-20,10:04:37,OPTH,Optimi Health Corp. Common Shares,Nasdaq,LULD Pause,2026-05-20,10:09:37
2026-05-20,10:00:13,JYD,Jayud Global Logistics Limited Class A Ordinary Shares,Nasdaq,LULD Pause,2026-05-20,10:10:13
2026-05-20,09:51:34,MWC,"""Micware Co., Ltd. American Depositary Shares""",Nasdaq,LULD Pause,2026-05-20,09:56:34
2026-05-20,09:48:56,JYD,Jayud Global Logistics Limited Class A Ordinary Shares,Nasdaq,LULD Pause,2026-05-20,09:53:56
2026-05-20,09:46:10,LICN,Lichen China Limited Class A Ordinary Shares,Nasdaq,LULD Pause,2026-05-20,09:51:10
2026-05-20,09:43:40,JYD,Jayud Global Logistics Limited Class A Ordinary Shares,Nasdaq,LULD Pause,2026-05-20,09:48:40
2026-05-20,09:43:05,UZX,Linkage Global Inc Class A Ordinary Shares,Nasdaq,LULD Pause,2026-05-20,09:48:05
2026-05-20,09:40:35,LICN,Lichen China Limited Class A Ordinary Shares,Nasdaq,LULD Pause,2026-05-20,09:45:35
2026-05-20,09:39:08,JEM,707 Cayman Holdings Limited Ordinary Shares,Nasdaq,LULD Pause,2026-05-20,09:44:08
2026-05-20,09:35:45,MODD,"""Modular Medical, Inc. Common Stock""",Nasdaq,LULD Pause,2026-05-20,09:40:45
2026-05-20,09:35:44,MWC,"""Micware Co., Ltd. American Depositary Shares""",Nasdaq,LULD Pause,2026-05-20,09:40:44
2026-05-20,09:33:21,JYD,Jayud Global Logistics Limited Class A Ordinary Shares,Nasdaq,LULD Pause,2026-05-20,09:43:22
2026-05-20,09:30:15,GIGGU,GigCapital7 Corp. Unit,Nasdaq,LULD Pause,2026-05-20,09:35:15
2026-05-19,15:20:06,JYD,Jayud Global Logistics Limited Class A Ordinary Shares,Nasdaq,LULD Pause,2026-05-19,16:00:00
2026-05-19,15:13:59,SPKLU,Spark I Acquisition Corp. Unit,Nasdaq,LULD Pause,2026-05-19,15:18:59
2026-05-19,15:09:51,JYD,Jayud Global Logistics Limited Class A Ordinary Shares,Nasdaq,LULD Pause,2026-05-19,15:19:51
2026-05-19,14:35:58,INM,InMed Pharmaceuticals Inc. Common Shares,Nasdaq,LULD Pause,2026-05-19,14:40:58
2026-05-19,14:05:22,CNEY,CN Energy Group Inc. Class A Ordinary Shares,Nasdaq,LULD Pause,2026-05-19,14:10:22
2026-05-19,13:59:50,CNEY,CN Energy Group Inc. Class A Ordinary Shares,Nasdaq,LULD Pause,2026-05-19,14:04:50
2026-05-19,13:40:03,CNEY,CN Energy Group Inc. Class A Ordinary Shares,Nasdaq,LULD Pause,2026-05-19,13:50:03
2026-05-19,12:52:27,SVRN,OceanPal Inc. Common Stock,Nasdaq,LULD Pause,2026-05-19,12:57:27
2026-05-19,12:29:09,LICN,Lichen China Limited Class A Ordinary Shares,Nasdaq,LULD Pause,2026-05-19,12:34:09
2026-05-19,11:48:47,LICN,Lichen China Limited Class A Ordinary Shares,Nasdaq,LULD Pause,2026-05-19,11:53:47
2026-05-19,11:48:47,INM,InMed Pharmaceuticals Inc. Common Shares,Nasdaq,LULD Pause,2026-05-19,11:53:47
2026-05-19,11:04:39,NOMA,NOMADAR Corp. Class A Common Stock,Nasdaq,LULD Pause,2026-05-19,11:09:39
2026-05-19,10:56:21,NOMA,NOMADAR Corp. Class A Common Stock,Nasdaq,LULD Pause,2026-05-19,11:01:21
2026-05-19,10:48:56,INM,InMed Pharmaceuticals Inc. Common Shares,Nasdaq,LULD Pause,2026-05-19,10:53:56
2026-05-19,10:44:07,CNF,"""CNFinance Holdings Limited American Depositary Shares, each representing two hundred (200) Ordinary Shares""",NYSE,LULD Pause,2026-05-19,10:49:07
2026-05-19,10:33:00,ZCMD,Zhongchao Inc. Class A Ordinary Shares,Nasdaq,LULD Pause,2026-05-19,10:43:00
2026-05-19,10:32:13,PHOE,Phoenix Asia Holdings Limited Ordinary Shares,Nasdaq,LULD Pause,2026-05-19,10:37:13
2026-05-19,10:19:10,INM,InMed Pharmaceuticals Inc. Common Shares,Nasdaq,LULD Pause,2026-05-19,10:24:10
2026-05-19,10:09:20,INM,InMed Pharmaceuticals Inc. Common Shares,Nasdaq,LULD Pause,2026-05-19,10:14:20
2026-05-19,10:02:55,PHOE,Phoenix Asia Holdings Limited Ordinary Shares,Nasdaq,LULD Pause,2026-05-19,10:12:55
2026-05-19,09:55:50,INM,InMed Pharmaceuticals Inc. Common Shares,Nasdaq,LULD Pause,2026-05-19,10:00:50
2026-05-19,09:52:17,GHTA,Goose Hollow Tactical Allocation ETF,Cboe BZX,LULD Pause,2026-05-19,09:57:17
2026-05-19,09:52:02,PHOE,Phoenix Asia Holdings Limited Ordinary Shares,Nasdaq,LULD Pause,2026-05-19,10:02:02
2026-05-19,09:51:07,PIII,P3 Health Partners Inc. Common Stock,Nasdaq,LULD Pause,2026-05-19,09:56:07
2026-05-19,09:46:40,PHOE,Phoenix Asia Holdings Limited Ordinary Shares,Nasdaq,LULD Pause,2026-05-19,09:51:40
2026-05-19,09:46:16,WNW,Meiwu Technology Company Limited Ordinary Shares,Nasdaq,LULD Pause,2026-05-19,09:51:16
2026-05-19,09:43:16,RHRX,RH Tactical Rotation ETF,NYSE Arca,LULD Pause,2026-05-19,09:48:16
2026-05-19,09:42:30,INM,InMed Pharmaceuticals Inc. Common Shares,Nasdaq,LULD Pause,2026-05-19,09:47:30
2026-05-19,09:40:37,WHLRP,"""Wheeler Real Estate Investment Trust, Inc. Preferred Stock""",Nasdaq,LULD Pause,2026-05-19,09:50:37
2026-05-19,09:40:11,PIII,P3 Health Partners Inc. Common Stock,Nasdaq,LULD Pause,2026-05-19,09:50:11
2026-05-19,09:36:40,NXPL,NextPlat Corp Common Stock,Nasdaq,LULD Pause,2026-05-19,09:41:40
2026-05-19,09:36:23,PHOE,Phoenix Asia Holdings Limited Ordinary Shares,Nasdaq,LULD Pause,2026-05-19,09:46:24
2026-05-19,09:33:40,INM,InMed Pharmaceuticals Inc. Common Shares,Nasdaq,LULD Pause,2026-05-19,09:38:40
2026-05-19,09:33:16,EDSA,"""Edesa Biotech, Inc. Common Shares""",Nasdaq,LULD Pause,2026-05-19,09:38:16
2026-05-19,09:32:03,PLUR,Pluri Inc. Common Stock,Nasdaq,LULD Pause,2026-05-19,09:37:03
2026-05-19,07:55:00,INM,InMed Pharmaceuticals Inc. Common Shares,Nasdaq,News Pending,2026-05-19,08:25:00
2026-05-18,19:50:00,MCW,"""Mister Car Wash, Inc.""",Nasdaq,News Pending,,
2026-05-18,19:50:00,NCI,Neo-Concept International Group Holdings Limited Class A Ordinary Shares,Nasdaq,News Pending,,
2026-05-18,19:50:00,NCI,Neo-Concept International Group Holdings Limited Class A Ordinary Shares,Nasdaq,News Pending,2026-05-19,09:00:00
2026-05-18,19:50:00,EZGO,EZGO Technologies Ltd. Ordinary Shares,Nasdaq,News Pending,2026-05-19,09:00:00
2026-05-18,19:50:00,EZGO,EZGO Technologies Ltd. Ordinary Shares,Nasdaq,News Pending,,
2026-05-18,16:34:09,DTSTW,Data Storage Corporation Warrant,Nasdaq,News Pending,,
2026-05-18,15:56:34,MI,NFT Limited,NYSE American,LULD Pause,2026-05-18,16:00:00
2026-05-18,14:49:28,NXTS,Nexentis Technologies Inc. Common Stock,Nasdaq,LULD Pause,2026-05-18,14:54:28
2026-05-18,13:25:32,MDBH,"""MDB Capital Holdings, LLC Class A common""",Nasdaq,LULD Pause,2026-05-18,13:30:32
2026-05-18,13:15:52,HCAI,"""Huachen AI Parking Management Technology Holding Co., Ltd. Ordinary Shares""",Nasdaq,LULD Pause,2026-05-18,13:20:52
2026-05-18,13:03:14,HCAI,"""Huachen AI Parking Management Technology Holding Co., Ltd. Ordinary Shares""",Nasdaq,LULD Pause,2026-05-18,13:08:14
2026-05-18,13:00:28,RIME,"""Algorhythm Holdings, Inc. Common Stock""",Nasdaq,LULD Pause,2026-05-18,13:05:28
2026-05-18,12:51:00,HCAI,"""Huachen AI Parking Management Technology Holding Co., Ltd. Ordinary Shares""",Nasdaq,LULD Pause,2026-05-18,12:56:00
2026-05-18,12:49:29,SBFM,Sunshine Biopharma Inc.,Nasdaq,LULD Pause,2026-05-18,12:54:29
2026-05-18,12:40:50,LICN,Lichen China Limited Class A Ordinary Shares,Nasdaq,LULD Pause,2026-05-18,12:45:50
2026-05-18,12:32:59,SBFM,Sunshine Biopharma Inc.,Nasdaq,LULD Pause,2026-05-18,12:37:59
2026-05-18,12:29:27,HCAI,"""Huachen AI Parking Management Technology Holding Co., Ltd. Ordinary Shares""",Nasdaq,LULD Pause,2026-05-18,12:49:28
2026-05-18,12:22:31,SBFM,Sunshine Biopharma Inc.,Nasdaq,LULD Pause,2026-05-18,12:32:31
2026-05-18,12:19:12,HCAI,"""Huachen AI Parking Management Technology Holding Co., Ltd. Ordinary Shares""",Nasdaq,LULD Pause,2026-05-18,12:29:12
2026-05-18,12:18:17,CTEV,Claritev Corporation,NYSE,LULD Pause,2026-05-18,12:23:20
2026-05-18,12:17:04,SBFM,Sunshine Biopharma Inc.,Nasdaq,LULD Pause,2026-05-18,12:22:04
2026-05-18,12:12:49,CTEV,Claritev Corporation,NYSE,LULD Pause,2026-05-18,12:17:53
2026-05-18,12:05:17,CTEV,Claritev Corporation,NYSE,LULD Pause,2026-05-18,12:11:13
2026-05-18,11:58:59,SBFM,Sunshine Biopharma Inc.,Nasdaq,LULD Pause,2026-05-18,12:03:59
2026-05-18,11:55:33,LICN,Lichen China Limited Class A Ordinary Shares,Nasdaq,LULD Pause,2026-05-18,12:00:33
2026-05-18,11:46:35,CISS,C3is Inc. Common Stock,Nasdaq,LULD Pause,2026-05-18,11:51:35
2026-05-18,11:41:47,SBFM,Sunshine Biopharma Inc.,Nasdaq,LULD Pause,2026-05-18,11:46:47
2026-05-18,11:28:03,CISS,C3is Inc. Common Stock,Nasdaq,LULD Pause,2026-05-18,11:33:03
2026-05-18,11:18:34,SBFM,Sunshine Biopharma Inc.,Nasdaq,LULD Pause,2026-05-18,11:23:34
2026-05-18,11:12:05,SBFM,Sunshine Biopharma Inc.,Nasdaq,LULD Pause,2026-05-18,11:17:05
2026-05-18,11:09:15,KG,"""Kestrel Group, Ltd.""",Nasdaq,LULD Pause,2026-05-18,11:14:15
2026-05-18,11:05:13,SBFM,Sunshine Biopharma Inc.,Nasdaq,LULD Pause,2026-05-18,11:10:13
2026-05-18,11:04:32,NCEW,New Century Logistics (BVI) Limited Ordinary Shares,Nasdaq,LULD Pause,2026-05-18,11:09:32
2026-05-18,10:59:41,SBFM,Sunshine Biopharma Inc.,Nasdaq,LULD Pause,2026-05-18,11:04:41
2026-05-18,10:47:58,STFS,Star Fashion Culture Holdings Limited Class A Ordinary Shares,Nasdaq,LULD Pause,2026-05-18,10:52:58
2026-05-18,10:39:46,SBFM,Sunshine Biopharma Inc.,Nasdaq,LULD Pause,2026-05-18,10:44:46
2026-05-18,10:34:26,SBFM,Sunshine Biopharma Inc.,Nasdaq,LULD Pause,2026-05-18,10:39:26
2026-05-18,10:29:51,WNW,Meiwu Technology Company Limited Ordinary Shares,Nasdaq,LULD Pause,2026-05-18,10:34:51
2026-05-18,10:25:49,SBFM,Sunshine Biopharma Inc.,Nasdaq,LULD Pause,2026-05-18,10:30:49
2026-05-18,10:20:17,SBFM,Sunshine Biopharma Inc.,Nasdaq,LULD Pause,2026-05-18,10:25:17
2026-05-18,10:14:55,SBFM,Sunshine Biopharma Inc.,Nasdaq,LULD Pause,2026-05-18,10:19:55
2026-05-18,10:09:58,CISS,C3is Inc. Common Stock,Nasdaq,LULD Pause,2026-05-18,10:19:58
2026-05-18,10:08:59,SBFM,Sunshine Biopharma Inc.,Nasdaq,LULD Pause,2026-05-18,10:13:59
2026-05-18,10:04:06,CISS,C3is Inc. Common Stock,Nasdaq,LULD Pause,2026-05-18,10:09:06
2026-05-18,10:03:23,GOVX,"""GeoVax Labs, Inc. New""",Nasdaq,LULD Pause,2026-05-18,10:08:23
2026-05-18,10:03:22,SBFM,Sunshine Biopharma Inc.,Nasdaq,LULD Pause,2026-05-18,10:08:22
2026-05-18,10:01:00,AIIO,Robo.ai Inc. Class B Ordinary Shares,Nasdaq,LULD Pause,2026-05-18,10:06:00
2026-05-18,09:53:14,CISS,C3is Inc. Common Stock,Nasdaq,LULD Pause,2026-05-18,09:58:14
2026-05-18,09:53:01,SBFM,Sunshine Biopharma Inc.,Nasdaq,LULD Pause,2026-05-18,10:03:01
2026-05-18,09:46:37,CISS,C3is Inc. Common Stock,Nasdaq,LULD Pause,2026-05-18,09:51:37
2026-05-18,09:46:08,SPEGU,Silver Pegasus Acquisition Corp Unit,Nasdaq,LULD Pause,2026-05-18,09:56:09
2026-05-18,09:43:37,HCAI,"""Huachen AI Parking Management Technology Holding Co., Ltd. Ordinary Shares""",Nasdaq,LULD Pause,2026-05-18,09:48:37
2026-05-18,09:42:45,SBFM,Sunshine Biopharma Inc.,Nasdaq,LULD Pause,2026-05-18,09:52:45
2026-05-18,09:37:58,CISS,C3is Inc. Common Stock,Nasdaq,LULD Pause,2026-05-18,09:42:58
2026-05-18,09:37:27,SBFM,Sunshine Biopharma Inc.,Nasdaq,LULD Pause,2026-05-18,09:42:27
2026-05-18,09:36:50,AIIR,Air Global PLC Ordinary Shares,Nasdaq,LULD Pause,2026-05-18,09:41:50
2026-05-18,09:36:48,HCAI,"""Huachen AI Parking Management Technology Holding Co., Ltd. Ordinary Shares""",Nasdaq,LULD Pause,2026-05-18,09:41:48
2026-05-18,09:34:54,GIGGU,GigCapital7 Corp. Unit,Nasdaq,LULD Pause,2026-05-18,09:39:54
2026-05-18,09:34:29,NOMA,NOMADAR Corp. Class A Common Stock,Nasdaq,LULD Pause,2026-05-18,09:39:29
2026-05-18,09:33:41,QNCX,"""Quince Therapeutics, Inc. Common Stock""",Nasdaq,LULD Pause,2026-05-18,09:38:41
2026-05-18,09:31:06,SBFM,Sunshine Biopharma Inc.,Nasdaq,LULD Pause,2026-05-18,09:36:06
2026-05-18,09:30:33,BVC,BitVentures Limited Ordinary Shares,Nasdaq,LULD Pause,2026-05-18,09:35:33
2026-05-18,09:30:20,BTCC,Grayscale Bitcoin Covered Call ETF,NYSE Arca,LULD Pause,2026-05-18,09:35:20
2026-05-18,09:30:20,SPEGU,Silver Pegasus Acquisition Corp Unit,Nasdaq,LULD Pause,2026-05-18,09:40:51
2026-05-15,19:50:22,MI,NFT Limited,NYSE American,Corporate Action,,
2026-05-15,19:50:22,MI,NFT Limited,NYSE American,Corporate Action,2026-05-18,09:00:00
2026-05-15,19:50:00,EZRA,"""Reliance Global Group, Inc. Common Stock""",Nasdaq,News Pending,2026-05-18,09:00:00
2026-05-15,19:50:00,EZRA,"""Reliance Global Group, Inc. Common Stock""",Nasdaq,News Pending,,
2026-05-15,19:50:00,PPCB,"""Propanc Biopharma, Inc. Common Stock""",Nasdaq,News Pending,,
2026-05-15,19:50:00,PPCB,"""Propanc Biopharma, Inc. Common Stock""",Nasdaq,News Pending,2026-05-18,09:00:00
2026-05-15,19:50:00,ADTX,"""Aditxt, Inc. Common Stock""",Nasdaq,News Pending,2026-05-18,09:00:00
2026-05-15,19:50:00,ADTX,"""Aditxt, Inc. Common Stock""",Nasdaq,News Pending,,
2026-05-15,19:50:00,RETO,"""ReTo Eco-Solutions, Inc. Class A Shares""",Nasdaq,News Pending,2026-05-18,09:00:00
2026-05-15,19:50:00,RETO,"""ReTo Eco-Solutions, Inc. Class A Shares""",Nasdaq,News Pending,,
2026-05-15,19:50:00,YMT,Yimutian Inc. American Depositary Shares,Nasdaq,News Pending,,
2026-05-15,19:50:00,YMT,Yimutian Inc. American Depositary Shares,Nasdaq,News Pending,2026-05-18,09:00:00
2026-05-15,19:50:00,FRGT,"""Freight Technologies, Inc. Ordinary Shares""",Nasdaq,News Pending,2026-05-18,09:00:00
2026-05-15,19:50:00,FRGT,"""Freight Technologies, Inc. Ordinary Shares""",Nasdaq,News Pending,,
2026-05-15,19:50:00,YYAI,AiRWA Inc. Common Stock,Nasdaq,News Pending,2026-05-18,09:00:00
2026-05-15,19:50:00,YYAI,AiRWA Inc. Common Stock,Nasdaq,News Pending,,
2026-05-15,19:50:00,SLNO,"""Soleno Therapeutics, Inc. Common Stock""",Nasdaq,News Pending,,
2026-05-15,18:50:47,TJGC,TJGC Group Limited Ordinary Shares,Nasdaq,News Pending,,
2026-05-15,18:50:47,TJGC,TJGC Group Limited Ordinary Shares,Nasdaq,News Pending,2026-06-03,12:00:00
2026-05-15,15:59:05,SPEGU,Silver Pegasus Acquisition Corp Unit,Nasdaq,LULD Pause,2026-05-15,16:00:00
2026-05-15,15:45:24,JXG,JX Luxventure Limited Common Stock,Nasdaq,LULD Pause,2026-05-15,16:00:00
2026-05-15,14:32:36,HCWB,HCW Biologics Inc. Common Stock,Nasdaq,LULD Pause,2026-05-15,14:37:36
2026-05-15,14:21:35,VIDA,VIDA Global Inc.,NYSE American,LULD Pause,2026-05-15,14:26:35
2026-05-15,13:23:14,PIII,P3 Health Partners Inc. Common Stock,Nasdaq,LULD Pause,2026-05-15,13:28:14
2026-05-15,13:00:00,GPUS,"""Hyperscale Data, Inc.""",NYSE American,News Pending,2026-05-15,13:45:00
2026-05-15,13:00:00,GPUS PRD,"""Hyperscale Data, Inc. 13.00% Series D Cumulative Redeemable Perpetual Preferred Stock""",NYSE American,News Pending,2026-05-15,13:45:00
2026-05-15,12:54:09,ERNA,Ernexa Therapeutics Inc. Common Stock,Nasdaq,LULD Pause,2026-05-15,12:59:09
2026-05-15,12:48:36,ERNA,Ernexa Therapeutics Inc. Common Stock,Nasdaq,LULD Pause,2026-05-15,12:53:36
2026-05-15,12:47:21,VIDA,VIDA Global Inc.,NYSE American,LULD Pause,2026-05-15,12:57:21
2026-05-15,12:43:02,PIII,P3 Health Partners Inc. Common Stock,Nasdaq,LULD Pause,2026-05-15,12:48:02
2026-05-15,12:42:58,ERNA,Ernexa Therapeutics Inc. Common Stock,Nasdaq,LULD Pause,2026-05-15,12:47:58
2026-05-15,12:36:24,SLE,"""Super League Enterprise, Inc. Common Stock""",Nasdaq,LULD Pause,2026-05-15,12:41:24
2026-05-15,12:19:25,FCUV,Focus Universal Inc. Common Stock,Nasdaq,LULD Pause,2026-05-15,12:24:25
2026-05-15,12:16:40,VIDA,VIDA Global Inc.,NYSE American,LULD Pause,2026-05-15,12:21:40
2026-05-15,12:08:47,FCUV,Focus Universal Inc. Common Stock,Nasdaq,LULD Pause,2026-05-15,12:13:47
2026-05-15,12:07:27,PIII,P3 Health Partners Inc. Common Stock,Nasdaq,LULD Pause,2026-05-15,12:17:27
2026-05-15,12:00:27,FCUV,Focus Universal Inc. Common Stock,Nasdaq,LULD Pause,2026-05-15,12:05:27
2026-05-15,11:56:10,VIDA,VIDA Global Inc.,NYSE American,LULD Pause,2026-05-15,12:06:10
2026-05-15,11:49:54,PIII,P3 Health Partners Inc. Common Stock,Nasdaq,LULD Pause,2026-05-15,11:54:54
2026-05-15,11:38:59,PIII,P3 Health Partners Inc. Common Stock,Nasdaq,LULD Pause,2026-05-15,11:43:59
2026-05-15,11:30:56,QUCY,Quantum Cyber N.V. Ordinary Shares,Nasdaq,LULD Pause,2026-05-15,11:35:56
2026-05-15,11:28:20,MDBH,"""MDB Capital Holdings, LLC Class A common""",Nasdaq,LULD Pause,2026-05-15,11:38:20
2026-05-15,11:11:20,PIII,P3 Health Partners Inc. Common Stock,Nasdaq,LULD Pause,2026-05-15,11:21:20
2026-05-15,11:04:50,ADSE,ADS-TEC ENERGY PLC Ordinary Shares,Nasdaq,LULD Pause,2026-05-15,11:09:50
2026-05-15,10:57:02,PIII,P3 Health Partners Inc. Common Stock,Nasdaq,LULD Pause,2026-05-15,11:07:02
2026-05-15,10:55:26,BOT,"""RoboStrategy, Inc. Common Stock""",Nasdaq,LULD Pause,2026-05-15,11:00:26
2026-05-15,10:51:27,PIII,P3 Health Partners Inc. Common Stock,Nasdaq,LULD Pause,2026-05-15,10:56:27
2026-05-15,10:49:40,QUCY,Quantum Cyber N.V. Ordinary Shares,Nasdaq,LULD Pause,2026-05-15,10:54:40
2026-05-15,10:37:48,QUCY,Quantum Cyber N.V. Ordinary Shares,Nasdaq,LULD Pause,2026-05-15,10:42:48
2026-05-15,10:33:11,VIDA,VIDA Global Inc.,NYSE American,LULD Pause,2026-05-15,10:38:11
2026-05-15,10:31:49,QUCY,Quantum Cyber N.V. Ordinary Shares,Nasdaq,LULD Pause,2026-05-15,10:36:49
2026-05-15,10:31:09,AEHL,Antelope Enterprise Holdings Limited Class A Ordinary Shares,Nasdaq,LULD Pause,2026-05-15,10:36:09
2026-05-15,10:27:35,PIII,P3 Health Partners Inc. Common Stock,Nasdaq,LULD Pause,2026-05-15,10:32:35
2026-05-15,10:23:49,HCWB,HCW Biologics Inc. Common Stock,Nasdaq,LULD Pause,2026-05-15,10:28:49
2026-05-15,10:21:24,QUCY,Quantum Cyber N.V. Ordinary Shares,Nasdaq,LULD Pause,2026-05-15,10:31:24
2026-05-15,10:15:33,PIII,P3 Health Partners Inc. Common Stock,Nasdaq,LULD Pause,2026-05-15,10:20:33
2026-05-15,10:12:34,TOPS,TOP Ships Inc.,NYSE American,News Pending,2026-05-15,10:45:00
2026-05-15,10:11:08,QUCY,Quantum Cyber N.V. Ordinary Shares,Nasdaq,LULD Pause,2026-05-15,10:21:08
2026-05-15,10:07:26,AIIO,Robo.ai Inc. Class B Ordinary Shares,Nasdaq,LULD Pause,2026-05-15,10:12:26
2026-05-15,10:04:48,PIII,P3 Health Partners Inc. Common Stock,Nasdaq,LULD Pause,2026-05-15,10:09:48
2026-05-15,09:58:07,AIIO,Robo.ai Inc. Class B Ordinary Shares,Nasdaq,LULD Pause,2026-05-15,10:03:07
2026-05-15,09:50:20,PIII,P3 Health Partners Inc. Common Stock,Nasdaq,LULD Pause,2026-05-15,09:55:20
2026-05-15,09:44:57,TOXR,21Shares XRP ETF,Cboe BZX,LULD Pause,2026-05-15,09:49:57
2026-05-15,09:40:47,PIII,P3 Health Partners Inc. Common Stock,Nasdaq,LULD Pause,2026-05-15,09:45:47
2026-05-15,09:36:29,AARD,"""Aardvark Therapeutics, Inc. Common Stock""",Nasdaq,LULD Pause,2026-05-15,09:41:29
2026-05-15,09:34:22,SLE,"""Super League Enterprise, Inc. Common Stock""",Nasdaq,LULD Pause,2026-05-15,09:39:22
2026-05-15,09:33:26,HCWB,HCW Biologics Inc. Common Stock,Nasdaq,LULD Pause,2026-05-15,09:38:26
2026-05-15,09:32:11,LNZA,"""LanzaTech Global, Inc. Common Stock""",Nasdaq,LULD Pause,2026-05-15,09:37:11
2026-05-15,09:30:37,YMAT,"""J-Star Holding Co., Ltd. Class A Ordinary Shares""",Nasdaq,LULD Pause,2026-05-15,09:35:37
2026-05-15,09:30:16,GIGGU,GigCapital7 Corp. Unit,Nasdaq,LULD Pause,2026-05-15,09:35:16
2026-05-15,08:52:23,MPX,Marine Products Corp.,NYSE,Merger Effective,,
2026-05-15,08:38:41,EHAB,"""Enhabit, Inc.""",NYSE,Merger Effective,,
2026-05-14,19:50:00,FORA,Forian Inc. Common Stock,Nasdaq,News Pending,,
2026-05-14,15:59:25,TDIC,Dreamland Limited Class A Ordinary Shares,Nasdaq,LULD Pause,2026-05-14,16:00:00
2026-05-14,15:19:51,PLBL,Polibeli Group Ltd Class A Ordinary Shares,Nasdaq,LULD Pause,2026-05-14,15:24:51
2026-05-14,15:16:26,YMAT,"""J-Star Holding Co., Ltd. Class A Ordinary Shares""",Nasdaq,LULD Pause,2026-05-14,15:21:26
2026-05-14,14:50:33,STAK,STAK Inc. Class A Ordinary Shares,Nasdaq,LULD Pause,2026-05-14,14:55:33
2026-05-14,14:38:44,CVR,Chicago Rivet & Machine Co.,NYSE American,News Pending,2026-05-15,09:00:00
2026-05-14,14:38:44,CVR,Chicago Rivet & Machine Co.,NYSE American,News Pending,,
2026-05-14,14:29:51,AEHL,Antelope Enterprise Holdings Limited Class A Ordinary Shares,Nasdaq,LULD Pause,2026-05-14,14:34:51
2026-05-14,14:26:12,LNKS,Linkers Industries Limited Class A Ordinary Shares,Nasdaq,LULD Pause,2026-05-14,14:31:12
2026-05-14,14:20:48,LNKS,Linkers Industries Limited Class A Ordinary Shares,Nasdaq,LULD Pause,2026-05-14,14:25:48
2026-05-14,14:16:43,TDIC,Dreamland Limited Class A Ordinary Shares,Nasdaq,LULD Pause,2026-05-14,14:21:43
2026-05-14,14:14:41,LNKS,Linkers Industries Limited Class A Ordinary Shares,Nasdaq,LULD Pause,2026-05-14,14:19:41
2026-05-14,14:13:17,FCUV,Focus Universal Inc. Common Stock,Nasdaq,LULD Pause,2026-05-14,14:18:17
2026-05-14,14:05:35,TDIC,Dreamland Limited Class A Ordinary Shares,Nasdaq,LULD Pause,2026-05-14,14:10:35
2026-05-14,13:59:11,TDIC,Dreamland Limited Class A Ordinary Shares,Nasdaq,LULD Pause,2026-05-14,14:04:11
2026-05-14,13:51:06,HSPTU,Horizon Space Acquisition II Corp. Units,Nasdaq,LULD Pause,2026-05-14,14:26:06
2026-05-14,13:49:42,TDIC,Dreamland Limited Class A Ordinary Shares,Nasdaq,LULD Pause,2026-05-14,13:54:42
2026-05-14,13:45:02,LBTYB,Liberty Global Ltd. Class B Common Shares,Nasdaq,LULD Pause,2026-05-14,13:50:02
2026-05-14,13:44:28,FCUV,Focus Universal Inc. Common Stock,Nasdaq,LULD Pause,2026-05-14,13:49:28
2026-05-14,13:28:35,AEHL,Antelope Enterprise Holdings Limited Class A Ordinary Shares,Nasdaq,LULD Pause,2026-05-14,13:33:35
2026-05-14,13:26:57,TDIC,Dreamland Limited Class A Ordinary Shares,Nasdaq,LULD Pause,2026-05-14,13:36:57
2026-05-14,13:26:24,AIAI,AIAI Holdings Corporation Class A Common Stock,Nasdaq,LULD Pause,2026-05-14,13:31:24
2026-05-14,13:22:59,AEHL,Antelope Enterprise Holdings Limited Class A Ordinary Shares,Nasdaq,LULD Pause,2026-05-14,13:27:59
2026-05-14,13:09:42,AIIO,Robo.ai Inc. Class B Ordinary Shares,Nasdaq,LULD Pause,2026-05-14,13:14:42
2026-05-14,13:09:10,TDIC,Dreamland Limited Class A Ordinary Shares,Nasdaq,LULD Pause,2026-05-14,13:14:10
2026-05-14,13:03:36,AIIO,Robo.ai Inc. Class B Ordinary Shares,Nasdaq,LULD Pause,2026-05-14,13:08:36
2026-05-14,13:02:50,TDIC,Dreamland Limited Class A Ordinary Shares,Nasdaq,LULD Pause,2026-05-14,13:07:50
2026-05-14,13:00:01,CBRS,Cerebras Systems Inc. Class A Common Stock,Nasdaq,LULD Pause,2026-05-14,13:05:01
2026-05-14,12:46:34,TDIC,Dreamland Limited Class A Ordinary Shares,Nasdaq,LULD Pause,2026-05-14,12:51:34
2026-05-14,12:41:31,AEHL,Antelope Enterprise Holdings Limited Class A Ordinary Shares,Nasdaq,LULD Pause,2026-05-14,12:51:31
2026-05-14,12:40:22,TDIC,Dreamland Limited Class A Ordinary Shares,Nasdaq,LULD Pause,2026-05-14,12:45:22
2026-05-14,12:34:54,TDIC,Dreamland Limited Class A Ordinary Shares,Nasdaq,LULD Pause,2026-05-14,12:39:54
2026-05-14,12:29:10,TDIC,Dreamland Limited Class A Ordinary Shares,Nasdaq,LULD Pause,2026-05-14,12:34:10
2026-05-14,12:23:45,TDIC,Dreamland Limited Class A Ordinary Shares,Nasdaq,LULD Pause,2026-05-14,12:28:45
2026-05-14,12:21:11,AEHL,Antelope Enterprise Holdings Limited Class A Ordinary Shares,Nasdaq,LULD Pause,2026-05-14,12:26:11
2026-05-14,12:18:18,TDIC,Dreamland Limited Class A Ordinary Shares,Nasdaq,LULD Pause,2026-05-14,12:23:18
2026-05-14,12:10:59,AIAI,AIAI Holdings Corporation Class A Common Stock,Nasdaq,LULD Pause,2026-05-14,12:20:59
2026-05-14,12:07:47,TDIC,Dreamland Limited Class A Ordinary Shares,Nasdaq,LULD Pause,2026-05-14,12:17:47
2026-05-14,12:01:59,AIAI,AIAI Holdings Corporation Class A Common Stock,Nasdaq,LULD Pause,2026-05-14,12:06:59
2026-05-14,11:58:33,TDIC,Dreamland Limited Class A Ordinary Shares,Nasdaq,LULD Pause,2026-05-14,12:03:33
2026-05-14,11:54:55,AEHL,Antelope Enterprise Holdings Limited Class A Ordinary Shares,Nasdaq,LULD Pause,2026-05-14,11:59:55
2026-05-14,11:52:48,VACH,Voyager Acquisition Corp Class A Ordinary Shares,Nasdaq,LULD Pause,2026-05-14,11:57:48
2026-05-14,11:52:25,AIAI,AIAI Holdings Corporation Class A Common Stock,Nasdaq,LULD Pause,2026-05-14,11:57:25
2026-05-14,11:47:05,AIAI,AIAI Holdings Corporation Class A Common Stock,Nasdaq,LULD Pause,2026-05-14,11:52:05
2026-05-14,11:46:10,TDIC,Dreamland Limited Class A Ordinary Shares,Nasdaq,LULD Pause,2026-05-14,11:51:10
2026-05-14,11:44:05,PCTTU,"""PureCycle Technologies, Inc. Unit""",Nasdaq,LULD Pause,2026-05-14,13:14:06
2026-05-14,11:40:07,AEHL,Antelope Enterprise Holdings Limited Class A Ordinary Shares,Nasdaq,LULD Pause,2026-05-14,11:50:07
2026-05-14,11:40:01,TDIC,Dreamland Limited Class A Ordinary Shares,Nasdaq,LULD Pause,2026-05-14,11:45:01
2026-05-14,11:34:41,AEHL,Antelope Enterprise Holdings Limited Class A Ordinary Shares,Nasdaq,LULD Pause,2026-05-14,11:39:41
2026-05-14,11:34:11,TDIC,Dreamland Limited Class A Ordinary Shares,Nasdaq,LULD Pause,2026-05-14,11:39:11
2026-05-14,11:33:46,YOOV,Concorde International Group Ltd Class A Ordinary Shares,Nasdaq,LULD Pause,2026-05-14,11:38:46
2026-05-14,11:26:40,AEHL,Antelope Enterprise Holdings Limited Class A Ordinary Shares,Nasdaq,LULD Pause,2026-05-14,11:31:40
2026-05-14,11:26:17,TDIC,Dreamland Limited Class A Ordinary Shares,Nasdaq,LULD Pause,2026-05-14,11:31:17
2026-05-14,11:12:07,AEHL,Antelope Enterprise Holdings Limited Class A Ordinary Shares,Nasdaq,LULD Pause,2026-05-14,11:23:14
2026-05-14,11:10:22,SNAL,"""Snail, Inc. Class A Common Stock""",Nasdaq,LULD Pause,2026-05-14,11:15:22
2026-05-14,11:04:33,SNAL,"""Snail, Inc. Class A Common Stock""",Nasdaq,LULD Pause,2026-05-14,11:09:33
2026-05-14,11:01:10,AEHL,Antelope Enterprise Holdings Limited Class A Ordinary Shares,Nasdaq,LULD Pause,2026-05-14,11:11:11
2026-05-14,10:50:26,AEHL,Antelope Enterprise Holdings Limited Class A Ordinary Shares,Nasdaq,LULD Pause,2026-05-14,11:00:26
2026-05-14,10:39:39,YOOV,Concorde International Group Ltd Class A Ordinary Shares,Nasdaq,LULD Pause,2026-05-14,10:44:39
2026-05-14,10:36:04,AEHL,Antelope Enterprise Holdings Limited Class A Ordinary Shares,Nasdaq,LULD Pause,2026-05-14,10:49:53
2026-05-14,10:31:22,YOOV,Concorde International Group Ltd Class A Ordinary Shares,Nasdaq,LULD Pause,2026-05-14,10:36:22
2026-05-14,10:30:16,MWC,"""Micware Co., Ltd. American Depositary Shares""",Nasdaq,LULD Pause,2026-05-14,10:35:16
2026-05-14,10:24:47,MWC,"""Micware Co., Ltd. American Depositary Shares""",Nasdaq,LULD Pause,2026-05-14,10:29:47
2026-05-14,10:24:17,AEHL,Antelope Enterprise Holdings Limited Class A Ordinary Shares,Nasdaq,LULD Pause,2026-05-14,10:34:17
2026-05-14,10:21:03,TDIC,Dreamland Limited Class A Ordinary Shares,Nasdaq,LULD Pause,2026-05-14,10:26:03
2026-05-14,10:19:44,YOOV,Concorde International Group Ltd Class A Ordinary Shares,Nasdaq,LULD Pause,2026-05-14,10:29:44
2026-05-14,10:16:23,QUCY,Quantum Cyber N.V. Ordinary Shares,Nasdaq,LULD Pause,2026-05-14,10:21:23
2026-05-14,10:15:09,VACH,Voyager Acquisition Corp Class A Ordinary Shares,Nasdaq,LULD Pause,2026-05-14,10:20:09
2026-05-14,10:14:27,YOOV,Concorde International Group Ltd Class A Ordinary Shares,Nasdaq,LULD Pause,2026-05-14,10:19:27
2026-05-14,10:09:10,YOOV,Concorde International Group Ltd Class A Ordinary Shares,Nasdaq,LULD Pause,2026-05-14,10:14:10
2026-05-14,10:03:44,YOOV,Concorde International Group Ltd Class A Ordinary Shares,Nasdaq,LULD Pause,2026-05-14,10:08:44
2026-05-14,09:57:20,YOOV,Concorde International Group Ltd Class A Ordinary Shares,Nasdaq,LULD Pause,2026-05-14,10:02:20
2026-05-14,09:51:45,YOOV,Concorde International Group Ltd Class A Ordinary Shares,Nasdaq,LULD Pause,2026-05-14,09:56:45
2026-05-14,09:47:29,TDIC,Dreamland Limited Class A Ordinary Shares,Nasdaq,LULD Pause,2026-05-14,09:52:29
2026-05-14,09:46:00,YOOV,Concorde International Group Ltd Class A Ordinary Shares,Nasdaq,LULD Pause,2026-05-14,09:51:00
2026-05-14,09:37:12,MOBX,"""Mobix Labs, Inc. Class A Common Stock""",Nasdaq,LULD Pause,2026-05-14,09:42:12
2026-05-14,09:36:50,YOOV,Concorde International Group Ltd Class A Ordinary Shares,Nasdaq,LULD Pause,2026-05-14,09:41:50
2026-05-14,09:36:46,TDIC,Dreamland Limited Class A Ordinary Shares,Nasdaq,LULD Pause,2026-05-14,09:46:46
2026-05-14,09:32:37,VACH,Voyager Acquisition Corp Class A Ordinary Shares,Nasdaq,LULD Pause,2026-05-14,09:37:37
2026-05-14,09:31:10,YOOV,Concorde International Group Ltd Class A Ordinary Shares,Nasdaq,LULD Pause,2026-05-14,09:36:10
2026-05-14,09:31:05,RVI,Robinhood Ventures Fund I,NYSE,LULD Pause,2026-05-14,09:36:24
2026-05-14,08:43:21,TPH,"""Tri Pointe Homes, Inc.""",NYSE,Merger Effective,,
2026-05-14,06:55:00,RGNX,REGENXBIO Inc.,Nasdaq,News Pending,2026-05-14,07:40:00
2026-05-13,19:50:00,SLMT,Brera Holdings PLC Class B Ordinary Shares,Nasdaq,News Pending,,
2026-05-13,19:50:00,SLMT,Brera Holdings PLC Class B Ordinary Shares,Nasdaq,News Pending,2026-05-14,09:00:00
2026-05-13,19:50:00,CSGS,CSG Systems International,Nasdaq,News Pending,,
2026-05-13,19:50:00,APLS,"""Apellis Pharmaceuticals, Inc. Common Stock""",Nasdaq,News Pending,,
2026-05-13,15:53:34,NYC,American Strategic Investment Co.,NYSE,LULD Pause,2026-05-13,16:00:56
2026-05-13,15:41:52,WOK,WORK Medical Technology Group LTD Class A Ordinary Shares,Nasdaq,LULD Pause,2026-05-13,15:46:52
2026-05-13,15:38:20,NDRA,ENDRA Life Sciences Inc. Common Stock,Nasdaq,LULD Pause,2026-05-13,15:43:20
2026-05-13,15:28:26,QUCY,Quantum Cyber N.V. Ordinary Shares,Nasdaq,LULD Pause,2026-05-13,15:33:26
2026-05-13,15:26:42,TDIC,Dreamland Limited Class A Ordinary Shares,Nasdaq,LULD Pause,2026-05-13,15:31:42
2026-05-13,15:15:25,TDIC,Dreamland Limited Class A Ordinary Shares,Nasdaq,LULD Pause,2026-05-13,15:20:25
2026-05-13,15:04:22,QUCY,Quantum Cyber N.V. Ordinary Shares,Nasdaq,LULD Pause,2026-05-13,15:09:22
2026-05-13,15:00:50,WOK,WORK Medical Technology Group LTD Class A Ordinary Shares,Nasdaq,LULD Pause,2026-05-13,15:05:50
2026-05-13,14:52:56,VACH,Voyager Acquisition Corp Class A Ordinary Shares,Nasdaq,LULD Pause,2026-05-13,14:57:56
2026-05-13,14:52:41,TDIC,Dreamland Limited Class A Ordinary Shares,Nasdaq,LULD Pause,2026-05-13,15:02:41
2026-05-13,14:52:33,QUCY,Quantum Cyber N.V. Ordinary Shares,Nasdaq,LULD Pause,2026-05-13,14:57:33
2026-05-13,14:47:18,TDIC,Dreamland Limited Class A Ordinary Shares,Nasdaq,LULD Pause,2026-05-13,14:52:18
2026-05-13,14:33:43,TDIC,Dreamland Limited Class A Ordinary Shares,Nasdaq,LULD Pause,2026-05-13,14:43:43
2026-05-13,14:28:28,TDIC,Dreamland Limited Class A Ordinary Shares,Nasdaq,LULD Pause,2026-05-13,14:33:28
2026-05-13,14:27:11,PLSM,Pulsenmore Ltd. Ordinary Shares,Nasdaq,LULD Pause,2026-05-13,14:32:11
2026-05-13,14:25:55,WOK,WORK Medical Technology Group LTD Class A Ordinary Shares,Nasdaq,LULD Pause,2026-05-13,14:30:55
2026-05-13,14:20:30,WOK,WORK Medical Technology Group LTD Class A Ordinary Shares,Nasdaq,LULD Pause,2026-05-13,14:25:30
2026-05-13,14:14:53,PLSM,Pulsenmore Ltd. Ordinary Shares,Nasdaq,LULD Pause,2026-05-13,14:19:53
2026-05-13,14:10:03,WOK,WORK Medical Technology Group LTD Class A Ordinary Shares,Nasdaq,LULD Pause,2026-05-13,14:20:03
2026-05-13,14:04:17,PLSM,Pulsenmore Ltd. Ordinary Shares,Nasdaq,LULD Pause,2026-05-13,14:14:17
2026-05-13,13:59:18,WOK,WORK Medical Technology Group LTD Class A Ordinary Shares,Nasdaq,LULD Pause,2026-05-13,14:09:18
2026-05-13,13:55:09,VACH,Voyager Acquisition Corp Class A Ordinary Shares,Nasdaq,LULD Pause,2026-05-13,14:00:09
2026-05-13,13:50:00,TDIC,Dreamland Limited Class A Ordinary Shares,Nasdaq,LULD Pause,2026-05-13,13:55:00
2026-05-13,13:48:52,PLSM,Pulsenmore Ltd. Ordinary Shares,Nasdaq,LULD Pause,2026-05-13,13:58:52
2026-05-13,13:46:42,WOK,WORK Medical Technology Group LTD Class A Ordinary Shares,Nasdaq,LULD Pause,2026-05-13,13:58:37
2026-05-13,13:44:16,TDIC,Dreamland Limited Class A Ordinary Shares,Nasdaq,LULD Pause,2026-05-13,13:49:16
2026-05-13,13:43:35,PLSM,Pulsenmore Ltd. Ordinary Shares,Nasdaq,LULD Pause,2026-05-13,13:48:35
2026-05-13,13:36:22,WOK,WORK Medical Technology Group LTD Class A Ordinary Shares,Nasdaq,LULD Pause,2026-05-13,13:46:22
2026-05-13,13:33:07,PLSM,Pulsenmore Ltd. Ordinary Shares,Nasdaq,LULD Pause,2026-05-13,13:43:07
2026-05-13,13:31:05,WOK,WORK Medical Technology Group LTD Class A Ordinary Shares,Nasdaq,LULD Pause,2026-05-13,13:36:05
2026-05-13,13:15:14,PLSM,Pulsenmore Ltd. Ordinary Shares,Nasdaq,LULD Pause,2026-05-13,13:30:15
2026-05-13,13:11:48,WOK,WORK Medical Technology Group LTD Class A Ordinary Shares,Nasdaq,LULD Pause,2026-05-13,13:21:48
2026-05-13,13:06:08,WOK,WORK Medical Technology Group LTD Class A Ordinary Shares,Nasdaq,LULD Pause,2026-05-13,13:11:08
2026-05-13,12:31:49,WOK,WORK Medical Technology Group LTD Class A Ordinary Shares,Nasdaq,LULD Pause,2026-05-13,12:36:49
2026-05-13,12:22:12,WOK,WORK Medical Technology Group LTD Class A Ordinary Shares,Nasdaq,LULD Pause,2026-05-13,12:27:12
2026-05-13,12:07:32,WOK,WORK Medical Technology Group LTD Class A Ordinary Shares,Nasdaq,LULD Pause,2026-05-13,12:12:32
2026-05-13,12:02:09,WOK,WORK Medical Technology Group LTD Class A Ordinary Shares,Nasdaq,LULD Pause,2026-05-13,12:07:09
2026-05-13,11:45:22,WOK,WORK Medical Technology Group LTD Class A Ordinary Shares,Nasdaq,LULD Pause,2026-05-13,11:55:22
2026-05-13,11:34:46,WOK,WORK Medical Technology Group LTD Class A Ordinary Shares,Nasdaq,LULD Pause,2026-05-13,11:44:46
2026-05-13,11:24:03,WOK,WORK Medical Technology Group LTD Class A Ordinary Shares,Nasdaq,LULD Pause,2026-05-13,11:34:03
2026-05-13,11:18:43,WOK,WORK Medical Technology Group LTD Class A Ordinary Shares,Nasdaq,LULD Pause,2026-05-13,11:23:43
2026-05-13,11:11:05,WOK,WORK Medical Technology Group LTD Class A Ordinary Shares,Nasdaq,LULD Pause,2026-05-13,11:16:05
2026-05-13,11:06:28,AHT PRG,"""Ashford Hospitality Trust, Inc   7.375% Series G Cumulative Preferred Stock""",NYSE,LULD Pause,2026-05-13,11:11:28
2026-05-13,11:04:03,WOK,WORK Medical Technology Group LTD Class A Ordinary Shares,Nasdaq,LULD Pause,2026-05-13,11:09:03
2026-05-13,10:58:22,WOK,WORK Medical Technology Group LTD Class A Ordinary Shares,Nasdaq,LULD Pause,2026-05-13,11:03:22
2026-05-13,10:51:47,WOK,WORK Medical Technology Group LTD Class A Ordinary Shares,Nasdaq,LULD Pause,2026-05-13,10:56:47
2026-05-13,10:40:57,WOK,WORK Medical Technology Group LTD Class A Ordinary Shares,Nasdaq,LULD Pause,2026-05-13,10:50:57
2026-05-13,10:35:40,WOK,WORK Medical Technology Group LTD Class A Ordinary Shares,Nasdaq,LULD Pause,2026-05-13,10:40:40
2026-05-13,10:32:15,BOT,"""RoboStrategy, Inc. Common Stock""",Nasdaq,LULD Pause,2026-05-13,10:37:15
2026-05-13,10:30:25,WOK,WORK Medical Technology Group LTD Class A Ordinary Shares,Nasdaq,LULD Pause,2026-05-13,10:35:25
2026-05-13,10:24:14,WOK,WORK Medical Technology Group LTD Class A Ordinary Shares,Nasdaq,LULD Pause,2026-05-13,10:29:14
2026-05-13,10:22:14,AKTX,Akari Therapeutics plc ADR (0.01 USD),Nasdaq,LULD Pause,2026-05-13,10:27:14
2026-05-13,10:18:38,WOK,WORK Medical Technology Group LTD Class A Ordinary Shares,Nasdaq,LULD Pause,2026-05-13,10:23:38
2026-05-13,10:12:03,WOK,WORK Medical Technology Group LTD Class A Ordinary Shares,Nasdaq,LULD Pause,2026-05-13,10:17:03
2026-05-13,10:04:17,WOK,WORK Medical Technology Group LTD Class A Ordinary Shares,Nasdaq,LULD Pause,2026-05-13,10:09:17
2026-05-13,09:56:27,WOK,WORK Medical Technology Group LTD Class A Ordinary Shares,Nasdaq,LULD Pause,2026-05-13,10:01:27
2026-05-13,09:47:52,WOK,WORK Medical Technology Group LTD Class A Ordinary Shares,Nasdaq,LULD Pause,2026-05-13,09:52:52
2026-05-13,09:41:35,WOK,WORK Medical Technology Group LTD Class A Ordinary Shares,Nasdaq,LULD Pause,2026-05-13,09:46:35
2026-05-13,09:38:05,HSPT,Horizon Space Acquisition II Corp. Ordinary share,Nasdaq,LULD Pause,2026-05-13,09:48:05
2026-05-13,09:37:30,TLSI,"""TriSalus Life Sciences, Inc. Common Stock""",Nasdaq,LULD Pause,2026-05-13,09:42:30
2026-05-13,09:36:04,WOK,WORK Medical Technology Group LTD Class A Ordinary Shares,Nasdaq,LULD Pause,2026-05-13,09:41:04
2026-05-13,09:31:47,TLSI,"""TriSalus Life Sciences, Inc. Common Stock""",Nasdaq,LULD Pause,2026-05-13,09:36:47
2026-05-13,09:30:28,WOK,WORK Medical Technology Group LTD Class A Ordinary Shares,Nasdaq,LULD Pause,2026-05-13,09:35:28
2026-05-13,07:55:00,ASRT,"""Assertio Holdings, Inc. Common Stock""",Nasdaq,News Pending,2026-05-13,08:20:00
2026-05-12,19:50:00,SNCY,"""Sun Country Airlines Holdings, Inc. Common Stock""",Nasdaq,News Pending,,
2026-05-12,16:10:00,NSTS,"""NSTS Bancorp, Inc. Common Stock""",Nasdaq,News Pending,2026-05-12,16:45:00
2026-05-12,15:47:33,WOK,WORK Medical Technology Group LTD Class A Ordinary Shares,Nasdaq,LULD Pause,2026-05-12,16:00:00
2026-05-12,15:41:00,CGCTU,Cartesian Growth Corporation III Unit,Nasdaq,LULD Pause,2026-05-12,15:46:00
2026-05-12,15:37:13,WOK,WORK Medical Technology Group LTD Class A Ordinary Shares,Nasdaq,LULD Pause,2026-05-12,15:47:13
2026-05-12,15:37:00,BOT,"""RoboStrategy, Inc. Common Stock""",Nasdaq,LULD Pause,2026-05-12,15:42:00
2026-05-12,15:31:42,WOK,WORK Medical Technology Group LTD Class A Ordinary Shares,Nasdaq,LULD Pause,2026-05-12,15:36:42
2026-05-12,15:21:03,WOK,WORK Medical Technology Group LTD Class A Ordinary Shares,Nasdaq,LULD Pause,2026-05-12,15:31:03
2026-05-12,15:13:27,WOK,WORK Medical Technology Group LTD Class A Ordinary Shares,Nasdaq,LULD Pause,2026-05-12,15:18:27
2026-05-12,15:01:51,VACH,Voyager Acquisition Corp Class A Ordinary Shares,Nasdaq,LULD Pause,2026-05-12,15:14:49
2026-05-12,14:42:44,WOK,WORK Medical Technology Group LTD Class A Ordinary Shares,Nasdaq,LULD Pause,2026-05-12,14:52:44
2026-05-12,14:28:54,VACH,Voyager Acquisition Corp Class A Ordinary Shares,Nasdaq,LULD Pause,2026-05-12,14:33:54
2026-05-12,14:17:28,ZSTK,ZeroStack Corp. Common Stock,Nasdaq,LULD Pause,2026-05-12,14:22:28
2026-05-12,14:09:30,ZSTK,ZeroStack Corp. Common Stock,Nasdaq,LULD Pause,2026-05-12,14:14:30
2026-05-12,14:00:05,WOK,WORK Medical Technology Group LTD Class A Ordinary Shares,Nasdaq,LULD Pause,2026-05-12,14:05:05
2026-05-12,13:52:16,CGTL,Creative Global Technology Holdings Limited Class A Ordinary Shares,Nasdaq,LULD Pause,2026-05-12,13:57:16
2026-05-12,13:47:23,WOK,WORK Medical Technology Group LTD Class A Ordinary Shares,Nasdaq,LULD Pause,2026-05-12,13:57:23
2026-05-12,13:41:52,CGTL,Creative Global Technology Holdings Limited Class A Ordinary Shares,Nasdaq,LULD Pause,2026-05-12,13:51:52
2026-05-12,13:37:31,SMX,SMX (Security Matters) Public Limited Company Ordinary Shares,Nasdaq,LULD Pause,2026-05-12,13:42:31
2026-05-12,13:34:37,WOK,WORK Medical Technology Group LTD Class A Ordinary Shares,Nasdaq,LULD Pause,2026-05-12,13:39:37
2026-05-12,13:28:25,WOK,WORK Medical Technology Group LTD Class A Ordinary Shares,Nasdaq,LULD Pause,2026-05-12,13:33:25
2026-05-12,13:23:05,WOK,WORK Medical Technology Group LTD Class A Ordinary Shares,Nasdaq,LULD Pause,2026-05-12,13:28:05
2026-05-12,13:17:30,WOK,WORK Medical Technology Group LTD Class A Ordinary Shares,Nasdaq,LULD Pause,2026-05-12,13:22:30
2026-05-12,13:12:55,BKYI,"""BIO-key International, Inc. Common Stock""",Nasdaq,LULD Pause,2026-05-12,13:17:55
2026-05-12,13:12:09,WOK,WORK Medical Technology Group LTD Class A Ordinary Shares,Nasdaq,LULD Pause,2026-05-12,13:17:09
2026-05-12,13:02:24,BKYI,"""BIO-key International, Inc. Common Stock""",Nasdaq,LULD Pause,2026-05-12,13:12:24
2026-05-12,11:52:24,WOK,WORK Medical Technology Group LTD Class A Ordinary Shares,Nasdaq,LULD Pause,2026-05-12,11:57:24
2026-05-12,11:45:21,TVGN,Tevogen Bio Holdings Inc. Common Stock,Nasdaq,LULD Pause,2026-05-12,11:50:21
2026-05-12,11:30:46,WOK,WORK Medical Technology Group LTD Class A Ordinary Shares,Nasdaq,LULD Pause,2026-05-12,11:35:46
2026-05-12,11:30:12,NCEW,New Century Logistics (BVI) Limited Ordinary Shares,Nasdaq,LULD Pause,2026-05-12,11:35:12
2026-05-12,11:25:56,ENHA,Enhanced Group Inc.,NYSE,LULD Pause,2026-05-12,11:31:07
2026-05-12,11:15:14,WOK,WORK Medical Technology Group LTD Class A Ordinary Shares,Nasdaq,LULD Pause,2026-05-12,11:20:14
2026-05-12,11:14:45,SUGP,SU Group Holdings Limited Class A Ordinary Shares,Nasdaq,LULD Pause,2026-05-12,11:19:45
2026-05-12,11:12:38,ERNA,Ernexa Therapeutics Inc. Common Stock,Nasdaq,LULD Pause,2026-05-12,11:17:38
2026-05-12,11:05:45,SUGP,SU Group Holdings Limited Class A Ordinary Shares,Nasdaq,LULD Pause,2026-05-12,11:10:45
2026-05-12,10:55:54,WOK,WORK Medical Technology Group LTD Class A Ordinary Shares,Nasdaq,LULD Pause,2026-05-12,11:00:54
2026-05-12,10:38:53,WOK,WORK Medical Technology Group LTD Class A Ordinary Shares,Nasdaq,LULD Pause,2026-05-12,10:43:53
2026-05-12,10:33:32,WOK,WORK Medical Technology Group LTD Class A Ordinary Shares,Nasdaq,LULD Pause,2026-05-12,10:38:32
2026-05-12,10:29:37,SRL,Scully Royalty Ltd. Common Shares,NYSE,Regulatory Concern,,
2026-05-12,10:29:37,SRL,Scully Royalty Ltd. Common Shares,NYSE,Regulatory Concern,2026-07-08,12:24:48
2026-05-12,10:27:54,ERNA,Ernexa Therapeutics Inc. Common Stock,Nasdaq,LULD Pause,2026-05-12,10:32:54
2026-05-12,10:19:52,WOK,WORK Medical Technology Group LTD Class A Ordinary Shares,Nasdaq,LULD Pause,2026-05-12,10:29:52
2026-05-12,10:14:29,WOK,WORK Medical Technology Group LTD Class A Ordinary Shares,Nasdaq,LULD Pause,2026-05-12,10:19:29
2026-05-12,10:14:09,FABC,"""Fabric.AI, Inc. Common Stock""",Nasdaq,LULD Pause,2026-05-12,10:19:09
2026-05-12,10:13:30,ERNA,Ernexa Therapeutics Inc. Common Stock,Nasdaq,LULD Pause,2026-05-12,10:18:30
2026-05-12,10:07:47,ERNA,Ernexa Therapeutics Inc. Common Stock,Nasdaq,LULD Pause,2026-05-12,10:12:47
2026-05-12,10:03:59,WOK,WORK Medical Technology Group LTD Class A Ordinary Shares,Nasdaq,LULD Pause,2026-05-12,10:14:00
2026-05-12,10:03:46,FABC,"""Fabric.AI, Inc. Common Stock""",Nasdaq,LULD Pause,2026-05-12,10:08:46
2026-05-12,10:03:43,NYC,American Strategic Investment Co.,NYSE,LULD Pause,2026-05-12,10:08:43
2026-05-12,09:58:43,WOK,WORK Medical Technology Group LTD Class A Ordinary Shares,Nasdaq,LULD Pause,2026-05-12,10:03:43
2026-05-12,09:58:14,FABC,"""Fabric.AI, Inc. Common Stock""",Nasdaq,LULD Pause,2026-05-12,10:03:14
2026-05-12,09:58:01,MB,MasterBeef Group Ordinary Shares,Nasdaq,LULD Pause,2026-05-12,10:08:01
2026-05-12,09:57:34,ZBAI,ATIF Holdings Limited Ordinary Shares,Nasdaq,LULD Pause,2026-05-12,10:02:34
2026-05-12,09:57:24,ERNA,Ernexa Therapeutics Inc. Common Stock,Nasdaq,LULD Pause,2026-05-12,10:07:24
2026-05-12,09:55:09,BUUU,BUUU Group Limited Class A Ordinary Share,Nasdaq,LULD Pause,2026-05-12,10:00:09
2026-05-12,09:52:33,WOK,WORK Medical Technology Group LTD Class A Ordinary Shares,Nasdaq,LULD Pause,2026-05-12,09:57:33
2026-05-12,09:50:08,BZFD,"""BuzzFeed, Inc. Class A Common Stock""",Nasdaq,LULD Pause,2026-05-12,09:55:08
2026-05-12,09:49:26,ERNA,Ernexa Therapeutics Inc. Common Stock,Nasdaq,LULD Pause,2026-05-12,09:54:26
2026-05-12,09:46:08,SUGP,SU Group Holdings Limited Class A Ordinary Shares,Nasdaq,LULD Pause,2026-05-12,09:51:08
2026-05-12,09:45:45,FABC,"""Fabric.AI, Inc. Common Stock""",Nasdaq,LULD Pause,2026-05-12,09:55:45
2026-05-12,09:44:32,VCX,"""Fundrise Innovation Fund, LLC""",NYSE,LULD Pause,2026-05-12,09:49:44
2026-05-12,09:42:00,WOK,WORK Medical Technology Group LTD Class A Ordinary Shares,Nasdaq,LULD Pause,2026-05-12,09:52:01
2026-05-12,09:38:57,ERNA,Ernexa Therapeutics Inc. Common Stock,Nasdaq,LULD Pause,2026-05-12,09:48:58
2026-05-12,09:36:56,BOT,"""RoboStrategy, Inc. Common Stock""",Nasdaq,LULD Pause,2026-05-12,09:41:56
2026-05-12,09:35:56,SUGP,SU Group Holdings Limited Class A Ordinary Shares,Nasdaq,LULD Pause,2026-05-12,09:40:56
2026-05-12,09:33:46,LENZ,"""LENZ Therapeutics, Inc. Common Stock""",Nasdaq,LULD Pause,2026-05-12,09:38:46
2026-05-12,09:33:39,WOK,WORK Medical Technology Group LTD Class A Ordinary Shares,Nasdaq,LULD Pause,2026-05-12,09:38:39
2026-05-12,09:33:22,SMX,SMX (Security Matters) Public Limited Company Ordinary Shares,Nasdaq,LULD Pause,2026-05-12,09:38:22
2026-05-12,09:32:27,VCX,"""Fundrise Innovation Fund, LLC""",NYSE,LULD Pause,2026-05-12,09:37:59
2026-05-12,09:30:45,KOPN,Kopin Corp,Nasdaq,LULD Pause,2026-05-12,09:35:45
2026-05-12,06:32:53,ELVR,Elevra Lithium Limited American Depository Shares,Nasdaq,News Pending,2026-05-13,07:00:00
2026-05-12,06:32:53,ELVR,Elevra Lithium Limited American Depository Shares,Nasdaq,News Pending,,
2026-05-11,16:45:03,BZFDW,"""BuzzFeed, Inc. Warrant""",Nasdaq,News Pending,2026-05-11,17:35:01
2026-05-11,16:45:03,BZFD,"""BuzzFeed, Inc. Class A Common Stock""",Nasdaq,News Pending,2026-05-11,17:30:01
2026-05-11,16:25:00,MGNX,"""MacroGenics, Inc.""",Nasdaq,News Pending,2026-05-11,17:45:00
2026-05-11,16:08:25,GPRO,"""GoPro, Inc.""",Nasdaq,News Pending,2026-05-11,16:40:00
2026-05-11,14:34:26,HSPT,Horizon Space Acquisition II Corp. Ordinary share,Nasdaq,LULD Pause,2026-05-11,14:39:26
2026-05-11,14:28:53,WOK,WORK Medical Technology Group LTD Class A Ordinary Shares,Nasdaq,LULD Pause,2026-05-11,14:33:53
2026-05-11,14:24:26,HSPT,Horizon Space Acquisition II Corp. Ordinary share,Nasdaq,LULD Pause,2026-05-11,14:29:26
2026-05-11,14:11:49,HSPT,Horizon Space Acquisition II Corp. Ordinary share,Nasdaq,LULD Pause,2026-05-11,14:16:49
2026-05-11,14:00:12,HSPT,Horizon Space Acquisition II Corp. Ordinary share,Nasdaq,LULD Pause,2026-05-11,14:05:12
2026-05-11,13:53:50,HSPT,Horizon Space Acquisition II Corp. Ordinary share,Nasdaq,LULD Pause,2026-05-11,13:58:50
2026-05-11,13:51:53,WOK,WORK Medical Technology Group LTD Class A Ordinary Shares,Nasdaq,LULD Pause,2026-05-11,13:56:53
2026-05-11,13:46:23,WOK,WORK Medical Technology Group LTD Class A Ordinary Shares,Nasdaq,LULD Pause,2026-05-11,13:51:23
2026-05-11,13:44:06,BOT,"""RoboStrategy, Inc. Common Stock""",Nasdaq,LULD Pause,2026-05-11,13:49:06
2026-05-11,13:36:54,HSPT,Horizon Space Acquisition II Corp. Ordinary share,Nasdaq,LULD Pause,2026-05-11,13:46:55
2026-05-11,13:32:11,BOT,"""RoboStrategy, Inc. Common Stock""",Nasdaq,LULD Pause,2026-05-11,13:37:11
2026-05-11,13:10:13,HSPT,Horizon Space Acquisition II Corp. Ordinary share,Nasdaq,LULD Pause,2026-05-11,13:35:36
2026-05-11,13:09:58,BOT,"""RoboStrategy, Inc. Common Stock""",Nasdaq,LULD Pause,2026-05-11,13:19:58
2026-05-11,12:48:11,BOT,"""RoboStrategy, Inc. Common Stock""",Nasdaq,LULD Pause,2026-05-11,12:53:11
2026-05-11,12:41:56,BOT,"""RoboStrategy, Inc. Common Stock""",Nasdaq,LULD Pause,2026-05-11,12:46:56
2026-05-11,12:24:22,BOT,"""RoboStrategy, Inc. Common Stock""",Nasdaq,LULD Pause,2026-05-11,12:29:22
2026-05-11,12:16:20,PMAX,Powell Max Limited Class A Ordinary Shares,Nasdaq,LULD Pause,2026-05-11,12:21:20
2026-05-11,12:06:56,PMAX,Powell Max Limited Class A Ordinary Shares,Nasdaq,LULD Pause,2026-05-11,12:11:56
2026-05-11,12:06:09,BOT,"""RoboStrategy, Inc. Common Stock""",Nasdaq,LULD Pause,2026-05-11,12:16:09
2026-05-11,11:52:48,BOT,"""RoboStrategy, Inc. Common Stock""",Nasdaq,LULD Pause,2026-05-11,12:02:48
2026-05-11,11:50:13,WOK,WORK Medical Technology Group LTD Class A Ordinary Shares,Nasdaq,LULD Pause,2026-05-11,11:55:13
2026-05-11,11:46:32,BOT,"""RoboStrategy, Inc. Common Stock""",Nasdaq,LULD Pause,2026-05-11,11:51:32
2026-05-11,11:41:14,WOK,WORK Medical Technology Group LTD Class A Ordinary Shares,Nasdaq,LULD Pause,2026-05-11,11:46:14
2026-05-11,11:40:59,BOT,"""RoboStrategy, Inc. Common Stock""",Nasdaq,LULD Pause,2026-05-11,11:45:59
2026-05-11,11:33:14,WOK,WORK Medical Technology Group LTD Class A Ordinary Shares,Nasdaq,LULD Pause,2026-05-11,11:38:14
2026-05-11,11:27:59,BOT,"""RoboStrategy, Inc. Common Stock""",Nasdaq,LULD Pause,2026-05-11,11:38:00
2026-05-11,11:27:13,WOK,WORK Medical Technology Group LTD Class A Ordinary Shares,Nasdaq,LULD Pause,2026-05-11,11:32:13
2026-05-11,11:22:11,TKC,TURKCELL ILETISIM HIZMETLERI A.S. ADS,NYSE,News Pending,2026-05-11,12:20:54
2026-05-11,11:21:37,WOK,WORK Medical Technology Group LTD Class A Ordinary Shares,Nasdaq,LULD Pause,2026-05-11,11:26:37
2026-05-11,11:17:48,NCEW,New Century Logistics (BVI) Limited Ordinary Shares,Nasdaq,LULD Pause,2026-05-11,11:22:48
2026-05-11,11:16:45,UK,Ucommune International Ltd Class A Ordinary Shares,Nasdaq,LULD Pause,2026-05-11,11:21:45
2026-05-11,11:16:03,WOK,WORK Medical Technology Group LTD Class A Ordinary Shares,Nasdaq,LULD Pause,2026-05-11,11:21:03
2026-05-11,11:06:15,UK,Ucommune International Ltd Class A Ordinary Shares,Nasdaq,LULD Pause,2026-05-11,11:16:16
2026-05-11,11:06:04,WOK,WORK Medical Technology Group LTD Class A Ordinary Shares,Nasdaq,LULD Pause,2026-05-11,11:11:04
2026-05-11,10:58:57,WOK,WORK Medical Technology Group LTD Class A Ordinary Shares,Nasdaq,LULD Pause,2026-05-11,11:03:57
2026-05-11,10:58:27,RPGL,Republic Power Group Limited Class A Ordinary Shares,Nasdaq,LULD Pause,2026-05-11,11:03:27
2026-05-11,10:54:55,BOT,"""RoboStrategy, Inc. Common Stock""",Nasdaq,LULD Pause,2026-05-11,11:26:38
2026-05-11,10:53:39,WOK,WORK Medical Technology Group LTD Class A Ordinary Shares,Nasdaq,LULD Pause,2026-05-11,10:58:39
2026-05-11,10:44:39,PHOE,Phoenix Asia Holdings Limited Ordinary Shares,Nasdaq,LULD Pause,2026-05-11,10:49:39
2026-05-11,10:37:06,CLIK,Click Holdings Limited Class A Ordinary Share,Nasdaq,LULD Pause,2026-05-11,10:42:06
2026-05-11,10:30:46,WOK,WORK Medical Technology Group LTD Class A Ordinary Shares,Nasdaq,LULD Pause,2026-05-11,10:35:46
2026-05-11,10:29:21,ODYS,Odysight.ai Inc. Common Stock,Nasdaq,LULD Pause,2026-05-11,10:34:21
2026-05-11,10:23:56,ODYS,Odysight.ai Inc. Common Stock,Nasdaq,LULD Pause,2026-05-11,10:28:56
2026-05-11,10:16:09,GAUZ,Gauzy Ltd. Ordinary Shares,Nasdaq,LULD Pause,2026-05-11,10:21:09
2026-05-11,10:12:56,ODYS,Odysight.ai Inc. Common Stock,Nasdaq,LULD Pause,2026-05-11,10:22:57
2026-05-11,10:11:00,WOK,WORK Medical Technology Group LTD Class A Ordinary Shares,Nasdaq,LULD Pause,2026-05-11,10:16:00
2026-05-11,10:03:19,WOK,WORK Medical Technology Group LTD Class A Ordinary Shares,Nasdaq,LULD Pause,2026-05-11,10:08:19
2026-05-11,10:02:49,GAUZ,Gauzy Ltd. Ordinary Shares,Nasdaq,LULD Pause,2026-05-11,10:07:49
2026-05-11,09:57:37,WOK,WORK Medical Technology Group LTD Class A Ordinary Shares,Nasdaq,LULD Pause,2026-05-11,10:02:37
2026-05-11,09:52:03,WOK,WORK Medical Technology Group LTD Class A Ordinary Shares,Nasdaq,LULD Pause,2026-05-11,09:57:03
2026-05-11,09:51:46,LHAI,Linkhome Holdings Inc. Common stock,Nasdaq,LULD Pause,2026-05-11,09:56:46
2026-05-11,09:49:08,ODYS,Odysight.ai Inc. Common Stock,Nasdaq,LULD Pause,2026-05-11,09:54:08
2026-05-11,09:46:32,WOK,WORK Medical Technology Group LTD Class A Ordinary Shares,Nasdaq,LULD Pause,2026-05-11,09:51:32
2026-05-11,09:45:47,LHAI,Linkhome Holdings Inc. Common stock,Nasdaq,LULD Pause,2026-05-11,09:50:47
2026-05-11,09:41:00,WOK,WORK Medical Technology Group LTD Class A Ordinary Shares,Nasdaq,LULD Pause,2026-05-11,09:46:00
2026-05-11,09:40:41,AIXI,XIAO-I Corporation American Depositary Shares,Nasdaq,LULD Pause,2026-05-11,09:50:41
2026-05-11,09:36:49,LCUT,"""Lifetime Brands, Inc.""",Nasdaq,LULD Pause,2026-05-11,09:41:49
2026-05-11,09:36:44,ODYS,Odysight.ai Inc. Common Stock,Nasdaq,LULD Pause,2026-05-11,09:46:44
2026-05-11,09:35:40,BUUU,BUUU Group Limited Class A Ordinary Share,Nasdaq,LULD Pause,2026-05-11,09:47:29
2026-05-11,09:35:13,LHAI,Linkhome Holdings Inc. Common stock,Nasdaq,LULD Pause,2026-05-11,09:45:13
2026-05-11,09:33:06,PMAX,Powell Max Limited Class A Ordinary Shares,Nasdaq,LULD Pause,2026-05-11,09:43:06
2026-05-11,09:32:57,SMX,SMX (Security Matters) Public Limited Company Ordinary Shares,Nasdaq,LULD Pause,2026-05-11,09:42:57
2026-05-11,09:32:09,COHN,Cohen & Company Inc,NYSE American,LULD Pause,2026-05-11,09:37:09
2026-05-11,09:31:38,CERT,"""Certara, Inc. Common Stock""",Nasdaq,LULD Pause,2026-05-11,09:41:38
2026-05-11,09:31:13,ODYS,Odysight.ai Inc. Common Stock,Nasdaq,LULD Pause,2026-05-11,09:36:13
2026-05-11,09:30:40,WOK,WORK Medical Technology Group LTD Class A Ordinary Shares,Nasdaq,LULD Pause,2026-05-11,09:40:41
2026-05-08,19:50:00,KZR,"""Kezar Life Sciences, Inc. Common Stock""",Nasdaq,News Pending,,
2026-05-08,19:50:00,ASBPW,"""Aspire Biopharma Holdings, Inc. Warrant""",Nasdaq,News Pending,2026-05-11,09:05:00
2026-05-08,19:50:00,ASBPW,"""Aspire Biopharma Holdings, Inc. Warrant""",Nasdaq,News Pending,,
2026-05-08,19:50:00,UDMY,"""Udemy, Inc. Common Stock""",Nasdaq,News Pending,,
2026-05-08,19:50:00,SMXWW,SMX (Security Matters) Public Limited Company Warrant,Nasdaq,News Pending,2026-05-11,09:05:00
2026-05-08,19:50:00,SMXWW,SMX (Security Matters) Public Limited Company Warrant,Nasdaq,News Pending,,
2026-05-08,19:50:00,ASBP,"""Aspire Biopharma Holdings, Inc. Common Stock""",Nasdaq,News Pending,2026-05-11,09:00:00
2026-05-08,19:50:00,ASBP,"""Aspire Biopharma Holdings, Inc. Common Stock""",Nasdaq,News Pending,,
2026-05-08,19:50:00,SMX,SMX (Security Matters) Public Limited Company Ordinary Shares,Nasdaq,News Pending,,
2026-05-08,19:50:00,SMX,SMX (Security Matters) Public Limited Company Ordinary Shares,Nasdaq,News Pending,2026-05-11,09:00:00
2026-05-08,19:50:00,KALA,"""KALA BIO, Inc. Common Stock""",Nasdaq,News Pending,,
2026-05-08,19:50:00,KALA,"""KALA BIO, Inc. Common Stock""",Nasdaq,News Pending,2026-05-11,09:00:00
2026-05-08,19:50:00,AIXI,XIAO-I Corporation American Depositary Shares,Nasdaq,News Pending,2026-05-11,09:00:00
2026-05-08,19:50:00,AIXI,XIAO-I Corporation American Depositary Shares,Nasdaq,News Pending,,
2026-05-08,19:50:00,DKI,DarkIris Inc. Class A Ordinary Shares,Nasdaq,News Pending,2026-05-11,09:00:00
2026-05-08,19:50:00,DKI,DarkIris Inc. Class A Ordinary Shares,Nasdaq,News Pending,,
2026-05-08,15:56:18,MOBI,"""Mobia Medical, Inc. Common Stock""",Nasdaq,LULD Pause,2026-05-08,16:00:00
2026-05-08,15:30:56,AEHL,Antelope Enterprise Holdings Limited Class A Ordinary Shares,Nasdaq,LULD Pause,2026-05-08,15:35:56
2026-05-08,15:03:52,POM,POMDOCTOR LIMITED American Depositary Shares,Nasdaq,LULD Pause,2026-05-08,15:08:52
2026-05-08,14:07:04,WLACU,Willow Lane Acquisition Corp. Unit,Nasdaq,LULD Pause,2026-05-08,14:12:04
2026-05-08,14:02:49,STFS,Star Fashion Culture Holdings Limited Class A Ordinary Shares,Nasdaq,LULD Pause,2026-05-08,14:07:49
2026-05-08,13:42:58,WLACU,Willow Lane Acquisition Corp. Unit,Nasdaq,LULD Pause,2026-05-08,13:47:58
2026-05-08,13:35:05,AEHL,Antelope Enterprise Holdings Limited Class A Ordinary Shares,Nasdaq,LULD Pause,2026-05-08,13:40:05
2026-05-08,13:19:51,AEHL,Antelope Enterprise Holdings Limited Class A Ordinary Shares,Nasdaq,LULD Pause,2026-05-08,13:29:51
2026-05-08,13:14:27,AEHL,Antelope Enterprise Holdings Limited Class A Ordinary Shares,Nasdaq,LULD Pause,2026-05-08,13:19:27
2026-05-08,13:09:33,REPL,"""Replimune Group, Inc.""",Nasdaq,LULD Pause,2026-05-08,13:19:33
2026-05-08,13:08:51,AEHL,Antelope Enterprise Holdings Limited Class A Ordinary Shares,Nasdaq,LULD Pause,2026-05-08,13:13:51
2026-05-08,12:24:12,AEHL,Antelope Enterprise Holdings Limited Class A Ordinary Shares,Nasdaq,LULD Pause,2026-05-08,12:29:12
2026-05-08,12:17:16,AEHL,Antelope Enterprise Holdings Limited Class A Ordinary Shares,Nasdaq,LULD Pause,2026-05-08,12:22:16
2026-05-08,12:11:06,ANPA,Rich Sparkle Holdings Limited Ordinary Shares,Nasdaq,LULD Pause,2026-05-08,12:16:06
2026-05-08,12:06:30,AEHL,Antelope Enterprise Holdings Limited Class A Ordinary Shares,Nasdaq,LULD Pause,2026-05-08,12:16:41
2026-05-08,12:02:13,ANPA,Rich Sparkle Holdings Limited Ordinary Shares,Nasdaq,LULD Pause,2026-05-08,12:07:13
2026-05-08,11:56:14,AEHL,Antelope Enterprise Holdings Limited Class A Ordinary Shares,Nasdaq,LULD Pause,2026-05-08,12:06:14
2026-05-08,11:55:07,ANPA,Rich Sparkle Holdings Limited Ordinary Shares,Nasdaq,LULD Pause,2026-05-08,12:00:07
2026-05-08,11:50:37,AEHL,Antelope Enterprise Holdings Limited Class A Ordinary Shares,Nasdaq,LULD Pause,2026-05-08,11:55:37
2026-05-08,11:49:24,ANPA,Rich Sparkle Holdings Limited Ordinary Shares,Nasdaq,LULD Pause,2026-05-08,11:54:24
2026-05-08,11:48:48,ENHA,Enhanced Group Inc.,NYSE,LULD Pause,2026-05-08,11:53:52
2026-05-08,11:44:28,AEHL,Antelope Enterprise Holdings Limited Class A Ordinary Shares,Nasdaq,LULD Pause,2026-05-08,11:49:28
2026-05-08,11:39:59,RPGL,Republic Power Group Limited Class A Ordinary Shares,Nasdaq,LULD Pause,2026-05-08,11:44:59
2026-05-08,11:39:01,ANPA,Rich Sparkle Holdings Limited Ordinary Shares,Nasdaq,LULD Pause,2026-05-08,11:49:02
2026-05-08,11:36:42,PTLE,PTL LTD Class A Ordinary Shares,Nasdaq,LULD Pause,2026-05-08,11:46:42
2026-05-08,11:32:09,STFS,Star Fashion Culture Holdings Limited Class A Ordinary Shares,Nasdaq,LULD Pause,2026-05-08,11:37:09
2026-05-08,11:31:55,AEHL,Antelope Enterprise Holdings Limited Class A Ordinary Shares,Nasdaq,LULD Pause,2026-05-08,11:41:55
2026-05-08,11:27:34,ANPA,Rich Sparkle Holdings Limited Ordinary Shares,Nasdaq,LULD Pause,2026-05-08,11:37:34
2026-05-08,11:25:40,STFS,Star Fashion Culture Holdings Limited Class A Ordinary Shares,Nasdaq,LULD Pause,2026-05-08,11:30:40
2026-05-08,11:21:32,AEHL,Antelope Enterprise Holdings Limited Class A Ordinary Shares,Nasdaq,LULD Pause,2026-05-08,11:31:32
2026-05-08,11:19:17,STFS,Star Fashion Culture Holdings Limited Class A Ordinary Shares,Nasdaq,LULD Pause,2026-05-08,11:24:17
2026-05-08,11:12:40,STFS,Star Fashion Culture Holdings Limited Class A Ordinary Shares,Nasdaq,LULD Pause,2026-05-08,11:17:40
2026-05-08,11:11:05,AEHL,Antelope Enterprise Holdings Limited Class A Ordinary Shares,Nasdaq,LULD Pause,2026-05-08,11:21:05
2026-05-08,11:06:50,AIIO,Robo.ai Inc. Class B Ordinary Shares,Nasdaq,LULD Pause,2026-05-08,11:11:50
2026-05-08,11:06:01,STFS,Star Fashion Culture Holdings Limited Class A Ordinary Shares,Nasdaq,LULD Pause,2026-05-08,11:11:01
2026-05-08,11:04:56,YMAT,"""J-Star Holding Co., Ltd. Class A Ordinary Shares""",Nasdaq,LULD Pause,2026-05-08,11:09:56
2026-05-08,11:03:04,ATGL,Alpha Technology Group Limited Class A Ordinary Shares,Nasdaq,LULD Pause,2026-05-08,11:08:04
2026-05-08,11:00:47,AEHL,Antelope Enterprise Holdings Limited Class A Ordinary Shares,Nasdaq,LULD Pause,2026-05-08,11:10:47
2026-05-08,10:55:26,STFS,Star Fashion Culture Holdings Limited Class A Ordinary Shares,Nasdaq,LULD Pause,2026-05-08,11:05:26
2026-05-08,10:50:31,AEHL,Antelope Enterprise Holdings Limited Class A Ordinary Shares,Nasdaq,LULD Pause,2026-05-08,11:00:31
2026-05-08,10:43:21,STFS,Star Fashion Culture Holdings Limited Class A Ordinary Shares,Nasdaq,LULD Pause,2026-05-08,10:53:21
2026-05-08,10:40:15,AEHL,Antelope Enterprise Holdings Limited Class A Ordinary Shares,Nasdaq,LULD Pause,2026-05-08,10:50:15
2026-05-08,10:34:55,AEHL,Antelope Enterprise Holdings Limited Class A Ordinary Shares,Nasdaq,LULD Pause,2026-05-08,10:39:55
2026-05-08,10:33:58,PHOE,Phoenix Asia Holdings Limited Ordinary Shares,Nasdaq,LULD Pause,2026-05-08,10:38:58
2026-05-08,10:32:46,STFS,Star Fashion Culture Holdings Limited Class A Ordinary Shares,Nasdaq,LULD Pause,2026-05-08,10:42:46
2026-05-08,10:27:18,OLOX,Olenox Industries Inc. Common Stock,Nasdaq,LULD Pause,2026-05-08,10:32:18
2026-05-08,10:13:56,PHOE,Phoenix Asia Holdings Limited Ordinary Shares,Nasdaq,LULD Pause,2026-05-08,10:18:56
2026-05-08,10:05:31,PHOE,Phoenix Asia Holdings Limited Ordinary Shares,Nasdaq,LULD Pause,2026-05-08,10:10:31
2026-05-08,10:03:18,OLOX,Olenox Industries Inc. Common Stock,Nasdaq,LULD Pause,2026-05-08,10:13:18
2026-05-08,09:57:26,NEPH,Nephros Inc.,Nasdaq,LULD Pause,2026-05-08,10:02:26
2026-05-08,09:55:52,BUUU,BUUU Group Limited Class A Ordinary Share,Nasdaq,LULD Pause,2026-05-08,10:00:52
2026-05-08,09:54:12,PHOE,Phoenix Asia Holdings Limited Ordinary Shares,Nasdaq,LULD Pause,2026-05-08,09:59:12
2026-05-08,09:49:13,AEHL,Antelope Enterprise Holdings Limited Class A Ordinary Shares,Nasdaq,LULD Pause,2026-05-08,09:54:13
2026-05-08,09:48:34,PHOE,Phoenix Asia Holdings Limited Ordinary Shares,Nasdaq,LULD Pause,2026-05-08,09:53:34
2026-05-08,09:43:25,BUUU,BUUU Group Limited Class A Ordinary Share,Nasdaq,LULD Pause,2026-05-08,09:53:25
2026-05-08,09:41:13,STFS,Star Fashion Culture Holdings Limited Class A Ordinary Shares,Nasdaq,LULD Pause,2026-05-08,10:32:22
2026-05-08,09:37:47,RDACU,Rising Dragon Acquisition Corp. Unit,Nasdaq,LULD Pause,2026-05-08,09:42:47
2026-05-08,09:37:15,IBTR,iShares iBonds Dec 2036 Term Treasury ETF,Nasdaq,LULD Pause,2026-05-08,09:47:15
2026-05-08,09:36:44,BUUU,BUUU Group Limited Class A Ordinary Share,Nasdaq,LULD Pause,2026-05-08,09:41:44
2026-05-08,09:36:00,PHOE,Phoenix Asia Holdings Limited Ordinary Shares,Nasdaq,LULD Pause,2026-05-08,09:46:00
2026-05-08,09:34:04,PN,Skycorp Solar Group Limited Ordinary Shares,Nasdaq,LULD Pause,2026-05-08,09:44:04
2026-05-08,09:30:57,NXTS,Nexentis Technologies Inc. Common Stock,Nasdaq,LULD Pause,2026-05-08,09:35:57
2026-05-08,09:30:15,TC,Token Cat Limited American Depositary Shares,Nasdaq,LULD Pause,2026-05-08,09:40:16
2026-05-07,19:50:00,EWCZ,"""European Wax Center, Inc. Class A Common Stock""",Nasdaq,News Pending,,
2026-05-07,19:50:00,OLOX,Olenox Industries Inc. Common Stock,Nasdaq,News Pending,,
2026-05-07,19:50:00,OLOX,Olenox Industries Inc. Common Stock,Nasdaq,News Pending,2026-05-08,09:00:00
2026-05-07,19:50:00,CTLP,"""Cantaloupe, Inc. Common Stock""",Nasdaq,News Pending,,
2026-05-07,19:50:00,BNZI,"""Banzai International, Inc. Class A Common Stock""",Nasdaq,News Pending,2026-05-08,09:00:00
2026-05-07,19:50:00,BNZI,"""Banzai International, Inc. Class A Common Stock""",Nasdaq,News Pending,,
2026-05-07,19:50:00,BNZIW,"""Banzai International, Inc. Warrant""",Nasdaq,News Pending,,
2026-05-07,19:50:00,BNZIW,"""Banzai International, Inc. Warrant""",Nasdaq,News Pending,2026-05-08,09:05:00
2026-05-07,16:30:00,BTBDW,"""BT Brands, Inc. Warrant""",Nasdaq,News Pending,2026-05-07,17:10:00
2026-05-07,16:30:00,BTBD,"""BT Brands, Inc. Common Stock""",Nasdaq,News Pending,2026-05-07,17:05:00
2026-05-07,16:11:50,CLAR,Clarus Corporation Common Stock,Nasdaq,News Pending,2026-05-07,16:45:00
2026-05-07,15:40:48,PHOE,Phoenix Asia Holdings Limited Ordinary Shares,Nasdaq,LULD Pause,2026-05-07,16:00:00
2026-05-07,15:30:39,WFCF,"""Where Food Comes From, Inc. Common Stock""",Nasdaq,LULD Pause,2026-05-07,15:45:19
2026-05-07,15:30:30,ATRA,"""Atara Biotherapeutics, Inc""",Nasdaq,LULD Pause,2026-05-07,15:40:30
2026-05-07,14:53:03,WFCF,"""Where Food Comes From, Inc. Common Stock""",Nasdaq,LULD Pause,2026-05-07,14:58:03
2026-05-07,14:14:30,WFCF,"""Where Food Comes From, Inc. Common Stock""",Nasdaq,LULD Pause,2026-05-07,14:24:30
2026-05-07,14:03:44,ATGL,Alpha Technology Group Limited Class A Ordinary Shares,Nasdaq,LULD Pause,2026-05-07,14:08:44
2026-05-07,13:56:46,WFCF,"""Where Food Comes From, Inc. Common Stock""",Nasdaq,LULD Pause,2026-05-07,14:06:46
2026-05-07,13:12:45,APADU,A Paradise Acquisition Corp. Unit,Nasdaq,LULD Pause,2026-05-07,13:22:46
2026-05-07,13:08:11,WFCF,"""Where Food Comes From, Inc. Common Stock""",Nasdaq,LULD Pause,2026-05-07,13:18:12
2026-05-07,12:40:58,ONEG,OneConstruction Group Limited Ordinary Shares,Nasdaq,LULD Pause,2026-05-07,12:45:58
2026-05-07,12:32:25,ONEG,OneConstruction Group Limited Ordinary Shares,Nasdaq,LULD Pause,2026-05-07,12:37:25
2026-05-07,12:26:30,ONEG,OneConstruction Group Limited Ordinary Shares,Nasdaq,LULD Pause,2026-05-07,12:31:30
2026-05-07,12:24:10,WFCF,"""Where Food Comes From, Inc. Common Stock""",Nasdaq,LULD Pause,2026-05-07,12:34:10
2026-05-07,12:18:32,ONEG,OneConstruction Group Limited Ordinary Shares,Nasdaq,LULD Pause,2026-05-07,12:23:32
2026-05-07,12:14:06,ATRA,"""Atara Biotherapeutics, Inc""",Nasdaq,LULD Pause,2026-05-07,12:19:06
2026-05-07,12:12:11,WFCF,"""Where Food Comes From, Inc. Common Stock""",Nasdaq,LULD Pause,2026-05-07,12:17:11
2026-05-07,12:11:41,ONEG,OneConstruction Group Limited Ordinary Shares,Nasdaq,LULD Pause,2026-05-07,12:16:41
2026-05-07,12:08:54,JLHL,Julong Holding Limited Class A Ordinary Shares,Nasdaq,LULD Pause,2026-05-07,12:13:54
2026-05-07,12:00:58,WFCF,"""Where Food Comes From, Inc. Common Stock""",Nasdaq,LULD Pause,2026-05-07,12:10:58
2026-05-07,11:45:33,SMX,SMX (Security Matters) Public Limited Company Ordinary Shares,Nasdaq,LULD Pause,2026-05-07,11:50:33
2026-05-07,11:37:37,ONEG,OneConstruction Group Limited Ordinary Shares,Nasdaq,LULD Pause,2026-05-07,11:42:37
2026-05-07,11:31:39,ONEG,OneConstruction Group Limited Ordinary Shares,Nasdaq,LULD Pause,2026-05-07,11:36:39
2026-05-07,11:21:34,ATGL,Alpha Technology Group Limited Class A Ordinary Shares,Nasdaq,LULD Pause,2026-05-07,11:26:34
2026-05-07,11:19:29,ONEG,OneConstruction Group Limited Ordinary Shares,Nasdaq,LULD Pause,2026-05-07,11:29:29
2026-05-07,11:14:06,ONEG,OneConstruction Group Limited Ordinary Shares,Nasdaq,LULD Pause,2026-05-07,11:19:06
2026-05-07,10:50:36,ATRA,"""Atara Biotherapeutics, Inc""",Nasdaq,LULD Pause,2026-05-07,10:55:36
2026-05-07,10:48:42,MB,MasterBeef Group Ordinary Shares,Nasdaq,LULD Pause,2026-05-07,10:58:42
2026-05-07,10:42:42,NXTS,Nexentis Technologies Inc. Common Stock,Nasdaq,LULD Pause,2026-05-07,10:47:42
2026-05-07,10:29:17,GDC,GD Culture Group Limited Common Stock,Nasdaq,LULD Pause,2026-05-07,10:34:17
2026-05-07,10:25:47,HWAY,Themes US Infrastructure ETF,Nasdaq,LULD Pause,2026-05-07,10:30:47
2026-05-07,10:18:58,AHT PRI,"""Ashford Hospitality Trust, Inc. 7.50% Series I Cumulative Preferred Stock""",NYSE,LULD Pause,2026-05-07,10:23:59
2026-05-07,10:09:57,AIOS,AIOS Tech Inc. Class A Common Shares,Nasdaq,LULD Pause,2026-05-07,10:19:57
2026-05-07,10:09:00,GDC,GD Culture Group Limited Common Stock,Nasdaq,LULD Pause,2026-05-07,10:14:00
2026-05-07,10:07:58,ONEG,OneConstruction Group Limited Ordinary Shares,Nasdaq,LULD Pause,2026-05-07,10:12:58
2026-05-07,09:53:27,WFCF,"""Where Food Comes From, Inc. Common Stock""",Nasdaq,LULD Pause,2026-05-07,09:58:27
2026-05-07,09:51:30,GDC,GD Culture Group Limited Common Stock,Nasdaq,LULD Pause,2026-05-07,09:56:30
2026-05-07,09:50:36,SSM,Sono Group N.V. Ordinary Shares,Nasdaq,LULD Pause,2026-05-07,09:55:36
2026-05-07,09:46:46,ONEG,OneConstruction Group Limited Ordinary Shares,Nasdaq,LULD Pause,2026-05-07,09:51:46
2026-05-07,09:41:34,GDC,GD Culture Group Limited Common Stock,Nasdaq,LULD Pause,2026-05-07,09:46:34
2026-05-07,09:40:48,ONEG,OneConstruction Group Limited Ordinary Shares,Nasdaq,LULD Pause,2026-05-07,09:45:48
2026-05-07,09:40:13,PLNT,"""Planet Fitness, Inc.""",NYSE,LULD Pause,2026-05-07,09:45:13
2026-05-07,09:39:42,PN,Skycorp Solar Group Limited Ordinary Shares,Nasdaq,LULD Pause,2026-05-07,09:49:42
2026-05-07,09:36:05,GDC,GD Culture Group Limited Common Stock,Nasdaq,LULD Pause,2026-05-07,09:41:05
2026-05-07,09:35:42,APAD,A Paradise Acquisition Corp. Class A Ordinary Shares,Nasdaq,LULD Pause,2026-05-07,09:40:42
2026-05-07,09:35:28,CHSN,Chanson International Holding Class A Ordinary Shares,Nasdaq,LULD Pause,2026-05-07,09:45:28
2026-05-07,09:32:42,GLIBK,"""GCI Liberty, Inc. Series C GCI Group Common Stock""",Nasdaq,LULD Pause,2026-05-07,09:37:42
2026-05-07,09:30:59,PN,Skycorp Solar Group Limited Ordinary Shares,Nasdaq,LULD Pause,2026-05-07,09:35:59
2026-05-07,09:30:43,CVR,Chicago Rivet & Machine Co.,NYSE American,LULD Pause,2026-05-07,09:35:43
2026-05-07,09:30:26,ONEG,OneConstruction Group Limited Ordinary Shares,Nasdaq,LULD Pause,2026-05-07,09:40:26
2026-05-07,09:30:15,AMPU,Defiance Daily Target 2X Long AMPX ETF,Cboe BZX,LULD Pause,2026-05-07,09:45:25
2026-05-07,08:28:20,CTRA,Coterra Energy Inc.,NYSE,Merger Effective,,
2026-05-06,19:50:00,CHSN,Chanson International Holding Class A Ordinary Shares,Nasdaq,News Pending,,
2026-05-06,19:50:00,CHSN,Chanson International Holding Class A Ordinary Shares,Nasdaq,News Pending,2026-05-07,09:00:00
2026-05-06,17:29:07,CCRN,Cross Country Healthcare Inc,Nasdaq,News Pending,2026-05-06,18:05:01
2026-05-06,15:50:19,BUUU,BUUU Group Limited Class A Ordinary Share,Nasdaq,LULD Pause,2026-05-06,16:00:00
2026-05-06,15:49:28,PHOE,Phoenix Asia Holdings Limited Ordinary Shares,Nasdaq,LULD Pause,2026-05-06,16:00:00
2026-05-06,15:36:36,GVH,Globavend Holdings Limited Ordinary Shares,Nasdaq,LULD Pause,2026-05-06,15:41:36
2026-05-06,15:36:23,ONEG,OneConstruction Group Limited Ordinary Shares,Nasdaq,LULD Pause,2026-05-06,16:00:00
2026-05-06,15:28:35,WFCF,"""Where Food Comes From, Inc. Common Stock""",Nasdaq,LULD Pause,2026-05-06,15:38:35
2026-05-06,15:20:40,WFCF,"""Where Food Comes From, Inc. Common Stock""",Nasdaq,LULD Pause,2026-05-06,15:25:40
2026-05-06,15:15:40,GVH,Globavend Holdings Limited Ordinary Shares,Nasdaq,LULD Pause,2026-05-06,15:25:41
2026-05-06,15:08:46,GDC,GD Culture Group Limited Common Stock,Nasdaq,LULD Pause,2026-05-06,15:13:46
2026-05-06,15:08:28,WFCF,"""Where Food Comes From, Inc. Common Stock""",Nasdaq,LULD Pause,2026-05-06,15:18:28
2026-05-06,15:04:59,STFS,Star Fashion Culture Holdings Limited Class A Ordinary Shares,Nasdaq,LULD Pause,2026-05-06,15:09:59
2026-05-06,15:00:26,GDC,GD Culture Group Limited Common Stock,Nasdaq,LULD Pause,2026-05-06,15:05:26
2026-05-06,14:47:13,GVH,Globavend Holdings Limited Ordinary Shares,Nasdaq,LULD Pause,2026-05-06,15:02:36
2026-05-06,14:36:14,GDC,GD Culture Group Limited Common Stock,Nasdaq,LULD Pause,2026-05-06,14:41:14
2026-05-06,14:07:45,CRE,Cre8 Enterprise Limited Class A Ordinary Shares,Nasdaq,LULD Pause,2026-05-06,14:17:46
2026-05-06,14:07:24,STFS,Star Fashion Culture Holdings Limited Class A Ordinary Shares,Nasdaq,LULD Pause,2026-05-06,14:17:24
2026-05-06,14:01:43,STFS,Star Fashion Culture Holdings Limited Class A Ordinary Shares,Nasdaq,LULD Pause,2026-05-06,14:06:43
2026-05-06,14:01:36,GDC,GD Culture Group Limited Common Stock,Nasdaq,LULD Pause,2026-05-06,14:11:37
2026-05-06,13:54:10,GDC,GD Culture Group Limited Common Stock,Nasdaq,LULD Pause,2026-05-06,13:59:10
2026-05-06,13:40:27,GDC,GD Culture Group Limited Common Stock,Nasdaq,LULD Pause,2026-05-06,13:45:27
2026-05-06,13:11:11,PHOE,Phoenix Asia Holdings Limited Ordinary Shares,Nasdaq,LULD Pause,2026-05-06,13:16:11
2026-05-06,13:06:01,GDC,GD Culture Group Limited Common Stock,Nasdaq,LULD Pause,2026-05-06,13:11:01
2026-05-06,13:01:36,STFS,Star Fashion Culture Holdings Limited Class A Ordinary Shares,Nasdaq,LULD Pause,2026-05-06,13:06:36
2026-05-06,12:43:44,STFS,Star Fashion Culture Holdings Limited Class A Ordinary Shares,Nasdaq,LULD Pause,2026-05-06,12:48:44
2026-05-06,12:30:49,STFS,Star Fashion Culture Holdings Limited Class A Ordinary Shares,Nasdaq,LULD Pause,2026-05-06,12:40:49
2026-05-06,12:25:33,STFS,Star Fashion Culture Holdings Limited Class A Ordinary Shares,Nasdaq,LULD Pause,2026-05-06,12:30:33
2026-05-06,12:20:34,DIN,"""Dine Brands Global, Inc.""",NYSE,News Pending,2026-05-06,15:38:35
2026-05-06,12:02:57,CRE,Cre8 Enterprise Limited Class A Ordinary Shares,Nasdaq,LULD Pause,2026-05-06,12:15:20
2026-05-06,11:58:04,PHOE,Phoenix Asia Holdings Limited Ordinary Shares,Nasdaq,LULD Pause,2026-05-06,12:08:04
2026-05-06,11:53:16,CRE,Cre8 Enterprise Limited Class A Ordinary Shares,Nasdaq,LULD Pause,2026-05-06,11:58:16
2026-05-06,11:46:32,ZTEK,Zentek Ltd. Common Stock,Nasdaq,News Pending,2026-05-06,12:30:00
2026-05-06,11:10:06,GDC,GD Culture Group Limited Common Stock,Nasdaq,LULD Pause,2026-05-06,11:15:06
2026-05-06,10:48:14,GDC,GD Culture Group Limited Common Stock,Nasdaq,LULD Pause,2026-05-06,11:03:15
2026-05-06,10:42:45,GDC,GD Culture Group Limited Common Stock,Nasdaq,LULD Pause,2026-05-06,10:47:45
2026-05-06,10:41:05,BNRG,Brenmiller Energy Ltd Ordinary Shares,Nasdaq,LULD Pause,2026-05-06,10:46:05
2026-05-06,10:36:56,GDC,GD Culture Group Limited Common Stock,Nasdaq,LULD Pause,2026-05-06,10:41:56
2026-05-06,10:31:15,GDC,GD Culture Group Limited Common Stock,Nasdaq,LULD Pause,2026-05-06,10:36:15
2026-05-06,10:30:20,ELPW,Elong Power Holding Limited Class A Ordinary Shares,Nasdaq,LULD Pause,2026-05-06,10:35:20
2026-05-06,10:28:56,EUDA,EUDA Health Holdings Limited Ordinary Shares,Nasdaq,LULD Pause,2026-05-06,10:33:56
2026-05-06,10:28:03,EZGO,EZGO Technologies Ltd. Ordinary Shares,Nasdaq,LULD Pause,2026-05-06,10:33:03
2026-05-06,10:25:03,BRKRP,"""Bruker Corporation 6.375% Mandatory Convertible Preferred Stock, Series A""",Nasdaq,LULD Pause,2026-05-06,10:30:03
2026-05-06,10:23:33,BNRG,Brenmiller Energy Ltd Ordinary Shares,Nasdaq,LULD Pause,2026-05-06,10:33:33
2026-05-06,10:23:12,EUDA,EUDA Health Holdings Limited Ordinary Shares,Nasdaq,LULD Pause,2026-05-06,10:28:12
2026-05-06,10:20:32,GDC,GD Culture Group Limited Common Stock,Nasdaq,LULD Pause,2026-05-06,10:30:32
2026-05-06,10:18:08,EZGO,EZGO Technologies Ltd. Ordinary Shares,Nasdaq,LULD Pause,2026-05-06,10:23:08
2026-05-06,10:17:54,ELPW,Elong Power Holding Limited Class A Ordinary Shares,Nasdaq,LULD Pause,2026-05-06,10:27:54
2026-05-06,10:15:58,EUDA,EUDA Health Holdings Limited Ordinary Shares,Nasdaq,LULD Pause,2026-05-06,10:20:58
2026-05-06,10:14:27,GDC,GD Culture Group Limited Common Stock,Nasdaq,LULD Pause,2026-05-06,10:19:27
2026-05-06,10:12:26,ELPW,Elong Power Holding Limited Class A Ordinary Shares,Nasdaq,LULD Pause,2026-05-06,10:17:26
2026-05-06,10:09:34,EUDA,EUDA Health Holdings Limited Ordinary Shares,Nasdaq,LULD Pause,2026-05-06,10:14:34
2026-05-06,10:08:54,GDC,GD Culture Group Limited Common Stock,Nasdaq,LULD Pause,2026-05-06,10:13:54
2026-05-06,10:06:21,BNRG,Brenmiller Energy Ltd Ordinary Shares,Nasdaq,LULD Pause,2026-05-06,10:20:04
2026-05-06,10:03:23,PHOE,Phoenix Asia Holdings Limited Ordinary Shares,Nasdaq,LULD Pause,2026-05-06,10:08:23
2026-05-06,10:00:29,EZGO,EZGO Technologies Ltd. Ordinary Shares,Nasdaq,LULD Pause,2026-05-06,10:05:29
2026-05-06,09:59:15,AKAN,Akanda Corp. Common Shares,Nasdaq,LULD Pause,2026-05-06,10:04:15
2026-05-06,09:55:02,EUDA,EUDA Health Holdings Limited Ordinary Shares,Nasdaq,LULD Pause,2026-05-06,10:05:03
2026-05-06,09:51:39,GDC,GD Culture Group Limited Common Stock,Nasdaq,LULD Pause,2026-05-06,10:08:23
2026-05-06,09:51:10,PHOE,Phoenix Asia Holdings Limited Ordinary Shares,Nasdaq,LULD Pause,2026-05-06,10:01:10
2026-05-06,09:50:34,EZGO,EZGO Technologies Ltd. Ordinary Shares,Nasdaq,LULD Pause,2026-05-06,09:55:34
2026-05-06,09:47:49,EGGQ,NestYield Visionary ETF,Nasdaq,LULD Pause,2026-05-06,09:57:49
2026-05-06,09:44:22,EUDA,EUDA Health Holdings Limited Ordinary Shares,Nasdaq,LULD Pause,2026-05-06,09:54:23
2026-05-06,09:42:41,EZGO,EZGO Technologies Ltd. Ordinary Shares,Nasdaq,LULD Pause,2026-05-06,09:47:41
2026-05-06,09:39:02,FFDI,Fidelity Fundamental Developed International ETF,Cboe BZX,LULD Pause,2026-05-06,09:44:02
2026-05-06,09:35:30,HLXX,Tradr 2X Long HL Daily ETF,Cboe BZX,LULD Pause,2026-05-06,09:40:30
2026-05-06,09:35:18,PAAU,T-REX 2X Long PAAS Daily Target ETF,Cboe BZX,LULD Pause,2026-05-06,09:40:18
2026-05-06,09:34:45,ERNA,Ernexa Therapeutics Inc. Common Stock,Nasdaq,LULD Pause,2026-05-06,09:39:45
2026-05-06,09:34:02,EUDA,EUDA Health Holdings Limited Ordinary Shares,Nasdaq,LULD Pause,2026-05-06,09:44:03
2026-05-06,09:30:32,PN,Skycorp Solar Group Limited Ordinary Shares,Nasdaq,LULD Pause,2026-05-06,09:35:32
2026-05-06,09:30:16,CPNX,Tradr 2X Long CPNG Daily ETF,Cboe BZX,LULD Pause,2026-05-06,09:35:16
2026-05-06,09:30:16,ARMW,Roundhill ARM WeeklyPay ETF,Cboe BZX,LULD Pause,2026-05-06,09:35:16
2026-05-06,09:03:17,PKST,Peakstone Realty Trust,NYSE,Merger Effective,,
2026-05-05,19:50:00,MIMI,Mint Incorporation Limited Class A Ordinary Shares,Nasdaq,News Pending,,
2026-05-05,19:50:00,MIMI,Mint Incorporation Limited Class A Ordinary Shares,Nasdaq,News Pending,2026-05-06,09:00:00
2026-05-05,17:55:00,BWEN,"""Broadwind, Inc. Common Stock""",Nasdaq,News Pending,2026-05-05,18:30:00
2026-05-05,15:52:53,GDC,GD Culture Group Limited Common Stock,Nasdaq,LULD Pause,2026-05-05,16:00:00
2026-05-05,15:41:59,GDC,GD Culture Group Limited Common Stock,Nasdaq,LULD Pause,2026-05-05,15:46:59
2026-05-05,15:41:12,PHOE,Phoenix Asia Holdings Limited Ordinary Shares,Nasdaq,LULD Pause,2026-05-05,16:00:00
2026-05-05,15:29:52,PN,Skycorp Solar Group Limited Ordinary Shares,Nasdaq,LULD Pause,2026-05-05,15:34:52
2026-05-05,15:28:18,PHOE,Phoenix Asia Holdings Limited Ordinary Shares,Nasdaq,LULD Pause,2026-05-05,15:38:19
2026-05-05,15:16:45,APUS,"""Apimeds Pharmaceuticals US, Inc.""",NYSE American,LULD Pause,2026-05-05,15:26:46
2026-05-05,15:11:48,PHOE,Phoenix Asia Holdings Limited Ordinary Shares,Nasdaq,LULD Pause,2026-05-05,15:21:48
2026-05-05,15:02:36,APUS,"""Apimeds Pharmaceuticals US, Inc.""",NYSE American,LULD Pause,2026-05-05,15:07:36
2026-05-05,14:07:19,APUS,"""Apimeds Pharmaceuticals US, Inc.""",NYSE American,LULD Pause,2026-05-05,15:02:19
2026-05-05,14:07:03,PHOE,Phoenix Asia Holdings Limited Ordinary Shares,Nasdaq,LULD Pause,2026-05-05,15:10:51
2026-05-05,14:00:30,ONEG,OneConstruction Group Limited Ordinary Shares,Nasdaq,LULD Pause,2026-05-05,14:15:30
2026-05-05,13:43:08,AIZN,"""Assurant, Inc. 5.25% Subordinated Notes due 2061""",NYSE,News Pending,2026-05-05,14:20:04
2026-05-05,13:43:08,AIZ,"""Assurant, Inc.""",NYSE,News Pending,2026-05-05,14:19:44
2026-05-05,13:33:12,INLF,INLIF LIMITED Class A Ordinary Shares,Nasdaq,LULD Pause,2026-05-05,13:43:12
2026-05-05,13:19:57,INLF,INLIF LIMITED Class A Ordinary Shares,Nasdaq,LULD Pause,2026-05-05,13:24:57
2026-05-05,13:14:37,INLF,INLIF LIMITED Class A Ordinary Shares,Nasdaq,LULD Pause,2026-05-05,13:19:37
2026-05-05,13:05:34,PHOE,Phoenix Asia Holdings Limited Ordinary Shares,Nasdaq,LULD Pause,2026-05-05,14:06:16
2026-05-05,12:45:32,CRE,Cre8 Enterprise Limited Class A Ordinary Shares,Nasdaq,LULD Pause,2026-05-05,12:50:32
2026-05-05,12:43:56,PN,Skycorp Solar Group Limited Ordinary Shares,Nasdaq,LULD Pause,2026-05-05,12:48:56
2026-05-05,12:26:08,SSM,Sono Group N.V. Ordinary Shares,Nasdaq,LULD Pause,2026-05-05,12:31:08
2026-05-05,12:16:43,PN,Skycorp Solar Group Limited Ordinary Shares,Nasdaq,LULD Pause,2026-05-05,12:26:43
2026-05-05,12:14:01,SSM,Sono Group N.V. Ordinary Shares,Nasdaq,LULD Pause,2026-05-05,12:24:01
2026-05-05,12:08:38,SSM,Sono Group N.V. Ordinary Shares,Nasdaq,LULD Pause,2026-05-05,12:13:38
2026-05-05,12:01:56,INLF,INLIF LIMITED Class A Ordinary Shares,Nasdaq,LULD Pause,2026-05-05,12:11:56
2026-05-05,11:58:18,SSM,Sono Group N.V. Ordinary Shares,Nasdaq,LULD Pause,2026-05-05,12:08:18
2026-05-05,11:45:18,SMJF,SMJ International Holdings Inc.,NYSE American,LULD Pause,2026-05-05,11:50:18
2026-05-05,11:42:16,PN,Skycorp Solar Group Limited Ordinary Shares,Nasdaq,LULD Pause,2026-05-05,11:47:16
2026-05-05,11:31:50,PN,Skycorp Solar Group Limited Ordinary Shares,Nasdaq,LULD Pause,2026-05-05,11:41:50
2026-05-05,11:30:18,AIOS,AIOS Tech Inc. Class A Common Shares,Nasdaq,LULD Pause,2026-05-05,11:35:18
2026-05-05,11:24:23,AFJK,"""Aimei Health Technology Co., Ltd Ordinary Share""",Nasdaq,LULD Pause,2026-05-05,11:29:23
2026-05-05,11:06:52,PN,Skycorp Solar Group Limited Ordinary Shares,Nasdaq,LULD Pause,2026-05-05,11:31:22
2026-05-05,10:56:30,PN,Skycorp Solar Group Limited Ordinary Shares,Nasdaq,LULD Pause,2026-05-05,11:06:30
2026-05-05,10:55:49,AIOS,AIOS Tech Inc. Class A Common Shares,Nasdaq,LULD Pause,2026-05-05,11:00:49
2026-05-05,10:41:29,AIOS,AIOS Tech Inc. Class A Common Shares,Nasdaq,LULD Pause,2026-05-05,10:51:29
2026-05-05,10:35:52,AIOS,AIOS Tech Inc. Class A Common Shares,Nasdaq,LULD Pause,2026-05-05,10:40:52
2026-05-05,10:27:45,AIOS,AIOS Tech Inc. Class A Common Shares,Nasdaq,LULD Pause,2026-05-05,10:32:45
2026-05-05,10:19:09,UK,Ucommune International Ltd Ordinary Shares,Nasdaq,LULD Pause,2026-05-05,10:24:09
2026-05-05,10:17:33,SKK,SKK Holdings Limited Class A Ordinary Shares,Nasdaq,LULD Pause,2026-05-05,10:22:33
2026-05-05,10:17:26,AIOS,AIOS Tech Inc. Class A Common Shares,Nasdaq,LULD Pause,2026-05-05,10:27:26
2026-05-05,10:12:07,AIOS,AIOS Tech Inc. Class A Common Shares,Nasdaq,LULD Pause,2026-05-05,10:17:07
2026-05-05,10:08:07,UK,Ucommune International Ltd Ordinary Shares,Nasdaq,LULD Pause,2026-05-05,10:18:08
2026-05-05,10:04:59,SKK,SKK Holdings Limited Class A Ordinary Shares,Nasdaq,LULD Pause,2026-05-05,10:14:59
2026-05-05,09:54:19,SKK,SKK Holdings Limited Class A Ordinary Shares,Nasdaq,LULD Pause,2026-05-05,10:04:19
2026-05-05,09:53:22,PHOE,Phoenix Asia Holdings Limited Ordinary Shares,Nasdaq,LULD Pause,2026-05-05,09:58:22
2026-05-05,09:53:11,GDC,GD Culture Group Limited Common Stock,Nasdaq,LULD Pause,2026-05-05,09:58:11
2026-05-05,09:52:49,UK,Ucommune International Ltd Ordinary Shares,Nasdaq,LULD Pause,2026-05-05,10:07:50
2026-05-05,09:47:27,UK,Ucommune International Ltd Ordinary Shares,Nasdaq,LULD Pause,2026-05-05,09:52:27
2026-05-05,09:47:14,SKK,SKK Holdings Limited Class A Ordinary Shares,Nasdaq,LULD Pause,2026-05-05,09:52:14
2026-05-05,09:41:39,AIOS,AIOS Tech Inc. Class A Common Shares,Nasdaq,LULD Pause,2026-05-05,10:11:47
2026-05-05,09:41:02,SKK,SKK Holdings Limited Class A Ordinary Shares,Nasdaq,LULD Pause,2026-05-05,09:46:02
2026-05-05,09:39:55,GIG,GigCapital7 Corp. Class A Ordinary Share,Nasdaq,LULD Pause,2026-05-05,09:44:55
2026-05-05,09:39:54,NVOH,Novo Nordisk A/S (B Shares) ADRhedged,NYSE Arca,LULD Pause,2026-05-05,09:44:54
2026-05-05,09:37:23,BRBR,"""BellRing Brands, Inc.""",NYSE,LULD Pause,2026-05-05,09:42:31
2026-05-05,09:36:19,VEEE,Twin Vee PowerCats Co. Common Stock,Nasdaq,LULD Pause,2026-05-05,09:46:19
2026-05-05,09:34:17,GDC,GD Culture Group Limited Common Stock,Nasdaq,LULD Pause,2026-05-05,09:44:17
2026-05-05,09:32:56,CHRN,ChronoScale Corporation Common Stock,Nasdaq,LULD Pause,2026-05-05,09:37:56
2026-05-05,09:31:48,UK,Ucommune International Ltd Ordinary Shares,Nasdaq,LULD Pause,2026-05-05,09:46:49
2026-05-05,09:30:16,ATGL,Alpha Technology Group Limited Class A Ordinary Shares,Nasdaq,LULD Pause,2026-05-05,09:35:16
2026-05-05,07:25:00,GDC,GD Culture Group Limited Common Stock,Nasdaq,News Pending,2026-05-05,08:05:00
2026-05-05,07:25:00,FSEA,"""First Seacoast Bancorp, Inc. Common Stock""",Nasdaq,News Pending,2026-05-05,08:05:01
2026-05-05,06:55:00,VRDN,"""Viridian Therapeutics, Inc. Common Stock""",Nasdaq,News Pending,2026-05-05,07:30:00
2026-05-04,19:50:00,CRCG,Leverage Shares 2X Long CRCL Daily ETF,Nasdaq,News Pending,2026-05-05,09:00:00
2026-05-04,19:50:00,CRCG,Leverage Shares 2X Long CRCL Daily ETF,Nasdaq,News Pending,,
2026-05-04,19:50:00,BAIG,Leverage Shares 2X Long BBAI Daily ETF,Nasdaq,News Pending,2026-05-05,09:00:00
2026-05-04,19:50:00,BAIG,Leverage Shares 2X Long BBAI Daily ETF,Nasdaq,News Pending,,
2026-05-04,19:50:00,CRWG,Leverage Shares 2X Long CRWV Daily ETF,Nasdaq,News Pending,2026-05-05,09:00:00
2026-05-04,19:50:00,CRWG,Leverage Shares 2X Long CRWV Daily ETF,Nasdaq,News Pending,,
2026-05-04,19:50:00,TERN,"""Terns Pharmaceuticals, Inc. Common Stock""",Nasdaq,News Pending,,
2026-05-04,19:50:00,BMNG,Leverage Shares 2X Long BMNR Daily ETF,Nasdaq,News Pending,,
2026-05-04,19:50:00,BMNG,Leverage Shares 2X Long BMNR Daily ETF,Nasdaq,News Pending,2026-05-05,09:00:00
2026-05-04,19:50:00,FIGG,Leverage Shares 2x Long FIG Daily ETF,Nasdaq,News Pending,2026-05-05,09:00:00
2026-05-04,19:50:00,FIGG,Leverage Shares 2x Long FIG Daily ETF,Nasdaq,News Pending,,
2026-05-04,19:50:00,FARM,Farmer Bros Co,Nasdaq,News Pending,,
2026-05-04,19:50:00,DUOG,Leverage Shares 2X Long DUOL Daily ETF,Nasdaq,News Pending,2026-05-05,09:00:00
2026-05-04,19:50:00,DUOG,Leverage Shares 2X Long DUOL Daily ETF,Nasdaq,News Pending,,
2026-05-04,15:49:09,SSM,Sono Group N.V. Ordinary Shares,Nasdaq,LULD Pause,2026-05-04,16:00:00
2026-05-04,15:48:13,JLHL,Julong Holding Limited Class A Ordinary Shares,Nasdaq,LULD Pause,2026-05-04,16:00:00
2026-05-04,15:40:06,SSM,Sono Group N.V. Ordinary Shares,Nasdaq,LULD Pause,2026-05-04,15:45:06
2026-05-04,15:25:26,GDHG,Golden Heaven Group Holdings Ltd. Class A Ordinary Shares,Nasdaq,LULD Pause,2026-05-04,15:30:26
2026-05-04,15:22:01,SSM,Sono Group N.V. Ordinary Shares,Nasdaq,LULD Pause,2026-05-04,15:32:01
2026-05-04,15:12:54,ELPW,Elong Power Holding Limited Class A Ordinary Shares,Nasdaq,LULD Pause,2026-05-04,15:17:54
2026-05-04,15:09:22,GDHG,Golden Heaven Group Holdings Ltd. Class A Ordinary Shares,Nasdaq,LULD Pause,2026-05-04,15:23:50
2026-05-04,15:07:01,APADU,A Paradise Acquisition Corp. Unit,Nasdaq,LULD Pause,2026-05-04,15:22:02
2026-05-04,14:57:55,MBSX,Regan Fixed Rate MBS ETF,NYSE Arca,LULD Pause,2026-05-04,15:02:55
2026-05-04,14:50:38,JLHL,Julong Holding Limited Class A Ordinary Shares,Nasdaq,LULD Pause,2026-05-04,15:00:38
2026-05-04,14:43:54,SSM,Sono Group N.V. Ordinary Shares,Nasdaq,LULD Pause,2026-05-04,14:53:54
2026-05-04,14:04:12,HCAI,"""Huachen AI Parking Management Technology Holding Co., Ltd. Ordinary Shares""",Nasdaq,LULD Pause,2026-05-04,14:09:12
2026-05-04,13:49:13,HCAI,"""Huachen AI Parking Management Technology Holding Co., Ltd. Ordinary Shares""",Nasdaq,LULD Pause,2026-05-04,13:59:13
2026-05-04,13:45:06,JLHL,Julong Holding Limited Class A Ordinary Shares,Nasdaq,LULD Pause,2026-05-04,13:55:07
2026-05-04,13:35:47,HCAI,"""Huachen AI Parking Management Technology Holding Co., Ltd. Ordinary Shares""",Nasdaq,LULD Pause,2026-05-04,13:40:47
2026-05-04,13:28:59,HCAI,"""Huachen AI Parking Management Technology Holding Co., Ltd. Ordinary Shares""",Nasdaq,LULD Pause,2026-05-04,13:33:59
2026-05-04,13:27:17,CUE,"""Cue Biopharma, Inc.""",Nasdaq,LULD Pause,2026-05-04,13:32:17
2026-05-04,13:18:42,CLRO,"""ClearOne, Inc. Common Stock""",Nasdaq,LULD Pause,2026-05-04,13:23:42
2026-05-04,12:58:33,SKK,SKK Holdings Limited Class A Ordinary Shares,Nasdaq,LULD Pause,2026-05-04,13:08:33
2026-05-04,12:51:54,SKK,SKK Holdings Limited Class A Ordinary Shares,Nasdaq,LULD Pause,2026-05-04,12:56:54
2026-05-04,12:27:24,SKK,SKK Holdings Limited Class A Ordinary Shares,Nasdaq,LULD Pause,2026-05-04,12:50:55
2026-05-04,11:53:25,AKAN,Akanda Corp. Common Shares,Nasdaq,LULD Pause,2026-05-04,11:58:25
2026-05-04,11:51:17,GAINN,Gladstone Investment Corporation 5.00% Notes Due 2026,Nasdaq,News Pending,,
2026-05-04,11:47:02,SKK,SKK Holdings Limited Class A Ordinary Shares,Nasdaq,LULD Pause,2026-05-04,12:27:03
2026-05-04,11:23:56,CCM,Concord Medical Services Holding Limited,NYSE,LULD Pause,2026-05-04,11:29:04
2026-05-04,11:15:14,ARKR,Ark Restaurants Corp,Nasdaq,LULD Pause,2026-05-04,11:20:14
2026-05-04,11:06:37,CCM,Concord Medical Services Holding Limited,NYSE,LULD Pause,2026-05-04,11:11:48
2026-05-04,10:57:38,CCM,Concord Medical Services Holding Limited,NYSE,LULD Pause,2026-05-04,11:03:00
2026-05-04,10:51:28,CCM,Concord Medical Services Holding Limited,NYSE,LULD Pause,2026-05-04,10:57:00
2026-05-04,10:50:15,ELPW,Elong Power Holding Limited Class A Ordinary Shares,Nasdaq,LULD Pause,2026-05-04,10:55:15
2026-05-04,10:48:52,PODC,"""PodcastOne, Inc. Common Stock""",Nasdaq,LULD Pause,2026-05-04,10:53:52
2026-05-04,10:45:34,CCM,Concord Medical Services Holding Limited,NYSE,LULD Pause,2026-05-04,10:50:52
2026-05-04,10:39:31,CCM,Concord Medical Services Holding Limited,NYSE,LULD Pause,2026-05-04,10:44:48
2026-05-04,10:33:54,CCM,Concord Medical Services Holding Limited,NYSE,LULD Pause,2026-05-04,10:38:59
2026-05-04,10:15:21,SKK,SKK Holdings Limited Class A Ordinary Shares,Nasdaq,LULD Pause,2026-05-04,11:45:54
2026-05-04,10:13:10,WSO B,"""Watsco, Inc. Class B""",NYSE,LULD Pause,2026-05-04,10:18:10
2026-05-04,10:09:43,HTCO,High-Trend International Group Class A Ordinary Shares,Nasdaq,LULD Pause,2026-05-04,10:14:43
2026-05-04,10:05:20,EEIQ,EpicQuest Education Group International Limited Common Stock,Nasdaq,LULD Pause,2026-05-04,10:10:20
2026-05-04,10:02:15,NCEW,New Century Logistics (BVI) Limited Ordinary Shares,Nasdaq,LULD Pause,2026-05-04,10:07:15
2026-05-04,09:59:02,HTCO,High-Trend International Group Class A Ordinary Shares,Nasdaq,LULD Pause,2026-05-04,10:09:02
2026-05-04,09:58:52,ELPW,Elong Power Holding Limited Class A Ordinary Shares,Nasdaq,LULD Pause,2026-05-04,10:03:52
2026-05-04,09:55:53,EEIQ,EpicQuest Education Group International Limited Common Stock,Nasdaq,LULD Pause,2026-05-04,10:00:53
2026-05-04,09:48:09,HTCO,High-Trend International Group Class A Ordinary Shares,Nasdaq,LULD Pause,2026-05-04,09:58:39
2026-05-04,09:47:34,EEIQ,EpicQuest Education Group International Limited Common Stock,Nasdaq,LULD Pause,2026-05-04,09:52:34
2026-05-04,09:46:39,GDEV,GDEV Inc. Ordinary Shares,Nasdaq,LULD Pause,2026-05-04,09:51:39
2026-05-04,09:46:22,XNDU,Xanadu Quantum Technologies Limited Class B Subordinate Voting Shares,Nasdaq,LULD Pause,2026-05-04,09:51:22
2026-05-04,09:43:52,ATIIU,Archimedes Tech SPAC Partners II Co. Unit,Nasdaq,LULD Pause,2026-05-04,09:48:52
2026-05-04,09:36:36,EEIQ,EpicQuest Education Group International Limited Common Stock,Nasdaq,LULD Pause,2026-05-04,09:46:36
2026-05-04,09:36:28,ELPW,Elong Power Holding Limited Class A Ordinary Shares,Nasdaq,LULD Pause,2026-05-04,09:46:28
2026-05-04,09:31:57,RDAC,Rising Dragon Acquisition Corp. Ordinary Shares,Nasdaq,LULD Pause,2026-05-04,09:41:57
2026-05-04,09:31:33,ORKT,Orangekloud Technology Inc. Class A Ordinary Shares,Nasdaq,LULD Pause,2026-05-04,09:36:33
2026-05-04,09:30:20,ZBAI,ATIF Holdings Limited Ordinary Shares,Nasdaq,LULD Pause,2026-05-04,09:35:20
2026-05-04,07:52:41,PATK,Patrick Industries Inc,Nasdaq,News Pending,2026-05-04,08:30:00
2026-05-04,07:42:21,LCII,LCI Industries,NYSE,News Pending,2026-05-04,08:12:00
2026-05-01,19:50:00,UHGWW,"""United Homes Group, Inc. Warrant""",Nasdaq,News pending,,
2026-05-01,19:50:00,UHGWW,"""United Homes Group, Inc. Warrant""",Nasdaq,News Pending,,
2026-05-01,19:50:00,UHG,"""United Homes Group, Inc Class A Common Stock""",Nasdaq,News Pending,,
2026-05-01,19:50:00,UHG,"""United Homes Group, Inc Class A Common Stock""",Nasdaq,News pending,,
2026-05-01,19:50:00,TRI,Thomson Reuters Corporation Common Shares,Nasdaq,News pending,,
2026-05-01,19:50:00,TRI,Thomson Reuters Corporation Common Shares,Nasdaq,News Pending,2026-05-04,09:00:00
2026-05-01,19:50:00,VEEE,Twin Vee PowerCats Co. Common Stock,Nasdaq,News pending,,
2026-05-01,19:50:00,VEEE,Twin Vee PowerCats Co. Common Stock,Nasdaq,News Pending,2026-05-04,09:00:00
2026-05-01,19:50:00,ERNAW,Ernexa Therapeutics Inc. Warrants,Nasdaq,News Pending,2026-05-04,09:05:00
2026-05-01,19:50:00,ERNAW,Ernexa Therapeutics Inc. Warrants,Nasdaq,News pending,,
2026-05-01,19:50:00,FCHL,Fitness Champs Holdings Limited Common Stock,Nasdaq,News Pending,2026-05-04,09:00:00
2026-05-01,19:50:00,FCHL,Fitness Champs Holdings Limited Common Stock,Nasdaq,News pending,,
2026-05-01,19:50:00,INHD,Inno Holdings Inc. Common Stock,Nasdaq,News Pending,2026-05-04,09:00:00
2026-05-01,19:50:00,INHD,Inno Holdings Inc. Common Stock,Nasdaq,News pending,,
2026-05-01,19:50:00,ERNA,Ernexa Therapeutics Inc. Common Stock,Nasdaq,News Pending,2026-05-04,09:00:00
2026-05-01,19:50:00,ERNA,Ernexa Therapeutics Inc. Common Stock,Nasdaq,News pending,,
2026-05-01,16:25:00,BPACU,Blueport Acquisition Ltd Units,Nasdaq,News pending,2026-05-01,17:10:00
2026-05-01,16:25:00,BPACR,Blueport Acquisition Ltd Rights,Nasdaq,News pending,2026-05-01,17:10:00
2026-05-01,16:25:00,BPAC,Blueport Acquisition Ltd Class A Ordinary Shares,Nasdaq,News pending,2026-05-01,17:05:00
2026-05-01,16:01:00,ORGNW,"""Origin Materials, Inc. Warrants""",Nasdaq,News pending,2026-05-01,16:40:00
2026-05-01,16:01:00,ORGN,"""Origin Materials, Inc. Common Stock""",Nasdaq,News pending,2026-05-01,16:35:00
2026-05-01,16:00:10,REE,REE Automotive Ltd. Class A Ordinary Shares,Nasdaq,News pending,2026-05-01,16:30:00
2026-05-01,16:00:10,CELC,Celcuity Inc. Common Stock,Nasdaq,News pending,2026-05-01,17:20:00
2026-05-01,15:32:11,AIOS,AIOS Tech Inc. Class A Common Shares,Nasdaq,LULD pause,2026-05-01,15:42:11
2026-05-01,15:29:23,WTO,UTime Limited Class A Ordinary Shares,Nasdaq,LULD pause,2026-05-01,15:34:23
2026-05-01,15:00:25,KXIN,Kaixin Holdings Ordinary Shares,Nasdaq,LULD pause,2026-05-01,15:05:25
2026-05-01,14:11:57,UONEK,"""Urban One, Inc. Class D Common Stock""",Nasdaq,LULD pause,2026-05-01,14:16:57
2026-05-01,14:07:35,GLED U,"""GalaxyEdge Acquisition Corporation Units, each consisting of one Ordinary Share and one Right entitling the holder to receive 1/4th of one ordinary sh""",NYSE,News pending,2026-05-01,16:22:17
2026-05-01,14:07:35,GLED,GalaxyEdge Acquisition Corporation,NYSE,News pending,2026-05-01,16:22:17
2026-05-01,14:07:35,GLED RT,GalaxyEdge Acquisition Corporation Rights to receive one-fourth (1/4) of one ordinary share,NYSE,News pending,2026-05-01,16:22:17
2026-05-01,13:52:37,AKAN,Akanda Corp. Common Shares,Nasdaq,LULD pause,2026-05-01,13:57:37
2026-05-01,13:35:22,JFU,9F Inc. American Depositary Shares,Nasdaq,LULD pause,2026-05-01,13:40:22
2026-05-01,13:07:55,WLACU,Willow Lane Acquisition Corp. Unit,Nasdaq,LULD pause,2026-05-01,13:17:55
2026-05-01,13:06:27,UONEK,"""Urban One, Inc. Class D Common Stock""",Nasdaq,LULD pause,2026-05-01,13:11:27
2026-05-01,12:59:41,UONEK,"""Urban One, Inc. Class D Common Stock""",Nasdaq,LULD pause,2026-05-01,13:04:41
2026-05-01,12:51:43,UONEK,"""Urban One, Inc. Class D Common Stock""",Nasdaq,LULD pause,2026-05-01,12:56:43
2026-05-01,12:41:58,UONEK,"""Urban One, Inc. Class D Common Stock""",Nasdaq,LULD pause,2026-05-01,12:46:58
2026-05-01,12:36:33,UONEK,"""Urban One, Inc. Class D Common Stock""",Nasdaq,LULD pause,2026-05-01,12:41:33
2026-05-01,12:25:23,JFU,9F Inc. American Depositary Shares,Nasdaq,LULD pause,2026-05-01,12:30:23
2026-05-01,12:21:37,UONEK,"""Urban One, Inc. Class D Common Stock""",Nasdaq,LULD pause,2026-05-01,12:31:38
2026-05-01,11:47:28,AIOS,AIOS Tech Inc. Class A Common Shares,Nasdaq,LULD pause,2026-05-01,11:52:28
2026-05-01,11:39:15,RYOJ,"""rYojbaba Co., Ltd. Common Shares""",Nasdaq,LULD pause,2026-05-01,11:44:15
2026-05-01,11:30:08,RDACU,Rising Dragon Acquisition Corp. Unit,Nasdaq,LULD pause,2026-05-01,11:45:09
2026-05-01,11:22:46,ARVN,"""Arvinas, Inc""",Nasdaq,News pending,2026-05-01,13:05:00
2026-05-01,11:20:43,AIOS,AIOS Tech Inc. Class A Common Shares,Nasdaq,LULD pause,2026-05-01,11:25:43
2026-05-01,11:18:52,AKAN,Akanda Corp. Common Shares,Nasdaq,LULD pause,2026-05-01,11:23:52
2026-05-01,11:09:51,AIOS,AIOS Tech Inc. Class A Common Shares,Nasdaq,LULD pause,2026-05-01,11:19:51
2026-05-01,11:04:25,AIOS,AIOS Tech Inc. Class A Common Shares,Nasdaq,LULD pause,2026-05-01,11:09:25
2026-05-01,10:53:57,AIOS,AIOS Tech Inc. Class A Common Shares,Nasdaq,LULD pause,2026-05-01,11:03:57
2026-05-01,10:48:32,AIOS,AIOS Tech Inc. Class A Common Shares,Nasdaq,LULD pause,2026-05-01,10:53:32
2026-05-01,10:42:49,AIOS,AIOS Tech Inc. Class A Common Shares,Nasdaq,LULD pause,2026-05-01,10:47:49
2026-05-01,10:31:09,AIOS,AIOS Tech Inc. Class A Common Shares,Nasdaq,LULD pause,2026-05-01,10:41:09
2026-05-01,10:20:16,AIOS,AIOS Tech Inc. Class A Common Shares,Nasdaq,LULD pause,2026-05-01,10:30:16
2026-05-01,10:10:22,AKAN,Akanda Corp. Common Shares,Nasdaq,LULD pause,2026-05-01,10:15:22
2026-05-01,10:06:16,AIOS,AIOS Tech Inc. Class A Common Shares,Nasdaq,LULD pause,2026-05-01,10:16:16
2026-05-01,09:58:40,AIOS,AIOS Tech Inc. Class A Common Shares,Nasdaq,LULD pause,2026-05-01,10:03:40
2026-05-01,09:48:58,TLIH,Ten-League International Holdings Limited Ordinary Shares,Nasdaq,LULD pause,2026-05-01,09:53:58
2026-05-01,09:47:33,AIOS,AIOS Tech Inc. Class A Common Shares,Nasdaq,LULD pause,2026-05-01,09:57:33
2026-05-01,09:43:38,TLIH,Ten-League International Holdings Limited Ordinary Shares,Nasdaq,LULD pause,2026-05-01,09:48:38
2026-05-01,09:43:17,AKAN,Akanda Corp. Common Shares,Nasdaq,LULD pause,2026-05-01,09:48:17
2026-05-01,09:37:06,RYOJ,"""rYojbaba Co., Ltd. Common Shares""",Nasdaq,LULD pause,2026-05-01,09:47:07
2026-05-01,09:36:53,AIOS,AIOS Tech Inc. Class A Common Shares,Nasdaq,LULD pause,2026-05-01,09:46:57
2026-05-01,09:33:20,BIO B,"""Bio-Rad Laboratories, Inc. Class B""",NYSE,LULD pause,2026-05-01,09:38:55
2026-05-01,09:31:29,AIOS,AIOS Tech Inc. Class A Common Shares,Nasdaq,LULD pause,2026-05-01,09:36:29
2026-05-01,09:31:15,RBLY,YieldMax RBLX Option Income Strategy ETF,NYSE Arca,LULD pause,2026-05-01,09:36:15
2026-05-01,07:34:37,CRI,Carter's Inc.,NYSE,News pending,2026-05-01,08:11:59
2026-05-01,06:55:00,ESPR,"""Esperion Therapeutics, Inc.""",Nasdaq,News pending,2026-05-01,07:25:00
