Halt Date,Halt Time,Symbol,Name,Exchange,Reason,Resume Date,NYSE Resume Time
2026-02-27,19:50:11,BURU,"""Nuburu, Inc.""",NYSE American,Corporate Action,,
2026-02-27,19:50:11,BURU,"""Nuburu, Inc.""",NYSE American,Corporate Action,2026-03-02,09:00:00
2026-02-27,19:50:00,ZCMD,Zhongchao Inc. Class A Ordinary Shares,Nasdaq,News pending,,
2026-02-27,19:50:00,ZCMD,Zhongchao Inc. Class A Ordinary Shares,Nasdaq,News pending,2026-03-02,09:00:00
2026-02-27,19:50:00,PPBT,Purple Biotech Ltd. American Depositary Shares,Nasdaq,News pending,2026-03-02,09:00:00
2026-02-27,19:50:00,PPBT,Purple Biotech Ltd. American Depositary Shares,Nasdaq,News pending,,
2026-02-27,19:50:00,MBCN,Middlefield Banc Corp.,Nasdaq,News pending,,
2026-02-27,16:26:29,ASND,Ascendis Pharma A/S American Depositary Shares,Nasdaq,News pending,2026-02-27,18:20:00
2026-02-27,16:11:29,TSE,Trinseo PLC,NYSE,Regulatory Concern,See Subsequent Halt,See Subsequent Halt
2026-02-27,16:11:29,TSE,Trinseo PLC,NYSE,Regulatory Concern,,
2026-02-27,16:02:06,AARD,"""Aardvark Therapeutics, Inc. Common Stock""",Nasdaq,News pending,2026-02-27,16:41:13
2026-02-27,15:50:59,CD,Chaince Digital Holdings Inc. Ordinary Shares,Nasdaq,LULD pause,2026-02-27,16:00:00
2026-02-27,13:44:32,FTW,EQV Ventures Acquisition Corp.,NYSE,LULD pause,2026-02-27,13:49:32
2026-02-27,13:44:19,RPGL,Republic Power Group Limited Class A Ordinary Shares,Nasdaq,LULD pause,2026-02-27,13:49:19
2026-02-27,13:26:36,PCTTU,"""PureCycle Technologies, Inc. Unit""",Nasdaq,LULD pause,2026-02-27,13:31:36
2026-02-27,11:46:57,RPGL,Republic Power Group Limited Class A Ordinary Shares,Nasdaq,LULD pause,2026-02-27,11:51:57
2026-02-27,10:18:22,GURE,"""Gulf Resources, Inc. (NV) Common Stock""",Nasdaq,LULD pause,2026-02-27,10:23:22
2026-02-27,10:15:22,BATL,Battalion Oil Corporation,NYSE American,LULD pause,2026-02-27,10:25:22
2026-02-27,10:13:43,RPGL,Republic Power Group Limited Class A Ordinary Shares,Nasdaq,LULD pause,2026-02-27,10:18:43
2026-02-27,10:08:05,BTSGU,"""BrightSpring Health Services, Inc. Tangible Equity Unit""",Nasdaq,LULD pause,2026-02-27,10:13:05
2026-02-27,09:46:29,LBGJ,Li Bang International Corporation Inc. Class A Ordinary Shares,Nasdaq,LULD pause,2026-02-27,09:51:29
2026-02-27,09:45:44,ANPA,Rich Sparkle Holdings Limited Ordinary Shares,Nasdaq,LULD pause,2026-02-27,09:55:44
2026-02-27,09:40:57,LBGJ,Li Bang International Corporation Inc. Class A Ordinary Shares,Nasdaq,LULD pause,2026-02-27,09:45:57
2026-02-27,09:37:27,AIDX,"""20/20 Biolabs, Inc. Common Stock""",Nasdaq,LULD pause,2026-02-27,09:42:27
2026-02-27,09:35:33,LBGJ,Li Bang International Corporation Inc. Class A Ordinary Shares,Nasdaq,LULD pause,2026-02-27,09:40:33
2026-02-27,09:30:48,THY,Toews Agility Shares Dynamic Tactical Income ETF,NYSE Arca,LULD pause,2026-02-27,09:35:48
2026-02-27,09:30:16,DIBS,"""1stdibs.com, Inc. Common Stock""",Nasdaq,LULD pause,2026-02-27,09:35:16
2026-02-27,09:30:15,CWII,REX CRWV Growth & Income ETF,Cboe BZX,LULD pause,2026-02-27,09:40:15
2026-02-26,19:50:00,IXHL,Incannex Healthcare Limited American Depositary Shares,Nasdaq,News pending,,
2026-02-26,19:50:00,IXHL,Incannex Healthcare Limited American Depositary Shares,Nasdaq,News pending,2026-02-27,09:00:00
2026-02-26,19:50:00,SFHG,Samfine Creation Holdings Group Limited Class A Ordinary Share,Nasdaq,News pending,,
2026-02-26,19:50:00,SFHG,Samfine Creation Holdings Group Limited Class A Ordinary Share,Nasdaq,News pending,2026-02-27,09:00:00
2026-02-26,19:50:00,PTLE,PTL LTD Class A Ordinary Shares,Nasdaq,News pending,2026-02-27,09:00:00
2026-02-26,19:50:00,PTLE,PTL LTD Class A Ordinary Shares,Nasdaq,News pending,,
2026-02-26,19:50:00,XRPT,Volatility Shares Trust XRP 2X ETF,Nasdaq,News pending,2026-02-27,09:00:00
2026-02-26,19:50:00,XRPT,Volatility Shares Trust XRP 2X ETF,Nasdaq,News pending,,
2026-02-26,19:50:00,VCIG,VCI Global Limited Ordinary Share,Nasdaq,News pending,,
2026-02-26,19:50:00,VCIG,VCI Global Limited Ordinary Share,Nasdaq,News pending,2026-02-27,09:00:00
2026-02-26,19:50:00,SOLT,2x Solana ETF,Nasdaq,News pending,2026-02-27,09:00:00
2026-02-26,19:50:00,SOLT,2x Solana ETF,Nasdaq,News pending,,
2026-02-26,19:50:00,RNAM,"""Avidity Biosciences, Inc. Common Stock""",Nasdaq,News pending,,
2026-02-26,16:05:00,BCTXW,BriaCell Therapeutics Corp. Warrant,Nasdaq,News pending,,
2026-02-26,15:38:41,CZR,"""Caesars Entertainment, Inc. Common Stock""",Nasdaq,LULD pause,2026-02-26,15:43:41
2026-02-26,15:37:32,HCTI,"""Healthcare Triangle, Inc. Common Stock""",Nasdaq,LULD pause,2026-02-26,15:42:32
2026-02-26,15:27:15,HCTI,"""Healthcare Triangle, Inc. Common Stock""",Nasdaq,LULD pause,2026-02-26,15:37:16
2026-02-26,14:39:31,INSP,"""Inspire Medical Systems, Inc.""",NYSE,LULD pause,2026-02-26,14:44:43
2026-02-26,14:30:44,INSP,"""Inspire Medical Systems, Inc.""",NYSE,LULD pause,2026-02-26,14:35:54
2026-02-26,14:24:58,BLDX,Impax Global Infrastructure ETF,NYSE Arca,LULD pause,2026-02-26,14:29:58
2026-02-26,14:23:54,INSP,"""Inspire Medical Systems, Inc.""",NYSE,LULD pause,2026-02-26,14:29:05
2026-02-26,14:19:43,BLDX,Impax Global Infrastructure ETF,NYSE Arca,LULD pause,2026-02-26,14:24:43
2026-02-26,14:14:10,INSP,"""Inspire Medical Systems, Inc.""",NYSE,LULD pause,2026-02-26,14:20:12
2026-02-26,13:56:05,AEHL,Antelope Enterprise Holdings Limited Class A Ordinary Shares,Nasdaq,LULD pause,2026-02-26,14:01:05
2026-02-26,13:49:20,AEHL,Antelope Enterprise Holdings Limited Class A Ordinary Shares,Nasdaq,LULD pause,2026-02-26,13:54:20
2026-02-26,13:39:21,AEHL,Antelope Enterprise Holdings Limited Class A Ordinary Shares,Nasdaq,LULD pause,2026-02-26,13:44:21
2026-02-26,13:28:47,AEHL,Antelope Enterprise Holdings Limited Class A Ordinary Shares,Nasdaq,LULD pause,2026-02-26,13:33:47
2026-02-26,13:28:44,SOC,Sable Offshore Corp.,NYSE,LULD pause,2026-02-26,13:33:47
2026-02-26,13:21:01,SOC,Sable Offshore Corp.,NYSE,LULD pause,2026-02-26,13:28:02
2026-02-26,13:21:00,AEHL,Antelope Enterprise Holdings Limited Class A Ordinary Shares,Nasdaq,LULD pause,2026-02-26,13:26:00
2026-02-26,13:06:54,SOC,Sable Offshore Corp.,NYSE,LULD pause,2026-02-26,13:12:12
2026-02-26,12:17:23,AEHL,Antelope Enterprise Holdings Limited Class A Ordinary Shares,Nasdaq,LULD pause,2026-02-26,12:22:23
2026-02-26,11:36:26,AEHL,Antelope Enterprise Holdings Limited Class A Ordinary Shares,Nasdaq,LULD pause,2026-02-26,11:41:26
2026-02-26,11:29:55,QH,Quhuo Limited American Depository Shares,Nasdaq,LULD pause,2026-02-26,11:34:55
2026-02-26,11:26:37,AFJKU,"""Aimei Health Technology Co., Ltd Unit""",Nasdaq,LULD pause,2026-02-26,11:36:37
2026-02-26,11:23:03,QH,Quhuo Limited American Depository Shares,Nasdaq,LULD pause,2026-02-26,11:28:03
2026-02-26,11:12:04,QH,Quhuo Limited American Depository Shares,Nasdaq,LULD pause,2026-02-26,11:22:04
2026-02-26,11:01:49,QH,Quhuo Limited American Depository Shares,Nasdaq,LULD pause,2026-02-26,11:11:49
2026-02-26,10:57:02,AFJKU,"""Aimei Health Technology Co., Ltd Unit""",Nasdaq,LULD pause,2026-02-26,11:02:02
2026-02-26,10:56:34,QH,Quhuo Limited American Depository Shares,Nasdaq,LULD pause,2026-02-26,11:01:34
2026-02-26,10:29:49,RIBBU,Ribbon Acquisition Corp Unit,Nasdaq,LULD pause,2026-02-26,10:34:49
2026-02-26,10:27:58,AFJKU,"""Aimei Health Technology Co., Ltd Unit""",Nasdaq,LULD pause,2026-02-26,10:56:19
2026-02-26,10:25:31,NUCL,Eagle Nuclear Energy Corp. Common stock,Nasdaq,LULD pause,2026-02-26,10:30:31
2026-02-26,10:23:45,GURE,"""Gulf Resources, Inc. (NV) Common Stock""",Nasdaq,LULD pause,2026-02-26,10:28:45
2026-02-26,10:06:32,NDRA,ENDRA Life Sciences Inc. Common Stock,Nasdaq,LULD pause,2026-02-26,10:11:32
2026-02-26,09:55:44,NDRA,ENDRA Life Sciences Inc. Common Stock,Nasdaq,LULD pause,2026-02-26,10:00:44
2026-02-26,09:52:57,ALBT,Avalon GloboCare Corp. Common Stock,Nasdaq,LULD pause,2026-02-26,09:57:57
2026-02-26,09:48:33,BRAI,Braiin Limited Common Stock,Nasdaq,LULD pause,2026-02-26,09:53:33
2026-02-26,09:46:40,NDRA,ENDRA Life Sciences Inc. Common Stock,Nasdaq,LULD pause,2026-02-26,09:51:40
2026-02-26,09:43:36,NCEW,New Century Logistics (BVI) Limited Ordinary Shares,Nasdaq,LULD pause,2026-02-26,09:53:36
2026-02-26,09:39:19,NDRA,ENDRA Life Sciences Inc. Common Stock,Nasdaq,LULD pause,2026-02-26,09:44:19
2026-02-26,09:34:03,CLRO,"""ClearOne, Inc. (DE) Common Stock""",Nasdaq,LULD pause,2026-02-26,09:39:03
2026-02-26,09:33:20,LNZA,"""LanzaTech Global, Inc. Common Stock""",Nasdaq,LULD pause,2026-02-26,09:43:20
2026-02-26,09:32:43,CLMB,"""Climb Global Solutions, Inc. Common Stock""",Nasdaq,LULD pause,2026-02-26,09:37:43
2026-02-26,09:32:22,MGN,Megan Holdings Limited Class A Ordinary Shares,Nasdaq,LULD pause,2026-02-26,09:42:22
2026-02-26,09:16:39,VGZ,Vista Gold Corp.,NYSE American,News pending,2026-02-26,10:00:00
2026-02-26,06:55:00,VCTR,"""Victory Capital Holdings, Inc. Class A Common Stock""",Nasdaq,News pending,2026-02-26,07:35:00
2026-02-25,19:50:44,ZSL,ProShares UltraShort Silver,NYSE Arca,Corporate Action,2026-02-26,09:00:00
2026-02-25,19:50:44,ZSL,ProShares UltraShort Silver,NYSE Arca,Corporate Action,,
2026-02-25,19:50:44,CRCA,ProShares Ultra CRCL,NYSE Arca,Corporate Action,2026-02-26,09:00:00
2026-02-25,19:50:44,CRCA,ProShares Ultra CRCL,NYSE Arca,Corporate Action,,
2026-02-25,19:50:00,FRSX,Foresight Autonomous Holdings Ltd. American Depositary Shares,Nasdaq,News pending,,
2026-02-25,19:50:00,FRSX,Foresight Autonomous Holdings Ltd. American Depositary Shares,Nasdaq,News pending,2026-02-26,09:00:00
2026-02-25,16:01:00,TASK,"""TaskUs, Inc. Class A Common Stock""",Nasdaq,News pending,2026-02-25,16:35:00
2026-02-25,14:07:16,HARD,Simplify Commodities Strategy No K-1 ETF,NYSE Arca,LULD pause,2026-02-25,14:12:16
2026-02-25,13:44:10,GCDT,Green Circle Decarbonize Technology Limited,NYSE American,LULD pause,2026-02-25,13:49:10
2026-02-25,13:29:51,SLE,"""Super League Enterprise, Inc. Common Stock""",Nasdaq,LULD pause,2026-02-25,13:34:51
2026-02-25,12:57:32,PEN,"""Penumbra, Inc.""",NYSE,News pending,2026-02-25,13:17:15
2026-02-25,12:33:00,ETON,"""Eton Pharmaceutcials, Inc. Common Stock""",Nasdaq,News pending,2026-02-25,14:15:00
2026-02-25,12:02:47,QXAS,Quantify 2X Daily Alt Season Crypto ETF,NYSE Arca,LULD pause,2026-02-25,12:07:47
2026-02-25,11:58:42,GURE,"""Gulf Resources, Inc. (NV) Common Stock""",Nasdaq,LULD pause,2026-02-25,12:03:42
2026-02-25,11:57:23,ESK,REX-Osprey ETH + Staking ETF,Cboe BZX,LULD pause,2026-02-25,12:02:23
2026-02-25,10:56:07,SPHL,Springview Holdings Ltd Class A Ordinary Shares,Nasdaq,LULD pause,2026-02-25,11:06:07
2026-02-25,10:48:19,ATGL,Alpha Technology Group Limited Class A Ordinary Shares,Nasdaq,LULD pause,2026-02-25,10:53:19
2026-02-25,10:38:55,BRAI,Braiin Limited Common Stock,Nasdaq,LULD pause,2026-02-25,10:43:55
2026-02-25,10:33:30,BRAI,Braiin Limited Common Stock,Nasdaq,LULD pause,2026-02-25,10:38:30
2026-02-25,10:26:42,BRAI,Braiin Limited Common Stock,Nasdaq,LULD pause,2026-02-25,10:31:42
2026-02-25,10:20:21,CLIK,Click Holdings Limited Class A Ordinary Share,Nasdaq,LULD pause,2026-02-25,10:25:21
2026-02-25,10:17:50,BWOW,Bitwise Dogecoin ETF,NYSE Arca,LULD pause,2026-02-25,10:22:50
2026-02-25,10:15:51,BRAI,Braiin Limited Common Stock,Nasdaq,LULD pause,2026-02-25,10:25:51
2026-02-25,10:10:36,BRAI,Braiin Limited Common Stock,Nasdaq,LULD pause,2026-02-25,10:15:36
2026-02-25,10:09:39,XWEL,"""XWELL, Inc. Common Stock""",Nasdaq,LULD pause,2026-02-25,10:14:39
2026-02-25,10:00:15,BRAI,Braiin Limited Common Stock,Nasdaq,LULD pause,2026-02-25,10:10:15
2026-02-25,09:57:48,AIDX,"""20/20 Biolabs, Inc. Common Stock""",Nasdaq,LULD pause,2026-02-25,10:07:48
2026-02-25,09:49:57,BRAI,Braiin Limited Common Stock,Nasdaq,LULD pause,2026-02-25,09:59:57
2026-02-25,09:49:02,XWEL,"""XWELL, Inc. Common Stock""",Nasdaq,LULD pause,2026-02-25,09:54:02
2026-02-25,09:47:53,TOXR,21Shares XRP ETF,Cboe BZX,LULD pause,2026-02-25,09:52:53
2026-02-25,09:45:38,SMX,SMX (Security Matters) Public Limited Company Ordinary Shares,Nasdaq,LULD pause,2026-02-25,09:50:38
2026-02-25,09:45:38,EEIQ,EpicQuest Education Group International Limited Common Stock,Nasdaq,LULD pause,2026-02-25,09:50:38
2026-02-25,09:38:48,ZYBT,Zhengye Biotechnology Holding Limited Ordinary Shares,Nasdaq,LULD pause,2026-02-25,09:43:48
2026-02-25,09:38:25,BRAI,Braiin Limited Common Stock,Nasdaq,LULD pause,2026-02-25,09:48:25
2026-02-25,09:37:28,NUCL,Eagle Nuclear Energy Corp. Common stock,Nasdaq,LULD pause,2026-02-25,09:42:28
2026-02-25,09:30:43,ASTE,Astec Industries Inc,Nasdaq,LULD pause,2026-02-25,09:35:43
2026-02-25,09:30:18,SDMF,Simplify DBi CTA Managed Futures Index ETF,NYSE Arca,LULD pause,2026-02-25,09:40:18
2026-02-25,09:30:15,VAVX,VanEck Avalanche ETF Common Shares of Beneficial Interest,Nasdaq,LULD pause,2026-02-25,09:35:15
2026-02-25,00:21:58,SVREW,SaverOne 2014 Ltd. Warrant,Nasdaq,News pending,2026-02-25,09:05:00
2026-02-25,00:21:58,SVRE,SaverOne 2014 Ltd. American Depositary Shares,Nasdaq,News pending,2026-02-25,09:00:00
2026-02-23,19:50:34,BNKD,"""MicroSectors U.S. Big Banks -3x Inverse Leveraged ETNs due February 17, 2045""",NYSE Arca,Corporate Action,,
2026-02-23,19:50:34,FLYD,MicroSectors Travel -3x Inverse Leveraged ETN,NYSE Arca,Corporate Action,,
2026-02-23,19:50:34,NRGD,"""MicroSectors U.S. Big Oil -3x Inverse Leveraged ETNs due February 17, 2045""",NYSE Arca,Corporate Action,,
2026-02-23,19:50:34,OILD,MicroSectors Oil & Gas Exp. & Prod. -3x Inverse Leveraged ETN,NYSE Arca,Corporate Action,,
2026-02-23,19:50:34,DULL,MicroSectors Gold -3x Inverse Leveraged ETN,NYSE Arca,Corporate Action,,
2026-02-23,19:50:34,BERZ,MicroSectors FANG & Innovation -3x Inverse Leveraged ETN,NYSE Arca,Corporate Action,,
2026-02-23,19:50:00,MGIC,Magic Software Enterprises Ltd,Nasdaq,News pending,,
2026-02-23,19:50:00,RPGL,Republic Power Group Limited Class A Ordinary Shares,Nasdaq,News pending,,
2026-02-23,19:50:00,LFWD,Lifeward Ltd. Ordinary Shares,Nasdaq,News pending,,
2026-02-23,19:50:00,TRNR,Interactive Strength Inc. Common Stock,Nasdaq,News pending,,
2026-02-23,15:48:14,BESS,Bimergen Energy Corporation,NYSE American,LULD pause,2026-02-23,16:00:00
2026-02-23,14:25:15,NCI,Neo-Concept International Group Holdings Limited Class A Ordinary Shares,Nasdaq,LULD pause,2026-02-23,14:40:16
2026-02-23,14:19:35,NCI,Neo-Concept International Group Holdings Limited Class A Ordinary Shares,Nasdaq,LULD pause,2026-02-23,14:24:35
2026-02-23,14:14:17,NCI,Neo-Concept International Group Holdings Limited Class A Ordinary Shares,Nasdaq,LULD pause,2026-02-23,14:19:17
2026-02-23,13:50:06,WLACU,Willow Lane Acquisition Corp. Unit,Nasdaq,LULD pause,2026-02-23,13:55:06
2026-02-23,12:30:49,TBMC,Trailblazer Merger Corporation I Class A Common Stock,Nasdaq,LULD pause,2026-02-23,12:35:49
2026-02-23,12:29:13,NCI,Neo-Concept International Group Holdings Limited Class A Ordinary Shares,Nasdaq,LULD pause,2026-02-23,12:34:13
2026-02-23,12:21:36,NCI,Neo-Concept International Group Holdings Limited Class A Ordinary Shares,Nasdaq,LULD pause,2026-02-23,12:26:36
2026-02-23,12:16:15,NCI,Neo-Concept International Group Holdings Limited Class A Ordinary Shares,Nasdaq,LULD pause,2026-02-23,12:21:15
2026-02-23,12:09:52,NCI,Neo-Concept International Group Holdings Limited Class A Ordinary Shares,Nasdaq,LULD pause,2026-02-23,12:14:52
2026-02-23,11:35:00,PYPY,YieldMax PYPL Option Income Strategy ETF,NYSE Arca,LULD pause,2026-02-23,11:40:00
2026-02-23,11:31:25,NCI,Neo-Concept International Group Holdings Limited Class A Ordinary Shares,Nasdaq,LULD pause,2026-02-23,11:51:26
2026-02-23,11:27:25,PYPL,"""PayPal Holdings, Inc. Common Stock""",Nasdaq,LULD pause,2026-02-23,11:32:25
2026-02-23,11:24:39,TBMC,Trailblazer Merger Corporation I Class A Common Stock,Nasdaq,LULD pause,2026-02-23,11:29:39
2026-02-23,11:23:41,NCI,Neo-Concept International Group Holdings Limited Class A Ordinary Shares,Nasdaq,LULD pause,2026-02-23,11:28:41
2026-02-23,11:15:51,TBMC,Trailblazer Merger Corporation I Class A Common Stock,Nasdaq,LULD pause,2026-02-23,11:20:51
2026-02-23,11:07:01,MAYS,Mays (J.W.) Inc,Nasdaq,LULD pause,2026-02-23,11:12:01
2026-02-23,10:59:21,NCI,Neo-Concept International Group Holdings Limited Class A Ordinary Shares,Nasdaq,LULD pause,2026-02-23,11:21:43
2026-02-23,10:53:48,NCI,Neo-Concept International Group Holdings Limited Class A Ordinary Shares,Nasdaq,LULD pause,2026-02-23,10:58:48
2026-02-23,10:48:19,NCI,Neo-Concept International Group Holdings Limited Class A Ordinary Shares,Nasdaq,LULD pause,2026-02-23,10:53:19
2026-02-23,10:31:34,NCI,Neo-Concept International Group Holdings Limited Class A Ordinary Shares,Nasdaq,LULD pause,2026-02-23,10:36:34
2026-02-23,10:27:56,AIDX,"""20/20 Biolabs, Inc. Common Stock""",Nasdaq,LULD pause,2026-02-23,10:32:56
2026-02-23,10:22:11,PMEC,Primech Holdings Ltd. Ordinary Shares,Nasdaq,LULD pause,2026-02-23,10:27:11
2026-02-23,10:22:08,NSRX,Nasus Pharma Ltd.,NYSE American,LULD pause,2026-02-23,10:27:08
2026-02-23,10:17:51,MAYS,Mays (J.W.) Inc,Nasdaq,LULD pause,2026-02-23,10:22:51
2026-02-23,10:16:03,QGRD,Horizon Nasdaq-100 Defined Risk ETF,Nasdaq,LULD pause,2026-02-23,10:21:03
2026-02-23,10:12:14,LST,Leuthold Select Industries ETF,NYSE Arca,LULD pause,2026-02-23,10:17:14
2026-02-23,10:08:27,PFX,PhenixFIN Corporation Common Stock,Nasdaq,LULD pause,2026-02-23,10:13:27
2026-02-23,09:41:22,AIDX,"""20/20 Biolabs, Inc. Common Stock""",Nasdaq,LULD pause,2026-02-23,09:46:22
2026-02-23,09:34:54,AIDX,"""20/20 Biolabs, Inc. Common Stock""",Nasdaq,LULD pause,2026-02-23,09:39:54
2026-02-23,09:30:18,MAYS,Mays (J.W.) Inc,Nasdaq,LULD pause,2026-02-23,09:40:18
2026-02-23,09:30:15,LGPS,LogProstyle Inc.,NYSE American,LULD pause,2026-02-23,09:35:15
2026-02-23,07:58:21,GOSS,"""Gossamer Bio, Inc. Common Stock""",Nasdaq,News pending,2026-02-23,08:35:00
2026-02-23,07:25:00,UHGWW,"""United Homes Group, Inc. Warrant""",Nasdaq,News pending,2026-02-23,08:10:00
2026-02-23,07:25:00,UHG,"""United Homes Group, Inc Class A Common Stock""",Nasdaq,News pending,2026-02-23,08:05:00
2026-02-23,06:55:00,RAAQW,Real Asset Acquisition Corp. Warrants,Nasdaq,News pending,2026-02-23,07:35:00
2026-02-23,06:55:00,RAAQU,Real Asset Acquisition Corp. Unit,Nasdaq,News pending,2026-02-23,07:35:00
2026-02-23,06:55:00,RAAQ,Real Asset Acquisition Corp. Class A Ordinary Share,Nasdaq,News pending,2026-02-23,07:30:00
2026-02-20,19:50:30,MWG,Multi Ways Holdings Limited,NYSE American,Corporate Action,,
2026-02-20,19:50:30,MWG,Multi Ways Holdings Limited,NYSE American,Corporate Action,2026-02-23,09:00:00
2026-02-20,19:50:30,NBY,"""NovaBay Pharmaceuticals, Inc.""",NYSE American,Corporate Action,2026-02-23,09:00:00
2026-02-20,19:50:30,NBY,"""NovaBay Pharmaceuticals, Inc.""",NYSE American,Corporate Action,,
2026-02-20,19:50:00,BTMWW,Bitcoin Depot Inc. Warrant,Nasdaq,News pending,,
2026-02-20,19:50:00,BTMWW,Bitcoin Depot Inc. Warrant,Nasdaq,News pending,2026-02-23,09:05:00
2026-02-20,19:50:00,DSYWW,Big Tree Cloud Holdings Limited Warrants,Nasdaq,News pending,2026-02-23,09:05:00
2026-02-20,19:50:00,DSYWW,Big Tree Cloud Holdings Limited Warrants,Nasdaq,News pending,,
2026-02-20,19:50:00,BTM,Bitcoin Depot Inc. Class A Common Stock,Nasdaq,News pending,2026-02-23,09:00:00
2026-02-20,19:50:00,BTM,Bitcoin Depot Inc. Class A Common Stock,Nasdaq,News pending,,
2026-02-20,19:50:00,DSY,Big Tree Cloud Holdings Limited Ordinary Shares,Nasdaq,News pending,,
2026-02-20,19:50:00,DSY,Big Tree Cloud Holdings Limited Ordinary Shares,Nasdaq,News pending,2026-02-23,09:00:00
2026-02-20,16:17:16,VNDA,Vanda Pharmaceuticals Inc.,Nasdaq,News pending,2026-02-20,18:25:00
2026-02-20,12:55:39,JLHL,Julong Holding Limited Class A Ordinary Shares,Nasdaq,LULD pause,2026-02-20,13:00:39
2026-02-20,12:36:38,ABTS,Abits Group Inc Ordinary Shares,Nasdaq,LULD pause,2026-02-20,12:41:38
2026-02-20,11:45:10,BDMD,Baird Medical Investment Holdings Ltd Ordinary Share,Nasdaq,LULD pause,2026-02-20,11:55:10
2026-02-20,11:41:41,AIDX,"""20/20 Biolabs, Inc. Common Stock""",Nasdaq,LULD pause,2026-02-20,11:46:41
2026-02-20,10:49:53,BIYA,Baiya International Group Inc. Ordinary Shares,Nasdaq,LULD pause,2026-02-20,10:54:53
2026-02-20,10:28:20,AFJKU,"""Aimei Health Technology Co., Ltd Unit""",Nasdaq,LULD pause,2026-02-20,10:33:20
2026-02-20,10:13:27,CRE,Cre8 Enterprise Limited Class A Ordinary Shares,Nasdaq,LULD pause,2026-02-20,10:18:27
2026-02-20,09:56:46,PPEM,Putnam PanAgora ESG Emerging Markets Equity ETF,NYSE Arca,LULD pause,2026-02-20,10:01:46
2026-02-20,09:49:21,SNSE,"""Sensei Biotherapeutics, Inc. Common Stock""",Nasdaq,LULD pause,2026-02-20,09:54:21
2026-02-20,09:47:57,ABTS,Abits Group Inc Ordinary Shares,Nasdaq,LULD pause,2026-02-20,10:21:13
2026-02-20,09:46:57,AIDX,"""20/20 Biolabs, Inc. Common Stock""",Nasdaq,LULD pause,2026-02-20,10:01:58
2026-02-20,09:45:30,NSRX,Nasus Pharma Ltd.,NYSE American,LULD pause,2026-02-20,10:01:02
2026-02-20,09:39:15,ATHR,"""Aether Holdings, Inc. Common Stock""",Nasdaq,LULD pause,2026-02-20,09:44:15
2026-02-20,09:35:56,HTLM,HomesToLife Ltd Ordinary Shares,Nasdaq,LULD pause,2026-02-20,09:45:57
2026-02-19,19:50:00,BYAH,"""Park Ha Biological Technology Co., Ltd. Ordinary Shares""",Nasdaq,News pending,2026-02-20,09:00:00
2026-02-19,19:50:00,BYAH,"""Park Ha Biological Technology Co., Ltd. Ordinary Shares""",Nasdaq,News pending,,
2026-02-19,19:50:00,ADVB,Advanced Biomed Inc. Common Stock,Nasdaq,News pending,2026-02-20,09:00:00
2026-02-19,19:50:00,ADVB,Advanced Biomed Inc. Common Stock,Nasdaq,News pending,,
2026-02-19,15:49:26,NTZ,"""Natuzzi, S.p.A""",NYSE,LULD pause,2026-02-19,16:04:32
2026-02-19,15:35:44,LYV,Live Nation Entertainment Inc.,NYSE,News pending,2026-02-19,16:19:35
2026-02-19,14:31:46,AIDX,"""20/20 Biolabs, Inc. Common Stock""",Nasdaq,LULD pause,2026-02-19,14:36:46
2026-02-19,14:25:52,AIDX,"""20/20 Biolabs, Inc. Common Stock""",Nasdaq,LULD pause,2026-02-19,14:30:52
2026-02-19,14:20:09,WTO,UTime Limited Class A Ordinary Shares,Nasdaq,LULD pause,2026-02-19,14:25:09
2026-02-19,14:03:17,AIDX,"""20/20 Biolabs, Inc. Common Stock""",Nasdaq,LULD pause,2026-02-19,14:08:17
2026-02-19,13:43:44,AIDX,"""20/20 Biolabs, Inc. Common Stock""",Nasdaq,LULD pause,2026-02-19,13:48:44
2026-02-19,13:28:49,AIDX,"""20/20 Biolabs, Inc. Common Stock""",Nasdaq,LULD pause,2026-02-19,13:33:49
2026-02-19,13:07:23,AIDX,"""20/20 Biolabs, Inc. Common Stock""",Nasdaq,LULD pause,2026-02-19,13:17:24
2026-02-19,12:49:54,AIDX,"""20/20 Biolabs, Inc. Common Stock""",Nasdaq,LULD pause,2026-02-19,13:06:04
2026-02-19,12:39:30,AIDX,"""20/20 Biolabs, Inc. Common Stock""",Nasdaq,LULD pause,2026-02-19,12:49:30
2026-02-19,12:29:14,AIDX,"""20/20 Biolabs, Inc. Common Stock""",Nasdaq,LULD pause,2026-02-19,12:39:14
2026-02-19,12:18:58,AIDX,"""20/20 Biolabs, Inc. Common Stock""",Nasdaq,LULD pause,2026-02-19,12:28:58
2026-02-19,12:08:28,AIDX,"""20/20 Biolabs, Inc. Common Stock""",Nasdaq,LULD pause,2026-02-19,12:18:29
2026-02-19,11:56:59,AIDX,"""20/20 Biolabs, Inc. Common Stock""",Nasdaq,LULD pause,2026-02-19,12:07:11
2026-02-19,11:35:04,AIDX,"""20/20 Biolabs, Inc. Common Stock""",Nasdaq,LULD pause,2026-02-19,11:50:05
2026-02-19,10:51:32,JLHL,Julong Holding Limited Class A Ordinary Shares,Nasdaq,LULD pause,2026-02-19,10:56:32
2026-02-19,10:36:46,CORT,Corcept Therapeutics Inc.,Nasdaq,LULD pause,2026-02-19,10:41:46
2026-02-19,10:31:31,CORT,Corcept Therapeutics Inc.,Nasdaq,LULD pause,2026-02-19,10:36:31
2026-02-19,10:28:04,LGCL,Lucas GC Limited Ordinary Shares,Nasdaq,LULD pause,2026-02-19,10:33:04
2026-02-19,10:26:51,WLACU,Willow Lane Acquisition Corp. Unit,Nasdaq,LULD pause,2026-02-19,10:31:51
2026-02-19,10:26:16,CORT,Corcept Therapeutics Inc.,Nasdaq,LULD pause,2026-02-19,10:31:16
2026-02-19,10:07:07,KNRX,KNOREX LTD.,NYSE American,LULD pause,2026-02-19,10:12:07
2026-02-19,09:57:24,KNRX,KNOREX LTD.,NYSE American,LULD pause,2026-02-19,10:02:24
2026-02-19,09:47:16,GURE,"""Gulf Resources, Inc. (NV) Common Stock""",Nasdaq,LULD pause,2026-02-19,09:52:16
2026-02-19,09:46:26,KNRX,KNOREX LTD.,NYSE American,LULD pause,2026-02-19,09:56:26
2026-02-19,09:38:54,ZDAI,"""DirectBooking Technology Co., Ltd. Class A Ordinary Shares""",Nasdaq,LULD pause,2026-02-19,09:48:54
2026-02-19,09:30:59,KNRX,KNOREX LTD.,NYSE American,LULD pause,2026-02-19,09:46:08
2026-02-19,09:30:15,IHT,InnSuites Hospitality Trust,NYSE American,LULD pause,2026-02-19,09:35:15
2026-02-18,19:50:00,INTS,"""Intensity Therapeutics, Inc. Common stock""",Nasdaq,News pending,,
2026-02-18,19:50:00,INTS,"""Intensity Therapeutics, Inc. Common stock""",Nasdaq,News pending,2026-02-19,09:00:00
2026-02-18,19:50:00,ZDAI,"""DirectBooking Technology Co., Ltd. Class A Ordinary Shares""",Nasdaq,News pending,,
2026-02-18,19:50:00,ZDAI,"""DirectBooking Technology Co., Ltd. Class A Ordinary Shares""",Nasdaq,News pending,2026-02-19,09:00:00
2026-02-18,19:50:00,AURE,Aurelion Inc. Class A Ordinary Shares,Nasdaq,News pending,,
2026-02-18,19:50:00,AURE,Aurelion Inc. Class A Ordinary Shares,Nasdaq,News pending,2026-02-19,09:00:00
2026-02-18,17:55:00,CDNL,Cardinal Infrastructure Group Inc. Class A Common Stock,Nasdaq,News pending,2026-02-18,18:30:00
2026-02-18,16:01:00,BANXR,ArrowMark Financial Corp. Right,Nasdaq,News pending,,
2026-02-18,15:59:05,HSPTU,Horizon Space Acquisition II Corp. Units,Nasdaq,LULD pause,2026-02-18,16:03:36
2026-02-18,15:23:16,QSEAU,Quartzsea Acquisition Corporation Units,Nasdaq,LULD pause,2026-02-18,15:28:16
2026-02-18,15:12:56,NSRX,Nasus Pharma Ltd.,NYSE American,LULD pause,2026-02-18,15:22:56
2026-02-18,12:51:18,MLEC,Moolec Science SA Ordinary Shares,Nasdaq,LULD pause,2026-02-18,12:56:18
2026-02-18,11:28:09,JDZG,JIADE LIMITED Class A Ordinary Shares,Nasdaq,LULD pause,2026-02-18,11:33:09
2026-02-18,11:24:50,SHAZ,"""SharonAI Holdings, Inc. Class A Common Stock""",Nasdaq,LULD pause,2026-02-18,11:29:50
2026-02-18,11:22:54,JDZG,JIADE LIMITED Class A Ordinary Shares,Nasdaq,LULD pause,2026-02-18,11:27:54
2026-02-18,11:17:39,JDZG,JIADE LIMITED Class A Ordinary Shares,Nasdaq,LULD pause,2026-02-18,11:22:39
2026-02-18,11:10:21,MLEC,Moolec Science SA Ordinary Shares,Nasdaq,LULD pause,2026-02-18,11:20:21
2026-02-18,10:25:58,WNTR,YieldMax MSTR Short Option Income Strategy ETF,NYSE Arca,News pending,2026-02-18,14:20:00
2026-02-18,10:12:50,MLEC,Moolec Science SA Ordinary Shares,Nasdaq,LULD pause,2026-02-18,10:17:50
2026-02-18,09:58:36,MLEC,Moolec Science SA Ordinary Shares,Nasdaq,LULD pause,2026-02-18,10:03:36
2026-02-18,09:53:41,SNSE,"""Sensei Biotherapeutics, Inc. Common Stock""",Nasdaq,LULD pause,2026-02-18,09:58:41
2026-02-18,09:52:42,WSHP,WeShop Holdings Limited Class A Ordinary Shares,Nasdaq,LULD pause,2026-02-18,09:57:42
2026-02-18,09:47:34,MLEC,Moolec Science SA Ordinary Shares,Nasdaq,LULD pause,2026-02-18,09:52:34
2026-02-18,09:38:18,SNSE,"""Sensei Biotherapeutics, Inc. Common Stock""",Nasdaq,LULD pause,2026-02-18,09:43:18
2026-02-18,09:34:58,MLEC,Moolec Science SA Ordinary Shares,Nasdaq,LULD pause,2026-02-18,09:44:59
2026-02-18,09:33:36,RIBBU,Ribbon Acquisition Corp Unit,Nasdaq,LULD pause,2026-02-18,09:38:36
2026-02-18,09:30:29,IHT,InnSuites Hospitality Trust,NYSE American,LULD pause,2026-02-18,09:35:29
2026-02-18,07:55:00,SNSE,"""Sensei Biotherapeutics, Inc. Common Stock""",Nasdaq,News pending,2026-02-18,08:50:01
2026-02-17,19:50:00,NDLS,Noodles & Company Class A,Nasdaq,News pending,2026-02-18,09:00:00
2026-02-17,19:50:00,NDLS,Noodles & Company Class A,Nasdaq,News pending,,
2026-02-17,15:47:47,JDZG,JIADE LIMITED Class A Ordinary Shares,Nasdaq,LULD pause,2026-02-17,16:00:00
2026-02-17,15:21:06,BHM,"""Bluerock Homes Trust, Inc.""",NYSE American,LULD pause,2026-02-17,15:36:06
2026-02-17,15:15:12,PHOE,Phoenix Asia Holdings Limited Ordinary Shares,Nasdaq,LULD pause,2026-02-17,15:25:12
2026-02-17,15:14:29,OLB,"""The OLB Group, Inc. Common Stock""",Nasdaq,LULD pause,2026-02-17,15:19:29
2026-02-17,14:52:33,OLB,"""The OLB Group, Inc. Common Stock""",Nasdaq,LULD pause,2026-02-17,14:57:33
2026-02-17,14:51:21,PHOE,Phoenix Asia Holdings Limited Ordinary Shares,Nasdaq,LULD pause,2026-02-17,14:56:21
2026-02-17,14:46:57,OLB,"""The OLB Group, Inc. Common Stock""",Nasdaq,LULD pause,2026-02-17,14:51:57
2026-02-17,14:26:14,PHOE,Phoenix Asia Holdings Limited Ordinary Shares,Nasdaq,LULD pause,2026-02-17,14:31:14
2026-02-17,14:18:53,OLB,"""The OLB Group, Inc. Common Stock""",Nasdaq,LULD pause,2026-02-17,14:23:53
2026-02-17,14:15:37,PHOE,Phoenix Asia Holdings Limited Ordinary Shares,Nasdaq,LULD pause,2026-02-17,14:25:37
2026-02-17,14:09:15,PHOE,Phoenix Asia Holdings Limited Ordinary Shares,Nasdaq,LULD pause,2026-02-17,14:14:15
2026-02-17,14:04:32,ZYBT,Zhengye Biotechnology Holding Limited Ordinary Shares,Nasdaq,LULD pause,2026-02-17,14:09:32
2026-02-17,13:58:56,PHOE,Phoenix Asia Holdings Limited Ordinary Shares,Nasdaq,LULD pause,2026-02-17,14:08:56
2026-02-17,13:53:30,PHOE,Phoenix Asia Holdings Limited Ordinary Shares,Nasdaq,LULD pause,2026-02-17,13:58:30
2026-02-17,13:48:04,PHOE,Phoenix Asia Holdings Limited Ordinary Shares,Nasdaq,LULD pause,2026-02-17,13:53:04
2026-02-17,13:27:11,SMJF,SMJ International Holdings Inc.,NYSE American,LULD pause,2026-02-17,13:32:11
2026-02-17,13:14:46,SMJF,SMJ International Holdings Inc.,NYSE American,LULD pause,2026-02-17,13:24:46
2026-02-17,12:59:29,SMJF,SMJ International Holdings Inc.,NYSE American,LULD pause,2026-02-17,13:14:29
2026-02-17,12:34:14,SMJF,SMJ International Holdings Inc.,NYSE American,LULD pause,2026-02-17,12:59:14
2026-02-17,12:23:03,SMJF,SMJ International Holdings Inc.,NYSE American,LULD pause,2026-02-17,12:28:03
2026-02-17,12:16:19,SMJF,SMJ International Holdings Inc.,NYSE American,LULD pause,2026-02-17,12:21:19
2026-02-17,12:02:43,SMJF,SMJ International Holdings Inc.,NYSE American,LULD pause,2026-02-17,12:07:43
2026-02-17,12:00:30,OLB,"""The OLB Group, Inc. Common Stock""",Nasdaq,LULD pause,2026-02-17,12:05:30
2026-02-17,11:52:04,SMJF,SMJ International Holdings Inc.,NYSE American,LULD pause,2026-02-17,12:02:04
2026-02-17,11:46:30,SMJF,SMJ International Holdings Inc.,NYSE American,LULD pause,2026-02-17,11:51:30
2026-02-17,11:39:19,SMJF,SMJ International Holdings Inc.,NYSE American,LULD pause,2026-02-17,11:44:19
2026-02-17,11:25:54,SMJF,SMJ International Holdings Inc.,NYSE American,LULD pause,2026-02-17,11:30:54
2026-02-17,11:20:14,SMJF,SMJ International Holdings Inc.,NYSE American,LULD pause,2026-02-17,11:25:14
2026-02-17,11:13:11,SMJF,SMJ International Holdings Inc.,NYSE American,LULD pause,2026-02-17,11:18:11
2026-02-17,11:07:43,SMJF,SMJ International Holdings Inc.,NYSE American,LULD pause,2026-02-17,11:12:43
2026-02-17,11:06:38,ANPA,Rich Sparkle Holdings Limited Ordinary Shares,Nasdaq,LULD pause,2026-02-17,11:16:38
2026-02-17,11:00:45,ANPA,Rich Sparkle Holdings Limited Ordinary Shares,Nasdaq,LULD pause,2026-02-17,11:05:45
2026-02-17,10:57:58,JDZG,JIADE LIMITED Class A Ordinary Shares,Nasdaq,LULD pause,2026-02-17,11:02:58
2026-02-17,10:39:03,JFB,JFB Construction Holdings Class A Common Stock,Nasdaq,LULD pause,2026-02-17,10:44:03
2026-02-17,10:37:29,ANPA,Rich Sparkle Holdings Limited Ordinary Shares,Nasdaq,LULD pause,2026-02-17,10:42:29
2026-02-17,10:31:02,JFB,JFB Construction Holdings Class A Common Stock,Nasdaq,LULD pause,2026-02-17,10:36:02
2026-02-17,10:22:02,LSE,"""Leishen Energy Holding Co., Ltd. Class A Ordinary Shares""",Nasdaq,LULD pause,2026-02-17,10:32:02
2026-02-17,10:21:19,ANPA,Rich Sparkle Holdings Limited Ordinary Shares,Nasdaq,LULD pause,2026-02-17,10:31:19
2026-02-17,10:17:36,PW PRA,"""Power REIT  7.75% Series A Cumulative Redeemable Perpetual Preferred Stock, Liquidation Preference $25.00 per Share""",NYSE American,LULD pause,2026-02-17,10:22:36
2026-02-17,10:11:16,QNRX,"""Quoin Pharmaceuticals, Ltd. American Depositary Shares""",Nasdaq,LULD pause,2026-02-17,10:21:16
2026-02-17,10:09:12,JFB,JFB Construction Holdings Class A Common Stock,Nasdaq,LULD pause,2026-02-17,10:19:12
2026-02-17,10:00:12,BRAI,Braiin Limited Common Stock,Nasdaq,LULD pause,2026-02-17,10:05:12
2026-02-17,09:53:56,JDZG,JIADE LIMITED Class A Ordinary Shares,Nasdaq,LULD pause,2026-02-17,09:58:56
2026-02-17,09:52:50,CGTL,Creative Global Technology Holdings Limited Class A Ordinary Shares,Nasdaq,LULD pause,2026-02-17,10:16:48
2026-02-17,09:52:36,JFB,JFB Construction Holdings Class A Common Stock,Nasdaq,LULD pause,2026-02-17,10:02:36
2026-02-17,09:52:13,SMJF,SMJ International Holdings Inc.,NYSE American,LULD pause,2026-02-17,11:07:14
2026-02-17,09:50:33,GMM,Global Mofy AI Limited Class A Ordinary Shares,Nasdaq,LULD pause,2026-02-17,09:55:33
2026-02-17,09:49:28,OBAI,"""TG-17, Inc. Common Stock""",Nasdaq,LULD pause,2026-02-17,09:54:28
2026-02-17,09:46:46,DKI,DarkIris Inc. Class A Ordinary Shares,Nasdaq,LULD pause,2026-02-17,09:51:46
2026-02-17,09:45:55,PW PRA,"""Power REIT  7.75% Series A Cumulative Redeemable Perpetual Preferred Stock, Liquidation Preference $25.00 per Share""",NYSE American,LULD pause,2026-02-17,09:50:55
2026-02-17,09:45:36,CHOW,ChowChow Cloud International Holdings Limited,NYSE American,LULD pause,2026-02-17,09:50:36
2026-02-17,09:42:24,RIME,"""Algorhythm Holdings, Inc. Common Stock""",Nasdaq,LULD pause,2026-02-17,09:52:24
2026-02-17,09:40:58,ANPA,Rich Sparkle Holdings Limited Ordinary Shares,Nasdaq,LULD pause,2026-02-17,10:21:04
2026-02-17,09:38:35,MI,NFT Limited,NYSE American,LULD pause,2026-02-17,09:43:35
2026-02-17,09:37:59,JDZG,JIADE LIMITED Class A Ordinary Shares,Nasdaq,LULD pause,2026-02-17,09:42:59
2026-02-17,09:37:08,CGTL,Creative Global Technology Holdings Limited Class A Ordinary Shares,Nasdaq,LULD pause,2026-02-17,09:52:09
2026-02-17,09:35:02,IHS,IHS Holding Limited,NYSE,News pending,2026-02-17,10:23:18
2026-02-17,09:34:15,BRAI,Braiin Limited Common Stock,Nasdaq,LULD pause,2026-02-17,09:44:15
2026-02-17,09:32:11,ATHR,"""Aether Holdings, Inc. Common Stock""",Nasdaq,LULD pause,2026-02-17,09:37:11
2026-02-17,09:30:43,BURL,"""BURLINGTON STORES, INC.""",NYSE,LULD pause,2026-02-17,09:35:43
2026-02-17,09:30:16,EMCS,Xtrackers MSCI Emerging Markets Climate Selection ETF,NYSE Arca,LULD pause,2026-02-17,09:35:16
2026-02-17,08:55:00,JFB,JFB Construction Holdings Class A Common Stock,Nasdaq,News pending,2026-02-17,09:50:00
2026-02-13,19:50:00,JFBRW,Jeffs' Brands Ltd Warrant,Nasdaq,News pending,2026-02-17,09:05:00
2026-02-13,19:50:00,JFBRW,Jeffs' Brands Ltd Warrant,Nasdaq,News pending,,
2026-02-13,19:50:00,SMXWW,SMX (Security Matters) Public Limited Company Warrant,Nasdaq,News pending,2026-02-17,09:05:00
2026-02-13,19:50:00,SMXWW,SMX (Security Matters) Public Limited Company Warrant,Nasdaq,News pending,,
2026-02-13,19:50:00,EEIQ,EpicQuest Education Group International Limited Common Stock,Nasdaq,News pending,2026-02-17,09:00:00
2026-02-13,19:50:00,EEIQ,EpicQuest Education Group International Limited Common Stock,Nasdaq,News pending,,
2026-02-13,19:50:00,JFBR,Jeffs' Brands Ltd Ordinary Shares,Nasdaq,News pending,2026-02-17,09:00:00
2026-02-13,19:50:00,JFBR,Jeffs' Brands Ltd Ordinary Shares,Nasdaq,News pending,,
2026-02-13,19:50:00,SMX,SMX (Security Matters) Public Limited Company Ordinary Shares,Nasdaq,News pending,2026-02-17,09:05:01
2026-02-13,19:50:00,SMX,SMX (Security Matters) Public Limited Company Ordinary Shares,Nasdaq,News pending,,
2026-02-13,19:50:00,WTO,UTime Limited Class A Ordinary Shares,Nasdaq,News pending,,
2026-02-13,19:50:00,WTO,UTime Limited Class A Ordinary Shares,Nasdaq,News pending,2026-02-17,09:00:00
2026-02-13,19:50:00,INTJ,Intelligent Group Limited Class A Ordinary Shares,Nasdaq,News pending,2026-02-17,09:00:00
2026-02-13,19:50:00,INTJ,Intelligent Group Limited Class A Ordinary Shares,Nasdaq,News pending,,
2026-02-13,15:50:09,ANPA,Rich Sparkle Holdings Limited Ordinary Shares,Nasdaq,LULD pause,2026-02-13,16:00:00
2026-02-13,15:42:49,ANPA,Rich Sparkle Holdings Limited Ordinary Shares,Nasdaq,LULD pause,2026-02-13,15:47:49
2026-02-13,15:37:03,ANPA,Rich Sparkle Holdings Limited Ordinary Shares,Nasdaq,LULD pause,2026-02-13,15:42:03
2026-02-13,15:24:34,ANPA,Rich Sparkle Holdings Limited Ordinary Shares,Nasdaq,LULD pause,2026-02-13,15:36:20
2026-02-13,15:14:07,ANPA,Rich Sparkle Holdings Limited Ordinary Shares,Nasdaq,LULD pause,2026-02-13,15:24:08
2026-02-13,15:07:57,ANPA,Rich Sparkle Holdings Limited Ordinary Shares,Nasdaq,LULD pause,2026-02-13,15:12:57
2026-02-13,14:57:56,IRON,"""Disc Medicine, Inc. Common Stock""",Nasdaq,LULD pause,2026-02-13,15:02:56
2026-02-13,14:57:42,ANPA,Rich Sparkle Holdings Limited Ordinary Shares,Nasdaq,LULD pause,2026-02-13,15:07:42
2026-02-13,14:48:25,ANPA,Rich Sparkle Holdings Limited Ordinary Shares,Nasdaq,LULD pause,2026-02-13,14:53:25
2026-02-13,14:31:47,IRON,"""Disc Medicine, Inc. Common Stock""",Nasdaq,LULD pause,2026-02-13,14:52:00
2026-02-13,14:24:44,PLUR,Pluri Inc. Common Stock,Nasdaq,LULD pause,2026-02-13,14:29:44
2026-02-13,13:53:53,POAS,Phaos Technology Holdings (Cayman) Limited,NYSE American,LULD pause,2026-02-13,13:58:53
2026-02-13,13:48:36,POAS,Phaos Technology Holdings (Cayman) Limited,NYSE American,LULD pause,2026-02-13,13:53:36
2026-02-13,13:44:50,FGL,Founder Group Limited Class A Ordinary Shares,Nasdaq,LULD pause,2026-02-13,13:49:50
2026-02-13,13:43:15,POAS,Phaos Technology Holdings (Cayman) Limited,NYSE American,LULD pause,2026-02-13,13:48:15
2026-02-13,13:37:05,POAS,Phaos Technology Holdings (Cayman) Limited,NYSE American,LULD pause,2026-02-13,13:42:05
2026-02-13,13:36:41,SOLC,Canary Marinade Solana ETF Shares of Beneficial Interest,Nasdaq,LULD pause,2026-02-13,13:41:41
2026-02-13,13:31:08,POAS,Phaos Technology Holdings (Cayman) Limited,NYSE American,LULD pause,2026-02-13,13:36:08
2026-02-13,13:05:22,HSPT,Horizon Space Acquisition II Corp. Ordinary share,Nasdaq,LULD pause,2026-02-13,13:10:22
2026-02-13,13:03:54,POAS,Phaos Technology Holdings (Cayman) Limited,NYSE American,LULD pause,2026-02-13,13:08:54
2026-02-13,12:46:33,POAS,Phaos Technology Holdings (Cayman) Limited,NYSE American,LULD pause,2026-02-13,12:56:33
2026-02-13,12:36:18,POAS,Phaos Technology Holdings (Cayman) Limited,NYSE American,LULD pause,2026-02-13,12:46:18
2026-02-13,12:26:03,POAS,Phaos Technology Holdings (Cayman) Limited,NYSE American,LULD pause,2026-02-13,12:36:03
2026-02-13,12:24:59,CGTL,Creative Global Technology Holdings Limited Class A Ordinary Shares,Nasdaq,LULD pause,2026-02-13,12:34:59
2026-02-13,12:16:07,BURU,"""Nuburu, Inc.""",NYSE American,Regulatory Concern,See Subsequent Halt,See Subsequent Halt
2026-02-13,12:16:07,BURU,"""Nuburu, Inc.""",NYSE American,Regulatory Concern,,
2026-02-13,12:08:07,HSPT,Horizon Space Acquisition II Corp. Ordinary share,Nasdaq,LULD pause,2026-02-13,12:13:07
2026-02-13,12:07:30,BUUU,BUUU Group Limited Class A Ordinary Share,Nasdaq,LULD pause,2026-02-13,12:17:30
2026-02-13,12:06:27,FGL,Founder Group Limited Class A Ordinary Shares,Nasdaq,LULD pause,2026-02-13,12:11:27
2026-02-13,12:01:48,BUUU,BUUU Group Limited Class A Ordinary Share,Nasdaq,LULD pause,2026-02-13,12:06:48
2026-02-13,11:59:12,FGL,Founder Group Limited Class A Ordinary Shares,Nasdaq,LULD pause,2026-02-13,12:04:12
2026-02-13,11:58:44,MLEC,Moolec Science SA Ordinary Shares,Nasdaq,LULD pause,2026-02-13,12:03:44
2026-02-13,11:49:06,CGTL,Creative Global Technology Holdings Limited Class A Ordinary Shares,Nasdaq,LULD pause,2026-02-13,11:54:06
2026-02-13,11:34:02,CGTL,Creative Global Technology Holdings Limited Class A Ordinary Shares,Nasdaq,LULD pause,2026-02-13,11:44:02
2026-02-13,11:33:40,FGL,Founder Group Limited Class A Ordinary Shares,Nasdaq,LULD pause,2026-02-13,11:43:40
2026-02-13,11:22:50,FGL,Founder Group Limited Class A Ordinary Shares,Nasdaq,LULD pause,2026-02-13,11:27:50
2026-02-13,11:17:48,APUS,"""Apimeds Pharmaceuticals US, Inc.""",NYSE American,LULD pause,2026-02-13,11:22:48
2026-02-13,11:16:03,FGL,Founder Group Limited Class A Ordinary Shares,Nasdaq,LULD pause,2026-02-13,11:21:03
2026-02-13,11:02:12,FGL,Founder Group Limited Class A Ordinary Shares,Nasdaq,LULD pause,2026-02-13,11:12:13
2026-02-13,11:01:14,CGTL,Creative Global Technology Holdings Limited Class A Ordinary Shares,Nasdaq,LULD pause,2026-02-13,11:33:39
2026-02-13,11:00:19,POAS,Phaos Technology Holdings (Cayman) Limited,NYSE American,LULD pause,2026-02-13,12:25:36
2026-02-13,10:56:57,FGL,Founder Group Limited Class A Ordinary Shares,Nasdaq,LULD pause,2026-02-13,11:01:57
2026-02-13,10:56:18,CLIK,Click Holdings Limited Class A Ordinary Share,Nasdaq,LULD pause,2026-02-13,11:01:18
2026-02-13,10:45:50,CGTL,Creative Global Technology Holdings Limited Class A Ordinary Shares,Nasdaq,LULD pause,2026-02-13,11:00:50
2026-02-13,10:38:04,FGL,Founder Group Limited Class A Ordinary Shares,Nasdaq,LULD pause,2026-02-13,10:56:33
2026-02-13,10:36:05,MLEC,Moolec Science SA Ordinary Shares,Nasdaq,LULD pause,2026-02-13,10:41:05
2026-02-13,10:18:35,HSPTU,Horizon Space Acquisition II Corp. Units,Nasdaq,LULD pause,2026-02-13,10:23:35
2026-02-13,10:10:08,WSHP,WeShop Holdings Limited Class A Ordinary Shares,Nasdaq,LULD pause,2026-02-13,10:15:08
2026-02-13,10:06:39,FGL,Founder Group Limited Class A Ordinary Shares,Nasdaq,LULD pause,2026-02-13,10:37:46
2026-02-13,09:57:39,MGRT,Mega Fortune Company Limited Ordinary Shares,Nasdaq,LULD pause,2026-02-13,10:02:39
2026-02-13,09:57:16,MLEC,Moolec Science SA Ordinary Shares,Nasdaq,LULD pause,2026-02-13,10:02:16
2026-02-13,09:47:54,BRAI,Braiin Limited Common Stock,Nasdaq,LULD pause,2026-02-13,09:52:54
2026-02-13,09:47:11,MGRT,Mega Fortune Company Limited Ordinary Shares,Nasdaq,LULD pause,2026-02-13,09:57:12
2026-02-13,09:45:50,CGTL,Creative Global Technology Holdings Limited Class A Ordinary Shares,Nasdaq,LULD pause,2026-02-13,10:45:28
2026-02-13,09:44:16,MLEC,Moolec Science SA Ordinary Shares,Nasdaq,LULD pause,2026-02-13,09:49:16
2026-02-13,09:43:45,OBAI,"""TG-17, Inc. Common Stock""",Nasdaq,LULD pause,2026-02-13,09:48:45
2026-02-13,09:42:26,BRAI,Braiin Limited Common Stock,Nasdaq,LULD pause,2026-02-13,09:47:26
2026-02-13,09:36:31,MGRT,Mega Fortune Company Limited Ordinary Shares,Nasdaq,LULD pause,2026-02-13,09:46:31
2026-02-13,09:34:11,PLSM,Pulsenmore Ltd. Ordinary Shares,Nasdaq,LULD pause,2026-02-13,09:39:11
2026-02-13,09:32:41,MLEC,Moolec Science SA Ordinary Shares,Nasdaq,LULD pause,2026-02-13,09:37:41
2026-02-13,09:32:38,BRAI,Braiin Limited Common Stock,Nasdaq,LULD pause,2026-02-13,09:37:38
2026-02-13,09:32:24,CGTL,Creative Global Technology Holdings Limited Class A Ordinary Shares,Nasdaq,LULD pause,2026-02-13,09:45:06
2026-02-13,09:30:15,DKUP,T-REX 2X Long DKNG Daily Target ETF,Cboe BZX,LULD pause,2026-02-13,09:40:20
2026-02-12,19:50:00,ZEUS,"""Olympic Steel, Inc.""",Nasdaq,News pending,,
2026-02-12,19:50:00,FGNXP,FG Nexus Inc. 8.00% Cumulative Preferred Stock,Nasdaq,News pending,,
2026-02-12,19:50:00,FGNXP,FG Nexus Inc. 8.00% Cumulative Preferred Stock,Nasdaq,News pending,2026-02-13,09:05:00
2026-02-12,19:50:00,FGNX,FG Nexus Inc. Common Stock,Nasdaq,News pending,2026-02-13,09:00:00
2026-02-12,19:50:00,FGNX,FG Nexus Inc. Common Stock,Nasdaq,News pending,,
2026-02-12,19:50:00,CRE,Cre8 Enterprise Limited Class A Ordinary Shares,Nasdaq,News pending,2026-02-13,09:00:00
2026-02-12,19:50:00,CRE,Cre8 Enterprise Limited Class A Ordinary Shares,Nasdaq,News pending,,
2026-02-12,19:50:00,SNCR,Synchronoss Technologies Inc Common Stock,Nasdaq,News pending,,
2026-02-12,15:57:08,MGRT,Mega Fortune Company Limited Ordinary Shares,Nasdaq,LULD pause,2026-02-12,16:00:00
2026-02-12,15:38:18,MGRT,Mega Fortune Company Limited Ordinary Shares,Nasdaq,LULD pause,2026-02-12,15:43:18
2026-02-12,15:33:56,BRAI,Braiin Limited Common Stock,Nasdaq,LULD pause,2026-02-12,15:38:56
2026-02-12,15:30:55,MGRT,Mega Fortune Company Limited Ordinary Shares,Nasdaq,LULD pause,2026-02-12,15:35:55
2026-02-12,15:25:36,MGRT,Mega Fortune Company Limited Ordinary Shares,Nasdaq,LULD pause,2026-02-12,15:30:36
2026-02-12,15:20:14,MGRT,Mega Fortune Company Limited Ordinary Shares,Nasdaq,LULD pause,2026-02-12,15:25:14
2026-02-12,15:14:48,MGRT,Mega Fortune Company Limited Ordinary Shares,Nasdaq,LULD pause,2026-02-12,15:19:48
2026-02-12,15:09:22,MGRT,Mega Fortune Company Limited Ordinary Shares,Nasdaq,LULD pause,2026-02-12,15:14:22
2026-02-12,14:59:05,MGRT,Mega Fortune Company Limited Ordinary Shares,Nasdaq,LULD pause,2026-02-12,15:09:05
2026-02-12,14:52:58,MGRT,Mega Fortune Company Limited Ordinary Shares,Nasdaq,LULD pause,2026-02-12,14:57:58
2026-02-12,14:42:32,MGRT,Mega Fortune Company Limited Ordinary Shares,Nasdaq,LULD pause,2026-02-12,14:52:33
2026-02-12,14:38:19,BRAI,Braiin Limited Common Stock,Nasdaq,LULD pause,2026-02-12,14:48:20
2026-02-12,14:37:11,MGRT,Mega Fortune Company Limited Ordinary Shares,Nasdaq,LULD pause,2026-02-12,14:42:11
2026-02-12,14:31:21,MGRT,Mega Fortune Company Limited Ordinary Shares,Nasdaq,LULD pause,2026-02-12,14:36:21
2026-02-12,14:25:50,BRAI,Braiin Limited Common Stock,Nasdaq,LULD pause,2026-02-12,14:30:50
2026-02-12,14:25:28,MGRT,Mega Fortune Company Limited Ordinary Shares,Nasdaq,LULD pause,2026-02-12,14:30:28
2026-02-12,14:20:05,MGRT,Mega Fortune Company Limited Ordinary Shares,Nasdaq,LULD pause,2026-02-12,14:25:05
2026-02-12,14:16:49,BRAI,Braiin Limited Common Stock,Nasdaq,LULD pause,2026-02-12,14:21:49
2026-02-12,14:03:51,BRAI,Braiin Limited Common Stock,Nasdaq,LULD pause,2026-02-12,14:08:51
2026-02-12,14:02:55,MGRT,Mega Fortune Company Limited Ordinary Shares,Nasdaq,LULD pause,2026-02-12,14:19:35
2026-02-12,13:57:36,MGRT,Mega Fortune Company Limited Ordinary Shares,Nasdaq,LULD pause,2026-02-12,14:02:36
2026-02-12,13:51:32,MGRT,Mega Fortune Company Limited Ordinary Shares,Nasdaq,LULD pause,2026-02-12,13:56:32
2026-02-12,13:49:52,BRAI,Braiin Limited Common Stock,Nasdaq,LULD pause,2026-02-12,13:54:52
2026-02-12,13:37:49,BRAI,Braiin Limited Common Stock,Nasdaq,LULD pause,2026-02-12,13:47:49
2026-02-12,13:32:33,MGRT,Mega Fortune Company Limited Ordinary Shares,Nasdaq,LULD pause,2026-02-12,13:37:33
2026-02-12,13:31:18,BRAI,Braiin Limited Common Stock,Nasdaq,LULD pause,2026-02-12,13:36:18
2026-02-12,13:30:29,GTN A,"""Gray Media, Inc. Class A""",NYSE,LULD pause,2026-02-12,13:35:29
2026-02-12,13:25:11,BRAI,Braiin Limited Common Stock,Nasdaq,LULD pause,2026-02-12,13:30:11
2026-02-12,13:21:45,BAK,Braskem S.A. American Depositary Shares (Each representing Two Class A  Preferred Shares),NYSE,LULD pause,2026-02-12,13:27:01
2026-02-12,13:19:56,BRAI,Braiin Limited Common Stock,Nasdaq,LULD pause,2026-02-12,13:24:56
2026-02-12,13:14:05,BRAI,Braiin Limited Common Stock,Nasdaq,LULD pause,2026-02-12,13:19:05
2026-02-12,13:05:05,BRAI,Braiin Limited Common Stock,Nasdaq,LULD pause,2026-02-12,13:10:05
2026-02-12,12:59:17,BRAI,Braiin Limited Common Stock,Nasdaq,LULD pause,2026-02-12,13:04:17
2026-02-12,12:51:38,BAK,Braskem S.A. American Depositary Shares (Each representing Two Class A  Preferred Shares),NYSE,News pending,2026-02-12,13:21:30
2026-02-12,12:48:45,BRAI,Braiin Limited Common Stock,Nasdaq,LULD pause,2026-02-12,12:58:45
2026-02-12,12:38:10,BRAI,Braiin Limited Common Stock,Nasdaq,LULD pause,2026-02-12,12:48:11
2026-02-12,12:30:06,BRAI,Braiin Limited Common Stock,Nasdaq,LULD pause,2026-02-12,12:35:06
2026-02-12,12:10:05,RDAC,Rising Dragon Acquisition Corp. Ordinary Shares,Nasdaq,LULD pause,2026-02-12,12:15:05
2026-02-12,12:05:00,JZ,Jianzhi Education Technology Group Company Limited American Depositary Shares,Nasdaq,LULD pause,2026-02-12,12:15:00
2026-02-12,11:55:11,RGNT,Regentis Biomaterials Ltd.,NYSE American,LULD pause,2026-02-12,12:05:11
2026-02-12,11:54:13,BRAI,Braiin Limited Common Stock,Nasdaq,LULD pause,2026-02-12,12:27:16
2026-02-12,11:47:43,JZ,Jianzhi Education Technology Group Company Limited American Depositary Shares,Nasdaq,LULD pause,2026-02-12,11:52:43
2026-02-12,11:42:48,BRAI,Braiin Limited Common Stock,Nasdaq,LULD pause,2026-02-12,11:52:48
2026-02-12,11:32:07,BRAI,Braiin Limited Common Stock,Nasdaq,LULD pause,2026-02-12,11:42:07
2026-02-12,11:10:10,MGRT,Mega Fortune Company Limited Ordinary Shares,Nasdaq,LULD pause,2026-02-12,11:15:10
2026-02-12,10:49:23,RIME,"""Algorhythm Holdings, Inc. Common Stock""",Nasdaq,LULD pause,2026-02-12,10:54:23
2026-02-12,10:38:39,RIME,"""Algorhythm Holdings, Inc. Common Stock""",Nasdaq,LULD pause,2026-02-12,10:48:40
2026-02-12,10:31:29,PHOE,Phoenix Asia Holdings Limited Ordinary Shares,Nasdaq,LULD pause,2026-02-12,10:36:29
2026-02-12,10:27:10,PLBL,Polibeli Group Ltd Class A Ordinary Shares,Nasdaq,LULD pause,2026-02-12,10:32:10
2026-02-12,10:22:35,RUBI,Rubico Inc. Common Stock,Nasdaq,LULD pause,2026-02-12,10:27:35
2026-02-12,10:20:39,PLYX,"""Polaryx Therapeutics, Inc. Common Stock""",Nasdaq,LULD pause,2026-02-12,10:25:39
2026-02-12,10:10:03,RUBI,Rubico Inc. Common Stock,Nasdaq,LULD pause,2026-02-12,10:20:05
2026-02-12,10:05:56,CHOW,ChowChow Cloud International Holdings Limited,NYSE American,LULD pause,2026-02-12,10:10:56
2026-02-12,10:01:59,OGCP,"""Empire State Realty OP, L.P. Series 60""",NYSE Arca,LULD pause,2026-02-12,10:06:59
2026-02-12,10:01:39,HPAI,Helport AI Limited Ordinary Shares,Nasdaq,LULD pause,2026-02-12,10:11:39
2026-02-12,09:58:05,PLYX,"""Polaryx Therapeutics, Inc. Common Stock""",Nasdaq,LULD pause,2026-02-12,10:03:05
2026-02-12,09:57:07,RUBI,Rubico Inc. Common Stock,Nasdaq,LULD pause,2026-02-12,10:07:07
2026-02-12,09:47:30,PLYX,"""Polaryx Therapeutics, Inc. Common Stock""",Nasdaq,LULD pause,2026-02-12,09:57:30
2026-02-12,09:39:32,NCI,Neo-Concept International Group Holdings Limited Class A Ordinary Shares,Nasdaq,LULD pause,2026-02-12,09:44:32
2026-02-12,09:38:50,ONEG,OneConstruction Group Limited Ordinary Shares,Nasdaq,LULD pause,2026-02-12,09:43:50
2026-02-12,09:36:35,PLYX,"""Polaryx Therapeutics, Inc. Common Stock""",Nasdaq,LULD pause,2026-02-12,09:46:35
2026-02-12,09:36:09,BUUU,BUUU Group Limited Class A Ordinary Share,Nasdaq,LULD pause,2026-02-12,09:41:09
2026-02-12,09:36:00,RUBI,Rubico Inc. Common Stock,Nasdaq,LULD pause,2026-02-12,09:56:22
2026-02-12,09:33:07,WSO B,"""Watsco, Inc. Class B""",NYSE,LULD pause,2026-02-12,09:38:07
2026-02-12,09:30:16,UONE,"""Urban One, Inc. Class A Common Stock""",Nasdaq,LULD pause,2026-02-12,09:35:16
2026-02-12,08:10:42,AVDL,Avadel Pharmaceuticals plc Ordinary Share,Nasdaq,News pending,,
2026-02-12,07:55:00,ONCO,"""Onconetix, Inc. Common Stock""",Nasdaq,News pending,2026-02-12,08:30:00
2026-02-12,06:55:00,MCRB,"""Seres Therapeutics, Inc.""",Nasdaq,News pending,2026-02-12,07:30:00
2026-02-11,19:50:00,DSYWW,Big Tree Cloud Holdings Limited Warrants,Nasdaq,News pending,,
2026-02-11,19:50:00,DSYWW,Big Tree Cloud Holdings Limited Warrants,Nasdaq,News pending,2026-02-12,09:05:00
2026-02-11,19:50:00,DSY,Big Tree Cloud Holdings Limited Ordinary Shares,Nasdaq,News pending,,
2026-02-11,19:50:00,DSY,Big Tree Cloud Holdings Limited Ordinary Shares,Nasdaq,News pending,2026-02-12,09:00:00
2026-02-11,19:50:00,RUBI,Rubico Inc. Common Stock,Nasdaq,News pending,,
2026-02-11,19:50:00,RUBI,Rubico Inc. Common Stock,Nasdaq,News pending,2026-02-12,09:00:00
2026-02-11,15:32:29,FLX,BingEx Limited American Depositary Shares,Nasdaq,LULD pause,2026-02-11,15:37:29
2026-02-11,15:09:21,FLX,BingEx Limited American Depositary Shares,Nasdaq,LULD pause,2026-02-11,15:19:22
2026-02-11,15:07:45,NCI,Neo-Concept International Group Holdings Limited Class A Ordinary Shares,Nasdaq,LULD pause,2026-02-11,15:12:45
2026-02-11,15:02:08,NCI,Neo-Concept International Group Holdings Limited Class A Ordinary Shares,Nasdaq,LULD pause,2026-02-11,15:07:08
2026-02-11,14:39:07,AREB,"""American Rebel Holdings, Inc. Common Stock""",Nasdaq,LULD pause,2026-02-11,14:44:07
2026-02-11,14:36:22,MB,MasterBeef Group Ordinary Shares,Nasdaq,LULD pause,2026-02-11,14:41:22
2026-02-11,14:27:39,MB,MasterBeef Group Ordinary Shares,Nasdaq,LULD pause,2026-02-11,14:32:39
2026-02-11,14:22:15,MB,MasterBeef Group Ordinary Shares,Nasdaq,LULD pause,2026-02-11,14:27:15
2026-02-11,14:12:32,ONEG,OneConstruction Group Limited Ordinary Shares,Nasdaq,LULD pause,2026-02-11,14:22:32
2026-02-11,14:12:00,MB,MasterBeef Group Ordinary Shares,Nasdaq,LULD pause,2026-02-11,14:22:00
2026-02-11,14:01:49,ONEG,OneConstruction Group Limited Ordinary Shares,Nasdaq,LULD pause,2026-02-11,14:06:49
2026-02-11,14:00:32,MB,MasterBeef Group Ordinary Shares,Nasdaq,LULD pause,2026-02-11,14:05:32
2026-02-11,13:52:41,ONEG,OneConstruction Group Limited Ordinary Shares,Nasdaq,LULD pause,2026-02-11,13:57:41
2026-02-11,13:35:30,JLHL,Julong Holding Limited Class A Ordinary Shares,Nasdaq,LULD pause,2026-02-11,13:45:30
2026-02-11,13:32:54,MB,MasterBeef Group Ordinary Shares,Nasdaq,LULD pause,2026-02-11,13:37:54
2026-02-11,13:25:41,JZXN,"""Jiuzi Holdings, Inc. Ordinary Shares""",Nasdaq,LULD pause,2026-02-11,13:30:41
2026-02-11,13:03:35,FGL,Founder Group Limited Class A Ordinary Shares,Nasdaq,LULD pause,2026-02-11,13:08:35
2026-02-11,12:40:15,MB,MasterBeef Group Ordinary Shares,Nasdaq,LULD pause,2026-02-11,12:45:15
2026-02-11,12:34:21,MB,MasterBeef Group Ordinary Shares,Nasdaq,LULD pause,2026-02-11,12:39:21
2026-02-11,12:27:23,MB,MasterBeef Group Ordinary Shares,Nasdaq,LULD pause,2026-02-11,12:32:23
2026-02-11,12:18:52,PMEC,Primech Holdings Ltd. Ordinary Shares,Nasdaq,LULD pause,2026-02-11,12:23:52
2026-02-11,12:17:07,MB,MasterBeef Group Ordinary Shares,Nasdaq,LULD pause,2026-02-11,12:27:08
2026-02-11,12:13:58,ONEG,OneConstruction Group Limited Ordinary Shares,Nasdaq,LULD pause,2026-02-11,12:18:58
2026-02-11,12:11:25,BUUU,BUUU Group Limited Class A Ordinary Share,Nasdaq,LULD pause,2026-02-11,12:21:25
2026-02-11,12:07:56,ONEG,OneConstruction Group Limited Ordinary Shares,Nasdaq,LULD pause,2026-02-11,12:12:56
2026-02-11,12:07:19,MB,MasterBeef Group Ordinary Shares,Nasdaq,LULD pause,2026-02-11,12:12:19
2026-02-11,12:05:31,BUUU,BUUU Group Limited Class A Ordinary Share,Nasdaq,LULD pause,2026-02-11,12:10:31
2026-02-11,12:01:20,MB,MasterBeef Group Ordinary Shares,Nasdaq,LULD pause,2026-02-11,12:06:20
2026-02-11,12:00:42,RDAC,Rising Dragon Acquisition Corp. Ordinary Shares,Nasdaq,LULD pause,2026-02-11,12:05:42
2026-02-11,11:51:10,XCH,XCHG Limited American Depositary Share,Nasdaq,LULD pause,2026-02-11,11:56:10
2026-02-11,11:40:55,MB,MasterBeef Group Ordinary Shares,Nasdaq,LULD pause,2026-02-11,12:00:56
2026-02-11,11:38:40,RDAC,Rising Dragon Acquisition Corp. Ordinary Shares,Nasdaq,LULD pause,2026-02-11,11:43:40
2026-02-11,10:43:11,NCI,Neo-Concept International Group Holdings Limited Class A Ordinary Shares,Nasdaq,LULD pause,2026-02-11,10:48:11
2026-02-11,10:27:02,QVCGP,"""QVC Group, Inc. 8.0% Fixed Rate Cumulative Redeemable Preferred Stock""",Nasdaq,LULD pause,2026-02-11,10:32:02
2026-02-11,10:21:32,FGL,Founder Group Limited Class A Ordinary Shares,Nasdaq,LULD pause,2026-02-11,10:26:32
2026-02-11,10:10:14,HTLM,HomesToLife Ltd Ordinary Shares,Nasdaq,LULD pause,2026-02-11,10:15:14
2026-02-11,10:10:14,DBGI,"""Digital Brands Group, Inc. Common Stock""",Nasdaq,LULD pause,2026-02-11,10:15:14
2026-02-11,10:04:46,HTLM,HomesToLife Ltd Ordinary Shares,Nasdaq,LULD pause,2026-02-11,10:09:46
2026-02-11,10:03:54,DBGI,"""Digital Brands Group, Inc. Common Stock""",Nasdaq,LULD pause,2026-02-11,10:08:54
2026-02-11,10:00:19,FGL,Founder Group Limited Class A Ordinary Shares,Nasdaq,LULD pause,2026-02-11,10:21:00
2026-02-11,09:58:13,DBGI,"""Digital Brands Group, Inc. Common Stock""",Nasdaq,LULD pause,2026-02-11,10:03:13
2026-02-11,09:57:49,QVCGP,"""QVC Group, Inc. 8.0% Fixed Rate Cumulative Redeemable Preferred Stock""",Nasdaq,LULD pause,2026-02-11,10:02:49
2026-02-11,09:50:28,BDCX,"""ETRACS Quarterly Pay 1.5x Leveraged MarketVector BDC Liquid Index ETN due June 10, 2050""",NYSE Arca,LULD pause,2026-02-11,09:55:28
2026-02-11,09:49:39,DBGI,"""Digital Brands Group, Inc. Common Stock""",Nasdaq,LULD pause,2026-02-11,09:54:39
2026-02-11,09:41:34,WSO B,"""Watsco, Inc. Class B""",NYSE,LULD pause,2026-02-11,09:47:07
2026-02-11,09:34:52,RDCM,Radcom Ltd.,Nasdaq,LULD pause,2026-02-11,09:39:52
2026-02-11,09:30:36,DBGI,"""Digital Brands Group, Inc. Common Stock""",Nasdaq,LULD pause,2026-02-11,09:40:36
2026-02-11,09:30:15,NETX,Tradr 2X Long NET Daily ETF,Cboe BZX,LULD pause,2026-02-11,09:35:15
2026-02-11,08:08:09,THS,"""Treehouse Foods, Inc.""",NYSE,Merger Effective,,
2026-02-10,19:50:00,CYBR,CyberArk Software Ltd.,Nasdaq,News pending,,
2026-02-10,16:11:27,NUVB WS,"""Nuvation Bio Inc. Redeemable warrants, each whole warrant exercisable for one share of Class A common stock at an exercise price of $11.50""",NYSE,News Released,,
2026-02-10,15:49:11,QVCGP,"""QVC Group, Inc. 8.0% Fixed Rate Cumulative Redeemable Preferred Stock""",Nasdaq,LULD pause,2026-02-10,16:00:00
2026-02-10,15:37:11,QVCGA,"""QVC Group, Inc. Series A Common Stock""",Nasdaq,LULD pause,2026-02-10,15:42:11
2026-02-10,15:36:00,QVCGP,"""QVC Group, Inc. 8.0% Fixed Rate Cumulative Redeemable Preferred Stock""",Nasdaq,LULD pause,2026-02-10,15:41:00
2026-02-10,15:25:46,QVCGA,"""QVC Group, Inc. Series A Common Stock""",Nasdaq,LULD pause,2026-02-10,15:30:46
2026-02-10,15:25:43,ONEG,OneConstruction Group Limited Ordinary Shares,Nasdaq,LULD pause,2026-02-10,15:30:43
2026-02-10,15:20:20,QVCGA,"""QVC Group, Inc. Series A Common Stock""",Nasdaq,LULD pause,2026-02-10,15:25:20
2026-02-10,15:13:40,QVCGA,"""QVC Group, Inc. Series A Common Stock""",Nasdaq,LULD pause,2026-02-10,15:18:40
2026-02-10,15:10:42,QVCGP,"""QVC Group, Inc. 8.0% Fixed Rate Cumulative Redeemable Preferred Stock""",Nasdaq,LULD pause,2026-02-10,15:20:42
2026-02-10,15:06:10,QVCGA,"""QVC Group, Inc. Series A Common Stock""",Nasdaq,LULD pause,2026-02-10,15:11:10
2026-02-10,15:05:18,QVCGP,"""QVC Group, Inc. 8.0% Fixed Rate Cumulative Redeemable Preferred Stock""",Nasdaq,LULD pause,2026-02-10,15:10:18
2026-02-10,14:54:19,QVCGA,"""QVC Group, Inc. Series A Common Stock""",Nasdaq,LULD pause,2026-02-10,15:04:19
2026-02-10,14:47:28,QVCGP,"""QVC Group, Inc. 8.0% Fixed Rate Cumulative Redeemable Preferred Stock""",Nasdaq,LULD pause,2026-02-10,15:03:05
2026-02-10,14:42:08,QVCGP,"""QVC Group, Inc. 8.0% Fixed Rate Cumulative Redeemable Preferred Stock""",Nasdaq,LULD pause,2026-02-10,14:47:08
2026-02-10,14:40:54,QVCGA,"""QVC Group, Inc. Series A Common Stock""",Nasdaq,LULD pause,2026-02-10,14:50:54
2026-02-10,14:39:10,QVCD,"""QVC, Inc. 6.375% Senior Secured Notes due 2067""",NYSE,LULD pause,2026-02-10,14:44:10
2026-02-10,14:39:02,QVCC,"""QVC, Inc. 6.250% Senior Secured Notes due 2068""",NYSE,LULD pause,2026-02-10,14:44:02
2026-02-10,14:36:15,HVT A,"""Haverty Furniture Companies, Inc. Class A""",NYSE,LULD pause,2026-02-10,14:41:39
2026-02-10,14:32:14,QVCD,"""QVC, Inc. 6.375% Senior Secured Notes due 2067""",NYSE,LULD pause,2026-02-10,14:38:40
2026-02-10,14:32:09,QVCC,"""QVC, Inc. 6.250% Senior Secured Notes due 2068""",NYSE,LULD pause,2026-02-10,14:38:25
2026-02-10,14:30:39,QVCGA,"""QVC Group, Inc. Series A Common Stock""",Nasdaq,LULD pause,2026-02-10,14:40:39
2026-02-10,14:26:29,QVCD,"""QVC, Inc. 6.375% Senior Secured Notes due 2067""",NYSE,LULD pause,2026-02-10,14:31:56
2026-02-10,14:26:29,QVCC,"""QVC, Inc. 6.250% Senior Secured Notes due 2068""",NYSE,LULD pause,2026-02-10,14:31:43
2026-02-10,14:25:24,QVCGA,"""QVC Group, Inc. Series A Common Stock""",Nasdaq,LULD pause,2026-02-10,14:30:24
2026-02-10,14:21:01,QVCC,"""QVC, Inc. 6.250% Senior Secured Notes due 2068""",NYSE,LULD pause,2026-02-10,14:26:07
2026-02-10,14:20:52,QVCD,"""QVC, Inc. 6.375% Senior Secured Notes due 2067""",NYSE,LULD pause,2026-02-10,14:26:12
2026-02-10,14:20:19,QVCGP,"""QVC Group, Inc. 8.0% Fixed Rate Cumulative Redeemable Preferred Stock""",Nasdaq,LULD pause,2026-02-10,14:41:30
2026-02-10,14:20:08,QVCGA,"""QVC Group, Inc. Series A Common Stock""",Nasdaq,LULD pause,2026-02-10,14:25:08
2026-02-10,14:10:25,AFJK,"""Aimei Health Technology Co., Ltd Ordinary Share""",Nasdaq,LULD pause,2026-02-10,14:15:25
2026-02-10,12:28:47,FGL,Founder Group Limited Class A Ordinary Shares,Nasdaq,LULD pause,2026-02-10,12:33:47
2026-02-10,12:15:49,FGL,Founder Group Limited Class A Ordinary Shares,Nasdaq,LULD pause,2026-02-10,12:20:49
2026-02-10,12:10:06,FGL,Founder Group Limited Class A Ordinary Shares,Nasdaq,LULD pause,2026-02-10,12:15:06
2026-02-10,11:54:28,FGL,Founder Group Limited Class A Ordinary Shares,Nasdaq,LULD pause,2026-02-10,12:09:29
2026-02-10,11:25:21,BURU,"""Nuburu, Inc.""",NYSE American,News pending,2026-02-10,12:40:00
2026-02-10,11:17:54,JAGU,Jaguar Uranium Corp.,NYSE American,LULD pause,2026-02-10,11:22:54
2026-02-10,11:12:17,JAGU,Jaguar Uranium Corp.,NYSE American,LULD pause,2026-02-10,11:17:17
2026-02-10,10:45:39,NUVB WS,"""Nuvation Bio Inc. Redeemable warrants, each whole warrant exercisable for one share of Class A common stock at an exercise price of $11.50""",NYSE,Regulatory Concern,See Subsequent Halt,See Subsequent Halt
2026-02-10,10:33:50,CCCXU,Churchill Capital Corp X Unit,Nasdaq,LULD pause,2026-02-10,10:38:50
2026-02-10,10:31:42,ABTS,Abits Group Inc Ordinary Shares,Nasdaq,LULD pause,2026-02-10,10:41:42
2026-02-10,10:00:23,FGL,Founder Group Limited Class A Ordinary Shares,Nasdaq,LULD pause,2026-02-10,10:10:23
2026-02-10,09:59:50,HVT A,"""Haverty Furniture Companies, Inc. Class A""",NYSE,LULD pause,2026-02-10,10:05:01
2026-02-10,09:55:49,JZXN,"""Jiuzi Holdings, Inc. Ordinary Shares""",Nasdaq,LULD pause,2026-02-10,10:00:49
2026-02-10,09:54:19,FGL,Founder Group Limited Class A Ordinary Shares,Nasdaq,LULD pause,2026-02-10,09:59:19
2026-02-10,09:47:45,HVT A,"""Haverty Furniture Companies, Inc. Class A""",NYSE,LULD pause,2026-02-10,09:53:08
2026-02-10,09:43:59,FGL,Founder Group Limited Class A Ordinary Shares,Nasdaq,LULD pause,2026-02-10,09:53:59
2026-02-10,09:41:13,ZDAI,"""DirectBooking Technology Co., Ltd. Class A Ordinary Shares""",Nasdaq,LULD pause,2026-02-10,09:46:13
2026-02-10,09:33:46,GTM,ZoomInfo Technologies Inc Common Stock,Nasdaq,LULD pause,2026-02-10,09:38:46
2026-02-10,09:33:31,HSPT,Horizon Space Acquisition II Corp. Ordinary share,Nasdaq,LULD pause,2026-02-10,09:38:31
2026-02-10,09:33:17,FGL,Founder Group Limited Class A Ordinary Shares,Nasdaq,LULD pause,2026-02-10,09:43:17
2026-02-10,09:32:15,CCCXU,Churchill Capital Corp X Unit,Nasdaq,LULD pause,2026-02-10,09:42:15
2026-02-10,09:32:02,HVT A,"""Haverty Furniture Companies, Inc. Class A""",NYSE,LULD pause,2026-02-10,09:37:29
2026-02-10,09:31:39,LHSW,Lianhe Sowell International Group Ltd Class A Ordinary Shares,Nasdaq,LULD pause,2026-02-10,09:41:39
2026-02-10,08:35:26,HI,"""Hillenbrand, Inc.""",NYSE,Merger Effective,,
2026-02-10,06:55:00,EWCZ,"""European Wax Center, Inc. Class A Common Stock""",Nasdaq,News pending,2026-02-10,07:35:00
2026-02-09,19:50:00,DVAX,Dynavax Technologies Corporation,Nasdaq,News pending,,
2026-02-09,19:50:00,ATPC,Agape ATP Corporation Common Stock,Nasdaq,News pending,2026-02-10,09:00:00
2026-02-09,19:50:00,ATPC,Agape ATP Corporation Common Stock,Nasdaq,News pending,,
2026-02-09,19:50:00,ANY,Sphere 3D Corp. Common Shares,Nasdaq,News pending,2026-02-10,09:00:00
2026-02-09,19:50:00,ANY,Sphere 3D Corp. Common Shares,Nasdaq,News pending,,
2026-02-09,19:50:00,FGL,Founder Group Limited Class A Ordinary Shares,Nasdaq,News pending,,
2026-02-09,19:50:00,FGL,Founder Group Limited Class A Ordinary Shares,Nasdaq,News pending,2026-02-10,09:00:00
2026-02-09,19:50:00,HERZ,"""Herzfeld Credit Income Fund, Inc. Common Stock""",Nasdaq,News pending,,
2026-02-09,19:50:00,HERZ,"""Herzfeld Credit Income Fund, Inc. Common Stock""",Nasdaq,News pending,2026-02-10,09:00:00
2026-02-09,19:50:00,HCTI,"""Healthcare Triangle, Inc. Common Stock""",Nasdaq,News pending,,
2026-02-09,19:50:00,HCTI,"""Healthcare Triangle, Inc. Common Stock""",Nasdaq,News pending,2026-02-10,09:00:00
2026-02-09,16:01:00,RGNX,REGENXBIO Inc.,Nasdaq,News pending,2026-02-09,16:40:01
2026-02-09,15:32:20,CCHH,CCH Holdings Ltd Ordinary Shares,Nasdaq,LULD pause,2026-02-09,15:37:20
2026-02-09,14:30:25,BLOX,Nicholas Crypto Income ETF,NYSE Arca,LULD pause,2026-02-09,14:35:25
2026-02-09,14:18:49,BRLS,Borealis Foods Inc. Class A Common Shares,Nasdaq,LULD pause,2026-02-09,14:23:49
2026-02-09,14:03:18,ONEG,OneConstruction Group Limited Ordinary Shares,Nasdaq,LULD pause,2026-02-09,14:08:18
2026-02-09,13:57:31,BRLS,Borealis Foods Inc. Class A Common Shares,Nasdaq,LULD pause,2026-02-09,14:02:31
2026-02-09,13:51:26,BRLS,Borealis Foods Inc. Class A Common Shares,Nasdaq,LULD pause,2026-02-09,13:56:26
2026-02-09,13:21:02,STAI,ScanTech AI Systems Inc. Common stock,Nasdaq,LULD pause,2026-02-09,13:26:02
2026-02-09,11:57:00,BRLS,Borealis Foods Inc. Class A Common Shares,Nasdaq,LULD pause,2026-02-09,12:02:00
2026-02-09,11:56:10,JZXN,"""Jiuzi Holdings, Inc. Ordinary Shares""",Nasdaq,LULD pause,2026-02-09,12:01:10
2026-02-09,10:49:39,BRLS,Borealis Foods Inc. Class A Common Shares,Nasdaq,LULD pause,2026-02-09,10:54:39
2026-02-09,10:41:32,BRLS,Borealis Foods Inc. Class A Common Shares,Nasdaq,LULD pause,2026-02-09,10:46:32
2026-02-09,10:34:37,FCUV,Focus Universal Inc. Common Stock,Nasdaq,LULD pause,2026-02-09,10:39:37
2026-02-09,10:30:48,BRLS,Borealis Foods Inc. Class A Common Shares,Nasdaq,LULD pause,2026-02-09,10:35:48
2026-02-09,10:25:04,UUU,"""Universal Safety Products, Inc.""",NYSE American,LULD pause,2026-02-09,10:30:04
2026-02-09,10:24:27,FCUV,Focus Universal Inc. Common Stock,Nasdaq,LULD pause,2026-02-09,10:29:27
2026-02-09,10:18:15,BRLS,Borealis Foods Inc. Class A Common Shares,Nasdaq,LULD pause,2026-02-09,10:23:15
2026-02-09,10:14:12,FCUV,Focus Universal Inc. Common Stock,Nasdaq,LULD pause,2026-02-09,10:24:12
2026-02-09,10:14:11,BLOX,Nicholas Crypto Income ETF,NYSE Arca,News pending,2026-02-09,14:30:00
2026-02-09,10:12:36,BRLS,Borealis Foods Inc. Class A Common Shares,Nasdaq,LULD pause,2026-02-09,10:17:36
2026-02-09,10:10:28,RDIB,"""Reading International, Inc (Class B""",Nasdaq,LULD pause,2026-02-09,10:15:28
2026-02-09,10:08:48,FCUV,Focus Universal Inc. Common Stock,Nasdaq,LULD pause,2026-02-09,10:13:48
2026-02-09,10:06:54,BRLS,Borealis Foods Inc. Class A Common Shares,Nasdaq,LULD pause,2026-02-09,10:11:54
2026-02-09,10:01:18,BRLS,Borealis Foods Inc. Class A Common Shares,Nasdaq,LULD pause,2026-02-09,10:06:18
2026-02-09,09:56:00,BRLS,Borealis Foods Inc. Class A Common Shares,Nasdaq,LULD pause,2026-02-09,10:01:00
2026-02-09,09:48:32,FCUV,Focus Universal Inc. Common Stock,Nasdaq,LULD pause,2026-02-09,10:08:32
2026-02-09,09:45:40,BRLS,Borealis Foods Inc. Class A Common Shares,Nasdaq,LULD pause,2026-02-09,09:55:40
2026-02-09,09:38:42,HERZ,"""Herzfeld Credit Income Fund, Inc. Common Stock""",Nasdaq,LULD pause,2026-02-09,09:43:42
2026-02-09,09:38:13,FCUV,Focus Universal Inc. Common Stock,Nasdaq,LULD pause,2026-02-09,09:48:14
2026-02-09,09:38:10,KD,"""Kyndryl Holdings, Inc.""",NYSE,LULD pause,2026-02-09,09:43:12
2026-02-09,09:38:00,UOKA,MDJM LTD Class A Ordinary Shares,Nasdaq,LULD pause,2026-02-09,09:43:00
2026-02-09,09:36:02,PFSA,"""Profusa, Inc. Common Stock""",Nasdaq,LULD pause,2026-02-09,09:41:02
2026-02-09,09:34:01,UGRO,"""urban-gro, Inc. Common Stock""",Nasdaq,LULD pause,2026-02-09,09:39:01
2026-02-09,09:32:33,KD,"""Kyndryl Holdings, Inc.""",NYSE,LULD pause,2026-02-09,09:37:41
2026-02-09,09:31:56,UOKA,MDJM LTD Class A Ordinary Shares,Nasdaq,LULD pause,2026-02-09,09:36:56
2026-02-09,09:31:39,PHOE,Phoenix Asia Holdings Limited Ordinary Shares,Nasdaq,LULD pause,2026-02-09,09:41:39
2026-02-09,09:30:39,HERZ,"""Herzfeld Credit Income Fund, Inc. Common Stock""",Nasdaq,LULD pause,2026-02-09,09:35:39
2026-02-06,19:51:42,AWP,abrdn Global Premier Properties Fund,NYSE,Corporate Action,,
2026-02-06,19:51:42,AWP,abrdn Global Premier Properties Fund,NYSE,Corporate Action,2026-02-09,09:36:50
2026-02-06,19:51:03,GDXD,MicroSectors Gold Miners -3x Inverse Leveraged ETN,NYSE Arca,Corporate Action,,
2026-02-06,19:51:03,GDXD,MicroSectors Gold Miners -3x Inverse Leveraged ETN,NYSE Arca,Corporate Action,2026-02-09,09:00:00
2026-02-06,19:51:03,FNGD,"""MicroSectors FANG+ Index -3X Inverse Leveraged ETNs due January 8, 2038""",NYSE Arca,Corporate Action,,
2026-02-06,19:51:03,FNGD,"""MicroSectors FANG+ Index -3X Inverse Leveraged ETNs due January 8, 2038""",NYSE Arca,Corporate Action,2026-02-09,09:00:00
2026-02-06,19:50:00,HERZ,"""Herzfeld Credit Income Fund, Inc. Common Stock""",Nasdaq,News pending,,
2026-02-06,19:50:00,HERZ,"""Herzfeld Credit Income Fund, Inc. Common Stock""",Nasdaq,News pending,2026-02-09,09:00:00
2026-02-06,19:50:00,GBIO,Generation Bio Co. Common Stock,Nasdaq,News pending,,
2026-02-06,19:50:00,FCUV,Focus Universal Inc. Common Stock,Nasdaq,News pending,,
2026-02-06,19:50:00,FCUV,Focus Universal Inc. Common Stock,Nasdaq,News pending,2026-02-09,09:00:00
2026-02-06,19:50:00,UGRO,"""urban-gro, Inc. Common Stock""",Nasdaq,News pending,,
2026-02-06,19:50:00,UGRO,"""urban-gro, Inc. Common Stock""",Nasdaq,News pending,2026-02-09,09:00:00
2026-02-06,19:50:00,PFSA,"""Profusa, Inc. Common Stock""",Nasdaq,News pending,,
2026-02-06,19:50:00,PFSA,"""Profusa, Inc. Common Stock""",Nasdaq,News pending,2026-02-09,09:00:00
2026-02-06,19:50:00,EDHL,Everbright Digital Holding Limited Ordinary Shares,Nasdaq,News pending,,
2026-02-06,19:50:00,EDHL,Everbright Digital Holding Limited Ordinary Shares,Nasdaq,News pending,2026-02-09,09:00:00
2026-02-06,15:51:18,SENEB,Seneca Foods Corp,Nasdaq,LULD pause,2026-02-06,16:00:00
2026-02-06,14:43:35,PW PRA,"""Power REIT  7.75% Series A Cumulative Redeemable Perpetual Preferred Stock, Liquidation Preference $25.00 per Share""",NYSE American,LULD pause,2026-02-06,14:54:31
2026-02-06,14:41:26,DDC,DDC Enterprise Limited,NYSE American,News pending,2026-02-06,17:30:00
2026-02-06,14:04:51,LBTYB,Liberty Global Ltd. Class B Common Shares,Nasdaq,LULD pause,2026-02-06,14:09:51
2026-02-06,13:43:21,ZBAI,ATIF Holdings Limited Ordinary Shares,Nasdaq,LULD pause,2026-02-06,13:48:21
2026-02-06,13:36:49,SGP,"""SpyGlass Pharma, Inc. Common Stock""",Nasdaq,LULD pause,2026-02-06,13:46:49
2026-02-06,13:20:19,MGRT,Mega Fortune Company Limited Ordinary Shares,Nasdaq,LULD pause,2026-02-06,13:30:19
2026-02-06,13:15:32,LASE,Laser Photonics Corporation Common Stock,Nasdaq,LULD pause,2026-02-06,13:25:32
2026-02-06,12:13:50,BUUU,BUUU Group Limited Class A Ordinary Share,Nasdaq,LULD pause,2026-02-06,12:18:50
2026-02-06,12:06:06,BUUU,BUUU Group Limited Class A Ordinary Share,Nasdaq,LULD pause,2026-02-06,12:11:06
2026-02-06,11:55:42,BUUU,BUUU Group Limited Class A Ordinary Share,Nasdaq,LULD pause,2026-02-06,12:05:42
2026-02-06,11:51:28,MI,NFT Limited,NYSE American,LULD pause,2026-02-06,12:01:28
2026-02-06,11:45:15,BUUU,BUUU Group Limited Class A Ordinary Share,Nasdaq,LULD pause,2026-02-06,11:55:16
2026-02-06,11:25:03,BUUU,BUUU Group Limited Class A Ordinary Share,Nasdaq,LULD pause,2026-02-06,11:43:42
2026-02-06,11:14:43,BUUU,BUUU Group Limited Class A Ordinary Share,Nasdaq,LULD pause,2026-02-06,11:24:43
2026-02-06,10:54:58,PHOE,Phoenix Asia Holdings Limited Ordinary Shares,Nasdaq,LULD pause,2026-02-06,10:59:58
2026-02-06,10:47:14,CWII,REX CRWV Growth & Income ETF,Cboe BZX,LULD pause,2026-02-06,10:52:14
2026-02-06,10:45:18,SMX,SMX (Security Matters) Public Limited Company Ordinary Shares,Nasdaq,LULD pause,2026-02-06,10:50:18
2026-02-06,10:42:45,PHOE,Phoenix Asia Holdings Limited Ordinary Shares,Nasdaq,LULD pause,2026-02-06,10:52:45
2026-02-06,10:31:37,PHOE,Phoenix Asia Holdings Limited Ordinary Shares,Nasdaq,LULD pause,2026-02-06,10:36:37
2026-02-06,10:20:33,PHOE,Phoenix Asia Holdings Limited Ordinary Shares,Nasdaq,LULD pause,2026-02-06,10:30:33
2026-02-06,10:17:08,SMX,SMX (Security Matters) Public Limited Company Ordinary Shares,Nasdaq,LULD pause,2026-02-06,10:22:08
2026-02-06,10:09:49,PLYX,"""Polaryx Therapeutics, Inc. Common Stock""",Nasdaq,LULD pause,2026-02-06,10:19:49
2026-02-06,10:08:40,KELYB,Kelly Services Inc,Nasdaq,LULD pause,2026-02-06,10:13:40
2026-02-06,10:04:58,FLYE,"""Fly-E Group, Inc. Common Stock""",Nasdaq,LULD pause,2026-02-06,10:09:58
2026-02-06,10:03:52,MB,MasterBeef Group Ordinary Shares,Nasdaq,LULD pause,2026-02-06,10:08:52
2026-02-06,10:01:38,SENEB,Seneca Foods Corp,Nasdaq,LULD pause,2026-02-06,10:06:38
2026-02-06,09:52:57,LUD,Luda Technology Group Limited,NYSE American,LULD pause,2026-02-06,09:57:57
2026-02-06,09:51:36,PHOE,Phoenix Asia Holdings Limited Ordinary Shares,Nasdaq,LULD pause,2026-02-06,10:01:36
2026-02-06,09:49:28,LBTYB,Liberty Global Ltd. Class B Common Shares,Nasdaq,LULD pause,2026-02-06,09:54:28
2026-02-06,09:47:17,ONEG,OneConstruction Group Limited Ordinary Shares,Nasdaq,LULD pause,2026-02-06,09:57:17
2026-02-06,09:46:20,KELYB,Kelly Services Inc,Nasdaq,LULD pause,2026-02-06,10:01:20
2026-02-06,09:46:18,PHOE,Phoenix Asia Holdings Limited Ordinary Shares,Nasdaq,LULD pause,2026-02-06,09:51:18
2026-02-06,09:45:52,WHLRP,"""Wheeler Real Estate Investment Trust, Inc. Preferred Stock""",Nasdaq,LULD pause,2026-02-06,09:50:52
2026-02-06,09:43:27,RDIB,"""Reading International, Inc (Class B""",Nasdaq,LULD pause,2026-02-06,09:53:27
2026-02-06,09:42:27,LUD,Luda Technology Group Limited,NYSE American,LULD pause,2026-02-06,09:52:41
2026-02-06,09:42:23,LBTYB,Liberty Global Ltd. Class B Common Shares,Nasdaq,LULD pause,2026-02-06,09:47:23
2026-02-06,09:41:19,SMX,SMX (Security Matters) Public Limited Company Ordinary Shares,Nasdaq,LULD pause,2026-02-06,09:51:19
2026-02-06,09:40:03,MB,MasterBeef Group Ordinary Shares,Nasdaq,LULD pause,2026-02-06,09:45:03
2026-02-06,09:37:05,LBTYB,Liberty Global Ltd. Class B Common Shares,Nasdaq,LULD pause,2026-02-06,09:42:05
2026-02-06,09:35:41,QXAS,Quantify 2X Daily Alt Season Crypto ETF,NYSE Arca,LULD pause,2026-02-06,09:40:41
2026-02-06,09:34:55,ONEG,OneConstruction Group Limited Ordinary Shares,Nasdaq,LULD pause,2026-02-06,09:44:55
2026-02-06,09:34:01,KELYB,Kelly Services Inc,Nasdaq,LULD pause,2026-02-06,09:39:01
2026-02-06,09:33:35,MSST,YieldMax MSTR Performance & Distribution Target 25 ETF,Cboe BZX,LULD pause,2026-02-06,09:38:35
2026-02-06,09:32:18,RDIB,"""Reading International, Inc (Class B""",Nasdaq,LULD pause,2026-02-06,09:42:18
2026-02-06,09:31:57,NWL,Newell Brands Inc.,Nasdaq,LULD pause,2026-02-06,09:36:57
2026-02-06,09:31:45,LBTYB,Liberty Global Ltd. Class B Common Shares,Nasdaq,LULD pause,2026-02-06,09:36:45
2026-02-06,09:30:39,PHOE,Phoenix Asia Holdings Limited Ordinary Shares,Nasdaq,LULD pause,2026-02-06,09:45:39
2026-02-06,09:30:31,MSTK,Tuttle Capital MSTR 0DTE Covered Call ETF,Cboe BZX,LULD pause,2026-02-06,09:35:31
2026-02-06,09:30:15,XRP,Bitwise XRP ETF,NYSE Arca,LULD pause,2026-02-06,09:35:15
2026-02-06,09:30:15,XRPK,T-REX 2X Long XRP Daily Target ETF,Cboe BZX,LULD pause,2026-02-06,09:45:20
2026-02-06,09:30:15,BTFL,Defiance Daily Target 2X Long BITF ETF,Cboe BZX,LULD pause,2026-02-06,09:35:15
2026-02-06,08:25:00,STKL,"""SunOpta, Inc.""",Nasdaq,News pending,2026-02-06,09:00:00
2026-02-06,04:00:00,ERNAW,Ernexa Therapeutics Inc. Warrants,Nasdaq,News pending,2026-02-06,09:45:00
2026-02-05,19:50:00,ADIL,"""Adial Pharmaceuticals, Inc""",Nasdaq,News pending,2026-02-06,09:00:00
2026-02-05,19:50:00,ADIL,"""Adial Pharmaceuticals, Inc""",Nasdaq,News pending,,
2026-02-05,19:50:00,SATA,"""Strive, Inc. Variable Rate Series A Perpetual Preferred Stock""",Nasdaq,News pending,2026-02-06,09:05:00
2026-02-05,19:50:00,SATA,"""Strive, Inc. Variable Rate Series A Perpetual Preferred Stock""",Nasdaq,News pending,,
2026-02-05,19:50:00,RLYB,Rallybio Corporation Common Stock,Nasdaq,News pending,2026-02-06,09:00:00
2026-02-05,19:50:00,RLYB,Rallybio Corporation Common Stock,Nasdaq,News pending,,
2026-02-05,19:50:00,ASST,"""Strive, Inc. Class A Common Stock""",Nasdaq,News pending,,
2026-02-05,19:50:00,ASST,"""Strive, Inc. Class A Common Stock""",Nasdaq,News pending,2026-02-06,09:00:00
2026-02-05,19:50:00,PRFX,PRF Technologies Ltd. Ordinary Shares,Nasdaq,News pending,,
2026-02-05,19:50:00,PRFX,PRF Technologies Ltd. Ordinary Shares,Nasdaq,News pending,2026-02-06,09:00:00
2026-02-05,16:06:07,LMND WS,"""Lemonade, Inc. Warrants to purchase Common Stock""",NYSE American,News Released,,
2026-02-05,15:32:26,ISSB,IncomeSTKd 1x US Stocks & 1x Bitcoin Premium ETF,Cboe BZX,LULD pause,2026-02-05,15:37:26
2026-02-05,15:29:05,PLYX,"""Polaryx Therapeutics, Inc. Common Stock""",Nasdaq,LULD pause,2026-02-05,15:34:05
2026-02-05,15:22:42,SOLC,Canary Marinade Solana ETF Shares of Beneficial Interest,Nasdaq,LULD pause,2026-02-05,15:27:42
2026-02-05,15:13:37,DXST,Decent Holding Inc Class A Ordinary Shares,Nasdaq,LULD pause,2026-02-05,15:18:37
2026-02-05,15:07:53,GOLD,"""Gold.com, Inc.""",NYSE,News pending,2026-02-05,16:21:25
2026-02-05,15:07:19,DXST,Decent Holding Inc Class A Ordinary Shares,Nasdaq,LULD pause,2026-02-05,15:12:19
2026-02-05,14:56:48,DXST,Decent Holding Inc Class A Ordinary Shares,Nasdaq,LULD pause,2026-02-05,15:06:48
2026-02-05,14:41:47,KELYB,Kelly Services Inc,Nasdaq,LULD pause,2026-02-05,14:51:47
2026-02-05,14:31:12,KELYB,Kelly Services Inc,Nasdaq,LULD pause,2026-02-05,14:41:13
2026-02-05,14:22:46,KELYB,Kelly Services Inc,Nasdaq,LULD pause,2026-02-05,14:27:46
2026-02-05,14:19:47,OBAI,"""TG-17, Inc. Common Stock""",Nasdaq,LULD pause,2026-02-05,14:24:47
2026-02-05,14:13:47,KELYB,Kelly Services Inc,Nasdaq,LULD pause,2026-02-05,14:18:47
2026-02-05,13:59:59,KELYB,Kelly Services Inc,Nasdaq,LULD pause,2026-02-05,14:09:59
2026-02-05,13:46:31,PHOE,Phoenix Asia Holdings Limited Ordinary Shares,Nasdaq,LULD pause,2026-02-05,13:51:31
2026-02-05,13:42:54,KELYB,Kelly Services Inc,Nasdaq,LULD pause,2026-02-05,13:57:55
2026-02-05,13:37:15,KELYB,Kelly Services Inc,Nasdaq,LULD pause,2026-02-05,13:42:15
2026-02-05,13:31:09,KELYB,Kelly Services Inc,Nasdaq,LULD pause,2026-02-05,13:36:09
2026-02-05,13:24:08,KELYB,Kelly Services Inc,Nasdaq,LULD pause,2026-02-05,13:29:08
2026-02-05,13:06:39,OBAI,"""TG-17, Inc. Common Stock""",Nasdaq,LULD pause,2026-02-05,13:11:39
2026-02-05,12:56:42,KELYB,Kelly Services Inc,Nasdaq,LULD pause,2026-02-05,13:01:42
2026-02-05,12:47:32,KELYB,Kelly Services Inc,Nasdaq,LULD pause,2026-02-05,12:52:32
2026-02-05,12:38:56,KELYB,Kelly Services Inc,Nasdaq,LULD pause,2026-02-05,12:43:56
2026-02-05,12:32:28,KELYB,Kelly Services Inc,Nasdaq,LULD pause,2026-02-05,12:37:28
2026-02-05,12:26:19,KELYB,Kelly Services Inc,Nasdaq,LULD pause,2026-02-05,12:31:19
2026-02-05,12:20:00,KELYB,Kelly Services Inc,Nasdaq,LULD pause,2026-02-05,12:25:00
2026-02-05,12:04:51,KELYB,Kelly Services Inc,Nasdaq,LULD pause,2026-02-05,12:15:41
2026-02-05,11:59:13,KELYB,Kelly Services Inc,Nasdaq,LULD pause,2026-02-05,12:04:13
2026-02-05,11:48:31,KELYB,Kelly Services Inc,Nasdaq,LULD pause,2026-02-05,11:58:31
2026-02-05,11:42:46,KELYB,Kelly Services Inc,Nasdaq,LULD pause,2026-02-05,11:47:46
2026-02-05,11:31:07,MGRT,Mega Fortune Company Limited Ordinary Shares,Nasdaq,LULD pause,2026-02-05,11:41:07
2026-02-05,11:20:27,KELYB,Kelly Services Inc,Nasdaq,LULD pause,2026-02-05,11:35:27
2026-02-05,11:13:49,GURE,"""Gulf Resources, Inc. (NV) Common Stock""",Nasdaq,LULD pause,2026-02-05,11:18:49
2026-02-05,11:13:35,KELYB,Kelly Services Inc,Nasdaq,LULD pause,2026-02-05,11:18:35
2026-02-05,11:05:30,TKLF,"""Tokyo Lifestyle Co., Ltd. American Depositary Shares""",Nasdaq,LULD pause,2026-02-05,11:10:30
2026-02-05,10:52:56,KELYB,Kelly Services Inc,Nasdaq,LULD pause,2026-02-05,11:02:56
2026-02-05,10:46:30,KELYB,Kelly Services Inc,Nasdaq,LULD pause,2026-02-05,10:51:30
2026-02-05,10:40:11,KELYB,Kelly Services Inc,Nasdaq,LULD pause,2026-02-05,10:45:11
2026-02-05,10:34:51,NEWTO,"""NewtekOne, Inc. 8.50% Fixed Rate Senior Notes due 2031""",Nasdaq,LULD pause,2026-02-05,10:39:51
2026-02-05,10:29:45,NPT,Texxon Holding Limited Ordinary shares,Nasdaq,LULD pause,2026-02-05,10:34:45
2026-02-05,10:24:56,AHMA,Ambitions Enterprise Management Co. L.L.C Class A Ordinary Shares,Nasdaq,LULD pause,2026-02-05,10:29:56
2026-02-05,10:24:28,KELYB,Kelly Services Inc,Nasdaq,LULD pause,2026-02-05,10:39:29
2026-02-05,10:23:45,TOXR,21Shares XRP ETF,Cboe BZX,LULD pause,2026-02-05,10:28:45
2026-02-05,10:18:00,NPT,Texxon Holding Limited Ordinary shares,Nasdaq,LULD pause,2026-02-05,10:23:00
2026-02-05,10:13:54,KELYB,Kelly Services Inc,Nasdaq,LULD pause,2026-02-05,10:23:54
2026-02-05,10:10:32,NPT,Texxon Holding Limited Ordinary shares,Nasdaq,LULD pause,2026-02-05,10:15:32
2026-02-05,10:05:33,MSST,YieldMax MSTR Performance & Distribution Target 25 ETF,Cboe BZX,LULD pause,2026-02-05,10:10:33
2026-02-05,10:04:24,NPT,Texxon Holding Limited Ordinary shares,Nasdaq,LULD pause,2026-02-05,10:09:24
2026-02-05,10:03:39,KELYB,Kelly Services Inc,Nasdaq,LULD pause,2026-02-05,10:13:39
2026-02-05,10:00:08,PHOE,Phoenix Asia Holdings Limited Ordinary Shares,Nasdaq,LULD pause,2026-02-05,10:05:08
2026-02-05,09:56:16,MSTK,Tuttle Capital MSTR 0DTE Covered Call ETF,Cboe BZX,LULD pause,2026-02-05,10:01:16
2026-02-05,09:53:14,KELYB,Kelly Services Inc,Nasdaq,LULD pause,2026-02-05,10:03:15
2026-02-05,09:53:06,NPT,Texxon Holding Limited Ordinary shares,Nasdaq,LULD pause,2026-02-05,10:03:06
2026-02-05,09:50:19,PHOE,Phoenix Asia Holdings Limited Ordinary Shares,Nasdaq,LULD pause,2026-02-05,09:55:19
2026-02-05,09:46:54,NPT,Texxon Holding Limited Ordinary shares,Nasdaq,LULD pause,2026-02-05,09:51:54
2026-02-05,09:42:49,KELYB,Kelly Services Inc,Nasdaq,LULD pause,2026-02-05,09:52:49
2026-02-05,09:41:22,FEED,"""ENvue Medical, Inc. Common Stock""",Nasdaq,LULD pause,2026-02-05,09:46:22
2026-02-05,09:38:50,NEWTO,"""NewtekOne, Inc. 8.50% Fixed Rate Senior Notes due 2031""",Nasdaq,LULD pause,2026-02-05,09:43:50
2026-02-05,09:38:25,COHR,Coherent Corp.,NYSE,LULD pause,2026-02-05,09:43:36
2026-02-05,09:36:00,KELYB,Kelly Services Inc,Nasdaq,LULD pause,2026-02-05,09:41:00
2026-02-05,09:33:08,BWEN,"""Broadwind, Inc. Common Stock""",Nasdaq,LULD pause,2026-02-05,09:38:08
2026-02-05,09:32:33,PHOE,Phoenix Asia Holdings Limited Ordinary Shares,Nasdaq,LULD pause,2026-02-05,09:47:33
2026-02-05,09:30:31,KELYB,Kelly Services Inc,Nasdaq,LULD pause,2026-02-05,09:35:31
2026-02-05,09:30:15,XRPK,T-REX 2X Long XRP Daily Target ETF,Cboe BZX,LULD pause,2026-02-05,09:35:15
2026-02-04,15:43:46,OBAI,"""TG-17, Inc. Common Stock""",Nasdaq,LULD pause,2026-02-04,16:00:00
2026-02-04,15:30:28,OBAI,"""TG-17, Inc. Common Stock""",Nasdaq,LULD pause,2026-02-04,15:40:39
2026-02-04,15:06:00,PHOE,Phoenix Asia Holdings Limited Ordinary Shares,Nasdaq,LULD pause,2026-02-04,15:11:00
2026-02-04,14:57:02,KELYB,Kelly Services Inc,Nasdaq,LULD pause,2026-02-04,15:02:02
2026-02-04,14:49:19,PHOE,Phoenix Asia Holdings Limited Ordinary Shares,Nasdaq,LULD pause,2026-02-04,14:54:19
2026-02-04,14:46:01,KELYB,Kelly Services Inc,Nasdaq,LULD pause,2026-02-04,14:56:02
2026-02-04,14:34:11,PHOE,Phoenix Asia Holdings Limited Ordinary Shares,Nasdaq,LULD pause,2026-02-04,14:39:11
2026-02-04,14:24:48,OBAI,"""TG-17, Inc. Common Stock""",Nasdaq,LULD pause,2026-02-04,14:29:48
2026-02-04,14:18:17,OBAI,"""TG-17, Inc. Common Stock""",Nasdaq,LULD pause,2026-02-04,14:23:17
2026-02-04,14:04:37,OBAI,"""TG-17, Inc. Common Stock""",Nasdaq,LULD pause,2026-02-04,14:14:38
2026-02-04,13:57:40,OBAI,"""TG-17, Inc. Common Stock""",Nasdaq,LULD pause,2026-02-04,14:02:40
2026-02-04,13:44:54,OBAI,"""TG-17, Inc. Common Stock""",Nasdaq,LULD pause,2026-02-04,13:57:17
2026-02-04,13:34:21,OBAI,"""TG-17, Inc. Common Stock""",Nasdaq,LULD pause,2026-02-04,13:44:21
2026-02-04,13:31:23,MANE,"""Veradermics, Incorporated""",NYSE,LULD pause,2026-02-04,13:36:32
2026-02-04,13:18:17,OBAI,"""TG-17, Inc. Common Stock""",Nasdaq,LULD pause,2026-02-04,13:29:52
2026-02-04,13:08:12,LIMN,"""Liminatus Pharma, Inc. Class A Common Stock""",Nasdaq,LULD pause,2026-02-04,13:13:12
2026-02-04,13:02:24,OBAI,"""TG-17, Inc. Common Stock""",Nasdaq,LULD pause,2026-02-04,13:12:24
2026-02-04,12:58:50,AHMA,Ambitions Enterprise Management Co. L.L.C Class A Ordinary Shares,Nasdaq,LULD pause,2026-02-04,13:03:50
2026-02-04,12:42:15,AHMA,Ambitions Enterprise Management Co. L.L.C Class A Ordinary Shares,Nasdaq,LULD pause,2026-02-04,12:56:20
2026-02-04,12:37:59,OBAI,"""TG-17, Inc. Common Stock""",Nasdaq,LULD pause,2026-02-04,12:42:59
2026-02-04,12:35:13,AHMA,Ambitions Enterprise Management Co. L.L.C Class A Ordinary Shares,Nasdaq,LULD pause,2026-02-04,12:40:13
2026-02-04,12:31:48,ZCMD,Zhongchao Inc. Class A Ordinary Shares,Nasdaq,LULD pause,2026-02-04,12:36:48
2026-02-04,12:26:07,OBAI,"""TG-17, Inc. Common Stock""",Nasdaq,LULD pause,2026-02-04,12:36:07
2026-02-04,12:25:06,AHMA,Ambitions Enterprise Management Co. L.L.C Class A Ordinary Shares,Nasdaq,LULD pause,2026-02-04,12:30:06
2026-02-04,12:19:43,OBAI,"""TG-17, Inc. Common Stock""",Nasdaq,LULD pause,2026-02-04,12:24:43
2026-02-04,12:08:59,RVSN,Rail Vision Ltd. Ordinary Share,Nasdaq,LULD pause,2026-02-04,12:18:59
2026-02-04,12:02:18,OBAI,"""TG-17, Inc. Common Stock""",Nasdaq,LULD pause,2026-02-04,12:12:18
2026-02-04,11:53:54,OBAI,"""TG-17, Inc. Common Stock""",Nasdaq,LULD pause,2026-02-04,11:58:54
2026-02-04,11:44:09,AHMA,Ambitions Enterprise Management Co. L.L.C Class A Ordinary Shares,Nasdaq,LULD pause,2026-02-04,11:59:10
2026-02-04,11:36:52,ZCMD,Zhongchao Inc. Class A Ordinary Shares,Nasdaq,LULD pause,2026-02-04,11:41:52
2026-02-04,11:33:02,AHMA,Ambitions Enterprise Management Co. L.L.C Class A Ordinary Shares,Nasdaq,LULD pause,2026-02-04,11:43:02
2026-02-04,11:19:23,AHMA,Ambitions Enterprise Management Co. L.L.C Class A Ordinary Shares,Nasdaq,LULD pause,2026-02-04,11:24:23
2026-02-04,11:18:33,PHOE,Phoenix Asia Holdings Limited Ordinary Shares,Nasdaq,LULD pause,2026-02-04,11:28:33
2026-02-04,11:13:32,OBAI,"""TG-17, Inc. Common Stock""",Nasdaq,LULD pause,2026-02-04,11:53:33
2026-02-04,11:11:41,PHOE,Phoenix Asia Holdings Limited Ordinary Shares,Nasdaq,LULD pause,2026-02-04,11:16:41
2026-02-04,11:10:32,AHMA,Ambitions Enterprise Management Co. L.L.C Class A Ordinary Shares,Nasdaq,LULD pause,2026-02-04,11:15:32
2026-02-04,11:10:02,ZCMD,Zhongchao Inc. Class A Ordinary Shares,Nasdaq,LULD pause,2026-02-04,11:15:02
2026-02-04,11:04:28,AHMA,Ambitions Enterprise Management Co. L.L.C Class A Ordinary Shares,Nasdaq,LULD pause,2026-02-04,11:09:28
2026-02-04,11:04:23,ZCMD,Zhongchao Inc. Class A Ordinary Shares,Nasdaq,LULD pause,2026-02-04,11:09:23
2026-02-04,10:58:15,AHMA,Ambitions Enterprise Management Co. L.L.C Class A Ordinary Shares,Nasdaq,LULD pause,2026-02-04,11:03:15
2026-02-04,10:52:55,AHMA,Ambitions Enterprise Management Co. L.L.C Class A Ordinary Shares,Nasdaq,LULD pause,2026-02-04,10:57:55
2026-02-04,10:52:38,PHOE,Phoenix Asia Holdings Limited Ordinary Shares,Nasdaq,LULD pause,2026-02-04,10:57:38
2026-02-04,10:49:17,ZCMD,Zhongchao Inc. Class A Ordinary Shares,Nasdaq,LULD pause,2026-02-04,10:59:17
2026-02-04,10:46:12,AHMA,Ambitions Enterprise Management Co. L.L.C Class A Ordinary Shares,Nasdaq,LULD pause,2026-02-04,10:51:12
2026-02-04,10:45:54,PHOE,Phoenix Asia Holdings Limited Ordinary Shares,Nasdaq,LULD pause,2026-02-04,10:50:54
2026-02-04,10:39:13,AHMA,Ambitions Enterprise Management Co. L.L.C Class A Ordinary Shares,Nasdaq,LULD pause,2026-02-04,10:44:13
2026-02-04,10:35:59,PHOE,Phoenix Asia Holdings Limited Ordinary Shares,Nasdaq,LULD pause,2026-02-04,10:40:59
2026-02-04,10:25:26,PHOE,Phoenix Asia Holdings Limited Ordinary Shares,Nasdaq,LULD pause,2026-02-04,10:35:27
2026-02-04,10:11:46,PHOE,Phoenix Asia Holdings Limited Ordinary Shares,Nasdaq,LULD pause,2026-02-04,10:21:46
2026-02-04,10:06:27,PHOE,Phoenix Asia Holdings Limited Ordinary Shares,Nasdaq,LULD pause,2026-02-04,10:11:27
2026-02-04,10:02:14,MIGI,Mawson Infrastructure Group Inc. Common Stock,Nasdaq,LULD pause,2026-02-04,10:12:14
2026-02-04,09:55:36,MIGI,Mawson Infrastructure Group Inc. Common Stock,Nasdaq,LULD pause,2026-02-04,10:00:36
2026-02-04,09:54:31,TOPP,Toppoint Holdings Inc.,NYSE American,LULD pause,2026-02-04,09:59:31
2026-02-04,09:54:01,PLYX,"""Polaryx Therapeutics, Inc. Common Stock""",Nasdaq,LULD pause,2026-02-04,10:04:01
2026-02-04,09:51:43,PHOE,Phoenix Asia Holdings Limited Ordinary Shares,Nasdaq,LULD pause,2026-02-04,10:02:43
2026-02-04,09:47:29,JLHL,Julong Holding Limited Class A Ordinary Shares,Nasdaq,LULD pause,2026-02-04,09:57:29
2026-02-04,09:46:26,PHOE,Phoenix Asia Holdings Limited Ordinary Shares,Nasdaq,LULD pause,2026-02-04,09:51:26
2026-02-04,09:39:45,NGL,NGL ENERGY PARTNERS LP,NYSE,LULD pause,2026-02-04,09:44:49
2026-02-04,09:36:30,ELPW,Elong Power Holding Limited Class A Ordinary Shares,Nasdaq,LULD pause,2026-02-04,09:46:30
2026-02-04,09:35:54,TOPP,Toppoint Holdings Inc.,NYSE American,LULD pause,2026-02-04,09:45:54
2026-02-04,09:35:53,PHOE,Phoenix Asia Holdings Limited Ordinary Shares,Nasdaq,LULD pause,2026-02-04,09:45:53
2026-02-04,09:30:24,AMDW,Roundhill AMD WeeklyPay ETF,Cboe BZX,LULD pause,2026-02-04,09:35:24
2026-02-04,08:08:05,DAY,"""Dayforce, Inc.""",NYSE,Merger Effective,,
2026-02-04,07:55:00,DTSQU,DT Cloud Star Acquisition Corporation Units,Nasdaq,News pending,2026-02-04,08:35:00
2026-02-04,07:55:00,DTSQR,DT Cloud Star Acquisition Corporation Right,Nasdaq,News pending,2026-02-04,08:35:00
2026-02-04,07:55:00,DTSQ,DT Cloud Star Acquisition Corporation Ordinary Shares,Nasdaq,News pending,2026-02-04,08:30:00
2026-02-04,06:55:00,SLAB,Silicon Laboratories Inc,Nasdaq,News pending,2026-02-04,07:35:01
2026-02-03,19:50:00,RVSNW,Rail Vision Ltd. Warrant,Nasdaq,News pending,2026-02-04,09:05:00
2026-02-03,19:50:00,RVSNW,Rail Vision Ltd. Warrant,Nasdaq,News pending,,
2026-02-03,19:50:00,RVSN,Rail Vision Ltd. Ordinary Share,Nasdaq,News pending,,
2026-02-03,19:50:00,RVSN,Rail Vision Ltd. Ordinary Share,Nasdaq,News pending,2026-02-04,09:00:00
2026-02-03,15:58:32,CLRO,"""ClearOne, Inc. (DE) Common Stock""",Nasdaq,LULD pause,2026-02-03,16:00:00
2026-02-03,15:50:36,NPT,Texxon Holding Limited Ordinary shares,Nasdaq,LULD pause,2026-02-03,16:00:00
2026-02-03,15:45:43,WTO,UTime Limited Class A Ordinary Shares,Nasdaq,LULD pause,2026-02-03,16:00:00
2026-02-03,15:44:58,NPT,Texxon Holding Limited Ordinary shares,Nasdaq,LULD pause,2026-02-03,15:49:58
2026-02-03,15:38:26,NPT,Texxon Holding Limited Ordinary shares,Nasdaq,LULD pause,2026-02-03,15:43:26
2026-02-03,15:00:08,ASPCU,A SPAC III Acquisition Corp. Unit,Nasdaq,LULD pause,2026-02-03,15:05:08
2026-02-03,14:49:16,NSRX,Nasus Pharma Ltd.,NYSE American,LULD pause,2026-02-03,14:59:16
2026-02-03,14:47:28,ASPCU,A SPAC III Acquisition Corp. Unit,Nasdaq,LULD pause,2026-02-03,14:57:28
2026-02-03,14:30:48,ASPCU,A SPAC III Acquisition Corp. Unit,Nasdaq,LULD pause,2026-02-03,14:35:48
2026-02-03,14:11:38,PHOE,Phoenix Asia Holdings Limited Ordinary Shares,Nasdaq,LULD pause,2026-02-03,14:16:38
2026-02-03,13:53:05,PHOE,Phoenix Asia Holdings Limited Ordinary Shares,Nasdaq,LULD pause,2026-02-03,13:58:05
2026-02-03,13:46:09,PHOE,Phoenix Asia Holdings Limited Ordinary Shares,Nasdaq,LULD pause,2026-02-03,13:51:09
2026-02-03,13:45:23,NPT,Texxon Holding Limited Ordinary shares,Nasdaq,LULD pause,2026-02-03,13:55:23
2026-02-03,13:41:18,ELAB,PMGC Holdings Inc. Common Stock,Nasdaq,LULD pause,2026-02-03,13:46:18
2026-02-03,13:38:19,NPT,Texxon Holding Limited Ordinary shares,Nasdaq,LULD pause,2026-02-03,13:43:19
2026-02-03,13:35:30,PHOE,Phoenix Asia Holdings Limited Ordinary Shares,Nasdaq,LULD pause,2026-02-03,13:45:30
2026-02-03,13:35:01,PLYX,"""Polaryx Therapeutics, Inc. Common Stock""",Nasdaq,LULD pause,2026-02-03,13:40:01
2026-02-03,13:15:27,PHOE,Phoenix Asia Holdings Limited Ordinary Shares,Nasdaq,LULD pause,2026-02-03,13:20:27
2026-02-03,13:13:23,NPT,Texxon Holding Limited Ordinary shares,Nasdaq,LULD pause,2026-02-03,13:18:23
2026-02-03,13:09:50,PHOE,Phoenix Asia Holdings Limited Ordinary Shares,Nasdaq,LULD pause,2026-02-03,13:14:50
2026-02-03,13:09:30,PLYX,"""Polaryx Therapeutics, Inc. Common Stock""",Nasdaq,LULD pause,2026-02-03,13:19:30
2026-02-03,13:02:44,PLYX,"""Polaryx Therapeutics, Inc. Common Stock""",Nasdaq,LULD pause,2026-02-03,13:07:44
2026-02-03,13:01:45,WBS,Webster Financial Corporation Waterbury,NYSE,News pending,2026-02-03,13:51:48
2026-02-03,13:01:45,WBS PRG,"""Webster Financial Corporation Depositary Shares, each representing a 1/40th interest in a share of 6.50% Series G noncumulative perpetual preferred st""",NYSE,News pending,2026-02-03,13:51:54
2026-02-03,13:01:45,WBS PRF,"""Webster Financial Corporation Depositary Shares, Each Representing 1/1,000th Interest in a Share of 5.25% Series F Non-Cumulative Perpetual Preferred """,NYSE,News pending,2026-02-03,13:52:07
2026-02-03,12:58:20,PHOE,Phoenix Asia Holdings Limited Ordinary Shares,Nasdaq,LULD pause,2026-02-03,13:08:21
2026-02-03,12:57:54,RDACU,Rising Dragon Acquisition Corp. Unit,Nasdaq,LULD pause,2026-02-03,13:14:46
2026-02-03,12:52:45,PHOE,Phoenix Asia Holdings Limited Ordinary Shares,Nasdaq,LULD pause,2026-02-03,12:57:45
2026-02-03,12:52:01,PLYX,"""Polaryx Therapeutics, Inc. Common Stock""",Nasdaq,LULD pause,2026-02-03,12:57:01
2026-02-03,12:42:21,PHOE,Phoenix Asia Holdings Limited Ordinary Shares,Nasdaq,LULD pause,2026-02-03,12:52:21
2026-02-03,12:42:01,PLYX,"""Polaryx Therapeutics, Inc. Common Stock""",Nasdaq,LULD pause,2026-02-03,12:47:01
2026-02-03,12:34:07,NPT,Texxon Holding Limited Ordinary shares,Nasdaq,LULD pause,2026-02-03,12:39:07
2026-02-03,12:30:22,PLYX,"""Polaryx Therapeutics, Inc. Common Stock""",Nasdaq,LULD pause,2026-02-03,12:40:22
2026-02-03,12:27:02,PHOE,Phoenix Asia Holdings Limited Ordinary Shares,Nasdaq,LULD pause,2026-02-03,12:42:02
2026-02-03,12:24:55,PLYX,"""Polaryx Therapeutics, Inc. Common Stock""",Nasdaq,LULD pause,2026-02-03,12:29:55
2026-02-03,12:21:45,PHOE,Phoenix Asia Holdings Limited Ordinary Shares,Nasdaq,LULD pause,2026-02-03,12:26:45
2026-02-03,12:14:25,NPT,Texxon Holding Limited Ordinary shares,Nasdaq,LULD pause,2026-02-03,12:19:25
2026-02-03,12:04:18,PLYX,"""Polaryx Therapeutics, Inc. Common Stock""",Nasdaq,LULD pause,2026-02-03,12:24:19
2026-02-03,11:57:48,PHOE,Phoenix Asia Holdings Limited Ordinary Shares,Nasdaq,LULD pause,2026-02-03,12:21:01
2026-02-03,11:47:27,PHOE,Phoenix Asia Holdings Limited Ordinary Shares,Nasdaq,LULD pause,2026-02-03,11:57:27
2026-02-03,11:45:48,FATBB,FAT Brands Inc. Class B Common Stock,Nasdaq,LULD pause,2026-02-03,11:50:48
2026-02-03,11:38:52,FATBB,FAT Brands Inc. Class B Common Stock,Nasdaq,LULD pause,2026-02-03,11:43:52
2026-02-03,11:35:29,NVOX,Defiance Daily Target 2x Long NVO ETF,NYSE Arca,ETF Component Prices,2026-02-03,12:25:00
2026-02-03,11:35:29,NVOH,Novo Nordisk A/S (B Shares) ADRhedged,NYSE Arca,ETF Component Prices,2026-02-03,12:15:00
2026-02-03,11:35:29,NVO,Novo-Nordisk A/S,NYSE,News pending,2026-02-03,11:56:03
2026-02-03,11:35:23,PHOE,Phoenix Asia Holdings Limited Ordinary Shares,Nasdaq,LULD pause,2026-02-03,11:45:23
2026-02-03,11:30:19,ONEG,OneConstruction Group Limited Ordinary Shares,Nasdaq,LULD pause,2026-02-03,11:55:19
2026-02-03,11:24:48,ONEG,OneConstruction Group Limited Ordinary Shares,Nasdaq,LULD pause,2026-02-03,11:29:48
2026-02-03,11:23:05,ZBAI,ATIF Holdings Limited Ordinary Shares,Nasdaq,LULD pause,2026-02-03,11:33:05
2026-02-03,11:13:53,ONEG,OneConstruction Group Limited Ordinary Shares,Nasdaq,LULD pause,2026-02-03,11:23:53
2026-02-03,11:12:55,EDBL,Edible Garden AG Incorporated Common Stock,Nasdaq,LULD pause,2026-02-03,11:17:55
2026-02-03,11:04:24,NPT,Texxon Holding Limited Ordinary shares,Nasdaq,LULD pause,2026-02-03,11:09:24
2026-02-03,11:02:41,EDBL,Edible Garden AG Incorporated Common Stock,Nasdaq,LULD pause,2026-02-03,11:07:41
2026-02-03,10:42:13,CGTL,Creative Global Technology Holdings Limited Class A Ordinary Shares,Nasdaq,LULD pause,2026-02-03,10:47:13
2026-02-03,10:41:46,PLYX,"""Polaryx Therapeutics, Inc. Common Stock""",Nasdaq,LULD pause,2026-02-03,10:46:46
2026-02-03,10:40:00,EDBL,Edible Garden AG Incorporated Common Stock,Nasdaq,LULD pause,2026-02-03,10:45:00
2026-02-03,10:37:26,ASPCU,A SPAC III Acquisition Corp. Unit,Nasdaq,LULD pause,2026-02-03,10:42:26
2026-02-03,10:24:16,EDBL,Edible Garden AG Incorporated Common Stock,Nasdaq,LULD pause,2026-02-03,10:34:16
2026-02-03,10:20:38,PLYX,"""Polaryx Therapeutics, Inc. Common Stock""",Nasdaq,LULD pause,2026-02-03,10:30:38
2026-02-03,10:10:49,NPT,Texxon Holding Limited Ordinary shares,Nasdaq,LULD pause,2026-02-03,10:15:49
2026-02-03,10:09:06,JBDI,JBDI Holdings Limited Ordinary Shares,Nasdaq,LULD pause,2026-02-03,10:14:06
2026-02-03,10:09:00,PLYX,"""Polaryx Therapeutics, Inc. Common Stock""",Nasdaq,LULD pause,2026-02-03,10:19:00
2026-02-03,10:05:21,EDBL,Edible Garden AG Incorporated Common Stock,Nasdaq,LULD pause,2026-02-03,10:20:22
2026-02-03,09:59:40,JBDI,JBDI Holdings Limited Ordinary Shares,Nasdaq,LULD pause,2026-02-03,10:04:40
2026-02-03,09:57:09,HCHL,Happy City Holdings Limited Class A Ordinary shares,Nasdaq,LULD pause,2026-02-03,10:02:09
2026-02-03,09:56:20,NPT,Texxon Holding Limited Ordinary shares,Nasdaq,LULD pause,2026-02-03,10:01:20
2026-02-03,09:55:05,EDBL,Edible Garden AG Incorporated Common Stock,Nasdaq,LULD pause,2026-02-03,10:05:05
2026-02-03,09:46:50,HCHL,Happy City Holdings Limited Class A Ordinary shares,Nasdaq,LULD pause,2026-02-03,09:56:50
2026-02-03,09:43:56,NPT,Texxon Holding Limited Ordinary shares,Nasdaq,LULD pause,2026-02-03,09:53:56
2026-02-03,09:37:03,NPT,Texxon Holding Limited Ordinary shares,Nasdaq,LULD pause,2026-02-03,09:42:03
2026-02-03,09:33:01,SXTC,"""China SXT Pharmaceuticals, Inc. Ordinary Shares""",Nasdaq,LULD pause,2026-02-03,09:38:01
2026-02-03,09:31:06,NPT,Texxon Holding Limited Ordinary shares,Nasdaq,LULD pause,2026-02-03,09:36:06
2026-02-03,09:30:40,EDBL,Edible Garden AG Incorporated Common Stock,Nasdaq,LULD pause,2026-02-03,09:54:48
2026-02-03,09:30:16,RILYL,"""BRC Group Holdings, Inc. Depositary Shares each representing 1/1000th in a share of 7.375% Series B Cumulative Perpetual Preferred Stock, par value $0""",Nasdaq,LULD pause,2026-02-03,09:35:16
2026-02-02,19:50:00,EDBLW,Edible Garden AG Incorporated Warrant,Nasdaq,News pending,2026-02-03,09:05:00
2026-02-02,19:50:00,EDBLW,Edible Garden AG Incorporated Warrant,Nasdaq,News pending,,
2026-02-02,19:50:00,EDBL,Edible Garden AG Incorporated Common Stock,Nasdaq,News pending,,
2026-02-02,19:50:00,EDBL,Edible Garden AG Incorporated Common Stock,Nasdaq,News pending,2026-02-03,09:00:00
2026-02-02,19:50:00,APLT,"""Applied Therapeutics, Inc. Common Stock""",Nasdaq,News pending,,
2026-02-02,19:50:00,SXTC,"""China SXT Pharmaceuticals, Inc. Ordinary Shares""",Nasdaq,News pending,,
2026-02-02,19:50:00,SXTC,"""China SXT Pharmaceuticals, Inc. Ordinary Shares""",Nasdaq,News pending,2026-02-03,09:00:00
2026-02-02,16:09:06,AAM WS,"""AA Mission Acquisition Corp. Warrants, each whole warrant entitles the holder to purchase one Class A ordinary share at a price of $11.50 per share""",NYSE,News Released,,
2026-02-02,16:09:06,NINE,"""Nine Energy Service, Inc.""",NYSE,News Released,,
2026-02-02,15:45:01,ELPW,Elong Power Holding Limited Class A Ordinary Shares,Nasdaq,LULD pause,2026-02-02,16:00:00
2026-02-02,15:43:35,PLYX,"""Polaryx Therapeutics, Inc. Common Stock""",Nasdaq,LULD pause,2026-02-02,15:48:35
2026-02-02,15:42:23,HZO,"""MarineMax, Inc.""",NYSE,LULD pause,2026-02-02,15:47:56
2026-02-02,15:40:01,PSIG,PS International Group Ltd. Ordinary Shares,Nasdaq,LULD pause,2026-02-02,15:45:01
2026-02-02,15:21:51,PHOE,Phoenix Asia Holdings Limited Ordinary Shares,Nasdaq,LULD pause,2026-02-02,15:26:51
2026-02-02,15:16:24,PLYX,"""Polaryx Therapeutics, Inc. Common Stock""",Nasdaq,LULD pause,2026-02-02,15:26:25
2026-02-02,15:08:17,DSS,"""DSS, Inc.""",NYSE American,LULD pause,2026-02-02,15:18:17
2026-02-02,15:03:02,JLHL,Julong Holding Limited Class A Ordinary Shares,Nasdaq,LULD pause,2026-02-02,15:08:02
2026-02-02,14:58:55,PBM,Psyence Biomedical Ltd. Common Shares,Nasdaq,LULD pause,2026-02-02,15:03:55
2026-02-02,14:55:42,JLHL,Julong Holding Limited Class A Ordinary Shares,Nasdaq,LULD pause,2026-02-02,15:00:42
2026-02-02,14:53:41,SORA,AsiaStrategy Ordinary Shares,Nasdaq,LULD pause,2026-02-02,15:03:41
2026-02-02,14:48:22,PBM,Psyence Biomedical Ltd. Common Shares,Nasdaq,LULD pause,2026-02-02,14:53:22
2026-02-02,14:40:29,PLYX,"""Polaryx Therapeutics, Inc. Common Stock""",Nasdaq,LULD pause,2026-02-02,15:05:29
2026-02-02,14:35:22,JLHL,Julong Holding Limited Class A Ordinary Shares,Nasdaq,LULD pause,2026-02-02,14:45:22
2026-02-02,14:28:46,JLHL,Julong Holding Limited Class A Ordinary Shares,Nasdaq,LULD pause,2026-02-02,14:33:46
2026-02-02,14:24:02,PLYX,"""Polaryx Therapeutics, Inc. Common Stock""",Nasdaq,LULD pause,2026-02-02,14:34:02
2026-02-02,14:23:19,JLHL,Julong Holding Limited Class A Ordinary Shares,Nasdaq,LULD pause,2026-02-02,14:28:19
2026-02-02,14:15:54,PLYX,"""Polaryx Therapeutics, Inc. Common Stock""",Nasdaq,LULD pause,2026-02-02,14:20:54
2026-02-02,14:13:00,JLHL,Julong Holding Limited Class A Ordinary Shares,Nasdaq,LULD pause,2026-02-02,14:23:00
2026-02-02,14:07:20,JLHL,Julong Holding Limited Class A Ordinary Shares,Nasdaq,LULD pause,2026-02-02,14:12:20
2026-02-02,13:59:58,JLHL,Julong Holding Limited Class A Ordinary Shares,Nasdaq,LULD pause,2026-02-02,14:04:58
2026-02-02,13:53:18,PLYX,"""Polaryx Therapeutics, Inc. Common Stock""",Nasdaq,LULD pause,2026-02-02,14:03:18
2026-02-02,13:53:14,JLHL,Julong Holding Limited Class A Ordinary Shares,Nasdaq,LULD pause,2026-02-02,13:58:14
2026-02-02,13:52:28,PBM,Psyence Biomedical Ltd. Common Shares,Nasdaq,LULD pause,2026-02-02,13:57:28
2026-02-02,13:48:44,ABUS,Arbutus Biopharma Corporation Common Stock,Nasdaq,LULD pause,2026-02-02,13:58:44
2026-02-02,13:47:51,JLHL,Julong Holding Limited Class A Ordinary Shares,Nasdaq,LULD pause,2026-02-02,13:52:51
2026-02-02,13:46:50,PBM,Psyence Biomedical Ltd. Common Shares,Nasdaq,LULD pause,2026-02-02,13:51:50
2026-02-02,13:46:27,PLYX,"""Polaryx Therapeutics, Inc. Common Stock""",Nasdaq,LULD pause,2026-02-02,13:51:27
2026-02-02,13:43:43,NNNN,Anbio Biotechnology Class A Ordinary Shares,Nasdaq,LULD pause,2026-02-02,13:48:43
2026-02-02,13:39:16,PLYX,"""Polaryx Therapeutics, Inc. Common Stock""",Nasdaq,LULD pause,2026-02-02,13:44:16
2026-02-02,13:38:24,ABUS,Arbutus Biopharma Corporation Common Stock,Nasdaq,LULD pause,2026-02-02,13:48:24
2026-02-02,13:33:05,PBM,Psyence Biomedical Ltd. Common Shares,Nasdaq,LULD pause,2026-02-02,13:43:23
2026-02-02,13:32:23,JLHL,Julong Holding Limited Class A Ordinary Shares,Nasdaq,LULD pause,2026-02-02,13:47:23
2026-02-02,13:28:42,NNNN,Anbio Biotechnology Class A Ordinary Shares,Nasdaq,LULD pause,2026-02-02,13:38:42
2026-02-02,13:27:41,PBM,Psyence Biomedical Ltd. Common Shares,Nasdaq,LULD pause,2026-02-02,13:32:41
2026-02-02,13:22:06,ELPW,Elong Power Holding Limited Class A Ordinary Shares,Nasdaq,LULD pause,2026-02-02,13:27:06
2026-02-02,13:21:59,PBM,Psyence Biomedical Ltd. Common Shares,Nasdaq,LULD pause,2026-02-02,13:26:59
2026-02-02,13:13:59,PBM,Psyence Biomedical Ltd. Common Shares,Nasdaq,LULD pause,2026-02-02,13:18:59
2026-02-02,13:12:06,JLHL,Julong Holding Limited Class A Ordinary Shares,Nasdaq,LULD pause,2026-02-02,13:32:06
2026-02-02,13:08:20,PBM,Psyence Biomedical Ltd. Common Shares,Nasdaq,LULD pause,2026-02-02,13:13:20
2026-02-02,13:01:47,JLHL,Julong Holding Limited Class A Ordinary Shares,Nasdaq,LULD pause,2026-02-02,13:11:49
2026-02-02,12:56:52,PBM,Psyence Biomedical Ltd. Common Shares,Nasdaq,LULD pause,2026-02-02,13:06:52
2026-02-02,12:55:43,JLHL,Julong Holding Limited Class A Ordinary Shares,Nasdaq,LULD pause,2026-02-02,13:00:43
2026-02-02,12:53:11,PLYX,"""Polaryx Therapeutics, Inc. Common Stock""",Nasdaq,LULD pause,2026-02-02,13:03:26
2026-02-02,12:50:53,PBM,Psyence Biomedical Ltd. Common Shares,Nasdaq,LULD pause,2026-02-02,12:55:53
2026-02-02,12:39:53,PBM,Psyence Biomedical Ltd. Common Shares,Nasdaq,LULD pause,2026-02-02,12:49:53
2026-02-02,12:34:46,JLHL,Julong Holding Limited Class A Ordinary Shares,Nasdaq,LULD pause,2026-02-02,12:55:17
2026-02-02,12:31:53,PBM,Psyence Biomedical Ltd. Common Shares,Nasdaq,LULD pause,2026-02-02,12:36:53
2026-02-02,12:29:20,JLHL,Julong Holding Limited Class A Ordinary Shares,Nasdaq,LULD pause,2026-02-02,12:34:20
2026-02-02,12:20:43,MOVE,Movano Inc. Common Stock,Nasdaq,LULD pause,2026-02-02,12:25:43
2026-02-02,12:17:08,PBM,Psyence Biomedical Ltd. Common Shares,Nasdaq,LULD pause,2026-02-02,12:27:08
2026-02-02,12:10:40,JLHL,Julong Holding Limited Class A Ordinary Shares,Nasdaq,LULD pause,2026-02-02,12:29:04
2026-02-02,12:04:00,PLYX,"""Polaryx Therapeutics, Inc. Common Stock""",Nasdaq,LULD pause,2026-02-02,12:19:00
2026-02-02,12:01:26,PBM,Psyence Biomedical Ltd. Common Shares,Nasdaq,LULD pause,2026-02-02,12:11:26
2026-02-02,12:00:18,JLHL,Julong Holding Limited Class A Ordinary Shares,Nasdaq,LULD pause,2026-02-02,12:10:18
2026-02-02,11:56:38,ELPW,Elong Power Holding Limited Class A Ordinary Shares,Nasdaq,LULD pause,2026-02-02,12:01:38
2026-02-02,11:55:59,PBM,Psyence Biomedical Ltd. Common Shares,Nasdaq,LULD pause,2026-02-02,12:00:59
2026-02-02,11:53:43,JLHL,Julong Holding Limited Class A Ordinary Shares,Nasdaq,LULD pause,2026-02-02,11:58:43
2026-02-02,11:52:59,PLYX,"""Polaryx Therapeutics, Inc. Common Stock""",Nasdaq,LULD pause,2026-02-02,12:02:59
2026-02-02,11:44:32,PBM,Psyence Biomedical Ltd. Common Shares,Nasdaq,LULD pause,2026-02-02,11:54:32
2026-02-02,11:34:56,JLHL,Julong Holding Limited Class A Ordinary Shares,Nasdaq,LULD pause,2026-02-02,11:53:24
2026-02-02,11:33:41,PBM,Psyence Biomedical Ltd. Common Shares,Nasdaq,LULD pause,2026-02-02,11:43:41
2026-02-02,11:29:44,HBNB,Hotel101 Global Holdings Corp. Class A Ordinary Shares,Nasdaq,LULD pause,2026-02-02,11:34:44
2026-02-02,11:23:34,PHOE,Phoenix Asia Holdings Limited Ordinary Shares,Nasdaq,LULD pause,2026-02-02,11:28:34
2026-02-02,11:23:22,PBM,Psyence Biomedical Ltd. Common Shares,Nasdaq,LULD pause,2026-02-02,11:33:22
2026-02-02,11:22:30,JLHL,Julong Holding Limited Class A Ordinary Shares,Nasdaq,LULD pause,2026-02-02,11:32:31
2026-02-02,11:20:14,ELPW,Elong Power Holding Limited Class A Ordinary Shares,Nasdaq,LULD pause,2026-02-02,11:25:14
2026-02-02,11:13:15,PLYX,"""Polaryx Therapeutics, Inc. Common Stock""",Nasdaq,LULD pause,2026-02-02,11:28:16
2026-02-02,11:11:32,PBM,Psyence Biomedical Ltd. Common Shares,Nasdaq,LULD pause,2026-02-02,11:21:32
2026-02-02,11:10:38,PHOE,Phoenix Asia Holdings Limited Ordinary Shares,Nasdaq,LULD pause,2026-02-02,11:20:38
2026-02-02,11:02:14,JLHL,Julong Holding Limited Class A Ordinary Shares,Nasdaq,LULD pause,2026-02-02,11:22:14
2026-02-02,11:01:39,ELPW,Elong Power Holding Limited Class A Ordinary Shares,Nasdaq,LULD pause,2026-02-02,11:11:39
2026-02-02,11:01:16,PBM,Psyence Biomedical Ltd. Common Shares,Nasdaq,LULD pause,2026-02-02,11:11:16
2026-02-02,10:56:58,JLHL,Julong Holding Limited Class A Ordinary Shares,Nasdaq,LULD pause,2026-02-02,11:01:58
2026-02-02,10:56:43,ROMA,Roma Green Finance Limited Class A Ordinary Shares,Nasdaq,LULD pause,2026-02-02,11:01:43
2026-02-02,10:53:59,ELPW,Elong Power Holding Limited Class A Ordinary Shares,Nasdaq,LULD pause,2026-02-02,10:58:59
2026-02-02,10:49:04,ROMA,Roma Green Finance Limited Class A Ordinary Shares,Nasdaq,LULD pause,2026-02-02,10:54:04
2026-02-02,10:48:30,PBM,Psyence Biomedical Ltd. Common Shares,Nasdaq,LULD pause,2026-02-02,11:00:53
2026-02-02,10:48:03,ELPW,Elong Power Holding Limited Class A Ordinary Shares,Nasdaq,LULD pause,2026-02-02,10:53:03
2026-02-02,10:46:33,JLHL,Julong Holding Limited Class A Ordinary Shares,Nasdaq,LULD pause,2026-02-02,10:56:34
2026-02-02,10:40:39,SORA,AsiaStrategy Ordinary Shares,Nasdaq,LULD pause,2026-02-02,10:45:39
2026-02-02,10:40:06,ROMA,Roma Green Finance Limited Class A Ordinary Shares,Nasdaq,LULD pause,2026-02-02,10:45:06
2026-02-02,10:40:05,IBG,Innovation Beverage Group Limited Ordinary Shares,Nasdaq,LULD pause,2026-02-02,10:50:05
2026-02-02,10:39:38,ELPW,Elong Power Holding Limited Class A Ordinary Shares,Nasdaq,LULD pause,2026-02-02,10:44:38
2026-02-02,10:38:15,PBM,Psyence Biomedical Ltd. Common Shares,Nasdaq,LULD pause,2026-02-02,10:48:15
2026-02-02,10:38:05,VHUB,"""VenHub Global, Inc. Common Stock""",Nasdaq,LULD pause,2026-02-02,10:43:05
2026-02-02,10:36:29,CJMB,Callan JMB Inc. Common Stock,Nasdaq,LULD pause,2026-02-02,10:41:29
2026-02-02,10:34:24,IBG,Innovation Beverage Group Limited Ordinary Shares,Nasdaq,LULD pause,2026-02-02,10:39:24
2026-02-02,10:33:57,ELPW,Elong Power Holding Limited Class A Ordinary Shares,Nasdaq,LULD pause,2026-02-02,10:38:57
2026-02-02,10:32:59,PBM,Psyence Biomedical Ltd. Common Shares,Nasdaq,LULD pause,2026-02-02,10:37:59
2026-02-02,10:32:33,SORA,AsiaStrategy Ordinary Shares,Nasdaq,LULD pause,2026-02-02,10:37:33
2026-02-02,10:30:45,ROMA,Roma Green Finance Limited Class A Ordinary Shares,Nasdaq,LULD pause,2026-02-02,10:35:45
2026-02-02,10:30:13,JLHL,Julong Holding Limited Class A Ordinary Shares,Nasdaq,LULD pause,2026-02-02,10:46:14
2026-02-02,10:27:38,PHOE,Phoenix Asia Holdings Limited Ordinary Shares,Nasdaq,LULD pause,2026-02-02,10:32:38
2026-02-02,10:27:22,ELPW,Elong Power Holding Limited Class A Ordinary Shares,Nasdaq,LULD pause,2026-02-02,10:32:22
2026-02-02,10:24:00,ROMA,Roma Green Finance Limited Class A Ordinary Shares,Nasdaq,LULD pause,2026-02-02,10:29:00
2026-02-02,10:21:57,DOGZ,Dogness (International) Corporation Class A Common Stock,Nasdaq,LULD pause,2026-02-02,10:26:57
2026-02-02,10:21:53,PHOE,Phoenix Asia Holdings Limited Ordinary Shares,Nasdaq,LULD pause,2026-02-02,10:26:53
2026-02-02,10:20:34,BTOG,Bit Origin Limited Class A Ordinary Shares,Nasdaq,LULD pause,2026-02-02,10:25:34
2026-02-02,10:19:57,JLHL,Julong Holding Limited Class A Ordinary Shares,Nasdaq,LULD pause,2026-02-02,10:29:57
2026-02-02,10:19:57,ELPW,Elong Power Holding Limited Class A Ordinary Shares,Nasdaq,LULD pause,2026-02-02,10:24:57
2026-02-02,10:19:13,GOAI,Eva Live Inc. Common Stock,Nasdaq,LULD pause,2026-02-02,10:24:13
2026-02-02,10:17:39,PBM,Psyence Biomedical Ltd. Common Shares,Nasdaq,LULD pause,2026-02-02,10:32:08
2026-02-02,10:14:27,ELPW,Elong Power Holding Limited Class A Ordinary Shares,Nasdaq,LULD pause,2026-02-02,10:19:27
2026-02-02,10:12:01,GOAI,Eva Live Inc. Common Stock,Nasdaq,LULD pause,2026-02-02,10:17:01
2026-02-02,10:10:10,MGRT,Mega Fortune Company Limited Ordinary Shares,Nasdaq,LULD pause,2026-02-02,10:15:10
2026-02-02,10:09:10,ELPW,Elong Power Holding Limited Class A Ordinary Shares,Nasdaq,LULD pause,2026-02-02,10:14:10
2026-02-02,10:08:42,BTOG,Bit Origin Limited Class A Ordinary Shares,Nasdaq,LULD pause,2026-02-02,10:18:42
2026-02-02,10:07:21,PBM,Psyence Biomedical Ltd. Common Shares,Nasdaq,LULD pause,2026-02-02,10:17:22
2026-02-02,10:06:10,DOGZ,Dogness (International) Corporation Class A Common Stock,Nasdaq,LULD pause,2026-02-02,10:16:10
2026-02-02,10:05:24,PHOE,Phoenix Asia Holdings Limited Ordinary Shares,Nasdaq,LULD pause,2026-02-02,10:19:28
2026-02-02,10:01:35,GOAI,Eva Live Inc. Common Stock,Nasdaq,LULD pause,2026-02-02,10:11:35
2026-02-02,10:01:01,ROMA,Roma Green Finance Limited Class A Ordinary Shares,Nasdaq,LULD pause,2026-02-02,10:23:37
2026-02-02,10:00:02,DOGZ,Dogness (International) Corporation Class A Common Stock,Nasdaq,LULD pause,2026-02-02,10:05:02
2026-02-02,09:59:01,BTOG,Bit Origin Limited Class A Ordinary Shares,Nasdaq,LULD pause,2026-02-02,10:04:01
2026-02-02,09:57:03,PBM,Psyence Biomedical Ltd. Common Shares,Nasdaq,LULD pause,2026-02-02,10:07:03
2026-02-02,09:55:52,PAVM,PAVmed Inc. Common Stock,Nasdaq,LULD pause,2026-02-02,10:00:52
2026-02-02,09:55:09,ROMA,Roma Green Finance Limited Class A Ordinary Shares,Nasdaq,LULD pause,2026-02-02,10:00:09
2026-02-02,09:55:01,PHOE,Phoenix Asia Holdings Limited Ordinary Shares,Nasdaq,LULD pause,2026-02-02,10:05:01
2026-02-02,09:54:45,WTF,Waton Financial Limited Ordinary Shares,Nasdaq,LULD pause,2026-02-02,10:04:46
2026-02-02,09:54:15,GOAI,Eva Live Inc. Common Stock,Nasdaq,LULD pause,2026-02-02,09:59:15
2026-02-02,09:52:15,RPGL,Republic Power Group Limited Class A Ordinary Shares,Nasdaq,LULD pause,2026-02-02,09:57:15
2026-02-02,09:51:55,VHUB,"""VenHub Global, Inc. Common Stock""",Nasdaq,LULD pause,2026-02-02,09:56:55
2026-02-02,09:49:31,DOGZ,Dogness (International) Corporation Class A Common Stock,Nasdaq,LULD pause,2026-02-02,09:59:31
2026-02-02,09:47:38,GOAI,Eva Live Inc. Common Stock,Nasdaq,LULD pause,2026-02-02,09:52:38
2026-02-02,09:44:28,PHOE,Phoenix Asia Holdings Limited Ordinary Shares,Nasdaq,LULD pause,2026-02-02,09:54:28
2026-02-02,09:43:54,ELPW,Elong Power Holding Limited Class A Ordinary Shares,Nasdaq,LULD pause,2026-02-02,10:08:54
2026-02-02,09:43:20,VHUB,"""VenHub Global, Inc. Common Stock""",Nasdaq,LULD pause,2026-02-02,09:48:20
2026-02-02,09:43:15,DKI,DarkIris Inc. Class A Ordinary Shares,Nasdaq,LULD pause,2026-02-02,09:48:15
2026-02-02,09:43:10,PAVM,PAVmed Inc. Common Stock,Nasdaq,LULD pause,2026-02-02,09:53:10
2026-02-02,09:39:11,PHOE,Phoenix Asia Holdings Limited Ordinary Shares,Nasdaq,LULD pause,2026-02-02,09:44:11
2026-02-02,09:37:45,IPW,"""iPower, Inc. Common Stock""",Nasdaq,LULD pause,2026-02-02,09:42:45
2026-02-02,09:37:12,PAVM,PAVmed Inc. Common Stock,Nasdaq,LULD pause,2026-02-02,09:42:12
2026-02-02,09:34:32,AREB,"""American Rebel Holdings, Inc. Common Stock""",Nasdaq,LULD pause,2026-02-02,09:39:32
2026-02-02,09:33:59,MSTK,Tuttle Capital MSTR 0DTE Covered Call ETF,Cboe BZX,LULD pause,2026-02-02,09:38:59
2026-02-02,09:32:35,DKI,DarkIris Inc. Class A Ordinary Shares,Nasdaq,LULD pause,2026-02-02,09:37:35
2026-02-02,09:32:20,PHOE,Phoenix Asia Holdings Limited Ordinary Shares,Nasdaq,LULD pause,2026-02-02,09:37:20
2026-02-02,09:31:36,PBM,Psyence Biomedical Ltd. Common Shares,Nasdaq,LULD pause,2026-02-02,09:56:41
2026-02-02,09:31:17,SOLX,T-REX 2X Long SOL Daily Target ETF,Cboe BZX,LULD pause,2026-02-02,09:36:17
2026-02-02,09:31:07,ELPW,Elong Power Holding Limited Class A Ordinary Shares,Nasdaq,LULD pause,2026-02-02,09:43:24
2026-02-02,09:30:50,IPW,"""iPower, Inc. Common Stock""",Nasdaq,LULD pause,2026-02-02,09:35:50
2026-02-02,09:30:15,TSOL,21Shares Solana ETF,Cboe BZX,LULD pause,2026-02-02,09:35:15
2026-02-02,08:52:37,PKST,Peakstone Realty Trust,NYSE,News pending,2026-02-02,09:13:48
2026-02-02,08:28:11,REVG,"""REV Group, Inc.""",NYSE,Merger Effective,,
2026-02-02,07:33:50,NFBK,"""Northfield Bancorp, Inc.""",Nasdaq,News pending,2026-02-02,08:10:00
2026-02-02,07:19:48,YEXT,"""Yext, Inc.""",NYSE,News pending,2026-02-02,08:14:57
2026-02-02,06:55:00,AQST,"""Aquestive Therapeutics, Inc. Common Stock""",Nasdaq,News pending,2026-02-02,07:30:00
2026-02-02,06:45:45,NINE,"""Nine Energy Service, Inc.""",NYSE,Regulatory Concern,See Subsequent Halt,See Subsequent Halt
2026-02-02,03:33:59,TCGL,TechCreate Group Ltd.,NYSE American,Regulatory Concern,,
2026-02-02,03:33:59,TCGL,TechCreate Group Ltd.,NYSE American,Regulatory Concern,See Subsequent Halt,See Subsequent Halt
