Halt Date,Halt Time,Symbol,Name,Exchange,Reason,Resume Date,NYSE Resume Time
2025-12-31,19:50:00,BFIN,BankFinancial Corporation,Nasdaq,News pending,,
2025-12-31,19:50:00,RVYL,Ryvyl Inc. Common Stock,Nasdaq,News pending,2026-01-02,09:00:00
2025-12-31,19:50:00,RVYL,Ryvyl Inc. Common Stock,Nasdaq,News pending,,
2025-12-31,19:50:00,PAVM,PAVmed Inc. Common Stock,Nasdaq,News pending,,
2025-12-31,19:50:00,PAVM,PAVmed Inc. Common Stock,Nasdaq,News pending,2026-01-02,09:00:00
2025-12-31,19:50:00,CODX,"""Co-Diagnostics, Inc. Common Stock""",Nasdaq,News pending,2026-01-02,09:00:00
2025-12-31,19:50:00,CODX,"""Co-Diagnostics, Inc. Common Stock""",Nasdaq,News pending,,
2025-12-31,16:10:00,OTLK,"""Outlook Therapeutics, Inc. Common Stock""",Nasdaq,News pending,2025-12-31,16:35:00
2025-12-31,15:22:06,RDACU,Rising Dragon Acquisition Corp. Unit,Nasdaq,LULD pause,2025-12-31,15:27:06
2025-12-31,14:15:53,JXG,JX Luxventure Limited Common Stock,Nasdaq,LULD pause,2025-12-31,14:20:53
2025-12-31,13:00:18,BUUU,BUUU Group Limited Class A Ordinary Share,Nasdaq,LULD pause,2025-12-31,13:13:07
2025-12-31,12:54:19,BYFC,Broadway Financial Corp/Del,Nasdaq,LULD pause,2025-12-31,12:59:19
2025-12-31,12:30:50,GVH,Globavend Holdings Limited Ordinary Shares,Nasdaq,LULD pause,2025-12-31,12:35:50
2025-12-31,11:21:38,ALCYU,Alchemy Investments Acquisition Corp 1 Units,Nasdaq,LULD pause,2025-12-31,11:26:38
2025-12-31,10:40:55,ESHA,ESH Acquisition Corp. Class A Common Stock,Nasdaq,LULD pause,2025-12-31,10:45:55
2025-12-31,10:37:15,HUIZ,Huize Holding Limited American Depositary Shares,Nasdaq,LULD pause,2025-12-31,10:42:15
2025-12-31,10:18:44,AFJK,"""Aimei Health Technology Co., Ltd Ordinary Share""",Nasdaq,LULD pause,2025-12-31,10:23:44
2025-12-31,10:09:28,SOPA,Society Pass Incorporated Common Stock,Nasdaq,LULD pause,2025-12-31,10:14:28
2025-12-31,10:07:54,INBS,Intelligent Bio Solutions Inc. Common Stock,Nasdaq,LULD pause,2025-12-31,10:12:54
2025-12-31,09:51:27,INBS,Intelligent Bio Solutions Inc. Common Stock,Nasdaq,LULD pause,2025-12-31,09:56:27
2025-12-31,09:50:41,ESHA,ESH Acquisition Corp. Class A Common Stock,Nasdaq,LULD pause,2025-12-31,09:55:41
2025-12-31,09:43:09,ROMA,Roma Green Finance Limited Ordinary Shares,Nasdaq,LULD pause,2025-12-31,09:53:09
2025-12-31,09:41:40,AFJKU,"""Aimei Health Technology Co., Ltd Unit""",Nasdaq,LULD pause,2025-12-31,10:01:41
2025-12-31,09:40:22,ESHA,ESH Acquisition Corp. Class A Common Stock,Nasdaq,LULD pause,2025-12-31,09:45:22
2025-12-31,09:33:26,RDACU,Rising Dragon Acquisition Corp. Unit,Nasdaq,LULD pause,2025-12-31,09:43:26
2025-12-31,09:31:20,INBS,Intelligent Bio Solutions Inc. Common Stock,Nasdaq,LULD pause,2025-12-31,09:41:20
2025-12-31,09:31:12,AFJK,"""Aimei Health Technology Co., Ltd Ordinary Share""",Nasdaq,LULD pause,2025-12-31,09:36:12
2025-12-31,09:30:42,ESHA,ESH Acquisition Corp. Class A Common Stock,Nasdaq,LULD pause,2025-12-31,09:35:42
2025-12-31,08:15:53,WOW,"""WideOpenWest, Inc. Common Stock""",NYSE,Merger Effective,,
2025-12-31,07:55:00,CORT,Corcept Therapeutics Inc.,Nasdaq,News pending,2025-12-31,08:20:00
2025-12-30,19:50:19,RPT,Rithm Property Trust Inc.,NYSE,Corporate Action,2025-12-31,09:30:20
2025-12-30,19:50:19,RPT,Rithm Property Trust Inc.,NYSE,Corporate Action,,
2025-12-30,17:43:48,VNDA,Vanda Pharmaceuticals Inc.,Nasdaq,News pending,2025-12-30,18:35:00
2025-12-30,15:51:54,APLM,Apollomics Inc. Class A Ordinary Shares,Nasdaq,LULD pause,2025-12-30,16:00:00
2025-12-30,15:39:51,AFJKU,"""Aimei Health Technology Co., Ltd Unit""",Nasdaq,LULD pause,2025-12-30,15:44:51
2025-12-30,15:38:56,AFJK,"""Aimei Health Technology Co., Ltd Ordinary Share""",Nasdaq,LULD pause,2025-12-30,15:43:56
2025-12-30,15:06:29,GPUS PRD,"""Hyperscale Data, Inc. 13.00% Series D Cumulative Redeemable Perpetual Preferred Stock""",NYSE American,LULD pause,2025-12-30,15:11:29
2025-12-30,14:10:30,WLACU,Willow Lane Acquisition Corp. Unit,Nasdaq,LULD pause,2025-12-30,14:15:30
2025-12-30,14:05:56,BUUU,BUUU Group Limited Class A Ordinary Share,Nasdaq,LULD pause,2025-12-30,14:10:56
2025-12-30,13:59:47,BUUU,BUUU Group Limited Class A Ordinary Share,Nasdaq,LULD pause,2025-12-30,14:04:47
2025-12-30,13:54:30,HUIZ,Huize Holding Limited American Depositary Shares,Nasdaq,LULD pause,2025-12-30,14:04:30
2025-12-30,13:53:37,BUUU,BUUU Group Limited Class A Ordinary Share,Nasdaq,LULD pause,2025-12-30,13:58:37
2025-12-30,13:46:20,BUUU,BUUU Group Limited Class A Ordinary Share,Nasdaq,LULD pause,2025-12-30,13:51:20
2025-12-30,13:33:53,HUIZ,Huize Holding Limited American Depositary Shares,Nasdaq,LULD pause,2025-12-30,13:38:53
2025-12-30,13:13:43,AFJK,"""Aimei Health Technology Co., Ltd Ordinary Share""",Nasdaq,LULD pause,2025-12-30,13:23:43
2025-12-30,13:12:40,BUUU,BUUU Group Limited Class A Ordinary Share,Nasdaq,LULD pause,2025-12-30,13:17:40
2025-12-30,13:07:02,AFJK,"""Aimei Health Technology Co., Ltd Ordinary Share""",Nasdaq,LULD pause,2025-12-30,13:12:02
2025-12-30,13:06:03,BUUU,BUUU Group Limited Class A Ordinary Share,Nasdaq,LULD pause,2025-12-30,13:11:03
2025-12-30,12:55:44,BUUU,BUUU Group Limited Class A Ordinary Share,Nasdaq,LULD pause,2025-12-30,13:05:44
2025-12-30,12:48:53,AGPU,Axe Compute Inc. Common Stock,Nasdaq,LULD pause,2025-12-30,12:53:53
2025-12-30,12:45:22,BUUU,BUUU Group Limited Class A Ordinary Share,Nasdaq,LULD pause,2025-12-30,12:55:23
2025-12-30,12:36:31,PW PRA,"""Power REIT  7.75% Series A Cumulative Redeemable Perpetual Preferred Stock, Liquidation Preference $25.00 per Share""",NYSE American,LULD pause,2025-12-30,12:51:31
2025-12-30,12:30:58,BUUU,BUUU Group Limited Class A Ordinary Share,Nasdaq,LULD pause,2025-12-30,12:40:58
2025-12-30,12:14:44,AFJK,"""Aimei Health Technology Co., Ltd Ordinary Share""",Nasdaq,LULD pause,2025-12-30,12:19:44
2025-12-30,12:14:07,AFJKU,"""Aimei Health Technology Co., Ltd Unit""",Nasdaq,LULD pause,2025-12-30,12:19:07
2025-12-30,12:04:45,FEDU,"""Four Seasons Education (Cayman) Inc. American depositary shares, each representing ten (10) Ordinary Shares""",NYSE,LULD pause,2025-12-30,12:10:11
2025-12-30,11:46:24,AFJKU,"""Aimei Health Technology Co., Ltd Unit""",Nasdaq,LULD pause,2025-12-30,11:56:24
2025-12-30,10:32:34,EKSO,"""Ekso Bionics Holdings, Inc. Common Stock""",Nasdaq,LULD pause,2025-12-30,10:37:34
2025-12-30,10:18:09,AFJKU,"""Aimei Health Technology Co., Ltd Unit""",Nasdaq,LULD pause,2025-12-30,10:23:09
2025-12-30,10:08:20,BGMSP,"""Bio Green Med Solution, Inc. 6% Convertible Preferred Stock""",Nasdaq,LULD pause,2025-12-30,10:13:20
2025-12-30,09:50:10,ASPC,A SPAC III Acquisition Corp. Class A Ordinary Shares,Nasdaq,LULD pause,2025-12-30,09:55:10
2025-12-30,09:34:27,QBER,TrueShares Quarterly Bear Hedge ETF,Cboe BZX,LULD pause,2025-12-30,09:39:27
2025-12-30,07:52:55,ONTF,"""ON24, Inc.""",NYSE,News pending,2025-12-30,08:12:35
2025-12-29,19:50:00,ILAG,Intelligent Living Application Group Inc. Ordinary Shares,Nasdaq,News pending,,
2025-12-29,19:50:00,ILAG,Intelligent Living Application Group Inc. Ordinary Shares,Nasdaq,News pending,2025-12-30,09:00:00
2025-12-29,19:50:00,ACET,"""Adicet Bio, Inc. Common Stock""",Nasdaq,News pending,,
2025-12-29,19:50:00,ACET,"""Adicet Bio, Inc. Common Stock""",Nasdaq,News pending,2025-12-30,09:00:00
2025-12-29,19:50:00,BIYA,Baiya International Group Inc. Ordinary Shares,Nasdaq,News pending,,
2025-12-29,19:50:00,BIYA,Baiya International Group Inc. Ordinary Shares,Nasdaq,News pending,2025-12-30,09:00:00
2025-12-29,19:50:00,XTKG,"""X3 Holdings Co., Ltd. Ordinary Shares""",Nasdaq,News pending,2025-12-30,09:00:00
2025-12-29,19:50:00,XTKG,"""X3 Holdings Co., Ltd. Ordinary Shares""",Nasdaq,News pending,,
2025-12-29,19:50:00,ORIS,Oriental Rise Holdings Limited Ordinary Shares,Nasdaq,News pending,2025-12-30,09:00:00
2025-12-29,19:50:00,ORIS,Oriental Rise Holdings Limited Ordinary Shares,Nasdaq,News pending,,
2025-12-29,19:50:00,MRUS,Merus N.V. Common Shares,Nasdaq,News pending,,
2025-12-29,19:50:00,APVO,Aptevo Therapeutics Inc,Nasdaq,News pending,2025-12-30,09:00:00
2025-12-29,19:50:00,APVO,Aptevo Therapeutics Inc,Nasdaq,News pending,,
2025-12-29,17:15:50,CLNNW,Clene Inc. Warrant,Nasdaq,News pending,,
2025-12-29,14:04:22,THH,TryHard Holdings Limited Ordinary Shares,Nasdaq,LULD pause,2025-12-29,14:14:22
2025-12-29,12:00:44,MGRT,Mega Fortune Company Limited Ordinary Shares,Nasdaq,LULD pause,2025-12-29,12:05:44
2025-12-29,10:43:09,ZCMD,Zhongchao Inc. Class A Ordinary Shares,Nasdaq,LULD pause,2025-12-29,10:48:09
2025-12-29,10:29:05,MB,MasterBeef Group Ordinary Shares,Nasdaq,LULD pause,2025-12-29,10:34:05
2025-12-29,10:23:42,JMG,JM Group Limited,NYSE American,LULD pause,2025-12-29,10:28:42
2025-12-29,10:01:56,SMX,SMX (Security Matters) Public Limited Company Ordinary Shares,Nasdaq,LULD pause,2025-12-29,10:06:56
2025-12-29,09:49:04,ASPCU,A SPAC III Acquisition Corp. Unit,Nasdaq,LULD pause,2025-12-29,09:54:04
2025-12-29,09:44:16,ASPC,A SPAC III Acquisition Corp. Class A Ordinary Shares,Nasdaq,LULD pause,2025-12-29,09:54:16
2025-12-29,09:43:36,SMX,SMX (Security Matters) Public Limited Company Ordinary Shares,Nasdaq,LULD pause,2025-12-29,09:48:36
2025-12-29,09:38:49,ASPC,A SPAC III Acquisition Corp. Class A Ordinary Shares,Nasdaq,LULD pause,2025-12-29,09:43:49
2025-12-29,09:37:37,SMX,SMX (Security Matters) Public Limited Company Ordinary Shares,Nasdaq,LULD pause,2025-12-29,09:42:37
2025-12-29,09:32:38,ASPC,A SPAC III Acquisition Corp. Class A Ordinary Shares,Nasdaq,LULD pause,2025-12-29,09:37:38
2025-12-29,09:30:15,GLTR,abrdn Physical Precious Metals Basket Shares ETF,NYSE Arca,LULD pause,2025-12-29,09:35:15
2025-12-29,08:25:00,RARE,Ultragenyx Pharmaceutical Inc.,Nasdaq,News pending,2025-12-29,09:00:01
2025-12-29,08:25:00,MREO,Mereo BioPharma Group plc American Depositary Shares,Nasdaq,News pending,2025-12-29,08:55:00
2025-12-29,08:18:04,DBRG PRI,"""DigitalBridge Group, Inc. 7.15% Series I Cumulative Redeemable Perpetual Preferred Stock""",NYSE,News pending,2025-12-29,08:43:52
2025-12-29,08:18:04,DBRG,"""DigitalBridge Group, Inc.""",NYSE,News pending,2025-12-29,08:43:52
2025-12-29,08:18:04,DBRG PRH,"""DigitalBridge Group, Inc. 7.125% Series H Cumulative Redeemable Perpetual Preferred Stock""",NYSE,News pending,2025-12-29,08:43:52
2025-12-29,08:18:04,DBRG PRJ,"""DigitalBridge Group, Inc. 7.125% Series J Cumulative Redeemable Perpetual Preferred Stock""",NYSE,News pending,2025-12-29,08:43:52
2025-12-29,07:40:12,ECCF,Eagle Point Credit Company Inc. 8.00% Series F Term Preferred Stock due 2029,NYSE,News pending,2025-12-29,08:13:22
2025-12-26,19:50:00,WOK,WORK Medical Technology Group LTD Class A Ordinary Shares,Nasdaq,News pending,2025-12-29,09:00:00
2025-12-26,19:50:00,WOK,WORK Medical Technology Group LTD Class A Ordinary Shares,Nasdaq,News pending,,
2025-12-26,15:10:43,SQFT,"""Presidio Property Trust, Inc. Class A Common Stock""",Nasdaq,LULD pause,2025-12-26,15:15:43
2025-12-26,15:06:14,ASPC,A SPAC III Acquisition Corp. Class A Ordinary Shares,Nasdaq,LULD pause,2025-12-26,15:11:14
2025-12-26,14:55:23,ASPCU,A SPAC III Acquisition Corp. Unit,Nasdaq,LULD pause,2025-12-26,15:05:23
2025-12-26,14:54:49,ASPC,A SPAC III Acquisition Corp. Class A Ordinary Shares,Nasdaq,LULD pause,2025-12-26,14:59:49
2025-12-26,14:47:13,ASPC,A SPAC III Acquisition Corp. Class A Ordinary Shares,Nasdaq,LULD pause,2025-12-26,14:52:13
2025-12-26,14:33:46,FEDU,"""Four Seasons Education (Cayman) Inc. American depositary shares, each representing ten (10) Ordinary Shares""",NYSE,LULD pause,2025-12-26,14:38:51
2025-12-26,14:28:43,ASPC,A SPAC III Acquisition Corp. Class A Ordinary Shares,Nasdaq,LULD pause,2025-12-26,14:33:43
2025-12-26,14:14:09,ASPC,A SPAC III Acquisition Corp. Class A Ordinary Shares,Nasdaq,LULD pause,2025-12-26,14:19:09
2025-12-26,13:23:07,ASPCU,A SPAC III Acquisition Corp. Unit,Nasdaq,LULD pause,2025-12-26,13:33:16
2025-12-26,13:20:03,ASPC,A SPAC III Acquisition Corp. Class A Ordinary Shares,Nasdaq,LULD pause,2025-12-26,13:30:03
2025-12-26,13:15:24,ASPCU,A SPAC III Acquisition Corp. Unit,Nasdaq,LULD pause,2025-12-26,13:20:24
2025-12-26,13:14:27,ASPC,A SPAC III Acquisition Corp. Class A Ordinary Shares,Nasdaq,LULD pause,2025-12-26,13:19:27
2025-12-26,13:05:20,ASPC,A SPAC III Acquisition Corp. Class A Ordinary Shares,Nasdaq,LULD pause,2025-12-26,13:10:20
2025-12-26,12:55:02,ASPC,A SPAC III Acquisition Corp. Class A Ordinary Shares,Nasdaq,LULD pause,2025-12-26,13:05:02
2025-12-26,12:49:49,ASPCU,A SPAC III Acquisition Corp. Unit,Nasdaq,LULD pause,2025-12-26,12:59:49
2025-12-26,12:49:40,ASPC,A SPAC III Acquisition Corp. Class A Ordinary Shares,Nasdaq,LULD pause,2025-12-26,12:54:40
2025-12-26,12:40:29,ASPC,A SPAC III Acquisition Corp. Class A Ordinary Shares,Nasdaq,LULD pause,2025-12-26,12:45:29
2025-12-26,12:37:09,UPC,Universe Pharmaceuticals Inc. Ordinary Shares,Nasdaq,LULD pause,2025-12-26,12:42:09
2025-12-26,12:32:23,ASPCU,A SPAC III Acquisition Corp. Unit,Nasdaq,LULD pause,2025-12-26,12:42:24
2025-12-26,12:25:30,ASPC,A SPAC III Acquisition Corp. Class A Ordinary Shares,Nasdaq,LULD pause,2025-12-26,12:30:30
2025-12-26,11:50:35,AGPU,Axe Compute Inc. Common Stock,Nasdaq,LULD pause,2025-12-26,11:55:35
2025-12-26,11:41:17,SQFT,"""Presidio Property Trust, Inc. Class A Common Stock""",Nasdaq,LULD pause,2025-12-26,11:46:17
2025-12-26,11:23:13,JFBR,Jeffs' Brands Ltd Ordinary Shares,Nasdaq,LULD pause,2025-12-26,11:28:13
2025-12-26,11:10:57,ASPCU,A SPAC III Acquisition Corp. Unit,Nasdaq,LULD pause,2025-12-26,11:15:57
2025-12-26,11:07:02,ASPC,A SPAC III Acquisition Corp. Class A Ordinary Shares,Nasdaq,LULD pause,2025-12-26,11:12:02
2025-12-26,11:03:33,UPC,Universe Pharmaceuticals Inc. Ordinary Shares,Nasdaq,LULD pause,2025-12-26,11:08:33
2025-12-26,10:49:46,UPC,Universe Pharmaceuticals Inc. Ordinary Shares,Nasdaq,LULD pause,2025-12-26,10:59:46
2025-12-26,10:34:24,ASPCU,A SPAC III Acquisition Corp. Unit,Nasdaq,LULD pause,2025-12-26,10:39:24
2025-12-26,10:16:09,ASPC,A SPAC III Acquisition Corp. Class A Ordinary Shares,Nasdaq,LULD pause,2025-12-26,10:21:09
2025-12-26,10:06:07,ASPCU,A SPAC III Acquisition Corp. Unit,Nasdaq,LULD pause,2025-12-26,10:11:07
2025-12-26,10:00:52,ASPC,A SPAC III Acquisition Corp. Class A Ordinary Shares,Nasdaq,LULD pause,2025-12-26,10:05:52
2025-12-26,09:59:35,ASPCU,A SPAC III Acquisition Corp. Unit,Nasdaq,LULD pause,2025-12-26,10:04:35
2025-12-26,09:53:38,ASPC,A SPAC III Acquisition Corp. Class A Ordinary Shares,Nasdaq,LULD pause,2025-12-26,09:58:38
2025-12-26,09:47:04,ASPC,A SPAC III Acquisition Corp. Class A Ordinary Shares,Nasdaq,LULD pause,2025-12-26,09:52:04
2025-12-26,09:41:02,ASPC,A SPAC III Acquisition Corp. Class A Ordinary Shares,Nasdaq,LULD pause,2025-12-26,09:46:02
2025-12-26,09:39:39,DAIC,"""CID HoldCo, Inc. Common Stock""",Nasdaq,LULD pause,2025-12-26,09:44:39
2025-12-26,09:37:21,CMCT,Creative Media & Community Trust Corporation Common stock,Nasdaq,LULD pause,2025-12-26,09:42:21
2025-12-26,09:30:35,ASPC,A SPAC III Acquisition Corp. Class A Ordinary Shares,Nasdaq,LULD pause,2025-12-26,09:40:35
2025-12-26,09:30:30,KPHO,KraneShares Dragon Capital Vietnam Growth Index ETF,NYSE Arca,LULD pause,2025-12-26,09:35:30
2025-12-26,09:30:15,ASPCU,A SPAC III Acquisition Corp. Unit,Nasdaq,LULD pause,2025-12-26,09:58:51
2025-12-24,16:50:00,ECDAW,"""ECD Automotive Design, Inc. Warrant""",Nasdaq,News pending,,
2025-12-24,16:50:00,ECDAW,"""ECD Automotive Design, Inc. Warrant""",Nasdaq,News pending,2025-12-26,09:05:00
2025-12-24,16:50:00,ELPW,Elong Power Holding Limited Class A Ordinary Shares,Nasdaq,News pending,,
2025-12-24,16:50:00,ELPW,Elong Power Holding Limited Class A Ordinary Shares,Nasdaq,News pending,2025-12-26,09:00:00
2025-12-24,16:50:00,SCWO,374Water Inc. Common Stock,Nasdaq,News pending,2025-12-26,09:00:00
2025-12-24,16:50:00,SCWO,374Water Inc. Common Stock,Nasdaq,News pending,,
2025-12-24,16:50:00,ECDA,"""ECD Automotive Design, Inc. Common Stock""",Nasdaq,News pending,,
2025-12-24,16:50:00,ECDA,"""ECD Automotive Design, Inc. Common Stock""",Nasdaq,News pending,2025-12-26,09:00:00
2025-12-24,16:50:00,ASRT,"""Assertio Holdings, Inc. Common Stock""",Nasdaq,News pending,2025-12-26,09:00:00
2025-12-24,16:50:00,ASRT,"""Assertio Holdings, Inc. Common Stock""",Nasdaq,News pending,,
2025-12-24,12:22:41,THH,TryHard Holdings Limited Ordinary Shares,Nasdaq,LULD pause,2025-12-24,12:27:41
2025-12-24,11:31:20,SOC,Sable Offshore Corp.,NYSE,News pending,2025-12-24,11:54:52
2025-12-24,11:31:12,ASPCU,A SPAC III Acquisition Corp. Unit,Nasdaq,LULD pause,2025-12-24,11:41:59
2025-12-24,11:29:33,SORA,AsiaStrategy Ordinary Shares,Nasdaq,LULD pause,2025-12-24,11:34:33
2025-12-24,11:27:48,AGRZ,Agroz Inc. Ordinary Shares,Nasdaq,LULD pause,2025-12-24,11:32:48
2025-12-24,11:25:03,AMCI,AMC Robotics Corporation Common Stock,Nasdaq,LULD pause,2025-12-24,11:30:03
2025-12-24,11:22:05,AGRZ,Agroz Inc. Ordinary Shares,Nasdaq,LULD pause,2025-12-24,11:27:05
2025-12-24,10:33:45,MGRT,Mega Fortune Company Limited Ordinary Shares,Nasdaq,LULD pause,2025-12-24,10:43:45
2025-12-24,10:24:32,ZKIN,"""ZK International Group Co., Ltd Ordinary Share""",Nasdaq,LULD pause,2025-12-24,10:29:32
2025-12-24,10:09:31,SORA,AsiaStrategy Ordinary Shares,Nasdaq,LULD pause,2025-12-24,10:19:31
2025-12-24,10:09:29,ASPC,A SPAC III Acquisition Corp. Class A Ordinary Shares,Nasdaq,LULD pause,2025-12-24,10:19:29
2025-12-24,10:09:06,OMER,Omeros Corporation,Nasdaq,LULD pause,2025-12-24,10:14:06
2025-12-24,10:03:28,AMCI,AMC Robotics Corporation Common Stock,Nasdaq,LULD pause,2025-12-24,10:08:28
2025-12-24,09:52:44,ASPC,A SPAC III Acquisition Corp. Class A Ordinary Shares,Nasdaq,LULD pause,2025-12-24,09:57:44
2025-12-24,09:50:47,AFJK,"""Aimei Health Technology Co., Ltd Ordinary Share""",Nasdaq,LULD pause,2025-12-24,09:55:47
2025-12-24,09:43:18,HXHX,Haoxin Holdings Limited Class A Ordinary Shares,Nasdaq,LULD pause,2025-12-24,09:48:18
2025-12-24,09:41:53,AFJKU,"""Aimei Health Technology Co., Ltd Unit""",Nasdaq,LULD pause,2025-12-24,09:46:53
2025-12-24,09:41:20,AFJK,"""Aimei Health Technology Co., Ltd Ordinary Share""",Nasdaq,LULD pause,2025-12-24,09:46:20
2025-12-24,09:35:57,ASPC,A SPAC III Acquisition Corp. Class A Ordinary Shares,Nasdaq,LULD pause,2025-12-24,09:48:40
2025-12-24,09:30:59,AFJK,"""Aimei Health Technology Co., Ltd Ordinary Share""",Nasdaq,LULD pause,2025-12-24,09:40:59
2025-12-24,09:30:48,ASPCU,A SPAC III Acquisition Corp. Unit,Nasdaq,LULD pause,2025-12-24,10:05:48
2025-12-24,06:36:05,OMER,Omeros Corporation,Nasdaq,News pending,2025-12-24,10:07:58
2025-12-23,19:50:00,RBNE,Robin Energy Ltd. Common Stock,Nasdaq,News pending,,
2025-12-23,19:50:00,RBNE,Robin Energy Ltd. Common Stock,Nasdaq,News pending,2025-12-24,09:00:00
2025-12-23,17:59:25,AGIO,"""Agios Pharmaceuticals, Inc.""",Nasdaq,News pending,2025-12-24,07:10:00
2025-12-23,17:59:25,AGIO,"""Agios Pharmaceuticals, Inc.""",Nasdaq,News pending,,
2025-12-23,15:53:32,JL,J-Long Group Limited Class A Ordinary Shares,Nasdaq,LULD pause,2025-12-23,16:00:00
2025-12-23,15:47:18,SORA,AsiaStrategy Ordinary Shares,Nasdaq,LULD pause,2025-12-23,16:00:00
2025-12-23,15:34:36,ASPCU,A SPAC III Acquisition Corp. Unit,Nasdaq,LULD pause,2025-12-23,15:39:36
2025-12-23,15:11:06,BGMSP,"""Bio Green Med Solution, Inc. 6% Convertible Preferred Stock""",Nasdaq,LULD pause,2025-12-23,15:16:06
2025-12-23,15:04:21,BGMSP,"""Bio Green Med Solution, Inc. 6% Convertible Preferred Stock""",Nasdaq,LULD pause,2025-12-23,15:09:21
2025-12-23,13:04:07,MOVE,Movano Inc. Common Stock,Nasdaq,LULD pause,2025-12-23,13:09:07
2025-12-23,12:41:32,LHAI,Linkhome Holdings Inc. Common stock,Nasdaq,LULD pause,2025-12-23,12:46:32
2025-12-23,12:36:45,ASPCU,A SPAC III Acquisition Corp. Unit,Nasdaq,LULD pause,2025-12-23,12:47:21
2025-12-23,12:33:36,ASPC,A SPAC III Acquisition Corp. Class A Ordinary Shares,Nasdaq,LULD pause,2025-12-23,12:43:36
2025-12-23,12:30:49,LHAI,Linkhome Holdings Inc. Common stock,Nasdaq,LULD pause,2025-12-23,12:35:49
2025-12-23,12:24:50,VGRO,Virtus Silvant Growth Opportunities ETF,NYSE Arca,LULD pause,2025-12-23,12:29:50
2025-12-23,12:09:30,ASPCU,A SPAC III Acquisition Corp. Unit,Nasdaq,LULD pause,2025-12-23,12:14:30
2025-12-23,11:46:08,ASPC,A SPAC III Acquisition Corp. Class A Ordinary Shares,Nasdaq,LULD pause,2025-12-23,11:56:08
2025-12-23,11:46:01,AFJK,"""Aimei Health Technology Co., Ltd Ordinary Share""",Nasdaq,LULD pause,2025-12-23,11:51:01
2025-12-23,11:45:44,XTKG,"""X3 Holdings Co., Ltd. Ordinary Shares""",Nasdaq,LULD pause,2025-12-23,11:50:44
2025-12-23,11:40:26,XTKG,"""X3 Holdings Co., Ltd. Ordinary Shares""",Nasdaq,LULD pause,2025-12-23,11:45:26
2025-12-23,11:38:40,ASPC,A SPAC III Acquisition Corp. Class A Ordinary Shares,Nasdaq,LULD pause,2025-12-23,11:43:40
2025-12-23,11:24:47,ASPC,A SPAC III Acquisition Corp. Class A Ordinary Shares,Nasdaq,LULD pause,2025-12-23,11:34:47
2025-12-23,11:24:46,XTKG,"""X3 Holdings Co., Ltd. Ordinary Shares""",Nasdaq,LULD pause,2025-12-23,11:39:34
2025-12-23,11:19:31,XTKG,"""X3 Holdings Co., Ltd. Ordinary Shares""",Nasdaq,LULD pause,2025-12-23,11:24:31
2025-12-23,11:16:48,ASPC,A SPAC III Acquisition Corp. Class A Ordinary Shares,Nasdaq,LULD pause,2025-12-23,11:21:48
2025-12-23,11:07:01,THH,TryHard Holdings Limited Ordinary Shares,Nasdaq,LULD pause,2025-12-23,11:17:01
2025-12-23,11:06:19,ASPC,A SPAC III Acquisition Corp. Class A Ordinary Shares,Nasdaq,LULD pause,2025-12-23,11:16:19
2025-12-23,11:03:53,AFJK,"""Aimei Health Technology Co., Ltd Ordinary Share""",Nasdaq,LULD pause,2025-12-23,11:08:53
2025-12-23,11:03:53,JFU,9F Inc. American Depositary Shares,Nasdaq,LULD pause,2025-12-23,11:08:53
2025-12-23,11:00:56,ASPCU,A SPAC III Acquisition Corp. Unit,Nasdaq,LULD pause,2025-12-23,11:30:56
2025-12-23,10:56:03,ASPC,A SPAC III Acquisition Corp. Class A Ordinary Shares,Nasdaq,LULD pause,2025-12-23,11:06:03
2025-12-23,10:52:09,AFJK,"""Aimei Health Technology Co., Ltd Ordinary Share""",Nasdaq,LULD pause,2025-12-23,10:57:09
2025-12-23,10:44:04,NCL,Northann Corp.,NYSE American,News pending,2025-12-23,11:40:00
2025-12-23,10:38:03,ASPCU,A SPAC III Acquisition Corp. Unit,Nasdaq,LULD pause,2025-12-23,10:43:03
2025-12-23,10:32:55,AFJK,"""Aimei Health Technology Co., Ltd Ordinary Share""",Nasdaq,LULD pause,2025-12-23,10:37:55
2025-12-23,10:29:19,ASTI,"""Ascent Solar Technologies, Inc. Common Stock""",Nasdaq,LULD pause,2025-12-23,10:34:19
2025-12-23,10:24:18,AFJKU,"""Aimei Health Technology Co., Ltd Unit""",Nasdaq,LULD pause,2025-12-23,10:51:31
2025-12-23,10:22:40,AFJK,"""Aimei Health Technology Co., Ltd Ordinary Share""",Nasdaq,LULD pause,2025-12-23,10:32:40
2025-12-23,10:19:11,ASTI,"""Ascent Solar Technologies, Inc. Common Stock""",Nasdaq,LULD pause,2025-12-23,10:24:11
2025-12-23,10:10:36,ASTI,"""Ascent Solar Technologies, Inc. Common Stock""",Nasdaq,LULD pause,2025-12-23,10:15:36
2025-12-23,10:07:15,AFJK,"""Aimei Health Technology Co., Ltd Ordinary Share""",Nasdaq,LULD pause,2025-12-23,10:22:16
2025-12-23,09:58:13,ASTI,"""Ascent Solar Technologies, Inc. Common Stock""",Nasdaq,LULD pause,2025-12-23,10:08:13
2025-12-23,09:52:48,ASTI,"""Ascent Solar Technologies, Inc. Common Stock""",Nasdaq,LULD pause,2025-12-23,09:57:48
2025-12-23,09:45:30,MRT,"""Marti Technologies, Inc.""",NYSE American,News pending,2025-12-23,10:05:00
2025-12-23,09:39:53,MENS,Jyong Biotech Ltd. Ordinary Shares,Nasdaq,LULD pause,2025-12-23,09:44:53
2025-12-23,09:38:07,MAMO,Massimo Group Common Stock,Nasdaq,LULD pause,2025-12-23,09:43:07
2025-12-23,09:36:41,DMRC,Digimarc Corporation,Nasdaq,LULD pause,2025-12-23,09:41:41
2025-12-22,19:50:00,CHR,"""Cheer Holding, Inc. Class A Ordinary Share""",Nasdaq,News pending,2025-12-23,09:00:00
2025-12-22,19:50:00,CHR,"""Cheer Holding, Inc. Class A Ordinary Share""",Nasdaq,News pending,,
2025-12-22,19:50:00,TNMG,TNL Mediagene Ordinary Shares,Nasdaq,News pending,2025-12-23,09:00:00
2025-12-22,19:50:00,TNMG,TNL Mediagene Ordinary Shares,Nasdaq,News pending,,
2025-12-22,19:50:00,IAS,Integral Ad Science Holding Corp. Common Stock,Nasdaq,News pending,,
2025-12-22,19:50:00,BOXL,Boxlight Corporation Class A Common Stock,Nasdaq,News pending,,
2025-12-22,19:50:00,BOXL,Boxlight Corporation Class A Common Stock,Nasdaq,News pending,2025-12-23,09:00:00
2025-12-22,16:15:00,STRS,Stratus Properties Inc,Nasdaq,News pending,2025-12-22,16:35:00
2025-12-22,15:56:53,FJET,"""Starfighters Space, Inc.""",NYSE American,LULD pause,2025-12-22,16:00:00
2025-12-22,15:36:30,AFJKU,"""Aimei Health Technology Co., Ltd Unit""",Nasdaq,LULD pause,2025-12-22,15:46:30
2025-12-22,15:09:17,MGRT,Mega Fortune Company Limited Ordinary Shares,Nasdaq,LULD pause,2025-12-22,15:14:17
2025-12-22,14:43:33,FJET,"""Starfighters Space, Inc.""",NYSE American,LULD pause,2025-12-22,14:48:33
2025-12-22,13:23:23,LHAI,Linkhome Holdings Inc. Common stock,Nasdaq,LULD pause,2025-12-22,13:28:23
2025-12-22,13:02:42,BGMSP,"""Bio Green Med Solution, Inc. 6% Convertible Preferred Stock""",Nasdaq,LULD pause,2025-12-22,13:12:42
2025-12-22,12:36:06,CCCXU,Churchill Capital Corp X Unit,Nasdaq,LULD pause,2025-12-22,12:46:07
2025-12-22,12:04:15,LYEL,"""Lyell Immunopharma, Inc. Common Stock""",Nasdaq,LULD pause,2025-12-22,12:14:15
2025-12-22,12:03:39,HXHX,Haoxin Holdings Limited Class A Ordinary Shares,Nasdaq,LULD pause,2025-12-22,12:08:39
2025-12-22,12:00:52,YI,"""111, Inc. American Depositary Shares""",Nasdaq,LULD pause,2025-12-22,12:05:52
2025-12-22,11:37:56,MENS,Jyong Biotech Ltd. Ordinary Shares,Nasdaq,LULD pause,2025-12-22,11:42:56
2025-12-22,11:18:33,MENS,Jyong Biotech Ltd. Ordinary Shares,Nasdaq,LULD pause,2025-12-22,11:23:33
2025-12-22,10:58:32,HXHX,Haoxin Holdings Limited Class A Ordinary Shares,Nasdaq,LULD pause,2025-12-22,11:03:32
2025-12-22,10:33:07,MENS,Jyong Biotech Ltd. Ordinary Shares,Nasdaq,LULD pause,2025-12-22,10:38:07
2025-12-22,09:55:47,MENS,Jyong Biotech Ltd. Ordinary Shares,Nasdaq,LULD pause,2025-12-22,10:00:47
2025-12-22,09:45:57,FJET,"""Starfighters Space, Inc.""",NYSE American,LULD pause,2025-12-22,09:50:57
2025-12-22,09:44:53,MENS,Jyong Biotech Ltd. Ordinary Shares,Nasdaq,LULD pause,2025-12-22,09:54:54
2025-12-22,09:42:13,HXHX,Haoxin Holdings Limited Class A Ordinary Shares,Nasdaq,LULD pause,2025-12-22,09:47:13
2025-12-22,09:39:42,FJET,"""Starfighters Space, Inc.""",NYSE American,LULD pause,2025-12-22,09:44:42
2025-12-22,09:39:18,MENS,Jyong Biotech Ltd. Ordinary Shares,Nasdaq,LULD pause,2025-12-22,09:44:18
2025-12-22,09:37:12,TOPP,Toppoint Holdings Inc.,NYSE American,LULD pause,2025-12-22,09:42:12
2025-12-22,09:35:43,VELO,"""Velo3D, Inc. Common stock""",Nasdaq,LULD pause,2025-12-22,09:45:43
2025-12-22,09:01:36,ZK,ZEEKR Intelligent Technology Holding Limited American Depositary Shares (each representing ten (10) Ordinary Shares),NYSE,Merger Effective,,
2025-12-19,19:50:00,VSA,VisionSys AI Inc American Depositary Shares,Nasdaq,News pending,2025-12-22,09:00:00
2025-12-19,19:50:00,INHD,Inno Holdings Inc. Common Stock,Nasdaq,News pending,,
2025-12-19,19:50:00,VSA,VisionSys AI Inc American Depositary Shares,Nasdaq,News pending,,
2025-12-19,19:50:00,INHD,Inno Holdings Inc. Common Stock,Nasdaq,News pending,2025-12-22,09:00:00
2025-12-19,19:50:00,PRPH,"""ProPhase Labs, Inc. Common Stock (DE)""",Nasdaq,News pending,,
2025-12-19,19:50:00,PRPH,"""ProPhase Labs, Inc. Common Stock (DE)""",Nasdaq,News pending,2025-12-22,09:00:00
2025-12-19,16:09:14,UWMC WS,"""UWM Holdings Corporation Warrants, each exercisable for one share of Class A Common Stock at an exercise price of $11.50 per share""",NYSE,News Released,,
2025-12-19,15:55:32,CV,"""CapsoVision, Inc. Common Stock""",Nasdaq,LULD pause,2025-12-19,16:00:00
2025-12-19,15:53:28,GTN A,"""Gray Media, Inc. Class A""",NYSE,LULD pause,2025-12-19,16:01:43
2025-12-19,14:54:58,PW PRA,"""Power REIT  7.75% Series A Cumulative Redeemable Perpetual Preferred Stock, Liquidation Preference $25.00 per Share""",NYSE American,LULD pause,2025-12-19,14:59:58
2025-12-19,14:48:33,PW PRA,"""Power REIT  7.75% Series A Cumulative Redeemable Perpetual Preferred Stock, Liquidation Preference $25.00 per Share""",NYSE American,LULD pause,2025-12-19,14:53:33
2025-12-19,14:36:37,BWOW,Bitwise Dogecoin ETF,NYSE Arca,LULD pause,2025-12-19,14:41:37
2025-12-19,14:24:43,FJET,"""Starfighters Space, Inc.""",NYSE American,LULD pause,2025-12-19,14:34:43
2025-12-19,14:17:08,HFBL,"""Home Federal Bancorp, Inc. of Louisiana""",Nasdaq,LULD pause,2025-12-19,14:22:08
2025-12-19,14:05:06,YCBD,"""cbdMD, Inc. Common Stock""",NYSE American,News pending,2025-12-19,15:20:00
2025-12-19,13:50:12,CYTK,Cytokinetics Inc.,Nasdaq,News pending,2025-12-19,16:20:00
2025-12-19,12:55:31,XTKG,"""X3 Holdings Co., Ltd. Ordinary Shares""",Nasdaq,LULD pause,2025-12-19,13:00:31
2025-12-19,12:37:21,HTCO,High-Trend International Group Class A Ordinary Shares,Nasdaq,LULD pause,2025-12-19,12:42:21
2025-12-19,12:10:57,HTCO,High-Trend International Group Class A Ordinary Shares,Nasdaq,LULD pause,2025-12-19,12:20:57
2025-12-19,12:05:15,ELWS,"""Earlyworks Co., Ltd. American Depositary Shares""",Nasdaq,LULD pause,2025-12-19,12:10:15
2025-12-19,11:59:52,TROO,"""TROOPS, Inc. Ordinary Shares""",Nasdaq,LULD pause,2025-12-19,12:04:52
2025-12-19,11:48:52,SIM,"""Groupo Simec, S.A.B de C.V.""",NYSE American,LULD pause,2025-12-19,11:53:52
2025-12-19,11:48:37,AFJKU,"""Aimei Health Technology Co., Ltd Unit""",Nasdaq,LULD pause,2025-12-19,12:03:38
2025-12-19,11:18:05,NSRX,Nasus Pharma Ltd.,NYSE American,LULD pause,2025-12-19,11:31:40
2025-12-19,10:43:50,AGEN,Agenus Inc.,Nasdaq,LULD pause,2025-12-19,10:48:50
2025-12-19,10:33:25,AGEN,Agenus Inc.,Nasdaq,LULD pause,2025-12-19,10:43:25
2025-12-19,10:24:43,INFY,Infosys Limited American Depositary Shares,NYSE,LULD pause,2025-12-19,10:29:47
2025-12-19,10:22:18,AFJKU,"""Aimei Health Technology Co., Ltd Unit""",Nasdaq,LULD pause,2025-12-19,10:37:19
2025-12-19,10:15:56,INFY,Infosys Limited American Depositary Shares,NYSE,LULD pause,2025-12-19,10:21:03
2025-12-19,10:12:07,JLHL,Julong Holding Limited Class A Ordinary Shares,Nasdaq,LULD pause,2025-12-19,10:17:07
2025-12-19,10:10:26,INFY,Infosys Limited American Depositary Shares,NYSE,LULD pause,2025-12-19,10:15:34
2025-12-19,10:05:59,JLHL,Julong Holding Limited Class A Ordinary Shares,Nasdaq,LULD pause,2025-12-19,10:10:59
2025-12-19,10:01:12,NISN,"""NiSun International Enterprise Development Group Co., Ltd. Class A Common Shares""",Nasdaq,LULD pause,2025-12-19,10:06:12
2025-12-19,10:00:39,JLHL,Julong Holding Limited Class A Ordinary Shares,Nasdaq,LULD pause,2025-12-19,10:05:39
2025-12-19,09:49:55,JLHL,Julong Holding Limited Class A Ordinary Shares,Nasdaq,LULD pause,2025-12-19,09:59:56
2025-12-19,09:45:58,NISN,"""NiSun International Enterprise Development Group Co., Ltd. Class A Common Shares""",Nasdaq,LULD pause,2025-12-19,09:55:58
2025-12-19,09:38:49,FJET,"""Starfighters Space, Inc.""",NYSE American,LULD pause,2025-12-19,09:43:49
2025-12-19,09:34:57,NISN,"""NiSun International Enterprise Development Group Co., Ltd. Class A Common Shares""",Nasdaq,LULD pause,2025-12-19,09:39:57
2025-12-19,09:32:10,FJET,"""Starfighters Space, Inc.""",NYSE American,LULD pause,2025-12-19,09:37:10
2025-12-19,09:32:09,AZI,Autozi Internet Technology (Global) Ltd. Class A Ordinary Shares,Nasdaq,LULD pause,2025-12-19,09:37:09
2025-12-19,09:30:51,PULM,"""Pulmatrix, Inc. Common Stock""",Nasdaq,LULD pause,2025-12-19,09:35:51
2025-12-19,09:30:43,RDACU,Rising Dragon Acquisition Corp. Unit,Nasdaq,LULD pause,2025-12-19,09:35:43
2025-12-19,09:30:24,TXXS,21Shares 2x Long Sui ETF,Nasdaq,LULD pause,2025-12-19,09:35:24
2025-12-19,09:30:15,TETH,21Shares Ethereum ETF,Cboe BZX,LULD pause,2025-12-19,09:35:15
2025-12-19,08:51:19,PGRE,"""PARAMOUNT GROUP, INC.""",NYSE,Merger Effective,,
2025-12-19,07:40:00,FOLD,"""Amicus Therapeutics, Inc""",Nasdaq,News pending,2025-12-19,08:05:01
2025-12-19,06:55:00,PRPH,"""ProPhase Labs, Inc. Common Stock (DE)""",Nasdaq,News pending,2025-12-19,07:30:00
2025-12-18,16:01:00,LNKB,"""LINKBANCORP, Inc. Common Stock""",Nasdaq,News pending,2025-12-18,16:35:00
2025-12-18,15:56:45,MGRT,Mega Fortune Company Limited Ordinary Shares,Nasdaq,LULD pause,2025-12-18,16:00:00
2025-12-18,15:03:50,FJET,"""Starfighters Space, Inc.""",NYSE American,LULD pause,2025-12-18,15:13:50
2025-12-18,14:44:33,AFJKU,"""Aimei Health Technology Co., Ltd Unit""",Nasdaq,LULD pause,2025-12-18,14:49:33
2025-12-18,14:43:34,FJET,"""Starfighters Space, Inc.""",NYSE American,LULD pause,2025-12-18,14:48:34
2025-12-18,14:36:29,FJET,"""Starfighters Space, Inc.""",NYSE American,LULD pause,2025-12-18,14:41:29
2025-12-18,14:28:51,FJET,"""Starfighters Space, Inc.""",NYSE American,LULD pause,2025-12-18,14:33:51
2025-12-18,14:28:27,HTCO,High-Trend International Group Class A Ordinary Shares,Nasdaq,LULD pause,2025-12-18,14:33:27
2025-12-18,14:24:57,AFJKU,"""Aimei Health Technology Co., Ltd Unit""",Nasdaq,LULD pause,2025-12-18,14:29:57
2025-12-18,14:16:12,ASPCU,A SPAC III Acquisition Corp. Unit,Nasdaq,LULD pause,2025-12-18,14:21:12
2025-12-18,14:10:47,ASPC,A SPAC III Acquisition Corp. Class A Ordinary Shares,Nasdaq,LULD pause,2025-12-18,14:24:33
2025-12-18,14:08:37,AFJKU,"""Aimei Health Technology Co., Ltd Unit""",Nasdaq,LULD pause,2025-12-18,14:23:38
2025-12-18,14:04:14,FJET,"""Starfighters Space, Inc.""",NYSE American,LULD pause,2025-12-18,14:09:14
2025-12-18,13:56:53,AFJK,"""Aimei Health Technology Co., Ltd Ordinary Share""",Nasdaq,LULD pause,2025-12-18,14:06:53
2025-12-18,13:54:28,AFJKU,"""Aimei Health Technology Co., Ltd Unit""",Nasdaq,LULD pause,2025-12-18,13:59:28
2025-12-18,13:53:33,YCBD,"""cbdMD, Inc. Common Stock""",NYSE American,LULD pause,2025-12-18,13:58:33
2025-12-18,13:51:22,AFJK,"""Aimei Health Technology Co., Ltd Ordinary Share""",Nasdaq,LULD pause,2025-12-18,13:56:22
2025-12-18,13:39:21,UWMC WS,"""UWM Holdings Corporation Warrants, each exercisable for one share of Class A Common Stock at an exercise price of $11.50 per share""",NYSE,News pending,See Subsequent Halt,See Subsequent Halt
2025-12-18,13:39:21,UWMC WS,"""UWM Holdings Corporation Warrants, each exercisable for one share of Class A Common Stock at an exercise price of $11.50 per share""",NYSE,News pending,,
2025-12-18,13:14:03,MSOS,AdvisorShares Pure US Cannabis ETF,NYSE Arca,LULD pause,2025-12-18,13:19:03
2025-12-18,13:08:40,MSOS,AdvisorShares Pure US Cannabis ETF,NYSE Arca,LULD pause,2025-12-18,13:13:40
2025-12-18,13:01:28,MSOS,AdvisorShares Pure US Cannabis ETF,NYSE Arca,LULD pause,2025-12-18,13:06:28
2025-12-18,12:01:50,PW PRA,"""Power REIT  7.75% Series A Cumulative Redeemable Perpetual Preferred Stock, Liquidation Preference $25.00 per Share""",NYSE American,LULD pause,2025-12-18,12:06:50
2025-12-18,11:55:28,FJET,"""Starfighters Space, Inc.""",NYSE American,LULD pause,2025-12-18,12:00:28
2025-12-18,11:42:35,FJET,"""Starfighters Space, Inc.""",NYSE American,LULD pause,2025-12-18,11:47:35
2025-12-18,11:36:49,FJET,"""Starfighters Space, Inc.""",NYSE American,LULD pause,2025-12-18,11:41:49
2025-12-18,11:27:36,PLBL,Polibeli Group Ltd Class A Ordinary Shares,Nasdaq,LULD pause,2025-12-18,11:32:36
2025-12-18,11:26:00,FJET,"""Starfighters Space, Inc.""",NYSE American,LULD pause,2025-12-18,11:36:02
2025-12-18,11:15:42,FJET,"""Starfighters Space, Inc.""",NYSE American,LULD pause,2025-12-18,11:25:42
2025-12-18,11:02:55,MGRT,Mega Fortune Company Limited Ordinary Shares,Nasdaq,LULD pause,2025-12-18,11:07:55
2025-12-18,10:57:30,MGRT,Mega Fortune Company Limited Ordinary Shares,Nasdaq,LULD pause,2025-12-18,11:02:30
2025-12-18,10:51:23,MGRT,Mega Fortune Company Limited Ordinary Shares,Nasdaq,LULD pause,2025-12-18,10:56:23
2025-12-18,10:45:21,FJET,"""Starfighters Space, Inc.""",NYSE American,LULD pause,2025-12-18,11:15:24
2025-12-18,10:20:38,MGRT,Mega Fortune Company Limited Ordinary Shares,Nasdaq,LULD pause,2025-12-18,10:30:38
2025-12-18,10:07:41,LHAI,Linkhome Holdings Inc. Common stock,Nasdaq,LULD pause,2025-12-18,10:12:41
2025-12-18,10:03:49,AFJK,"""Aimei Health Technology Co., Ltd Ordinary Share""",Nasdaq,LULD pause,2025-12-18,10:08:49
2025-12-18,10:03:43,GANX,"""Gain Therapeutics, Inc. Common Stock""",Nasdaq,LULD pause,2025-12-18,10:13:43
2025-12-18,10:02:05,LHAI,Linkhome Holdings Inc. Common stock,Nasdaq,LULD pause,2025-12-18,10:07:05
2025-12-18,09:56:25,GANX,"""Gain Therapeutics, Inc. Common Stock""",Nasdaq,LULD pause,2025-12-18,10:01:25
2025-12-18,09:46:48,LHAI,Linkhome Holdings Inc. Common stock,Nasdaq,LULD pause,2025-12-18,10:01:48
2025-12-18,09:41:28,LHAI,Linkhome Holdings Inc. Common stock,Nasdaq,LULD pause,2025-12-18,09:46:28
2025-12-18,09:41:03,GANX,"""Gain Therapeutics, Inc. Common Stock""",Nasdaq,LULD pause,2025-12-18,09:56:04
2025-12-18,09:40:32,GENW,Genter Capital International Dividend ETF,NYSE Arca,LULD pause,2025-12-18,09:45:32
2025-12-18,09:40:08,BLGR,Bluemonte Large Cap Growth ETF,NYSE Arca,LULD pause,2025-12-18,09:45:08
2025-12-18,09:35:45,LHAI,Linkhome Holdings Inc. Common stock,Nasdaq,LULD pause,2025-12-18,09:40:45
2025-12-18,09:30:51,MGRT,Mega Fortune Company Limited Ordinary Shares,Nasdaq,LULD pause,2025-12-18,09:35:51
2025-12-18,09:30:43,GANX,"""Gain Therapeutics, Inc. Common Stock""",Nasdaq,LULD pause,2025-12-18,09:40:43
2025-12-18,09:30:26,ETHV,VanEck Ethereum ETF,Cboe BZX,LULD pause,2025-12-18,09:35:26
2025-12-18,09:30:16,BDBT,Bluemonte Core Bond ETF,NYSE Arca,LULD pause,2025-12-18,09:35:16
2025-12-18,07:55:12,CGCTW,Cartesian Growth Corporation III Warrant,Nasdaq,News pending,2025-12-18,08:35:00
2025-12-18,07:55:12,CGCTU,Cartesian Growth Corporation III Unit,Nasdaq,News pending,2025-12-18,08:35:00
2025-12-18,07:55:12,CGCT,Cartesian Growth Corporation III Class A Ordinary Shares,Nasdaq,News pending,2025-12-18,08:30:00
2025-12-17,19:50:00,DFLIW,Dragonfly Energy Holdings Corp. Warrant,Nasdaq,News pending,,
2025-12-17,19:50:00,DFLIW,Dragonfly Energy Holdings Corp. Warrant,Nasdaq,News pending,2025-12-18,09:05:00
2025-12-17,19:50:00,MNTSW,Momentus Inc. Warrant,Nasdaq,News pending,,
2025-12-17,19:50:00,MNTSW,Momentus Inc. Warrant,Nasdaq,News pending,2025-12-18,09:05:00
2025-12-17,19:50:00,BRY,Berry Corporation (bry) Common Stock,Nasdaq,News pending,,
2025-12-17,19:50:00,DFLI,Dragonfly Energy Holdings Corp. Common Stock (NV),Nasdaq,News pending,,
2025-12-17,19:50:00,DFLI,Dragonfly Energy Holdings Corp. Common Stock (NV),Nasdaq,News pending,2025-12-18,09:00:00
2025-12-17,19:50:00,PAVS,Paranovus Entertainment Technology Ltd. Class A Ordinary Shares,Nasdaq,News pending,2025-12-18,09:00:00
2025-12-17,19:50:00,PAVS,Paranovus Entertainment Technology Ltd. Class A Ordinary Shares,Nasdaq,News pending,,
2025-12-17,19:50:00,MNTS,Momentus Inc. Class A Common Stock,Nasdaq,News pending,2025-12-18,09:00:00
2025-12-17,19:50:00,MNTS,Momentus Inc. Class A Common Stock,Nasdaq,News pending,,
2025-12-17,16:05:00,GLIBR,"""GCI Liberty, Inc. Series C Purchase Right""",Nasdaq,News pending,,
2025-12-17,16:00:11,INSM,"""Insmed, Inc.""",Nasdaq,News pending,2025-12-17,16:35:00
2025-12-17,15:51:52,LHAI,Linkhome Holdings Inc. Common stock,Nasdaq,LULD pause,2025-12-17,16:00:00
2025-12-17,15:51:15,PCSA,"""Processa Pharmaceuticals, Inc. Common""",Nasdaq,LULD pause,2025-12-17,16:00:00
2025-12-17,15:25:15,MGRT,Mega Fortune Company Limited Ordinary Shares,Nasdaq,LULD pause,2025-12-17,15:30:15
2025-12-17,15:23:58,LHAI,Linkhome Holdings Inc. Common stock,Nasdaq,LULD pause,2025-12-17,15:28:58
2025-12-17,15:16:20,LHAI,Linkhome Holdings Inc. Common stock,Nasdaq,LULD pause,2025-12-17,15:21:20
2025-12-17,15:11:26,MGRT,Mega Fortune Company Limited Ordinary Shares,Nasdaq,LULD pause,2025-12-17,15:21:26
2025-12-17,15:09:25,PCSA,"""Processa Pharmaceuticals, Inc. Common""",Nasdaq,LULD pause,2025-12-17,15:14:25
2025-12-17,15:01:03,MGRT,Mega Fortune Company Limited Ordinary Shares,Nasdaq,LULD pause,2025-12-17,15:11:03
2025-12-17,14:53:57,LHAI,Linkhome Holdings Inc. Common stock,Nasdaq,LULD pause,2025-12-17,15:10:44
2025-12-17,14:50:11,MGRT,Mega Fortune Company Limited Ordinary Shares,Nasdaq,LULD pause,2025-12-17,15:00:11
2025-12-17,14:48:21,LHAI,Linkhome Holdings Inc. Common stock,Nasdaq,LULD pause,2025-12-17,14:53:21
2025-12-17,14:39:27,MGRT,Mega Fortune Company Limited Ordinary Shares,Nasdaq,LULD pause,2025-12-17,14:49:28
2025-12-17,13:55:55,MENS,Jyong Biotech Ltd. Ordinary Shares,Nasdaq,LULD pause,2025-12-17,14:00:55
2025-12-17,13:45:13,MENS,Jyong Biotech Ltd. Ordinary Shares,Nasdaq,LULD pause,2025-12-17,13:50:13
2025-12-17,13:35:17,LHAI,Linkhome Holdings Inc. Common stock,Nasdaq,LULD pause,2025-12-17,14:45:50
2025-12-17,13:30:36,MENS,Jyong Biotech Ltd. Ordinary Shares,Nasdaq,LULD pause,2025-12-17,13:40:36
2025-12-17,13:29:47,LHAI,Linkhome Holdings Inc. Common stock,Nasdaq,LULD pause,2025-12-17,13:34:47
2025-12-17,13:28:03,MGRT,Mega Fortune Company Limited Ordinary Shares,Nasdaq,LULD pause,2025-12-17,13:33:03
2025-12-17,13:24:32,LHAI,Linkhome Holdings Inc. Common stock,Nasdaq,LULD pause,2025-12-17,13:29:32
2025-12-17,13:19:08,MENS,Jyong Biotech Ltd. Ordinary Shares,Nasdaq,LULD pause,2025-12-17,13:29:08
2025-12-17,13:14:17,LHAI,Linkhome Holdings Inc. Common stock,Nasdaq,LULD pause,2025-12-17,13:24:17
2025-12-17,13:13:41,MENS,Jyong Biotech Ltd. Ordinary Shares,Nasdaq,LULD pause,2025-12-17,13:18:41
2025-12-17,13:07:19,MENS,Jyong Biotech Ltd. Ordinary Shares,Nasdaq,LULD pause,2025-12-17,13:12:19
2025-12-17,13:04:02,LHAI,Linkhome Holdings Inc. Common stock,Nasdaq,LULD pause,2025-12-17,13:14:02
2025-12-17,13:00:51,MENS,Jyong Biotech Ltd. Ordinary Shares,Nasdaq,LULD pause,2025-12-17,13:05:51
2025-12-17,12:53:47,LHAI,Linkhome Holdings Inc. Common stock,Nasdaq,LULD pause,2025-12-17,13:03:47
2025-12-17,12:50:28,PCSA,"""Processa Pharmaceuticals, Inc. Common""",Nasdaq,LULD pause,2025-12-17,12:55:28
2025-12-17,12:48:32,LHAI,Linkhome Holdings Inc. Common stock,Nasdaq,LULD pause,2025-12-17,12:53:32
2025-12-17,12:46:49,MENS,Jyong Biotech Ltd. Ordinary Shares,Nasdaq,LULD pause,2025-12-17,12:59:37
2025-12-17,12:29:11,HUIZ,Huize Holding Limited American Depositary Shares,Nasdaq,LULD pause,2025-12-17,12:34:11
2025-12-17,12:21:03,MENS,Jyong Biotech Ltd. Ordinary Shares,Nasdaq,LULD pause,2025-12-17,12:46:04
2025-12-17,12:20:51,TC,Token Cat Limited American Depositary Shares,Nasdaq,LULD pause,2025-12-17,12:30:51
2025-12-17,12:16:57,MGRT,Mega Fortune Company Limited Ordinary Shares,Nasdaq,LULD pause,2025-12-17,12:21:57
2025-12-17,12:10:47,MENS,Jyong Biotech Ltd. Ordinary Shares,Nasdaq,LULD pause,2025-12-17,12:20:48
2025-12-17,12:03:28,MGRT,Mega Fortune Company Limited Ordinary Shares,Nasdaq,LULD pause,2025-12-17,12:08:28
2025-12-17,11:59:01,MENS,Jyong Biotech Ltd. Ordinary Shares,Nasdaq,LULD pause,2025-12-17,12:09:01
2025-12-17,11:53:31,MENS,Jyong Biotech Ltd. Ordinary Shares,Nasdaq,LULD pause,2025-12-17,11:58:31
2025-12-17,11:49:49,MGRT,Mega Fortune Company Limited Ordinary Shares,Nasdaq,LULD pause,2025-12-17,11:59:50
2025-12-17,11:48:05,MENS,Jyong Biotech Ltd. Ordinary Shares,Nasdaq,LULD pause,2025-12-17,11:53:05
2025-12-17,11:42:39,MENS,Jyong Biotech Ltd. Ordinary Shares,Nasdaq,LULD pause,2025-12-17,11:47:39
2025-12-17,11:42:33,PCSA,"""Processa Pharmaceuticals, Inc. Common""",Nasdaq,LULD pause,2025-12-17,11:47:33
2025-12-17,11:32:02,MENS,Jyong Biotech Ltd. Ordinary Shares,Nasdaq,LULD pause,2025-12-17,11:42:02
2025-12-17,11:17:46,PTN,"""Palatin Technologies, Inc.""",NYSE American,LULD pause,2025-12-17,11:22:46
2025-12-17,11:16:47,PCSA,"""Processa Pharmaceuticals, Inc. Common""",Nasdaq,LULD pause,2025-12-17,11:21:47
2025-12-17,11:15:07,MENS,Jyong Biotech Ltd. Ordinary Shares,Nasdaq,LULD pause,2025-12-17,11:25:07
2025-12-17,11:01:34,PCSA,"""Processa Pharmaceuticals, Inc. Common""",Nasdaq,LULD pause,2025-12-17,11:11:34
2025-12-17,10:44:34,PCSA,"""Processa Pharmaceuticals, Inc. Common""",Nasdaq,LULD pause,2025-12-17,10:49:34
2025-12-17,10:19:49,PCSA,"""Processa Pharmaceuticals, Inc. Common""",Nasdaq,LULD pause,2025-12-17,10:29:50
2025-12-17,10:14:19,PCSA,"""Processa Pharmaceuticals, Inc. Common""",Nasdaq,LULD pause,2025-12-17,10:19:19
2025-12-17,10:08:36,PCSA,"""Processa Pharmaceuticals, Inc. Common""",Nasdaq,LULD pause,2025-12-17,10:13:36
2025-12-17,10:02:59,PCSA,"""Processa Pharmaceuticals, Inc. Common""",Nasdaq,LULD pause,2025-12-17,10:07:59
2025-12-17,09:52:37,PCSA,"""Processa Pharmaceuticals, Inc. Common""",Nasdaq,LULD pause,2025-12-17,10:02:37
2025-12-17,09:46:31,ETCO,Grayscale Ethereum Covered Call ETF,NYSE Arca,LULD pause,2025-12-17,09:51:31
2025-12-17,09:41:24,PCSA,"""Processa Pharmaceuticals, Inc. Common""",Nasdaq,LULD pause,2025-12-17,09:52:20
2025-12-17,09:31:03,PCSA,"""Processa Pharmaceuticals, Inc. Common""",Nasdaq,LULD pause,2025-12-17,09:41:06
2025-12-17,08:40:00,UBFO,United Security Bancshares,Nasdaq,News pending,2025-12-17,09:05:00
2025-12-17,08:25:00,VTGN,"""Vistagen Therapeutics, Inc. Common Stock""",Nasdaq,News pending,2025-12-17,08:55:01
2025-12-17,07:55:00,VYNE,VYNE Therapeutics Inc. Common Stock,Nasdaq,News pending,2025-12-17,08:30:00
2025-12-17,07:25:00,UDMY,"""Udemy, Inc. Common Stock""",Nasdaq,News pending,2025-12-17,08:00:00
2025-12-17,07:23:44,COUR,"""Coursera, Inc.""",NYSE,News pending,2025-12-17,07:43:33
2025-12-16,19:50:00,EVOK,"""Evoke Pharma, Inc.""",Nasdaq,News pending,,
2025-12-16,19:50:00,PCSA,"""Processa Pharmaceuticals, Inc. Common""",Nasdaq,News pending,,
2025-12-16,19:50:00,PCSA,"""Processa Pharmaceuticals, Inc. Common""",Nasdaq,News pending,2025-12-17,09:00:00
2025-12-16,19:50:00,SPNS,Sapiens International Corporation N.V. Common Shares (Cayman Islands),Nasdaq,News pending,,
2025-12-16,16:07:49,RBOT WS,"""Vicarious Surgical Inc. Warrants, each whole warrant exercisable for 1/30th of a share of Class A Common Stock at an exercise price of $345.00""",NYSE,News Released,,
2025-12-16,16:01:00,DBVT,DBV Technologies S.A.,Nasdaq,News pending,2025-12-16,16:50:01
2025-12-16,15:58:17,CHARU,Charlton Aria Acquisition Corporation Units,Nasdaq,LULD pause,2025-12-16,16:00:00
2025-12-16,15:39:36,MGRT,Mega Fortune Company Limited Ordinary Shares,Nasdaq,LULD pause,2025-12-16,15:44:36
2025-12-16,14:38:25,AFJKU,"""Aimei Health Technology Co., Ltd Unit""",Nasdaq,LULD pause,2025-12-16,14:43:25
2025-12-16,14:32:43,AFJKU,"""Aimei Health Technology Co., Ltd Unit""",Nasdaq,LULD pause,2025-12-16,14:37:43
2025-12-16,12:48:32,BLIV,BeLive Holdings Ordinary Share,Nasdaq,LULD pause,2025-12-16,12:53:32
2025-12-16,12:04:21,PETS,"""PetMed Express, Inc.""",Nasdaq,LULD pause,2025-12-16,12:09:21
2025-12-16,11:55:31,AFJKU,"""Aimei Health Technology Co., Ltd Unit""",Nasdaq,LULD pause,2025-12-16,12:20:32
2025-12-16,11:45:14,AMCI,AMC Robotics Corporation Common Stock,Nasdaq,LULD pause,2025-12-16,11:50:14
2025-12-16,11:44:27,VMAR,Vision Marine Technologies Inc. Common Shares,Nasdaq,LULD pause,2025-12-16,11:49:27
2025-12-16,11:22:42,VMAR,Vision Marine Technologies Inc. Common Shares,Nasdaq,LULD pause,2025-12-16,11:27:42
2025-12-16,11:20:15,AFJKU,"""Aimei Health Technology Co., Ltd Unit""",Nasdaq,LULD pause,2025-12-16,11:55:16
2025-12-16,10:37:35,MGRT,Mega Fortune Company Limited Ordinary Shares,Nasdaq,LULD pause,2025-12-16,10:42:35
2025-12-16,10:32:33,VMAR,Vision Marine Technologies Inc. Common Shares,Nasdaq,LULD pause,2025-12-16,10:37:33
2025-12-16,10:22:02,RILYP,"""B. Riley Financial, Inc. Depositary Shares, each representing a 1/1000th fractional interest in a share of Series A Cumulative Perpetual Preferred Sto""",Nasdaq,LULD pause,2025-12-16,10:27:02
2025-12-16,10:17:53,VMAR,Vision Marine Technologies Inc. Common Shares,Nasdaq,LULD pause,2025-12-16,10:22:53
2025-12-16,10:11:49,VMAR,Vision Marine Technologies Inc. Common Shares,Nasdaq,LULD pause,2025-12-16,10:16:49
2025-12-16,10:07:35,NISN,"""NiSun International Enterprise Development Group Co., Ltd. Class A Common Shares""",Nasdaq,LULD pause,2025-12-16,10:12:35
2025-12-16,10:02:59,AMCI,AMC Robotics Corporation Common Stock,Nasdaq,LULD pause,2025-12-16,10:07:59
2025-12-16,09:39:37,AMCI,AMC Robotics Corporation Common Stock,Nasdaq,LULD pause,2025-12-16,09:44:37
2025-12-16,09:34:43,DLTH,Duluth Holdings Inc. Class B Common Stock,Nasdaq,LULD pause,2025-12-16,09:44:43
2025-12-16,09:34:10,AMCI,AMC Robotics Corporation Common Stock,Nasdaq,LULD pause,2025-12-16,09:39:10
2025-12-16,09:31:49,BDRX,Biodexa Pharmaceuticals plc American Depositary Shs,Nasdaq,LULD pause,2025-12-16,09:36:49
2025-12-16,09:30:21,CPAC,CEMENTOS PACASMAYO S.A.A.,NYSE,LULD pause,2025-12-16,09:35:24
2025-12-16,09:30:18,AGCC,Agencia Comercial Spirits Ltd Class A Ordinary Shares,Nasdaq,LULD pause,2025-12-16,09:40:18
2025-12-16,08:50:10,BEDU,"""Bright Scholar Education Holdings Limited American Depositary Shares, each representing four (4) Class A Ordinary Shares""",NYSE,Merger Effective,,
2025-12-16,08:35:33,EEX,"""Emerald Holding, Inc.""",NYSE,News pending,2025-12-16,09:12:33
2025-12-16,07:25:00,NKTR,Nektar Therapeutics,Nasdaq,News pending,2025-12-16,08:35:00
2025-12-15,19:50:00,TTSH,"""Tile Shop Holdings, Inc.""",Nasdaq,News pending,,
2025-12-15,19:50:00,TTSH,"""Tile Shop Holdings, Inc.""",Nasdaq,News pending,2025-12-16,09:00:00
2025-12-15,19:50:00,STAI,ScanTech AI Systems Inc. Common stock,Nasdaq,News pending,2025-12-16,09:00:00
2025-12-15,19:50:00,STAI,ScanTech AI Systems Inc. Common stock,Nasdaq,News pending,,
2025-12-15,19:50:00,INBS,Intelligent Bio Solutions Inc. Common Stock,Nasdaq,News pending,2025-12-16,09:00:00
2025-12-15,19:50:00,INBS,Intelligent Bio Solutions Inc. Common Stock,Nasdaq,News pending,,
2025-12-15,16:55:00,GBIO,Generation Bio Co. Common Stock,Nasdaq,News pending,2025-12-15,17:30:00
2025-12-15,16:39:56,BARK WS,"""BARK, Inc. Redeemable Warrants, each whole warrant exercisable for shares of Common Stock at an exercise price of $11.50 per share""",NYSE,News Released,,
2025-12-15,16:03:56,RBOT WS,"""Vicarious Surgical Inc. Warrants, each whole warrant exercisable for 1/30th of a share of Class A Common Stock at an exercise price of $345.00""",NYSE,News pending,See Subsequent Halt,See Subsequent Halt
2025-12-15,16:03:56,RBOT WS,"""Vicarious Surgical Inc. Warrants, each whole warrant exercisable for 1/30th of a share of Class A Common Stock at an exercise price of $345.00""",NYSE,News pending,,
2025-12-15,15:58:45,BGMSP,"""Bio Green Med Solution, Inc. 6% Convertible Preferred Stock""",Nasdaq,LULD pause,2025-12-15,16:00:00
2025-12-15,15:40:08,MSOS,AdvisorShares Pure US Cannabis ETF,NYSE Arca,LULD pause,2025-12-15,15:45:08
2025-12-15,15:40:01,ASTC,Astrotech Corporation (DE) Common Stock,Nasdaq,LULD pause,2025-12-15,16:00:00
2025-12-15,15:24:34,ASTC,Astrotech Corporation (DE) Common Stock,Nasdaq,LULD pause,2025-12-15,15:29:34
2025-12-15,15:17:10,MAAS,Maase Inc. Class A Ordinary Shares,Nasdaq,LULD pause,2025-12-15,15:27:11
2025-12-15,15:09:20,JLHL,Julong Holding Limited Class A Ordinary Shares,Nasdaq,LULD pause,2025-12-15,15:14:20
2025-12-15,15:04:07,MAAS,Maase Inc. Class A Ordinary Shares,Nasdaq,LULD pause,2025-12-15,15:14:07
2025-12-15,14:31:59,ETHMU,Dynamix Corporation Unit,Nasdaq,LULD pause,2025-12-15,14:41:59
2025-12-15,13:16:16,KXIN,Kaixin Holdings Ordinary Shares,Nasdaq,LULD pause,2025-12-15,13:21:16
2025-12-15,13:05:27,KXIN,Kaixin Holdings Ordinary Shares,Nasdaq,LULD pause,2025-12-15,13:10:27
2025-12-15,11:38:19,VSNTV,"""Versant Media Group, Inc. Class A Common Stock When-Issued""",Nasdaq,LULD pause,2025-12-15,11:43:19
2025-12-15,11:33:54,ARBB,ARB IOT Group Limited Ordinary Shares,Nasdaq,LULD pause,2025-12-15,11:38:54
2025-12-15,11:28:29,VSNTV,"""Versant Media Group, Inc. Class A Common Stock When-Issued""",Nasdaq,LULD pause,2025-12-15,11:33:29
2025-12-15,11:15:21,RADX,Radiopharm Theranostics Limited American Depositary Shares,Nasdaq,LULD pause,2025-12-15,11:20:21
2025-12-15,11:04:16,RDGT,"""Ridgetech, Inc. Ordinary Shares""",Nasdaq,LULD pause,2025-12-15,11:09:16
2025-12-15,11:01:27,LAZR,"""Luminar Technologies, Inc. Class A Common Stock""",Nasdaq,LULD pause,2025-12-15,11:06:27
2025-12-15,10:52:53,ASTI,"""Ascent Solar Technologies, Inc. Common Stock""",Nasdaq,LULD pause,2025-12-15,10:57:53
2025-12-15,10:51:08,LAZR,"""Luminar Technologies, Inc. Class A Common Stock""",Nasdaq,LULD pause,2025-12-15,11:01:08
2025-12-15,10:45:13,ARBB,ARB IOT Group Limited Ordinary Shares,Nasdaq,LULD pause,2025-12-15,10:50:13
2025-12-15,10:41:32,MGRT,Mega Fortune Company Limited Ordinary Shares,Nasdaq,LULD pause,2025-12-15,10:46:32
2025-12-15,10:32:09,NTCL,NETCLASS TECHNOLOGY INC Class A Ordinary Shares,Nasdaq,LULD pause,2025-12-15,10:37:09
2025-12-15,10:25:36,BENF,Beneficient Class A Common Stock,Nasdaq,LULD pause,2025-12-15,10:30:36
2025-12-15,10:25:06,RADX,Radiopharm Theranostics Limited American Depositary Shares,Nasdaq,LULD pause,2025-12-15,10:30:06
2025-12-15,10:23:46,BGMSP,"""Bio Green Med Solution, Inc. 6% Convertible Preferred Stock""",Nasdaq,LULD pause,2025-12-15,10:28:46
2025-12-15,10:23:38,NTCL,NETCLASS TECHNOLOGY INC Class A Ordinary Shares,Nasdaq,LULD pause,2025-12-15,10:28:38
2025-12-15,10:19:58,BENF,Beneficient Class A Common Stock,Nasdaq,LULD pause,2025-12-15,10:24:58
2025-12-15,10:15:00,LAZR,"""Luminar Technologies, Inc. Class A Common Stock""",Nasdaq,News pending,2025-12-15,10:50:00
2025-12-15,10:14:18,BENF,Beneficient Class A Common Stock,Nasdaq,LULD pause,2025-12-15,10:19:18
2025-12-15,10:12:47,ARBB,ARB IOT Group Limited Ordinary Shares,Nasdaq,LULD pause,2025-12-15,10:17:47
2025-12-15,10:10:24,RADX,Radiopharm Theranostics Limited American Depositary Shares,Nasdaq,LULD pause,2025-12-15,10:15:24
2025-12-15,10:09:27,AMCI,AMC Robotics Corporation Common Stock,Nasdaq,LULD pause,2025-12-15,10:14:27
2025-12-15,10:02:36,AMCI,AMC Robotics Corporation Common Stock,Nasdaq,LULD pause,2025-12-15,10:07:36
2025-12-15,10:00:32,ARBB,ARB IOT Group Limited Ordinary Shares,Nasdaq,LULD pause,2025-12-15,10:10:32
2025-12-15,09:54:35,KYTX,"""Kyverna Therapeutics, Inc. Common Stock""",Nasdaq,LULD pause,2025-12-15,09:59:35
2025-12-15,09:53:48,ARBB,ARB IOT Group Limited Ordinary Shares,Nasdaq,LULD pause,2025-12-15,09:58:48
2025-12-15,09:53:15,RADX,Radiopharm Theranostics Limited American Depositary Shares,Nasdaq,LULD pause,2025-12-15,09:58:15
2025-12-15,09:52:01,AMCI,AMC Robotics Corporation Common Stock,Nasdaq,LULD pause,2025-12-15,10:02:01
2025-12-15,09:51:53,CCHH,CCH Holdings Ltd Ordinary Shares,Nasdaq,LULD pause,2025-12-15,09:56:53
2025-12-15,09:46:29,RADX,Radiopharm Theranostics Limited American Depositary Shares,Nasdaq,LULD pause,2025-12-15,09:51:29
2025-12-15,09:45:54,ANPA,Rich Sparkle Holdings Limited Ordinary Shares,Nasdaq,LULD pause,2025-12-15,09:55:54
2025-12-15,09:42:47,ARBB,ARB IOT Group Limited Ordinary Shares,Nasdaq,LULD pause,2025-12-15,09:47:47
2025-12-15,09:40:54,RADX,Radiopharm Theranostics Limited American Depositary Shares,Nasdaq,LULD pause,2025-12-15,09:45:54
2025-12-15,09:38:37,CVRD,Madison Covered Call ETF,NYSE Arca,LULD pause,2025-12-15,09:43:37
2025-12-15,09:37:13,IRBT,iRobot Corporation,Nasdaq,LULD pause,2025-12-15,09:42:13
2025-12-15,09:36:48,CCHH,CCH Holdings Ltd Ordinary Shares,Nasdaq,LULD pause,2025-12-15,09:41:48
2025-12-15,09:35:53,ASTI,"""Ascent Solar Technologies, Inc. Common Stock""",Nasdaq,LULD pause,2025-12-15,09:40:53
2025-12-15,09:34:53,BENF,Beneficient Class A Common Stock,Nasdaq,LULD pause,2025-12-15,09:39:53
2025-12-15,09:34:51,RADX,Radiopharm Theranostics Limited American Depositary Shares,Nasdaq,LULD pause,2025-12-15,09:39:51
2025-12-15,09:30:32,IRBT,iRobot Corporation,Nasdaq,LULD pause,2025-12-15,09:35:32
2025-12-15,09:18:29,ALE,"""ALLETE, Inc.""",NYSE,Merger Effective,,
2025-12-15,08:22:35,VTLE,"""Vital Energy, Inc.""",NYSE,Merger Effective,,
2025-12-12,19:50:00,XBPEW,"""XBP Europe Holdings, Inc. Warrant""",Nasdaq,News pending,,
2025-12-12,19:50:00,XBPEW,"""XBP Europe Holdings, Inc. Warrant""",Nasdaq,News pending,2025-12-15,09:05:00
2025-12-12,19:50:00,CMND,Clearmind Medicine Inc. Common Shares,Nasdaq,News pending,,
2025-12-12,19:50:00,CMND,Clearmind Medicine Inc. Common Shares,Nasdaq,News pending,2025-12-15,09:00:00
2025-12-12,19:50:00,BENFW,Beneficient Warrant,Nasdaq,News pending,2025-12-15,09:05:00
2025-12-12,19:50:00,BENFW,Beneficient Warrant,Nasdaq,News pending,,
2025-12-12,19:50:00,NVVEW,Newborn Acquisition Corp. Warrant,Nasdaq,News pending,,
2025-12-12,19:50:00,NVVEW,Newborn Acquisition Corp. Warrant,Nasdaq,News pending,2025-12-15,09:05:00
2025-12-12,19:50:00,NVVE,Nuvve Holding Corp. Common Stock,Nasdaq,News pending,2025-12-15,09:00:00
2025-12-12,19:50:00,NVVE,Nuvve Holding Corp. Common Stock,Nasdaq,News pending,,
2025-12-12,19:50:00,FRGT,"""Freight Technologies, Inc. Ordinary Shares""",Nasdaq,News pending,,
2025-12-12,19:50:00,FRGT,"""Freight Technologies, Inc. Ordinary Shares""",Nasdaq,News pending,2025-12-15,09:00:00
2025-12-12,19:50:00,XBP,"""XBP Global Holdings, Inc. Common Stock""",Nasdaq,News pending,2025-12-15,09:00:00
2025-12-12,19:50:00,XBP,"""XBP Global Holdings, Inc. Common Stock""",Nasdaq,News pending,,
2025-12-12,19:50:00,BENF,Beneficient Class A Common Stock,Nasdaq,News pending,2025-12-15,09:00:00
2025-12-12,19:50:00,BENF,Beneficient Class A Common Stock,Nasdaq,News pending,,
2025-12-12,18:06:34,MIST,Milestone Pharmaceuticals Inc. Common Shares,Nasdaq,News pending,,
2025-12-12,18:06:34,MIST,Milestone Pharmaceuticals Inc. Common Shares,Nasdaq,News pending,2025-12-15,07:05:00
2025-12-12,15:37:47,CCHH,CCH Holdings Ltd Ordinary Shares,Nasdaq,LULD pause,2025-12-12,15:42:47
2025-12-12,15:27:55,AMCI,AMC Robotics Corporation Common Stock,Nasdaq,LULD pause,2025-12-12,15:32:55
2025-12-12,14:40:34,AMCI,AMC Robotics Corporation Common Stock,Nasdaq,LULD pause,2025-12-12,14:45:34
2025-12-12,14:29:52,OCG,Oriental Culture Holding LTD Ordinary Shares,Nasdaq,LULD pause,2025-12-12,14:34:52
2025-12-12,14:26:35,CCHH,CCH Holdings Ltd Ordinary Shares,Nasdaq,LULD pause,2025-12-12,14:31:35
2025-12-12,14:18:01,OCG,Oriental Culture Holding LTD Ordinary Shares,Nasdaq,LULD pause,2025-12-12,14:23:01
2025-12-12,14:15:35,CCHH,CCH Holdings Ltd Ordinary Shares,Nasdaq,LULD pause,2025-12-12,14:20:35
2025-12-12,14:12:31,JFU,9F Inc. American Depositary Shares,Nasdaq,LULD pause,2025-12-12,14:17:31
2025-12-12,14:06:13,OCG,Oriental Culture Holding LTD Ordinary Shares,Nasdaq,LULD pause,2025-12-12,14:11:13
2025-12-12,13:58:11,BTTC,Black Titan Corporation Ordinary Shares,Nasdaq,LULD pause,2025-12-12,14:03:11
2025-12-12,13:47:17,JZXN,"""Jiuzi Holdings, Inc. Ordinary Shares""",Nasdaq,LULD pause,2025-12-12,13:52:17
2025-12-12,13:37:56,OCG,Oriental Culture Holding LTD Ordinary Shares,Nasdaq,LULD pause,2025-12-12,13:42:56
2025-12-12,13:33:53,JZXN,"""Jiuzi Holdings, Inc. Ordinary Shares""",Nasdaq,LULD pause,2025-12-12,13:43:53
2025-12-12,13:27:25,CCHH,CCH Holdings Ltd Ordinary Shares,Nasdaq,LULD pause,2025-12-12,13:32:25
2025-12-12,13:23:38,JZXN,"""Jiuzi Holdings, Inc. Ordinary Shares""",Nasdaq,LULD pause,2025-12-12,13:33:38
2025-12-12,13:21:55,CCHH,CCH Holdings Ltd Ordinary Shares,Nasdaq,LULD pause,2025-12-12,13:26:55
2025-12-12,13:18:23,JZXN,"""Jiuzi Holdings, Inc. Ordinary Shares""",Nasdaq,LULD pause,2025-12-12,13:23:23
2025-12-12,13:17:24,RYM,"""RYTHM, Inc. Common Stock""",Nasdaq,LULD pause,2025-12-12,13:22:24
2025-12-12,13:16:16,CCHH,CCH Holdings Ltd Ordinary Shares,Nasdaq,LULD pause,2025-12-12,13:21:16
2025-12-12,13:10:49,CCHH,CCH Holdings Ltd Ordinary Shares,Nasdaq,LULD pause,2025-12-12,13:15:49
2025-12-12,13:09:26,RYM,"""RYTHM, Inc. Common Stock""",Nasdaq,LULD pause,2025-12-12,13:14:26
2025-12-12,12:57:47,RYM,"""RYTHM, Inc. Common Stock""",Nasdaq,LULD pause,2025-12-12,13:02:47
2025-12-12,12:55:13,OCG,Oriental Culture Holding LTD Ordinary Shares,Nasdaq,LULD pause,2025-12-12,13:00:13
2025-12-12,12:45:29,CCHH,CCH Holdings Ltd Ordinary Shares,Nasdaq,LULD pause,2025-12-12,13:10:29
2025-12-12,12:32:44,YQ,17 Education & Technology Group Inc. American Depositary Shares,Nasdaq,LULD pause,2025-12-12,12:42:44
2025-12-12,12:31:24,NCEW,New Century Logistics (BVI) Limited Ordinary Shares,Nasdaq,LULD pause,2025-12-12,12:36:24
2025-12-12,12:23:39,CCHH,CCH Holdings Ltd Ordinary Shares,Nasdaq,LULD pause,2025-12-12,12:38:40
2025-12-12,12:23:02,NCEW,New Century Logistics (BVI) Limited Ordinary Shares,Nasdaq,LULD pause,2025-12-12,12:28:02
2025-12-12,12:15:41,NCEW,New Century Logistics (BVI) Limited Ordinary Shares,Nasdaq,LULD pause,2025-12-12,12:20:41
2025-12-12,12:11:26,CCHH,CCH Holdings Ltd Ordinary Shares,Nasdaq,LULD pause,2025-12-12,12:16:26
2025-12-12,12:05:07,CCHH,CCH Holdings Ltd Ordinary Shares,Nasdaq,LULD pause,2025-12-12,12:10:07
2025-12-12,11:57:12,CCHH,CCH Holdings Ltd Ordinary Shares,Nasdaq,LULD pause,2025-12-12,12:02:12
2025-12-12,11:48:50,RYM,"""RYTHM, Inc. Common Stock""",Nasdaq,LULD pause,2025-12-12,11:53:50
2025-12-12,11:45:06,CCHH,CCH Holdings Ltd Ordinary Shares,Nasdaq,LULD pause,2025-12-12,11:56:54
2025-12-12,11:41:22,MIST,Milestone Pharmaceuticals Inc. Common Shares,Nasdaq,LULD pause,2025-12-12,11:46:22
2025-12-12,11:38:02,ARBK,Argo Blockchain plc American Depositary Shares,Nasdaq,LULD pause,2025-12-12,11:43:02
2025-12-12,11:17:10,THH,TryHard Holdings Limited Ordinary Shares,Nasdaq,LULD pause,2025-12-12,11:22:10
2025-12-12,11:13:18,ARBK,Argo Blockchain plc American Depositary Shares,Nasdaq,LULD pause,2025-12-12,11:18:18
2025-12-12,11:12:31,ARBKL,Argo Blockchain plc 8.75% Senior Notes due 2026,Nasdaq,LULD pause,2025-12-12,11:17:31
2025-12-12,11:05:45,THH,TryHard Holdings Limited Ordinary Shares,Nasdaq,LULD pause,2025-12-12,11:15:45
2025-12-12,11:03:36,RYM,"""RYTHM, Inc. Common Stock""",Nasdaq,LULD pause,2025-12-12,11:13:36
2025-12-12,11:01:40,ARBK,Argo Blockchain plc American Depositary Shares,Nasdaq,LULD pause,2025-12-12,11:06:40
2025-12-12,10:58:58,OCG,Oriental Culture Holding LTD Ordinary Shares,Nasdaq,LULD pause,2025-12-12,11:03:58
2025-12-12,10:57:07,RYM,"""RYTHM, Inc. Common Stock""",Nasdaq,LULD pause,2025-12-12,11:02:07
2025-12-12,10:55:06,THH,TryHard Holdings Limited Ordinary Shares,Nasdaq,LULD pause,2025-12-12,11:05:07
2025-12-12,10:51:08,BARK WS,"""BARK, Inc. Redeemable Warrants, each whole warrant exercisable for shares of Common Stock at an exercise price of $11.50 per share""",NYSE,News pending,See Subsequent Halt,See Subsequent Halt
2025-12-12,10:51:08,BARK WS,"""BARK, Inc. Redeemable Warrants, each whole warrant exercisable for shares of Common Stock at an exercise price of $11.50 per share""",NYSE,News pending,,
2025-12-12,10:49:46,THH,TryHard Holdings Limited Ordinary Shares,Nasdaq,LULD pause,2025-12-12,10:54:46
2025-12-12,10:48:46,ARBK,Argo Blockchain plc American Depositary Shares,Nasdaq,LULD pause,2025-12-12,10:53:46
2025-12-12,10:44:29,THH,TryHard Holdings Limited Ordinary Shares,Nasdaq,LULD pause,2025-12-12,10:49:29
2025-12-12,10:43:19,ARBK,Argo Blockchain plc American Depositary Shares,Nasdaq,LULD pause,2025-12-12,10:48:19
2025-12-12,10:37:44,ARBK,Argo Blockchain plc American Depositary Shares,Nasdaq,LULD pause,2025-12-12,10:42:44
2025-12-12,10:37:27,RYM,"""RYTHM, Inc. Common Stock""",Nasdaq,LULD pause,2025-12-12,10:42:27
2025-12-12,10:34:41,CCHH,CCH Holdings Ltd Ordinary Shares,Nasdaq,LULD pause,2025-12-12,11:44:42
2025-12-12,10:34:01,THH,TryHard Holdings Limited Ordinary Shares,Nasdaq,LULD pause,2025-12-12,10:44:01
2025-12-12,10:32:25,ARBK,Argo Blockchain plc American Depositary Shares,Nasdaq,LULD pause,2025-12-12,10:37:25
2025-12-12,10:32:21,ARBKL,Argo Blockchain plc 8.75% Senior Notes due 2026,Nasdaq,LULD pause,2025-12-12,10:42:22
2025-12-12,10:27:33,RYM,"""RYTHM, Inc. Common Stock""",Nasdaq,LULD pause,2025-12-12,10:32:33
2025-12-12,10:26:57,ARBK,Argo Blockchain plc American Depositary Shares,Nasdaq,LULD pause,2025-12-12,10:31:57
2025-12-12,10:23:23,THH,TryHard Holdings Limited Ordinary Shares,Nasdaq,LULD pause,2025-12-12,10:33:24
2025-12-12,10:21:23,ARBK,Argo Blockchain plc American Depositary Shares,Nasdaq,LULD pause,2025-12-12,10:26:23
2025-12-12,10:18:38,RYM,"""RYTHM, Inc. Common Stock""",Nasdaq,LULD pause,2025-12-12,10:23:38
2025-12-12,10:17:40,ARBKL,Argo Blockchain plc 8.75% Senior Notes due 2026,Nasdaq,LULD pause,2025-12-12,10:31:38
2025-12-12,10:16:08,ARBK,Argo Blockchain plc American Depositary Shares,Nasdaq,LULD pause,2025-12-12,10:21:08
2025-12-12,10:10:06,OCG,Oriental Culture Holding LTD Ordinary Shares,Nasdaq,LULD pause,2025-12-12,10:15:06
2025-12-12,10:10:01,ARBK,Argo Blockchain plc American Depositary Shares,Nasdaq,LULD pause,2025-12-12,10:15:01
2025-12-12,10:08:03,RYM,"""RYTHM, Inc. Common Stock""",Nasdaq,LULD pause,2025-12-12,10:18:04
2025-12-12,10:07:38,MGRT,Mega Fortune Company Limited Ordinary Shares,Nasdaq,LULD pause,2025-12-12,10:17:38
2025-12-12,10:07:12,ARBKL,Argo Blockchain plc 8.75% Senior Notes due 2026,Nasdaq,LULD pause,2025-12-12,10:17:12
2025-12-12,10:00:53,BBGI,Beasley Broadcasting Group Inc,Nasdaq,LULD pause,2025-12-12,10:10:54
2025-12-12,09:52:33,YCBD,"""cbdMD, Inc. Common Stock""",NYSE American,LULD pause,2025-12-12,09:57:33
2025-12-12,09:49:21,CCHH,CCH Holdings Ltd Ordinary Shares,Nasdaq,LULD pause,2025-12-12,10:34:24
2025-12-12,09:48:52,AMCI,AMC Robotics Corporation Common Stock,Nasdaq,LULD pause,2025-12-12,09:53:52
2025-12-12,09:47:40,RYM,"""RYTHM, Inc. Common Stock""",Nasdaq,LULD pause,2025-12-12,10:07:40
2025-12-12,09:45:09,AFJK,"""Aimei Health Technology Co., Ltd Ordinary Share""",Nasdaq,LULD pause,2025-12-12,09:50:09
2025-12-12,09:41:27,ANIX,"""Anixa Biosciences, Inc.""",Nasdaq,LULD pause,2025-12-12,09:46:27
2025-12-12,09:40:58,BBGI,Beasley Broadcasting Group Inc,Nasdaq,LULD pause,2025-12-12,09:55:52
2025-12-12,09:37:19,RYM,"""RYTHM, Inc. Common Stock""",Nasdaq,LULD pause,2025-12-12,09:47:19
2025-12-12,09:37:07,MIGI,Mawson Infrastructure Group Inc. Common Stock,Nasdaq,LULD pause,2025-12-12,09:42:07
2025-12-12,09:35:32,BBGI,Beasley Broadcasting Group Inc,Nasdaq,LULD pause,2025-12-12,09:40:32
2025-12-12,09:32:43,AFJK,"""Aimei Health Technology Co., Ltd Ordinary Share""",Nasdaq,LULD pause,2025-12-12,09:37:43
2025-12-12,09:30:44,KPLT,"""Katapult Holdings, Inc. Common Stock""",Nasdaq,LULD pause,2025-12-12,09:35:44
2025-12-12,07:25:00,GLBZ,Glen Burnie Bancorp,Nasdaq,News pending,2025-12-12,07:50:00
2025-12-12,06:41:42,BCRX,BioCryst Pharmaceuticals Inc,Nasdaq,News pending,2025-12-12,07:20:00
2025-12-11,19:50:00,ARBKL,Argo Blockchain plc 8.75% Senior Notes due 2026,Nasdaq,News pending,,
2025-12-11,19:50:00,ARBKL,Argo Blockchain plc 8.75% Senior Notes due 2026,Nasdaq,News pending,2025-12-12,09:05:00
2025-12-11,19:50:00,BNAIW,Brand Engagement Network Inc. Warrant,Nasdaq,News pending,2025-12-12,09:05:00
2025-12-11,19:50:00,BNAIW,Brand Engagement Network Inc. Warrant,Nasdaq,News pending,,
2025-12-11,19:50:00,AZI,Autozi Internet Technology (Global) Ltd. Class A Ordinary Shares,Nasdaq,News pending,,
2025-12-11,19:50:00,AZI,Autozi Internet Technology (Global) Ltd. Class A Ordinary Shares,Nasdaq,News pending,2025-12-12,09:20:01
2025-12-11,19:50:00,ARBK,Argo Blockchain plc American Depositary Shares,Nasdaq,News pending,,
2025-12-11,19:50:00,ARBK,Argo Blockchain plc American Depositary Shares,Nasdaq,News pending,2025-12-12,09:00:00
2025-12-11,19:50:00,BNAI,Brand Engagement Network Inc. Common Stock,Nasdaq,News pending,2025-12-12,09:00:00
2025-12-11,19:50:00,BNAI,Brand Engagement Network Inc. Common Stock,Nasdaq,News pending,,
2025-12-11,17:21:00,APLT,"""Applied Therapeutics, Inc. Common Stock""",Nasdaq,News pending,2025-12-11,17:55:00
2025-12-11,16:10:00,DXLG,"""Destination XL Group, Inc. Common Stock""",Nasdaq,News pending,2025-12-11,16:35:00
2025-12-11,15:52:38,GLXG,Galaxy Payroll Group Limited Class A Ordinary Shares,Nasdaq,LULD pause,2025-12-11,16:00:00
2025-12-11,15:48:37,MIGI,Mawson Infrastructure Group Inc. Common Stock,Nasdaq,LULD pause,2025-12-11,16:00:00
2025-12-11,15:47:51,YQ,17 Education & Technology Group Inc. American Depositary Shares,Nasdaq,LULD pause,2025-12-11,16:00:00
2025-12-11,15:39:54,BGMSP,"""Bio Green Med Solution, Inc. 6% Convertible Preferred Stock""",Nasdaq,LULD pause,2025-12-11,15:49:54
2025-12-11,15:38:34,MIGI,Mawson Infrastructure Group Inc. Common Stock,Nasdaq,LULD pause,2025-12-11,15:43:34
2025-12-11,15:34:27,BGMSP,"""Bio Green Med Solution, Inc. 6% Convertible Preferred Stock""",Nasdaq,LULD pause,2025-12-11,15:39:27
2025-12-11,15:32:35,MIGI,Mawson Infrastructure Group Inc. Common Stock,Nasdaq,LULD pause,2025-12-11,15:37:35
2025-12-11,15:26:18,MIGI,Mawson Infrastructure Group Inc. Common Stock,Nasdaq,LULD pause,2025-12-11,15:31:18
2025-12-11,15:17:15,OCG,Oriental Culture Holding LTD Ordinary Shares,Nasdaq,LULD pause,2025-12-11,15:22:15
2025-12-11,15:15:51,MIGI,Mawson Infrastructure Group Inc. Common Stock,Nasdaq,LULD pause,2025-12-11,15:25:51
2025-12-11,14:50:48,ASPC,A SPAC III Acquisition Corp. Class A Ordinary Shares,Nasdaq,LULD pause,2025-12-11,14:55:48
2025-12-11,14:10:41,ENVB,"""Enveric Biosciences, Inc. Common Stock""",Nasdaq,LULD pause,2025-12-11,14:20:41
2025-12-11,14:00:37,ENVB,"""Enveric Biosciences, Inc. Common Stock""",Nasdaq,LULD pause,2025-12-11,14:05:37
2025-12-11,13:53:29,MIGI,Mawson Infrastructure Group Inc. Common Stock,Nasdaq,LULD pause,2025-12-11,13:58:29
2025-12-11,13:43:26,ENVB,"""Enveric Biosciences, Inc. Common Stock""",Nasdaq,LULD pause,2025-12-11,13:58:27
2025-12-11,13:40:40,OCG,Oriental Culture Holding LTD Ordinary Shares,Nasdaq,LULD pause,2025-12-11,13:45:40
2025-12-11,13:18:22,MIGI,Mawson Infrastructure Group Inc. Common Stock,Nasdaq,LULD pause,2025-12-11,13:23:22
2025-12-11,13:14:47,OCG,Oriental Culture Holding LTD Ordinary Shares,Nasdaq,LULD pause,2025-12-11,13:19:47
2025-12-11,13:12:19,MIGI,Mawson Infrastructure Group Inc. Common Stock,Nasdaq,LULD pause,2025-12-11,13:17:19
2025-12-11,13:12:04,YSG,"""Yatsen Holding Limited American Depositary Shares, each representing twenty (20) Class A Ordinary Shares""",NYSE,LULD pause,2025-12-11,13:17:42
2025-12-11,12:31:11,GRAN,Grande Group Limited Class A Ordinary Shares,Nasdaq,LULD pause,2025-12-11,12:36:11
2025-12-11,12:17:01,GRAN,Grande Group Limited Class A Ordinary Shares,Nasdaq,LULD pause,2025-12-11,12:27:01
2025-12-11,11:45:54,OCG,Oriental Culture Holding LTD Ordinary Shares,Nasdaq,LULD pause,2025-12-11,11:55:54
2025-12-11,11:43:20,GRAN,Grande Group Limited Class A Ordinary Shares,Nasdaq,LULD pause,2025-12-11,11:48:20
2025-12-11,11:37:55,OCG,Oriental Culture Holding LTD Ordinary Shares,Nasdaq,LULD pause,2025-12-11,11:42:55
2025-12-11,11:31:10,OCG,Oriental Culture Holding LTD Ordinary Shares,Nasdaq,LULD pause,2025-12-11,11:36:10
2025-12-11,11:28:40,GRAN,Grande Group Limited Class A Ordinary Shares,Nasdaq,LULD pause,2025-12-11,11:38:40
2025-12-11,11:27:55,AFJK,"""Aimei Health Technology Co., Ltd Ordinary Share""",Nasdaq,LULD pause,2025-12-11,11:32:55
2025-12-11,11:23:12,GRAN,Grande Group Limited Class A Ordinary Shares,Nasdaq,LULD pause,2025-12-11,11:28:12
2025-12-11,11:20:50,OCG,Oriental Culture Holding LTD Ordinary Shares,Nasdaq,LULD pause,2025-12-11,11:30:50
2025-12-11,11:20:23,TGL,Treasure Global Inc. Common Stock,Nasdaq,LULD pause,2025-12-11,11:25:23
2025-12-11,11:15:25,OCG,Oriental Culture Holding LTD Ordinary Shares,Nasdaq,LULD pause,2025-12-11,11:20:25
2025-12-11,11:11:45,GRAN,Grande Group Limited Class A Ordinary Shares,Nasdaq,LULD pause,2025-12-11,11:21:45
2025-12-11,11:10:54,BBGI,Beasley Broadcasting Group Inc,Nasdaq,LULD pause,2025-12-11,11:15:54
2025-12-11,11:08:05,OCG,Oriental Culture Holding LTD Ordinary Shares,Nasdaq,LULD pause,2025-12-11,11:13:05
2025-12-11,11:06:28,AFJK,"""Aimei Health Technology Co., Ltd Ordinary Share""",Nasdaq,LULD pause,2025-12-11,11:19:16
2025-12-11,11:04:49,BTTC,Black Titan Corporation Ordinary Shares,Nasdaq,LULD pause,2025-12-11,11:09:49
2025-12-11,10:59:48,AFJK,"""Aimei Health Technology Co., Ltd Ordinary Share""",Nasdaq,LULD pause,2025-12-11,11:04:48
2025-12-11,10:56:04,OCG,Oriental Culture Holding LTD Ordinary Shares,Nasdaq,LULD pause,2025-12-11,11:01:04
2025-12-11,10:53:05,RETO,"""ReTo Eco-Solutions, Inc. Class A Shares""",Nasdaq,LULD pause,2025-12-11,10:58:05
2025-12-11,10:52:23,BTTC,Black Titan Corporation Ordinary Shares,Nasdaq,LULD pause,2025-12-11,10:57:23
2025-12-11,10:46:34,AFJK,"""Aimei Health Technology Co., Ltd Ordinary Share""",Nasdaq,LULD pause,2025-12-11,10:56:34
2025-12-11,10:41:00,BTTC,Black Titan Corporation Ordinary Shares,Nasdaq,LULD pause,2025-12-11,10:46:00
2025-12-11,10:39:45,SMX,SMX (Security Matters) Public Limited Company Ordinary Shares,Nasdaq,LULD pause,2025-12-11,10:44:45
2025-12-11,10:39:10,JZXN,"""Jiuzi Holdings, Inc. Ordinary Shares""",Nasdaq,LULD pause,2025-12-11,10:49:10
2025-12-11,10:32:55,AFJK,"""Aimei Health Technology Co., Ltd Ordinary Share""",Nasdaq,LULD pause,2025-12-11,10:37:55
2025-12-11,10:31:03,OCG,Oriental Culture Holding LTD Ordinary Shares,Nasdaq,LULD pause,2025-12-11,10:36:03
2025-12-11,10:23:43,GDHG,Golden Heaven Group Holdings Ltd. Class A Ordinary Shares,Nasdaq,LULD pause,2025-12-11,10:28:43
2025-12-11,10:20:39,AFJK,"""Aimei Health Technology Co., Ltd Ordinary Share""",Nasdaq,LULD pause,2025-12-11,10:25:39
2025-12-11,10:20:36,OCG,Oriental Culture Holding LTD Ordinary Shares,Nasdaq,LULD pause,2025-12-11,10:25:36
2025-12-11,10:15:06,SVRE,SaverOne 2014 Ltd. American Depositary Shares,Nasdaq,LULD pause,2025-12-11,10:20:06
2025-12-11,10:14:55,JZXN,"""Jiuzi Holdings, Inc. Ordinary Shares""",Nasdaq,LULD pause,2025-12-11,10:19:55
2025-12-11,10:09:49,AFJKU,"""Aimei Health Technology Co., Ltd Unit""",Nasdaq,LULD pause,2025-12-11,10:29:49
2025-12-11,10:09:45,AFJK,"""Aimei Health Technology Co., Ltd Ordinary Share""",Nasdaq,LULD pause,2025-12-11,10:19:45
2025-12-11,10:07:34,SKIL,Skillsoft Corp.,NYSE,LULD pause,2025-12-11,10:12:38
2025-12-11,10:04:09,BTTC,Black Titan Corporation Ordinary Shares,Nasdaq,LULD pause,2025-12-11,10:09:09
2025-12-11,09:59:34,JZXN,"""Jiuzi Holdings, Inc. Ordinary Shares""",Nasdaq,LULD pause,2025-12-11,10:09:34
2025-12-11,09:53:29,BTTC,Black Titan Corporation Ordinary Shares,Nasdaq,LULD pause,2025-12-11,10:03:29
2025-12-11,09:53:16,JZXN,"""Jiuzi Holdings, Inc. Ordinary Shares""",Nasdaq,LULD pause,2025-12-11,09:58:16
2025-12-11,09:52:01,SMX,SMX (Security Matters) Public Limited Company Ordinary Shares,Nasdaq,LULD pause,2025-12-11,09:57:01
2025-12-11,09:50:41,AXIL,"""AXIL Brands, Inc.""",NYSE American,LULD pause,2025-12-11,09:55:41
2025-12-11,09:49:55,AFJK,"""Aimei Health Technology Co., Ltd Ordinary Share""",Nasdaq,LULD pause,2025-12-11,09:59:55
2025-12-11,09:46:20,TGL,Treasure Global Inc. Common Stock,Nasdaq,LULD pause,2025-12-11,09:51:20
2025-12-11,09:44:16,OCG,Oriental Culture Holding LTD Ordinary Shares,Nasdaq,LULD pause,2025-12-11,09:49:16
2025-12-11,09:43:39,ASPCU,A SPAC III Acquisition Corp. Unit,Nasdaq,LULD pause,2025-12-11,09:53:39
2025-12-11,09:40:49,SMX,SMX (Security Matters) Public Limited Company Ordinary Shares,Nasdaq,LULD pause,2025-12-11,09:50:49
2025-12-11,09:38:45,AMCI,AMC Robotics Corporation Common Stock,Nasdaq,LULD pause,2025-12-11,09:43:45
2025-12-11,09:38:45,OCG,Oriental Culture Holding LTD Ordinary Shares,Nasdaq,LULD pause,2025-12-11,09:43:45
2025-12-11,09:38:17,BTTC,Black Titan Corporation Ordinary Shares,Nasdaq,LULD pause,2025-12-11,09:48:17
2025-12-11,09:35:19,SMX,SMX (Security Matters) Public Limited Company Ordinary Shares,Nasdaq,LULD pause,2025-12-11,09:40:19
2025-12-11,09:33:27,OCG,Oriental Culture Holding LTD Ordinary Shares,Nasdaq,LULD pause,2025-12-11,09:38:27
2025-12-11,09:32:52,BTTC,Black Titan Corporation Ordinary Shares,Nasdaq,LULD pause,2025-12-11,09:37:52
2025-12-11,09:32:29,JZXN,"""Jiuzi Holdings, Inc. Ordinary Shares""",Nasdaq,LULD pause,2025-12-11,09:37:29
2025-12-11,09:32:01,RZLT,"""Rezolute, Inc. Common Stock (NV)""",Nasdaq,LULD pause,2025-12-11,09:37:01
2025-12-11,09:30:15,TETH,21Shares Ethereum ETF,Cboe BZX,LULD pause,2025-12-11,09:35:15
2025-12-11,08:18:27,K,Kellanova,NYSE,Merger Effective,,
2025-12-11,07:25:00,DHIL,Diamond Hill Investment Group,Nasdaq,News pending,2025-12-11,07:50:00
2025-12-11,06:55:00,RZLT,"""Rezolute, Inc. Common Stock (NV)""",Nasdaq,News pending,2025-12-11,07:40:01
2025-12-11,06:55:00,ACIU,AC Immune SA,Nasdaq,News pending,2025-12-11,07:30:00
2025-12-10,19:50:00,JZXN,"""Jiuzi Holdings, Inc. Ordinary Shares""",Nasdaq,News pending,2025-12-11,09:05:00
2025-12-10,19:50:00,JZXN,"""Jiuzi Holdings, Inc. Ordinary Shares""",Nasdaq,News pending,,
2025-12-10,19:50:00,BNKK,"""Bonk, Inc. Common Stock""",Nasdaq,News pending,2025-12-11,09:00:00
2025-12-10,19:50:00,BNKK,"""Bonk, Inc. Common Stock""",Nasdaq,News pending,,
2025-12-10,18:08:08,NVAWW,Nova Minerals Limited Warrant,Nasdaq,News pending,,
2025-12-10,18:08:08,NVAWW,Nova Minerals Limited Warrant,Nasdaq,News pending,2025-12-19,07:10:00
2025-12-10,18:08:08,NVA,Nova Minerals Limited American Depositary Shares,Nasdaq,News pending,,
2025-12-10,18:08:08,NVA,Nova Minerals Limited American Depositary Shares,Nasdaq,News pending,2025-12-19,07:05:00
2025-12-10,16:05:00,HTOOW,Fusion Fuel Green PLC Warrant,Nasdaq,News pending,,
2025-12-10,15:56:50,BBGI,Beasley Broadcasting Group Inc,Nasdaq,LULD pause,2025-12-10,16:00:00
2025-12-10,15:44:11,CHOW,ChowChow Cloud International Holdings Limited,NYSE American,LULD pause,2025-12-10,15:49:11
2025-12-10,15:41:37,BBGI,Beasley Broadcasting Group Inc,Nasdaq,LULD pause,2025-12-10,15:46:38
2025-12-10,15:33:54,CHOW,ChowChow Cloud International Holdings Limited,NYSE American,LULD pause,2025-12-10,15:43:54
2025-12-10,15:33:30,BBGI,Beasley Broadcasting Group Inc,Nasdaq,LULD pause,2025-12-10,15:38:30
2025-12-10,15:20:10,ASPCU,A SPAC III Acquisition Corp. Unit,Nasdaq,LULD pause,2025-12-10,15:30:11
2025-12-10,15:17:07,CHOW,ChowChow Cloud International Holdings Limited,NYSE American,LULD pause,2025-12-10,15:27:07
2025-12-10,15:11:36,CHOW,ChowChow Cloud International Holdings Limited,NYSE American,LULD pause,2025-12-10,15:16:36
2025-12-10,15:10:56,OCG,Oriental Culture Holding LTD Ordinary Shares,Nasdaq,LULD pause,2025-12-10,15:15:56
2025-12-10,15:10:31,BBGI,Beasley Broadcasting Group Inc,Nasdaq,LULD pause,2025-12-10,15:15:31
2025-12-10,15:08:56,BDRX,Biodexa Pharmaceuticals plc American Depositary Shs,Nasdaq,LULD pause,2025-12-10,15:13:56
2025-12-10,15:05:28,OCG,Oriental Culture Holding LTD Ordinary Shares,Nasdaq,LULD pause,2025-12-10,15:10:28
2025-12-10,15:04:12,ASPC,A SPAC III Acquisition Corp. Class A Ordinary Shares,Nasdaq,LULD pause,2025-12-10,15:09:12
2025-12-10,15:01:01,CHOW,ChowChow Cloud International Holdings Limited,NYSE American,LULD pause,2025-12-10,15:11:01
2025-12-10,15:00:58,BBGI,Beasley Broadcasting Group Inc,Nasdaq,LULD pause,2025-12-10,15:05:58
2025-12-10,14:54:39,BBGI,Beasley Broadcasting Group Inc,Nasdaq,LULD pause,2025-12-10,14:59:39
2025-12-10,14:54:23,BDRX,Biodexa Pharmaceuticals plc American Depositary Shs,Nasdaq,LULD pause,2025-12-10,15:04:23
2025-12-10,14:52:54,OCG,Oriental Culture Holding LTD Ordinary Shares,Nasdaq,LULD pause,2025-12-10,14:57:54
2025-12-10,14:50:33,CHOW,ChowChow Cloud International Holdings Limited,NYSE American,LULD pause,2025-12-10,15:00:33
2025-12-10,14:47:00,BBGI,Beasley Broadcasting Group Inc,Nasdaq,LULD pause,2025-12-10,14:52:00
2025-12-10,14:41:15,CHOW,ChowChow Cloud International Holdings Limited,NYSE American,LULD pause,2025-12-10,14:46:15
2025-12-10,14:40:51,OCG,Oriental Culture Holding LTD Ordinary Shares,Nasdaq,LULD pause,2025-12-10,14:45:51
2025-12-10,14:40:19,ASPCU,A SPAC III Acquisition Corp. Unit,Nasdaq,LULD pause,2025-12-10,14:50:19
2025-12-10,14:39:24,BBGI,Beasley Broadcasting Group Inc,Nasdaq,LULD pause,2025-12-10,14:44:24
2025-12-10,14:38:09,BDRX,Biodexa Pharmaceuticals plc American Depositary Shs,Nasdaq,LULD pause,2025-12-10,14:43:09
2025-12-10,14:35:46,SVRE,SaverOne 2014 Ltd. American Depositary Shares,Nasdaq,LULD pause,2025-12-10,14:40:46
2025-12-10,14:35:45,CHOW,ChowChow Cloud International Holdings Limited,NYSE American,LULD pause,2025-12-10,14:40:45
2025-12-10,14:32:43,OCG,Oriental Culture Holding LTD Ordinary Shares,Nasdaq,LULD pause,2025-12-10,14:37:43
2025-12-10,14:22:40,BBGI,Beasley Broadcasting Group Inc,Nasdaq,LULD pause,2025-12-10,14:32:40
2025-12-10,14:17:25,CHOW,ChowChow Cloud International Holdings Limited,NYSE American,LULD pause,2025-12-10,14:22:25
2025-12-10,14:16:35,BBGI,Beasley Broadcasting Group Inc,Nasdaq,LULD pause,2025-12-10,14:21:35
2025-12-10,14:16:06,OCG,Oriental Culture Holding LTD Ordinary Shares,Nasdaq,LULD pause,2025-12-10,14:31:07
2025-12-10,14:11:50,CHOW,ChowChow Cloud International Holdings Limited,NYSE American,LULD pause,2025-12-10,14:16:50
2025-12-10,14:10:37,OCG,Oriental Culture Holding LTD Ordinary Shares,Nasdaq,LULD pause,2025-12-10,14:15:37
2025-12-10,14:06:04,BBGI,Beasley Broadcasting Group Inc,Nasdaq,LULD pause,2025-12-10,14:16:04
2025-12-10,14:05:45,CHOW,ChowChow Cloud International Holdings Limited,NYSE American,LULD pause,2025-12-10,14:10:45
2025-12-10,14:05:14,OCG,Oriental Culture Holding LTD Ordinary Shares,Nasdaq,LULD pause,2025-12-10,14:10:14
2025-12-10,13:59:56,OCG,Oriental Culture Holding LTD Ordinary Shares,Nasdaq,LULD pause,2025-12-10,14:04:56
2025-12-10,13:58:30,BBGI,Beasley Broadcasting Group Inc,Nasdaq,LULD pause,2025-12-10,14:03:30
2025-12-10,13:54:32,OCG,Oriental Culture Holding LTD Ordinary Shares,Nasdaq,LULD pause,2025-12-10,13:59:32
2025-12-10,13:51:39,GURE,"""Gulf Resources, Inc. (NV) Common Stock""",Nasdaq,LULD pause,2025-12-10,13:56:39
2025-12-10,13:48:26,OCG,Oriental Culture Holding LTD Ordinary Shares,Nasdaq,LULD pause,2025-12-10,13:53:26
2025-12-10,13:45:04,BBGI,Beasley Broadcasting Group Inc,Nasdaq,LULD pause,2025-12-10,13:55:04
2025-12-10,13:44:53,CHOW,ChowChow Cloud International Holdings Limited,NYSE American,LULD pause,2025-12-10,13:54:53
2025-12-10,13:43:26,GURE,"""Gulf Resources, Inc. (NV) Common Stock""",Nasdaq,LULD pause,2025-12-10,13:48:26
2025-12-10,13:39:47,WOK,WORK Medical Technology Group LTD Class A Ordinary Shares,Nasdaq,LULD pause,2025-12-10,13:44:47
2025-12-10,13:38:02,AFJKU,"""Aimei Health Technology Co., Ltd Unit""",Nasdaq,LULD pause,2025-12-10,13:43:02
2025-12-10,13:35:41,OCG,Oriental Culture Holding LTD Ordinary Shares,Nasdaq,LULD pause,2025-12-10,13:40:41
2025-12-10,13:32:59,CHOW,ChowChow Cloud International Holdings Limited,NYSE American,LULD pause,2025-12-10,13:37:59
2025-12-10,13:26:08,CHOW,ChowChow Cloud International Holdings Limited,NYSE American,LULD pause,2025-12-10,13:31:08
2025-12-10,13:24:06,OCG,Oriental Culture Holding LTD Ordinary Shares,Nasdaq,LULD pause,2025-12-10,13:29:06
2025-12-10,13:21:34,SBDS,"""Solo Brands, Inc.""",NYSE,LULD pause,2025-12-10,13:26:38
2025-12-10,13:13:58,BBGI,Beasley Broadcasting Group Inc,Nasdaq,LULD pause,2025-12-10,13:18:58
2025-12-10,13:13:54,CHOW,ChowChow Cloud International Holdings Limited,NYSE American,LULD pause,2025-12-10,13:23:54
2025-12-10,13:13:43,OCG,Oriental Culture Holding LTD Ordinary Shares,Nasdaq,LULD pause,2025-12-10,13:18:43
2025-12-10,13:08:28,CHOW,ChowChow Cloud International Holdings Limited,NYSE American,LULD pause,2025-12-10,13:13:28
2025-12-10,13:07:48,HYAC,Haymaker Acquisition Corp. 4,NYSE,News pending,2025-12-10,13:44:55
2025-12-10,13:07:48,HYAC WS,"""Haymaker Acquisition Corp. 4 Warrants, each whole warrant exercisable for one Class A ordinary share at an exercise price of $11.50 per share""",NYSE,News pending,2025-12-10,13:45:22
2025-12-10,13:07:48,HYAC U,"""Haymaker Acquisition Corp. 4 Units, each consisting one Class A Ordinary Share and one-half of one redeemable Warrant""",NYSE,News pending,2025-12-10,13:45:06
2025-12-10,13:06:30,ASPC,A SPAC III Acquisition Corp. Class A Ordinary Shares,Nasdaq,LULD pause,2025-12-10,13:16:30
2025-12-10,13:05:38,BBGI,Beasley Broadcasting Group Inc,Nasdaq,LULD pause,2025-12-10,13:10:38
2025-12-10,12:59:30,BBGI,Beasley Broadcasting Group Inc,Nasdaq,LULD pause,2025-12-10,13:04:30
2025-12-10,12:58:12,CHOW,ChowChow Cloud International Holdings Limited,NYSE American,LULD pause,2025-12-10,13:08:12
2025-12-10,12:51:07,BBGI,Beasley Broadcasting Group Inc,Nasdaq,LULD pause,2025-12-10,12:56:07
2025-12-10,12:47:54,CHOW,ChowChow Cloud International Holdings Limited,NYSE American,LULD pause,2025-12-10,12:57:57
2025-12-10,12:41:59,SPHL,Springview Holdings Ltd Class A Ordinary Shares,Nasdaq,LULD pause,2025-12-10,12:46:59
2025-12-10,12:39:22,BBGI,Beasley Broadcasting Group Inc,Nasdaq,LULD pause,2025-12-10,12:44:22
2025-12-10,12:37:38,CHOW,ChowChow Cloud International Holdings Limited,NYSE American,LULD pause,2025-12-10,12:47:38
2025-12-10,12:31:24,SPHL,Springview Holdings Ltd Class A Ordinary Shares,Nasdaq,LULD pause,2025-12-10,12:41:24
2025-12-10,12:20:07,BBGI,Beasley Broadcasting Group Inc,Nasdaq,LULD pause,2025-12-10,12:25:07
2025-12-10,12:19:28,MIGI,Mawson Infrastructure Group Inc. Common Stock,Nasdaq,LULD pause,2025-12-10,12:24:28
2025-12-10,12:10:40,BBGI,Beasley Broadcasting Group Inc,Nasdaq,LULD pause,2025-12-10,12:15:40
2025-12-10,12:08:35,ASPCU,A SPAC III Acquisition Corp. Unit,Nasdaq,LULD pause,2025-12-10,12:18:35
2025-12-10,12:07:36,ASPC,A SPAC III Acquisition Corp. Class A Ordinary Shares,Nasdaq,LULD pause,2025-12-10,12:17:36
2025-12-10,12:07:07,WOK,WORK Medical Technology Group LTD Class A Ordinary Shares,Nasdaq,LULD pause,2025-12-10,12:12:07
2025-12-10,12:04:35,GDHG,Golden Heaven Group Holdings Ltd. Class A Ordinary Shares,Nasdaq,LULD pause,2025-12-10,12:09:35
2025-12-10,11:58:32,GDHG,Golden Heaven Group Holdings Ltd. Class A Ordinary Shares,Nasdaq,LULD pause,2025-12-10,12:03:32
2025-12-10,11:55:58,BBGI,Beasley Broadcasting Group Inc,Nasdaq,LULD pause,2025-12-10,12:05:58
2025-12-10,11:44:53,BBGI,Beasley Broadcasting Group Inc,Nasdaq,LULD pause,2025-12-10,11:54:54
2025-12-10,11:38:09,JMG,JM Group Limited,NYSE American,LULD pause,2025-12-10,11:43:09
2025-12-10,11:32:24,BBGI,Beasley Broadcasting Group Inc,Nasdaq,LULD pause,2025-12-10,11:42:24
2025-12-10,11:31:45,JMG,JM Group Limited,NYSE American,LULD pause,2025-12-10,11:36:45
2025-12-10,11:21:38,BBGI,Beasley Broadcasting Group Inc,Nasdaq,LULD pause,2025-12-10,11:31:39
2025-12-10,11:21:10,ASPCU,A SPAC III Acquisition Corp. Unit,Nasdaq,LULD pause,2025-12-10,11:26:10
2025-12-10,11:20:41,ASPC,A SPAC III Acquisition Corp. Class A Ordinary Shares,Nasdaq,LULD pause,2025-12-10,11:25:41
2025-12-10,11:17:12,OCG,Oriental Culture Holding LTD Ordinary Shares,Nasdaq,LULD pause,2025-12-10,11:22:12
2025-12-10,11:15:21,WOK,WORK Medical Technology Group LTD Class A Ordinary Shares,Nasdaq,LULD pause,2025-12-10,11:20:21
2025-12-10,11:14:58,HSPOU,Horizon Space Acquisition I Corp. Unit,Nasdaq,LULD pause,2025-12-10,11:29:50
2025-12-10,11:13:53,JMG,JM Group Limited,NYSE American,LULD pause,2025-12-10,11:28:53
2025-12-10,11:07:13,CHOW,ChowChow Cloud International Holdings Limited,NYSE American,LULD pause,2025-12-10,12:37:23
2025-12-10,11:06:44,ASPC,A SPAC III Acquisition Corp. Class A Ordinary Shares,Nasdaq,LULD pause,2025-12-10,11:11:44
2025-12-10,11:04:34,POM,POMDOCTOR LIMITED American Depositary Shares,Nasdaq,LULD pause,2025-12-10,11:09:34
2025-12-10,11:01:54,BBGI,Beasley Broadcasting Group Inc,Nasdaq,LULD pause,2025-12-10,11:11:54
2025-12-10,10:59:10,AFJKU,"""Aimei Health Technology Co., Ltd Unit""",Nasdaq,LULD pause,2025-12-10,11:09:10
2025-12-10,10:56:39,MTVA,MetaVia Inc. Common Stock,Nasdaq,LULD pause,2025-12-10,11:06:39
2025-12-10,10:54:19,ASPCU,A SPAC III Acquisition Corp. Unit,Nasdaq,LULD pause,2025-12-10,11:04:20
2025-12-10,10:53:37,JMG,JM Group Limited,NYSE American,LULD pause,2025-12-10,11:13:37
2025-12-10,10:51:11,BBGI,Beasley Broadcasting Group Inc,Nasdaq,LULD pause,2025-12-10,11:01:12
2025-12-10,10:47:28,ASPC,A SPAC III Acquisition Corp. Class A Ordinary Shares,Nasdaq,LULD pause,2025-12-10,10:52:28
2025-12-10,10:43:15,JMG,JM Group Limited,NYSE American,LULD pause,2025-12-10,10:53:15
2025-12-10,10:42:35,ASPCU,A SPAC III Acquisition Corp. Unit,Nasdaq,LULD pause,2025-12-10,10:47:35
2025-12-10,10:40:56,BBGI,Beasley Broadcasting Group Inc,Nasdaq,LULD pause,2025-12-10,10:45:56
2025-12-10,10:39:07,ASPC,A SPAC III Acquisition Corp. Class A Ordinary Shares,Nasdaq,LULD pause,2025-12-10,10:44:07
2025-12-10,10:35:34,AFJK,"""Aimei Health Technology Co., Ltd Ordinary Share""",Nasdaq,LULD pause,2025-12-10,10:40:34
2025-12-10,10:35:23,LVRO,Lavoro Limited Class A Ordinary Shares,Nasdaq,LULD pause,2025-12-10,10:40:23
2025-12-10,10:35:19,WOK,WORK Medical Technology Group LTD Class A Ordinary Shares,Nasdaq,LULD pause,2025-12-10,10:40:19
2025-12-10,10:34:45,BBGI,Beasley Broadcasting Group Inc,Nasdaq,LULD pause,2025-12-10,10:39:45
2025-12-10,10:32:50,JMG,JM Group Limited,NYSE American,LULD pause,2025-12-10,10:42:50
2025-12-10,10:28:51,BBGI,Beasley Broadcasting Group Inc,Nasdaq,LULD pause,2025-12-10,10:33:51
2025-12-10,10:26:40,JMG,JM Group Limited,NYSE American,LULD pause,2025-12-10,10:31:40
2025-12-10,10:26:09,ASPC,A SPAC III Acquisition Corp. Class A Ordinary Shares,Nasdaq,LULD pause,2025-12-10,10:31:09
2025-12-10,10:23:31,BBGI,Beasley Broadcasting Group Inc,Nasdaq,LULD pause,2025-12-10,10:28:31
2025-12-10,10:19:16,ASPCU,A SPAC III Acquisition Corp. Unit,Nasdaq,LULD pause,2025-12-10,10:29:16
2025-12-10,10:18:53,ASPC,A SPAC III Acquisition Corp. Class A Ordinary Shares,Nasdaq,LULD pause,2025-12-10,10:23:53
2025-12-10,10:17:53,JMG,JM Group Limited,NYSE American,LULD pause,2025-12-10,10:22:53
2025-12-10,10:16:03,PAPL,Pineapple Financial Inc.,NYSE American,LULD pause,2025-12-10,10:21:03
2025-12-10,10:13:35,ASPC,A SPAC III Acquisition Corp. Class A Ordinary Shares,Nasdaq,LULD pause,2025-12-10,10:18:35
2025-12-10,10:13:03,BBGI,Beasley Broadcasting Group Inc,Nasdaq,LULD pause,2025-12-10,10:23:03
2025-12-10,10:08:15,ASPC,A SPAC III Acquisition Corp. Class A Ordinary Shares,Nasdaq,LULD pause,2025-12-10,10:13:15
2025-12-10,10:04:12,JMG,JM Group Limited,NYSE American,LULD pause,2025-12-10,10:09:12
2025-12-10,10:03:55,WOK,WORK Medical Technology Group LTD Class A Ordinary Shares,Nasdaq,LULD pause,2025-12-10,10:08:55
2025-12-10,10:02:55,ASPC,A SPAC III Acquisition Corp. Class A Ordinary Shares,Nasdaq,LULD pause,2025-12-10,10:07:55
2025-12-10,10:02:43,BBGI,Beasley Broadcasting Group Inc,Nasdaq,LULD pause,2025-12-10,10:12:43
2025-12-10,10:01:06,HSPOU,Horizon Space Acquisition I Corp. Unit,Nasdaq,LULD pause,2025-12-10,10:59:43
2025-12-10,09:57:16,ASPC,A SPAC III Acquisition Corp. Class A Ordinary Shares,Nasdaq,LULD pause,2025-12-10,10:02:16
2025-12-10,09:57:14,BBGI,Beasley Broadcasting Group Inc,Nasdaq,LULD pause,2025-12-10,10:02:14
2025-12-10,09:56:49,HSPO,Horizon Space Acquisition I Corp. Ordinary Shares,Nasdaq,LULD pause,2025-12-10,10:01:49
2025-12-10,09:56:20,RETO,"""ReTo Eco-Solutions, Inc. Class A Shares""",Nasdaq,LULD pause,2025-12-10,10:06:20
2025-12-10,09:55:05,THH,TryHard Holdings Limited Ordinary Shares,Nasdaq,LULD pause,2025-12-10,10:00:05
2025-12-10,09:52:52,ESHA,ESH Acquisition Corp. Class A Common Stock,Nasdaq,LULD pause,2025-12-10,09:57:52
2025-12-10,09:51:41,BBGI,Beasley Broadcasting Group Inc,Nasdaq,LULD pause,2025-12-10,09:56:41
2025-12-10,09:49:45,HSPO,Horizon Space Acquisition I Corp. Ordinary Shares,Nasdaq,LULD pause,2025-12-10,09:54:45
2025-12-10,09:49:05,WOK,WORK Medical Technology Group LTD Class A Ordinary Shares,Nasdaq,LULD pause,2025-12-10,09:59:05
2025-12-10,09:49:02,AFJKU,"""Aimei Health Technology Co., Ltd Unit""",Nasdaq,LULD pause,2025-12-10,09:54:02
2025-12-10,09:46:01,BBGI,Beasley Broadcasting Group Inc,Nasdaq,LULD pause,2025-12-10,09:51:01
2025-12-10,09:43:52,ASPCU,A SPAC III Acquisition Corp. Unit,Nasdaq,LULD pause,2025-12-10,09:53:52
2025-12-10,09:43:35,ASPC,A SPAC III Acquisition Corp. Class A Ordinary Shares,Nasdaq,LULD pause,2025-12-10,09:53:35
2025-12-10,09:42:19,ACCL,Acco Group Holdings Limited Ordinary Shares,Nasdaq,LULD pause,2025-12-10,09:52:19
2025-12-10,09:41:41,WOK,WORK Medical Technology Group LTD Class A Ordinary Shares,Nasdaq,LULD pause,2025-12-10,09:46:41
2025-12-10,09:41:40,ATPC,Agape ATP Corporation Common Stock,Nasdaq,LULD pause,2025-12-10,09:46:40
2025-12-10,09:37:31,HSPO,Horizon Space Acquisition I Corp. Ordinary Shares,Nasdaq,LULD pause,2025-12-10,09:47:32
2025-12-10,09:36:29,AFJK,"""Aimei Health Technology Co., Ltd Ordinary Share""",Nasdaq,LULD pause,2025-12-10,09:46:29
2025-12-10,09:36:13,ACCL,Acco Group Holdings Limited Ordinary Shares,Nasdaq,LULD pause,2025-12-10,09:41:13
2025-12-10,09:36:07,WOK,WORK Medical Technology Group LTD Class A Ordinary Shares,Nasdaq,LULD pause,2025-12-10,09:41:07
2025-12-10,09:35:27,BBGI,Beasley Broadcasting Group Inc,Nasdaq,LULD pause,2025-12-10,09:45:27
2025-12-10,09:33:29,ASPCU,A SPAC III Acquisition Corp. Unit,Nasdaq,LULD pause,2025-12-10,09:38:29
2025-12-10,09:33:08,ASPC,A SPAC III Acquisition Corp. Class A Ordinary Shares,Nasdaq,LULD pause,2025-12-10,09:43:08
2025-12-10,09:32:42,POM,POMDOCTOR LIMITED American Depositary Shares,Nasdaq,LULD pause,2025-12-10,09:37:42
2025-12-10,09:31:13,ATPC,Agape ATP Corporation Common Stock,Nasdaq,LULD pause,2025-12-10,09:41:13
2025-12-10,09:30:33,WOK,WORK Medical Technology Group LTD Class A Ordinary Shares,Nasdaq,LULD pause,2025-12-10,09:35:33
2025-12-10,08:21:40,SCS,"""Steelcase, Inc.""",NYSE,Merger Effective,,
2025-12-09,19:50:00,SVREW,SaverOne 2014 Ltd. Warrant,Nasdaq,News pending,,
2025-12-09,19:50:00,SVREW,SaverOne 2014 Ltd. Warrant,Nasdaq,News pending,2025-12-10,09:05:00
2025-12-09,19:50:00,SVRE,SaverOne 2014 Ltd. American Depositary Shares,Nasdaq,News pending,,
2025-12-09,19:50:00,SVRE,SaverOne 2014 Ltd. American Depositary Shares,Nasdaq,News pending,2025-12-10,09:00:00
2025-12-09,19:50:00,HSII,Heidrick & Struggles Inc,Nasdaq,News pending,,
2025-12-09,19:50:00,ODP,The ODP Corporation Common Stock,Nasdaq,News pending,,
2025-12-09,15:52:18,JXG,JX Luxventure Limited Common Stock,Nasdaq,LULD pause,2025-12-09,16:00:00
2025-12-09,15:50:31,AFJK,"""Aimei Health Technology Co., Ltd Ordinary Share""",Nasdaq,LULD pause,2025-12-09,16:00:00
2025-12-09,15:45:34,HSPO,Horizon Space Acquisition I Corp. Ordinary Shares,Nasdaq,LULD pause,2025-12-09,16:00:00
2025-12-09,15:42:00,AFJK,"""Aimei Health Technology Co., Ltd Ordinary Share""",Nasdaq,LULD pause,2025-12-09,15:47:00
2025-12-09,15:30:30,AFJK,"""Aimei Health Technology Co., Ltd Ordinary Share""",Nasdaq,LULD pause,2025-12-09,15:40:30
2025-12-09,15:26:25,AFJKU,"""Aimei Health Technology Co., Ltd Unit""",Nasdaq,LULD pause,2025-12-09,15:41:19
2025-12-09,15:25:14,AFJK,"""Aimei Health Technology Co., Ltd Ordinary Share""",Nasdaq,LULD pause,2025-12-09,15:30:14
2025-12-09,15:22:33,OCG,Oriental Culture Holding LTD Ordinary Shares,Nasdaq,LULD pause,2025-12-09,15:27:33
2025-12-09,15:19:39,JXG,JX Luxventure Limited Common Stock,Nasdaq,LULD pause,2025-12-09,15:24:39
2025-12-09,15:19:31,AFJKU,"""Aimei Health Technology Co., Ltd Unit""",Nasdaq,LULD pause,2025-12-09,15:24:31
2025-12-09,15:15:04,LGHL,Lion Group Holding Ltd. American Depositary Share,Nasdaq,LULD pause,2025-12-09,15:20:04
2025-12-09,15:14:51,AFJK,"""Aimei Health Technology Co., Ltd Ordinary Share""",Nasdaq,LULD pause,2025-12-09,15:24:51
2025-12-09,15:13:27,JXG,JX Luxventure Limited Common Stock,Nasdaq,LULD pause,2025-12-09,15:18:27
2025-12-09,15:08:04,AFJKU,"""Aimei Health Technology Co., Ltd Unit""",Nasdaq,LULD pause,2025-12-09,15:13:04
2025-12-09,15:06:16,AFJK,"""Aimei Health Technology Co., Ltd Ordinary Share""",Nasdaq,LULD pause,2025-12-09,15:11:16
2025-12-09,14:48:48,CETX,CEMTREX INC.,Nasdaq,LULD pause,2025-12-09,14:53:48
2025-12-09,14:41:14,LGHL,Lion Group Holding Ltd. American Depositary Share,Nasdaq,LULD pause,2025-12-09,14:46:14
2025-12-09,14:33:48,LGHL,Lion Group Holding Ltd. American Depositary Share,Nasdaq,LULD pause,2025-12-09,14:38:48
2025-12-09,14:24:39,OCG,Oriental Culture Holding LTD Ordinary Shares,Nasdaq,LULD pause,2025-12-09,14:34:39
2025-12-09,14:23:25,LGHL,Lion Group Holding Ltd. American Depositary Share,Nasdaq,LULD pause,2025-12-09,14:33:25
2025-12-09,14:15:10,AFJK,"""Aimei Health Technology Co., Ltd Ordinary Share""",Nasdaq,LULD pause,2025-12-09,15:05:11
2025-12-09,14:11:59,AFJKU,"""Aimei Health Technology Co., Ltd Unit""",Nasdaq,LULD pause,2025-12-09,15:05:16
2025-12-09,14:04:47,AFJK,"""Aimei Health Technology Co., Ltd Ordinary Share""",Nasdaq,LULD pause,2025-12-09,14:14:47
2025-12-09,14:04:05,LGHL,Lion Group Holding Ltd. American Depositary Share,Nasdaq,LULD pause,2025-12-09,14:09:05
2025-12-09,14:00:07,NSRX,Nasus Pharma Ltd.,NYSE American,LULD pause,2025-12-09,14:05:07
2025-12-09,13:58:41,JLHL,Julong Holding Limited Class A Ordinary Shares,Nasdaq,LULD pause,2025-12-09,14:03:41
2025-12-09,13:53:39,LGHL,Lion Group Holding Ltd. American Depositary Share,Nasdaq,LULD pause,2025-12-09,14:03:39
2025-12-09,12:52:21,AFJK,"""Aimei Health Technology Co., Ltd Ordinary Share""",Nasdaq,LULD pause,2025-12-09,12:57:21
2025-12-09,12:50:42,WSHP,WeShop Holdings Limited Class A Ordinary Shares,Nasdaq,LULD pause,2025-12-09,12:55:42
2025-12-09,12:21:30,AFJK,"""Aimei Health Technology Co., Ltd Ordinary Share""",Nasdaq,LULD pause,2025-12-09,12:31:30
2025-12-09,12:11:55,AFJK,"""Aimei Health Technology Co., Ltd Ordinary Share""",Nasdaq,LULD pause,2025-12-09,12:16:55
2025-12-09,12:07:32,AFJKU,"""Aimei Health Technology Co., Ltd Unit""",Nasdaq,LULD pause,2025-12-09,12:12:32
2025-12-09,12:02:17,TGL,Treasure Global Inc. Common Stock,Nasdaq,LULD pause,2025-12-09,12:07:17
2025-12-09,12:00:12,AFJK,"""Aimei Health Technology Co., Ltd Ordinary Share""",Nasdaq,LULD pause,2025-12-09,12:05:12
2025-12-09,11:45:26,AFJK,"""Aimei Health Technology Co., Ltd Ordinary Share""",Nasdaq,LULD pause,2025-12-09,11:50:26
2025-12-09,11:36:24,AFJK,"""Aimei Health Technology Co., Ltd Ordinary Share""",Nasdaq,LULD pause,2025-12-09,11:41:24
2025-12-09,11:29:54,AFJK,"""Aimei Health Technology Co., Ltd Ordinary Share""",Nasdaq,LULD pause,2025-12-09,11:34:54
2025-12-09,11:27:26,HSPOU,Horizon Space Acquisition I Corp. Unit,Nasdaq,LULD pause,2025-12-09,11:32:26
2025-12-09,11:26:30,CV,"""CapsoVision, Inc. Common Stock""",Nasdaq,LULD pause,2025-12-09,11:36:30
2025-12-09,11:24:17,AFJK,"""Aimei Health Technology Co., Ltd Ordinary Share""",Nasdaq,LULD pause,2025-12-09,11:29:17
2025-12-09,11:18:50,AFJK,"""Aimei Health Technology Co., Ltd Ordinary Share""",Nasdaq,LULD pause,2025-12-09,11:23:50
2025-12-09,11:13:08,HSPOU,Horizon Space Acquisition I Corp. Unit,Nasdaq,LULD pause,2025-12-09,11:18:08
2025-12-09,11:08:58,NCPL,Netcapital Inc. Common Stock,Nasdaq,LULD pause,2025-12-09,11:13:58
2025-12-09,11:08:06,AFJK,"""Aimei Health Technology Co., Ltd Ordinary Share""",Nasdaq,LULD pause,2025-12-09,11:18:06
2025-12-09,10:59:20,AFJKU,"""Aimei Health Technology Co., Ltd Unit""",Nasdaq,LULD pause,2025-12-09,11:58:29
2025-12-09,10:57:41,AFJK,"""Aimei Health Technology Co., Ltd Ordinary Share""",Nasdaq,LULD pause,2025-12-09,11:07:41
2025-12-09,10:57:30,RDAC,Rising Dragon Acquisition Corp. Ordinary Shares,Nasdaq,LULD pause,2025-12-09,11:07:30
2025-12-09,10:53:58,TGL,Treasure Global Inc. Common Stock,Nasdaq,LULD pause,2025-12-09,10:58:58
2025-12-09,10:52:19,AFJKU,"""Aimei Health Technology Co., Ltd Unit""",Nasdaq,LULD pause,2025-12-09,10:57:19
2025-12-09,10:51:53,AFJK,"""Aimei Health Technology Co., Ltd Ordinary Share""",Nasdaq,LULD pause,2025-12-09,10:56:53
2025-12-09,10:47:14,RDAC,Rising Dragon Acquisition Corp. Ordinary Shares,Nasdaq,LULD pause,2025-12-09,10:52:14
2025-12-09,10:41:33,AFJK,"""Aimei Health Technology Co., Ltd Ordinary Share""",Nasdaq,LULD pause,2025-12-09,10:51:33
2025-12-09,10:36:19,RDAC,Rising Dragon Acquisition Corp. Ordinary Shares,Nasdaq,LULD pause,2025-12-09,10:46:19
2025-12-09,10:36:12,AFJKU,"""Aimei Health Technology Co., Ltd Unit""",Nasdaq,LULD pause,2025-12-09,10:52:02
2025-12-09,10:36:01,AFJK,"""Aimei Health Technology Co., Ltd Ordinary Share""",Nasdaq,LULD pause,2025-12-09,10:41:01
2025-12-09,10:30:19,AFJK,"""Aimei Health Technology Co., Ltd Ordinary Share""",Nasdaq,LULD pause,2025-12-09,10:35:19
2025-12-09,10:29:43,TGL,Treasure Global Inc. Common Stock,Nasdaq,LULD pause,2025-12-09,10:39:43
2025-12-09,10:25:50,NCPL,Netcapital Inc. Common Stock,Nasdaq,LULD pause,2025-12-09,10:30:50
2025-12-09,10:24:31,AFJK,"""Aimei Health Technology Co., Ltd Ordinary Share""",Nasdaq,LULD pause,2025-12-09,10:29:31
2025-12-09,10:20:28,ATMVU,AlphaVest Acquisition Corp Unit,Nasdaq,LULD pause,2025-12-09,10:30:28
2025-12-09,10:19:31,AFJKU,"""Aimei Health Technology Co., Ltd Unit""",Nasdaq,LULD pause,2025-12-09,10:24:31
2025-12-09,10:19:07,AFJK,"""Aimei Health Technology Co., Ltd Ordinary Share""",Nasdaq,LULD pause,2025-12-09,10:24:07
2025-12-09,10:16:12,NCPL,Netcapital Inc. Common Stock,Nasdaq,LULD pause,2025-12-09,10:21:12
2025-12-09,10:11:59,ATMVU,AlphaVest Acquisition Corp Unit,Nasdaq,LULD pause,2025-12-09,10:16:59
2025-12-09,10:10:47,WBUY,WEBUY GLOBAL LTD. Class A Ordinary Shares,Nasdaq,LULD pause,2025-12-09,10:20:47
2025-12-09,10:08:08,AFJK,"""Aimei Health Technology Co., Ltd Ordinary Share""",Nasdaq,LULD pause,2025-12-09,10:18:08
2025-12-09,10:03:36,AFJKU,"""Aimei Health Technology Co., Ltd Unit""",Nasdaq,LULD pause,2025-12-09,10:18:59
2025-12-09,10:01:57,WBUY,WEBUY GLOBAL LTD. Class A Ordinary Shares,Nasdaq,LULD pause,2025-12-09,10:06:57
2025-12-09,09:59:04,NCPL,Netcapital Inc. Common Stock,Nasdaq,LULD pause,2025-12-09,10:04:04
2025-12-09,09:57:57,AFJK,"""Aimei Health Technology Co., Ltd Ordinary Share""",Nasdaq,LULD pause,2025-12-09,10:02:57
2025-12-09,09:51:48,WBUY,WEBUY GLOBAL LTD. Class A Ordinary Shares,Nasdaq,LULD pause,2025-12-09,09:56:48
2025-12-09,09:40:51,NSRX,Nasus Pharma Ltd.,NYSE American,LULD pause,2025-12-09,09:50:51
2025-12-09,09:40:33,ATMVU,AlphaVest Acquisition Corp Unit,Nasdaq,LULD pause,2025-12-09,10:11:19
2025-12-09,09:38:39,NCPL,Netcapital Inc. Common Stock,Nasdaq,LULD pause,2025-12-09,09:43:39
2025-12-09,09:38:30,QCLS,"""Q/C Technologies, Inc. Common Stock""",Nasdaq,LULD pause,2025-12-09,09:43:30
2025-12-09,09:37:21,SAIH,SAIHEAT Limited Class A Ordinary Shares,Nasdaq,LULD pause,2025-12-09,09:42:21
2025-12-09,09:35:49,AFJK,"""Aimei Health Technology Co., Ltd Ordinary Share""",Nasdaq,LULD pause,2025-12-09,09:40:49
2025-12-09,09:34:40,AFJKU,"""Aimei Health Technology Co., Ltd Unit""",Nasdaq,LULD pause,2025-12-09,09:44:40
2025-12-09,09:33:05,WBUY,WEBUY GLOBAL LTD. Class A Ordinary Shares,Nasdaq,LULD pause,2025-12-09,09:48:06
2025-12-09,09:32:58,QCLS,"""Q/C Technologies, Inc. Common Stock""",Nasdaq,LULD pause,2025-12-09,09:37:58
2025-12-09,09:32:32,ATMV,AlphaVest Acquisition Corp Ordinary Shares,Nasdaq,LULD pause,2025-12-09,09:37:32
2025-12-09,08:52:56,PRO,"""Pros Holdings, Inc.""",NYSE,Merger Effective,,
2025-12-09,08:25:52,ATMCW,AlphaTime Acquisition Corp Warrant,Nasdaq,News pending,,
2025-12-09,08:25:52,ATMCU,AlphaTime Acquisition Corp Unit,Nasdaq,News pending,,
2025-12-09,08:25:52,ATMCR,AlphaTime Acquisition Corp Right,Nasdaq,News pending,,
2025-12-09,08:25:52,ATMC,AlphaTime Acquisition Corp Ordinary Shares,Nasdaq,News pending,,
2025-12-08,19:50:26,UL,Unilever plc,NYSE,Corporate Action,,
2025-12-08,19:50:26,UL,Unilever plc,NYSE,Corporate Action,2025-12-09,09:32:25
2025-12-08,19:50:07,NVOX,Defiance Daily Target 2x Long NVO ETF,NYSE Arca,Corporate Action,2025-12-09,09:00:00
2025-12-08,19:50:07,NVOX,Defiance Daily Target 2x Long NVO ETF,NYSE Arca,Corporate Action,,
2025-12-08,19:50:00,PSNY,"""Gores Guggenheim, Inc. Class A Common Stock""",Nasdaq,News pending,,
2025-12-08,19:50:00,PSNY,"""Gores Guggenheim, Inc. Class A Common Stock""",Nasdaq,News pending,2025-12-09,09:00:00
2025-12-08,19:50:00,PLTZ,Defiance Daily Target 2x Short PLTR ETF,Nasdaq,News pending,,
2025-12-08,19:50:00,PLTZ,Defiance Daily Target 2x Short PLTR ETF,Nasdaq,News pending,2025-12-09,09:00:00
2025-12-08,19:50:00,MST,Defiance Leveraged Long Income MSTR ETF,Nasdaq,News pending,2025-12-09,09:00:00
2025-12-08,19:50:00,MST,Defiance Leveraged Long Income MSTR ETF,Nasdaq,News pending,,
2025-12-08,19:50:00,SMCZ,Defiance Daily Target 2X Short SMCI ETF,Nasdaq,News pending,2025-12-09,09:00:00
2025-12-08,19:50:00,SMCZ,Defiance Daily Target 2X Short SMCI ETF,Nasdaq,News pending,,
2025-12-08,19:50:00,IONZ,Defiance Daily Target 2x Short IONQ ETF,Nasdaq,News pending,2025-12-09,09:00:00
2025-12-08,19:50:00,IONZ,Defiance Daily Target 2x Short IONQ ETF,Nasdaq,News pending,,
2025-12-08,19:50:00,PSNYW,Polestar Automotive Holding UK PLC Class C-1 ADS (ADW),Nasdaq,News pending,2025-12-09,09:05:00
2025-12-08,19:50:00,PSNYW,Polestar Automotive Holding UK PLC Class C-1 ADS (ADW),Nasdaq,News pending,,
2025-12-08,19:50:00,ADVM,"""Adverum Biotechnologies, Inc. Common Stock""",Nasdaq,News pending,,
2025-12-08,19:50:00,AKRO,"""Akero Therapeutics, Inc. Common Stock""",Nasdaq,News pending,,
2025-12-08,15:42:06,SAIH,SAIHEAT Limited Class A Ordinary Shares,Nasdaq,LULD pause,2025-12-08,15:47:06
2025-12-08,15:40:59,TWG,Top Wealth Group Holding Limited Class A Ordinary Shares,Nasdaq,LULD pause,2025-12-08,16:00:00
2025-12-08,15:20:52,RDACU,Rising Dragon Acquisition Corp. Unit,Nasdaq,LULD pause,2025-12-08,15:30:52
2025-12-08,14:40:00,TERN,"""Terns Pharmaceuticals, Inc. Common Stock""",Nasdaq,News pending,2025-12-08,15:10:01
2025-12-08,14:32:23,TGL,Treasure Global Inc. Common Stock,Nasdaq,LULD pause,2025-12-08,14:42:23
2025-12-08,14:28:07,TWG,Top Wealth Group Holding Limited Class A Ordinary Shares,Nasdaq,LULD pause,2025-12-08,14:38:07
2025-12-08,14:22:49,TWG,Top Wealth Group Holding Limited Class A Ordinary Shares,Nasdaq,LULD pause,2025-12-08,14:27:49
2025-12-08,14:18:07,AFJKU,"""Aimei Health Technology Co., Ltd Unit""",Nasdaq,LULD pause,2025-12-08,14:23:07
2025-12-08,14:06:36,TWG,Top Wealth Group Holding Limited Class A Ordinary Shares,Nasdaq,LULD pause,2025-12-08,14:11:36
2025-12-08,13:53:45,TWG,Top Wealth Group Holding Limited Class A Ordinary Shares,Nasdaq,LULD pause,2025-12-08,13:58:45
2025-12-08,13:43:00,SMX,SMX (Security Matters) Public Limited Company Ordinary Shares,Nasdaq,LULD pause,2025-12-08,13:48:00
2025-12-08,13:27:48,TWG,Top Wealth Group Holding Limited Class A Ordinary Shares,Nasdaq,LULD pause,2025-12-08,13:37:48
2025-12-08,13:22:19,TWG,Top Wealth Group Holding Limited Class A Ordinary Shares,Nasdaq,LULD pause,2025-12-08,13:27:19
2025-12-08,13:16:32,TWG,Top Wealth Group Holding Limited Class A Ordinary Shares,Nasdaq,LULD pause,2025-12-08,13:21:32
2025-12-08,13:10:49,TWG,Top Wealth Group Holding Limited Class A Ordinary Shares,Nasdaq,LULD pause,2025-12-08,13:15:49
2025-12-08,12:55:16,TWG,Top Wealth Group Holding Limited Class A Ordinary Shares,Nasdaq,LULD pause,2025-12-08,13:00:16
2025-12-08,12:51:15,SMX,SMX (Security Matters) Public Limited Company Ordinary Shares,Nasdaq,LULD pause,2025-12-08,12:56:15
2025-12-08,12:43:24,TWG,Top Wealth Group Holding Limited Class A Ordinary Shares,Nasdaq,LULD pause,2025-12-08,12:48:24
2025-12-08,12:42:24,CETX,CEMTREX INC.,Nasdaq,LULD pause,2025-12-08,12:47:24
2025-12-08,12:35:29,SMX,SMX (Security Matters) Public Limited Company Ordinary Shares,Nasdaq,LULD pause,2025-12-08,12:50:48
2025-12-08,11:01:45,CETX,CEMTREX INC.,Nasdaq,LULD pause,2025-12-08,11:06:45
2025-12-08,10:39:23,TWG,Top Wealth Group Holding Limited Class A Ordinary Shares,Nasdaq,LULD pause,2025-12-08,10:44:23
2025-12-08,10:38:00,CETX,CEMTREX INC.,Nasdaq,LULD pause,2025-12-08,10:43:00
2025-12-08,10:37:06,POAI,Predictive Oncology Inc. Common Stock,Nasdaq,LULD pause,2025-12-08,10:47:06
2025-12-08,10:36:37,PLBL,Polibeli Group Ltd Class A Ordinary Shares,Nasdaq,LULD pause,2025-12-08,10:41:37
2025-12-08,10:27:00,TGL,Treasure Global Inc. Common Stock,Nasdaq,LULD pause,2025-12-08,10:32:00
2025-12-08,10:24:09,POAI,Predictive Oncology Inc. Common Stock,Nasdaq,LULD pause,2025-12-08,10:29:09
2025-12-08,10:18:21,SUGP,SU Group Holdings Limited Ordinary Shares,Nasdaq,LULD pause,2025-12-08,10:23:21
2025-12-08,10:17:20,GPCR,Structure Therapeutics Inc. American Depositary Shares,Nasdaq,LULD pause,2025-12-08,10:22:20
2025-12-08,10:14:06,CETX,CEMTREX INC.,Nasdaq,LULD pause,2025-12-08,10:19:06
2025-12-08,10:12:45,POAI,Predictive Oncology Inc. Common Stock,Nasdaq,LULD pause,2025-12-08,10:22:46
2025-12-08,10:12:17,SUGP,SU Group Holdings Limited Ordinary Shares,Nasdaq,LULD pause,2025-12-08,10:17:17
2025-12-08,10:11:26,TGL,Treasure Global Inc. Common Stock,Nasdaq,LULD pause,2025-12-08,10:16:26
2025-12-08,10:10:46,TWG,Top Wealth Group Holding Limited Class A Ordinary Shares,Nasdaq,LULD pause,2025-12-08,10:15:46
2025-12-08,10:07:36,RILYL,"""B. Riley Financial, Inc. Depositary Shares each representing 1/1000th in a share of 7.375% Series B Cumulative Perpetual Preferred Stock, par value $0""",Nasdaq,LULD pause,2025-12-08,10:12:36
2025-12-08,10:03:47,GPCR,Structure Therapeutics Inc. American Depositary Shares,Nasdaq,LULD pause,2025-12-08,10:08:47
2025-12-08,10:02:43,CETX,CEMTREX INC.,Nasdaq,LULD pause,2025-12-08,10:07:43
2025-12-08,10:00:54,TGL,Treasure Global Inc. Common Stock,Nasdaq,LULD pause,2025-12-08,10:10:55
2025-12-08,09:57:46,SMX,SMX (Security Matters) Public Limited Company Ordinary Shares,Nasdaq,LULD pause,2025-12-08,10:02:46
2025-12-08,09:56:34,CETX,CEMTREX INC.,Nasdaq,LULD pause,2025-12-08,10:01:34
2025-12-08,09:49:11,TGL,Treasure Global Inc. Common Stock,Nasdaq,LULD pause,2025-12-08,09:54:11
2025-12-08,09:45:29,CETX,CEMTREX INC.,Nasdaq,LULD pause,2025-12-08,09:50:29
2025-12-08,09:44:49,SMX,SMX (Security Matters) Public Limited Company Ordinary Shares,Nasdaq,LULD pause,2025-12-08,09:54:49
2025-12-08,09:40:58,GPCR,Structure Therapeutics Inc. American Depositary Shares,Nasdaq,LULD pause,2025-12-08,09:45:58
2025-12-08,09:38:52,IBIO,"""iBio, Inc. Common Stock""",Nasdaq,LULD pause,2025-12-08,09:43:52
2025-12-08,09:38:27,TGL,Treasure Global Inc. Common Stock,Nasdaq,LULD pause,2025-12-08,09:48:27
2025-12-08,09:38:02,SMX,SMX (Security Matters) Public Limited Company Ordinary Shares,Nasdaq,LULD pause,2025-12-08,09:43:02
2025-12-08,09:36:45,CETX,CEMTREX INC.,Nasdaq,LULD pause,2025-12-08,09:41:45
2025-12-08,09:35:48,BLIV,BeLive Holdings Ordinary Share,Nasdaq,LULD pause,2025-12-08,09:40:48
2025-12-08,09:34:07,WHLR,"""Wheeler Real Estate Investment Trust, Inc""",Nasdaq,LULD pause,2025-12-08,09:39:07
2025-12-08,09:33:53,GPCR,Structure Therapeutics Inc. American Depositary Shares,Nasdaq,LULD pause,2025-12-08,09:38:53
2025-12-08,09:32:22,TGL,Treasure Global Inc. Common Stock,Nasdaq,LULD pause,2025-12-08,09:37:22
2025-12-08,09:32:11,GRI,"""GRI Bio, Inc. Common Stock""",Nasdaq,LULD pause,2025-12-08,09:37:11
2025-12-08,09:31:40,BDRX,Biodexa Pharmaceuticals plc American Depositary Shs,Nasdaq,LULD pause,2025-12-08,09:36:40
2025-12-08,09:31:11,CETX,CEMTREX INC.,Nasdaq,LULD pause,2025-12-08,09:36:11
2025-12-08,09:30:40,ANPA,Rich Sparkle Holdings Limited Ordinary Shares,Nasdaq,LULD pause,2025-12-08,09:35:40
2025-12-08,09:30:33,VIRC,Virco Mfg. Corporation,Nasdaq,LULD pause,2025-12-08,09:35:33
2025-12-08,09:30:25,LICN,Lichen China Limited Class A Ordinary Shares,Nasdaq,LULD pause,2025-12-08,09:35:25
2025-12-08,09:30:17,HSPOU,Horizon Space Acquisition I Corp. Unit,Nasdaq,LULD pause,2025-12-08,09:35:17
2025-12-08,09:02:54,ATER,"""Aterian, Inc. Common Stock""",Nasdaq,News pending,2025-12-08,09:50:00
2025-12-08,08:24:22,SPR,"""Spirit Aerosystems Holdings, Inc.""",NYSE,Merger Effective,,
2025-12-08,08:21:47,NFGC,New Found Gold Corp,NYSE American,News pending,2025-12-08,09:00:00
2025-12-08,07:55:00,CFLT,"""Confluent, Inc. Class A Common Stock""",Nasdaq,News pending,2025-12-08,08:20:00
2025-12-08,06:55:00,KMDA,Kamada Ltd,Nasdaq,News pending,2025-12-08,07:20:00
2025-12-08,06:55:00,KYMR,"""Kymera Therapeutics, Inc. Common Stock""",Nasdaq,News pending,2025-12-08,07:20:00
2025-12-05,19:51:18,PYPY,YieldMax PYPL Option Income Strategy ETF,NYSE Arca,Corporate Action,2025-12-08,09:00:00
2025-12-05,19:51:18,PYPY,YieldMax PYPL Option Income Strategy ETF,NYSE Arca,Corporate Action,,
2025-12-05,19:51:18,AMDY,YieldMax AMD Option Income Strategy ETF,NYSE Arca,Corporate Action,,
2025-12-05,19:51:18,AMDY,YieldMax AMD Option Income Strategy ETF,NYSE Arca,Corporate Action,2025-12-08,09:00:00
2025-12-05,19:51:18,MSTY,YieldMax MSTR Option Income Strategy ETF,NYSE Arca,Corporate Action,2025-12-08,09:00:00
2025-12-05,19:51:18,MSTY,YieldMax MSTR Option Income Strategy ETF,NYSE Arca,Corporate Action,,
2025-12-05,19:50:00,WKHS,"""Workhorse Group, Inc""",Nasdaq,News pending,,
2025-12-05,19:50:00,WKHS,"""Workhorse Group, Inc""",Nasdaq,News pending,2025-12-08,09:00:00
2025-12-05,15:57:01,LGHL,Lion Group Holding Ltd. American Depositary Share,Nasdaq,LULD pause,2025-12-05,16:00:00
2025-12-05,14:46:32,TGL,Treasure Global Inc. Common Stock,Nasdaq,LULD pause,2025-12-05,14:51:32
2025-12-05,14:27:58,TGL,Treasure Global Inc. Common Stock,Nasdaq,LULD pause,2025-12-05,14:32:58
2025-12-05,14:21:14,TGL,Treasure Global Inc. Common Stock,Nasdaq,LULD pause,2025-12-05,14:26:14
2025-12-05,14:15:46,TGL,Treasure Global Inc. Common Stock,Nasdaq,LULD pause,2025-12-05,14:20:46
2025-12-05,14:10:27,TGL,Treasure Global Inc. Common Stock,Nasdaq,LULD pause,2025-12-05,14:15:27
2025-12-05,13:56:15,GURE,"""Gulf Resources, Inc. (NV) Common Stock""",Nasdaq,LULD pause,2025-12-05,14:06:15
2025-12-05,13:54:05,WHLR,"""Wheeler Real Estate Investment Trust, Inc""",Nasdaq,LULD pause,2025-12-05,13:59:05
2025-12-05,13:51:52,TGL,Treasure Global Inc. Common Stock,Nasdaq,LULD pause,2025-12-05,13:56:52
2025-12-05,13:40:34,GURE,"""Gulf Resources, Inc. (NV) Common Stock""",Nasdaq,LULD pause,2025-12-05,13:45:34
2025-12-05,13:39:50,TGL,Treasure Global Inc. Common Stock,Nasdaq,LULD pause,2025-12-05,13:44:50
2025-12-05,13:33:23,FCUV,Focus Universal Inc. Common Stock,Nasdaq,LULD pause,2025-12-05,13:38:23
2025-12-05,13:28:59,AFJKU,"""Aimei Health Technology Co., Ltd Unit""",Nasdaq,LULD pause,2025-12-05,13:33:59
2025-12-05,13:21:30,TGL,Treasure Global Inc. Common Stock,Nasdaq,LULD pause,2025-12-05,13:31:30
2025-12-05,13:09:01,TGL,Treasure Global Inc. Common Stock,Nasdaq,LULD pause,2025-12-05,13:14:01
2025-12-05,12:53:27,SMX,SMX (Security Matters) Public Limited Company Ordinary Shares,Nasdaq,LULD pause,2025-12-05,12:58:27
2025-12-05,12:49:24,TGL,Treasure Global Inc. Common Stock,Nasdaq,LULD pause,2025-12-05,12:54:24
2025-12-05,12:40:45,SMX,SMX (Security Matters) Public Limited Company Ordinary Shares,Nasdaq,LULD pause,2025-12-05,12:45:45
2025-12-05,12:40:00,TGL,Treasure Global Inc. Common Stock,Nasdaq,LULD pause,2025-12-05,12:45:00
2025-12-05,12:33:32,TGL,Treasure Global Inc. Common Stock,Nasdaq,LULD pause,2025-12-05,12:38:32
2025-12-05,12:32:26,SMX,SMX (Security Matters) Public Limited Company Ordinary Shares,Nasdaq,LULD pause,2025-12-05,12:37:26
2025-12-05,12:27:23,TGL,Treasure Global Inc. Common Stock,Nasdaq,LULD pause,2025-12-05,12:32:23
2025-12-05,12:19:23,TGL,Treasure Global Inc. Common Stock,Nasdaq,LULD pause,2025-12-05,12:24:23
2025-12-05,12:18:09,SMX,SMX (Security Matters) Public Limited Company Ordinary Shares,Nasdaq,LULD pause,2025-12-05,12:23:09
2025-12-05,12:13:35,TGL,Treasure Global Inc. Common Stock,Nasdaq,LULD pause,2025-12-05,12:18:35
2025-12-05,12:12:06,SLG PRI,SL GREEN REALTY CORP 6.50% Series I Cumulative Redeemable Preferred Stock,NYSE,News pending,2025-12-05,12:47:34
2025-12-05,12:12:06,SLG,SL Green Realty Corp.,NYSE,News pending,2025-12-05,12:47:22
2025-12-05,12:06:16,SMX,SMX (Security Matters) Public Limited Company Ordinary Shares,Nasdaq,LULD pause,2025-12-05,12:11:16
2025-12-05,11:54:41,TGL,Treasure Global Inc. Common Stock,Nasdaq,LULD pause,2025-12-05,11:59:41
2025-12-05,11:44:30,TGL,Treasure Global Inc. Common Stock,Nasdaq,LULD pause,2025-12-05,11:49:30
2025-12-05,11:36:41,SMX,SMX (Security Matters) Public Limited Company Ordinary Shares,Nasdaq,LULD pause,2025-12-05,11:41:41
2025-12-05,11:31:26,TGL,Treasure Global Inc. Common Stock,Nasdaq,LULD pause,2025-12-05,11:41:26
2025-12-05,11:23:19,TGL,Treasure Global Inc. Common Stock,Nasdaq,LULD pause,2025-12-05,11:28:19
2025-12-05,11:20:52,TWNP,Twin Hospitality Group Inc. Class A Common Stock,Nasdaq,LULD pause,2025-12-05,11:25:52
2025-12-05,11:18:43,SMX,SMX (Security Matters) Public Limited Company Ordinary Shares,Nasdaq,LULD pause,2025-12-05,11:28:43
2025-12-05,11:18:00,TGL,Treasure Global Inc. Common Stock,Nasdaq,LULD pause,2025-12-05,11:23:00
2025-12-05,11:07:26,TGL,Treasure Global Inc. Common Stock,Nasdaq,LULD pause,2025-12-05,11:17:26
2025-12-05,10:56:36,XCUR,"""Exicure, Inc. Common Stock""",Nasdaq,LULD pause,2025-12-05,11:01:36
2025-12-05,10:56:07,GURE,"""Gulf Resources, Inc. (NV) Common Stock""",Nasdaq,LULD pause,2025-12-05,11:01:07
2025-12-05,10:51:04,REED,"""Reed's, Inc.""",NYSE American,LULD pause,2025-12-05,10:56:04
2025-12-05,10:49:47,TGL,Treasure Global Inc. Common Stock,Nasdaq,LULD pause,2025-12-05,10:59:48
2025-12-05,10:44:29,TGL,Treasure Global Inc. Common Stock,Nasdaq,LULD pause,2025-12-05,10:49:29
2025-12-05,10:39:56,BLCN,Siren ETF Trust Siren Nasdaq NexGen Economy ETF,Nasdaq,LULD pause,2025-12-05,10:44:56
2025-12-05,10:38:52,TGL,Treasure Global Inc. Common Stock,Nasdaq,LULD pause,2025-12-05,10:43:52
2025-12-05,10:37:14,SMX,SMX (Security Matters) Public Limited Company Ordinary Shares,Nasdaq,LULD pause,2025-12-05,10:42:14
2025-12-05,10:31:08,REED,"""Reed's, Inc.""",NYSE American,LULD pause,2025-12-05,10:36:08
2025-12-05,10:19:36,SMX,SMX (Security Matters) Public Limited Company Ordinary Shares,Nasdaq,LULD pause,2025-12-05,10:24:36
2025-12-05,10:16:45,GLXG,Galaxy Payroll Group Limited Class A Ordinary Shares,Nasdaq,LULD pause,2025-12-05,10:26:45
2025-12-05,10:13:31,CLIK,Click Holdings Limited Class A Ordinary Share,Nasdaq,LULD pause,2025-12-05,10:18:31
2025-12-05,10:09:18,DBRG,"""DigitalBridge Group, Inc.""",NYSE,LULD pause,2025-12-05,10:14:42
2025-12-05,10:08:09,CLIK,Click Holdings Limited Class A Ordinary Share,Nasdaq,LULD pause,2025-12-05,10:13:09
2025-12-05,10:07:31,GURE,"""Gulf Resources, Inc. (NV) Common Stock""",Nasdaq,LULD pause,2025-12-05,10:12:31
2025-12-05,10:06:52,AHMA,Ambitions Enterprise Management Co. L.L.C Class A Ordinary Shares,Nasdaq,LULD pause,2025-12-05,10:11:52
2025-12-05,10:04:51,TGL,Treasure Global Inc. Common Stock,Nasdaq,LULD pause,2025-12-05,10:09:51
2025-12-05,10:01:44,JFBR,Jeffs' Brands Ltd Ordinary Shares,Nasdaq,LULD pause,2025-12-05,10:06:44
2025-12-05,10:00:35,SMX,SMX (Security Matters) Public Limited Company Ordinary Shares,Nasdaq,LULD pause,2025-12-05,10:05:35
2025-12-05,09:59:31,TGL,Treasure Global Inc. Common Stock,Nasdaq,LULD pause,2025-12-05,10:04:31
2025-12-05,09:53:38,AHMA,Ambitions Enterprise Management Co. L.L.C Class A Ordinary Shares,Nasdaq,LULD pause,2025-12-05,09:58:38
2025-12-05,09:49:55,GURE,"""Gulf Resources, Inc. (NV) Common Stock""",Nasdaq,LULD pause,2025-12-05,09:54:55
2025-12-05,09:49:08,TGL,Treasure Global Inc. Common Stock,Nasdaq,LULD pause,2025-12-05,09:59:08
2025-12-05,09:43:36,GURE,"""Gulf Resources, Inc. (NV) Common Stock""",Nasdaq,LULD pause,2025-12-05,09:48:36
2025-12-05,09:32:52,GURE,"""Gulf Resources, Inc. (NV) Common Stock""",Nasdaq,LULD pause,2025-12-05,09:42:52
2025-12-05,08:53:06,BWSN,"""Babcock & Wilcox Enterprises, Inc. 8.125% Senior Notes due 2026""",NYSE,Corporate Action,,
2025-12-05,06:56:59,WBD,"""Warner Bros. Discovery, Inc. Series A Common Stock""",Nasdaq,News pending,2025-12-05,07:20:00
2025-12-04,19:50:00,MAGH,Magnitude International Ltd Ordinary Shares,Nasdaq,News pending,,
2025-12-04,19:50:00,MAGH,Magnitude International Ltd Ordinary Shares,Nasdaq,News Pending,,
2025-12-04,19:50:00,MURA,Mural Oncology plc Ordinary Shares,Nasdaq,News pending,,
2025-12-04,19:50:00,IMG,CIMG Inc. Common Stock,Nasdaq,News pending,2025-12-05,09:00:00
2025-12-04,19:50:00,IMG,CIMG Inc. Common Stock,Nasdaq,News pending,,
2025-12-04,19:50:00,MTVA,MetaVia Inc. Common Stock,Nasdaq,News pending,2025-12-05,09:00:00
2025-12-04,19:50:00,MTVA,MetaVia Inc. Common Stock,Nasdaq,News pending,,
2025-12-04,19:50:00,TGL,Treasure Global Inc. Common Stock,Nasdaq,News pending,,
2025-12-04,19:50:00,TGL,Treasure Global Inc. Common Stock,Nasdaq,News pending,2025-12-05,09:00:00
2025-12-04,16:05:00,SEVNR,Seven Hills Realty Trust Right,Nasdaq,News pending,,
2025-12-04,15:54:10,WOK,WORK Medical Technology Group LTD Class A Ordinary Shares,Nasdaq,LULD pause,2025-12-04,16:00:00
2025-12-04,15:54:02,WHLRP,"""Wheeler Real Estate Investment Trust, Inc. Preferred Stock""",Nasdaq,LULD pause,2025-12-04,16:00:00
2025-12-04,15:42:15,SMX,SMX (Security Matters) Public Limited Company Ordinary Shares,Nasdaq,LULD pause,2025-12-04,16:00:00
2025-12-04,15:30:21,VCIG,VCI Global Limited Ordinary Share,Nasdaq,LULD pause,2025-12-04,15:35:21
2025-12-04,15:20:40,AXG,Solowin Holdings Class A Ordinary Share,Nasdaq,LULD pause,2025-12-04,15:25:40
2025-12-04,15:19:22,SMX,SMX (Security Matters) Public Limited Company Ordinary Shares,Nasdaq,LULD pause,2025-12-04,15:24:22
2025-12-04,15:13:28,SMX,SMX (Security Matters) Public Limited Company Ordinary Shares,Nasdaq,LULD pause,2025-12-04,15:18:28
2025-12-04,15:00:58,MGRT,Mega Fortune Company Limited Ordinary Shares,Nasdaq,LULD pause,2025-12-04,15:05:58
2025-12-04,14:59:24,SMX,SMX (Security Matters) Public Limited Company Ordinary Shares,Nasdaq,LULD pause,2025-12-04,15:04:24
2025-12-04,13:44:45,ANPA,Rich Sparkle Holdings Limited Ordinary Shares,Nasdaq,LULD pause,2025-12-04,13:54:45
2025-12-04,13:34:51,ANPA,Rich Sparkle Holdings Limited Ordinary Shares,Nasdaq,LULD pause,2025-12-04,13:39:51
2025-12-04,13:26:43,BACQU,Inflection Point Acquisition Corp. IV Unit,Nasdaq,LULD pause,2025-12-04,13:31:43
2025-12-04,12:21:26,SMX,SMX (Security Matters) Public Limited Company Ordinary Shares,Nasdaq,LULD pause,2025-12-04,12:26:26
2025-12-04,11:20:06,AGCC,Agencia Comercial Spirits Ltd Class A Ordinary Shares,Nasdaq,LULD pause,2025-12-04,11:30:06
2025-12-04,11:13:58,SMJF,SMJ International Holdings Inc.,NYSE American,LULD pause,2025-12-04,11:23:58
2025-12-04,11:13:56,PHOE,Phoenix Asia Holdings Limited Ordinary Shares,Nasdaq,LULD pause,2025-12-04,11:18:56
2025-12-04,11:06:25,SMJF,SMJ International Holdings Inc.,NYSE American,LULD pause,2025-12-04,11:11:25
2025-12-04,10:51:10,SMJF,SMJ International Holdings Inc.,NYSE American,LULD pause,2025-12-04,11:06:10
2025-12-04,10:45:37,KALA,"""KALA BIO, Inc. Common Stock""",Nasdaq,LULD pause,2025-12-04,10:50:37
2025-12-04,10:33:04,NA,Nano Labs Ltd Class A Ordinary Shares,Nasdaq,LULD pause,2025-12-04,10:38:04
2025-12-04,10:15:40,SMJF,SMJ International Holdings Inc.,NYSE American,LULD pause,2025-12-04,10:50:45
2025-12-04,09:57:47,PBR,PETROLEO BRASILEIRO S.A.-PETROBRAS ADS (REP 1 COMMON SHARE),NYSE,News pending,2025-12-04,10:33:31
2025-12-04,09:57:47,PBR A,Petroleo Brasileiro S.A.-Petrobras,NYSE,News pending,2025-12-04,10:33:42
2025-12-04,09:56:14,CITR,"""General Enterprise Ventures, Inc.""",NYSE American,LULD pause,2025-12-04,10:01:14
2025-12-04,09:50:41,CEP,"""Cantor Equity Partners, Inc. Class A Ordinary Shares""",Nasdaq,LULD pause,2025-12-04,09:55:41
2025-12-04,09:50:06,AFJK,"""Aimei Health Technology Co., Ltd Ordinary Share""",Nasdaq,LULD pause,2025-12-04,09:55:06
2025-12-04,09:45:20,CITR,"""General Enterprise Ventures, Inc.""",NYSE American,LULD pause,2025-12-04,09:55:53
2025-12-04,09:43:19,AFJK,"""Aimei Health Technology Co., Ltd Ordinary Share""",Nasdaq,LULD pause,2025-12-04,09:48:19
2025-12-04,09:34:51,GLXG,Galaxy Payroll Group Limited Class A Ordinary Shares,Nasdaq,LULD pause,2025-12-04,09:44:51
2025-12-04,09:32:29,NVA,Nova Minerals Limited American Depositary Shares,Nasdaq,LULD pause,2025-12-04,09:37:29
2025-12-04,09:31:44,XCH,XCHG Limited American Depositary Share,Nasdaq,LULD pause,2025-12-04,09:36:44
2025-12-04,09:31:38,ABLV,Able View Global Inc. Class B Ordinary Shares,Nasdaq,LULD pause,2025-12-04,09:36:38
2025-12-04,08:55:00,SNCR,Synchronoss Technologies Inc Common Stock,Nasdaq,News pending,2025-12-04,10:00:01
2025-12-03,16:05:00,CMPOW,"""CompoSecure, Inc. Warrant""",Nasdaq,News pending,,
2025-12-03,15:54:06,PURR,Hyperliquid Strategies Inc Common Stock,Nasdaq,LULD pause,2025-12-03,16:00:00
2025-12-03,15:40:48,WOK,WORK Medical Technology Group LTD Class A Ordinary Shares,Nasdaq,LULD pause,2025-12-03,16:00:00
2025-12-03,15:27:23,WOK,WORK Medical Technology Group LTD Class A Ordinary Shares,Nasdaq,LULD pause,2025-12-03,15:32:23
2025-12-03,15:14:25,POLEU,Andretti Acquisition Corp. II Unit,Nasdaq,LULD pause,2025-12-03,15:19:25
2025-12-03,15:01:23,WLACU,Willow Lane Acquisition Corp. Unit,Nasdaq,LULD pause,2025-12-03,15:06:23
2025-12-03,11:32:20,PARK,"""Park Dental Partners, Inc. Common Stock""",Nasdaq,LULD pause,2025-12-03,11:37:20
2025-12-03,11:04:13,MAGH,Magnitude International Ltd Ordinary Shares,Nasdaq,LULD pause,2025-12-03,11:14:13
2025-12-03,11:00:46,RAIN,"""Rain Enhancement Technologies Holdco, Inc. Class A Common Stock""",Nasdaq,LULD pause,2025-12-03,11:05:46
2025-12-03,10:17:31,CAPR,Capricor Therapeutics Inc,Nasdaq,LULD pause,2025-12-03,10:22:31
2025-12-03,10:10:51,FOXX,Foxx Development Holdings Inc. Common Stock,Nasdaq,LULD pause,2025-12-03,10:20:51
2025-12-03,10:07:01,CAPR,Capricor Therapeutics Inc,Nasdaq,LULD pause,2025-12-03,10:17:02
2025-12-03,10:04:57,AGRZ,Agroz Inc. Ordinary Shares,Nasdaq,LULD pause,2025-12-03,10:09:57
2025-12-03,09:57:29,DEVS,DevvStream Corp. Common Stock,Nasdaq,LULD pause,2025-12-03,10:02:29
2025-12-03,09:55:50,GLXG,Galaxy Payroll Group Limited Class A Ordinary Shares,Nasdaq,LULD pause,2025-12-03,10:05:50
2025-12-03,09:44:52,CNCK,Coincheck Group N.V. Ordinary Shares,Nasdaq,LULD pause,2025-12-03,09:49:52
2025-12-03,09:44:24,CAPR,Capricor Therapeutics Inc,Nasdaq,LULD pause,2025-12-03,10:04:25
2025-12-03,09:37:18,CNCK,Coincheck Group N.V. Ordinary Shares,Nasdaq,LULD pause,2025-12-03,09:42:18
2025-12-03,09:36:45,CAPR,Capricor Therapeutics Inc,Nasdaq,LULD pause,2025-12-03,09:41:45
2025-12-03,09:33:52,BDTX,"""Black Diamond Therapeutics, Inc. Common Stock""",Nasdaq,LULD pause,2025-12-03,09:43:52
2025-12-03,09:33:23,QCLS,"""Q/C Technologies, Inc. Common Stock""",Nasdaq,LULD pause,2025-12-03,09:38:23
2025-12-03,09:30:58,WSHP,WeShop Holdings Limited Class A Ordinary Shares,Nasdaq,LULD pause,2025-12-03,09:40:58
2025-12-03,09:30:49,CAPR,Capricor Therapeutics Inc,Nasdaq,LULD pause,2025-12-03,09:35:49
2025-12-03,09:30:15,DTSQU,DT Cloud Star Acquisition Corporation Units,Nasdaq,LULD pause,2025-12-03,09:45:16
2025-12-03,08:48:46,DEVS,DevvStream Corp. Common Stock,Nasdaq,News pending,2025-12-03,09:55:00
2025-12-03,08:15:00,POLEW,Andretti Acquisition Corp. II Warrant,Nasdaq,News pending,2025-12-03,08:55:00
2025-12-03,08:15:00,POLEU,Andretti Acquisition Corp. II Unit,Nasdaq,News pending,2025-12-03,08:55:00
2025-12-03,08:15:00,POLE,Andretti Acquisition Corp. II Class A Ordinary Shares,Nasdaq,News pending,2025-12-03,08:50:00
2025-12-03,07:15:00,CAPR,Capricor Therapeutics Inc,Nasdaq,News pending,2025-12-03,09:30:02
2025-12-02,19:50:00,STRO,"""Sutro Biopharma, Inc.""",Nasdaq,News pending,2025-12-03,09:00:00
2025-12-02,19:50:00,STRO,"""Sutro Biopharma, Inc.""",Nasdaq,News pending,,
2025-12-02,13:33:07,PLRZ,Polyrizon Ltd. Ordinary Shares,Nasdaq,LULD pause,2025-12-02,13:38:07
2025-12-02,13:29:48,FOXX,Foxx Development Holdings Inc. Common Stock,Nasdaq,LULD pause,2025-12-02,13:34:48
2025-12-02,12:42:47,PLRZ,Polyrizon Ltd. Ordinary Shares,Nasdaq,LULD pause,2025-12-02,12:47:47
2025-12-02,12:22:17,PLRZ,Polyrizon Ltd. Ordinary Shares,Nasdaq,LULD pause,2025-12-02,12:27:17
2025-12-02,12:11:55,SMX,SMX (Security Matters) Public Limited Company Ordinary Shares,Nasdaq,LULD pause,2025-12-02,12:16:55
2025-12-02,11:25:37,FBYD,"""Falcon's Beyond Global, Inc. Class A Common Stock""",Nasdaq,LULD pause,2025-12-02,11:39:11
2025-12-02,11:15:32,FBYD,"""Falcon's Beyond Global, Inc. Class A Common Stock""",Nasdaq,LULD pause,2025-12-02,11:20:32
2025-12-02,11:10:08,FBYD,"""Falcon's Beyond Global, Inc. Class A Common Stock""",Nasdaq,LULD pause,2025-12-02,11:15:08
2025-12-02,10:54:20,YDKG,Yueda Digital Holding Class A Ordinary Share,Nasdaq,LULD pause,2025-12-02,10:59:20
2025-12-02,10:51:34,FLYE,"""Fly-E Group, Inc. Common Stock""",Nasdaq,LULD pause,2025-12-02,10:56:34
2025-12-02,10:47:43,YDKG,Yueda Digital Holding Class A Ordinary Share,Nasdaq,LULD pause,2025-12-02,10:52:43
2025-12-02,10:44:27,SMX,SMX (Security Matters) Public Limited Company Ordinary Shares,Nasdaq,LULD pause,2025-12-02,10:49:27
2025-12-02,10:43:34,SOLM,Amplify Solana 3% Monthly Option Income ETF,Cboe BZX,LULD pause,2025-12-02,10:48:34
2025-12-02,10:40:53,FLYE,"""Fly-E Group, Inc. Common Stock""",Nasdaq,LULD pause,2025-12-02,10:50:54
2025-12-02,10:30:40,SMX,SMX (Security Matters) Public Limited Company Ordinary Shares,Nasdaq,LULD pause,2025-12-02,10:35:40
2025-12-02,10:24:03,LIVE,Live Ventures Inc,Nasdaq,LULD pause,2025-12-02,10:29:03
2025-12-02,10:07:16,SONN,"""Sonnet BioTherapeutics Holdings, Inc. Common Stock""",Nasdaq,LULD pause,2025-12-02,10:12:16
2025-12-02,10:04:39,PLRZ,Polyrizon Ltd. Ordinary Shares,Nasdaq,LULD pause,2025-12-02,10:09:39
2025-12-02,09:59:50,SONN,"""Sonnet BioTherapeutics Holdings, Inc. Common Stock""",Nasdaq,LULD pause,2025-12-02,10:04:50
2025-12-02,09:51:14,BRRWU,Columbus Circle Capital Corp I Units,Nasdaq,LULD pause,2025-12-02,10:08:06
2025-12-02,09:48:34,SONN,"""Sonnet BioTherapeutics Holdings, Inc. Common Stock""",Nasdaq,LULD pause,2025-12-02,09:58:34
2025-12-02,09:47:42,ABTC,American Bitcoin Corp. Class A Common Stock,Nasdaq,LULD pause,2025-12-02,09:52:42
2025-12-02,09:43:03,PLRZ,Polyrizon Ltd. Ordinary Shares,Nasdaq,LULD pause,2025-12-02,09:53:03
2025-12-02,09:42:12,SONN,"""Sonnet BioTherapeutics Holdings, Inc. Common Stock""",Nasdaq,LULD pause,2025-12-02,09:47:12
2025-12-02,09:42:11,ABTC,American Bitcoin Corp. Class A Common Stock,Nasdaq,LULD pause,2025-12-02,09:47:11
2025-12-02,09:38:47,FLYE,"""Fly-E Group, Inc. Common Stock""",Nasdaq,LULD pause,2025-12-02,09:48:47
2025-12-02,09:38:04,KZIA,Kazia Therapeutics Limited American Depositary Shares,Nasdaq,LULD pause,2025-12-02,09:43:04
2025-12-02,09:36:33,ABTC,American Bitcoin Corp. Class A Common Stock,Nasdaq,LULD pause,2025-12-02,09:41:33
2025-12-02,09:31:47,SONN,"""Sonnet BioTherapeutics Holdings, Inc. Common Stock""",Nasdaq,LULD pause,2025-12-02,09:41:47
2025-12-02,09:31:09,ABTC,American Bitcoin Corp. Class A Common Stock,Nasdaq,LULD pause,2025-12-02,09:36:09
2025-12-02,07:55:00,CAPTW,Captivision Inc. Warrant,Nasdaq,News pending,2025-12-02,08:35:00
2025-12-02,07:55:00,CAPT,Captivision Inc. Ordinary Shares,Nasdaq,News pending,2025-12-02,08:30:00
2025-12-02,07:18:33,EB,"""Eventbrite, Inc. Class A Common Stock""",NYSE,News pending,2025-12-02,07:44:22
2025-12-02,06:55:00,JSPRW,"""Japer Therapeutics, Inc. Warrants""",Nasdaq,News pending,2025-12-02,07:35:00
2025-12-02,06:55:00,JSPR,"""Jasper Therapeutics, Inc. Common Stock""",Nasdaq,News pending,2025-12-02,07:30:00
2025-12-01,19:51:20,HPP,"""Hudson Pacific Properties, Inc.""",NYSE,Corporate Action,,
2025-12-01,19:51:20,HPP,"""Hudson Pacific Properties, Inc.""",NYSE,Corporate Action,2025-12-02,09:31:40
2025-12-01,19:50:52,DIPS,YieldMax Short NVDA Option Income Strategy ETF,NYSE Arca,Corporate Action,,
2025-12-01,19:50:52,DIPS,YieldMax Short NVDA Option Income Strategy ETF,NYSE Arca,Corporate Action,2025-12-02,09:00:00
2025-12-01,19:50:52,CONY,YieldMax COIN Option Income Strategy ETF,NYSE Arca,Corporate Action,2025-12-02,09:00:00
2025-12-01,19:50:52,CONY,YieldMax COIN Option Income Strategy ETF,NYSE Arca,Corporate Action,,
2025-12-01,19:50:52,CRSH,YieldMax Short TSLA Option Income Strategy ETF,NYSE Arca,Corporate Action,2025-12-02,09:00:00
2025-12-01,19:50:52,CRSH,YieldMax Short TSLA Option Income Strategy ETF,NYSE Arca,Corporate Action,,
2025-12-01,19:50:52,OARK,YieldMax Innovation Option Income Strategy ETF,NYSE Arca,Corporate Action,,
2025-12-01,19:50:52,OARK,YieldMax Innovation Option Income Strategy ETF,NYSE Arca,Corporate Action,2025-12-02,09:00:00
2025-12-01,19:50:52,ABNY,YieldMax ABNB Option Income Strategy ETF,NYSE Arca,Corporate Action,,
2025-12-01,19:50:52,ABNY,YieldMax ABNB Option Income Strategy ETF,NYSE Arca,Corporate Action,2025-12-02,09:00:00
2025-12-01,19:50:52,AIYY,YieldMax AI Option Income Strategy ETF,NYSE Arca,Corporate Action,,
2025-12-01,19:50:52,AIYY,YieldMax AI Option Income Strategy ETF,NYSE Arca,Corporate Action,2025-12-02,09:00:00
2025-12-01,19:50:52,FIAT,YieldMax Short COIN Option Income Strategy ETF,NYSE Arca,Corporate Action,,
2025-12-01,19:50:52,FIAT,YieldMax Short COIN Option Income Strategy ETF,NYSE Arca,Corporate Action,2025-12-02,09:10:00
2025-12-01,19:50:00,TLRY,"""Tilray Brands, Inc. Common Stock""",Nasdaq,News pending,,
2025-12-01,19:50:00,TLRY,"""Tilray Brands, Inc. Common Stock""",Nasdaq,News pending,2025-12-02,09:00:00
2025-12-01,19:50:00,SPHL,Springview Holdings Ltd Class A Ordinary Shares,Nasdaq,News pending,,
2025-12-01,19:50:00,SPHL,Springview Holdings Ltd Class A Ordinary Shares,Nasdaq,News pending,2025-12-02,09:00:00
2025-12-01,19:50:00,XHLD,"""TEN Holdings, Inc. Common Stock""",Nasdaq,News pending,2025-12-02,09:00:00
2025-12-01,19:50:00,RUBI,Rubico Inc. Common Stock,Nasdaq,News pending,2025-12-02,09:00:00
2025-12-01,19:50:00,XHLD,"""TEN Holdings, Inc. Common Stock""",Nasdaq,News pending,,
2025-12-01,19:50:00,RUBI,Rubico Inc. Common Stock,Nasdaq,News pending,,
2025-12-01,16:05:00,USARW,"""USA Rare Earth, Inc. Warrant""",Nasdaq,News pending,,
2025-12-01,15:38:04,FLYE,"""Fly-E Group, Inc. Common Stock""",Nasdaq,LULD pause,2025-12-01,16:00:00
2025-12-01,15:17:05,FLYE,"""Fly-E Group, Inc. Common Stock""",Nasdaq,LULD pause,2025-12-01,15:22:05
2025-12-01,15:07:44,FLYE,"""Fly-E Group, Inc. Common Stock""",Nasdaq,LULD pause,2025-12-01,15:12:44
2025-12-01,14:58:00,FLYE,"""Fly-E Group, Inc. Common Stock""",Nasdaq,LULD pause,2025-12-01,15:03:00
2025-12-01,14:44:27,FLYE,"""Fly-E Group, Inc. Common Stock""",Nasdaq,LULD pause,2025-12-01,14:54:27
2025-12-01,14:33:55,FLYE,"""Fly-E Group, Inc. Common Stock""",Nasdaq,LULD pause,2025-12-01,14:38:55
2025-12-01,14:19:07,BLCN,Siren ETF Trust Siren Nasdaq NexGen Economy ETF,Nasdaq,LULD pause,2025-12-01,14:24:07
2025-12-01,14:09:35,FLYE,"""Fly-E Group, Inc. Common Stock""",Nasdaq,LULD pause,2025-12-01,14:14:35
2025-12-01,14:08:25,AHMA,Ambitions Enterprise Management Co. L.L.C Class A Ordinary Shares,Nasdaq,LULD pause,2025-12-01,14:13:25
2025-12-01,13:59:55,FLYE,"""Fly-E Group, Inc. Common Stock""",Nasdaq,LULD pause,2025-12-01,14:04:55
2025-12-01,13:53:00,FLYE,"""Fly-E Group, Inc. Common Stock""",Nasdaq,LULD pause,2025-12-01,13:58:00
2025-12-01,13:49:29,CNCK,Coincheck Group N.V. Ordinary Shares,Nasdaq,LULD pause,2025-12-01,13:54:29
2025-12-01,13:42:52,FLYE,"""Fly-E Group, Inc. Common Stock""",Nasdaq,LULD pause,2025-12-01,13:47:52
2025-12-01,13:18:57,FLYE,"""Fly-E Group, Inc. Common Stock""",Nasdaq,LULD pause,2025-12-01,13:23:57
2025-12-01,12:55:53,CNCK,Coincheck Group N.V. Ordinary Shares,Nasdaq,LULD pause,2025-12-01,13:00:53
2025-12-01,12:47:07,FLYE,"""Fly-E Group, Inc. Common Stock""",Nasdaq,LULD pause,2025-12-01,12:57:07
2025-12-01,12:46:47,CNCK,Coincheck Group N.V. Ordinary Shares,Nasdaq,LULD pause,2025-12-01,12:51:47
2025-12-01,12:41:22,CNCK,Coincheck Group N.V. Ordinary Shares,Nasdaq,LULD pause,2025-12-01,12:46:22
2025-12-01,12:28:06,FLYE,"""Fly-E Group, Inc. Common Stock""",Nasdaq,LULD pause,2025-12-01,12:38:06
2025-12-01,12:27:55,RNEM,First Trust Emerging Markets Equity Select ETF,Nasdaq,LULD pause,2025-12-01,12:32:55
2025-12-01,12:06:55,FLYE,"""Fly-E Group, Inc. Common Stock""",Nasdaq,LULD pause,2025-12-01,12:11:55
2025-12-01,11:46:19,FLYE,"""Fly-E Group, Inc. Common Stock""",Nasdaq,LULD pause,2025-12-01,11:51:19
2025-12-01,11:32:06,FLYE,"""Fly-E Group, Inc. Common Stock""",Nasdaq,LULD pause,2025-12-01,11:42:06
2025-12-01,11:23:41,FLYE,"""Fly-E Group, Inc. Common Stock""",Nasdaq,LULD pause,2025-12-01,11:28:41
2025-12-01,11:18:35,AHMA,Ambitions Enterprise Management Co. L.L.C Class A Ordinary Shares,Nasdaq,LULD pause,2025-12-01,11:23:35
2025-12-01,11:17:46,FLYE,"""Fly-E Group, Inc. Common Stock""",Nasdaq,LULD pause,2025-12-01,11:22:46
2025-12-01,11:16:50,KXIN,Kaixin Holdings Ordinary Shares,Nasdaq,LULD pause,2025-12-01,11:21:50
2025-12-01,11:16:25,BRRWU,Columbus Circle Capital Corp I Units,Nasdaq,LULD pause,2025-12-01,11:21:25
2025-12-01,11:08:28,FLYE,"""Fly-E Group, Inc. Common Stock""",Nasdaq,LULD pause,2025-12-01,11:13:28
2025-12-01,11:03:06,FLYE,"""Fly-E Group, Inc. Common Stock""",Nasdaq,LULD pause,2025-12-01,11:08:06
2025-12-01,11:01:16,KXIN,Kaixin Holdings Ordinary Shares,Nasdaq,LULD pause,2025-12-01,11:11:16
2025-12-01,10:52:51,FLYE,"""Fly-E Group, Inc. Common Stock""",Nasdaq,LULD pause,2025-12-01,11:02:51
2025-12-01,10:50:38,KXIN,Kaixin Holdings Ordinary Shares,Nasdaq,LULD pause,2025-12-01,10:55:38
2025-12-01,10:47:26,ADTX,"""Aditxt, Inc. Common Stock""",Nasdaq,LULD pause,2025-12-01,10:52:26
2025-12-01,10:42:13,FLYE,"""Fly-E Group, Inc. Common Stock""",Nasdaq,LULD pause,2025-12-01,10:52:13
2025-12-01,10:41:35,WHLR,"""Wheeler Real Estate Investment Trust, Inc""",Nasdaq,LULD pause,2025-12-01,10:51:35
2025-12-01,10:40:20,KXIN,Kaixin Holdings Ordinary Shares,Nasdaq,LULD pause,2025-12-01,10:45:20
2025-12-01,10:36:13,FLYE,"""Fly-E Group, Inc. Common Stock""",Nasdaq,LULD pause,2025-12-01,10:41:13
2025-12-01,10:35:12,AHMA,Ambitions Enterprise Management Co. L.L.C Class A Ordinary Shares,Nasdaq,LULD pause,2025-12-01,10:40:12
2025-12-01,10:25:17,FLYE,"""Fly-E Group, Inc. Common Stock""",Nasdaq,LULD pause,2025-12-01,10:35:17
2025-12-01,10:13:21,FLYE,"""Fly-E Group, Inc. Common Stock""",Nasdaq,LULD pause,2025-12-01,10:23:21
2025-12-01,10:09:56,KXIN,Kaixin Holdings Ordinary Shares,Nasdaq,LULD pause,2025-12-01,10:14:56
2025-12-01,10:08:14,AHMA,Ambitions Enterprise Management Co. L.L.C Class A Ordinary Shares,Nasdaq,LULD pause,2025-12-01,10:13:14
2025-12-01,10:07:27,FLYE,"""Fly-E Group, Inc. Common Stock""",Nasdaq,LULD pause,2025-12-01,10:12:27
2025-12-01,10:01:52,FLYE,"""Fly-E Group, Inc. Common Stock""",Nasdaq,LULD pause,2025-12-01,10:06:52
2025-12-01,09:55:00,AHMA,Ambitions Enterprise Management Co. L.L.C Class A Ordinary Shares,Nasdaq,LULD pause,2025-12-01,10:05:00
2025-12-01,09:54:56,ATGL,Alpha Technology Group Limited Class A Ordinary Shares,Nasdaq,LULD pause,2025-12-01,09:59:56
2025-12-01,09:49:16,FLYE,"""Fly-E Group, Inc. Common Stock""",Nasdaq,LULD pause,2025-12-01,09:59:16
2025-12-01,09:44:32,MFI,mF International Limited Class A Ordinary Shares,Nasdaq,LULD pause,2025-12-01,09:49:32
2025-12-01,09:42:26,AHMA,Ambitions Enterprise Management Co. L.L.C Class A Ordinary Shares,Nasdaq,LULD pause,2025-12-01,09:47:26
2025-12-01,09:42:04,SMX,SMX (Security Matters) Public Limited Company Ordinary Shares,Nasdaq,LULD pause,2025-12-01,09:47:04
2025-12-01,09:37:02,MFI,mF International Limited Class A Ordinary Shares,Nasdaq,LULD pause,2025-12-01,09:42:02
2025-12-01,09:32:49,SMX,SMX (Security Matters) Public Limited Company Ordinary Shares,Nasdaq,LULD pause,2025-12-01,09:37:49
2025-12-01,09:31:07,PAVS,Paranovus Entertainment Technology Ltd. Class A Ordinary Shares,Nasdaq,LULD pause,2025-12-01,09:36:07
2025-12-01,09:16:33,HBI,"""Hanesbrands, Inc.""",NYSE,Merger Effective,,
2025-12-01,09:03:40,APUS,"""Apimeds Pharmaceuticals US, Inc.""",NYSE American,News pending,2025-12-01,09:50:00
