Halt Date,Halt Time,Symbol,Name,Exchange,Reason,Resume Date,NYSE Resume Time
2026-06-30,19:50:55,ALIT,"""Alight, Inc.""",NYSE,Corporate Action,,
2026-06-30,19:50:55,ALIT,"""Alight, Inc.""",NYSE,Corporate Action,2026-07-01,09:30:09
2026-06-30,19:50:00,MRX,Marex Group plc Ordinary Shares,Nasdaq,News Pending,,
2026-06-30,19:50:00,MRX,Marex Group plc Ordinary Shares,Nasdaq,News Pending,2026-07-01,09:00:00
2026-06-30,19:50:00,RMTI,"""Rockwell Medical, Inc. (DE) Common Stock""",Nasdaq,News Pending,,
2026-06-30,19:50:00,RMTI,"""Rockwell Medical, Inc. (DE) Common Stock""",Nasdaq,News Pending,2026-07-01,09:00:00
2026-06-30,19:50:00,MQ,"""Marqeta, Inc. Class A Common Stock""",Nasdaq,News Pending,,
2026-06-30,19:50:00,MQ,"""Marqeta, Inc. Class A Common Stock""",Nasdaq,News Pending,2026-07-01,09:00:00
2026-06-30,15:58:16,ENRD,Einride AB American Depositary Shares,Nasdaq,LULD Pause,2026-06-30,16:00:00
2026-06-30,15:50:11,MFPVV,"""Midera Food Processing, Inc. Common Stock When Issued""",Nasdaq,LULD Pause,2026-06-30,16:02:53
2026-06-30,15:38:16,TC,Token Cat Limited American Depositary Shares,Nasdaq,LULD Pause,2026-06-30,15:43:16
2026-06-30,15:24:34,TC,Token Cat Limited American Depositary Shares,Nasdaq,LULD Pause,2026-06-30,15:29:34
2026-06-30,15:06:31,TC,Token Cat Limited American Depositary Shares,Nasdaq,LULD Pause,2026-06-30,15:11:31
2026-06-30,14:56:14,MI,NFT Limited,NYSE American,LULD Pause,2026-06-30,15:01:14
2026-06-30,14:50:07,RACC,Research Alliance Corporation III Class A Ordinary Shares,Nasdaq,LULD Pause,2026-06-30,14:55:07
2026-06-30,14:49:19,TC,Token Cat Limited American Depositary Shares,Nasdaq,LULD Pause,2026-06-30,14:59:19
2026-06-30,14:42:54,MIDDV,Middleby Corp. Common Stock Ex-Distribution When Issued,Nasdaq,LULD Pause,2026-06-30,14:47:54
2026-06-30,14:38:38,TC,Token Cat Limited American Depositary Shares,Nasdaq,LULD Pause,2026-06-30,14:48:51
2026-06-30,14:35:52,MFPVV,"""Midera Food Processing, Inc. Common Stock When Issued""",Nasdaq,LULD Pause,2026-06-30,14:40:52
2026-06-30,14:30:34,MFPVV,"""Midera Food Processing, Inc. Common Stock When Issued""",Nasdaq,LULD Pause,2026-06-30,14:35:34
2026-06-30,14:25:16,MFPVV,"""Midera Food Processing, Inc. Common Stock When Issued""",Nasdaq,LULD Pause,2026-06-30,14:30:16
2026-06-30,14:23:58,TC,Token Cat Limited American Depositary Shares,Nasdaq,LULD Pause,2026-06-30,14:38:09
2026-06-30,14:19:58,MFPVV,"""Midera Food Processing, Inc. Common Stock When Issued""",Nasdaq,LULD Pause,2026-06-30,14:24:58
2026-06-30,14:14:40,MFPVV,"""Midera Food Processing, Inc. Common Stock When Issued""",Nasdaq,LULD Pause,2026-06-30,14:19:40
2026-06-30,14:13:43,TC,Token Cat Limited American Depositary Shares,Nasdaq,LULD Pause,2026-06-30,14:23:43
2026-06-30,14:09:22,MFPVV,"""Midera Food Processing, Inc. Common Stock When Issued""",Nasdaq,LULD Pause,2026-06-30,14:14:22
2026-06-30,14:08:25,TC,Token Cat Limited American Depositary Shares,Nasdaq,LULD Pause,2026-06-30,14:13:25
2026-06-30,14:04:04,MFPVV,"""Midera Food Processing, Inc. Common Stock When Issued""",Nasdaq,LULD Pause,2026-06-30,14:09:04
2026-06-30,14:02:28,YOOV,Concorde International Group Ltd Class A Ordinary Shares,Nasdaq,LULD Pause,2026-06-30,14:07:28
2026-06-30,13:58:46,MFPVV,"""Midera Food Processing, Inc. Common Stock When Issued""",Nasdaq,LULD Pause,2026-06-30,14:03:46
2026-06-30,13:58:01,TC,Token Cat Limited American Depositary Shares,Nasdaq,LULD Pause,2026-06-30,14:08:01
2026-06-30,13:53:11,ATXG,Addentax Group Corp. Common Stock,Nasdaq,LULD Pause,2026-06-30,14:05:16
2026-06-30,13:50:56,YOOV,Concorde International Group Ltd Class A Ordinary Shares,Nasdaq,LULD Pause,2026-06-30,13:55:56
2026-06-30,13:45:29,YOOV,Concorde International Group Ltd Class A Ordinary Shares,Nasdaq,LULD Pause,2026-06-30,13:50:29
2026-06-30,13:37:54,TC,Token Cat Limited American Depositary Shares,Nasdaq,LULD Pause,2026-06-30,13:57:40
2026-06-30,13:31:16,TC,Token Cat Limited American Depositary Shares,Nasdaq,LULD Pause,2026-06-30,13:36:16
2026-06-30,13:25:49,TC,Token Cat Limited American Depositary Shares,Nasdaq,LULD Pause,2026-06-30,13:30:49
2026-06-30,13:15:33,TC,Token Cat Limited American Depositary Shares,Nasdaq,LULD Pause,2026-06-30,13:25:33
2026-06-30,13:12:20,LVLU,"""Lulu's Fashion Lounge Holdings, Inc. Common Stock""",Nasdaq,LULD Pause,2026-06-30,13:22:20
2026-06-30,13:07:16,MFPVV,"""Midera Food Processing, Inc. Common Stock When Issued""",Nasdaq,LULD Pause,2026-06-30,13:12:16
2026-06-30,13:02:41,TC,Token Cat Limited American Depositary Shares,Nasdaq,LULD Pause,2026-06-30,13:14:34
2026-06-30,12:57:08,ILLRW,Triller Group Inc. Warrant,Nasdaq,News Pending,2026-07-02,09:05:00
2026-06-30,12:57:08,ILLRW,Triller Group Inc. Warrant,Nasdaq,News Pending,,
2026-06-30,12:57:08,ILLR,Triller Group Inc. Common Stock,Nasdaq,News Pending,,
2026-06-30,12:57:08,ILLR,Triller Group Inc. Common Stock,Nasdaq,News Pending,2026-07-02,09:00:00
2026-06-30,12:50:58,EURK,Eureka Acquisition Corp Class A Ordinary Share,Nasdaq,LULD Pause,2026-06-30,12:55:58
2026-06-30,12:45:17,TC,Token Cat Limited American Depositary Shares,Nasdaq,LULD Pause,2026-06-30,12:55:17
2026-06-30,12:09:55,JBDI,JBDI Holdings Limited Ordinary Shares,Nasdaq,LULD Pause,2026-06-30,12:14:55
2026-06-30,12:02:22,MFPVV,"""Midera Food Processing, Inc. Common Stock When Issued""",Nasdaq,LULD Pause,2026-06-30,12:07:22
2026-06-30,11:47:49,MFPVV,"""Midera Food Processing, Inc. Common Stock When Issued""",Nasdaq,LULD Pause,2026-06-30,11:52:49
2026-06-30,11:47:43,GWH WS,"""ESS Tech, Inc. Warrant exercisable for one-fifteenth of a share of Common Stock at an exercise price of $172.50 per share""",NYSE,News Pending,,
2026-06-30,11:47:43,GWH WS,"""ESS Tech, Inc. Warrant exercisable for one-fifteenth of a share of Common Stock at an exercise price of $172.50 per share""",NYSE,News Pending,See Subsequent Halt,See Subsequent Halt
2026-06-30,11:47:41,LGCL,Lucas GC Limited Ordinary Shares,Nasdaq,LULD Pause,2026-06-30,11:52:41
2026-06-30,11:47:19,MI,NFT Limited,NYSE American,LULD Pause,2026-06-30,11:57:19
2026-06-30,11:41:18,LGCL,Lucas GC Limited Ordinary Shares,Nasdaq,LULD Pause,2026-06-30,11:46:18
2026-06-30,11:35:29,EHGO,Eshallgo Inc. Class A Ordinary Shares,Nasdaq,LULD Pause,2026-06-30,11:40:29
2026-06-30,10:59:14,GIBO,GIBO Holdings Limited Class A Ordinary Shares,Nasdaq,LULD Pause,2026-06-30,11:04:14
2026-06-30,10:50:41,INTJ,Intelligent Group Limited Class A Ordinary Shares,Nasdaq,LULD Pause,2026-06-30,10:55:41
2026-06-30,10:42:42,INTJ,Intelligent Group Limited Class A Ordinary Shares,Nasdaq,LULD Pause,2026-06-30,10:47:42
2026-06-30,10:40:39,AMCI,AMC Robotics Corporation Common Stock,Nasdaq,LULD Pause,2026-06-30,10:45:39
2026-06-30,10:40:33,ONTX,Corgi ONTO 2x Daily ETF,Cboe BZX,LULD Pause,2026-06-30,10:45:33
2026-06-30,10:33:20,WFCF,"""Where Food Comes From, Inc. Common Stock""",Nasdaq,LULD Pause,2026-06-30,10:43:20
2026-06-30,10:30:35,INTJ,Intelligent Group Limited Class A Ordinary Shares,Nasdaq,LULD Pause,2026-06-30,10:40:35
2026-06-30,10:30:29,WZRD,Opportunistic Trader ETF,Cboe BZX,LULD Pause,2026-06-30,10:35:29
2026-06-30,10:24:23,INTJ,Intelligent Group Limited Class A Ordinary Shares,Nasdaq,LULD Pause,2026-06-30,10:29:23
2026-06-30,10:16:51,INTJ,Intelligent Group Limited Class A Ordinary Shares,Nasdaq,LULD Pause,2026-06-30,10:21:51
2026-06-30,10:10:52,INTJ,Intelligent Group Limited Class A Ordinary Shares,Nasdaq,LULD Pause,2026-06-30,10:15:52
2026-06-30,10:07:16,TPTS,"""Terra Property Trust, Inc. 7.00% Senior Secured Notes due 2029""",NYSE,LULD Pause,2026-06-30,10:12:16
2026-06-30,09:58:03,INTJ,Intelligent Group Limited Class A Ordinary Shares,Nasdaq,LULD Pause,2026-06-30,10:08:03
2026-06-30,09:53:25,YHC,LQR House Inc. Common Stock,Nasdaq,LULD Pause,2026-06-30,09:58:25
2026-06-30,09:47:12,YHC,LQR House Inc. Common Stock,Nasdaq,LULD Pause,2026-06-30,09:52:12
2026-06-30,09:44:43,INTJ,Intelligent Group Limited Class A Ordinary Shares,Nasdaq,LULD Pause,2026-06-30,09:49:43
2026-06-30,09:43:33,EEIQ,EpicQuest Education Group International Limited Common Stock,Nasdaq,LULD Pause,2026-06-30,09:48:33
2026-06-30,09:41:07,YHC,LQR House Inc. Common Stock,Nasdaq,LULD Pause,2026-06-30,09:46:07
2026-06-30,09:35:46,CELZ,"""Creative Medical Technology Holdings, Inc. Common Stock""",Nasdaq,LULD Pause,2026-06-30,09:40:46
2026-06-30,09:35:44,ESBA,"""EMPIRE STATE REALTY OP, L.P.  SERIES ES""",NYSE Arca,LULD Pause,2026-06-30,09:40:44
2026-06-30,09:35:23,YHC,LQR House Inc. Common Stock,Nasdaq,LULD Pause,2026-06-30,09:40:23
2026-06-30,09:31:01,LESL,"""Leslie's, Inc. Common Stock""",Nasdaq,LULD Pause,2026-06-30,09:36:01
2026-06-30,09:30:16,WZRD,Opportunistic Trader ETF,Cboe BZX,LULD Pause,2026-06-30,09:35:16
2026-06-30,09:30:16,WSO B,"""Watsco, Inc. Class B""",NYSE,LULD Pause,2026-06-30,09:35:16
2026-06-30,07:55:00,VTGN,"""Vistagen Therapeutics, Inc. Common Stock""",Nasdaq,News Pending,2026-06-30,08:20:00
2026-06-30,07:10:00,PATK,Patrick Industries Inc,Nasdaq,News Pending,2026-06-30,07:35:00
2026-06-30,07:00:00,UNCY,"""Unicycive Therapeutics, Inc. Common Stock""",Nasdaq,News Pending,2026-06-30,07:35:00
2026-06-29,19:50:00,QNCX,"""Quince Therapeutics, Inc. Common Stock""",Nasdaq,News Pending,,
2026-06-29,19:50:00,QNCX,"""Quince Therapeutics, Inc. Common Stock""",Nasdaq,News Pending,2026-06-30,09:00:00
2026-06-29,19:50:00,JBDI,JBDI Holdings Limited Ordinary Shares,Nasdaq,News Pending,,
2026-06-29,19:50:00,JBDI,JBDI Holdings Limited Ordinary Shares,Nasdaq,News Pending,2026-06-30,09:00:00
2026-06-29,19:50:00,HCWB,HCW Biologics Inc. Common Stock,Nasdaq,News Pending,2026-06-30,09:00:00
2026-06-29,19:50:00,HCWB,HCW Biologics Inc. Common Stock,Nasdaq,News Pending,,
2026-06-29,19:50:00,TRNR,Interactive Strength Inc. Common Stock,Nasdaq,News Pending,,
2026-06-29,19:50:00,TRNR,Interactive Strength Inc. Common Stock,Nasdaq,News Pending,2026-06-30,09:00:00
2026-06-29,16:01:00,ABVX,Abivax SA American Depositary Shares,Nasdaq,News Pending,2026-06-29,17:05:00
2026-06-29,15:56:05,FISK,"""Empire State Realty OP, L.P. Series 250""",NYSE Arca,LULD Pause,2026-06-29,16:11:49
2026-06-29,15:51:43,AGMB,AgomAb Therapeutics NV American Depositary Shares,Nasdaq,LULD Pause,2026-06-29,16:00:00
2026-06-29,15:37:16,USDE,StablecoinX Inc. Class A Common Stock,Nasdaq,LULD Pause,2026-06-29,15:42:16
2026-06-29,14:57:43,LVLU,"""Lulu's Fashion Lounge Holdings, Inc. Common Stock""",Nasdaq,LULD Pause,2026-06-29,15:02:43
2026-06-29,12:49:13,BSAAU,BEST SPAC I Acquisition Corp. Unit,Nasdaq,LULD Pause,2026-06-29,12:54:13
2026-06-29,12:48:06,MWHS,Skylar Electricity Futures ETF,NYSE Arca,LULD Pause,2026-06-29,12:53:06
2026-06-29,12:08:01,TPTS,"""Terra Property Trust, Inc. 7.00% Senior Secured Notes due 2029""",NYSE,LULD Pause,2026-06-29,12:13:01
2026-06-29,11:07:09,PTLE,PTL LTD Class A Ordinary Shares,Nasdaq,LULD Pause,2026-06-29,11:12:09
2026-06-29,10:52:42,OGCP,"""Empire State Realty OP, L.P. Series 60""",NYSE Arca,LULD Pause,2026-06-29,11:02:42
2026-06-29,10:32:03,ASTT,Corgi ASTS 2x Daily ETF,Cboe BZX,LULD Pause,2026-06-29,10:37:03
2026-06-29,10:25:53,JEM,707 Cayman Holdings Limited Ordinary Shares,Nasdaq,LULD Pause,2026-06-29,10:30:53
2026-06-29,10:18:45,SDOT,Sadot Group Inc. Common Stock,Nasdaq,LULD Pause,2026-06-29,10:23:45
2026-06-29,10:00:23,LGCL,Lucas GC Limited Ordinary Shares,Nasdaq,LULD Pause,2026-06-29,10:05:23
2026-06-29,09:56:15,ZCMD,Zhongchao Inc. Class A Ordinary Shares,Nasdaq,LULD Pause,2026-06-29,10:01:15
2026-06-29,09:55:03,MODD,"""Modular Medical, Inc. Common Stock""",Nasdaq,LULD Pause,2026-06-29,10:00:03
2026-06-29,09:52:31,LGCL,Lucas GC Limited Ordinary Shares,Nasdaq,LULD Pause,2026-06-29,09:57:31
2026-06-29,09:52:13,TBLAW,Taboola.com Ltd. Warrant,Nasdaq,News Pending,,
2026-06-29,09:50:43,ZCMD,Zhongchao Inc. Class A Ordinary Shares,Nasdaq,LULD Pause,2026-06-29,09:55:43
2026-06-29,09:48:42,PCLN,Pictet Cleaner Planet ETF,NYSE Arca,LULD Pause,2026-06-29,09:53:42
2026-06-29,09:45:19,ZCMD,Zhongchao Inc. Class A Ordinary Shares,Nasdaq,LULD Pause,2026-06-29,09:50:19
2026-06-29,09:44:15,ATXG,Addentax Group Corp. Common Stock,Nasdaq,LULD Pause,2026-06-29,09:49:15
2026-06-29,09:40:32,AZI,Autozi Internet Technology (Global) Ltd. Class A Ordinary Shares,Nasdaq,LULD Pause,2026-06-29,09:45:32
2026-06-29,09:40:26,ASMH,ASML Holding NV ADRhedged,NYSE Arca,LULD Pause,2026-06-29,09:45:26
2026-06-29,09:39:29,VSECU,VSE Corporation Tangible Equity Units,Nasdaq,LULD Pause,2026-06-29,09:44:29
2026-06-29,09:37:19,DCOY,Decoy Therapeutics Inc. Common Stock,Nasdaq,LULD Pause,2026-06-29,09:42:19
2026-06-29,09:36:36,LGCL,Lucas GC Limited Ordinary Shares,Nasdaq,LULD Pause,2026-06-29,09:46:37
2026-06-29,09:35:40,ACMM,Corgi ACMR 2x Daily ETF,Cboe BZX,LULD Pause,2026-06-29,09:40:40
2026-06-29,09:32:34,JATT,JATT II Acquisition Corp Ordinary Shares,Nasdaq,LULD Pause,2026-06-29,09:37:34
2026-06-29,09:32:25,BYAH,"""Park Ha Biological Technology Co., Ltd. Ordinary Shares""",Nasdaq,LULD Pause,2026-06-29,09:42:25
2026-06-29,09:31:43,DCOY,Decoy Therapeutics Inc. Common Stock,Nasdaq,LULD Pause,2026-06-29,09:36:43
2026-06-29,09:31:15,WZRD,Opportunistic Trader ETF,Cboe BZX,LULD Pause,2026-06-29,09:36:15
2026-06-29,09:31:01,LGCL,Lucas GC Limited Ordinary Shares,Nasdaq,LULD Pause,2026-06-29,09:36:01
2026-06-29,09:31:00,UPC,Universe Pharmaceuticals Inc. Class A Ordinary Shares,Nasdaq,LULD Pause,2026-06-29,09:36:00
2026-06-29,09:30:17,AUC,ATIF Holdings Limited Ordinary Shares,Nasdaq,LULD Pause,2026-06-29,09:40:17
2026-06-29,09:30:17,AKA,a.k.a. Brands Holding Corp.,NYSE,LULD Pause,2026-06-29,09:36:26
2026-06-29,09:30:15,WSO B,"""Watsco, Inc. Class B""",NYSE,LULD Pause,2026-06-29,09:35:15
2026-06-29,09:30:15,UBXG,U-BX Technology Ltd. Class A Ordinary Shares,Nasdaq,LULD Pause,2026-06-29,09:35:15
2026-06-29,08:25:00,TOMZ,"""TOMI Environmental Solutions, Inc.""",Nasdaq,News Pending,2026-06-29,08:50:00
2026-06-29,06:55:00,IRDM,Iridium Communications Inc.,Nasdaq,News Pending,2026-06-29,07:35:00
2026-06-26,19:50:23,XXRP,Teucrium 2x Long Daily XRP ETF,NYSE Arca,Corporate Action,,
2026-06-26,19:50:23,XXRP,Teucrium 2x Long Daily XRP ETF,NYSE Arca,Corporate Action,2026-06-29,09:00:00
2026-06-26,19:50:00,HONG,Leverage Shares 2X Long HON Daily ETF,Cboe BZX,ETF Component Prices Not Available,2026-06-29,09:25:01
2026-06-26,19:50:00,HONG,Leverage Shares 2X Long HON Daily ETF,Cboe BZX,ETF Component Prices Not Available,,
2026-06-26,19:50:00,GIBOW,GIBO Holdings Limited Warrants,Nasdaq,News Pending,,
2026-06-26,19:50:00,GIBOW,GIBO Holdings Limited Warrants,Nasdaq,News Pending,2026-06-29,09:05:00
2026-06-26,19:50:00,HONIV,Honeywell International Inc. Common Stock Ex Distribution When Issued,Nasdaq,News Pending,,
2026-06-26,19:50:00,HON,"""Honeywell International, Inc.""",Nasdaq,News Pending,,
2026-06-26,19:50:00,HON,"""Honeywell International, Inc.""",Nasdaq,News Pending,2026-06-29,09:20:01
2026-06-26,19:50:00,MNDR,Mobile-health Network Solutions Class A Ordinary Shares,Nasdaq,News Pending,,
2026-06-26,19:50:00,MNDR,Mobile-health Network Solutions Class A Ordinary Shares,Nasdaq,News Pending,2026-06-29,09:00:00
2026-06-26,19:50:00,GIBO,GIBO Holdings Limited Class A Ordinary Shares,Nasdaq,News Pending,,
2026-06-26,19:50:00,GIBO,GIBO Holdings Limited Class A Ordinary Shares,Nasdaq,News Pending,2026-06-29,09:00:00
2026-06-26,19:50:00,GDC,GD Culture Group Limited Common Stock,Nasdaq,News Pending,2026-06-29,09:00:00
2026-06-26,19:50:00,GDC,GD Culture Group Limited Common Stock,Nasdaq,News Pending,,
2026-06-26,19:50:00,PAVS,Paranovus Entertainment Technology Ltd. Class A Ordinary Shares,Nasdaq,News Pending,2026-06-29,09:00:00
2026-06-26,19:50:00,PAVS,Paranovus Entertainment Technology Ltd. Class A Ordinary Shares,Nasdaq,News Pending,,
2026-06-26,19:50:00,ZCMD,Zhongchao Inc. Class A Ordinary Shares,Nasdaq,News Pending,2026-06-29,09:00:00
2026-06-26,19:50:00,ZCMD,Zhongchao Inc. Class A Ordinary Shares,Nasdaq,News Pending,,
2026-06-26,15:51:03,ARL,"""American Realty Investors, Inc.""",NYSE,LULD Pause,2026-06-26,16:04:51
2026-06-26,15:50:40,SDOT,Sadot Group Inc. Common Stock,Nasdaq,LULD Pause,2026-06-26,16:00:00
2026-06-26,15:03:55,PCLA,PicoCELA Inc. American Depositary Shares,Nasdaq,LULD Pause,2026-06-26,15:08:55
2026-06-26,14:40:50,SDOT,Sadot Group Inc. Common Stock,Nasdaq,LULD Pause,2026-06-26,14:45:50
2026-06-26,13:18:17,USDE,StablecoinX Inc. Class A Common Stock,Nasdaq,LULD Pause,2026-06-26,13:23:17
2026-06-26,13:12:37,USDE,StablecoinX Inc. Class A Common Stock,Nasdaq,LULD Pause,2026-06-26,13:17:37
2026-06-26,13:01:38,USDE,StablecoinX Inc. Class A Common Stock,Nasdaq,LULD Pause,2026-06-26,13:11:38
2026-06-26,12:52:19,PCLA,PicoCELA Inc. American Depositary Shares,Nasdaq,LULD Pause,2026-06-26,12:57:19
2026-06-26,12:33:27,WSHP,WeShop Holdings Limited Class A Ordinary Shares,Nasdaq,LULD Pause,2026-06-26,12:38:27
2026-06-26,12:32:27,CCEL,Cryo-Cell International Inc.,NYSE American,LULD Pause,2026-06-26,12:37:27
2026-06-26,12:30:42,PCLA,PicoCELA Inc. American Depositary Shares,Nasdaq,LULD Pause,2026-06-26,12:35:42
2026-06-26,12:28:10,WSHP,WeShop Holdings Limited Class A Ordinary Shares,Nasdaq,LULD Pause,2026-06-26,12:33:10
2026-06-26,12:22:12,PCLA,PicoCELA Inc. American Depositary Shares,Nasdaq,LULD Pause,2026-06-26,12:27:12
2026-06-26,12:10:35,PSIG,PS International Group Ltd. Ordinary Shares,Nasdaq,LULD Pause,2026-06-26,12:15:35
2026-06-26,12:08:51,PCLA,PicoCELA Inc. American Depositary Shares,Nasdaq,LULD Pause,2026-06-26,12:18:51
2026-06-26,12:04:08,VRAX,Virax Biolabs Group Limited Ordinary Shares,Nasdaq,LULD Pause,2026-06-26,12:09:08
2026-06-26,12:03:36,PCLA,PicoCELA Inc. American Depositary Shares,Nasdaq,LULD Pause,2026-06-26,12:08:36
2026-06-26,11:54:37,RYOJ,"""rYojbaba Co., Ltd. Common Shares""",Nasdaq,LULD Pause,2026-06-26,11:59:37
2026-06-26,11:52:57,PSIG,PS International Group Ltd. Ordinary Shares,Nasdaq,LULD Pause,2026-06-26,11:57:57
2026-06-26,11:50:58,VRAX,Virax Biolabs Group Limited Ordinary Shares,Nasdaq,LULD Pause,2026-06-26,12:00:58
2026-06-26,11:48:14,RYOJ,"""rYojbaba Co., Ltd. Common Shares""",Nasdaq,LULD Pause,2026-06-26,11:53:14
2026-06-26,11:42:39,PCLA,PicoCELA Inc. American Depositary Shares,Nasdaq,LULD Pause,2026-06-26,12:02:39
2026-06-26,11:39:09,VRAX,Virax Biolabs Group Limited Ordinary Shares,Nasdaq,LULD Pause,2026-06-26,11:49:19
2026-06-26,11:36:18,PSIG,PS International Group Ltd. Ordinary Shares,Nasdaq,LULD Pause,2026-06-26,11:41:18
2026-06-26,11:30:29,PSIG,PS International Group Ltd. Ordinary Shares,Nasdaq,LULD Pause,2026-06-26,11:35:29
2026-06-26,11:22:52,PSIG,PS International Group Ltd. Ordinary Shares,Nasdaq,LULD Pause,2026-06-26,11:27:52
2026-06-26,11:17:24,PSIG,PS International Group Ltd. Ordinary Shares,Nasdaq,LULD Pause,2026-06-26,11:22:24
2026-06-26,11:17:21,PCLA,PicoCELA Inc. American Depositary Shares,Nasdaq,LULD Pause,2026-06-26,11:42:22
2026-06-26,11:11:58,PSIG,PS International Group Ltd. Ordinary Shares,Nasdaq,LULD Pause,2026-06-26,11:16:58
2026-06-26,11:07:01,PCLA,PicoCELA Inc. American Depositary Shares,Nasdaq,LULD Pause,2026-06-26,11:17:01
2026-06-26,11:01:53,ILLR,Triller Group Inc. Common Stock,Nasdaq,LULD Pause,2026-06-26,11:06:53
2026-06-26,11:01:39,PSIG,PS International Group Ltd. Ordinary Shares,Nasdaq,LULD Pause,2026-06-26,11:11:40
2026-06-26,10:56:30,BSAAU,BEST SPAC I Acquisition Corp. Unit,Nasdaq,LULD Pause,2026-06-26,11:01:30
2026-06-26,10:46:37,CRD B,Crawford & Company Class B,NYSE,LULD Pause,2026-06-26,10:52:09
2026-06-26,10:25:57,USDE,StablecoinX Inc. Class A Common Stock,Nasdaq,LULD Pause,2026-06-26,10:30:57
2026-06-26,10:19:12,USDE,StablecoinX Inc. Class A Common Stock,Nasdaq,LULD Pause,2026-06-26,10:24:12
2026-06-26,10:04:49,PCLA,PicoCELA Inc. American Depositary Shares,Nasdaq,LULD Pause,2026-06-26,11:06:41
2026-06-26,10:02:30,CNEY,CN Energy Group Inc. Class A Ordinary Shares,Nasdaq,LULD Pause,2026-06-26,10:07:30
2026-06-26,10:02:00,LICN,Lichen China Limited Class A Ordinary Shares,Nasdaq,LULD Pause,2026-06-26,10:07:00
2026-06-26,10:00:58,LGL RT,"""LGL Group Inc (The) Rights (expiring June 23, 2026)""",NYSE American,Corporate Action,,
2026-06-26,09:51:38,MODD,"""Modular Medical, Inc. Common Stock""",Nasdaq,LULD Pause,2026-06-26,09:56:38
2026-06-26,09:51:34,BVC,BitVentures Limited Ordinary Shares,Nasdaq,LULD Pause,2026-06-26,09:56:34
2026-06-26,09:48:29,UBXG,U-BX Technology Ltd. Class A Ordinary Shares,Nasdaq,LULD Pause,2026-06-26,09:53:29
2026-06-26,09:47:20,LICN,Lichen China Limited Class A Ordinary Shares,Nasdaq,LULD Pause,2026-06-26,09:57:20
2026-06-26,09:44:22,USDE,StablecoinX Inc. Class A Common Stock,Nasdaq,LULD Pause,2026-06-26,09:49:22
2026-06-26,09:43:37,PSIG,PS International Group Ltd. Ordinary Shares,Nasdaq,LULD Pause,2026-06-26,11:01:24
2026-06-26,09:43:29,NIXT,Research Affiliates Deletions ETF,Nasdaq,LULD Pause,2026-06-26,09:48:29
2026-06-26,09:41:29,MODD,"""Modular Medical, Inc. Common Stock""",Nasdaq,LULD Pause,2026-06-26,09:46:29
2026-06-26,09:40:18,PCLA,PicoCELA Inc. American Depositary Shares,Nasdaq,LULD Pause,2026-06-26,09:50:18
2026-06-26,09:38:01,LICN,Lichen China Limited Class A Ordinary Shares,Nasdaq,LULD Pause,2026-06-26,09:43:01
2026-06-26,09:33:55,UBXG,U-BX Technology Ltd. Class A Ordinary Shares,Nasdaq,LULD Pause,2026-06-26,09:38:55
2026-06-26,09:31:13,SDOT,Sadot Group Inc. Common Stock,Nasdaq,LULD Pause,2026-06-26,09:36:13
2026-06-26,09:31:00,USDE,StablecoinX Inc. Class A Common Stock,Nasdaq,LULD Pause,2026-06-26,09:43:20
2026-06-26,09:30:15,WSO B,"""Watsco, Inc. Class B""",NYSE,LULD Pause,2026-06-26,09:35:15
2026-06-26,08:06:20,PRA,ProAssurance Corporation,NYSE,Merger Effective,,
2026-06-25,19:50:00,NUWE,"""Nuwellis, Inc. Common Stock""",Nasdaq,News Pending,,
2026-06-25,19:50:00,NUWE,"""Nuwellis, Inc. Common Stock""",Nasdaq,News Pending,2026-06-26,09:00:00
2026-06-25,19:50:00,RUBI,Rubico Inc. Common Stock,Nasdaq,News Pending,,
2026-06-25,19:50:00,RUBI,Rubico Inc. Common Stock,Nasdaq,News Pending,2026-06-26,09:00:00
2026-06-25,19:50:00,VRAX,Virax Biolabs Group Limited Ordinary Shares,Nasdaq,News Pending,2026-06-26,09:00:00
2026-06-25,19:50:00,VRAX,Virax Biolabs Group Limited Ordinary Shares,Nasdaq,News Pending,,
2026-06-25,16:21:23,LANV WS,"""Lanvin Group Holdings Limited Redeemable Warrants, each whole warrant exercisable for one Ordinary Share at an exercise price of $11.50""",NYSE,News Dissemination,,
2026-06-25,16:10:00,SYNA,Synaptics Inc,Nasdaq,News Pending,2026-06-25,16:40:00
2026-06-25,15:56:34,TC,Token Cat Limited American Depositary Shares,Nasdaq,LULD Pause,2026-06-25,16:00:00
2026-06-25,14:56:35,WYHG,Wing Yip Food Holdings Group Limited American Depositary Shares,Nasdaq,LULD Pause,2026-06-25,15:06:35
2026-06-25,14:05:35,CMCM,"""Cheetah Mobile Inc. American Depositary Shares, each representing fifty (50) Class A Ordinary Shares""",NYSE,LULD Pause,2026-06-25,14:11:02
2026-06-25,13:45:11,JG,Aurora Mobile Limited American Depositary Shares,Nasdaq,LULD Pause,2026-06-25,13:55:11
2026-06-25,13:31:38,JG,Aurora Mobile Limited American Depositary Shares,Nasdaq,LULD Pause,2026-06-25,13:41:39
2026-06-25,13:17:49,TC,Token Cat Limited American Depositary Shares,Nasdaq,LULD Pause,2026-06-25,13:22:49
2026-06-25,12:50:26,GURE,"""Gulf Resources, Inc. (NV) Common Stock""",Nasdaq,LULD Pause,2026-06-25,12:55:26
2026-06-25,12:20:11,BMBL,Bumble Inc. Class A Common Stock,Nasdaq,LULD Pause,2026-06-25,12:25:11
2026-06-25,12:10:18,BUUU,BUUU Group Limited Class A Ordinary Share,Nasdaq,LULD Pause,2026-06-25,12:15:18
2026-06-25,12:09:34,VNTG,Vantage Corp,NYSE American,LULD Pause,2026-06-25,12:14:34
2026-06-25,12:03:59,PTLE,PTL LTD Class A Ordinary Shares,Nasdaq,LULD Pause,2026-06-25,12:08:59
2026-06-25,12:03:49,VNTG,Vantage Corp,NYSE American,LULD Pause,2026-06-25,12:08:49
2026-06-25,11:55:57,PTLE,PTL LTD Class A Ordinary Shares,Nasdaq,LULD Pause,2026-06-25,12:00:57
2026-06-25,11:55:46,VNTG,Vantage Corp,NYSE American,LULD Pause,2026-06-25,12:00:46
2026-06-25,11:50:44,APLM,Apollomics Inc. Class A Ordinary Shares,Nasdaq,LULD Pause,2026-06-25,11:55:44
2026-06-25,11:49:18,DSC,DSC Holdings Ltd. American Depositary Shares,Nasdaq,LULD Pause,2026-06-25,11:59:19
2026-06-25,11:44:36,VNTG,Vantage Corp,NYSE American,LULD Pause,2026-06-25,11:49:36
2026-06-25,11:43:40,DSC,DSC Holdings Ltd. American Depositary Shares,Nasdaq,LULD Pause,2026-06-25,11:48:40
2026-06-25,11:40:19,BSAAU,BEST SPAC I Acquisition Corp. Unit,Nasdaq,LULD Pause,2026-06-25,11:45:19
2026-06-25,11:31:02,VNTG,Vantage Corp,NYSE American,LULD Pause,2026-06-25,11:36:02
2026-06-25,11:27:46,DSC,DSC Holdings Ltd. American Depositary Shares,Nasdaq,LULD Pause,2026-06-25,11:37:46
2026-06-25,11:25:25,VNTG,Vantage Corp,NYSE American,LULD Pause,2026-06-25,11:30:25
2026-06-25,11:12:25,DSC,DSC Holdings Ltd. American Depositary Shares,Nasdaq,LULD Pause,2026-06-25,11:22:25
2026-06-25,10:55:25,HONIV,Honeywell International Inc. Common Stock Ex Distribution When Issued,Nasdaq,LULD Pause,2026-06-25,11:00:25
2026-06-25,10:44:33,PTLE,PTL LTD Class A Ordinary Shares,Nasdaq,LULD Pause,2026-06-25,10:54:33
2026-06-25,10:24:20,TOS,Twin Oak Strategic Solutions ETF,Cboe BZX,LULD Pause,2026-06-25,10:29:20
2026-06-25,10:22:10,XCH,XCHG Limited American Depositary Share,Nasdaq,LULD Pause,2026-06-25,10:27:10
2026-06-25,10:21:31,PTLE,PTL LTD Class A Ordinary Shares,Nasdaq,LULD Pause,2026-06-25,10:26:31
2026-06-25,10:12:57,XCH,XCHG Limited American Depositary Share,Nasdaq,LULD Pause,2026-06-25,10:17:57
2026-06-25,10:07:35,XCH,XCHG Limited American Depositary Share,Nasdaq,LULD Pause,2026-06-25,10:12:35
2026-06-25,10:05:25,PTLE,PTL LTD Class A Ordinary Shares,Nasdaq,LULD Pause,2026-06-25,10:10:25
2026-06-25,10:00:11,WEN,The Wendy's Company,Nasdaq,LULD Pause,2026-06-25,10:05:11
2026-06-25,09:59:22,TOXR,21Shares XRP ETF,Cboe BZX,LULD Pause,2026-06-25,10:04:22
2026-06-25,09:57:42,NDRA,ENDRA Life Sciences Inc. Common Stock,Nasdaq,LULD Pause,2026-06-25,10:02:42
2026-06-25,09:50:11,WEN,The Wendy's Company,Nasdaq,LULD Pause,2026-06-25,09:55:11
2026-06-25,09:47:17,NDRA,ENDRA Life Sciences Inc. Common Stock,Nasdaq,LULD Pause,2026-06-25,09:52:17
2026-06-25,09:44:54,ILLR,Triller Group Inc. Common Stock,Nasdaq,LULD Pause,2026-06-25,09:54:54
2026-06-25,09:39:24,FCUV,Focus Universal Inc. Common Stock,Nasdaq,LULD Pause,2026-06-25,09:44:24
2026-06-25,09:36:20,NDRA,ENDRA Life Sciences Inc. Common Stock,Nasdaq,LULD Pause,2026-06-25,09:46:20
2026-06-25,09:31:58,AFJK,"""Aimei Health Technology Co., Ltd Ordinary Share""",Nasdaq,LULD Pause,2026-06-25,09:36:58
2026-06-25,09:31:12,DRMP,Tuttle Capital Memory Stack Income Blast ETF,Cboe BZX,LULD Pause,2026-06-25,09:36:12
2026-06-25,09:30:58,RITA,ETFB Green SRI REITs ETF,NYSE Arca,LULD Pause,2026-06-25,09:35:58
2026-06-25,09:30:57,NDRA,ENDRA Life Sciences Inc. Common Stock,Nasdaq,LULD Pause,2026-06-25,09:35:57
2026-06-25,09:30:15,WSO B,"""Watsco, Inc. Class B""",NYSE,LULD Pause,2026-06-25,09:35:15
2026-06-25,09:30:15,STXX,Tradr 2X Long STX Daily ETF,Cboe BZX,LULD Pause,2026-06-25,09:35:15
2026-06-25,08:57:18,CWAN,"""Clearwater Analytics Holdings, Inc.""",NYSE,Merger Effective,,
2026-06-24,19:50:00,NAMI,Jinxin Technology Holding Company American Depositary Shares,Nasdaq,News Pending,2026-06-25,09:00:00
2026-06-24,19:50:00,NAMI,Jinxin Technology Holding Company American Depositary Shares,Nasdaq,News Pending,,
2026-06-24,18:46:11,NCL,Northann Corp.,NYSE American,Regulatory Concern,,
2026-06-24,16:15:30,LANV WS,"""Lanvin Group Holdings Limited Redeemable Warrants, each whole warrant exercisable for one Ordinary Share at an exercise price of $11.50""",NYSE,News Pending,,
2026-06-24,16:15:30,LANV WS,"""Lanvin Group Holdings Limited Redeemable Warrants, each whole warrant exercisable for one Ordinary Share at an exercise price of $11.50""",NYSE,News Pending,See Subsequent Halt,See Subsequent Halt
2026-06-24,16:01:00,PASG,"""Passage Bio, Inc. Common Stock""",Nasdaq,News Pending,2026-06-24,16:40:00
2026-06-24,15:18:58,AFJK,"""Aimei Health Technology Co., Ltd Ordinary Share""",Nasdaq,LULD Pause,2026-06-24,15:23:58
2026-06-24,15:11:04,AHT PRD,"""Ashford Hospitality Trust, Inc. 8.45% Series D""",NYSE,LULD Pause,2026-06-24,15:19:03
2026-06-24,15:03:39,PLSM,Pulsenmore Ltd. Ordinary Shares,Nasdaq,LULD Pause,2026-06-24,15:08:39
2026-06-24,14:56:57,PTLE,PTL LTD Class A Ordinary Shares,Nasdaq,LULD Pause,2026-06-24,15:01:57
2026-06-24,14:47:50,JLHL,Julong Holding Limited Class A Ordinary Shares,Nasdaq,LULD Pause,2026-06-24,14:57:50
2026-06-24,14:45:15,EHGO,Eshallgo Inc. Class A Ordinary Shares,Nasdaq,LULD Pause,2026-06-24,14:50:15
2026-06-24,14:30:00,SDOT,Sadot Group Inc. Common Stock,Nasdaq,LULD Pause,2026-06-24,14:40:00
2026-06-24,14:25:01,EDHL,Everbright Digital Holding Limited Ordinary Shares,Nasdaq,LULD Pause,2026-06-24,14:30:01
2026-06-24,14:18:56,SDOT,Sadot Group Inc. Common Stock,Nasdaq,LULD Pause,2026-06-24,14:29:35
2026-06-24,14:10:18,EDHL,Everbright Digital Holding Limited Ordinary Shares,Nasdaq,LULD Pause,2026-06-24,14:20:18
2026-06-24,14:01:08,PLSM,Pulsenmore Ltd. Ordinary Shares,Nasdaq,LULD Pause,2026-06-24,14:11:08
2026-06-24,13:38:18,STFS,Star Fashion Culture Holdings Limited Class A Ordinary Shares,Nasdaq,LULD Pause,2026-06-24,13:43:18
2026-06-24,13:24:33,PTLE,PTL LTD Class A Ordinary Shares,Nasdaq,LULD Pause,2026-06-24,13:29:33
2026-06-24,12:22:51,BOXL,Boxlight Corporation Class A Common Stock,Nasdaq,LULD Pause,2026-06-24,12:27:51
2026-06-24,11:20:55,BOXL,Boxlight Corporation Class A Common Stock,Nasdaq,LULD Pause,2026-06-24,11:30:55
2026-06-24,11:15:27,BOXL,Boxlight Corporation Class A Common Stock,Nasdaq,LULD Pause,2026-06-24,11:20:27
2026-06-24,11:14:07,CVKD,"""Cadrenal Therapeutics, Inc. Common Stock""",Nasdaq,LULD Pause,2026-06-24,11:19:07
2026-06-24,11:07:46,MI,NFT Limited,NYSE American,LULD Pause,2026-06-24,11:12:46
2026-06-24,11:02:08,BOXL,Boxlight Corporation Class A Common Stock,Nasdaq,LULD Pause,2026-06-24,11:07:08
2026-06-24,10:56:00,BOXL,Boxlight Corporation Class A Common Stock,Nasdaq,LULD Pause,2026-06-24,11:01:00
2026-06-24,10:49:24,BOXL,Boxlight Corporation Class A Common Stock,Nasdaq,LULD Pause,2026-06-24,10:54:24
2026-06-24,10:41:38,BOXL,Boxlight Corporation Class A Common Stock,Nasdaq,LULD Pause,2026-06-24,10:46:38
2026-06-24,10:29:33,BAFN,BayFirst Financial Corp. Common Stock,Nasdaq,LULD Pause,2026-06-24,10:34:33
2026-06-24,10:22:49,BOXL,Boxlight Corporation Class A Common Stock,Nasdaq,LULD Pause,2026-06-24,10:32:49
2026-06-24,10:17:32,BOXL,Boxlight Corporation Class A Common Stock,Nasdaq,LULD Pause,2026-06-24,10:22:32
2026-06-24,10:10:17,CUPR,Cuprina Holdings (Cayman) Limited Class A Ordinary Shares,Nasdaq,LULD Pause,2026-06-24,10:15:17
2026-06-24,10:06:46,QNRX,"""Quoin Pharmaceuticals, Ltd. American Depositary Shares""",Nasdaq,LULD Pause,2026-06-24,10:11:46
2026-06-24,10:02:07,BOXL,Boxlight Corporation Class A Common Stock,Nasdaq,LULD Pause,2026-06-24,10:17:08
2026-06-24,09:58:42,CEPO,"""Cantor Equity Partners I, Inc. Class A Ordinary Shares""",Nasdaq,LULD Pause,2026-06-24,10:03:42
2026-06-24,09:57:37,QNRX,"""Quoin Pharmaceuticals, Ltd. American Depositary Shares""",Nasdaq,LULD Pause,2026-06-24,10:02:37
2026-06-24,09:54:54,UBXG,U-BX Technology Ltd. Class A Ordinary Shares,Nasdaq,LULD Pause,2026-06-24,10:04:54
2026-06-24,09:53:46,AFJK,"""Aimei Health Technology Co., Ltd Ordinary Share""",Nasdaq,LULD Pause,2026-06-24,09:58:46
2026-06-24,09:47:50,PLSM,Pulsenmore Ltd. Ordinary Shares,Nasdaq,LULD Pause,2026-06-24,09:52:50
2026-06-24,09:46:24,UBXG,U-BX Technology Ltd. Class A Ordinary Shares,Nasdaq,LULD Pause,2026-06-24,09:51:24
2026-06-24,09:44:59,AFJK,"""Aimei Health Technology Co., Ltd Ordinary Share""",Nasdaq,LULD Pause,2026-06-24,09:49:59
2026-06-24,09:44:23,WEN,The Wendy's Company,Nasdaq,LULD Pause,2026-06-24,09:49:23
2026-06-24,09:38:46,AFJK,"""Aimei Health Technology Co., Ltd Ordinary Share""",Nasdaq,LULD Pause,2026-06-24,09:43:46
2026-06-24,09:37:09,PLSM,Pulsenmore Ltd. Ordinary Shares,Nasdaq,LULD Pause,2026-06-24,09:47:09
2026-06-24,09:36:32,UBXG,U-BX Technology Ltd. Class A Ordinary Shares,Nasdaq,LULD Pause,2026-06-24,09:41:32
2026-06-24,09:34:22,WEN,The Wendy's Company,Nasdaq,LULD Pause,2026-06-24,09:39:22
2026-06-24,09:31:27,RITA,ETFB Green SRI REITs ETF,NYSE Arca,LULD Pause,2026-06-24,09:36:27
2026-06-24,09:31:15,WSO B,"""Watsco, Inc. Class B""",NYSE,LULD Pause,2026-06-24,09:36:15
2026-06-24,09:30:25,PLSM,Pulsenmore Ltd. Ordinary Shares,Nasdaq,LULD Pause,2026-06-24,09:35:25
2026-06-24,09:30:16,ENRD,Einride AB American Depositary Shares,Nasdaq,LULD Pause,2026-06-24,09:40:17
2026-06-24,09:30:15,CCXIU,Churchill Capital Corp XI Units,Nasdaq,LULD Pause,2026-06-24,09:40:16
2026-06-24,08:20:14,CTM,"""Castellum, Inc.""",NYSE American,News Pending,2026-06-24,08:50:00
2026-06-23,19:50:28,DD,"""DuPont de Nemours, Inc. Common Stock""",NYSE,Corporate Action,,
2026-06-23,19:50:28,DD,"""DuPont de Nemours, Inc. Common Stock""",NYSE,Corporate Action,2026-06-24,09:30:38
2026-06-23,19:50:00,AMIX,"""Autonomix Medical, Inc. Common Stock""",Nasdaq,News Pending,2026-06-24,09:00:00
2026-06-23,19:50:00,AMIX,"""Autonomix Medical, Inc. Common Stock""",Nasdaq,News Pending,,
2026-06-23,19:50:00,CNTA,Centessa Pharmaceuticals plc American Depositary Shares,Nasdaq,News Pending,,
2026-06-23,16:34:41,SRXH,"""SRX Health Solutions, Inc.""",NYSE American,Regulatory Concern,See Subsequent Halt,See Subsequent Halt
2026-06-23,16:34:41,SRXH,"""SRX Health Solutions, Inc.""",NYSE American,Regulatory Concern,,
2026-06-23,16:13:37,SRXH,"""SRX Health Solutions, Inc.""",NYSE American,News Pending,See Subsequent Halt,See Subsequent Halt
2026-06-23,15:58:56,JXG,JX Luxventure Limited Common Stock,Nasdaq,LULD Pause,2026-06-23,16:00:00
2026-06-23,14:56:28,CLRO,"""ClearOne, Inc. Common Stock""",Nasdaq,LULD Pause,2026-06-23,15:01:28
2026-06-23,14:31:10,ATLN,Atlantic International Corp. Common Stock,Nasdaq,LULD Pause,2026-06-23,14:36:10
2026-06-23,14:21:54,ATLN,Atlantic International Corp. Common Stock,Nasdaq,LULD Pause,2026-06-23,14:26:54
2026-06-23,14:07:27,ATLN,Atlantic International Corp. Common Stock,Nasdaq,LULD Pause,2026-06-23,14:12:27
2026-06-23,13:39:01,STFS,Star Fashion Culture Holdings Limited Class A Ordinary Shares,Nasdaq,LULD Pause,2026-06-23,13:44:01
2026-06-23,13:28:16,STFS,Star Fashion Culture Holdings Limited Class A Ordinary Shares,Nasdaq,LULD Pause,2026-06-23,13:38:26
2026-06-23,13:06:44,CLRO,"""ClearOne, Inc. Common Stock""",Nasdaq,LULD Pause,2026-06-23,13:11:44
2026-06-23,12:38:34,AUC,ATIF Holdings Limited Ordinary Shares,Nasdaq,LULD Pause,2026-06-23,12:43:34
2026-06-23,11:46:44,BSAAU,BEST SPAC I Acquisition Corp. Unit,Nasdaq,LULD Pause,2026-06-23,11:51:44
2026-06-23,11:26:30,ATLN,Atlantic International Corp. Common Stock,Nasdaq,LULD Pause,2026-06-23,11:31:30
2026-06-23,11:13:38,FCUV,Focus Universal Inc. Common Stock,Nasdaq,LULD Pause,2026-06-23,11:18:38
2026-06-23,11:00:25,FCUV,Focus Universal Inc. Common Stock,Nasdaq,LULD Pause,2026-06-23,11:10:25
2026-06-23,10:58:49,MARB,First Trust Merger Arbitrage ETF,NYSE Arca,LULD Pause,2026-06-23,11:03:49
2026-06-23,10:33:50,BLCN,Siren ETF Trust Siren NexGen Economy ETF,Nasdaq,LULD Pause,2026-06-23,10:38:50
2026-06-23,10:30:22,FGMCU,FG Merger II Corp. Unit,Nasdaq,LULD Pause,2026-06-23,10:35:22
2026-06-23,10:27:39,TMS,Teamshares Inc. Common Stock,Nasdaq,LULD Pause,2026-06-23,10:32:39
2026-06-23,10:18:33,ONEG,OneConstruction Group Limited Ordinary Shares,Nasdaq,LULD Pause,2026-06-23,10:28:33
2026-06-23,09:54:33,SDOT,Sadot Group Inc. Common Stock,Nasdaq,LULD Pause,2026-06-23,09:59:33
2026-06-23,09:52:58,ATLN,Atlantic International Corp. Common Stock,Nasdaq,LULD Pause,2026-06-23,09:57:58
2026-06-23,09:52:11,FCUV,Focus Universal Inc. Common Stock,Nasdaq,LULD Pause,2026-06-23,10:02:11
2026-06-23,09:49:49,WYHG,Wing Yip Food Holdings Group Limited American Depositary Shares,Nasdaq,LULD Pause,2026-06-23,09:54:49
2026-06-23,09:45:12,RDGT,"""Ridgetech, Inc. Ordinary Shares""",Nasdaq,LULD Pause,2026-06-23,09:50:12
2026-06-23,09:42:52,SDOT,Sadot Group Inc. Common Stock,Nasdaq,LULD Pause,2026-06-23,09:52:53
2026-06-23,09:41:24,BSAA,BEST SPAC I Acquisition Corp. Class A Ordinary Shares,Nasdaq,LULD Pause,2026-06-23,09:46:24
2026-06-23,09:37:48,WYHG,Wing Yip Food Holdings Group Limited American Depositary Shares,Nasdaq,LULD Pause,2026-06-23,09:47:48
2026-06-23,09:35:45,MGRT,Mega Fortune Company Limited Ordinary Shares,Nasdaq,LULD Pause,2026-06-23,09:40:45
2026-06-23,09:32:13,ATLN,Atlantic International Corp. Common Stock,Nasdaq,LULD Pause,2026-06-23,09:37:13
2026-06-23,09:31:43,GASZ,Corgi Natural Gas Power & Turbines ETF,Cboe BZX,LULD Pause,2026-06-23,09:36:43
2026-06-23,09:31:18,WYHG,Wing Yip Food Holdings Group Limited American Depositary Shares,Nasdaq,LULD Pause,2026-06-23,09:36:18
2026-06-23,09:31:15,EZET,Franklin Ethereum ETF,Cboe BZX,LULD Pause,2026-06-23,09:36:15
2026-06-23,09:31:15,QTAC,Q3 All-Season Tactical Advantage ETF,Cboe BZX,LULD Pause,2026-06-23,09:36:15
2026-06-23,09:31:07,QETH,Invesco Galaxy Ethereum ETF,Cboe BZX,LULD Pause,2026-06-23,09:36:07
2026-06-23,09:30:21,TTXD,Direxion Daily Technology Top 5 Bear 2X ETF,NYSE Arca,LULD Pause,2026-06-23,09:35:21
2026-06-23,07:25:00,BOLD,"""Boundless Bio, Inc. Common Stock""",Nasdaq,News Pending,2026-06-23,07:55:00
2026-06-22,19:50:00,ILLRW,Triller Group Inc. Warrant,Nasdaq,News Pending,2026-06-23,09:05:00
2026-06-22,19:50:00,ILLRW,Triller Group Inc. Warrant,Nasdaq,News Pending,,
2026-06-22,19:50:00,FCUV,Focus Universal Inc. Common Stock,Nasdaq,News Pending,,
2026-06-22,19:50:00,FCUV,Focus Universal Inc. Common Stock,Nasdaq,News Pending,2026-06-23,09:00:00
2026-06-22,19:50:00,ILLR,Triller Group Inc. Common Stock,Nasdaq,News Pending,2026-06-23,09:00:00
2026-06-22,19:50:00,ILLR,Triller Group Inc. Common Stock,Nasdaq,News Pending,,
2026-06-22,19:50:00,YYGH,YY Group Holding Limited Class A Ordinary Shares,Nasdaq,News Pending,2026-06-23,09:00:00
2026-06-22,19:50:00,YYGH,YY Group Holding Limited Class A Ordinary Shares,Nasdaq,News Pending,,
2026-06-22,15:59:03,CAST,"""FreeCast, Inc. Class A Common Stock""",Nasdaq,LULD Pause,2026-06-22,16:00:00
2026-06-22,15:55:37,FGMC,FG Merger II Corp. Common stock,Nasdaq,LULD Pause,2026-06-22,16:00:00
2026-06-22,15:36:51,SDOT,Sadot Group Inc. Common Stock,Nasdaq,LULD Pause,2026-06-22,15:46:51
2026-06-22,15:30:53,SDOT,Sadot Group Inc. Common Stock,Nasdaq,LULD Pause,2026-06-22,15:35:53
2026-06-22,15:20:24,SDOT,Sadot Group Inc. Common Stock,Nasdaq,LULD Pause,2026-06-22,15:30:25
2026-06-22,14:24:30,SDOT,Sadot Group Inc. Common Stock,Nasdaq,LULD Pause,2026-06-22,15:19:30
2026-06-22,12:17:00,ENTX,Entera Bio Ltd. Ordinary Shares,Nasdaq,LULD Pause,2026-06-22,12:27:00
2026-06-22,11:59:38,SAIH,SAIHEAT Limited Class A Ordinary Shares,Nasdaq,LULD Pause,2026-06-22,12:04:38
2026-06-22,11:48:39,NXTS,Nexentis Technologies Inc. Common Stock,Nasdaq,LULD Pause,2026-06-22,11:53:39
2026-06-22,11:19:02,FRGT,"""Freight Technologies, Inc. Ordinary Shares""",Nasdaq,LULD Pause,2026-06-22,11:24:02
2026-06-22,11:05:19,FRGT,"""Freight Technologies, Inc. Ordinary Shares""",Nasdaq,LULD Pause,2026-06-22,11:15:19
2026-06-22,10:54:58,FRGT,"""Freight Technologies, Inc. Ordinary Shares""",Nasdaq,LULD Pause,2026-06-22,11:04:58
2026-06-22,10:36:17,EHGO,Eshallgo Inc. Class A Ordinary Shares,Nasdaq,LULD Pause,2026-06-22,10:41:17
2026-06-22,10:28:59,NXTS,Nexentis Technologies Inc. Common Stock,Nasdaq,LULD Pause,2026-06-22,10:33:59
2026-06-22,10:21:42,EHGO,Eshallgo Inc. Class A Ordinary Shares,Nasdaq,LULD Pause,2026-06-22,10:26:42
2026-06-22,10:21:01,NXTS,Nexentis Technologies Inc. Common Stock,Nasdaq,LULD Pause,2026-06-22,10:26:01
2026-06-22,10:16:54,RTB,"""RTB Digital, Inc. Common Stock""",Nasdaq,LULD Pause,2026-06-22,10:21:54
2026-06-22,10:10:19,NXTS,Nexentis Technologies Inc. Common Stock,Nasdaq,LULD Pause,2026-06-22,10:15:19
2026-06-22,09:58:44,WELD,Tema U.S. Manufacturing & Reshoring ETF,NYSE Arca,LULD Pause,2026-06-22,10:03:44
2026-06-22,09:57:48,RTB,"""RTB Digital, Inc. Common Stock""",Nasdaq,LULD Pause,2026-06-22,10:07:48
2026-06-22,09:56:01,BIO B,"""Bio-Rad Laboratories, Inc. Class B""",NYSE,LULD Pause,2026-06-22,10:27:44
2026-06-22,09:55:37,QXL,Quantum X Labs Inc. Common Stock,Nasdaq,LULD Pause,2026-06-22,10:00:37
2026-06-22,09:50:55,CUSD,Trust for Professional Managers CrossingBridge Ultra-Short Duration ETF,Nasdaq,LULD Pause,2026-06-22,09:55:55
2026-06-22,09:45:14,WELD,Tema U.S. Manufacturing & Reshoring ETF,NYSE Arca,LULD Pause,2026-06-22,09:50:14
2026-06-22,09:45:00,ICCM,IceCure Medical Ltd. Ordinary Shares,Nasdaq,LULD Pause,2026-06-22,09:55:00
2026-06-22,09:44:28,VRM,"""Vroom, Inc. Common Stock""",Nasdaq,LULD Pause,2026-06-22,09:49:28
2026-06-22,09:44:16,GDEV,GDEV Inc. Ordinary Shares,Nasdaq,LULD Pause,2026-06-22,09:49:16
2026-06-22,09:41:18,NXTS,Nexentis Technologies Inc. Common Stock,Nasdaq,LULD Pause,2026-06-22,09:46:18
2026-06-22,09:35:48,BCOR,Grayscale Bitcoin Adopters ETF,NYSE Arca,LULD Pause,2026-06-22,09:40:48
2026-06-22,09:35:23,NXTS,Nexentis Technologies Inc. Common Stock,Nasdaq,LULD Pause,2026-06-22,09:40:23
2026-06-22,09:33:37,OPI,Office Properties Income Trust Common shares of beneficial interest,Nasdaq,LULD Pause,2026-06-22,09:43:38
2026-06-22,09:32:11,MFI,mF International Limited Class A Ordinary Shares,Nasdaq,LULD Pause,2026-06-22,09:37:11
2026-06-22,09:32:03,BIRD,"""Smartbird, Inc. Class A Common Stock""",Nasdaq,LULD Pause,2026-06-22,09:37:03
2026-06-22,06:55:00,APGE,"""Apogee Therapeutics, Inc. Common Stock""",Nasdaq,News Pending,2026-06-22,07:20:00
2026-06-18,19:50:00,WTO,UTime Limited Class A Ordinary Shares,Nasdaq,News Pending,2026-06-22,09:00:00
2026-06-18,19:50:00,WTO,UTime Limited Class A Ordinary Shares,Nasdaq,News Pending,,
2026-06-18,19:50:00,BOXL,Boxlight Corporation Class A Common Stock,Nasdaq,News Pending,2026-06-22,09:00:00
2026-06-18,19:50:00,BOXL,Boxlight Corporation Class A Common Stock,Nasdaq,News Pending,,
2026-06-18,19:50:00,BMGL,Basel Medical Group Ltd Ordinary Shares,Nasdaq,News Pending,2026-06-22,09:00:00
2026-06-18,19:50:00,BMGL,Basel Medical Group Ltd Ordinary Shares,Nasdaq,News Pending,,
2026-06-18,19:50:00,WLDSW,Wearable Devices Ltd. Warrant,Nasdaq,News Pending,,
2026-06-18,19:50:00,WLDSW,Wearable Devices Ltd. Warrant,Nasdaq,News Pending,2026-06-22,09:05:00
2026-06-18,19:50:00,POM,POMDOCTOR LIMITED American Depositary Shares,Nasdaq,News Pending,2026-06-22,09:00:00
2026-06-18,19:50:00,POM,POMDOCTOR LIMITED American Depositary Shares,Nasdaq,News Pending,,
2026-06-18,19:50:00,LABT,Lakewood-Amedex Biotherapeutics Inc. Common Stock,Nasdaq,News Pending,,
2026-06-18,19:50:00,LABT,Lakewood-Amedex Biotherapeutics Inc. Common Stock,Nasdaq,News Pending,2026-06-22,09:00:00
2026-06-18,19:50:00,LHSW,Lianhe Sowell International Group Ltd Class A Ordinary Shares,Nasdaq,News Pending,2026-06-22,09:00:00
2026-06-18,19:50:00,LHSW,Lianhe Sowell International Group Ltd Class A Ordinary Shares,Nasdaq,News Pending,,
2026-06-18,19:50:00,WLDS,Wearable Devices Ltd. Ordinary Share,Nasdaq,News Pending,,
2026-06-18,19:50:00,WLDS,Wearable Devices Ltd. Ordinary Share,Nasdaq,News Pending,2026-06-22,09:00:00
2026-06-18,19:50:00,ORIS,Oriental Rise Holdings Limited Ordinary Shares,Nasdaq,News Pending,2026-06-22,09:00:00
2026-06-18,19:50:00,ORIS,Oriental Rise Holdings Limited Ordinary Shares,Nasdaq,News Pending,,
2026-06-18,15:55:34,HVT A,"""Haverty Furniture Companies, Inc. Class A""",NYSE,LULD Pause,2026-06-18,16:07:40
2026-06-18,15:53:05,PAVM,PAVmed Inc. Common Stock,Nasdaq,LULD Pause,2026-06-18,16:00:00
2026-06-18,15:51:43,MB,MasterBeef Group Ordinary Shares,Nasdaq,LULD Pause,2026-06-18,16:00:00
2026-06-18,15:51:41,DGICB,Donegal Group Inc,Nasdaq,LULD Pause,2026-06-18,16:00:00
2026-06-18,14:32:33,CAST,"""FreeCast, Inc. Class A Common Stock""",Nasdaq,LULD Pause,2026-06-18,14:42:33
2026-06-18,14:25:26,MAAS,Maase Inc. Class A Ordinary Shares,Nasdaq,LULD Pause,2026-06-18,14:30:26
2026-06-18,14:03:36,WYHG,Wing Yip Food Holdings Group Limited American Depositary Shares,Nasdaq,LULD Pause,2026-06-18,14:08:36
2026-06-18,13:57:43,WYHG,Wing Yip Food Holdings Group Limited American Depositary Shares,Nasdaq,LULD Pause,2026-06-18,14:02:43
2026-06-18,13:52:08,WYHG,Wing Yip Food Holdings Group Limited American Depositary Shares,Nasdaq,LULD Pause,2026-06-18,13:57:08
2026-06-18,13:46:42,WYHG,Wing Yip Food Holdings Group Limited American Depositary Shares,Nasdaq,LULD Pause,2026-06-18,13:51:42
2026-06-18,13:13:17,CRVO,CervoMed Inc. Common Stock,Nasdaq,LULD Pause,2026-06-18,13:18:17
2026-06-18,13:00:56,CDT,CDT Equity Inc. Common Stock,Nasdaq,LULD Pause,2026-06-18,13:05:56
2026-06-18,12:56:10,CRVO,CervoMed Inc. Common Stock,Nasdaq,LULD Pause,2026-06-18,13:06:10
2026-06-18,12:45:43,CRVO,CervoMed Inc. Common Stock,Nasdaq,LULD Pause,2026-06-18,12:55:44
2026-06-18,12:35:27,CRVO,CervoMed Inc. Common Stock,Nasdaq,LULD Pause,2026-06-18,12:45:27
2026-06-18,12:07:53,CRVO,CervoMed Inc. Common Stock,Nasdaq,LULD Pause,2026-06-18,12:12:53
2026-06-18,11:16:49,WOK,WORK Medical Technology Group LTD Class A Ordinary Shares,Nasdaq,LULD Pause,2026-06-18,11:21:49
2026-06-18,11:08:20,WOK,WORK Medical Technology Group LTD Class A Ordinary Shares,Nasdaq,LULD Pause,2026-06-18,11:13:20
2026-06-18,10:55:36,WOK,WORK Medical Technology Group LTD Class A Ordinary Shares,Nasdaq,LULD Pause,2026-06-18,11:00:36
2026-06-18,10:51:21,FISN,"""Deep Fission, Inc. Common Stock""",Nasdaq,LULD Pause,2026-06-18,10:56:21
2026-06-18,10:49:56,WOK,WORK Medical Technology Group LTD Class A Ordinary Shares,Nasdaq,LULD Pause,2026-06-18,10:54:56
2026-06-18,10:44:46,WYHG,Wing Yip Food Holdings Group Limited American Depositary Shares,Nasdaq,LULD Pause,2026-06-18,10:49:46
2026-06-18,10:43:43,WOK,WORK Medical Technology Group LTD Class A Ordinary Shares,Nasdaq,LULD Pause,2026-06-18,10:48:43
2026-06-18,10:34:21,WYHG,Wing Yip Food Holdings Group Limited American Depositary Shares,Nasdaq,LULD Pause,2026-06-18,10:44:22
2026-06-18,10:29:19,WOK,WORK Medical Technology Group LTD Class A Ordinary Shares,Nasdaq,LULD Pause,2026-06-18,10:39:24
2026-06-18,10:28:33,WYHG,Wing Yip Food Holdings Group Limited American Depositary Shares,Nasdaq,LULD Pause,2026-06-18,10:33:33
2026-06-18,10:24:12,CRVO,CervoMed Inc. Common Stock,Nasdaq,LULD Pause,2026-06-18,10:29:12
2026-06-18,10:18:57,WOK,WORK Medical Technology Group LTD Class A Ordinary Shares,Nasdaq,LULD Pause,2026-06-18,10:28:57
2026-06-18,10:11:28,WOK,WORK Medical Technology Group LTD Class A Ordinary Shares,Nasdaq,LULD Pause,2026-06-18,10:16:28
2026-06-18,10:11:16,CRVO,CervoMed Inc. Common Stock,Nasdaq,LULD Pause,2026-06-18,10:16:16
2026-06-18,10:05:07,WOK,WORK Medical Technology Group LTD Class A Ordinary Shares,Nasdaq,LULD Pause,2026-06-18,10:10:07
2026-06-18,09:59:44,WOK,WORK Medical Technology Group LTD Class A Ordinary Shares,Nasdaq,LULD Pause,2026-06-18,10:04:44
2026-06-18,09:55:59,CDT,CDT Equity Inc. Common Stock,Nasdaq,LULD Pause,2026-06-18,10:00:59
2026-06-18,09:54:12,WOK,WORK Medical Technology Group LTD Class A Ordinary Shares,Nasdaq,LULD Pause,2026-06-18,09:59:12
2026-06-18,09:49:34,AIFU,AIFU Inc. Class A Ordinary Share,Nasdaq,LULD Pause,2026-06-18,09:54:34
2026-06-18,09:48:54,CAST,"""FreeCast, Inc. Class A Common Stock""",Nasdaq,LULD Pause,2026-06-18,09:53:54
2026-06-18,09:48:35,CDT,CDT Equity Inc. Common Stock,Nasdaq,LULD Pause,2026-06-18,09:53:35
2026-06-18,09:48:25,CRVO,CervoMed Inc. Common Stock,Nasdaq,LULD Pause,2026-06-18,09:53:25
2026-06-18,09:48:14,WOK,WORK Medical Technology Group LTD Class A Ordinary Shares,Nasdaq,LULD Pause,2026-06-18,09:53:14
2026-06-18,09:39:29,WOK,WORK Medical Technology Group LTD Class A Ordinary Shares,Nasdaq,LULD Pause,2026-06-18,09:44:29
2026-06-18,09:36:19,CRVO,CervoMed Inc. Common Stock,Nasdaq,LULD Pause,2026-06-18,09:46:19
2026-06-18,09:36:06,ZSTK,ZeroStack Corp. Common Stock,Nasdaq,LULD Pause,2026-06-18,09:41:06
2026-06-18,09:34:05,CDT,CDT Equity Inc. Common Stock,Nasdaq,LULD Pause,2026-06-18,09:39:05
2026-06-18,09:31:12,WOK,WORK Medical Technology Group LTD Class A Ordinary Shares,Nasdaq,LULD Pause,2026-06-18,09:36:12
2026-06-18,09:30:58,QTAC,Q3 All-Season Tactical Advantage ETF,Cboe BZX,LULD Pause,2026-06-18,09:35:58
2026-06-18,09:30:26,STLU,2x Stellar ETF,Cboe BZX,LULD Pause,2026-06-18,09:35:26
2026-06-18,09:30:16,STLR,Stellar ETF,Cboe BZX,LULD Pause,2026-06-18,09:35:16
2026-06-17,19:50:00,WHLRP,"""Wheeler Real Estate Investment Trust, Inc. Preferred Stock""",Nasdaq,News Pending,2026-06-18,09:05:00
2026-06-17,19:50:00,WHLRP,"""Wheeler Real Estate Investment Trust, Inc. Preferred Stock""",Nasdaq,News Pending,,
2026-06-17,19:50:00,WHLRL,"""Wheeler Real Estate Investment Trust, Inc. 7.00% Senior Subordinated Convertible Notes Due 2031""",Nasdaq,News Pending,,
2026-06-17,19:50:00,WHLRL,"""Wheeler Real Estate Investment Trust, Inc. 7.00% Senior Subordinated Convertible Notes Due 2031""",Nasdaq,News Pending,2026-06-18,09:05:00
2026-06-17,19:50:00,WHLRD,"""Wheeler Real Estate Investment Trust, Inc. Series D Cumulative Preferred Stock""",Nasdaq,News Pending,2026-06-18,09:05:00
2026-06-17,19:50:00,WHLRD,"""Wheeler Real Estate Investment Trust, Inc. Series D Cumulative Preferred Stock""",Nasdaq,News Pending,,
2026-06-17,19:50:00,WOK,WORK Medical Technology Group LTD Class A Ordinary Shares,Nasdaq,News Pending,2026-06-18,09:00:00
2026-06-17,19:50:00,WOK,WORK Medical Technology Group LTD Class A Ordinary Shares,Nasdaq,News Pending,,
2026-06-17,19:50:00,WHLR,"""Wheeler Real Estate Investment Trust, Inc""",Nasdaq,News Pending,,
2026-06-17,19:50:00,WHLR,"""Wheeler Real Estate Investment Trust, Inc""",Nasdaq,News Pending,2026-06-18,09:00:00
2026-06-17,16:43:12,PMNT,Perfect Moment Ltd.,NYSE American,News Dissemination,,
2026-06-17,16:03:27,PMNT,Perfect Moment Ltd.,NYSE American,News Pending,See Subsequent Halt,See Subsequent Halt
2026-06-17,15:42:31,MTEN,Mingteng International Corporation Inc. Class A Ordinary Shares,Nasdaq,LULD Pause,2026-06-17,15:47:31
2026-06-17,15:33:17,MTEN,Mingteng International Corporation Inc. Class A Ordinary Shares,Nasdaq,LULD Pause,2026-06-17,15:38:17
2026-06-17,15:27:19,MTEN,Mingteng International Corporation Inc. Class A Ordinary Shares,Nasdaq,LULD Pause,2026-06-17,15:32:19
2026-06-17,15:26:02,UTSI,UTStarcom Holdings Corp Ordinary Shares (Cayman Islands),Nasdaq,LULD Pause,2026-06-17,15:31:02
2026-06-17,15:25:11,INLF,INLIF LIMITED Class A Ordinary Shares,Nasdaq,LULD Pause,2026-06-17,15:30:11
2026-06-17,15:21:41,MTEN,Mingteng International Corporation Inc. Class A Ordinary Shares,Nasdaq,LULD Pause,2026-06-17,15:26:41
2026-06-17,15:15:41,MTEN,Mingteng International Corporation Inc. Class A Ordinary Shares,Nasdaq,LULD Pause,2026-06-17,15:20:41
2026-06-17,13:15:29,ICCM,IceCure Medical Ltd. Ordinary Shares,Nasdaq,LULD Pause,2026-06-17,13:25:30
2026-06-17,13:14:04,UBXG,U-BX Technology Ltd. Class A Ordinary Shares,Nasdaq,LULD Pause,2026-06-17,13:19:04
2026-06-17,12:52:42,INLF,INLIF LIMITED Class A Ordinary Shares,Nasdaq,LULD Pause,2026-06-17,12:57:42
2026-06-17,12:22:41,VRM,"""Vroom, Inc. Common Stock""",Nasdaq,LULD Pause,2026-06-17,12:27:41
2026-06-17,12:18:44,INLF,INLIF LIMITED Class A Ordinary Shares,Nasdaq,LULD Pause,2026-06-17,12:23:44
2026-06-17,12:10:11,INLF,INLIF LIMITED Class A Ordinary Shares,Nasdaq,LULD Pause,2026-06-17,12:15:11
2026-06-17,12:04:22,INLF,INLIF LIMITED Class A Ordinary Shares,Nasdaq,LULD Pause,2026-06-17,12:09:22
2026-06-17,12:02:36,CTW,CTW Class A Ordinary Shares,Nasdaq,LULD Pause,2026-06-17,12:12:36
2026-06-17,11:59:26,VRM,"""Vroom, Inc. Common Stock""",Nasdaq,LULD Pause,2026-06-17,12:04:26
2026-06-17,11:51:20,VRM,"""Vroom, Inc. Common Stock""",Nasdaq,LULD Pause,2026-06-17,11:56:20
2026-06-17,11:40:26,VRM,"""Vroom, Inc. Common Stock""",Nasdaq,LULD Pause,2026-06-17,11:50:26
2026-06-17,11:34:59,VRM,"""Vroom, Inc. Common Stock""",Nasdaq,LULD Pause,2026-06-17,11:39:59
2026-06-17,11:11:53,RDAC,Rising Dragon Acquisition Corp. Ordinary Shares,Nasdaq,LULD Pause,2026-06-17,11:21:53
2026-06-17,11:11:30,INLF,INLIF LIMITED Class A Ordinary Shares,Nasdaq,LULD Pause,2026-06-17,11:16:30
2026-06-17,11:08:39,BIRD,"""Allbirds, Inc. Class A Common Stock""",Nasdaq,LULD Pause,2026-06-17,11:13:39
2026-06-17,10:59:23,INLF,INLIF LIMITED Class A Ordinary Shares,Nasdaq,LULD Pause,2026-06-17,11:04:23
2026-06-17,10:49:42,INLF,INLIF LIMITED Class A Ordinary Shares,Nasdaq,LULD Pause,2026-06-17,10:54:42
2026-06-17,10:43:34,INLF,INLIF LIMITED Class A Ordinary Shares,Nasdaq,LULD Pause,2026-06-17,10:48:34
2026-06-17,10:39:15,RGNT,Regentis Biomaterials Ltd.,NYSE American,LULD Pause,2026-06-17,10:44:15
2026-06-17,10:38:33,SDOT,Sadot Group Inc. Common Stock,Nasdaq,LULD Pause,2026-06-17,10:43:33
2026-06-17,10:34:02,INLF,INLIF LIMITED Class A Ordinary Shares,Nasdaq,LULD Pause,2026-06-17,10:39:02
2026-06-17,10:28:28,INLF,INLIF LIMITED Class A Ordinary Shares,Nasdaq,LULD Pause,2026-06-17,10:33:28
2026-06-17,10:28:07,SDOT,Sadot Group Inc. Common Stock,Nasdaq,LULD Pause,2026-06-17,10:33:07
2026-06-17,10:25:01,RGNT,Regentis Biomaterials Ltd.,NYSE American,LULD Pause,2026-06-17,10:38:53
2026-06-17,10:22:11,INLF,INLIF LIMITED Class A Ordinary Shares,Nasdaq,LULD Pause,2026-06-17,10:27:11
2026-06-17,10:16:34,INLF,INLIF LIMITED Class A Ordinary Shares,Nasdaq,LULD Pause,2026-06-17,10:21:34
2026-06-17,10:10:50,INLF,INLIF LIMITED Class A Ordinary Shares,Nasdaq,LULD Pause,2026-06-17,10:15:50
2026-06-17,10:10:08,UTSI,UTStarcom Holdings Corp Ordinary Shares (Cayman Islands),Nasdaq,LULD Pause,2026-06-17,10:15:08
2026-06-17,10:05:28,INLF,INLIF LIMITED Class A Ordinary Shares,Nasdaq,LULD Pause,2026-06-17,10:10:28
2026-06-17,09:59:39,INLF,INLIF LIMITED Class A Ordinary Shares,Nasdaq,LULD Pause,2026-06-17,10:04:39
2026-06-17,09:58:21,UTSI,UTStarcom Holdings Corp Ordinary Shares (Cayman Islands),Nasdaq,LULD Pause,2026-06-17,10:03:21
2026-06-17,09:54:31,ICCM,IceCure Medical Ltd. Ordinary Shares,Nasdaq,LULD Pause,2026-06-17,09:59:31
2026-06-17,09:53:28,INLF,INLIF LIMITED Class A Ordinary Shares,Nasdaq,LULD Pause,2026-06-17,09:58:28
2026-06-17,09:49:50,MFI,mF International Limited Class A Ordinary Shares,Nasdaq,LULD Pause,2026-06-17,09:54:50
2026-06-17,09:48:07,INLF,INLIF LIMITED Class A Ordinary Shares,Nasdaq,LULD Pause,2026-06-17,09:53:07
2026-06-17,09:43:18,UTSI,UTStarcom Holdings Corp Ordinary Shares (Cayman Islands),Nasdaq,LULD Pause,2026-06-17,09:53:18
2026-06-17,09:42:47,INLF,INLIF LIMITED Class A Ordinary Shares,Nasdaq,LULD Pause,2026-06-17,09:47:47
2026-06-17,09:42:39,MTEN,Mingteng International Corporation Inc. Class A Ordinary Shares,Nasdaq,LULD Pause,2026-06-17,09:52:39
2026-06-17,09:38:51,JLHL,Julong Holding Limited Class A Ordinary Shares,Nasdaq,LULD Pause,2026-06-17,09:48:51
2026-06-17,09:36:42,GHTA,Goose Hollow Tactical Allocation ETF,Cboe BZX,LULD Pause,2026-06-17,09:41:42
2026-06-17,09:36:37,BTSGU,"""BrightSpring Health Services, Inc. Tangible Equity Unit""",Nasdaq,LULD Pause,2026-06-17,09:41:37
2026-06-17,09:32:57,UTSI,UTStarcom Holdings Corp Ordinary Shares (Cayman Islands),Nasdaq,LULD Pause,2026-06-17,09:42:57
2026-06-17,09:32:05,INLF,INLIF LIMITED Class A Ordinary Shares,Nasdaq,LULD Pause,2026-06-17,09:42:05
2026-06-17,09:30:15,FTFT,Future FinTech Group Inc.,Nasdaq,LULD Pause,2026-06-17,09:40:15
2026-06-17,08:55:00,BNAIW,Brand Engagement Network Inc. Warrant,Nasdaq,News Pending,2026-06-17,09:55:00
2026-06-17,08:55:00,BNAI,Brand Engagement Network Inc. Common Stock,Nasdaq,News Pending,2026-06-17,09:50:00
2026-06-17,08:40:00,OCUL,"""Ocular Therapeutix, Inc.""",Nasdaq,News Pending,2026-06-17,09:15:00
2026-06-17,08:25:00,ALOT,"""AstroNova, Inc. Common Stock""",Nasdaq,News Pending,2026-06-17,09:05:01
2026-06-17,07:55:00,FTHM,Fathom Holdings Inc. Common Stock,Nasdaq,News Pending,2026-06-17,08:35:00
2026-06-17,07:00:00,QURE,uniQure N.V.,Nasdaq,News Pending,2026-06-17,07:50:01
2026-06-16,19:50:00,UPLD,"""Upland Software, Inc.""",Nasdaq,News Pending,2026-06-17,09:00:00
2026-06-16,19:50:00,UPLD,"""Upland Software, Inc.""",Nasdaq,News Pending,,
2026-06-16,19:50:00,VMAR,Vision Marine Technologies Inc. Common Shares,Nasdaq,News Pending,,
2026-06-16,19:50:00,VMAR,Vision Marine Technologies Inc. Common Shares,Nasdaq,News Pending,2026-06-17,09:00:00
2026-06-16,15:51:48,RDIB,"""Reading International, Inc (Class B""",Nasdaq,LULD Pause,2026-06-16,16:00:00
2026-06-16,15:48:43,NXTS,Nexentis Technologies Inc. Common Stock,Nasdaq,LULD Pause,2026-06-16,16:00:00
2026-06-16,15:48:09,FLZH,"""Flash Sports & Media Holdings, Inc. Common Stock""",Nasdaq,LULD Pause,2026-06-16,16:00:00
2026-06-16,15:38:05,NXTS,Nexentis Technologies Inc. Common Stock,Nasdaq,LULD Pause,2026-06-16,15:48:05
2026-06-16,15:10:54,SDOT,Sadot Group Inc. Common Stock,Nasdaq,LULD Pause,2026-06-16,16:00:00
2026-06-16,14:19:52,ELOX,"""Eloxx Pharmaceuticals, Inc. Common Stock""",Nasdaq,LULD Pause,2026-06-16,14:24:52
2026-06-16,13:55:40,OBAI,"""Our Bond, Inc. Common Stock""",Nasdaq,LULD Pause,2026-06-16,14:00:40
2026-06-16,13:20:53,SLBT,SL Science Holding Limited Ordinary Shares,Nasdaq,LULD Pause,2026-06-16,13:30:53
2026-06-16,13:15:34,SLBT,SL Science Holding Limited Ordinary Shares,Nasdaq,LULD Pause,2026-06-16,13:20:34
2026-06-16,13:08:31,SLBT,SL Science Holding Limited Ordinary Shares,Nasdaq,LULD Pause,2026-06-16,13:13:31
2026-06-16,11:24:19,VRXA,Veraxa Biotech AG Ordinary Shares,Nasdaq,LULD Pause,2026-06-16,11:29:19
2026-06-16,11:17:49,CRE,Cre8 Enterprise Limited Class A Ordinary Shares,Nasdaq,LULD Pause,2026-06-16,11:22:49
2026-06-16,11:14:38,VRXA,Veraxa Biotech AG Ordinary Shares,Nasdaq,LULD Pause,2026-06-16,11:19:38
2026-06-16,11:08:32,VRXA,Veraxa Biotech AG Ordinary Shares,Nasdaq,LULD Pause,2026-06-16,11:13:32
2026-06-16,10:57:18,VRXA,Veraxa Biotech AG Ordinary Shares,Nasdaq,LULD Pause,2026-06-16,11:07:18
2026-06-16,10:40:23,CCTG,CCSC Technology International Holdings Limited Class A Ordinary Shares,Nasdaq,LULD Pause,2026-06-16,10:45:23
2026-06-16,10:32:21,TOXR,21Shares XRP ETF,Cboe BZX,LULD Pause,2026-06-16,10:37:21
2026-06-16,10:25:38,AIFU,AIFU Inc. Class A Ordinary Share,Nasdaq,LULD Pause,2026-06-16,10:30:38
2026-06-16,10:13:30,SLGB,Smart Logistics Global Limited Ordinary Shares,Nasdaq,LULD Pause,2026-06-16,10:18:30
2026-06-16,10:06:31,SLGB,Smart Logistics Global Limited Ordinary Shares,Nasdaq,LULD Pause,2026-06-16,10:11:31
2026-06-16,10:03:44,CCTG,CCSC Technology International Holdings Limited Class A Ordinary Shares,Nasdaq,LULD Pause,2026-06-16,10:08:44
2026-06-16,10:02:41,SLBT,SL Science Holding Limited Ordinary Shares,Nasdaq,LULD Pause,2026-06-16,10:07:41
2026-06-16,09:58:10,TDIC,Dreamland Limited Class A Ordinary Shares,Nasdaq,LULD Pause,2026-06-16,10:03:10
2026-06-16,09:57:00,SLBT,SL Science Holding Limited Ordinary Shares,Nasdaq,LULD Pause,2026-06-16,10:02:00
2026-06-16,09:51:08,CCTG,CCSC Technology International Holdings Limited Class A Ordinary Shares,Nasdaq,LULD Pause,2026-06-16,09:56:08
2026-06-16,09:45:28,GDHG,Golden Heaven Group Holdings Ltd. Class A Ordinary Shares,Nasdaq,LULD Pause,2026-06-16,09:50:28
2026-06-16,09:44:52,BSAA,BEST SPAC I Acquisition Corp. Class A Ordinary Shares,Nasdaq,LULD Pause,2026-06-16,09:49:52
2026-06-16,09:40:57,OBAI,"""Our Bond, Inc. Common Stock""",Nasdaq,LULD Pause,2026-06-16,09:45:57
2026-06-16,09:35:45,OSSL,Defiance Daily Target 2X Long OSS ETF,Cboe BZX,LULD Pause,2026-06-16,09:40:45
2026-06-16,09:34:23,WSO B,"""Watsco, Inc. Class B""",NYSE,LULD Pause,2026-06-16,09:39:23
2026-06-16,09:33:27,MAMO,Massimo Group Common Stock,Nasdaq,LULD Pause,2026-06-16,09:38:27
2026-06-16,09:30:35,OBAI,"""Our Bond, Inc. Common Stock""",Nasdaq,LULD Pause,2026-06-16,09:35:35
2026-06-16,09:30:20,HONAV,Honeywell Aerospace Inc. Common Stock When Issued,Nasdaq,LULD Pause,2026-06-16,09:40:20
2026-06-16,08:55:00,LPRO,Open Lending Corporation Common Stock,Nasdaq,News Pending,2026-06-16,09:55:00
2026-06-16,08:55:00,SLP,"""Simulations Plus, Inc.""",Nasdaq,News Pending,2026-06-16,09:55:00
2026-06-16,08:20:51,KW,"""KENNEDY-WILSON HOLDINGS, INC.""",NYSE,Merger Effective,,
2026-06-15,19:50:00,AIFU,AIFU Inc. Class A Ordinary Share,Nasdaq,News Pending,2026-06-16,09:00:00
2026-06-15,19:50:00,AIFU,AIFU Inc. Class A Ordinary Share,Nasdaq,News Pending,,
2026-06-15,19:50:00,ASRT,"""Assertio Holdings, Inc. Common Stock""",Nasdaq,News Pending,,
2026-06-15,19:50:00,CREG,Smart Powerr Corp. Common Stock,Nasdaq,News Pending,,
2026-06-15,19:50:00,CREG,Smart Powerr Corp. Common Stock,Nasdaq,News Pending,2026-06-16,09:00:00
2026-06-15,19:30:08,NVX,NOVONIX Limited American Depository Shares,Nasdaq,News Pending,,
2026-06-15,19:30:08,NVX,NOVONIX Limited American Depository Shares,Nasdaq,News Pending,2026-06-17,07:00:00
2026-06-15,15:41:00,FGMCU,FG Merger II Corp. Unit,Nasdaq,LULD Pause,2026-06-15,15:46:00
2026-06-15,15:20:18,WLDS,Wearable Devices Ltd. Ordinary Share,Nasdaq,LULD Pause,2026-06-15,15:25:18
2026-06-15,14:51:23,PRFX,PRF Technologies Ltd. Ordinary Shares,Nasdaq,LULD Pause,2026-06-15,15:01:23
2026-06-15,14:05:00,DTSQU,DT Cloud Star Acquisition Corporation Units,Nasdaq,LULD Pause,2026-06-15,14:10:00
2026-06-15,13:52:30,RGNT,Regentis Biomaterials Ltd.,NYSE American,LULD Pause,2026-06-15,13:57:30
2026-06-15,13:46:16,RGNT,Regentis Biomaterials Ltd.,NYSE American,LULD Pause,2026-06-15,13:51:16
2026-06-15,13:20:54,SENEB,Seneca Foods Corp,Nasdaq,LULD Pause,2026-06-15,13:25:54
2026-06-15,12:49:29,RGNT,Regentis Biomaterials Ltd.,NYSE American,LULD Pause,2026-06-15,12:54:29
2026-06-15,12:32:49,RGNT,Regentis Biomaterials Ltd.,NYSE American,LULD Pause,2026-06-15,12:42:49
2026-06-15,12:27:13,RGNT,Regentis Biomaterials Ltd.,NYSE American,LULD Pause,2026-06-15,12:32:13
2026-06-15,11:50:10,CUPR,Cuprina Holdings (Cayman) Limited Class A Ordinary Shares,Nasdaq,LULD Pause,2026-06-15,11:55:10
2026-06-15,11:43:20,CUPR,Cuprina Holdings (Cayman) Limited Class A Ordinary Shares,Nasdaq,LULD Pause,2026-06-15,11:48:20
2026-06-15,11:41:19,LILAV,Liberty Latin America Ltd Class A Common Stock Ex-Distribution When Issued,Nasdaq,LULD Pause,2026-06-15,11:46:19
2026-06-15,11:41:11,RGNT,Regentis Biomaterials Ltd.,NYSE American,News Pending,2026-06-15,12:25:00
2026-06-15,11:32:32,CUPR,Cuprina Holdings (Cayman) Limited Class A Ordinary Shares,Nasdaq,LULD Pause,2026-06-15,11:37:32
2026-06-15,11:31:43,LILAV,Liberty Latin America Ltd Class A Common Stock Ex-Distribution When Issued,Nasdaq,LULD Pause,2026-06-15,11:36:43
2026-06-15,11:24:54,BSAA,BEST SPAC I Acquisition Corp. Class A Ordinary Shares,Nasdaq,LULD Pause,2026-06-15,11:29:54
2026-06-15,11:21:35,HONAV,Honeywell Aerospace Inc. Common Stock When Issued,Nasdaq,LULD Pause,2026-06-15,11:26:35
2026-06-15,11:17:39,VRXA,Veraxa Biotech AG Ordinary Shares,Nasdaq,LULD Pause,2026-06-15,11:22:39
2026-06-15,10:54:49,CUPR,Cuprina Holdings (Cayman) Limited Class A Ordinary Shares,Nasdaq,LULD Pause,2026-06-15,10:59:49
2026-06-15,10:49:33,GVH,Globavend Holdings Limited Ordinary Shares,Nasdaq,LULD Pause,2026-06-15,10:54:33
2026-06-15,10:47:30,HONAV,Honeywell Aerospace Inc. Common Stock When Issued,Nasdaq,LULD Pause,2026-06-15,10:52:30
2026-06-15,10:47:02,CUPR,Cuprina Holdings (Cayman) Limited Class A Ordinary Shares,Nasdaq,LULD Pause,2026-06-15,10:52:02
2026-06-15,10:34:51,CUPR,Cuprina Holdings (Cayman) Limited Class A Ordinary Shares,Nasdaq,LULD Pause,2026-06-15,10:39:51
2026-06-15,10:27:16,WYHG,Wing Yip Food Holdings Group Limited American Depositary Shares,Nasdaq,LULD Pause,2026-06-15,10:32:16
2026-06-15,10:20:12,PRHI,"""Presurance Holdings, Inc. Common Stock""",Nasdaq,LULD Pause,2026-06-15,10:25:12
2026-06-15,10:17:33,CUPR,Cuprina Holdings (Cayman) Limited Class A Ordinary Shares,Nasdaq,LULD Pause,2026-06-15,10:27:33
2026-06-15,10:07:01,CUPR,Cuprina Holdings (Cayman) Limited Class A Ordinary Shares,Nasdaq,LULD Pause,2026-06-15,10:17:01
2026-06-15,10:02:35,QH,Quhuo Limited American Depository Shares,Nasdaq,LULD Pause,2026-06-15,10:07:35
2026-06-15,10:01:39,CUPR,Cuprina Holdings (Cayman) Limited Class A Ordinary Shares,Nasdaq,LULD Pause,2026-06-15,10:06:39
2026-06-15,09:50:40,CUPR,Cuprina Holdings (Cayman) Limited Class A Ordinary Shares,Nasdaq,LULD Pause,2026-06-15,10:00:40
2026-06-15,09:50:17,RGNT,Regentis Biomaterials Ltd.,NYSE American,LULD Pause,2026-06-15,09:55:17
2026-06-15,09:48:35,STLR,Stellar ETF,Cboe BZX,LULD Pause,2026-06-15,09:53:35
2026-06-15,09:46:14,LOKVU,Live Oak Acquisition Corp. V Units,Nasdaq,LULD Pause,2026-06-15,09:51:14
2026-06-15,09:42:47,RGNT,Regentis Biomaterials Ltd.,NYSE American,LULD Pause,2026-06-15,09:47:48
2026-06-15,09:40:16,CUPR,Cuprina Holdings (Cayman) Limited Class A Ordinary Shares,Nasdaq,LULD Pause,2026-06-15,09:50:16
2026-06-15,09:39:21,AIBZ,Bitzero Holdings Inc. Common Shares,Nasdaq,LULD Pause,2026-06-15,09:49:21
2026-06-15,09:37:01,SATO,Invesco Alerian Galaxy Crypto Economy ETF,Cboe BZX,LULD Pause,2026-06-15,09:42:01
2026-06-15,09:36:47,RW,Rainwater Equity ETF,NYSE Arca,LULD Pause,2026-06-15,09:41:47
2026-06-15,09:33:29,RDAC,Rising Dragon Acquisition Corp. Ordinary Shares,Nasdaq,LULD Pause,2026-06-15,09:38:29
2026-06-15,09:33:22,MOBI,"""Mobia Medical, Inc. Common Stock""",Nasdaq,LULD Pause,2026-06-15,09:38:22
2026-06-15,09:32:36,BTCW,WisdomTree Bitcoin Fund,Cboe BZX,LULD Pause,2026-06-15,09:37:36
2026-06-15,09:32:34,JRSH,"""Jerash Holdings (US), Inc. Common Stock""",Nasdaq,LULD Pause,2026-06-15,09:37:34
2026-06-15,09:31:53,CUPR,Cuprina Holdings (Cayman) Limited Class A Ordinary Shares,Nasdaq,LULD Pause,2026-06-15,09:36:53
2026-06-15,09:30:16,SOLC,Canary Marinade Solana ETF Shares of Beneficial Interest,Nasdaq,LULD Pause,2026-06-15,09:35:16
2026-06-15,09:30:15,QSOL,Invesco Galaxy Solana ETF,Cboe BZX,LULD Pause,2026-06-15,09:40:15
2026-06-15,07:55:00,NMRA,"""Neumora Therapeutics, Inc. Common Stock""",Nasdaq,News Pending,2026-06-15,08:30:00
2026-06-15,07:55:00,PAYO,Payoneer Global Inc. Common Stock,Nasdaq,News Pending,2026-06-15,08:30:00
2026-06-15,06:55:00,ELTX,"""Elicio Therapeutics, Inc. Common Stock""",Nasdaq,News Pending,2026-06-15,07:35:00
2026-06-15,06:55:00,ROKU,"""Roku, Inc. Class A Common Stock""",Nasdaq,News Pending,2026-06-15,07:30:00
2026-06-15,03:58:00,HONIV,Honeywell International Inc. Common Stock Ex Distribution When Issued,Nasdaq,News Pending,2026-06-15,08:35:00
2026-06-15,03:58:00,HONAV,Honeywell Aerospace Inc. Common Stock When Issued,Nasdaq,News Pending,2026-06-15,08:35:00
2026-06-12,19:50:00,AMODW,"""Alpha Modus Holdings, Inc. Warrant""",Nasdaq,News Pending,,
2026-06-12,19:50:00,AMODW,"""Alpha Modus Holdings, Inc. Warrant""",Nasdaq,News Pending,2026-06-15,09:05:00
2026-06-12,19:50:00,AVX,Avax One Technology Ltd. Common Shares,Nasdaq,News Pending,2026-06-15,09:00:00
2026-06-12,19:50:00,AVX,Avax One Technology Ltd. Common Shares,Nasdaq,News Pending,,
2026-06-12,19:50:00,AMOD,"""Alpha Modus Holdings, Inc. Class A Common Stock""",Nasdaq,News Pending,,
2026-06-12,19:50:00,AMOD,"""Alpha Modus Holdings, Inc. Class A Common Stock""",Nasdaq,News Pending,2026-06-15,09:00:00
2026-06-12,19:50:00,TDIC,Dreamland Limited Class A Ordinary Shares,Nasdaq,News Pending,,
2026-06-12,19:50:00,TDIC,Dreamland Limited Class A Ordinary Shares,Nasdaq,News Pending,2026-06-15,09:00:00
2026-06-12,16:08:12,JMG,JM Group Limited,NYSE American,News Dissemination,,
2026-06-12,16:08:12,TCGL,TechCreate Group Ltd.,NYSE American,News Dissemination,,
2026-06-12,15:54:24,HSPT,Horizon Space Acquisition II Corp. Ordinary share,Nasdaq,LULD Pause,2026-06-12,16:00:00
2026-06-12,15:10:29,HSPT,Horizon Space Acquisition II Corp. Ordinary share,Nasdaq,LULD Pause,2026-06-12,15:15:29
2026-06-12,15:04:52,HSPT,Horizon Space Acquisition II Corp. Ordinary share,Nasdaq,LULD Pause,2026-06-12,15:09:52
2026-06-12,15:03:50,UBXG,U-BX Technology Ltd. Class A Ordinary Shares,Nasdaq,LULD Pause,2026-06-12,15:08:50
2026-06-12,14:58:54,ANGH,Anghami Inc. Ordinary Shares,Nasdaq,LULD Pause,2026-06-12,15:08:54
2026-06-12,14:58:07,UBXG,U-BX Technology Ltd. Class A Ordinary Shares,Nasdaq,LULD Pause,2026-06-12,15:03:07
2026-06-12,14:55:04,BYAH,"""Park Ha Biological Technology Co., Ltd. Ordinary Shares""",Nasdaq,LULD Pause,2026-06-12,15:00:04
2026-06-12,14:45:44,ANGH,Anghami Inc. Ordinary Shares,Nasdaq,LULD Pause,2026-06-12,14:50:44
2026-06-12,14:37:28,HSPT,Horizon Space Acquisition II Corp. Ordinary share,Nasdaq,LULD Pause,2026-06-12,14:47:28
2026-06-12,14:37:28,ANGH,Anghami Inc. Ordinary Shares,Nasdaq,LULD Pause,2026-06-12,14:42:28
2026-06-12,14:25:40,HSPT,Horizon Space Acquisition II Corp. Ordinary share,Nasdaq,LULD Pause,2026-06-12,14:36:48
2026-06-12,14:25:04,HSPTU,Horizon Space Acquisition II Corp. Units,Nasdaq,LULD Pause,2026-06-12,14:45:04
2026-06-12,14:20:35,ENRD,Einride AB American Depositary Shares,Nasdaq,LULD Pause,2026-06-12,14:25:35
2026-06-12,14:18:00,HSPT,Horizon Space Acquisition II Corp. Ordinary share,Nasdaq,LULD Pause,2026-06-12,14:23:00
2026-06-12,14:15:47,HSPTU,Horizon Space Acquisition II Corp. Units,Nasdaq,LULD Pause,2026-06-12,14:20:47
2026-06-12,14:07:25,HSPT,Horizon Space Acquisition II Corp. Ordinary share,Nasdaq,LULD Pause,2026-06-12,14:12:25
2026-06-12,14:07:17,ASBP,"""Aspire Biopharma Holdings, Inc. Common Stock""",Nasdaq,LULD Pause,2026-06-12,14:17:22
2026-06-12,13:59:07,HSPT,Horizon Space Acquisition II Corp. Ordinary share,Nasdaq,LULD Pause,2026-06-12,14:04:07
2026-06-12,13:54:21,ARBB,ARB IOT Group Limited Ordinary Shares,Nasdaq,LULD Pause,2026-06-12,13:59:21
2026-06-12,13:35:42,CAST,"""FreeCast, Inc. Class A Common Stock""",Nasdaq,LULD Pause,2026-06-12,13:40:42
2026-06-12,13:24:21,HSPTU,Horizon Space Acquisition II Corp. Units,Nasdaq,LULD Pause,2026-06-12,14:12:48
2026-06-12,13:23:47,CAST,"""FreeCast, Inc. Class A Common Stock""",Nasdaq,LULD Pause,2026-06-12,13:28:47
2026-06-12,13:23:35,HSPT,Horizon Space Acquisition II Corp. Ordinary share,Nasdaq,LULD Pause,2026-06-12,13:58:36
2026-06-12,13:19:17,VRXA,Veraxa Biotech AG Ordinary Shares,Nasdaq,LULD Pause,2026-06-12,13:29:17
2026-06-12,13:05:19,CAST,"""FreeCast, Inc. Class A Common Stock""",Nasdaq,LULD Pause,2026-06-12,13:10:19
2026-06-12,12:52:48,CAST,"""FreeCast, Inc. Class A Common Stock""",Nasdaq,LULD Pause,2026-06-12,12:57:48
2026-06-12,12:47:11,CAST,"""FreeCast, Inc. Class A Common Stock""",Nasdaq,LULD Pause,2026-06-12,12:52:11
2026-06-12,12:41:47,CAST,"""FreeCast, Inc. Class A Common Stock""",Nasdaq,LULD Pause,2026-06-12,12:46:47
2026-06-12,12:34:23,CAST,"""FreeCast, Inc. Class A Common Stock""",Nasdaq,LULD Pause,2026-06-12,12:39:23
2026-06-12,12:29:02,CAST,"""FreeCast, Inc. Class A Common Stock""",Nasdaq,LULD Pause,2026-06-12,12:34:02
2026-06-12,12:00:10,CAST,"""FreeCast, Inc. Class A Common Stock""",Nasdaq,LULD Pause,2026-06-12,12:05:10
2026-06-12,11:57:18,PTLE,PTL LTD Class A Ordinary Shares,Nasdaq,LULD Pause,2026-06-12,12:02:18
2026-06-12,11:51:18,VRXA,Veraxa Biotech AG Ordinary Shares,Nasdaq,LULD Pause,2026-06-12,12:01:18
2026-06-12,11:50:28,CAST,"""FreeCast, Inc. Class A Common Stock""",Nasdaq,LULD Pause,2026-06-12,11:55:28
2026-06-12,11:49:37,TNMG,TNL Mediagene Ordinary Shares,Nasdaq,LULD Pause,2026-06-12,11:54:37
2026-06-12,11:47:40,CIIT,"""Tianci International, Inc. Common Stock""",Nasdaq,LULD Pause,2026-06-12,11:52:40
2026-06-12,11:40:32,CAST,"""FreeCast, Inc. Class A Common Stock""",Nasdaq,LULD Pause,2026-06-12,11:45:32
2026-06-12,11:34:53,CAST,"""FreeCast, Inc. Class A Common Stock""",Nasdaq,LULD Pause,2026-06-12,11:39:53
2026-06-12,11:29:21,CAST,"""FreeCast, Inc. Class A Common Stock""",Nasdaq,LULD Pause,2026-06-12,11:34:21
2026-06-12,11:23:55,CAST,"""FreeCast, Inc. Class A Common Stock""",Nasdaq,LULD Pause,2026-06-12,11:28:55
2026-06-12,11:18:35,CAST,"""FreeCast, Inc. Class A Common Stock""",Nasdaq,LULD Pause,2026-06-12,11:23:35
2026-06-12,11:16:02,CDTG,CDT Environmental Technology Investment Holdings Limited ordinary shares,Nasdaq,LULD Pause,2026-06-12,11:26:02
2026-06-12,11:13:53,AUC,ATIF Holdings Limited Ordinary Shares,Nasdaq,LULD Pause,2026-06-12,11:18:53
2026-06-12,11:09:31,CAST,"""FreeCast, Inc. Class A Common Stock""",Nasdaq,LULD Pause,2026-06-12,11:14:31
2026-06-12,11:08:25,CDTG,CDT Environmental Technology Investment Holdings Limited ordinary shares,Nasdaq,LULD Pause,2026-06-12,11:13:25
2026-06-12,11:06:45,GLDY,Defiance Gold Enhanced Options Income ETF,Nasdaq,LULD Pause,2026-06-12,11:11:45
2026-06-12,11:04:51,HSPT,Horizon Space Acquisition II Corp. Ordinary share,Nasdaq,LULD Pause,2026-06-12,11:14:51
2026-06-12,11:03:03,FLYE,"""Fly-E Group, Inc. Common Stock""",Nasdaq,LULD Pause,2026-06-12,11:13:03
2026-06-12,10:55:56,CAST,"""FreeCast, Inc. Class A Common Stock""",Nasdaq,LULD Pause,2026-06-12,11:00:56
2026-06-12,10:48:12,UBXG,U-BX Technology Ltd. Class A Ordinary Shares,Nasdaq,LULD Pause,2026-06-12,10:53:12
2026-06-12,10:45:25,SPCL,Defiance Daily 2X Space ETF,Cboe BZX,Regulatory Concern,2026-06-15,09:30:01
2026-06-12,10:45:25,SPCL,Defiance Daily 2X Space ETF,Cboe BZX,Regulatory Concern,,
2026-06-12,10:42:00,RUBI,Rubico Inc. Common Stock,Nasdaq,LULD Pause,2026-06-12,10:47:00
2026-06-12,10:32:20,HSPT,Horizon Space Acquisition II Corp. Ordinary share,Nasdaq,LULD Pause,2026-06-12,10:42:20
2026-06-12,10:25:27,RAY,Raytech Holding Limited Ordinary Shares,Nasdaq,LULD Pause,2026-06-12,10:30:27
2026-06-12,10:21:18,VCX,"""Fundrise Innovation Fund, LLC""",NYSE,LULD Pause,2026-06-12,10:26:33
2026-06-12,10:15:56,VCX,"""Fundrise Innovation Fund, LLC""",NYSE,LULD Pause,2026-06-12,10:21:03
2026-06-12,10:15:36,UBXG,U-BX Technology Ltd. Class A Ordinary Shares,Nasdaq,LULD Pause,2026-06-12,10:20:36
2026-06-12,10:03:20,VRXA,Veraxa Biotech AG Ordinary Shares,Nasdaq,LULD Pause,2026-06-12,10:13:21
2026-06-12,10:03:17,JLHL,Julong Holding Limited Class A Ordinary Shares,Nasdaq,LULD Pause,2026-06-12,10:08:17
2026-06-12,10:03:15,UBXG,U-BX Technology Ltd. Class A Ordinary Shares,Nasdaq,LULD Pause,2026-06-12,10:13:15
2026-06-12,10:02:58,BVC,BitVentures Limited Ordinary Shares,Nasdaq,LULD Pause,2026-06-12,10:07:58
2026-06-12,10:02:39,CNBS,Amplify Seymour Cannabis ETF,NYSE Arca,LULD Pause,2026-06-12,10:07:39
2026-06-12,10:00:20,GLDY,Defiance Gold Enhanced Options Income ETF,Nasdaq,LULD Pause,2026-06-12,11:05:21
2026-06-12,09:55:16,UBXG,U-BX Technology Ltd. Class A Ordinary Shares,Nasdaq,LULD Pause,2026-06-12,10:00:16
2026-06-12,09:54:14,VRXA,Veraxa Biotech AG Ordinary Shares,Nasdaq,LULD Pause,2026-06-12,09:59:14
2026-06-12,09:52:59,TCGL,TechCreate Group Ltd.,NYSE American,News Pending,See Subsequent Halt,See Subsequent Halt
2026-06-12,09:52:59,JMG,JM Group Limited,NYSE American,News Pending,See Subsequent Halt,See Subsequent Halt
2026-06-12,09:44:57,OMER,Omeros Corporation,Nasdaq,LULD Pause,2026-06-12,09:49:57
2026-06-12,09:44:29,ONEG,OneConstruction Group Limited Ordinary Shares,Nasdaq,LULD Pause,2026-06-12,09:49:29
2026-06-12,09:42:14,CPOP,"""Pop Culture Group Co., Ltd Class A Ordinary Shares""",Nasdaq,LULD Pause,2026-06-12,09:47:14
2026-06-12,09:41:16,DSY,Big Tree Cloud Holdings Limited Class A Ordinary Shares,Nasdaq,LULD Pause,2026-06-12,09:46:16
2026-06-12,09:35:40,DEFR,Aptus Deferred Income ETF,Cboe BZX,LULD Pause,2026-06-12,09:40:40
2026-06-12,09:32:48,HTCO,High-Trend International Group Class A Ordinary Shares,Nasdaq,LULD Pause,2026-06-12,09:42:48
2026-06-12,09:32:47,OMER,Omeros Corporation,Nasdaq,LULD Pause,2026-06-12,09:42:47
2026-06-12,09:32:06,CUPR,Cuprina Holdings (Cayman) Limited Class A Ordinary Shares,Nasdaq,LULD Pause,2026-06-12,09:37:06
2026-06-12,09:30:18,BBGI,Beasley Broadcasting Group Inc,Nasdaq,LULD Pause,2026-06-12,09:40:18
2026-06-12,09:30:16,HSPT,Horizon Space Acquisition II Corp. Ordinary share,Nasdaq,LULD Pause,2026-06-12,09:40:16
2026-06-12,09:30:15,VELL,Defiance Daily Target 2X Long VELO ETF,Cboe BZX,LULD Pause,2026-06-12,09:55:20
2026-06-11,19:50:00,AERTW,"""Aeries Technology, Inc. Warrant""",Nasdaq,News Pending,2026-06-12,09:05:00
2026-06-11,19:50:00,AERTW,"""Aeries Technology, Inc. Warrant""",Nasdaq,News Pending,,
2026-06-11,19:50:00,AERT,"""Aeries Technology, Inc. Class A Ordinary Share""",Nasdaq,News Pending,,
2026-06-11,19:50:00,AERT,"""Aeries Technology, Inc. Class A Ordinary Share""",Nasdaq,News Pending,2026-06-12,09:00:00
2026-06-11,19:50:00,XXII,22nd Century Group Inc.,Nasdaq,News Pending,,
2026-06-11,19:50:00,XXII,22nd Century Group Inc.,Nasdaq,News Pending,2026-06-12,09:00:00
2026-06-11,19:50:00,AIFA,"""All In FutureTech Alliance, Inc. Common Stock""",Nasdaq,News Pending,2026-06-12,09:00:00
2026-06-11,19:50:00,AIFA,"""All In FutureTech Alliance, Inc. Common Stock""",Nasdaq,News Pending,,
2026-06-11,19:50:00,HCHL,Happy City Holdings Limited Class A Ordinary shares,Nasdaq,News Pending,,
2026-06-11,15:46:59,VRXA,Veraxa Biotech AG Ordinary Shares,Nasdaq,LULD Pause,2026-06-11,16:00:00
2026-06-11,15:46:42,SMSI,Smith Micro Software Inc,Nasdaq,LULD Pause,2026-06-11,16:00:00
2026-06-11,15:41:22,HSPT,Horizon Space Acquisition II Corp. Ordinary share,Nasdaq,LULD Pause,2026-06-11,15:46:22
2026-06-11,15:36:07,VRXA,Veraxa Biotech AG Ordinary Shares,Nasdaq,LULD Pause,2026-06-11,15:41:07
2026-06-11,15:35:17,HSPT,Horizon Space Acquisition II Corp. Ordinary share,Nasdaq,LULD Pause,2026-06-11,15:40:17
2026-06-11,15:32:31,CPOP,"""Pop Culture Group Co., Ltd Class A Ordinary Shares""",Nasdaq,LULD Pause,2026-06-11,15:37:31
2026-06-11,15:28:48,VRXA,Veraxa Biotech AG Ordinary Shares,Nasdaq,LULD Pause,2026-06-11,15:33:48
2026-06-11,15:24:26,CPOP,"""Pop Culture Group Co., Ltd Class A Ordinary Shares""",Nasdaq,LULD Pause,2026-06-11,15:29:26
2026-06-11,15:19:28,HSPTU,Horizon Space Acquisition II Corp. Units,Nasdaq,LULD Pause,2026-06-11,15:24:28
2026-06-11,15:16:22,VRXA,Veraxa Biotech AG Ordinary Shares,Nasdaq,LULD Pause,2026-06-11,15:21:22
2026-06-11,15:12:45,QH,Quhuo Limited American Depository Shares,Nasdaq,LULD Pause,2026-06-11,15:17:45
2026-06-11,15:08:05,VRXA,Veraxa Biotech AG Ordinary Shares,Nasdaq,LULD Pause,2026-06-11,15:13:05
2026-06-11,14:47:43,CPOP,"""Pop Culture Group Co., Ltd Class A Ordinary Shares""",Nasdaq,LULD Pause,2026-06-11,14:52:43
2026-06-11,14:41:57,CPOP,"""Pop Culture Group Co., Ltd Class A Ordinary Shares""",Nasdaq,LULD Pause,2026-06-11,14:46:57
2026-06-11,14:36:39,CPOP,"""Pop Culture Group Co., Ltd Class A Ordinary Shares""",Nasdaq,LULD Pause,2026-06-11,14:41:39
2026-06-11,14:28:04,GLDY,Defiance Gold Enhanced Options Income ETF,Nasdaq,News Pending,,
2026-06-11,14:28:04,GLDY,Defiance Gold Enhanced Options Income ETF,Nasdaq,News Pending,2026-06-12,10:00:05
2026-06-11,14:20:49,NTCL,NETCLASS TECHNOLOGY INC Class A Ordinary Shares,Nasdaq,LULD Pause,2026-06-11,14:25:49
2026-06-11,14:20:37,CPOP,"""Pop Culture Group Co., Ltd Class A Ordinary Shares""",Nasdaq,LULD Pause,2026-06-11,14:25:37
2026-06-11,14:09:11,CPOP,"""Pop Culture Group Co., Ltd Class A Ordinary Shares""",Nasdaq,LULD Pause,2026-06-11,14:14:11
2026-06-11,14:03:29,VRXA,Veraxa Biotech AG Ordinary Shares,Nasdaq,LULD Pause,2026-06-11,14:08:29
2026-06-11,14:00:44,FCHL,Fitness Champs Holdings Limited Common Stock,Nasdaq,LULD Pause,2026-06-11,14:05:44
2026-06-11,13:57:25,CPOP,"""Pop Culture Group Co., Ltd Class A Ordinary Shares""",Nasdaq,LULD Pause,2026-06-11,14:02:25
2026-06-11,13:53:25,NTCL,NETCLASS TECHNOLOGY INC Class A Ordinary Shares,Nasdaq,LULD Pause,2026-06-11,13:58:25
2026-06-11,13:37:51,ETEC,iShares Breakthrough Environmental Solutions ETF,Nasdaq,LULD Pause,2026-06-11,13:42:51
2026-06-11,13:36:16,CPOP,"""Pop Culture Group Co., Ltd Class A Ordinary Shares""",Nasdaq,LULD Pause,2026-06-11,13:41:16
2026-06-11,13:27:46,CPOP,"""Pop Culture Group Co., Ltd Class A Ordinary Shares""",Nasdaq,LULD Pause,2026-06-11,13:32:46
2026-06-11,13:24:30,TGHL,The GrowHub Limited Class A Ordinary Shares,Nasdaq,LULD Pause,2026-06-11,13:29:30
2026-06-11,13:22:23,CPOP,"""Pop Culture Group Co., Ltd Class A Ordinary Shares""",Nasdaq,LULD Pause,2026-06-11,13:27:23
2026-06-11,13:17:57,TGHL,The GrowHub Limited Class A Ordinary Shares,Nasdaq,LULD Pause,2026-06-11,13:22:57
2026-06-11,13:17:37,GELS,Gelteq Limited Ordinary Shares,Nasdaq,LULD Pause,2026-06-11,13:22:37
2026-06-11,13:14:55,HSPT,Horizon Space Acquisition II Corp. Ordinary share,Nasdaq,LULD Pause,2026-06-11,13:19:55
2026-06-11,13:09:20,NTCL,NETCLASS TECHNOLOGY INC Class A Ordinary Shares,Nasdaq,LULD Pause,2026-06-11,13:14:20
2026-06-11,13:02:19,YOOV,Concorde International Group Ltd Class A Ordinary Shares,Nasdaq,LULD Pause,2026-06-11,13:07:19
2026-06-11,13:01:12,NTCL,NETCLASS TECHNOLOGY INC Class A Ordinary Shares,Nasdaq,LULD Pause,2026-06-11,13:06:12
2026-06-11,12:47:20,CHAI,"""Core AI Holdings, Inc. Common Shares""",Nasdaq,LULD Pause,2026-06-11,12:52:20
2026-06-11,12:43:17,ADIL,"""Adial Pharmaceuticals, Inc""",Nasdaq,LULD Pause,2026-06-11,12:48:17
2026-06-11,12:35:46,GELS,Gelteq Limited Ordinary Shares,Nasdaq,LULD Pause,2026-06-11,12:40:46
2026-06-11,12:20:34,GELS,Gelteq Limited Ordinary Shares,Nasdaq,LULD Pause,2026-06-11,12:25:34
2026-06-11,12:18:50,FGMCU,FG Merger II Corp. Unit,Nasdaq,LULD Pause,2026-06-11,12:28:50
2026-06-11,12:12:36,GELS,Gelteq Limited Ordinary Shares,Nasdaq,LULD Pause,2026-06-11,12:17:36
2026-06-11,12:04:43,CRE,Cre8 Enterprise Limited Class A Ordinary Shares,Nasdaq,LULD Pause,2026-06-11,12:09:43
2026-06-11,12:00:47,ONEG,OneConstruction Group Limited Ordinary Shares,Nasdaq,LULD Pause,2026-06-11,12:05:47
2026-06-11,12:00:06,NTCL,NETCLASS TECHNOLOGY INC Class A Ordinary Shares,Nasdaq,LULD Pause,2026-06-11,12:55:06
2026-06-11,11:59:48,GELS,Gelteq Limited Ordinary Shares,Nasdaq,LULD Pause,2026-06-11,12:09:48
2026-06-11,11:54:17,GELS,Gelteq Limited Ordinary Shares,Nasdaq,LULD Pause,2026-06-11,11:59:17
2026-06-11,11:53:05,ONEG,OneConstruction Group Limited Ordinary Shares,Nasdaq,LULD Pause,2026-06-11,11:58:05
2026-06-11,11:48:44,GELS,Gelteq Limited Ordinary Shares,Nasdaq,LULD Pause,2026-06-11,11:53:44
2026-06-11,11:44:12,ADIL,"""Adial Pharmaceuticals, Inc""",Nasdaq,LULD Pause,2026-06-11,12:26:27
2026-06-11,11:40:25,GELS,Gelteq Limited Ordinary Shares,Nasdaq,LULD Pause,2026-06-11,11:45:25
2026-06-11,11:35:05,NYC,American Strategic Investment Co.,NYSE,LULD Pause,2026-06-11,11:44:05
2026-06-11,11:30:49,MGRT,Mega Fortune Company Limited Ordinary Shares,Nasdaq,LULD Pause,2026-06-11,11:35:49
2026-06-11,11:29:38,GELS,Gelteq Limited Ordinary Shares,Nasdaq,LULD Pause,2026-06-11,11:34:38
2026-06-11,11:24:11,GELS,Gelteq Limited Ordinary Shares,Nasdaq,LULD Pause,2026-06-11,11:29:11
2026-06-11,11:18:36,GELS,Gelteq Limited Ordinary Shares,Nasdaq,LULD Pause,2026-06-11,11:23:36
2026-06-11,11:12:36,GELS,Gelteq Limited Ordinary Shares,Nasdaq,LULD Pause,2026-06-11,11:17:36
2026-06-11,11:02:26,FGMCU,FG Merger II Corp. Unit,Nasdaq,LULD Pause,2026-06-11,11:27:26
2026-06-11,10:59:12,EDHL,Everbright Digital Holding Limited Ordinary Shares,Nasdaq,LULD Pause,2026-06-11,11:04:12
2026-06-11,10:50:34,WHLRP,"""Wheeler Real Estate Investment Trust, Inc. Preferred Stock""",Nasdaq,LULD Pause,2026-06-11,10:55:34
2026-06-11,10:49:40,VRXA,Veraxa Biotech AG Ordinary Shares,Nasdaq,LULD Pause,2026-06-11,10:59:40
2026-06-11,10:41:23,QH,Quhuo Limited American Depository Shares,Nasdaq,LULD Pause,2026-06-11,10:46:23
2026-06-11,10:37:35,RIBBU,Ribbon Acquisition Corp Unit,Nasdaq,LULD Pause,2026-06-11,10:42:35
2026-06-11,10:35:47,QH,Quhuo Limited American Depository Shares,Nasdaq,LULD Pause,2026-06-11,10:40:47
2026-06-11,10:34:02,VRXA,Veraxa Biotech AG Ordinary Shares,Nasdaq,LULD Pause,2026-06-11,10:39:02
2026-06-11,10:31:46,PCTTU,"""PureCycle Technologies, Inc. Unit""",Nasdaq,LULD Pause,2026-06-11,10:56:46
2026-06-11,10:30:27,QH,Quhuo Limited American Depository Shares,Nasdaq,LULD Pause,2026-06-11,10:35:27
2026-06-11,10:27:31,EDHL,Everbright Digital Holding Limited Ordinary Shares,Nasdaq,LULD Pause,2026-06-11,10:32:31
2026-06-11,10:19:53,EDHL,Everbright Digital Holding Limited Ordinary Shares,Nasdaq,LULD Pause,2026-06-11,10:24:53
2026-06-11,10:17:41,SDOT,Sadot Group Inc. Common Stock,Nasdaq,LULD Pause,2026-06-11,10:22:41
2026-06-11,10:15:31,QH,Quhuo Limited American Depository Shares,Nasdaq,LULD Pause,2026-06-11,10:20:31
2026-06-11,10:15:02,UBXG,U-BX Technology Ltd. Class A Ordinary Shares,Nasdaq,LULD Pause,2026-06-11,10:25:02
2026-06-11,10:14:17,EDHL,Everbright Digital Holding Limited Ordinary Shares,Nasdaq,LULD Pause,2026-06-11,10:19:17
2026-06-11,10:11:11,GLXG,Galaxy Payroll Group Limited Class A Ordinary Shares,Nasdaq,LULD Pause,2026-06-11,10:16:11
2026-06-11,10:06:41,SDOT,Sadot Group Inc. Common Stock,Nasdaq,LULD Pause,2026-06-11,10:11:41
2026-06-11,10:04:57,VRXA,Veraxa Biotech AG Ordinary Shares,Nasdaq,LULD Pause,2026-06-11,10:14:57
2026-06-11,10:04:26,EDHL,Everbright Digital Holding Limited Ordinary Shares,Nasdaq,LULD Pause,2026-06-11,10:09:26
2026-06-11,10:02:05,QH,Quhuo Limited American Depository Shares,Nasdaq,LULD Pause,2026-06-11,10:07:05
2026-06-11,10:01:58,CAST,"""FreeCast, Inc. Class A Common Stock""",Nasdaq,LULD Pause,2026-06-11,10:06:58
2026-06-11,10:01:40,UBXG,U-BX Technology Ltd. Class A Ordinary Shares,Nasdaq,LULD Pause,2026-06-11,10:11:40
2026-06-11,10:01:14,SDOT,Sadot Group Inc. Common Stock,Nasdaq,LULD Pause,2026-06-11,10:06:14
2026-06-11,09:53:27,EDHL,Everbright Digital Holding Limited Ordinary Shares,Nasdaq,LULD Pause,2026-06-11,10:03:27
2026-06-11,09:52:39,VRXA,Veraxa Biotech AG Ordinary Shares,Nasdaq,LULD Pause,2026-06-11,10:02:39
2026-06-11,09:50:25,SDOT,Sadot Group Inc. Common Stock,Nasdaq,LULD Pause,2026-06-11,10:00:25
2026-06-11,09:45:32,QH,Quhuo Limited American Depository Shares,Nasdaq,LULD Pause,2026-06-11,09:50:32
2026-06-11,09:43:30,NVOH,Novo Nordisk A/S (B Shares) ADRhedged,NYSE Arca,LULD Pause,2026-06-11,09:48:30
2026-06-11,09:42:30,EDHL,Everbright Digital Holding Limited Ordinary Shares,Nasdaq,LULD Pause,2026-06-11,09:52:30
2026-06-11,09:41:57,ENRD,Einride AB American Depositary Shares,Nasdaq,LULD Pause,2026-06-11,09:46:57
2026-06-11,09:41:13,UBXG,U-BX Technology Ltd. Class A Ordinary Shares,Nasdaq,LULD Pause,2026-06-11,09:46:13
2026-06-11,09:39:49,QH,Quhuo Limited American Depository Shares,Nasdaq,LULD Pause,2026-06-11,09:44:49
2026-06-11,09:37:48,DBGI,"""Digital Brands Group, Inc. Common Stock""",Nasdaq,LULD Pause,2026-06-11,09:42:48
2026-06-11,09:37:17,VRXA,Veraxa Biotech AG Ordinary Shares,Nasdaq,LULD Pause,2026-06-11,09:52:17
2026-06-11,09:37:00,ZJK,"""ZJK Industrial Co., Ltd. Class A Ordinary Shares""",Nasdaq,LULD Pause,2026-06-11,09:47:00
2026-06-11,09:36:59,EDHL,Everbright Digital Holding Limited Ordinary Shares,Nasdaq,LULD Pause,2026-06-11,09:41:59
2026-06-11,09:35:43,BSAAU,BEST SPAC I Acquisition Corp. Unit,Nasdaq,LULD Pause,2026-06-11,09:40:43
2026-06-11,09:35:16,SDOT,Sadot Group Inc. Common Stock,Nasdaq,LULD Pause,2026-06-11,09:45:16
2026-06-11,09:34:07,MASK,3 E Network Technology Group Ltd Class A Ordinary Shares,Nasdaq,LULD Pause,2026-06-11,09:39:07
2026-06-11,09:33:26,QH,Quhuo Limited American Depository Shares,Nasdaq,LULD Pause,2026-06-11,09:38:26
2026-06-11,09:31:07,EDHL,Everbright Digital Holding Limited Ordinary Shares,Nasdaq,LULD Pause,2026-06-11,09:36:07
2026-06-11,09:30:28,UBXG,U-BX Technology Ltd. Class A Ordinary Shares,Nasdaq,LULD Pause,2026-06-11,09:40:28
2026-06-11,09:30:17,BSAA,BEST SPAC I Acquisition Corp. Class A Ordinary Shares,Nasdaq,LULD Pause,2026-06-11,09:40:17
2026-06-11,03:58:00,AVAT,Avalanche Treasury Corporation Class A Common Stock,Nasdaq,News Pending,2026-06-11,15:20:01
2026-06-10,19:50:00,SHPH,"""Shuttle Pharmaceuticals Holdings, Inc. Common Stock""",Nasdaq,News Pending,,
2026-06-10,19:50:00,SHPH,"""Shuttle Pharmaceuticals Holdings, Inc. Common Stock""",Nasdaq,News Pending,2026-06-11,09:00:00
2026-06-10,19:50:00,KALV,"""KalVista Pharmaceuticals, Inc. Common Stock""",Nasdaq,News Pending,,
2026-06-10,19:50:00,GMM,Global Mofy AI Limited Class A Ordinary Shares,Nasdaq,News Pending,,
2026-06-10,19:50:00,GMM,Global Mofy AI Limited Class A Ordinary Shares,Nasdaq,News Pending,2026-06-11,09:00:00
2026-06-10,15:58:58,FGMCU,FG Merger II Corp. Unit,Nasdaq,LULD Pause,2026-06-10,16:07:30
2026-06-10,15:54:51,MLAC,Mountain Lake Acquisition Corp. Class A Ordinary Shares,Nasdaq,LULD Pause,2026-06-10,16:00:00
2026-06-10,15:47:48,QH,Quhuo Limited American Depository Shares,Nasdaq,LULD Pause,2026-06-10,16:00:00
2026-06-10,15:42:50,CPOP,"""Pop Culture Group Co., Ltd Class A Ordinary Shares""",Nasdaq,LULD Pause,2026-06-10,16:00:00
2026-06-10,15:37:20,QH,Quhuo Limited American Depository Shares,Nasdaq,LULD Pause,2026-06-10,15:47:20
2026-06-10,15:31:57,CPOP,"""Pop Culture Group Co., Ltd Class A Ordinary Shares""",Nasdaq,LULD Pause,2026-06-10,15:41:57
2026-06-10,15:31:07,QH,Quhuo Limited American Depository Shares,Nasdaq,LULD Pause,2026-06-10,15:36:07
2026-06-10,15:24:25,CPOP,"""Pop Culture Group Co., Ltd Class A Ordinary Shares""",Nasdaq,LULD Pause,2026-06-10,15:29:25
2026-06-10,15:16:25,MLACU,Mountain Lake Acquisition Corp. Units,Nasdaq,LULD Pause,2026-06-10,15:26:26
2026-06-10,15:07:25,CPOP,"""Pop Culture Group Co., Ltd Class A Ordinary Shares""",Nasdaq,LULD Pause,2026-06-10,15:12:25
2026-06-10,15:00:50,CPOP,"""Pop Culture Group Co., Ltd Class A Ordinary Shares""",Nasdaq,LULD Pause,2026-06-10,15:05:50
2026-06-10,14:58:26,MLACU,Mountain Lake Acquisition Corp. Units,Nasdaq,LULD Pause,2026-06-10,15:08:26
2026-06-10,14:58:16,CNET,ZW Data Action Technologies Inc. Common Stock,Nasdaq,LULD Pause,2026-06-10,15:03:16
2026-06-10,14:52:46,CPOP,"""Pop Culture Group Co., Ltd Class A Ordinary Shares""",Nasdaq,LULD Pause,2026-06-10,14:57:46
2026-06-10,14:47:07,CNET,ZW Data Action Technologies Inc. Common Stock,Nasdaq,LULD Pause,2026-06-10,14:57:07
2026-06-10,14:46:46,CPOP,"""Pop Culture Group Co., Ltd Class A Ordinary Shares""",Nasdaq,LULD Pause,2026-06-10,14:51:46
2026-06-10,14:41:18,CNET,ZW Data Action Technologies Inc. Common Stock,Nasdaq,LULD Pause,2026-06-10,14:46:18
2026-06-10,14:35:52,CPOP,"""Pop Culture Group Co., Ltd Class A Ordinary Shares""",Nasdaq,LULD Pause,2026-06-10,14:40:52
2026-06-10,14:29:28,CNET,ZW Data Action Technologies Inc. Common Stock,Nasdaq,LULD Pause,2026-06-10,14:39:28
2026-06-10,14:27:50,CPOP,"""Pop Culture Group Co., Ltd Class A Ordinary Shares""",Nasdaq,LULD Pause,2026-06-10,14:32:50
2026-06-10,14:24:13,CNET,ZW Data Action Technologies Inc. Common Stock,Nasdaq,LULD Pause,2026-06-10,14:29:13
2026-06-10,14:21:28,CPOP,"""Pop Culture Group Co., Ltd Class A Ordinary Shares""",Nasdaq,LULD Pause,2026-06-10,14:26:28
2026-06-10,14:18:51,CNET,ZW Data Action Technologies Inc. Common Stock,Nasdaq,LULD Pause,2026-06-10,14:23:51
2026-06-10,14:17:59,MLACU,Mountain Lake Acquisition Corp. Units,Nasdaq,LULD Pause,2026-06-10,14:57:59
2026-06-10,14:16:04,MLAC,Mountain Lake Acquisition Corp. Class A Ordinary Shares,Nasdaq,LULD Pause,2026-06-10,15:06:05
2026-06-10,14:15:41,CPOP,"""Pop Culture Group Co., Ltd Class A Ordinary Shares""",Nasdaq,LULD Pause,2026-06-10,14:20:41
2026-06-10,13:57:29,CPOP,"""Pop Culture Group Co., Ltd Class A Ordinary Shares""",Nasdaq,LULD Pause,2026-06-10,14:15:04
2026-06-10,13:52:06,CPOP,"""Pop Culture Group Co., Ltd Class A Ordinary Shares""",Nasdaq,LULD Pause,2026-06-10,13:57:06
2026-06-10,13:41:16,CPOP,"""Pop Culture Group Co., Ltd Class A Ordinary Shares""",Nasdaq,LULD Pause,2026-06-10,13:51:17
2026-06-10,13:36:10,BGLC,BioNexus Gene Lab Corp Common stock,Nasdaq,LULD Pause,2026-06-10,13:46:11
2026-06-10,13:30:57,CPOP,"""Pop Culture Group Co., Ltd Class A Ordinary Shares""",Nasdaq,LULD Pause,2026-06-10,13:40:57
2026-06-10,13:20:35,CPOP,"""Pop Culture Group Co., Ltd Class A Ordinary Shares""",Nasdaq,LULD Pause,2026-06-10,13:30:36
2026-06-10,13:19:33,BVC,BitVentures Limited Ordinary Shares,Nasdaq,LULD Pause,2026-06-10,13:24:33
2026-06-10,13:15:55,BGLC,BioNexus Gene Lab Corp Common stock,Nasdaq,LULD Pause,2026-06-10,13:35:55
2026-06-10,13:14:47,CPOP,"""Pop Culture Group Co., Ltd Class A Ordinary Shares""",Nasdaq,LULD Pause,2026-06-10,13:19:47
2026-06-10,13:08:22,DSY,Big Tree Cloud Holdings Limited Class A Ordinary Shares,Nasdaq,LULD Pause,2026-06-10,13:13:22
2026-06-10,13:04:13,CPOP,"""Pop Culture Group Co., Ltd Class A Ordinary Shares""",Nasdaq,LULD Pause,2026-06-10,13:14:15
2026-06-10,12:54:16,RAY,Raytech Holding Limited Ordinary Shares,Nasdaq,LULD Pause,2026-06-10,12:59:16
2026-06-10,12:53:08,BIYA,Baiya International Group Inc. Ordinary Shares,Nasdaq,LULD Pause,2026-06-10,12:58:08
2026-06-10,12:41:49,RAY,Raytech Holding Limited Ordinary Shares,Nasdaq,LULD Pause,2026-06-10,12:46:49
2026-06-10,12:36:24,RAY,Raytech Holding Limited Ordinary Shares,Nasdaq,LULD Pause,2026-06-10,12:41:24
2026-06-10,12:33:50,SDOT,Sadot Group Inc. Common Stock,Nasdaq,LULD Pause,2026-06-10,12:43:50
2026-06-10,12:19:06,CPOP,"""Pop Culture Group Co., Ltd Class A Ordinary Shares""",Nasdaq,LULD Pause,2026-06-10,13:03:58
2026-06-10,12:18:58,MLAC,Mountain Lake Acquisition Corp. Class A Ordinary Shares,Nasdaq,LULD Pause,2026-06-10,12:28:58
2026-06-10,12:17:40,ENRD,Einride AB American Depositary Shares,Nasdaq,LULD Pause,2026-06-10,12:27:40
2026-06-10,12:14:40,INACU,Indigo Acquisition Corp. Unit,Nasdaq,LULD Pause,2026-06-10,12:19:40
2026-06-10,12:14:14,CRMT,America's Car Mart Inc,Nasdaq,LULD Pause,2026-06-10,12:19:14
2026-06-10,12:13:37,CPOP,"""Pop Culture Group Co., Ltd Class A Ordinary Shares""",Nasdaq,LULD Pause,2026-06-10,12:18:37
2026-06-10,12:12:44,KMRK,K-Tech Solutions Company Limited Class A Ordinary Shares,Nasdaq,LULD Pause,2026-06-10,12:17:44
2026-06-10,12:07:04,KMRK,K-Tech Solutions Company Limited Class A Ordinary Shares,Nasdaq,LULD Pause,2026-06-10,12:12:04
2026-06-10,12:03:45,CPOP,"""Pop Culture Group Co., Ltd Class A Ordinary Shares""",Nasdaq,LULD Pause,2026-06-10,12:08:45
2026-06-10,12:02:13,DSY,Big Tree Cloud Holdings Limited Class A Ordinary Shares,Nasdaq,LULD Pause,2026-06-10,12:07:13
2026-06-10,12:02:04,GCDT,Green Circle Decarbonize Technology Limited,NYSE American,LULD Pause,2026-06-10,12:07:04
2026-06-10,11:55:40,KMRK,K-Tech Solutions Company Limited Class A Ordinary Shares,Nasdaq,LULD Pause,2026-06-10,12:05:40
2026-06-10,11:55:13,RAY,Raytech Holding Limited Ordinary Shares,Nasdaq,LULD Pause,2026-06-10,12:35:14
2026-06-10,11:53:32,DSY,Big Tree Cloud Holdings Limited Class A Ordinary Shares,Nasdaq,LULD Pause,2026-06-10,11:58:32
2026-06-10,11:52:57,CRMT,America's Car Mart Inc,Nasdaq,LULD Pause,2026-06-10,11:57:57
2026-06-10,11:52:32,HCAI,"""Huachen AI Parking Management Technology Holding Co., Ltd. Ordinary Shares""",Nasdaq,LULD Pause,2026-06-10,12:02:32
2026-06-10,11:51:43,GCDT,Green Circle Decarbonize Technology Limited,NYSE American,LULD Pause,2026-06-10,12:01:43
2026-06-10,11:50:45,ENRD,Einride AB American Depositary Shares,Nasdaq,LULD Pause,2026-06-10,11:55:45
2026-06-10,11:49:57,RAY,Raytech Holding Limited Ordinary Shares,Nasdaq,LULD Pause,2026-06-10,11:54:57
2026-06-10,11:48:12,KMRK,K-Tech Solutions Company Limited Class A Ordinary Shares,Nasdaq,LULD Pause,2026-06-10,11:53:12
2026-06-10,11:46:50,CRMT,America's Car Mart Inc,Nasdaq,LULD Pause,2026-06-10,11:51:50
2026-06-10,11:43:52,ENRD,Einride AB American Depositary Shares,Nasdaq,LULD Pause,2026-06-10,11:48:52
2026-06-10,11:42:08,KMRK,K-Tech Solutions Company Limited Class A Ordinary Shares,Nasdaq,LULD Pause,2026-06-10,11:47:08
2026-06-10,11:41:45,HCAI,"""Huachen AI Parking Management Technology Holding Co., Ltd. Ordinary Shares""",Nasdaq,LULD Pause,2026-06-10,11:46:45
2026-06-10,11:39:44,CRMT,America's Car Mart Inc,Nasdaq,LULD Pause,2026-06-10,11:44:44
2026-06-10,11:38:13,ENRD,Einride AB American Depositary Shares,Nasdaq,LULD Pause,2026-06-10,11:43:13
2026-06-10,11:37:06,DSY,Big Tree Cloud Holdings Limited Class A Ordinary Shares,Nasdaq,LULD Pause,2026-06-10,11:42:06
2026-06-10,11:35:29,RAY,Raytech Holding Limited Ordinary Shares,Nasdaq,LULD Pause,2026-06-10,11:49:39
2026-06-10,11:34:29,CRMT,America's Car Mart Inc,Nasdaq,LULD Pause,2026-06-10,11:39:29
2026-06-10,11:31:52,KMRK,K-Tech Solutions Company Limited Class A Ordinary Shares,Nasdaq,LULD Pause,2026-06-10,11:41:52
2026-06-10,11:28:45,HCAI,"""Huachen AI Parking Management Technology Holding Co., Ltd. Ordinary Shares""",Nasdaq,LULD Pause,2026-06-10,11:33:45
2026-06-10,11:25:03,RAY,Raytech Holding Limited Ordinary Shares,Nasdaq,LULD Pause,2026-06-10,11:35:04
2026-06-10,11:22:38,CRMT,America's Car Mart Inc,Nasdaq,LULD Pause,2026-06-10,11:27:38
2026-06-10,11:21:30,KMRK,K-Tech Solutions Company Limited Class A Ordinary Shares,Nasdaq,LULD Pause,2026-06-10,11:31:31
2026-06-10,11:20:33,ENRD,Einride AB American Depositary Shares,Nasdaq,LULD Pause,2026-06-10,11:35:33
2026-06-10,11:14:42,HCAI,"""Huachen AI Parking Management Technology Holding Co., Ltd. Ordinary Shares""",Nasdaq,LULD Pause,2026-06-10,11:24:42
2026-06-10,11:14:41,CRMT,America's Car Mart Inc,Nasdaq,LULD Pause,2026-06-10,11:19:41
2026-06-10,11:14:39,ENRD,Einride AB American Depositary Shares,Nasdaq,LULD Pause,2026-06-10,11:19:39
2026-06-10,11:14:20,GLE,Global Engine Group Holding Limited Class A Ordinary Shares,Nasdaq,LULD Pause,2026-06-10,11:19:20
2026-06-10,11:12:26,VSME,VS Media Holdings Limited Class A Ordinary Shares,Nasdaq,LULD Pause,2026-06-10,11:17:26
2026-06-10,11:11:08,KMRK,K-Tech Solutions Company Limited Class A Ordinary Shares,Nasdaq,LULD Pause,2026-06-10,11:21:09
2026-06-10,11:07:33,HCAI,"""Huachen AI Parking Management Technology Holding Co., Ltd. Ordinary Shares""",Nasdaq,LULD Pause,2026-06-10,11:12:33
2026-06-10,11:06:10,CRMT,America's Car Mart Inc,Nasdaq,LULD Pause,2026-06-10,11:11:10
2026-06-10,11:05:35,KMRK,K-Tech Solutions Company Limited Class A Ordinary Shares,Nasdaq,LULD Pause,2026-06-10,11:10:35
2026-06-10,11:01:28,CPOP,"""Pop Culture Group Co., Ltd Class A Ordinary Shares""",Nasdaq,LULD Pause,2026-06-10,11:06:28
2026-06-10,11:01:14,DSY,Big Tree Cloud Holdings Limited Class A Ordinary Shares,Nasdaq,LULD Pause,2026-06-10,11:11:14
2026-06-10,10:58:31,JLHL,Julong Holding Limited Class A Ordinary Shares,Nasdaq,LULD Pause,2026-06-10,11:03:31
2026-06-10,10:56:36,HCAI,"""Huachen AI Parking Management Technology Holding Co., Ltd. Ordinary Shares""",Nasdaq,LULD Pause,2026-06-10,11:06:36
2026-06-10,10:50:48,DSY,Big Tree Cloud Holdings Limited Class A Ordinary Shares,Nasdaq,LULD Pause,2026-06-10,11:00:48
2026-06-10,10:49:50,HCAI,"""Huachen AI Parking Management Technology Holding Co., Ltd. Ordinary Shares""",Nasdaq,LULD Pause,2026-06-10,10:54:50
2026-06-10,10:48:52,CRMT,America's Car Mart Inc,Nasdaq,LULD Pause,2026-06-10,10:53:52
2026-06-10,10:48:48,ENRD,Einride AB American Depositary Shares,Nasdaq,LULD Pause,2026-06-10,11:13:49
2026-06-10,10:48:26,DOGZ,Dogness (International) Corporation Class A Common Stock,Nasdaq,LULD Pause,2026-06-10,10:53:26
2026-06-10,10:39:33,SDOT,Sadot Group Inc. Common Stock,Nasdaq,LULD Pause,2026-06-10,10:49:33
2026-06-10,10:38:06,ENRD,Einride AB American Depositary Shares,Nasdaq,LULD Pause,2026-06-10,10:48:07
2026-06-10,10:37:21,DOGZ,Dogness (International) Corporation Class A Common Stock,Nasdaq,LULD Pause,2026-06-10,10:47:21
2026-06-10,10:34:33,QH,Quhuo Limited American Depository Shares,Nasdaq,LULD Pause,2026-06-10,10:39:33
2026-06-10,10:30:26,IPST,"""IP Strategy Holdings, Inc. Common Stock""",Nasdaq,LULD Pause,2026-06-10,10:35:26
2026-06-10,10:29:18,DSY,Big Tree Cloud Holdings Limited Class A Ordinary Shares,Nasdaq,LULD Pause,2026-06-10,10:34:18
2026-06-10,10:28:49,QH,Quhuo Limited American Depository Shares,Nasdaq,LULD Pause,2026-06-10,10:33:49
2026-06-10,10:21:23,ENRD,Einride AB American Depositary Shares,Nasdaq,LULD Pause,2026-06-10,10:36:38
2026-06-10,10:21:15,SDOT,Sadot Group Inc. Common Stock,Nasdaq,LULD Pause,2026-06-10,10:31:15
2026-06-10,10:16:14,DSY,Big Tree Cloud Holdings Limited Class A Ordinary Shares,Nasdaq,LULD Pause,2026-06-10,10:26:33
2026-06-10,10:15:49,SDOT,Sadot Group Inc. Common Stock,Nasdaq,LULD Pause,2026-06-10,10:20:49
2026-06-10,10:13:55,QH,Quhuo Limited American Depository Shares,Nasdaq,LULD Pause,2026-06-10,10:18:55
2026-06-10,10:12:30,CDTG,CDT Environmental Technology Investment Holdings Limited ordinary shares,Nasdaq,LULD Pause,2026-06-10,10:17:30
2026-06-10,10:12:08,FLD,"""Fold Holdings, Inc. Class A Common Stock""",Nasdaq,LULD Pause,2026-06-10,10:17:08
2026-06-10,10:11:44,SPHL,Springview Holdings Ltd Class A Ordinary Shares,Nasdaq,LULD Pause,2026-06-10,10:16:44
2026-06-10,10:07:09,ENRD,Einride AB American Depositary Shares,Nasdaq,LULD Pause,2026-06-10,10:12:09
2026-06-10,10:04:31,MTEN,Mingteng International Corporation Inc. Class A Ordinary Shares,Nasdaq,LULD Pause,2026-06-10,10:09:31
2026-06-10,10:02:58,SPHL,Springview Holdings Ltd Class A Ordinary Shares,Nasdaq,LULD Pause,2026-06-10,10:07:58
2026-06-10,09:59:28,FLD,"""Fold Holdings, Inc. Class A Common Stock""",Nasdaq,LULD Pause,2026-06-10,10:04:28
2026-06-10,09:59:13,CPOP,"""Pop Culture Group Co., Ltd Class A Ordinary Shares""",Nasdaq,LULD Pause,2026-06-10,10:04:13
2026-06-10,09:58:20,LVLU,"""Lulu's Fashion Lounge Holdings, Inc. Common Stock""",Nasdaq,LULD Pause,2026-06-10,10:03:20
2026-06-10,09:55:40,HWH,HWH International Inc. Common Stock,Nasdaq,LULD Pause,2026-06-10,10:00:40
2026-06-10,09:54:20,QH,Quhuo Limited American Depository Shares,Nasdaq,LULD Pause,2026-06-10,09:59:20
2026-06-10,09:53:38,CPOP,"""Pop Culture Group Co., Ltd Class A Ordinary Shares""",Nasdaq,LULD Pause,2026-06-10,09:58:38
2026-06-10,09:52:22,PLBL,Polibeli Group Ltd Class A Ordinary Shares,Nasdaq,LULD Pause,2026-06-10,09:57:22
2026-06-10,09:52:22,GCDT,Green Circle Decarbonize Technology Limited,NYSE American,LULD Pause,2026-06-10,09:57:22
2026-06-10,09:52:22,DGZ,"""DB Gold Short ETN due February 15, 2038""",NYSE Arca,LULD Pause,2026-06-10,09:57:22
2026-06-10,09:52:06,SPHL,Springview Holdings Ltd Class A Ordinary Shares,Nasdaq,LULD Pause,2026-06-10,10:02:21
2026-06-10,09:51:31,VSME,VS Media Holdings Limited Class A Ordinary Shares,Nasdaq,LULD Pause,2026-06-10,10:01:31
2026-06-10,09:50:11,HWH,HWH International Inc. Common Stock,Nasdaq,LULD Pause,2026-06-10,09:55:11
2026-06-10,09:49:15,BPI,Grayscale Bitcoin Premium Income ETF,NYSE Arca,LULD Pause,2026-06-10,09:54:15
2026-06-10,09:49:10,SDOT,Sadot Group Inc. Common Stock,Nasdaq,LULD Pause,2026-06-10,10:14:10
2026-06-10,09:48:45,FLD,"""Fold Holdings, Inc. Class A Common Stock""",Nasdaq,LULD Pause,2026-06-10,09:58:45
2026-06-10,09:48:18,LUD,Luda Technology Group Limited,NYSE American,LULD Pause,2026-06-10,09:53:18
2026-06-10,09:46:42,GCDT,Green Circle Decarbonize Technology Limited,NYSE American,LULD Pause,2026-06-10,09:51:42
2026-06-10,09:46:05,LFVN,Lifevantage Corporation Common Stock (Delaware),Nasdaq,LULD Pause,2026-06-10,09:51:05
2026-06-10,09:44:35,VACH,Voyager Acquisition Corp Class A Ordinary Shares,Nasdaq,LULD Pause,2026-06-10,09:49:35
2026-06-10,09:43:27,FLD,"""Fold Holdings, Inc. Class A Common Stock""",Nasdaq,LULD Pause,2026-06-10,09:48:27
2026-06-10,09:43:01,QH,Quhuo Limited American Depository Shares,Nasdaq,LULD Pause,2026-06-10,09:53:02
2026-06-10,09:42:43,NOVTU,Novanta Inc. Tangible Equity Units,Nasdaq,LULD Pause,2026-06-10,09:47:43
2026-06-10,09:40:36,CPOP,"""Pop Culture Group Co., Ltd Class A Ordinary Shares""",Nasdaq,LULD Pause,2026-06-10,09:45:36
2026-06-10,09:40:11,PLBL,Polibeli Group Ltd Class A Ordinary Shares,Nasdaq,LULD Pause,2026-06-10,09:50:11
2026-06-10,09:39:08,LUD,Luda Technology Group Limited,NYSE American,LULD Pause,2026-06-10,09:44:08
2026-06-10,09:37:42,FLD,"""Fold Holdings, Inc. Class A Common Stock""",Nasdaq,LULD Pause,2026-06-10,09:42:42
2026-06-10,09:37:12,MTEN,Mingteng International Corporation Inc. Class A Ordinary Shares,Nasdaq,LULD Pause,2026-06-10,09:42:12
2026-06-10,09:36:01,ENRD,Einride AB American Depositary Shares,Nasdaq,LULD Pause,2026-06-10,09:46:01
2026-06-10,09:33:32,LUD,Luda Technology Group Limited,NYSE American,LULD Pause,2026-06-10,09:38:32
2026-06-10,09:32:48,CIIT,"""Tianci International, Inc. Common Stock""",Nasdaq,LULD Pause,2026-06-10,09:37:48
2026-06-10,09:32:43,VACH,Voyager Acquisition Corp Class A Ordinary Shares,Nasdaq,LULD Pause,2026-06-10,09:37:43
2026-06-10,09:32:24,QH,Quhuo Limited American Depository Shares,Nasdaq,LULD Pause,2026-06-10,09:42:24
2026-06-10,09:31:30,FLD,"""Fold Holdings, Inc. Class A Common Stock""",Nasdaq,LULD Pause,2026-06-10,09:36:30
2026-06-10,09:30:58,CPOP,"""Pop Culture Group Co., Ltd Class A Ordinary Shares""",Nasdaq,LULD Pause,2026-06-10,09:35:58
2026-06-10,09:30:56,DSY,Big Tree Cloud Holdings Limited Class A Ordinary Shares,Nasdaq,LULD Pause,2026-06-10,09:40:57
2026-06-10,09:30:47,LFVN,Lifevantage Corporation Common Stock (Delaware),Nasdaq,LULD Pause,2026-06-10,09:45:48
2026-06-10,09:30:16,ELOX,"""Eloxx Pharmaceuticals, Inc. Common Stock""",Nasdaq,LULD Pause,2026-06-10,09:40:16
2026-06-10,09:30:15,WZRD,Opportunistic Trader ETF,Cboe BZX,LULD Pause,2026-06-10,09:35:15
2026-06-09,19:50:00,MASI,Masimo Corporation,Nasdaq,News Pending,,
2026-06-09,15:50:01,VACHU,Voyager Acquisition Corp Unit,Nasdaq,LULD Pause,2026-06-09,17:33:42
2026-06-09,15:48:52,VACH,Voyager Acquisition Corp Class A Ordinary Shares,Nasdaq,LULD Pause,2026-06-09,16:00:00
2026-06-09,15:32:51,LEGT U,"""Legato Merger Corp III Units, each consisting of one Ordinary Share and one-half of one warrant""",NYSE American,LULD Pause,2026-06-09,17:33:42
2026-06-09,15:31:39,ZTG,Zenta Group Company Limited Class A Ordinary Shares,Nasdaq,LULD Pause,2026-06-09,15:41:39
2026-06-09,15:30:23,AZI,Autozi Internet Technology (Global) Ltd. Class A Ordinary Shares,Nasdaq,LULD Pause,2026-06-09,15:40:23
2026-06-09,15:29:59,CCTG,CCSC Technology International Holdings Limited Class A Ordinary Shares,Nasdaq,LULD Pause,2026-06-09,15:34:59
2026-06-09,15:25:59,EPSM,Epsium Enterprise Limited Class A Ordinary Shares,Nasdaq,LULD Pause,2026-06-09,15:30:59
2026-06-09,15:24:19,MTEN,Mingteng International Corporation Inc. Class A Ordinary Shares,Nasdaq,LULD Pause,2026-06-09,15:29:19
2026-06-09,15:23:57,LEGT U,"""Legato Merger Corp III Units, each consisting of one Ordinary Share and one-half of one warrant""",NYSE American,LULD Pause,2026-06-09,15:28:57
2026-06-09,15:23:41,TACOU,Berto Acquisition Corp. Unit,Nasdaq,LULD Pause,2026-06-09,15:28:41
2026-06-09,15:20:44,CCTG,CCSC Technology International Holdings Limited Class A Ordinary Shares,Nasdaq,LULD Pause,2026-06-09,15:25:44
2026-06-09,15:15:51,HIHO,Highway Holdings Ltd,Nasdaq,LULD Pause,2026-06-09,15:25:51
2026-06-09,15:14:33,CCTG,CCSC Technology International Holdings Limited Class A Ordinary Shares,Nasdaq,LULD Pause,2026-06-09,15:19:33
2026-06-09,15:08:58,CCTG,CCSC Technology International Holdings Limited Class A Ordinary Shares,Nasdaq,LULD Pause,2026-06-09,15:13:58
2026-06-09,14:58:38,CCTG,CCSC Technology International Holdings Limited Class A Ordinary Shares,Nasdaq,LULD Pause,2026-06-09,15:08:38
2026-06-09,14:48:10,CCTG,CCSC Technology International Holdings Limited Class A Ordinary Shares,Nasdaq,LULD Pause,2026-06-09,14:58:23
2026-06-09,14:42:13,CCTG,CCSC Technology International Holdings Limited Class A Ordinary Shares,Nasdaq,LULD Pause,2026-06-09,14:47:13
2026-06-09,14:36:48,CCTG,CCSC Technology International Holdings Limited Class A Ordinary Shares,Nasdaq,LULD Pause,2026-06-09,14:41:48
2026-06-09,14:33:59,MTEN,Mingteng International Corporation Inc. Class A Ordinary Shares,Nasdaq,LULD Pause,2026-06-09,15:23:59
2026-06-09,14:31:27,CCTG,CCSC Technology International Holdings Limited Class A Ordinary Shares,Nasdaq,LULD Pause,2026-06-09,14:36:27
2026-06-09,14:25:49,LEGT U,"""Legato Merger Corp III Units, each consisting of one Ordinary Share and one-half of one warrant""",NYSE American,LULD Pause,2026-06-09,14:45:49
2026-06-09,14:24:03,CCTG,CCSC Technology International Holdings Limited Class A Ordinary Shares,Nasdaq,LULD Pause,2026-06-09,14:29:03
2026-06-09,14:22:02,FACTU,FACT II Acquisition Corp. Unit,Nasdaq,LULD Pause,2026-06-09,14:27:02
2026-06-09,14:16:54,ZNB,Zeta Network Group Class A Ordinary Shares,Nasdaq,LULD Pause,2026-06-09,14:21:54
2026-06-09,14:13:56,MTEN,Mingteng International Corporation Inc. Class A Ordinary Shares,Nasdaq,LULD Pause,2026-06-09,14:18:56
2026-06-09,14:13:10,CCTG,CCSC Technology International Holdings Limited Class A Ordinary Shares,Nasdaq,LULD Pause,2026-06-09,14:18:10
2026-06-09,14:11:17,LEGT U,"""Legato Merger Corp III Units, each consisting of one Ordinary Share and one-half of one warrant""",NYSE American,LULD Pause,2026-06-09,14:22:35
2026-06-09,14:08:30,PAVS,Paranovus Entertainment Technology Ltd. Class A Ordinary Shares,Nasdaq,LULD Pause,2026-06-09,14:13:30
2026-06-09,13:58:50,JLHL,Julong Holding Limited Class A Ordinary Shares,Nasdaq,LULD Pause,2026-06-09,14:03:50
2026-06-09,13:56:01,DSS,"""DSS, Inc.""",NYSE American,LULD Pause,2026-06-09,14:06:01
2026-06-09,13:50:36,DSS,"""DSS, Inc.""",NYSE American,LULD Pause,2026-06-09,13:55:36
2026-06-09,13:48:14,DKI,DarkIris Inc. Class A Ordinary Shares,Nasdaq,LULD Pause,2026-06-09,13:53:14
2026-06-09,13:46:08,LEGT U,"""Legato Merger Corp III Units, each consisting of one Ordinary Share and one-half of one warrant""",NYSE American,LULD Pause,2026-06-09,13:51:08
2026-06-09,13:44:54,CCTG,CCSC Technology International Holdings Limited Class A Ordinary Shares,Nasdaq,LULD Pause,2026-06-09,13:49:54
2026-06-09,13:42:14,SLGB,Smart Logistics Global Limited Ordinary Shares,Nasdaq,LULD Pause,2026-06-09,13:52:14
2026-06-09,13:38:28,MPU,Mega Matrix Inc.,NYSE American,LULD Pause,2026-06-09,13:43:28
2026-06-09,13:35:22,CCTG,CCSC Technology International Holdings Limited Class A Ordinary Shares,Nasdaq,LULD Pause,2026-06-09,13:40:22
2026-06-09,13:31:29,MTEN,Mingteng International Corporation Inc. Class A Ordinary Shares,Nasdaq,LULD Pause,2026-06-09,13:41:29
2026-06-09,13:31:20,DKI,DarkIris Inc. Class A Ordinary Shares,Nasdaq,LULD Pause,2026-06-09,13:41:21
2026-06-09,13:31:14,PAVS,Paranovus Entertainment Technology Ltd. Class A Ordinary Shares,Nasdaq,LULD Pause,2026-06-09,13:36:14
2026-06-09,13:30:00,VACHU,Voyager Acquisition Corp Unit,Nasdaq,LULD Pause,2026-06-09,13:35:00
2026-06-09,13:28:33,CCTG,CCSC Technology International Holdings Limited Class A Ordinary Shares,Nasdaq,LULD Pause,2026-06-09,13:33:33
2026-06-09,13:27:43,BMHL,Bluemount Holdings Limited Class B Ordinary Shares,Nasdaq,LULD Pause,2026-06-09,13:37:43
2026-06-09,13:23:07,CCTG,CCSC Technology International Holdings Limited Class A Ordinary Shares,Nasdaq,LULD Pause,2026-06-09,13:28:07
2026-06-09,13:18:31,MTEN,Mingteng International Corporation Inc. Class A Ordinary Shares,Nasdaq,LULD Pause,2026-06-09,13:28:31
2026-06-09,13:18:29,BMHL,Bluemount Holdings Limited Class B Ordinary Shares,Nasdaq,LULD Pause,2026-06-09,13:23:29
2026-06-09,13:17:41,TOPP,Toppoint Holdings Inc.,NYSE American,LULD Pause,2026-06-09,13:22:41
2026-06-09,13:15:44,DKI,DarkIris Inc. Class A Ordinary Shares,Nasdaq,LULD Pause,2026-06-09,13:31:05
2026-06-09,13:13:21,PAVS,Paranovus Entertainment Technology Ltd. Class A Ordinary Shares,Nasdaq,LULD Pause,2026-06-09,13:23:21
2026-06-09,13:12:59,CCTG,CCSC Technology International Holdings Limited Class A Ordinary Shares,Nasdaq,LULD Pause,2026-06-09,13:17:59
2026-06-09,13:10:25,DKI,DarkIris Inc. Class A Ordinary Shares,Nasdaq,LULD Pause,2026-06-09,13:15:25
2026-06-09,13:08:27,VIVK,"""Vivakor, Inc. Common Stock""",Nasdaq,LULD Pause,2026-06-09,13:13:27
2026-06-09,13:08:15,BRIA,BrilliA Inc,NYSE American,LULD Pause,2026-06-09,13:13:15
2026-06-09,13:08:01,MTEN,Mingteng International Corporation Inc. Class A Ordinary Shares,Nasdaq,LULD Pause,2026-06-09,13:18:01
2026-06-09,13:05:02,CHSN,Chanson International Holding Class A Ordinary Shares,Nasdaq,LULD Pause,2026-06-09,13:10:02
2026-06-09,13:04:34,CCTG,CCSC Technology International Holdings Limited Class A Ordinary Shares,Nasdaq,LULD Pause,2026-06-09,13:09:34
2026-06-09,13:04:08,RAYA,Erayak Power Solution Group Inc. Class A Ordinary Shares,Nasdaq,LULD Pause,2026-06-09,13:14:08
2026-06-09,13:02:05,PAVS,Paranovus Entertainment Technology Ltd. Class A Ordinary Shares,Nasdaq,LULD Pause,2026-06-09,13:12:05
2026-06-09,13:01:40,RGNT,Regentis Biomaterials Ltd.,NYSE American,LULD Pause,2026-06-09,13:06:40
2026-06-09,12:59:23,CHSN,Chanson International Holding Class A Ordinary Shares,Nasdaq,LULD Pause,2026-06-09,13:04:23
2026-06-09,12:58:15,WBUY,WEBUY GLOBAL LTD. Class A Ordinary Shares,Nasdaq,LULD Pause,2026-06-09,13:03:15
2026-06-09,12:58:12,EZGO,EZGO Technologies Ltd. Ordinary Shares,Nasdaq,LULD Pause,2026-06-09,13:08:12
2026-06-09,12:57:49,SIMAU,SIM Acquisition Corp. I Unit,Nasdaq,LULD Pause,2026-06-09,13:02:49
2026-06-09,12:55:51,MTEN,Mingteng International Corporation Inc. Class A Ordinary Shares,Nasdaq,LULD Pause,2026-06-09,13:05:51
2026-06-09,12:54:08,CCTG,CCSC Technology International Holdings Limited Class A Ordinary Shares,Nasdaq,LULD Pause,2026-06-09,13:04:08
2026-06-09,12:50:56,WBUY,WEBUY GLOBAL LTD. Class A Ordinary Shares,Nasdaq,LULD Pause,2026-06-09,12:55:56
2026-06-09,12:49:09,PAVS,Paranovus Entertainment Technology Ltd. Class A Ordinary Shares,Nasdaq,LULD Pause,2026-06-09,12:59:09
2026-06-09,12:47:20,VSME,VS Media Holdings Limited Class A Ordinary Shares,Nasdaq,LULD Pause,2026-06-09,12:52:20
2026-06-09,12:44:02,ELPW,Elong Power Holding Limited Class A Ordinary Shares,Nasdaq,LULD Pause,2026-06-09,12:54:02
2026-06-09,12:43:40,CCTG,CCSC Technology International Holdings Limited Class A Ordinary Shares,Nasdaq,LULD Pause,2026-06-09,12:53:40
2026-06-09,12:41:50,VSME,VS Media Holdings Limited Class A Ordinary Shares,Nasdaq,LULD Pause,2026-06-09,12:46:50
2026-06-09,12:41:48,JLHL,Julong Holding Limited Class A Ordinary Shares,Nasdaq,LULD Pause,2026-06-09,12:46:48
2026-06-09,12:37:01,ELPW,Elong Power Holding Limited Class A Ordinary Shares,Nasdaq,LULD Pause,2026-06-09,12:42:01
2026-06-09,12:36:01,PAVS,Paranovus Entertainment Technology Ltd. Class A Ordinary Shares,Nasdaq,LULD Pause,2026-06-09,12:46:01
2026-06-09,12:31:16,VSME,VS Media Holdings Limited Class A Ordinary Shares,Nasdaq,LULD Pause,2026-06-09,12:41:16
2026-06-09,12:30:20,HPAI,Helport AI Limited Ordinary Shares,Nasdaq,LULD Pause,2026-06-09,12:35:20
2026-06-09,12:28:06,CCTG,CCSC Technology International Holdings Limited Class A Ordinary Shares,Nasdaq,LULD Pause,2026-06-09,12:43:07
2026-06-09,12:24:17,JLHL,Julong Holding Limited Class A Ordinary Shares,Nasdaq,LULD Pause,2026-06-09,12:41:13
2026-06-09,12:23:47,PAVS,Paranovus Entertainment Technology Ltd. Class A Ordinary Shares,Nasdaq,LULD Pause,2026-06-09,12:33:47
2026-06-09,12:20:10,MTEN,Mingteng International Corporation Inc. Class A Ordinary Shares,Nasdaq,LULD Pause,2026-06-09,12:55:24
2026-06-09,12:17:15,AHMA,Ambitions Enterprise Management Co. L.L.C Class A Ordinary Shares,Nasdaq,LULD Pause,2026-06-09,12:22:15
2026-06-09,12:15:00,DKI,DarkIris Inc. Class A Ordinary Shares,Nasdaq,LULD Pause,2026-06-09,13:09:50
2026-06-09,12:14:36,MTEN,Mingteng International Corporation Inc. Class A Ordinary Shares,Nasdaq,LULD Pause,2026-06-09,12:19:36
2026-06-09,12:12:51,CCTG,CCSC Technology International Holdings Limited Class A Ordinary Shares,Nasdaq,LULD Pause,2026-06-09,12:27:51
2026-06-09,12:12:40,PAVS,Paranovus Entertainment Technology Ltd. Class A Ordinary Shares,Nasdaq,LULD Pause,2026-06-09,12:22:40
2026-06-09,12:07:19,CCTG,CCSC Technology International Holdings Limited Class A Ordinary Shares,Nasdaq,LULD Pause,2026-06-09,12:12:19
2026-06-09,12:06:22,MTEN,Mingteng International Corporation Inc. Class A Ordinary Shares,Nasdaq,LULD Pause,2026-06-09,12:11:22
2026-06-09,12:02:22,BRIA,BrilliA Inc,NYSE American,LULD Pause,2026-06-09,12:07:22
2026-06-09,12:02:14,PAVS,Paranovus Entertainment Technology Ltd. Class A Ordinary Shares,Nasdaq,LULD Pause,2026-06-09,12:12:14
2026-06-09,12:01:55,CCTG,CCSC Technology International Holdings Limited Class A Ordinary Shares,Nasdaq,LULD Pause,2026-06-09,12:06:55
2026-06-09,12:01:18,DCOY,Decoy Therapeutics Inc. Common Stock,Nasdaq,LULD Pause,2026-06-09,12:06:18
2026-06-09,12:00:10,DKI,DarkIris Inc. Class A Ordinary Shares,Nasdaq,LULD Pause,2026-06-09,12:10:10
2026-06-09,11:57:53,TDACU,Translational Development Acquisition Corp. Units,Nasdaq,LULD Pause,2026-06-09,12:02:53
2026-06-09,11:56:13,CCTG,CCSC Technology International Holdings Limited Class A Ordinary Shares,Nasdaq,LULD Pause,2026-06-09,12:01:13
2026-06-09,11:54:43,DKI,DarkIris Inc. Class A Ordinary Shares,Nasdaq,LULD Pause,2026-06-09,11:59:43
2026-06-09,11:53:47,CGTL,Creative Global Technology Holdings Limited Class A Ordinary Shares,Nasdaq,LULD Pause,2026-06-09,11:58:47
2026-06-09,11:53:42,DCOY,Decoy Therapeutics Inc. Common Stock,Nasdaq,LULD Pause,2026-06-09,11:58:42
2026-06-09,11:52:46,AHMA,Ambitions Enterprise Management Co. L.L.C Class A Ordinary Shares,Nasdaq,LULD Pause,2026-06-09,12:12:46
2026-06-09,11:51:35,PAVS,Paranovus Entertainment Technology Ltd. Class A Ordinary Shares,Nasdaq,LULD Pause,2026-06-09,12:01:35
2026-06-09,11:47:49,HIHO,Highway Holdings Ltd,Nasdaq,LULD Pause,2026-06-09,11:52:49
2026-06-09,11:46:56,AHMA,Ambitions Enterprise Management Co. L.L.C Class A Ordinary Shares,Nasdaq,LULD Pause,2026-06-09,11:51:56
2026-06-09,11:44:22,CCTG,CCSC Technology International Holdings Limited Class A Ordinary Shares,Nasdaq,LULD Pause,2026-06-09,11:54:22
2026-06-09,11:44:07,PAVS,Paranovus Entertainment Technology Ltd. Class A Ordinary Shares,Nasdaq,LULD Pause,2026-06-09,11:49:07
2026-06-09,11:42:05,DCOY,Decoy Therapeutics Inc. Common Stock,Nasdaq,LULD Pause,2026-06-09,11:52:05
2026-06-09,11:40:41,CNET,ZW Data Action Technologies Inc. Common Stock,Nasdaq,LULD Pause,2026-06-09,11:50:41
2026-06-09,11:40:32,AHMA,Ambitions Enterprise Management Co. L.L.C Class A Ordinary Shares,Nasdaq,LULD Pause,2026-06-09,11:45:32
2026-06-09,11:38:59,CCTG,CCSC Technology International Holdings Limited Class A Ordinary Shares,Nasdaq,LULD Pause,2026-06-09,11:43:59
2026-06-09,11:36:53,PAVS,Paranovus Entertainment Technology Ltd. Class A Ordinary Shares,Nasdaq,LULD Pause,2026-06-09,11:41:53
2026-06-09,11:36:20,VACHU,Voyager Acquisition Corp Unit,Nasdaq,LULD Pause,2026-06-09,11:41:20
2026-06-09,11:35:18,CNET,ZW Data Action Technologies Inc. Common Stock,Nasdaq,LULD Pause,2026-06-09,11:40:18
2026-06-09,11:33:30,CCTG,CCSC Technology International Holdings Limited Class A Ordinary Shares,Nasdaq,LULD Pause,2026-06-09,11:38:30
2026-06-09,11:32:30,HIHO,Highway Holdings Ltd,Nasdaq,LULD Pause,2026-06-09,11:42:30
2026-06-09,11:29:54,CNET,ZW Data Action Technologies Inc. Common Stock,Nasdaq,LULD Pause,2026-06-09,11:34:54
2026-06-09,11:28:00,DXST,Decent Holding Inc Class A Ordinary Shares,Nasdaq,LULD Pause,2026-06-09,11:38:00
2026-06-09,11:27:03,PAVS,Paranovus Entertainment Technology Ltd. Class A Ordinary Shares,Nasdaq,LULD Pause,2026-06-09,11:32:03
2026-06-09,11:26:29,HIHO,Highway Holdings Ltd,Nasdaq,LULD Pause,2026-06-09,11:31:29
2026-06-09,11:24:24,CNET,ZW Data Action Technologies Inc. Common Stock,Nasdaq,LULD Pause,2026-06-09,11:29:24
2026-06-09,11:22:50,CCTG,CCSC Technology International Holdings Limited Class A Ordinary Shares,Nasdaq,LULD Pause,2026-06-09,11:32:50
2026-06-09,11:20:54,HIHO,Highway Holdings Ltd,Nasdaq,LULD Pause,2026-06-09,11:25:54
2026-06-09,11:17:11,CNET,ZW Data Action Technologies Inc. Common Stock,Nasdaq,LULD Pause,2026-06-09,11:22:11
2026-06-09,11:14:29,VACH,Voyager Acquisition Corp Class A Ordinary Shares,Nasdaq,LULD Pause,2026-06-09,11:19:29
2026-06-09,11:13:15,DXST,Decent Holding Inc Class A Ordinary Shares,Nasdaq,LULD Pause,2026-06-09,11:23:15
2026-06-09,11:09:05,HIHO,Highway Holdings Ltd,Nasdaq,LULD Pause,2026-06-09,11:19:05
2026-06-09,11:08:51,VACH,Voyager Acquisition Corp Class A Ordinary Shares,Nasdaq,LULD Pause,2026-06-09,11:13:51
2026-06-09,11:07:52,DXST,Decent Holding Inc Class A Ordinary Shares,Nasdaq,LULD Pause,2026-06-09,11:12:52
2026-06-09,11:05:15,MTEN,Mingteng International Corporation Inc. Class A Ordinary Shares,Nasdaq,LULD Pause,2026-06-09,11:15:16
2026-06-09,11:04:50,AHMA,Ambitions Enterprise Management Co. L.L.C Class A Ordinary Shares,Nasdaq,LULD Pause,2026-06-09,11:09:50
2026-06-09,11:03:45,HIHO,Highway Holdings Ltd,Nasdaq,LULD Pause,2026-06-09,11:08:45
2026-06-09,10:59:15,BSAAU,BEST SPAC I Acquisition Corp. Unit,Nasdaq,LULD Pause,2026-06-09,11:04:15
2026-06-09,10:59:14,MTEN,Mingteng International Corporation Inc. Class A Ordinary Shares,Nasdaq,LULD Pause,2026-06-09,11:04:14
2026-06-09,10:57:57,HIHO,Highway Holdings Ltd,Nasdaq,LULD Pause,2026-06-09,11:02:57
2026-06-09,10:54:37,JLHL,Julong Holding Limited Class A Ordinary Shares,Nasdaq,LULD Pause,2026-06-09,10:59:37
2026-06-09,10:54:27,DXST,Decent Holding Inc Class A Ordinary Shares,Nasdaq,LULD Pause,2026-06-09,11:07:16
2026-06-09,10:53:37,CPOP,"""Pop Culture Group Co., Ltd Class A Ordinary Shares""",Nasdaq,LULD Pause,2026-06-09,10:58:37
2026-06-09,10:53:19,MSS,Maison Solutions Inc. Class A Common Stock,Nasdaq,LULD Pause,2026-06-09,10:58:19
2026-06-09,10:52:22,FRTT,Fort Technology Inc. Common Shares,Nasdaq,LULD Pause,2026-06-09,11:02:22
2026-06-09,10:48:17,STAK,STAK Inc. Class A Ordinary Shares,Nasdaq,LULD Pause,2026-06-09,10:53:17
2026-06-09,10:46:49,MSS,Maison Solutions Inc. Class A Common Stock,Nasdaq,LULD Pause,2026-06-09,10:51:49
2026-06-09,10:46:45,JLHL,Julong Holding Limited Class A Ordinary Shares,Nasdaq,LULD Pause,2026-06-09,10:51:45
2026-06-09,10:45:30,TOPP,Toppoint Holdings Inc.,NYSE American,LULD Pause,2026-06-09,10:50:30
2026-06-09,10:40:12,STAK,STAK Inc. Class A Ordinary Shares,Nasdaq,LULD Pause,2026-06-09,10:45:12
2026-06-09,10:39:25,LATAU,Galata Acquisition Corp. II Units,Nasdaq,LULD Pause,2026-06-09,10:44:25
2026-06-09,10:39:12,GLE,Global Engine Group Holding Limited Class A Ordinary Shares,Nasdaq,LULD Pause,2026-06-09,10:44:12
2026-06-09,10:36:54,AZI,Autozi Internet Technology (Global) Ltd. Class A Ordinary Shares,Nasdaq,LULD Pause,2026-06-09,10:41:54
2026-06-09,10:36:40,PAVS,Paranovus Entertainment Technology Ltd. Class A Ordinary Shares,Nasdaq,LULD Pause,2026-06-09,10:46:40
2026-06-09,10:34:34,JLHL,Julong Holding Limited Class A Ordinary Shares,Nasdaq,LULD Pause,2026-06-09,10:44:34
2026-06-09,10:34:06,DXST,Decent Holding Inc Class A Ordinary Shares,Nasdaq,LULD Pause,2026-06-09,10:54:06
2026-06-09,10:32:53,GLE,Global Engine Group Holding Limited Class A Ordinary Shares,Nasdaq,LULD Pause,2026-06-09,10:37:53
2026-06-09,10:31:51,CHAI,"""Core AI Holdings, Inc. Common Shares""",Nasdaq,LULD Pause,2026-06-09,10:36:51
2026-06-09,10:30:15,CCTG,CCSC Technology International Holdings Limited Class A Ordinary Shares,Nasdaq,LULD Pause,2026-06-09,11:22:30
2026-06-09,10:22:59,DXST,Decent Holding Inc Class A Ordinary Shares,Nasdaq,LULD Pause,2026-06-09,10:33:44
2026-06-09,10:21:51,ELPW,Elong Power Holding Limited Class A Ordinary Shares,Nasdaq,LULD Pause,2026-06-09,10:26:51
2026-06-09,10:20:09,JLHL,Julong Holding Limited Class A Ordinary Shares,Nasdaq,LULD Pause,2026-06-09,10:25:09
2026-06-09,10:19:44,SLGB,Smart Logistics Global Limited Ordinary Shares,Nasdaq,LULD Pause,2026-06-09,10:24:44
2026-06-09,10:17:41,AHMA,Ambitions Enterprise Management Co. L.L.C Class A Ordinary Shares,Nasdaq,LULD Pause,2026-06-09,10:22:41
2026-06-09,10:17:32,VACH,Voyager Acquisition Corp Class A Ordinary Shares,Nasdaq,LULD Pause,2026-06-09,10:27:32
2026-06-09,10:16:51,SPHL,Springview Holdings Ltd Class A Ordinary Shares,Nasdaq,LULD Pause,2026-06-09,10:21:51
2026-06-09,10:15:47,MSS,Maison Solutions Inc. Class A Common Stock,Nasdaq,LULD Pause,2026-06-09,10:20:47
2026-06-09,10:15:07,RGNT,Regentis Biomaterials Ltd.,NYSE American,LULD Pause,2026-06-09,10:35:18
2026-06-09,10:15:00,CCTG,CCSC Technology International Holdings Limited Class A Ordinary Shares,Nasdaq,LULD Pause,2026-06-09,10:30:00
2026-06-09,10:14:41,FAC,Factorial Energy Inc. Class A Common Stock,Nasdaq,LULD Pause,2026-06-09,10:19:41
2026-06-09,10:13:37,IPW,"""iPower, Inc. Common Stock""",Nasdaq,LULD Pause,2026-06-09,10:18:37
2026-06-09,10:13:22,MACIU,Melar Acquisition Corp. I Unit,Nasdaq,LULD Pause,2026-06-09,10:18:22
2026-06-09,10:12:38,STAK,STAK Inc. Class A Ordinary Shares,Nasdaq,LULD Pause,2026-06-09,10:17:38
2026-06-09,10:10:25,WSO B,"""Watsco, Inc. Class B""",NYSE,LULD Pause,2026-06-09,10:15:25
2026-06-09,10:09:55,RDAC,Rising Dragon Acquisition Corp. Ordinary Shares,Nasdaq,LULD Pause,2026-06-09,10:14:55
2026-06-09,10:09:48,RGNT,Regentis Biomaterials Ltd.,NYSE American,LULD Pause,2026-06-09,10:14:48
2026-06-09,10:09:10,CCTG,CCSC Technology International Holdings Limited Class A Ordinary Shares,Nasdaq,LULD Pause,2026-06-09,10:14:10
2026-06-09,10:05:28,MSS,Maison Solutions Inc. Class A Common Stock,Nasdaq,LULD Pause,2026-06-09,10:15:28
2026-06-09,10:05:16,SLGB,Smart Logistics Global Limited Ordinary Shares,Nasdaq,LULD Pause,2026-06-09,10:15:16
2026-06-09,10:04:18,JLHL,Julong Holding Limited Class A Ordinary Shares,Nasdaq,LULD Pause,2026-06-09,10:09:18
2026-06-09,10:03:40,CCTG,CCSC Technology International Holdings Limited Class A Ordinary Shares,Nasdaq,LULD Pause,2026-06-09,10:08:40
2026-06-09,10:03:14,LILAV,Liberty Latin America Ltd Class A Common Stock Ex-Distribution When Issued,Nasdaq,LULD Pause,2026-06-09,10:08:14
2026-06-09,10:02:41,DXST,Decent Holding Inc Class A Ordinary Shares,Nasdaq,LULD Pause,2026-06-09,10:22:41
2026-06-09,10:02:07,AHMA,Ambitions Enterprise Management Co. L.L.C Class A Ordinary Shares,Nasdaq,LULD Pause,2026-06-09,10:12:07
2026-06-09,09:58:18,CCTG,CCSC Technology International Holdings Limited Class A Ordinary Shares,Nasdaq,LULD Pause,2026-06-09,10:03:18
2026-06-09,09:57:32,NOMA,NOMADAR Corp. Class A Common Stock,Nasdaq,LULD Pause,2026-06-09,10:02:32
2026-06-09,09:54:55,FRTT,Fort Technology Inc. Common Shares,Nasdaq,LULD Pause,2026-06-09,09:59:55
2026-06-09,09:54:16,MSGY,Masonglory Limited Ordinary Shares,Nasdaq,LULD Pause,2026-06-09,09:59:16
2026-06-09,09:53:52,PAVS,Paranovus Entertainment Technology Ltd. Class A Ordinary Shares,Nasdaq,LULD Pause,2026-06-09,09:58:52
2026-06-09,09:52:16,CCTG,CCSC Technology International Holdings Limited Class A Ordinary Shares,Nasdaq,LULD Pause,2026-06-09,09:57:16
2026-06-09,09:51:28,AHMA,Ambitions Enterprise Management Co. L.L.C Class A Ordinary Shares,Nasdaq,LULD Pause,2026-06-09,10:01:31
2026-06-09,09:50:42,BSAA,BEST SPAC I Acquisition Corp. Class A Ordinary Shares,Nasdaq,LULD Pause,2026-06-09,09:55:42
2026-06-09,09:48:10,RW,Rainwater Equity ETF,NYSE Arca,LULD Pause,2026-06-09,09:53:10
2026-06-09,09:46:51,NOMA,NOMADAR Corp. Class A Common Stock,Nasdaq,LULD Pause,2026-06-09,09:56:51
2026-06-09,09:46:20,CCTG,CCSC Technology International Holdings Limited Class A Ordinary Shares,Nasdaq,LULD Pause,2026-06-09,09:51:20
2026-06-09,09:43:35,MB,MasterBeef Group Ordinary Shares,Nasdaq,LULD Pause,2026-06-09,09:48:35
2026-06-09,09:41:01,AHMA,Ambitions Enterprise Management Co. L.L.C Class A Ordinary Shares,Nasdaq,LULD Pause,2026-06-09,09:51:01
2026-06-09,09:41:00,CCTG,CCSC Technology International Holdings Limited Class A Ordinary Shares,Nasdaq,LULD Pause,2026-06-09,09:46:00
2026-06-09,09:38:49,FAC,Factorial Energy Inc. Class A Common Stock,Nasdaq,LULD Pause,2026-06-09,09:43:49
2026-06-09,09:38:34,PAVS,Paranovus Entertainment Technology Ltd. Class A Ordinary Shares,Nasdaq,LULD Pause,2026-06-09,09:43:34
2026-06-09,09:37:34,OPAD,Offerpad Solutions Inc.,NYSE,LULD Pause,2026-06-09,09:43:15
2026-06-09,09:37:21,SLGB,Smart Logistics Global Limited Ordinary Shares,Nasdaq,LULD Pause,2026-06-09,09:42:21
2026-06-09,09:36:59,AZI,Autozi Internet Technology (Global) Ltd. Class A Ordinary Shares,Nasdaq,LULD Pause,2026-06-09,09:41:59
2026-06-09,09:35:44,DXST,Decent Holding Inc Class A Ordinary Shares,Nasdaq,LULD Pause,2026-06-09,10:02:18
2026-06-09,09:35:23,RAY,Raytech Holding Limited Ordinary Shares,Nasdaq,LULD Pause,2026-06-09,09:40:23
2026-06-09,09:35:19,RNAC,"""Cartesian Therapeutics, Inc. Common Stock""",Nasdaq,LULD Pause,2026-06-09,09:40:19
2026-06-09,09:33:30,NOVTU,Novanta Inc. Tangible Equity Units,Nasdaq,LULD Pause,2026-06-09,09:38:30
2026-06-09,09:32:22,PAVS,Paranovus Entertainment Technology Ltd. Class A Ordinary Shares,Nasdaq,LULD Pause,2026-06-09,09:37:22
2026-06-09,09:31:54,BRIA,BrilliA Inc,NYSE American,LULD Pause,2026-06-09,09:36:54
2026-06-09,09:31:19,FAC,Factorial Energy Inc. Class A Common Stock,Nasdaq,LULD Pause,2026-06-09,09:36:19
2026-06-09,09:30:43,AHMA,Ambitions Enterprise Management Co. L.L.C Class A Ordinary Shares,Nasdaq,LULD Pause,2026-06-09,09:40:43
2026-06-09,09:30:28,CCTG,CCSC Technology International Holdings Limited Class A Ordinary Shares,Nasdaq,LULD Pause,2026-06-09,09:40:28
2026-06-09,09:30:26,DXST,Decent Holding Inc Class A Ordinary Shares,Nasdaq,LULD Pause,2026-06-09,09:35:26
2026-06-09,09:27:39,PMI,"""Picard Medical, Inc.""",NYSE American,Regulatory Concern,2026-06-09,14:25:00
2026-06-09,09:27:04,AIM,AIM ImmunoTech Inc.,NYSE American,News Pending,2026-06-09,09:50:00
2026-06-08,19:50:20,OPAD,Offerpad Solutions Inc.,NYSE,Corporate Action,2026-06-09,09:30:26
2026-06-08,19:50:20,OPAD,Offerpad Solutions Inc.,NYSE,Corporate Action,,
2026-06-08,17:18:58,INHD,Inno Holdings Inc. Common Stock,Nasdaq,News Pending,,
2026-06-08,15:52:26,VACH,Voyager Acquisition Corp Class A Ordinary Shares,Nasdaq,LULD Pause,2026-06-08,16:00:00
2026-06-08,15:49:25,INHD,Inno Holdings Inc. Common Stock,Nasdaq,LULD Pause,2026-06-08,16:00:00
2026-06-08,15:37:11,SPHL,Springview Holdings Ltd Class A Ordinary Shares,Nasdaq,LULD Pause,2026-06-08,15:42:11
2026-06-08,15:33:38,NPT,Texxon Holding Limited Ordinary shares,Nasdaq,LULD Pause,2026-06-08,15:48:39
2026-06-08,15:33:20,CCTG,CCSC Technology International Holdings Limited Class A Ordinary Shares,Nasdaq,LULD Pause,2026-06-08,15:38:20
2026-06-08,15:32:02,AUC,ATIF Holdings Limited Ordinary Shares,Nasdaq,LULD Pause,2026-06-08,15:37:02
2026-06-08,15:30:49,SPHL,Springview Holdings Ltd Class A Ordinary Shares,Nasdaq,LULD Pause,2026-06-08,15:35:49
2026-06-08,15:28:02,CHOW,ChowChow Cloud International Holdings Limited,NYSE American,LULD Pause,2026-06-08,15:38:02
2026-06-08,15:27:27,MDIA,Mediaco Holding Inc. Class A Common Stock,Nasdaq,LULD Pause,2026-06-08,15:32:27
2026-06-08,15:26:10,CCTG,CCSC Technology International Holdings Limited Class A Ordinary Shares,Nasdaq,LULD Pause,2026-06-08,15:31:10
2026-06-08,15:25:35,MTEN,Mingteng International Corporation Inc. Class A Ordinary Shares,Nasdaq,LULD Pause,2026-06-08,15:30:35
2026-06-08,15:22:35,ITOC,iTonic Holdings Ltd Class A Ordinary Shares,Nasdaq,LULD Pause,2026-06-08,15:27:35
2026-06-08,15:22:09,BYAH,"""Park Ha Biological Technology Co., Ltd. Ordinary Shares""",Nasdaq,LULD Pause,2026-06-08,15:32:09
2026-06-08,15:21:34,MDIA,Mediaco Holding Inc. Class A Common Stock,Nasdaq,LULD Pause,2026-06-08,15:26:34
2026-06-08,15:20:48,FCUV,Focus Universal Inc. Common Stock,Nasdaq,LULD Pause,2026-06-08,15:25:48
2026-06-08,15:18:18,SPHL,Springview Holdings Ltd Class A Ordinary Shares,Nasdaq,LULD Pause,2026-06-08,15:28:18
2026-06-08,15:17:50,LXEH,"""Lixiang Education Holding Co., Ltd. American Depositary Shares""",Nasdaq,LULD Pause,2026-06-08,15:27:51
2026-06-08,15:17:46,HKIT,Hitek Global Inc. Class A Ordinary Share,Nasdaq,LULD Pause,2026-06-08,15:22:46
2026-06-08,15:16:50,PAVS,Paranovus Entertainment Technology Ltd. Class A Ordinary Shares,Nasdaq,LULD Pause,2026-06-08,15:21:50
2026-06-08,15:16:37,BYAH,"""Park Ha Biological Technology Co., Ltd. Ordinary Shares""",Nasdaq,LULD Pause,2026-06-08,15:21:37
2026-06-08,15:16:06,MDIA,Mediaco Holding Inc. Class A Common Stock,Nasdaq,LULD Pause,2026-06-08,15:21:06
2026-06-08,15:14:57,PN,Skycorp Solar Group Limited Ordinary Shares,Nasdaq,LULD Pause,2026-06-08,15:19:57
2026-06-08,15:12:55,ITOC,iTonic Holdings Ltd Class A Ordinary Shares,Nasdaq,LULD Pause,2026-06-08,15:17:55
2026-06-08,15:10:16,BYAH,"""Park Ha Biological Technology Co., Ltd. Ordinary Shares""",Nasdaq,LULD Pause,2026-06-08,15:15:16
2026-06-08,15:08:31,PN,Skycorp Solar Group Limited Ordinary Shares,Nasdaq,LULD Pause,2026-06-08,15:13:31
2026-06-08,15:07:37,ITOC,iTonic Holdings Ltd Class A Ordinary Shares,Nasdaq,LULD Pause,2026-06-08,15:12:37
2026-06-08,15:06:25,PAVS,Paranovus Entertainment Technology Ltd. Class A Ordinary Shares,Nasdaq,LULD Pause,2026-06-08,15:16:25
2026-06-08,15:05:51,MTEN,Mingteng International Corporation Inc. Class A Ordinary Shares,Nasdaq,LULD Pause,2026-06-08,15:10:51
2026-06-08,15:05:48,MDIA,Mediaco Holding Inc. Class A Common Stock,Nasdaq,LULD Pause,2026-06-08,15:15:49
2026-06-08,15:00:39,SMTK,"""SmartKem, Inc. Common Stock""",Nasdaq,LULD Pause,2026-06-08,15:05:39
2026-06-08,15:00:26,MDIA,Mediaco Holding Inc. Class A Common Stock,Nasdaq,LULD Pause,2026-06-08,15:05:26
2026-06-08,14:59:21,BYAH,"""Park Ha Biological Technology Co., Ltd. Ordinary Shares""",Nasdaq,LULD Pause,2026-06-08,15:09:21
2026-06-08,14:55:22,ITOC,iTonic Holdings Ltd Class A Ordinary Shares,Nasdaq,LULD Pause,2026-06-08,15:00:22
2026-06-08,14:54:46,BSAAU,BEST SPAC I Acquisition Corp. Unit,Nasdaq,LULD Pause,2026-06-08,14:59:46
2026-06-08,14:54:04,BYAH,"""Park Ha Biological Technology Co., Ltd. Ordinary Shares""",Nasdaq,LULD Pause,2026-06-08,14:59:04
2026-06-08,14:53:14,HSPT,Horizon Space Acquisition II Corp. Ordinary share,Nasdaq,LULD Pause,2026-06-08,15:03:14
2026-06-08,14:50:12,MTEN,Mingteng International Corporation Inc. Class A Ordinary Shares,Nasdaq,LULD Pause,2026-06-08,14:55:12
2026-06-08,14:49:50,ITOC,iTonic Holdings Ltd Class A Ordinary Shares,Nasdaq,LULD Pause,2026-06-08,14:54:50
2026-06-08,14:47:53,PAVS,Paranovus Entertainment Technology Ltd. Class A Ordinary Shares,Nasdaq,LULD Pause,2026-06-08,14:52:53
2026-06-08,14:47:48,SMTK,"""SmartKem, Inc. Common Stock""",Nasdaq,LULD Pause,2026-06-08,14:52:48
2026-06-08,14:44:31,IFBD,"""Infobird Co., Ltd Ordinary Shares""",Nasdaq,LULD Pause,2026-06-08,14:49:31
2026-06-08,14:40:58,BYAH,"""Park Ha Biological Technology Co., Ltd. Ordinary Shares""",Nasdaq,LULD Pause,2026-06-08,14:50:58
2026-06-08,14:38:27,PAVS,Paranovus Entertainment Technology Ltd. Class A Ordinary Shares,Nasdaq,LULD Pause,2026-06-08,14:43:27
2026-06-08,14:37:50,NPT,Texxon Holding Limited Ordinary shares,Nasdaq,LULD Pause,2026-06-08,14:42:50
2026-06-08,14:34:21,MTEN,Mingteng International Corporation Inc. Class A Ordinary Shares,Nasdaq,LULD Pause,2026-06-08,14:44:21
2026-06-08,14:33:47,IFBD,"""Infobird Co., Ltd Ordinary Shares""",Nasdaq,LULD Pause,2026-06-08,14:38:47
2026-06-08,14:28:40,MTEN,Mingteng International Corporation Inc. Class A Ordinary Shares,Nasdaq,LULD Pause,2026-06-08,14:33:40
2026-06-08,14:27:21,NPT,Texxon Holding Limited Ordinary shares,Nasdaq,LULD Pause,2026-06-08,14:37:21
2026-06-08,14:26:14,WTO,UTime Limited Class A Ordinary Shares,Nasdaq,LULD Pause,2026-06-08,14:36:14
2026-06-08,14:26:07,BYAH,"""Park Ha Biological Technology Co., Ltd. Ordinary Shares""",Nasdaq,LULD Pause,2026-06-08,14:40:09
2026-06-08,14:24:53,HAO,Haoxi Health Technology Limited Class A Ordinary Shares,Nasdaq,LULD Pause,2026-06-08,14:29:53
2026-06-08,14:23:42,TDIC,Dreamland Limited Class A Ordinary Shares,Nasdaq,LULD Pause,2026-06-08,14:33:42
2026-06-08,14:23:05,IFBD,"""Infobird Co., Ltd Ordinary Shares""",Nasdaq,LULD Pause,2026-06-08,14:33:05
2026-06-08,14:21:36,PAVS,Paranovus Entertainment Technology Ltd. Class A Ordinary Shares,Nasdaq,LULD Pause,2026-06-08,14:26:36
2026-06-08,14:17:24,GRAN,Grande Group Limited Class A Ordinary Shares,Nasdaq,LULD Pause,2026-06-08,14:22:24
2026-06-08,14:17:08,NPT,Texxon Holding Limited Ordinary shares,Nasdaq,LULD Pause,2026-06-08,14:22:08
2026-06-08,14:16:42,HUDI,"""Huadi International Group Co., Ltd. Ordinary Shares""",Nasdaq,LULD Pause,2026-06-08,14:21:42
2026-06-08,14:15:40,PAVS,Paranovus Entertainment Technology Ltd. Class A Ordinary Shares,Nasdaq,LULD Pause,2026-06-08,14:20:40
2026-06-08,14:15:37,HAO,Haoxi Health Technology Limited Class A Ordinary Shares,Nasdaq,LULD Pause,2026-06-08,14:20:37
2026-06-08,14:14:33,RDGT,"""Ridgetech, Inc. Ordinary Shares""",Nasdaq,LULD Pause,2026-06-08,14:24:33
2026-06-08,14:13:58,BYAH,"""Park Ha Biological Technology Co., Ltd. Ordinary Shares""",Nasdaq,LULD Pause,2026-06-08,14:25:52
2026-06-08,14:13:28,ZCMD,Zhongchao Inc. Class A Ordinary Shares,Nasdaq,LULD Pause,2026-06-08,14:18:28
2026-06-08,14:12:29,IFBD,"""Infobird Co., Ltd Ordinary Shares""",Nasdaq,LULD Pause,2026-06-08,14:22:29
2026-06-08,14:11:44,MTEN,Mingteng International Corporation Inc. Class A Ordinary Shares,Nasdaq,LULD Pause,2026-06-08,14:23:13
2026-06-08,14:11:34,GRAN,Grande Group Limited Class A Ordinary Shares,Nasdaq,LULD Pause,2026-06-08,14:16:34
2026-06-08,14:09:53,PAVS,Paranovus Entertainment Technology Ltd. Class A Ordinary Shares,Nasdaq,LULD Pause,2026-06-08,14:14:53
2026-06-08,14:09:30,TDIC,Dreamland Limited Class A Ordinary Shares,Nasdaq,LULD Pause,2026-06-08,14:14:30
2026-06-08,14:07:41,ZCMD,Zhongchao Inc. Class A Ordinary Shares,Nasdaq,LULD Pause,2026-06-08,14:12:41
2026-06-08,14:07:17,SUNE,"""SUNation Energy, Inc. Common Stock""",Nasdaq,LULD Pause,2026-06-08,14:12:17
2026-06-08,14:07:07,HSPT,Horizon Space Acquisition II Corp. Ordinary share,Nasdaq,LULD Pause,2026-06-08,14:12:07
2026-06-08,14:06:21,MTEN,Mingteng International Corporation Inc. Class A Ordinary Shares,Nasdaq,LULD Pause,2026-06-08,14:11:21
2026-06-08,14:05:58,HUDI,"""Huadi International Group Co., Ltd. Ordinary Shares""",Nasdaq,LULD Pause,2026-06-08,14:10:58
2026-06-08,14:04:10,HAO,Haoxi Health Technology Limited Class A Ordinary Shares,Nasdaq,LULD Pause,2026-06-08,14:14:10
2026-06-08,14:03:54,PAVS,Paranovus Entertainment Technology Ltd. Class A Ordinary Shares,Nasdaq,LULD Pause,2026-06-08,14:08:54
2026-06-08,14:03:05,TDIC,Dreamland Limited Class A Ordinary Shares,Nasdaq,LULD Pause,2026-06-08,14:08:05
2026-06-08,14:02:23,JEM,707 Cayman Holdings Limited Ordinary Shares,Nasdaq,LULD Pause,2026-06-08,14:07:23
2026-06-08,14:01:43,MWG,Multi Ways Holdings Limited,NYSE American,LULD Pause,2026-06-08,14:06:43
2026-06-08,14:00:20,RDAC,Rising Dragon Acquisition Corp. Ordinary Shares,Nasdaq,LULD Pause,2026-06-08,14:05:20
2026-06-08,13:58:54,HAO,Haoxi Health Technology Limited Class A Ordinary Shares,Nasdaq,LULD Pause,2026-06-08,14:03:54
2026-06-08,13:58:16,BYAH,"""Park Ha Biological Technology Co., Ltd. Ordinary Shares""",Nasdaq,LULD Pause,2026-06-08,14:13:21
2026-06-08,13:53:44,PAVS,Paranovus Entertainment Technology Ltd. Class A Ordinary Shares,Nasdaq,LULD Pause,2026-06-08,13:58:44
2026-06-08,13:52:59,NPT,Texxon Holding Limited Ordinary shares,Nasdaq,LULD Pause,2026-06-08,14:07:59
2026-06-08,13:50:22,MTEN,Mingteng International Corporation Inc. Class A Ordinary Shares,Nasdaq,LULD Pause,2026-06-08,14:05:49
2026-06-08,13:48:25,HAO,Haoxi Health Technology Limited Class A Ordinary Shares,Nasdaq,LULD Pause,2026-06-08,13:58:25
2026-06-08,13:43:22,INHD,Inno Holdings Inc. Common Stock,Nasdaq,LULD Pause,2026-06-08,15:49:06
2026-06-08,13:41:35,BYAH,"""Park Ha Biological Technology Co., Ltd. Ordinary Shares""",Nasdaq,LULD Pause,2026-06-08,13:57:45
2026-06-08,13:39:44,MTEN,Mingteng International Corporation Inc. Class A Ordinary Shares,Nasdaq,LULD Pause,2026-06-08,13:49:46
2026-06-08,13:31:04,BYAH,"""Park Ha Biological Technology Co., Ltd. Ordinary Shares""",Nasdaq,LULD Pause,2026-06-08,13:41:04
2026-06-08,13:25:35,BYAH,"""Park Ha Biological Technology Co., Ltd. Ordinary Shares""",Nasdaq,LULD Pause,2026-06-08,13:30:35
2026-06-08,13:22:42,NCT,Intercont (Cayman) Limited Class A Ordinary shares,Nasdaq,LULD Pause,2026-06-08,13:27:42
2026-06-08,13:12:39,FCHL,Fitness Champs Holdings Limited Common Stock,Nasdaq,LULD Pause,2026-06-08,13:17:39
2026-06-08,13:09:16,RMSG,Real Messenger Corporation Ordinary Shares,Nasdaq,LULD Pause,2026-06-08,13:14:16
2026-06-08,13:07:19,INHD,Inno Holdings Inc. Common Stock,Nasdaq,LULD Pause,2026-06-08,13:12:19
2026-06-08,13:06:01,NCT,Intercont (Cayman) Limited Class A Ordinary shares,Nasdaq,LULD Pause,2026-06-08,13:16:01
2026-06-08,13:03:34,ANSCU,Agriculture & Natural Solutions Acquisition Corporation Unit,Nasdaq,LULD Pause,2026-06-08,13:08:34
2026-06-08,12:59:47,NCT,Intercont (Cayman) Limited Class A Ordinary shares,Nasdaq,LULD Pause,2026-06-08,13:04:47
2026-06-08,12:51:35,AUC,ATIF Holdings Limited Ordinary Shares,Nasdaq,LULD Pause,2026-06-08,12:56:35
2026-06-08,12:49:07,INHD,Inno Holdings Inc. Common Stock,Nasdaq,LULD Pause,2026-06-08,13:05:57
2026-06-08,12:36:55,CDTG,CDT Environmental Technology Investment Holdings Limited ordinary shares,Nasdaq,LULD Pause,2026-06-08,12:46:55
2026-06-08,12:29:07,CDTG,CDT Environmental Technology Investment Holdings Limited ordinary shares,Nasdaq,LULD Pause,2026-06-08,12:34:07
2026-06-08,12:28:28,GRAN,Grande Group Limited Class A Ordinary Shares,Nasdaq,LULD Pause,2026-06-08,12:33:28
2026-06-08,12:18:25,CDTG,CDT Environmental Technology Investment Holdings Limited ordinary shares,Nasdaq,LULD Pause,2026-06-08,12:23:25
2026-06-08,12:08:48,WXM,WF International Limited Ordinary Shares,Nasdaq,LULD Pause,2026-06-08,12:13:48
2026-06-08,12:07:45,CDTG,CDT Environmental Technology Investment Holdings Limited ordinary shares,Nasdaq,LULD Pause,2026-06-08,12:17:45
2026-06-08,12:02:31,PN,Skycorp Solar Group Limited Ordinary Shares,Nasdaq,LULD Pause,2026-06-08,12:07:31
2026-06-08,12:00:36,CDTG,CDT Environmental Technology Investment Holdings Limited ordinary shares,Nasdaq,LULD Pause,2026-06-08,12:05:36
2026-06-08,12:00:15,NPT,Texxon Holding Limited Ordinary shares,Nasdaq,LULD Pause,2026-06-08,12:05:15
2026-06-08,11:54:55,CDTG,CDT Environmental Technology Investment Holdings Limited ordinary shares,Nasdaq,LULD Pause,2026-06-08,11:59:55
2026-06-08,11:48:19,CDTG,CDT Environmental Technology Investment Holdings Limited ordinary shares,Nasdaq,LULD Pause,2026-06-08,11:53:19
2026-06-08,11:40:47,INHD,Inno Holdings Inc. Common Stock,Nasdaq,LULD Pause,2026-06-08,11:45:47
2026-06-08,11:36:25,NHIV,NewHold Investment Corp IV Class A Ordinary Shares,Nasdaq,LULD Pause,2026-06-08,11:41:25
2026-06-08,11:31:07,NHIV,NewHold Investment Corp IV Class A Ordinary Shares,Nasdaq,LULD Pause,2026-06-08,11:36:07
2026-06-08,11:30:19,NEXR,Nexera Technologies Ltd Ordinary Shares,Nasdaq,LULD Pause,2026-06-08,11:35:19
2026-06-08,11:19:32,TLCI,Touchstone International Equity ETF,NYSE Arca,LULD Pause,2026-06-08,11:24:32
2026-06-08,11:05:20,VRM,"""Vroom, Inc. Common Stock""",Nasdaq,LULD Pause,2026-06-08,11:15:20
2026-06-08,10:53:49,RYET,Ruanyun Edai Technology Inc. Ordinary shares,Nasdaq,LULD Pause,2026-06-08,10:58:49
2026-06-08,10:53:24,INTJ,Intelligent Group Limited Class A Ordinary Shares,Nasdaq,LULD Pause,2026-06-08,10:58:24
2026-06-08,10:51:42,FAC,Factorial Energy Inc. Class A Common Stock,Nasdaq,LULD Pause,2026-06-08,10:56:42
2026-06-08,10:41:40,SIMAU,SIM Acquisition Corp. I Unit,Nasdaq,LULD Pause,2026-06-08,10:46:40
2026-06-08,10:41:14,FRTT,Fort Technology Inc. Common Shares,Nasdaq,LULD Pause,2026-06-08,10:46:14
2026-06-08,10:40:14,CHNL,Chainlink ETF,Cboe BZX,LULD Pause,2026-06-08,10:45:14
2026-06-08,10:38:33,RYET,Ruanyun Edai Technology Inc. Ordinary shares,Nasdaq,LULD Pause,2026-06-08,10:43:33
2026-06-08,10:38:15,MLACU,Mountain Lake Acquisition Corp. Units,Nasdaq,LULD Pause,2026-06-08,10:43:15
2026-06-08,10:32:51,RYET,Ruanyun Edai Technology Inc. Ordinary shares,Nasdaq,LULD Pause,2026-06-08,10:37:51
2026-06-08,10:32:35,SPHL,Springview Holdings Ltd Class A Ordinary Shares,Nasdaq,LULD Pause,2026-06-08,10:37:35
2026-06-08,10:29:50,FRTT,Fort Technology Inc. Common Shares,Nasdaq,LULD Pause,2026-06-08,10:34:50
2026-06-08,10:27:28,PCPP,Porter & Company Porter Portfolio Index ETF,Cboe BZX,LULD Pause,2026-06-08,10:32:28
2026-06-08,10:26:20,CMND,Clearmind Medicine Inc. Common Shares,Nasdaq,LULD Pause,2026-06-08,10:31:20
2026-06-08,10:22:56,SPHL,Springview Holdings Ltd Class A Ordinary Shares,Nasdaq,LULD Pause,2026-06-08,10:27:56
2026-06-08,10:21:24,RYET,Ruanyun Edai Technology Inc. Ordinary shares,Nasdaq,LULD Pause,2026-06-08,10:26:24
2026-06-08,10:18:33,YOUL,Youlife Group Inc. American Depositary Shares,Nasdaq,LULD Pause,2026-06-08,10:23:33
2026-06-08,10:11:03,MOG B,MOOG INC CL B,NYSE,LULD Pause,2026-06-08,10:16:03
2026-06-08,10:08:25,FRTT,Fort Technology Inc. Common Shares,Nasdaq,LULD Pause,2026-06-08,10:18:26
2026-06-08,10:03:18,LCFY,Locafy Limited Ordinary Share,Nasdaq,LULD Pause,2026-06-08,10:08:18
2026-06-08,10:02:41,SPHL,Springview Holdings Ltd Class A Ordinary Shares,Nasdaq,LULD Pause,2026-06-08,10:22:41
2026-06-08,09:57:49,RYET,Ruanyun Edai Technology Inc. Ordinary shares,Nasdaq,LULD Pause,2026-06-08,10:02:49
2026-06-08,09:55:01,INHD,Inno Holdings Inc. Common Stock,Nasdaq,LULD Pause,2026-06-08,10:00:01
2026-06-08,09:52:32,LCFY,Locafy Limited Ordinary Share,Nasdaq,LULD Pause,2026-06-08,09:57:32
2026-06-08,09:52:13,RYET,Ruanyun Edai Technology Inc. Ordinary shares,Nasdaq,LULD Pause,2026-06-08,09:57:13
2026-06-08,09:48:15,SDOT,Sadot Group Inc. Common Stock,Nasdaq,LULD Pause,2026-06-08,09:53:15
2026-06-08,09:46:49,RYET,Ruanyun Edai Technology Inc. Ordinary shares,Nasdaq,LULD Pause,2026-06-08,09:51:49
2026-06-08,09:44:46,HUBC,Hub Cyber Security Ltd. Ordinary Shares,Nasdaq,LULD Pause,2026-06-08,09:49:46
2026-06-08,09:44:32,INHD,Inno Holdings Inc. Common Stock,Nasdaq,LULD Pause,2026-06-08,09:49:32
2026-06-08,09:40:31,SDOT,Sadot Group Inc. Common Stock,Nasdaq,LULD Pause,2026-06-08,09:45:31
2026-06-08,09:40:04,FAC,Factorial Energy Inc. Class A Common Stock,Nasdaq,LULD Pause,2026-06-08,09:50:21
2026-06-08,09:36:26,CDTG,CDT Environmental Technology Investment Holdings Limited ordinary shares,Nasdaq,LULD Pause,2026-06-08,09:41:26
2026-06-08,09:34:03,INHD,Inno Holdings Inc. Common Stock,Nasdaq,LULD Pause,2026-06-08,09:44:03
2026-06-08,09:33:26,STI,"""Solidion Technology, Inc. Common Stock""",Nasdaq,LULD Pause,2026-06-08,09:38:26
2026-06-08,09:31:44,HUBC,Hub Cyber Security Ltd. Ordinary Shares,Nasdaq,LULD Pause,2026-06-08,09:41:44
2026-06-08,09:31:05,BRIA,BrilliA Inc,NYSE American,LULD Pause,2026-06-08,09:41:05
2026-06-08,09:30:17,MI,NFT Limited,NYSE American,LULD Pause,2026-06-08,09:35:17
2026-06-08,09:30:15,FRTT,Fort Technology Inc. Common Shares,Nasdaq,LULD Pause,2026-06-08,09:40:16
2026-06-08,09:30:15,DOJE,REX-Osprey DOGE ETF,Cboe BZX,LULD Pause,2026-06-08,09:35:15
2026-06-08,09:30:15,EZET,Franklin Ethereum ETF,Cboe BZX,LULD Pause,2026-06-08,09:35:15
2026-06-08,09:30:15,QETH,Invesco Galaxy Ethereum ETF,Cboe BZX,LULD Pause,2026-06-08,09:35:15
2026-06-08,09:30:15,TOXR,21Shares XRP ETF,Cboe BZX,LULD Pause,2026-06-08,09:35:15
2026-06-08,09:30:15,BTCW,WisdomTree Bitcoin Fund,Cboe BZX,LULD Pause,2026-06-08,09:35:15
2026-06-08,07:25:00,LAB,Standard BioTools Inc. Common Stock,Nasdaq,News Pending,2026-06-08,08:00:00
2026-06-08,03:58:00,GOOGM,Alphabet Inc. Depositary Shares representing a 1/20th Interest in a Share of Series A Mandatory Convertible Preferred Stock,Nasdaq,News Pending,2026-06-08,09:45:00
2026-06-08,03:58:00,GOOGN,Alphabet Inc. Depositary Shares representing a 1/20th Interest in a Share of Series B Mandatory Convertible Preferred Stock,Nasdaq,News Pending,2026-06-08,09:45:00
2026-06-05,19:50:00,HUBCZ,Hub Cyber Security Ltd. Warrant,Nasdaq,News Pending,2026-06-08,09:05:00
2026-06-05,19:50:00,HUBCZ,Hub Cyber Security Ltd. Warrant,Nasdaq,News Pending,,
2026-06-05,19:50:00,HUBCW,Hub Cyber Security Ltd. Warrant 2/27/28,Nasdaq,News Pending,2026-06-08,09:05:00
2026-06-05,19:50:00,HUBCW,Hub Cyber Security Ltd. Warrant 2/27/28,Nasdaq,News Pending,,
2026-06-05,19:50:00,KIDZW,KIDZ AI Inc. Warrants,Nasdaq,News Pending,,
2026-06-05,19:50:00,KIDZW,KIDZ AI Inc. Warrants,Nasdaq,News Pending,2026-06-08,09:05:00
2026-06-05,19:50:00,KIDZ,KIDZ AI Inc. Class B Common Stock,Nasdaq,News Pending,2026-06-08,09:00:00
2026-06-05,19:50:00,KIDZ,KIDZ AI Inc. Class B Common Stock,Nasdaq,News Pending,,
2026-06-05,19:50:00,HUBC,Hub Cyber Security Ltd. Ordinary Shares,Nasdaq,News Pending,2026-06-08,09:05:00
2026-06-05,19:50:00,HUBC,Hub Cyber Security Ltd. Ordinary Shares,Nasdaq,News Pending,,
2026-06-05,19:50:00,ZCMD,Zhongchao Inc. Class A Ordinary Shares,Nasdaq,News Pending,2026-06-08,09:00:00
2026-06-05,19:50:00,ZCMD,Zhongchao Inc. Class A Ordinary Shares,Nasdaq,News Pending,,
2026-06-05,19:50:00,CDLX,"""Cardlytics, Inc. Common Stock""",Nasdaq,News Pending,,
2026-06-05,19:50:00,CDLX,"""Cardlytics, Inc. Common Stock""",Nasdaq,News Pending,2026-06-08,09:00:00
2026-06-05,19:50:00,FEMY,Femasys Inc. Common Stock,Nasdaq,News Pending,,
2026-06-05,19:50:00,FEMY,Femasys Inc. Common Stock,Nasdaq,News Pending,2026-06-08,09:00:00
2026-06-05,15:52:47,STAK,STAK Inc. Class A Ordinary Shares,Nasdaq,LULD Pause,2026-06-05,16:00:00
2026-06-05,15:44:40,MI,NFT Limited,NYSE American,LULD Pause,2026-06-05,15:49:40
2026-06-05,15:44:39,DAIC,"""CID HoldCo, Inc. Common Stock""",Nasdaq,LULD Pause,2026-06-05,15:49:39
2026-06-05,15:37:56,FGMCU,FG Merger II Corp. Unit,Nasdaq,LULD Pause,2026-06-05,15:42:56
2026-06-05,15:29:43,SCAG,Scage Future American Depositary Shares,Nasdaq,LULD Pause,2026-06-05,15:34:43
2026-06-05,15:22:23,SCAG,Scage Future American Depositary Shares,Nasdaq,LULD Pause,2026-06-05,15:27:23
2026-06-05,15:04:49,BWOW,Bitwise Dogecoin ETF,NYSE Arca,LULD Pause,2026-06-05,15:09:49
2026-06-05,14:58:17,FGMCU,FG Merger II Corp. Unit,Nasdaq,LULD Pause,2026-06-05,15:08:17
2026-06-05,14:54:45,CHNL,Chainlink ETF,Cboe BZX,LULD Pause,2026-06-05,14:59:45
2026-06-05,14:53:39,HSPT,Horizon Space Acquisition II Corp. Ordinary share,Nasdaq,LULD Pause,2026-06-05,14:58:39
2026-06-05,13:56:34,HXHX,Haoxin Holdings Limited Class A Ordinary Shares,Nasdaq,LULD Pause,2026-06-05,14:01:34
2026-06-05,13:55:48,STI,"""Solidion Technology, Inc. Common Stock""",Nasdaq,LULD Pause,2026-06-05,14:00:48
2026-06-05,13:54:28,EGG,Enigmatig Limited,NYSE American,LULD Pause,2026-06-05,14:04:28
2026-06-05,13:46:29,SDOT,Sadot Group Inc. Common Stock,Nasdaq,LULD Pause,2026-06-05,13:56:29
2026-06-05,13:43:36,EGG,Enigmatig Limited,NYSE American,LULD Pause,2026-06-05,13:53:36
2026-06-05,13:39:50,SDOT,Sadot Group Inc. Common Stock,Nasdaq,LULD Pause,2026-06-05,13:44:50
2026-06-05,13:36:13,FGMC,FG Merger II Corp. Common stock,Nasdaq,LULD Pause,2026-06-05,13:41:13
2026-06-05,13:04:25,SUGP,SU Group Holdings Limited Class A Ordinary Shares,Nasdaq,LULD Pause,2026-06-05,13:09:25
2026-06-05,12:59:08,SUGP,SU Group Holdings Limited Class A Ordinary Shares,Nasdaq,LULD Pause,2026-06-05,13:04:08
2026-06-05,12:53:31,SUGP,SU Group Holdings Limited Class A Ordinary Shares,Nasdaq,LULD Pause,2026-06-05,12:58:31
2026-06-05,12:45:50,MDAA,Myriad Dynamic Asset Allocation ETF,NYSE Arca,LULD Pause,2026-06-05,12:50:50
2026-06-05,12:44:11,BLCK,Corgi Crypto Infrastructure ETF,Cboe BZX,LULD Pause,2026-06-05,12:49:11
2026-06-05,12:44:03,SUGP,SU Group Holdings Limited Class A Ordinary Shares,Nasdaq,LULD Pause,2026-06-05,12:49:03
2026-06-05,12:31:29,MEMA,Man Active Emerging Markets Alternative ETF,Nasdaq,LULD Pause,2026-06-05,12:36:29
2026-06-05,12:11:55,STAK,STAK Inc. Class A Ordinary Shares,Nasdaq,LULD Pause,2026-06-05,12:16:55
2026-06-05,12:07:34,VLN,Valens Semiconductor Ltd.,NYSE,LULD Pause,2026-06-05,12:12:50
2026-06-05,12:04:44,STAK,STAK Inc. Class A Ordinary Shares,Nasdaq,LULD Pause,2026-06-05,12:09:44
2026-06-05,12:03:00,MLACU,Mountain Lake Acquisition Corp. Units,Nasdaq,LULD Pause,2026-06-05,12:08:00
2026-06-05,12:02:07,VLN,Valens Semiconductor Ltd.,NYSE,LULD Pause,2026-06-05,12:07:18
2026-06-05,11:51:54,STAK,STAK Inc. Class A Ordinary Shares,Nasdaq,LULD Pause,2026-06-05,12:01:55
2026-06-05,11:42:14,INLF,INLIF LIMITED Class A Ordinary Shares,Nasdaq,LULD Pause,2026-06-05,11:47:14
2026-06-05,11:41:15,DTSQU,DT Cloud Star Acquisition Corporation Units,Nasdaq,LULD Pause,2026-06-05,11:46:15
2026-06-05,11:38:31,STAK,STAK Inc. Class A Ordinary Shares,Nasdaq,LULD Pause,2026-06-05,11:51:19
2026-06-05,11:36:24,MLACU,Mountain Lake Acquisition Corp. Units,Nasdaq,LULD Pause,2026-06-05,11:41:24
2026-06-05,11:27:51,STAK,STAK Inc. Class A Ordinary Shares,Nasdaq,LULD Pause,2026-06-05,11:37:52
2026-06-05,11:17:24,STAK,STAK Inc. Class A Ordinary Shares,Nasdaq,LULD Pause,2026-06-05,11:27:32
2026-06-05,11:12:55,BNAI,Brand Engagement Network Inc. Common Stock,Nasdaq,LULD Pause,2026-06-05,11:17:55
2026-06-05,11:07:04,STAK,STAK Inc. Class A Ordinary Shares,Nasdaq,LULD Pause,2026-06-05,11:17:04
2026-06-05,11:07:02,CGCTU,Cartesian Growth Corporation III Unit,Nasdaq,LULD Pause,2026-06-05,11:12:02
2026-06-05,10:56:39,STAK,STAK Inc. Class A Ordinary Shares,Nasdaq,LULD Pause,2026-06-05,11:06:39
2026-06-05,10:49:10,SPHL,Springview Holdings Ltd Class A Ordinary Shares,Nasdaq,LULD Pause,2026-06-05,10:54:10
2026-06-05,10:45:46,STAK,STAK Inc. Class A Ordinary Shares,Nasdaq,LULD Pause,2026-06-05,10:55:46
2026-06-05,10:42:32,SPHL,Springview Holdings Ltd Class A Ordinary Shares,Nasdaq,LULD Pause,2026-06-05,10:47:32
2026-06-05,10:42:28,EGG,Enigmatig Limited,NYSE American,LULD Pause,2026-06-05,10:52:42
2026-06-05,10:40:18,STAK,STAK Inc. Class A Ordinary Shares,Nasdaq,LULD Pause,2026-06-05,10:45:18
2026-06-05,10:36:26,SPHL,Springview Holdings Ltd Class A Ordinary Shares,Nasdaq,LULD Pause,2026-06-05,10:41:26
2026-06-05,10:31:55,EGG,Enigmatig Limited,NYSE American,LULD Pause,2026-06-05,10:41:55
2026-06-05,10:26:14,MLACU,Mountain Lake Acquisition Corp. Units,Nasdaq,LULD Pause,2026-06-05,10:31:14
2026-06-05,10:25:39,STAK,STAK Inc. Class A Ordinary Shares,Nasdaq,LULD Pause,2026-06-05,10:35:40
2026-06-05,10:24:33,CGCTU,Cartesian Growth Corporation III Unit,Nasdaq,LULD Pause,2026-06-05,10:29:33
2026-06-05,10:18:16,MLACU,Mountain Lake Acquisition Corp. Units,Nasdaq,LULD Pause,2026-06-05,10:23:16
2026-06-05,10:17:14,SPHL,Springview Holdings Ltd Class A Ordinary Shares,Nasdaq,LULD Pause,2026-06-05,10:27:14
2026-06-05,10:15:23,PONOU,"""Pono Capital Four, Inc. Units""",Nasdaq,LULD Pause,2026-06-05,10:25:23
2026-06-05,10:14:09,EGG,Enigmatig Limited,NYSE American,LULD Pause,2026-06-05,10:31:40
2026-06-05,10:11:40,SPHL,Springview Holdings Ltd Class A Ordinary Shares,Nasdaq,LULD Pause,2026-06-05,10:16:40
2026-06-05,10:10:16,TROO,"""TROOPS, Inc. Ordinary Shares""",Nasdaq,LULD Pause,2026-06-05,10:20:17
2026-06-05,10:08:43,TDACU,Translational Development Acquisition Corp. Units,Nasdaq,LULD Pause,2026-06-05,10:13:43
2026-06-05,10:08:22,INLF,INLIF LIMITED Class A Ordinary Shares,Nasdaq,LULD Pause,2026-06-05,10:13:22
2026-06-05,10:04:27,AVAZ,2x Avalanche ETF,Cboe BZX,LULD Pause,2026-06-05,10:09:27
2026-06-05,09:59:34,EGG,Enigmatig Limited,NYSE American,LULD Pause,2026-06-05,10:09:34
2026-06-05,09:59:27,TROO,"""TROOPS, Inc. Ordinary Shares""",Nasdaq,LULD Pause,2026-06-05,10:04:27
2026-06-05,09:57:49,EDHL,Everbright Digital Holding Limited Ordinary Shares,Nasdaq,LULD Pause,2026-06-05,10:02:49
2026-06-05,09:51:48,NYXH,Nyxoah SA Ordinary Shares,Nasdaq,News Pending,2026-06-05,11:45:00
2026-06-05,09:48:37,TROO,"""TROOPS, Inc. Ordinary Shares""",Nasdaq,LULD Pause,2026-06-05,09:58:39
2026-06-05,09:44:52,CDTG,CDT Environmental Technology Investment Holdings Limited ordinary shares,Nasdaq,LULD Pause,2026-06-05,09:49:52
2026-06-05,09:42:59,BESS,Bimergen Energy Corporation,NYSE American,LULD Pause,2026-06-05,09:52:59
2026-06-05,09:41:25,DAIC,"""CID HoldCo, Inc. Common Stock""",Nasdaq,LULD Pause,2026-06-05,09:46:25
2026-06-05,09:40:27,FOFO,"""Hang Feng Technology Innovation Co., Ltd. Ordinary Shares""",Nasdaq,LULD Pause,2026-06-05,09:50:27
2026-06-05,09:39:06,EGG,Enigmatig Limited,NYSE American,LULD Pause,2026-06-05,09:44:06
2026-06-05,09:38:56,CDTG,CDT Environmental Technology Investment Holdings Limited ordinary shares,Nasdaq,LULD Pause,2026-06-05,09:43:56
2026-06-05,09:38:34,SPHL,Springview Holdings Ltd Class A Ordinary Shares,Nasdaq,LULD Pause,2026-06-05,10:08:44
2026-06-05,09:37:28,BESS,Bimergen Energy Corporation,NYSE American,LULD Pause,2026-06-05,09:42:28
2026-06-05,09:33:14,TROO,"""TROOPS, Inc. Ordinary Shares""",Nasdaq,LULD Pause,2026-06-05,09:48:22
2026-06-05,09:31:11,FOFO,"""Hang Feng Technology Innovation Co., Ltd. Ordinary Shares""",Nasdaq,LULD Pause,2026-06-05,09:36:11
2026-06-05,09:30:16,CRDX,2x Cardano ETF,Cboe BZX,LULD Pause,2026-06-05,09:35:16
2026-06-05,09:30:15,QETH,Invesco Galaxy Ethereum ETF,Cboe BZX,LULD Pause,2026-06-05,09:35:15
2026-06-05,09:30:15,TETH,21Shares Ethereum ETF,Cboe BZX,LULD Pause,2026-06-05,09:35:15
2026-06-04,19:50:00,SMSI,Smith Micro Software Inc,Nasdaq,News Pending,2026-06-05,09:00:00
2026-06-04,19:50:00,SMSI,Smith Micro Software Inc,Nasdaq,News Pending,,
2026-06-04,19:50:00,CETX,CEMTREX INC.,Nasdaq,News Pending,2026-06-05,09:00:00
2026-06-04,19:50:00,CETX,CEMTREX INC.,Nasdaq,News Pending,,
2026-06-04,17:15:41,JDZG,JIADE LIMITED Class A Ordinary Shares,Nasdaq,News Pending,,
2026-06-04,15:56:11,MLAC,Mountain Lake Acquisition Corp. Class A Ordinary Shares,Nasdaq,LULD Pause,2026-06-04,16:00:00
2026-06-04,15:55:52,FGMCU,FG Merger II Corp. Unit,Nasdaq,LULD Pause,,
2026-06-04,15:54:54,JDZG,JIADE LIMITED Class A Ordinary Shares,Nasdaq,LULD Pause,2026-06-04,16:00:00
2026-06-04,15:50:39,SSMR,Sunshine Silver Mining & Refining Company,NYSE,LULD Pause,2026-06-04,16:00:02
2026-06-04,15:42:09,CDTG,CDT Environmental Technology Investment Holdings Limited ordinary shares,Nasdaq,LULD Pause,2026-06-04,15:47:09
2026-06-04,15:32:25,DXF,"""Eason Technology Limited American Depositary Shares (each representing sixty-thousand (60,000) Ordinary Shares)""",NYSE American,LULD Pause,2026-06-04,15:37:25
2026-06-04,14:42:22,WXM,WF International Limited Ordinary Shares,Nasdaq,LULD Pause,2026-06-04,14:47:22
2026-06-04,14:29:01,SDOT,Sadot Group Inc. Common Stock,Nasdaq,LULD Pause,2026-06-04,14:39:01
2026-06-04,14:20:21,CDTG,CDT Environmental Technology Investment Holdings Limited ordinary shares,Nasdaq,LULD Pause,2026-06-04,14:30:21
2026-06-04,14:19:41,WXM,WF International Limited Ordinary Shares,Nasdaq,LULD Pause,2026-06-04,14:29:41
2026-06-04,14:18:37,SDOT,Sadot Group Inc. Common Stock,Nasdaq,LULD Pause,2026-06-04,14:28:37
2026-06-04,14:16:10,INTJ,Intelligent Group Limited Class A Ordinary Shares,Nasdaq,LULD Pause,2026-06-04,14:21:10
2026-06-04,14:09:16,CDTG,CDT Environmental Technology Investment Holdings Limited ordinary shares,Nasdaq,LULD Pause,2026-06-04,14:19:16
2026-06-04,14:05:23,LILAV,Liberty Latin America Ltd Class A Common Stock Ex-Distribution When Issued,Nasdaq,LULD Pause,2026-06-04,14:10:23
2026-06-04,14:01:38,SDOT,Sadot Group Inc. Common Stock,Nasdaq,LULD Pause,2026-06-04,14:06:38
2026-06-04,14:00:30,AUC,ATIF Holdings Limited Ordinary Shares,Nasdaq,LULD Pause,2026-06-04,14:05:30
2026-06-04,13:55:55,CDTG,CDT Environmental Technology Investment Holdings Limited ordinary shares,Nasdaq,LULD Pause,2026-06-04,14:05:55
2026-06-04,13:47:59,SDOT,Sadot Group Inc. Common Stock,Nasdaq,LULD Pause,2026-06-04,13:58:00
2026-06-04,13:45:37,CDTG,CDT Environmental Technology Investment Holdings Limited ordinary shares,Nasdaq,LULD Pause,2026-06-04,13:55:37
2026-06-04,13:44:15,RYOJ,"""rYojbaba Co., Ltd. Common Shares""",Nasdaq,LULD Pause,2026-06-04,13:54:15
2026-06-04,13:43:38,INTJ,Intelligent Group Limited Class A Ordinary Shares,Nasdaq,LULD Pause,2026-06-04,13:48:38
2026-06-04,13:42:44,SDOT,Sadot Group Inc. Common Stock,Nasdaq,LULD Pause,2026-06-04,13:47:44
2026-06-04,13:42:06,LSE,"""Leishen Energy Holding Co., Ltd. Class A Ordinary Shares""",Nasdaq,LULD Pause,2026-06-04,13:47:06
2026-06-04,13:42:02,PCLA,PicoCELA Inc. American Depositary Shares,Nasdaq,LULD Pause,2026-06-04,13:47:02
2026-06-04,13:39:00,ACCL,Acco Group Holdings Limited Class A Ordinary Shares,Nasdaq,LULD Pause,2026-06-04,13:49:00
2026-06-04,13:38:38,RYOJ,"""rYojbaba Co., Ltd. Common Shares""",Nasdaq,LULD Pause,2026-06-04,13:43:38
2026-06-04,13:33:17,LSE,"""Leishen Energy Holding Co., Ltd. Class A Ordinary Shares""",Nasdaq,LULD Pause,2026-06-04,13:38:17
2026-06-04,13:32:14,SDOT,Sadot Group Inc. Common Stock,Nasdaq,LULD Pause,2026-06-04,13:42:14
2026-06-04,13:29:41,CDTG,CDT Environmental Technology Investment Holdings Limited ordinary shares,Nasdaq,LULD Pause,2026-06-04,13:44:51
2026-06-04,13:28:48,PCLA,PicoCELA Inc. American Depositary Shares,Nasdaq,LULD Pause,2026-06-04,13:38:48
2026-06-04,13:26:41,SDOT,Sadot Group Inc. Common Stock,Nasdaq,LULD Pause,2026-06-04,13:31:41
2026-06-04,13:24:19,LILAV,Liberty Latin America Ltd Class A Common Stock Ex-Distribution When Issued,Nasdaq,LULD Pause,2026-06-04,13:29:19
2026-06-04,13:20:18,CDTG,CDT Environmental Technology Investment Holdings Limited ordinary shares,Nasdaq,LULD Pause,2026-06-04,13:25:18
2026-06-04,13:14:50,CDTG,CDT Environmental Technology Investment Holdings Limited ordinary shares,Nasdaq,LULD Pause,2026-06-04,13:19:50
2026-06-04,13:09:11,CDTG,CDT Environmental Technology Investment Holdings Limited ordinary shares,Nasdaq,LULD Pause,2026-06-04,13:14:11
2026-06-04,13:03:55,CDTG,CDT Environmental Technology Investment Holdings Limited ordinary shares,Nasdaq,LULD Pause,2026-06-04,13:08:55
2026-06-04,12:58:25,CDTG,CDT Environmental Technology Investment Holdings Limited ordinary shares,Nasdaq,LULD Pause,2026-06-04,13:03:25
2026-06-04,12:52:41,CDTG,CDT Environmental Technology Investment Holdings Limited ordinary shares,Nasdaq,LULD Pause,2026-06-04,12:57:41
2026-06-04,12:51:53,TWAV,"""TaoWeave, Inc. Common Stock""",Nasdaq,LULD Pause,2026-06-04,12:56:53
2026-06-04,12:47:26,CDTG,CDT Environmental Technology Investment Holdings Limited ordinary shares,Nasdaq,LULD Pause,2026-06-04,12:52:26
2026-06-04,12:47:12,INDP,"""Indaptus Therapeutics, Inc. Common Stock""",Nasdaq,LULD Pause,2026-06-04,12:57:12
2026-06-04,12:37:28,EGG,Enigmatig Limited,NYSE American,LULD Pause,2026-06-04,12:42:28
2026-06-04,12:35:58,CDTG,CDT Environmental Technology Investment Holdings Limited ordinary shares,Nasdaq,LULD Pause,2026-06-04,12:45:59
2026-06-04,12:33:56,WXM,WF International Limited Ordinary Shares,Nasdaq,LULD Pause,2026-06-04,12:38:56
2026-06-04,12:32:13,EGG,Enigmatig Limited,NYSE American,LULD Pause,2026-06-04,12:37:13
2026-06-04,12:29:33,CDTG,CDT Environmental Technology Investment Holdings Limited ordinary shares,Nasdaq,LULD Pause,2026-06-04,12:34:33
2026-06-04,12:28:41,WXM,WF International Limited Ordinary Shares,Nasdaq,LULD Pause,2026-06-04,12:33:41
2026-06-04,12:24:07,CDTG,CDT Environmental Technology Investment Holdings Limited ordinary shares,Nasdaq,LULD Pause,2026-06-04,12:29:07
2026-06-04,12:18:05,WXM,WF International Limited Ordinary Shares,Nasdaq,LULD Pause,2026-06-04,12:23:05
2026-06-04,12:14:56,VERU,Veru Inc.,Nasdaq,LULD Pause,2026-06-04,12:24:56
2026-06-04,12:14:23,JXG,JX Luxventure Limited Common Stock,Nasdaq,LULD Pause,2026-06-04,12:19:23
2026-06-04,12:13:45,CDTG,CDT Environmental Technology Investment Holdings Limited ordinary shares,Nasdaq,LULD Pause,2026-06-04,12:23:45
2026-06-04,12:12:43,WXM,WF International Limited Ordinary Shares,Nasdaq,LULD Pause,2026-06-04,12:17:43
2026-06-04,12:11:47,EGG,Enigmatig Limited,NYSE American,LULD Pause,2026-06-04,12:31:57
2026-06-04,12:06:13,CDTG,CDT Environmental Technology Investment Holdings Limited ordinary shares,Nasdaq,LULD Pause,2026-06-04,12:11:13
2026-06-04,12:05:28,WXM,WF International Limited Ordinary Shares,Nasdaq,LULD Pause,2026-06-04,12:10:28
2026-06-04,12:04:09,LSE,"""Leishen Energy Holding Co., Ltd. Class A Ordinary Shares""",Nasdaq,LULD Pause,2026-06-04,12:14:09
2026-06-04,12:02:06,RPGL,Republic Power Group Limited Class A Ordinary Shares,Nasdaq,LULD Pause,2026-06-04,12:07:06
2026-06-04,12:01:55,JXG,JX Luxventure Limited Common Stock,Nasdaq,LULD Pause,2026-06-04,12:11:55
2026-06-04,11:58:45,WXM,WF International Limited Ordinary Shares,Nasdaq,LULD Pause,2026-06-04,12:03:45
2026-06-04,11:55:12,CDTG,CDT Environmental Technology Investment Holdings Limited ordinary shares,Nasdaq,LULD Pause,2026-06-04,12:05:12
2026-06-04,11:53:45,LSE,"""Leishen Energy Holding Co., Ltd. Class A Ordinary Shares""",Nasdaq,LULD Pause,2026-06-04,12:03:45
2026-06-04,11:49:47,SUGP,SU Group Holdings Limited Class A Ordinary Shares,Nasdaq,LULD Pause,2026-06-04,11:54:47
2026-06-04,11:48:23,LSE,"""Leishen Energy Holding Co., Ltd. Class A Ordinary Shares""",Nasdaq,LULD Pause,2026-06-04,11:53:23
2026-06-04,11:48:05,WXM,WF International Limited Ordinary Shares,Nasdaq,LULD Pause,2026-06-04,11:53:05
2026-06-04,11:44:53,CDTG,CDT Environmental Technology Investment Holdings Limited ordinary shares,Nasdaq,LULD Pause,2026-06-04,11:54:53
2026-06-04,11:42:03,WXM,WF International Limited Ordinary Shares,Nasdaq,LULD Pause,2026-06-04,11:47:03
2026-06-04,11:39:33,CDTG,CDT Environmental Technology Investment Holdings Limited ordinary shares,Nasdaq,LULD Pause,2026-06-04,11:44:33
2026-06-04,11:37:57,LSE,"""Leishen Energy Holding Co., Ltd. Class A Ordinary Shares""",Nasdaq,LULD Pause,2026-06-04,11:47:57
2026-06-04,11:37:51,RPGL,Republic Power Group Limited Class A Ordinary Shares,Nasdaq,LULD Pause,2026-06-04,11:42:51
2026-06-04,11:35:20,WXM,WF International Limited Ordinary Shares,Nasdaq,LULD Pause,2026-06-04,11:40:20
2026-06-04,11:32:49,CDTG,CDT Environmental Technology Investment Holdings Limited ordinary shares,Nasdaq,LULD Pause,2026-06-04,11:37:49
2026-06-04,11:31:57,BAOS,Baosheng Media Group Holdings Limited Ordinary shares,Nasdaq,LULD Pause,2026-06-04,11:41:57
2026-06-04,11:27:01,WXM,WF International Limited Ordinary Shares,Nasdaq,LULD Pause,2026-06-04,11:32:01
2026-06-04,11:24:00,RPGL,Republic Power Group Limited Class A Ordinary Shares,Nasdaq,LULD Pause,2026-06-04,11:29:00
2026-06-04,11:21:44,CDTG,CDT Environmental Technology Investment Holdings Limited ordinary shares,Nasdaq,LULD Pause,2026-06-04,11:31:44
2026-06-04,11:21:38,STI,"""Solidion Technology, Inc. Common Stock""",Nasdaq,LULD Pause,2026-06-04,11:26:38
2026-06-04,11:18:59,EGG,Enigmatig Limited,NYSE American,LULD Pause,2026-06-04,12:10:36
2026-06-04,11:16:26,WXM,WF International Limited Ordinary Shares,Nasdaq,LULD Pause,2026-06-04,11:26:26
2026-06-04,11:16:22,CDTG,CDT Environmental Technology Investment Holdings Limited ordinary shares,Nasdaq,LULD Pause,2026-06-04,11:21:22
2026-06-04,11:10:50,WXM,WF International Limited Ordinary Shares,Nasdaq,LULD Pause,2026-06-04,11:15:50
2026-06-04,11:09:11,CDTG,CDT Environmental Technology Investment Holdings Limited ordinary shares,Nasdaq,LULD Pause,2026-06-04,11:14:11
2026-06-04,11:09:06,STI,"""Solidion Technology, Inc. Common Stock""",Nasdaq,LULD Pause,2026-06-04,11:14:06
2026-06-04,11:08:36,RPGL,Republic Power Group Limited Class A Ordinary Shares,Nasdaq,LULD Pause,2026-06-04,11:18:36
2026-06-04,11:04:45,WXM,WF International Limited Ordinary Shares,Nasdaq,LULD Pause,2026-06-04,11:09:45
2026-06-04,10:56:33,CDTG,CDT Environmental Technology Investment Holdings Limited ordinary shares,Nasdaq,LULD Pause,2026-06-04,11:06:33
2026-06-04,10:54:14,WXM,WF International Limited Ordinary Shares,Nasdaq,LULD Pause,2026-06-04,11:04:14
2026-06-04,10:48:53,WXM,WF International Limited Ordinary Shares,Nasdaq,LULD Pause,2026-06-04,10:53:53
2026-06-04,10:33:34,STI,"""Solidion Technology, Inc. Common Stock""",Nasdaq,LULD Pause,2026-06-04,10:38:34
2026-06-04,10:33:01,WXM,WF International Limited Ordinary Shares,Nasdaq,LULD Pause,2026-06-04,10:48:32
2026-06-04,10:26:56,RPGL,Republic Power Group Limited Class A Ordinary Shares,Nasdaq,LULD Pause,2026-06-04,10:36:56
2026-06-04,10:22:42,SAIH,SAIHEAT Limited Class A Ordinary Shares,Nasdaq,LULD Pause,2026-06-04,10:32:42
2026-06-04,10:22:19,WXM,WF International Limited Ordinary Shares,Nasdaq,LULD Pause,2026-06-04,10:32:19
2026-06-04,10:21:41,RPGL,Republic Power Group Limited Class A Ordinary Shares,Nasdaq,LULD Pause,2026-06-04,10:26:41
2026-06-04,10:20:39,EGG,Enigmatig Limited,NYSE American,LULD Pause,2026-06-04,10:25:39
2026-06-04,10:19:49,STI,"""Solidion Technology, Inc. Common Stock""",Nasdaq,LULD Pause,2026-06-04,10:24:49
2026-06-04,10:16:20,RPGL,Republic Power Group Limited Class A Ordinary Shares,Nasdaq,LULD Pause,2026-06-04,10:21:20
2026-06-04,10:14:43,EGG,Enigmatig Limited,NYSE American,LULD Pause,2026-06-04,10:19:43
2026-06-04,10:11:01,RPGL,Republic Power Group Limited Class A Ordinary Shares,Nasdaq,LULD Pause,2026-06-04,10:16:01
2026-06-04,10:10:29,STI,"""Solidion Technology, Inc. Common Stock""",Nasdaq,LULD Pause,2026-06-04,10:15:29
2026-06-04,10:08:53,EGG,Enigmatig Limited,NYSE American,LULD Pause,2026-06-04,10:13:53
2026-06-04,10:06:39,JG,Aurora Mobile Limited American Depositary Shares,Nasdaq,LULD Pause,2026-06-04,10:16:39
2026-06-04,10:05:36,RPGL,Republic Power Group Limited Class A Ordinary Shares,Nasdaq,LULD Pause,2026-06-04,10:10:36
2026-06-04,10:00:42,EGG,Enigmatig Limited,NYSE American,LULD Pause,2026-06-04,10:05:42
2026-06-04,10:00:12,STI,"""Solidion Technology, Inc. Common Stock""",Nasdaq,LULD Pause,2026-06-04,10:05:12
2026-06-04,09:59:39,RDAC,Rising Dragon Acquisition Corp. Ordinary Shares,Nasdaq,LULD Pause,2026-06-04,10:09:39
2026-06-04,09:49:16,NAAS,NaaS Technology Inc. American Depositary Shares,Nasdaq,LULD Pause,2026-06-04,09:59:16
2026-06-04,09:47:50,STI,"""Solidion Technology, Inc. Common Stock""",Nasdaq,LULD Pause,2026-06-04,09:52:50
2026-06-04,09:36:15,STI,"""Solidion Technology, Inc. Common Stock""",Nasdaq,LULD Pause,2026-06-04,09:46:15
2026-06-04,09:34:30,LSE,"""Leishen Energy Holding Co., Ltd. Class A Ordinary Shares""",Nasdaq,LULD Pause,2026-06-04,09:44:30
2026-06-04,09:34:03,DXST,Decent Holding Inc Class A Ordinary Shares,Nasdaq,LULD Pause,2026-06-04,09:39:03
2026-06-04,09:34:00,RW,Rainwater Equity ETF,NYSE Arca,LULD Pause,2026-06-04,09:39:00
2026-06-04,09:31:10,NTCL,NETCLASS TECHNOLOGY INC Class A Ordinary Shares,Nasdaq,LULD Pause,2026-06-04,09:36:10
2026-06-04,09:30:58,STI,"""Solidion Technology, Inc. Common Stock""",Nasdaq,LULD Pause,2026-06-04,09:35:58
2026-06-04,09:30:28,GURE,"""Gulf Resources, Inc. (NV) Common Stock""",Nasdaq,LULD Pause,2026-06-04,09:40:28
2026-06-03,19:50:00,ICCM,IceCure Medical Ltd. Ordinary Shares,Nasdaq,News Pending,2026-06-04,09:00:00
2026-06-03,19:50:00,ICCM,IceCure Medical Ltd. Ordinary Shares,Nasdaq,News Pending,,
2026-06-03,19:50:00,WXM,WF International Limited Ordinary Shares,Nasdaq,News Pending,2026-06-04,09:00:00
2026-06-03,19:50:00,WXM,WF International Limited Ordinary Shares,Nasdaq,News Pending,,
2026-06-03,15:54:55,JDZG,JIADE LIMITED Class A Ordinary Shares,Nasdaq,LULD Pause,2026-06-03,16:00:00
2026-06-03,15:48:40,LSE,"""Leishen Energy Holding Co., Ltd. Class A Ordinary Shares""",Nasdaq,LULD Pause,2026-06-03,16:00:00
2026-06-03,15:18:28,RPGL,Republic Power Group Limited Class A Ordinary Shares,Nasdaq,LULD Pause,2026-06-03,16:00:00
2026-06-03,15:08:08,RPGL,Republic Power Group Limited Class A Ordinary Shares,Nasdaq,LULD Pause,2026-06-03,15:18:08
2026-06-03,15:05:17,GAVA,Grayscale Avalanche Staking ETF Common Units of Fractional Undivided Beneficial Interest,Nasdaq,LULD Pause,2026-06-03,15:10:17
2026-06-03,14:56:37,RPGL,Republic Power Group Limited Class A Ordinary Shares,Nasdaq,LULD Pause,2026-06-03,15:06:37
2026-06-03,14:48:01,YDES,YD Bio Limited Ordinary Shares,Nasdaq,LULD Pause,2026-06-03,14:58:01
2026-06-03,14:04:12,EEIQ,EpicQuest Education Group International Limited Common Stock,Nasdaq,LULD Pause,2026-06-03,14:14:12
2026-06-03,13:58:19,EEIQ,EpicQuest Education Group International Limited Common Stock,Nasdaq,LULD Pause,2026-06-03,14:03:19
2026-06-03,13:52:08,EEIQ,EpicQuest Education Group International Limited Common Stock,Nasdaq,LULD Pause,2026-06-03,13:57:08
2026-06-03,13:46:29,EEIQ,EpicQuest Education Group International Limited Common Stock,Nasdaq,LULD Pause,2026-06-03,13:51:29
2026-06-03,13:26:47,WLYB,"""John Wiley & Sons, Inc. Class B""",NYSE,LULD Pause,2026-06-03,13:32:00
2026-06-03,12:54:18,FOFO,"""Hang Feng Technology Innovation Co., Ltd. Ordinary Shares""",Nasdaq,LULD Pause,2026-06-03,12:59:18
2026-06-03,12:51:09,TJGC,TJGC Group Limited Ordinary Shares,Nasdaq,LULD Pause,2026-06-03,13:10:34
2026-06-03,12:42:22,PALOU,Paloma Acquisition Corp I Units,Nasdaq,LULD Pause,2026-06-03,12:47:22
2026-06-03,12:32:38,TJGC,TJGC Group Limited Ordinary Shares,Nasdaq,LULD Pause,2026-06-03,12:50:48
2026-06-03,12:26:18,SDOT,Sadot Group Inc. Common Stock,Nasdaq,LULD Pause,2026-06-03,12:31:18
2026-06-03,12:00:27,TJGC,TJGC Group Limited Ordinary Shares,Nasdaq,LULD Pause,2026-06-03,12:32:19
2026-06-03,11:25:01,JLHL,Julong Holding Limited Class A Ordinary Shares,Nasdaq,LULD Pause,2026-06-03,11:35:01
2026-06-03,11:14:03,JLHL,Julong Holding Limited Class A Ordinary Shares,Nasdaq,LULD Pause,2026-06-03,11:24:03
2026-06-03,11:08:33,JLHL,Julong Holding Limited Class A Ordinary Shares,Nasdaq,LULD Pause,2026-06-03,11:13:33
2026-06-03,10:58:17,SDOT,Sadot Group Inc. Common Stock,Nasdaq,LULD Pause,2026-06-03,11:03:17
2026-06-03,10:57:28,JLHL,Julong Holding Limited Class A Ordinary Shares,Nasdaq,LULD Pause,2026-06-03,11:02:28
2026-06-03,10:51:29,SDOT,Sadot Group Inc. Common Stock,Nasdaq,LULD Pause,2026-06-03,10:56:29
2026-06-03,10:48:37,JLHL,Julong Holding Limited Class A Ordinary Shares,Nasdaq,LULD Pause,2026-06-03,10:53:37
2026-06-03,10:36:56,WCT,Wellchange Holdings Company Limited Class A Ordinary shares,Nasdaq,LULD Pause,2026-06-03,10:41:56
2026-06-03,10:30:42,WCT,Wellchange Holdings Company Limited Class A Ordinary shares,Nasdaq,LULD Pause,2026-06-03,10:35:42
2026-06-03,10:16:37,SDOT,Sadot Group Inc. Common Stock,Nasdaq,LULD Pause,2026-06-03,10:21:37
2026-06-03,10:12:16,MGRT,Mega Fortune Company Limited Ordinary Shares,Nasdaq,LULD Pause,2026-06-03,10:17:16
2026-06-03,10:11:09,SDOT,Sadot Group Inc. Common Stock,Nasdaq,LULD Pause,2026-06-03,10:16:09
2026-06-03,10:09:26,CDTG,CDT Environmental Technology Investment Holdings Limited ordinary shares,Nasdaq,LULD Pause,2026-06-03,10:19:26
2026-06-03,09:59:18,FOFO,"""Hang Feng Technology Innovation Co., Ltd. Ordinary Shares""",Nasdaq,LULD Pause,2026-06-03,10:04:18
2026-06-03,09:56:40,WCT,Wellchange Holdings Company Limited Class A Ordinary shares,Nasdaq,LULD Pause,2026-06-03,10:01:40
2026-06-03,09:56:33,VSECU,VSE Corporation Tangible Equity Units,Nasdaq,LULD Pause,2026-06-03,10:01:33
2026-06-03,09:55:33,MGRT,Mega Fortune Company Limited Ordinary Shares,Nasdaq,LULD Pause,2026-06-03,10:05:33
2026-06-03,09:54:39,WYHG,Wing Yip Food Holdings Group Limited American Depositary Shares,Nasdaq,LULD Pause,2026-06-03,10:04:39
2026-06-03,09:53:18,HTCO,High-Trend International Group Class A Ordinary Shares,Nasdaq,LULD Pause,2026-06-03,09:58:18
2026-06-03,09:52:57,SDOT,Sadot Group Inc. Common Stock,Nasdaq,LULD Pause,2026-06-03,10:02:57
2026-06-03,09:52:04,MSAI,"""MultiSensor AI Holdings, Inc. Common Stock""",Nasdaq,LULD Pause,2026-06-03,09:57:04
2026-06-03,09:51:28,FOFO,"""Hang Feng Technology Innovation Co., Ltd. Ordinary Shares""",Nasdaq,LULD Pause,2026-06-03,09:56:28
2026-06-03,09:50:18,MGRT,Mega Fortune Company Limited Ordinary Shares,Nasdaq,LULD Pause,2026-06-03,09:55:18
2026-06-03,09:47:37,SDOT,Sadot Group Inc. Common Stock,Nasdaq,LULD Pause,2026-06-03,09:52:37
2026-06-03,09:47:21,NTSE,WisdomTree Emerging Markets Efficient Core Fund,NYSE Arca,LULD Pause,2026-06-03,09:52:21
2026-06-03,09:47:07,ASTC,Astrotech Corporation (DE) Common Stock,Nasdaq,LULD Pause,2026-06-03,09:52:07
2026-06-03,09:45:56,FOFO,"""Hang Feng Technology Innovation Co., Ltd. Ordinary Shares""",Nasdaq,LULD Pause,2026-06-03,09:50:56
2026-06-03,09:43:29,NODE,VanEck Onchain Economy ETF,Cboe BZX,LULD Pause,2026-06-03,09:48:29
2026-06-03,09:42:10,HBNB,Hotel101 Global Holdings Corp. Class A Ordinary Shares,Nasdaq,LULD Pause,2026-06-03,09:52:10
2026-06-03,09:42:10,SDOT,Sadot Group Inc. Common Stock,Nasdaq,LULD Pause,2026-06-03,09:47:10
2026-06-03,09:41:51,DAIC,"""CID HoldCo, Inc. Common Stock""",Nasdaq,LULD Pause,2026-06-03,09:46:51
2026-06-03,09:40:47,TKNQ,Amplify Tokenization Technology Leaders ETF,NYSE Arca,LULD Pause,2026-06-03,09:45:47
2026-06-03,09:40:41,MSAI,"""MultiSensor AI Holdings, Inc. Common Stock""",Nasdaq,LULD Pause,2026-06-03,09:45:41
2026-06-03,09:40:03,KUST,"""Kustom Entertainment, Inc. Common Stock""",Nasdaq,LULD Pause,2026-06-03,09:45:03
2026-06-03,09:39:27,AGQI,First Trust Active Global Quality Income ETF,NYSE Arca,LULD Pause,2026-06-03,09:44:27
2026-06-03,09:38:46,DXST,Decent Holding Inc Class A Ordinary Shares,Nasdaq,LULD Pause,2026-06-03,09:43:46
2026-06-03,09:38:29,PW,Power REIT,NYSE American,LULD Pause,2026-06-03,09:43:29
2026-06-03,09:37:17,CABZ,"""Roundhill Robotaxi, Autonomous Vehicles & Technology ETF""",Cboe BZX,LULD Pause,2026-06-03,09:42:17
2026-06-03,09:36:33,SDOT,Sadot Group Inc. Common Stock,Nasdaq,LULD Pause,2026-06-03,09:41:33
2026-06-03,09:34:31,HTCO,High-Trend International Group Class A Ordinary Shares,Nasdaq,LULD Pause,2026-06-03,09:50:14
2026-06-03,09:32:55,PW,Power REIT,NYSE American,LULD Pause,2026-06-03,09:37:55
2026-06-03,09:30:17,IND,Xtrackers Nifty 500 India ETF,Nasdaq,LULD Pause,2026-06-03,09:35:17
2026-06-03,08:26:55,DAICW,"""CID HoldCo, Inc. Warrants""",Nasdaq,News Pending,2026-06-03,08:55:00
2026-06-03,08:26:55,DAIC,"""CID HoldCo, Inc. Common Stock""",Nasdaq,News Pending,2026-06-03,08:50:00
2026-06-03,07:03:41,NVAWW,Nova Minerals Limited Warrant,Nasdaq,News Pending,,
2026-06-03,07:03:41,NVA,Nova Minerals Limited American Depositary Shares,Nasdaq,News Pending,,
2026-06-02,19:50:47,PW,Power REIT,NYSE American,Corporate Action,,
2026-06-02,19:50:47,PW,Power REIT,NYSE American,Corporate Action,2026-06-03,09:00:00
2026-06-02,19:50:00,FONR,Fonar Corporation,Nasdaq,News Pending,,
2026-06-02,19:50:00,SILO,"""Silo Pharma, Inc. Common Stock""",Nasdaq,News Pending,,
2026-06-02,19:50:00,SILO,"""Silo Pharma, Inc. Common Stock""",Nasdaq,News Pending,2026-06-03,09:00:00
2026-06-02,15:47:21,VIDA,VIDA Global Inc.,NYSE American,LULD Pause,2026-06-02,16:00:00
2026-06-02,15:08:13,JZ,Jianzhi Education Technology Group Company Limited American Depositary Shares,Nasdaq,LULD Pause,2026-06-02,15:13:13
2026-06-02,15:01:32,LILAV,Liberty Latin America Ltd Class A Common Stock Ex-Distribution When Issued,Nasdaq,LULD Pause,2026-06-02,15:11:32
2026-06-02,15:00:52,ASTC,Astrotech Corporation (DE) Common Stock,Nasdaq,LULD Pause,2026-06-02,15:05:52
2026-06-02,14:55:32,MLAC,Mountain Lake Acquisition Corp. Class A Ordinary Shares,Nasdaq,LULD Pause,2026-06-02,15:00:32
2026-06-02,14:55:15,ASTC,Astrotech Corporation (DE) Common Stock,Nasdaq,LULD Pause,2026-06-02,15:00:15
2026-06-02,14:52:33,JZ,Jianzhi Education Technology Group Company Limited American Depositary Shares,Nasdaq,LULD Pause,2026-06-02,14:57:33
2026-06-02,14:46:59,JZ,Jianzhi Education Technology Group Company Limited American Depositary Shares,Nasdaq,LULD Pause,2026-06-02,14:51:59
2026-06-02,14:34:45,LILAV,Liberty Latin America Ltd Class A Common Stock Ex-Distribution When Issued,Nasdaq,LULD Pause,2026-06-02,14:44:45
2026-06-02,14:22:06,JZ,Jianzhi Education Technology Group Company Limited American Depositary Shares,Nasdaq,LULD Pause,2026-06-02,14:27:06
2026-06-02,14:11:28,JZ,Jianzhi Education Technology Group Company Limited American Depositary Shares,Nasdaq,LULD Pause,2026-06-02,14:16:28
2026-06-02,14:05:40,JZ,Jianzhi Education Technology Group Company Limited American Depositary Shares,Nasdaq,LULD Pause,2026-06-02,14:10:40
2026-06-02,13:58:24,DXR,Daxor Corporation Common Stock,Nasdaq,LULD Pause,2026-06-02,14:03:24
2026-06-02,13:57:43,JZ,Jianzhi Education Technology Group Company Limited American Depositary Shares,Nasdaq,LULD Pause,2026-06-02,14:02:43
2026-06-02,13:49:45,JZ,Jianzhi Education Technology Group Company Limited American Depositary Shares,Nasdaq,LULD Pause,2026-06-02,13:54:45
2026-06-02,13:44:06,JZ,Jianzhi Education Technology Group Company Limited American Depositary Shares,Nasdaq,LULD Pause,2026-06-02,13:49:06
2026-06-02,13:38:33,JZ,Jianzhi Education Technology Group Company Limited American Depositary Shares,Nasdaq,LULD Pause,2026-06-02,13:43:33
2026-06-02,13:08:12,VSA,VisionSys AI Inc American Depositary Shares,Nasdaq,LULD Pause,2026-06-02,13:18:13
2026-06-02,13:06:59,JZ,Jianzhi Education Technology Group Company Limited American Depositary Shares,Nasdaq,LULD Pause,2026-06-02,13:11:59
2026-06-02,13:01:36,JZ,Jianzhi Education Technology Group Company Limited American Depositary Shares,Nasdaq,LULD Pause,2026-06-02,13:06:36
2026-06-02,12:59:23,WSO B,"""Watsco, Inc. Class B""",NYSE,LULD Pause,2026-06-02,13:17:47
2026-06-02,12:54:30,JZ,Jianzhi Education Technology Group Company Limited American Depositary Shares,Nasdaq,LULD Pause,2026-06-02,12:59:30
2026-06-02,12:34:34,LILKV,Liberty Latin America Ltd Class C Common Stock Ex-Distribution When Issued,Nasdaq,LULD Pause,2026-06-02,12:39:34
2026-06-02,12:22:52,LILKV,Liberty Latin America Ltd Class C Common Stock Ex-Distribution When Issued,Nasdaq,LULD Pause,2026-06-02,12:32:52
2026-06-02,12:12:01,LILKV,Liberty Latin America Ltd Class C Common Stock Ex-Distribution When Issued,Nasdaq,LULD Pause,2026-06-02,12:22:01
2026-06-02,12:04:21,LILKV,Liberty Latin America Ltd Class C Common Stock Ex-Distribution When Issued,Nasdaq,LULD Pause,2026-06-02,12:09:21
2026-06-02,11:53:57,LILKV,Liberty Latin America Ltd Class C Common Stock Ex-Distribution When Issued,Nasdaq,LULD Pause,2026-06-02,11:58:57
2026-06-02,11:46:14,ASTC,Astrotech Corporation (DE) Common Stock,Nasdaq,LULD Pause,2026-06-02,11:51:14
2026-06-02,11:36:26,LILKV,Liberty Latin America Ltd Class C Common Stock Ex-Distribution When Issued,Nasdaq,LULD Pause,2026-06-02,11:46:26
2026-06-02,11:30:42,LILKV,Liberty Latin America Ltd Class C Common Stock Ex-Distribution When Issued,Nasdaq,LULD Pause,2026-06-02,11:35:42
2026-06-02,11:02:58,JZ,Jianzhi Education Technology Group Company Limited American Depositary Shares,Nasdaq,LULD Pause,2026-06-02,11:07:58
2026-06-02,10:59:24,STLR,Stellar ETF,Cboe BZX,LULD Pause,2026-06-02,11:04:24
2026-06-02,10:45:59,HKIT,Hitek Global Inc. Class A Ordinary Share,Nasdaq,LULD Pause,2026-06-02,10:50:59
2026-06-02,10:41:04,JZ,Jianzhi Education Technology Group Company Limited American Depositary Shares,Nasdaq,LULD Pause,2026-06-02,10:46:04
2026-06-02,10:34:38,JZ,Jianzhi Education Technology Group Company Limited American Depositary Shares,Nasdaq,LULD Pause,2026-06-02,10:39:38
2026-06-02,10:32:38,VSA,VisionSys AI Inc American Depositary Shares,Nasdaq,LULD Pause,2026-06-02,10:42:38
2026-06-02,10:27:11,JZ,Jianzhi Education Technology Group Company Limited American Depositary Shares,Nasdaq,LULD Pause,2026-06-02,10:32:11
2026-06-02,10:25:48,VSA,VisionSys AI Inc American Depositary Shares,Nasdaq,LULD Pause,2026-06-02,10:30:48
2026-06-02,10:21:02,JZ,Jianzhi Education Technology Group Company Limited American Depositary Shares,Nasdaq,LULD Pause,2026-06-02,10:26:02
2026-06-02,10:13:30,ATPC,Agape ATP Corporation Common Stock,Nasdaq,LULD Pause,2026-06-02,10:18:30
2026-06-02,10:13:15,JZ,Jianzhi Education Technology Group Company Limited American Depositary Shares,Nasdaq,LULD Pause,2026-06-02,10:18:15
2026-06-02,10:11:33,DAIC,"""CID HoldCo, Inc. Common Stock""",Nasdaq,LULD Pause,2026-06-02,10:16:33
2026-06-02,10:05:36,JZ,Jianzhi Education Technology Group Company Limited American Depositary Shares,Nasdaq,LULD Pause,2026-06-02,10:10:36
2026-06-02,09:58:13,JZ,Jianzhi Education Technology Group Company Limited American Depositary Shares,Nasdaq,LULD Pause,2026-06-02,10:03:13
2026-06-02,09:54:43,HCHL,Happy City Holdings Limited Class A Ordinary shares,Nasdaq,LULD Pause,2026-06-02,10:04:43
2026-06-02,09:53:08,DXST,Decent Holding Inc Class A Ordinary Shares,Nasdaq,LULD Pause,2026-06-02,09:58:08
2026-06-02,09:50:18,YHC,LQR House Inc. Common Stock,Nasdaq,LULD Pause,2026-06-02,10:00:18
2026-06-02,09:50:17,DAIC,"""CID HoldCo, Inc. Common Stock""",Nasdaq,LULD Pause,2026-06-02,09:55:17
2026-06-02,09:48:21,JZ,Jianzhi Education Technology Group Company Limited American Depositary Shares,Nasdaq,LULD Pause,2026-06-02,09:53:21
2026-06-02,09:43:40,HCHL,Happy City Holdings Limited Class A Ordinary shares,Nasdaq,LULD Pause,2026-06-02,09:53:58
2026-06-02,09:41:39,ASTC,Astrotech Corporation (DE) Common Stock,Nasdaq,LULD Pause,2026-06-02,09:46:39
2026-06-02,09:41:24,VCIG,VCI Global Limited Ordinary Share,Nasdaq,LULD Pause,2026-06-02,09:46:24
2026-06-02,09:41:15,YHC,LQR House Inc. Common Stock,Nasdaq,LULD Pause,2026-06-02,09:46:15
2026-06-02,09:40:34,RAAQU,Real Asset Acquisition Corp. Unit,Nasdaq,LULD Pause,2026-06-02,09:45:34
2026-06-02,09:39:31,DXST,Decent Holding Inc Class A Ordinary Shares,Nasdaq,LULD Pause,2026-06-02,09:44:31
2026-06-02,09:38:53,VSECU,VSE Corporation Tangible Equity Units,Nasdaq,LULD Pause,2026-06-02,09:43:53
2026-06-02,09:38:45,JZ,Jianzhi Education Technology Group Company Limited American Depositary Shares,Nasdaq,LULD Pause,2026-06-02,09:43:45
2026-06-02,09:38:25,HCHL,Happy City Holdings Limited Class A Ordinary shares,Nasdaq,LULD Pause,2026-06-02,09:43:25
2026-06-02,09:35:51,CODX,"""Co-Diagnostics, Inc. Common Stock""",Nasdaq,LULD Pause,2026-06-02,09:45:51
2026-06-02,09:35:38,MLAC,Mountain Lake Acquisition Corp. Class A Ordinary Shares,Nasdaq,LULD Pause,2026-06-02,09:40:38
2026-06-02,09:34:45,CING,Cingulate Inc. Common Stock,Nasdaq,LULD Pause,2026-06-02,09:39:45
2026-06-02,09:31:44,JZ,Jianzhi Education Technology Group Company Limited American Depositary Shares,Nasdaq,LULD Pause,2026-06-02,09:36:44
2026-06-02,09:30:59,LILKV,Liberty Latin America Ltd Class C Common Stock Ex-Distribution When Issued,Nasdaq,LULD Pause,2026-06-02,11:27:29
2026-06-02,07:55:00,CINGW,Cingulate Inc. Warrants,Nasdaq,News Pending,2026-06-02,08:35:00
2026-06-02,07:55:00,CING,Cingulate Inc. Common Stock,Nasdaq,News Pending,2026-06-02,08:30:00
2026-06-02,03:58:00,ASD,Defiance Autism Impact ETF,Nasdaq,News Pending,2026-06-02,07:10:00
2026-06-01,19:50:00,MTYY,GraniteShares YieldBOOST MSTR ETF,Nasdaq,News Pending,2026-06-02,09:00:00
2026-06-01,19:50:00,MTYY,GraniteShares YieldBOOST MSTR ETF,Nasdaq,News Pending,,
2026-06-01,19:50:00,WYHG,Wing Yip Food Holdings Group Limited American Depositary Shares,Nasdaq,News Pending,2026-06-02,09:00:00
2026-06-01,19:50:00,WYHG,Wing Yip Food Holdings Group Limited American Depositary Shares,Nasdaq,News Pending,,
2026-06-01,19:50:00,PRHIZ,"""Presurance Holdings, Inc. 9.75% Senior Unsecured Notes due 2028""",Nasdaq,News Pending,2026-06-02,09:05:00
2026-06-01,19:50:00,PRHIZ,"""Presurance Holdings, Inc. 9.75% Senior Unsecured Notes due 2028""",Nasdaq,News Pending,,
2026-06-01,19:50:00,COYY,GraniteShares YieldBOOST COIN ETF,Nasdaq,News Pending,2026-06-02,09:00:00
2026-06-01,19:50:00,COYY,GraniteShares YieldBOOST COIN ETF,Nasdaq,News Pending,,
2026-06-01,19:50:00,TSYY,GraniteShares YieldBOOST TSLA ETF,Nasdaq,News Pending,,
2026-06-01,19:50:00,TSYY,GraniteShares YieldBOOST TSLA ETF,Nasdaq,News Pending,2026-06-02,09:00:00
2026-06-01,19:50:00,PRHI,"""Presurance Holdings, Inc. Common Stock""",Nasdaq,News Pending,,
2026-06-01,19:50:00,PRHI,"""Presurance Holdings, Inc. Common Stock""",Nasdaq,News Pending,2026-06-02,09:00:00
2026-06-01,19:25:00,QNTM,Quantum Biopharma Ltd. Class B Subordinate Voting Shares,Nasdaq,News Pending,2026-06-02,07:10:00
2026-06-01,19:25:00,QNTM,Quantum Biopharma Ltd. Class B Subordinate Voting Shares,Nasdaq,News Pending,,
2026-06-01,16:10:00,PRAX,"""Praxis Precision Medicines, Inc. Common Stock""",Nasdaq,News Pending,2026-06-01,16:45:00
2026-06-01,16:01:00,ABVX,Abivax SA American Depositary Shares,Nasdaq,News Pending,2026-06-01,16:30:01
2026-06-01,15:59:10,QH,Quhuo Limited American Depository Shares,Nasdaq,LULD Pause,2026-06-01,16:00:00
2026-06-01,15:56:57,LILAV,Liberty Latin America Ltd Class A Common Stock Ex-Distribution When Issued,Nasdaq,LULD Pause,2026-06-01,16:00:00
2026-06-01,15:49:53,JZ,Jianzhi Education Technology Group Company Limited American Depositary Shares,Nasdaq,LULD Pause,2026-06-01,16:00:00
2026-06-01,15:48:48,LILKV,Liberty Latin America Ltd Class C Common Stock Ex-Distribution When Issued,Nasdaq,LULD Pause,,
2026-06-01,15:38:43,JZ,Jianzhi Education Technology Group Company Limited American Depositary Shares,Nasdaq,LULD Pause,2026-06-01,15:43:43
2026-06-01,15:32:54,LILKV,Liberty Latin America Ltd Class C Common Stock Ex-Distribution When Issued,Nasdaq,LULD Pause,2026-06-01,15:37:54
2026-06-01,15:27:46,JZ,Jianzhi Education Technology Group Company Limited American Depositary Shares,Nasdaq,LULD Pause,2026-06-01,15:37:46
2026-06-01,15:27:39,LILKV,Liberty Latin America Ltd Class C Common Stock Ex-Distribution When Issued,Nasdaq,LULD Pause,2026-06-01,15:32:39
2026-06-01,15:17:24,JZ,Jianzhi Education Technology Group Company Limited American Depositary Shares,Nasdaq,LULD Pause,2026-06-01,15:27:24
2026-06-01,15:15:38,LILKV,Liberty Latin America Ltd Class C Common Stock Ex-Distribution When Issued,Nasdaq,LULD Pause,2026-06-01,15:20:38
2026-06-01,15:15:03,LILAV,Liberty Latin America Ltd Class A Common Stock Ex-Distribution When Issued,Nasdaq,LULD Pause,2026-06-01,15:20:03
2026-06-01,15:12:01,JZ,Jianzhi Education Technology Group Company Limited American Depositary Shares,Nasdaq,LULD Pause,2026-06-01,15:17:01
2026-06-01,15:11:33,DGZ,"""DB Gold Short ETN due February 15, 2038""",NYSE Arca,LULD Pause,2026-06-01,15:21:33
2026-06-01,15:01:45,JZ,Jianzhi Education Technology Group Company Limited American Depositary Shares,Nasdaq,LULD Pause,2026-06-01,15:11:45
2026-06-01,14:51:12,JZ,Jianzhi Education Technology Group Company Limited American Depositary Shares,Nasdaq,LULD Pause,2026-06-01,15:01:12
2026-06-01,14:40:46,JZ,Jianzhi Education Technology Group Company Limited American Depositary Shares,Nasdaq,LULD Pause,2026-06-01,14:50:46
2026-06-01,14:38:59,LILAV,Liberty Latin America Ltd Class A Common Stock Ex-Distribution When Issued,Nasdaq,LULD Pause,2026-06-01,15:09:31
2026-06-01,14:35:10,JZ,Jianzhi Education Technology Group Company Limited American Depositary Shares,Nasdaq,LULD Pause,2026-06-01,14:40:10
2026-06-01,14:29:40,JZ,Jianzhi Education Technology Group Company Limited American Depositary Shares,Nasdaq,LULD Pause,2026-06-01,14:34:40
2026-06-01,14:25:19,LILAV,Liberty Latin America Ltd Class A Common Stock Ex-Distribution When Issued,Nasdaq,LULD Pause,2026-06-01,14:30:19
2026-06-01,14:22:34,SIXP,AllianzIM U.S. Equity 6 Month Buffer10 Mar/Sep ETF,Cboe BZX,LULD Pause,2026-06-01,14:27:34
2026-06-01,14:19:22,JZ,Jianzhi Education Technology Group Company Limited American Depositary Shares,Nasdaq,LULD Pause,2026-06-01,14:29:22
2026-06-01,14:11:57,JZ,Jianzhi Education Technology Group Company Limited American Depositary Shares,Nasdaq,LULD Pause,2026-06-01,14:16:57
2026-06-01,14:01:39,JZ,Jianzhi Education Technology Group Company Limited American Depositary Shares,Nasdaq,LULD Pause,2026-06-01,14:11:39
2026-06-01,13:56:18,JZ,Jianzhi Education Technology Group Company Limited American Depositary Shares,Nasdaq,LULD Pause,2026-06-01,14:01:18
2026-06-01,13:46:02,JZ,Jianzhi Education Technology Group Company Limited American Depositary Shares,Nasdaq,LULD Pause,2026-06-01,13:56:02
2026-06-01,13:40:45,JZ,Jianzhi Education Technology Group Company Limited American Depositary Shares,Nasdaq,LULD Pause,2026-06-01,13:45:45
2026-06-01,13:34:16,JZ,Jianzhi Education Technology Group Company Limited American Depositary Shares,Nasdaq,LULD Pause,2026-06-01,13:39:16
2026-06-01,13:25:10,JZ,Jianzhi Education Technology Group Company Limited American Depositary Shares,Nasdaq,LULD Pause,2026-06-01,13:30:10
2026-06-01,13:13:24,JZ,Jianzhi Education Technology Group Company Limited American Depositary Shares,Nasdaq,LULD Pause,2026-06-01,13:23:24
2026-06-01,13:08:05,JZ,Jianzhi Education Technology Group Company Limited American Depositary Shares,Nasdaq,LULD Pause,2026-06-01,13:13:05
2026-06-01,13:00:39,JZ,Jianzhi Education Technology Group Company Limited American Depositary Shares,Nasdaq,LULD Pause,2026-06-01,13:05:39
2026-06-01,12:55:16,JZ,Jianzhi Education Technology Group Company Limited American Depositary Shares,Nasdaq,LULD Pause,2026-06-01,13:00:16
2026-06-01,12:50:01,JZ,Jianzhi Education Technology Group Company Limited American Depositary Shares,Nasdaq,LULD Pause,2026-06-01,12:55:01
2026-06-01,12:43:00,JZ,Jianzhi Education Technology Group Company Limited American Depositary Shares,Nasdaq,LULD Pause,2026-06-01,12:48:00
2026-06-01,12:37:22,JZ,Jianzhi Education Technology Group Company Limited American Depositary Shares,Nasdaq,LULD Pause,2026-06-01,12:42:22
2026-06-01,12:30:46,ATGL,Alpha Technology Group Limited Class A Ordinary Shares,Nasdaq,LULD Pause,2026-06-01,12:35:46
2026-06-01,12:23:13,AIM,AIM ImmunoTech Inc.,NYSE American,LULD Pause,2026-06-01,12:28:13
2026-06-01,12:22:54,TGHL,The GrowHub Limited Class A Ordinary Shares,Nasdaq,LULD Pause,2026-06-01,12:27:54
2026-06-01,12:18:13,JZ,Jianzhi Education Technology Group Company Limited American Depositary Shares,Nasdaq,LULD Pause,2026-06-01,12:23:13
2026-06-01,12:14:00,AIM,AIM ImmunoTech Inc.,NYSE American,LULD Pause,2026-06-01,12:19:00
2026-06-01,12:08:14,JZ,Jianzhi Education Technology Group Company Limited American Depositary Shares,Nasdaq,LULD Pause,2026-06-01,12:13:14
2026-06-01,12:07:24,TAVIU,Tavia Acquisition Corp. Unit,Nasdaq,LULD Pause,2026-06-01,12:12:24
2026-06-01,11:58:19,JZ,Jianzhi Education Technology Group Company Limited American Depositary Shares,Nasdaq,LULD Pause,2026-06-01,12:03:19
2026-06-01,11:52:42,JZ,Jianzhi Education Technology Group Company Limited American Depositary Shares,Nasdaq,LULD Pause,2026-06-01,11:57:42
2026-06-01,11:49:52,INLF,INLIF LIMITED Class A Ordinary Shares,Nasdaq,LULD Pause,2026-06-01,11:54:52
2026-06-01,11:47:26,JZ,Jianzhi Education Technology Group Company Limited American Depositary Shares,Nasdaq,LULD Pause,2026-06-01,11:52:26
2026-06-01,11:41:20,JZ,Jianzhi Education Technology Group Company Limited American Depositary Shares,Nasdaq,LULD Pause,2026-06-01,11:46:20
2026-06-01,11:35:16,DGZ,"""DB Gold Short ETN due February 15, 2038""",NYSE Arca,LULD Pause,2026-06-01,11:45:16
2026-06-01,11:27:46,CMND,Clearmind Medicine Inc. Common Shares,Nasdaq,LULD Pause,2026-06-01,11:32:46
2026-06-01,11:25:05,FEDU,"""Four Seasons Education (Cayman) Inc. American depositary shares, each representing ten (10) Ordinary Shares""",NYSE,LULD Pause,2026-06-01,11:41:49
2026-06-01,11:08:27,HKIT,Hitek Global Inc. Class A Ordinary Share,Nasdaq,LULD Pause,2026-06-01,11:13:27
2026-06-01,11:04:18,TGHL,The GrowHub Limited Class A Ordinary Shares,Nasdaq,LULD Pause,2026-06-01,11:09:18
2026-06-01,11:01:18,CDTG,CDT Environmental Technology Investment Holdings Limited ordinary shares,Nasdaq,LULD Pause,2026-06-01,11:06:18
2026-06-01,10:59:23,KNRX,KNOREX LTD.,NYSE American,LULD Pause,2026-06-01,11:04:23
2026-06-01,10:58:23,TGHL,The GrowHub Limited Class A Ordinary Shares,Nasdaq,LULD Pause,2026-06-01,11:03:23
2026-06-01,10:51:53,TGHL,The GrowHub Limited Class A Ordinary Shares,Nasdaq,LULD Pause,2026-06-01,10:56:53
2026-06-01,10:51:15,ORLA,Orla Mining Ltd.,NYSE American,News Pending,2026-06-01,11:35:00
2026-06-01,10:51:03,JZ,Jianzhi Education Technology Group Company Limited American Depositary Shares,Nasdaq,LULD Pause,2026-06-01,10:56:03
2026-06-01,10:46:18,TGHL,The GrowHub Limited Class A Ordinary Shares,Nasdaq,LULD Pause,2026-06-01,10:51:18
2026-06-01,10:38:05,DTSQU,DT Cloud Star Acquisition Corporation Units,Nasdaq,LULD Pause,2026-06-01,10:48:05
2026-06-01,10:37:00,NBCE,Neuberger China Equity ETF,NYSE Arca,LULD Pause,2026-06-01,10:42:00
2026-06-01,10:35:49,JZXN,"""Jiuzi Holdings, Inc. Ordinary Shares""",Nasdaq,LULD Pause,2026-06-01,10:40:49
2026-06-01,10:34:30,ABTS,Abits Group Inc Ordinary Shares,Nasdaq,LULD Pause,2026-06-01,10:39:30
2026-06-01,10:33:23,TGHL,The GrowHub Limited Class A Ordinary Shares,Nasdaq,LULD Pause,2026-06-01,10:43:23
2026-06-01,10:32:22,JZ,Jianzhi Education Technology Group Company Limited American Depositary Shares,Nasdaq,LULD Pause,2026-06-01,10:37:22
2026-06-01,10:31:42,DGZ,"""DB Gold Short ETN due February 15, 2038""",NYSE Arca,LULD Pause,2026-06-01,10:36:42
2026-06-01,10:28:04,TGHL,The GrowHub Limited Class A Ordinary Shares,Nasdaq,LULD Pause,2026-06-01,10:33:04
2026-06-01,10:25:21,HKIT,Hitek Global Inc. Class A Ordinary Share,Nasdaq,LULD Pause,2026-06-01,10:35:21
2026-06-01,10:22:58,JZXN,"""Jiuzi Holdings, Inc. Ordinary Shares""",Nasdaq,LULD Pause,2026-06-01,10:27:58
2026-06-01,10:21:44,JZ,Jianzhi Education Technology Group Company Limited American Depositary Shares,Nasdaq,LULD Pause,2026-06-01,10:31:44
2026-06-01,10:20:00,HKIT,Hitek Global Inc. Class A Ordinary Share,Nasdaq,LULD Pause,2026-06-01,10:25:00
2026-06-01,10:18:58,TGHL,The GrowHub Limited Class A Ordinary Shares,Nasdaq,LULD Pause,2026-06-01,10:23:58
2026-06-01,10:16:26,JZ,Jianzhi Education Technology Group Company Limited American Depositary Shares,Nasdaq,LULD Pause,2026-06-01,10:21:26
2026-06-01,10:15:14,SPCE,"""Virgin Galactic Holdings, Inc.""",NYSE,LULD Pause,2026-06-01,10:20:17
2026-06-01,10:13:02,TGHL,The GrowHub Limited Class A Ordinary Shares,Nasdaq,LULD Pause,2026-06-01,10:18:02
2026-06-01,10:12:56,HKIT,Hitek Global Inc. Class A Ordinary Share,Nasdaq,LULD Pause,2026-06-01,10:17:56
2026-06-01,10:10:38,JZ,Jianzhi Education Technology Group Company Limited American Depositary Shares,Nasdaq,LULD Pause,2026-06-01,10:15:38
2026-06-01,10:07:47,TGHL,The GrowHub Limited Class A Ordinary Shares,Nasdaq,LULD Pause,2026-06-01,10:12:47
2026-06-01,10:05:22,JZ,Jianzhi Education Technology Group Company Limited American Depositary Shares,Nasdaq,LULD Pause,2026-06-01,10:10:22
2026-06-01,10:00:00,FDXF,"""FedEx Freight Holding Company, Inc.""",NYSE,LULD Pause,2026-06-01,10:05:20
2026-06-01,09:59:34,JZ,Jianzhi Education Technology Group Company Limited American Depositary Shares,Nasdaq,LULD Pause,2026-06-01,10:04:34
2026-06-01,09:57:02,TGHL,The GrowHub Limited Class A Ordinary Shares,Nasdaq,LULD Pause,2026-06-01,10:07:02
2026-06-01,09:56:59,DGZ,"""DB Gold Short ETN due February 15, 2038""",NYSE Arca,LULD Pause,2026-06-01,10:01:59
2026-06-01,09:56:34,HKIT,Hitek Global Inc. Class A Ordinary Share,Nasdaq,LULD Pause,2026-06-01,10:01:34
2026-06-01,09:49:42,MASK,3 E Network Technology Group Ltd Class A Ordinary Shares,Nasdaq,LULD Pause,2026-06-01,09:54:42
2026-06-01,09:49:23,FDXF,"""FedEx Freight Holding Company, Inc.""",NYSE,LULD Pause,2026-06-01,09:54:47
2026-06-01,09:46:39,TGHL,The GrowHub Limited Class A Ordinary Shares,Nasdaq,LULD Pause,2026-06-01,09:56:39
2026-06-01,09:46:32,ATPC,Agape ATP Corporation Common Stock,Nasdaq,LULD Pause,2026-06-01,09:51:32
2026-06-01,09:42:28,MASK,3 E Network Technology Group Ltd Class A Ordinary Shares,Nasdaq,LULD Pause,2026-06-01,09:47:28
2026-06-01,09:41:44,NBCE,Neuberger China Equity ETF,NYSE Arca,LULD Pause,2026-06-01,09:46:44
2026-06-01,09:41:09,TGHL,The GrowHub Limited Class A Ordinary Shares,Nasdaq,LULD Pause,2026-06-01,09:46:09
2026-06-01,09:40:40,FDXF,"""FedEx Freight Holding Company, Inc.""",NYSE,LULD Pause,2026-06-01,09:45:50
2026-06-01,09:38:29,ASTC,Astrotech Corporation (DE) Common Stock,Nasdaq,LULD Pause,2026-06-01,09:43:29
2026-06-01,09:38:25,DAIC,"""CID HoldCo, Inc. Common Stock""",Nasdaq,LULD Pause,2026-06-01,09:43:25
2026-06-01,09:35:43,TGHL,The GrowHub Limited Class A Ordinary Shares,Nasdaq,LULD Pause,2026-06-01,09:40:43
2026-06-01,09:33:07,VSECU,VSE Corporation Tangible Equity Units,Nasdaq,LULD Pause,2026-06-01,09:38:07
2026-06-01,09:32:52,ABVE,Above Food Ingredients Inc. Common Stock,Nasdaq,LULD Pause,2026-06-01,09:37:52
2026-06-01,09:32:48,MSST,YieldMax MSTR Performance & Distribution Target 25 ETF,Cboe BZX,LULD Pause,2026-06-01,09:37:48
2026-06-01,09:31:39,MASK,3 E Network Technology Group Ltd Class A Ordinary Shares,Nasdaq,LULD Pause,2026-06-01,09:36:39
2026-06-01,09:30:38,REPL,"""Replimune Group, Inc.""",Nasdaq,LULD Pause,2026-06-01,09:35:38
2026-06-01,09:30:22,STG,"""Sunlands Technology Group, American Depositary Shares,  American Depositary Shares, every two (2) ADSs representing one (1) Class A Ordinary Share""",NYSE,LULD Pause,2026-06-01,09:35:39
2026-06-01,09:30:21,MLACU,Mountain Lake Acquisition Corp. Units,Nasdaq,LULD Pause,2026-06-01,09:48:44
2026-06-01,09:30:20,TGHL,The GrowHub Limited Class A Ordinary Shares,Nasdaq,LULD Pause,2026-06-01,09:35:20
2026-06-01,09:30:16,ARKD,ARK DIET Q1 Buffer ETF,Cboe BZX,LULD Pause,2026-06-01,09:40:16
2026-06-01,09:30:15,MBSX,Regan Fixed Rate MBS ETF,NYSE Arca,LULD Pause,2026-06-01,09:40:15
2026-06-01,08:57:14,THR,"""THERMON GROUP HOLDINGS, INC.""",NYSE,Merger Effective,,
2026-06-01,08:48:00,HCACU,Hall Chadwick Acquisition Corp. Unit,Nasdaq,News Pending,2026-06-01,13:40:00
2026-06-01,08:48:00,HCACR,Hall Chadwick Acquisition Corp Rights,Nasdaq,News Pending,2026-06-01,13:40:00
2026-06-01,08:48:00,HCAC,Hall Chadwick Acquisition Corp Class A Ordinary Shares,Nasdaq,News Pending,2026-06-01,13:35:00
2026-06-01,08:39:24,NVRI,Enviri Corporation,NYSE,Merger Effective,,
2026-06-01,07:56:37,OPTU,"""Optimum Communications, Inc.""",NYSE,News Pending,2026-06-01,08:14:25
2026-06-01,07:55:00,RLYB,Rallybio Corporation Common Stock,Nasdaq,News Pending,2026-06-01,08:35:00
2026-06-01,06:55:00,NCSM,"""NCS Multistage Holdings, Inc.""",Nasdaq,News Pending,2026-06-01,07:30:00
2026-06-01,03:58:05,BRHY,BlackRock ETF Trust II iShares High Yield Active ETF,Nasdaq,News Pending,2026-06-01,10:45:00
