Halt Date,Halt Time,Symbol,Name,Exchange,Reason,Resume Date,NYSE Resume Time
2026-01-30,19:50:00,AREBW,"""American Rebel Holdings, Inc. Warrants""",Nasdaq,News pending,2026-02-02,09:05:00
2026-01-30,19:50:00,AREBW,"""American Rebel Holdings, Inc. Warrants""",Nasdaq,News pending,,
2026-01-30,19:50:00,ATOS,"""Atossa Therapeutics, Inc. Common Stock""",Nasdaq,News pending,,
2026-01-30,19:50:00,ATOS,"""Atossa Therapeutics, Inc. Common Stock""",Nasdaq,News pending,2026-02-02,09:00:00
2026-01-30,19:50:00,FSFG,"""First Savings Financial Group, Inc""",Nasdaq,News pending,,
2026-01-30,19:50:00,PBMWW,Psyence Biomedical Ltd. Warrant,Nasdaq,News pending,,
2026-01-30,19:50:00,PBMWW,Psyence Biomedical Ltd. Warrant,Nasdaq,News pending,2026-02-02,09:05:00
2026-01-30,19:50:00,PCH,PotlatchDeltic Corporation Common Stock,Nasdaq,News pending,,
2026-01-30,19:50:00,AREB,"""American Rebel Holdings, Inc. Common Stock""",Nasdaq,News pending,2026-02-02,09:00:00
2026-01-30,19:50:00,AREB,"""American Rebel Holdings, Inc. Common Stock""",Nasdaq,News pending,,
2026-01-30,19:50:00,PBM,Psyence Biomedical Ltd. Common Shares,Nasdaq,News pending,,
2026-01-30,19:50:00,PBM,Psyence Biomedical Ltd. Common Shares,Nasdaq,News pending,2026-02-02,09:00:00
2026-01-30,16:25:00,QETAU,Quetta Acquisition Corporation Unit,Nasdaq,News pending,2026-01-30,17:05:00
2026-01-30,16:25:00,QETAR,Quetta Acquisition Corporation Right,Nasdaq,News pending,2026-01-30,17:05:00
2026-01-30,16:25:00,QETA,Quetta Acquisition Corporation Common Stock,Nasdaq,News pending,2026-01-30,17:00:00
2026-01-30,16:08:12,AZNH,AstraZeneca PLC ADRhedged,NYSE Arca,News Released,,
2026-01-30,15:47:23,INLF,INLIF LIMITED Class A Ordinary Shares,Nasdaq,LULD pause,2026-01-30,16:00:00
2026-01-30,15:42:56,PHOE,Phoenix Asia Holdings Limited Ordinary Shares,Nasdaq,LULD pause,2026-01-30,16:00:00
2026-01-30,15:42:25,ELPW,Elong Power Holding Limited Class A Ordinary Shares,Nasdaq,LULD pause,2026-01-30,16:00:00
2026-01-30,15:37:08,ELPW,Elong Power Holding Limited Class A Ordinary Shares,Nasdaq,LULD pause,2026-01-30,15:42:08
2026-01-30,15:36:14,TCGL,TechCreate Group Ltd.,NYSE American,LULD pause,2026-01-30,15:41:14
2026-01-30,15:34:51,PLBL,Polibeli Group Ltd Class A Ordinary Shares,Nasdaq,LULD pause,2026-01-30,15:39:51
2026-01-30,15:34:26,YI,"""111, Inc. American Depositary Shares""",Nasdaq,LULD pause,2026-01-30,15:39:26
2026-01-30,15:32:38,INLF,INLIF LIMITED Class A Ordinary Shares,Nasdaq,LULD pause,2026-01-30,15:37:38
2026-01-30,15:31:53,ELPW,Elong Power Holding Limited Class A Ordinary Shares,Nasdaq,LULD pause,2026-01-30,15:36:53
2026-01-30,15:26:25,INLF,INLIF LIMITED Class A Ordinary Shares,Nasdaq,LULD pause,2026-01-30,15:31:25
2026-01-30,15:25:30,PHOE,Phoenix Asia Holdings Limited Ordinary Shares,Nasdaq,LULD pause,2026-01-30,15:42:28
2026-01-30,15:20:30,INLF,INLIF LIMITED Class A Ordinary Shares,Nasdaq,LULD pause,2026-01-30,15:25:30
2026-01-30,15:20:06,PHOE,Phoenix Asia Holdings Limited Ordinary Shares,Nasdaq,LULD pause,2026-01-30,15:25:06
2026-01-30,15:14:23,ELPW,Elong Power Holding Limited Class A Ordinary Shares,Nasdaq,LULD pause,2026-01-30,15:31:38
2026-01-30,15:09:11,YI,"""111, Inc. American Depositary Shares""",Nasdaq,LULD pause,2026-01-30,15:29:12
2026-01-30,15:09:10,INLF,INLIF LIMITED Class A Ordinary Shares,Nasdaq,LULD pause,2026-01-30,15:19:10
2026-01-30,15:04:07,ELPW,Elong Power Holding Limited Class A Ordinary Shares,Nasdaq,LULD pause,2026-01-30,15:14:08
2026-01-30,15:03:41,YI,"""111, Inc. American Depositary Shares""",Nasdaq,LULD pause,2026-01-30,15:08:41
2026-01-30,15:03:36,INLF,INLIF LIMITED Class A Ordinary Shares,Nasdaq,LULD pause,2026-01-30,15:08:36
2026-01-30,14:55:23,FATBB,FAT Brands Inc. Class B Common Stock,Nasdaq,LULD pause,2026-01-30,15:00:23
2026-01-30,14:54:28,PHOE,Phoenix Asia Holdings Limited Ordinary Shares,Nasdaq,LULD pause,2026-01-30,15:19:29
2026-01-30,14:53:52,ELPW,Elong Power Holding Limited Class A Ordinary Shares,Nasdaq,LULD pause,2026-01-30,15:03:52
2026-01-30,14:49:43,FATBB,FAT Brands Inc. Class B Common Stock,Nasdaq,LULD pause,2026-01-30,14:54:43
2026-01-30,14:49:16,TCGL,TechCreate Group Ltd.,NYSE American,LULD pause,2026-01-30,14:54:16
2026-01-30,14:49:11,PHOE,Phoenix Asia Holdings Limited Ordinary Shares,Nasdaq,LULD pause,2026-01-30,14:54:11
2026-01-30,14:48:37,ELPW,Elong Power Holding Limited Class A Ordinary Shares,Nasdaq,LULD pause,2026-01-30,14:53:37
2026-01-30,14:46:37,YI,"""111, Inc. American Depositary Shares""",Nasdaq,LULD pause,2026-01-30,15:03:22
2026-01-30,14:38:19,ELPW,Elong Power Holding Limited Class A Ordinary Shares,Nasdaq,LULD pause,2026-01-30,14:48:20
2026-01-30,14:36:01,RPGL,Republic Power Group Limited Class A Ordinary Shares,Nasdaq,LULD pause,2026-01-30,14:41:01
2026-01-30,14:28:36,FATBB,FAT Brands Inc. Class B Common Stock,Nasdaq,LULD pause,2026-01-30,14:33:36
2026-01-30,14:24:55,PHOE,Phoenix Asia Holdings Limited Ordinary Shares,Nasdaq,LULD pause,2026-01-30,14:48:46
2026-01-30,14:23:01,ELPW,Elong Power Holding Limited Class A Ordinary Shares,Nasdaq,LULD pause,2026-01-30,14:38:02
2026-01-30,14:12:45,ELPW,Elong Power Holding Limited Class A Ordinary Shares,Nasdaq,LULD pause,2026-01-30,14:22:46
2026-01-30,14:02:27,ELPW,Elong Power Holding Limited Class A Ordinary Shares,Nasdaq,LULD pause,2026-01-30,14:12:27
2026-01-30,13:55:39,KXIN,Kaixin Holdings Ordinary Shares,Nasdaq,LULD pause,2026-01-30,14:00:39
2026-01-30,13:52:06,ELPW,Elong Power Holding Limited Class A Ordinary Shares,Nasdaq,LULD pause,2026-01-30,14:02:06
2026-01-30,13:47:54,ILAG,Intelligent Living Application Group Inc. Ordinary Shares,Nasdaq,LULD pause,2026-01-30,13:52:54
2026-01-30,13:46:50,ELPW,Elong Power Holding Limited Class A Ordinary Shares,Nasdaq,LULD pause,2026-01-30,13:51:50
2026-01-30,13:37:59,PHOE,Phoenix Asia Holdings Limited Ordinary Shares,Nasdaq,LULD pause,2026-01-30,14:24:35
2026-01-30,13:36:54,APRE,"""Aprea Therapeutics, Inc. Common stock""",Nasdaq,LULD pause,2026-01-30,13:41:54
2026-01-30,13:36:21,ELPW,Elong Power Holding Limited Class A Ordinary Shares,Nasdaq,LULD pause,2026-01-30,13:46:21
2026-01-30,13:27:35,PHOE,Phoenix Asia Holdings Limited Ordinary Shares,Nasdaq,LULD pause,2026-01-30,13:37:36
2026-01-30,13:27:26,APRE,"""Aprea Therapeutics, Inc. Common stock""",Nasdaq,LULD pause,2026-01-30,13:32:26
2026-01-30,13:25:04,ELPW,Elong Power Holding Limited Class A Ordinary Shares,Nasdaq,LULD pause,2026-01-30,13:35:43
2026-01-30,13:24:14,ILAG,Intelligent Living Application Group Inc. Ordinary Shares,Nasdaq,LULD pause,2026-01-30,13:34:15
2026-01-30,13:19:49,ELPW,Elong Power Holding Limited Class A Ordinary Shares,Nasdaq,LULD pause,2026-01-30,13:24:49
2026-01-30,13:19:31,APRE,"""Aprea Therapeutics, Inc. Common stock""",Nasdaq,LULD pause,2026-01-30,13:24:31
2026-01-30,13:16:25,PHOE,Phoenix Asia Holdings Limited Ordinary Shares,Nasdaq,LULD pause,2026-01-30,13:27:05
2026-01-30,13:14:31,ELPW,Elong Power Holding Limited Class A Ordinary Shares,Nasdaq,LULD pause,2026-01-30,13:19:31
2026-01-30,13:06:02,PHOE,Phoenix Asia Holdings Limited Ordinary Shares,Nasdaq,LULD pause,2026-01-30,13:16:03
2026-01-30,12:59:44,VHUB,"""VenHub Global, Inc. Common Stock""",Nasdaq,LULD pause,2026-01-30,13:04:44
2026-01-30,12:56:27,ELPW,Elong Power Holding Limited Class A Ordinary Shares,Nasdaq,LULD pause,2026-01-30,13:14:11
2026-01-30,12:56:00,ILAG,Intelligent Living Application Group Inc. Ordinary Shares,Nasdaq,LULD pause,2026-01-30,13:06:26
2026-01-30,12:54:07,VHUB,"""VenHub Global, Inc. Common Stock""",Nasdaq,LULD pause,2026-01-30,12:59:07
2026-01-30,12:46:07,ELPW,Elong Power Holding Limited Class A Ordinary Shares,Nasdaq,LULD pause,2026-01-30,12:56:08
2026-01-30,12:44:42,ILAG,Intelligent Living Application Group Inc. Ordinary Shares,Nasdaq,LULD pause,2026-01-30,12:54:43
2026-01-30,12:42:27,TCGL,TechCreate Group Ltd.,NYSE American,LULD pause,2026-01-30,12:47:27
2026-01-30,12:35:44,ELPW,Elong Power Holding Limited Class A Ordinary Shares,Nasdaq,LULD pause,2026-01-30,12:45:44
2026-01-30,12:34:32,VHUB,"""VenHub Global, Inc. Common Stock""",Nasdaq,LULD pause,2026-01-30,12:44:32
2026-01-30,12:33:16,ILAG,Intelligent Living Application Group Inc. Ordinary Shares,Nasdaq,LULD pause,2026-01-30,12:43:16
2026-01-30,12:29:16,MLEC,Moolec Science SA Ordinary Shares,Nasdaq,LULD pause,2026-01-30,12:34:16
2026-01-30,12:25:19,ELPW,Elong Power Holding Limited Class A Ordinary Shares,Nasdaq,LULD pause,2026-01-30,12:35:19
2026-01-30,12:25:18,SORA,AsiaStrategy Ordinary Shares,Nasdaq,LULD pause,2026-01-30,12:38:31
2026-01-30,12:23:55,VHUB,"""VenHub Global, Inc. Common Stock""",Nasdaq,LULD pause,2026-01-30,12:28:55
2026-01-30,12:23:25,FATBB,FAT Brands Inc. Class B Common Stock,Nasdaq,LULD pause,2026-01-30,12:28:25
2026-01-30,12:22:21,ILAG,Intelligent Living Application Group Inc. Ordinary Shares,Nasdaq,LULD pause,2026-01-30,12:32:21
2026-01-30,12:12:02,ILAG,Intelligent Living Application Group Inc. Ordinary Shares,Nasdaq,LULD pause,2026-01-30,12:22:02
2026-01-30,12:04:26,ELPW,Elong Power Holding Limited Class A Ordinary Shares,Nasdaq,LULD pause,2026-01-30,12:24:41
2026-01-30,12:01:42,ILAG,Intelligent Living Application Group Inc. Ordinary Shares,Nasdaq,LULD pause,2026-01-30,12:11:42
2026-01-30,11:59:10,ELPW,Elong Power Holding Limited Class A Ordinary Shares,Nasdaq,LULD pause,2026-01-30,12:04:10
2026-01-30,11:56:39,VHUB,"""VenHub Global, Inc. Common Stock""",Nasdaq,LULD pause,2026-01-30,12:16:58
2026-01-30,11:55:07,SORA,AsiaStrategy Ordinary Shares,Nasdaq,LULD pause,2026-01-30,12:00:07
2026-01-30,11:52:19,APRE,"""Aprea Therapeutics, Inc. Common stock""",Nasdaq,LULD pause,2026-01-30,11:57:19
2026-01-30,11:46:42,ELPW,Elong Power Holding Limited Class A Ordinary Shares,Nasdaq,LULD pause,2026-01-30,11:58:45
2026-01-30,11:46:11,FATBB,FAT Brands Inc. Class B Common Stock,Nasdaq,LULD pause,2026-01-30,11:51:11
2026-01-30,11:45:24,SORA,AsiaStrategy Ordinary Shares,Nasdaq,LULD pause,2026-01-30,11:50:24
2026-01-30,11:39:44,TCGL,TechCreate Group Ltd.,NYSE American,LULD pause,2026-01-30,11:49:44
2026-01-30,11:36:27,ELPW,Elong Power Holding Limited Class A Ordinary Shares,Nasdaq,LULD pause,2026-01-30,11:46:27
2026-01-30,11:31:56,PLAG,Planet Green Holdings Corp.,NYSE American,LULD pause,2026-01-30,11:42:43
2026-01-30,11:31:14,TCGL,TechCreate Group Ltd.,NYSE American,LULD pause,2026-01-30,11:36:15
2026-01-30,11:27:04,VRM,"""Vroom, Inc. Common Stock""",Nasdaq,LULD pause,2026-01-30,11:32:04
2026-01-30,11:26:39,PLAG,Planet Green Holdings Corp.,NYSE American,LULD pause,2026-01-30,11:31:39
2026-01-30,11:26:09,ELPW,Elong Power Holding Limited Class A Ordinary Shares,Nasdaq,LULD pause,2026-01-30,11:36:10
2026-01-30,11:21:22,PLAG,Planet Green Holdings Corp.,NYSE American,LULD pause,2026-01-30,11:26:22
2026-01-30,11:20:45,VHUB,"""VenHub Global, Inc. Common Stock""",Nasdaq,LULD pause,2026-01-30,11:55:56
2026-01-30,11:17:27,TCGL,TechCreate Group Ltd.,NYSE American,LULD pause,2026-01-30,11:22:27
2026-01-30,11:16:01,PLAG,Planet Green Holdings Corp.,NYSE American,LULD pause,2026-01-30,11:21:01
2026-01-30,11:15:49,ELPW,Elong Power Holding Limited Class A Ordinary Shares,Nasdaq,LULD pause,2026-01-30,11:25:49
2026-01-30,11:10:44,PLAG,Planet Green Holdings Corp.,NYSE American,LULD pause,2026-01-30,11:15:44
2026-01-30,11:10:27,VHUB,"""VenHub Global, Inc. Common Stock""",Nasdaq,LULD pause,2026-01-30,11:20:27
2026-01-30,11:09:49,ELPW,Elong Power Holding Limited Class A Ordinary Shares,Nasdaq,LULD pause,2026-01-30,11:14:49
2026-01-30,11:05:43,KXIN,Kaixin Holdings Ordinary Shares,Nasdaq,LULD pause,2026-01-30,11:15:43
2026-01-30,11:05:24,PLAG,Planet Green Holdings Corp.,NYSE American,LULD pause,2026-01-30,11:10:24
2026-01-30,11:00:08,VHUB,"""VenHub Global, Inc. Common Stock""",Nasdaq,LULD pause,2026-01-30,11:10:09
2026-01-30,10:57:52,ELPW,Elong Power Holding Limited Class A Ordinary Shares,Nasdaq,LULD pause,2026-01-30,11:07:52
2026-01-30,10:57:38,BUUU,BUUU Group Limited Class A Ordinary Share,Nasdaq,LULD pause,2026-01-30,11:02:38
2026-01-30,10:53:54,PLBL,Polibeli Group Ltd Class A Ordinary Shares,Nasdaq,LULD pause,2026-01-30,11:03:54
2026-01-30,10:52:32,ELPW,Elong Power Holding Limited Class A Ordinary Shares,Nasdaq,LULD pause,2026-01-30,10:57:32
2026-01-30,10:52:06,FATBB,FAT Brands Inc. Class B Common Stock,Nasdaq,LULD pause,2026-01-30,10:57:06
2026-01-30,10:51:00,KXIN,Kaixin Holdings Ordinary Shares,Nasdaq,LULD pause,2026-01-30,11:01:00
2026-01-30,10:45:32,KXIN,Kaixin Holdings Ordinary Shares,Nasdaq,LULD pause,2026-01-30,10:50:32
2026-01-30,10:45:19,VHUB,"""VenHub Global, Inc. Common Stock""",Nasdaq,LULD pause,2026-01-30,10:59:50
2026-01-30,10:44:47,BUUU,BUUU Group Limited Class A Ordinary Share,Nasdaq,LULD pause,2026-01-30,10:54:47
2026-01-30,10:42:59,GITS,"""Global Interactive Technologies, Inc. Common Stock""",Nasdaq,LULD pause,2026-01-30,10:47:59
2026-01-30,10:42:17,ELPW,Elong Power Holding Limited Class A Ordinary Shares,Nasdaq,LULD pause,2026-01-30,10:52:17
2026-01-30,10:40:22,FATBB,FAT Brands Inc. Class B Common Stock,Nasdaq,LULD pause,2026-01-30,10:50:22
2026-01-30,10:36:57,ELPW,Elong Power Holding Limited Class A Ordinary Shares,Nasdaq,LULD pause,2026-01-30,10:41:57
2026-01-30,10:35:05,FATBB,FAT Brands Inc. Class B Common Stock,Nasdaq,LULD pause,2026-01-30,10:40:05
2026-01-30,10:34:03,GITS,"""Global Interactive Technologies, Inc. Common Stock""",Nasdaq,LULD pause,2026-01-30,10:39:03
2026-01-30,10:32:56,BUUU,BUUU Group Limited Class A Ordinary Share,Nasdaq,LULD pause,2026-01-30,10:42:56
2026-01-30,10:32:40,FEED,"""ENvue Medical, Inc. Common Stock""",Nasdaq,LULD pause,2026-01-30,10:37:40
2026-01-30,10:31:32,ELPW,Elong Power Holding Limited Class A Ordinary Shares,Nasdaq,LULD pause,2026-01-30,10:36:32
2026-01-30,10:23:39,FEED,"""ENvue Medical, Inc. Common Stock""",Nasdaq,LULD pause,2026-01-30,10:28:39
2026-01-30,10:23:36,GITS,"""Global Interactive Technologies, Inc. Common Stock""",Nasdaq,LULD pause,2026-01-30,10:33:36
2026-01-30,10:22:53,PHOE,Phoenix Asia Holdings Limited Ordinary Shares,Nasdaq,LULD pause,2026-01-30,10:27:53
2026-01-30,10:22:40,BUUU,BUUU Group Limited Class A Ordinary Share,Nasdaq,LULD pause,2026-01-30,10:32:41
2026-01-30,10:21:13,ELPW,Elong Power Holding Limited Class A Ordinary Shares,Nasdaq,LULD pause,2026-01-30,10:31:14
2026-01-30,10:21:11,FATBB,FAT Brands Inc. Class B Common Stock,Nasdaq,LULD pause,2026-01-30,10:26:11
2026-01-30,10:17:14,BUUU,BUUU Group Limited Class A Ordinary Share,Nasdaq,LULD pause,2026-01-30,10:22:14
2026-01-30,10:12:46,GITS,"""Global Interactive Technologies, Inc. Common Stock""",Nasdaq,LULD pause,2026-01-30,10:22:46
2026-01-30,10:11:40,BUUU,BUUU Group Limited Class A Ordinary Share,Nasdaq,LULD pause,2026-01-30,10:16:40
2026-01-30,10:10:56,ELPW,Elong Power Holding Limited Class A Ordinary Shares,Nasdaq,LULD pause,2026-01-30,10:20:56
2026-01-30,10:09:57,PMN,ProMIS Neurosciences Inc. Common Shares (ON),Nasdaq,LULD pause,2026-01-30,10:14:57
2026-01-30,10:09:29,TCGL,TechCreate Group Ltd.,NYSE American,LULD pause,2026-01-30,10:14:29
2026-01-30,10:05:30,ELPW,Elong Power Holding Limited Class A Ordinary Shares,Nasdaq,LULD pause,2026-01-30,10:10:30
2026-01-30,10:05:10,FATBB,FAT Brands Inc. Class B Common Stock,Nasdaq,LULD pause,2026-01-30,10:15:10
2026-01-30,10:01:50,GITS,"""Global Interactive Technologies, Inc. Common Stock""",Nasdaq,LULD pause,2026-01-30,10:11:50
2026-01-30,09:54:54,FATBB,FAT Brands Inc. Class B Common Stock,Nasdaq,LULD pause,2026-01-30,10:04:54
2026-01-30,09:54:38,RPGL,Republic Power Group Limited Class A Ordinary Shares,Nasdaq,LULD pause,2026-01-30,09:59:38
2026-01-30,09:53:54,TCGL,TechCreate Group Ltd.,NYSE American,LULD pause,2026-01-30,10:03:54
2026-01-30,09:49:38,FATBB,FAT Brands Inc. Class B Common Stock,Nasdaq,LULD pause,2026-01-30,09:54:38
2026-01-30,09:49:17,GITS,"""Global Interactive Technologies, Inc. Common Stock""",Nasdaq,LULD pause,2026-01-30,09:54:17
2026-01-30,09:46:19,BUUU,BUUU Group Limited Class A Ordinary Share,Nasdaq,LULD pause,2026-01-30,10:11:20
2026-01-30,09:45:52,ANL,Adlai Nortye Ltd. American Depositary Shares,Nasdaq,LULD pause,2026-01-30,09:50:52
2026-01-30,09:44:19,FATBB,FAT Brands Inc. Class B Common Stock,Nasdaq,LULD pause,2026-01-30,09:49:19
2026-01-30,09:43:15,TCGL,TechCreate Group Ltd.,NYSE American,LULD pause,2026-01-30,09:53:15
2026-01-30,09:40:14,PZG,Paramount Gold Nevada Corp.,NYSE American,LULD pause,2026-01-30,09:45:14
2026-01-30,09:39:43,ANL,Adlai Nortye Ltd. American Depositary Shares,Nasdaq,LULD pause,2026-01-30,09:44:43
2026-01-30,09:38:49,FATBB,FAT Brands Inc. Class B Common Stock,Nasdaq,LULD pause,2026-01-30,09:43:49
2026-01-30,09:38:18,GITS,"""Global Interactive Technologies, Inc. Common Stock""",Nasdaq,LULD pause,2026-01-30,09:43:18
2026-01-30,09:34:43,PZG,Paramount Gold Nevada Corp.,NYSE American,LULD pause,2026-01-30,09:39:43
2026-01-30,09:34:36,TCGL,TechCreate Group Ltd.,NYSE American,LULD pause,2026-01-30,09:39:36
2026-01-30,09:33:56,PMN,ProMIS Neurosciences Inc. Common Shares (ON),Nasdaq,LULD pause,2026-01-30,09:38:56
2026-01-30,09:33:10,FATBB,FAT Brands Inc. Class B Common Stock,Nasdaq,LULD pause,2026-01-30,09:38:10
2026-01-30,09:32:19,GOAI,Eva Live Inc. Common Stock,Nasdaq,LULD pause,2026-01-30,09:37:19
2026-01-30,09:31:19,GITS,"""Global Interactive Technologies, Inc. Common Stock""",Nasdaq,LULD pause,2026-01-30,09:36:19
2026-01-30,09:30:45,NMAR,Innovator Growth-100 Power Buffer ETF - March,Cboe BZX,LULD pause,2026-01-30,09:35:45
2026-01-30,09:30:45,JUNW,AllianzIM U.S. Equity Buffer20 Jun ETF,Cboe BZX,LULD pause,2026-01-30,09:35:45
2026-01-30,09:30:18,CCOM,Simplify Chinese Commodities Strategy No K-1 ETF,NYSE Arca,LULD pause,2026-01-30,09:35:18
2026-01-30,09:30:15,KXIN,Kaixin Holdings Ordinary Shares,Nasdaq,LULD pause,2026-01-30,10:45:16
2026-01-30,08:43:02,CIVI,"""Civitas Resources, Inc.""",NYSE,Merger Effective,,
2026-01-29,19:50:00,JAMF,Jamf Holding Corp. Common Stock,Nasdaq,News pending,,
2026-01-29,19:50:00,APLT,"""Applied Therapeutics, Inc. Common Stock""",Nasdaq,News pending,,
2026-01-29,19:50:00,APLT,"""Applied Therapeutics, Inc. Common Stock""",Nasdaq,News pending,2026-01-30,09:00:00
2026-01-29,19:50:00,IBG,Innovation Beverage Group Limited Ordinary Shares,Nasdaq,News pending,2026-01-30,09:00:00
2026-01-29,19:50:00,IBG,Innovation Beverage Group Limited Ordinary Shares,Nasdaq,News pending,,
2026-01-29,17:51:24,AZNH,AstraZeneca PLC ADRhedged,NYSE Arca,Regulatory Concern,,
2026-01-29,17:51:24,AZNH,AstraZeneca PLC ADRhedged,NYSE Arca,Regulatory Concern,See Subsequent Halt,See Subsequent Halt
2026-01-29,15:52:29,KXIN,Kaixin Holdings Ordinary Shares,Nasdaq,LULD pause,2026-01-29,16:00:00
2026-01-29,15:51:28,QNCX,"""Quince Therapeutics, Inc. Common Stock""",Nasdaq,LULD pause,2026-01-29,16:00:00
2026-01-29,15:47:39,TCGL,TechCreate Group Ltd.,NYSE American,LULD pause,2026-01-29,16:00:00
2026-01-29,15:45:58,ANL,Adlai Nortye Ltd. American Depositary Shares,Nasdaq,LULD pause,2026-01-29,16:00:00
2026-01-29,15:44:37,QNCX,"""Quince Therapeutics, Inc. Common Stock""",Nasdaq,LULD pause,2026-01-29,15:49:37
2026-01-29,15:37:22,TCGL,TechCreate Group Ltd.,NYSE American,LULD pause,2026-01-29,15:47:22
2026-01-29,15:35:23,QNCX,"""Quince Therapeutics, Inc. Common Stock""",Nasdaq,LULD pause,2026-01-29,15:40:23
2026-01-29,15:32:03,TCGL,TechCreate Group Ltd.,NYSE American,LULD pause,2026-01-29,15:37:03
2026-01-29,15:31:03,NNNN,Anbio Biotechnology Class A Ordinary Shares,Nasdaq,LULD pause,2026-01-29,15:41:03
2026-01-29,15:20:25,TCGL,TechCreate Group Ltd.,NYSE American,LULD pause,2026-01-29,15:30:25
2026-01-29,15:19:28,RPGL,Republic Power Group Limited Class A Ordinary Shares,Nasdaq,LULD pause,2026-01-29,15:24:28
2026-01-29,15:19:27,NNNN,Anbio Biotechnology Class A Ordinary Shares,Nasdaq,LULD pause,2026-01-29,15:29:27
2026-01-29,15:13:47,RPGL,Republic Power Group Limited Class A Ordinary Shares,Nasdaq,LULD pause,2026-01-29,15:18:47
2026-01-29,15:13:26,NNNN,Anbio Biotechnology Class A Ordinary Shares,Nasdaq,LULD pause,2026-01-29,15:18:26
2026-01-29,15:09:51,TCGL,TechCreate Group Ltd.,NYSE American,LULD pause,2026-01-29,15:19:51
2026-01-29,15:08:10,RPGL,Republic Power Group Limited Class A Ordinary Shares,Nasdaq,LULD pause,2026-01-29,15:13:10
2026-01-29,15:06:46,QNCX,"""Quince Therapeutics, Inc. Common Stock""",Nasdaq,News pending,2026-01-29,15:35:00
2026-01-29,15:03:35,TCGL,TechCreate Group Ltd.,NYSE American,LULD pause,2026-01-29,15:08:35
2026-01-29,14:57:32,TCGL,TechCreate Group Ltd.,NYSE American,LULD pause,2026-01-29,15:02:32
2026-01-29,14:57:31,RPGL,Republic Power Group Limited Class A Ordinary Shares,Nasdaq,LULD pause,2026-01-29,15:02:31
2026-01-29,14:51:13,NNNN,Anbio Biotechnology Class A Ordinary Shares,Nasdaq,LULD pause,2026-01-29,15:06:14
2026-01-29,14:49:47,TCGL,TechCreate Group Ltd.,NYSE American,LULD pause,2026-01-29,14:54:47
2026-01-29,14:15:10,HTFB,Horizon Technology Finance Corporation 4.875% Notes due 2026,NYSE,News Released,,
2026-01-29,13:57:48,GCTK,"""GlucoTrack, Inc. Common Stock""",Nasdaq,LULD pause,2026-01-29,14:02:48
2026-01-29,13:54:20,TCGL,TechCreate Group Ltd.,NYSE American,LULD pause,2026-01-29,14:49:23
2026-01-29,13:53:03,DCX,Digital Currency X Technology Inc. Class A Ordinary Shares,Nasdaq,LULD pause,2026-01-29,14:03:03
2026-01-29,13:43:56,TCGL,TechCreate Group Ltd.,NYSE American,LULD pause,2026-01-29,13:53:56
2026-01-29,13:32:42,MSST,YieldMax MSTR Performance & Distribution Target 25 ETF,Cboe BZX,LULD pause,2026-01-29,13:37:42
2026-01-29,12:13:37,TCGL,TechCreate Group Ltd.,NYSE American,LULD pause,2026-01-29,13:43:41
2026-01-29,11:08:48,ESBG,"""First Trust Enhanced Stocks, Bonds & Gold ETF""",NYSE Arca,LULD pause,2026-01-29,11:13:48
2026-01-29,11:07:26,DRCT,"""Direct Digital Holdings, Inc. Class A Common Stock""",Nasdaq,LULD pause,2026-01-29,11:17:26
2026-01-29,11:05:46,TCGL,TechCreate Group Ltd.,NYSE American,LULD pause,2026-01-29,12:13:21
2026-01-29,11:00:31,TCGL,TechCreate Group Ltd.,NYSE American,LULD pause,2026-01-29,11:05:31
2026-01-29,10:55:14,TCGL,TechCreate Group Ltd.,NYSE American,LULD pause,2026-01-29,11:00:14
2026-01-29,10:50:50,TNUK,Tortoise Nuclear Renaissance ETF,NYSE Arca,LULD pause,2026-01-29,10:55:50
2026-01-29,10:48:29,MSGY,Masonglory Limited Ordinary Shares,Nasdaq,LULD pause,2026-01-29,10:53:29
2026-01-29,10:47:35,VTIX,Virtuix Holdings Inc. Class A Common Stock,Nasdaq,LULD pause,2026-01-29,10:52:35
2026-01-29,10:45:56,MSTK,Tuttle Capital MSTR 0DTE Covered Call ETF,Cboe BZX,LULD pause,2026-01-29,10:50:56
2026-01-29,10:44:57,TCGL,TechCreate Group Ltd.,NYSE American,LULD pause,2026-01-29,10:54:57
2026-01-29,10:36:13,VSLU,Applied Finance Valuation Large Cap ETF,NYSE Arca,LULD pause,2026-01-29,10:46:13
2026-01-29,10:34:40,TCGL,TechCreate Group Ltd.,NYSE American,LULD pause,2026-01-29,10:44:40
2026-01-29,10:28:12,SQFTP,"""Presidio Property Trust, Inc. 9.375% Series D Cumulative Redeemable Perpetual Preferred Stock, $0.01 par value per share""",Nasdaq,LULD pause,2026-01-29,10:33:12
2026-01-29,10:19:57,TCGL,TechCreate Group Ltd.,NYSE American,LULD pause,2026-01-29,10:33:36
2026-01-29,10:09:39,TCGL,TechCreate Group Ltd.,NYSE American,LULD pause,2026-01-29,10:19:39
2026-01-29,10:07:37,DRCT,"""Direct Digital Holdings, Inc. Class A Common Stock""",Nasdaq,LULD pause,2026-01-29,10:22:38
2026-01-29,10:05:49,LUD,Luda Technology Group Limited,NYSE American,LULD pause,2026-01-29,10:15:49
2026-01-29,10:04:18,TCGL,TechCreate Group Ltd.,NYSE American,LULD pause,2026-01-29,10:09:18
2026-01-29,10:03:56,IDVZ,The Opal International Dividend Income ETF,Cboe BZX,LULD pause,2026-01-29,10:08:56
2026-01-29,10:02:14,GOAI,Eva Live Inc. Common Stock,Nasdaq,LULD pause,2026-01-29,10:07:14
2026-01-29,10:01:40,TIRX,TIAN RUIXIANG Holdings Ltd Class A Ordinary Shares,Nasdaq,LULD pause,2026-01-29,10:06:40
2026-01-29,09:58:54,TCGL,TechCreate Group Ltd.,NYSE American,LULD pause,2026-01-29,10:03:54
2026-01-29,09:51:18,TIRX,TIAN RUIXIANG Holdings Ltd Class A Ordinary Shares,Nasdaq,LULD pause,2026-01-29,10:01:19
2026-01-29,09:48:51,PHGE,BiomX Inc.,NYSE American,LULD pause,2026-01-29,09:53:51
2026-01-29,09:42:30,GCTK,"""GlucoTrack, Inc. Common Stock""",Nasdaq,LULD pause,2026-01-29,09:47:30
2026-01-29,09:40:30,PHGE,BiomX Inc.,NYSE American,LULD pause,2026-01-29,09:45:30
2026-01-29,09:34:40,ZSTK,ZeroStack Corp. Common Stock,Nasdaq,LULD pause,2026-01-29,09:39:40
2026-01-29,09:30:15,CMDT,PIMCO Commodity Strategy Active Exchange-Traded Fund,NYSE Arca,LULD pause,2026-01-29,09:35:15
2026-01-29,09:30:15,SAPH,SAP SE ADRhedged,NYSE Arca,LULD pause,2026-01-29,09:35:15
2026-01-29,09:30:15,MPU,Mega Matrix Inc.,NYSE American,LULD pause,2026-01-29,09:35:15
2026-01-29,09:16:40,AAM WS,"""AA Mission Acquisition Corp. Warrants, each whole warrant entitles the holder to purchase one Class A ordinary share at a price of $11.50 per share""",NYSE,Regulatory Concern,,
2026-01-29,09:16:40,AAM WS,"""AA Mission Acquisition Corp. Warrants, each whole warrant entitles the holder to purchase one Class A ordinary share at a price of $11.50 per share""",NYSE,Regulatory Concern,See Subsequent Halt,See Subsequent Halt
2026-01-29,08:34:06,SHCO,Soho House & Co Inc.,NYSE,Merger Effective,,
2026-01-28,19:50:00,APLT,"""Applied Therapeutics, Inc. Common Stock""",Nasdaq,News pending,,
2026-01-28,19:50:00,APLT,"""Applied Therapeutics, Inc. Common Stock""",Nasdaq,News pending,2026-01-29,09:05:00
2026-01-28,19:50:00,BJDX,"""Bluejay Diagnostics, Inc. Common Stock""",Nasdaq,News pending,2026-01-29,09:00:00
2026-01-28,19:50:00,BJDX,"""Bluejay Diagnostics, Inc. Common Stock""",Nasdaq,News pending,,
2026-01-28,18:09:53,IONR,ioneer Ltd American Depositary Shares,Nasdaq,News pending,,
2026-01-28,18:09:53,IONR,ioneer Ltd American Depositary Shares,Nasdaq,News pending,2026-01-29,18:50:00
2026-01-28,16:04:23,LMND WS,"""Lemonade, Inc. Warrants to purchase Common Stock""",NYSE American,Regulatory Concern,See Subsequent Halt,See Subsequent Halt
2026-01-28,16:04:23,LMND WS,"""Lemonade, Inc. Warrants to purchase Common Stock""",NYSE American,Regulatory Concern,,
2026-01-28,15:53:43,KXIN,Kaixin Holdings Ordinary Shares,Nasdaq,LULD pause,2026-01-28,16:00:00
2026-01-28,15:48:57,AGPU,Axe Compute Inc. Common Stock,Nasdaq,LULD pause,2026-01-28,16:00:00
2026-01-28,15:45:47,MSGY,Masonglory Limited Ordinary Shares,Nasdaq,LULD pause,2026-01-28,16:00:00
2026-01-28,15:32:32,MSGY,Masonglory Limited Ordinary Shares,Nasdaq,LULD pause,2026-01-28,15:37:32
2026-01-28,15:24:54,MSGY,Masonglory Limited Ordinary Shares,Nasdaq,LULD pause,2026-01-28,15:29:54
2026-01-28,15:06:24,GDEV,GDEV Inc. Ordinary Shares,Nasdaq,LULD pause,2026-01-28,15:11:24
2026-01-28,14:37:13,SQFTP,"""Presidio Property Trust, Inc. 9.375% Series D Cumulative Redeemable Perpetual Preferred Stock, $0.01 par value per share""",Nasdaq,LULD pause,2026-01-28,14:42:13
2026-01-28,14:33:53,KXIN,Kaixin Holdings Ordinary Shares,Nasdaq,LULD pause,2026-01-28,14:52:28
2026-01-28,14:26:44,KXIN,Kaixin Holdings Ordinary Shares,Nasdaq,LULD pause,2026-01-28,14:31:44
2026-01-28,14:16:27,KXIN,Kaixin Holdings Ordinary Shares,Nasdaq,LULD pause,2026-01-28,14:26:27
2026-01-28,14:06:56,MSGY,Masonglory Limited Ordinary Shares,Nasdaq,LULD pause,2026-01-28,14:11:56
2026-01-28,14:00:22,KXIN,Kaixin Holdings Ordinary Shares,Nasdaq,LULD pause,2026-01-28,14:16:12
2026-01-28,13:50:48,MSGY,Masonglory Limited Ordinary Shares,Nasdaq,LULD pause,2026-01-28,13:55:48
2026-01-28,13:41:39,MSGY,Masonglory Limited Ordinary Shares,Nasdaq,LULD pause,2026-01-28,13:46:39
2026-01-28,12:32:04,MSGY,Masonglory Limited Ordinary Shares,Nasdaq,LULD pause,2026-01-28,12:37:04
2026-01-28,12:23:20,MSGY,Masonglory Limited Ordinary Shares,Nasdaq,LULD pause,2026-01-28,12:28:20
2026-01-28,12:17:13,PCTTU,"""PureCycle Technologies, Inc. Unit""",Nasdaq,LULD pause,2026-01-28,12:22:13
2026-01-28,12:15:31,GOAI,Eva Live Inc. Common Stock,Nasdaq,LULD pause,2026-01-28,12:20:31
2026-01-28,11:58:46,GOAI,Eva Live Inc. Common Stock,Nasdaq,LULD pause,2026-01-28,12:03:46
2026-01-28,11:57:01,PCLA,PicoCELA Inc. American Depositary Shares,Nasdaq,LULD pause,2026-01-28,12:07:01
2026-01-28,11:55:48,FEED,"""ENvue Medical, Inc. Common Stock""",Nasdaq,LULD pause,2026-01-28,12:00:48
2026-01-28,11:44:50,PCLA,PicoCELA Inc. American Depositary Shares,Nasdaq,LULD pause,2026-01-28,11:54:50
2026-01-28,11:43:51,MSGY,Masonglory Limited Ordinary Shares,Nasdaq,LULD pause,2026-01-28,11:48:51
2026-01-28,11:36:35,MSGY,Masonglory Limited Ordinary Shares,Nasdaq,LULD pause,2026-01-28,11:41:35
2026-01-28,11:30:17,MSGY,Masonglory Limited Ordinary Shares,Nasdaq,LULD pause,2026-01-28,11:35:17
2026-01-28,11:25:17,GOAI,Eva Live Inc. Common Stock,Nasdaq,LULD pause,2026-01-28,11:30:17
2026-01-28,11:25:05,RGNT,Regentis Biomaterials Ltd.,NYSE American,LULD pause,2026-01-28,11:30:05
2026-01-28,11:18:41,MSGY,Masonglory Limited Ordinary Shares,Nasdaq,LULD pause,2026-01-28,11:28:41
2026-01-28,11:13:14,MSGY,Masonglory Limited Ordinary Shares,Nasdaq,LULD pause,2026-01-28,11:18:14
2026-01-28,11:04:50,RGNT,Regentis Biomaterials Ltd.,NYSE American,LULD pause,2026-01-28,11:24:50
2026-01-28,11:00:25,GOAI,Eva Live Inc. Common Stock,Nasdaq,LULD pause,2026-01-28,11:05:25
2026-01-28,10:57:23,CALC,"""CalciMedica, Inc. Common Stock""",Nasdaq,LULD pause,2026-01-28,11:02:23
2026-01-28,10:51:45,SQFTP,"""Presidio Property Trust, Inc. 9.375% Series D Cumulative Redeemable Perpetual Preferred Stock, $0.01 par value per share""",Nasdaq,LULD pause,2026-01-28,10:56:45
2026-01-28,10:50:48,CALC,"""CalciMedica, Inc. Common Stock""",Nasdaq,LULD pause,2026-01-28,10:55:48
2026-01-28,10:44:16,CALC,"""CalciMedica, Inc. Common Stock""",Nasdaq,LULD pause,2026-01-28,10:49:16
2026-01-28,10:42:41,BNAI,Brand Engagement Network Inc. Common Stock,Nasdaq,LULD pause,2026-01-28,10:47:41
2026-01-28,10:41:20,GOAI,Eva Live Inc. Common Stock,Nasdaq,LULD pause,2026-01-28,10:46:20
2026-01-28,10:38:08,CALC,"""CalciMedica, Inc. Common Stock""",Nasdaq,LULD pause,2026-01-28,10:43:08
2026-01-28,10:34:29,SQFTP,"""Presidio Property Trust, Inc. 9.375% Series D Cumulative Redeemable Perpetual Preferred Stock, $0.01 par value per share""",Nasdaq,LULD pause,2026-01-28,10:44:29
2026-01-28,10:30:35,CALC,"""CalciMedica, Inc. Common Stock""",Nasdaq,LULD pause,2026-01-28,10:35:35
2026-01-28,10:24:56,GOAI,Eva Live Inc. Common Stock,Nasdaq,LULD pause,2026-01-28,10:29:56
2026-01-28,10:23:26,SQFTP,"""Presidio Property Trust, Inc. 9.375% Series D Cumulative Redeemable Perpetual Preferred Stock, $0.01 par value per share""",Nasdaq,LULD pause,2026-01-28,10:33:26
2026-01-28,10:19:30,GOAI,Eva Live Inc. Common Stock,Nasdaq,LULD pause,2026-01-28,10:24:30
2026-01-28,10:13:33,GOAI,Eva Live Inc. Common Stock,Nasdaq,LULD pause,2026-01-28,10:18:33
2026-01-28,10:09:22,SQFTP,"""Presidio Property Trust, Inc. 9.375% Series D Cumulative Redeemable Perpetual Preferred Stock, $0.01 par value per share""",Nasdaq,LULD pause,2026-01-28,10:14:22
2026-01-28,10:05:38,GOAI,Eva Live Inc. Common Stock,Nasdaq,LULD pause,2026-01-28,10:10:38
2026-01-28,09:50:56,GOAI,Eva Live Inc. Common Stock,Nasdaq,LULD pause,2026-01-28,10:00:56
2026-01-28,09:50:50,VTIX,Virtuix Holdings Inc. Class A Common Stock,Nasdaq,LULD pause,2026-01-28,09:55:50
2026-01-28,09:47:56,MSGY,Masonglory Limited Ordinary Shares,Nasdaq,LULD pause,2026-01-28,11:12:56
2026-01-28,09:45:21,GOAI,Eva Live Inc. Common Stock,Nasdaq,LULD pause,2026-01-28,09:50:21
2026-01-28,09:41:42,VTIX,Virtuix Holdings Inc. Class A Common Stock,Nasdaq,LULD pause,2026-01-28,09:46:42
2026-01-28,09:39:12,GOAI,Eva Live Inc. Common Stock,Nasdaq,LULD pause,2026-01-28,09:44:12
2026-01-28,09:32:46,GRI,"""GRI Bio, Inc. Common Stock""",Nasdaq,LULD pause,2026-01-28,09:37:46
2026-01-28,09:32:34,SQFTP,"""Presidio Property Trust, Inc. 9.375% Series D Cumulative Redeemable Perpetual Preferred Stock, $0.01 par value per share""",Nasdaq,LULD pause,2026-01-28,09:43:04
2026-01-28,09:31:40,GOAI,Eva Live Inc. Common Stock,Nasdaq,LULD pause,2026-01-28,09:36:40
2026-01-28,09:30:25,VTIX,Virtuix Holdings Inc. Class A Common Stock,Nasdaq,LULD pause,2026-01-28,09:40:25
2026-01-28,06:55:00,CALC,"""CalciMedica, Inc. Common Stock""",Nasdaq,News pending,2026-01-28,07:40:01
2026-01-27,19:50:00,REVBW,"""Revelation Biosciences, Inc. Warrant""",Nasdaq,News pending,2026-01-28,09:05:00
2026-01-27,19:50:00,REVBW,"""Revelation Biosciences, Inc. Warrant""",Nasdaq,News pending,,
2026-01-27,19:50:00,APLT,"""Applied Therapeutics, Inc. Common Stock""",Nasdaq,News pending,,
2026-01-27,19:50:00,APLT,"""Applied Therapeutics, Inc. Common Stock""",Nasdaq,News pending,2026-01-28,09:15:00
2026-01-27,19:50:00,REVB,"""Revelation Biosciences, Inc. Common Stock""",Nasdaq,News pending,,
2026-01-27,19:50:00,REVB,"""Revelation Biosciences, Inc. Common Stock""",Nasdaq,News pending,2026-01-28,09:00:00
2026-01-27,19:50:00,RPTX,Repare Therapeutics Inc. Common Shares,Nasdaq,News pending,,
2026-01-27,15:54:10,QLVE,FlexShares Emerging Markets Quality Low Volatility Index Fund,NYSE Arca,LULD pause,2026-01-27,16:00:00
2026-01-27,15:50:54,VTIX,Virtuix Holdings Inc. Class A Common Stock,Nasdaq,LULD pause,2026-01-27,16:00:00
2026-01-27,15:39:42,GURE,"""Gulf Resources, Inc. (NV) Common Stock""",Nasdaq,LULD pause,2026-01-27,15:44:42
2026-01-27,15:37:56,VTIX,Virtuix Holdings Inc. Class A Common Stock,Nasdaq,LULD pause,2026-01-27,15:47:56
2026-01-27,15:00:39,FLGC,Flora Growth Corp. Common Stock,Nasdaq,LULD pause,2026-01-27,15:05:39
2026-01-27,14:50:59,VTIX,Virtuix Holdings Inc. Class A Common Stock,Nasdaq,LULD pause,2026-01-27,14:55:59
2026-01-27,14:50:34,FLGC,Flora Growth Corp. Common Stock,Nasdaq,LULD pause,2026-01-27,14:55:34
2026-01-27,14:38:49,VTIX,Virtuix Holdings Inc. Class A Common Stock,Nasdaq,LULD pause,2026-01-27,14:48:49
2026-01-27,14:32:15,VTIX,Virtuix Holdings Inc. Class A Common Stock,Nasdaq,LULD pause,2026-01-27,14:37:15
2026-01-27,14:11:48,VTIX,Virtuix Holdings Inc. Class A Common Stock,Nasdaq,LULD pause,2026-01-27,14:31:49
2026-01-27,13:35:31,VTIX,Virtuix Holdings Inc. Class A Common Stock,Nasdaq,LULD pause,2026-01-27,14:10:32
2026-01-27,13:25:04,VTIX,Virtuix Holdings Inc. Class A Common Stock,Nasdaq,LULD pause,2026-01-27,13:35:04
2026-01-27,13:04:59,MB,MasterBeef Group Ordinary Shares,Nasdaq,LULD pause,2026-01-27,13:34:59
2026-01-27,12:59:08,MB,MasterBeef Group Ordinary Shares,Nasdaq,LULD pause,2026-01-27,13:04:08
2026-01-27,12:53:17,VTIX,Virtuix Holdings Inc. Class A Common Stock,Nasdaq,LULD pause,2026-01-27,13:23:18
2026-01-27,12:42:47,VTIX,Virtuix Holdings Inc. Class A Common Stock,Nasdaq,LULD pause,2026-01-27,12:52:49
2026-01-27,12:36:18,VTIX,Virtuix Holdings Inc. Class A Common Stock,Nasdaq,LULD pause,2026-01-27,12:41:18
2026-01-27,12:24:31,VTIX,Virtuix Holdings Inc. Class A Common Stock,Nasdaq,LULD pause,2026-01-27,12:34:32
2026-01-27,12:09:06,VTIX,Virtuix Holdings Inc. Class A Common Stock,Nasdaq,LULD pause,2026-01-27,12:24:08
2026-01-27,12:03:44,VTIX,Virtuix Holdings Inc. Class A Common Stock,Nasdaq,LULD pause,2026-01-27,12:08:44
2026-01-27,11:52:45,VTIX,Virtuix Holdings Inc. Class A Common Stock,Nasdaq,LULD pause,2026-01-27,12:02:46
2026-01-27,11:16:17,VTIX,Virtuix Holdings Inc. Class A Common Stock,Nasdaq,LULD pause,2026-01-27,11:52:09
2026-01-27,11:07:51,ONEG,OneConstruction Group Limited Ordinary Shares,Nasdaq,LULD pause,2026-01-27,11:12:51
2026-01-27,11:05:22,NBY,"""NovaBay Pharmaceuticals, Inc.""",NYSE American,LULD pause,2026-01-27,11:10:22
2026-01-27,11:02:28,ONEG,OneConstruction Group Limited Ordinary Shares,Nasdaq,LULD pause,2026-01-27,11:07:28
2026-01-27,10:58:55,MOVE,Movano Inc. Common Stock,Nasdaq,LULD pause,2026-01-27,11:03:55
2026-01-27,10:56:57,ONEG,OneConstruction Group Limited Ordinary Shares,Nasdaq,LULD pause,2026-01-27,11:01:57
2026-01-27,10:24:21,ASPC,A SPAC III Acquisition Corp. Class A Ordinary Shares,Nasdaq,LULD pause,2026-01-27,10:34:21
2026-01-27,10:20:18,ASPCU,A SPAC III Acquisition Corp. Unit,Nasdaq,LULD pause,2026-01-27,10:25:18
2026-01-27,10:14:47,MOVE,Movano Inc. Common Stock,Nasdaq,LULD pause,2026-01-27,10:19:47
2026-01-27,10:14:31,ASPC,A SPAC III Acquisition Corp. Class A Ordinary Shares,Nasdaq,LULD pause,2026-01-27,10:19:31
2026-01-27,10:09:00,HIND,"""Vyome Holdings, Inc. Common Stock""",Nasdaq,LULD pause,2026-01-27,10:14:00
2026-01-27,10:07:51,GITS,"""Global Interactive Technologies, Inc. Common Stock""",Nasdaq,LULD pause,2026-01-27,10:12:51
2026-01-27,10:05:51,MINE,Mayfair Gold Corp.,NYSE American,LULD pause,2026-01-27,10:10:51
2026-01-27,10:04:47,MOVE,Movano Inc. Common Stock,Nasdaq,LULD pause,2026-01-27,10:09:47
2026-01-27,09:58:31,HIND,"""Vyome Holdings, Inc. Common Stock""",Nasdaq,LULD pause,2026-01-27,10:08:31
2026-01-27,09:57:57,MOVE,Movano Inc. Common Stock,Nasdaq,LULD pause,2026-01-27,10:02:57
2026-01-27,09:55:44,MINE,Mayfair Gold Corp.,NYSE American,LULD pause,2026-01-27,10:00:44
2026-01-27,09:51:42,MOVE,Movano Inc. Common Stock,Nasdaq,LULD pause,2026-01-27,09:56:42
2026-01-27,09:51:33,GITS,"""Global Interactive Technologies, Inc. Common Stock""",Nasdaq,LULD pause,2026-01-27,10:01:33
2026-01-27,09:47:40,XHLD,"""TEN Holdings, Inc. Common Stock""",Nasdaq,LULD pause,2026-01-27,09:52:40
2026-01-27,09:41:09,GITS,"""Global Interactive Technologies, Inc. Common Stock""",Nasdaq,LULD pause,2026-01-27,09:51:09
2026-01-27,09:39:07,PHGE,BiomX Inc.,NYSE American,LULD pause,2026-01-27,09:44:07
2026-01-27,09:38:02,BATL,Battalion Oil Corporation,NYSE American,LULD pause,2026-01-27,09:43:02
2026-01-27,09:31:25,PHGE,BiomX Inc.,NYSE American,LULD pause,2026-01-27,09:36:25
2026-01-26,15:50:00,DRCT,"""Direct Digital Holdings, Inc. Class A Common Stock""",Nasdaq,LULD pause,2026-01-26,16:00:00
2026-01-26,15:47:32,DOGZ,Dogness (International) Corporation Class A Common Stock,Nasdaq,LULD pause,2026-01-26,16:00:00
2026-01-26,15:42:12,DOGZ,Dogness (International) Corporation Class A Common Stock,Nasdaq,LULD pause,2026-01-26,15:47:12
2026-01-26,15:01:10,BNAI,Brand Engagement Network Inc. Common Stock,Nasdaq,LULD pause,2026-01-26,15:06:10
2026-01-26,14:49:25,DMCY,Democracy International Fund,NYSE Arca,News pending,2026-01-26,16:50:00
2026-01-26,14:34:57,DOGZ,Dogness (International) Corporation Class A Common Stock,Nasdaq,LULD pause,2026-01-26,15:41:52
2026-01-26,13:57:03,HCHL,Happy City Holdings Limited Class A Ordinary shares,Nasdaq,LULD pause,2026-01-26,14:02:03
2026-01-26,13:51:24,HCHL,Happy City Holdings Limited Class A Ordinary shares,Nasdaq,LULD pause,2026-01-26,13:56:24
2026-01-26,13:45:54,HCHL,Happy City Holdings Limited Class A Ordinary shares,Nasdaq,LULD pause,2026-01-26,13:50:54
2026-01-26,13:40:26,HCHL,Happy City Holdings Limited Class A Ordinary shares,Nasdaq,LULD pause,2026-01-26,13:45:26
2026-01-26,13:29:58,HCHL,Happy City Holdings Limited Class A Ordinary shares,Nasdaq,LULD pause,2026-01-26,13:39:58
2026-01-26,13:22:49,HCHL,Happy City Holdings Limited Class A Ordinary shares,Nasdaq,LULD pause,2026-01-26,13:27:49
2026-01-26,13:10:24,HCHL,Happy City Holdings Limited Class A Ordinary shares,Nasdaq,LULD pause,2026-01-26,13:20:25
2026-01-26,13:03:54,DXST,Decent Holding Inc Class A Ordinary Shares,Nasdaq,LULD pause,2026-01-26,13:08:54
2026-01-26,12:59:57,HCHL,Happy City Holdings Limited Class A Ordinary shares,Nasdaq,LULD pause,2026-01-26,13:09:57
2026-01-26,12:53:26,HCHL,Happy City Holdings Limited Class A Ordinary shares,Nasdaq,LULD pause,2026-01-26,12:58:26
2026-01-26,12:40:32,CNEY,CN Energy Group Inc. Class A Ordinary Shares,Nasdaq,LULD pause,2026-01-26,12:45:32
2026-01-26,12:37:55,HCHL,Happy City Holdings Limited Class A Ordinary shares,Nasdaq,LULD pause,2026-01-26,12:47:55
2026-01-26,12:31:09,HCHL,Happy City Holdings Limited Class A Ordinary shares,Nasdaq,LULD pause,2026-01-26,12:36:09
2026-01-26,12:19:55,HCHL,Happy City Holdings Limited Class A Ordinary shares,Nasdaq,LULD pause,2026-01-26,12:24:55
2026-01-26,12:16:26,HL PRB,Hecla Mining Company Series B Cumulative Convertible Preferred,NYSE,News pending,2026-01-26,12:44:31
2026-01-26,12:16:26,HL,Hecla Mining Company,NYSE,News pending,2026-01-26,12:43:24
2026-01-26,12:13:26,HCHL,Happy City Holdings Limited Class A Ordinary shares,Nasdaq,LULD pause,2026-01-26,12:18:26
2026-01-26,12:07:45,HCHL,Happy City Holdings Limited Class A Ordinary shares,Nasdaq,LULD pause,2026-01-26,12:12:45
2026-01-26,12:02:30,HCHL,Happy City Holdings Limited Class A Ordinary shares,Nasdaq,LULD pause,2026-01-26,12:07:30
2026-01-26,11:52:14,HCHL,Happy City Holdings Limited Class A Ordinary shares,Nasdaq,LULD pause,2026-01-26,12:02:15
2026-01-26,11:46:55,HCHL,Happy City Holdings Limited Class A Ordinary shares,Nasdaq,LULD pause,2026-01-26,11:51:55
2026-01-26,11:35:02,HCHL,Happy City Holdings Limited Class A Ordinary shares,Nasdaq,LULD pause,2026-01-26,11:45:02
2026-01-26,11:29:38,HCHL,Happy City Holdings Limited Class A Ordinary shares,Nasdaq,LULD pause,2026-01-26,11:34:38
2026-01-26,11:24:23,HCHL,Happy City Holdings Limited Class A Ordinary shares,Nasdaq,LULD pause,2026-01-26,11:29:23
2026-01-26,11:19:08,HCHL,Happy City Holdings Limited Class A Ordinary shares,Nasdaq,LULD pause,2026-01-26,11:24:08
2026-01-26,11:15:15,HUHU,HUHUTECH International Group Inc. Ordinary Shares,Nasdaq,LULD pause,2026-01-26,11:20:15
2026-01-26,10:38:30,WSHP,WeShop Holdings Limited Class A Ordinary Shares,Nasdaq,LULD pause,2026-01-26,10:43:30
2026-01-26,10:37:22,BNAI,Brand Engagement Network Inc. Common Stock,Nasdaq,LULD pause,2026-01-26,10:42:22
2026-01-26,10:28:38,ATGL,Alpha Technology Group Limited Class A Ordinary Shares,Nasdaq,LULD pause,2026-01-26,10:33:38
2026-01-26,10:26:30,GRAN,Grande Group Limited Class A Ordinary Shares,Nasdaq,LULD pause,2026-01-26,10:31:30
2026-01-26,10:26:28,BNAI,Brand Engagement Network Inc. Common Stock,Nasdaq,LULD pause,2026-01-26,10:31:28
2026-01-26,10:20:41,LUD,Luda Technology Group Limited,NYSE American,LULD pause,2026-01-26,10:30:41
2026-01-26,10:16:24,ATGL,Alpha Technology Group Limited Class A Ordinary Shares,Nasdaq,LULD pause,2026-01-26,10:26:25
2026-01-26,10:13:33,BNAI,Brand Engagement Network Inc. Common Stock,Nasdaq,LULD pause,2026-01-26,10:18:33
2026-01-26,10:11:58,SLGB,Smart Logistics Global Limited Ordinary Shares,Nasdaq,LULD pause,2026-01-26,10:16:58
2026-01-26,10:11:00,GRAN,Grande Group Limited Class A Ordinary Shares,Nasdaq,LULD pause,2026-01-26,10:16:00
2026-01-26,10:08:07,BNAI,Brand Engagement Network Inc. Common Stock,Nasdaq,LULD pause,2026-01-26,10:13:07
2026-01-26,10:01:08,BNAI,Brand Engagement Network Inc. Common Stock,Nasdaq,LULD pause,2026-01-26,10:06:08
2026-01-26,09:59:43,SLGB,Smart Logistics Global Limited Ordinary Shares,Nasdaq,LULD pause,2026-01-26,10:04:43
2026-01-26,09:57:48,MOVE,Movano Inc. Common Stock,Nasdaq,LULD pause,2026-01-26,10:02:48
2026-01-26,09:55:44,ANPA,Rich Sparkle Holdings Limited Ordinary Shares,Nasdaq,LULD pause,2026-01-26,10:05:44
2026-01-26,09:54:05,SLGB,Smart Logistics Global Limited Ordinary Shares,Nasdaq,LULD pause,2026-01-26,09:59:05
2026-01-26,09:47:04,NAMM,Namib Minerals Ordinary Shares,Nasdaq,LULD pause,2026-01-26,09:52:04
2026-01-26,09:36:08,BNAI,Brand Engagement Network Inc. Common Stock,Nasdaq,LULD pause,2026-01-26,09:41:08
2026-01-26,09:33:13,NAMM,Namib Minerals Ordinary Shares,Nasdaq,LULD pause,2026-01-26,09:38:13
2026-01-26,09:30:43,BNAI,Brand Engagement Network Inc. Common Stock,Nasdaq,LULD pause,2026-01-26,09:35:43
2026-01-26,08:50:00,LKQ,LKQ Corporation,Nasdaq,News pending,2026-01-26,09:55:00
2026-01-26,07:55:00,LE,"""Lands' End, Inc. Common Stock""",Nasdaq,News pending,2026-01-26,08:36:27
2026-01-23,19:50:00,NIVFW,NewGenIvf Group Limited Warrants,Nasdaq,News pending,2026-01-26,09:05:00
2026-01-23,19:50:00,NIVFW,NewGenIvf Group Limited Warrants,Nasdaq,News pending,,
2026-01-23,19:50:00,NIVF,NewGenIvf Group Limited Class A ordinary shares,Nasdaq,News pending,,
2026-01-23,19:50:00,NIVF,NewGenIvf Group Limited Class A ordinary shares,Nasdaq,News pending,2026-01-26,09:00:00
2026-01-23,19:50:00,MKDWW,MKDWELL Tech Inc. Warrants,Nasdaq,News pending,,
2026-01-23,19:50:00,MKDWW,MKDWELL Tech Inc. Warrants,Nasdaq,News pending,2026-01-26,09:05:00
2026-01-23,19:50:00,MTEN,Mingteng International Corporation Inc. Class A Ordinary Shares,Nasdaq,News pending,2026-01-26,09:00:00
2026-01-23,19:50:00,MTEN,Mingteng International Corporation Inc. Class A Ordinary Shares,Nasdaq,News pending,,
2026-01-23,19:50:00,LRHC,La Rosa Holding Corp. Common Stock,Nasdaq,News pending,,
2026-01-23,19:50:00,LRHC,La Rosa Holding Corp. Common Stock,Nasdaq,News pending,2026-01-26,09:00:00
2026-01-23,19:50:00,PCLA,PicoCELA Inc. American Depositary Shares,Nasdaq,News pending,,
2026-01-23,19:50:00,PCLA,PicoCELA Inc. American Depositary Shares,Nasdaq,News pending,2026-01-26,09:00:00
2026-01-23,19:50:00,XXII,22nd Century Group Inc.,Nasdaq,News pending,,
2026-01-23,19:50:00,XXII,22nd Century Group Inc.,Nasdaq,News pending,2026-01-26,09:00:00
2026-01-23,19:50:00,CISS,C3is Inc. Common Stock,Nasdaq,News pending,2026-01-26,09:00:00
2026-01-23,19:50:00,CISS,C3is Inc. Common Stock,Nasdaq,News pending,,
2026-01-23,19:50:00,BNRG,Brenmiller Energy Ltd Ordinary Shares,Nasdaq,News pending,,
2026-01-23,19:50:00,BNRG,Brenmiller Energy Ltd Ordinary Shares,Nasdaq,News pending,2026-01-26,09:00:00
2026-01-23,19:50:00,GRI,"""GRI Bio, Inc. Common Stock""",Nasdaq,News pending,,
2026-01-23,19:50:00,GRI,"""GRI Bio, Inc. Common Stock""",Nasdaq,News pending,2026-01-26,09:00:00
2026-01-23,19:50:00,MKDW,MKDWELL Tech Inc. Ordinary Share,Nasdaq,News pending,,
2026-01-23,19:50:00,MKDW,MKDWELL Tech Inc. Ordinary Share,Nasdaq,News pending,2026-01-26,09:00:00
2026-01-23,19:50:00,BTF,Valkyrie ETF Trust II CoinShares Bitcoin and Ether ETF,Nasdaq,News pending,,
2026-01-23,19:50:00,BTF,Valkyrie ETF Trust II CoinShares Bitcoin and Ether ETF,Nasdaq,News pending,2026-01-26,09:00:00
2026-01-23,15:18:43,DRCT,"""Direct Digital Holdings, Inc. Class A Common Stock""",Nasdaq,LULD pause,2026-01-23,15:23:43
2026-01-23,12:28:56,AIM,AIM ImmunoTech Inc.,NYSE American,News pending,2026-01-23,13:40:00
2026-01-23,11:07:31,THH,TryHard Holdings Limited Ordinary Shares,Nasdaq,LULD pause,2026-01-23,11:12:31
2026-01-23,10:48:13,QCLS,"""Q/C Technologies, Inc. Common Stock""",Nasdaq,LULD pause,2026-01-23,10:58:13
2026-01-23,10:44:40,WHLRD,"""Wheeler Real Estate Investment Trust, Inc. Series D Cumulative Preferred Stock""",Nasdaq,LULD pause,2026-01-23,10:49:40
2026-01-23,10:42:00,NAMM,Namib Minerals Ordinary Shares,Nasdaq,LULD pause,2026-01-23,10:47:00
2026-01-23,10:30:21,THH,TryHard Holdings Limited Ordinary Shares,Nasdaq,LULD pause,2026-01-23,10:35:21
2026-01-23,10:21:15,ATLN,Atlantic International Corp. Common Stock,Nasdaq,LULD pause,2026-01-23,10:26:15
2026-01-23,10:15:36,THH,TryHard Holdings Limited Ordinary Shares,Nasdaq,LULD pause,2026-01-23,10:20:36
2026-01-23,10:07:13,UONE,"""Urban One, Inc. Class A Common Stock""",Nasdaq,LULD pause,2026-01-23,10:12:13
2026-01-23,10:00:17,NAMM,Namib Minerals Ordinary Shares,Nasdaq,LULD pause,2026-01-23,10:05:17
2026-01-23,09:55:25,THH,TryHard Holdings Limited Ordinary Shares,Nasdaq,LULD pause,2026-01-23,10:00:25
2026-01-23,09:53:48,NAMM,Namib Minerals Ordinary Shares,Nasdaq,LULD pause,2026-01-23,09:58:48
2026-01-23,09:49:44,MOVE,Movano Inc. Common Stock,Nasdaq,LULD pause,2026-01-23,09:54:44
2026-01-23,09:47:09,THH,TryHard Holdings Limited Ordinary Shares,Nasdaq,LULD pause,2026-01-23,09:52:09
2026-01-23,09:37:50,SLE,"""Super League Enterprise, Inc. Common Stock""",Nasdaq,LULD pause,2026-01-23,09:42:50
2026-01-23,09:37:07,UONE,"""Urban One, Inc. Class A Common Stock""",Nasdaq,LULD pause,2026-01-23,09:47:07
2026-01-23,09:33:17,EVNT,AltShares Event-Driven ETF,NYSE Arca,LULD pause,2026-01-23,09:38:17
2026-01-23,09:33:11,RAYA,Erayak Power Solution Group Inc. Class A Ordinary Shares,Nasdaq,LULD pause,2026-01-23,09:38:11
2026-01-23,09:32:30,SLE,"""Super League Enterprise, Inc. Common Stock""",Nasdaq,LULD pause,2026-01-23,09:37:30
2026-01-23,09:30:33,NEOV,NeoVolta Inc. Common Stock,Nasdaq,LULD pause,2026-01-23,09:35:33
2026-01-23,08:13:19,GES,"""Guess, Inc.""",NYSE,Merger Effective,,
2026-01-22,19:52:00,UONEK,"""Urban One, Inc. Class D Common Stock""",Nasdaq,News pending,,
2026-01-22,19:52:00,UONEK,"""Urban One, Inc. Class D Common Stock""",Nasdaq,News pending,2026-01-23,09:00:00
2026-01-22,19:50:00,UONE,"""Urban One, Inc. Class A Common Stock""",Nasdaq,News pending,,
2026-01-22,19:50:00,UONE,"""Urban One, Inc. Class A Common Stock""",Nasdaq,News pending,2026-01-23,09:00:00
2026-01-22,19:50:00,ATXS,"""Astria Therapeutics, Inc. Common Stock""",Nasdaq,News pending,,
2026-01-22,19:50:00,SLE,"""Super League Enterprise, Inc. Common Stock""",Nasdaq,News pending,2026-01-23,09:00:00
2026-01-22,19:50:00,SLE,"""Super League Enterprise, Inc. Common Stock""",Nasdaq,News pending,,
2026-01-22,19:50:00,CCTG,CCSC Technology International Holdings Limited Class A Ordinary Shares,Nasdaq,News pending,2026-01-23,09:00:00
2026-01-22,19:50:00,CCTG,CCSC Technology International Holdings Limited Class A Ordinary Shares,Nasdaq,News pending,,
2026-01-22,14:31:49,EVTV,"""Envirotech Vehicles, Inc. Common Stock""",Nasdaq,LULD pause,2026-01-22,14:36:49
2026-01-22,14:14:39,ANPA,Rich Sparkle Holdings Limited Ordinary Shares,Nasdaq,LULD pause,2026-01-22,14:19:39
2026-01-22,13:51:43,KEMX,KraneShares MSCI Emerging Markets Ex China Index ETF,NYSE Arca,LULD pause,2026-01-22,13:56:43
2026-01-22,10:30:33,PANL,Pangaea Logistics Solutions Ltd.,Nasdaq,LULD pause,2026-01-22,10:40:34
2026-01-22,10:19:35,SPHL,Springview Holdings Ltd Class A Ordinary Shares,Nasdaq,LULD pause,2026-01-22,10:24:35
2026-01-22,10:12:13,SPHL,Springview Holdings Ltd Class A Ordinary Shares,Nasdaq,LULD pause,2026-01-22,10:17:13
2026-01-22,10:05:57,SPHL,Springview Holdings Ltd Class A Ordinary Shares,Nasdaq,LULD pause,2026-01-22,10:10:57
2026-01-22,09:59:01,SPHL,Springview Holdings Ltd Class A Ordinary Shares,Nasdaq,LULD pause,2026-01-22,10:04:01
2026-01-22,09:53:43,SPHL,Springview Holdings Ltd Class A Ordinary Shares,Nasdaq,LULD pause,2026-01-22,09:58:43
2026-01-22,09:36:36,JL,J-Long Group Limited Class A Ordinary Shares,Nasdaq,LULD pause,2026-01-22,09:46:36
2026-01-22,07:25:00,EGHAU,EGH Acquisition Corp. Unit,Nasdaq,News pending,2026-01-22,08:05:00
2026-01-22,07:25:00,EGHAR,EGH Acquisition Corp. Rights,Nasdaq,News pending,2026-01-22,08:05:00
2026-01-22,07:25:00,EGHA,EGH Acquisition Corp. Class A Ordinary Shares,Nasdaq,News pending,2026-01-22,08:00:00
2026-01-22,06:55:00,SVACW,Spring Valley Acquisition Corp. III Warrant,Nasdaq,News pending,2026-01-22,08:25:00
2026-01-22,06:55:00,SVACU,Spring Valley Acquisition Corp. III Unit,Nasdaq,News pending,2026-01-22,08:25:00
2026-01-22,06:55:00,SVAC,Spring Valley Acquisition Corp. III Class A Ordinary Shares,Nasdaq,News pending,2026-01-22,08:20:00
2026-01-21,19:50:00,DCX,Digital Currency X Technology Inc. Class A Ordinary Shares,Nasdaq,News pending,2026-01-22,09:00:00
2026-01-21,19:50:00,DCX,Digital Currency X Technology Inc. Class A Ordinary Shares,Nasdaq,News pending,,
2026-01-21,15:48:50,LVLU,"""Lulu's Fashion Lounge Holdings, Inc. Common Stock""",Nasdaq,LULD pause,2026-01-21,16:00:00
2026-01-21,15:17:19,HECO,SPDR Galaxy Hedged Digital Asset Ecosystem ETF,Nasdaq,LULD pause,2026-01-21,15:22:19
2026-01-21,15:05:31,AFJK,"""Aimei Health Technology Co., Ltd Ordinary Share""",Nasdaq,LULD pause,2026-01-21,15:10:31
2026-01-21,14:57:56,FEDU,"""Four Seasons Education (Cayman) Inc. American depositary shares, each representing ten (10) Ordinary Shares""",NYSE,LULD pause,2026-01-21,15:02:56
2026-01-21,14:52:40,FEDU,"""Four Seasons Education (Cayman) Inc. American depositary shares, each representing ten (10) Ordinary Shares""",NYSE,LULD pause,2026-01-21,14:57:40
2026-01-21,14:39:29,TOXR,21Shares XRP ETF,Cboe BZX,LULD pause,2026-01-21,14:44:29
2026-01-21,14:22:35,ATCX,Atlas Critical Minerals Corporation Common Stock,Nasdaq,LULD pause,2026-01-21,14:32:35
2026-01-21,14:20:38,AFJK,"""Aimei Health Technology Co., Ltd Ordinary Share""",Nasdaq,LULD pause,2026-01-21,14:25:38
2026-01-21,11:38:56,PLSM,Pulsenmore Ltd. Ordinary Shares,Nasdaq,LULD pause,2026-01-21,11:43:56
2026-01-21,11:30:12,PAVM,PAVmed Inc. Common Stock,Nasdaq,LULD pause,2026-01-21,11:35:12
2026-01-21,11:17:54,PAVM,PAVmed Inc. Common Stock,Nasdaq,LULD pause,2026-01-21,11:22:54
2026-01-21,10:56:02,PAVM,PAVmed Inc. Common Stock,Nasdaq,LULD pause,2026-01-21,11:06:02
2026-01-21,10:25:55,VRM,"""Vroom, Inc. Common Stock""",Nasdaq,LULD pause,2026-01-21,10:30:55
2026-01-21,10:21:17,HUHU,HUHUTECH International Group Inc. Ordinary Shares,Nasdaq,LULD pause,2026-01-21,10:31:17
2026-01-21,10:18:07,CGTL,Creative Global Technology Holdings Limited Class A Ordinary Shares,Nasdaq,LULD pause,2026-01-21,10:23:07
2026-01-21,10:03:57,SPHL,Springview Holdings Ltd Class A Ordinary Shares,Nasdaq,LULD pause,2026-01-21,10:08:57
2026-01-21,10:01:43,BNAI,Brand Engagement Network Inc. Common Stock,Nasdaq,LULD pause,2026-01-21,10:11:43
2026-01-21,09:58:01,PAVM,PAVmed Inc. Common Stock,Nasdaq,LULD pause,2026-01-21,10:03:01
2026-01-21,09:52:31,ROLR,"""High Roller Technologies, Inc.""",NYSE American,LULD pause,2026-01-21,09:57:31
2026-01-21,09:49:00,PELIU,Pelican Acquisition Corporation Unit,Nasdaq,LULD pause,2026-01-21,09:54:00
2026-01-21,09:42:53,GITS,"""Global Interactive Technologies, Inc. Common Stock""",Nasdaq,LULD pause,2026-01-21,09:52:53
2026-01-21,09:37:26,GITS,"""Global Interactive Technologies, Inc. Common Stock""",Nasdaq,LULD pause,2026-01-21,09:42:26
2026-01-21,09:37:11,PAVM,PAVmed Inc. Common Stock,Nasdaq,LULD pause,2026-01-21,09:42:11
2026-01-21,09:36:03,ROMA,Roma Green Finance Limited Class A Ordinary Shares,Nasdaq,LULD pause,2026-01-21,09:46:03
2026-01-21,09:34:03,CGTL,Creative Global Technology Holdings Limited Class A Ordinary Shares,Nasdaq,LULD pause,2026-01-21,09:39:03
2026-01-21,09:33:40,SGLY,Singularity Future Technology Ltd. Common Stock,Nasdaq,LULD pause,2026-01-21,09:38:40
2026-01-21,09:32:12,SLNHP,"""Soluna Holdings, Inc 9.0% Series A Cumulative Perpetual Preferred Stock""",Nasdaq,LULD pause,2026-01-21,09:37:12
2026-01-21,09:31:23,NNEX,Tradr 2X Long NNE Daily ETF,Cboe BZX,LULD pause,2026-01-21,09:36:23
2026-01-21,07:25:00,VERO,Venus Concept Inc. Common Stock,Nasdaq,News pending,2026-01-21,08:00:00
2026-01-21,06:55:00,LSTA,"""Lisata Therapeutics, Inc. Common Stock""",Nasdaq,News pending,2026-01-21,07:30:00
2026-01-20,14:56:26,SEGG,"""Lottery.com, Inc. Common Stock""",Nasdaq,LULD pause,2026-01-20,15:06:26
2026-01-20,14:42:59,SEGG,"""Lottery.com, Inc. Common Stock""",Nasdaq,LULD pause,2026-01-20,14:52:59
2026-01-20,14:11:56,SEGG,"""Lottery.com, Inc. Common Stock""",Nasdaq,LULD pause,2026-01-20,14:41:57
2026-01-20,11:34:30,WHLRP,"""Wheeler Real Estate Investment Trust, Inc. Preferred Stock""",Nasdaq,LULD pause,2026-01-20,11:39:30
2026-01-20,11:31:21,SYPR,Sypris Solutions Inc,Nasdaq,LULD pause,2026-01-20,11:41:21
2026-01-20,11:26:50,QGEN,QIAGEN N.V.,NYSE,LULD pause,2026-01-20,11:32:40
2026-01-20,11:23:55,LHAI,Linkhome Holdings Inc. Common stock,Nasdaq,LULD pause,2026-01-20,11:28:55
2026-01-20,11:15:15,SYPR,Sypris Solutions Inc,Nasdaq,LULD pause,2026-01-20,11:20:15
2026-01-20,11:07:28,WHLRP,"""Wheeler Real Estate Investment Trust, Inc. Preferred Stock""",Nasdaq,LULD pause,2026-01-20,11:12:28
2026-01-20,10:57:12,SEGG,"""Lottery.com, Inc. Common Stock""",Nasdaq,LULD pause,2026-01-20,11:07:12
2026-01-20,10:51:35,SEGG,"""Lottery.com, Inc. Common Stock""",Nasdaq,LULD pause,2026-01-20,10:56:35
2026-01-20,10:50:00,LHAI,Linkhome Holdings Inc. Common stock,Nasdaq,LULD pause,2026-01-20,10:55:00
2026-01-20,10:48:12,JG,Aurora Mobile Limited American Depositary Shares,Nasdaq,LULD pause,2026-01-20,10:53:12
2026-01-20,10:45:54,TWG,Top Wealth Group Holding Limited Class A Ordinary Shares,Nasdaq,LULD pause,2026-01-20,10:50:54
2026-01-20,10:45:52,SEGG,"""Lottery.com, Inc. Common Stock""",Nasdaq,LULD pause,2026-01-20,10:50:52
2026-01-20,10:37:22,TWG,Top Wealth Group Holding Limited Class A Ordinary Shares,Nasdaq,LULD pause,2026-01-20,10:42:22
2026-01-20,10:32:52,SEGG,"""Lottery.com, Inc. Common Stock""",Nasdaq,LULD pause,2026-01-20,10:37:52
2026-01-20,10:32:31,LHAI,Linkhome Holdings Inc. Common stock,Nasdaq,LULD pause,2026-01-20,10:47:31
2026-01-20,10:27:07,SEGG,"""Lottery.com, Inc. Common Stock""",Nasdaq,LULD pause,2026-01-20,10:32:07
2026-01-20,10:12:12,TWG,Top Wealth Group Holding Limited Class A Ordinary Shares,Nasdaq,LULD pause,2026-01-20,10:17:12
2026-01-20,09:59:33,BTOG,Bit Origin Limited Class A Ordinary Shares,Nasdaq,LULD pause,2026-01-20,10:09:33
2026-01-20,09:53:56,BTOG,Bit Origin Limited Class A Ordinary Shares,Nasdaq,LULD pause,2026-01-20,09:58:56
2026-01-20,09:50:29,LHAI,Linkhome Holdings Inc. Common stock,Nasdaq,LULD pause,2026-01-20,09:55:29
2026-01-20,09:48:06,BTOG,Bit Origin Limited Class A Ordinary Shares,Nasdaq,LULD pause,2026-01-20,09:53:06
2026-01-20,09:43:48,LHAI,Linkhome Holdings Inc. Common stock,Nasdaq,LULD pause,2026-01-20,09:48:48
2026-01-20,09:42:04,BTOG,Bit Origin Limited Class A Ordinary Shares,Nasdaq,LULD pause,2026-01-20,09:47:04
2026-01-20,09:41:02,TWG,Top Wealth Group Holding Limited Class A Ordinary Shares,Nasdaq,LULD pause,2026-01-20,09:46:02
2026-01-20,09:35:38,FRSX,Foresight Autonomous Holdings Ltd. American Depositary Shares,Nasdaq,LULD pause,2026-01-20,09:40:38
2026-01-20,09:33:26,LHAI,Linkhome Holdings Inc. Common stock,Nasdaq,LULD pause,2026-01-20,09:38:26
2026-01-20,09:33:22,LFS,"""LEIFRAS Co., Ltd. American Depositary Shares""",Nasdaq,LULD pause,2026-01-20,09:43:22
2026-01-20,09:33:08,NBY,"""NovaBay Pharmaceuticals, Inc.""",NYSE American,LULD pause,2026-01-20,09:43:08
2026-01-20,09:32:52,ETFT,Fundsmith Equity ETF,NYSE Arca,LULD pause,2026-01-20,09:37:52
2026-01-20,09:32:38,LDWY,"""Lendway, Inc. Common Stock (DE)""",Nasdaq,LULD pause,2026-01-20,09:42:38
2026-01-20,09:31:43,NUAI,"""New Era Energy & Digital, Inc. Common Stock""",Nasdaq,LULD pause,2026-01-20,09:36:43
2026-01-20,09:30:31,MGRT,Mega Fortune Company Limited Ordinary Shares,Nasdaq,LULD pause,2026-01-20,09:35:31
2026-01-20,09:30:19,WLACU,Willow Lane Acquisition Corp. Unit,Nasdaq,LULD pause,2026-01-20,09:35:19
2026-01-20,09:30:15,HEZU,iShares Currency Hedged MSCI Eurozone ETF of ISHARES TRUST,NYSE Arca,LULD pause,2026-01-20,09:40:15
2026-01-20,06:55:00,BOLD,"""Boundless Bio, Inc. Common Stock""",Nasdaq,News pending,2026-01-20,07:30:00
2026-01-16,19:50:00,WHLRP,"""Wheeler Real Estate Investment Trust, Inc. Preferred Stock""",Nasdaq,News pending,,
2026-01-16,19:50:00,WHLRP,"""Wheeler Real Estate Investment Trust, Inc. Preferred Stock""",Nasdaq,News pending,2026-01-20,09:05:00
2026-01-16,19:50:00,WHLRL,"""Wheeler Real Estate Investment Trust, Inc. 7.00% Senior Subordinated Convertible Notes Due 2031""",Nasdaq,News pending,2026-01-20,09:05:00
2026-01-16,19:50:00,WHLRL,"""Wheeler Real Estate Investment Trust, Inc. 7.00% Senior Subordinated Convertible Notes Due 2031""",Nasdaq,News pending,,
2026-01-16,19:50:00,WHLRD,"""Wheeler Real Estate Investment Trust, Inc. Series D Cumulative Preferred Stock""",Nasdaq,News pending,,
2026-01-16,19:50:00,WHLRD,"""Wheeler Real Estate Investment Trust, Inc. Series D Cumulative Preferred Stock""",Nasdaq,News pending,2026-01-20,09:05:00
2026-01-16,19:50:00,WHLR,"""Wheeler Real Estate Investment Trust, Inc""",Nasdaq,News pending,,
2026-01-16,19:50:00,WHLR,"""Wheeler Real Estate Investment Trust, Inc""",Nasdaq,News pending,2026-01-20,09:00:00
2026-01-16,19:50:00,SXTPW,"""60 Degrees Pharmaceuticals, Inc. Warrant""",Nasdaq,News pending,2026-01-20,09:05:00
2026-01-16,19:50:00,SXTPW,"""60 Degrees Pharmaceuticals, Inc. Warrant""",Nasdaq,News pending,,
2026-01-16,19:50:00,PBMWW,Psyence Biomedical Ltd. Warrant,Nasdaq,News pending,2026-01-21,09:05:00
2026-01-16,19:50:00,PBMWW,Psyence Biomedical Ltd. Warrant,Nasdaq,News pending,,
2026-01-16,19:50:00,BTOG,Bit Origin Limited Class A Ordinary Shares,Nasdaq,News pending,2026-01-20,09:00:00
2026-01-16,19:50:00,BTOG,Bit Origin Limited Class A Ordinary Shares,Nasdaq,News pending,,
2026-01-16,19:50:00,SXTP,"""60 Degrees Pharmaceuticals, Inc. Common Stock""",Nasdaq,News pending,2026-01-20,09:00:00
2026-01-16,19:50:00,SXTP,"""60 Degrees Pharmaceuticals, Inc. Common Stock""",Nasdaq,News pending,,
2026-01-16,19:50:00,PBM,Psyence Biomedical Ltd. Common Shares,Nasdaq,News pending,,
2026-01-16,19:50:00,PBM,Psyence Biomedical Ltd. Common Shares,Nasdaq,News pending,2026-01-21,09:00:00
2026-01-16,19:50:00,NVNO,enVVeno Medical Corporation Common Stock,Nasdaq,News pending,,
2026-01-16,19:50:00,NVNO,enVVeno Medical Corporation Common Stock,Nasdaq,News pending,2026-01-20,09:00:00
2026-01-16,19:50:00,FTFT,Future FinTech Group Inc.,Nasdaq,News pending,,
2026-01-16,19:50:00,FTFT,Future FinTech Group Inc.,Nasdaq,News pending,2026-01-20,09:00:00
2026-01-16,19:50:00,FYBR,"""Frontier Communications Parent, Inc. Common Stock""",Nasdaq,News pending,,
2026-01-16,15:55:33,ACCL,Acco Group Holdings Limited Ordinary Shares,Nasdaq,LULD pause,2026-01-16,16:00:00
2026-01-16,15:38:52,ACCL,Acco Group Holdings Limited Ordinary Shares,Nasdaq,LULD pause,2026-01-16,15:43:52
2026-01-16,15:06:27,PN,Skycorp Solar Group Limited Ordinary Shares,Nasdaq,LULD pause,2026-01-16,15:11:27
2026-01-16,14:36:33,MFI,mF International Limited Class A Ordinary Shares,Nasdaq,LULD pause,2026-01-16,14:46:33
2026-01-16,14:19:38,MFI,mF International Limited Class A Ordinary Shares,Nasdaq,LULD pause,2026-01-16,14:24:38
2026-01-16,13:02:05,TRNR,Interactive Strength Inc. Common Stock,Nasdaq,LULD pause,2026-01-16,13:07:05
2026-01-16,12:55:00,GMAB,Genmab A/S ADS,Nasdaq,News pending,2026-01-16,13:50:00
2026-01-16,12:46:44,THH,TryHard Holdings Limited Ordinary Shares,Nasdaq,LULD pause,2026-01-16,12:56:44
2026-01-16,12:46:25,CGTL,Creative Global Technology Holdings Limited Class A Ordinary Shares,Nasdaq,LULD pause,2026-01-16,12:56:26
2026-01-16,12:37:00,THH,TryHard Holdings Limited Ordinary Shares,Nasdaq,LULD pause,2026-01-16,12:42:00
2026-01-16,12:31:41,THH,TryHard Holdings Limited Ordinary Shares,Nasdaq,LULD pause,2026-01-16,12:36:41
2026-01-16,12:26:15,THH,TryHard Holdings Limited Ordinary Shares,Nasdaq,LULD pause,2026-01-16,12:31:15
2026-01-16,12:19:41,THH,TryHard Holdings Limited Ordinary Shares,Nasdaq,LULD pause,2026-01-16,12:24:41
2026-01-16,12:12:16,THH,TryHard Holdings Limited Ordinary Shares,Nasdaq,LULD pause,2026-01-16,12:17:16
2026-01-16,12:04:57,THH,TryHard Holdings Limited Ordinary Shares,Nasdaq,LULD pause,2026-01-16,12:09:57
2026-01-16,11:57:38,THH,TryHard Holdings Limited Ordinary Shares,Nasdaq,LULD pause,2026-01-16,12:02:38
2026-01-16,11:24:56,SBEV,"""Splash Beverage Group, Inc.""",NYSE American,LULD pause,2026-01-16,11:29:56
2026-01-16,11:15:17,GLXG,Galaxy Payroll Group Limited Class A Ordinary Shares,Nasdaq,LULD pause,2026-01-16,11:20:17
2026-01-16,10:56:43,RGNT,Regentis Biomaterials Ltd.,NYSE American,LULD pause,2026-01-16,11:01:43
2026-01-16,10:04:28,BIYA,Baiya International Group Inc. Ordinary Shares,Nasdaq,LULD pause,2026-01-16,10:09:28
2026-01-16,10:04:04,AFJK,"""Aimei Health Technology Co., Ltd Ordinary Share""",Nasdaq,LULD pause,2026-01-16,10:09:04
2026-01-16,10:01:26,PW PRA,"""Power REIT  7.75% Series A Cumulative Redeemable Perpetual Preferred Stock, Liquidation Preference $25.00 per Share""",NYSE American,LULD pause,2026-01-16,10:11:26
2026-01-16,09:55:42,CJMB,Callan JMB Inc. Common Stock,Nasdaq,LULD pause,2026-01-16,10:00:42
2026-01-16,09:53:12,AFJK,"""Aimei Health Technology Co., Ltd Ordinary Share""",Nasdaq,LULD pause,2026-01-16,09:58:12
2026-01-16,09:52:31,CHNR,"""China Natural Resources, Inc.""",Nasdaq,LULD pause,2026-01-16,09:57:31
2026-01-16,09:52:14,LHAI,Linkhome Holdings Inc. Common stock,Nasdaq,LULD pause,2026-01-16,09:57:14
2026-01-16,09:52:06,KRKR,36Kr Holdings Inc. American Depositary Shares,Nasdaq,LULD pause,2026-01-16,09:57:06
2026-01-16,09:46:35,YOUL,Youlife Group Inc. American Depositary Shares,Nasdaq,LULD pause,2026-01-16,09:51:35
2026-01-16,09:45:41,JFBR,Jeffs' Brands Ltd Ordinary Shares,Nasdaq,LULD pause,2026-01-16,09:50:41
2026-01-16,09:42:46,BIYA,Baiya International Group Inc. Ordinary Shares,Nasdaq,LULD pause,2026-01-16,09:47:46
2026-01-16,09:40:37,AFJK,"""Aimei Health Technology Co., Ltd Ordinary Share""",Nasdaq,LULD pause,2026-01-16,09:50:37
2026-01-16,09:36:55,YOUL,Youlife Group Inc. American Depositary Shares,Nasdaq,LULD pause,2026-01-16,09:41:55
2026-01-16,09:35:50,ACCL,Acco Group Holdings Limited Ordinary Shares,Nasdaq,LULD pause,2026-01-16,09:40:50
2026-01-16,09:32:45,LCFY,Locafy Limited Ordinary Share,Nasdaq,LULD pause,2026-01-16,09:37:45
2026-01-16,09:30:29,THH,TryHard Holdings Limited Ordinary Shares,Nasdaq,LULD pause,2026-01-16,09:35:29
2026-01-16,08:11:25,CRDL,Cardiol Therapeutics Inc. Class A Common Shares,Nasdaq,News pending,2026-01-16,09:00:00
2026-01-15,19:50:00,ASBPW,"""Aspire Biopharma Holdings, Inc. Warrant""",Nasdaq,News pending,2026-01-16,09:05:00
2026-01-15,19:50:00,ASBPW,"""Aspire Biopharma Holdings, Inc. Warrant""",Nasdaq,News pending,,
2026-01-15,19:50:00,HUBCZ,Hub Cyber Security Ltd. Warrant,Nasdaq,News pending,,
2026-01-15,19:50:00,HUBCZ,Hub Cyber Security Ltd. Warrant,Nasdaq,News pending,2026-01-16,09:05:00
2026-01-15,19:50:00,ASBP,"""Aspire Biopharma Holdings, Inc. Common Stock""",Nasdaq,News pending,,
2026-01-15,19:50:00,ASBP,"""Aspire Biopharma Holdings, Inc. Common Stock""",Nasdaq,News pending,2026-01-16,09:00:00
2026-01-15,19:50:00,HUBCW,Hub Cyber Security Ltd. Warrant 2/27/28,Nasdaq,News pending,,
2026-01-15,19:50:00,HUBCW,Hub Cyber Security Ltd. Warrant 2/27/28,Nasdaq,News pending,2026-01-16,09:05:00
2026-01-15,19:50:00,HUBC,Hub Cyber Security Ltd. Ordinary Shares,Nasdaq,News pending,,
2026-01-15,19:50:00,HUBC,Hub Cyber Security Ltd. Ordinary Shares,Nasdaq,News pending,2026-01-16,09:00:00
2026-01-15,19:50:00,SMLR,"""Semler Scientific, Inc.""",Nasdaq,News pending,,
2026-01-15,19:50:00,OCG,Oriental Culture Holding LTD Ordinary Shares,Nasdaq,News pending,2026-01-16,09:00:00
2026-01-15,19:50:00,OCG,Oriental Culture Holding LTD Ordinary Shares,Nasdaq,News pending,,
2026-01-15,19:50:00,DENN,DENNY'S CORP,Nasdaq,News pending,2026-01-16,09:10:00
2026-01-15,19:50:00,DENN,DENNY'S CORP,Nasdaq,News pending,,
2026-01-15,15:21:16,MLEC,Moolec Science SA Ordinary Shares,Nasdaq,LULD pause,2026-01-15,15:26:16
2026-01-15,14:52:47,SPHL,Springview Holdings Ltd Class A Ordinary Shares,Nasdaq,LULD pause,2026-01-15,15:02:47
2026-01-15,14:43:08,MLEC,Moolec Science SA Ordinary Shares,Nasdaq,LULD pause,2026-01-15,14:48:08
2026-01-15,13:38:43,MLEC,Moolec Science SA Ordinary Shares,Nasdaq,LULD pause,2026-01-15,13:48:43
2026-01-15,13:25:08,MLEC,Moolec Science SA Ordinary Shares,Nasdaq,LULD pause,2026-01-15,13:35:09
2026-01-15,13:17:06,MLEC,Moolec Science SA Ordinary Shares,Nasdaq,LULD pause,2026-01-15,13:22:06
2026-01-15,13:11:48,MLEC,Moolec Science SA Ordinary Shares,Nasdaq,LULD pause,2026-01-15,13:16:48
2026-01-15,13:00:53,MLEC,Moolec Science SA Ordinary Shares,Nasdaq,LULD pause,2026-01-15,13:10:53
2026-01-15,12:55:09,MLEC,Moolec Science SA Ordinary Shares,Nasdaq,LULD pause,2026-01-15,13:00:09
2026-01-15,12:47:23,MLEC,Moolec Science SA Ordinary Shares,Nasdaq,LULD pause,2026-01-15,12:52:23
2026-01-15,12:46:36,VRME,"""VerifyMe, Inc. Common Stock""",Nasdaq,LULD pause,2026-01-15,12:51:36
2026-01-15,12:41:16,MLEC,Moolec Science SA Ordinary Shares,Nasdaq,LULD pause,2026-01-15,12:46:16
2026-01-15,12:34:46,ELAB,PMGC Holdings Inc. Common Stock,Nasdaq,LULD pause,2026-01-15,12:39:46
2026-01-15,12:29:58,MLEC,Moolec Science SA Ordinary Shares,Nasdaq,LULD pause,2026-01-15,12:39:58
2026-01-15,12:26:50,ELAB,PMGC Holdings Inc. Common Stock,Nasdaq,LULD pause,2026-01-15,12:31:50
2026-01-15,12:20:33,ELAB,PMGC Holdings Inc. Common Stock,Nasdaq,LULD pause,2026-01-15,12:25:33
2026-01-15,12:19:31,MLEC,Moolec Science SA Ordinary Shares,Nasdaq,LULD pause,2026-01-15,12:29:32
2026-01-15,12:14:06,MLEC,Moolec Science SA Ordinary Shares,Nasdaq,LULD pause,2026-01-15,12:19:06
2026-01-15,12:07:29,ROLR,"""High Roller Technologies, Inc.""",NYSE American,LULD pause,2026-01-15,12:12:29
2026-01-15,12:06:07,MLEC,Moolec Science SA Ordinary Shares,Nasdaq,LULD pause,2026-01-15,12:11:07
2026-01-15,12:00:38,MLEC,Moolec Science SA Ordinary Shares,Nasdaq,LULD pause,2026-01-15,12:05:38
2026-01-15,11:53:56,MLEC,Moolec Science SA Ordinary Shares,Nasdaq,LULD pause,2026-01-15,11:58:56
2026-01-15,11:45:33,MLEC,Moolec Science SA Ordinary Shares,Nasdaq,LULD pause,2026-01-15,11:50:33
2026-01-15,11:35:02,MLEC,Moolec Science SA Ordinary Shares,Nasdaq,LULD pause,2026-01-15,11:45:03
2026-01-15,11:28:43,MLEC,Moolec Science SA Ordinary Shares,Nasdaq,LULD pause,2026-01-15,11:33:43
2026-01-15,11:22:31,MLEC,Moolec Science SA Ordinary Shares,Nasdaq,LULD pause,2026-01-15,11:27:31
2026-01-15,11:20:38,KRKR,36Kr Holdings Inc. American Depositary Shares,Nasdaq,LULD pause,2026-01-15,11:25:38
2026-01-15,11:05:09,SPHL,Springview Holdings Ltd Class A Ordinary Shares,Nasdaq,LULD pause,2026-01-15,11:10:09
2026-01-15,10:55:53,SPHL,Springview Holdings Ltd Class A Ordinary Shares,Nasdaq,LULD pause,2026-01-15,11:00:53
2026-01-15,10:51:24,MLEC,Moolec Science SA Ordinary Shares,Nasdaq,LULD pause,2026-01-15,10:56:24
2026-01-15,10:30:18,THH,TryHard Holdings Limited Ordinary Shares,Nasdaq,LULD pause,2026-01-15,10:35:18
2026-01-15,10:24:54,THH,TryHard Holdings Limited Ordinary Shares,Nasdaq,LULD pause,2026-01-15,10:29:54
2026-01-15,10:17:38,CHNR,"""China Natural Resources, Inc.""",Nasdaq,LULD pause,2026-01-15,10:22:38
2026-01-15,10:07:29,ANPA,Rich Sparkle Holdings Limited Ordinary Shares,Nasdaq,LULD pause,2026-01-15,10:12:29
2026-01-15,10:07:07,CHNR,"""China Natural Resources, Inc.""",Nasdaq,LULD pause,2026-01-15,10:17:08
2026-01-15,09:56:33,CHNR,"""China Natural Resources, Inc.""",Nasdaq,LULD pause,2026-01-15,10:01:33
2026-01-15,09:43:13,ROLR,"""High Roller Technologies, Inc.""",NYSE American,LULD pause,2026-01-15,09:48:13
2026-01-15,09:41:51,IPW,"""iPower, Inc. Common Stock""",Nasdaq,LULD pause,2026-01-15,09:51:51
2026-01-15,09:35:24,EVTV,"""Envirotech Vehicles, Inc. Common Stock""",Nasdaq,LULD pause,2026-01-15,09:40:24
2026-01-15,09:34:36,IPW,"""iPower, Inc. Common Stock""",Nasdaq,LULD pause,2026-01-15,09:39:36
2026-01-15,09:33:25,MTVA,MetaVia Inc. Common Stock,Nasdaq,LULD pause,2026-01-15,09:38:25
2026-01-15,09:33:13,CJMB,Callan JMB Inc. Common Stock,Nasdaq,LULD pause,2026-01-15,09:38:13
2026-01-15,09:32:32,CNSP,"""CNS Pharmaceuticals, Inc. Common Stock""",Nasdaq,LULD pause,2026-01-15,09:44:48
2026-01-15,02:55:27,JMG,JM Group Limited,NYSE American,Regulatory Concern,,
2026-01-15,02:55:27,JMG,JM Group Limited,NYSE American,Regulatory Concern,See Subsequent Halt,See Subsequent Halt
2026-01-14,19:50:36,AMCR,Amcor plc Ordinary Shares,NYSE,Corporate Action,,
2026-01-14,19:50:36,AMCR,Amcor plc Ordinary Shares,NYSE,Corporate Action,2026-01-15,09:31:24
2026-01-14,16:19:49,BFLY WS,"""Butterfly Network, Inc. Redeemable Warrants, each whole warrant exercisable for one share of Class A common stock, each at an exercise price of $11.50""",NYSE,News Released,,
2026-01-14,16:01:00,CVGW,Calavo Growers Inc,Nasdaq,News pending,2026-01-14,16:50:00
2026-01-14,15:44:11,ROLR,"""High Roller Technologies, Inc.""",NYSE American,LULD pause,2026-01-14,15:49:11
2026-01-14,14:41:35,WSHP,WeShop Holdings Limited Class A Ordinary Shares,Nasdaq,LULD pause,2026-01-14,14:46:35
2026-01-14,14:30:31,THH,TryHard Holdings Limited Ordinary Shares,Nasdaq,LULD pause,2026-01-14,14:35:31
2026-01-14,14:28:13,WSHP,WeShop Holdings Limited Class A Ordinary Shares,Nasdaq,LULD pause,2026-01-14,14:38:13
2026-01-14,14:24:47,THH,TryHard Holdings Limited Ordinary Shares,Nasdaq,LULD pause,2026-01-14,14:29:47
2026-01-14,14:22:35,WSHP,WeShop Holdings Limited Class A Ordinary Shares,Nasdaq,LULD pause,2026-01-14,14:27:35
2026-01-14,14:16:27,THH,TryHard Holdings Limited Ordinary Shares,Nasdaq,LULD pause,2026-01-14,14:21:27
2026-01-14,14:15:20,ROLR,"""High Roller Technologies, Inc.""",NYSE American,LULD pause,2026-01-14,14:20:20
2026-01-14,14:08:25,WSHP,WeShop Holdings Limited Class A Ordinary Shares,Nasdaq,LULD pause,2026-01-14,14:18:28
2026-01-14,14:02:11,WSHP,WeShop Holdings Limited Class A Ordinary Shares,Nasdaq,LULD pause,2026-01-14,14:07:11
2026-01-14,13:56:43,WSHP,WeShop Holdings Limited Class A Ordinary Shares,Nasdaq,LULD pause,2026-01-14,14:01:43
2026-01-14,13:49:45,WSHP,WeShop Holdings Limited Class A Ordinary Shares,Nasdaq,LULD pause,2026-01-14,13:54:45
2026-01-14,13:34:14,WSHP,WeShop Holdings Limited Class A Ordinary Shares,Nasdaq,LULD pause,2026-01-14,13:39:14
2026-01-14,13:22:07,ROLR,"""High Roller Technologies, Inc.""",NYSE American,LULD pause,2026-01-14,13:27:07
2026-01-14,12:38:10,ROLR,"""High Roller Technologies, Inc.""",NYSE American,LULD pause,2026-01-14,12:43:10
2026-01-14,12:23:38,SEGG,"""Lottery.com, Inc. Common Stock""",Nasdaq,LULD pause,2026-01-14,12:28:38
2026-01-14,12:20:40,THH,TryHard Holdings Limited Ordinary Shares,Nasdaq,LULD pause,2026-01-14,12:25:40
2026-01-14,12:15:00,THH,TryHard Holdings Limited Ordinary Shares,Nasdaq,LULD pause,2026-01-14,12:20:00
2026-01-14,12:09:18,ROLR,"""High Roller Technologies, Inc.""",NYSE American,LULD pause,2026-01-14,12:29:18
2026-01-14,12:03:37,THH,TryHard Holdings Limited Ordinary Shares,Nasdaq,LULD pause,2026-01-14,12:13:38
2026-01-14,11:58:20,THH,TryHard Holdings Limited Ordinary Shares,Nasdaq,LULD pause,2026-01-14,12:03:20
2026-01-14,11:48:07,THH,TryHard Holdings Limited Ordinary Shares,Nasdaq,LULD pause,2026-01-14,11:53:07
2026-01-14,11:42:23,THH,TryHard Holdings Limited Ordinary Shares,Nasdaq,LULD pause,2026-01-14,11:47:23
2026-01-14,11:29:08,ROLR,"""High Roller Technologies, Inc.""",NYSE American,LULD pause,2026-01-14,11:39:08
2026-01-14,11:28:38,THH,TryHard Holdings Limited Ordinary Shares,Nasdaq,LULD pause,2026-01-14,11:38:38
2026-01-14,11:20:02,THH,TryHard Holdings Limited Ordinary Shares,Nasdaq,LULD pause,2026-01-14,11:25:02
2026-01-14,11:07:58,THH,TryHard Holdings Limited Ordinary Shares,Nasdaq,LULD pause,2026-01-14,11:17:59
2026-01-14,10:43:07,THH,TryHard Holdings Limited Ordinary Shares,Nasdaq,LULD pause,2026-01-14,10:53:08
2026-01-14,10:35:25,ROLR,"""High Roller Technologies, Inc.""",NYSE American,LULD pause,2026-01-14,10:40:25
2026-01-14,10:34:10,THH,TryHard Holdings Limited Ordinary Shares,Nasdaq,LULD pause,2026-01-14,10:39:10
2026-01-14,10:12:54,THH,TryHard Holdings Limited Ordinary Shares,Nasdaq,LULD pause,2026-01-14,10:17:54
2026-01-14,10:12:23,ROLR,"""High Roller Technologies, Inc.""",NYSE American,LULD pause,2026-01-14,10:17:23
2026-01-14,10:06:56,THH,TryHard Holdings Limited Ordinary Shares,Nasdaq,LULD pause,2026-01-14,10:11:56
2026-01-14,10:05:52,ROLR,"""High Roller Technologies, Inc.""",NYSE American,LULD pause,2026-01-14,10:10:52
2026-01-14,10:01:19,THH,TryHard Holdings Limited Ordinary Shares,Nasdaq,LULD pause,2026-01-14,10:06:19
2026-01-14,09:59:57,AHMA,Ambitions Enterprise Management Co. L.L.C Class A Ordinary Shares,Nasdaq,LULD pause,2026-01-14,10:04:57
2026-01-14,09:58:44,ANPA,Rich Sparkle Holdings Limited Ordinary Shares,Nasdaq,LULD pause,2026-01-14,10:03:44
2026-01-14,09:49:57,HAO,Haoxi Health Technology Limited Class A Ordinary Shares,Nasdaq,LULD pause,2026-01-14,09:54:57
2026-01-14,09:47:17,THH,TryHard Holdings Limited Ordinary Shares,Nasdaq,LULD pause,2026-01-14,09:57:17
2026-01-14,09:46:09,TROO,"""TROOPS, Inc. Ordinary Shares""",Nasdaq,LULD pause,2026-01-14,09:56:09
2026-01-14,09:46:03,ROLR,"""High Roller Technologies, Inc.""",NYSE American,LULD pause,2026-01-14,09:51:03
2026-01-14,09:44:01,MSW,Ming Shing Group Holdings Limited Ordinary Shares,Nasdaq,LULD pause,2026-01-14,09:49:01
2026-01-14,09:41:26,THH,TryHard Holdings Limited Ordinary Shares,Nasdaq,LULD pause,2026-01-14,09:46:26
2026-01-14,09:39:14,ROLR,"""High Roller Technologies, Inc.""",NYSE American,LULD pause,2026-01-14,09:44:14
2026-01-14,09:33:32,ROLR,"""High Roller Technologies, Inc.""",NYSE American,LULD pause,2026-01-14,09:38:32
2026-01-14,09:30:26,LVRO,Lavoro Limited Class A Ordinary Shares,Nasdaq,LULD pause,2026-01-14,09:40:26
2026-01-14,09:30:20,NPT,Texxon Holding Limited Ordinary shares,Nasdaq,LULD pause,2026-01-14,09:46:41
2026-01-13,19:50:00,VMAR,Vision Marine Technologies Inc. Common Shares,Nasdaq,News pending,2026-01-14,09:00:00
2026-01-13,19:50:00,VMAR,Vision Marine Technologies Inc. Common Shares,Nasdaq,News pending,,
2026-01-13,15:46:27,THH,TryHard Holdings Limited Ordinary Shares,Nasdaq,LULD pause,2026-01-13,16:00:00
2026-01-13,15:33:48,PW PRA,"""Power REIT  7.75% Series A Cumulative Redeemable Perpetual Preferred Stock, Liquidation Preference $25.00 per Share""",NYSE American,LULD pause,2026-01-13,15:43:48
2026-01-13,15:30:15,ATON,AlphaTON Capital Corp. Common Stock,Nasdaq,LULD pause,2026-01-13,16:00:00
2026-01-13,15:23:33,PW PRA,"""Power REIT  7.75% Series A Cumulative Redeemable Perpetual Preferred Stock, Liquidation Preference $25.00 per Share""",NYSE American,LULD pause,2026-01-13,15:33:33
2026-01-13,15:13:18,PW PRA,"""Power REIT  7.75% Series A Cumulative Redeemable Perpetual Preferred Stock, Liquidation Preference $25.00 per Share""",NYSE American,LULD pause,2026-01-13,15:23:18
2026-01-13,15:08:03,PW PRA,"""Power REIT  7.75% Series A Cumulative Redeemable Perpetual Preferred Stock, Liquidation Preference $25.00 per Share""",NYSE American,LULD pause,2026-01-13,15:13:03
2026-01-13,14:57:48,PW PRA,"""Power REIT  7.75% Series A Cumulative Redeemable Perpetual Preferred Stock, Liquidation Preference $25.00 per Share""",NYSE American,LULD pause,2026-01-13,15:07:48
2026-01-13,14:52:33,PW PRA,"""Power REIT  7.75% Series A Cumulative Redeemable Perpetual Preferred Stock, Liquidation Preference $25.00 per Share""",NYSE American,LULD pause,2026-01-13,14:57:33
2026-01-13,13:45:49,BFLY WS,"""Butterfly Network, Inc. Redeemable Warrants, each whole warrant exercisable for one share of Class A common stock, each at an exercise price of $11.50""",NYSE,News pending,,
2026-01-13,13:45:49,BFLY WS,"""Butterfly Network, Inc. Redeemable Warrants, each whole warrant exercisable for one share of Class A common stock, each at an exercise price of $11.50""",NYSE,News pending,See Subsequent Halt,See Subsequent Halt
2026-01-13,13:25:18,CODX,"""Co-Diagnostics, Inc. Common Stock""",Nasdaq,LULD pause,2026-01-13,13:35:18
2026-01-13,13:06:41,CODX,"""Co-Diagnostics, Inc. Common Stock""",Nasdaq,LULD pause,2026-01-13,13:11:41
2026-01-13,13:04:30,CLRO,"""ClearOne, Inc. (DE) Common Stock""",Nasdaq,LULD pause,2026-01-13,13:09:30
2026-01-13,12:50:51,CODX,"""Co-Diagnostics, Inc. Common Stock""",Nasdaq,LULD pause,2026-01-13,12:55:51
2026-01-13,12:40:41,TVTX,"""Travere Therapeutics, Inc. Common Stock""",Nasdaq,News pending,2026-01-13,14:00:00
2026-01-13,12:40:11,CODX,"""Co-Diagnostics, Inc. Common Stock""",Nasdaq,LULD pause,2026-01-13,12:50:11
2026-01-13,12:32:21,ADXN,Addex Therapeutics Ltd American Depositary Shares,Nasdaq,LULD pause,2026-01-13,12:42:21
2026-01-13,12:29:54,CODX,"""Co-Diagnostics, Inc. Common Stock""",Nasdaq,LULD pause,2026-01-13,12:39:55
2026-01-13,12:25:26,ACCS,ACCESS Newswire Inc.,NYSE American,LULD pause,2026-01-13,12:35:26
2026-01-13,12:24:39,CODX,"""Co-Diagnostics, Inc. Common Stock""",Nasdaq,LULD pause,2026-01-13,12:29:39
2026-01-13,12:15:13,ADXN,Addex Therapeutics Ltd American Depositary Shares,Nasdaq,LULD pause,2026-01-13,12:25:13
2026-01-13,12:07:40,IINNW,Inspira Technologies Oxy B.H.N. Ltd. Warrant,Nasdaq,News pending,2026-01-13,13:15:00
2026-01-13,12:07:40,IINN,Inspira Technologies Oxy B.H.N. Ltd. Ordinary Shares,Nasdaq,News pending,2026-01-13,13:10:00
2026-01-13,11:30:32,YI,"""111, Inc. American Depositary Shares""",Nasdaq,LULD pause,2026-01-13,11:40:32
2026-01-13,10:44:40,THH,TryHard Holdings Limited Ordinary Shares,Nasdaq,LULD pause,2026-01-13,10:49:40
2026-01-13,10:31:18,GCDT,Green Circle Decarbonize Technology Limited,NYSE American,LULD pause,2026-01-13,10:41:18
2026-01-13,10:25:03,THH,TryHard Holdings Limited Ordinary Shares,Nasdaq,LULD pause,2026-01-13,10:35:03
2026-01-13,10:16:37,THH,TryHard Holdings Limited Ordinary Shares,Nasdaq,LULD pause,2026-01-13,10:21:37
2026-01-13,10:12:46,AHMA,Ambitions Enterprise Management Co. L.L.C Class A Ordinary Shares,Nasdaq,LULD pause,2026-01-13,10:17:46
2026-01-13,10:08:14,XTLB,XTL Biopharmaceuticals Ltd. American Depositary Shares,Nasdaq,LULD pause,2026-01-13,10:13:14
2026-01-13,09:58:13,XTLB,XTL Biopharmaceuticals Ltd. American Depositary Shares,Nasdaq,LULD pause,2026-01-13,10:03:13
2026-01-13,09:56:58,MAMO,Massimo Group Common Stock,Nasdaq,LULD pause,2026-01-13,10:01:58
2026-01-13,09:54:57,ANPA,Rich Sparkle Holdings Limited Ordinary Shares,Nasdaq,LULD pause,2026-01-13,09:59:57
2026-01-13,09:51:33,MAMO,Massimo Group Common Stock,Nasdaq,LULD pause,2026-01-13,09:56:33
2026-01-13,09:51:12,BCTX,Briacell Therapeutics Corp. Common Shares,Nasdaq,LULD pause,2026-01-13,09:56:12
2026-01-13,09:49:30,XTLB,XTL Biopharmaceuticals Ltd. American Depositary Shares,Nasdaq,LULD pause,2026-01-13,09:54:30
2026-01-13,09:47:38,WATT,Energous Corporation,Nasdaq,LULD pause,2026-01-13,09:57:38
2026-01-13,09:46:00,AHMA,Ambitions Enterprise Management Co. L.L.C Class A Ordinary Shares,Nasdaq,LULD pause,2026-01-13,09:51:00
2026-01-13,09:45:47,TC,Token Cat Limited American Depositary Shares,Nasdaq,LULD pause,2026-01-13,09:50:47
2026-01-13,09:40:30,AHMA,Ambitions Enterprise Management Co. L.L.C Class A Ordinary Shares,Nasdaq,LULD pause,2026-01-13,09:45:30
2026-01-13,09:39:45,WATT,Energous Corporation,Nasdaq,LULD pause,2026-01-13,09:44:45
2026-01-13,09:38:41,MAMO,Massimo Group Common Stock,Nasdaq,LULD pause,2026-01-13,09:43:41
2026-01-13,09:36:31,NBY,"""NovaBay Pharmaceuticals, Inc.""",NYSE American,LULD pause,2026-01-13,09:41:31
2026-01-13,09:35:06,AHMA,Ambitions Enterprise Management Co. L.L.C Class A Ordinary Shares,Nasdaq,LULD pause,2026-01-13,09:40:06
2026-01-13,09:33:13,RVYL,Ryvyl Inc. Common Stock,Nasdaq,LULD pause,2026-01-13,09:53:14
2026-01-13,09:32:08,BCTX,Briacell Therapeutics Corp. Common Shares,Nasdaq,LULD pause,2026-01-13,09:37:08
2026-01-13,09:31:52,ELAB,PMGC Holdings Inc. Common Stock,Nasdaq,LULD pause,2026-01-13,09:41:52
2026-01-13,09:31:32,MAMO,Massimo Group Common Stock,Nasdaq,LULD pause,2026-01-13,09:36:32
2026-01-13,07:55:00,LFWD,Lifeward Ltd. Ordinary Shares,Nasdaq,News pending,2026-01-13,08:30:00
2026-01-13,07:10:00,DAAQW,Digital Asset Acquisition Corp. Warrant,Nasdaq,News pending,2026-01-13,09:00:00
2026-01-13,07:10:00,DAAQU,Digital Asset Acquisition Corp. Units,Nasdaq,News pending,2026-01-13,09:00:00
2026-01-13,07:10:00,DAAQ,Digital Asset Acquisition Corp. Class A Ordinary shares,Nasdaq,News pending,2026-01-13,08:55:00
2026-01-12,16:24:59,BCARW,D. Boral ARC Acquisition I Corp. Warrant,Nasdaq,News pending,2026-01-12,17:40:00
2026-01-12,16:24:59,BCARU,D. Boral ARC Acquisition I Corp. Units,Nasdaq,News pending,2026-01-12,17:40:00
2026-01-12,16:24:59,BCAR,D. Boral ARC Acquisition I Corp. Class A Ordinary Shares,Nasdaq,News pending,2026-01-12,17:35:00
2026-01-12,15:29:05,EVTV,"""Envirotech Vehicles, Inc. Common Stock""",Nasdaq,LULD pause,2026-01-12,15:34:05
2026-01-12,14:44:47,EVTV,"""Envirotech Vehicles, Inc. Common Stock""",Nasdaq,LULD pause,2026-01-12,14:49:47
2026-01-12,14:39:04,EVTV,"""Envirotech Vehicles, Inc. Common Stock""",Nasdaq,LULD pause,2026-01-12,14:44:04
2026-01-12,14:21:00,EVTV,"""Envirotech Vehicles, Inc. Common Stock""",Nasdaq,LULD pause,2026-01-12,14:26:00
2026-01-12,12:25:02,CIGL,Concorde International Group Ltd Class A Ordinary Shares,Nasdaq,LULD pause,2026-01-12,12:35:02
2026-01-12,12:21:18,VSTA,Vasta Platform Limited Class A Ordinary Shares,Nasdaq,LULD pause,2026-01-12,12:26:18
2026-01-12,11:45:51,BDSX,"""Biodesix, Inc. Common Stock""",Nasdaq,LULD pause,2026-01-12,11:50:51
2026-01-12,11:23:06,ASTI,"""Ascent Solar Technologies, Inc. Common Stock""",Nasdaq,LULD pause,2026-01-12,11:28:06
2026-01-12,11:07:59,LVLU,"""Lulu's Fashion Lounge Holdings, Inc. Common Stock""",Nasdaq,LULD pause,2026-01-12,11:12:59
2026-01-12,10:43:13,EVTV,"""Envirotech Vehicles, Inc. Common Stock""",Nasdaq,LULD pause,2026-01-12,10:48:13
2026-01-12,10:38:42,LVLU,"""Lulu's Fashion Lounge Holdings, Inc. Common Stock""",Nasdaq,LULD pause,2026-01-12,10:48:42
2026-01-12,10:34:33,SUGP,SU Group Holdings Limited Ordinary Shares,Nasdaq,LULD pause,2026-01-12,10:39:33
2026-01-12,10:26:36,SUGP,SU Group Holdings Limited Ordinary Shares,Nasdaq,LULD pause,2026-01-12,10:31:36
2026-01-12,10:24:17,LYRA,"""Lyra Therapeutics, Inc. Common Stock""",Nasdaq,LULD pause,2026-01-12,10:29:17
2026-01-12,10:14:25,SUGP,SU Group Holdings Limited Ordinary Shares,Nasdaq,LULD pause,2026-01-12,10:24:25
2026-01-12,10:14:22,LYRA,"""Lyra Therapeutics, Inc. Common Stock""",Nasdaq,LULD pause,2026-01-12,10:19:22
2026-01-12,10:10:50,APUS,"""Apimeds Pharmaceuticals US, Inc.""",NYSE American,LULD pause,2026-01-12,10:25:59
2026-01-12,10:05:06,CGTL,Creative Global Technology Holdings Limited Class A Ordinary Shares,Nasdaq,LULD pause,2026-01-12,10:10:06
2026-01-12,09:48:16,CGTL,Creative Global Technology Holdings Limited Class A Ordinary Shares,Nasdaq,LULD pause,2026-01-12,09:58:16
2026-01-12,09:39:58,ANPA,Rich Sparkle Holdings Limited Ordinary Shares,Nasdaq,LULD pause,2026-01-12,09:44:58
2026-01-12,09:38:34,FLYX,"""flyExclusive, Inc.""",NYSE American,LULD pause,2026-01-12,09:48:34
2026-01-12,09:38:07,ONDL,Defiance Daily Target 2X Long ONDS ETF,Cboe BZX,News pending,2026-01-12,10:55:05
2026-01-12,09:35:35,ZNTL,"""Zentalis Pharmaceuticals, Inc. Common Stock""",Nasdaq,LULD pause,2026-01-12,09:40:35
2026-01-12,09:34:43,ATGL,Alpha Technology Group Limited Class A Ordinary Shares,Nasdaq,LULD pause,2026-01-12,09:44:44
2026-01-12,09:32:50,LXEO,"""Lexeo Therapeutics, Inc. Common Stock""",Nasdaq,LULD pause,2026-01-12,09:37:50
2026-01-12,06:55:00,LYRA,"""Lyra Therapeutics, Inc. Common Stock""",Nasdaq,News pending,2026-01-12,07:35:01
2026-01-09,19:50:00,VSME,VS Media Holdings Limited Class A Ordinary Shares,Nasdaq,News pending,2026-01-12,09:00:00
2026-01-09,19:50:00,VSME,VS Media Holdings Limited Class A Ordinary Shares,Nasdaq,News pending,,
2026-01-09,19:50:00,DRCT,"""Direct Digital Holdings, Inc. Class A Common Stock""",Nasdaq,News pending,,
2026-01-09,19:50:00,DRCT,"""Direct Digital Holdings, Inc. Class A Common Stock""",Nasdaq,News pending,2026-01-12,09:00:00
2026-01-09,19:50:00,GOVX,"""GeoVax Labs, Inc. New""",Nasdaq,News pending,,
2026-01-09,19:50:00,GOVX,"""GeoVax Labs, Inc. New""",Nasdaq,News pending,2026-01-12,09:00:00
2026-01-09,19:50:00,AKAN,Akanda Corp. Common Shares,Nasdaq,News pending,2026-01-12,09:00:00
2026-01-09,19:50:00,AKAN,Akanda Corp. Common Shares,Nasdaq,News pending,,
2026-01-09,15:48:17,ANPA,Rich Sparkle Holdings Limited Ordinary Shares,Nasdaq,LULD pause,2026-01-09,16:00:00
2026-01-09,15:36:48,ANPA,Rich Sparkle Holdings Limited Ordinary Shares,Nasdaq,LULD pause,2026-01-09,15:46:48
2026-01-09,15:26:58,ATGL,Alpha Technology Group Limited Class A Ordinary Shares,Nasdaq,LULD pause,2026-01-09,15:31:58
2026-01-09,15:11:40,SXTC,"""China SXT Pharmaceuticals, Inc. Ordinary Shares""",Nasdaq,LULD pause,2026-01-09,15:16:40
2026-01-09,15:09:56,ATGL,Alpha Technology Group Limited Class A Ordinary Shares,Nasdaq,LULD pause,2026-01-09,15:19:56
2026-01-09,15:01:16,SXTC,"""China SXT Pharmaceuticals, Inc. Ordinary Shares""",Nasdaq,LULD pause,2026-01-09,15:06:16
2026-01-09,14:55:53,SXTC,"""China SXT Pharmaceuticals, Inc. Ordinary Shares""",Nasdaq,LULD pause,2026-01-09,15:00:53
2026-01-09,14:50:38,SXTC,"""China SXT Pharmaceuticals, Inc. Ordinary Shares""",Nasdaq,LULD pause,2026-01-09,14:55:38
2026-01-09,14:25:23,WSO B,"""Watsco, Inc. Class B""",NYSE,LULD pause,2026-01-09,14:30:23
2026-01-09,14:18:02,ATGL,Alpha Technology Group Limited Class A Ordinary Shares,Nasdaq,LULD pause,2026-01-09,14:23:02
2026-01-09,14:14:04,TCGL,TechCreate Group Ltd.,NYSE American,LULD pause,2026-01-09,14:19:04
2026-01-09,12:44:22,DXF,"""Eason Technology Limited American Depositary Shares (each representing sixty-thousand (60,000) Ordinary Shares)""",NYSE American,News pending,2026-01-09,13:30:00
2026-01-09,11:16:51,ATGL,Alpha Technology Group Limited Class A Ordinary Shares,Nasdaq,LULD pause,2026-01-09,11:21:51
2026-01-09,11:01:50,MTEN,Mingteng International Corporation Inc. Class A Ordinary Shares,Nasdaq,LULD pause,2026-01-09,11:06:50
2026-01-09,10:55:34,ATGL,Alpha Technology Group Limited Class A Ordinary Shares,Nasdaq,LULD pause,2026-01-09,11:00:34
2026-01-09,10:49:52,ATGL,Alpha Technology Group Limited Class A Ordinary Shares,Nasdaq,LULD pause,2026-01-09,10:54:52
2026-01-09,10:41:39,ATGL,Alpha Technology Group Limited Class A Ordinary Shares,Nasdaq,LULD pause,2026-01-09,10:46:39
2026-01-09,10:30:46,ATGL,Alpha Technology Group Limited Class A Ordinary Shares,Nasdaq,LULD pause,2026-01-09,10:35:46
2026-01-09,10:12:33,ATGL,Alpha Technology Group Limited Class A Ordinary Shares,Nasdaq,LULD pause,2026-01-09,10:27:40
2026-01-09,10:02:02,ATGL,Alpha Technology Group Limited Class A Ordinary Shares,Nasdaq,LULD pause,2026-01-09,10:12:02
2026-01-09,09:59:58,MTEN,Mingteng International Corporation Inc. Class A Ordinary Shares,Nasdaq,LULD pause,2026-01-09,10:04:58
2026-01-09,09:51:08,EMAT,Evolution Metals & Technologies Corp. Common Stock,Nasdaq,LULD pause,2026-01-09,09:56:08
2026-01-09,09:48:51,MTEN,Mingteng International Corporation Inc. Class A Ordinary Shares,Nasdaq,LULD pause,2026-01-09,09:53:51
2026-01-09,09:46:17,ATCX,Atlas Critical Minerals Corporation Common Stock,Nasdaq,LULD pause,2026-01-09,09:51:17
2026-01-09,09:44:42,EMAT,Evolution Metals & Technologies Corp. Common Stock,Nasdaq,LULD pause,2026-01-09,09:49:42
2026-01-09,09:37:24,MTEN,Mingteng International Corporation Inc. Class A Ordinary Shares,Nasdaq,LULD pause,2026-01-09,09:42:24
2026-01-09,08:48:46,CIO,"""CITY OFFICE REIT, INC.""",NYSE,Merger Effective,,
2026-01-09,08:48:46,CIO PRA,"""City Office REIT, Inc.  6.625% Series A Cumulative Redeemable Preferred Stock""",NYSE,Merger Effective,,
2026-01-09,08:22:22,CLCO,Cool Company Ltd.,NYSE,Merger Effective,,
2026-01-09,08:21:48,HOUS,Anywhere Real Estate Inc.,NYSE,Merger Effective,,
2026-01-08,15:45:22,MTEN,Mingteng International Corporation Inc. Class A Ordinary Shares,Nasdaq,LULD pause,2026-01-08,16:00:00
2026-01-08,15:42:45,ERAS,"""Erasca, Inc. Common Stock""",Nasdaq,LULD pause,2026-01-08,15:47:45
2026-01-08,15:40:15,RVMD,"""Revolution Medicines, Inc. Common Stock""",Nasdaq,LULD pause,2026-01-08,15:45:15
2026-01-08,15:09:16,ALCYU,Alchemy Investments Acquisition Corp 1 Units,Nasdaq,LULD pause,2026-01-08,15:14:16
2026-01-08,15:01:09,GDHG,Golden Heaven Group Holdings Ltd. Class A Ordinary Shares,Nasdaq,LULD pause,2026-01-08,15:06:09
2026-01-08,13:54:04,SXTC,"""China SXT Pharmaceuticals, Inc. Ordinary Shares""",Nasdaq,LULD pause,2026-01-08,13:59:04
2026-01-08,13:41:11,SXTC,"""China SXT Pharmaceuticals, Inc. Ordinary Shares""",Nasdaq,LULD pause,2026-01-08,13:51:11
2026-01-08,12:27:59,NXTT,Next Technology Holding Inc. Ordinary Shares,Nasdaq,LULD pause,2026-01-08,12:32:59
2026-01-08,12:07:14,BUDA,"""Buda Juice, Inc.""",NYSE American,LULD pause,2026-01-08,12:12:14
2026-01-08,11:59:32,SXTC,"""China SXT Pharmaceuticals, Inc. Ordinary Shares""",Nasdaq,LULD pause,2026-01-08,12:04:32
2026-01-08,11:52:57,SXTC,"""China SXT Pharmaceuticals, Inc. Ordinary Shares""",Nasdaq,LULD pause,2026-01-08,11:57:57
2026-01-08,11:48:06,BUDA,"""Buda Juice, Inc.""",NYSE American,LULD pause,2026-01-08,11:58:06
2026-01-08,10:42:07,AEI,Alset Inc. Common Stock (TX),Nasdaq,LULD pause,2026-01-08,10:47:07
2026-01-08,10:34:35,SXTC,"""China SXT Pharmaceuticals, Inc. Ordinary Shares""",Nasdaq,LULD pause,2026-01-08,10:39:35
2026-01-08,10:29:41,RGC,Regencell Bioscience Holdings Limited Ordinary Shares,Nasdaq,LULD pause,2026-01-08,10:34:41
2026-01-08,10:16:58,ACON,"""Aclarion, Inc. Common Stock""",Nasdaq,LULD pause,2026-01-08,10:21:58
2026-01-08,10:16:22,RGC,Regencell Bioscience Holdings Limited Ordinary Shares,Nasdaq,LULD pause,2026-01-08,10:26:22
2026-01-08,10:06:04,RGC,Regencell Bioscience Holdings Limited Ordinary Shares,Nasdaq,LULD pause,2026-01-08,10:16:04
2026-01-08,10:03:26,FLYX,"""flyExclusive, Inc.""",NYSE American,LULD pause,2026-01-08,10:08:26
2026-01-08,09:59:04,ACON,"""Aclarion, Inc. Common Stock""",Nasdaq,LULD pause,2026-01-08,10:04:04
2026-01-08,09:57:14,FLYX,"""flyExclusive, Inc.""",NYSE American,LULD pause,2026-01-08,10:02:14
2026-01-08,09:55:34,RGC,Regencell Bioscience Holdings Limited Ordinary Shares,Nasdaq,LULD pause,2026-01-08,10:05:34
2026-01-08,09:45:11,FLYX,"""flyExclusive, Inc.""",NYSE American,LULD pause,2026-01-08,09:55:11
2026-01-08,09:43:23,RGC,Regencell Bioscience Holdings Limited Ordinary Shares,Nasdaq,LULD pause,2026-01-08,09:53:23
2026-01-08,09:39:56,FLYX,"""flyExclusive, Inc.""",NYSE American,LULD pause,2026-01-08,09:44:56
2026-01-08,09:37:35,ELAB,PMGC Holdings Inc. Common Stock,Nasdaq,LULD pause,2026-01-08,09:42:35
2026-01-08,09:36:45,ASPCU,A SPAC III Acquisition Corp. Unit,Nasdaq,LULD pause,2026-01-08,09:46:46
2026-01-08,09:35:03,BW,"""Babcock & Wilcox Enterprises, Inc.""",NYSE,LULD pause,2026-01-08,09:40:10
2026-01-08,09:32:06,IPW,"""iPower, Inc. Common Stock""",Nasdaq,LULD pause,2026-01-08,09:42:06
2026-01-08,09:30:40,NVVE,Nuvve Holding Corp. Common Stock,Nasdaq,LULD pause,2026-01-08,09:35:40
2026-01-08,09:21:34,SMCZ,Defiance Daily Target 2X Short SMCI ETF,Nasdaq,News pending,2026-01-08,14:55:00
2026-01-08,00:21:48,KUST,"""Kustom Entertainment, Inc. Common Stock""",Nasdaq,News pending,2026-01-08,09:00:00
2026-01-07,19:50:09,QGEN,QIAGEN N.V.,NYSE,Corporate Action,2026-01-08,09:34:51
2026-01-07,19:50:09,QGEN,QIAGEN N.V.,NYSE,Corporate Action,,
2026-01-07,19:50:00,ICON,Icon Energy Corp. Common stock,Nasdaq,News pending,,
2026-01-07,19:50:00,ICON,Icon Energy Corp. Common stock,Nasdaq,News pending,2026-01-08,09:00:00
2026-01-07,19:50:00,DGLY,"""Digital Ally, Inc. Common Stock""",Nasdaq,News pending,,
2026-01-07,19:50:00,FTEL,Fitell Corporation Class A Ordinary Shares,Nasdaq,News pending,,
2026-01-07,19:50:00,FTEL,Fitell Corporation Class A Ordinary Shares,Nasdaq,News pending,2026-01-08,09:00:00
2026-01-07,15:41:37,ERAS,"""Erasca, Inc. Common Stock""",Nasdaq,LULD pause,2026-01-07,15:46:37
2026-01-07,15:21:50,ERAS,"""Erasca, Inc. Common Stock""",Nasdaq,LULD pause,2026-01-07,15:26:50
2026-01-07,15:02:17,ERAS,"""Erasca, Inc. Common Stock""",Nasdaq,LULD pause,2026-01-07,15:07:17
2026-01-07,14:58:49,RVMD,"""Revolution Medicines, Inc. Common Stock""",Nasdaq,LULD pause,2026-01-07,15:03:49
2026-01-07,14:53:41,HCHL,Happy City Holdings Limited Class A Ordinary shares,Nasdaq,LULD pause,2026-01-07,15:03:42
2026-01-07,14:50:48,ERAS,"""Erasca, Inc. Common Stock""",Nasdaq,LULD pause,2026-01-07,15:00:49
2026-01-07,14:48:31,RVMD,"""Revolution Medicines, Inc. Common Stock""",Nasdaq,LULD pause,2026-01-07,14:58:32
2026-01-07,14:26:59,OLPX,"""Olaplex Holdings, Inc. Common Stock""",Nasdaq,LULD pause,2026-01-07,14:31:59
2026-01-07,12:50:32,AMH,AMERICAN HOMES 4 RENT,NYSE,LULD pause,2026-01-07,12:56:29
2026-01-07,10:37:08,THH,TryHard Holdings Limited Ordinary Shares,Nasdaq,LULD pause,2026-01-07,10:42:08
2026-01-07,10:30:48,THH,TryHard Holdings Limited Ordinary Shares,Nasdaq,LULD pause,2026-01-07,10:35:48
2026-01-07,10:15:54,FOFO,"""Hang Feng Technology Innovation Co., Ltd. Ordinary Shares""",Nasdaq,LULD pause,2026-01-07,10:25:54
2026-01-07,09:55:37,FOFO,"""Hang Feng Technology Innovation Co., Ltd. Ordinary Shares""",Nasdaq,LULD pause,2026-01-07,10:00:37
2026-01-07,09:50:01,FOFO,"""Hang Feng Technology Innovation Co., Ltd. Ordinary Shares""",Nasdaq,LULD pause,2026-01-07,09:55:01
2026-01-07,09:42:54,EMAT,Evolution Metals & Technologies Corp. Common Stock,Nasdaq,LULD pause,2026-01-07,09:47:54
2026-01-07,09:34:00,FOFO,"""Hang Feng Technology Innovation Co., Ltd. Ordinary Shares""",Nasdaq,LULD pause,2026-01-07,09:44:00
2026-01-07,09:31:44,EMAT,Evolution Metals & Technologies Corp. Common Stock,Nasdaq,LULD pause,2026-01-07,09:41:45
2026-01-07,09:30:17,BWET,Breakwave Tanker Shipping ETF,NYSE Arca,LULD pause,2026-01-07,09:45:17
2026-01-06,19:50:00,CDTX,"""Cidara Therapeutics, Inc.""",Nasdaq,News pending,,
2026-01-06,15:46:11,EMAT,Evolution Metals & Technologies Corp. Common Stock,Nasdaq,LULD pause,2026-01-06,16:00:00
2026-01-06,15:40:43,VTYX,"""Ventyx Biosciences, Inc. Common Stock""",Nasdaq,LULD pause,2026-01-06,16:00:00
2026-01-06,15:40:37,EMAT,Evolution Metals & Technologies Corp. Common Stock,Nasdaq,LULD pause,2026-01-06,15:45:37
2026-01-06,15:34:59,EMAT,Evolution Metals & Technologies Corp. Common Stock,Nasdaq,LULD pause,2026-01-06,15:39:59
2026-01-06,15:24:05,EMAT,Evolution Metals & Technologies Corp. Common Stock,Nasdaq,LULD pause,2026-01-06,15:34:05
2026-01-06,15:13:39,EMAT,Evolution Metals & Technologies Corp. Common Stock,Nasdaq,LULD pause,2026-01-06,15:23:40
2026-01-06,12:33:30,JXG,JX Luxventure Limited Common Stock,Nasdaq,LULD pause,2026-01-06,12:38:30
2026-01-06,12:12:12,ZSB,USCF Sustainable Battery Metals Strategy Fund,NYSE Arca,LULD pause,2026-01-06,12:17:12
2026-01-06,11:55:00,OS,"""OneStream, Inc. Class A Common Stock""",Nasdaq,News pending,2026-01-06,12:35:00
2026-01-06,10:58:38,FOFO,"""Hang Feng Technology Innovation Co., Ltd. Ordinary Shares""",Nasdaq,LULD pause,2026-01-06,11:03:38
2026-01-06,10:47:22,NXTT,Next Technology Holding Inc. Ordinary Shares,Nasdaq,LULD pause,2026-01-06,10:52:22
2026-01-06,10:46:33,FOFO,"""Hang Feng Technology Innovation Co., Ltd. Ordinary Shares""",Nasdaq,LULD pause,2026-01-06,10:51:33
2026-01-06,10:34:38,NXTT,Next Technology Holding Inc. Ordinary Shares,Nasdaq,LULD pause,2026-01-06,10:44:38
2026-01-06,10:21:24,NXTT,Next Technology Holding Inc. Ordinary Shares,Nasdaq,LULD pause,2026-01-06,10:31:24
2026-01-06,10:16:05,NXTT,Next Technology Holding Inc. Ordinary Shares,Nasdaq,LULD pause,2026-01-06,10:21:05
2026-01-06,10:00:33,EMAT,Evolution Metals & Technologies Corp. Common Stock,Nasdaq,LULD pause,2026-01-06,10:10:33
2026-01-06,09:58:50,HXHX,Haoxin Holdings Limited Class A Ordinary Shares,Nasdaq,LULD pause,2026-01-06,10:03:50
2026-01-06,09:52:10,HXHX,Haoxin Holdings Limited Class A Ordinary Shares,Nasdaq,LULD pause,2026-01-06,09:57:10
2026-01-06,09:50:18,PHOE,Phoenix Asia Holdings Limited Ordinary Shares,Nasdaq,LULD pause,2026-01-06,10:00:18
2026-01-06,09:36:29,BVC,BitVentures Limited Ordinary Shares,Nasdaq,LULD pause,2026-01-06,09:46:29
2026-01-06,09:35:30,ELAB,PMGC Holdings Inc. Common Stock,Nasdaq,LULD pause,2026-01-06,09:40:30
2026-01-06,06:55:00,ALMS,Alumis Inc. Common Stock,Nasdaq,News pending,2026-01-06,07:35:00
2026-01-06,06:55:00,TIL,"""Instil Bio, Inc. Common Stock""",Nasdaq,News pending,2026-01-06,07:35:00
2026-01-05,19:50:00,MRSN,"""Mersana Therapeutics, Inc. Common Stock""",Nasdaq,News pending,,
2026-01-05,19:50:00,ELAB,PMGC Holdings Inc. Common Stock,Nasdaq,News pending,,
2026-01-05,19:50:00,ELAB,PMGC Holdings Inc. Common Stock,Nasdaq,News pending,2026-01-06,09:05:00
2026-01-05,19:50:00,CVAC,CureVac N.V. Ordinary Shares,Nasdaq,News pending,,
2026-01-05,14:58:17,MNTS,Momentus Inc. Class A Common Stock,Nasdaq,LULD pause,2026-01-05,15:08:18
2026-01-05,14:23:55,LHAI,Linkhome Holdings Inc. Common stock,Nasdaq,LULD pause,2026-01-05,14:28:55
2026-01-05,10:44:51,SELX,Semilux International Ltd. Ordinary Shares,Nasdaq,LULD pause,2026-01-05,10:49:51
2026-01-05,10:28:09,BVC,BitVentures Limited Ordinary Shares,Nasdaq,LULD pause,2026-01-05,10:38:09
2026-01-05,10:24:42,JXG,JX Luxventure Limited Common Stock,Nasdaq,LULD pause,2026-01-05,10:34:42
2026-01-05,10:20:48,BVC,BitVentures Limited Ordinary Shares,Nasdaq,LULD pause,2026-01-05,10:25:48
2026-01-05,10:10:04,LHSW,Lianhe Sowell International Group Ltd Class A Ordinary Shares,Nasdaq,LULD pause,2026-01-05,10:15:04
2026-01-05,10:09:19,BVC,BitVentures Limited Ordinary Shares,Nasdaq,LULD pause,2026-01-05,10:19:19
2026-01-05,10:08:59,TMDE,TMD Energy Limited,NYSE American,LULD pause,2026-01-05,10:13:59
2026-01-05,10:03:57,BVC,BitVentures Limited Ordinary Shares,Nasdaq,LULD pause,2026-01-05,10:08:57
2026-01-05,10:02:20,ASPCU,A SPAC III Acquisition Corp. Unit,Nasdaq,LULD pause,2026-01-05,10:17:20
2026-01-05,10:01:02,CVE WS,Cenovus Energy Inc. Warrants (each warrant entitles the holder to purchase one common share at an exercise price of C$6.54 per share),NYSE,News Released,,
2026-01-05,09:58:12,BVC,BitVentures Limited Ordinary Shares,Nasdaq,LULD pause,2026-01-05,10:03:12
2026-01-05,09:57:44,TMDE,TMD Energy Limited,NYSE American,LULD pause,2026-01-05,10:02:44
2026-01-05,09:56:43,ASTI,"""Ascent Solar Technologies, Inc. Common Stock""",Nasdaq,LULD pause,2026-01-05,10:01:43
2026-01-05,09:47:47,BVC,BitVentures Limited Ordinary Shares,Nasdaq,LULD pause,2026-01-05,09:57:47
2026-01-05,09:43:54,ASTI,"""Ascent Solar Technologies, Inc. Common Stock""",Nasdaq,LULD pause,2026-01-05,09:53:55
2026-01-05,09:42:58,TMDE,TMD Energy Limited,NYSE American,LULD pause,2026-01-05,09:47:58
2026-01-05,09:36:45,TMDE,TMD Energy Limited,NYSE American,LULD pause,2026-01-05,09:41:45
2026-01-05,09:36:31,BVC,BitVentures Limited Ordinary Shares,Nasdaq,LULD pause,2026-01-05,09:46:31
2026-01-05,09:34:01,ALCYU,Alchemy Investments Acquisition Corp 1 Units,Nasdaq,LULD pause,2026-01-05,09:39:01
2026-01-05,09:30:57,INBS,Intelligent Bio Solutions Inc. Common Stock,Nasdaq,LULD pause,2026-01-05,09:35:57
2026-01-05,09:30:53,UUU,"""Universal Safety Products, Inc.""",NYSE American,LULD pause,2026-01-05,09:51:02
2026-01-05,09:30:16,MLEC,Moolec Science SA Ordinary Shares,Nasdaq,LULD pause,2026-01-05,09:35:16
2026-01-05,09:30:15,TMDE,TMD Energy Limited,NYSE American,LULD pause,2026-01-05,09:35:15
2026-01-05,09:28:59,CVE WS,Cenovus Energy Inc. Warrants (each warrant entitles the holder to purchase one common share at an exercise price of C$6.54 per share),NYSE,Corporate Action,See Subsequent Halt,See Subsequent Halt
2026-01-05,07:00:00,ZBIO,"""Zenas BioPharma, Inc. Common Stock""",Nasdaq,News pending,2026-01-05,07:35:00
2026-01-05,06:55:00,GHRS,GH Research PLC Ordinary Shares,Nasdaq,News pending,2026-01-05,07:35:00
2026-01-02,19:50:13,CANF,"""Can-Fite BioPharma Ltd. American Depositary Shares, each representing three hundred (300) Ordinary Shares""",NYSE American,Corporate Action,2026-01-05,09:05:00
2026-01-02,19:50:13,CANF,"""Can-Fite BioPharma Ltd. American Depositary Shares, each representing three hundred (300) Ordinary Shares""",NYSE American,Corporate Action,,
2026-01-02,19:50:00,ICUCW,SeaStar Medical Holding Corporation Warrant,Nasdaq,News pending,,
2026-01-02,19:50:00,ICUCW,SeaStar Medical Holding Corporation Warrant,Nasdaq,News pending,2026-01-05,09:05:00
2026-01-02,19:50:00,ICU,SeaStar Medical Holding Corporation Common Stock,Nasdaq,News pending,2026-01-05,09:00:00
2026-01-02,19:50:00,ICU,SeaStar Medical Holding Corporation Common Stock,Nasdaq,News pending,,
2026-01-02,19:50:00,MLECW,Moolec Science SA Warrant,Nasdaq,News pending,,
2026-01-02,19:50:00,MLECW,Moolec Science SA Warrant,Nasdaq,News pending,2026-01-05,09:05:00
2026-01-02,19:50:00,PBBK,"""PB Bankshares, Inc. Common Stock""",Nasdaq,News pending,,
2026-01-02,19:50:00,BVC,BitVentures Limited American Depositary Shares,Nasdaq,News pending,2026-01-05,09:00:00
2026-01-02,19:50:00,BVC,BitVentures Limited American Depositary Shares,Nasdaq,News pending,,
2026-01-02,19:50:00,MLEC,Moolec Science SA Ordinary Shares,Nasdaq,News pending,,
2026-01-02,19:50:00,MLEC,Moolec Science SA Ordinary Shares,Nasdaq,News pending,2026-01-05,09:00:00
2026-01-02,15:45:56,KZIA,Kazia Therapeutics Limited American Depositary Shares,Nasdaq,LULD pause,2026-01-02,16:00:00
2026-01-02,15:35:19,JXG,JX Luxventure Limited Common Stock,Nasdaq,LULD pause,2026-01-02,15:40:19
2026-01-02,15:24:43,LUD,Luda Technology Group Limited,NYSE American,LULD pause,2026-01-02,15:29:43
2026-01-02,15:18:59,MB,MasterBeef Group Ordinary Shares,Nasdaq,LULD pause,2026-01-02,15:23:59
2026-01-02,13:26:16,AKO A,Embotelladora Andina S.A. Series A,NYSE,LULD pause,2026-01-02,13:31:16
2026-01-02,12:38:18,ASPC,A SPAC III Acquisition Corp. Class A Ordinary Shares,Nasdaq,LULD pause,2026-01-02,12:43:18
2026-01-02,11:55:20,PAPL,Pineapple Financial Inc.,NYSE American,LULD pause,2026-01-02,12:00:20
2026-01-02,11:32:50,GTN A,"""Gray Media, Inc. Class A""",NYSE,LULD pause,2026-01-02,11:37:57
2026-01-02,11:20:09,BUUU,BUUU Group Limited Class A Ordinary Share,Nasdaq,LULD pause,2026-01-02,11:25:09
2026-01-02,11:10:51,BUUU,BUUU Group Limited Class A Ordinary Share,Nasdaq,LULD pause,2026-01-02,11:15:51
2026-01-02,11:09:53,LVRO,Lavoro Limited Class A Ordinary Shares,Nasdaq,LULD pause,2026-01-02,11:14:53
2026-01-02,10:55:21,BUUU,BUUU Group Limited Class A Ordinary Share,Nasdaq,LULD pause,2026-01-02,11:05:21
2026-01-02,10:49:50,BUUU,BUUU Group Limited Class A Ordinary Share,Nasdaq,LULD pause,2026-01-02,10:54:50
2026-01-02,10:43:40,LVRO,Lavoro Limited Class A Ordinary Shares,Nasdaq,LULD pause,2026-01-02,10:48:40
2026-01-02,10:43:33,STI,"""Solidion Technology, Inc. Common Stock""",Nasdaq,LULD pause,2026-01-02,10:48:33
2026-01-02,10:33:31,LVRO,Lavoro Limited Class A Ordinary Shares,Nasdaq,LULD pause,2026-01-02,10:38:31
2026-01-02,10:33:02,JFU,9F Inc. American Depositary Shares,Nasdaq,LULD pause,2026-01-02,10:38:02
2026-01-02,10:10:42,LVRO,Lavoro Limited Class A Ordinary Shares,Nasdaq,LULD pause,2026-01-02,10:15:42
2026-01-02,09:53:10,LVRO,Lavoro Limited Class A Ordinary Shares,Nasdaq,LULD pause,2026-01-02,09:58:10
2026-01-02,09:46:19,LVRO,Lavoro Limited Class A Ordinary Shares,Nasdaq,LULD pause,2026-01-02,09:51:19
2026-01-02,09:45:56,RDACU,Rising Dragon Acquisition Corp. Unit,Nasdaq,LULD pause,2026-01-02,09:50:56
2026-01-02,09:44:41,DRAY,YieldMax DKNG Option Income Strategy ETF,NYSE Arca,LULD pause,2026-01-02,09:49:41
2026-01-02,09:38:12,LVRO,Lavoro Limited Class A Ordinary Shares,Nasdaq,LULD pause,2026-01-02,09:43:12
2026-01-02,09:30:40,LVRO,Lavoro Limited Class A Ordinary Shares,Nasdaq,LULD pause,2026-01-02,09:35:40
