Halt Date,Halt Time,Symbol,Name,Exchange,Reason,Resume Date,NYSE Resume Time
2025-10-31,19:50:00,CFSB,"""CFSB Bancorp, Inc. Common Stock""",Nasdaq,News pending,,
2025-10-31,19:50:00,ABPWW,"""Abpro Holdings, Inc. Warrant""",Nasdaq,News pending,,
2025-10-31,19:50:00,ABPWW,"""Abpro Holdings, Inc. Warrant""",Nasdaq,News pending,2025-11-03,09:05:00
2025-10-31,19:50:00,CJET,"""Chijet Motor Company, Inc. Ordinary Shares""",Nasdaq,News pending,2025-11-03,09:00:00
2025-10-31,19:50:00,CJET,"""Chijet Motor Company, Inc. Ordinary Shares""",Nasdaq,News pending,,
2025-10-31,19:50:00,ABP,"""Abpro Holdings, Inc Common Stock""",Nasdaq,News pending,2025-11-03,09:00:00
2025-10-31,19:50:00,ABP,"""Abpro Holdings, Inc Common Stock""",Nasdaq,News pending,,
2025-10-31,19:50:00,RETO,"""ReTo Eco-Solutions, Inc. Class A Shares""",Nasdaq,News pending,,
2025-10-31,19:50:00,RETO,"""ReTo Eco-Solutions, Inc. Class A Shares""",Nasdaq,News pending,2025-11-03,09:00:00
2025-10-31,19:50:00,ADTX,"""Aditxt, Inc. Common Stock""",Nasdaq,News pending,,
2025-10-31,19:50:00,ADTX,"""Aditxt, Inc. Common Stock""",Nasdaq,News pending,2025-11-03,09:00:00
2025-10-31,16:08:39,PSFE WS,"""Paysafe Limited Warrants, exercisable for one Common Share of Paysafe Limited at a price of $138.00 per share""",NYSE,News Released,,
2025-10-31,15:58:17,ATMVU,AlphaVest Acquisition Corp Unit,Nasdaq,LULD pause,2025-10-31,16:06:37
2025-10-31,15:45:04,NOMA,NOMADAR Corp. Class A Common Stock,Nasdaq,LULD pause,2025-10-31,16:00:00
2025-10-31,14:51:00,NMG,Nouveau Monde Graphite Inc.,NYSE,News pending,2025-10-31,15:31:33
2025-10-31,14:41:59,BQ,Boqii Holding Limited,NYSE American,LULD pause,2025-10-31,14:46:59
2025-10-31,14:19:12,APLM,Apollomics Inc. Class A Ordinary Shares,Nasdaq,LULD pause,2025-10-31,14:24:12
2025-10-31,13:50:40,NOMA,NOMADAR Corp. Class A Common Stock,Nasdaq,LULD pause,2025-10-31,14:00:40
2025-10-31,13:45:12,NOMA,NOMADAR Corp. Class A Common Stock,Nasdaq,LULD pause,2025-10-31,13:50:12
2025-10-31,13:00:41,BQ,Boqii Holding Limited,NYSE American,LULD pause,2025-10-31,13:05:41
2025-10-31,12:58:41,NOMA,NOMADAR Corp. Class A Common Stock,Nasdaq,LULD pause,2025-10-31,13:08:41
2025-10-31,12:52:48,NOMA,NOMADAR Corp. Class A Common Stock,Nasdaq,LULD pause,2025-10-31,12:57:48
2025-10-31,12:41:10,NOMA,NOMADAR Corp. Class A Common Stock,Nasdaq,LULD pause,2025-10-31,12:51:10
2025-10-31,12:34:59,NOMA,NOMADAR Corp. Class A Common Stock,Nasdaq,LULD pause,2025-10-31,12:39:59
2025-10-31,12:24:09,NOMA,NOMADAR Corp. Class A Common Stock,Nasdaq,LULD pause,2025-10-31,12:34:09
2025-10-31,12:06:39,NOMA,NOMADAR Corp. Class A Common Stock,Nasdaq,LULD pause,2025-10-31,12:19:14
2025-10-31,12:01:12,NOMA,NOMADAR Corp. Class A Common Stock,Nasdaq,LULD pause,2025-10-31,12:06:12
2025-10-31,11:11:40,TGE,The Generation Essentials Group,NYSE,LULD pause,2025-10-31,11:16:43
2025-10-31,10:58:11,NOMA,NOMADAR Corp. Class A Common Stock,Nasdaq,LULD pause,2025-10-31,11:59:10
2025-10-31,10:57:28,APLM,Apollomics Inc. Class A Ordinary Shares,Nasdaq,LULD pause,2025-10-31,11:02:28
2025-10-31,10:56:21,BQ,Boqii Holding Limited,NYSE American,LULD pause,2025-10-31,11:01:21
2025-10-31,10:46:17,BQ,Boqii Holding Limited,NYSE American,LULD pause,2025-10-31,10:51:17
2025-10-31,10:32:17,BQ,Boqii Holding Limited,NYSE American,LULD pause,2025-10-31,10:42:17
2025-10-31,10:26:57,BQ,Boqii Holding Limited,NYSE American,LULD pause,2025-10-31,10:31:57
2025-10-31,10:20:51,BQ,Boqii Holding Limited,NYSE American,LULD pause,2025-10-31,10:25:51
2025-10-31,10:07:11,TWNP,Twin Hospitality Group Inc. Class A Common Stock,Nasdaq,LULD pause,2025-10-31,10:12:11
2025-10-31,10:04:22,NCEL,NewcelX Ltd. Ordinary Shares,Nasdaq,LULD pause,2025-10-31,10:09:22
2025-10-31,10:00:09,APLM,Apollomics Inc. Class A Ordinary Shares,Nasdaq,LULD pause,2025-10-31,10:05:09
2025-10-31,09:58:53,BQ,Boqii Holding Limited,NYSE American,LULD pause,2025-10-31,10:13:53
2025-10-31,09:52:16,NCEL,NewcelX Ltd. Ordinary Shares,Nasdaq,LULD pause,2025-10-31,10:02:16
2025-10-31,09:49:15,IMTE,Integrated Media Technology Limited Ordinary Shares,Nasdaq,LULD pause,2025-10-31,09:54:15
2025-10-31,09:48:25,BQ,Boqii Holding Limited,NYSE American,LULD pause,2025-10-31,09:58:25
2025-10-31,09:44:45,NCEL,NewcelX Ltd. Ordinary Shares,Nasdaq,LULD pause,2025-10-31,09:49:45
2025-10-31,09:42:42,MSPR,"""MSP Recovery, Inc. Class A Common Stock""",Nasdaq,LULD pause,2025-10-31,09:47:42
2025-10-31,09:35:25,FMFC,Kandal M Venture Limited Class A Ordinary Shares,Nasdaq,LULD pause,2025-10-31,09:40:25
2025-10-31,09:34:04,BQ,Boqii Holding Limited,NYSE American,LULD pause,2025-10-31,09:44:04
2025-10-31,09:32:31,NCEL,NewcelX Ltd. Ordinary Shares,Nasdaq,LULD pause,2025-10-31,09:37:31
2025-10-31,09:31:36,FLUX,"""Flux Power Holdings, Inc. Common Stock""",Nasdaq,LULD pause,2025-10-31,09:41:37
2025-10-31,07:37:02,TIXT,TELUS International (Cda) Inc. Subordinate Voting Shares,NYSE,Merger Effective,,
2025-10-31,00:22:10,NCEL,NewcelX Ltd. Ordinary Shares,Nasdaq,News pending,2025-10-31,09:00:00
2025-10-30,19:50:00,NLSPW,NLS Pharmaceutics Ltd. Warrant,Nasdaq,News pending,,
2025-10-30,19:50:00,NLSP,NLS Pharmaceutics Ltd. Ordinary Shares,Nasdaq,News pending,,
2025-10-30,16:04:50,PSFE WS,"""Paysafe Limited Warrants, exercisable for one Common Share of Paysafe Limited at a price of $138.00 per share""",NYSE,News pending,See Subsequent Halt,See Subsequent Halt
2025-10-30,16:04:50,PSFE WS,"""Paysafe Limited Warrants, exercisable for one Common Share of Paysafe Limited at a price of $138.00 per share""",NYSE,News pending,,
2025-10-30,15:58:17,ATMVU,AlphaVest Acquisition Corp Unit,Nasdaq,LULD pause,2025-10-30,16:00:00
2025-10-30,15:58:15,BQ,Boqii Holding Limited,NYSE American,LULD pause,2025-10-30,16:00:00
2025-10-30,15:38:58,BQ,Boqii Holding Limited,NYSE American,LULD pause,2025-10-30,15:43:58
2025-10-30,15:29:42,IPDN,"""Professional Diversity Network, Inc.""",Nasdaq,LULD pause,2025-10-30,15:34:42
2025-10-30,15:19:46,BQ,Boqii Holding Limited,NYSE American,LULD pause,2025-10-30,15:35:52
2025-10-30,15:07:45,BQ,Boqii Holding Limited,NYSE American,LULD pause,2025-10-30,15:18:01
2025-10-30,14:57:01,BQ,Boqii Holding Limited,NYSE American,LULD pause,2025-10-30,15:07:01
2025-10-30,14:46:40,BQ,Boqii Holding Limited,NYSE American,LULD pause,2025-10-30,14:56:40
2025-10-30,14:44:12,MTEN,Mingteng International Corporation Inc. Class A Ordinary Shares,Nasdaq,LULD pause,2025-10-30,14:49:12
2025-10-30,14:40:45,MSC,"""Studio City International Holdings Limited American depositary shares, each representing four Class A ordinary shares""",NYSE,LULD pause,2025-10-30,14:45:47
2025-10-30,14:40:18,GSAT,"""Globalstar, Inc. Common Stock""",Nasdaq,LULD pause,2025-10-30,14:50:18
2025-10-30,14:37:13,VSME,VS Media Holdings Limited Class A Ordinary Shares,Nasdaq,LULD pause,2025-10-30,14:42:13
2025-10-30,14:36:11,BQ,Boqii Holding Limited,NYSE American,LULD pause,2025-10-30,14:46:11
2025-10-30,14:35:17,MSC,"""Studio City International Holdings Limited American depositary shares, each representing four Class A ordinary shares""",NYSE,LULD pause,2025-10-30,14:40:30
2025-10-30,14:33:23,AQMS,"""Aqua Metals, Inc. Common Stock""",Nasdaq,LULD pause,2025-10-30,14:38:23
2025-10-30,14:30:35,BQ,Boqii Holding Limited,NYSE American,LULD pause,2025-10-30,14:35:35
2025-10-30,14:27:40,MSC,"""Studio City International Holdings Limited American depositary shares, each representing four Class A ordinary shares""",NYSE,LULD pause,2025-10-30,14:32:42
2025-10-30,14:24:09,BQ,Boqii Holding Limited,NYSE American,LULD pause,2025-10-30,14:29:09
2025-10-30,14:09:30,INTS,"""Intensity Therapeutics, Inc. Common stock""",Nasdaq,LULD pause,2025-10-30,14:14:30
2025-10-30,13:53:48,INTS,"""Intensity Therapeutics, Inc. Common stock""",Nasdaq,LULD pause,2025-10-30,13:58:48
2025-10-30,13:48:14,INTS,"""Intensity Therapeutics, Inc. Common stock""",Nasdaq,LULD pause,2025-10-30,13:53:14
2025-10-30,13:36:44,BQ,Boqii Holding Limited,NYSE American,LULD pause,2025-10-30,14:23:43
2025-10-30,12:50:28,CVU,"""CPI Aerostructures, Inc.""",NYSE American,LULD pause,2025-10-30,12:55:28
2025-10-30,12:23:14,BQ,Boqii Holding Limited,NYSE American,LULD pause,2025-10-30,13:36:17
2025-10-30,12:14:19,WETH,Wetouch Technology Inc. Common Stock,Nasdaq,LULD pause,2025-10-30,12:19:19
2025-10-30,11:52:57,BQ,Boqii Holding Limited,NYSE American,LULD pause,2025-10-30,12:22:58
2025-10-30,11:42:42,BQ,Boqii Holding Limited,NYSE American,LULD pause,2025-10-30,11:52:42
2025-10-30,11:40:39,WETH,Wetouch Technology Inc. Common Stock,Nasdaq,LULD pause,2025-10-30,11:50:39
2025-10-30,11:29:55,WETH,Wetouch Technology Inc. Common Stock,Nasdaq,LULD pause,2025-10-30,11:34:55
2025-10-30,11:27:55,LIVE,Live Ventures Inc,Nasdaq,LULD pause,2025-10-30,11:37:55
2025-10-30,11:14:04,WETH,Wetouch Technology Inc. Common Stock,Nasdaq,LULD pause,2025-10-30,11:29:04
2025-10-30,10:03:14,MCTA,Charming Medical Limited Class A Ordinary Shares,Nasdaq,LULD pause,2025-10-30,10:08:14
2025-10-30,09:52:40,XRPNU,Armada Acquisition Corp. II Units,Nasdaq,LULD pause,2025-10-30,10:02:40
2025-10-30,09:39:12,FMFC,Kandal M Venture Limited Class A Ordinary Shares,Nasdaq,LULD pause,2025-10-30,09:44:12
2025-10-30,09:31:39,QCLS,"""Q/C Technologies, Inc. Common Stock""",Nasdaq,LULD pause,2025-10-30,09:36:39
2025-10-30,08:55:00,SNSE,"""Sensei Biotherapeutics, Inc. Common Stock""",Nasdaq,News pending,2025-10-30,09:55:00
2025-10-30,08:25:00,IROQ,"""IF Bancorp, Inc.""",Nasdaq,News pending,2025-10-30,09:50:00
2025-10-30,03:02:45,OCFT,OneConnect Financial Technology Co. Ltd. American Depositary Shares each representing thirty Ordinary Shares,NYSE,Corporate Action,,
2025-10-30,03:02:45,OCFT,OneConnect Financial Technology Co. Ltd. American Depositary Shares each representing thirty Ordinary Shares,NYSE,Corporate Action,See Subsequent Halt,See Subsequent Halt
2025-10-30,03:02:45,OCFT,"""OneConnect Financial Technology Co., Ltd. American Depositary Shares, each representing thirty (30) Ordinary Shares""",NYSE,Corporate Action,,
2025-10-29,19:50:00,ETNB,"""89bio, Inc. Common Stock""",Nasdaq,News pending,,
2025-10-29,16:00:10,TECX,"""Tectonic Therapeutic, Inc. Common Stock""",Nasdaq,News pending,2025-10-29,16:35:01
2025-10-29,15:48:22,CMBM,Cambium Networks Corporation Ordinary Shares,Nasdaq,LULD pause,2025-10-29,16:00:00
2025-10-29,15:45:28,QH,Quhuo Limited American Depository Shares,Nasdaq,LULD pause,2025-10-29,16:00:00
2025-10-29,15:39:06,CMBM,Cambium Networks Corporation Ordinary Shares,Nasdaq,LULD pause,2025-10-29,15:44:06
2025-10-29,15:34:21,QH,Quhuo Limited American Depository Shares,Nasdaq,LULD pause,2025-10-29,15:39:21
2025-10-29,15:33:31,CMBM,Cambium Networks Corporation Ordinary Shares,Nasdaq,LULD pause,2025-10-29,15:38:31
2025-10-29,15:28:13,CMBM,Cambium Networks Corporation Ordinary Shares,Nasdaq,LULD pause,2025-10-29,15:33:13
2025-10-29,15:24:34,QH,Quhuo Limited American Depository Shares,Nasdaq,LULD pause,2025-10-29,15:29:34
2025-10-29,15:22:38,CMBM,Cambium Networks Corporation Ordinary Shares,Nasdaq,LULD pause,2025-10-29,15:27:38
2025-10-29,15:17:05,CMBM,Cambium Networks Corporation Ordinary Shares,Nasdaq,LULD pause,2025-10-29,15:22:05
2025-10-29,15:06:06,CMBM,Cambium Networks Corporation Ordinary Shares,Nasdaq,LULD pause,2025-10-29,15:16:07
2025-10-29,14:59:18,CMBM,Cambium Networks Corporation Ordinary Shares,Nasdaq,LULD pause,2025-10-29,15:04:18
2025-10-29,14:53:01,CMBM,Cambium Networks Corporation Ordinary Shares,Nasdaq,LULD pause,2025-10-29,14:58:01
2025-10-29,14:44:57,CMBM,Cambium Networks Corporation Ordinary Shares,Nasdaq,LULD pause,2025-10-29,14:49:57
2025-10-29,14:39:19,CMBM,Cambium Networks Corporation Ordinary Shares,Nasdaq,LULD pause,2025-10-29,14:44:19
2025-10-29,14:29:01,CMBM,Cambium Networks Corporation Ordinary Shares,Nasdaq,LULD pause,2025-10-29,14:39:01
2025-10-29,14:23:37,CMBM,Cambium Networks Corporation Ordinary Shares,Nasdaq,LULD pause,2025-10-29,14:28:37
2025-10-29,14:12:27,CMBM,Cambium Networks Corporation Ordinary Shares,Nasdaq,LULD pause,2025-10-29,14:22:34
2025-10-29,14:05:34,CYCU,"""Cycurion, Inc. Common Stock""",Nasdaq,LULD pause,2025-10-29,14:15:34
2025-10-29,14:01:01,CMBM,Cambium Networks Corporation Ordinary Shares,Nasdaq,LULD pause,2025-10-29,14:06:01
2025-10-29,13:52:49,CMBM,Cambium Networks Corporation Ordinary Shares,Nasdaq,LULD pause,2025-10-29,13:57:49
2025-10-29,12:28:07,QH,Quhuo Limited American Depository Shares,Nasdaq,LULD pause,2025-10-29,12:33:07
2025-10-29,12:21:02,CMBM,Cambium Networks Corporation Ordinary Shares,Nasdaq,LULD pause,2025-10-29,12:26:02
2025-10-29,12:03:34,QH,Quhuo Limited American Depository Shares,Nasdaq,LULD pause,2025-10-29,12:13:34
2025-10-29,11:57:38,QH,Quhuo Limited American Depository Shares,Nasdaq,LULD pause,2025-10-29,12:02:38
2025-10-29,11:45:53,CMBM,Cambium Networks Corporation Ordinary Shares,Nasdaq,LULD pause,2025-10-29,11:50:53
2025-10-29,11:28:06,QH,Quhuo Limited American Depository Shares,Nasdaq,LULD pause,2025-10-29,11:33:06
2025-10-29,11:26:36,FMFC,Kandal M Venture Limited Class A Ordinary Shares,Nasdaq,LULD pause,2025-10-29,11:36:36
2025-10-29,11:17:30,QH,Quhuo Limited American Depository Shares,Nasdaq,LULD pause,2025-10-29,11:27:30
2025-10-29,11:12:09,QH,Quhuo Limited American Depository Shares,Nasdaq,LULD pause,2025-10-29,11:17:09
2025-10-29,11:03:29,MAMK,MaxsMaking Inc. Class A Ordinary Shares,Nasdaq,LULD pause,2025-10-29,11:13:29
2025-10-29,10:56:22,QH,Quhuo Limited American Depository Shares,Nasdaq,LULD pause,2025-10-29,11:01:22
2025-10-29,10:45:30,QH,Quhuo Limited American Depository Shares,Nasdaq,LULD pause,2025-10-29,10:50:30
2025-10-29,10:29:21,QH,Quhuo Limited American Depository Shares,Nasdaq,LULD pause,2025-10-29,10:34:21
2025-10-29,10:23:23,QH,Quhuo Limited American Depository Shares,Nasdaq,LULD pause,2025-10-29,10:28:23
2025-10-29,10:06:21,QH,Quhuo Limited American Depository Shares,Nasdaq,LULD pause,2025-10-29,10:11:21
2025-10-29,10:04:49,CMBM,Cambium Networks Corporation Ordinary Shares,Nasdaq,LULD pause,2025-10-29,10:09:49
2025-10-29,09:57:00,PPBT,Purple Biotech Ltd. American Depositary Shares,Nasdaq,LULD pause,2025-10-29,10:02:00
2025-10-29,09:56:02,QH,Quhuo Limited American Depository Shares,Nasdaq,LULD pause,2025-10-29,10:01:02
2025-10-29,09:50:28,QH,Quhuo Limited American Depository Shares,Nasdaq,LULD pause,2025-10-29,09:55:28
2025-10-29,09:47:26,FMFC,Kandal M Venture Limited Class A Ordinary Shares,Nasdaq,LULD pause,2025-10-29,09:57:26
2025-10-29,09:47:23,CMBM,Cambium Networks Corporation Ordinary Shares,Nasdaq,LULD pause,2025-10-29,09:52:23
2025-10-29,09:44:30,QH,Quhuo Limited American Depository Shares,Nasdaq,LULD pause,2025-10-29,09:49:30
2025-10-29,09:36:48,FMFC,Kandal M Venture Limited Class A Ordinary Shares,Nasdaq,LULD pause,2025-10-29,09:46:48
2025-10-29,09:36:18,CMBM,Cambium Networks Corporation Ordinary Shares,Nasdaq,LULD pause,2025-10-29,09:46:18
2025-10-29,09:31:03,CMBM,Cambium Networks Corporation Ordinary Shares,Nasdaq,LULD pause,2025-10-29,09:36:03
2025-10-29,09:30:15,GCTK,"""GlucoTrack, Inc. Common Stock""",Nasdaq,LULD pause,2025-10-29,09:35:15
2025-10-28,16:43:23,AMBI WS,"""Ambipar Emergency Response Warrants to purchase Class A ordinary shares, each whole warrant exercisable for one Class A ordinary share at an exercise """,NYSE American,News Released,,
2025-10-28,16:43:23,AMBI,Ambipar Emergency Response,NYSE American,News Released,,
2025-10-28,16:29:54,ZEUS,"""Olympic Steel, Inc.""",Nasdaq,News pending,2025-10-28,17:20:01
2025-10-28,16:05:00,ADVWW,Advantage Solutions Inc. Warrant,Nasdaq,News pending,,
2025-10-28,16:04:56,AMBI WS,"""Ambipar Emergency Response Warrants to purchase Class A ordinary shares, each whole warrant exercisable for one Class A ordinary share at an exercise """,NYSE American,News pending,See Subsequent Halt,See Subsequent Halt
2025-10-28,16:04:56,AMBI,Ambipar Emergency Response,NYSE American,News pending,See Subsequent Halt,See Subsequent Halt
2025-10-28,15:28:46,AGCC,Agencia Comercial Spirits Ltd Class A Ordinary Shares,Nasdaq,LULD pause,2025-10-28,15:38:46
2025-10-28,15:04:15,IVA,Inventiva S.A. American Depository Shares,Nasdaq,LULD pause,2025-10-28,15:09:15
2025-10-28,14:58:39,IVA,Inventiva S.A. American Depository Shares,Nasdaq,LULD pause,2025-10-28,15:03:39
2025-10-28,14:48:07,IVA,Inventiva S.A. American Depository Shares,Nasdaq,LULD pause,2025-10-28,14:58:08
2025-10-28,14:35:38,FMFC,Kandal M Venture Limited Class A Ordinary Shares,Nasdaq,LULD pause,2025-10-28,14:40:38
2025-10-28,13:35:44,BLCN,Siren ETF Trust Siren Nasdaq NexGen Economy ETF,Nasdaq,LULD pause,2025-10-28,13:40:44
2025-10-28,12:58:00,MGRT,Mega Fortune Company Limited Ordinary Shares,Nasdaq,LULD pause,2025-10-28,13:08:00
2025-10-28,11:46:17,AGCC,Agencia Comercial Spirits Ltd Class A Ordinary Shares,Nasdaq,LULD pause,2025-10-28,11:51:17
2025-10-28,11:35:36,AGCC,Agencia Comercial Spirits Ltd Class A Ordinary Shares,Nasdaq,LULD pause,2025-10-28,11:45:36
2025-10-28,11:35:34,VSEE,"""VSee Health, Inc. Common Stock""",Nasdaq,LULD pause,2025-10-28,11:40:34
2025-10-28,11:20:42,GNPX,"""Genprex, Inc. Common Stock""",Nasdaq,LULD pause,2025-10-28,11:25:42
2025-10-28,11:16:31,NOK,Nokia Corporation,NYSE,News pending,2025-10-28,11:45:05
2025-10-28,10:50:42,VSEE,"""VSee Health, Inc. Common Stock""",Nasdaq,LULD pause,2025-10-28,10:55:42
2025-10-28,10:42:19,VSEE,"""VSee Health, Inc. Common Stock""",Nasdaq,LULD pause,2025-10-28,10:47:19
2025-10-28,10:35:14,VSEE,"""VSee Health, Inc. Common Stock""",Nasdaq,LULD pause,2025-10-28,10:40:14
2025-10-28,10:21:59,VSEE,"""VSee Health, Inc. Common Stock""",Nasdaq,LULD pause,2025-10-28,10:26:59
2025-10-28,10:19:07,PW PRA,"""Power REIT  7.75% Series A Cumulative Redeemable Perpetual Preferred Stock, Liquidation Preference $25.00 per Share""",NYSE American,LULD pause,2025-10-28,10:29:07
2025-10-28,10:06:33,VSEE,"""VSee Health, Inc. Common Stock""",Nasdaq,LULD pause,2025-10-28,10:11:33
2025-10-28,09:56:37,NEXM,NexMetals Mining Corp. Common Shares,Nasdaq,News pending,2025-10-28,10:30:00
2025-10-28,09:52:00,VSEE,"""VSee Health, Inc. Common Stock""",Nasdaq,LULD pause,2025-10-28,10:02:00
2025-10-28,09:46:33,VSEE,"""VSee Health, Inc. Common Stock""",Nasdaq,LULD pause,2025-10-28,09:51:33
2025-10-28,09:45:23,IPDN,"""Professional Diversity Network, Inc.""",Nasdaq,LULD pause,2025-10-28,09:50:23
2025-10-28,09:38:54,HPAI,Helport AI Limited Ordinary Shares,Nasdaq,LULD pause,2025-10-28,09:43:54
2025-10-28,09:35:55,VSEE,"""VSee Health, Inc. Common Stock""",Nasdaq,LULD pause,2025-10-28,09:45:55
2025-10-28,09:33:46,CODX,"""Co-Diagnostics, Inc. Common Stock""",Nasdaq,LULD pause,2025-10-28,09:38:46
2025-10-28,09:30:38,VSEE,"""VSee Health, Inc. Common Stock""",Nasdaq,LULD pause,2025-10-28,09:35:38
2025-10-28,09:30:26,WULX,Tradr 2X Long WULF Daily ETF,Cboe BZX,LULD pause,2025-10-28,09:35:26
2025-10-28,07:49:44,CYBN,Cybin Inc.,NYSE American,News pending,2025-10-28,08:30:00
2025-10-28,06:55:00,SWKS,Skyworks Solutions Inc,Nasdaq,News pending,2025-10-28,07:30:00
2025-10-28,06:55:00,CEPT,"""Cantor Equity Partners II, Inc. Class A Ordinary Share""",Nasdaq,News pending,2025-10-28,07:30:00
2025-10-28,06:55:00,QRVO,"""Qorvo, Inc.""",Nasdaq,News pending,2025-10-28,07:30:00
2025-10-27,19:50:00,TRML,"""Tourmaline Bio, Inc. Common Stock""",Nasdaq,News pending,,
2025-10-27,19:50:00,ENVB,"""Enveric Biosciences, Inc. Common Stock""",Nasdaq,News pending,,
2025-10-27,19:50:00,ENVB,"""Enveric Biosciences, Inc. Common Stock""",Nasdaq,News pending,2025-10-28,09:00:00
2025-10-27,16:33:14,FSUN,FirstSun Capital Bancorp Common Stock,Nasdaq,News pending,2025-10-27,17:20:00
2025-10-27,15:50:18,DZZ,"""DB Gold Double Short ETN due February 15, 2038""",NYSE Arca,LULD pause,2025-10-27,16:00:00
2025-10-27,14:35:49,MAMK,MaxsMaking Inc. Class A Ordinary Shares,Nasdaq,LULD pause,2025-10-27,14:40:49
2025-10-27,14:19:27,MAMK,MaxsMaking Inc. Class A Ordinary Shares,Nasdaq,LULD pause,2025-10-27,14:24:27
2025-10-27,14:16:07,CODX,"""Co-Diagnostics, Inc. Common Stock""",Nasdaq,LULD pause,2025-10-27,14:21:07
2025-10-27,14:13:16,MAMK,MaxsMaking Inc. Class A Ordinary Shares,Nasdaq,LULD pause,2025-10-27,14:18:16
2025-10-27,13:39:40,FRGE,"""Forge Global Holdings, Inc.""",NYSE,LULD pause,2025-10-27,13:44:47
2025-10-27,13:35:36,MAMK,MaxsMaking Inc. Class A Ordinary Shares,Nasdaq,LULD pause,2025-10-27,13:40:36
2025-10-27,13:10:35,BIYA,Baiya International Group Inc. Ordinary Shares,Nasdaq,LULD pause,2025-10-27,13:15:35
2025-10-27,13:00:20,MAMK,MaxsMaking Inc. Class A Ordinary Shares,Nasdaq,LULD pause,2025-10-27,13:05:20
2025-10-27,12:58:41,BKYI,"""BIO-key International, Inc. Common Stock""",Nasdaq,LULD pause,2025-10-27,13:03:41
2025-10-27,12:37:40,MAMK,MaxsMaking Inc. Class A Ordinary Shares,Nasdaq,LULD pause,2025-10-27,12:42:40
2025-10-27,12:31:09,YYAI,AiRWA Inc. Common Stock,Nasdaq,LULD pause,2025-10-27,12:36:09
2025-10-27,12:22:25,YYAI,AiRWA Inc. Common Stock,Nasdaq,LULD pause,2025-10-27,12:27:25
2025-10-27,12:16:42,MAMK,MaxsMaking Inc. Class A Ordinary Shares,Nasdaq,LULD pause,2025-10-27,12:26:42
2025-10-27,12:07:19,YYAI,AiRWA Inc. Common Stock,Nasdaq,LULD pause,2025-10-27,12:12:19
2025-10-27,12:05:08,MAMK,MaxsMaking Inc. Class A Ordinary Shares,Nasdaq,LULD pause,2025-10-27,12:15:08
2025-10-27,11:39:15,MAMK,MaxsMaking Inc. Class A Ordinary Shares,Nasdaq,LULD pause,2025-10-27,12:04:26
2025-10-27,11:29:46,BMHL,Bluemount Holdings Limited Class B Ordinary Shares,Nasdaq,LULD pause,2025-10-27,11:34:46
2025-10-27,11:00:06,DD WI,"""DuPont de Nemours, Inc""",NYSE,LULD pause,2025-10-27,11:08:27
2025-10-27,10:54:17,DD WI,"""DuPont de Nemours, Inc""",NYSE,LULD pause,2025-10-27,10:59:36
2025-10-27,10:48:56,DD WI,"""DuPont de Nemours, Inc""",NYSE,LULD pause,2025-10-27,10:53:59
2025-10-27,10:47:00,DZZ,"""DB Gold Double Short ETN due February 15, 2038""",NYSE Arca,LULD pause,2025-10-27,10:57:20
2025-10-27,10:36:42,DZZ,"""DB Gold Double Short ETN due February 15, 2038""",NYSE Arca,LULD pause,2025-10-27,10:46:42
2025-10-27,10:32:41,PW PRA,"""Power REIT  7.75% Series A Cumulative Redeemable Perpetual Preferred Stock, Liquidation Preference $25.00 per Share""",NYSE American,LULD pause,2025-10-27,10:37:41
2025-10-27,10:30:57,DZZ,"""DB Gold Double Short ETN due February 15, 2038""",NYSE Arca,LULD pause,2025-10-27,10:35:57
2025-10-27,10:24:21,DZZ,"""DB Gold Double Short ETN due February 15, 2038""",NYSE Arca,LULD pause,2025-10-27,10:29:21
2025-10-27,10:20:35,RECT,Rectitude Holdings Ltd Ordinary Shares,Nasdaq,LULD pause,2025-10-27,10:25:35
2025-10-27,10:08:47,NCI,Neo-Concept International Group Holdings Limited Class A Ordinary Shares,Nasdaq,LULD pause,2025-10-27,10:18:47
2025-10-27,10:02:29,PW PRA,"""Power REIT  7.75% Series A Cumulative Redeemable Perpetual Preferred Stock, Liquidation Preference $25.00 per Share""",NYSE American,LULD pause,2025-10-27,10:07:29
2025-10-27,09:44:02,YYAI,AiRWA Inc. Common Stock,Nasdaq,LULD pause,2025-10-27,09:49:02
2025-10-27,09:38:34,BUUU,BUUU Group Limited Class A Ordinary Share,Nasdaq,LULD pause,2025-10-27,09:43:34
2025-10-27,09:36:45,PW PRA,"""Power REIT  7.75% Series A Cumulative Redeemable Perpetual Preferred Stock, Liquidation Preference $25.00 per Share""",NYSE American,LULD pause,2025-10-27,09:41:45
2025-10-27,09:32:50,YYAI,AiRWA Inc. Common Stock,Nasdaq,LULD pause,2025-10-27,09:42:50
2025-10-27,09:30:15,SOHOB,Sotherly Hotels Inc. 8.0% Series B Cumulative Redeemable Perpetual Preferred Stock,Nasdaq,LULD pause,2025-10-27,10:00:16
2025-10-27,07:25:00,NTLA,"""Intellia Therapeutics, Inc""",Nasdaq,News pending,2025-10-27,07:55:01
2025-10-27,07:09:55,OGN,Organon & Co.,NYSE,News pending,2025-10-27,07:48:44
2025-10-24,19:50:00,YYAI,AiRWA Inc. Common Stock,Nasdaq,News pending,,
2025-10-24,19:50:00,YYAI,AiRWA Inc. Common Stock,Nasdaq,News pending,2025-10-27,09:00:00
2025-10-24,19:50:00,CYCUW,"""Cycurion, Inc. Warrant""",Nasdaq,News pending,,
2025-10-24,19:50:00,CYCUW,"""Cycurion, Inc. Warrant""",Nasdaq,News pending,2025-10-27,09:05:00
2025-10-24,19:50:00,IPW,"""iPower, Inc. Common Stock""",Nasdaq,News pending,,
2025-10-24,19:50:00,IPW,"""iPower, Inc. Common Stock""",Nasdaq,News pending,2025-10-27,09:00:00
2025-10-24,19:50:00,GURE,"""Gulf Resources, Inc. (NV) Common Stock""",Nasdaq,News pending,,
2025-10-24,19:50:00,GURE,"""Gulf Resources, Inc. (NV) Common Stock""",Nasdaq,News pending,2025-10-27,09:00:00
2025-10-24,19:50:00,CYCU,"""Cycurion, Inc. Common Stock""",Nasdaq,News pending,,
2025-10-24,19:50:00,CYCU,"""Cycurion, Inc. Common Stock""",Nasdaq,News pending,2025-10-27,09:00:00
2025-10-24,19:50:00,SONM,"""Sonim Technologies, Inc. Common Stock""",Nasdaq,News pending,2025-10-27,09:00:00
2025-10-24,19:50:00,SONM,"""Sonim Technologies, Inc. Common Stock""",Nasdaq,News pending,,
2025-10-24,15:53:23,JL,J-Long Group Limited Class A Ordinary Shares,Nasdaq,LULD pause,2025-10-24,16:00:39
2025-10-24,15:50:38,OWLS,OBOOK Holdings Inc. Class A Common Shares,Nasdaq,LULD pause,2025-10-24,16:00:00
2025-10-24,15:47:50,MAMK,MaxsMaking Inc. Class A Ordinary Shares,Nasdaq,LULD pause,2025-10-24,16:00:00
2025-10-24,15:30:14,OMCC,Old Market Capital Corporation Common Stock,Nasdaq,LULD pause,2025-10-24,15:35:14
2025-10-24,15:02:59,MAMK,MaxsMaking Inc. Class A Ordinary Shares,Nasdaq,LULD pause,2025-10-24,15:07:59
2025-10-24,14:53:39,MAMK,MaxsMaking Inc. Class A Ordinary Shares,Nasdaq,LULD pause,2025-10-24,14:58:39
2025-10-24,14:41:11,TTRX,Turn Therapeutics Inc. Common Stock,Nasdaq,LULD pause,2025-10-24,14:46:11
2025-10-24,14:37:19,MAMK,MaxsMaking Inc. Class A Ordinary Shares,Nasdaq,LULD pause,2025-10-24,14:47:19
2025-10-24,14:31:23,MAMK,MaxsMaking Inc. Class A Ordinary Shares,Nasdaq,LULD pause,2025-10-24,14:36:23
2025-10-24,14:19:41,MAMK,MaxsMaking Inc. Class A Ordinary Shares,Nasdaq,LULD pause,2025-10-24,14:29:41
2025-10-24,14:11:06,NTRP,"""NextTrip, Inc. Common Stock""",Nasdaq,LULD pause,2025-10-24,14:16:06
2025-10-24,14:07:01,MAMK,MaxsMaking Inc. Class A Ordinary Shares,Nasdaq,LULD pause,2025-10-24,14:19:14
2025-10-24,13:56:46,MAMK,MaxsMaking Inc. Class A Ordinary Shares,Nasdaq,LULD pause,2025-10-24,14:06:46
2025-10-24,13:46:13,MAMK,MaxsMaking Inc. Class A Ordinary Shares,Nasdaq,LULD pause,2025-10-24,13:56:14
2025-10-24,13:35:49,MAMK,MaxsMaking Inc. Class A Ordinary Shares,Nasdaq,LULD pause,2025-10-24,13:45:49
2025-10-24,12:56:17,SNDX,"""Syndax Pharmaceuticals, Inc.""",Nasdaq,News pending,2025-10-24,14:20:00
2025-10-24,12:40:20,RITR,Reitar Logtech Holdings Limited Ordinary shares,Nasdaq,LULD pause,2025-10-24,12:45:20
2025-10-24,11:54:04,UMAC,"""Unusual Machines, Inc.""",NYSE American,LULD pause,2025-10-24,11:59:04
2025-10-24,11:46:46,HVIIU,Hennessy Capital Investment Corp. VII Unit,Nasdaq,LULD pause,2025-10-24,11:51:46
2025-10-24,11:42:59,FMFC,Kandal M Venture Limited Class A Ordinary Shares,Nasdaq,LULD pause,2025-10-24,11:52:59
2025-10-24,11:34:57,EGG,Enigmatig Limited,NYSE American,LULD pause,2025-10-24,11:39:57
2025-10-24,11:27:27,FMFC,Kandal M Venture Limited Class A Ordinary Shares,Nasdaq,LULD pause,2025-10-24,11:41:32
2025-10-24,11:25:27,EXOZ,eXoZymes Inc. Common Stock,Nasdaq,LULD pause,2025-10-24,11:30:27
2025-10-24,11:20:00,EGG,Enigmatig Limited,NYSE American,LULD pause,2025-10-24,11:25:00
2025-10-24,11:14:21,EGG,Enigmatig Limited,NYSE American,LULD pause,2025-10-24,11:19:21
2025-10-24,11:08:58,EGG,Enigmatig Limited,NYSE American,LULD pause,2025-10-24,11:13:58
2025-10-24,11:03:19,EGG,Enigmatig Limited,NYSE American,LULD pause,2025-10-24,11:08:19
2025-10-24,10:14:12,PMI,"""Picard Medical, Inc.""",NYSE American,LULD pause,2025-10-24,10:19:12
2025-10-24,10:12:43,NEUP,Neuphoria Therapeutics Inc. Common Stock,Nasdaq,LULD pause,2025-10-24,10:17:43
2025-10-24,09:51:44,NEUP,Neuphoria Therapeutics Inc. Common Stock,Nasdaq,LULD pause,2025-10-24,09:56:44
2025-10-24,09:46:16,PMI,"""Picard Medical, Inc.""",NYSE American,LULD pause,2025-10-24,09:51:16
2025-10-24,09:44:55,PLBL,Polibeli Group Ltd Class A Ordinary Shares,Nasdaq,LULD pause,2025-10-24,09:55:29
2025-10-24,09:39:38,XFOR,"""X4 Pharmaceuticals, Inc. Common Stock""",Nasdaq,LULD pause,2025-10-24,09:44:38
2025-10-24,09:35:36,PMI,"""Picard Medical, Inc.""",NYSE American,LULD pause,2025-10-24,09:45:36
2025-10-24,09:34:43,GNTA,Genenta Science S.p.A. American Depositary Shares,Nasdaq,LULD pause,2025-10-24,09:39:43
2025-10-24,09:30:16,BACQU,Bleichroeder Acquisition Corp. I Unit,Nasdaq,LULD pause,2025-10-24,09:35:16
2025-10-24,08:25:00,ADVM,"""Adverum Biotechnologies, Inc. Common Stock""",Nasdaq,News pending,2025-10-24,08:50:00
2025-10-24,08:10:54,MLNK,"""MeridianLink, Inc.""",NYSE,Merger Effective,,
2025-10-23,16:10:00,MOFG,MidWestOne Financial Group,Nasdaq,News pending,2025-10-23,16:45:01
2025-10-23,16:00:10,INBX,"""Inhibrx Biosciences, Inc. Common Stock""",Nasdaq,News pending,2025-10-23,16:41:26
2025-10-23,15:45:45,SCNX,"""Scienture Holdings, Inc. Common Stock""",Nasdaq,LULD pause,2025-10-23,16:00:00
2025-10-23,15:44:22,PLBL,Polibeli Group Ltd Class A Ordinary Shares,Nasdaq,LULD pause,2025-10-23,16:00:00
2025-10-23,15:33:34,PLBL,Polibeli Group Ltd Class A Ordinary Shares,Nasdaq,LULD pause,2025-10-23,15:43:36
2025-10-23,12:26:55,BACQU,Bleichroeder Acquisition Corp. I Unit,Nasdaq,LULD pause,2025-10-23,12:31:55
2025-10-23,12:26:41,BACQ,Bleichroeder Acquisition Corp. I Class A Ordinary Shares,Nasdaq,LULD pause,2025-10-23,12:31:41
2025-10-23,12:05:52,HVIIU,Hennessy Capital Investment Corp. VII Unit,Nasdaq,LULD pause,2025-10-23,12:10:52
2025-10-23,11:58:18,SLGB,Smart Logistics Global Limited Ordinary Shares,Nasdaq,LULD pause,2025-10-23,12:03:18
2025-10-23,11:48:36,SCNX,"""Scienture Holdings, Inc. Common Stock""",Nasdaq,LULD pause,2025-10-23,11:53:36
2025-10-23,11:45:52,BQ,Boqii Holding Limited,NYSE American,LULD pause,2025-10-23,11:50:52
2025-10-23,11:16:06,SCNX,"""Scienture Holdings, Inc. Common Stock""",Nasdaq,LULD pause,2025-10-23,11:21:06
2025-10-23,11:04:14,SCNX,"""Scienture Holdings, Inc. Common Stock""",Nasdaq,LULD pause,2025-10-23,11:09:14
2025-10-23,10:59:24,GELS,Gelteq Limited Ordinary Shares,Nasdaq,LULD pause,2025-10-23,11:04:24
2025-10-23,10:15:41,BMHL,Bluemount Holdings Limited Class B Ordinary Shares,Nasdaq,LULD pause,2025-10-23,10:20:41
2025-10-23,10:14:34,SCNX,"""Scienture Holdings, Inc. Common Stock""",Nasdaq,LULD pause,2025-10-23,10:19:34
2025-10-23,10:06:51,AMBI,Ambipar Emergency Response,NYSE American,LULD pause,2025-10-23,10:11:51
2025-10-23,09:38:47,TNGX,"""Tango Therapeutics, Inc.""",Nasdaq,LULD pause,2025-10-23,09:43:47
2025-10-23,09:35:55,AGCC,Agencia Comercial Spirits Ltd Class A Ordinary Shares,Nasdaq,LULD pause,2025-10-23,09:45:55
2025-10-23,09:30:45,BWFG,Bankwell Financial Group Inc,Nasdaq,LULD pause,2025-10-23,09:35:45
2025-10-22,19:50:14,IAF,"""abrdn Australia Equity Fund, Inc.""",NYSE American,Corporate Action,,
2025-10-22,19:50:14,IAF,"""abrdn Australia Equity Fund, Inc.""",NYSE American,Corporate Action,2025-10-23,09:00:00
2025-10-22,19:50:00,SMXWW,SMX (Security Matters) Public Limited Company Warrant,Nasdaq,News pending,2025-10-23,09:05:00
2025-10-22,19:50:00,SMXWW,SMX (Security Matters) Public Limited Company Warrant,Nasdaq,News pending,,
2025-10-22,19:50:00,LAWR,"""Robot Consulting Co., Ltd. ADS""",Nasdaq,News Pending,,
2025-10-22,19:50:00,LAWR,"""Robot Consulting Co., Ltd. ADS""",Nasdaq,News pending,,
2025-10-22,19:50:00,PBPB,Potbelly Corporation Common Stock,Nasdaq,News pending,,
2025-10-22,19:50:00,SMX,SMX (Security Matters) Public Limited Company Ordinary Shares,Nasdaq,News pending,,
2025-10-22,19:50:00,SMX,SMX (Security Matters) Public Limited Company Ordinary Shares,Nasdaq,News pending,2025-10-23,09:00:00
2025-10-22,15:47:30,AGCC,Agencia Comercial Spirits Ltd Class A Ordinary Shares,Nasdaq,LULD pause,2025-10-22,16:00:00
2025-10-22,15:41:34,AGCC,Agencia Comercial Spirits Ltd Class A Ordinary Shares,Nasdaq,LULD pause,2025-10-22,15:46:34
2025-10-22,15:41:32,BLIV,BeLive Holdings Ordinary Share,Nasdaq,LULD pause,2025-10-22,15:46:32
2025-10-22,15:30:13,AGCC,Agencia Comercial Spirits Ltd Class A Ordinary Shares,Nasdaq,LULD pause,2025-10-22,15:40:14
2025-10-22,15:19:51,AGCC,Agencia Comercial Spirits Ltd Class A Ordinary Shares,Nasdaq,LULD pause,2025-10-22,15:29:52
2025-10-22,15:14:12,AGCC,Agencia Comercial Spirits Ltd Class A Ordinary Shares,Nasdaq,LULD pause,2025-10-22,15:19:12
2025-10-22,14:23:51,ARMP,"""Armata Pharmaceuticals, Inc. Common Stock""",NYSE American,LULD pause,2025-10-22,14:28:51
2025-10-22,14:17:35,ARMP,"""Armata Pharmaceuticals, Inc. Common Stock""",NYSE American,LULD pause,2025-10-22,14:22:35
2025-10-22,14:08:06,ARMP,"""Armata Pharmaceuticals, Inc. Common Stock""",NYSE American,LULD pause,2025-10-22,14:13:06
2025-10-22,13:55:09,ARMP,"""Armata Pharmaceuticals, Inc. Common Stock""",NYSE American,LULD pause,2025-10-22,14:05:09
2025-10-22,13:32:44,ARMP,"""Armata Pharmaceuticals, Inc. Common Stock""",NYSE American,LULD pause,2025-10-22,13:47:44
2025-10-22,13:17:27,ARMP,"""Armata Pharmaceuticals, Inc. Common Stock""",NYSE American,LULD pause,2025-10-22,13:32:27
2025-10-22,13:11:55,ARMP,"""Armata Pharmaceuticals, Inc. Common Stock""",NYSE American,LULD pause,2025-10-22,13:16:55
2025-10-22,13:08:50,BYND,"""Beyond Meat, Inc. Common Stock""",Nasdaq,LULD pause,2025-10-22,13:13:50
2025-10-22,12:56:12,ARMP,"""Armata Pharmaceuticals, Inc. Common Stock""",NYSE American,LULD pause,2025-10-22,13:11:12
2025-10-22,12:45:31,BYND,"""Beyond Meat, Inc. Common Stock""",Nasdaq,LULD pause,2025-10-22,12:50:31
2025-10-22,12:40:56,ARMP,"""Armata Pharmaceuticals, Inc. Common Stock""",NYSE American,LULD pause,2025-10-22,12:55:56
2025-10-22,12:40:25,CCCXU,Churchill Capital Corp X Unit,Nasdaq,LULD pause,2025-10-22,12:45:25
2025-10-22,12:36:52,BYND,"""Beyond Meat, Inc. Common Stock""",Nasdaq,LULD pause,2025-10-22,12:41:52
2025-10-22,12:35:29,ARMP,"""Armata Pharmaceuticals, Inc. Common Stock""",NYSE American,LULD pause,2025-10-22,12:40:29
2025-10-22,12:30:49,BYND,"""Beyond Meat, Inc. Common Stock""",Nasdaq,LULD pause,2025-10-22,12:35:49
2025-10-22,12:25:08,ARMP,"""Armata Pharmaceuticals, Inc. Common Stock""",NYSE American,LULD pause,2025-10-22,12:35:08
2025-10-22,12:14:43,ARMP,"""Armata Pharmaceuticals, Inc. Common Stock""",NYSE American,LULD pause,2025-10-22,12:24:43
2025-10-22,12:09:16,ARMP,"""Armata Pharmaceuticals, Inc. Common Stock""",NYSE American,LULD pause,2025-10-22,12:14:16
2025-10-22,12:03:29,ARMP,"""Armata Pharmaceuticals, Inc. Common Stock""",NYSE American,LULD pause,2025-10-22,12:08:29
2025-10-22,12:02:13,BYND,"""Beyond Meat, Inc. Common Stock""",Nasdaq,LULD pause,2025-10-22,12:07:13
2025-10-22,11:48:45,ARMP,"""Armata Pharmaceuticals, Inc. Common Stock""",NYSE American,LULD pause,2025-10-22,11:58:45
2025-10-22,11:48:09,BYND,"""Beyond Meat, Inc. Common Stock""",Nasdaq,LULD pause,2025-10-22,11:53:09
2025-10-22,11:43:20,NPT,Texxon Holding Limited Ordinary shares,Nasdaq,LULD pause,2025-10-22,11:48:20
2025-10-22,11:41:32,BYND,"""Beyond Meat, Inc. Common Stock""",Nasdaq,LULD pause,2025-10-22,11:46:32
2025-10-22,11:35:13,BYND,"""Beyond Meat, Inc. Common Stock""",Nasdaq,LULD pause,2025-10-22,11:40:13
2025-10-22,11:31:37,ARMP,"""Armata Pharmaceuticals, Inc. Common Stock""",NYSE American,LULD pause,2025-10-22,11:48:20
2025-10-22,11:29:06,BYND,"""Beyond Meat, Inc. Common Stock""",Nasdaq,LULD pause,2025-10-22,11:34:06
2025-10-22,11:22:16,BYND,"""Beyond Meat, Inc. Common Stock""",Nasdaq,LULD pause,2025-10-22,11:27:16
2025-10-22,11:08:57,CCCXU,Churchill Capital Corp X Unit,Nasdaq,LULD pause,2025-10-22,11:18:58
2025-10-22,11:04:28,BYND,"""Beyond Meat, Inc. Common Stock""",Nasdaq,LULD pause,2025-10-22,11:09:28
2025-10-22,10:59:44,IVF,"""INVO Fertility, Inc. Common Stock""",Nasdaq,LULD pause,2025-10-22,11:04:44
2025-10-22,10:41:20,HONDU,HCM II Acquisition Corp. Unit,Nasdaq,LULD pause,2025-10-22,10:46:20
2025-10-22,10:34:20,ARMP,"""Armata Pharmaceuticals, Inc. Common Stock""",NYSE American,News pending,2025-10-22,11:30:00
2025-10-22,10:26:58,AIRE,reAlpha Tech Corp. Common Stock,Nasdaq,LULD pause,2025-10-22,10:31:58
2025-10-22,10:12:30,BENF,Beneficient Class A Common Stock,Nasdaq,LULD pause,2025-10-22,10:17:30
2025-10-22,10:11:26,BYND,"""Beyond Meat, Inc. Common Stock""",Nasdaq,LULD pause,2025-10-22,10:16:26
2025-10-22,10:03:10,CCCXU,Churchill Capital Corp X Unit,Nasdaq,LULD pause,2025-10-22,10:08:10
2025-10-22,09:53:00,BENF,Beneficient Class A Common Stock,Nasdaq,LULD pause,2025-10-22,09:58:00
2025-10-22,09:41:44,BYND,"""Beyond Meat, Inc. Common Stock""",Nasdaq,LULD pause,2025-10-22,09:46:44
2025-10-22,09:38:17,BDCX,"""ETRACS Quarterly Pay 1.5x Leveraged MarketVector BDC Liquid Index ETN due June 10, 2050""",NYSE Arca,LULD pause,2025-10-22,09:43:17
2025-10-22,09:37:00,BNBX,"""Applied DNA Sciences, Inc.""",Nasdaq,LULD pause,2025-10-22,09:42:00
2025-10-22,09:34:18,BYND,"""Beyond Meat, Inc. Common Stock""",Nasdaq,LULD pause,2025-10-22,09:39:18
2025-10-22,09:34:15,GSIT,GSI Technology,Nasdaq,LULD pause,2025-10-22,09:39:15
2025-10-22,09:33:33,AWEG,Alger Weatherbie Enduring Growth ETF,NYSE Arca,News pending,2025-10-22,10:00:00
2025-10-22,07:35:00,MBCN,Middlefield Banc Corp.,Nasdaq,News pending,2025-10-22,08:10:00
2025-10-22,06:55:00,AVDL,Avadel Pharmaceuticals plc Ordinary Share,Nasdaq,News pending,2025-10-22,07:20:00
2025-10-21,19:50:36,GDXD,MicroSectors Gold Miners -3x Inverse Leveraged ETN,NYSE Arca,Corporate Action,2025-10-22,09:00:00
2025-10-21,19:50:36,GDXD,MicroSectors Gold Miners -3x Inverse Leveraged ETN,NYSE Arca,Corporate Action,,
2025-10-21,17:14:08,KUKE,Kuke Music Holding Limited American Depositary Shares (each representing ten (10) Class A Ordinary Shares),NYSE,News Released,,
2025-10-21,16:08:45,KUKE,Kuke Music Holding Limited American Depositary Shares (each representing ten (10) Class A Ordinary Shares),NYSE,News pending,See Subsequent Halt,See Subsequent Halt
2025-10-21,16:01:00,ALEC,"""Alector, Inc. Common Stock""",Nasdaq,News pending,2025-10-21,16:40:00
2025-10-21,15:58:56,MCTA,Charming Medical Limited Class A Ordinary Shares,Nasdaq,LULD pause,2025-10-21,16:00:00
2025-10-21,15:55:53,GIGGU,GigCapital7 Corp. Unit,Nasdaq,LULD pause,2025-10-21,16:00:00
2025-10-21,15:47:01,RYOJ,"""rYojbaba Co., Ltd. Common Shares""",Nasdaq,LULD pause,2025-10-21,16:00:00
2025-10-21,15:36:21,RYOJ,"""rYojbaba Co., Ltd. Common Shares""",Nasdaq,LULD pause,2025-10-21,15:41:21
2025-10-21,15:30:56,RYOJ,"""rYojbaba Co., Ltd. Common Shares""",Nasdaq,LULD pause,2025-10-21,15:35:56
2025-10-21,15:20:18,RYOJ,"""rYojbaba Co., Ltd. Common Shares""",Nasdaq,LULD pause,2025-10-21,15:25:18
2025-10-21,15:13:40,MCTA,Charming Medical Limited Class A Ordinary Shares,Nasdaq,LULD pause,2025-10-21,15:18:40
2025-10-21,14:57:01,MCTA,Charming Medical Limited Class A Ordinary Shares,Nasdaq,LULD pause,2025-10-21,15:02:01
2025-10-21,14:20:56,CCCXU,Churchill Capital Corp X Unit,Nasdaq,LULD pause,2025-10-21,14:25:56
2025-10-21,14:15:37,AMBI WS,"""Ambipar Emergency Response Warrants to purchase Class A ordinary shares, each whole warrant exercisable for one Class A ordinary share at an exercise """,NYSE American,News pending,,
2025-10-21,14:15:37,AMBI WS,"""Ambipar Emergency Response Warrants to purchase Class A ordinary shares, each whole warrant exercisable for one Class A ordinary share at an exercise """,NYSE American,News pending,2025-10-23,09:45:00
2025-10-21,14:15:37,AMBI,Ambipar Emergency Response,NYSE American,News pending,2025-10-23,09:50:00
2025-10-21,14:15:37,AMBI,Ambipar Emergency Response,NYSE American,News pending,,
2025-10-21,13:29:55,MSN,"Emerson Radio Corp. ",NYSE American,LULD pause,2025-10-21,13:34:55
2025-10-21,13:27:54,MCTA,Charming Medical Limited Class A Ordinary Shares,Nasdaq,LULD pause,2025-10-21,13:32:54
2025-10-21,13:25:12,RYOJ,"""rYojbaba Co., Ltd. Common Shares""",Nasdaq,LULD pause,2025-10-21,13:30:12
2025-10-21,13:16:45,MCTA,Charming Medical Limited Class A Ordinary Shares,Nasdaq,LULD pause,2025-10-21,13:27:12
2025-10-21,12:19:25,MCTA,Charming Medical Limited Class A Ordinary Shares,Nasdaq,LULD pause,2025-10-21,12:29:25
2025-10-21,12:13:49,MCTA,Charming Medical Limited Class A Ordinary Shares,Nasdaq,LULD pause,2025-10-21,12:18:49
2025-10-21,12:07:53,MCTA,Charming Medical Limited Class A Ordinary Shares,Nasdaq,LULD pause,2025-10-21,12:12:53
2025-10-21,12:02:32,MCTA,Charming Medical Limited Class A Ordinary Shares,Nasdaq,LULD pause,2025-10-21,12:07:32
2025-10-21,11:45:11,AHMA,Ambitions Enterprise Management Co. L.L.C Class A Ordinary Shares,Nasdaq,LULD pause,2025-10-21,11:50:11
2025-10-21,11:39:47,AHMA,Ambitions Enterprise Management Co. L.L.C Class A Ordinary Shares,Nasdaq,LULD pause,2025-10-21,11:44:47
2025-10-21,11:04:15,BGIN,Bgin Blockchain Limited Class A Ordinary Shares,Nasdaq,LULD pause,2025-10-21,11:09:15
2025-10-21,10:51:17,BGIN,Bgin Blockchain Limited Class A Ordinary Shares,Nasdaq,LULD pause,2025-10-21,10:56:17
2025-10-21,10:16:08,BGMSP,"""Bio Green Med Solution, Inc. 6% Convertible Preferred Stock""",Nasdaq,LULD pause,2025-10-21,10:26:08
2025-10-21,10:12:32,EGHAU,EGH Acquisition Corp. Unit,Nasdaq,LULD pause,2025-10-21,10:17:32
2025-10-21,10:11:32,VAMO,Cambria Value and Momentum ETF,Cboe BZX,LULD pause,2025-10-21,10:16:32
2025-10-21,10:09:55,OMSE,OMS Energy Technologies Inc. Ordinary Shares,Nasdaq,LULD pause,2025-10-21,10:14:55
2025-10-21,10:00:38,BGMSP,"""Bio Green Med Solution, Inc. 6% Convertible Preferred Stock""",Nasdaq,LULD pause,2025-10-21,10:05:38
2025-10-21,09:59:55,OMSE,OMS Energy Technologies Inc. Ordinary Shares,Nasdaq,LULD pause,2025-10-21,10:04:55
2025-10-21,09:44:47,RAIN,"""Rain Enhancement Technologies Holdco, Inc. Class A Common Stock""",Nasdaq,LULD pause,2025-10-21,09:49:47
2025-10-21,09:42:49,ATMV,AlphaVest Acquisition Corp Ordinary Shares,Nasdaq,LULD pause,2025-10-21,09:52:49
2025-10-21,09:37:21,ATMV,AlphaVest Acquisition Corp Ordinary Shares,Nasdaq,LULD pause,2025-10-21,09:42:21
2025-10-21,09:32:00,ATMV,AlphaVest Acquisition Corp Ordinary Shares,Nasdaq,LULD pause,2025-10-21,09:37:00
2025-10-21,08:38:23,HOLX,Hologic Inc,Nasdaq,News pending,2025-10-21,09:00:00
2025-10-21,02:41:58,AMBI,Ambipar Emergency Response,NYSE American,Regulatory Concern,See Subsequent Halt,See Subsequent Halt
2025-10-21,02:41:58,AMBI WS,"""Ambipar Emergency Response Warrants to purchase Class A ordinary shares, each whole warrant exercisable for one Class A ordinary share at an exercise """,NYSE American,Regulatory Concern,See Subsequent Halt,See Subsequent Halt
2025-10-20,19:50:00,WOK,WORK Medical Technology Group LTD Class A Ordinary Shares,Nasdaq,News pending,2025-10-21,09:00:00
2025-10-20,19:50:00,WOK,WORK Medical Technology Group LTD Class A Ordinary Shares,Nasdaq,News pending,,
2025-10-20,19:50:00,PHLT,"""Performant Healthcare, Inc. Common Stock""",Nasdaq,News pending,,
2025-10-20,19:50:00,GNPX,"""Genprex, Inc. Common Stock""",Nasdaq,News pending,,
2025-10-20,19:50:00,GNPX,"""Genprex, Inc. Common Stock""",Nasdaq,News pending,2025-10-21,09:00:00
2025-10-20,19:50:00,TSLQ,Investment Managers Series Trust II Tradr 2X Short TSLA Daily ETF,Nasdaq,News pending,2025-10-21,09:00:00
2025-10-20,19:50:00,TSLQ,Investment Managers Series Trust II Tradr 2X Short TSLA Daily ETF,Nasdaq,News pending,,
2025-10-20,19:50:00,NVDS,Investment Managers Series Trust II Tradr 1.5X Short NVDA Daily ETF,Nasdaq,News pending,2025-10-21,09:00:00
2025-10-20,19:50:00,NVDS,Investment Managers Series Trust II Tradr 1.5X Short NVDA Daily ETF,Nasdaq,News pending,,
2025-10-20,16:10:00,NEUP,Neuphoria Therapeutics Inc. Common Stock,Nasdaq,News pending,2025-10-20,17:00:01
2025-10-20,14:44:00,ATMV,AlphaVest Acquisition Corp Ordinary Shares,Nasdaq,LULD pause,2025-10-20,14:54:00
2025-10-20,14:26:12,FWRD,Forward Air Corp,Nasdaq,LULD pause,2025-10-20,14:31:12
2025-10-20,12:06:33,BGMSP,"""Bio Green Med Solution, Inc. 6% Convertible Preferred Stock""",Nasdaq,LULD pause,2025-10-20,12:11:33
2025-10-20,11:52:31,BGMSP,"""Bio Green Med Solution, Inc. 6% Convertible Preferred Stock""",Nasdaq,LULD pause,2025-10-20,12:02:31
2025-10-20,11:21:22,BGMS,"""Bio Green Med Solution, Inc. Common Stock""",Nasdaq,LULD pause,2025-10-20,11:26:22
2025-10-20,11:16:53,BGMSP,"""Bio Green Med Solution, Inc. 6% Convertible Preferred Stock""",Nasdaq,LULD pause,2025-10-20,11:31:54
2025-10-20,11:05:49,BGMSP,"""Bio Green Med Solution, Inc. 6% Convertible Preferred Stock""",Nasdaq,LULD pause,2025-10-20,11:15:49
2025-10-20,10:55:35,BGMSP,"""Bio Green Med Solution, Inc. 6% Convertible Preferred Stock""",Nasdaq,LULD pause,2025-10-20,11:00:35
2025-10-20,10:54:12,GSIT,GSI Technology,Nasdaq,LULD pause,2025-10-20,10:59:12
2025-10-20,10:48:08,BGMSP,"""Bio Green Med Solution, Inc. 6% Convertible Preferred Stock""",Nasdaq,LULD pause,2025-10-20,10:53:08
2025-10-20,10:40:26,GSIT,GSI Technology,Nasdaq,LULD pause,2025-10-20,10:45:26
2025-10-20,10:36:41,BGMSP,"""Bio Green Med Solution, Inc. 6% Convertible Preferred Stock""",Nasdaq,LULD pause,2025-10-20,10:46:42
2025-10-20,10:19:52,GSIT,GSI Technology,Nasdaq,LULD pause,2025-10-20,10:24:52
2025-10-20,10:14:54,BGMSP,"""Bio Green Med Solution, Inc. 6% Convertible Preferred Stock""",Nasdaq,LULD pause,2025-10-20,10:19:54
2025-10-20,10:09:27,BIO B,"""Bio-Rad Laboratories, Inc. Class B""",NYSE,LULD pause,2025-10-20,10:14:35
2025-10-20,10:08:31,GSIT,GSI Technology,Nasdaq,LULD pause,2025-10-20,10:18:31
2025-10-20,10:02:33,GSIT,GSI Technology,Nasdaq,LULD pause,2025-10-20,10:07:33
2025-10-20,09:57:06,GSIT,GSI Technology,Nasdaq,LULD pause,2025-10-20,10:02:06
2025-10-20,09:51:21,RAPT,"""RAPT Therapeutics, Inc. Common Stock""",Nasdaq,LULD pause,2025-10-20,10:11:22
2025-10-20,09:50:12,GSIT,GSI Technology,Nasdaq,LULD pause,2025-10-20,09:55:12
2025-10-20,09:46:35,HONDU,HCM II Acquisition Corp. Unit,Nasdaq,LULD pause,2025-10-20,09:51:35
2025-10-20,09:42:45,MOVE,Movano Inc. Common Stock,Nasdaq,LULD pause,2025-10-20,09:47:45
2025-10-20,09:41:49,GSIT,GSI Technology,Nasdaq,LULD pause,2025-10-20,09:46:49
2025-10-20,09:38:32,HOND,HCM II Acquisition Corp. Class A Ordinary Shares,Nasdaq,LULD pause,2025-10-20,09:43:32
2025-10-20,09:30:37,IMPP,Imperial Petroleum Inc. Common Shares,Nasdaq,LULD pause,2025-10-20,09:40:37
2025-10-20,09:30:35,GSIT,GSI Technology,Nasdaq,LULD pause,2025-10-20,09:35:35
2025-10-20,08:36:31,SAND,Sandstorm Gold Ltd,NYSE,Merger Effective,,
2025-10-20,07:55:00,RAPT,"""RAPT Therapeutics, Inc. Common Stock""",Nasdaq,News pending,2025-10-20,08:45:01
2025-10-20,07:40:35,ADAP,Adaptimmune Therapeutics plc American Depositary Shares,Nasdaq,News pending,2025-10-20,08:10:00
2025-10-17,19:50:19,SENS,"""Senseonics Holdings, Inc.""",NYSE American,Corporate Action,2025-10-20,09:00:00
2025-10-17,19:50:19,SENS,"""Senseonics Holdings, Inc.""",NYSE American,Corporate Action,,
2025-10-17,19:50:00,ETHZW,ETHZilla Corporation Warrant,Nasdaq,News pending,2025-10-20,09:05:00
2025-10-17,19:50:00,ETHZW,ETHZilla Corporation Warrant,Nasdaq,News pending,,
2025-10-17,19:50:00,DHAIW,"""DIH Holding US, Inc. Warrants""",Nasdaq,News pending,2025-10-20,09:05:00
2025-10-17,19:50:00,DHAIW,"""DIH Holding US, Inc. Warrants""",Nasdaq,News pending,,
2025-10-17,19:50:00,ETHZ,ETHZilla Corporation Common Stock,Nasdaq,News pending,,
2025-10-17,19:50:00,ETHZ,ETHZilla Corporation Common Stock,Nasdaq,News pending,2025-10-20,09:00:00
2025-10-17,19:50:00,AEMD,AETHLON MEDICAL INC,Nasdaq,News pending,,
2025-10-17,19:50:00,AEMD,AETHLON MEDICAL INC,Nasdaq,News pending,2025-10-20,09:00:00
2025-10-17,19:50:00,VBTX,"""Veritex Holdings, Inc.""",Nasdaq,News pending,,
2025-10-17,19:50:00,DHAI,"""DIH Holdings US, Inc. Class A Common Stock""",Nasdaq,News pending,,
2025-10-17,19:50:00,DHAI,"""DIH Holdings US, Inc. Class A Common Stock""",Nasdaq,News pending,2025-10-20,09:00:00
2025-10-17,19:50:00,ZIMV,ZimVie Inc. Common Stock,Nasdaq,News pending,,
2025-10-17,16:14:36,CRDL,Cardiol Therapeutics Inc. Class A Common Shares,Nasdaq,News pending,2025-10-17,17:05:00
2025-10-17,15:32:13,RANI,"""Rani Therapeutics Holdings, Inc. Class A Common Stock""",Nasdaq,LULD pause,2025-10-17,15:37:13
2025-10-17,15:11:01,CCO,"""Clear Channel Outdoor Holdings, Inc. Common Stock""",NYSE,LULD pause,2025-10-17,15:16:08
2025-10-17,12:34:01,EGG,Enigmatig Limited,NYSE American,LULD pause,2025-10-17,12:39:01
2025-10-17,12:28:43,EGG,Enigmatig Limited,NYSE American,LULD pause,2025-10-17,12:33:43
2025-10-17,12:23:28,EGG,Enigmatig Limited,NYSE American,LULD pause,2025-10-17,12:28:28
2025-10-17,12:19:01,ATMV,AlphaVest Acquisition Corp Ordinary Shares,Nasdaq,LULD pause,2025-10-17,12:24:01
2025-10-17,12:18:10,EGG,Enigmatig Limited,NYSE American,LULD pause,2025-10-17,12:23:10
2025-10-17,12:14:02,RANI,"""Rani Therapeutics Holdings, Inc. Class A Common Stock""",Nasdaq,LULD pause,2025-10-17,12:19:02
2025-10-17,12:12:54,EGG,Enigmatig Limited,NYSE American,LULD pause,2025-10-17,12:17:54
2025-10-17,12:12:07,SEV,Aptera Motors Corp. Class B Common Stock,Nasdaq,LULD pause,2025-10-17,12:17:07
2025-10-17,12:07:20,RANI,"""Rani Therapeutics Holdings, Inc. Class A Common Stock""",Nasdaq,LULD pause,2025-10-17,12:12:20
2025-10-17,11:55:44,RANI,"""Rani Therapeutics Holdings, Inc. Class A Common Stock""",Nasdaq,LULD pause,2025-10-17,12:00:44
2025-10-17,11:50:12,RANI,"""Rani Therapeutics Holdings, Inc. Class A Common Stock""",Nasdaq,LULD pause,2025-10-17,11:55:12
2025-10-17,11:48:21,ATMV,AlphaVest Acquisition Corp Ordinary Shares,Nasdaq,LULD pause,2025-10-17,11:53:21
2025-10-17,11:44:34,RANI,"""Rani Therapeutics Holdings, Inc. Class A Common Stock""",Nasdaq,LULD pause,2025-10-17,11:49:34
2025-10-17,11:40:47,EGG,Enigmatig Limited,NYSE American,LULD pause,2025-10-17,11:45:47
2025-10-17,11:16:44,SNSE,"""Sensei Biotherapeutics, Inc. Common Stock""",Nasdaq,LULD pause,2025-10-17,11:21:44
2025-10-17,11:06:26,RANI,"""Rani Therapeutics Holdings, Inc. Class A Common Stock""",Nasdaq,LULD pause,2025-10-17,11:11:26
2025-10-17,11:01:16,SNSE,"""Sensei Biotherapeutics, Inc. Common Stock""",Nasdaq,LULD pause,2025-10-17,11:11:16
2025-10-17,11:00:57,RANI,"""Rani Therapeutics Holdings, Inc. Class A Common Stock""",Nasdaq,LULD pause,2025-10-17,11:05:57
2025-10-17,10:55:22,RANI,"""Rani Therapeutics Holdings, Inc. Class A Common Stock""",Nasdaq,LULD pause,2025-10-17,11:00:22
2025-10-17,10:37:47,SNSE,"""Sensei Biotherapeutics, Inc. Common Stock""",Nasdaq,LULD pause,2025-10-17,10:42:47
2025-10-17,10:28:27,SNSE,"""Sensei Biotherapeutics, Inc. Common Stock""",Nasdaq,LULD pause,2025-10-17,10:33:27
2025-10-17,10:21:30,SNSE,"""Sensei Biotherapeutics, Inc. Common Stock""",Nasdaq,LULD pause,2025-10-17,10:26:30
2025-10-17,10:16:46,AREB,"""American Rebel Holdings, Inc. Common Stock""",Nasdaq,LULD pause,2025-10-17,10:21:46
2025-10-17,10:15:21,SNSE,"""Sensei Biotherapeutics, Inc. Common Stock""",Nasdaq,LULD pause,2025-10-17,10:20:21
2025-10-17,10:04:14,SNSE,"""Sensei Biotherapeutics, Inc. Common Stock""",Nasdaq,LULD pause,2025-10-17,10:14:14
2025-10-17,10:03:02,AREB,"""American Rebel Holdings, Inc. Common Stock""",Nasdaq,LULD pause,2025-10-17,10:08:02
2025-10-17,09:53:21,SNSE,"""Sensei Biotherapeutics, Inc. Common Stock""",Nasdaq,LULD pause,2025-10-17,10:03:21
2025-10-17,09:52:40,AREB,"""American Rebel Holdings, Inc. Common Stock""",Nasdaq,LULD pause,2025-10-17,10:02:40
2025-10-17,09:47:19,SNSE,"""Sensei Biotherapeutics, Inc. Common Stock""",Nasdaq,LULD pause,2025-10-17,09:52:19
2025-10-17,09:47:12,EVAX,Evaxion A/S American Depositary Share,Nasdaq,LULD pause,2025-10-17,09:57:12
2025-10-17,09:43:50,AREB,"""American Rebel Holdings, Inc. Common Stock""",Nasdaq,LULD pause,2025-10-17,09:48:50
2025-10-17,09:41:28,VHC,VirnetX Holding Corp Common Stock,Nasdaq,LULD pause,2025-10-17,09:46:28
2025-10-17,09:40:03,EVAX,Evaxion A/S American Depositary Share,Nasdaq,LULD pause,2025-10-17,09:45:03
2025-10-17,09:37:55,AREB,"""American Rebel Holdings, Inc. Common Stock""",Nasdaq,LULD pause,2025-10-17,09:42:55
2025-10-17,09:34:13,ATMV,AlphaVest Acquisition Corp Ordinary Shares,Nasdaq,LULD pause,2025-10-17,09:39:13
2025-10-17,09:32:48,VHC,VirnetX Holding Corp Common Stock,Nasdaq,LULD pause,2025-10-17,09:37:48
2025-10-17,09:31:06,SLNH,"""Soluna Holdings, Inc. Common Stock""",Nasdaq,LULD pause,2025-10-17,09:36:06
2025-10-17,09:30:41,AREB,"""American Rebel Holdings, Inc. Common Stock""",Nasdaq,LULD pause,2025-10-17,09:35:41
2025-10-17,06:35:03,WNS,WNS (Holdings) Limited,NYSE,Merger Effective,,
2025-10-16,19:50:00,PC,Premium Catering (Holdings) Limited Ordinary Shares,Nasdaq,News pending,,
2025-10-16,19:50:00,PC,Premium Catering (Holdings) Limited Ordinary Shares,Nasdaq,News Pending,,
2025-10-16,16:01:00,KZR,"""Kezar Life Sciences, Inc. Common Stock""",Nasdaq,News pending,2025-10-16,16:30:00
2025-10-16,16:01:00,IMAB,I-MAB American Depositary Shares,Nasdaq,News pending,2025-10-16,16:25:00
2025-10-16,15:36:03,OWLS,OBOOK Holdings Inc. Class A Common Shares,Nasdaq,LULD pause,2025-10-16,15:41:03
2025-10-16,15:24:02,OWLS,OBOOK Holdings Inc. Class A Common Shares,Nasdaq,LULD pause,2025-10-16,15:34:02
2025-10-16,15:22:32,SEV,Aptera Motors Corp. Class B Common Stock,Nasdaq,LULD pause,2025-10-16,15:27:32
2025-10-16,15:15:27,OWLS,OBOOK Holdings Inc. Class A Common Shares,Nasdaq,LULD pause,2025-10-16,15:20:27
2025-10-16,15:05:24,SEV,Aptera Motors Corp. Class B Common Stock,Nasdaq,LULD pause,2025-10-16,15:10:24
2025-10-16,14:58:09,OWLS,OBOOK Holdings Inc. Class A Common Shares,Nasdaq,LULD pause,2025-10-16,15:08:09
2025-10-16,14:56:00,SEV,Aptera Motors Corp. Class B Common Stock,Nasdaq,LULD pause,2025-10-16,15:01:00
2025-10-16,14:38:42,SEV,Aptera Motors Corp. Class B Common Stock,Nasdaq,LULD pause,2025-10-16,14:48:42
2025-10-16,14:33:16,SEV,Aptera Motors Corp. Class B Common Stock,Nasdaq,LULD pause,2025-10-16,14:38:16
2025-10-16,14:30:17,IVF,"""INVO Fertility, Inc. Common Stock""",Nasdaq,LULD pause,2025-10-16,14:35:17
2025-10-16,14:30:07,OWLS,OBOOK Holdings Inc. Class A Common Shares,Nasdaq,LULD pause,2025-10-16,14:35:07
2025-10-16,14:26:04,SEV,Aptera Motors Corp. Class B Common Stock,Nasdaq,LULD pause,2025-10-16,14:31:04
2025-10-16,14:19:00,OWLS,OBOOK Holdings Inc. Class A Common Shares,Nasdaq,LULD pause,2025-10-16,14:29:00
2025-10-16,14:18:02,SEV,Aptera Motors Corp. Class B Common Stock,Nasdaq,LULD pause,2025-10-16,14:23:02
2025-10-16,14:13:13,OWLS,OBOOK Holdings Inc. Class A Common Shares,Nasdaq,LULD pause,2025-10-16,14:18:13
2025-10-16,14:12:43,SNSE,"""Sensei Biotherapeutics, Inc. Common Stock""",Nasdaq,LULD pause,2025-10-16,14:17:43
2025-10-16,14:05:10,OWLS,OBOOK Holdings Inc. Class A Common Shares,Nasdaq,LULD pause,2025-10-16,14:10:10
2025-10-16,14:00:19,SEV,Aptera Motors Corp. Class B Common Stock,Nasdaq,LULD pause,2025-10-16,14:05:19
2025-10-16,13:57:52,OWLS,OBOOK Holdings Inc. Class A Common Shares,Nasdaq,LULD pause,2025-10-16,14:02:52
2025-10-16,13:47:09,OWLS,OBOOK Holdings Inc. Class A Common Shares,Nasdaq,LULD pause,2025-10-16,13:57:09
2025-10-16,13:42:53,SEV,Aptera Motors Corp. Class B Common Stock,Nasdaq,LULD pause,2025-10-16,13:56:33
2025-10-16,13:40:38,QCLS,"""Q/C Technologies, Inc. Common Stock""",Nasdaq,LULD pause,2025-10-16,13:45:38
2025-10-16,13:36:14,SEV,Aptera Motors Corp. Class B Common Stock,Nasdaq,LULD pause,2025-10-16,13:41:14
2025-10-16,13:35:50,OWLS,OBOOK Holdings Inc. Class A Common Shares,Nasdaq,LULD pause,2025-10-16,13:40:50
2025-10-16,13:29:46,OWLS,OBOOK Holdings Inc. Class A Common Shares,Nasdaq,LULD pause,2025-10-16,13:34:46
2025-10-16,13:27:47,APLM,Apollomics Inc. Class A Ordinary Shares,Nasdaq,LULD pause,2025-10-16,13:32:47
2025-10-16,13:26:41,SEV,Aptera Motors Corp. Class B Common Stock,Nasdaq,LULD pause,2025-10-16,13:31:41
2025-10-16,13:23:42,OWLS,OBOOK Holdings Inc. Class A Common Shares,Nasdaq,LULD pause,2025-10-16,13:28:42
2025-10-16,13:20:13,SEV,Aptera Motors Corp. Class B Common Stock,Nasdaq,LULD pause,2025-10-16,13:25:13
2025-10-16,13:13:51,APLM,Apollomics Inc. Class A Ordinary Shares,Nasdaq,LULD pause,2025-10-16,13:18:51
2025-10-16,13:12:05,SEV,Aptera Motors Corp. Class B Common Stock,Nasdaq,LULD pause,2025-10-16,13:17:05
2025-10-16,13:10:02,OWLS,OBOOK Holdings Inc. Class A Common Shares,Nasdaq,LULD pause,2025-10-16,13:20:03
2025-10-16,13:06:41,SEV,Aptera Motors Corp. Class B Common Stock,Nasdaq,LULD pause,2025-10-16,13:11:41
2025-10-16,13:06:20,APLM,Apollomics Inc. Class A Ordinary Shares,Nasdaq,LULD pause,2025-10-16,13:11:20
2025-10-16,13:01:22,SEV,Aptera Motors Corp. Class B Common Stock,Nasdaq,LULD pause,2025-10-16,13:06:22
2025-10-16,12:56:47,OWLS,OBOOK Holdings Inc. Class A Common Shares,Nasdaq,LULD pause,2025-10-16,13:06:47
2025-10-16,12:52:29,NIVF,NewGenIvf Group Limited Class A ordinary shares,Nasdaq,LULD pause,2025-10-16,13:02:29
2025-10-16,12:51:27,IVF,"""INVO Fertility, Inc. Common Stock""",Nasdaq,LULD pause,2025-10-16,13:03:17
2025-10-16,12:49:26,SEV,Aptera Motors Corp. Class B Common Stock,Nasdaq,LULD pause,2025-10-16,12:59:26
2025-10-16,12:37:58,SEV,Aptera Motors Corp. Class B Common Stock,Nasdaq,LULD pause,2025-10-16,12:47:58
2025-10-16,12:36:18,ELWS,"""Earlyworks Co., Ltd. American Depositary Shares""",Nasdaq,LULD pause,2025-10-16,12:41:18
2025-10-16,12:35:42,OWLS,OBOOK Holdings Inc. Class A Common Shares,Nasdaq,LULD pause,2025-10-16,12:55:43
2025-10-16,12:26:25,SEV,Aptera Motors Corp. Class B Common Stock,Nasdaq,LULD pause,2025-10-16,12:36:25
2025-10-16,12:21:39,INTG,Intergroup Corporation (The),Nasdaq,LULD pause,2025-10-16,12:26:39
2025-10-16,12:10:45,SEV,Aptera Motors Corp. Class B Common Stock,Nasdaq,LULD pause,2025-10-16,12:25:46
2025-10-16,12:10:28,BGMSP,"""Bio Green Med Solution, Inc. 6% Convertible Preferred Stock""",Nasdaq,LULD pause,2025-10-16,12:20:28
2025-10-16,12:10:12,INTG,Intergroup Corporation (The),Nasdaq,LULD pause,2025-10-16,12:15:12
2025-10-16,12:09:37,OWLS,OBOOK Holdings Inc. Class A Common Shares,Nasdaq,LULD pause,2025-10-16,12:35:16
2025-10-16,12:05:11,RPGL,Republic Power Group Limited Class A Ordinary Shares,Nasdaq,LULD pause,2025-10-16,12:10:11
2025-10-16,12:04:26,SEV,Aptera Motors Corp. Class B Common Stock,Nasdaq,LULD pause,2025-10-16,12:09:26
2025-10-16,12:02:07,ELWS,"""Earlyworks Co., Ltd. American Depositary Shares""",Nasdaq,LULD pause,2025-10-16,12:07:07
2025-10-16,11:59:33,RPGL,Republic Power Group Limited Class A Ordinary Shares,Nasdaq,LULD pause,2025-10-16,12:04:33
2025-10-16,11:56:39,INTG,Intergroup Corporation (The),Nasdaq,LULD pause,2025-10-16,12:01:39
2025-10-16,11:56:39,HSDT,Solana Company Class A Common Stock (DE),Nasdaq,LULD pause,2025-10-16,12:06:39
2025-10-16,11:54:21,SLGB,Smart Logistics Global Limited Ordinary Shares,Nasdaq,LULD pause,2025-10-16,12:04:21
2025-10-16,11:52:14,OWLS,OBOOK Holdings Inc. Class A Common Shares,Nasdaq,LULD pause,2025-10-16,12:07:28
2025-10-16,11:49:03,INTG,Intergroup Corporation (The),Nasdaq,LULD pause,2025-10-16,11:54:03
2025-10-16,11:48:00,MTEN,Mingteng International Corporation Inc. Class A Ordinary Shares,Nasdaq,LULD pause,2025-10-16,11:58:00
2025-10-16,11:47:44,SLGB,Smart Logistics Global Limited Ordinary Shares,Nasdaq,LULD pause,2025-10-16,11:52:44
2025-10-16,11:45:32,ELWS,"""Earlyworks Co., Ltd. American Depositary Shares""",Nasdaq,LULD pause,2025-10-16,11:50:32
2025-10-16,11:43:46,OWLS,OBOOK Holdings Inc. Class A Common Shares,Nasdaq,LULD pause,2025-10-16,11:48:46
2025-10-16,11:41:57,SLGB,Smart Logistics Global Limited Ordinary Shares,Nasdaq,LULD pause,2025-10-16,11:46:57
2025-10-16,11:37:36,INTG,Intergroup Corporation (The),Nasdaq,LULD pause,2025-10-16,11:47:36
2025-10-16,11:36:11,SLGB,Smart Logistics Global Limited Ordinary Shares,Nasdaq,LULD pause,2025-10-16,11:41:11
2025-10-16,11:33:07,RPGL,Republic Power Group Limited Class A Ordinary Shares,Nasdaq,LULD pause,2025-10-16,11:43:07
2025-10-16,11:32:55,MGX,"""Metagenomi, Inc. Common Stock""",Nasdaq,LULD pause,2025-10-16,11:42:55
2025-10-16,11:29:30,ELWS,"""Earlyworks Co., Ltd. American Depositary Shares""",Nasdaq,LULD pause,2025-10-16,11:39:30
2025-10-16,11:27:28,OWLS,OBOOK Holdings Inc. Class A Common Shares,Nasdaq,LULD pause,2025-10-16,11:43:31
2025-10-16,11:25:19,SLGB,Smart Logistics Global Limited Ordinary Shares,Nasdaq,LULD pause,2025-10-16,11:35:20
2025-10-16,11:22:00,RPGL,Republic Power Group Limited Class A Ordinary Shares,Nasdaq,LULD pause,2025-10-16,11:32:00
2025-10-16,11:14:02,INTG,Intergroup Corporation (The),Nasdaq,LULD pause,2025-10-16,11:19:02
2025-10-16,11:12:29,ELWS,"""Earlyworks Co., Ltd. American Depositary Shares""",Nasdaq,LULD pause,2025-10-16,11:17:29
2025-10-16,11:11:14,RPGL,Republic Power Group Limited Class A Ordinary Shares,Nasdaq,LULD pause,2025-10-16,11:21:15
2025-10-16,11:10:41,OWLS,OBOOK Holdings Inc. Class A Common Shares,Nasdaq,LULD pause,2025-10-16,11:27:12
2025-10-16,11:05:38,ELWS,"""Earlyworks Co., Ltd. American Depositary Shares""",Nasdaq,LULD pause,2025-10-16,11:10:38
2025-10-16,10:59:17,RPGL,Republic Power Group Limited Class A Ordinary Shares,Nasdaq,LULD pause,2025-10-16,11:09:17
2025-10-16,10:57:34,ELWS,"""Earlyworks Co., Ltd. American Depositary Shares""",Nasdaq,LULD pause,2025-10-16,11:02:34
2025-10-16,10:52:56,ATMV,AlphaVest Acquisition Corp Ordinary Shares,Nasdaq,LULD pause,2025-10-16,10:57:56
2025-10-16,10:42:48,RPGL,Republic Power Group Limited Class A Ordinary Shares,Nasdaq,LULD pause,2025-10-16,10:58:57
2025-10-16,10:34:04,SCCF,Sachem Capital Corp. 7.125% Notes due 2027,NYSE American,LULD pause,2025-10-16,10:39:04
2025-10-16,10:31:55,RPGL,Republic Power Group Limited Class A Ordinary Shares,Nasdaq,LULD pause,2025-10-16,10:41:56
2025-10-16,10:05:02,ELWS,"""Earlyworks Co., Ltd. American Depositary Shares""",Nasdaq,LULD pause,2025-10-16,10:10:02
2025-10-16,09:54:22,ELWS,"""Earlyworks Co., Ltd. American Depositary Shares""",Nasdaq,LULD pause,2025-10-16,10:04:23
2025-10-16,09:44:04,ELWS,"""Earlyworks Co., Ltd. American Depositary Shares""",Nasdaq,LULD pause,2025-10-16,09:54:04
2025-10-16,09:35:32,GREEL,Greenidge Generation Holdings Inc. 8.50% Senior Notes due 2026,Nasdaq,LULD pause,2025-10-16,09:40:32
2025-10-16,09:30:16,GREEL,Greenidge Generation Holdings Inc. 8.50% Senior Notes due 2026,Nasdaq,LULD pause,2025-10-16,09:35:16
2025-10-16,07:25:00,CREX,"""CREATIVE REALITIES, INC.""",Nasdaq,News pending,2025-10-16,07:40:00
2025-10-15,14:55:20,RDAC,Rising Dragon Acquisition Corp. Ordinary Shares,Nasdaq,LULD pause,2025-10-15,15:00:20
2025-10-15,13:53:48,INTG,Intergroup Corporation (The),Nasdaq,LULD pause,2025-10-15,14:03:48
2025-10-15,12:48:39,MSOS,AdvisorShares Pure US Cannabis ETF,NYSE Arca,LULD pause,2025-10-15,12:53:39
2025-10-15,12:21:40,CHOW,ChowChow Cloud International Holdings Limited,NYSE American,LULD pause,2025-10-15,12:26:40
2025-10-15,12:14:07,APLM,Apollomics Inc. Class A Ordinary Shares,Nasdaq,LULD pause,2025-10-15,12:19:07
2025-10-15,12:10:44,CHOW,ChowChow Cloud International Holdings Limited,NYSE American,LULD pause,2025-10-15,12:15:44
2025-10-15,12:05:00,CHOW,ChowChow Cloud International Holdings Limited,NYSE American,LULD pause,2025-10-15,12:10:00
2025-10-15,12:02:05,APLM,Apollomics Inc. Class A Ordinary Shares,Nasdaq,LULD pause,2025-10-15,12:07:05
2025-10-15,11:39:15,CHOW,ChowChow Cloud International Holdings Limited,NYSE American,LULD pause,2025-10-15,12:04:45
2025-10-15,11:30:23,HONDU,HCM II Acquisition Corp. Unit,Nasdaq,LULD pause,2025-10-15,11:40:23
2025-10-15,11:14:39,APLM,Apollomics Inc. Class A Ordinary Shares,Nasdaq,LULD pause,2025-10-15,11:19:39
2025-10-15,11:03:52,JDZG,JIADE LIMITED Class A Ordinary Shares,Nasdaq,LULD pause,2025-10-15,11:08:52
2025-10-15,11:03:17,APLM,Apollomics Inc. Class A Ordinary Shares,Nasdaq,LULD pause,2025-10-15,11:13:17
2025-10-15,10:57:50,SOGP,Sound Group Inc. American Depositary Shares,Nasdaq,LULD pause,2025-10-15,11:02:50
2025-10-15,10:57:32,APLM,Apollomics Inc. Class A Ordinary Shares,Nasdaq,LULD pause,2025-10-15,11:02:32
2025-10-15,10:43:56,APLM,Apollomics Inc. Class A Ordinary Shares,Nasdaq,LULD pause,2025-10-15,10:53:56
2025-10-15,10:35:59,APLM,Apollomics Inc. Class A Ordinary Shares,Nasdaq,LULD pause,2025-10-15,10:40:59
2025-10-15,10:31:44,QNRX,"""Quoin Pharmaceuticals, Ltd. American Depositary Shares""",Nasdaq,LULD pause,2025-10-15,10:36:44
2025-10-15,10:27:44,ATMV,AlphaVest Acquisition Corp Ordinary Shares,Nasdaq,LULD pause,2025-10-15,10:32:44
2025-10-15,10:25:42,APLM,Apollomics Inc. Class A Ordinary Shares,Nasdaq,LULD pause,2025-10-15,10:30:42
2025-10-15,10:23:14,QNRX,"""Quoin Pharmaceuticals, Ltd. American Depositary Shares""",Nasdaq,LULD pause,2025-10-15,10:28:14
2025-10-15,10:19:33,APLM,Apollomics Inc. Class A Ordinary Shares,Nasdaq,LULD pause,2025-10-15,10:24:33
2025-10-15,10:10:03,SANA,"""Sana Biotechnology, Inc. Common Stock""",Nasdaq,LULD pause,2025-10-15,10:15:03
2025-10-15,10:02:46,YDKG,Yueda Digital Holding Class A Ordinary Share,Nasdaq,LULD pause,2025-10-15,10:07:46
2025-10-15,09:57:54,SANA,"""Sana Biotechnology, Inc. Common Stock""",Nasdaq,LULD pause,2025-10-15,10:09:41
2025-10-15,09:54:15,YDKG,Yueda Digital Holding Class A Ordinary Share,Nasdaq,LULD pause,2025-10-15,09:59:15
2025-10-15,09:48:41,SDOT,Sadot Group Inc. Common Stock,Nasdaq,LULD pause,2025-10-15,09:53:41
2025-10-15,09:48:37,YDKG,Yueda Digital Holding Class A Ordinary Share,Nasdaq,LULD pause,2025-10-15,09:53:37
2025-10-15,09:47:43,APLM,Apollomics Inc. Class A Ordinary Shares,Nasdaq,LULD pause,2025-10-15,10:19:15
2025-10-15,09:46:48,STI,"""Solidion Technology, Inc. Common Stock""",Nasdaq,LULD pause,2025-10-15,09:56:48
2025-10-15,09:43:01,YDKG,Yueda Digital Holding Class A Ordinary Share,Nasdaq,LULD pause,2025-10-15,09:48:01
2025-10-15,09:42:24,EVAX,Evaxion A/S American Depositary Share,Nasdaq,LULD pause,2025-10-15,09:47:24
2025-10-15,09:37:32,YDKG,Yueda Digital Holding Class A Ordinary Share,Nasdaq,LULD pause,2025-10-15,09:42:32
2025-10-15,09:35:50,ELBM,Electra Battery Materials Corporation Common Stock,Nasdaq,LULD pause,2025-10-15,09:40:50
2025-10-15,09:34:48,EVAX,Evaxion A/S American Depositary Share,Nasdaq,LULD pause,2025-10-15,09:39:48
2025-10-15,09:33:30,STI,"""Solidion Technology, Inc. Common Stock""",Nasdaq,LULD pause,2025-10-15,09:38:30
2025-10-15,09:32:26,APLM,Apollomics Inc. Class A Ordinary Shares,Nasdaq,LULD pause,2025-10-15,09:47:27
2025-10-15,09:32:17,SOGP,Sound Group Inc. American Depositary Shares,Nasdaq,LULD pause,2025-10-15,09:42:17
2025-10-15,09:32:05,YDKG,Yueda Digital Holding Class A Ordinary Share,Nasdaq,LULD pause,2025-10-15,09:37:05
2025-10-15,09:31:21,SDOT,Sadot Group Inc. Common Stock,Nasdaq,LULD pause,2025-10-15,09:36:21
2025-10-15,09:00:43,CURIW,CuriosityStream Inc. Warrant,Nasdaq,News pending,,
2025-10-15,08:58:29,ARIS,"""Aris Water Solutions, Inc.""",NYSE,Merger Effective,,
2025-10-15,08:40:00,TRUE,"""TrueCar, Inc.""",Nasdaq,News pending,2025-10-15,09:00:00
2025-10-15,07:55:00,SCYX,"""SCYNEXIS, Inc.""",Nasdaq,News pending,2025-10-15,08:25:00
2025-10-15,07:35:09,HI,"""Hillenbrand, Inc.""",NYSE,News pending,2025-10-15,08:16:50
2025-10-15,07:01:04,RADX,Radiopharm Theranostics Limited American Depositary Shares,Nasdaq,News pending,2025-10-20,07:05:00
2025-10-15,07:01:04,RADX,Radiopharm Theranostics Limited American Depositary Shares,Nasdaq,News pending,,
2025-10-14,19:50:00,AVDX,"""AvidXchange Holdings, Inc. Common Stock""",Nasdaq,News pending,,
2025-10-14,15:33:39,GWAV,"""Greenwave Technology Solutions, Inc. Common Stock""",Nasdaq,LULD pause,2025-10-14,15:38:39
2025-10-14,14:57:44,AQMS,"""Aqua Metals, Inc. Common Stock""",Nasdaq,LULD pause,2025-10-14,15:02:44
2025-10-14,14:27:42,AQMS,"""Aqua Metals, Inc. Common Stock""",Nasdaq,LULD pause,2025-10-14,14:37:42
2025-10-14,13:52:53,STI,"""Solidion Technology, Inc. Common Stock""",Nasdaq,LULD pause,2025-10-14,13:57:53
2025-10-14,13:26:39,STI,"""Solidion Technology, Inc. Common Stock""",Nasdaq,LULD pause,2025-10-14,13:31:39
2025-10-14,12:00:29,RPGL,Republic Power Group Limited Class A Ordinary Shares,Nasdaq,LULD pause,2025-10-14,12:10:29
2025-10-14,11:40:10,BGMSP,"""Bio Green Med Solution, Inc. 6% Convertible Preferred Stock""",Nasdaq,LULD pause,2025-10-14,11:45:10
2025-10-14,11:13:11,AQMS,"""Aqua Metals, Inc. Common Stock""",Nasdaq,LULD pause,2025-10-14,11:18:11
2025-10-14,10:58:12,NAAS,NaaS Technology Inc. American Depositary Shares,Nasdaq,LULD pause,2025-10-14,11:03:12
2025-10-14,10:19:28,GWAV,"""Greenwave Technology Solutions, Inc. Common Stock""",Nasdaq,LULD pause,2025-10-14,10:24:28
2025-10-14,10:04:03,SBLX,"""StableX Technologies, Inc. Common Stock""",Nasdaq,LULD pause,2025-10-14,10:14:03
2025-10-14,10:02:23,HONDU,HCM II Acquisition Corp. Unit,Nasdaq,LULD pause,2025-10-14,10:17:24
2025-10-14,09:57:52,GWAV,"""Greenwave Technology Solutions, Inc. Common Stock""",Nasdaq,LULD pause,2025-10-14,10:02:52
2025-10-14,09:56:31,GWH,"""ESS Tech, Inc.""",NYSE,LULD pause,2025-10-14,10:01:37
2025-10-14,09:53:40,FCAP,First Capital Inc,Nasdaq,LULD pause,2025-10-14,09:58:40
2025-10-14,09:47:59,PAVS,Paranovus Entertainment Technology Ltd. Class A Ordinary Shares,Nasdaq,LULD pause,2025-10-14,09:57:59
2025-10-14,09:45:40,SDST,Stardust Power Inc. Common Stock,Nasdaq,LULD pause,2025-10-14,09:50:40
2025-10-14,09:42:54,GWAV,"""Greenwave Technology Solutions, Inc. Common Stock""",Nasdaq,LULD pause,2025-10-14,09:52:54
2025-10-14,09:39:34,FOFO,"""Hang Feng Technology Innovation Co., Ltd. Ordinary Shares""",Nasdaq,LULD pause,2025-10-14,09:49:34
2025-10-14,09:37:12,GWH,"""ESS Tech, Inc.""",NYSE,LULD pause,2025-10-14,09:43:02
2025-10-14,09:36:50,GWAV,"""Greenwave Technology Solutions, Inc. Common Stock""",Nasdaq,LULD pause,2025-10-14,09:41:50
2025-10-14,09:36:46,AQMS,"""Aqua Metals, Inc. Common Stock""",Nasdaq,LULD pause,2025-10-14,09:41:46
2025-10-14,09:34:48,SBLX,"""StableX Technologies, Inc. Common Stock""",Nasdaq,LULD pause,2025-10-14,09:39:48
2025-10-14,09:30:42,CNF,"""CNFinance Holdings Limited American Depositary Shares, each representing two hundred (200) Ordinary Shares""",NYSE,LULD pause,2025-10-14,09:35:42
2025-10-14,06:55:00,BCRX,BioCryst Pharmaceuticals Inc,Nasdaq,News pending,2025-10-14,07:20:00
2025-10-14,06:55:00,ATXS,"""Astria Therapeutics, Inc. Common Stock""",Nasdaq,News pending,2025-10-14,07:25:01
2025-10-13,17:01:23,ENFY,Enlightify Inc.,NYSE,News Released,,
2025-10-13,16:10:54,ENFY,Enlightify Inc.,NYSE,News pending,See Subsequent Halt,See Subsequent Halt
2025-10-13,15:27:37,XCH,XCHG Limited American Depositary Share,Nasdaq,LULD pause,2025-10-13,15:32:37
2025-10-13,15:01:05,STI,"""Solidion Technology, Inc. Common Stock""",Nasdaq,LULD pause,2025-10-13,15:06:05
2025-10-13,14:28:48,STI,"""Solidion Technology, Inc. Common Stock""",Nasdaq,LULD pause,2025-10-13,14:33:48
2025-10-13,14:15:48,STI,"""Solidion Technology, Inc. Common Stock""",Nasdaq,LULD pause,2025-10-13,14:20:48
2025-10-13,14:10:11,NMG,Nouveau Monde Graphite Inc.,NYSE,LULD pause,2025-10-13,14:15:19
2025-10-13,14:10:11,STI,"""Solidion Technology, Inc. Common Stock""",Nasdaq,LULD pause,2025-10-13,14:15:11
2025-10-13,13:57:19,XCH,XCHG Limited American Depositary Share,Nasdaq,LULD pause,2025-10-13,14:02:19
2025-10-13,13:25:53,STI,"""Solidion Technology, Inc. Common Stock""",Nasdaq,LULD pause,2025-10-13,13:30:53
2025-10-13,13:16:18,AQMS,"""Aqua Metals, Inc. Common Stock""",Nasdaq,LULD pause,2025-10-13,13:21:18
2025-10-13,13:15:46,STI,"""Solidion Technology, Inc. Common Stock""",Nasdaq,LULD pause,2025-10-13,13:20:46
2025-10-13,12:52:32,STI,"""Solidion Technology, Inc. Common Stock""",Nasdaq,LULD pause,2025-10-13,12:57:32
2025-10-13,12:50:22,GWH,"""ESS Tech, Inc.""",NYSE,LULD pause,2025-10-13,12:55:29
2025-10-13,12:35:01,RADX,Radiopharm Theranostics Limited American Depositary Shares,Nasdaq,LULD pause,2025-10-13,12:40:01
2025-10-13,12:31:24,GWH,"""ESS Tech, Inc.""",NYSE,LULD pause,2025-10-13,12:36:29
2025-10-13,12:07:37,PHOE,Phoenix Asia Holdings Limited Ordinary Shares,Nasdaq,LULD pause,2025-10-13,12:12:37
2025-10-13,11:58:53,LITM,Snow Lake Resources Ltd. Common Shares,Nasdaq,LULD pause,2025-10-13,12:03:53
2025-10-13,11:53:45,AQMS,"""Aqua Metals, Inc. Common Stock""",Nasdaq,LULD pause,2025-10-13,12:03:45
2025-10-13,11:46:49,PHOE,Phoenix Asia Holdings Limited Ordinary Shares,Nasdaq,LULD pause,2025-10-13,11:51:49
2025-10-13,11:39:51,PHOE,Phoenix Asia Holdings Limited Ordinary Shares,Nasdaq,LULD pause,2025-10-13,11:44:51
2025-10-13,11:32:33,AQMS,"""Aqua Metals, Inc. Common Stock""",Nasdaq,LULD pause,2025-10-13,11:37:33
2025-10-13,11:12:36,STI,"""Solidion Technology, Inc. Common Stock""",Nasdaq,LULD pause,2025-10-13,11:17:36
2025-10-13,10:59:17,STI,"""Solidion Technology, Inc. Common Stock""",Nasdaq,LULD pause,2025-10-13,11:04:17
2025-10-13,10:48:38,GWH,"""ESS Tech, Inc.""",NYSE,LULD pause,2025-10-13,10:53:40
2025-10-13,10:38:34,STI,"""Solidion Technology, Inc. Common Stock""",Nasdaq,LULD pause,2025-10-13,10:48:34
2025-10-13,10:25:09,AURE,Prestige Wealth Inc. Class A Ordinary Shares,Nasdaq,LULD pause,2025-10-13,10:30:09
2025-10-13,10:19:23,PSIG,PS International Group Ltd. Ordinary Shares,Nasdaq,LULD pause,2025-10-13,10:29:23
2025-10-13,10:14:30,STI,"""Solidion Technology, Inc. Common Stock""",Nasdaq,LULD pause,2025-10-13,10:19:30
2025-10-13,10:08:39,PSIG,PS International Group Ltd. Ordinary Shares,Nasdaq,LULD pause,2025-10-13,10:18:39
2025-10-13,10:05:51,WLACU,Willow Lane Acquisition Corp. Unit,Nasdaq,LULD pause,2025-10-13,10:10:51
2025-10-13,09:58:24,PSIG,PS International Group Ltd. Ordinary Shares,Nasdaq,LULD pause,2025-10-13,10:08:24
2025-10-13,09:48:09,XCH,XCHG Limited American Depositary Share,Nasdaq,LULD pause,2025-10-13,09:53:09
2025-10-13,09:48:03,PSIG,PS International Group Ltd. Ordinary Shares,Nasdaq,LULD pause,2025-10-13,09:58:03
2025-10-13,09:46:07,JYD,Jayud Global Logistics Limited Class A Ordinary Shares,Nasdaq,LULD pause,2025-10-13,09:51:07
2025-10-13,09:46:05,TREE,"""LendingTree, Inc.""",Nasdaq,News pending,2025-10-13,11:45:00
2025-10-13,09:45:10,QNRX,"""Quoin Pharmaceuticals, Ltd. American Depositary Shares""",Nasdaq,LULD pause,2025-10-13,09:55:10
2025-10-13,09:39:21,ELBM,Electra Battery Materials Corporation Common Stock,Nasdaq,LULD pause,2025-10-13,09:44:21
2025-10-13,09:38:35,RAIN,"""Rain Enhancement Technologies Holdco, Inc. Class A Common Stock""",Nasdaq,LULD pause,2025-10-13,09:43:35
2025-10-13,09:37:23,PSIG,PS International Group Ltd. Ordinary Shares,Nasdaq,LULD pause,2025-10-13,09:47:23
2025-10-13,09:36:54,HONDU,HCM II Acquisition Corp. Unit,Nasdaq,LULD pause,2025-10-13,09:46:54
2025-10-13,09:36:05,BGMS,"""Bio Green Med Solution, Inc. Common Stock""",Nasdaq,LULD pause,2025-10-13,09:41:05
2025-10-13,09:35:31,QUP,DailyDelta Q100 Upside Option Strategy ETF,NYSE Arca,LULD pause,2025-10-13,09:40:31
2025-10-13,09:33:11,STI,"""Solidion Technology, Inc. Common Stock""",Nasdaq,LULD pause,2025-10-13,09:38:11
2025-10-13,09:30:16,SZZL,Sizzle Acquisition Corp. II Class A ordinary shares,Nasdaq,LULD pause,2025-10-13,09:35:16
2025-10-13,09:30:16,QUP,DailyDelta Q100 Upside Option Strategy ETF,NYSE Arca,LULD pause,2025-10-13,09:35:16
2025-10-13,07:55:00,TBH,"""Brag House Holdings, Inc. Common Stock""",Nasdaq,News pending,2025-10-13,08:35:01
2025-10-10,19:50:00,CDTTW,CDT Equity Inc. Warrant,Nasdaq,News pending,2025-10-13,09:05:00
2025-10-10,19:50:00,CDTTW,CDT Equity Inc. Warrant,Nasdaq,News pending,,
2025-10-10,19:50:00,JYD,Jayud Global Logistics Limited Class A Ordinary Shares,Nasdaq,News pending,,
2025-10-10,19:50:00,JYD,Jayud Global Logistics Limited Class A Ordinary Shares,Nasdaq,News pending,2025-10-13,09:00:00
2025-10-10,19:50:00,LGCL,Lucas GC Limited Ordinary Shares,Nasdaq,News pending,,
2025-10-10,19:50:00,LGCL,Lucas GC Limited Ordinary Shares,Nasdaq,News pending,2025-10-13,09:00:00
2025-10-10,19:50:00,PSIG,PS International Group Ltd. Ordinary Shares,Nasdaq,News pending,2025-10-13,09:00:00
2025-10-10,19:50:00,PSIG,PS International Group Ltd. Ordinary Shares,Nasdaq,News pending,,
2025-10-10,19:50:00,CDT,CDT Equity Inc. Common Stock,Nasdaq,News pending,,
2025-10-10,19:50:00,CDT,CDT Equity Inc. Common Stock,Nasdaq,News pending,2025-10-13,09:00:00
2025-10-10,19:50:00,LPSN,LivePerson Inc,Nasdaq,News pending,,
2025-10-10,19:50:00,LPSN,LivePerson Inc,Nasdaq,News pending,2025-10-13,09:00:00
2025-10-10,15:44:26,YDKG,Yueda Digital Holding Class A Ordinary Share,Nasdaq,LULD pause,2025-10-10,16:00:00
2025-10-10,15:39:22,TDIC,Dreamland Limited Class A Ordinary Shares,Nasdaq,LULD pause,2025-10-10,15:44:22
2025-10-10,15:38:46,YDKG,Yueda Digital Holding Class A Ordinary Share,Nasdaq,LULD pause,2025-10-10,15:43:46
2025-10-10,15:34:02,TDIC,Dreamland Limited Class A Ordinary Shares,Nasdaq,LULD pause,2025-10-10,15:39:02
2025-10-10,15:28:43,QUP,DailyDelta Q100 Upside Option Strategy ETF,NYSE Arca,LULD pause,2025-10-10,15:33:43
2025-10-10,15:17:31,TDIC,Dreamland Limited Class A Ordinary Shares,Nasdaq,LULD pause,2025-10-10,15:22:31
2025-10-10,15:12:04,QDWN,DailyDelta Q100 Downside Option Strategy ETF,NYSE Arca,LULD pause,2025-10-10,15:17:04
2025-10-10,14:57:30,IZEA,"""IZEA Worldwide, Inc. Common Stock""",Nasdaq,LULD pause,2025-10-10,15:02:30
2025-10-10,14:54:14,LFS,"""LEIFRAS Co., Ltd. American Depositary Shares""",Nasdaq,LULD pause,2025-10-10,15:04:14
2025-10-10,14:46:30,LFS,"""LEIFRAS Co., Ltd. American Depositary Shares""",Nasdaq,LULD pause,2025-10-10,14:51:30
2025-10-10,13:59:35,TDIC,Dreamland Limited Class A Ordinary Shares,Nasdaq,LULD pause,2025-10-10,14:04:35
2025-10-10,13:28:53,YHGJ,Yunhong Green CTI Ltd. Common Stock,Nasdaq,LULD pause,2025-10-10,13:33:53
2025-10-10,13:21:16,YHGJ,Yunhong Green CTI Ltd. Common Stock,Nasdaq,LULD pause,2025-10-10,13:26:16
2025-10-10,13:18:25,TDIC,Dreamland Limited Class A Ordinary Shares,Nasdaq,LULD pause,2025-10-10,13:23:25
2025-10-10,13:17:13,QNRX,"""Quoin Pharmaceuticals, Ltd. American Depositary Shares""",Nasdaq,LULD pause,2025-10-10,13:22:13
2025-10-10,13:07:40,TDIC,Dreamland Limited Class A Ordinary Shares,Nasdaq,LULD pause,2025-10-10,13:12:40
2025-10-10,13:07:14,YQ,17 Education & Technology Group Inc. American Depositary Shares,Nasdaq,LULD pause,2025-10-10,13:17:14
2025-10-10,13:01:59,TDIC,Dreamland Limited Class A Ordinary Shares,Nasdaq,LULD pause,2025-10-10,13:06:59
2025-10-10,12:52:07,TDIC,Dreamland Limited Class A Ordinary Shares,Nasdaq,LULD pause,2025-10-10,12:57:07
2025-10-10,12:50:46,QNRX,"""Quoin Pharmaceuticals, Ltd. American Depositary Shares""",Nasdaq,LULD pause,2025-10-10,12:55:46
2025-10-10,12:37:13,TDIC,Dreamland Limited Class A Ordinary Shares,Nasdaq,LULD pause,2025-10-10,12:50:53
2025-10-10,12:33:53,QNRX,"""Quoin Pharmaceuticals, Ltd. American Depositary Shares""",Nasdaq,LULD pause,2025-10-10,12:38:53
2025-10-10,12:33:38,BINI,"""Bollinger Innovations, Inc. Common Stock""",Nasdaq,LULD pause,2025-10-10,12:43:39
2025-10-10,12:25:48,TDIC,Dreamland Limited Class A Ordinary Shares,Nasdaq,LULD pause,2025-10-10,12:35:48
2025-10-10,12:23:04,QNRX,"""Quoin Pharmaceuticals, Ltd. American Depositary Shares""",Nasdaq,LULD pause,2025-10-10,12:28:04
2025-10-10,12:15:29,TDIC,Dreamland Limited Class A Ordinary Shares,Nasdaq,LULD pause,2025-10-10,12:25:29
2025-10-10,12:10:57,PHOE,Phoenix Asia Holdings Limited Ordinary Shares,Nasdaq,LULD pause,2025-10-10,12:15:57
2025-10-10,11:58:07,QNRX,"""Quoin Pharmaceuticals, Ltd. American Depositary Shares""",Nasdaq,LULD pause,2025-10-10,12:08:07
2025-10-10,11:57:07,TDIC,Dreamland Limited Class A Ordinary Shares,Nasdaq,LULD pause,2025-10-10,12:14:40
2025-10-10,11:51:45,TDIC,Dreamland Limited Class A Ordinary Shares,Nasdaq,LULD pause,2025-10-10,11:56:45
2025-10-10,11:46:35,QNRX,"""Quoin Pharmaceuticals, Ltd. American Depositary Shares""",Nasdaq,LULD pause,2025-10-10,11:56:35
2025-10-10,11:43:29,SHPH,"""Shuttle Pharmaceuticals Holdings, Inc. Common Stock""",Nasdaq,LULD pause,2025-10-10,11:48:29
2025-10-10,11:39:49,EPSM,Epsium Enterprise Limited Class A Ordinary Shares,Nasdaq,LULD pause,2025-10-10,11:49:49
2025-10-10,11:39:28,TDIC,Dreamland Limited Class A Ordinary Shares,Nasdaq,LULD pause,2025-10-10,11:44:28
2025-10-10,11:36:52,INTG,Intergroup Corporation (The),Nasdaq,LULD pause,2025-10-10,11:41:52
2025-10-10,11:32:05,QNRX,"""Quoin Pharmaceuticals, Ltd. American Depositary Shares""",Nasdaq,LULD pause,2025-10-10,11:37:05
2025-10-10,11:28:18,TDIC,Dreamland Limited Class A Ordinary Shares,Nasdaq,LULD pause,2025-10-10,11:33:18
2025-10-10,11:25:36,BGMSP,"""Bio Green Med Solution, Inc. 6% Convertible Preferred Stock""",Nasdaq,LULD pause,2025-10-10,11:30:36
2025-10-10,11:17:28,QNRX,"""Quoin Pharmaceuticals, Ltd. American Depositary Shares""",Nasdaq,LULD pause,2025-10-10,11:22:28
2025-10-10,11:16:54,XBIO,"""Xenetic Biosciences, Inc.""",Nasdaq,LULD pause,2025-10-10,11:21:54
2025-10-10,11:13:52,PTGX,"""Protagonist Therapeutics, Inc""",Nasdaq,LULD pause,2025-10-10,11:28:54
2025-10-10,11:08:41,QNRX,"""Quoin Pharmaceuticals, Ltd. American Depositary Shares""",Nasdaq,LULD pause,2025-10-10,11:13:41
2025-10-10,11:06:11,XBIO,"""Xenetic Biosciences, Inc.""",Nasdaq,LULD pause,2025-10-10,11:16:11
2025-10-10,11:03:46,SHPH,"""Shuttle Pharmaceuticals Holdings, Inc. Common Stock""",Nasdaq,LULD pause,2025-10-10,11:13:46
2025-10-10,11:01:29,QNRX,"""Quoin Pharmaceuticals, Ltd. American Depositary Shares""",Nasdaq,LULD pause,2025-10-10,11:06:29
2025-10-10,10:56:54,SHPH,"""Shuttle Pharmaceuticals Holdings, Inc. Common Stock""",Nasdaq,LULD pause,2025-10-10,11:01:54
2025-10-10,10:50:33,QNRX,"""Quoin Pharmaceuticals, Ltd. American Depositary Shares""",Nasdaq,LULD pause,2025-10-10,11:00:39
2025-10-10,10:45:01,QNRX,"""Quoin Pharmaceuticals, Ltd. American Depositary Shares""",Nasdaq,LULD pause,2025-10-10,10:50:01
2025-10-10,10:29:38,QNRX,"""Quoin Pharmaceuticals, Ltd. American Depositary Shares""",Nasdaq,LULD pause,2025-10-10,10:44:39
2025-10-10,10:17:08,QNRX,"""Quoin Pharmaceuticals, Ltd. American Depositary Shares""",Nasdaq,LULD pause,2025-10-10,10:29:22
2025-10-10,10:06:44,QNRX,"""Quoin Pharmaceuticals, Ltd. American Depositary Shares""",Nasdaq,LULD pause,2025-10-10,10:16:44
2025-10-10,10:01:09,QNRX,"""Quoin Pharmaceuticals, Ltd. American Depositary Shares""",Nasdaq,LULD pause,2025-10-10,10:06:09
2025-10-10,09:55:09,TDIC,Dreamland Limited Class A Ordinary Shares,Nasdaq,LULD pause,2025-10-10,10:00:09
2025-10-10,09:54:43,FMFC,Kandal M Venture Limited Class A Ordinary Shares,Nasdaq,LULD pause,2025-10-10,09:59:43
2025-10-10,09:54:40,APM,Aptorum Group Limited Class A Ordinary Shares,Nasdaq,LULD pause,2025-10-10,09:59:40
2025-10-10,09:50:32,QNRX,"""Quoin Pharmaceuticals, Ltd. American Depositary Shares""",Nasdaq,LULD pause,2025-10-10,10:00:33
2025-10-10,09:50:06,SOBR,"""SOBR Safe, Inc. Common Stock""",Nasdaq,LULD pause,2025-10-10,09:55:06
2025-10-10,09:47:32,TDIC,Dreamland Limited Class A Ordinary Shares,Nasdaq,LULD pause,2025-10-10,09:52:32
2025-10-10,09:45:06,CCTG,CCSC Technology International Holdings Limited Class A Ordinary Shares,Nasdaq,LULD pause,2025-10-10,09:50:06
2025-10-10,09:43:13,QNRX,"""Quoin Pharmaceuticals, Ltd. American Depositary Shares""",Nasdaq,LULD pause,2025-10-10,09:48:13
2025-10-10,09:39:42,TDIC,Dreamland Limited Class A Ordinary Shares,Nasdaq,LULD pause,2025-10-10,09:44:42
2025-10-10,09:38:56,WLACU,Willow Lane Acquisition Corp. Unit,Nasdaq,LULD pause,2025-10-10,09:43:56
2025-10-10,09:38:29,SLNHP,"""Soluna Holdings, Inc 9.0% Series A Cumulative Perpetual Preferred Stock""",Nasdaq,LULD pause,2025-10-10,09:43:29
2025-10-10,09:37:35,SOBR,"""SOBR Safe, Inc. Common Stock""",Nasdaq,LULD pause,2025-10-10,09:42:35
2025-10-10,09:36:32,QNRX,"""Quoin Pharmaceuticals, Ltd. American Depositary Shares""",Nasdaq,LULD pause,2025-10-10,09:41:32
2025-10-10,09:35:50,AMBO,Ambow Education Holding Ltd. American Depository Shares (each representing twenty (20) Class A Ordinary Shares),NYSE American,LULD pause,2025-10-10,09:40:50
2025-10-10,09:34:47,CCTG,CCSC Technology International Holdings Limited Class A Ordinary Shares,Nasdaq,LULD pause,2025-10-10,09:39:47
2025-10-10,09:30:54,QNRX,"""Quoin Pharmaceuticals, Ltd. American Depositary Shares""",Nasdaq,LULD pause,2025-10-10,09:35:54
2025-10-09,19:50:00,MOVE,Movano Inc. Common Stock,Nasdaq,News pending,,
2025-10-09,19:50:00,MOVE,Movano Inc. Common Stock,Nasdaq,News pending,2025-10-10,09:00:00
2025-10-09,19:50:00,CLIK,Click Holdings Limited Class A Ordinary Share,Nasdaq,News pending,2025-10-10,09:00:00
2025-10-09,19:50:00,CLIK,Click Holdings Limited Class A Ordinary Share,Nasdaq,News pending,,
2025-10-09,16:01:00,SWKHL,SWK Holdings Corporation 9.00% Senior Notes due 2027,Nasdaq,News pending,2025-10-09,18:00:00
2025-10-09,16:01:00,SWKH,SWK Holdings Corporation,Nasdaq,News pending,2025-10-09,17:55:00
2025-10-09,15:45:57,FMFC,Kandal M Venture Limited Class A Ordinary Shares,Nasdaq,LULD pause,2025-10-09,16:00:00
2025-10-09,15:42:21,VSME,VS Media Holdings Limited Class A Ordinary Shares,Nasdaq,LULD pause,2025-10-09,16:00:00
2025-10-09,15:21:51,FMFC,Kandal M Venture Limited Class A Ordinary Shares,Nasdaq,LULD pause,2025-10-09,15:45:32
2025-10-09,15:20:57,BJDX,"""Bluejay Diagnostics, Inc. Common Stock""",Nasdaq,LULD pause,2025-10-09,15:30:57
2025-10-09,15:15:29,BJDX,"""Bluejay Diagnostics, Inc. Common Stock""",Nasdaq,LULD pause,2025-10-09,15:20:29
2025-10-09,15:06:49,PRHIZ,"""Presurance Holdings, Inc. 9.75% Senior Unsecured Notes due 2028""",Nasdaq,LULD pause,2025-10-09,15:11:49
2025-10-09,14:51:35,FMFC,Kandal M Venture Limited Class A Ordinary Shares,Nasdaq,LULD pause,2025-10-09,15:21:36
2025-10-09,14:03:33,BRLS,Borealis Foods Inc. Class A Common Shares,Nasdaq,LULD pause,2025-10-09,14:08:33
2025-10-09,13:54:07,BRLS,Borealis Foods Inc. Class A Common Shares,Nasdaq,LULD pause,2025-10-09,13:59:07
2025-10-09,13:38:51,BRLS,Borealis Foods Inc. Class A Common Shares,Nasdaq,LULD pause,2025-10-09,13:53:52
2025-10-09,12:53:45,BGMSP,"""Bio Green Med Solution, Inc. 6% Convertible Preferred Stock""",Nasdaq,LULD pause,2025-10-09,12:58:45
2025-10-09,12:23:43,GDRX,"""GoodRx Holdings, Inc. Class A Common Stock""",Nasdaq,LULD pause,2025-10-09,12:33:44
2025-10-09,12:21:47,PXED,"""Phoenix Education Partners, Inc.""",NYSE,LULD pause,2025-10-09,12:26:56
2025-10-09,11:50:13,CCTG,CCSC Technology International Holdings Limited Class A Ordinary Shares,Nasdaq,LULD pause,2025-10-09,11:55:13
2025-10-09,11:46:45,CCM,Concord Medical Services Holding Limited,NYSE,LULD pause,2025-10-09,11:52:03
2025-10-09,11:38:28,CCTG,CCSC Technology International Holdings Limited Class A Ordinary Shares,Nasdaq,LULD pause,2025-10-09,11:48:28
2025-10-09,11:28:05,CCTG,CCSC Technology International Holdings Limited Class A Ordinary Shares,Nasdaq,LULD pause,2025-10-09,11:38:06
2025-10-09,11:22:48,CCTG,CCSC Technology International Holdings Limited Class A Ordinary Shares,Nasdaq,LULD pause,2025-10-09,11:27:48
2025-10-09,11:19:48,LFS,"""LEIFRAS Co., Ltd. American Depositary Shares""",Nasdaq,LULD pause,2025-10-09,11:24:48
2025-10-09,11:12:31,CCTG,CCSC Technology International Holdings Limited Class A Ordinary Shares,Nasdaq,LULD pause,2025-10-09,11:22:32
2025-10-09,11:07:16,CCTG,CCSC Technology International Holdings Limited Class A Ordinary Shares,Nasdaq,LULD pause,2025-10-09,11:12:16
2025-10-09,10:54:59,SLNHP,"""Soluna Holdings, Inc 9.0% Series A Cumulative Perpetual Preferred Stock""",Nasdaq,LULD pause,2025-10-09,10:59:59
2025-10-09,10:29:04,DHCNI,Diversified Healthcare Trust 5.625% Senior Notes due 2042,Nasdaq,LULD pause,2025-10-09,10:34:04
2025-10-09,10:23:32,TTRX,Turn Therapeutics Inc. Common Stock,Nasdaq,LULD pause,2025-10-09,10:28:32
2025-10-09,10:10:05,VNTG,Vantage Corp,NYSE American,LULD pause,2025-10-09,10:15:05
2025-10-09,09:58:16,VNTG,Vantage Corp,NYSE American,LULD pause,2025-10-09,10:03:16
2025-10-09,09:52:55,TTRX,Turn Therapeutics Inc. Common Stock,Nasdaq,LULD pause,2025-10-09,09:57:55
2025-10-09,09:45:20,RGTZ,Defiance Daily Target 2x Short RGTI ETF,Nasdaq,LULD pause,2025-10-09,09:50:20
2025-10-09,09:44:35,VNTG,Vantage Corp,NYSE American,LULD pause,2025-10-09,09:54:35
2025-10-09,09:42:17,TTRX,Turn Therapeutics Inc. Common Stock,Nasdaq,LULD pause,2025-10-09,09:47:17
2025-10-09,09:41:25,GSRTU,GSR III Acquisition Corp. Unit,Nasdaq,LULD pause,2025-10-09,09:51:25
2025-10-09,09:36:20,GLTO,"""Galecto, Inc. Common Stock""",Nasdaq,LULD pause,2025-10-09,09:41:20
2025-10-09,09:33:50,GLIX,Lazard Listed Infrastructure ETF,NYSE Arca,LULD pause,2025-10-09,09:38:50
2025-10-09,09:33:34,VNTG,Vantage Corp,NYSE American,LULD pause,2025-10-09,09:43:34
2025-10-09,08:15:00,HCTI,"""Healthcare Triangle, Inc. Common Stock""",Nasdaq,News pending,2025-10-09,09:00:00
2025-10-08,19:50:00,NUTR,Nusatrip Incorporated Common Stock,Nasdaq,News Pending,,
2025-10-08,19:50:00,NUTR,Nusatrip Incorporated Common Stock,Nasdaq,News pending,,
2025-10-08,19:50:00,EPIX,ESSA Pharma Inc. Common Stock,Nasdaq,News pending,,
2025-10-08,19:50:00,EMPG,Empro Group Inc. Ordinary shares,Nasdaq,News pending,,
2025-10-08,19:50:00,EMPG,Empro Group Inc. Ordinary shares,Nasdaq,News Pending,,
2025-10-08,15:59:47,YDKG,Yueda Digital Holding Class A Ordinary Share,Nasdaq,LULD pause,2025-10-08,16:00:00
2025-10-08,15:59:43,VNTG,Vantage Corp,NYSE American,LULD pause,2025-10-08,16:00:00
2025-10-08,15:55:39,PHOE,Phoenix Asia Holdings Limited Ordinary Shares,Nasdaq,LULD pause,2025-10-08,16:00:00
2025-10-08,14:44:39,PHOE,Phoenix Asia Holdings Limited Ordinary Shares,Nasdaq,LULD pause,2025-10-08,14:49:39
2025-10-08,14:33:17,PHOE,Phoenix Asia Holdings Limited Ordinary Shares,Nasdaq,LULD pause,2025-10-08,14:38:17
2025-10-08,14:14:32,RKDA,"""Arcadia Biosciences, Inc.""",Nasdaq,LULD pause,2025-10-08,14:24:33
2025-10-08,14:09:06,RKDA,"""Arcadia Biosciences, Inc.""",Nasdaq,LULD pause,2025-10-08,14:14:06
2025-10-08,12:47:35,GIGGU,GigCapital7 Corp. Unit,Nasdaq,LULD pause,2025-10-08,12:52:35
2025-10-08,12:44:21,BRLS,Borealis Foods Inc. Class A Common Shares,Nasdaq,LULD pause,2025-10-08,12:49:21
2025-10-08,11:53:48,TTRX,Turn Therapeutics Inc. Common Stock,Nasdaq,LULD pause,2025-10-08,11:58:48
2025-10-08,11:42:02,POM,POMDOCTOR LIMITED American Depositary Shares,Nasdaq,LULD pause,2025-10-08,11:52:02
2025-10-08,11:36:37,POM,POMDOCTOR LIMITED American Depositary Shares,Nasdaq,LULD pause,2025-10-08,11:41:37
2025-10-08,11:20:09,GSRTU,GSR III Acquisition Corp. Unit,Nasdaq,LULD pause,2025-10-08,11:25:09
2025-10-08,11:11:56,AREB,"""American Rebel Holdings, Inc. Common Stock""",Nasdaq,LULD pause,2025-10-08,11:21:56
2025-10-08,11:11:24,ECDA,"""ECD Automotive Design, Inc. Common Stock""",Nasdaq,LULD pause,2025-10-08,11:16:24
2025-10-08,11:01:14,AREB,"""American Rebel Holdings, Inc. Common Stock""",Nasdaq,LULD pause,2025-10-08,11:11:14
2025-10-08,10:55:20,ECDA,"""ECD Automotive Design, Inc. Common Stock""",Nasdaq,LULD pause,2025-10-08,11:00:20
2025-10-08,10:53:02,AREB,"""American Rebel Holdings, Inc. Common Stock""",Nasdaq,LULD pause,2025-10-08,10:58:02
2025-10-08,10:34:36,AREB,"""American Rebel Holdings, Inc. Common Stock""",Nasdaq,LULD pause,2025-10-08,10:44:36
2025-10-08,10:28:42,AREB,"""American Rebel Holdings, Inc. Common Stock""",Nasdaq,LULD pause,2025-10-08,10:33:42
2025-10-08,10:25:15,CENN,Cenntro Inc. Common Stock,Nasdaq,LULD pause,2025-10-08,10:30:15
2025-10-08,10:23:13,AREB,"""American Rebel Holdings, Inc. Common Stock""",Nasdaq,LULD pause,2025-10-08,10:28:13
2025-10-08,10:05:38,TDIC,Dreamland Limited Class A Ordinary Shares,Nasdaq,LULD pause,2025-10-08,10:15:38
2025-10-08,09:51:34,TDIC,Dreamland Limited Class A Ordinary Shares,Nasdaq,LULD pause,2025-10-08,09:56:34
2025-10-08,09:49:21,RNAZ,"""TransCode Therapeutics, Inc. Common Stock""",Nasdaq,LULD pause,2025-10-08,09:54:21
2025-10-08,09:46:18,TDIC,Dreamland Limited Class A Ordinary Shares,Nasdaq,LULD pause,2025-10-08,09:51:18
2025-10-08,09:43:30,BQ,Boqii Holding Limited,NYSE American,LULD pause,2025-10-08,09:48:30
2025-10-08,09:39:20,RNAZ,"""TransCode Therapeutics, Inc. Common Stock""",Nasdaq,LULD pause,2025-10-08,09:44:20
2025-10-08,09:37:09,ZNB,Zeta Network Group Class A Ordinary Shares,Nasdaq,LULD pause,2025-10-08,09:42:09
2025-10-08,09:36:49,SOPA,Society Pass Incorporated Common Stock,Nasdaq,LULD pause,2025-10-08,09:46:49
2025-10-08,09:36:01,TDIC,Dreamland Limited Class A Ordinary Shares,Nasdaq,LULD pause,2025-10-08,09:46:01
2025-10-08,09:34:54,XBIO,"""Xenetic Biosciences, Inc.""",Nasdaq,LULD pause,2025-10-08,09:39:54
2025-10-08,09:34:07,UPC,Universe Pharmaceuticals Inc. Ordinary Shares,Nasdaq,LULD pause,2025-10-08,09:39:07
2025-10-08,09:32:41,BQ,Boqii Holding Limited,NYSE American,LULD pause,2025-10-08,09:42:41
2025-10-08,09:30:45,TDIC,Dreamland Limited Class A Ordinary Shares,Nasdaq,LULD pause,2025-10-08,09:35:45
2025-10-07,19:50:32,NCL,Northann Corp.,NYSE American,Corporate Action,2025-10-08,09:00:00
2025-10-07,19:50:32,NCL,Northann Corp.,NYSE American,Corporate Action,,
2025-10-07,15:04:37,AGRZ,Agroz Inc. Ordinary Shares,Nasdaq,LULD pause,2025-10-07,15:14:37
2025-10-07,14:58:44,BQ,Boqii Holding Limited,NYSE American,LULD pause,2025-10-07,15:03:44
2025-10-07,14:42:25,RYDE,Ryde Group Ltd.,NYSE American,LULD pause,2025-10-07,14:47:25
2025-10-07,14:23:47,LCFY,Locafy Limited Ordinary Share,Nasdaq,LULD pause,2025-10-07,14:33:48
2025-10-07,14:17:00,NITO,"""N2OFF, Inc. Common Stock""",Nasdaq,LULD pause,2025-10-07,14:22:00
2025-10-07,14:07:10,AGRZ,Agroz Inc. Ordinary Shares,Nasdaq,LULD pause,2025-10-07,14:12:10
2025-10-07,14:06:24,NITO,"""N2OFF, Inc. Common Stock""",Nasdaq,LULD pause,2025-10-07,14:16:24
2025-10-07,13:56:49,NITO,"""N2OFF, Inc. Common Stock""",Nasdaq,LULD pause,2025-10-07,14:01:49
2025-10-07,13:50:35,LCFY,Locafy Limited Ordinary Share,Nasdaq,LULD pause,2025-10-07,13:55:35
2025-10-07,13:48:05,NITO,"""N2OFF, Inc. Common Stock""",Nasdaq,LULD pause,2025-10-07,13:53:05
2025-10-07,13:43:14,SLGL,Sol-Gel Technologies Ltd. Ordinary Shares,Nasdaq,LULD pause,2025-10-07,13:53:14
2025-10-07,13:29:01,BQ,Boqii Holding Limited,NYSE American,LULD pause,2025-10-07,13:34:01
2025-10-07,13:19:04,BQ,Boqii Holding Limited,NYSE American,LULD pause,2025-10-07,13:24:04
2025-10-07,12:37:30,COCH,"""Envoy Medical, Inc. Class A Common Stock""",Nasdaq,LULD pause,2025-10-07,12:42:30
2025-10-07,12:20:31,BQ,Boqii Holding Limited,NYSE American,LULD pause,2025-10-07,12:25:31
2025-10-07,12:03:24,GDHG,Golden Heaven Group Holdings Ltd. Class A Ordinary Shares,Nasdaq,LULD pause,2025-10-07,12:08:24
2025-10-07,11:57:08,GLTO,"""Galecto, Inc. Common Stock""",Nasdaq,LULD pause,2025-10-07,12:02:08
2025-10-07,11:56:13,BQ,Boqii Holding Limited,NYSE American,LULD pause,2025-10-07,12:01:13
2025-10-07,11:51:51,GDHG,Golden Heaven Group Holdings Ltd. Class A Ordinary Shares,Nasdaq,LULD pause,2025-10-07,12:02:59
2025-10-07,11:40:52,GLTO,"""Galecto, Inc. Common Stock""",Nasdaq,LULD pause,2025-10-07,11:45:52
2025-10-07,11:38:59,APED,STKd 100% MSTR & 100% COIN ETF,Nasdaq,LULD pause,2025-10-07,11:43:59
2025-10-07,11:35:35,CCHH,CCH Holdings Ltd Ordinary Shares,Nasdaq,LULD pause,2025-10-07,11:45:35
2025-10-07,11:32:07,INDP,"""Indaptus Therapeutics, Inc. Common Stock""",Nasdaq,LULD pause,2025-10-07,11:37:07
2025-10-07,11:29:38,CCHH,CCH Holdings Ltd Ordinary Shares,Nasdaq,LULD pause,2025-10-07,11:34:38
2025-10-07,11:27:22,BQ,Boqii Holding Limited,NYSE American,LULD pause,2025-10-07,11:37:22
2025-10-07,11:24:10,CCHH,CCH Holdings Ltd Ordinary Shares,Nasdaq,LULD pause,2025-10-07,11:29:10
2025-10-07,11:18:48,BQ,Boqii Holding Limited,NYSE American,LULD pause,2025-10-07,11:23:48
2025-10-07,11:07:35,BQ,Boqii Holding Limited,NYSE American,LULD pause,2025-10-07,11:17:35
2025-10-07,11:07:35,CRGO,Freightos Limited Ordinary shares,Nasdaq,LULD pause,2025-10-07,11:12:35
2025-10-07,11:04:27,INDP,"""Indaptus Therapeutics, Inc. Common Stock""",Nasdaq,LULD pause,2025-10-07,11:09:27
2025-10-07,11:01:24,BQ,Boqii Holding Limited,NYSE American,LULD pause,2025-10-07,11:06:24
2025-10-07,10:56:56,SPRB,"""Spruce Biosciences, Inc. Common Stock""",Nasdaq,LULD pause,2025-10-07,11:01:56
2025-10-07,10:55:33,BQ,Boqii Holding Limited,NYSE American,LULD pause,2025-10-07,11:00:33
2025-10-07,10:51:10,GLTO,"""Galecto, Inc. Common Stock""",Nasdaq,LULD pause,2025-10-07,10:56:10
2025-10-07,10:45:14,GLTO,"""Galecto, Inc. Common Stock""",Nasdaq,LULD pause,2025-10-07,10:50:14
2025-10-07,10:42:25,BQ,Boqii Holding Limited,NYSE American,LULD pause,2025-10-07,10:52:25
2025-10-07,10:36:43,BQ,Boqii Holding Limited,NYSE American,LULD pause,2025-10-07,10:41:43
2025-10-07,10:28:49,BQ,Boqii Holding Limited,NYSE American,LULD pause,2025-10-07,10:33:50
2025-10-07,10:24:32,LIMI,Themes Lithium & Battery Metal Miners ETF,Cboe BZX,LULD pause,2025-10-07,10:29:32
2025-10-07,10:17:06,BQ,Boqii Holding Limited,NYSE American,LULD pause,2025-10-07,10:22:06
2025-10-07,10:14:06,ULY,Urgent.ly Inc. Common Stock,Nasdaq,LULD pause,2025-10-07,10:19:06
2025-10-07,10:11:37,INDP,"""Indaptus Therapeutics, Inc. Common Stock""",Nasdaq,LULD pause,2025-10-07,10:16:37
2025-10-07,10:09:30,BNAI,Brand Engagement Network Inc. Common Stock,Nasdaq,LULD pause,2025-10-07,10:14:30
2025-10-07,10:08:18,BQ,Boqii Holding Limited,NYSE American,LULD pause,2025-10-07,10:13:18
2025-10-07,10:07:47,CHAI,"""Core AI Holdings, Inc. Common Shares""",Nasdaq,LULD pause,2025-10-07,10:12:47
2025-10-07,10:01:35,GLTO,"""Galecto, Inc. Common Stock""",Nasdaq,LULD pause,2025-10-07,10:06:35
2025-10-07,10:01:23,CISS,C3is Inc. Common Stock,Nasdaq,LULD pause,2025-10-07,10:06:23
2025-10-07,10:01:21,XBIO,"""Xenetic Biosciences, Inc.""",Nasdaq,LULD pause,2025-10-07,10:06:21
2025-10-07,10:00:01,INDP,"""Indaptus Therapeutics, Inc. Common Stock""",Nasdaq,LULD pause,2025-10-07,10:10:01
2025-10-07,09:59:22,ULY,Urgent.ly Inc. Common Stock,Nasdaq,LULD pause,2025-10-07,10:04:22
2025-10-07,09:57:03,CHAI,"""Core AI Holdings, Inc. Common Shares""",Nasdaq,LULD pause,2025-10-07,10:07:03
2025-10-07,09:56:08,BNBX,"""Applied DNA Sciences, Inc.""",Nasdaq,LULD pause,2025-10-07,10:01:08
2025-10-07,09:53:45,ULY,Urgent.ly Inc. Common Stock,Nasdaq,LULD pause,2025-10-07,09:58:45
2025-10-07,09:48:34,SPRB,"""Spruce Biosciences, Inc. Common Stock""",Nasdaq,LULD pause,2025-10-07,09:53:34
2025-10-07,09:47:36,CISS,C3is Inc. Common Stock,Nasdaq,LULD pause,2025-10-07,09:57:36
2025-10-07,09:47:08,BNBX,"""Applied DNA Sciences, Inc.""",Nasdaq,LULD pause,2025-10-07,09:52:08
2025-10-07,09:46:52,GLTO,"""Galecto, Inc. Common Stock""",Nasdaq,LULD pause,2025-10-07,09:51:52
2025-10-07,09:43:19,ULY,Urgent.ly Inc. Common Stock,Nasdaq,LULD pause,2025-10-07,09:53:20
2025-10-07,09:40:46,GLTO,"""Galecto, Inc. Common Stock""",Nasdaq,LULD pause,2025-10-07,09:45:46
2025-10-07,09:37:52,CHAI,"""Core AI Holdings, Inc. Common Shares""",Nasdaq,LULD pause,2025-10-07,09:56:38
2025-10-07,09:37:16,BNBX,"""Applied DNA Sciences, Inc.""",Nasdaq,LULD pause,2025-10-07,09:42:16
2025-10-07,09:36:16,NBIL,GraniteShares 2x Long NBIS Daily ETF,Nasdaq,LULD pause,2025-10-07,09:41:16
2025-10-07,09:34:04,GLTO,"""Galecto, Inc. Common Stock""",Nasdaq,LULD pause,2025-10-07,09:39:04
2025-10-07,09:32:19,SPRB,"""Spruce Biosciences, Inc. Common Stock""",Nasdaq,LULD pause,2025-10-07,09:37:19
2025-10-07,09:31:14,ULY,Urgent.ly Inc. Common Stock,Nasdaq,LULD pause,2025-10-07,09:41:14
2025-10-07,08:55:00,SMTK,"""SmartKem, Inc. Common Stock""",Nasdaq,News pending,2025-10-07,09:50:00
2025-10-07,00:21:57,CHAI,"""Core AI Holdings, Inc. Common Shares""",Nasdaq,News pending,2025-10-07,09:05:01
2025-10-06,19:50:00,SYTA,"""Siyata Mobile, Inc.""",Nasdaq,News pending,,
2025-10-06,19:50:00,SCPH,scPharmaceuticals Inc. Common Stock,Nasdaq,News pending,,
2025-10-06,19:50:00,MGRM,Monogram Technologies Inc. Common Stock,Nasdaq,News pending,,
2025-10-06,19:50:00,VRNA,Verona Pharma plc,Nasdaq,News pending,,
2025-10-06,15:48:08,SPRB,"""Spruce Biosciences, Inc. Common Stock""",Nasdaq,LULD pause,2025-10-06,16:00:00
2025-10-06,15:27:44,SPRB,"""Spruce Biosciences, Inc. Common Stock""",Nasdaq,LULD pause,2025-10-06,15:47:45
2025-10-06,15:09:18,SPRB,"""Spruce Biosciences, Inc. Common Stock""",Nasdaq,LULD pause,2025-10-06,15:19:19
2025-10-06,14:57:55,SPRB,"""Spruce Biosciences, Inc. Common Stock""",Nasdaq,LULD pause,2025-10-06,15:07:55
2025-10-06,14:47:21,SPRB,"""Spruce Biosciences, Inc. Common Stock""",Nasdaq,LULD pause,2025-10-06,14:57:21
2025-10-06,14:36:57,SPRB,"""Spruce Biosciences, Inc. Common Stock""",Nasdaq,LULD pause,2025-10-06,14:46:57
2025-10-06,14:31:41,SPRB,"""Spruce Biosciences, Inc. Common Stock""",Nasdaq,LULD pause,2025-10-06,14:36:41
2025-10-06,14:25:29,SPRB,"""Spruce Biosciences, Inc. Common Stock""",Nasdaq,LULD pause,2025-10-06,14:30:29
2025-10-06,14:19:45,SPRB,"""Spruce Biosciences, Inc. Common Stock""",Nasdaq,LULD pause,2025-10-06,14:24:45
2025-10-06,13:24:21,SPRB,"""Spruce Biosciences, Inc. Common Stock""",Nasdaq,LULD pause,2025-10-06,14:19:24
2025-10-06,12:49:05,SPRB,"""Spruce Biosciences, Inc. Common Stock""",Nasdaq,LULD pause,2025-10-06,13:24:06
2025-10-06,12:41:38,SPRB,"""Spruce Biosciences, Inc. Common Stock""",Nasdaq,LULD pause,2025-10-06,12:46:38
2025-10-06,12:36:38,GTN A,"""Gray Media, Inc. Class A""",NYSE,LULD pause,2025-10-06,12:41:38
2025-10-06,12:23:46,GSRTU,GSR III Acquisition Corp. Unit,Nasdaq,LULD pause,2025-10-06,12:28:46
2025-10-06,12:17:49,GSRTU,GSR III Acquisition Corp. Unit,Nasdaq,LULD pause,2025-10-06,12:22:49
2025-10-06,12:13:24,CRML,Critical Metals Corp. Ordinary Shares,Nasdaq,LULD pause,2025-10-06,12:18:24
2025-10-06,12:10:16,SPRC,SciSparc Ltd. Ordinary Shares,Nasdaq,LULD pause,2025-10-06,12:15:16
2025-10-06,12:08:59,RCTR,First Trust Bloomberg Nuclear Power ETF,NYSE Arca,LULD pause,2025-10-06,12:13:59
2025-10-06,12:03:42,RCTR,First Trust Bloomberg Nuclear Power ETF,NYSE Arca,LULD pause,2025-10-06,12:08:42
2025-10-06,11:53:22,IONR,ioneer Ltd American Depositary Shares,Nasdaq,LULD pause,2025-10-06,11:58:22
2025-10-06,11:52:50,CRML,Critical Metals Corp. Ordinary Shares,Nasdaq,LULD pause,2025-10-06,12:12:52
2025-10-06,11:32:25,GSRTU,GSR III Acquisition Corp. Unit,Nasdaq,LULD pause,2025-10-06,11:37:25
2025-10-06,11:26:04,GSRTU,GSR III Acquisition Corp. Unit,Nasdaq,LULD pause,2025-10-06,11:31:04
2025-10-06,11:20:49,GSRTU,GSR III Acquisition Corp. Unit,Nasdaq,LULD pause,2025-10-06,11:25:49
2025-10-06,11:00:08,PW PRA,"""Power REIT  7.75% Series A Cumulative Redeemable Perpetual Preferred Stock, Liquidation Preference $25.00 per Share""",NYSE American,LULD pause,2025-10-06,11:05:08
2025-10-06,10:59:43,LXEH,"""Lixiang Education Holding Co., Ltd. American Depositary Shares""",Nasdaq,LULD pause,2025-10-06,11:04:43
2025-10-06,10:48:33,LXEH,"""Lixiang Education Holding Co., Ltd. American Depositary Shares""",Nasdaq,LULD pause,2025-10-06,10:58:33
2025-10-06,10:38:33,SPRB,"""Spruce Biosciences, Inc. Common Stock""",Nasdaq,LULD pause,2025-10-06,10:43:33
2025-10-06,10:33:21,PC,Premium Catering (Holdings) Limited Ordinary Shares,Nasdaq,LULD pause,2025-10-06,10:43:21
2025-10-06,10:26:44,SPRB,"""Spruce Biosciences, Inc. Common Stock""",Nasdaq,LULD pause,2025-10-06,10:36:44
2025-10-06,10:22:52,PC,Premium Catering (Holdings) Limited Ordinary Shares,Nasdaq,LULD pause,2025-10-06,10:32:52
2025-10-06,10:11:21,IONR,ioneer Ltd American Depositary Shares,Nasdaq,LULD pause,2025-10-06,10:16:21
2025-10-06,10:01:09,LXEH,"""Lixiang Education Holding Co., Ltd. American Depositary Shares""",Nasdaq,LULD pause,2025-10-06,10:45:52
2025-10-06,09:59:23,SPRB,"""Spruce Biosciences, Inc. Common Stock""",Nasdaq,LULD pause,2025-10-06,10:04:23
2025-10-06,09:48:56,SPRB,"""Spruce Biosciences, Inc. Common Stock""",Nasdaq,LULD pause,2025-10-06,09:58:56
2025-10-06,09:37:00,SPRB,"""Spruce Biosciences, Inc. Common Stock""",Nasdaq,LULD pause,2025-10-06,09:47:00
2025-10-06,09:35:30,AMDY,YieldMax AMD Option Income Strategy ETF,NYSE Arca,LULD pause,2025-10-06,09:40:30
2025-10-06,09:31:11,SPRB,"""Spruce Biosciences, Inc. Common Stock""",Nasdaq,LULD pause,2025-10-06,09:36:11
2025-10-06,09:30:23,XFLX,FundX Flexible ETF,NYSE Arca,LULD pause,2025-10-06,09:35:23
2025-10-06,09:30:15,AMDY,YieldMax AMD Option Income Strategy ETF,NYSE Arca,LULD pause,2025-10-06,09:35:15
2025-10-06,08:25:00,HSII,Heidrick & Struggles Inc,Nasdaq,News pending,2025-10-06,08:55:00
2025-10-03,19:50:00,PMAX,Powell Max Limited Class A Ordinary Shares,Nasdaq,News pending,2025-10-06,09:00:00
2025-10-03,19:50:00,PMAX,Powell Max Limited Class A Ordinary Shares,Nasdaq,News pending,,
2025-10-03,19:50:00,PLTS,Platinum Analytics Cayman Limited Class A Ordinary Shares,Nasdaq,News pending,,
2025-10-03,19:50:00,PLTS,Platinum Analytics Cayman Limited Class A Ordinary Shares,Nasdaq,News Pending,,
2025-10-03,19:50:00,PTNM,Pitanium Limited Class A Ordinary shares,Nasdaq,News Pending,,
2025-10-03,19:50:00,PTNM,Pitanium Limited Class A Ordinary shares,Nasdaq,News pending,,
2025-10-03,19:50:00,NVNIW,Nvni Group Limited Warrants,Nasdaq,News pending,,
2025-10-03,19:50:00,NVNIW,Nvni Group Limited Warrants,Nasdaq,News pending,2025-10-06,09:05:00
2025-10-03,19:50:00,GGROW,Gogoro Inc. Warrant,Nasdaq,News pending,,
2025-10-03,19:50:00,GGROW,Gogoro Inc. Warrant,Nasdaq,News pending,2025-10-06,09:05:00
2025-10-03,19:50:00,EFTY,"""Etoiles Capital Group Co., Ltd. Class A Ordinary Shares""",Nasdaq,News Pending,,
2025-10-03,19:50:00,EFTY,"""Etoiles Capital Group Co., Ltd. Class A Ordinary Shares""",Nasdaq,News pending,,
2025-10-03,19:50:00,GGR,Gogoro Inc. Ordinary Shares,Nasdaq,News pending,2025-10-06,09:00:00
2025-10-03,19:50:00,GGR,Gogoro Inc. Ordinary Shares,Nasdaq,News pending,,
2025-10-03,19:50:00,NVNI,Nvni Group Limited Ordinary Shares,Nasdaq,News pending,,
2025-10-03,19:50:00,NVNI,Nvni Group Limited Ordinary Shares,Nasdaq,News pending,2025-10-06,09:00:00
2025-10-03,19:50:00,CETY,"""Clean Energy Technologies, Inc. Common Stock""",Nasdaq,News pending,2025-10-06,09:00:00
2025-10-03,19:50:00,CETY,"""Clean Energy Technologies, Inc. Common Stock""",Nasdaq,News pending,,
2025-10-03,15:58:45,HONDU,HCM II Acquisition Corp. Unit,Nasdaq,LULD pause,2025-10-03,16:00:00
2025-10-03,14:36:08,TSE,Trinseo PLC,NYSE,News pending,2025-10-03,16:07:47
2025-10-03,14:16:00,CCHH,CCH Holdings Ltd Ordinary Shares,Nasdaq,LULD pause,2025-10-03,14:21:00
2025-10-03,12:36:23,CCHH,CCH Holdings Ltd Ordinary Shares,Nasdaq,LULD pause,2025-10-03,12:51:23
2025-10-03,12:26:06,CCHH,CCH Holdings Ltd Ordinary Shares,Nasdaq,LULD pause,2025-10-03,12:36:06
2025-10-03,12:19:38,JL,J-Long Group Limited Class A Ordinary Shares,Nasdaq,LULD pause,2025-10-03,12:24:38
2025-10-03,12:16:26,HTLM,HomesToLife Ltd Ordinary Shares,Nasdaq,LULD pause,2025-10-03,12:21:26
2025-10-03,12:15:31,PC,Premium Catering (Holdings) Limited Ordinary Shares,Nasdaq,LULD pause,2025-10-03,12:25:31
2025-10-03,12:09:33,PC,Premium Catering (Holdings) Limited Ordinary Shares,Nasdaq,LULD pause,2025-10-03,12:14:33
2025-10-03,12:04:22,JL,J-Long Group Limited Class A Ordinary Shares,Nasdaq,LULD pause,2025-10-03,12:14:22
2025-10-03,12:00:50,CCHH,CCH Holdings Ltd Ordinary Shares,Nasdaq,LULD pause,2025-10-03,12:25:51
2025-10-03,11:59:05,PC,Premium Catering (Holdings) Limited Ordinary Shares,Nasdaq,LULD pause,2025-10-03,12:09:06
2025-10-03,11:11:53,PC,Premium Catering (Holdings) Limited Ordinary Shares,Nasdaq,LULD pause,2025-10-03,11:58:33
2025-10-03,10:51:26,EPSM,Epsium Enterprise Limited Class A Ordinary Shares,Nasdaq,LULD pause,2025-10-03,10:56:26
2025-10-03,10:37:24,EPSM,Epsium Enterprise Limited Class A Ordinary Shares,Nasdaq,LULD pause,2025-10-03,10:42:24
2025-10-03,10:23:36,EPSM,Epsium Enterprise Limited Class A Ordinary Shares,Nasdaq,LULD pause,2025-10-03,10:33:36
2025-10-03,10:23:00,NNNN,Anbio Biotechnology Class A Ordinary Shares,Nasdaq,LULD pause,2025-10-03,10:28:00
2025-10-03,10:15:07,NNNN,Anbio Biotechnology Class A Ordinary Shares,Nasdaq,LULD pause,2025-10-03,10:20:07
2025-10-03,10:09:14,NNNN,Anbio Biotechnology Class A Ordinary Shares,Nasdaq,LULD pause,2025-10-03,10:14:14
2025-10-03,09:58:53,NNNN,Anbio Biotechnology Class A Ordinary Shares,Nasdaq,LULD pause,2025-10-03,10:08:54
2025-10-03,09:56:42,EPSM,Epsium Enterprise Limited Class A Ordinary Shares,Nasdaq,LULD pause,2025-10-03,10:01:42
2025-10-03,09:52:47,ICCM,IceCure Medical Ltd. Ordinary Shares,Nasdaq,News pending,2025-10-03,12:50:00
2025-10-03,09:49:22,VCICU,Vine Hill Capital Investment Corp. Unit,Nasdaq,LULD pause,2025-10-03,09:59:22
2025-10-03,09:44:48,BTTC,Black Titan Corporation Ordinary Shares,Nasdaq,LULD pause,2025-10-03,09:49:48
2025-10-03,09:39:03,BTTC,Black Titan Corporation Ordinary Shares,Nasdaq,LULD pause,2025-10-03,09:44:03
2025-10-03,09:33:43,BTTC,Black Titan Corporation Ordinary Shares,Nasdaq,LULD pause,2025-10-03,09:38:43
2025-10-03,09:30:24,GSRTU,GSR III Acquisition Corp. Unit,Nasdaq,LULD pause,2025-10-03,09:40:24
2025-10-02,19:50:00,AREBW,"""American Rebel Holdings, Inc. Warrants""",Nasdaq,News pending,2025-10-03,09:05:00
2025-10-02,19:50:00,AREBW,"""American Rebel Holdings, Inc. Warrants""",Nasdaq,News pending,,
2025-10-02,19:50:00,AREB,"""American Rebel Holdings, Inc. Common Stock""",Nasdaq,News pending,2025-10-03,09:05:00
2025-10-02,19:50:00,AREB,"""American Rebel Holdings, Inc. Common Stock""",Nasdaq,News pending,,
2025-10-02,15:48:48,KFFB,Kentucky First Federal Bancorp,Nasdaq,LULD pause,2025-10-02,16:00:00
2025-10-02,15:22:11,BTTC,Black Titan Corporation Ordinary Shares,Nasdaq,LULD pause,2025-10-02,15:27:11
2025-10-02,15:13:33,BTTC,Black Titan Corporation Ordinary Shares,Nasdaq,LULD pause,2025-10-02,15:18:33
2025-10-02,15:04:58,BTTC,Black Titan Corporation Ordinary Shares,Nasdaq,LULD pause,2025-10-02,15:09:58
2025-10-02,14:44:00,BTTC,Black Titan Corporation Ordinary Shares,Nasdaq,LULD pause,2025-10-02,14:49:00
2025-10-02,14:27:17,BTTC,Black Titan Corporation Ordinary Shares,Nasdaq,LULD pause,2025-10-02,14:32:17
2025-10-02,14:12:32,BTTC,Black Titan Corporation Ordinary Shares,Nasdaq,LULD pause,2025-10-02,14:22:33
2025-10-02,14:02:13,BTTC,Black Titan Corporation Ordinary Shares,Nasdaq,LULD pause,2025-10-02,14:12:13
2025-10-02,13:49:13,BTTC,Black Titan Corporation Ordinary Shares,Nasdaq,LULD pause,2025-10-02,14:01:08
2025-10-02,13:38:28,BTTC,Black Titan Corporation Ordinary Shares,Nasdaq,LULD pause,2025-10-02,13:48:28
2025-10-02,13:28:05,BTTC,Black Titan Corporation Ordinary Shares,Nasdaq,LULD pause,2025-10-02,13:38:06
2025-10-02,13:10:39,BQ,Boqii Holding Limited,NYSE American,LULD pause,2025-10-02,13:30:39
2025-10-02,13:07:47,BTTC,Black Titan Corporation Ordinary Shares,Nasdaq,LULD pause,2025-10-02,13:27:48
2025-10-02,12:57:28,BTTC,Black Titan Corporation Ordinary Shares,Nasdaq,LULD pause,2025-10-02,13:07:28
2025-10-02,12:45:04,BTTC,Black Titan Corporation Ordinary Shares,Nasdaq,LULD pause,2025-10-02,12:50:04
2025-10-02,12:38:34,FOFO,"""Hang Feng Technology Innovation Co., Ltd. Ordinary Shares""",Nasdaq,LULD pause,2025-10-02,12:43:34
2025-10-02,12:34:42,BTTC,Black Titan Corporation Ordinary Shares,Nasdaq,LULD pause,2025-10-02,12:44:42
2025-10-02,12:21:35,BQ,Boqii Holding Limited,NYSE American,LULD pause,2025-10-02,12:36:35
2025-10-02,12:18:41,BTTC,Black Titan Corporation Ordinary Shares,Nasdaq,LULD pause,2025-10-02,12:28:41
2025-10-02,12:16:06,BQ,Boqii Holding Limited,NYSE American,LULD pause,2025-10-02,12:21:06
2025-10-02,12:15:23,DTCK,Davis Commodities Limited Class A Ordinary Shares,Nasdaq,LULD pause,2025-10-02,12:20:23
2025-10-02,12:07:35,BTTC,Black Titan Corporation Ordinary Shares,Nasdaq,LULD pause,2025-10-02,12:12:35
2025-10-02,11:59:29,BTTC,Black Titan Corporation Ordinary Shares,Nasdaq,LULD pause,2025-10-02,12:04:29
2025-10-02,11:53:19,BTTC,Black Titan Corporation Ordinary Shares,Nasdaq,LULD pause,2025-10-02,11:58:19
2025-10-02,11:33:43,MSGY,Masonglory Limited Ordinary Shares,Nasdaq,LULD pause,2025-10-02,11:43:43
2025-10-02,11:32:28,BTTC,Black Titan Corporation Ordinary Shares,Nasdaq,LULD pause,2025-10-02,11:52:29
2025-10-02,11:27:34,MSGY,Masonglory Limited Ordinary Shares,Nasdaq,LULD pause,2025-10-02,11:32:34
2025-10-02,11:22:08,BTTC,Black Titan Corporation Ordinary Shares,Nasdaq,LULD pause,2025-10-02,11:32:08
2025-10-02,11:11:50,BTTC,Black Titan Corporation Ordinary Shares,Nasdaq,LULD pause,2025-10-02,11:21:50
2025-10-02,11:01:29,BTTC,Black Titan Corporation Ordinary Shares,Nasdaq,LULD pause,2025-10-02,11:11:30
2025-10-02,10:46:09,BTTC,Black Titan Corporation Ordinary Shares,Nasdaq,LULD pause,2025-10-02,11:01:10
2025-10-02,10:35:52,BTTC,Black Titan Corporation Ordinary Shares,Nasdaq,LULD pause,2025-10-02,10:45:52
2025-10-02,10:21:57,BTTC,Black Titan Corporation Ordinary Shares,Nasdaq,LULD pause,2025-10-02,10:35:29
2025-10-02,10:19:38,FOFO,"""Hang Feng Technology Innovation Co., Ltd. Ordinary Shares""",Nasdaq,LULD pause,2025-10-02,10:29:38
2025-10-02,10:16:12,MSGY,Masonglory Limited Ordinary Shares,Nasdaq,LULD pause,2025-10-02,11:26:13
2025-10-02,10:11:41,BTTC,Black Titan Corporation Ordinary Shares,Nasdaq,LULD pause,2025-10-02,10:21:41
2025-10-02,10:10:27,FOFO,"""Hang Feng Technology Innovation Co., Ltd. Ordinary Shares""",Nasdaq,LULD pause,2025-10-02,10:15:27
2025-10-02,10:08:09,BQ,Boqii Holding Limited,NYSE American,LULD pause,2025-10-02,10:18:09
2025-10-02,10:06:48,UFG,Uni-Fuels Holdings Limited Class A Ordinary Shares,Nasdaq,LULD pause,2025-10-02,10:11:48
2025-10-02,10:03:57,STEN,iShares Large Cap 10% Target Buffer Sep ETF,Cboe BZX,LULD pause,2025-10-02,10:08:57
2025-10-02,09:58:17,STEN,iShares Large Cap 10% Target Buffer Sep ETF,Cboe BZX,LULD pause,2025-10-02,10:03:17
2025-10-02,09:57:01,UFG,Uni-Fuels Holdings Limited Class A Ordinary Shares,Nasdaq,LULD pause,2025-10-02,10:02:01
2025-10-02,09:51:04,BTTC,Black Titan Corporation Ordinary Shares,Nasdaq,LULD pause,2025-10-02,10:11:23
2025-10-02,09:50:35,UFG,Uni-Fuels Holdings Limited Class A Ordinary Shares,Nasdaq,LULD pause,2025-10-02,09:55:35
2025-10-02,09:47:12,NNNN,Anbio Biotechnology Class A Ordinary Shares,Nasdaq,LULD pause,2025-10-02,09:52:12
2025-10-02,09:45:22,MSGY,Masonglory Limited Ordinary Shares,Nasdaq,LULD pause,2025-10-02,10:15:57
2025-10-02,09:43:39,ABFL,Abacus FCF Leaders ETF,Cboe BZX,LULD pause,2025-10-02,09:48:39
2025-10-02,09:40:36,UFG,Uni-Fuels Holdings Limited Class A Ordinary Shares,Nasdaq,LULD pause,2025-10-02,09:45:36
2025-10-02,09:37:56,STEN,iShares Large Cap 10% Target Buffer Sep ETF,Cboe BZX,LULD pause,2025-10-02,09:58:01
2025-10-02,09:37:07,FICO,Fair Isaac Corporation,NYSE,LULD pause,2025-10-02,09:42:59
2025-10-02,09:30:21,UFG,Uni-Fuels Holdings Limited Class A Ordinary Shares,Nasdaq,LULD pause,2025-10-02,09:40:21
2025-10-02,08:42:13,NEUE,"""NeueHealth, Inc.""",NYSE,Merger Effective,,
2025-10-02,06:57:14,NCTY,The9 Limited American Depository Shares representing three class A ordinary shares,Nasdaq,News pending,2025-10-02,07:30:00
2025-10-02,06:55:24,RFAIU,RF Acquisition Corp II Unit,Nasdaq,News pending,2025-10-02,07:35:00
2025-10-02,06:55:24,RFAIR,RF Acquisition Corp II Right,Nasdaq,News pending,2025-10-02,07:35:00
2025-10-02,06:55:24,RFAI,RF Acquisition Corp II Ordinary Shares,Nasdaq,News pending,2025-10-02,07:30:00
2025-10-02,04:00:00,BTTC,Black Titan Corporation Ordinary Shares,Nasdaq,News pending,2025-10-02,09:50:00
2025-10-01,19:50:00,BGFV,Big 5 Sporting Goods Corp,Nasdaq,News pending,,
2025-10-01,18:56:38,MLACU,Mountain Lake Acquisition Corp. Units,Nasdaq,News pending,,
2025-10-01,18:56:38,MLACU,Mountain Lake Acquisition Corp. Units,Nasdaq,News pending,2025-10-02,07:10:00
2025-10-01,18:56:38,MLACR,Mountain Lake Acquisition Corp. Right,Nasdaq,News pending,2025-10-02,07:10:00
2025-10-01,18:56:38,MLACR,Mountain Lake Acquisition Corp. Right,Nasdaq,News pending,,
2025-10-01,18:56:38,MLAC,Mountain Lake Acquisition Corp. Class A Ordinary Shares,Nasdaq,News pending,,
2025-10-01,18:56:38,MLAC,Mountain Lake Acquisition Corp. Class A Ordinary Shares,Nasdaq,News pending,2025-10-02,07:05:00
2025-10-01,16:55:00,FPAY,"""FlexShopper, Inc. Common Stock""",Nasdaq,News pending,2025-10-01,17:30:00
2025-10-01,15:46:37,MIMI,Mint Incorporation Limited Class A Ordinary Shares,Nasdaq,LULD pause,2025-10-01,16:00:00
2025-10-01,15:38:24,UFG,Uni-Fuels Holdings Limited Class A Ordinary Shares,Nasdaq,LULD pause,2025-10-01,16:00:00
2025-10-01,12:57:13,HONDU,HCM II Acquisition Corp. Unit,Nasdaq,LULD pause,2025-10-01,13:02:13
2025-10-01,11:56:07,FOFO,"""Hang Feng Technology Innovation Co., Ltd. Ordinary Shares""",Nasdaq,LULD pause,2025-10-01,12:01:07
2025-10-01,11:51:17,AKAN,Akanda Corp. Common Shares,Nasdaq,LULD pause,2025-10-01,11:56:17
2025-10-01,11:43:23,VSA,VisionSys AI Inc American Depositary Shares,Nasdaq,LULD pause,2025-10-01,11:53:23
2025-10-01,11:42:20,SGBX,Safe & Green Holdings Corp. Common Stock,Nasdaq,LULD pause,2025-10-01,11:47:20
2025-10-01,11:36:19,SGBX,Safe & Green Holdings Corp. Common Stock,Nasdaq,LULD pause,2025-10-01,11:41:19
2025-10-01,11:32:05,FOFO,"""Hang Feng Technology Innovation Co., Ltd. Ordinary Shares""",Nasdaq,LULD pause,2025-10-01,11:42:05
2025-10-01,11:30:54,VSA,VisionSys AI Inc American Depositary Shares,Nasdaq,LULD pause,2025-10-01,11:40:54
2025-10-01,11:28:10,UCFIW,CN Healthy Food Tech Group Corp. Warrant,Nasdaq,News pending,,
2025-10-01,11:28:10,UCFIW,CN Healthy Food Tech Group Corp. Warrant,Nasdaq,News Pending,,
2025-10-01,11:28:10,UCFI,CN Healthy Food Tech Group Corp. Common Stock,Nasdaq,News Pending,,
2025-10-01,11:28:10,UCFI,CN Healthy Food Tech Group Corp. Common Stock,Nasdaq,News pending,,
2025-10-01,11:22:17,VSA,VisionSys AI Inc American Depositary Shares,Nasdaq,LULD pause,2025-10-01,11:27:17
2025-10-01,11:16:57,VSA,VisionSys AI Inc American Depositary Shares,Nasdaq,LULD pause,2025-10-01,11:21:57
2025-10-01,11:06:15,RITR,Reitar Logtech Holdings Limited Ordinary shares,Nasdaq,LULD pause,2025-10-01,11:11:15
2025-10-01,11:00:08,RITR,Reitar Logtech Holdings Limited Ordinary shares,Nasdaq,LULD pause,2025-10-01,11:05:08
2025-10-01,10:51:21,AGRZ,Agroz Inc. Ordinary Shares,Nasdaq,LULD pause,2025-10-01,11:01:21
2025-10-01,10:45:55,MIMI,Mint Incorporation Limited Class A Ordinary Shares,Nasdaq,LULD pause,2025-10-01,10:55:55
2025-10-01,10:32:19,MIMI,Mint Incorporation Limited Class A Ordinary Shares,Nasdaq,LULD pause,2025-10-01,10:42:20
2025-10-01,10:27:34,AKAN,Akanda Corp. Common Shares,Nasdaq,LULD pause,2025-10-01,10:32:34
2025-10-01,10:22:23,VSA,VisionSys AI Inc American Depositary Shares,Nasdaq,LULD pause,2025-10-01,10:27:23
2025-10-01,10:21:45,MIMI,Mint Incorporation Limited Class A Ordinary Shares,Nasdaq,LULD pause,2025-10-01,10:31:45
2025-10-01,10:19:24,AKAN,Akanda Corp. Common Shares,Nasdaq,LULD pause,2025-10-01,10:24:24
2025-10-01,10:08:18,AKAN,Akanda Corp. Common Shares,Nasdaq,LULD pause,2025-10-01,10:13:18
2025-10-01,10:05:05,VSA,VisionSys AI Inc American Depositary Shares,Nasdaq,LULD pause,2025-10-01,10:10:05
2025-10-01,10:03:37,RITR,Reitar Logtech Holdings Limited Ordinary shares,Nasdaq,LULD pause,2025-10-01,10:13:38
2025-10-01,10:02:47,MIMI,Mint Incorporation Limited Class A Ordinary Shares,Nasdaq,LULD pause,2025-10-01,10:21:28
2025-10-01,10:02:31,AKAN,Akanda Corp. Common Shares,Nasdaq,LULD pause,2025-10-01,10:07:31
2025-10-01,09:58:15,RITR,Reitar Logtech Holdings Limited Ordinary shares,Nasdaq,LULD pause,2025-10-01,10:03:15
2025-10-01,09:57:32,MIMI,Mint Incorporation Limited Class A Ordinary Shares,Nasdaq,LULD pause,2025-10-01,10:02:32
2025-10-01,09:54:50,VSA,VisionSys AI Inc American Depositary Shares,Nasdaq,LULD pause,2025-10-01,10:04:50
2025-10-01,09:52:25,RITR,Reitar Logtech Holdings Limited Ordinary shares,Nasdaq,LULD pause,2025-10-01,09:57:25
2025-10-01,09:52:15,MIMI,Mint Incorporation Limited Class A Ordinary Shares,Nasdaq,LULD pause,2025-10-01,09:57:15
2025-10-01,09:50:29,AKAN,Akanda Corp. Common Shares,Nasdaq,LULD pause,2025-10-01,10:00:29
2025-10-01,09:49:10,VSA,VisionSys AI Inc American Depositary Shares,Nasdaq,LULD pause,2025-10-01,09:54:10
2025-10-01,09:46:55,UCFI,CN Healthy Food Tech Group Corp. Common Stock,Nasdaq,LULD pause,2025-10-01,09:51:55
2025-10-01,09:45:46,TOCT,Innovator Equity Defined Protection ETF - 2 Yr to October 2027,Cboe BZX,LULD pause,2025-10-01,09:50:46
2025-10-01,09:45:12,RAYA,Erayak Power Solution Group Inc. Class A Ordinary Shares,Nasdaq,LULD pause,2025-10-01,09:50:12
2025-10-01,09:44:53,AKAN,Akanda Corp. Common Shares,Nasdaq,LULD pause,2025-10-01,09:49:53
2025-10-01,09:43:27,VSA,VisionSys AI Inc American Depositary Shares,Nasdaq,LULD pause,2025-10-01,09:48:27
2025-10-01,09:40:42,RITR,Reitar Logtech Holdings Limited Ordinary shares,Nasdaq,LULD pause,2025-10-01,09:50:42
2025-10-01,09:36:48,MTEN,Mingteng International Corporation Inc. Class A Ordinary Shares,Nasdaq,LULD pause,2025-10-01,09:41:48
2025-10-01,09:34:15,RAYA,Erayak Power Solution Group Inc. Class A Ordinary Shares,Nasdaq,LULD pause,2025-10-01,09:39:15
2025-10-01,09:33:04,UCFI,CN Healthy Food Tech Group Corp. Common Stock,Nasdaq,LULD pause,2025-10-01,09:43:05
2025-10-01,09:32:22,BKKT,"""Bakkt Holdings, Inc.""",NYSE,News pending,2025-10-01,10:08:58
2025-10-01,09:32:22,BKKT WS,"""Bakkt Holdings, Inc Warrants to purchase Class A Common Stock Each Warrant entitles to purchase 1/25th of a share of Class A common stock at an exerci""",NYSE,News pending,2025-10-01,10:09:08
2025-10-01,09:30:26,RITR,Reitar Logtech Holdings Limited Ordinary shares,Nasdaq,LULD pause,2025-10-01,09:40:26
2025-10-01,06:55:00,VECO,Veeco Instruments Inc,Nasdaq,News pending,2025-10-01,07:20:00
