Halt Date,Halt Time,Symbol,Name,Exchange,Reason,Resume Date,NYSE Resume Time
2025-07-31,19:50:00,DRMAW,"""Dermata Therapeutics, Inc. Warrant""",Nasdaq,News pending,2025-08-01,09:05:00
2025-07-31,19:50:00,DRMAW,"""Dermata Therapeutics, Inc. Warrant""",Nasdaq,News pending,,
2025-07-31,19:50:00,DRMA,"""Dermata Therapeutics, Inc. Common Stock""",Nasdaq,News pending,,
2025-07-31,19:50:00,DRMA,"""Dermata Therapeutics, Inc. Common Stock""",Nasdaq,News pending,2025-08-01,09:00:00
2025-07-31,19:50:00,HCTI,"""Healthcare Triangle, Inc. Common Stock""",Nasdaq,News pending,2025-08-01,09:00:00
2025-07-31,19:50:00,HCTI,"""Healthcare Triangle, Inc. Common Stock""",Nasdaq,News pending,,
2025-07-31,16:01:07,LENZ,"""LENZ Therapeutics, Inc. Common Stock""",Nasdaq,News pending,2025-07-31,16:30:00
2025-07-31,15:29:58,CPOP,"""Pop Culture Group Co., Ltd Class A Ordinary Shares""",Nasdaq,LULD pause,2025-07-31,15:34:58
2025-07-31,15:24:36,CPOP,"""Pop Culture Group Co., Ltd Class A Ordinary Shares""",Nasdaq,LULD pause,2025-07-31,15:29:36
2025-07-31,15:17:22,CPOP,"""Pop Culture Group Co., Ltd Class A Ordinary Shares""",Nasdaq,LULD pause,2025-07-31,15:22:22
2025-07-31,15:07:19,CPOP,"""Pop Culture Group Co., Ltd Class A Ordinary Shares""",Nasdaq,LULD pause,2025-07-31,15:12:19
2025-07-31,15:01:45,CPOP,"""Pop Culture Group Co., Ltd Class A Ordinary Shares""",Nasdaq,LULD pause,2025-07-31,15:06:45
2025-07-31,14:56:14,CPOP,"""Pop Culture Group Co., Ltd Class A Ordinary Shares""",Nasdaq,LULD pause,2025-07-31,15:01:14
2025-07-31,14:46:26,CPOP,"""Pop Culture Group Co., Ltd Class A Ordinary Shares""",Nasdaq,LULD pause,2025-07-31,14:51:26
2025-07-31,14:41:05,CPOP,"""Pop Culture Group Co., Ltd Class A Ordinary Shares""",Nasdaq,LULD pause,2025-07-31,14:46:05
2025-07-31,14:35:38,CPOP,"""Pop Culture Group Co., Ltd Class A Ordinary Shares""",Nasdaq,LULD pause,2025-07-31,14:40:38
2025-07-31,14:30:04,CPOP,"""Pop Culture Group Co., Ltd Class A Ordinary Shares""",Nasdaq,LULD pause,2025-07-31,14:35:04
2025-07-31,14:23:32,CPOP,"""Pop Culture Group Co., Ltd Class A Ordinary Shares""",Nasdaq,LULD pause,2025-07-31,14:28:32
2025-07-31,14:08:27,FIG,"""Figma, Inc.""",NYSE,LULD pause,2025-07-31,14:13:38
2025-07-31,13:58:23,FIG,"""Figma, Inc.""",NYSE,LULD pause,2025-07-31,14:03:27
2025-07-31,13:06:52,NTZ,"""Natuzzi, S.p.A""",NYSE,News pending,2025-07-31,16:47:42
2025-07-31,12:51:05,QMMM,QMMM Holdings Limited Class A Ordinary Shares,Nasdaq,LULD pause,2025-07-31,12:56:05
2025-07-31,11:40:18,SI,"""Shoulder Innovations, Inc.""",NYSE,LULD pause,2025-07-31,11:45:33
2025-07-31,11:38:56,LVLU,"""Lulu's Fashion Lounge Holdings, Inc. Common Stock""",Nasdaq,LULD pause,2025-07-31,11:43:56
2025-07-31,11:32:16,LVLU,"""Lulu's Fashion Lounge Holdings, Inc. Common Stock""",Nasdaq,LULD pause,2025-07-31,11:37:16
2025-07-31,11:28:21,ELWS,"""Earlyworks Co., Ltd. American Depositary Shares""",Nasdaq,LULD pause,2025-07-31,11:33:21
2025-07-31,11:22:07,ELWS,"""Earlyworks Co., Ltd. American Depositary Shares""",Nasdaq,LULD pause,2025-07-31,11:27:07
2025-07-31,11:21:17,LVLU,"""Lulu's Fashion Lounge Holdings, Inc. Common Stock""",Nasdaq,LULD pause,2025-07-31,11:31:18
2025-07-31,10:58:52,SLXN,Silexion Therapeutics Corp Ordinary Shares,Nasdaq,LULD pause,2025-07-31,11:03:52
2025-07-31,10:36:24,GLE,Global Engine Group Holding Limited Class A Ordinary Shares,Nasdaq,LULD pause,2025-07-31,10:41:24
2025-07-31,10:34:58,SLXN,Silexion Therapeutics Corp Ordinary Shares,Nasdaq,LULD pause,2025-07-31,10:39:58
2025-07-31,10:27:10,SLXN,Silexion Therapeutics Corp Ordinary Shares,Nasdaq,LULD pause,2025-07-31,10:32:10
2025-07-31,10:22:53,PBM,Psyence Biomedical Ltd. Common Shares,Nasdaq,LULD pause,2025-07-31,10:27:53
2025-07-31,10:21:46,SLXN,Silexion Therapeutics Corp Ordinary Shares,Nasdaq,LULD pause,2025-07-31,10:26:46
2025-07-31,10:12:49,PBM,Psyence Biomedical Ltd. Common Shares,Nasdaq,LULD pause,2025-07-31,10:17:49
2025-07-31,10:11:16,SLXN,Silexion Therapeutics Corp Ordinary Shares,Nasdaq,LULD pause,2025-07-31,10:21:23
2025-07-31,10:08:37,SVIIU,Spring Valley Acquisition Corp. II Unit,Nasdaq,LULD pause,2025-07-31,10:13:37
2025-07-31,10:05:35,NXXT,"""NextNRG, Inc. Common Stock""",Nasdaq,LULD pause,2025-07-31,10:10:35
2025-07-31,09:55:59,SLXN,Silexion Therapeutics Corp Ordinary Shares,Nasdaq,LULD pause,2025-07-31,10:10:59
2025-07-31,09:52:31,BNR,Burning Rock Biotech Limited American Depositary Shares,Nasdaq,LULD pause,2025-07-31,09:57:31
2025-07-31,09:46:04,PBM,Psyence Biomedical Ltd. Common Shares,Nasdaq,LULD pause,2025-07-31,09:51:04
2025-07-31,09:35:45,ELWS,"""Earlyworks Co., Ltd. American Depositary Shares""",Nasdaq,LULD pause,2025-07-31,09:45:45
2025-07-31,09:32:01,TIER,T. Rowe Price International Equity Research ETF,NYSE Arca,LULD pause,2025-07-31,09:37:01
2025-07-31,09:31:50,ARMH,Arm Holdings PLC ADRhedged,NYSE Arca,LULD pause,2025-07-31,09:36:50
2025-07-31,09:05:00,MACIW,Melar Acquisition Corp. I Warrant,Nasdaq,News pending,2025-07-31,09:55:00
2025-07-31,09:05:00,MACIU,Melar Acquisition Corp. I Unit,Nasdaq,News pending,2025-07-31,09:55:00
2025-07-31,09:05:00,MACI,Melar Acquisition Corp. I Class A Ordinary Shares,Nasdaq,News pending,2025-07-31,09:50:00
2025-07-31,08:25:00,SVIIW,Spring Valley Acquisition Corp. II Warrant,Nasdaq,News pending,2025-07-31,09:05:00
2025-07-31,08:25:00,SVIIU,Spring Valley Acquisition Corp. II Unit,Nasdaq,News pending,2025-07-31,09:05:00
2025-07-31,08:25:00,SVIIR,Spring Valley Acquisition Corp. II Rights,Nasdaq,News pending,2025-07-31,09:05:00
2025-07-31,08:25:00,SVII,Spring Valley Acquisition Corp. II Class A Ordinary Shares,Nasdaq,News pending,2025-07-31,09:00:00
2025-07-30,19:50:00,FGIWW,FGI Industries Ltd. Warrant,Nasdaq,News pending,,
2025-07-30,19:50:00,FGIWW,FGI Industries Ltd. Warrant,Nasdaq,News pending,2025-07-31,09:05:00
2025-07-30,19:50:00,BDRX,Biodexa Pharmaceuticals plc American Depositary Shs,Nasdaq,News pending,,
2025-07-30,19:50:00,BDRX,Biodexa Pharmaceuticals plc American Depositary Shs,Nasdaq,News pending,2025-07-31,09:00:00
2025-07-30,19:50:00,SAGE,"""Sage Therapeutics, Inc""",Nasdaq,News pending,,
2025-07-30,19:50:00,FGI,FGI Industries Ltd. Ordinary Shares,Nasdaq,News pending,2025-07-31,09:00:00
2025-07-30,19:50:00,FGI,FGI Industries Ltd. Ordinary Shares,Nasdaq,News pending,,
2025-07-30,15:59:22,MNRO,"""Monro, Inc. Common Stock""",Nasdaq,LULD pause,2025-07-30,16:00:00
2025-07-30,13:21:07,AMBQ,"""Ambiq Micro, Inc.""",NYSE,LULD pause,2025-07-30,13:26:08
2025-07-30,13:14:08,AMBQ,"""Ambiq Micro, Inc.""",NYSE,LULD pause,2025-07-30,13:19:13
2025-07-30,11:16:01,NCT,Intercont (Cayman) Limited Ordinary shares,Nasdaq,LULD pause,2025-07-30,11:21:01
2025-07-30,11:10:51,SUPX,Super X AI Technology Limited Ordinary Shares,Nasdaq,LULD pause,2025-07-30,11:15:51
2025-07-30,10:58:59,VWAV,"""VisionWave Holdings, Inc. Common Stock""",Nasdaq,LULD pause,2025-07-30,11:08:59
2025-07-30,10:50:49,JEM,707 Cayman Holdings Limited Ordinary Shares,Nasdaq,LULD pause,2025-07-30,11:00:49
2025-07-30,10:33:21,XBP,"""XBP Europe Holdings, Inc. Common Stock""",Nasdaq,LULD pause,2025-07-30,10:38:21
2025-07-30,10:03:32,SUPX,Super X AI Technology Limited Ordinary Shares,Nasdaq,LULD pause,2025-07-30,10:13:32
2025-07-30,09:59:45,ANPA,Rich Sparkle Holdings Limited Ordinary Shares,Nasdaq,LULD pause,2025-07-30,10:04:45
2025-07-30,09:48:25,GLBL,Pacer MSCI World Industry Advantage ETF,Cboe BZX,LULD pause,2025-07-30,09:53:25
2025-07-30,09:47:13,XBP,"""XBP Europe Holdings, Inc. Common Stock""",Nasdaq,LULD pause,2025-07-30,09:52:13
2025-07-30,09:45:42,CREV,Carbon Revolution Public Limited Ordinary Shares,Nasdaq,LULD pause,2025-07-30,09:50:42
2025-07-30,09:44:54,GORV,"""Lazydays Holdings, Inc. Common Stock""",Nasdaq,LULD pause,2025-07-30,09:54:54
2025-07-30,09:44:16,ANPA,Rich Sparkle Holdings Limited Ordinary Shares,Nasdaq,LULD pause,2025-07-30,09:49:16
2025-07-30,09:41:14,VWAV,"""VisionWave Holdings, Inc. Common Stock""",Nasdaq,LULD pause,2025-07-30,09:46:14
2025-07-30,09:35:26,BGLC,BioNexus Gene Lab Corp Common stock,Nasdaq,LULD pause,2025-07-30,09:40:26
2025-07-30,09:30:20,PIII,P3 Health Partners Inc. Common Stock,Nasdaq,LULD pause,2025-07-30,09:50:34
2025-07-30,07:55:00,IXHL,Incannex Healthcare Limited American Depositary Shares,Nasdaq,News pending,2025-07-30,08:30:00
2025-07-30,07:50:26,VYNE,VYNE Therapeutics Inc. Common Stock,Nasdaq,News pending,2025-07-30,08:30:00
2025-07-29,19:50:00,NAAS,NaaS Technology Inc. American Depositary Shares,Nasdaq,News pending,,
2025-07-29,19:50:00,NAAS,NaaS Technology Inc. American Depositary Shares,Nasdaq,News pending,2025-07-30,09:00:00
2025-07-29,16:00:10,RRR,"""Red Rock Resorts, Inc. Class A Common Stock""",Nasdaq,News pending,2025-07-29,16:30:00
2025-07-29,15:17:10,ZOOZ,ZOOZ Power Ltd. Ordinary Shares,Nasdaq,LULD pause,2025-07-29,15:22:10
2025-07-29,15:12:34,PTHL,Pheton Holdings Ltd Class A Ordinary Shares,Nasdaq,LULD pause,2025-07-29,15:17:34
2025-07-29,15:01:01,RCON,"""Recon Technology, Ltd. Class A Ordinary Shares""",Nasdaq,LULD pause,2025-07-29,15:06:01
2025-07-29,15:00:29,PTHL,Pheton Holdings Ltd Class A Ordinary Shares,Nasdaq,LULD pause,2025-07-29,15:05:29
2025-07-29,14:48:39,PTHL,Pheton Holdings Ltd Class A Ordinary Shares,Nasdaq,LULD pause,2025-07-29,14:58:40
2025-07-29,14:43:13,PTHL,Pheton Holdings Ltd Class A Ordinary Shares,Nasdaq,LULD pause,2025-07-29,14:48:13
2025-07-29,14:43:04,RCON,"""Recon Technology, Ltd. Class A Ordinary Shares""",Nasdaq,LULD pause,2025-07-29,14:53:04
2025-07-29,14:34:51,LIVE,Live Ventures Inc,Nasdaq,LULD pause,2025-07-29,14:44:58
2025-07-29,14:32:04,PTHL,Pheton Holdings Ltd Class A Ordinary Shares,Nasdaq,LULD pause,2025-07-29,14:42:04
2025-07-29,14:26:37,PTHL,Pheton Holdings Ltd Class A Ordinary Shares,Nasdaq,LULD pause,2025-07-29,14:31:37
2025-07-29,14:21:12,PTHL,Pheton Holdings Ltd Class A Ordinary Shares,Nasdaq,LULD pause,2025-07-29,14:26:12
2025-07-29,13:52:28,PTHL,Pheton Holdings Ltd Class A Ordinary Shares,Nasdaq,LULD pause,2025-07-29,14:20:54
2025-07-29,13:26:56,GLE,Global Engine Group Holding Limited Class A Ordinary Shares,Nasdaq,LULD pause,2025-07-29,13:31:56
2025-07-29,13:17:36,GLE,Global Engine Group Holding Limited Class A Ordinary Shares,Nasdaq,LULD pause,2025-07-29,13:22:36
2025-07-29,12:58:53,GLE,Global Engine Group Holding Limited Class A Ordinary Shares,Nasdaq,LULD pause,2025-07-29,13:03:53
2025-07-29,12:27:12,PTHL,Pheton Holdings Ltd Class A Ordinary Shares,Nasdaq,LULD pause,2025-07-29,13:52:13
2025-07-29,12:08:33,RCON,"""Recon Technology, Ltd. Class A Ordinary Shares""",Nasdaq,LULD pause,2025-07-29,12:13:33
2025-07-29,11:42:33,AEHL,Antelope Enterprise Holdings Limited Class A Ordinary Shares,Nasdaq,LULD pause,2025-07-29,11:52:33
2025-07-29,11:20:55,AEHL,Antelope Enterprise Holdings Limited Class A Ordinary Shares,Nasdaq,LULD pause,2025-07-29,11:25:55
2025-07-29,11:00:16,AEHL,Antelope Enterprise Holdings Limited Class A Ordinary Shares,Nasdaq,LULD pause,2025-07-29,11:10:16
2025-07-29,10:44:07,AEHL,Antelope Enterprise Holdings Limited Class A Ordinary Shares,Nasdaq,LULD pause,2025-07-29,10:49:07
2025-07-29,10:38:12,HPAI,Helport AI Limited Ordinary Shares,Nasdaq,LULD pause,2025-07-29,10:43:12
2025-07-29,10:36:06,SLRX,"""Salarius Pharmaceuticals, Inc. Common Stock""",Nasdaq,LULD pause,2025-07-29,10:41:06
2025-07-29,10:31:34,BLIV,BeLive Holdings Ordinary Share,Nasdaq,LULD pause,2025-07-29,10:36:34
2025-07-29,10:28:36,AEHL,Antelope Enterprise Holdings Limited Class A Ordinary Shares,Nasdaq,LULD pause,2025-07-29,10:43:12
2025-07-29,10:24:59,SLRX,"""Salarius Pharmaceuticals, Inc. Common Stock""",Nasdaq,LULD pause,2025-07-29,10:29:59
2025-07-29,10:23:17,AEHL,Antelope Enterprise Holdings Limited Class A Ordinary Shares,Nasdaq,LULD pause,2025-07-29,10:28:17
2025-07-29,10:17:24,STAI,ScanTech AI Systems Inc. Common stock,Nasdaq,LULD pause,2025-07-29,10:22:24
2025-07-29,10:15:50,SLRX,"""Salarius Pharmaceuticals, Inc. Common Stock""",Nasdaq,LULD pause,2025-07-29,10:20:50
2025-07-29,10:13:00,AEHL,Antelope Enterprise Holdings Limited Class A Ordinary Shares,Nasdaq,LULD pause,2025-07-29,10:23:00
2025-07-29,10:04:41,SLRX,"""Salarius Pharmaceuticals, Inc. Common Stock""",Nasdaq,LULD pause,2025-07-29,10:09:41
2025-07-29,10:02:32,AEHL,Antelope Enterprise Holdings Limited Class A Ordinary Shares,Nasdaq,LULD pause,2025-07-29,10:12:32
2025-07-29,10:01:01,DRRX,Durect Corp,Nasdaq,LULD pause,2025-07-29,10:11:01
2025-07-29,09:57:23,SLRX,"""Salarius Pharmaceuticals, Inc. Common Stock""",Nasdaq,LULD pause,2025-07-29,10:02:23
2025-07-29,09:57:10,AEHL,Antelope Enterprise Holdings Limited Class A Ordinary Shares,Nasdaq,LULD pause,2025-07-29,10:02:10
2025-07-29,09:53:17,DRRX,Durect Corp,Nasdaq,LULD pause,2025-07-29,09:58:17
2025-07-29,09:51:57,SLRX,"""Salarius Pharmaceuticals, Inc. Common Stock""",Nasdaq,LULD pause,2025-07-29,09:56:57
2025-07-29,09:46:39,SLRX,"""Salarius Pharmaceuticals, Inc. Common Stock""",Nasdaq,LULD pause,2025-07-29,09:51:39
2025-07-29,09:46:14,AEHL,Antelope Enterprise Holdings Limited Class A Ordinary Shares,Nasdaq,LULD pause,2025-07-29,09:56:14
2025-07-29,09:45:18,DRRX,Durect Corp,Nasdaq,LULD pause,2025-07-29,09:50:18
2025-07-29,09:42:44,WXM,WF International Limited Ordinary Shares,Nasdaq,LULD pause,2025-07-29,09:47:44
2025-07-29,09:39:18,IXHL,Incannex Healthcare Limited American Depositary Shares,Nasdaq,LULD pause,2025-07-29,09:44:18
2025-07-29,09:39:01,MCVT,"""Mill City Ventures III, Ltd. Common Stock""",Nasdaq,LULD pause,2025-07-29,09:49:01
2025-07-29,09:38:18,SLRX,"""Salarius Pharmaceuticals, Inc. Common Stock""",Nasdaq,LULD pause,2025-07-29,09:43:18
2025-07-29,09:32:51,IXHL,Incannex Healthcare Limited American Depositary Shares,Nasdaq,LULD pause,2025-07-29,09:37:51
2025-07-29,09:32:49,AEHL,Antelope Enterprise Holdings Limited Class A Ordinary Shares,Nasdaq,LULD pause,2025-07-29,09:42:49
2025-07-29,09:32:10,SLRX,"""Salarius Pharmaceuticals, Inc. Common Stock""",Nasdaq,LULD pause,2025-07-29,09:37:10
2025-07-29,09:30:15,NVOH,Novo Nordisk A/S (B Shares) ADRhedged,NYSE Arca,LULD pause,2025-07-29,09:40:15
2025-07-29,06:55:00,DRRX,Durect Corp,Nasdaq,News pending,2025-07-29,07:35:01
2025-07-28,19:50:00,SLXNW,Silexion Therapeutics Corp Warrant,Nasdaq,News pending,2025-07-29,09:05:00
2025-07-28,19:50:00,SLXNW,Silexion Therapeutics Corp Warrant,Nasdaq,News pending,,
2025-07-28,19:50:00,AIHS,Senmiao Technology Limited Common Stock,Nasdaq,News pending,,
2025-07-28,19:50:00,AIHS,Senmiao Technology Limited Common Stock,Nasdaq,News pending,2025-07-29,09:00:00
2025-07-28,19:50:00,SLXN,Silexion Therapeutics Corp Ordinary Shares,Nasdaq,News pending,,
2025-07-28,19:50:00,SLXN,Silexion Therapeutics Corp Ordinary Shares,Nasdaq,News pending,2025-07-29,09:00:00
2025-07-28,17:18:12,APLS,"""Apellis Pharmaceuticals, Inc. Common Stock""",Nasdaq,News pending,2025-07-29,07:05:00
2025-07-28,17:18:12,APLS,"""Apellis Pharmaceuticals, Inc. Common Stock""",Nasdaq,News pending,,
2025-07-28,16:18:58,SRPT,"""Sarepta Therapeutics,, Inc. Common Stock""",Nasdaq,News pending,2025-07-28,17:50:01
2025-07-28,16:14:34,ATNFW,180 Life Sciences Corp. Warrant,Nasdaq,News pending,2025-07-29,09:55:00
2025-07-28,16:14:34,ATNFW,180 Life Sciences Corp. Warrant,Nasdaq,News pending,,
2025-07-28,16:14:34,ATNF,180 Life Sciences Corp. Common Stock,Nasdaq,News pending,2025-07-29,09:55:00
2025-07-28,16:14:34,ATNF,180 Life Sciences Corp. Common Stock,Nasdaq,News pending,,
2025-07-28,15:31:00,PTCT,"""PTC Therapeutics, Inc.""",Nasdaq,News pending,2025-07-28,16:55:00
2025-07-28,15:27:52,ATNF,180 Life Sciences Corp. Common Stock,Nasdaq,LULD pause,2025-07-28,15:37:52
2025-07-28,14:56:29,CREV,Carbon Revolution Public Limited Ordinary Shares,Nasdaq,LULD pause,2025-07-28,15:06:29
2025-07-28,14:52:06,PFSA,"""Profusa, Inc. Common Stock""",Nasdaq,LULD pause,2025-07-28,14:57:06
2025-07-28,14:40:31,PFSA,"""Profusa, Inc. Common Stock""",Nasdaq,LULD pause,2025-07-28,14:45:31
2025-07-28,14:30:04,CREV,Carbon Revolution Public Limited Ordinary Shares,Nasdaq,LULD pause,2025-07-28,14:54:17
2025-07-28,13:15:24,PFSA,"""Profusa, Inc. Common Stock""",Nasdaq,LULD pause,2025-07-28,13:20:24
2025-07-28,12:14:21,CREV,Carbon Revolution Public Limited Ordinary Shares,Nasdaq,LULD pause,2025-07-28,12:24:21
2025-07-28,12:10:09,CANF,"""Can-Fite BioPharma Ltd. American Depositary Shares, each representing three hundred (300) Ordinary Shares""",NYSE American,News pending,2025-07-28,12:40:00
2025-07-28,12:04:37,CREV,Carbon Revolution Public Limited Ordinary Shares,Nasdaq,LULD pause,2025-07-28,12:09:37
2025-07-28,12:03:05,VAPE,CEA Industries Inc. Common Stock,Nasdaq,LULD pause,2025-07-28,12:08:05
2025-07-28,11:52:25,MGRT,Mega Fortune Company Limited Ordinary Shares,Nasdaq,LULD pause,2025-07-28,11:57:25
2025-07-28,11:48:37,PFSA,"""Profusa, Inc. Common Stock""",Nasdaq,LULD pause,2025-07-28,11:53:37
2025-07-28,11:42:55,PFSA,"""Profusa, Inc. Common Stock""",Nasdaq,LULD pause,2025-07-28,11:47:55
2025-07-28,11:33:34,PFSA,"""Profusa, Inc. Common Stock""",Nasdaq,LULD pause,2025-07-28,11:38:34
2025-07-28,11:27:56,EPSM,Epsium Enterprise Limited Ordinary Shares,Nasdaq,LULD pause,2025-07-28,11:32:56
2025-07-28,11:27:56,PFSA,"""Profusa, Inc. Common Stock""",Nasdaq,LULD pause,2025-07-28,11:32:56
2025-07-28,10:58:26,VAPE,CEA Industries Inc. Common Stock,Nasdaq,LULD pause,2025-07-28,11:03:26
2025-07-28,10:49:31,VAPE,CEA Industries Inc. Common Stock,Nasdaq,LULD pause,2025-07-28,10:54:31
2025-07-28,10:45:15,MGRT,Mega Fortune Company Limited Ordinary Shares,Nasdaq,LULD pause,2025-07-28,10:50:15
2025-07-28,10:41:17,VAPE,CEA Industries Inc. Common Stock,Nasdaq,LULD pause,2025-07-28,10:46:17
2025-07-28,10:27:33,VAPE,CEA Industries Inc. Common Stock,Nasdaq,LULD pause,2025-07-28,10:32:33
2025-07-28,10:19:06,VAPE,CEA Industries Inc. Common Stock,Nasdaq,LULD pause,2025-07-28,10:24:06
2025-07-28,10:17:12,MGRT,Mega Fortune Company Limited Ordinary Shares,Nasdaq,LULD pause,2025-07-28,10:27:12
2025-07-28,10:11:24,VAPE,CEA Industries Inc. Common Stock,Nasdaq,LULD pause,2025-07-28,10:16:24
2025-07-28,10:05:08,AIM,AIM ImmunoTech Inc.,NYSE American,LULD pause,2025-07-28,10:10:08
2025-07-28,09:57:57,AIM,AIM ImmunoTech Inc.,NYSE American,LULD pause,2025-07-28,10:02:57
2025-07-28,09:55:52,PAVS,Paranovus Entertainment Technology Ltd. Class A Ordinary Shares,Nasdaq,LULD pause,2025-07-28,10:00:52
2025-07-28,09:51:37,LIDR,"""AEye, Inc. Class A Common Stock""",Nasdaq,LULD pause,2025-07-28,10:01:37
2025-07-28,09:47:34,AIM,AIM ImmunoTech Inc.,NYSE American,LULD pause,2025-07-28,09:57:34
2025-07-28,09:45:54,VAPE,CEA Industries Inc. Common Stock,Nasdaq,LULD pause,2025-07-28,09:50:54
2025-07-28,09:40:55,MGRT,Mega Fortune Company Limited Ordinary Shares,Nasdaq,LULD pause,2025-07-28,09:50:55
2025-07-28,09:38:53,VAPE,CEA Industries Inc. Common Stock,Nasdaq,LULD pause,2025-07-28,09:43:53
2025-07-28,09:37:10,CVM,Cel-Sci Corporation,NYSE American,LULD pause,2025-07-28,09:47:10
2025-07-28,09:37:01,AIM,AIM ImmunoTech Inc.,NYSE American,LULD pause,2025-07-28,09:47:01
2025-07-28,09:34:43,MGRT,Mega Fortune Company Limited Ordinary Shares,Nasdaq,LULD pause,2025-07-28,09:39:43
2025-07-28,09:31:58,CHPT,"""ChargePoint Holdings, Inc.""",NYSE,LULD pause,2025-07-28,09:37:01
2025-07-28,09:31:45,VAPE,CEA Industries Inc. Common Stock,Nasdaq,LULD pause,2025-07-28,09:36:45
2025-07-28,09:31:34,AIM,AIM ImmunoTech Inc.,NYSE American,LULD pause,2025-07-28,09:36:34
2025-07-28,06:55:13,CRVO,CervoMed Inc. Common Stock,Nasdaq,News pending,2025-07-28,07:35:01
2025-07-28,06:55:00,CELC,Celcuity Inc. Common Stock,Nasdaq,News pending,2025-07-28,08:00:01
2025-07-28,00:21:40,IMA,"""ImageneBio, Inc. Common Stock""",Nasdaq,News pending,2025-07-28,09:00:00
2025-07-25,19:50:53,CHPT,"""ChargePoint Holdings, Inc.""",NYSE,Corporate Action,2025-07-28,09:30:24
2025-07-25,19:50:53,CHPT,"""ChargePoint Holdings, Inc.""",NYSE,Corporate Action,,
2025-07-25,19:50:23,FOXO,FOXO Technologies Inc.,NYSE American,Corporate Action,,
2025-07-25,19:50:23,FOXO,FOXO Technologies Inc.,NYSE American,Corporate Action,2025-07-28,09:00:00
2025-07-25,19:50:00,MRSN,"""Mersana Therapeutics, Inc. Common Stock""",Nasdaq,News pending,2025-07-28,09:00:00
2025-07-25,19:50:00,MRSN,"""Mersana Therapeutics, Inc. Common Stock""",Nasdaq,News pending,,
2025-07-25,19:50:00,PWOD,Penns Woods Bancorp Inc,Nasdaq,News pending,,
2025-07-25,19:50:00,IKNA,"""Ikena Oncology, Inc. Common Stock""",Nasdaq,News pending,,
2025-07-25,19:50:00,SGMA,Sigmatron International Inc,Nasdaq,News pending,,
2025-07-25,19:50:00,AGRI,AgriFORCE Growing Systems Ltd. Common Shares,Nasdaq,News pending,2025-07-28,09:00:00
2025-07-25,19:50:00,AGRI,AgriFORCE Growing Systems Ltd. Common Shares,Nasdaq,News pending,,
2025-07-25,15:41:51,CHEB,Chenghe Acquisition II Co.,NYSE American,LULD pause,2025-07-25,15:46:51
2025-07-25,15:05:34,MCVT,"""Mill City Ventures III, Ltd. Common Stock""",Nasdaq,LULD pause,2025-07-25,15:10:34
2025-07-25,14:53:31,UPC,Universe Pharmaceuticals Inc. Ordinary Shares,Nasdaq,LULD pause,2025-07-25,14:58:31
2025-07-25,11:10:03,HUHU,HUHUTECH International Group Inc. Ordinary Shares,Nasdaq,LULD pause,2025-07-25,11:20:04
2025-07-25,10:06:32,CREV,Carbon Revolution Public Limited Ordinary Shares,Nasdaq,LULD pause,2025-07-25,10:11:32
2025-07-25,10:00:45,LHAI,Linkhome Holdings Inc. Common stock,Nasdaq,LULD pause,2025-07-25,10:05:45
2025-07-25,10:00:36,CREV,Carbon Revolution Public Limited Ordinary Shares,Nasdaq,LULD pause,2025-07-25,10:05:36
2025-07-25,09:47:51,LHAI,Linkhome Holdings Inc. Common stock,Nasdaq,LULD pause,2025-07-25,09:57:51
2025-07-25,09:46:59,CREV,Carbon Revolution Public Limited Ordinary Shares,Nasdaq,LULD pause,2025-07-25,09:51:59
2025-07-25,09:45:44,HTOO,Fusion Fuel Green PLC Class A Ordinary Shares,Nasdaq,LULD pause,2025-07-25,09:50:44
2025-07-25,09:40:07,INDS,Pacer Industrial Real Estate ETF,NYSE Arca,LULD pause,2025-07-25,09:45:07
2025-07-25,09:33:36,AGH,Aureus Greenway Holdings Inc. Common Stock,Nasdaq,LULD pause,2025-07-25,09:38:36
2025-07-25,09:33:29,HTOO,Fusion Fuel Green PLC Class A Ordinary Shares,Nasdaq,LULD pause,2025-07-25,09:38:29
2025-07-25,09:30:36,GNW,"""Genworth Financial, Inc.""",NYSE,News pending,2025-07-25,09:52:42
2025-07-24,19:50:00,VERV,"""Verve Therapeutics, Inc. Common Stock""",Nasdaq,News pending,,
2025-07-24,19:50:00,VRCA,Verrica Pharmaceuticals Inc. Common Stock,Nasdaq,News pending,2025-07-25,09:00:00
2025-07-24,19:50:00,VRCA,Verrica Pharmaceuticals Inc. Common Stock,Nasdaq,News pending,,
2025-07-24,19:50:00,IMNN,"""Imunon, Inc. Common Stock""",Nasdaq,News pending,,
2025-07-24,19:50:00,IMNN,"""Imunon, Inc. Common Stock""",Nasdaq,News pending,2025-07-25,09:00:00
2025-07-24,16:28:09,PNFPP,"""Pinnacle Financial Partners, Inc. Depositary shares of Pinnacle Financial Partners, Inc., each representing a 1/40th Interest in a share of its 6.75% """,Nasdaq,News pending,2025-07-24,17:05:00
2025-07-24,16:28:09,PNFP,Pinnacle Financial Partners In,Nasdaq,News pending,2025-07-24,17:00:00
2025-07-24,15:45:21,LHAI,Linkhome Holdings Inc. Common stock,Nasdaq,LULD pause,2025-07-24,16:00:00
2025-07-24,15:39:37,LHAI,Linkhome Holdings Inc. Common stock,Nasdaq,LULD pause,2025-07-24,15:44:37
2025-07-24,15:21:07,SRPT,"""Sarepta Therapeutics,, Inc. Common Stock""",Nasdaq,LULD pause,2025-07-24,15:26:07
2025-07-24,15:18:58,LHAI,Linkhome Holdings Inc. Common stock,Nasdaq,LULD pause,2025-07-24,15:23:58
2025-07-24,15:18:00,KRKR,36Kr Holdings Inc. American Depositary Shares,Nasdaq,LULD pause,2025-07-24,15:23:00
2025-07-24,15:10:41,SRPT,"""Sarepta Therapeutics,, Inc. Common Stock""",Nasdaq,LULD pause,2025-07-24,15:15:41
2025-07-24,15:09:10,TLIH,Ten-League International Holdings Limited Ordinary Shares,Nasdaq,LULD pause,2025-07-24,15:14:10
2025-07-24,15:07:00,LHAI,Linkhome Holdings Inc. Common stock,Nasdaq,LULD pause,2025-07-24,15:12:00
2025-07-24,15:01:55,MFH,Mercurity Fintech Holding Inc. Ordinary Shares,Nasdaq,LULD pause,2025-07-24,15:06:55
2025-07-24,15:00:44,TLIH,Ten-League International Holdings Limited Ordinary Shares,Nasdaq,LULD pause,2025-07-24,15:05:44
2025-07-24,14:47:52,TLIH,Ten-League International Holdings Limited Ordinary Shares,Nasdaq,LULD pause,2025-07-24,14:57:52
2025-07-24,14:45:02,GSRTU,GSR III Acquisition Corp. Unit,Nasdaq,LULD pause,2025-07-24,14:50:02
2025-07-24,14:44:18,CCM,Concord Medical Services Holding Limited,NYSE,LULD pause,2025-07-24,14:49:24
2025-07-24,14:38:42,TLIH,Ten-League International Holdings Limited Ordinary Shares,Nasdaq,LULD pause,2025-07-24,14:43:42
2025-07-24,14:14:34,LHAI,Linkhome Holdings Inc. Common stock,Nasdaq,LULD pause,2025-07-24,14:19:34
2025-07-24,14:03:58,LHAI,Linkhome Holdings Inc. Common stock,Nasdaq,LULD pause,2025-07-24,14:08:58
2025-07-24,13:54:18,LHAI,Linkhome Holdings Inc. Common stock,Nasdaq,LULD pause,2025-07-24,13:59:18
2025-07-24,13:39:58,GSRTU,GSR III Acquisition Corp. Unit,Nasdaq,LULD pause,2025-07-24,13:44:58
2025-07-24,13:38:15,UCAR,U Power Limited Class A Ordinary Shares,Nasdaq,LULD pause,2025-07-24,13:43:15
2025-07-24,13:31:12,UCAR,U Power Limited Class A Ordinary Shares,Nasdaq,LULD pause,2025-07-24,13:36:12
2025-07-24,13:15:29,KRKR,36Kr Holdings Inc. American Depositary Shares,Nasdaq,LULD pause,2025-07-24,13:20:29
2025-07-24,13:14:35,LHAI,Linkhome Holdings Inc. Common stock,Nasdaq,LULD pause,2025-07-24,13:19:35
2025-07-24,13:13:31,CRE,Cre8 Enterprise Limited Class A Ordinary Shares,Nasdaq,LULD pause,2025-07-24,13:23:31
2025-07-24,13:02:26,CRE,Cre8 Enterprise Limited Class A Ordinary Shares,Nasdaq,LULD pause,2025-07-24,13:12:26
2025-07-24,13:02:14,TLIH,Ten-League International Holdings Limited Ordinary Shares,Nasdaq,LULD pause,2025-07-24,13:07:14
2025-07-24,12:57:02,CRE,Cre8 Enterprise Limited Class A Ordinary Shares,Nasdaq,LULD pause,2025-07-24,13:02:02
2025-07-24,12:51:24,CRE,Cre8 Enterprise Limited Class A Ordinary Shares,Nasdaq,LULD pause,2025-07-24,12:56:24
2025-07-24,12:50:46,LHAI,Linkhome Holdings Inc. Common stock,Nasdaq,LULD pause,2025-07-24,12:55:46
2025-07-24,12:40:51,CRE,Cre8 Enterprise Limited Class A Ordinary Shares,Nasdaq,LULD pause,2025-07-24,12:50:51
2025-07-24,12:39:12,LHAI,Linkhome Holdings Inc. Common stock,Nasdaq,LULD pause,2025-07-24,12:44:12
2025-07-24,12:22:07,OPAD,Offerpad Solutions Inc.,NYSE,News pending,2025-07-24,13:00:31
2025-07-24,11:58:24,LHAI,Linkhome Holdings Inc. Common stock,Nasdaq,LULD pause,2025-07-24,12:03:24
2025-07-24,11:57:41,AP WS,Ampco-Pittsburgh Corporation Series A Warrants to purchase Shares of common stock,NYSE American,Regulatory Concern,,
2025-07-24,11:49:31,LHAI,Linkhome Holdings Inc. Common stock,Nasdaq,LULD pause,2025-07-24,11:54:31
2025-07-24,11:38:52,LHAI,Linkhome Holdings Inc. Common stock,Nasdaq,LULD pause,2025-07-24,11:48:52
2025-07-24,11:33:25,LHAI,Linkhome Holdings Inc. Common stock,Nasdaq,LULD pause,2025-07-24,11:38:25
2025-07-24,11:19:44,LHAI,Linkhome Holdings Inc. Common stock,Nasdaq,LULD pause,2025-07-24,11:29:44
2025-07-24,11:09:04,LHAI,Linkhome Holdings Inc. Common stock,Nasdaq,LULD pause,2025-07-24,11:19:05
2025-07-24,11:03:08,LHAI,Linkhome Holdings Inc. Common stock,Nasdaq,LULD pause,2025-07-24,11:08:08
2025-07-24,10:57:05,LHAI,Linkhome Holdings Inc. Common stock,Nasdaq,LULD pause,2025-07-24,11:02:05
2025-07-24,10:46:23,LHAI,Linkhome Holdings Inc. Common stock,Nasdaq,LULD pause,2025-07-24,10:56:23
2025-07-24,10:42:55,ANPA,Rich Sparkle Holdings Limited Ordinary Shares,Nasdaq,LULD pause,2025-07-24,10:52:55
2025-07-24,10:25:23,PBM,Psyence Biomedical Ltd. Common Shares,Nasdaq,LULD pause,2025-07-24,10:30:23
2025-07-24,10:21:03,LHAI,Linkhome Holdings Inc. Common stock,Nasdaq,LULD pause,2025-07-24,10:46:07
2025-07-24,10:20:38,CREV,Carbon Revolution Public Limited Ordinary Shares,Nasdaq,LULD pause,2025-07-24,10:25:38
2025-07-24,10:17:53,PBM,Psyence Biomedical Ltd. Common Shares,Nasdaq,LULD pause,2025-07-24,10:22:53
2025-07-24,10:04:29,PBM,Psyence Biomedical Ltd. Common Shares,Nasdaq,LULD pause,2025-07-24,10:14:29
2025-07-24,09:52:37,TDIC,Dreamland Limited Class A Ordinary Shares,Nasdaq,LULD pause,2025-07-24,09:57:37
2025-07-24,09:40:43,PTIN,Pacer Trendpilot International ETF,NYSE Arca,LULD pause,2025-07-24,09:45:43
2025-07-24,09:40:39,WSO B,"""Watsco, Inc. Class B""",NYSE,LULD pause,2025-07-24,09:47:29
2025-07-24,09:33:15,DFSC,DEFSEC Technologies Inc. Common Stock,Nasdaq,LULD pause,2025-07-24,09:38:15
2025-07-24,09:32:39,IRDM,Iridium Communications Inc.,Nasdaq,LULD pause,2025-07-24,09:37:39
2025-07-24,09:31:08,LIDR,"""AEye, Inc. Class A Common Stock""",Nasdaq,LULD pause,2025-07-24,09:36:08
2025-07-24,09:30:48,CSBR,"""Champions Oncology, Inc.""",Nasdaq,LULD pause,2025-07-24,09:35:48
2025-07-24,09:30:37,ELON,BattleShares TSLA vs F ETF,NYSE Arca,LULD pause,2025-07-24,09:35:37
2025-07-24,09:30:18,STHH,STMicroelectronics NV ADRhedged,NYSE Arca,LULD pause,2025-07-24,09:40:18
2025-07-23,19:50:00,ESSA,"""ESSA Bancorp, Inc.""",Nasdaq,News pending,,
2025-07-23,16:33:22,SBEV WS,"""Splash Beverage Group, Inc. Warrants to purchase 1/40th of a share of Common Stock at an exercise price of $184.00""",NYSE American,News Released,,
2025-07-23,15:39:48,AGH,Aureus Greenway Holdings Inc. Common Stock,Nasdaq,LULD pause,2025-07-23,15:44:48
2025-07-23,15:30:34,AGH,Aureus Greenway Holdings Inc. Common Stock,Nasdaq,LULD pause,2025-07-23,15:35:34
2025-07-23,14:14:26,SBEV WS,"""Splash Beverage Group, Inc. Warrants to purchase 1/40th of a share of Common Stock at an exercise price of $184.00""",NYSE American,News pending,See Subsequent Halt,See Subsequent Halt
2025-07-23,12:51:17,SKBL,Skyline Builders Group Holding Limited Class A Ordinary Shares,Nasdaq,LULD pause,2025-07-23,12:56:17
2025-07-23,12:40:12,SKBL,Skyline Builders Group Holding Limited Class A Ordinary Shares,Nasdaq,LULD pause,2025-07-23,12:50:12
2025-07-23,12:07:46,TDIC,Dreamland Limited Class A Ordinary Shares,Nasdaq,LULD pause,2025-07-23,12:12:46
2025-07-23,11:53:57,TDIC,Dreamland Limited Class A Ordinary Shares,Nasdaq,LULD pause,2025-07-23,12:03:57
2025-07-23,11:34:22,TDIC,Dreamland Limited Class A Ordinary Shares,Nasdaq,LULD pause,2025-07-23,11:48:26
2025-07-23,11:29:02,TDIC,Dreamland Limited Class A Ordinary Shares,Nasdaq,LULD pause,2025-07-23,11:34:02
2025-07-23,11:27:23,RNAZ,"""TransCode Therapeutics, Inc. Common Stock""",Nasdaq,LULD pause,2025-07-23,11:32:23
2025-07-23,10:49:40,LUD,Luda Technology Group Limited,NYSE American,LULD pause,2025-07-23,10:54:40
2025-07-23,09:50:18,PAPL,Pineapple Financial Inc.,NYSE American,LULD pause,2025-07-23,09:55:18
2025-07-23,09:48:07,MKZR,"""MacKenzie Realty Capital, Inc. Common Stock""",Nasdaq,LULD pause,2025-07-23,09:53:07
2025-07-23,09:41:00,MKZR,"""MacKenzie Realty Capital, Inc. Common Stock""",Nasdaq,LULD pause,2025-07-23,09:46:00
2025-07-23,09:40:49,KOSS,Koss Corp,Nasdaq,LULD pause,2025-07-23,09:50:49
2025-07-23,09:38:49,MTEN,Mingteng International Corporation Inc. Ordinary Shares,Nasdaq,LULD pause,2025-07-23,09:43:49
2025-07-23,09:34:53,TDTH,Trident Digital Tech Holdings Ltd American Depository Shares,Nasdaq,LULD pause,2025-07-23,09:44:53
2025-07-23,09:32:56,PAPL,Pineapple Financial Inc.,NYSE American,LULD pause,2025-07-23,09:42:56
2025-07-23,09:31:40,ATHR,"""Aether Holdings, Inc. Common Stock""",Nasdaq,LULD pause,2025-07-23,09:36:40
2025-07-23,09:30:36,NBTX,Nanobiotix S.A. American Depositary Shares,Nasdaq,LULD pause,2025-07-23,09:35:36
2025-07-23,09:30:16,WSO B,"""Watsco, Inc. Class B""",NYSE,LULD pause,2025-07-23,09:35:24
2025-07-23,07:25:00,ANEB,"""Anebulo Pharmaceuticals, Inc. Common Stock""",Nasdaq,News pending,2025-07-23,08:00:00
2025-07-22,19:50:00,ELEV,"""Elevation Oncology, Inc. Common stock""",Nasdaq,News pending,,
2025-07-22,16:01:00,ABVX,Abivax SA American Depositary Shares,Nasdaq,News pending,2025-07-22,18:30:01
2025-07-22,14:57:47,WSO B,"""Watsco, Inc. Class B""",NYSE,LULD pause,2025-07-22,15:02:59
2025-07-22,14:46:25,PAPL,Pineapple Financial Inc.,NYSE American,LULD pause,2025-07-22,14:51:25
2025-07-22,14:40:04,PAPL,Pineapple Financial Inc.,NYSE American,LULD pause,2025-07-22,14:45:04
2025-07-22,14:25:36,PAPL,Pineapple Financial Inc.,NYSE American,LULD pause,2025-07-22,14:35:36
2025-07-22,14:18:13,PAPL,Pineapple Financial Inc.,NYSE American,LULD pause,2025-07-22,14:23:13
2025-07-22,14:11:33,PAPL,Pineapple Financial Inc.,NYSE American,LULD pause,2025-07-22,14:16:33
2025-07-22,14:06:18,PAPL,Pineapple Financial Inc.,NYSE American,LULD pause,2025-07-22,14:11:18
2025-07-22,13:37:29,PC,Premium Catering (Holdings) Limited Ordinary Shares,Nasdaq,LULD pause,2025-07-22,13:42:29
2025-07-22,13:31:39,BDMD,Baird Medical Investment Holdings Ltd Ordinary Share,Nasdaq,LULD pause,2025-07-22,13:36:39
2025-07-22,13:30:23,LIMN,"""Liminatus Pharma, Inc. Class A Common Stock""",Nasdaq,LULD pause,2025-07-22,13:40:23
2025-07-22,13:27:04,PC,Premium Catering (Holdings) Limited Ordinary Shares,Nasdaq,LULD pause,2025-07-22,13:37:04
2025-07-22,13:25:59,BDMD,Baird Medical Investment Holdings Ltd Ordinary Share,Nasdaq,LULD pause,2025-07-22,13:30:59
2025-07-22,12:47:57,PAPL,Pineapple Financial Inc.,NYSE American,LULD pause,2025-07-22,12:52:57
2025-07-22,12:36:26,BDMD,Baird Medical Investment Holdings Ltd Ordinary Share,Nasdaq,LULD pause,2025-07-22,12:46:26
2025-07-22,12:18:39,BDMD,Baird Medical Investment Holdings Ltd Ordinary Share,Nasdaq,LULD pause,2025-07-22,12:23:39
2025-07-22,11:18:10,PAPL,Pineapple Financial Inc.,NYSE American,LULD pause,2025-07-22,11:28:10
2025-07-22,10:41:27,PAPL,Pineapple Financial Inc.,NYSE American,LULD pause,2025-07-22,10:46:27
2025-07-22,10:32:35,PAPL,Pineapple Financial Inc.,NYSE American,LULD pause,2025-07-22,10:37:35
2025-07-22,10:27:20,PAPL,Pineapple Financial Inc.,NYSE American,LULD pause,2025-07-22,10:32:20
2025-07-22,10:16:58,PAPL,Pineapple Financial Inc.,NYSE American,LULD pause,2025-07-22,10:26:58
2025-07-22,10:11:54,HTOO,Fusion Fuel Green PLC Class A Ordinary Shares,Nasdaq,LULD pause,2025-07-22,10:16:54
2025-07-22,10:10:45,LGCY,Legacy Education Inc.,NYSE American,LULD pause,2025-07-22,10:15:45
2025-07-22,10:06:18,PAPL,Pineapple Financial Inc.,NYSE American,LULD pause,2025-07-22,10:16:18
2025-07-22,10:05:33,OPEN,Opendoor Technologies Inc Common Stock,Nasdaq,LULD pause,2025-07-22,10:10:33
2025-07-22,10:05:03,HTOO,Fusion Fuel Green PLC Class A Ordinary Shares,Nasdaq,LULD pause,2025-07-22,10:10:03
2025-07-22,09:59:34,HTOO,Fusion Fuel Green PLC Class A Ordinary Shares,Nasdaq,LULD pause,2025-07-22,10:04:34
2025-07-22,09:55:28,ANPA,Rich Sparkle Holdings Limited Ordinary Shares,Nasdaq,LULD pause,2025-07-22,10:00:28
2025-07-22,09:54:54,LGCY,Legacy Education Inc.,NYSE American,LULD pause,2025-07-22,10:04:54
2025-07-22,09:49:04,EJH,E-Home Household Service Holdings Limited Ordinary Shares,Nasdaq,LULD pause,2025-07-22,09:54:04
2025-07-22,09:47:14,GVH,Globavend Holdings Limited Ordinary Shares,Nasdaq,LULD pause,2025-07-22,09:52:14
2025-07-22,09:45:30,HTOO,Fusion Fuel Green PLC Class A Ordinary Shares,Nasdaq,LULD pause,2025-07-22,09:55:30
2025-07-22,09:43:34,PAPL,Pineapple Financial Inc.,NYSE American,LULD pause,2025-07-22,09:48:34
2025-07-22,09:42:38,REPL,"""Replimune Group, Inc.""",Nasdaq,LULD pause,2025-07-22,09:52:38
2025-07-22,09:42:08,OPAD,Offerpad Solutions Inc.,NYSE,LULD pause,2025-07-22,09:47:15
2025-07-22,09:41:25,GVH,Globavend Holdings Limited Ordinary Shares,Nasdaq,LULD pause,2025-07-22,09:46:25
2025-07-22,09:41:20,ANPA,Rich Sparkle Holdings Limited Ordinary Shares,Nasdaq,LULD pause,2025-07-22,09:51:20
2025-07-22,09:40:09,HTOO,Fusion Fuel Green PLC Class A Ordinary Shares,Nasdaq,LULD pause,2025-07-22,09:45:09
2025-07-22,09:38:55,LMFA,"""LM Funding America, Inc. Common Stock""",Nasdaq,LULD pause,2025-07-22,09:43:55
2025-07-22,09:35:22,KSS,Kohls Corporation,NYSE,LULD pause,2025-07-22,09:40:25
2025-07-22,09:34:15,HTOO,Fusion Fuel Green PLC Class A Ordinary Shares,Nasdaq,LULD pause,2025-07-22,09:39:15
2025-07-22,09:32:22,EJH,E-Home Household Service Holdings Limited Ordinary Shares,Nasdaq,LULD pause,2025-07-22,09:42:22
2025-07-22,06:55:00,REPL,"""Replimune Group, Inc.""",Nasdaq,News pending,2025-07-22,07:45:01
2025-07-21,19:50:00,PC,Premium Catering (Holdings) Limited Ordinary Shares,Nasdaq,News pending,2025-07-22,09:00:00
2025-07-21,19:50:00,PC,Premium Catering (Holdings) Limited Ordinary Shares,Nasdaq,News pending,,
2025-07-21,19:50:00,CNSP,"""CNS Pharmaceuticals, Inc. Common Stock""",Nasdaq,News pending,2025-07-22,09:00:00
2025-07-21,19:50:00,CNSP,"""CNS Pharmaceuticals, Inc. Common Stock""",Nasdaq,News pending,,
2025-07-21,19:50:00,GBIO,Generation Bio Co. Common Stock,Nasdaq,News pending,2025-07-22,09:00:00
2025-07-21,19:50:00,GBIO,Generation Bio Co. Common Stock,Nasdaq,News pending,,
2025-07-21,15:36:58,MFH,Mercurity Fintech Holding Inc. Ordinary Shares,Nasdaq,LULD pause,2025-07-21,15:41:58
2025-07-21,15:29:00,MFH,Mercurity Fintech Holding Inc. Ordinary Shares,Nasdaq,LULD pause,2025-07-21,15:34:00
2025-07-21,15:21:14,MFH,Mercurity Fintech Holding Inc. Ordinary Shares,Nasdaq,LULD pause,2025-07-21,15:26:14
2025-07-21,15:14:07,MFH,Mercurity Fintech Holding Inc. Ordinary Shares,Nasdaq,LULD pause,2025-07-21,15:19:07
2025-07-21,15:08:44,UYSCU,UY Scuti Acquisition Corp. Units,Nasdaq,News pending,2025-07-21,17:05:00
2025-07-21,15:08:44,UYSCR,UY Scuti Acquisition Corp. Rights,Nasdaq,News pending,2025-07-21,17:10:00
2025-07-21,15:08:44,UYSC,UY Scuti Acquisition Corp. Ordinary Shares,Nasdaq,News pending,2025-07-21,15:40:00
2025-07-21,15:05:12,OPAD,Offerpad Solutions Inc.,NYSE,LULD pause,2025-07-21,15:10:29
2025-07-21,15:02:45,AIRE,reAlpha Tech Corp. Common Stock,Nasdaq,LULD pause,2025-07-21,15:07:45
2025-07-21,15:02:01,OPEN,Opendoor Technologies Inc Common Stock,Nasdaq,LULD pause,2025-07-21,15:12:02
2025-07-21,15:01:26,RAYA,Erayak Power Solution Group Inc. Class A Ordinary Shares,Nasdaq,LULD pause,2025-07-21,15:06:26
2025-07-21,14:58:58,MFH,Mercurity Fintech Holding Inc. Ordinary Shares,Nasdaq,LULD pause,2025-07-21,15:03:58
2025-07-21,14:48:38,MFH,Mercurity Fintech Holding Inc. Ordinary Shares,Nasdaq,LULD pause,2025-07-21,14:53:38
2025-07-21,14:38:37,MFH,Mercurity Fintech Holding Inc. Ordinary Shares,Nasdaq,LULD pause,2025-07-21,14:43:37
2025-07-21,14:33:15,MFH,Mercurity Fintech Holding Inc. Ordinary Shares,Nasdaq,LULD pause,2025-07-21,14:38:15
2025-07-21,14:22:59,MFH,Mercurity Fintech Holding Inc. Ordinary Shares,Nasdaq,LULD pause,2025-07-21,14:32:59
2025-07-21,14:12:37,MFH,Mercurity Fintech Holding Inc. Ordinary Shares,Nasdaq,LULD pause,2025-07-21,14:22:37
2025-07-21,12:23:41,RAYA,Erayak Power Solution Group Inc. Class A Ordinary Shares,Nasdaq,LULD pause,2025-07-21,12:28:41
2025-07-21,11:40:54,DEVS,DevvStream Corp. Common Stock,Nasdaq,LULD pause,2025-07-21,11:45:54
2025-07-21,11:34:47,DEVS,DevvStream Corp. Common Stock,Nasdaq,LULD pause,2025-07-21,11:39:47
2025-07-21,11:07:48,PMN,ProMIS Neurosciences Inc. Common Shares (ON),Nasdaq,LULD pause,2025-07-21,11:12:48
2025-07-21,10:46:19,PMN,ProMIS Neurosciences Inc. Common Shares (ON),Nasdaq,LULD pause,2025-07-21,10:51:19
2025-07-21,10:44:42,CCM,Concord Medical Services Holding Limited,NYSE,LULD pause,2025-07-21,10:50:03
2025-07-21,10:34:49,PMN,ProMIS Neurosciences Inc. Common Shares (ON),Nasdaq,LULD pause,2025-07-21,10:39:49
2025-07-21,10:31:47,CCM,Concord Medical Services Holding Limited,NYSE,LULD pause,2025-07-21,10:36:53
2025-07-21,10:30:51,RAYA,Erayak Power Solution Group Inc. Class A Ordinary Shares,Nasdaq,LULD pause,2025-07-21,10:35:51
2025-07-21,10:30:01,GSIW,Garden Stage Limited Ordinary Shares,Nasdaq,LULD pause,2025-07-21,10:35:01
2025-07-21,10:29:20,PMN,ProMIS Neurosciences Inc. Common Shares (ON),Nasdaq,LULD pause,2025-07-21,10:34:20
2025-07-21,10:24:28,CCM,Concord Medical Services Holding Limited,NYSE,LULD pause,2025-07-21,10:31:29
2025-07-21,10:17:46,CCM,Concord Medical Services Holding Limited,NYSE,LULD pause,2025-07-21,10:23:09
2025-07-21,10:11:45,CCM,Concord Medical Services Holding Limited,NYSE,LULD pause,2025-07-21,10:17:14
2025-07-21,10:10:16,RAYA,Erayak Power Solution Group Inc. Class A Ordinary Shares,Nasdaq,LULD pause,2025-07-21,10:15:16
2025-07-21,10:09:48,GSIW,Garden Stage Limited Ordinary Shares,Nasdaq,LULD pause,2025-07-21,10:19:49
2025-07-21,10:07:11,SABS,"""SAB Biotherapeutics, Inc. Common Stock""",Nasdaq,LULD pause,2025-07-21,10:12:11
2025-07-21,09:59:33,GSIW,Garden Stage Limited Ordinary Shares,Nasdaq,LULD pause,2025-07-21,10:09:33
2025-07-21,09:54:47,RAYA,Erayak Power Solution Group Inc. Class A Ordinary Shares,Nasdaq,LULD pause,2025-07-21,09:59:47
2025-07-21,09:49:27,RAYA,Erayak Power Solution Group Inc. Class A Ordinary Shares,Nasdaq,LULD pause,2025-07-21,09:54:27
2025-07-21,09:43:58,RAYA,Erayak Power Solution Group Inc. Class A Ordinary Shares,Nasdaq,LULD pause,2025-07-21,09:48:58
2025-07-21,09:41:42,GVH,Globavend Holdings Limited Ordinary Shares,Nasdaq,LULD pause,2025-07-21,09:51:42
2025-07-21,09:39:52,SABS,"""SAB Biotherapeutics, Inc. Common Stock""",Nasdaq,LULD pause,2025-07-21,09:44:52
2025-07-21,09:38:22,IDVZ,The Opal International Dividend Income ETF,Cboe BZX,LULD pause,2025-07-21,09:43:22
2025-07-21,09:38:16,RAYA,Erayak Power Solution Group Inc. Class A Ordinary Shares,Nasdaq,LULD pause,2025-07-21,09:43:16
2025-07-21,09:36:31,CCM,Concord Medical Services Holding Limited,NYSE,LULD pause,2025-07-21,09:42:41
2025-07-21,09:33:55,PMN,ProMIS Neurosciences Inc. Common Shares (ON),Nasdaq,LULD pause,2025-07-21,09:38:55
2025-07-21,09:32:07,RAYA,Erayak Power Solution Group Inc. Class A Ordinary Shares,Nasdaq,LULD pause,2025-07-21,09:37:07
2025-07-21,09:30:15,DYNXU,Dynamix Corporation Unit,Nasdaq,LULD pause,2025-07-21,09:55:16
2025-07-21,07:55:00,ZIMV,ZimVie Inc. Common Stock,Nasdaq,News pending,2025-07-21,08:55:01
2025-07-21,07:25:00,ITOS,"""iTeos Therapeutics, Inc. Common Stock""",Nasdaq,News pending,2025-07-21,08:00:00
2025-07-21,06:20:03,IPX,IperionX Limited American Depositary Share,Nasdaq,News pending,2025-07-23,07:05:00
2025-07-21,06:20:03,IPX,IperionX Limited American Depositary Share,Nasdaq,News pending,,
2025-07-18,19:50:00,TWG,Top Wealth Group Holding Limited Class A Ordinary Shares,Nasdaq,News pending,2025-07-21,09:00:00
2025-07-18,19:50:00,TWG,Top Wealth Group Holding Limited Class A Ordinary Shares,Nasdaq,News pending,,
2025-07-18,19:50:00,FARO,Faro Technologies Inc,Nasdaq,News pending,,
2025-07-18,19:50:00,IVF,"""INVO Fertility, Inc. Common Stock""",Nasdaq,News pending,,
2025-07-18,19:50:00,IVF,"""INVO Fertility, Inc. Common Stock""",Nasdaq,News pending,2025-07-21,09:00:00
2025-07-18,19:50:00,GVH,Globavend Holdings Limited Ordinary Shares,Nasdaq,News pending,2025-07-21,09:00:00
2025-07-18,19:50:00,GVH,Globavend Holdings Limited Ordinary Shares,Nasdaq,News pending,,
2025-07-18,16:01:00,HOOK,HOOKIPA Pharma Inc. Common Stock,Nasdaq,News pending,2025-07-18,16:35:00
2025-07-18,15:51:41,FTHF,First Trust Emerging Markets Human Flourishing ETF,NYSE Arca,LULD pause,2025-07-18,16:09:20
2025-07-18,14:35:42,SSY,"""SunLink Health Systems, Inc""",NYSE American,News pending,2025-07-18,15:05:00
2025-07-18,14:12:53,DTC,"""Solo Brands, Inc.""",NYSE,LULD pause,2025-07-18,14:18:01
2025-07-18,13:44:39,VAPE,CEA Industries Inc. Common Stock,Nasdaq,LULD pause,2025-07-18,13:49:39
2025-07-18,13:15:06,HTCO,High-Trend International Group Class A Ordinary Shares,Nasdaq,News pending,2025-07-18,18:00:00
2025-07-18,12:58:49,DTC,"""Solo Brands, Inc.""",NYSE,LULD pause,2025-07-18,13:03:50
2025-07-18,12:57:26,SRPT,"""Sarepta Therapeutics,, Inc. Common Stock""",Nasdaq,LULD pause,2025-07-18,13:02:26
2025-07-18,12:51:52,SRPT,"""Sarepta Therapeutics,, Inc. Common Stock""",Nasdaq,LULD pause,2025-07-18,12:56:52
2025-07-18,12:50:08,MJID,Majestic Ideal Holdings Ltd Ordinary Shares,Nasdaq,LULD pause,2025-07-18,12:55:08
2025-07-18,12:41:29,DTC,"""Solo Brands, Inc.""",NYSE,LULD pause,2025-07-18,12:47:43
2025-07-18,12:20:04,MJID,Majestic Ideal Holdings Ltd Ordinary Shares,Nasdaq,LULD pause,2025-07-18,12:25:04
2025-07-18,12:16:37,PTNM,Pitanium Limited Class A Ordinary shares,Nasdaq,LULD pause,2025-07-18,12:21:37
2025-07-18,12:10:06,PTNM,Pitanium Limited Class A Ordinary shares,Nasdaq,LULD pause,2025-07-18,12:15:06
2025-07-18,12:06:27,SOGP,Sound Group Inc. American Depositary Shares,Nasdaq,LULD pause,2025-07-18,12:11:27
2025-07-18,12:03:01,MJID,Majestic Ideal Holdings Ltd Ordinary Shares,Nasdaq,LULD pause,2025-07-18,12:08:01
2025-07-18,11:55:44,RITR,Reitar Logtech Holdings Limited Ordinary shares,Nasdaq,LULD pause,2025-07-18,12:00:44
2025-07-18,11:46:36,SOGP,Sound Group Inc. American Depositary Shares,Nasdaq,LULD pause,2025-07-18,12:05:30
2025-07-18,11:44:24,RITR,Reitar Logtech Holdings Limited Ordinary shares,Nasdaq,LULD pause,2025-07-18,11:54:24
2025-07-18,11:38:13,CYCC,"""Cyclacel Pharmaceuticals, Inc""",Nasdaq,LULD pause,2025-07-18,11:43:13
2025-07-18,11:33:55,PTNM,Pitanium Limited Class A Ordinary shares,Nasdaq,LULD pause,2025-07-18,11:43:55
2025-07-18,11:28:20,PTNM,Pitanium Limited Class A Ordinary shares,Nasdaq,LULD pause,2025-07-18,11:33:20
2025-07-18,11:02:41,CYCC,"""Cyclacel Pharmaceuticals, Inc""",Nasdaq,LULD pause,2025-07-18,11:12:41
2025-07-18,11:00:32,PTNM,Pitanium Limited Class A Ordinary shares,Nasdaq,LULD pause,2025-07-18,11:27:52
2025-07-18,10:53:53,HPAI,Helport AI Limited Ordinary Shares,Nasdaq,LULD pause,2025-07-18,10:58:53
2025-07-18,10:52:18,CYCC,"""Cyclacel Pharmaceuticals, Inc""",Nasdaq,LULD pause,2025-07-18,11:02:18
2025-07-18,10:47:59,PTNM,Pitanium Limited Class A Ordinary shares,Nasdaq,LULD pause,2025-07-18,10:52:59
2025-07-18,10:35:05,KMRK,K-Tech Solutions Company Limited Class A Ordinary Shares,Nasdaq,LULD pause,2025-07-18,10:40:05
2025-07-18,10:24:09,STG,"""Sunlands Technology Group, American Depositary Shares,  American Depositary Shares, every two (2) ADSs representing one (1) Class A Ordinary Share""",NYSE,LULD pause,2025-07-18,10:29:25
2025-07-18,10:14:49,ANPA,Rich Sparkle Holdings Limited Ordinary Shares,Nasdaq,LULD pause,2025-07-18,10:19:49
2025-07-18,10:11:03,STG,"""Sunlands Technology Group, American Depositary Shares,  American Depositary Shares, every two (2) ADSs representing one (1) Class A Ordinary Share""",NYSE,LULD pause,2025-07-18,10:16:33
2025-07-18,10:07:57,MEIP,"""MEI Pharma, Inc.""",Nasdaq,LULD pause,2025-07-18,10:12:57
2025-07-18,10:06:27,ANPA,Rich Sparkle Holdings Limited Ordinary Shares,Nasdaq,LULD pause,2025-07-18,10:11:27
2025-07-18,10:01:45,MEIP,"""MEI Pharma, Inc.""",Nasdaq,LULD pause,2025-07-18,10:06:45
2025-07-18,09:58:48,RECT,Rectitude Holdings Ltd Ordinary Shares,Nasdaq,LULD pause,2025-07-18,10:08:48
2025-07-18,09:54:46,ANPA,Rich Sparkle Holdings Limited Ordinary Shares,Nasdaq,LULD pause,2025-07-18,10:04:46
2025-07-18,09:53:22,YOSH,Yoshiharu Global Co. Class A Common Stock,Nasdaq,LULD pause,2025-07-18,09:58:22
2025-07-18,09:43:04,MEIP,"""MEI Pharma, Inc.""",Nasdaq,LULD pause,2025-07-18,09:48:04
2025-07-18,09:35:18,MEIP,"""MEI Pharma, Inc.""",Nasdaq,LULD pause,2025-07-18,09:40:18
2025-07-18,09:32:16,CPOP,"""Pop Culture Group Co., Ltd Class A Ordinary Shares""",Nasdaq,LULD pause,2025-07-18,09:37:16
2025-07-18,08:14:34,HES,Hess Corporation,NYSE,Merger Effective,,
2025-07-17,19:50:00,MLGO,"""MicroAlgo, Inc. Ordinary Shares""",Nasdaq,News pending,,
2025-07-17,19:50:00,MLGO,"""MicroAlgo, Inc. Ordinary Shares""",Nasdaq,News pending,2025-07-18,09:05:00
2025-07-17,19:50:00,BPMC,Blueprint Medicines Corporation,Nasdaq,News pending,,
2025-07-17,19:50:00,CREG,Smart Powerr Corp. Common Stock,Nasdaq,News pending,2025-07-18,09:00:00
2025-07-17,19:50:00,CREG,Smart Powerr Corp. Common Stock,Nasdaq,News pending,,
2025-07-17,15:37:31,CBSE,Clough Select Equity ETF,NYSE Arca,LULD pause,2025-07-17,15:42:31
2025-07-17,15:32:39,SOC,Sable Offshore Corp.,NYSE,LULD pause,2025-07-17,15:38:17
2025-07-17,14:16:40,GLE,Global Engine Group Holding Limited Class A Ordinary Shares,Nasdaq,LULD pause,2025-07-17,14:21:40
2025-07-17,13:13:29,MCB,"""Metropolitan Bank Holding Corp. Common Stock, $0.01 par value per share""",NYSE,News pending,2025-07-17,13:47:08
2025-07-17,12:33:20,PTNM,Pitanium Limited Class A Ordinary shares,Nasdaq,LULD pause,2025-07-17,12:38:20
2025-07-17,12:31:49,PHOE,Phoenix Asia Holdings Limited Ordinary Shares,Nasdaq,LULD pause,2025-07-17,12:41:49
2025-07-17,12:26:06,PHOE,Phoenix Asia Holdings Limited Ordinary Shares,Nasdaq,LULD pause,2025-07-17,12:31:06
2025-07-17,12:14:27,PHOE,Phoenix Asia Holdings Limited Ordinary Shares,Nasdaq,LULD pause,2025-07-17,12:24:27
2025-07-17,12:00:20,PHOE,Phoenix Asia Holdings Limited Ordinary Shares,Nasdaq,LULD pause,2025-07-17,12:05:20
2025-07-17,11:51:14,VLCN,"""Volcon, Inc. Common stock""",Nasdaq,LULD pause,2025-07-17,11:56:14
2025-07-17,11:48:35,PHOE,Phoenix Asia Holdings Limited Ordinary Shares,Nasdaq,LULD pause,2025-07-17,11:58:35
2025-07-17,11:38:16,PHOE,Phoenix Asia Holdings Limited Ordinary Shares,Nasdaq,LULD pause,2025-07-17,11:48:16
2025-07-17,11:32:24,PTNM,Pitanium Limited Class A Ordinary shares,Nasdaq,LULD pause,2025-07-17,11:42:25
2025-07-17,11:21:57,PTNM,Pitanium Limited Class A Ordinary shares,Nasdaq,LULD pause,2025-07-17,11:31:57
2025-07-17,11:11:34,VLCN,"""Volcon, Inc. Common stock""",Nasdaq,LULD pause,2025-07-17,11:16:34
2025-07-17,11:01:19,PTNM,Pitanium Limited Class A Ordinary shares,Nasdaq,LULD pause,2025-07-17,11:21:20
2025-07-17,10:49:56,PTNM,Pitanium Limited Class A Ordinary shares,Nasdaq,LULD pause,2025-07-17,10:59:57
2025-07-17,10:37:49,CLSD,"""Clearside Biomedical, Inc. Common Stock""",Nasdaq,LULD pause,2025-07-17,10:42:49
2025-07-17,10:31:48,CLSD,"""Clearside Biomedical, Inc. Common Stock""",Nasdaq,LULD pause,2025-07-17,10:36:48
2025-07-17,10:25:56,YHC,LQR House Inc. Common Stock,Nasdaq,LULD pause,2025-07-17,10:30:56
2025-07-17,10:21:59,MRKR,"""Marker Therapeutics, Inc. Common Stock""",Nasdaq,LULD pause,2025-07-17,10:26:59
2025-07-17,10:21:00,NAK,"""Northern Dynasty Minerals, Ltd.""",NYSE American,LULD pause,2025-07-17,10:26:00
2025-07-17,10:16:41,VLCN,"""Volcon, Inc. Common stock""",Nasdaq,LULD pause,2025-07-17,10:21:41
2025-07-17,10:13:03,NAK,"""Northern Dynasty Minerals, Ltd.""",NYSE American,LULD pause,2025-07-17,10:18:03
2025-07-17,10:07:07,MRKR,"""Marker Therapeutics, Inc. Common Stock""",Nasdaq,LULD pause,2025-07-17,10:12:07
2025-07-17,10:06:57,TRON,Tron Inc. Common Stock,Nasdaq,LULD pause,2025-07-17,10:11:57
2025-07-17,10:06:52,VLCN,"""Volcon, Inc. Common stock""",Nasdaq,LULD pause,2025-07-17,10:11:52
2025-07-17,10:01:59,LAWR,"""Robot Consulting Co., Ltd. ADS""",Nasdaq,LULD pause,2025-07-17,10:11:59
2025-07-17,10:01:15,TRON,Tron Inc. Common Stock,Nasdaq,LULD pause,2025-07-17,10:06:15
2025-07-17,09:56:25,PTNM,Pitanium Limited Class A Ordinary shares,Nasdaq,LULD pause,2025-07-17,10:01:25
2025-07-17,09:55:37,VLCN,"""Volcon, Inc. Common stock""",Nasdaq,LULD pause,2025-07-17,10:05:38
2025-07-17,09:54:16,XXII,22nd Century Group Inc.,Nasdaq,LULD pause,2025-07-17,09:59:16
2025-07-17,09:52:59,CEPO,"""Cantor Equity Partners I, Inc. Class A Ordinary Shares""",Nasdaq,LULD pause,2025-07-17,09:57:59
2025-07-17,09:47:57,XXII,22nd Century Group Inc.,Nasdaq,LULD pause,2025-07-17,09:52:57
2025-07-17,09:47:26,PTNM,Pitanium Limited Class A Ordinary shares,Nasdaq,LULD pause,2025-07-17,09:52:26
2025-07-17,09:45:01,CJET,"""Chijet Motor Company, Inc. Ordinary Shares""",Nasdaq,LULD pause,2025-07-17,09:50:01
2025-07-17,09:44:40,VLCN,"""Volcon, Inc. Common stock""",Nasdaq,LULD pause,2025-07-17,09:49:40
2025-07-17,09:41:45,PTNM,Pitanium Limited Class A Ordinary shares,Nasdaq,LULD pause,2025-07-17,09:46:45
2025-07-17,09:38:07,TRON,Tron Inc. Common Stock,Nasdaq,LULD pause,2025-07-17,09:43:07
2025-07-17,09:36:01,PTNM,Pitanium Limited Class A Ordinary shares,Nasdaq,LULD pause,2025-07-17,09:41:01
2025-07-17,09:34:49,XXII,22nd Century Group Inc.,Nasdaq,LULD pause,2025-07-17,09:44:49
2025-07-17,09:33:52,EPSM,Epsium Enterprise Limited Ordinary Shares,Nasdaq,LULD pause,2025-07-17,09:38:52
2025-07-17,09:33:42,VLCN,"""Volcon, Inc. Common stock""",Nasdaq,LULD pause,2025-07-17,09:43:42
2025-07-17,09:31:43,AUDC,AudioCodes Ltd,Nasdaq,LULD pause,2025-07-17,09:41:43
2025-07-17,09:00:17,CEPO,"""Cantor Equity Partners I, Inc. Class A Ordinary Shares""",Nasdaq,News pending,2025-07-17,09:50:00
2025-07-17,07:00:00,CLSD,"""Clearside Biomedical, Inc. Common Stock""",Nasdaq,News pending,2025-07-17,07:30:00
2025-07-16,19:50:00,BPMC,Blueprint Medicines Corporation,Nasdaq,News pending,2025-07-17,08:50:00
2025-07-16,19:50:00,BPMC,Blueprint Medicines Corporation,Nasdaq,News pending,,
2025-07-16,19:50:00,ANSS,Ansys Inc,Nasdaq,News pending,,
2025-07-16,19:50:00,ICAD,Icad Inc,Nasdaq,News pending,,
2025-07-16,16:01:00,FATBW,FAT Brands Inc. Warrant,Nasdaq,News pending,,
2025-07-16,13:40:39,NCPL,Netcapital Inc. Common Stock,Nasdaq,LULD pause,2025-07-16,13:50:39
2025-07-16,11:56:45,EPSM,Epsium Enterprise Limited Ordinary Shares,Nasdaq,LULD pause,2025-07-16,12:01:45
2025-07-16,11:52:07,SLNHP,"""Soluna Holdings, Inc 9.0% Series A Cumulative Perpetual Preferred Stock""",Nasdaq,LULD pause,2025-07-16,11:57:07
2025-07-16,11:50:38,FTRK,FAST TRACK GROUP Ordinary shares,Nasdaq,LULD pause,2025-07-16,11:55:38
2025-07-16,11:24:56,PEW,GrabAGun Digital Holdings Inc.,NYSE,LULD pause,2025-07-16,11:30:06
2025-07-16,11:21:37,KMRK,K-Tech Solutions Company Limited Class A Ordinary Shares,Nasdaq,LULD pause,2025-07-16,11:26:37
2025-07-16,11:14:14,KMRK,K-Tech Solutions Company Limited Class A Ordinary Shares,Nasdaq,LULD pause,2025-07-16,11:19:14
2025-07-16,11:08:19,EPSM,Epsium Enterprise Limited Ordinary Shares,Nasdaq,LULD pause,2025-07-16,11:13:19
2025-07-16,11:04:19,BRNS,Barinthus Biotherapeutics plc American Depositary Shares,Nasdaq,LULD pause,2025-07-16,11:09:19
2025-07-16,10:57:17,EPSM,Epsium Enterprise Limited Ordinary Shares,Nasdaq,LULD pause,2025-07-16,11:02:17
2025-07-16,10:46:44,EPSM,Epsium Enterprise Limited Ordinary Shares,Nasdaq,LULD pause,2025-07-16,10:56:50
2025-07-16,10:41:18,EPSM,Epsium Enterprise Limited Ordinary Shares,Nasdaq,LULD pause,2025-07-16,10:46:18
2025-07-16,10:39:06,APM,Aptorum Group Limited Class A Ordinary Shares,Nasdaq,LULD pause,2025-07-16,10:44:06
2025-07-16,10:25:22,ARBKL,Argo Blockchain plc 8.75% Senior Notes due 2026,Nasdaq,LULD pause,2025-07-16,10:35:22
2025-07-16,10:06:27,SLNHP,"""Soluna Holdings, Inc 9.0% Series A Cumulative Perpetual Preferred Stock""",Nasdaq,LULD pause,2025-07-16,10:11:27
2025-07-16,10:05:25,YHC,LQR House Inc. Common Stock,Nasdaq,LULD pause,2025-07-16,10:10:25
2025-07-16,10:02:55,APM,Aptorum Group Limited Class A Ordinary Shares,Nasdaq,LULD pause,2025-07-16,10:12:55
2025-07-16,09:55:46,APM,Aptorum Group Limited Class A Ordinary Shares,Nasdaq,LULD pause,2025-07-16,10:00:46
2025-07-16,09:55:30,NUWE,"""Nuwellis, Inc. Common Stock""",Nasdaq,LULD pause,2025-07-16,10:00:30
2025-07-16,09:54:11,TDTH,Trident Digital Tech Holdings Ltd American Depository Shares,Nasdaq,LULD pause,2025-07-16,09:59:11
2025-07-16,09:49:33,APM,Aptorum Group Limited Class A Ordinary Shares,Nasdaq,LULD pause,2025-07-16,09:54:33
2025-07-16,09:48:31,PEW,GrabAGun Digital Holdings Inc.,NYSE,LULD pause,2025-07-16,09:53:40
2025-07-16,09:44:25,TDTH,Trident Digital Tech Holdings Ltd American Depository Shares,Nasdaq,LULD pause,2025-07-16,09:49:25
2025-07-16,09:43:16,QLGN,"""Qualigen Therapeutics, Inc. Common Stock""",Nasdaq,LULD pause,2025-07-16,09:48:16
2025-07-16,09:42:15,PEW,GrabAGun Digital Holdings Inc.,NYSE,LULD pause,2025-07-16,09:47:20
2025-07-16,09:37:18,QLGN,"""Qualigen Therapeutics, Inc. Common Stock""",Nasdaq,LULD pause,2025-07-16,09:42:18
2025-07-16,09:36:38,PEW,GrabAGun Digital Holdings Inc.,NYSE,LULD pause,2025-07-16,09:41:43
2025-07-16,09:31:05,RGTU,Tradr 2X Long RGTI Daily ETF,Cboe BZX,LULD pause,2025-07-16,09:36:05
2025-07-16,09:30:25,NUWE,"""Nuwellis, Inc. Common Stock""",Nasdaq,LULD pause,2025-07-16,09:40:25
2025-07-16,09:30:15,CCM,Concord Medical Services Holding Limited,NYSE,LULD pause,2025-07-16,09:35:25
2025-07-16,09:22:59,APED,STKd 100% MSTR & 100% COIN ETF,Nasdaq,News pending,2025-07-16,13:25:00
2025-07-16,08:11:26,APM,Aptorum Group Limited Class A Ordinary Shares,Nasdaq,News pending,2025-07-16,09:10:00
2025-07-16,07:55:00,ONCO,"""Onconetix, Inc. Common Stock""",Nasdaq,News pending,2025-07-16,08:50:01
2025-07-15,19:50:00,CHX,ChampionX Corporation,Nasdaq,News pending,,
2025-07-15,17:45:19,BOWNU,Bowen Acquisition Corp Unit,Nasdaq,News pending,,
2025-07-15,17:45:19,BOWNR,Bowen Acquisition Corp Rights,Nasdaq,News pending,,
2025-07-15,17:45:19,BOWN,Bowen Acquisition Corp Ordinary Shares,Nasdaq,News pending,,
2025-07-15,15:57:12,SHPH,"""Shuttle Pharmaceuticals Holdings, Inc. Common Stock""",Nasdaq,LULD pause,2025-07-15,16:00:00
2025-07-15,15:53:39,CEPO,"""Cantor Equity Partners I, Inc. Class A Ordinary Shares""",Nasdaq,LULD pause,2025-07-15,16:00:00
2025-07-15,15:47:02,PCLA,PicoCELA Inc. American Depositary Shares,Nasdaq,LULD pause,2025-07-15,16:00:00
2025-07-15,15:36:31,PCLA,PicoCELA Inc. American Depositary Shares,Nasdaq,LULD pause,2025-07-15,15:46:31
2025-07-15,15:15:45,PCLA,PicoCELA Inc. American Depositary Shares,Nasdaq,LULD pause,2025-07-15,15:20:45
2025-07-15,15:12:57,BCTX,Briacell Therapeutics Corp. Common Shares,Nasdaq,LULD pause,2025-07-15,15:17:57
2025-07-15,15:09:41,SNAL,"""Snail, Inc. Class A Common Stock""",Nasdaq,LULD pause,2025-07-15,15:19:41
2025-07-15,15:05:54,BCTX,Briacell Therapeutics Corp. Common Shares,Nasdaq,LULD pause,2025-07-15,15:10:54
2025-07-15,15:04:34,PCLA,PicoCELA Inc. American Depositary Shares,Nasdaq,LULD pause,2025-07-15,15:09:34
2025-07-15,15:04:17,AMZE,"""Amaze Holdings, Inc.""",NYSE American,LULD pause,2025-07-15,15:09:17
2025-07-15,15:00:55,OFAL,OFA Group Ordinary Shares,Nasdaq,LULD pause,2025-07-15,15:05:55
2025-07-15,14:59:04,PCLA,PicoCELA Inc. American Depositary Shares,Nasdaq,LULD pause,2025-07-15,15:04:04
2025-07-15,14:47:10,PCLA,PicoCELA Inc. American Depositary Shares,Nasdaq,LULD pause,2025-07-15,14:52:10
2025-07-15,14:38:44,PCLA,PicoCELA Inc. American Depositary Shares,Nasdaq,LULD pause,2025-07-15,14:43:44
2025-07-15,14:33:02,PCLA,PicoCELA Inc. American Depositary Shares,Nasdaq,LULD pause,2025-07-15,14:38:02
2025-07-15,14:28:23,OFAL,OFA Group Ordinary Shares,Nasdaq,LULD pause,2025-07-15,14:38:23
2025-07-15,14:27:22,PCLA,PicoCELA Inc. American Depositary Shares,Nasdaq,LULD pause,2025-07-15,14:32:22
2025-07-15,14:17:03,PCLA,PicoCELA Inc. American Depositary Shares,Nasdaq,LULD pause,2025-07-15,14:27:03
2025-07-15,14:06:48,PCLA,PicoCELA Inc. American Depositary Shares,Nasdaq,LULD pause,2025-07-15,14:16:48
2025-07-15,14:01:33,PCLA,PicoCELA Inc. American Depositary Shares,Nasdaq,LULD pause,2025-07-15,14:06:33
2025-07-15,13:57:57,AMZE,"""Amaze Holdings, Inc.""",NYSE American,LULD pause,2025-07-15,14:02:57
2025-07-15,13:52:00,AMZE,"""Amaze Holdings, Inc.""",NYSE American,LULD pause,2025-07-15,13:57:00
2025-07-15,13:51:17,PCLA,PicoCELA Inc. American Depositary Shares,Nasdaq,LULD pause,2025-07-15,14:01:17
2025-07-15,13:46:02,PCLA,PicoCELA Inc. American Depositary Shares,Nasdaq,LULD pause,2025-07-15,13:51:02
2025-07-15,13:28:56,CYCC,"""Cyclacel Pharmaceuticals, Inc""",Nasdaq,LULD pause,2025-07-15,13:38:56
2025-07-15,13:18:13,SDM,Smart Digital Group Limited Ordinary Shares,Nasdaq,LULD pause,2025-07-15,13:23:13
2025-07-15,12:59:11,CYCC,"""Cyclacel Pharmaceuticals, Inc""",Nasdaq,LULD pause,2025-07-15,13:09:11
2025-07-15,12:47:32,CYCC,"""Cyclacel Pharmaceuticals, Inc""",Nasdaq,LULD pause,2025-07-15,12:57:32
2025-07-15,12:35:02,PTHL,Pheton Holdings Ltd Class A Ordinary Shares,Nasdaq,LULD pause,2025-07-15,12:45:02
2025-07-15,12:25:41,PTHL,Pheton Holdings Ltd Class A Ordinary Shares,Nasdaq,LULD pause,2025-07-15,12:30:41
2025-07-15,12:16:48,PTHL,Pheton Holdings Ltd Class A Ordinary Shares,Nasdaq,LULD pause,2025-07-15,12:21:48
2025-07-15,12:02:02,ANPA,Rich Sparkle Holdings Limited Ordinary Shares,Nasdaq,LULD pause,2025-07-15,12:07:02
2025-07-15,11:56:27,ANPA,Rich Sparkle Holdings Limited Ordinary Shares,Nasdaq,LULD pause,2025-07-15,12:01:27
2025-07-15,11:39:24,ANPA,Rich Sparkle Holdings Limited Ordinary Shares,Nasdaq,LULD pause,2025-07-15,11:44:24
2025-07-15,11:34:37,CYCC,"""Cyclacel Pharmaceuticals, Inc""",Nasdaq,LULD pause,2025-07-15,11:44:37
2025-07-15,11:28:40,ANPA,Rich Sparkle Holdings Limited Ordinary Shares,Nasdaq,LULD pause,2025-07-15,11:38:40
2025-07-15,11:18:13,ANPA,Rich Sparkle Holdings Limited Ordinary Shares,Nasdaq,LULD pause,2025-07-15,11:28:13
2025-07-15,11:16:37,CYCC,"""Cyclacel Pharmaceuticals, Inc""",Nasdaq,LULD pause,2025-07-15,11:26:37
2025-07-15,11:12:41,ANPA,Rich Sparkle Holdings Limited Ordinary Shares,Nasdaq,LULD pause,2025-07-15,11:17:41
2025-07-15,11:04:45,CYCC,"""Cyclacel Pharmaceuticals, Inc""",Nasdaq,LULD pause,2025-07-15,11:14:45
2025-07-15,11:01:59,ANPA,Rich Sparkle Holdings Limited Ordinary Shares,Nasdaq,LULD pause,2025-07-15,11:12:14
2025-07-15,10:55:16,PLRZ,Polyrizon Ltd. Ordinary Shares,Nasdaq,LULD pause,2025-07-15,11:00:16
2025-07-15,10:51:54,CYCCP,"""Cyclacel Pharmaceuticals, Inc. 6% Cnvrtbl. Prfrd. Stock""",Nasdaq,LULD pause,2025-07-15,10:56:54
2025-07-15,10:49:20,CYCC,"""Cyclacel Pharmaceuticals, Inc""",Nasdaq,LULD pause,2025-07-15,11:04:20
2025-07-15,10:47:53,ANPA,Rich Sparkle Holdings Limited Ordinary Shares,Nasdaq,LULD pause,2025-07-15,10:57:53
2025-07-15,10:38:53,CYCC,"""Cyclacel Pharmaceuticals, Inc""",Nasdaq,LULD pause,2025-07-15,10:48:53
2025-07-15,10:33:20,CYCC,"""Cyclacel Pharmaceuticals, Inc""",Nasdaq,LULD pause,2025-07-15,10:38:20
2025-07-15,10:27:48,CYCC,"""Cyclacel Pharmaceuticals, Inc""",Nasdaq,LULD pause,2025-07-15,10:32:48
2025-07-15,10:27:27,BQ,Boqii Holding Limited,NYSE American,LULD pause,2025-07-15,10:32:27
2025-07-15,10:22:19,CYCC,"""Cyclacel Pharmaceuticals, Inc""",Nasdaq,LULD pause,2025-07-15,10:27:19
2025-07-15,10:09:05,PCLA,PicoCELA Inc. American Depositary Shares,Nasdaq,LULD pause,2025-07-15,10:14:05
2025-07-15,10:08:43,PLRZ,Polyrizon Ltd. Ordinary Shares,Nasdaq,LULD pause,2025-07-15,10:13:43
2025-07-15,10:08:17,CYCC,"""Cyclacel Pharmaceuticals, Inc""",Nasdaq,LULD pause,2025-07-15,10:13:17
2025-07-15,10:02:51,MSW,Ming Shing Group Holdings Limited Ordinary Shares,Nasdaq,LULD pause,2025-07-15,10:07:51
2025-07-15,10:02:19,CYCC,"""Cyclacel Pharmaceuticals, Inc""",Nasdaq,LULD pause,2025-07-15,10:07:19
2025-07-15,09:54:44,CYCC,"""Cyclacel Pharmaceuticals, Inc""",Nasdaq,LULD pause,2025-07-15,09:59:44
2025-07-15,09:51:20,MSW,Ming Shing Group Holdings Limited Ordinary Shares,Nasdaq,LULD pause,2025-07-15,10:01:21
2025-07-15,09:43:50,CYCC,"""Cyclacel Pharmaceuticals, Inc""",Nasdaq,LULD pause,2025-07-15,09:53:50
2025-07-15,09:39:05,RAPT,"""RAPT Therapeutics, Inc. Common Stock""",Nasdaq,LULD pause,2025-07-15,09:44:05
2025-07-15,09:37:21,CYCC,"""Cyclacel Pharmaceuticals, Inc""",Nasdaq,LULD pause,2025-07-15,09:42:21
2025-07-15,09:33:06,KAPA,"""Kairos Pharma, Ltd.""",NYSE American,LULD pause,2025-07-15,09:38:06
2025-07-15,09:31:07,CYCC,"""Cyclacel Pharmaceuticals, Inc""",Nasdaq,LULD pause,2025-07-15,09:36:07
2025-07-15,09:30:16,ISRLU,Israel Acquisitions Corp Unit,Nasdaq,LULD pause,2025-07-15,09:35:16
2025-07-14,19:50:00,LRFC,Logan Ridge Finance Corporation Common Stock,Nasdaq,News pending,,
2025-07-14,16:25:00,XAGEW,"""Longevity Health Holdings, Inc. Warrant""",Nasdaq,News pending,2025-07-14,17:10:00
2025-07-14,16:25:00,XAGE,"""Longevity Health Holdings, Inc. Common Stock""",Nasdaq,News pending,2025-07-14,17:05:00
2025-07-14,16:25:00,SANW,S&W Seed Company,Nasdaq,News pending,2025-07-14,17:00:00
2025-07-14,15:59:39,NUWE,"""Nuwellis, Inc. Common Stock""",Nasdaq,LULD pause,2025-07-14,16:00:00
2025-07-14,15:47:19,RYET,Ruanyun Edai Technology Inc. Ordinary shares,Nasdaq,LULD pause,2025-07-14,16:00:00
2025-07-14,15:17:36,TROO,"""TROOPS, Inc. Ordinary Shares""",Nasdaq,LULD pause,2025-07-14,15:27:36
2025-07-14,15:05:31,TROO,"""TROOPS, Inc. Ordinary Shares""",Nasdaq,LULD pause,2025-07-14,15:15:31
2025-07-14,15:00:08,TROO,"""TROOPS, Inc. Ordinary Shares""",Nasdaq,LULD pause,2025-07-14,15:05:08
2025-07-14,14:49:41,TROO,"""TROOPS, Inc. Ordinary Shares""",Nasdaq,LULD pause,2025-07-14,14:59:41
2025-07-14,14:38:58,TROO,"""TROOPS, Inc. Ordinary Shares""",Nasdaq,LULD pause,2025-07-14,14:48:58
2025-07-14,14:33:23,TROO,"""TROOPS, Inc. Ordinary Shares""",Nasdaq,LULD pause,2025-07-14,14:38:23
2025-07-14,14:11:16,TROO,"""TROOPS, Inc. Ordinary Shares""",Nasdaq,LULD pause,2025-07-14,14:16:16
2025-07-14,14:10:14,MSW,Ming Shing Group Holdings Limited Ordinary Shares,Nasdaq,LULD pause,2025-07-14,14:15:14
2025-07-14,14:04:25,TROO,"""TROOPS, Inc. Ordinary Shares""",Nasdaq,LULD pause,2025-07-14,14:09:25
2025-07-14,14:02:14,SQFT,"""Presidio Property Trust, Inc. Class A Common Stock""",Nasdaq,LULD pause,2025-07-14,14:12:14
2025-07-14,13:59:00,TROO,"""TROOPS, Inc. Ordinary Shares""",Nasdaq,LULD pause,2025-07-14,14:04:00
2025-07-14,13:46:25,TROO,"""TROOPS, Inc. Ordinary Shares""",Nasdaq,LULD pause,2025-07-14,13:51:25
2025-07-14,13:31:41,MSW,Ming Shing Group Holdings Limited Ordinary Shares,Nasdaq,LULD pause,2025-07-14,13:41:41
2025-07-14,13:29:45,TROO,"""TROOPS, Inc. Ordinary Shares""",Nasdaq,LULD pause,2025-07-14,13:34:45
2025-07-14,13:20:22,MSW,Ming Shing Group Holdings Limited Ordinary Shares,Nasdaq,LULD pause,2025-07-14,13:30:23
2025-07-14,13:14:59,MSW,Ming Shing Group Holdings Limited Ordinary Shares,Nasdaq,LULD pause,2025-07-14,13:19:59
2025-07-14,13:13:13,TROO,"""TROOPS, Inc. Ordinary Shares""",Nasdaq,LULD pause,2025-07-14,13:18:13
2025-07-14,13:07:38,MSW,Ming Shing Group Holdings Limited Ordinary Shares,Nasdaq,LULD pause,2025-07-14,13:12:38
2025-07-14,13:01:50,MSW,Ming Shing Group Holdings Limited Ordinary Shares,Nasdaq,LULD pause,2025-07-14,13:06:50
2025-07-14,13:01:12,TROO,"""TROOPS, Inc. Ordinary Shares""",Nasdaq,LULD pause,2025-07-14,13:06:12
2025-07-14,13:00:55,RAYA,Erayak Power Solution Group Inc. Class A Ordinary Shares,Nasdaq,LULD pause,2025-07-14,13:05:55
2025-07-14,13:00:36,IBG,Innovation Beverage Group Limited Ordinary Shares,Nasdaq,LULD pause,2025-07-14,13:05:36
2025-07-14,12:55:30,RAYA,Erayak Power Solution Group Inc. Class A Ordinary Shares,Nasdaq,LULD pause,2025-07-14,13:00:30
2025-07-14,12:55:10,MSW,Ming Shing Group Holdings Limited Ordinary Shares,Nasdaq,LULD pause,2025-07-14,13:00:10
2025-07-14,12:50:45,TROO,"""TROOPS, Inc. Ordinary Shares""",Nasdaq,LULD pause,2025-07-14,12:55:45
2025-07-14,12:44:14,MSW,Ming Shing Group Holdings Limited Ordinary Shares,Nasdaq,LULD pause,2025-07-14,12:54:15
2025-07-14,12:38:44,MSW,Ming Shing Group Holdings Limited Ordinary Shares,Nasdaq,LULD pause,2025-07-14,12:43:44
2025-07-14,12:35:47,TROO,"""TROOPS, Inc. Ordinary Shares""",Nasdaq,LULD pause,2025-07-14,12:40:47
2025-07-14,12:32:54,MSW,Ming Shing Group Holdings Limited Ordinary Shares,Nasdaq,LULD pause,2025-07-14,12:37:54
2025-07-14,12:31:06,LBDKV,Liberty Broadband Corporation Class C Common Stock Ex-distribution When-Issued,Nasdaq,LULD pause,2025-07-14,12:36:06
2025-07-14,12:29:53,TROO,"""TROOPS, Inc. Ordinary Shares""",Nasdaq,LULD pause,2025-07-14,12:34:53
2025-07-14,12:27:28,MSW,Ming Shing Group Holdings Limited Ordinary Shares,Nasdaq,LULD pause,2025-07-14,12:32:28
2025-07-14,12:20:50,TROO,"""TROOPS, Inc. Ordinary Shares""",Nasdaq,LULD pause,2025-07-14,12:25:50
2025-07-14,12:17:01,MSW,Ming Shing Group Holdings Limited Ordinary Shares,Nasdaq,LULD pause,2025-07-14,12:27:02
2025-07-14,12:13:40,TROO,"""TROOPS, Inc. Ordinary Shares""",Nasdaq,LULD pause,2025-07-14,12:18:40
2025-07-14,12:03:55,TROO,"""TROOPS, Inc. Ordinary Shares""",Nasdaq,LULD pause,2025-07-14,12:08:55
2025-07-14,11:56:32,TROO,"""TROOPS, Inc. Ordinary Shares""",Nasdaq,LULD pause,2025-07-14,12:01:32
2025-07-14,11:48:57,TROO,"""TROOPS, Inc. Ordinary Shares""",Nasdaq,LULD pause,2025-07-14,11:53:57
2025-07-14,11:40:54,TROO,"""TROOPS, Inc. Ordinary Shares""",Nasdaq,LULD pause,2025-07-14,11:45:54
2025-07-14,11:36:28,RYET,Ruanyun Edai Technology Inc. Ordinary shares,Nasdaq,LULD pause,2025-07-14,11:41:28
2025-07-14,11:35:30,TROO,"""TROOPS, Inc. Ordinary Shares""",Nasdaq,LULD pause,2025-07-14,11:40:30
2025-07-14,11:31:45,MSW,Ming Shing Group Holdings Limited Ordinary Shares,Nasdaq,LULD pause,2025-07-14,12:16:46
2025-07-14,11:26:56,TROO,"""TROOPS, Inc. Ordinary Shares""",Nasdaq,LULD pause,2025-07-14,11:31:56
2025-07-14,11:24:54,NEGG,"""Newegg Commerce, Inc. Common Shares""",Nasdaq,LULD pause,2025-07-14,11:29:54
2025-07-14,11:24:14,SQFT,"""Presidio Property Trust, Inc. Class A Common Stock""",Nasdaq,LULD pause,2025-07-14,11:29:14
2025-07-14,11:21:19,TROO,"""TROOPS, Inc. Ordinary Shares""",Nasdaq,LULD pause,2025-07-14,11:26:19
2025-07-14,11:18:49,LBDKV,Liberty Broadband Corporation Class C Common Stock Ex-distribution When-Issued,Nasdaq,LULD pause,2025-07-14,11:33:50
2025-07-14,11:13:34,TROO,"""TROOPS, Inc. Ordinary Shares""",Nasdaq,LULD pause,2025-07-14,11:18:34
2025-07-14,11:08:21,SQFT,"""Presidio Property Trust, Inc. Class A Common Stock""",Nasdaq,LULD pause,2025-07-14,11:13:21
2025-07-14,11:07:54,TROO,"""TROOPS, Inc. Ordinary Shares""",Nasdaq,LULD pause,2025-07-14,11:12:54
2025-07-14,10:59:19,TROO,"""TROOPS, Inc. Ordinary Shares""",Nasdaq,LULD pause,2025-07-14,11:04:19
2025-07-14,10:53:25,NCPL,Netcapital Inc. Common Stock,Nasdaq,LULD pause,2025-07-14,10:58:25
2025-07-14,10:50:13,SQFT,"""Presidio Property Trust, Inc. Class A Common Stock""",Nasdaq,LULD pause,2025-07-14,11:00:13
2025-07-14,10:48:31,BGL,Blue Gold Limited Class A Ordinary Shares,Nasdaq,LULD pause,2025-07-14,10:58:31
2025-07-14,10:47:43,TROO,"""TROOPS, Inc. Ordinary Shares""",Nasdaq,LULD pause,2025-07-14,10:57:43
2025-07-14,10:45:09,RYET,Ruanyun Edai Technology Inc. Ordinary shares,Nasdaq,LULD pause,2025-07-14,10:50:09
2025-07-14,10:42:59,SONN,"""Sonnet BioTherapeutics Holdings, Inc. Common Stock""",Nasdaq,LULD pause,2025-07-14,10:47:59
2025-07-14,10:42:21,TROO,"""TROOPS, Inc. Ordinary Shares""",Nasdaq,LULD pause,2025-07-14,10:47:21
2025-07-14,10:36:09,TROO,"""TROOPS, Inc. Ordinary Shares""",Nasdaq,LULD pause,2025-07-14,10:41:09
2025-07-14,10:29:33,BGL,Blue Gold Limited Class A Ordinary Shares,Nasdaq,LULD pause,2025-07-14,10:34:33
2025-07-14,10:26:25,SQFT,"""Presidio Property Trust, Inc. Class A Common Stock""",Nasdaq,LULD pause,2025-07-14,10:31:25
2025-07-14,10:25:17,RYET,Ruanyun Edai Technology Inc. Ordinary shares,Nasdaq,LULD pause,2025-07-14,10:35:18
2025-07-14,10:23:22,LBDKV,Liberty Broadband Corporation Class C Common Stock Ex-distribution When-Issued,Nasdaq,LULD pause,2025-07-14,11:13:23
2025-07-14,10:19:18,RYET,Ruanyun Edai Technology Inc. Ordinary shares,Nasdaq,LULD pause,2025-07-14,10:24:18
2025-07-14,10:12:07,RYET,Ruanyun Edai Technology Inc. Ordinary shares,Nasdaq,LULD pause,2025-07-14,10:17:07
2025-07-14,10:12:00,BGL,Blue Gold Limited Class A Ordinary Shares,Nasdaq,LULD pause,2025-07-14,10:24:06
2025-07-14,10:11:39,SQFT,"""Presidio Property Trust, Inc. Class A Common Stock""",Nasdaq,LULD pause,2025-07-14,10:21:39
2025-07-14,10:08:18,PMN,ProMIS Neurosciences Inc. Common Shares (ON),Nasdaq,LULD pause,2025-07-14,10:13:18
2025-07-14,10:03:04,SQFT,"""Presidio Property Trust, Inc. Class A Common Stock""",Nasdaq,LULD pause,2025-07-14,10:08:04
2025-07-14,10:02:56,LBDKV,Liberty Broadband Corporation Class C Common Stock Ex-distribution When-Issued,Nasdaq,LULD pause,2025-07-14,10:07:56
2025-07-14,10:02:23,RYET,Ruanyun Edai Technology Inc. Ordinary shares,Nasdaq,LULD pause,2025-07-14,10:07:23
2025-07-14,10:02:22,PMN,ProMIS Neurosciences Inc. Common Shares (ON),Nasdaq,LULD pause,2025-07-14,10:07:22
2025-07-14,09:57:36,BMNR,"""BitMine Immersion Technologies, Inc.""",NYSE American,LULD pause,2025-07-14,10:02:36
2025-07-14,09:55:41,SONN,"""Sonnet BioTherapeutics Holdings, Inc. Common Stock""",Nasdaq,LULD pause,2025-07-14,10:00:41
2025-07-14,09:55:10,PMN,ProMIS Neurosciences Inc. Common Shares (ON),Nasdaq,LULD pause,2025-07-14,10:00:10
2025-07-14,09:51:38,EDHL,Everbright Digital Holding Limited Ordinary Shares,Nasdaq,LULD pause,2025-07-14,09:56:38
2025-07-14,09:50:30,LBDKV,Liberty Broadband Corporation Class C Common Stock Ex-distribution When-Issued,Nasdaq,LULD pause,2025-07-14,09:55:30
2025-07-14,09:49:50,ABVE,Above Food Ingredients Inc. Common Stock,Nasdaq,LULD pause,2025-07-14,09:54:50
2025-07-14,09:45:05,SQFT,"""Presidio Property Trust, Inc. Class A Common Stock""",Nasdaq,LULD pause,2025-07-14,09:50:05
2025-07-14,09:44:17,EDHL,Everbright Digital Holding Limited Ordinary Shares,Nasdaq,LULD pause,2025-07-14,09:49:17
2025-07-14,09:44:13,BMNR,"""BitMine Immersion Technologies, Inc.""",NYSE American,LULD pause,2025-07-14,09:49:13
2025-07-14,09:43:58,SONN,"""Sonnet BioTherapeutics Holdings, Inc. Common Stock""",Nasdaq,LULD pause,2025-07-14,09:48:58
2025-07-14,09:43:52,PMN,ProMIS Neurosciences Inc. Common Shares (ON),Nasdaq,LULD pause,2025-07-14,09:48:52
2025-07-14,09:43:24,JXG,JX Luxventure Limited Common Stock,Nasdaq,LULD pause,2025-07-14,09:48:24
2025-07-14,09:39:17,SQFT,"""Presidio Property Trust, Inc. Class A Common Stock""",Nasdaq,LULD pause,2025-07-14,09:44:17
2025-07-14,09:37:44,PMN,ProMIS Neurosciences Inc. Common Shares (ON),Nasdaq,LULD pause,2025-07-14,09:42:44
2025-07-14,09:37:07,EDHL,Everbright Digital Holding Limited Ordinary Shares,Nasdaq,LULD pause,2025-07-14,09:42:07
2025-07-14,09:37:07,RYET,Ruanyun Edai Technology Inc. Ordinary shares,Nasdaq,LULD pause,2025-07-14,10:02:07
2025-07-14,09:36:40,SONN,"""Sonnet BioTherapeutics Holdings, Inc. Common Stock""",Nasdaq,LULD pause,2025-07-14,09:41:40
2025-07-14,09:36:32,BQ,Boqii Holding Limited,NYSE American,LULD pause,2025-07-14,09:56:32
2025-07-14,09:34:12,PTNM,Pitanium Limited Class A Ordinary shares,Nasdaq,LULD pause,2025-07-14,09:39:12
2025-07-14,09:33:34,NEGG,"""Newegg Commerce, Inc. Common Shares""",Nasdaq,LULD pause,2025-07-14,09:38:34
2025-07-14,09:33:22,JXG,JX Luxventure Limited Common Stock,Nasdaq,LULD pause,2025-07-14,09:38:22
2025-07-14,09:33:17,SLE,"""Super League Enterprise, Inc. Common Stock""",Nasdaq,LULD pause,2025-07-14,09:38:17
2025-07-14,09:32:10,GSIW,Garden Stage Limited Ordinary Shares,Nasdaq,LULD pause,2025-07-14,09:37:10
2025-07-14,09:32:07,CIGL,Concorde International Group Ltd Class A Ordinary Shares,Nasdaq,LULD pause,2025-07-14,09:37:07
2025-07-14,09:31:46,MBCN,Middlefield Banc Corp.,Nasdaq,LULD pause,2025-07-14,09:36:46
2025-07-14,09:31:41,RYET,Ruanyun Edai Technology Inc. Ordinary shares,Nasdaq,LULD pause,2025-07-14,09:36:41
2025-07-14,09:31:28,PHGE,BiomX Inc.,NYSE American,LULD pause,2025-07-14,09:36:28
2025-07-14,09:31:03,SONN,"""Sonnet BioTherapeutics Holdings, Inc. Common Stock""",Nasdaq,LULD pause,2025-07-14,09:36:03
2025-07-14,09:30:19,EDHL,Everbright Digital Holding Limited Ordinary Shares,Nasdaq,LULD pause,2025-07-14,09:35:19
2025-07-14,08:16:20,BMNR,"""BitMine Immersion Technologies, Inc.""",NYSE American,News pending,2025-07-14,09:05:00
2025-07-14,07:55:00,EPIX,ESSA Pharma Inc. Common Stock,Nasdaq,News pending,2025-07-14,08:30:00
2025-07-14,07:55:00,VBTX,"""Veritex Holdings, Inc.""",Nasdaq,News pending,2025-07-14,08:35:00
2025-07-14,07:35:01,ROG,Rogers Corporation,NYSE,News pending,2025-07-14,09:14:49
2025-07-14,07:28:57,MGRM,Monogram Technologies Inc. Common Stock,Nasdaq,News pending,2025-07-14,08:10:01
2025-07-11,19:50:00,HTOOW,Fusion Fuel Green PLC Warrant,Nasdaq,News pending,,
2025-07-11,19:50:00,HTOOW,Fusion Fuel Green PLC Warrant,Nasdaq,News pending,2025-07-14,09:05:00
2025-07-11,19:50:00,XAIR,"""Beyond Air, Inc. Common Stock""",Nasdaq,News pending,,
2025-07-11,19:50:00,XAIR,"""Beyond Air, Inc. Common Stock""",Nasdaq,News pending,2025-07-14,09:00:00
2025-07-11,19:50:00,GORV,"""Lazydays Holdings, Inc. Common Stock""",Nasdaq,News pending,,
2025-07-11,19:50:00,GORV,"""Lazydays Holdings, Inc. Common Stock""",Nasdaq,News pending,2025-07-14,09:00:00
2025-07-11,19:50:00,HTOO,Fusion Fuel Green PLC Class A Ordinary Shares,Nasdaq,News pending,2025-07-14,09:00:00
2025-07-11,19:50:00,HTOO,Fusion Fuel Green PLC Class A Ordinary Shares,Nasdaq,News pending,,
2025-07-11,19:50:00,PASG,"""Passage Bio, Inc. Common Stock""",Nasdaq,News pending,,
2025-07-11,19:50:00,PASG,"""Passage Bio, Inc. Common Stock""",Nasdaq,News pending,2025-07-14,09:00:00
2025-07-11,19:50:00,NXTC,"""NextCure, Inc. Common Stock""",Nasdaq,News pending,2025-07-14,09:00:00
2025-07-11,19:50:00,NXTC,"""NextCure, Inc. Common Stock""",Nasdaq,News pending,,
2025-07-11,16:25:00,RARE,Ultragenyx Pharmaceutical Inc.,Nasdaq,News pending,2025-07-11,17:00:00
2025-07-11,16:01:00,AVPTW,"""AvePoint, Inc. Warrant""",Nasdaq,News pending,,
2025-07-11,15:51:35,EDHL,Everbright Digital Holding Limited Ordinary Shares,Nasdaq,LULD pause,2025-07-11,16:00:00
2025-07-11,15:45:15,LION,Lionsgate Studios Corp.,NYSE,LULD pause,2025-07-11,16:00:13
2025-07-11,15:17:04,EDHL,Everbright Digital Holding Limited Ordinary Shares,Nasdaq,LULD pause,2025-07-11,15:27:05
2025-07-11,15:07:28,EDHL,Everbright Digital Holding Limited Ordinary Shares,Nasdaq,LULD pause,2025-07-11,15:12:28
2025-07-11,14:56:51,EDHL,Everbright Digital Holding Limited Ordinary Shares,Nasdaq,LULD pause,2025-07-11,15:06:51
2025-07-11,14:51:05,EDHL,Everbright Digital Holding Limited Ordinary Shares,Nasdaq,LULD pause,2025-07-11,14:56:05
2025-07-11,14:48:03,SDM,Smart Digital Group Limited Ordinary Shares,Nasdaq,LULD pause,2025-07-11,14:58:03
2025-07-11,14:39:12,XIN,Xinyuan Real Estate Co. LTD. American Depositary Shares (each Representing twenty Common Shares),NYSE,News pending,2025-07-14,08:09:41
2025-07-11,14:39:12,XIN,Xinyuan Real Estate Co. LTD. American Depositary Shares (each Representing twenty Common Shares),NYSE,News pending,,
2025-07-11,14:31:17,SDM,Smart Digital Group Limited Ordinary Shares,Nasdaq,LULD pause,2025-07-11,14:41:17
2025-07-11,12:30:57,PTHS,Pelthos Therapeutics Inc.,NYSE American,LULD pause,2025-07-11,12:40:57
2025-07-11,11:57:42,CVM,Cel-Sci Corporation,NYSE American,News pending,2025-07-11,12:55:00
2025-07-11,11:49:36,BQ,Boqii Holding Limited,NYSE American,LULD pause,2025-07-11,11:54:36
2025-07-11,11:37:06,BQ,Boqii Holding Limited,NYSE American,LULD pause,2025-07-11,11:47:06
2025-07-11,11:20:35,BQ,Boqii Holding Limited,NYSE American,LULD pause,2025-07-11,11:35:36
2025-07-11,11:16:25,CVM,Cel-Sci Corporation,NYSE American,LULD pause,2025-07-11,11:26:25
2025-07-11,11:08:09,ABVE,Above Food Ingredients Inc. Common Stock,Nasdaq,LULD pause,2025-07-11,11:13:09
2025-07-11,10:57:52,ATHE,Alterity Therapeutics Limited American Depositary Shares,Nasdaq,LULD pause,2025-07-11,11:02:52
2025-07-11,10:55:10,BQ,Boqii Holding Limited,NYSE American,LULD pause,2025-07-11,11:20:10
2025-07-11,10:44:48,BQ,Boqii Holding Limited,NYSE American,LULD pause,2025-07-11,10:54:48
2025-07-11,10:41:39,INKT,"""MiNK Therapeutics, Inc. Common Stock""",Nasdaq,LULD pause,2025-07-11,10:46:39
2025-07-11,10:39:17,BQ,Boqii Holding Limited,NYSE American,LULD pause,2025-07-11,10:44:17
2025-07-11,10:36:18,GLBAV,Lakeshore Acquisition III Corp. Rights,Nasdaq,LULD pause,2025-07-11,10:46:18
2025-07-11,10:13:43,INKT,"""MiNK Therapeutics, Inc. Common Stock""",Nasdaq,LULD pause,2025-07-11,10:18:43
2025-07-11,10:12:19,BQ,Boqii Holding Limited,NYSE American,LULD pause,2025-07-11,10:38:45
2025-07-11,10:06:40,BQ,Boqii Holding Limited,NYSE American,LULD pause,2025-07-11,10:11:40
2025-07-11,10:02:18,NEGG,"""Newegg Commerce, Inc. Common Shares""",Nasdaq,LULD pause,2025-07-11,10:12:30
2025-07-11,10:01:31,INKT,"""MiNK Therapeutics, Inc. Common Stock""",Nasdaq,LULD pause,2025-07-11,10:06:31
2025-07-11,10:00:45,BQ,Boqii Holding Limited,NYSE American,LULD pause,2025-07-11,10:05:45
2025-07-11,09:50:38,QTTB,Q32 Bio Inc. Common Stock,Nasdaq,LULD pause,2025-07-11,09:55:38
2025-07-11,09:46:55,INKT,"""MiNK Therapeutics, Inc. Common Stock""",Nasdaq,LULD pause,2025-07-11,09:51:55
2025-07-11,09:46:54,CVM,Cel-Sci Corporation,NYSE American,LULD pause,2025-07-11,09:56:54
2025-07-11,09:45:56,MTUL,ETRACS 2x Leveraged MSCI US Momentum Factor TR ETN,NYSE Arca,LULD pause,2025-07-11,09:50:56
2025-07-11,09:43:13,HOLO,MicroCloud Hologram Inc. Ordinary Shares,Nasdaq,LULD pause,2025-07-11,09:48:13
2025-07-11,09:41:28,CVM,Cel-Sci Corporation,NYSE American,LULD pause,2025-07-11,09:46:28
2025-07-11,09:35:35,QTTB,Q32 Bio Inc. Common Stock,Nasdaq,LULD pause,2025-07-11,09:45:35
2025-07-11,09:34:42,INKT,"""MiNK Therapeutics, Inc. Common Stock""",Nasdaq,LULD pause,2025-07-11,09:44:42
2025-07-11,09:32:13,HOLO,MicroCloud Hologram Inc. Ordinary Shares,Nasdaq,LULD pause,2025-07-11,09:42:13
2025-07-11,09:31:31,CIGL,Concorde International Group Ltd Class A Ordinary Shares,Nasdaq,LULD pause,2025-07-11,09:36:31
2025-07-11,09:30:52,CVM,Cel-Sci Corporation,NYSE American,LULD pause,2025-07-11,09:40:52
2025-07-10,16:04:52,XIN,Xinyuan Real Estate Co. LTD. American Depositary Shares (each Representing twenty Common Shares),NYSE,Regulatory Concern,,
2025-07-10,16:04:52,XIN,Xinyuan Real Estate Co. LTD. American Depositary Shares (each Representing twenty Common Shares),NYSE,Regulatory Concern,See Subsequent Halt,See Subsequent Halt
2025-07-10,15:50:15,CIGL,Concorde International Group Ltd Class A Ordinary Shares,Nasdaq,LULD pause,2025-07-10,16:00:00
2025-07-10,15:44:16,CIGL,Concorde International Group Ltd Class A Ordinary Shares,Nasdaq,LULD pause,2025-07-10,15:49:16
2025-07-10,15:34:16,PCTTU,"""PureCycle Technologies, Inc. Unit""",Nasdaq,LULD pause,2025-07-10,15:44:16
2025-07-10,15:32:30,CIGL,Concorde International Group Ltd Class A Ordinary Shares,Nasdaq,LULD pause,2025-07-10,15:37:30
2025-07-10,14:17:47,CIGL,Concorde International Group Ltd Class A Ordinary Shares,Nasdaq,LULD pause,2025-07-10,14:27:47
2025-07-10,14:12:27,CIGL,Concorde International Group Ltd Class A Ordinary Shares,Nasdaq,LULD pause,2025-07-10,14:17:27
2025-07-10,14:11:31,HSCS,HeartSciences Inc. Common Stock,Nasdaq,LULD pause,2025-07-10,14:16:31
2025-07-10,14:01:44,CIGL,Concorde International Group Ltd Class A Ordinary Shares,Nasdaq,LULD pause,2025-07-10,14:11:44
2025-07-10,13:50:28,CIGL,Concorde International Group Ltd Class A Ordinary Shares,Nasdaq,LULD pause,2025-07-10,14:00:50
2025-07-10,13:49:44,MB,MasterBeef Group Ordinary Shares,Nasdaq,LULD pause,2025-07-10,13:54:44
2025-07-10,13:08:15,YSXT,"""YSX Tech. Co., Ltd Class A Ordinary Shares""",Nasdaq,LULD pause,2025-07-10,13:13:15
2025-07-10,12:33:30,SNOA,"""Sonoma Pharmaceuticals, Inc. Common Stock""",Nasdaq,LULD pause,2025-07-10,12:38:30
2025-07-10,12:28:11,YSXT,"""YSX Tech. Co., Ltd Class A Ordinary Shares""",Nasdaq,LULD pause,2025-07-10,12:38:12
2025-07-10,12:20:09,CIGL,Concorde International Group Ltd Class A Ordinary Shares,Nasdaq,LULD pause,2025-07-10,13:50:10
2025-07-10,12:20:01,WHLRP,"""Wheeler Real Estate Investment Trust, Inc. Preferred Stock""",Nasdaq,LULD pause,2025-07-10,12:25:01
2025-07-10,11:38:50,ABVE,Above Food Ingredients Inc. Common Stock,Nasdaq,LULD pause,2025-07-10,11:43:50
2025-07-10,11:31:34,ABVE,Above Food Ingredients Inc. Common Stock,Nasdaq,LULD pause,2025-07-10,11:36:34
2025-07-10,11:27:10,MTEN,Mingteng International Corporation Inc. Ordinary Shares,Nasdaq,LULD pause,2025-07-10,11:37:10
2025-07-10,11:22:49,ABVE,Above Food Ingredients Inc. Common Stock,Nasdaq,LULD pause,2025-07-10,11:27:49
2025-07-10,11:13:39,ABVE,Above Food Ingredients Inc. Common Stock,Nasdaq,LULD pause,2025-07-10,11:18:39
2025-07-10,11:00:48,ABVE,Above Food Ingredients Inc. Common Stock,Nasdaq,LULD pause,2025-07-10,11:05:48
2025-07-10,10:52:10,COOT,Australian Oilseeds Holdings Limited Ordinary Shares,Nasdaq,LULD pause,2025-07-10,10:57:10
2025-07-10,10:51:19,ABVE,Above Food Ingredients Inc. Common Stock,Nasdaq,LULD pause,2025-07-10,10:56:19
2025-07-10,10:42:36,ABVE,Above Food Ingredients Inc. Common Stock,Nasdaq,LULD pause,2025-07-10,10:47:36
2025-07-10,10:36:46,ABVE,Above Food Ingredients Inc. Common Stock,Nasdaq,LULD pause,2025-07-10,10:41:46
2025-07-10,10:29:45,ABVE,Above Food Ingredients Inc. Common Stock,Nasdaq,LULD pause,2025-07-10,10:34:45
2025-07-10,10:24:22,ABVE,Above Food Ingredients Inc. Common Stock,Nasdaq,LULD pause,2025-07-10,10:29:22
2025-07-10,10:18:16,ABVE,Above Food Ingredients Inc. Common Stock,Nasdaq,LULD pause,2025-07-10,10:23:16
2025-07-10,10:16:07,TLIH,Ten-League International Holdings Limited Ordinary Shares,Nasdaq,LULD pause,2025-07-10,10:21:07
2025-07-10,10:07:34,TLIH,Ten-League International Holdings Limited Ordinary Shares,Nasdaq,LULD pause,2025-07-10,10:12:34
2025-07-10,09:56:48,SGN,"""Signing Day Sports, Inc.""",NYSE American,LULD pause,2025-07-10,10:01:48
2025-07-10,09:49:47,ABVE,Above Food Ingredients Inc. Common Stock,Nasdaq,LULD pause,2025-07-10,09:54:47
2025-07-10,09:41:27,FIEE,"""FiEE, Inc Common Stock""",Nasdaq,LULD pause,2025-07-10,09:51:27
2025-07-10,09:40:33,PTHS,Pelthos Therapeutics Inc.,NYSE American,LULD pause,2025-07-10,09:45:33
2025-07-10,09:36:09,EGG,Enigmatig Limited,NYSE American,LULD pause,2025-07-10,09:41:09
2025-07-10,09:34:28,YSXT,"""YSX Tech. Co., Ltd Class A Ordinary Shares""",Nasdaq,LULD pause,2025-07-10,09:39:28
2025-07-10,09:33:28,RARE,Ultragenyx Pharmaceutical Inc.,Nasdaq,LULD pause,2025-07-10,09:38:28
2025-07-10,09:32:23,BGL,Blue Gold Limited Class A Ordinary Shares,Nasdaq,LULD pause,2025-07-10,09:46:36
2025-07-10,07:13:29,MNR,Mach Natural Resources LP Common Units representing Limited Partner Interests,NYSE,News pending,2025-07-10,07:43:07
2025-07-10,00:21:44,YOUL,Youlife Group Inc. American Depositary Shares,Nasdaq,News pending,2025-07-10,04:24:47
2025-07-09,19:50:00,MFI,mF International Limited Class A Ordinary Shares,Nasdaq,News pending,,
2025-07-09,19:50:00,MFI,mF International Limited Class A Ordinary Shares,Nasdaq,News pending,2025-07-10,09:00:00
2025-07-09,16:55:00,FONR,Fonar Corporation,Nasdaq,News pending,2025-07-09,17:30:00
2025-07-09,15:55:25,MFI,mF International Limited Class A Ordinary Shares,Nasdaq,LULD pause,2025-07-09,16:00:00
2025-07-09,15:21:24,ANPA,Rich Sparkle Holdings Limited Ordinary Shares,Nasdaq,LULD pause,2025-07-09,15:26:24
2025-07-09,15:01:49,CIGL,Concorde International Group Ltd Class A Ordinary Shares,Nasdaq,LULD pause,2025-07-09,15:11:50
2025-07-09,14:55:56,CIGL,Concorde International Group Ltd Class A Ordinary Shares,Nasdaq,LULD pause,2025-07-09,15:00:56
2025-07-09,14:40:57,ANPA,Rich Sparkle Holdings Limited Ordinary Shares,Nasdaq,LULD pause,2025-07-09,14:45:57
2025-07-09,14:30:19,ANPA,Rich Sparkle Holdings Limited Ordinary Shares,Nasdaq,LULD pause,2025-07-09,14:40:19
2025-07-09,14:24:22,ANPA,Rich Sparkle Holdings Limited Ordinary Shares,Nasdaq,LULD pause,2025-07-09,14:29:22
2025-07-09,14:13:53,ANPA,Rich Sparkle Holdings Limited Ordinary Shares,Nasdaq,LULD pause,2025-07-09,14:23:53
2025-07-09,14:01:53,CLDI,"""Calidi Biotherapeutics, Inc.""",NYSE American,LULD pause,2025-07-09,14:11:53
2025-07-09,13:58:57,ANPA,Rich Sparkle Holdings Limited Ordinary Shares,Nasdaq,LULD pause,2025-07-09,14:12:54
2025-07-09,13:46:38,ANPA,Rich Sparkle Holdings Limited Ordinary Shares,Nasdaq,LULD pause,2025-07-09,13:56:39
2025-07-09,13:40:17,ANPA,Rich Sparkle Holdings Limited Ordinary Shares,Nasdaq,LULD pause,2025-07-09,13:45:17
2025-07-09,13:32:31,EGG,Enigmatig Limited,NYSE American,LULD pause,2025-07-09,13:37:31
2025-07-09,13:29:22,ANPA,Rich Sparkle Holdings Limited Ordinary Shares,Nasdaq,LULD pause,2025-07-09,13:39:22
2025-07-09,13:26:53,EGG,Enigmatig Limited,NYSE American,LULD pause,2025-07-09,13:31:53
2025-07-09,13:16:46,ANPA,Rich Sparkle Holdings Limited Ordinary Shares,Nasdaq,LULD pause,2025-07-09,13:21:46
2025-07-09,13:15:36,DLXY,Delixy Holdings Limited Ordinary Shares,Nasdaq,LULD pause,2025-07-09,13:20:36
2025-07-09,13:14:01,MSGY,Masonglory Limited Ordinary Shares,Nasdaq,LULD pause,2025-07-09,13:19:01
2025-07-09,13:08:40,MSGY,Masonglory Limited Ordinary Shares,Nasdaq,LULD pause,2025-07-09,13:13:40
2025-07-09,13:06:22,ANPA,Rich Sparkle Holdings Limited Ordinary Shares,Nasdaq,LULD pause,2025-07-09,13:16:22
2025-07-09,13:03:43,EGG,Enigmatig Limited,NYSE American,LULD pause,2025-07-09,13:23:43
2025-07-09,13:02:23,DLXY,Delixy Holdings Limited Ordinary Shares,Nasdaq,LULD pause,2025-07-09,13:07:23
2025-07-09,13:01:04,ANPA,Rich Sparkle Holdings Limited Ordinary Shares,Nasdaq,LULD pause,2025-07-09,13:06:04
2025-07-09,12:57:25,MSGY,Masonglory Limited Ordinary Shares,Nasdaq,LULD pause,2025-07-09,13:07:26
2025-07-09,12:51:43,DLXY,Delixy Holdings Limited Ordinary Shares,Nasdaq,LULD pause,2025-07-09,13:01:49
2025-07-09,12:50:51,MSGY,Masonglory Limited Ordinary Shares,Nasdaq,LULD pause,2025-07-09,12:55:51
2025-07-09,12:50:41,ANPA,Rich Sparkle Holdings Limited Ordinary Shares,Nasdaq,LULD pause,2025-07-09,13:00:42
2025-07-09,12:44:49,ANPA,Rich Sparkle Holdings Limited Ordinary Shares,Nasdaq,LULD pause,2025-07-09,12:49:49
2025-07-09,12:37:26,DLXY,Delixy Holdings Limited Ordinary Shares,Nasdaq,LULD pause,2025-07-09,12:49:54
2025-07-09,12:34:21,ANPA,Rich Sparkle Holdings Limited Ordinary Shares,Nasdaq,LULD pause,2025-07-09,12:44:22
2025-07-09,12:33:18,EGG,Enigmatig Limited,NYSE American,LULD pause,2025-07-09,13:03:18
2025-07-09,12:27:12,EGG,Enigmatig Limited,NYSE American,LULD pause,2025-07-09,12:32:12
2025-07-09,12:26:21,CJMB,Callan JMB Inc. Common Stock,Nasdaq,LULD pause,2025-07-09,12:31:21
2025-07-09,12:23:47,ANPA,Rich Sparkle Holdings Limited Ordinary Shares,Nasdaq,LULD pause,2025-07-09,12:33:57
2025-07-09,12:14:39,EGG,Enigmatig Limited,NYSE American,LULD pause,2025-07-09,12:19:39
2025-07-09,11:41:53,CLDI,"""Calidi Biotherapeutics, Inc.""",NYSE American,LULD pause,2025-07-09,11:46:53
2025-07-09,10:55:48,CLDI,"""Calidi Biotherapeutics, Inc.""",NYSE American,LULD pause,2025-07-09,11:00:48
2025-07-09,10:44:50,SUGP,SU Group Holdings Limited Ordinary Shares,Nasdaq,LULD pause,2025-07-09,10:49:50
2025-07-09,10:36:44,CLDI,"""Calidi Biotherapeutics, Inc.""",NYSE American,LULD pause,2025-07-09,10:41:44
2025-07-09,10:21:22,SUGP,SU Group Holdings Limited Ordinary Shares,Nasdaq,LULD pause,2025-07-09,10:26:22
2025-07-09,10:14:42,SUGP,SU Group Holdings Limited Ordinary Shares,Nasdaq,LULD pause,2025-07-09,10:19:42
2025-07-09,10:13:01,EEIQ,EpicQuest Education Group International Limited Common Stock,Nasdaq,LULD pause,2025-07-09,10:18:01
2025-07-09,10:11:09,BMNR,"""BitMine Immersion Technologies, Inc.""",NYSE American,LULD pause,2025-07-09,10:16:09
2025-07-09,10:10:57,CLDI,"""Calidi Biotherapeutics, Inc.""",NYSE American,LULD pause,2025-07-09,10:15:57
2025-07-09,10:05:47,BMNR,"""BitMine Immersion Technologies, Inc.""",NYSE American,LULD pause,2025-07-09,10:10:47
2025-07-09,10:04:59,EEIQ,EpicQuest Education Group International Limited Common Stock,Nasdaq,LULD pause,2025-07-09,10:09:59
2025-07-09,09:59:46,BMNR,"""BitMine Immersion Technologies, Inc.""",NYSE American,LULD pause,2025-07-09,10:04:46
2025-07-09,09:58:58,SUGP,SU Group Holdings Limited Ordinary Shares,Nasdaq,LULD pause,2025-07-09,10:03:58
2025-07-09,09:47:19,STG,"""Sunlands Technology Group, American Depositary Shares,  American Depositary Shares, every two (2) ADSs representing one (1) Class A Ordinary Share""",NYSE,LULD pause,2025-07-09,09:52:29
2025-07-09,09:47:14,EEIQ,EpicQuest Education Group International Limited Common Stock,Nasdaq,LULD pause,2025-07-09,09:52:14
2025-07-09,09:47:01,EMPG,Empro Group Inc. Ordinary shares,Nasdaq,LULD pause,2025-07-09,09:52:01
2025-07-09,09:46:22,SUGP,SU Group Holdings Limited Ordinary Shares,Nasdaq,LULD pause,2025-07-09,09:51:22
2025-07-09,09:41:30,EEIQ,EpicQuest Education Group International Limited Common Stock,Nasdaq,LULD pause,2025-07-09,09:46:30
2025-07-09,09:40:23,STG,"""Sunlands Technology Group, American Depositary Shares,  American Depositary Shares, every two (2) ADSs representing one (1) Class A Ordinary Share""",NYSE,LULD pause,2025-07-09,09:45:27
2025-07-09,09:36:46,AHG,Akso Health Group ADS,Nasdaq,LULD pause,2025-07-09,09:41:46
2025-07-09,09:36:12,LZMH,LZ Technology Holdings Limited Class B Ordinary Shares,Nasdaq,LULD pause,2025-07-09,09:41:12
2025-07-09,09:35:49,EMPG,Empro Group Inc. Ordinary shares,Nasdaq,LULD pause,2025-07-09,09:45:49
2025-07-09,09:35:14,SUGP,SU Group Holdings Limited Ordinary Shares,Nasdaq,LULD pause,2025-07-09,09:40:14
2025-07-09,09:32:59,STG,"""Sunlands Technology Group, American Depositary Shares,  American Depositary Shares, every two (2) ADSs representing one (1) Class A Ordinary Share""",NYSE,LULD pause,2025-07-09,09:38:08
2025-07-09,09:30:42,ABVC,"""ABVC BioPharma, Inc. Common Stock""",Nasdaq,LULD pause,2025-07-09,09:35:42
2025-07-08,15:49:17,PROK,ProKidney Corp. Class A Ordinary Shares,Nasdaq,LULD pause,2025-07-08,16:00:00
2025-07-08,15:40:19,PROK,ProKidney Corp. Class A Ordinary Shares,Nasdaq,LULD pause,2025-07-08,15:45:19
2025-07-08,15:30:35,PROK,ProKidney Corp. Class A Ordinary Shares,Nasdaq,LULD pause,2025-07-08,15:35:35
2025-07-08,15:24:07,PROK,ProKidney Corp. Class A Ordinary Shares,Nasdaq,LULD pause,2025-07-08,15:29:07
2025-07-08,15:13:46,PROK,ProKidney Corp. Class A Ordinary Shares,Nasdaq,LULD pause,2025-07-08,15:23:46
2025-07-08,15:04:25,PROK,ProKidney Corp. Class A Ordinary Shares,Nasdaq,LULD pause,2025-07-08,15:09:25
2025-07-08,15:00:16,SLNHP,"""Soluna Holdings, Inc 9.0% Series A Cumulative Perpetual Preferred Stock""",Nasdaq,LULD pause,2025-07-08,15:10:16
2025-07-08,14:58:50,PROK,ProKidney Corp. Class A Ordinary Shares,Nasdaq,LULD pause,2025-07-08,15:03:50
2025-07-08,14:52:55,PROK,ProKidney Corp. Class A Ordinary Shares,Nasdaq,LULD pause,2025-07-08,14:57:55
2025-07-08,14:46:14,PROK,ProKidney Corp. Class A Ordinary Shares,Nasdaq,LULD pause,2025-07-08,14:51:14
2025-07-08,14:40:31,PROK,ProKidney Corp. Class A Ordinary Shares,Nasdaq,LULD pause,2025-07-08,14:45:31
2025-07-08,14:39:22,PHH,"""Park Ha Biological Technology Co., Ltd. Ordinary Shares""",Nasdaq,LULD pause,2025-07-08,14:44:22
2025-07-08,14:35:13,PHOE,Phoenix Asia Holdings Limited Ordinary Shares,Nasdaq,LULD pause,2025-07-08,14:45:13
2025-07-08,14:34:22,PROK,ProKidney Corp. Class A Ordinary Shares,Nasdaq,LULD pause,2025-07-08,14:39:22
2025-07-08,14:28:08,PROK,ProKidney Corp. Class A Ordinary Shares,Nasdaq,LULD pause,2025-07-08,14:33:08
2025-07-08,14:27:53,PHH,"""Park Ha Biological Technology Co., Ltd. Ordinary Shares""",Nasdaq,LULD pause,2025-07-08,14:32:53
2025-07-08,14:24:38,PHOE,Phoenix Asia Holdings Limited Ordinary Shares,Nasdaq,LULD pause,2025-07-08,14:34:38
2025-07-08,14:15:50,PROK,ProKidney Corp. Class A Ordinary Shares,Nasdaq,LULD pause,2025-07-08,14:20:50
2025-07-08,14:11:16,PHH,"""Park Ha Biological Technology Co., Ltd. Ordinary Shares""",Nasdaq,LULD pause,2025-07-08,14:16:16
2025-07-08,14:04:51,PROK,ProKidney Corp. Class A Ordinary Shares,Nasdaq,LULD pause,2025-07-08,14:09:51
2025-07-08,14:02:31,PHH,"""Park Ha Biological Technology Co., Ltd. Ordinary Shares""",Nasdaq,LULD pause,2025-07-08,14:07:31
2025-07-08,13:58:15,PROK,ProKidney Corp. Class A Ordinary Shares,Nasdaq,LULD pause,2025-07-08,14:03:15
2025-07-08,13:56:38,PHH,"""Park Ha Biological Technology Co., Ltd. Ordinary Shares""",Nasdaq,LULD pause,2025-07-08,14:01:38
2025-07-08,13:51:03,PROK,ProKidney Corp. Class A Ordinary Shares,Nasdaq,LULD pause,2025-07-08,13:56:03
2025-07-08,13:49:52,PHH,"""Park Ha Biological Technology Co., Ltd. Ordinary Shares""",Nasdaq,LULD pause,2025-07-08,13:54:52
2025-07-08,13:45:04,PROK,ProKidney Corp. Class A Ordinary Shares,Nasdaq,LULD pause,2025-07-08,13:50:04
2025-07-08,13:39:13,PROK,ProKidney Corp. Class A Ordinary Shares,Nasdaq,LULD pause,2025-07-08,13:44:13
2025-07-08,13:38:53,PHH,"""Park Ha Biological Technology Co., Ltd. Ordinary Shares""",Nasdaq,LULD pause,2025-07-08,13:48:53
2025-07-08,13:36:06,SYTA,"""Siyata Mobile, Inc.""",Nasdaq,LULD pause,2025-07-08,13:41:06
2025-07-08,13:33:19,PROK,ProKidney Corp. Class A Ordinary Shares,Nasdaq,LULD pause,2025-07-08,13:38:19
2025-07-08,13:25:18,SYTA,"""Siyata Mobile, Inc.""",Nasdaq,LULD pause,2025-07-08,13:30:18
2025-07-08,13:23:56,PHH,"""Park Ha Biological Technology Co., Ltd. Ordinary Shares""",Nasdaq,LULD pause,2025-07-08,13:36:15
2025-07-08,13:22:23,PROK,ProKidney Corp. Class A Ordinary Shares,Nasdaq,LULD pause,2025-07-08,13:32:23
2025-07-08,13:18:25,PHH,"""Park Ha Biological Technology Co., Ltd. Ordinary Shares""",Nasdaq,LULD pause,2025-07-08,13:23:25
2025-07-08,13:15:53,PROK,ProKidney Corp. Class A Ordinary Shares,Nasdaq,LULD pause,2025-07-08,13:20:53
2025-07-08,13:12:25,PHH,"""Park Ha Biological Technology Co., Ltd. Ordinary Shares""",Nasdaq,LULD pause,2025-07-08,13:17:25
2025-07-08,13:06:20,PHH,"""Park Ha Biological Technology Co., Ltd. Ordinary Shares""",Nasdaq,LULD pause,2025-07-08,13:11:20
2025-07-08,13:05:25,PROK,ProKidney Corp. Class A Ordinary Shares,Nasdaq,LULD pause,2025-07-08,13:15:25
2025-07-08,13:00:23,PHH,"""Park Ha Biological Technology Co., Ltd. Ordinary Shares""",Nasdaq,LULD pause,2025-07-08,13:05:23
2025-07-08,13:00:01,PROK,ProKidney Corp. Class A Ordinary Shares,Nasdaq,LULD pause,2025-07-08,13:05:01
2025-07-08,12:59:21,CPER,United States Copper Index Fund,NYSE Arca,LULD pause,2025-07-08,13:04:21
2025-07-08,12:54:29,PROK,ProKidney Corp. Class A Ordinary Shares,Nasdaq,LULD pause,2025-07-08,12:59:29
2025-07-08,12:44:55,PHH,"""Park Ha Biological Technology Co., Ltd. Ordinary Shares""",Nasdaq,LULD pause,2025-07-08,12:59:56
2025-07-08,12:42:22,PROK,ProKidney Corp. Class A Ordinary Shares,Nasdaq,LULD pause,2025-07-08,12:52:23
2025-07-08,12:32:40,PROK,ProKidney Corp. Class A Ordinary Shares,Nasdaq,LULD pause,2025-07-08,12:37:40
2025-07-08,12:30:16,ZVSA,"""ZyVersa Therapeutics, Inc. Common Stock""",Nasdaq,LULD pause,2025-07-08,12:35:16
2025-07-08,12:24:26,PROK,ProKidney Corp. Class A Ordinary Shares,Nasdaq,LULD pause,2025-07-08,12:29:26
2025-07-08,12:19:50,ZVSA,"""ZyVersa Therapeutics, Inc. Common Stock""",Nasdaq,LULD pause,2025-07-08,12:24:50
2025-07-08,12:19:28,PHH,"""Park Ha Biological Technology Co., Ltd. Ordinary Shares""",Nasdaq,LULD pause,2025-07-08,12:44:29
2025-07-08,12:11:46,PROK,ProKidney Corp. Class A Ordinary Shares,Nasdaq,LULD pause,2025-07-08,12:16:46
2025-07-08,12:03:47,PROK,ProKidney Corp. Class A Ordinary Shares,Nasdaq,LULD pause,2025-07-08,12:08:47
2025-07-08,12:00:41,ZVSA,"""ZyVersa Therapeutics, Inc. Common Stock""",Nasdaq,LULD pause,2025-07-08,12:05:41
2025-07-08,11:52:27,PROK,ProKidney Corp. Class A Ordinary Shares,Nasdaq,LULD pause,2025-07-08,12:02:27
2025-07-08,11:47:02,PROK,ProKidney Corp. Class A Ordinary Shares,Nasdaq,LULD pause,2025-07-08,11:52:02
2025-07-08,11:41:47,PROK,ProKidney Corp. Class A Ordinary Shares,Nasdaq,LULD pause,2025-07-08,11:46:47
2025-07-08,11:30:34,PROK,ProKidney Corp. Class A Ordinary Shares,Nasdaq,LULD pause,2025-07-08,11:40:34
2025-07-08,11:30:14,ANPA,Rich Sparkle Holdings Limited Ordinary Shares,Nasdaq,LULD pause,2025-07-08,11:35:14
2025-07-08,11:24:51,PROK,ProKidney Corp. Class A Ordinary Shares,Nasdaq,LULD pause,2025-07-08,11:29:51
2025-07-08,11:19:36,PROK,ProKidney Corp. Class A Ordinary Shares,Nasdaq,LULD pause,2025-07-08,11:24:36
2025-07-08,11:14:05,PROK,ProKidney Corp. Class A Ordinary Shares,Nasdaq,LULD pause,2025-07-08,11:19:05
2025-07-08,11:12:29,MSGY,Masonglory Limited Ordinary Shares,Nasdaq,LULD pause,2025-07-08,11:17:29
2025-07-08,11:08:34,PROK,ProKidney Corp. Class A Ordinary Shares,Nasdaq,LULD pause,2025-07-08,11:13:34
2025-07-08,11:03:52,PHH,"""Park Ha Biological Technology Co., Ltd. Ordinary Shares""",Nasdaq,LULD pause,2025-07-08,12:19:08
2025-07-08,11:02:20,PROK,ProKidney Corp. Class A Ordinary Shares,Nasdaq,LULD pause,2025-07-08,11:07:20
2025-07-08,10:53:29,PROK,ProKidney Corp. Class A Ordinary Shares,Nasdaq,LULD pause,2025-07-08,10:58:29
2025-07-08,10:47:51,PROK,ProKidney Corp. Class A Ordinary Shares,Nasdaq,LULD pause,2025-07-08,10:52:51
2025-07-08,10:42:35,PROK,ProKidney Corp. Class A Ordinary Shares,Nasdaq,LULD pause,2025-07-08,10:47:35
2025-07-08,10:37:04,PROK,ProKidney Corp. Class A Ordinary Shares,Nasdaq,LULD pause,2025-07-08,10:42:04
2025-07-08,10:33:08,ZEPP,"""Zepp Health Corporation American depositary shares, each representing sixteen Class A ordinary shares""",NYSE,LULD pause,2025-07-08,10:43:58
2025-07-08,10:30:53,PROK,ProKidney Corp. Class A Ordinary Shares,Nasdaq,LULD pause,2025-07-08,10:35:53
2025-07-08,10:20:57,PROK,ProKidney Corp. Class A Ordinary Shares,Nasdaq,LULD pause,2025-07-08,10:25:57
2025-07-08,10:15:23,PROK,ProKidney Corp. Class A Ordinary Shares,Nasdaq,LULD pause,2025-07-08,10:20:23
2025-07-08,10:08:08,UONEK,"""Urban One, Inc. Class D Common Stock""",Nasdaq,LULD pause,2025-07-08,10:13:08
2025-07-08,10:02:27,UONEK,"""Urban One, Inc. Class D Common Stock""",Nasdaq,LULD pause,2025-07-08,10:07:27
2025-07-08,09:55:48,UONEK,"""Urban One, Inc. Class D Common Stock""",Nasdaq,LULD pause,2025-07-08,10:00:48
2025-07-08,09:50:33,IROH,Iron Horse Acquisitions Corp. Common Stock,Nasdaq,LULD pause,2025-07-08,10:00:33
2025-07-08,09:50:18,UONEK,"""Urban One, Inc. Class D Common Stock""",Nasdaq,LULD pause,2025-07-08,09:55:18
2025-07-08,09:44:27,UONEK,"""Urban One, Inc. Class D Common Stock""",Nasdaq,LULD pause,2025-07-08,09:49:27
2025-07-08,09:42:50,IROH,Iron Horse Acquisitions Corp. Common Stock,Nasdaq,LULD pause,2025-07-08,09:47:50
2025-07-08,09:38:57,UONEK,"""Urban One, Inc. Class D Common Stock""",Nasdaq,LULD pause,2025-07-08,09:43:57
2025-07-08,09:38:33,NDRA,ENDRA Life Sciences Inc. Common Stock,Nasdaq,LULD pause,2025-07-08,09:48:33
2025-07-08,09:37:02,IROHU,Iron Horse Acquisitions Corp. Unit,Nasdaq,LULD pause,2025-07-08,10:00:49
2025-07-08,09:36:24,PTHS,Pelthos Therapeutics Inc.,NYSE American,LULD pause,2025-07-08,09:41:24
2025-07-08,09:35:48,IROH,Iron Horse Acquisitions Corp. Common Stock,Nasdaq,LULD pause,2025-07-08,09:40:48
2025-07-08,09:33:19,UONEK,"""Urban One, Inc. Class D Common Stock""",Nasdaq,LULD pause,2025-07-08,09:38:19
2025-07-08,09:30:42,BGL,Blue Gold Limited Class A Ordinary Shares,Nasdaq,LULD pause,2025-07-08,09:40:43
2025-07-08,07:55:00,RLYB,Rallybio Corporation Common Stock,Nasdaq,News pending,2025-07-08,08:30:00
2025-07-08,07:27:20,MBAVW,M3-Brigade Acquisition V Corp. Warrant,Nasdaq,News pending,2025-07-08,08:05:00
2025-07-08,07:27:20,MBAVU,M3-Brigade Acquisition V Corp. Units,Nasdaq,News pending,2025-07-08,08:05:00
2025-07-08,07:27:20,MBAV,M3-Brigade Acquisition V Corp. Class A Ordinary shares,Nasdaq,News pending,2025-07-08,08:00:00
2025-07-07,19:50:00,BNZIW,"""Banzai International, Inc. Warrant""",Nasdaq,News pending,2025-07-08,09:05:00
2025-07-07,19:50:00,BNZIW,"""Banzai International, Inc. Warrant""",Nasdaq,News pending,,
2025-07-07,19:50:00,AKYA,"""Akoya BioSciences, Inc. Common Stock""",Nasdaq,News pending,,
2025-07-07,19:50:00,BNZI,"""Banzai International, Inc. Class A Common Stock""",Nasdaq,News pending,2025-07-08,09:00:00
2025-07-07,19:50:00,BNZI,"""Banzai International, Inc. Class A Common Stock""",Nasdaq,News pending,,
2025-07-07,16:10:00,PBBK,"""PB Bankshares, Inc. Common Stock""",Nasdaq,News pending,2025-07-07,16:45:00
2025-07-07,15:59:31,BDL,Flanigan's Enterprises Inc,NYSE American,LULD pause,2025-07-07,16:00:00
2025-07-07,15:51:51,WHLRL,"""Wheeler Real Estate Investment Trust, Inc. 7.00% Senior Subordinated Convertible Notes Due 2031""",Nasdaq,LULD pause,2025-07-07,16:00:00
2025-07-07,15:17:40,SKBL,Skyline Builders Group Holding Limited Class A Ordinary Shares,Nasdaq,LULD pause,2025-07-07,15:22:40
2025-07-07,13:58:35,BGL,Blue Gold Limited Class A Ordinary Shares,Nasdaq,LULD pause,2025-07-07,14:03:35
2025-07-07,13:53:11,SKBL,Skyline Builders Group Holding Limited Class A Ordinary Shares,Nasdaq,LULD pause,2025-07-07,13:58:11
2025-07-07,13:40:04,PTHS,Pelthos Therapeutics Inc.,NYSE American,LULD pause,2025-07-07,13:50:04
2025-07-07,13:31:56,SKBL,Skyline Builders Group Holding Limited Class A Ordinary Shares,Nasdaq,LULD pause,2025-07-07,13:36:56
2025-07-07,13:31:53,PTHS,Pelthos Therapeutics Inc.,NYSE American,LULD pause,2025-07-07,13:36:53
2025-07-07,13:05:48,PTHS,Pelthos Therapeutics Inc.,NYSE American,LULD pause,2025-07-07,13:30:48
2025-07-07,13:05:25,MAMK,MaxsMaking Inc. Class A Ordinary Shares,Nasdaq,LULD pause,2025-07-07,13:10:25
2025-07-07,12:59:21,ASST,Asset Entities Inc. Class B Common Stock,Nasdaq,LULD pause,2025-07-07,13:04:21
2025-07-07,12:40:37,PTHS,Pelthos Therapeutics Inc.,NYSE American,LULD pause,2025-07-07,12:50:37
2025-07-07,12:18:37,FLYE,"""Fly-E Group, Inc. Common Stock""",Nasdaq,LULD pause,2025-07-07,12:23:37
2025-07-07,12:08:27,SKBL,Skyline Builders Group Holding Limited Class A Ordinary Shares,Nasdaq,LULD pause,2025-07-07,12:13:27
2025-07-07,11:51:06,SKBL,Skyline Builders Group Holding Limited Class A Ordinary Shares,Nasdaq,LULD pause,2025-07-07,11:56:06
2025-07-07,11:44:06,SKBL,Skyline Builders Group Holding Limited Class A Ordinary Shares,Nasdaq,LULD pause,2025-07-07,11:49:06
2025-07-07,11:38:51,PTHS,Pelthos Therapeutics Inc.,NYSE American,LULD pause,2025-07-07,11:43:51
2025-07-07,11:35:09,SKBL,Skyline Builders Group Holding Limited Class A Ordinary Shares,Nasdaq,LULD pause,2025-07-07,11:40:09
2025-07-07,11:32:42,PTHS,Pelthos Therapeutics Inc.,NYSE American,LULD pause,2025-07-07,11:37:42
2025-07-07,11:25:53,SKBL,Skyline Builders Group Holding Limited Class A Ordinary Shares,Nasdaq,LULD pause,2025-07-07,11:30:53
2025-07-07,11:21:44,FLYE,"""Fly-E Group, Inc. Common Stock""",Nasdaq,LULD pause,2025-07-07,11:26:44
2025-07-07,11:19:48,PTHS,Pelthos Therapeutics Inc.,NYSE American,LULD pause,2025-07-07,11:24:48
2025-07-07,11:15:01,SKBL,Skyline Builders Group Holding Limited Class A Ordinary Shares,Nasdaq,LULD pause,2025-07-07,11:20:01
2025-07-07,11:14:02,FLYE,"""Fly-E Group, Inc. Common Stock""",Nasdaq,LULD pause,2025-07-07,11:19:02
2025-07-07,11:13:43,PTHS,Pelthos Therapeutics Inc.,NYSE American,LULD pause,2025-07-07,11:18:43
2025-07-07,11:08:50,SKBL,Skyline Builders Group Holding Limited Class A Ordinary Shares,Nasdaq,LULD pause,2025-07-07,11:13:50
2025-07-07,11:08:01,PTHS,Pelthos Therapeutics Inc.,NYSE American,LULD pause,2025-07-07,11:13:01
2025-07-07,11:03:11,FLYE,"""Fly-E Group, Inc. Common Stock""",Nasdaq,LULD pause,2025-07-07,11:13:11
2025-07-07,11:01:14,PTHS,Pelthos Therapeutics Inc.,NYSE American,LULD pause,2025-07-07,11:06:14
2025-07-07,10:55:43,PTHS,Pelthos Therapeutics Inc.,NYSE American,LULD pause,2025-07-07,11:00:43
2025-07-07,10:49:06,SKBL,Skyline Builders Group Holding Limited Class A Ordinary Shares,Nasdaq,LULD pause,2025-07-07,11:04:07
2025-07-07,10:48:47,PTHS,Pelthos Therapeutics Inc.,NYSE American,LULD pause,2025-07-07,10:53:47
2025-07-07,10:32:32,SKBL,Skyline Builders Group Holding Limited Class A Ordinary Shares,Nasdaq,LULD pause,2025-07-07,10:48:47
2025-07-07,10:29:45,PTHS,Pelthos Therapeutics Inc.,NYSE American,LULD pause,2025-07-07,10:39:45
2025-07-07,10:28:53,BGL,Blue Gold Limited Class A Ordinary Shares,Nasdaq,LULD pause,2025-07-07,10:33:53
2025-07-07,10:27:09,SKBL,Skyline Builders Group Holding Limited Class A Ordinary Shares,Nasdaq,LULD pause,2025-07-07,10:32:09
2025-07-07,10:25:47,NAMM,Namib Minerals Ordinary Shares,Nasdaq,LULD pause,2025-07-07,10:30:47
2025-07-07,10:24:02,PTHS,Pelthos Therapeutics Inc.,NYSE American,LULD pause,2025-07-07,10:29:02
2025-07-07,10:16:31,SKBL,Skyline Builders Group Holding Limited Class A Ordinary Shares,Nasdaq,LULD pause,2025-07-07,10:26:31
2025-07-07,10:13:47,BGL,Blue Gold Limited Class A Ordinary Shares,Nasdaq,LULD pause,2025-07-07,10:18:47
2025-07-07,10:12:01,PTHS,Pelthos Therapeutics Inc.,NYSE American,LULD pause,2025-07-07,10:22:01
2025-07-07,10:10:38,ARTL,"""Artelo Biosciences, Inc. Common Stock""",Nasdaq,LULD pause,2025-07-07,10:15:38
2025-07-07,10:06:30,PTHS,Pelthos Therapeutics Inc.,NYSE American,LULD pause,2025-07-07,10:11:30
2025-07-07,10:04:46,SLNHP,"""Soluna Holdings, Inc 9.0% Series A Cumulative Perpetual Preferred Stock""",Nasdaq,LULD pause,2025-07-07,10:09:46
2025-07-07,09:53:57,PTHS,Pelthos Therapeutics Inc.,NYSE American,LULD pause,2025-07-07,10:03:57
2025-07-07,09:47:57,BGL,Blue Gold Limited Class A Ordinary Shares,Nasdaq,LULD pause,2025-07-07,09:52:57
2025-07-07,09:44:30,WAI,Top KingWin Ltd Class A Ordinary Shares,Nasdaq,LULD pause,2025-07-07,09:49:30
2025-07-07,09:38:59,WAI,Top KingWin Ltd Class A Ordinary Shares,Nasdaq,LULD pause,2025-07-07,09:43:59
2025-07-07,09:37:58,ABVE,Above Food Ingredients Inc. Common Stock,Nasdaq,LULD pause,2025-07-07,09:42:58
2025-07-07,09:36:50,IROH,Iron Horse Acquisitions Corp. Common Stock,Nasdaq,LULD pause,2025-07-07,09:46:50
2025-07-07,09:34:53,SKBL,Skyline Builders Group Holding Limited Class A Ordinary Shares,Nasdaq,LULD pause,2025-07-07,10:16:12
2025-07-07,09:33:28,BMNR,"""BitMine Immersion Technologies, Inc.""",NYSE American,LULD pause,2025-07-07,09:38:28
2025-07-07,09:32:30,WAI,Top KingWin Ltd Class A Ordinary Shares,Nasdaq,LULD pause,2025-07-07,09:37:30
2025-07-07,09:32:12,BGL,Blue Gold Limited Class A Ordinary Shares,Nasdaq,LULD pause,2025-07-07,09:47:12
2025-07-07,09:32:11,COGT,"""Cogent Biosciences, Inc. Common Stock""",Nasdaq,LULD pause,2025-07-07,09:37:11
2025-07-07,09:31:51,CYCC,"""Cyclacel Pharmaceuticals, Inc""",Nasdaq,LULD pause,2025-07-07,09:36:51
2025-07-07,09:31:01,ABVE,Above Food Ingredients Inc. Common Stock,Nasdaq,LULD pause,2025-07-07,09:36:01
2025-07-07,09:30:35,LRHC,La Rosa Holding Corp. Common Stock,Nasdaq,LULD pause,2025-07-07,09:40:35
2025-07-07,09:30:18,MBAVU,M3-Brigade Acquisition V Corp. Units,Nasdaq,LULD pause,2025-07-07,09:35:18
2025-07-07,09:30:15,ELON,BattleShares TSLA vs F ETF,NYSE Arca,LULD pause,2025-07-07,09:35:15
2025-07-03,16:50:00,REVBW,"""Revelation Biosciences, Inc. Warrant""",Nasdaq,News pending,2025-07-07,09:05:00
2025-07-03,16:50:00,REVBW,"""Revelation Biosciences, Inc. Warrant""",Nasdaq,News pending,,
2025-07-03,16:50:00,LRHC,La Rosa Holding Corp. Common Stock,Nasdaq,News pending,2025-07-07,09:00:00
2025-07-03,16:50:00,LRHC,La Rosa Holding Corp. Common Stock,Nasdaq,News pending,,
2025-07-03,16:50:00,CYCCP,"""Cyclacel Pharmaceuticals, Inc. 6% Cnvrtbl. Prfrd. Stock""",Nasdaq,News pending,2025-07-07,09:05:00
2025-07-03,16:50:00,CYCCP,"""Cyclacel Pharmaceuticals, Inc. 6% Cnvrtbl. Prfrd. Stock""",Nasdaq,News pending,,
2025-07-03,16:50:00,CYCC,"""Cyclacel Pharmaceuticals, Inc""",Nasdaq,News pending,,
2025-07-03,16:50:00,CYCC,"""Cyclacel Pharmaceuticals, Inc""",Nasdaq,News pending,2025-07-07,09:00:00
2025-07-03,16:50:00,NUWE,"""Nuwellis, Inc. Common Stock""",Nasdaq,News pending,2025-07-07,09:00:00
2025-07-03,16:50:00,NUWE,"""Nuwellis, Inc. Common Stock""",Nasdaq,News pending,,
2025-07-03,16:50:00,BIVI,"""BioVie, Inc. Common Stock""",Nasdaq,News pending,,
2025-07-03,16:50:00,BIVI,"""BioVie, Inc. Common Stock""",Nasdaq,News pending,2025-07-07,09:00:00
2025-07-03,16:50:00,FLYE,"""Fly-E Group, Inc. Common Stock""",Nasdaq,News pending,2025-07-07,09:00:00
2025-07-03,16:50:00,FLYE,"""Fly-E Group, Inc. Common Stock""",Nasdaq,News pending,,
2025-07-03,16:50:00,REVB,"""Revelation Biosciences, Inc. Common Stock""",Nasdaq,News pending,,
2025-07-03,16:50:00,REVB,"""Revelation Biosciences, Inc. Common Stock""",Nasdaq,News pending,2025-07-07,09:00:00
2025-07-03,16:50:00,LVLU,"""Lulu's Fashion Lounge Holdings, Inc. Common Stock""",Nasdaq,News pending,,
2025-07-03,16:50:00,LVLU,"""Lulu's Fashion Lounge Holdings, Inc. Common Stock""",Nasdaq,News pending,2025-07-07,09:00:00
2025-07-03,12:52:02,BMNR,"""BitMine Immersion Technologies, Inc.""",NYSE American,LULD pause,2025-07-03,13:00:00
2025-07-03,12:09:11,MBNKO,"""Medallion Bank Fixed-Rate Reset Non-Cumulative Perpetual Preferred Stock, Series G, par value $1.00 per share""",Nasdaq,News pending,2025-07-03,12:30:00
2025-07-03,12:09:11,MBNKP,"""Medallion Bank Fixed-to-Floating Rate Non-Cumulative Perpetual Preferred Stock, Series F""",Nasdaq,News pending,,
2025-07-03,11:45:43,EGG,Enigmatig Limited,NYSE American,LULD pause,2025-07-03,11:50:43
2025-07-03,11:27:42,RGC,Regencell Bioscience Holdings Limited Ordinary Shares,Nasdaq,LULD pause,2025-07-03,11:32:42
2025-07-03,11:07:39,BMNR,"""BitMine Immersion Technologies, Inc.""",NYSE American,LULD pause,2025-07-03,11:17:39
2025-07-03,11:01:48,BMNR,"""BitMine Immersion Technologies, Inc.""",NYSE American,LULD pause,2025-07-03,11:06:48
2025-07-03,11:00:44,RGC,Regencell Bioscience Holdings Limited Ordinary Shares,Nasdaq,LULD pause,2025-07-03,11:10:44
2025-07-03,10:55:14,RGC,Regencell Bioscience Holdings Limited Ordinary Shares,Nasdaq,LULD pause,2025-07-03,11:00:14
2025-07-03,10:31:55,IROH,Iron Horse Acquisitions Corp. Common Stock,Nasdaq,LULD pause,2025-07-03,10:36:55
2025-07-03,10:30:14,NYC,American Strategic Investment Co.,NYSE,LULD pause,2025-07-03,10:35:28
2025-07-03,10:21:06,AYRO,"""AYRO, Inc. Common Stock""",Nasdaq,LULD pause,2025-07-03,10:26:06
2025-07-03,10:19:29,SMMT,Summit Therapeutics Inc. Common Stock,Nasdaq,LULD pause,2025-07-03,10:24:29
2025-07-03,10:12:55,XCUR,"""Exicure, Inc. Common Stock""",Nasdaq,LULD pause,2025-07-03,10:22:55
2025-07-03,10:03:48,AUUD,Auddia Inc. Common Stock,Nasdaq,LULD pause,2025-07-03,10:08:48
2025-07-03,09:59:57,LIXT,"""Lixte Biotechnology Holdings, Inc. Common Stock""",Nasdaq,LULD pause,2025-07-03,10:04:57
2025-07-03,09:50:26,RGC,Regencell Bioscience Holdings Limited Ordinary Shares,Nasdaq,LULD pause,2025-07-03,09:55:26
2025-07-03,09:47:32,BGL,Blue Gold Limited Class A Ordinary Shares,Nasdaq,LULD pause,2025-07-03,09:57:32
2025-07-03,09:42:09,RGC,Regencell Bioscience Holdings Limited Ordinary Shares,Nasdaq,LULD pause,2025-07-03,09:47:09
2025-07-03,09:40:27,AUUD,Auddia Inc. Common Stock,Nasdaq,LULD pause,2025-07-03,09:45:27
2025-07-03,09:37:47,CIGL,Concorde International Group Ltd Class A Ordinary Shares,Nasdaq,LULD pause,2025-07-03,09:42:47
2025-07-03,09:36:03,BGL,Blue Gold Limited Class A Ordinary Shares,Nasdaq,LULD pause,2025-07-03,09:46:03
2025-07-03,09:35:07,RGC,Regencell Bioscience Holdings Limited Ordinary Shares,Nasdaq,LULD pause,2025-07-03,09:40:07
2025-07-03,09:33:12,TCAL,T. Rowe Price Capital Appreciation Premium Income ETF,NYSE Arca,LULD pause,2025-07-03,09:38:12
2025-07-03,09:32:20,CIGL,Concorde International Group Ltd Class A Ordinary Shares,Nasdaq,LULD pause,2025-07-03,09:37:20
2025-07-03,09:31:50,HYPD,"""Hyperion DeFi, Inc. Common Stock""",Nasdaq,LULD pause,2025-07-03,09:36:50
2025-07-03,09:31:37,BGLC,BioNexus Gene Lab Corp Common stock,Nasdaq,LULD pause,2025-07-03,09:36:37
2025-07-03,09:30:16,MDBH,"""MDB Capital Holdings, LLC Class A common""",Nasdaq,LULD pause,2025-07-03,09:40:16
2025-07-02,19:51:12,WBX,Wallbox N.V.,NYSE,Corporate Action,,
2025-07-02,19:51:12,WBX,Wallbox N.V.,NYSE,Corporate Action,2025-07-03,09:42:26
2025-07-02,19:50:00,SPRC,SciSparc Ltd. Ordinary Shares,Nasdaq,News pending,2025-07-03,09:00:00
2025-07-02,19:50:00,SPRC,SciSparc Ltd. Ordinary Shares,Nasdaq,News pending,,
2025-07-02,15:57:06,CV,"""CapsoVision, Inc. Common Stock""",Nasdaq,LULD pause,2025-07-02,16:00:00
2025-07-02,15:48:25,BGL,Blue Gold Limited Class A Ordinary Shares,Nasdaq,LULD pause,2025-07-02,16:00:00
2025-07-02,14:53:00,MDBH,"""MDB Capital Holdings, LLC Class A common""",Nasdaq,LULD pause,2025-07-02,14:58:00
2025-07-02,14:08:01,BGL,Blue Gold Limited Class A Ordinary Shares,Nasdaq,LULD pause,2025-07-02,14:18:01
2025-07-02,13:53:38,BGL,Blue Gold Limited Class A Ordinary Shares,Nasdaq,LULD pause,2025-07-02,14:03:39
2025-07-02,12:59:17,BIYA,Baiya International Group Inc. Ordinary Shares,Nasdaq,LULD pause,2025-07-02,13:04:17
2025-07-02,12:22:01,GNTA,Genenta Science S.p.A. American Depositary Shares,Nasdaq,LULD pause,2025-07-02,12:32:01
2025-07-02,11:38:45,SONN,"""Sonnet BioTherapeutics Holdings, Inc. Common Stock""",Nasdaq,LULD pause,2025-07-02,11:48:45
2025-07-02,11:11:51,DAIC,"""CID HoldCo, Inc. Common Stock""",Nasdaq,LULD pause,2025-07-02,11:16:51
2025-07-02,11:11:38,ANNA,"""AleAnna, Inc. Class A Common Stock""",Nasdaq,LULD pause,2025-07-02,11:16:38
2025-07-02,11:03:42,LE,"""Lands' End, Inc. Common Stock""",Nasdaq,LULD pause,2025-07-02,11:08:42
2025-07-02,11:02:17,DAIC,"""CID HoldCo, Inc. Common Stock""",Nasdaq,LULD pause,2025-07-02,11:07:17
2025-07-02,10:51:17,DAIC,"""CID HoldCo, Inc. Common Stock""",Nasdaq,LULD pause,2025-07-02,10:56:17
2025-07-02,10:34:23,BGL,Blue Gold Limited Class A Ordinary Shares,Nasdaq,LULD pause,2025-07-02,10:39:23
2025-07-02,10:20:34,BGL,Blue Gold Limited Class A Ordinary Shares,Nasdaq,LULD pause,2025-07-02,10:30:35
2025-07-02,10:06:59,DDC,DDC Enterprise Limited,NYSE American,LULD pause,2025-07-02,10:11:59
2025-07-02,09:59:07,AEBI,Aebi Schmidt Holding AG Common Stock,Nasdaq,LULD pause,2025-07-02,10:04:07
2025-07-02,09:58:41,BGL,Blue Gold Limited Class A Ordinary Shares,Nasdaq,LULD pause,2025-07-02,10:03:41
2025-07-02,09:54:44,LIXT,"""Lixte Biotechnology Holdings, Inc. Common Stock""",Nasdaq,LULD pause,2025-07-02,09:59:44
2025-07-02,09:52:28,BGL,Blue Gold Limited Class A Ordinary Shares,Nasdaq,LULD pause,2025-07-02,09:57:28
2025-07-02,09:50:29,DAIC,"""CID HoldCo, Inc. Common Stock""",Nasdaq,LULD pause,2025-07-02,09:55:29
2025-07-02,09:48:00,LIXT,"""Lixte Biotechnology Holdings, Inc. Common Stock""",Nasdaq,LULD pause,2025-07-02,09:53:00
2025-07-02,09:47:37,AUUD,Auddia Inc. Common Stock,Nasdaq,LULD pause,2025-07-02,09:52:37
2025-07-02,09:45:16,AEBI,Aebi Schmidt Holding AG Common Stock,Nasdaq,LULD pause,2025-07-02,09:50:16
2025-07-02,09:44:47,BGL,Blue Gold Limited Class A Ordinary Shares,Nasdaq,LULD pause,2025-07-02,09:49:47
2025-07-02,09:44:07,PTHS,Pelthos Therapeutics Inc.,NYSE American,LULD pause,2025-07-02,09:49:07
2025-07-02,09:42:56,NAMM,Namib Minerals Ordinary Shares,Nasdaq,LULD pause,2025-07-02,09:47:56
2025-07-02,09:37:42,BMNR,"""BitMine Immersion Technologies, Inc.""",NYSE American,LULD pause,2025-07-02,09:42:42
2025-07-02,09:37:37,BGL,Blue Gold Limited Class A Ordinary Shares,Nasdaq,LULD pause,2025-07-02,09:42:37
2025-07-02,09:37:32,LIXT,"""Lixte Biotechnology Holdings, Inc. Common Stock""",Nasdaq,LULD pause,2025-07-02,09:42:32
2025-07-02,09:33:33,DAIC,"""CID HoldCo, Inc. Common Stock""",Nasdaq,LULD pause,2025-07-02,09:38:33
2025-07-02,09:32:39,AEBI,Aebi Schmidt Holding AG Common Stock,Nasdaq,LULD pause,2025-07-02,09:42:39
2025-07-02,09:31:27,BGL,Blue Gold Limited Class A Ordinary Shares,Nasdaq,LULD pause,2025-07-02,09:36:27
2025-07-02,09:31:24,ATXG,Addentax Group Corp. Common Stock,Nasdaq,LULD pause,2025-07-02,09:36:24
2025-07-02,09:30:23,SCAG,Scage Future American Depositary Shares,Nasdaq,LULD pause,2025-07-02,09:45:53
2025-07-02,08:41:19,SATX,SatixFy Communications Ltd.,NYSE American,Merger Effective,,
2025-07-02,08:33:41,JNPR,Juniper Networks Inc,NYSE,Merger Effective,,
2025-07-02,06:43:03,ESGRP,Enstar Group Limited Depositary Shares Each Representing 1/1000th of an interest in Preference Shares,Nasdaq,News pending,2025-07-02,10:05:00
2025-07-02,06:43:03,ESGRO,"""Enstar Group Limited Depository Shares 7.00% Perpetual Non-Cumulative Preference Shares, Series E""",Nasdaq,News pending,2025-07-02,10:05:00
2025-07-02,06:43:03,ESGR,Enstar Group,Nasdaq,News pending,,
2025-07-02,00:21:28,PTHS,Pelthos Therapeutics Inc.,NYSE American,Corporate Action,2025-07-02,09:00:00
2025-07-01,19:50:36,CHRO,Channel Therapeutics Corporation,NYSE American,Corporate Action,,
2025-07-01,14:10:04,RCT,RedCloud Holdings plc Ordinary Shares,Nasdaq,LULD pause,2025-07-01,14:15:04
2025-07-01,14:04:34,RCT,RedCloud Holdings plc Ordinary Shares,Nasdaq,LULD pause,2025-07-01,14:09:34
2025-07-01,13:46:42,SCAG,Scage Future American Depositary Shares,Nasdaq,LULD pause,2025-07-01,13:51:42
2025-07-01,13:42:40,BGL,Blue Gold Limited Class A Ordinary Shares,Nasdaq,LULD pause,2025-07-01,13:47:40
2025-07-01,13:28:09,RCT,RedCloud Holdings plc Ordinary Shares,Nasdaq,LULD pause,2025-07-01,13:33:09
2025-07-01,13:26:27,SCAG,Scage Future American Depositary Shares,Nasdaq,LULD pause,2025-07-01,13:36:27
2025-07-01,13:02:19,BALY,Bally's Corporation,NYSE,News pending,2025-07-01,15:26:31
2025-07-01,12:55:06,SCAG,Scage Future American Depositary Shares,Nasdaq,LULD pause,2025-07-01,13:05:06
2025-07-01,12:38:50,SCAG,Scage Future American Depositary Shares,Nasdaq,LULD pause,2025-07-01,12:43:50
2025-07-01,12:37:45,IROH,Iron Horse Acquisitions Corp. Common Stock,Nasdaq,LULD pause,2025-07-01,12:47:45
2025-07-01,12:28:10,YAAS,Youxin Technology Ltd Class A Ordinary shares,Nasdaq,LULD pause,2025-07-01,12:33:10
2025-07-01,12:22:10,SCAG,Scage Future American Depositary Shares,Nasdaq,LULD pause,2025-07-01,12:27:10
2025-07-01,12:15:37,GRAN,Grande Group Limited Class A Ordinary Shares,Nasdaq,LULD pause,2025-07-01,12:25:37
2025-07-01,12:03:37,GRAN,Grande Group Limited Class A Ordinary Shares,Nasdaq,LULD pause,2025-07-01,12:08:37
2025-07-01,12:01:05,SCAG,Scage Future American Depositary Shares,Nasdaq,LULD pause,2025-07-01,12:06:05
2025-07-01,11:59:56,MSC,"""Studio City International Holdings Limited American depositary shares, each representing four Class A ordinary shares""",NYSE,LULD pause,2025-07-01,12:05:01
2025-07-01,11:58:09,YAAS,Youxin Technology Ltd Class A Ordinary shares,Nasdaq,LULD pause,2025-07-01,12:03:09
2025-07-01,11:47:49,YAAS,Youxin Technology Ltd Class A Ordinary shares,Nasdaq,LULD pause,2025-07-01,11:52:49
2025-07-01,11:47:18,BMNR,"""BitMine Immersion Technologies, Inc.""",NYSE American,LULD pause,2025-07-01,11:52:18
2025-07-01,11:42:01,YAAS,Youxin Technology Ltd Class A Ordinary shares,Nasdaq,LULD pause,2025-07-01,11:47:01
2025-07-01,11:40:23,SCAG,Scage Future American Depositary Shares,Nasdaq,LULD pause,2025-07-01,11:50:23
2025-07-01,11:35:30,POLA,"""Polar Power, Inc. Common Stock""",Nasdaq,LULD pause,2025-07-01,11:40:30
2025-07-01,11:34:04,YAAS,Youxin Technology Ltd Class A Ordinary shares,Nasdaq,LULD pause,2025-07-01,11:39:04
2025-07-01,11:26:56,HBNB,Hotel101 Global Holdings Corp. Class A Ordinary Shares,Nasdaq,LULD pause,2025-07-01,11:31:56
2025-07-01,11:21:13,HBNB,Hotel101 Global Holdings Corp. Class A Ordinary Shares,Nasdaq,LULD pause,2025-07-01,11:26:13
2025-07-01,11:16:49,SCAG,Scage Future American Depositary Shares,Nasdaq,LULD pause,2025-07-01,11:21:49
2025-07-01,11:02:27,BMNR,"""BitMine Immersion Technologies, Inc.""",NYSE American,LULD pause,2025-07-01,11:07:27
2025-07-01,10:55:28,YAAS,Youxin Technology Ltd Class A Ordinary shares,Nasdaq,LULD pause,2025-07-01,11:00:28
2025-07-01,10:53:49,RCT,RedCloud Holdings plc Ordinary Shares,Nasdaq,LULD pause,2025-07-01,10:58:49
2025-07-01,10:53:46,CLRO,"""ClearOne, Inc. (DE) Common Stock""",Nasdaq,LULD pause,2025-07-01,10:58:46
2025-07-01,10:53:04,SCAG,Scage Future American Depositary Shares,Nasdaq,LULD pause,2025-07-01,11:03:04
2025-07-01,10:47:27,BGL,Blue Gold Limited Class A Ordinary Shares,Nasdaq,LULD pause,2025-07-01,10:52:27
2025-07-01,10:44:17,YAAS,Youxin Technology Ltd Class A Ordinary shares,Nasdaq,LULD pause,2025-07-01,10:49:17
2025-07-01,10:43:19,IGT,International Game Technology PLC,NYSE,News pending,2025-07-01,11:08:30
2025-07-01,10:39:36,RCT,RedCloud Holdings plc Ordinary Shares,Nasdaq,LULD pause,2025-07-01,10:44:36
2025-07-01,10:39:12,BGL,Blue Gold Limited Class A Ordinary Shares,Nasdaq,LULD pause,2025-07-01,10:44:12
2025-07-01,10:35:38,PCTTU,"""PureCycle Technologies, Inc. Unit""",Nasdaq,LULD pause,2025-07-01,10:45:52
2025-07-01,10:34:36,YAAS,Youxin Technology Ltd Class A Ordinary shares,Nasdaq,LULD pause,2025-07-01,10:39:36
2025-07-01,10:29:05,YAAS,Youxin Technology Ltd Class A Ordinary shares,Nasdaq,LULD pause,2025-07-01,10:34:05
2025-07-01,10:28:40,BGL,Blue Gold Limited Class A Ordinary Shares,Nasdaq,LULD pause,2025-07-01,10:33:40
2025-07-01,10:28:07,RCT,RedCloud Holdings plc Ordinary Shares,Nasdaq,LULD pause,2025-07-01,10:38:07
2025-07-01,10:21:47,CKX,"""CKX Lands, Inc.""",NYSE American,LULD pause,2025-07-01,10:31:47
2025-07-01,10:21:08,JMIA,Jumia Technologies AG,NYSE,LULD pause,2025-07-01,10:26:23
2025-07-01,10:20:11,YAAS,Youxin Technology Ltd Class A Ordinary shares,Nasdaq,LULD pause,2025-07-01,10:25:11
2025-07-01,10:17:04,SCAG,Scage Future American Depositary Shares,Nasdaq,LULD pause,2025-07-01,10:22:04
2025-07-01,10:14:36,BGL,Blue Gold Limited Class A Ordinary Shares,Nasdaq,LULD pause,2025-07-01,10:19:36
2025-07-01,10:14:36,YAAS,Youxin Technology Ltd Class A Ordinary shares,Nasdaq,LULD pause,2025-07-01,10:19:36
2025-07-01,10:10:59,BGLC,BioNexus Gene Lab Corp Common stock,Nasdaq,LULD pause,2025-07-01,10:15:59
2025-07-01,10:10:27,SCAG,Scage Future American Depositary Shares,Nasdaq,LULD pause,2025-07-01,10:15:27
2025-07-01,10:06:32,YAAS,Youxin Technology Ltd Class A Ordinary shares,Nasdaq,LULD pause,2025-07-01,10:11:32
2025-07-01,10:04:26,BGLC,BioNexus Gene Lab Corp Common stock,Nasdaq,LULD pause,2025-07-01,10:09:26
2025-07-01,10:00:39,YAAS,Youxin Technology Ltd Class A Ordinary shares,Nasdaq,LULD pause,2025-07-01,10:05:39
2025-07-01,10:00:04,SCAG,Scage Future American Depositary Shares,Nasdaq,LULD pause,2025-07-01,10:10:04
2025-07-01,09:51:33,TRNR,Interactive Strength Inc. Common Stock,Nasdaq,LULD pause,2025-07-01,09:56:33
2025-07-01,09:47:29,SCAG,Scage Future American Depositary Shares,Nasdaq,LULD pause,2025-07-01,09:57:29
2025-07-01,09:46:23,DOGZ,Dogness (International) Corporation Class A Common Stock,Nasdaq,LULD pause,2025-07-01,09:51:23
2025-07-01,09:46:17,LVLU,"""Lulu's Fashion Lounge Holdings, Inc. Common Stock""",Nasdaq,LULD pause,2025-07-01,09:51:17
2025-07-01,09:43:43,BMNR,"""BitMine Immersion Technologies, Inc.""",NYSE American,LULD pause,2025-07-01,09:48:43
2025-07-01,09:42:29,BGLC,BioNexus Gene Lab Corp Common stock,Nasdaq,LULD pause,2025-07-01,09:47:29
2025-07-01,09:41:26,CLRO,"""ClearOne, Inc. (DE) Common Stock""",Nasdaq,LULD pause,2025-07-01,09:46:26
2025-07-01,09:39:59,TRNR,Interactive Strength Inc. Common Stock,Nasdaq,LULD pause,2025-07-01,09:49:59
2025-07-01,09:37:00,TZUP,Thumzup Media Corporation Common Stock,Nasdaq,LULD pause,2025-07-01,09:42:00
2025-07-01,09:35:00,RCT,RedCloud Holdings plc Ordinary Shares,Nasdaq,LULD pause,2025-07-01,09:40:00
2025-07-01,09:34:50,DDC,DDC Enterprise Limited,NYSE American,LULD pause,2025-07-01,09:39:50
2025-07-01,09:33:55,BMNR,"""BitMine Immersion Technologies, Inc.""",NYSE American,LULD pause,2025-07-01,09:38:55
2025-07-01,09:33:22,LCFY,Locafy Limited Ordinary Share,Nasdaq,LULD pause,2025-07-01,09:38:22
2025-07-01,09:30:35,BGLC,BioNexus Gene Lab Corp Common stock,Nasdaq,LULD pause,2025-07-01,09:35:35
2025-07-01,08:56:15,EVRI,Everi Holdings Inc,NYSE,Merger Effective,,
2025-07-01,08:39:48,SVT,"""Servotronics, Inc.""",NYSE American,Merger Effective,,
2025-07-01,08:08:42,AZEK,The AZEK Company Inc.,NYSE,Merger Effective,,
2025-07-01,08:02:09,OGEN,Oragenics Inc.,NYSE American,News pending,2025-07-01,08:50:00
2025-07-01,02:12:06,JHX,James Hardie Industries plc,NYSE,Corporate Action,2025-07-01,08:08:00
