Halt Date,Halt Time,Symbol,Name,Exchange,Reason,Resume Date,NYSE Resume Time
2026-04-30,19:50:00,MRAL,GraniteShares 2x Long MARA Daily ETF,Nasdaq,News pending,2026-05-01,09:00:00
2026-04-30,19:50:00,MRAL,GraniteShares 2x Long MARA Daily ETF,Nasdaq,News pending,,
2026-04-30,19:50:00,GMEX,GMEX ROBOTICS CORPORATION Class A Ordinary Shares,Nasdaq,News pending,2026-05-01,09:00:00
2026-04-30,19:50:00,GMEX,GMEX ROBOTICS CORPORATION Class A Ordinary Shares,Nasdaq,News pending,,
2026-04-30,19:50:00,MSTP,GraniteShares 2x Long MSTR Daily ETF,Nasdaq,News pending,2026-05-01,09:00:00
2026-04-30,19:50:00,MSTP,GraniteShares 2x Long MSTR Daily ETF,Nasdaq,News pending,,
2026-04-30,19:50:00,SMCL,GraniteShares 2x Long SMCI Daily ETF,Nasdaq,News pending,2026-05-01,09:00:00
2026-04-30,19:50:00,SMCL,GraniteShares 2x Long SMCI Daily ETF,Nasdaq,News pending,,
2026-04-30,19:50:00,TLIH,Ten-League International Holdings Limited Ordinary Shares,Nasdaq,News pending,2026-05-01,09:00:00
2026-04-30,19:50:00,TLIH,Ten-League International Holdings Limited Ordinary Shares,Nasdaq,News pending,,
2026-04-30,15:44:41,SKBL,Skyline Builders Group Holding Limited Class A Ordinary Shares,Nasdaq,LULD pause,2026-04-30,16:00:00
2026-04-30,15:36:38,SKBL,Skyline Builders Group Holding Limited Class A Ordinary Shares,Nasdaq,LULD pause,2026-04-30,15:41:38
2026-04-30,14:54:49,MB,MasterBeef Group Ordinary Shares,Nasdaq,LULD pause,2026-04-30,14:59:49
2026-04-30,14:27:49,AIOS,AIOS Tech Inc. Class A Common Shares,Nasdaq,LULD pause,2026-04-30,14:32:49
2026-04-30,14:27:34,CTNT,Cheetah Net Supply Chain Service Inc. Class A Common Stock,Nasdaq,LULD pause,2026-04-30,14:32:34
2026-04-30,14:14:08,CTNT,Cheetah Net Supply Chain Service Inc. Class A Common Stock,Nasdaq,LULD pause,2026-04-30,14:24:09
2026-04-30,14:03:18,AXSM,"""Axsome Therapeutics, Inc""",Nasdaq,News pending,2026-04-30,14:40:00
2026-04-30,13:32:36,MAXN,"""Maxeon Solar Technologies, Ltd. Ordinary Shares""",Nasdaq,LULD pause,2026-04-30,13:37:36
2026-04-30,13:10:14,GYRO,"""Gyrodyne, LLC Common Stock""",Nasdaq,LULD pause,2026-04-30,13:15:14
2026-04-30,13:00:48,GYRO,"""Gyrodyne, LLC Common Stock""",Nasdaq,LULD pause,2026-04-30,13:05:48
2026-04-30,12:28:55,AKAN,Akanda Corp. Common Shares,Nasdaq,LULD pause,2026-04-30,12:38:55
2026-04-30,11:26:46,UBXG,U-BX Technology Ltd. Class A Ordinary Shares,Nasdaq,LULD pause,2026-04-30,11:31:46
2026-04-30,11:21:01,UBXG,U-BX Technology Ltd. Class A Ordinary Shares,Nasdaq,LULD pause,2026-04-30,11:26:01
2026-04-30,11:19:36,WTF,Waton Financial Limited Ordinary Shares,Nasdaq,LULD pause,2026-04-30,11:24:36
2026-04-30,11:19:20,MBSX,Regan Fixed Rate MBS ETF,NYSE Arca,LULD pause,2026-04-30,11:24:20
2026-04-30,11:10:48,WNW,Meiwu Technology Company Limited Ordinary Shares,Nasdaq,LULD pause,2026-04-30,11:15:48
2026-04-30,11:03:05,WNW,Meiwu Technology Company Limited Ordinary Shares,Nasdaq,LULD pause,2026-04-30,11:08:05
2026-04-30,11:01:55,VLN,Valens Semiconductor Ltd.,NYSE,LULD pause,2026-04-30,11:06:58
2026-04-30,10:45:05,WNW,Meiwu Technology Company Limited Ordinary Shares,Nasdaq,LULD pause,2026-04-30,10:50:05
2026-04-30,10:18:44,RDAC,Rising Dragon Acquisition Corp. Ordinary Shares,Nasdaq,LULD pause,2026-04-30,10:23:44
2026-04-30,10:16:41,WNW,Meiwu Technology Company Limited Ordinary Shares,Nasdaq,LULD pause,2026-04-30,10:42:01
2026-04-30,10:13:59,WLACU,Willow Lane Acquisition Corp. Unit,Nasdaq,LULD pause,2026-04-30,10:18:59
2026-04-30,10:11:49,HCAI,"""Huachen AI Parking Management Technology Holding Co., Ltd. Ordinary Shares""",Nasdaq,LULD pause,2026-04-30,10:21:49
2026-04-30,10:08:13,RDAC,Rising Dragon Acquisition Corp. Ordinary Shares,Nasdaq,LULD pause,2026-04-30,10:13:13
2026-04-30,10:04:40,SKBL,Skyline Builders Group Holding Limited Class A Ordinary Shares,Nasdaq,LULD pause,2026-04-30,10:09:40
2026-04-30,10:00:04,RDAC,Rising Dragon Acquisition Corp. Ordinary Shares,Nasdaq,LULD pause,2026-04-30,10:05:04
2026-04-30,09:59:42,TMTSU,Spartacus Acquisition Corp. II Unit,Nasdaq,LULD pause,2026-04-30,10:04:42
2026-04-30,09:56:53,HCAI,"""Huachen AI Parking Management Technology Holding Co., Ltd. Ordinary Shares""",Nasdaq,LULD pause,2026-04-30,10:01:53
2026-04-30,09:52:24,SKBL,Skyline Builders Group Holding Limited Class A Ordinary Shares,Nasdaq,LULD pause,2026-04-30,09:57:24
2026-04-30,09:51:10,HCAI,"""Huachen AI Parking Management Technology Holding Co., Ltd. Ordinary Shares""",Nasdaq,LULD pause,2026-04-30,09:56:10
2026-04-30,09:40:21,HAO,Haoxi Health Technology Limited Class A Ordinary Shares,Nasdaq,LULD pause,2026-04-30,09:45:21
2026-04-30,09:37:41,CTNT,Cheetah Net Supply Chain Service Inc. Class A Common Stock,Nasdaq,LULD pause,2026-04-30,09:42:41
2026-04-30,09:33:54,ENVB,"""Enveric Biosciences, Inc. Common Stock""",Nasdaq,LULD pause,2026-04-30,09:38:54
2026-04-30,09:31:57,CTNT,Cheetah Net Supply Chain Service Inc. Class A Common Stock,Nasdaq,LULD pause,2026-04-30,09:36:57
2026-04-30,09:31:37,HCAI,"""Huachen AI Parking Management Technology Holding Co., Ltd. Ordinary Shares""",Nasdaq,LULD pause,2026-04-30,09:41:37
2026-04-30,09:30:51,HAO,Haoxi Health Technology Limited Class A Ordinary Shares,Nasdaq,LULD pause,2026-04-30,09:35:51
2026-04-30,09:30:49,RDACU,Rising Dragon Acquisition Corp. Unit,Nasdaq,LULD pause,2026-04-30,09:58:56
2026-04-30,07:55:02,ITGR,Integer Holdings Corporation,NYSE,News pending,2026-04-30,08:12:17
2026-04-30,06:55:00,VISN,"""Vistance Networks, Inc. Common Stock""",Nasdaq,News pending,2026-04-30,07:30:00
2026-04-29,19:50:00,UK,Ucommune International Ltd Ordinary Shares,Nasdaq,News pending,2026-04-30,09:00:00
2026-04-29,19:50:00,UK,Ucommune International Ltd Ordinary Shares,Nasdaq,News pending,,
2026-04-29,19:50:00,BKYI,"""BIO-key International, Inc. Common Stock""",Nasdaq,News pending,,
2026-04-29,19:50:00,BKYI,"""BIO-key International, Inc. Common Stock""",Nasdaq,News pending,2026-04-30,09:03:00
2026-04-29,19:50:00,AIRE,reAlpha Tech Corp. Common Stock,Nasdaq,News pending,2026-04-30,09:00:00
2026-04-29,19:50:00,AIRE,reAlpha Tech Corp. Common Stock,Nasdaq,News pending,,
2026-04-29,19:50:00,JAGX,"""Jaguar Health, Inc.""",Nasdaq,News pending,2026-04-30,09:00:00
2026-04-29,19:50:00,JAGX,"""Jaguar Health, Inc.""",Nasdaq,News pending,,
2026-04-29,19:50:00,GDEN,"""Golden Entertainment, Inc. Common Stock""",Nasdaq,News pending,,
2026-04-29,15:47:21,RDACU,Rising Dragon Acquisition Corp. Unit,Nasdaq,LULD pause,2026-04-29,16:00:00
2026-04-29,15:31:39,RDAC,Rising Dragon Acquisition Corp. Ordinary Shares,Nasdaq,LULD pause,2026-04-29,15:41:39
2026-04-29,15:22:46,RDACU,Rising Dragon Acquisition Corp. Unit,Nasdaq,LULD pause,2026-04-29,15:27:46
2026-04-29,14:53:09,RDACU,Rising Dragon Acquisition Corp. Unit,Nasdaq,LULD pause,2026-04-29,14:58:09
2026-04-29,14:53:01,RDAC,Rising Dragon Acquisition Corp. Ordinary Shares,Nasdaq,LULD pause,2026-04-29,14:58:01
2026-04-29,14:47:53,HSPTU,Horizon Space Acquisition II Corp. Units,Nasdaq,LULD pause,2026-04-29,14:52:53
2026-04-29,14:44:11,RDAC,Rising Dragon Acquisition Corp. Ordinary Shares,Nasdaq,LULD pause,2026-04-29,14:49:11
2026-04-29,14:29:16,HSPTU,Horizon Space Acquisition II Corp. Units,Nasdaq,LULD pause,2026-04-29,14:34:16
2026-04-29,14:04:42,RDAC,Rising Dragon Acquisition Corp. Ordinary Shares,Nasdaq,LULD pause,2026-04-29,14:09:42
2026-04-29,14:01:18,RDACU,Rising Dragon Acquisition Corp. Unit,Nasdaq,LULD pause,2026-04-29,14:06:18
2026-04-29,13:49:23,RDAC,Rising Dragon Acquisition Corp. Ordinary Shares,Nasdaq,LULD pause,2026-04-29,13:59:23
2026-04-29,13:43:47,RDAC,Rising Dragon Acquisition Corp. Ordinary Shares,Nasdaq,LULD pause,2026-04-29,13:48:47
2026-04-29,13:39:24,RDACU,Rising Dragon Acquisition Corp. Unit,Nasdaq,LULD pause,2026-04-29,13:50:26
2026-04-29,13:30:47,RDAC,Rising Dragon Acquisition Corp. Ordinary Shares,Nasdaq,LULD pause,2026-04-29,13:35:47
2026-04-29,13:29:44,RDACU,Rising Dragon Acquisition Corp. Unit,Nasdaq,LULD pause,2026-04-29,13:34:44
2026-04-29,13:25:22,RDAC,Rising Dragon Acquisition Corp. Ordinary Shares,Nasdaq,LULD pause,2026-04-29,13:30:22
2026-04-29,13:14:12,RDAC,Rising Dragon Acquisition Corp. Ordinary Shares,Nasdaq,LULD pause,2026-04-29,13:24:57
2026-04-29,13:12:28,RDACU,Rising Dragon Acquisition Corp. Unit,Nasdaq,LULD pause,2026-04-29,13:22:38
2026-04-29,12:30:23,RDAC,Rising Dragon Acquisition Corp. Ordinary Shares,Nasdaq,LULD pause,2026-04-29,12:35:23
2026-04-29,12:24:54,RDAC,Rising Dragon Acquisition Corp. Ordinary Shares,Nasdaq,LULD pause,2026-04-29,12:29:54
2026-04-29,12:19:33,RDACU,Rising Dragon Acquisition Corp. Unit,Nasdaq,LULD pause,2026-04-29,12:24:33
2026-04-29,12:16:04,RDAC,Rising Dragon Acquisition Corp. Ordinary Shares,Nasdaq,LULD pause,2026-04-29,12:21:04
2026-04-29,12:01:27,RDAC,Rising Dragon Acquisition Corp. Ordinary Shares,Nasdaq,LULD pause,2026-04-29,12:06:27
2026-04-29,11:58:38,AKAN,Akanda Corp. Common Shares,Nasdaq,LULD pause,2026-04-29,12:03:38
2026-04-29,11:56:02,RDAC,Rising Dragon Acquisition Corp. Ordinary Shares,Nasdaq,LULD pause,2026-04-29,12:01:02
2026-04-29,11:32:53,RDACU,Rising Dragon Acquisition Corp. Unit,Nasdaq,LULD pause,2026-04-29,11:47:54
2026-04-29,11:22:51,RDAC,Rising Dragon Acquisition Corp. Ordinary Shares,Nasdaq,LULD pause,2026-04-29,11:32:51
2026-04-29,11:17:30,RDAC,Rising Dragon Acquisition Corp. Ordinary Shares,Nasdaq,LULD pause,2026-04-29,11:22:30
2026-04-29,11:17:13,EEIQ,EpicQuest Education Group International Limited Common Stock,Nasdaq,LULD pause,2026-04-29,11:22:13
2026-04-29,11:02:22,RDAC,Rising Dragon Acquisition Corp. Ordinary Shares,Nasdaq,LULD pause,2026-04-29,11:12:22
2026-04-29,10:51:26,HSPT,Horizon Space Acquisition II Corp. Ordinary share,Nasdaq,LULD pause,2026-04-29,10:56:26
2026-04-29,10:38:56,RDAC,Rising Dragon Acquisition Corp. Ordinary Shares,Nasdaq,LULD pause,2026-04-29,10:43:56
2026-04-29,10:30:51,HSPT,Horizon Space Acquisition II Corp. Ordinary share,Nasdaq,LULD pause,2026-04-29,10:40:52
2026-04-29,10:29:24,EUDA,EUDA Health Holdings Limited Ordinary Shares,Nasdaq,LULD pause,2026-04-29,10:39:24
2026-04-29,10:28:34,RDAC,Rising Dragon Acquisition Corp. Ordinary Shares,Nasdaq,LULD pause,2026-04-29,10:38:34
2026-04-29,10:25:20,HSPT,Horizon Space Acquisition II Corp. Ordinary share,Nasdaq,LULD pause,2026-04-29,10:30:20
2026-04-29,10:20:16,BAFN,BayFirst Financial Corp. Common Stock,Nasdaq,LULD pause,2026-04-29,10:25:16
2026-04-29,10:19:00,EUDA,EUDA Health Holdings Limited Ordinary Shares,Nasdaq,LULD pause,2026-04-29,10:29:01
2026-04-29,10:17:48,RDAC,Rising Dragon Acquisition Corp. Ordinary Shares,Nasdaq,LULD pause,2026-04-29,10:27:48
2026-04-29,10:15:02,HSPT,Horizon Space Acquisition II Corp. Ordinary share,Nasdaq,LULD pause,2026-04-29,10:25:02
2026-04-29,10:13:31,EUDA,EUDA Health Holdings Limited Ordinary Shares,Nasdaq,LULD pause,2026-04-29,10:18:31
2026-04-29,10:12:25,RDAC,Rising Dragon Acquisition Corp. Ordinary Shares,Nasdaq,LULD pause,2026-04-29,10:17:25
2026-04-29,10:12:17,UBXG,U-BX Technology Ltd. Class A Ordinary Shares,Nasdaq,LULD pause,2026-04-29,10:17:17
2026-04-29,10:07:00,RDAC,Rising Dragon Acquisition Corp. Ordinary Shares,Nasdaq,LULD pause,2026-04-29,10:12:00
2026-04-29,10:02:37,EUDA,EUDA Health Holdings Limited Ordinary Shares,Nasdaq,LULD pause,2026-04-29,10:12:37
2026-04-29,09:56:38,RDAC,Rising Dragon Acquisition Corp. Ordinary Shares,Nasdaq,LULD pause,2026-04-29,10:06:38
2026-04-29,09:52:05,EUDA,EUDA Health Holdings Limited Ordinary Shares,Nasdaq,LULD pause,2026-04-29,10:02:05
2026-04-29,09:48:39,CTNT,Cheetah Net Supply Chain Service Inc. Class A Common Stock,Nasdaq,LULD pause,2026-04-29,09:53:39
2026-04-29,09:48:23,RDACU,Rising Dragon Acquisition Corp. Unit,Nasdaq,LULD pause,2026-04-29,11:28:24
2026-04-29,09:42:59,CTNT,Cheetah Net Supply Chain Service Inc. Class A Common Stock,Nasdaq,LULD pause,2026-04-29,09:47:59
2026-04-29,09:42:20,CAR,"""Avis Budget Group, Inc.""",Nasdaq,LULD pause,2026-04-29,09:47:20
2026-04-29,09:36:16,HTCO,High-Trend International Group Class A Ordinary Shares,Nasdaq,LULD pause,2026-04-29,09:41:16
2026-04-29,09:35:23,RDAC,Rising Dragon Acquisition Corp. Ordinary Shares,Nasdaq,LULD pause,2026-04-29,09:56:12
2026-04-29,09:32:14,CAR,"""Avis Budget Group, Inc.""",Nasdaq,LULD pause,2026-04-29,09:37:14
2026-04-29,09:31:22,CTNT,Cheetah Net Supply Chain Service Inc. Class A Common Stock,Nasdaq,LULD pause,2026-04-29,09:41:23
2026-04-29,09:30:15,HOII,REX HOOD Growth & Income ETF,Cboe BZX,LULD pause,2026-04-29,09:35:15
2026-04-29,06:55:00,KALV,"""KalVista Pharmaceuticals, Inc. Common Stock""",Nasdaq,News pending,2026-04-29,07:35:01
2026-04-28,19:50:00,EM,Smart Share Global Limited American Depositary Shares,Nasdaq,News pending,,
2026-04-28,19:50:00,CTNT,Cheetah Net Supply Chain Service Inc. Class A Common Stock,Nasdaq,News pending,,
2026-04-28,19:50:00,CTNT,Cheetah Net Supply Chain Service Inc. Class A Common Stock,Nasdaq,News pending,2026-04-29,09:00:00
2026-04-28,15:57:04,NOEMU,CO2 Energy Transition Corp. Unit,Nasdaq,LULD pause,2026-04-28,16:00:00
2026-04-28,15:33:44,AKAN,Akanda Corp. Common Shares,Nasdaq,LULD pause,2026-04-28,15:43:44
2026-04-28,15:32:48,ATER,"""Aterian, Inc. Common Stock""",Nasdaq,LULD pause,2026-04-28,15:37:48
2026-04-28,15:15:33,ATER,"""Aterian, Inc. Common Stock""",Nasdaq,LULD pause,2026-04-28,15:20:33
2026-04-28,15:00:22,ATER,"""Aterian, Inc. Common Stock""",Nasdaq,LULD pause,2026-04-28,15:05:22
2026-04-28,14:49:57,ATER,"""Aterian, Inc. Common Stock""",Nasdaq,LULD pause,2026-04-28,14:59:57
2026-04-28,14:44:42,ATER,"""Aterian, Inc. Common Stock""",Nasdaq,LULD pause,2026-04-28,14:49:42
2026-04-28,14:17:51,IPST,"""IP Strategy Holdings, Inc. Common Stock""",Nasdaq,LULD pause,2026-04-28,14:22:51
2026-04-28,14:07:03,IPST,"""IP Strategy Holdings, Inc. Common Stock""",Nasdaq,LULD pause,2026-04-28,14:12:03
2026-04-28,14:03:36,AKAN,Akanda Corp. Common Shares,Nasdaq,LULD pause,2026-04-28,14:08:36
2026-04-28,14:00:55,IPST,"""IP Strategy Holdings, Inc. Common Stock""",Nasdaq,LULD pause,2026-04-28,14:05:55
2026-04-28,13:53:11,AKAN,Akanda Corp. Common Shares,Nasdaq,LULD pause,2026-04-28,13:58:11
2026-04-28,13:46:41,AKAN,Akanda Corp. Common Shares,Nasdaq,LULD pause,2026-04-28,13:51:41
2026-04-28,13:35:36,AKAN,Akanda Corp. Common Shares,Nasdaq,LULD pause,2026-04-28,13:45:36
2026-04-28,13:30:18,AKAN,Akanda Corp. Common Shares,Nasdaq,LULD pause,2026-04-28,13:35:18
2026-04-28,13:20:01,AKAN,Akanda Corp. Common Shares,Nasdaq,LULD pause,2026-04-28,13:30:01
2026-04-28,13:09:33,AKAN,Akanda Corp. Common Shares,Nasdaq,LULD pause,2026-04-28,13:19:34
2026-04-28,13:08:04,HTCO,High-Trend International Group Class A Ordinary Shares,Nasdaq,LULD pause,2026-04-28,13:13:04
2026-04-28,12:56:45,HTCO,High-Trend International Group Class A Ordinary Shares,Nasdaq,LULD pause,2026-04-28,13:06:45
2026-04-28,12:49:56,HTCO,High-Trend International Group Class A Ordinary Shares,Nasdaq,LULD pause,2026-04-28,12:54:56
2026-04-28,12:35:21,HTCO,High-Trend International Group Class A Ordinary Shares,Nasdaq,LULD pause,2026-04-28,12:45:21
2026-04-28,12:29:00,HTCO,High-Trend International Group Class A Ordinary Shares,Nasdaq,LULD pause,2026-04-28,12:34:00
2026-04-28,11:41:27,ATER,"""Aterian, Inc. Common Stock""",Nasdaq,LULD pause,2026-04-28,11:46:27
2026-04-28,11:27:19,MB,MasterBeef Group Ordinary Shares,Nasdaq,LULD pause,2026-04-28,11:32:19
2026-04-28,11:20:04,WLACU,Willow Lane Acquisition Corp. Unit,Nasdaq,LULD pause,2026-04-28,11:25:04
2026-04-28,11:11:45,MB,MasterBeef Group Ordinary Shares,Nasdaq,LULD pause,2026-04-28,11:16:45
2026-04-28,11:02:10,MB,MasterBeef Group Ordinary Shares,Nasdaq,LULD pause,2026-04-28,11:07:10
2026-04-28,10:51:34,MB,MasterBeef Group Ordinary Shares,Nasdaq,LULD pause,2026-04-28,10:56:34
2026-04-28,10:44:58,HTCO,High-Trend International Group Class A Ordinary Shares,Nasdaq,LULD pause,2026-04-28,10:49:58
2026-04-28,10:44:41,ATER,"""Aterian, Inc. Common Stock""",Nasdaq,LULD pause,2026-04-28,10:49:41
2026-04-28,10:40:17,MB,MasterBeef Group Ordinary Shares,Nasdaq,LULD pause,2026-04-28,10:50:17
2026-04-28,10:38:13,LICN,Lichen China Limited Class A Ordinary Shares,Nasdaq,LULD pause,2026-04-28,10:43:13
2026-04-28,10:33:01,MB,MasterBeef Group Ordinary Shares,Nasdaq,LULD pause,2026-04-28,10:38:01
2026-04-28,10:30:45,LICN,Lichen China Limited Class A Ordinary Shares,Nasdaq,LULD pause,2026-04-28,10:35:45
2026-04-28,10:29:38,JLHL,Julong Holding Limited Class A Ordinary Shares,Nasdaq,LULD pause,2026-04-28,10:34:38
2026-04-28,10:28:50,HTCO,High-Trend International Group Class A Ordinary Shares,Nasdaq,LULD pause,2026-04-28,10:33:50
2026-04-28,10:26:17,MB,MasterBeef Group Ordinary Shares,Nasdaq,LULD pause,2026-04-28,10:31:17
2026-04-28,10:18:58,HTCO,High-Trend International Group Class A Ordinary Shares,Nasdaq,LULD pause,2026-04-28,10:23:58
2026-04-28,10:10:43,HTCO,High-Trend International Group Class A Ordinary Shares,Nasdaq,LULD pause,2026-04-28,10:15:43
2026-04-28,10:07:41,AFJK,"""Aimei Health Technology Co., Ltd Ordinary Share""",Nasdaq,LULD pause,2026-04-28,10:12:41
2026-04-28,10:07:05,MIGI,"""Big Digital Energy, Inc. Common Stock""",Nasdaq,LULD pause,2026-04-28,10:12:05
2026-04-28,10:05:13,CUE,"""Cue Biopharma, Inc.""",Nasdaq,LULD pause,2026-04-28,10:10:13
2026-04-28,10:01:27,EDSA,"""Edesa Biotech, Inc. Common Shares""",Nasdaq,LULD pause,2026-04-28,10:11:28
2026-04-28,09:58:52,PLRZ,Polyrizon Ltd. Ordinary Shares,Nasdaq,LULD pause,2026-04-28,10:03:52
2026-04-28,09:57:06,MIGI,"""Big Digital Energy, Inc. Common Stock""",Nasdaq,LULD pause,2026-04-28,10:02:06
2026-04-28,09:56:04,SNBR,Sleep Number Corporation Common Stock,Nasdaq,LULD pause,2026-04-28,10:01:04
2026-04-28,09:54:48,CUE,"""Cue Biopharma, Inc.""",Nasdaq,LULD pause,2026-04-28,10:04:49
2026-04-28,09:54:35,NXTS,Nexentis Technologies Inc. Common Stock,Nasdaq,LULD pause,2026-04-28,09:59:35
2026-04-28,09:51:15,ATER,"""Aterian, Inc. Common Stock""",Nasdaq,LULD pause,2026-04-28,09:56:15
2026-04-28,09:47:55,CUE,"""Cue Biopharma, Inc.""",Nasdaq,LULD pause,2026-04-28,09:52:55
2026-04-28,09:47:44,AFJK,"""Aimei Health Technology Co., Ltd Ordinary Share""",Nasdaq,LULD pause,2026-04-28,09:57:44
2026-04-28,09:44:19,AKAN,Akanda Corp. Common Shares,Nasdaq,LULD pause,2026-04-28,09:54:19
2026-04-28,09:40:46,WLACU,Willow Lane Acquisition Corp. Unit,Nasdaq,LULD pause,2026-04-28,09:45:46
2026-04-28,09:37:31,CUE,"""Cue Biopharma, Inc.""",Nasdaq,LULD pause,2026-04-28,09:47:31
2026-04-28,09:35:48,ATER,"""Aterian, Inc. Common Stock""",Nasdaq,LULD pause,2026-04-28,09:40:48
2026-04-28,09:35:31,WLACU,Willow Lane Acquisition Corp. Unit,Nasdaq,LULD pause,2026-04-28,09:40:31
2026-04-28,09:35:30,BIYA,Baiya International Group Inc. Ordinary Shares,Nasdaq,LULD pause,2026-04-28,09:40:30
2026-04-28,09:33:20,NOMA,NOMADAR Corp. Class A Common Stock,Nasdaq,LULD pause,2026-04-28,09:43:20
2026-04-28,09:31:48,MIGI,"""Big Digital Energy, Inc. Common Stock""",Nasdaq,LULD pause,2026-04-28,09:56:49
2026-04-28,09:30:16,WLACU,Willow Lane Acquisition Corp. Unit,Nasdaq,LULD pause,2026-04-28,09:35:16
2026-04-28,08:56:38,SEMR,"""SEMrush Holdings, Inc.""",NYSE,Merger Effective,,
2026-04-28,07:25:00,SNGX,"""Soligenix, Inc. Common Stock""",Nasdaq,News pending,2026-04-28,08:00:00
2026-04-27,19:50:13,VNRX,VolitionRX Limited Common Stock,NYSE American,Corporate Action,2026-04-28,09:00:00
2026-04-27,19:50:13,VNRX,VolitionRX Limited Common Stock,NYSE American,Corporate Action,,
2026-04-27,19:50:00,DGNX,Diginex Limited Ordinary Shares,Nasdaq,News pending,,
2026-04-27,19:50:00,DGNX,Diginex Limited Ordinary Shares,Nasdaq,News pending,2026-04-28,09:00:00
2026-04-27,19:50:00,ISPC,iSpecimen Inc. Common Stock,Nasdaq,News pending,2026-04-28,09:00:00
2026-04-27,19:50:00,ISPC,iSpecimen Inc. Common Stock,Nasdaq,News pending,,
2026-04-27,19:50:00,ACLX,"""Arcellx, Inc. Common Stock""",Nasdaq,News pending,,
2026-04-27,16:07:39,BMM,Blue Moon Metals Inc. Common Shares,Nasdaq,News pending,2026-04-27,16:50:00
2026-04-27,15:51:55,AREB,"""American Rebel Holdings, Inc. Common Stock""",Nasdaq,LULD pause,2026-04-27,16:00:00
2026-04-27,15:45:26,VSA,VisionSys AI Inc American Depositary Shares,Nasdaq,LULD pause,2026-04-27,16:00:00
2026-04-27,15:44:56,AREB,"""American Rebel Holdings, Inc. Common Stock""",Nasdaq,LULD pause,2026-04-27,15:49:56
2026-04-27,15:39:18,AREB,"""American Rebel Holdings, Inc. Common Stock""",Nasdaq,LULD pause,2026-04-27,15:44:18
2026-04-27,15:24:26,HTCO,High-Trend International Group Class A Ordinary Shares,Nasdaq,LULD pause,2026-04-27,15:29:26
2026-04-27,15:10:46,HTCO,High-Trend International Group Class A Ordinary Shares,Nasdaq,LULD pause,2026-04-27,15:15:46
2026-04-27,15:01:44,YAAS,Youxin Technology Ltd Class A Ordinary shares,Nasdaq,LULD pause,2026-04-27,15:06:44
2026-04-27,14:58:55,HTCO,High-Trend International Group Class A Ordinary Shares,Nasdaq,LULD pause,2026-04-27,15:03:55
2026-04-27,14:48:39,AREB,"""American Rebel Holdings, Inc. Common Stock""",Nasdaq,LULD pause,2026-04-27,14:53:39
2026-04-27,14:48:15,HTCO,High-Trend International Group Class A Ordinary Shares,Nasdaq,LULD pause,2026-04-27,14:53:15
2026-04-27,14:41:19,AREB,"""American Rebel Holdings, Inc. Common Stock""",Nasdaq,LULD pause,2026-04-27,14:46:19
2026-04-27,14:39:37,HTCO,High-Trend International Group Class A Ordinary Shares,Nasdaq,LULD pause,2026-04-27,14:44:37
2026-04-27,14:35:46,AREB,"""American Rebel Holdings, Inc. Common Stock""",Nasdaq,LULD pause,2026-04-27,14:40:46
2026-04-27,14:24:29,HTCO,High-Trend International Group Class A Ordinary Shares,Nasdaq,LULD pause,2026-04-27,14:29:29
2026-04-27,14:16:55,HTCO,High-Trend International Group Class A Ordinary Shares,Nasdaq,LULD pause,2026-04-27,14:21:55
2026-04-27,13:27:37,ZSQR,Z Squared Inc. Common Stock,Nasdaq,LULD pause,2026-04-27,13:32:37
2026-04-27,13:26:58,UBXG,U-BX Technology Ltd. Class A Ordinary Shares,Nasdaq,LULD pause,2026-04-27,13:31:58
2026-04-27,13:20:54,UBXG,U-BX Technology Ltd. Class A Ordinary Shares,Nasdaq,LULD pause,2026-04-27,13:25:54
2026-04-27,13:13:50,UBXG,U-BX Technology Ltd. Class A Ordinary Shares,Nasdaq,LULD pause,2026-04-27,13:18:50
2026-04-27,13:08:35,UBXG,U-BX Technology Ltd. Class A Ordinary Shares,Nasdaq,LULD pause,2026-04-27,13:13:35
2026-04-27,13:01:39,ZSQR,Z Squared Inc. Common Stock,Nasdaq,LULD pause,2026-04-27,13:26:50
2026-04-27,12:43:48,HTCO,High-Trend International Group Class A Ordinary Shares,Nasdaq,LULD pause,2026-04-27,12:48:48
2026-04-27,12:25:43,HTCO,High-Trend International Group Class A Ordinary Shares,Nasdaq,LULD pause,2026-04-27,12:30:43
2026-04-27,12:13:38,AREB,"""American Rebel Holdings, Inc. Common Stock""",Nasdaq,LULD pause,2026-04-27,12:18:38
2026-04-27,12:13:29,HTCO,High-Trend International Group Class A Ordinary Shares,Nasdaq,LULD pause,2026-04-27,12:18:29
2026-04-27,12:03:55,CPRX,Catalyst Pharmaceutical  Inc.,Nasdaq,LULD pause,2026-04-27,12:08:55
2026-04-27,12:03:37,HTCO,High-Trend International Group Class A Ordinary Shares,Nasdaq,LULD pause,2026-04-27,12:08:37
2026-04-27,11:54:32,AREB,"""American Rebel Holdings, Inc. Common Stock""",Nasdaq,LULD pause,2026-04-27,11:59:32
2026-04-27,11:48:29,AREB,"""American Rebel Holdings, Inc. Common Stock""",Nasdaq,LULD pause,2026-04-27,11:53:29
2026-04-27,11:42:19,AREB,"""American Rebel Holdings, Inc. Common Stock""",Nasdaq,LULD pause,2026-04-27,11:47:19
2026-04-27,11:36:50,AREB,"""American Rebel Holdings, Inc. Common Stock""",Nasdaq,LULD pause,2026-04-27,11:41:50
2026-04-27,11:30:36,AREB,"""American Rebel Holdings, Inc. Common Stock""",Nasdaq,LULD pause,2026-04-27,11:35:36
2026-04-27,11:15:17,AREB,"""American Rebel Holdings, Inc. Common Stock""",Nasdaq,LULD pause,2026-04-27,11:30:18
2026-04-27,10:56:08,HTCO,High-Trend International Group Class A Ordinary Shares,Nasdaq,LULD pause,2026-04-27,11:01:08
2026-04-27,10:33:10,CUE,"""Cue Biopharma, Inc.""",Nasdaq,LULD pause,2026-04-27,10:38:10
2026-04-27,10:30:32,HTCO,High-Trend International Group Class A Ordinary Shares,Nasdaq,LULD pause,2026-04-27,10:40:32
2026-04-27,10:29:21,TJGC,TJGC Group Limited Ordinary Shares,Nasdaq,LULD pause,2026-04-27,10:34:21
2026-04-27,10:22:58,CUE,"""Cue Biopharma, Inc.""",Nasdaq,LULD pause,2026-04-27,10:27:58
2026-04-27,10:22:00,HTCO,High-Trend International Group Class A Ordinary Shares,Nasdaq,LULD pause,2026-04-27,10:27:00
2026-04-27,10:10:43,CUE,"""Cue Biopharma, Inc.""",Nasdaq,LULD pause,2026-04-27,10:20:43
2026-04-27,10:04:44,HTCO,High-Trend International Group Class A Ordinary Shares,Nasdaq,LULD pause,2026-04-27,10:14:44
2026-04-27,09:57:23,EUDA,EUDA Health Holdings Limited Ordinary Shares,Nasdaq,LULD pause,2026-04-27,10:02:23
2026-04-27,09:55:52,PLBL,Polibeli Group Ltd Class A Ordinary Shares,Nasdaq,LULD pause,2026-04-27,10:05:52
2026-04-27,09:54:24,HTCO,High-Trend International Group Class A Ordinary Shares,Nasdaq,LULD pause,2026-04-27,10:04:25
2026-04-27,09:53:11,FGI,FGI Industries Ltd. Ordinary Shares,Nasdaq,LULD pause,2026-04-27,10:03:11
2026-04-27,09:45:24,EUDA,EUDA Health Holdings Limited Ordinary Shares,Nasdaq,LULD pause,2026-04-27,09:55:25
2026-04-27,09:44:07,HTCO,High-Trend International Group Class A Ordinary Shares,Nasdaq,LULD pause,2026-04-27,09:54:07
2026-04-27,09:41:39,CUE,"""Cue Biopharma, Inc.""",Nasdaq,LULD pause,2026-04-27,09:51:39
2026-04-27,09:38:38,LABT,Lakewood-Amedex Biotherapeutics Inc. Common Stock,Nasdaq,LULD pause,2026-04-27,09:43:38
2026-04-27,09:37:05,FGI,FGI Industries Ltd. Ordinary Shares,Nasdaq,LULD pause,2026-04-27,09:52:05
2026-04-27,09:32:20,WSO B,"""Watsco, Inc. Class B""",NYSE,LULD pause,2026-04-27,09:37:20
2026-04-27,09:30:24,FGI,FGI Industries Ltd. Ordinary Shares,Nasdaq,LULD pause,2026-04-27,09:35:24
2026-04-27,07:25:00,CMPX,"""Compass Therapeutics, Inc. Common Stock""",Nasdaq,News pending,2026-04-27,08:05:01
2026-04-27,06:55:00,XOMAP,XOMA Royalty Corporation 8.625% Series A Cumulative Perpetual Preferred Stock,Nasdaq,News pending,2026-04-27,07:35:00
2026-04-27,06:55:00,XOMAO,XOMA Royalty Corporation Depositary Shares Rep Series B 8.375% Cumulative Preferred Stock,Nasdaq,News pending,2026-04-27,07:35:00
2026-04-27,06:55:00,XOMA,XOMA Royalty Corporation Common Stock,Nasdaq,News pending,2026-04-27,07:30:00
2026-04-27,03:58:20,ZSQR,Z Squared Inc. Common Stock,Nasdaq,News pending,2026-04-27,12:20:00
2026-04-24,19:50:19,UP,Wheels Up Experience Inc.,NYSE,Corporate Action,,
2026-04-24,19:50:19,UP,Wheels Up Experience Inc.,NYSE,Corporate Action,2026-04-27,09:30:41
2026-04-24,19:50:00,AIOS,AIOS Tech Inc. Class A Common Shares,Nasdaq,News pending,2026-04-27,09:00:00
2026-04-24,19:50:00,AIOS,AIOS Tech Inc. Class A Common Shares,Nasdaq,News pending,,
2026-04-24,19:50:00,OCG,Oriental Culture Holding LTD Ordinary Shares,Nasdaq,News pending,,
2026-04-24,19:50:00,OCG,Oriental Culture Holding LTD Ordinary Shares,Nasdaq,News pending,2026-04-27,09:00:00
2026-04-24,19:50:00,IMUX,"""Immunic, Inc. Common Stock""",Nasdaq,News pending,,
2026-04-24,19:50:00,IMUX,"""Immunic, Inc. Common Stock""",Nasdaq,News pending,2026-04-27,09:00:00
2026-04-24,19:50:00,DRCT,"""Direct Digital Holdings, Inc. Class A Common Stock""",Nasdaq,News pending,2026-04-27,09:00:00
2026-04-24,19:50:00,DRCT,"""Direct Digital Holdings, Inc. Class A Common Stock""",Nasdaq,News pending,,
2026-04-24,19:50:00,FOLD,"""Amicus Therapeutics, Inc""",Nasdaq,News pending,,
2026-04-24,19:50:00,CISS,C3is Inc. Common Stock,Nasdaq,News pending,2026-04-27,09:00:00
2026-04-24,19:50:00,CISS,C3is Inc. Common Stock,Nasdaq,News pending,,
2026-04-24,15:39:07,IHRT,"""iHeartMedia, Inc. Class A Common Stock""",Nasdaq,LULD pause,2026-04-24,16:00:00
2026-04-24,15:20:44,SMX,SMX (Security Matters) Public Limited Company Ordinary Shares,Nasdaq,LULD pause,2026-04-24,15:25:44
2026-04-24,15:10:57,SMX,SMX (Security Matters) Public Limited Company Ordinary Shares,Nasdaq,LULD pause,2026-04-24,15:15:57
2026-04-24,12:57:03,CHSN,Chanson International Holding Class A Ordinary Shares,Nasdaq,LULD pause,2026-04-24,13:02:03
2026-04-24,12:43:01,CHSN,Chanson International Holding Class A Ordinary Shares,Nasdaq,LULD pause,2026-04-24,12:48:01
2026-04-24,12:36:39,CHSN,Chanson International Holding Class A Ordinary Shares,Nasdaq,LULD pause,2026-04-24,12:41:39
2026-04-24,12:26:57,CHSN,Chanson International Holding Class A Ordinary Shares,Nasdaq,LULD pause,2026-04-24,12:31:57
2026-04-24,12:05:06,CHSN,Chanson International Holding Class A Ordinary Shares,Nasdaq,LULD pause,2026-04-24,12:25:06
2026-04-24,11:53:47,SMX,SMX (Security Matters) Public Limited Company Ordinary Shares,Nasdaq,LULD pause,2026-04-24,11:58:47
2026-04-24,11:44:28,COOK,"""Traeger, Inc.""",NYSE,LULD pause,2026-04-24,11:49:38
2026-04-24,11:38:19,CCEL,Cryo-Cell International Inc.,NYSE American,LULD pause,2026-04-24,11:43:19
2026-04-24,11:22:47,CHSN,Chanson International Holding Class A Ordinary Shares,Nasdaq,LULD pause,2026-04-24,12:04:33
2026-04-24,11:12:32,CHSN,Chanson International Holding Class A Ordinary Shares,Nasdaq,LULD pause,2026-04-24,11:22:32
2026-04-24,11:06:22,CHSN,Chanson International Holding Class A Ordinary Shares,Nasdaq,LULD pause,2026-04-24,11:11:22
2026-04-24,11:00:02,CHSN,Chanson International Holding Class A Ordinary Shares,Nasdaq,LULD pause,2026-04-24,11:05:02
2026-04-24,10:53:46,CHSN,Chanson International Holding Class A Ordinary Shares,Nasdaq,LULD pause,2026-04-24,10:58:46
2026-04-24,10:53:19,ENVB,"""Enveric Biosciences, Inc. Common Stock""",Nasdaq,LULD pause,2026-04-24,10:58:19
2026-04-24,10:52:50,TDIC,Dreamland Limited Class A Ordinary Shares,Nasdaq,LULD pause,2026-04-24,11:02:50
2026-04-24,10:48:28,CHSN,Chanson International Holding Class A Ordinary Shares,Nasdaq,LULD pause,2026-04-24,10:53:28
2026-04-24,10:43:12,CHSN,Chanson International Holding Class A Ordinary Shares,Nasdaq,LULD pause,2026-04-24,10:48:12
2026-04-24,10:42:17,CAR,"""Avis Budget Group, Inc.""",Nasdaq,LULD pause,2026-04-24,10:47:17
2026-04-24,10:34:44,AUUD,Auddia Inc. Common Stock,Nasdaq,LULD pause,2026-04-24,10:39:44
2026-04-24,10:32:54,CHSN,Chanson International Holding Class A Ordinary Shares,Nasdaq,LULD pause,2026-04-24,10:42:54
2026-04-24,10:30:40,CAR,"""Avis Budget Group, Inc.""",Nasdaq,LULD pause,2026-04-24,10:35:40
2026-04-24,10:29:02,AUUD,Auddia Inc. Common Stock,Nasdaq,LULD pause,2026-04-24,10:34:02
2026-04-24,10:27:11,CHSN,Chanson International Holding Class A Ordinary Shares,Nasdaq,LULD pause,2026-04-24,10:32:11
2026-04-24,10:16:52,CHSN,Chanson International Holding Class A Ordinary Shares,Nasdaq,LULD pause,2026-04-24,10:26:52
2026-04-24,10:08:54,SQFTP,"""Presidio Property Trust, Inc. 9.375% Series D Cumulative Redeemable Perpetual Preferred Stock, $0.01 par value per share""",Nasdaq,LULD pause,2026-04-24,10:13:54
2026-04-24,10:06:37,CHSN,Chanson International Holding Class A Ordinary Shares,Nasdaq,LULD pause,2026-04-24,10:16:37
2026-04-24,09:56:44,VSECU,VSE Corporation Tangible Equity Units,Nasdaq,LULD pause,2026-04-24,10:01:44
2026-04-24,09:56:17,CHSN,Chanson International Holding Class A Ordinary Shares,Nasdaq,LULD pause,2026-04-24,10:06:17
2026-04-24,09:53:49,ENVB,"""Enveric Biosciences, Inc. Common Stock""",Nasdaq,LULD pause,2026-04-24,10:03:50
2026-04-24,09:48:25,ENVB,"""Enveric Biosciences, Inc. Common Stock""",Nasdaq,LULD pause,2026-04-24,09:53:25
2026-04-24,09:43:21,CUE,"""Cue Biopharma, Inc.""",Nasdaq,LULD pause,2026-04-24,09:53:21
2026-04-24,09:37:33,SCNI,Scinai Immunotherapeutics Ltd. American Depositary Shares,Nasdaq,LULD pause,2026-04-24,09:42:33
2026-04-24,09:37:25,WLACU,Willow Lane Acquisition Corp. Unit,Nasdaq,LULD pause,2026-04-24,09:42:25
2026-04-24,09:37:18,RGNT,Regentis Biomaterials Ltd.,NYSE American,LULD pause,2026-04-24,09:42:18
2026-04-24,09:34:03,SUGP,SU Group Holdings Limited Class A Ordinary Shares,Nasdaq,LULD pause,2026-04-24,09:39:03
2026-04-24,09:32:14,AUUD,Auddia Inc. Common Stock,Nasdaq,LULD pause,2026-04-24,09:37:14
2026-04-24,09:30:26,LGCY,Legacy Education Inc.,NYSE American,LULD pause,2026-04-24,09:40:26
2026-04-24,09:30:19,CUE,"""Cue Biopharma, Inc.""",Nasdaq,LULD pause,2026-04-24,09:40:20
2026-04-24,09:30:15,WSO B,"""Watsco, Inc. Class B""",NYSE,LULD pause,2026-04-24,09:35:15
2026-04-24,09:30:15,AMDW,Roundhill AMD WeeklyPay ETF,Cboe BZX,LULD pause,2026-04-24,09:40:15
2026-04-23,19:50:00,OIOWW,OIO Group Warrants,Nasdaq,News pending,,
2026-04-23,19:50:00,OIOWW,OIO Group Warrants,Nasdaq,News pending,2026-04-24,09:05:00
2026-04-23,19:50:00,OIO,OIO Group Ordinary Shares,Nasdaq,News pending,2026-04-24,09:00:00
2026-04-23,19:50:00,OIO,OIO Group Ordinary Shares,Nasdaq,News pending,,
2026-04-23,19:50:00,CUE,"""Cue Biopharma, Inc.""",Nasdaq,News pending,2026-04-24,09:00:00
2026-04-23,19:50:00,CUE,"""Cue Biopharma, Inc.""",Nasdaq,News pending,,
2026-04-23,19:50:00,MSS,Maison Solutions Inc. Class A Common Stock,Nasdaq,News pending,,
2026-04-23,19:50:00,MSS,Maison Solutions Inc. Class A Common Stock,Nasdaq,News pending,2026-04-24,09:00:00
2026-04-23,19:50:00,BULG,Leverage Shares 2X Long BULL Daily ETF,Nasdaq,News pending,,
2026-04-23,19:50:00,BULG,Leverage Shares 2X Long BULL Daily ETF,Nasdaq,News pending,2026-04-24,09:00:00
2026-04-23,19:50:00,SOWG,Sow Good Inc. Common Stock,Nasdaq,News pending,,
2026-04-23,19:50:00,SOWG,Sow Good Inc. Common Stock,Nasdaq,News pending,2026-04-24,09:00:00
2026-04-23,19:50:00,GEMG,Leverage Shares 2X Long GEMI Daily ETF,Nasdaq,News pending,2026-04-24,09:00:00
2026-04-23,19:50:00,GEMG,Leverage Shares 2X Long GEMI Daily ETF,Nasdaq,News pending,,
2026-04-23,19:50:00,TDTH,Trident Digital Tech Holdings Ltd American Depository Shares,Nasdaq,News pending,2026-04-24,09:00:00
2026-04-23,19:50:00,TDTH,Trident Digital Tech Holdings Ltd American Depository Shares,Nasdaq,News pending,,
2026-04-23,15:49:59,LABT,Lakewood-Amedex Biotherapeutics Inc. Common Stock,Nasdaq,LULD pause,2026-04-23,16:00:00
2026-04-23,15:41:26,SKLZ,Skillz Inc.,NYSE,LULD pause,2026-04-23,15:46:29
2026-04-23,15:32:35,EUDA,EUDA Health Holdings Limited Ordinary Shares,Nasdaq,LULD pause,2026-04-23,15:37:35
2026-04-23,14:52:53,SKLZ,Skillz Inc.,NYSE,LULD pause,2026-04-23,14:57:56
2026-04-23,14:14:56,SKLZ,Skillz Inc.,NYSE,LULD pause,2026-04-23,14:20:09
2026-04-23,14:03:12,SKLZ,Skillz Inc.,NYSE,LULD pause,2026-04-23,14:08:16
2026-04-23,13:54:46,SKLZ,Skillz Inc.,NYSE,LULD pause,2026-04-23,13:59:59
2026-04-23,13:52:29,GRCE,"""Grace Therapeutics, Inc. Common Stock""",Nasdaq,LULD pause,2026-04-23,13:57:29
2026-04-23,13:49:17,SKLZ,Skillz Inc.,NYSE,LULD pause,2026-04-23,13:54:21
2026-04-23,13:47:25,BDL,Flanigan's Enterprises Inc,NYSE American,LULD pause,2026-04-23,13:52:25
2026-04-23,13:46:19,GRCE,"""Grace Therapeutics, Inc. Common Stock""",Nasdaq,LULD pause,2026-04-23,13:51:19
2026-04-23,13:43:38,SKLZ,Skillz Inc.,NYSE,LULD pause,2026-04-23,13:48:41
2026-04-23,13:37:31,SKLZ,Skillz Inc.,NYSE,LULD pause,2026-04-23,13:43:02
2026-04-23,13:31:34,SKLZ,Skillz Inc.,NYSE,LULD pause,2026-04-23,13:37:01
2026-04-23,13:26:05,SKLZ,Skillz Inc.,NYSE,LULD pause,2026-04-23,13:31:07
2026-04-23,13:24:42,EUDA,EUDA Health Holdings Limited Ordinary Shares,Nasdaq,LULD pause,2026-04-23,13:29:42
2026-04-23,13:23:29,AMST,Amesite Inc.,Nasdaq,LULD pause,2026-04-23,13:28:29
2026-04-23,13:20:19,SKLZ,Skillz Inc.,NYSE,LULD pause,2026-04-23,13:25:48
2026-04-23,13:17:57,AMST,Amesite Inc.,Nasdaq,LULD pause,2026-04-23,13:22:57
2026-04-23,13:14:52,SKLZ,Skillz Inc.,NYSE,LULD pause,2026-04-23,13:20:01
2026-04-23,13:12:27,AMST,Amesite Inc.,Nasdaq,LULD pause,2026-04-23,13:17:27
2026-04-23,13:09:29,SKLZ,Skillz Inc.,NYSE,LULD pause,2026-04-23,13:14:35
2026-04-23,13:04:11,SKLZ,Skillz Inc.,NYSE,LULD pause,2026-04-23,13:09:14
2026-04-23,13:01:41,AMST,Amesite Inc.,Nasdaq,LULD pause,2026-04-23,13:06:41
2026-04-23,12:58:47,SKLZ,Skillz Inc.,NYSE,LULD pause,2026-04-23,13:03:55
2026-04-23,12:53:26,SKLZ,Skillz Inc.,NYSE,LULD pause,2026-04-23,12:58:30
2026-04-23,12:48:03,SKLZ,Skillz Inc.,NYSE,LULD pause,2026-04-23,12:53:06
2026-04-23,12:42:49,EUDA,EUDA Health Holdings Limited Ordinary Shares,Nasdaq,LULD pause,2026-04-23,12:47:49
2026-04-23,12:42:39,SKLZ,Skillz Inc.,NYSE,LULD pause,2026-04-23,12:47:42
2026-04-23,12:37:12,SKLZ,Skillz Inc.,NYSE,LULD pause,2026-04-23,12:42:14
2026-04-23,12:37:10,EUDA,EUDA Health Holdings Limited Ordinary Shares,Nasdaq,LULD pause,2026-04-23,12:42:10
2026-04-23,12:31:26,SKLZ,Skillz Inc.,NYSE,LULD pause,2026-04-23,12:36:34
2026-04-23,12:31:17,EUDA,EUDA Health Holdings Limited Ordinary Shares,Nasdaq,LULD pause,2026-04-23,12:36:17
2026-04-23,12:27:43,GRCE,"""Grace Therapeutics, Inc. Common Stock""",Nasdaq,News pending,2026-04-23,13:45:01
2026-04-23,12:24:19,CAR,"""Avis Budget Group, Inc.""",Nasdaq,LULD pause,2026-04-23,12:29:19
2026-04-23,12:24:11,EUDA,EUDA Health Holdings Limited Ordinary Shares,Nasdaq,LULD pause,2026-04-23,12:29:11
2026-04-23,12:21:18,SKLZ,Skillz Inc.,NYSE,LULD pause,2026-04-23,12:26:38
2026-04-23,12:18:31,EUDA,EUDA Health Holdings Limited Ordinary Shares,Nasdaq,LULD pause,2026-04-23,12:23:31
2026-04-23,12:13:56,SKLZ,Skillz Inc.,NYSE,LULD pause,2026-04-23,12:19:01
2026-04-23,12:08:24,SKLZ,Skillz Inc.,NYSE,LULD pause,2026-04-23,12:13:31
2026-04-23,12:02:46,SKLZ,Skillz Inc.,NYSE,LULD pause,2026-04-23,12:08:09
2026-04-23,12:01:46,EUDA,EUDA Health Holdings Limited Ordinary Shares,Nasdaq,LULD pause,2026-04-23,12:11:47
2026-04-23,11:52:25,EUDA,EUDA Health Holdings Limited Ordinary Shares,Nasdaq,LULD pause,2026-04-23,11:57:25
2026-04-23,11:41:00,EUDA,EUDA Health Holdings Limited Ordinary Shares,Nasdaq,LULD pause,2026-04-23,11:51:00
2026-04-23,11:29:55,EUDA,EUDA Health Holdings Limited Ordinary Shares,Nasdaq,LULD pause,2026-04-23,11:39:55
2026-04-23,11:28:38,AXIL,"""AXIL Brands, Inc.""",NYSE American,LULD pause,2026-04-23,11:33:38
2026-04-23,11:23:59,ELMT,The Elmet Group Co. Common Stock,Nasdaq,LULD pause,2026-04-23,11:28:59
2026-04-23,11:19:31,EUDA,EUDA Health Holdings Limited Ordinary Shares,Nasdaq,LULD pause,2026-04-23,11:29:31
2026-04-23,11:10:04,JYD,Jayud Global Logistics Limited Class A Ordinary Shares,Nasdaq,LULD pause,2026-04-23,11:15:04
2026-04-23,11:08:55,EUDA,EUDA Health Holdings Limited Ordinary Shares,Nasdaq,LULD pause,2026-04-23,11:18:55
2026-04-23,11:06:10,CAR,"""Avis Budget Group, Inc.""",Nasdaq,LULD pause,2026-04-23,11:11:10
2026-04-23,11:04:23,LABT,Lakewood-Amedex Biotherapeutics Inc. Common Stock,Nasdaq,LULD pause,2026-04-23,11:14:24
2026-04-23,10:58:26,EUDA,EUDA Health Holdings Limited Ordinary Shares,Nasdaq,LULD pause,2026-04-23,11:08:26
2026-04-23,10:52:53,LABT,Lakewood-Amedex Biotherapeutics Inc. Common Stock,Nasdaq,LULD pause,2026-04-23,11:02:53
2026-04-23,10:50:03,TDIC,Dreamland Limited Class A Ordinary Shares,Nasdaq,LULD pause,2026-04-23,11:00:03
2026-04-23,10:47:16,EUDA,EUDA Health Holdings Limited Ordinary Shares,Nasdaq,LULD pause,2026-04-23,10:57:16
2026-04-23,10:47:10,CAR,"""Avis Budget Group, Inc.""",Nasdaq,LULD pause,2026-04-23,10:52:10
2026-04-23,10:41:43,EUDA,EUDA Health Holdings Limited Ordinary Shares,Nasdaq,LULD pause,2026-04-23,10:46:43
2026-04-23,10:37:17,CAR,"""Avis Budget Group, Inc.""",Nasdaq,LULD pause,2026-04-23,10:42:17
2026-04-23,10:32:54,WLACU,Willow Lane Acquisition Corp. Unit,Nasdaq,LULD pause,2026-04-23,10:37:54
2026-04-23,10:31:10,CAR,"""Avis Budget Group, Inc.""",Nasdaq,LULD pause,2026-04-23,10:36:10
2026-04-23,10:31:04,LABT,Lakewood-Amedex Biotherapeutics Inc. Common Stock,Nasdaq,LULD pause,2026-04-23,10:36:04
2026-04-23,10:30:36,EUDA,EUDA Health Holdings Limited Ordinary Shares,Nasdaq,LULD pause,2026-04-23,10:40:39
2026-04-23,10:25:42,CAR,"""Avis Budget Group, Inc.""",Nasdaq,LULD pause,2026-04-23,10:30:42
2026-04-23,10:25:16,EUDA,EUDA Health Holdings Limited Ordinary Shares,Nasdaq,LULD pause,2026-04-23,10:30:16
2026-04-23,10:19:37,EUDA,EUDA Health Holdings Limited Ordinary Shares,Nasdaq,LULD pause,2026-04-23,10:24:37
2026-04-23,10:19:34,CAR,"""Avis Budget Group, Inc.""",Nasdaq,LULD pause,2026-04-23,10:24:34
2026-04-23,10:14:18,AUUD,Auddia Inc. Common Stock,Nasdaq,LULD pause,2026-04-23,10:19:18
2026-04-23,10:14:16,EUDA,EUDA Health Holdings Limited Ordinary Shares,Nasdaq,LULD pause,2026-04-23,10:19:16
2026-04-23,10:08:27,NPT,Texxon Holding Limited Ordinary shares,Nasdaq,LULD pause,2026-04-23,10:13:27
2026-04-23,10:04:17,CAR,"""Avis Budget Group, Inc.""",Nasdaq,LULD pause,2026-04-23,10:09:17
2026-04-23,10:02:50,NPT,Texxon Holding Limited Ordinary shares,Nasdaq,LULD pause,2026-04-23,10:07:50
2026-04-23,10:00:19,AUUD,Auddia Inc. Common Stock,Nasdaq,LULD pause,2026-04-23,10:05:19
2026-04-23,09:59:28,NCEW,New Century Logistics (BVI) Limited Ordinary Shares,Nasdaq,LULD pause,2026-04-23,10:04:28
2026-04-23,09:57:40,EUDA,EUDA Health Holdings Limited Ordinary Shares,Nasdaq,LULD pause,2026-04-23,10:13:41
2026-04-23,09:55:50,NPT,Texxon Holding Limited Ordinary shares,Nasdaq,LULD pause,2026-04-23,10:00:50
2026-04-23,09:54:40,AUUD,Auddia Inc. Common Stock,Nasdaq,LULD pause,2026-04-23,09:59:40
2026-04-23,09:53:04,CAR,"""Avis Budget Group, Inc.""",Nasdaq,LULD pause,2026-04-23,09:58:04
2026-04-23,09:47:19,EUDA,EUDA Health Holdings Limited Ordinary Shares,Nasdaq,LULD pause,2026-04-23,09:57:19
2026-04-23,09:44:59,PCTTU,"""PureCycle Technologies, Inc. Unit""",Nasdaq,LULD pause,2026-04-23,09:49:59
2026-04-23,09:44:27,AUUD,Auddia Inc. Common Stock,Nasdaq,LULD pause,2026-04-23,09:49:27
2026-04-23,09:43:31,CAR,"""Avis Budget Group, Inc.""",Nasdaq,LULD pause,2026-04-23,09:48:31
2026-04-23,09:38:44,AUUD,Auddia Inc. Common Stock,Nasdaq,LULD pause,2026-04-23,09:43:44
2026-04-23,09:37:50,CAR,"""Avis Budget Group, Inc.""",Nasdaq,LULD pause,2026-04-23,09:42:50
2026-04-23,09:37:04,EUDA,EUDA Health Holdings Limited Ordinary Shares,Nasdaq,LULD pause,2026-04-23,09:47:04
2026-04-23,09:33:17,IRDM,Iridium Communications Inc.,Nasdaq,LULD pause,2026-04-23,09:38:17
2026-04-23,09:33:09,CPIX,Cumberland Pharmaceuticals Inc,Nasdaq,LULD pause,2026-04-23,09:38:09
2026-04-23,09:32:22,AUUD,Auddia Inc. Common Stock,Nasdaq,LULD pause,2026-04-23,09:37:22
2026-04-23,09:31:36,EUDA,EUDA Health Holdings Limited Ordinary Shares,Nasdaq,LULD pause,2026-04-23,09:36:36
2026-04-23,09:30:47,UPC,Universe Pharmaceuticals Inc. Class A Ordinary Shares,Nasdaq,LULD pause,2026-04-23,09:40:47
2026-04-23,09:30:33,ARBK,Argo Blockchain plc American Depositary Shares,Nasdaq,LULD pause,2026-04-23,09:35:33
2026-04-23,09:30:26,ANTA,Antalpha Platform Holding Company Class A Ordinary Shares,Nasdaq,LULD pause,2026-04-23,09:40:26
2026-04-23,09:30:15,WSO B,"""Watsco, Inc. Class B""",NYSE,LULD pause,2026-04-23,09:35:15
2026-04-23,09:21:59,TBRG,"""TruBridge, Inc. Common Stock""",Nasdaq,News pending,2026-04-23,10:10:00
2026-04-22,19:50:00,DAWN,"""Day One Biopharmaceuticals, Inc. Common Stock""",Nasdaq,News pending,,
2026-04-22,19:50:00,IPST,"""IP Strategy Holdings, Inc. Common Stock""",Nasdaq,News pending,,
2026-04-22,19:50:00,IPST,"""IP Strategy Holdings, Inc. Common Stock""",Nasdaq,News pending,2026-04-23,09:00:00
2026-04-22,15:45:47,AKAN,Akanda Corp. Common Shares,Nasdaq,LULD pause,2026-04-22,16:00:00
2026-04-22,15:35:33,AKAN,Akanda Corp. Common Shares,Nasdaq,LULD pause,2026-04-22,15:40:33
2026-04-22,14:36:08,RPGL,Republic Power Group Limited Class A Ordinary Shares,Nasdaq,LULD pause,2026-04-22,14:41:08
2026-04-22,14:33:34,AKAN,Akanda Corp. Common Shares,Nasdaq,LULD pause,2026-04-22,14:43:34
2026-04-22,14:10:34,AKAN,Akanda Corp. Common Shares,Nasdaq,LULD pause,2026-04-22,14:15:34
2026-04-22,13:29:49,GNLN,"""Greenlane Holdings, Inc. Class A Common Stock""",Nasdaq,LULD pause,2026-04-22,13:34:49
2026-04-22,13:18:26,GNLN,"""Greenlane Holdings, Inc. Class A Common Stock""",Nasdaq,LULD pause,2026-04-22,13:23:26
2026-04-22,13:05:22,GNLN,"""Greenlane Holdings, Inc. Class A Common Stock""",Nasdaq,LULD pause,2026-04-22,13:15:22
2026-04-22,12:34:39,AKAN,Akanda Corp. Common Shares,Nasdaq,LULD pause,2026-04-22,12:44:39
2026-04-22,12:27:09,AKAN,Akanda Corp. Common Shares,Nasdaq,LULD pause,2026-04-22,12:32:09
2026-04-22,12:21:42,AKAN,Akanda Corp. Common Shares,Nasdaq,LULD pause,2026-04-22,12:26:42
2026-04-22,12:14:04,RETO,"""ReTo Eco-Solutions, Inc. Class A Shares""",Nasdaq,LULD pause,2026-04-22,12:19:04
2026-04-22,12:11:18,AKAN,Akanda Corp. Common Shares,Nasdaq,LULD pause,2026-04-22,12:21:18
2026-04-22,12:05:26,AKAN,Akanda Corp. Common Shares,Nasdaq,LULD pause,2026-04-22,12:10:26
2026-04-22,11:51:13,AKAN,Akanda Corp. Common Shares,Nasdaq,LULD pause,2026-04-22,12:01:13
2026-04-22,11:49:54,TLRY,"""Tilray Brands, Inc. Common Stock""",Nasdaq,LULD pause,2026-04-22,11:59:54
2026-04-22,11:49:48,MSOS,AdvisorShares Pure US Cannabis ETF,NYSE Arca,LULD pause,2026-04-22,11:59:48
2026-04-22,11:27:50,BLCN,Siren ETF Trust Siren NexGen Economy ETF,Nasdaq,LULD pause,2026-04-22,11:32:50
2026-04-22,11:23:37,QVCGP,"""QVC Group, Inc. 8.0% Fixed Rate Cumulative Redeemable Preferred Stock""",Nasdaq,LULD pause,2026-04-22,11:28:37
2026-04-22,10:53:18,DETX,"""Liberty Defense Holdings, Ltd. Common Shares""",Nasdaq,LULD pause,2026-04-22,10:58:18
2026-04-22,10:14:42,BGIN,Bgin Blockchain Limited Class A Ordinary Shares,Nasdaq,LULD pause,2026-04-22,10:19:42
2026-04-22,10:13:57,MAAS,Maase Inc. Class A Ordinary Shares,Nasdaq,LULD pause,2026-04-22,10:18:57
2026-04-22,10:08:32,BGIN,Bgin Blockchain Limited Class A Ordinary Shares,Nasdaq,LULD pause,2026-04-22,10:13:32
2026-04-22,09:59:51,AFJK,"""Aimei Health Technology Co., Ltd Ordinary Share""",Nasdaq,LULD pause,2026-04-22,10:04:51
2026-04-22,09:57:13,MAAS,Maase Inc. Class A Ordinary Shares,Nasdaq,LULD pause,2026-04-22,10:02:13
2026-04-22,09:54:24,RETO,"""ReTo Eco-Solutions, Inc. Class A Shares""",Nasdaq,LULD pause,2026-04-22,09:59:24
2026-04-22,09:47:37,MAAS,Maase Inc. Class A Ordinary Shares,Nasdaq,LULD pause,2026-04-22,09:52:37
2026-04-22,09:43:37,AGPU,Axe Compute Inc. Common Stock,Nasdaq,LULD pause,2026-04-22,09:48:37
2026-04-22,09:41:55,RETO,"""ReTo Eco-Solutions, Inc. Class A Shares""",Nasdaq,LULD pause,2026-04-22,09:46:55
2026-04-22,09:39:11,BIO B,"""Bio-Rad Laboratories, Inc. Class B""",NYSE,LULD pause,2026-04-22,09:44:11
2026-04-22,09:37:43,ELPW,Elong Power Holding Limited Class A Ordinary Shares,Nasdaq,LULD pause,2026-04-22,09:42:43
2026-04-22,09:37:04,AGPU,Axe Compute Inc. Common Stock,Nasdaq,LULD pause,2026-04-22,09:42:04
2026-04-22,09:36:33,RETO,"""ReTo Eco-Solutions, Inc. Class A Shares""",Nasdaq,LULD pause,2026-04-22,09:41:33
2026-04-22,09:33:24,INBX,"""Inhibrx Biosciences, Inc. Common Stock""",Nasdaq,LULD pause,2026-04-22,09:38:24
2026-04-22,09:30:15,WSO B,"""Watsco, Inc. Class B""",NYSE,LULD pause,2026-04-22,09:35:15
2026-04-21,19:50:00,DHIL,Diamond Hill Investment Group,Nasdaq,News pending,,
2026-04-21,19:50:00,TOUR,Tuniu Corporation,Nasdaq,News pending,2026-04-22,09:00:00
2026-04-21,19:50:00,TOUR,Tuniu Corporation,Nasdaq,News pending,,
2026-04-21,19:50:00,KUST,"""Kustom Entertainment, Inc. Common Stock""",Nasdaq,News pending,2026-04-22,09:00:00
2026-04-21,19:50:00,KUST,"""Kustom Entertainment, Inc. Common Stock""",Nasdaq,News pending,,
2026-04-21,12:12:31,CAR,"""Avis Budget Group, Inc.""",Nasdaq,LULD pause,2026-04-21,12:17:31
2026-04-21,12:06:13,JLHL,Julong Holding Limited Class A Ordinary Shares,Nasdaq,LULD pause,2026-04-21,12:11:13
2026-04-21,12:02:13,HUBC,Hub Cyber Security Ltd. Ordinary Shares,Nasdaq,LULD pause,2026-04-21,12:12:13
2026-04-21,11:56:56,JLHL,Julong Holding Limited Class A Ordinary Shares,Nasdaq,LULD pause,2026-04-21,12:01:56
2026-04-21,11:53:02,CAR,"""Avis Budget Group, Inc.""",Nasdaq,LULD pause,2026-04-21,11:58:02
2026-04-21,11:45:55,JLHL,Julong Holding Limited Class A Ordinary Shares,Nasdaq,LULD pause,2026-04-21,11:50:55
2026-04-21,11:07:06,VACH,Voyager Acquisition Corp Class A Ordinary Shares,Nasdaq,LULD pause,2026-04-21,11:12:06
2026-04-21,11:03:47,JLHL,Julong Holding Limited Class A Ordinary Shares,Nasdaq,LULD pause,2026-04-21,11:08:47
2026-04-21,10:49:40,JLHL,Julong Holding Limited Class A Ordinary Shares,Nasdaq,LULD pause,2026-04-21,10:54:40
2026-04-21,10:41:49,CAR,"""Avis Budget Group, Inc.""",Nasdaq,LULD pause,2026-04-21,10:46:49
2026-04-21,10:17:37,CAR,"""Avis Budget Group, Inc.""",Nasdaq,LULD pause,2026-04-21,10:22:37
2026-04-21,10:12:20,CAR,"""Avis Budget Group, Inc.""",Nasdaq,LULD pause,2026-04-21,10:17:20
2026-04-21,10:11:20,RPGL,Republic Power Group Limited Class A Ordinary Shares,Nasdaq,LULD pause,2026-04-21,10:16:20
2026-04-21,10:08:51,BIO B,"""Bio-Rad Laboratories, Inc. Class B""",NYSE,LULD pause,2026-04-21,10:13:51
2026-04-21,10:04:39,RPGL,Republic Power Group Limited Class A Ordinary Shares,Nasdaq,LULD pause,2026-04-21,10:09:39
2026-04-21,10:02:40,TDIC,Dreamland Limited Class A Ordinary Shares,Nasdaq,LULD pause,2026-04-21,10:07:40
2026-04-21,09:57:05,TDIC,Dreamland Limited Class A Ordinary Shares,Nasdaq,LULD pause,2026-04-21,10:02:05
2026-04-21,09:56:37,RPGL,Republic Power Group Limited Class A Ordinary Shares,Nasdaq,LULD pause,2026-04-21,10:01:37
2026-04-21,09:53:04,LOBO,LOBO TECHNOLOGIES LTD. Class A Ordinary Shares,Nasdaq,LULD pause,2026-04-21,09:58:04
2026-04-21,09:50:19,TDIC,Dreamland Limited Class A Ordinary Shares,Nasdaq,LULD pause,2026-04-21,09:55:19
2026-04-21,09:47:41,JLHL,Julong Holding Limited Class A Ordinary Shares,Nasdaq,LULD pause,2026-04-21,09:52:41
2026-04-21,09:47:02,BIO B,"""Bio-Rad Laboratories, Inc. Class B""",NYSE,LULD pause,2026-04-21,09:52:02
2026-04-21,09:42:06,TDIC,Dreamland Limited Class A Ordinary Shares,Nasdaq,LULD pause,2026-04-21,09:47:06
2026-04-21,09:40:16,CAR,"""Avis Budget Group, Inc.""",Nasdaq,LULD pause,2026-04-21,09:45:16
2026-04-21,09:37:25,JLHL,Julong Holding Limited Class A Ordinary Shares,Nasdaq,LULD pause,2026-04-21,09:47:26
2026-04-21,09:35:54,FGI,FGI Industries Ltd. Ordinary Shares,Nasdaq,LULD pause,2026-04-21,09:40:54
2026-04-21,09:33:52,LOBO,LOBO TECHNOLOGIES LTD. Class A Ordinary Shares,Nasdaq,LULD pause,2026-04-21,09:38:52
2026-04-21,09:33:35,MVRL,ETRACS Monthly Pay 1.5X Leveraged Mortgage REIT ETN,NYSE Arca,LULD pause,2026-04-21,09:38:35
2026-04-21,09:32:58,CAR,"""Avis Budget Group, Inc.""",Nasdaq,LULD pause,2026-04-21,09:37:58
2026-04-21,09:30:23,UNHW,Roundhill UNH WeeklyPay ETF,Cboe BZX,LULD pause,2026-04-21,09:35:23
2026-04-21,09:30:15,WSO B,"""Watsco, Inc. Class B""",NYSE,LULD pause,2026-04-21,09:36:12
2026-04-21,09:10:00,ELSE,Electro-Sensors Inc,Nasdaq,News pending,2026-04-21,10:00:00
2026-04-20,19:50:00,KITTW,"""Nauticus Robotics, Inc Warrant""",Nasdaq,News pending,,
2026-04-20,19:50:00,KITTW,"""Nauticus Robotics, Inc Warrant""",Nasdaq,News pending,2026-04-21,09:05:00
2026-04-20,19:50:00,KITT,"""Nauticus Robotics, Inc. Common stock""",Nasdaq,News pending,,
2026-04-20,19:50:00,KITT,"""Nauticus Robotics, Inc. Common stock""",Nasdaq,News pending,2026-04-21,09:00:00
2026-04-20,19:50:00,ZSPC,"""zSpace, Inc. Common stock""",Nasdaq,News pending,2026-04-21,09:00:00
2026-04-20,19:50:00,ZSPC,"""zSpace, Inc. Common stock""",Nasdaq,News pending,,
2026-04-20,15:29:48,MAAS,Maase Inc. Class A Ordinary Shares,Nasdaq,LULD pause,2026-04-20,15:39:48
2026-04-20,15:18:05,MAAS,Maase Inc. Class A Ordinary Shares,Nasdaq,LULD pause,2026-04-20,15:28:05
2026-04-20,15:11:54,MAAS,Maase Inc. Class A Ordinary Shares,Nasdaq,LULD pause,2026-04-20,15:16:54
2026-04-20,15:01:36,MAAS,Maase Inc. Class A Ordinary Shares,Nasdaq,LULD pause,2026-04-20,15:11:36
2026-04-20,14:51:16,MAAS,Maase Inc. Class A Ordinary Shares,Nasdaq,LULD pause,2026-04-20,15:01:16
2026-04-20,14:40:49,MAAS,Maase Inc. Class A Ordinary Shares,Nasdaq,LULD pause,2026-04-20,14:50:49
2026-04-20,14:29:06,MAAS,Maase Inc. Class A Ordinary Shares,Nasdaq,LULD pause,2026-04-20,14:39:07
2026-04-20,13:49:07,VACH,Voyager Acquisition Corp Class A Ordinary Shares,Nasdaq,LULD pause,2026-04-20,13:54:07
2026-04-20,13:02:07,VACH,Voyager Acquisition Corp Class A Ordinary Shares,Nasdaq,LULD pause,2026-04-20,13:07:07
2026-04-20,12:47:01,WLDS,Wearable Devices Ltd. Ordinary Share,Nasdaq,LULD pause,2026-04-20,12:57:01
2026-04-20,12:26:07,JUDO,Janus Henderson U.S. Equity Enhanced Income ETF,Cboe BZX,LULD pause,2026-04-20,12:31:07
2026-04-20,11:40:39,NCEW,New Century Logistics (BVI) Limited Ordinary Shares,Nasdaq,LULD pause,2026-04-20,11:45:39
2026-04-20,10:42:10,FCHL,Fitness Champs Holdings Limited Common Stock,Nasdaq,LULD pause,2026-04-20,10:47:10
2026-04-20,10:41:22,HSPT,Horizon Space Acquisition II Corp. Ordinary share,Nasdaq,LULD pause,2026-04-20,10:46:22
2026-04-20,10:36:16,JLHL,Julong Holding Limited Class A Ordinary Shares,Nasdaq,LULD pause,2026-04-20,10:46:16
2026-04-20,10:34:11,FGI,FGI Industries Ltd. Ordinary Shares,Nasdaq,LULD pause,2026-04-20,10:39:11
2026-04-20,10:30:20,JLHL,Julong Holding Limited Class A Ordinary Shares,Nasdaq,LULD pause,2026-04-20,10:35:20
2026-04-20,10:22:40,JLHL,Julong Holding Limited Class A Ordinary Shares,Nasdaq,LULD pause,2026-04-20,10:27:40
2026-04-20,10:16:19,JLHL,Julong Holding Limited Class A Ordinary Shares,Nasdaq,LULD pause,2026-04-20,10:21:19
2026-04-20,10:12:46,FCHL,Fitness Champs Holdings Limited Common Stock,Nasdaq,LULD pause,2026-04-20,10:17:46
2026-04-20,10:04:52,JLHL,Julong Holding Limited Class A Ordinary Shares,Nasdaq,LULD pause,2026-04-20,10:09:52
2026-04-20,10:03:50,FCHL,Fitness Champs Holdings Limited Common Stock,Nasdaq,LULD pause,2026-04-20,10:08:50
2026-04-20,09:54:35,JLHL,Julong Holding Limited Class A Ordinary Shares,Nasdaq,LULD pause,2026-04-20,09:59:35
2026-04-20,09:44:01,JLHL,Julong Holding Limited Class A Ordinary Shares,Nasdaq,LULD pause,2026-04-20,09:54:01
2026-04-20,09:41:54,QUIZ,Zacks Quality International ETF,NYSE Arca,LULD pause,2026-04-20,09:46:54
2026-04-20,09:40:05,CMND,Clearmind Medicine Inc. Common Shares,Nasdaq,LULD pause,2026-04-20,09:45:05
2026-04-20,09:37:29,CMCT,Creative Media & Community Trust Corporation Common stock,Nasdaq,LULD pause,2026-04-20,09:42:29
2026-04-20,09:34:32,CMND,Clearmind Medicine Inc. Common Shares,Nasdaq,LULD pause,2026-04-20,09:39:32
2026-04-20,09:32:27,TRAX,"""First Tracks Biotherapeutics, Inc. Ordinary Shares""",Nasdaq,LULD pause,2026-04-20,09:37:27
2026-04-20,07:43:27,GNS,Genius Group Limited,NYSE American,News pending,2026-04-20,08:15:00
2026-04-20,07:25:00,NKTR,Nektar Therapeutics,Nasdaq,News pending,2026-04-20,08:05:00
2026-04-20,07:01:27,SILA,"""Sila Realty Trust, Inc.""",NYSE,News pending,2026-04-20,08:45:17
2026-04-17,19:50:00,WHLRP,"""Wheeler Real Estate Investment Trust, Inc. Preferred Stock""",Nasdaq,News pending,2026-04-20,09:05:00
2026-04-17,19:50:00,WHLRP,"""Wheeler Real Estate Investment Trust, Inc. Preferred Stock""",Nasdaq,News pending,,
2026-04-17,19:50:00,WHLRL,"""Wheeler Real Estate Investment Trust, Inc. 7.00% Senior Subordinated Convertible Notes Due 2031""",Nasdaq,News pending,2026-04-20,09:05:00
2026-04-17,19:50:00,WHLRL,"""Wheeler Real Estate Investment Trust, Inc. 7.00% Senior Subordinated Convertible Notes Due 2031""",Nasdaq,News pending,,
2026-04-17,19:50:00,WHLRD,"""Wheeler Real Estate Investment Trust, Inc. Series D Cumulative Preferred Stock""",Nasdaq,News pending,,
2026-04-17,19:50:00,WHLRD,"""Wheeler Real Estate Investment Trust, Inc. Series D Cumulative Preferred Stock""",Nasdaq,News pending,2026-04-20,09:05:00
2026-04-17,19:50:00,HUBCZ,Hub Cyber Security Ltd. Warrant,Nasdaq,News pending,,
2026-04-17,19:50:00,HUBCZ,Hub Cyber Security Ltd. Warrant,Nasdaq,News pending,2026-04-20,09:05:00
2026-04-17,19:50:00,HUBCW,Hub Cyber Security Ltd. Warrant 2/27/28,Nasdaq,News pending,,
2026-04-17,19:50:00,HUBCW,Hub Cyber Security Ltd. Warrant 2/27/28,Nasdaq,News pending,2026-04-20,09:05:00
2026-04-17,19:50:00,TDIC,Dreamland Limited Class A Ordinary Shares,Nasdaq,News pending,,
2026-04-17,19:50:00,TDIC,Dreamland Limited Class A Ordinary Shares,Nasdaq,News pending,2026-04-20,09:00:00
2026-04-17,19:50:00,EHGO,Eshallgo Inc. Class A Ordinary Shares,Nasdaq,News pending,2026-04-20,09:00:00
2026-04-17,19:50:00,EHGO,Eshallgo Inc. Class A Ordinary Shares,Nasdaq,News pending,,
2026-04-17,19:50:00,LRHC,La Rosa Holding Corp. Common Stock,Nasdaq,News pending,,
2026-04-17,19:50:00,LRHC,La Rosa Holding Corp. Common Stock,Nasdaq,News pending,2026-04-20,09:00:00
2026-04-17,19:50:00,RAYA,Erayak Power Solution Group Inc. Class A Ordinary Shares,Nasdaq,News pending,,
2026-04-17,19:50:00,RAYA,Erayak Power Solution Group Inc. Class A Ordinary Shares,Nasdaq,News pending,2026-04-20,09:00:00
2026-04-17,19:50:00,LXEH,"""Lixiang Education Holding Co., Ltd. American Depositary Shares""",Nasdaq,News pending,2026-04-20,09:00:00
2026-04-17,19:50:00,LXEH,"""Lixiang Education Holding Co., Ltd. American Depositary Shares""",Nasdaq,News pending,,
2026-04-17,19:50:00,WHLR,"""Wheeler Real Estate Investment Trust, Inc""",Nasdaq,News pending,2026-04-20,09:00:00
2026-04-17,19:50:00,WHLR,"""Wheeler Real Estate Investment Trust, Inc""",Nasdaq,News pending,,
2026-04-17,19:50:00,CMCT,Creative Media & Community Trust Corporation Common stock,Nasdaq,News pending,2026-04-20,09:00:00
2026-04-17,19:50:00,CMCT,Creative Media & Community Trust Corporation Common stock,Nasdaq,News pending,,
2026-04-17,19:50:00,HUBC,Hub Cyber Security Ltd. Ordinary Shares,Nasdaq,News pending,,
2026-04-17,19:50:00,HUBC,Hub Cyber Security Ltd. Ordinary Shares,Nasdaq,News pending,2026-04-20,09:00:00
2026-04-17,16:05:58,QVCD,"""QVC, Inc. 6.375% Senior Secured Notes due 2067""",NYSE,News Released,,
2026-04-17,16:05:58,QVCC,"""QVC, Inc. 6.250% Senior Secured Notes due 2068""",NYSE,News Released,,
2026-04-17,15:28:25,QVCGP,"""QVC Group, Inc. 8.0% Fixed Rate Cumulative Redeemable Preferred Stock""",Nasdaq,LULD pause,2026-04-17,15:33:25
2026-04-17,15:17:17,QVCGP,"""QVC Group, Inc. 8.0% Fixed Rate Cumulative Redeemable Preferred Stock""",Nasdaq,LULD pause,2026-04-17,15:22:17
2026-04-17,15:06:30,PBM,Psyence Biomedical Ltd. Common Shares,Nasdaq,LULD pause,2026-04-17,15:11:30
2026-04-17,13:55:09,QVCGP,"""QVC Group, Inc. 8.0% Fixed Rate Cumulative Redeemable Preferred Stock""",Nasdaq,LULD pause,2026-04-17,14:00:09
2026-04-17,13:41:15,QVCGP,"""QVC Group, Inc. 8.0% Fixed Rate Cumulative Redeemable Preferred Stock""",Nasdaq,LULD pause,2026-04-17,13:46:15
2026-04-17,13:25:30,QVCGP,"""QVC Group, Inc. 8.0% Fixed Rate Cumulative Redeemable Preferred Stock""",Nasdaq,LULD pause,2026-04-17,13:30:30
2026-04-17,13:11:00,QVCGP,"""QVC Group, Inc. 8.0% Fixed Rate Cumulative Redeemable Preferred Stock""",Nasdaq,LULD pause,2026-04-17,13:16:00
2026-04-17,13:04:42,QVCGP,"""QVC Group, Inc. 8.0% Fixed Rate Cumulative Redeemable Preferred Stock""",Nasdaq,LULD pause,2026-04-17,13:09:42
2026-04-17,12:58:40,WNW,Meiwu Technology Company Limited Ordinary Shares,Nasdaq,LULD pause,2026-04-17,13:08:40
2026-04-17,12:56:25,QVCGP,"""QVC Group, Inc. 8.0% Fixed Rate Cumulative Redeemable Preferred Stock""",Nasdaq,LULD pause,2026-04-17,13:01:25
2026-04-17,12:35:42,QVCGP,"""QVC Group, Inc. 8.0% Fixed Rate Cumulative Redeemable Preferred Stock""",Nasdaq,LULD pause,2026-04-17,12:40:42
2026-04-17,12:28:45,ZDAI,"""DirectBooking Technology Co., Ltd. Class A Ordinary Shares""",Nasdaq,LULD pause,2026-04-17,12:38:45
2026-04-17,12:20:33,QVCGP,"""QVC Group, Inc. 8.0% Fixed Rate Cumulative Redeemable Preferred Stock""",Nasdaq,LULD pause,2026-04-17,12:25:33
2026-04-17,12:20:32,ZDAI,"""DirectBooking Technology Co., Ltd. Class A Ordinary Shares""",Nasdaq,LULD pause,2026-04-17,12:25:32
2026-04-17,12:12:25,QVCGP,"""QVC Group, Inc. 8.0% Fixed Rate Cumulative Redeemable Preferred Stock""",Nasdaq,LULD pause,2026-04-17,12:17:25
2026-04-17,12:11:58,ZDAI,"""DirectBooking Technology Co., Ltd. Class A Ordinary Shares""",Nasdaq,LULD pause,2026-04-17,12:16:58
2026-04-17,12:02:08,ZDAI,"""DirectBooking Technology Co., Ltd. Class A Ordinary Shares""",Nasdaq,LULD pause,2026-04-17,12:07:08
2026-04-17,12:00:15,JLHL,Julong Holding Limited Class A Ordinary Shares,Nasdaq,LULD pause,2026-04-17,12:05:15
2026-04-17,11:57:58,QVCGP,"""QVC Group, Inc. 8.0% Fixed Rate Cumulative Redeemable Preferred Stock""",Nasdaq,LULD pause,2026-04-17,12:02:58
2026-04-17,11:56:58,NPT,Texxon Holding Limited Ordinary shares,Nasdaq,LULD pause,2026-04-17,12:01:58
2026-04-17,11:46:37,ZDAI,"""DirectBooking Technology Co., Ltd. Class A Ordinary Shares""",Nasdaq,LULD pause,2026-04-17,12:01:37
2026-04-17,11:46:18,NPT,Texxon Holding Limited Ordinary shares,Nasdaq,LULD pause,2026-04-17,11:56:18
2026-04-17,11:38:13,QVCGP,"""QVC Group, Inc. 8.0% Fixed Rate Cumulative Redeemable Preferred Stock""",Nasdaq,LULD pause,2026-04-17,11:43:13
2026-04-17,11:25:00,QVCGP,"""QVC Group, Inc. 8.0% Fixed Rate Cumulative Redeemable Preferred Stock""",Nasdaq,LULD pause,2026-04-17,11:30:00
2026-04-17,11:18:35,JLHL,Julong Holding Limited Class A Ordinary Shares,Nasdaq,LULD pause,2026-04-17,11:38:35
2026-04-17,11:18:19,QVCGP,"""QVC Group, Inc. 8.0% Fixed Rate Cumulative Redeemable Preferred Stock""",Nasdaq,LULD pause,2026-04-17,11:23:19
2026-04-17,11:18:10,ZDAI,"""DirectBooking Technology Co., Ltd. Class A Ordinary Shares""",Nasdaq,LULD pause,2026-04-17,11:46:09
2026-04-17,11:13:14,JLHL,Julong Holding Limited Class A Ordinary Shares,Nasdaq,LULD pause,2026-04-17,11:18:14
2026-04-17,11:12:39,LZMH,LZ Technology Holdings Limited Class B Ordinary Shares,Nasdaq,LULD pause,2026-04-17,11:17:39
2026-04-17,11:12:34,ZDAI,"""DirectBooking Technology Co., Ltd. Class A Ordinary Shares""",Nasdaq,LULD pause,2026-04-17,11:17:34
2026-04-17,11:08:03,QVCGP,"""QVC Group, Inc. 8.0% Fixed Rate Cumulative Redeemable Preferred Stock""",Nasdaq,LULD pause,2026-04-17,11:13:03
2026-04-17,11:07:54,JLHL,Julong Holding Limited Class A Ordinary Shares,Nasdaq,LULD pause,2026-04-17,11:12:54
2026-04-17,11:07:06,ZDAI,"""DirectBooking Technology Co., Ltd. Class A Ordinary Shares""",Nasdaq,LULD pause,2026-04-17,11:12:06
2026-04-17,10:49:49,JLHL,Julong Holding Limited Class A Ordinary Shares,Nasdaq,LULD pause,2026-04-17,11:04:50
2026-04-17,10:43:59,CVKD,"""Cadrenal Therapeutics, Inc. Common Stock""",Nasdaq,LULD pause,2026-04-17,10:48:59
2026-04-17,10:40:39,ZDAI,"""DirectBooking Technology Co., Ltd. Class A Ordinary Shares""",Nasdaq,LULD pause,2026-04-17,11:05:40
2026-04-17,10:35:42,JLHL,Julong Holding Limited Class A Ordinary Shares,Nasdaq,LULD pause,2026-04-17,10:40:42
2026-04-17,10:29:55,ZDAI,"""DirectBooking Technology Co., Ltd. Class A Ordinary Shares""",Nasdaq,LULD pause,2026-04-17,10:39:55
2026-04-17,10:29:49,LZMH,LZ Technology Holdings Limited Class B Ordinary Shares,Nasdaq,LULD pause,2026-04-17,10:34:49
2026-04-17,10:26:41,QVCGP,"""QVC Group, Inc. 8.0% Fixed Rate Cumulative Redeemable Preferred Stock""",Nasdaq,LULD pause,2026-04-17,10:31:41
2026-04-17,10:21:53,LZMH,LZ Technology Holdings Limited Class B Ordinary Shares,Nasdaq,LULD pause,2026-04-17,10:26:53
2026-04-17,10:18:52,QVCGP,"""QVC Group, Inc. 8.0% Fixed Rate Cumulative Redeemable Preferred Stock""",Nasdaq,LULD pause,2026-04-17,10:23:52
2026-04-17,10:16:10,LZMH,LZ Technology Holdings Limited Class B Ordinary Shares,Nasdaq,LULD pause,2026-04-17,10:21:10
2026-04-17,10:12:41,JLHL,Julong Holding Limited Class A Ordinary Shares,Nasdaq,LULD pause,2026-04-17,10:17:41
2026-04-17,10:11:58,QVCGP,"""QVC Group, Inc. 8.0% Fixed Rate Cumulative Redeemable Preferred Stock""",Nasdaq,LULD pause,2026-04-17,10:16:58
2026-04-17,10:03:34,QVCGP,"""QVC Group, Inc. 8.0% Fixed Rate Cumulative Redeemable Preferred Stock""",Nasdaq,LULD pause,2026-04-17,10:08:34
2026-04-17,10:02:17,LZMH,LZ Technology Holdings Limited Class B Ordinary Shares,Nasdaq,LULD pause,2026-04-17,10:07:17
2026-04-17,09:48:01,JLHL,Julong Holding Limited Class A Ordinary Shares,Nasdaq,LULD pause,2026-04-17,10:08:01
2026-04-17,09:47:29,BIRD,"""Allbirds, Inc. Class A Common Stock""",Nasdaq,LULD pause,2026-04-17,09:52:29
2026-04-17,09:43:42,ZDAI,"""DirectBooking Technology Co., Ltd. Class A Ordinary Shares""",Nasdaq,LULD pause,2026-04-17,10:28:42
2026-04-17,09:39:55,NPT,Texxon Holding Limited Ordinary shares,Nasdaq,LULD pause,2026-04-17,09:44:55
2026-04-17,09:38:54,QVCGP,"""QVC Group, Inc. 8.0% Fixed Rate Cumulative Redeemable Preferred Stock""",Nasdaq,LULD pause,2026-04-17,09:43:54
2026-04-17,09:37:05,ZDAI,"""DirectBooking Technology Co., Ltd. Class A Ordinary Shares""",Nasdaq,LULD pause,2026-04-17,09:42:05
2026-04-17,09:36:10,EFOI,"""Energy Focus, Inc.""",Nasdaq,LULD pause,2026-04-17,09:41:10
2026-04-17,09:30:52,ZDAI,"""DirectBooking Technology Co., Ltd. Class A Ordinary Shares""",Nasdaq,LULD pause,2026-04-17,09:35:52
2026-04-17,09:30:16,WSO B,"""Watsco, Inc. Class B""",NYSE,LULD pause,2026-04-17,09:35:16
2026-04-16,19:50:00,PMAX,Powell Max Limited Class A Ordinary Shares,Nasdaq,News pending,,
2026-04-16,19:50:00,PMAX,Powell Max Limited Class A Ordinary Shares,Nasdaq,News pending,2026-04-17,09:00:00
2026-04-16,15:49:15,JLHL,Julong Holding Limited Class A Ordinary Shares,Nasdaq,LULD pause,2026-04-16,16:00:00
2026-04-16,15:24:58,JLHL,Julong Holding Limited Class A Ordinary Shares,Nasdaq,LULD pause,2026-04-16,15:34:58
2026-04-16,15:22:04,CDT,CDT Equity Inc. Common Stock,Nasdaq,LULD pause,2026-04-16,15:32:04
2026-04-16,15:14:28,JLHL,Julong Holding Limited Class A Ordinary Shares,Nasdaq,LULD pause,2026-04-16,15:24:28
2026-04-16,15:04:10,JLHL,Julong Holding Limited Class A Ordinary Shares,Nasdaq,LULD pause,2026-04-16,15:14:11
2026-04-16,15:00:31,SOHOO,Sotherly Hotels Inc. 7.875 Percent Series C Cumulative Redeemable Perpetual Preferred Stock,Nasdaq,LULD pause,2026-04-16,15:05:31
2026-04-16,14:37:01,JLHL,Julong Holding Limited Class A Ordinary Shares,Nasdaq,LULD pause,2026-04-16,15:03:48
2026-04-16,14:31:56,SENEB,Seneca Foods Corp,Nasdaq,LULD pause,2026-04-16,14:36:56
2026-04-16,14:31:43,JLHL,Julong Holding Limited Class A Ordinary Shares,Nasdaq,LULD pause,2026-04-16,14:36:43
2026-04-16,14:21:19,JLHL,Julong Holding Limited Class A Ordinary Shares,Nasdaq,LULD pause,2026-04-16,14:31:20
2026-04-16,14:11:01,JLHL,Julong Holding Limited Class A Ordinary Shares,Nasdaq,LULD pause,2026-04-16,14:21:01
2026-04-16,14:00:38,JLHL,Julong Holding Limited Class A Ordinary Shares,Nasdaq,LULD pause,2026-04-16,14:10:38
2026-04-16,13:58:01,ONFO,Onfolio Holdings Inc. Common Stock,Nasdaq,LULD pause,2026-04-16,14:03:01
2026-04-16,13:54:25,JLHL,Julong Holding Limited Class A Ordinary Shares,Nasdaq,LULD pause,2026-04-16,13:59:25
2026-04-16,13:27:17,CDT,CDT Equity Inc. Common Stock,Nasdaq,LULD pause,2026-04-16,13:32:17
2026-04-16,13:13:37,PBM,Psyence Biomedical Ltd. Common Shares,Nasdaq,LULD pause,2026-04-16,13:23:37
2026-04-16,12:43:29,PBM,Psyence Biomedical Ltd. Common Shares,Nasdaq,LULD pause,2026-04-16,12:48:29
2026-04-16,12:20:51,PBM,Psyence Biomedical Ltd. Common Shares,Nasdaq,LULD pause,2026-04-16,12:30:51
2026-04-16,12:20:07,MGRT,Mega Fortune Company Limited Ordinary Shares,Nasdaq,LULD pause,2026-04-16,12:30:08
2026-04-16,12:09:29,MGRT,Mega Fortune Company Limited Ordinary Shares,Nasdaq,LULD pause,2026-04-16,12:19:30
2026-04-16,12:06:07,PBM,Psyence Biomedical Ltd. Common Shares,Nasdaq,LULD pause,2026-04-16,12:16:07
2026-04-16,12:06:02,ONFO,Onfolio Holdings Inc. Common Stock,Nasdaq,LULD pause,2026-04-16,12:11:02
2026-04-16,11:50:42,PBM,Psyence Biomedical Ltd. Common Shares,Nasdaq,LULD pause,2026-04-16,12:02:51
2026-04-16,11:41:27,MTC,"""MMTec, Inc. Common Shares""",Nasdaq,LULD pause,2026-04-16,11:46:27
2026-04-16,11:41:12,MGRT,Mega Fortune Company Limited Ordinary Shares,Nasdaq,LULD pause,2026-04-16,12:09:07
2026-04-16,11:41:05,NPT,Texxon Holding Limited Ordinary shares,Nasdaq,LULD pause,2026-04-16,11:51:05
2026-04-16,11:35:35,NPT,Texxon Holding Limited Ordinary shares,Nasdaq,LULD pause,2026-04-16,11:40:35
2026-04-16,11:35:21,MGRT,Mega Fortune Company Limited Ordinary Shares,Nasdaq,LULD pause,2026-04-16,11:40:21
2026-04-16,11:29:06,NPT,Texxon Holding Limited Ordinary shares,Nasdaq,LULD pause,2026-04-16,11:34:06
2026-04-16,11:27:12,ONFO,Onfolio Holdings Inc. Common Stock,Nasdaq,LULD pause,2026-04-16,11:32:12
2026-04-16,11:23:56,WSO B,"""Watsco, Inc. Class B""",NYSE,LULD pause,2026-04-16,11:29:40
2026-04-16,11:23:36,MGRT,Mega Fortune Company Limited Ordinary Shares,Nasdaq,LULD pause,2026-04-16,11:33:36
2026-04-16,11:20:54,ONFO,Onfolio Holdings Inc. Common Stock,Nasdaq,LULD pause,2026-04-16,11:25:54
2026-04-16,11:16:01,WSO B,"""Watsco, Inc. Class B""",NYSE,LULD pause,2026-04-16,11:21:13
2026-04-16,11:15:46,MGRT,Mega Fortune Company Limited Ordinary Shares,Nasdaq,LULD pause,2026-04-16,11:20:46
2026-04-16,11:15:46,CAR,"""Avis Budget Group, Inc.""",Nasdaq,LULD pause,2026-04-16,11:20:46
2026-04-16,11:14:49,ONFO,Onfolio Holdings Inc. Common Stock,Nasdaq,LULD pause,2026-04-16,11:19:49
2026-04-16,11:10:49,VACHU,Voyager Acquisition Corp Unit,Nasdaq,LULD pause,2026-04-16,11:25:50
2026-04-16,11:08:03,ONFO,Onfolio Holdings Inc. Common Stock,Nasdaq,LULD pause,2026-04-16,11:13:03
2026-04-16,11:00:57,ONFO,Onfolio Holdings Inc. Common Stock,Nasdaq,LULD pause,2026-04-16,11:05:57
2026-04-16,10:47:02,ONFO,Onfolio Holdings Inc. Common Stock,Nasdaq,LULD pause,2026-04-16,10:52:02
2026-04-16,10:41:29,ONFO,Onfolio Holdings Inc. Common Stock,Nasdaq,LULD pause,2026-04-16,10:46:29
2026-04-16,10:35:30,ONFO,Onfolio Holdings Inc. Common Stock,Nasdaq,LULD pause,2026-04-16,10:40:30
2026-04-16,10:32:06,WSHP,WeShop Holdings Limited Class A Ordinary Shares,Nasdaq,LULD pause,2026-04-16,10:37:06
2026-04-16,10:28:53,ONFO,Onfolio Holdings Inc. Common Stock,Nasdaq,LULD pause,2026-04-16,10:33:53
2026-04-16,10:20:45,ONFO,Onfolio Holdings Inc. Common Stock,Nasdaq,LULD pause,2026-04-16,10:25:45
2026-04-16,10:17:13,WSHP,WeShop Holdings Limited Class A Ordinary Shares,Nasdaq,LULD pause,2026-04-16,10:27:13
2026-04-16,10:15:15,ONFO,Onfolio Holdings Inc. Common Stock,Nasdaq,LULD pause,2026-04-16,10:20:15
2026-04-16,10:07:44,BTOG,Bit Origin Limited Class A Ordinary Shares,Nasdaq,LULD pause,2026-04-16,10:12:44
2026-04-16,10:06:07,WSHP,WeShop Holdings Limited Class A Ordinary Shares,Nasdaq,LULD pause,2026-04-16,10:16:07
2026-04-16,10:02:21,ONFO,Onfolio Holdings Inc. Common Stock,Nasdaq,LULD pause,2026-04-16,10:07:21
2026-04-16,10:01:53,WNW,Meiwu Technology Company Limited Ordinary Shares,Nasdaq,LULD pause,2026-04-16,10:06:53
2026-04-16,09:56:28,BTOG,Bit Origin Limited Class A Ordinary Shares,Nasdaq,LULD pause,2026-04-16,10:01:28
2026-04-16,09:56:20,WNW,Meiwu Technology Company Limited Ordinary Shares,Nasdaq,LULD pause,2026-04-16,10:01:20
2026-04-16,09:56:08,CDT,CDT Equity Inc. Common Stock,Nasdaq,LULD pause,2026-04-16,10:01:08
2026-04-16,09:55:53,WSHP,WeShop Holdings Limited Class A Ordinary Shares,Nasdaq,LULD pause,2026-04-16,10:00:53
2026-04-16,09:55:07,ONFO,Onfolio Holdings Inc. Common Stock,Nasdaq,LULD pause,2026-04-16,10:00:07
2026-04-16,09:52:45,XNDU,Xanadu Quantum Technologies Limited Class B Subordinate Voting Shares,Nasdaq,LULD pause,2026-04-16,09:57:45
2026-04-16,09:47:44,ONFO,Onfolio Holdings Inc. Common Stock,Nasdaq,LULD pause,2026-04-16,09:52:44
2026-04-16,09:46:56,CAR,"""Avis Budget Group, Inc.""",Nasdaq,LULD pause,2026-04-16,09:51:56
2026-04-16,09:44:32,WSHP,WeShop Holdings Limited Class A Ordinary Shares,Nasdaq,LULD pause,2026-04-16,09:49:32
2026-04-16,09:42:56,XNDU,Xanadu Quantum Technologies Limited Class B Subordinate Voting Shares,Nasdaq,LULD pause,2026-04-16,09:47:56
2026-04-16,09:42:09,QVCGP,"""QVC Group, Inc. 8.0% Fixed Rate Cumulative Redeemable Preferred Stock""",Nasdaq,LULD pause,2026-04-16,09:47:09
2026-04-16,09:41:40,HSPT,Horizon Space Acquisition II Corp. Ordinary share,Nasdaq,LULD pause,2026-04-16,09:46:40
2026-04-16,09:41:35,WNW,Meiwu Technology Company Limited Ordinary Shares,Nasdaq,LULD pause,2026-04-16,09:51:35
2026-04-16,09:39:53,CAR,"""Avis Budget Group, Inc.""",Nasdaq,LULD pause,2026-04-16,09:44:53
2026-04-16,09:38:34,WSHP,WeShop Holdings Limited Class A Ordinary Shares,Nasdaq,LULD pause,2026-04-16,09:43:34
2026-04-16,09:37:21,ONFO,Onfolio Holdings Inc. Common Stock,Nasdaq,LULD pause,2026-04-16,09:47:21
2026-04-16,09:36:02,WTF,Waton Financial Limited Ordinary Shares,Nasdaq,LULD pause,2026-04-16,09:41:02
2026-04-16,09:33:09,NVOH,Novo Nordisk A/S (B Shares) ADRhedged,NYSE Arca,LULD pause,2026-04-16,09:38:09
2026-04-16,09:32:07,WSHP,WeShop Holdings Limited Class A Ordinary Shares,Nasdaq,LULD pause,2026-04-16,09:37:07
2026-04-16,09:31:40,ONFO,Onfolio Holdings Inc. Common Stock,Nasdaq,LULD pause,2026-04-16,09:36:40
2026-04-16,09:30:15,WSO B,"""Watsco, Inc. Class B""",NYSE,LULD pause,2026-04-16,09:35:15
2026-04-16,09:30:15,SOHOO,Sotherly Hotels Inc. 7.875 Percent Series C Cumulative Redeemable Perpetual Preferred Stock,Nasdaq,LULD pause,2026-04-16,09:35:15
2026-04-16,07:28:24,UROY,Uranium Royalty Corp. Common Stock,Nasdaq,News pending,2026-04-16,08:30:00
2026-04-15,19:50:00,NMTC,NeuroOne Medical Technologies Corporation Common Stock,Nasdaq,News pending,2026-04-16,09:00:00
2026-04-15,19:50:00,NMTC,NeuroOne Medical Technologies Corporation Common Stock,Nasdaq,News pending,,
2026-04-15,17:22:18,QVCC,"""QVC, Inc. 6.250% Senior Secured Notes due 2068""",NYSE,News pending,,
2026-04-15,17:22:18,QVCC,"""QVC, Inc. 6.250% Senior Secured Notes due 2068""",NYSE,News pending,See Subsequent Halt,See Subsequent Halt
2026-04-15,17:22:18,QVCD,"""QVC, Inc. 6.375% Senior Secured Notes due 2067""",NYSE,News pending,See Subsequent Halt,See Subsequent Halt
2026-04-15,17:22:18,QVCD,"""QVC, Inc. 6.375% Senior Secured Notes due 2067""",NYSE,News pending,,
2026-04-15,16:54:48,PERF WS,"""Perfect Corp. Warrants, each exercisable for one Class A Ordinary Share at a price of $11.50 per share""",NYSE,News Released,,
2026-04-15,16:02:21,YHC,LQR House Inc. Common Stock,Nasdaq,News pending,2026-04-15,16:35:00
2026-04-15,13:52:18,KMRK,K-Tech Solutions Company Limited Class A Ordinary Shares,Nasdaq,LULD pause,2026-04-15,13:57:18
2026-04-15,12:55:07,WSO B,"""Watsco, Inc. Class B""",NYSE,LULD pause,2026-04-15,13:00:19
2026-04-15,12:35:18,PLBL,Polibeli Group Ltd Class A Ordinary Shares,Nasdaq,LULD pause,2026-04-15,12:40:18
2026-04-15,12:11:44,PLBL,Polibeli Group Ltd Class A Ordinary Shares,Nasdaq,LULD pause,2026-04-15,12:21:44
2026-04-15,12:01:45,NEXA,Nexa Resources S.A. Common Shares,NYSE,LULD pause,2026-04-15,12:06:55
2026-04-15,11:08:28,WTF,Waton Financial Limited Ordinary Shares,Nasdaq,LULD pause,2026-04-15,11:13:28
2026-04-15,11:04:55,RETO,"""ReTo Eco-Solutions, Inc. Class A Shares""",Nasdaq,LULD pause,2026-04-15,11:09:55
2026-04-15,10:44:39,CMIIU,Columbus Circle Capital Corp II Unit,Nasdaq,LULD pause,2026-04-15,10:49:39
2026-04-15,10:32:36,ANL,Adlai Nortye Ltd. American Depositary Shares,Nasdaq,LULD pause,2026-04-15,10:42:36
2026-04-15,10:16:42,CAR,"""Avis Budget Group, Inc.""",Nasdaq,LULD pause,2026-04-15,10:21:42
2026-04-15,10:13:07,RECT,Rectitude Holdings Ltd Ordinary Shares,Nasdaq,LULD pause,2026-04-15,10:18:07
2026-04-15,10:11:56,ANL,Adlai Nortye Ltd. American Depositary Shares,Nasdaq,LULD pause,2026-04-15,10:31:56
2026-04-15,10:11:21,VSA,VisionSys AI Inc American Depositary Shares,Nasdaq,LULD pause,2026-04-15,10:16:21
2026-04-15,10:07:23,RECT,Rectitude Holdings Ltd Ordinary Shares,Nasdaq,LULD pause,2026-04-15,10:12:23
2026-04-15,10:00:48,RECT,Rectitude Holdings Ltd Ordinary Shares,Nasdaq,LULD pause,2026-04-15,10:05:48
2026-04-15,09:56:04,CTNT,Cheetah Net Supply Chain Service Inc. Class A Common Stock,Nasdaq,LULD pause,2026-04-15,10:01:04
2026-04-15,09:54:26,NCI,Neo-Concept International Group Holdings Limited Class A Ordinary Shares,Nasdaq,LULD pause,2026-04-15,09:59:26
2026-04-15,09:50:53,AFJK,"""Aimei Health Technology Co., Ltd Ordinary Share""",Nasdaq,LULD pause,2026-04-15,10:00:53
2026-04-15,09:50:21,CTNT,Cheetah Net Supply Chain Service Inc. Class A Common Stock,Nasdaq,LULD pause,2026-04-15,09:55:21
2026-04-15,09:46:43,NCI,Neo-Concept International Group Holdings Limited Class A Ordinary Shares,Nasdaq,LULD pause,2026-04-15,09:51:43
2026-04-15,09:41:10,NCI,Neo-Concept International Group Holdings Limited Class A Ordinary Shares,Nasdaq,LULD pause,2026-04-15,09:46:10
2026-04-15,09:38:30,CTNT,Cheetah Net Supply Chain Service Inc. Class A Common Stock,Nasdaq,LULD pause,2026-04-15,09:43:30
2026-04-15,09:36:47,NICM,Nicola Mining Inc. American Depositary Shares,Nasdaq,LULD pause,2026-04-15,09:41:47
2026-04-15,09:36:35,BIRD,"""Allbirds, Inc. Class A Common Stock""",Nasdaq,LULD pause,2026-04-15,09:41:35
2026-04-15,09:34:37,ARBB,ARB IOT Group Limited Ordinary Shares,Nasdaq,LULD pause,2026-04-15,09:39:37
2026-04-15,09:31:38,ANL,Adlai Nortye Ltd. American Depositary Shares,Nasdaq,LULD pause,2026-04-15,10:11:18
2026-04-15,09:31:10,ICPY,"""Tweedy, Browne International Insider + Value ETF""",NYSE Arca,LULD pause,2026-04-15,09:36:10
2026-04-15,09:30:52,CTNT,Cheetah Net Supply Chain Service Inc. Class A Common Stock,Nasdaq,LULD pause,2026-04-15,09:35:52
2026-04-15,08:15:50,GNS,Genius Group Limited,NYSE American,News pending,2026-04-15,09:15:00
2026-04-14,19:50:00,BNRG,Brenmiller Energy Ltd Ordinary Shares,Nasdaq,News pending,2026-04-15,09:00:00
2026-04-14,19:50:00,BNRG,Brenmiller Energy Ltd Ordinary Shares,Nasdaq,News pending,,
2026-04-14,15:59:31,MFI,mF International Limited Class A Ordinary Shares,Nasdaq,LULD pause,2026-04-14,16:00:00
2026-04-14,15:44:07,PLSM,Pulsenmore Ltd. Ordinary Shares,Nasdaq,LULD pause,2026-04-14,15:49:07
2026-04-14,15:30:35,SNAL,"""Snail, Inc. Class A Common Stock""",Nasdaq,LULD pause,2026-04-14,15:35:35
2026-04-14,15:25:06,SNAL,"""Snail, Inc. Class A Common Stock""",Nasdaq,LULD pause,2026-04-14,15:30:06
2026-04-14,15:19:38,SNAL,"""Snail, Inc. Class A Common Stock""",Nasdaq,LULD pause,2026-04-14,15:24:38
2026-04-14,15:13:03,RETO,"""ReTo Eco-Solutions, Inc. Class A Shares""",Nasdaq,LULD pause,2026-04-14,15:18:03
2026-04-14,15:04:44,SNAL,"""Snail, Inc. Class A Common Stock""",Nasdaq,LULD pause,2026-04-14,15:09:44
2026-04-14,14:14:01,SNAL,"""Snail, Inc. Class A Common Stock""",Nasdaq,LULD pause,2026-04-14,14:19:01
2026-04-14,14:02:50,SNAL,"""Snail, Inc. Class A Common Stock""",Nasdaq,LULD pause,2026-04-14,14:07:50
2026-04-14,13:59:58,PERF WS,"""Perfect Corp. Warrants, each exercisable for one Class A Ordinary Share at a price of $11.50 per share""",NYSE,Regulatory Concern,See Subsequent Halt,See Subsequent Halt
2026-04-14,13:59:58,PERF WS,"""Perfect Corp. Warrants, each exercisable for one Class A Ordinary Share at a price of $11.50 per share""",NYSE,Regulatory Concern,,
2026-04-14,13:57:33,SNAL,"""Snail, Inc. Class A Common Stock""",Nasdaq,LULD pause,2026-04-14,14:02:33
2026-04-14,13:34:35,SNAL,"""Snail, Inc. Class A Common Stock""",Nasdaq,LULD pause,2026-04-14,13:39:35
2026-04-14,13:32:16,AFJK,"""Aimei Health Technology Co., Ltd Ordinary Share""",Nasdaq,LULD pause,2026-04-14,13:37:16
2026-04-14,13:28:00,SNAL,"""Snail, Inc. Class A Common Stock""",Nasdaq,LULD pause,2026-04-14,13:33:00
2026-04-14,13:10:43,SNAL,"""Snail, Inc. Class A Common Stock""",Nasdaq,LULD pause,2026-04-14,13:15:43
2026-04-14,13:06:53,AFJK,"""Aimei Health Technology Co., Ltd Ordinary Share""",Nasdaq,LULD pause,2026-04-14,13:11:53
2026-04-14,13:04:15,SNAL,"""Snail, Inc. Class A Common Stock""",Nasdaq,LULD pause,2026-04-14,13:09:15
2026-04-14,11:58:35,SNAL,"""Snail, Inc. Class A Common Stock""",Nasdaq,LULD pause,2026-04-14,12:03:35
2026-04-14,11:50:27,AFJKU,"""Aimei Health Technology Co., Ltd Unit""",Nasdaq,LULD pause,2026-04-14,11:55:27
2026-04-14,11:42:01,SNAL,"""Snail, Inc. Class A Common Stock""",Nasdaq,LULD pause,2026-04-14,11:47:01
2026-04-14,11:21:24,SNAL,"""Snail, Inc. Class A Common Stock""",Nasdaq,LULD pause,2026-04-14,11:26:24
2026-04-14,11:15:46,SNAL,"""Snail, Inc. Class A Common Stock""",Nasdaq,LULD pause,2026-04-14,11:20:46
2026-04-14,11:04:50,AFJK,"""Aimei Health Technology Co., Ltd Ordinary Share""",Nasdaq,LULD pause,2026-04-14,11:09:50
2026-04-14,10:54:38,AFJKU,"""Aimei Health Technology Co., Ltd Unit""",Nasdaq,LULD pause,2026-04-14,11:14:38
2026-04-14,10:52:02,AFJK,"""Aimei Health Technology Co., Ltd Ordinary Share""",Nasdaq,LULD pause,2026-04-14,10:57:02
2026-04-14,10:49:51,SNAL,"""Snail, Inc. Class A Common Stock""",Nasdaq,LULD pause,2026-04-14,10:54:51
2026-04-14,10:31:02,RETO,"""ReTo Eco-Solutions, Inc. Class A Shares""",Nasdaq,LULD pause,2026-04-14,10:36:02
2026-04-14,10:14:04,AFJK,"""Aimei Health Technology Co., Ltd Ordinary Share""",Nasdaq,LULD pause,2026-04-14,10:19:04
2026-04-14,10:13:38,NCEW,New Century Logistics (BVI) Limited Ordinary Shares,Nasdaq,LULD pause,2026-04-14,10:18:38
2026-04-14,10:01:20,AFJK,"""Aimei Health Technology Co., Ltd Ordinary Share""",Nasdaq,LULD pause,2026-04-14,10:06:20
2026-04-14,09:48:59,BDCZ,"""ETRACS MarketVector Business Development Companies Liquid Index ETN due April 26, 2041""",NYSE Arca,LULD pause,2026-04-14,09:53:59
2026-04-14,09:46:27,AHMA,Ambitions Enterprise Management Co. L.L.C Class A Ordinary Shares,Nasdaq,LULD pause,2026-04-14,09:56:27
2026-04-14,09:45:29,NICM,Nicola Mining Inc. American Depositary Shares,Nasdaq,LULD pause,2026-04-14,09:50:29
2026-04-14,09:45:21,WCT,Wellchange Holdings Company Limited Class A Ordinary shares,Nasdaq,LULD pause,2026-04-14,09:50:21
2026-04-14,09:36:18,BTM,Bitcoin Depot Inc. Class A Common Stock,Nasdaq,LULD pause,2026-04-14,09:41:18
2026-04-14,09:31:55,QETH,Invesco Galaxy Ethereum ETF,Cboe BZX,LULD pause,2026-04-14,09:36:55
2026-04-14,09:30:16,WSO B,"""Watsco, Inc. Class B""",NYSE,LULD pause,2026-04-14,09:35:16
2026-04-14,07:55:00,GSAT,"""Globalstar, Inc. Common Stock""",Nasdaq,News pending,2026-04-14,08:30:00
2026-04-13,17:33:27,TVTX,"""Travere Therapeutics, Inc. Common Stock""",Nasdaq,News pending,2026-04-14,07:10:01
2026-04-13,17:33:27,TVTX,"""Travere Therapeutics, Inc. Common Stock""",Nasdaq,News pending,,
2026-04-13,15:55:24,RMSG,Real Messenger Corporation Ordinary Shares,Nasdaq,LULD pause,2026-04-13,16:00:00
2026-04-13,15:31:49,RMSG,Real Messenger Corporation Ordinary Shares,Nasdaq,LULD pause,2026-04-13,15:36:49
2026-04-13,15:02:11,RMSG,Real Messenger Corporation Ordinary Shares,Nasdaq,LULD pause,2026-04-13,15:07:11
2026-04-13,14:50:33,AFJKU,"""Aimei Health Technology Co., Ltd Unit""",Nasdaq,LULD pause,2026-04-13,14:55:33
2026-04-13,13:00:32,RMSG,Real Messenger Corporation Ordinary Shares,Nasdaq,LULD pause,2026-04-13,13:05:32
2026-04-13,11:40:54,RMSG,Real Messenger Corporation Ordinary Shares,Nasdaq,LULD pause,2026-04-13,11:45:54
2026-04-13,11:35:21,SCLX,Scilex Holding Company Common Stock,Nasdaq,LULD pause,2026-04-13,11:46:55
2026-04-13,11:15:02,SCLX,Scilex Holding Company Common Stock,Nasdaq,LULD pause,2026-04-13,11:35:02
2026-04-13,10:52:51,REPL,"""Replimune Group, Inc.""",Nasdaq,LULD pause,2026-04-13,10:57:51
2026-04-13,10:48:10,AFJK,"""Aimei Health Technology Co., Ltd Ordinary Share""",Nasdaq,LULD pause,2026-04-13,10:53:10
2026-04-13,10:27:43,HSPTU,Horizon Space Acquisition II Corp. Units,Nasdaq,LULD pause,2026-04-13,10:32:43
2026-04-13,10:19:38,AFJKU,"""Aimei Health Technology Co., Ltd Unit""",Nasdaq,LULD pause,2026-04-13,10:24:38
2026-04-13,10:14:11,BBGI,Beasley Broadcasting Group Inc,Nasdaq,LULD pause,2026-04-13,10:19:11
2026-04-13,10:09:57,AFJK,"""Aimei Health Technology Co., Ltd Ordinary Share""",Nasdaq,LULD pause,2026-04-13,10:14:57
2026-04-13,10:02:34,MGRT,Mega Fortune Company Limited Ordinary Shares,Nasdaq,LULD pause,2026-04-13,10:07:34
2026-04-13,09:59:18,NOMA,NOMADAR Corp. Class A Common Stock,Nasdaq,LULD pause,2026-04-13,10:04:18
2026-04-13,09:51:37,RECT,Rectitude Holdings Ltd Ordinary Shares,Nasdaq,LULD pause,2026-04-13,09:56:37
2026-04-13,09:47:55,RCT,RedCloud Holdings plc Ordinary Shares,Nasdaq,LULD pause,2026-04-13,09:52:55
2026-04-13,09:44:35,ERAS,"""Erasca, Inc. Common Stock""",Nasdaq,LULD pause,2026-04-13,09:49:35
2026-04-13,09:42:40,NOMA,NOMADAR Corp. Class A Common Stock,Nasdaq,LULD pause,2026-04-13,09:52:41
2026-04-13,09:41:58,RCT,RedCloud Holdings plc Ordinary Shares,Nasdaq,LULD pause,2026-04-13,09:46:58
2026-04-13,09:33:57,ERAS,"""Erasca, Inc. Common Stock""",Nasdaq,LULD pause,2026-04-13,09:43:57
2026-04-13,09:33:01,RMSG,Real Messenger Corporation Ordinary Shares,Nasdaq,LULD pause,2026-04-13,09:38:01
2026-04-13,07:25:00,ALLO,"""Allogene Therapeutics, Inc. Common Stock""",Nasdaq,News pending,2026-04-13,08:00:00
2026-04-13,07:23:11,CAG,"""Conagra Brands, Inc.""",NYSE,News pending,2026-04-13,07:42:05
2026-04-13,06:55:00,SYRE,"""Spyre Therapeutics, Inc. Common Stock""",Nasdaq,News pending,2026-04-13,07:35:01
2026-04-13,04:00:00,NICM,Nicola Mining Inc. American Depositary Shares,Nasdaq,News pending,,
2026-04-10,19:50:00,MSAIW,"""MultiSensor AI Holdings, Inc. Warrant""",Nasdaq,News pending,2026-04-13,09:05:00
2026-04-10,19:50:00,MSAIW,"""MultiSensor AI Holdings, Inc. Warrant""",Nasdaq,News pending,,
2026-04-10,19:50:00,NXPLW,NextPlat Corp Warrants,Nasdaq,News pending,2026-04-13,09:05:00
2026-04-10,19:50:00,NXPLW,NextPlat Corp Warrants,Nasdaq,News pending,,
2026-04-10,19:50:00,HCAI,"""Huachen AI Parking Management Technology Holding Co., Ltd. Ordinary Shares""",Nasdaq,News pending,2026-04-13,09:00:00
2026-04-10,19:50:00,HCAI,"""Huachen AI Parking Management Technology Holding Co., Ltd. Ordinary Shares""",Nasdaq,News pending,,
2026-04-10,19:50:00,MSAI,"""MultiSensor AI Holdings, Inc. Common Stock""",Nasdaq,News pending,2026-04-13,09:00:00
2026-04-10,19:50:00,MSAI,"""MultiSensor AI Holdings, Inc. Common Stock""",Nasdaq,News pending,,
2026-04-10,19:50:00,JEM,707 Cayman Holdings Limited Ordinary Shares,Nasdaq,News pending,2026-04-13,09:00:00
2026-04-10,19:50:00,JEM,707 Cayman Holdings Limited Ordinary Shares,Nasdaq,News pending,,
2026-04-10,19:50:00,PN,Skycorp Solar Group Limited Ordinary Shares,Nasdaq,News pending,,
2026-04-10,19:50:00,PN,Skycorp Solar Group Limited Ordinary Shares,Nasdaq,News pending,2026-04-13,09:00:00
2026-04-10,19:50:00,CENN,Cenntro Inc. Common Stock,Nasdaq,News pending,2026-04-13,09:00:00
2026-04-10,19:50:00,CENN,Cenntro Inc. Common Stock,Nasdaq,News pending,,
2026-04-10,19:50:00,AKAN,Akanda Corp. Common Shares,Nasdaq,News pending,2026-04-13,09:00:00
2026-04-10,19:50:00,AKAN,Akanda Corp. Common Shares,Nasdaq,News pending,,
2026-04-10,19:50:00,WFF,WF Holding Limited Ordinary Shares,Nasdaq,News pending,,
2026-04-10,19:50:00,WFF,WF Holding Limited Ordinary Shares,Nasdaq,News pending,2026-04-13,09:00:00
2026-04-10,19:50:00,QNCX,"""Quince Therapeutics, Inc. Common Stock""",Nasdaq,News pending,2026-04-13,09:00:00
2026-04-10,19:50:00,QNCX,"""Quince Therapeutics, Inc. Common Stock""",Nasdaq,News pending,,
2026-04-10,19:50:00,NXPL,NextPlat Corp Common Stock,Nasdaq,News pending,2026-04-13,09:00:00
2026-04-10,19:50:00,NXPL,NextPlat Corp Common Stock,Nasdaq,News pending,,
2026-04-10,15:35:56,MFI,mF International Limited Class A Ordinary Shares,Nasdaq,LULD pause,2026-04-10,15:40:56
2026-04-10,14:28:56,SKYQ,Sky Quarry Inc. Common Stock,Nasdaq,LULD pause,2026-04-10,14:33:56
2026-04-10,14:21:57,USOY,Defiance Oil Enhanced Options Income ETF,Nasdaq,News pending,2026-04-10,16:35:00
2026-04-10,14:21:57,GLDY,Defiance Gold Enhanced Options Income ETF,Nasdaq,News pending,2026-04-10,16:35:00
2026-04-10,12:55:12,CVLT,"""Commault Systems, Inc.""",Nasdaq,LULD pause,2026-04-10,13:00:12
2026-04-10,12:37:03,PLSM,Pulsenmore Ltd. Ordinary Shares,Nasdaq,LULD pause,2026-04-10,12:42:03
2026-04-10,11:54:32,BENF,Beneficient Class A Common Stock,Nasdaq,LULD pause,2026-04-10,11:59:32
2026-04-10,11:46:16,AFJK,"""Aimei Health Technology Co., Ltd Ordinary Share""",Nasdaq,LULD pause,2026-04-10,11:51:16
2026-04-10,11:11:55,MGRT,Mega Fortune Company Limited Ordinary Shares,Nasdaq,LULD pause,2026-04-10,11:16:55
2026-04-10,11:10:00,AFJK,"""Aimei Health Technology Co., Ltd Ordinary Share""",Nasdaq,LULD pause,2026-04-10,11:15:00
2026-04-10,11:02:26,REPL,"""Replimune Group, Inc.""",Nasdaq,News pending,2026-04-10,17:30:00
2026-04-10,11:00:52,REPL,"""Replimune Group, Inc.""",Nasdaq,LULD pause,See Subsequent Halt,See Subsequent Halt
2026-04-10,10:56:03,AFJK,"""Aimei Health Technology Co., Ltd Ordinary Share""",Nasdaq,LULD pause,2026-04-10,11:06:03
2026-04-10,10:53:22,REPL,"""Replimune Group, Inc.""",Nasdaq,LULD pause,2026-04-10,10:58:22
2026-04-10,10:35:28,MGRT,Mega Fortune Company Limited Ordinary Shares,Nasdaq,LULD pause,2026-04-10,10:40:28
2026-04-10,10:06:35,YDDL,One and One Green Technologies. Inc Class A Ordinary Shares,Nasdaq,LULD pause,2026-04-10,10:11:35
2026-04-10,10:02:33,AFJK,"""Aimei Health Technology Co., Ltd Ordinary Share""",Nasdaq,LULD pause,2026-04-10,10:07:33
2026-04-10,09:57:29,FOXX,Foxx Development Holdings Inc. Common Stock,Nasdaq,LULD pause,2026-04-10,10:02:29
2026-04-10,09:55:27,CREG,Smart Powerr Corp. Common Stock,Nasdaq,LULD pause,2026-04-10,10:00:27
2026-04-10,09:54:57,YDDL,One and One Green Technologies. Inc Class A Ordinary Shares,Nasdaq,LULD pause,2026-04-10,09:59:57
2026-04-10,09:49:41,WSO B,"""Watsco, Inc. Class B""",NYSE,LULD pause,2026-04-10,09:54:41
2026-04-10,09:44:14,YDDL,One and One Green Technologies. Inc Class A Ordinary Shares,Nasdaq,LULD pause,2026-04-10,09:49:14
2026-04-10,09:42:00,BENF,Beneficient Class A Common Stock,Nasdaq,LULD pause,2026-04-10,09:47:00
2026-04-10,09:36:04,YDDL,One and One Green Technologies. Inc Class A Ordinary Shares,Nasdaq,LULD pause,2026-04-10,09:41:04
2026-04-10,09:35:09,HBNB,Hotel101 Global Holdings Corp. Class A Ordinary Shares,Nasdaq,LULD pause,2026-04-10,09:40:09
2026-04-10,09:30:43,YDDL,One and One Green Technologies. Inc Class A Ordinary Shares,Nasdaq,LULD pause,2026-04-10,09:35:43
2026-04-09,19:50:00,WORX,SC WORX Corp,Nasdaq,News pending,,
2026-04-09,19:50:00,WORX,SC WORX Corp,Nasdaq,News pending,2026-04-10,09:00:00
2026-04-09,15:47:14,BBGI,Beasley Broadcasting Group Inc,Nasdaq,LULD pause,2026-04-09,16:00:00
2026-04-09,15:30:19,BBGI,Beasley Broadcasting Group Inc,Nasdaq,LULD pause,2026-04-09,15:40:19
2026-04-09,15:02:43,AFJK,"""Aimei Health Technology Co., Ltd Ordinary Share""",Nasdaq,LULD pause,2026-04-09,15:07:43
2026-04-09,14:55:03,AFJK,"""Aimei Health Technology Co., Ltd Ordinary Share""",Nasdaq,LULD pause,2026-04-09,15:00:03
2026-04-09,14:39:16,HSPT,Horizon Space Acquisition II Corp. Ordinary share,Nasdaq,LULD pause,2026-04-09,14:49:16
2026-04-09,14:33:10,PHGE,BiomX Inc.,NYSE American,News pending,2026-04-10,09:15:00
2026-04-09,14:33:10,PHGE,BiomX Inc.,NYSE American,News pending,,
2026-04-09,14:03:58,AFJKU,"""Aimei Health Technology Co., Ltd Unit""",Nasdaq,LULD pause,2026-04-09,14:08:58
2026-04-09,13:56:53,AFJKU,"""Aimei Health Technology Co., Ltd Unit""",Nasdaq,LULD pause,2026-04-09,14:01:53
2026-04-09,13:36:47,HSPT,Horizon Space Acquisition II Corp. Ordinary share,Nasdaq,LULD pause,2026-04-09,13:41:47
2026-04-09,13:24:57,AFJK,"""Aimei Health Technology Co., Ltd Ordinary Share""",Nasdaq,LULD pause,2026-04-09,13:29:57
2026-04-09,13:17:50,SLSR,Solaris Resources Inc.,NYSE American,News pending,2026-04-09,14:35:00
2026-04-09,13:10:09,AFJKU,"""Aimei Health Technology Co., Ltd Unit""",Nasdaq,LULD pause,2026-04-09,13:15:09
2026-04-09,13:09:07,AFJK,"""Aimei Health Technology Co., Ltd Ordinary Share""",Nasdaq,LULD pause,2026-04-09,13:14:07
2026-04-09,13:07:39,BBGI,Beasley Broadcasting Group Inc,Nasdaq,LULD pause,2026-04-09,13:12:39
2026-04-09,12:59:26,AFJK,"""Aimei Health Technology Co., Ltd Ordinary Share""",Nasdaq,LULD pause,2026-04-09,13:04:26
2026-04-09,12:53:09,AFJK,"""Aimei Health Technology Co., Ltd Ordinary Share""",Nasdaq,LULD pause,2026-04-09,12:58:09
2026-04-09,12:28:46,ELAB,PMGC Holdings Inc. Common Stock,Nasdaq,LULD pause,2026-04-09,12:33:46
2026-04-09,12:17:38,MGRT,Mega Fortune Company Limited Ordinary Shares,Nasdaq,LULD pause,2026-04-09,12:22:38
2026-04-09,12:01:28,MGRT,Mega Fortune Company Limited Ordinary Shares,Nasdaq,LULD pause,2026-04-09,12:11:28
2026-04-09,11:57:09,ASPC,A SPAC III Acquisition Corp. Class A Ordinary Shares,Nasdaq,LULD pause,2026-04-09,12:02:09
2026-04-09,11:53:03,HSPT,Horizon Space Acquisition II Corp. Ordinary share,Nasdaq,LULD pause,2026-04-09,11:58:03
2026-04-09,11:51:43,AFJK,"""Aimei Health Technology Co., Ltd Ordinary Share""",Nasdaq,LULD pause,2026-04-09,11:56:43
2026-04-09,11:50:49,MGRT,Mega Fortune Company Limited Ordinary Shares,Nasdaq,LULD pause,2026-04-09,12:00:49
2026-04-09,11:48:38,ANTA,Antalpha Platform Holding Company Class A Ordinary Shares,Nasdaq,LULD pause,2026-04-09,11:53:38
2026-04-09,11:47:39,ASPCU,A SPAC III Acquisition Corp. Unit,Nasdaq,LULD pause,2026-04-09,11:52:39
2026-04-09,11:41:21,AFJK,"""Aimei Health Technology Co., Ltd Ordinary Share""",Nasdaq,LULD pause,2026-04-09,11:51:21
2026-04-09,11:40:26,MGRT,Mega Fortune Company Limited Ordinary Shares,Nasdaq,LULD pause,2026-04-09,11:50:27
2026-04-09,11:34:35,MGRT,Mega Fortune Company Limited Ordinary Shares,Nasdaq,LULD pause,2026-04-09,11:39:35
2026-04-09,11:32:51,AFJKU,"""Aimei Health Technology Co., Ltd Unit""",Nasdaq,LULD pause,2026-04-09,11:37:51
2026-04-09,11:30:54,AFJK,"""Aimei Health Technology Co., Ltd Ordinary Share""",Nasdaq,LULD pause,2026-04-09,11:40:54
2026-04-09,11:25:10,AFJK,"""Aimei Health Technology Co., Ltd Ordinary Share""",Nasdaq,LULD pause,2026-04-09,11:30:10
2026-04-09,11:24:42,SOHOB,Sotherly Hotels Inc. 8.0% Series B Cumulative Redeemable Perpetual Preferred Stock,Nasdaq,LULD pause,2026-04-09,11:29:42
2026-04-09,11:23:10,PLSM,Pulsenmore Ltd. Ordinary Shares,Nasdaq,LULD pause,2026-04-09,11:28:10
2026-04-09,11:19:27,AFJK,"""Aimei Health Technology Co., Ltd Ordinary Share""",Nasdaq,LULD pause,2026-04-09,11:24:27
2026-04-09,11:19:08,AFJKU,"""Aimei Health Technology Co., Ltd Unit""",Nasdaq,LULD pause,2026-04-09,11:24:08
2026-04-09,11:18:45,ASPCU,A SPAC III Acquisition Corp. Unit,Nasdaq,LULD pause,2026-04-09,11:23:45
2026-04-09,11:12:51,AFJK,"""Aimei Health Technology Co., Ltd Ordinary Share""",Nasdaq,LULD pause,2026-04-09,11:17:51
2026-04-09,11:06:49,AFJK,"""Aimei Health Technology Co., Ltd Ordinary Share""",Nasdaq,LULD pause,2026-04-09,11:11:49
2026-04-09,10:56:17,AFJK,"""Aimei Health Technology Co., Ltd Ordinary Share""",Nasdaq,LULD pause,2026-04-09,11:06:17
2026-04-09,10:49:58,AFJK,"""Aimei Health Technology Co., Ltd Ordinary Share""",Nasdaq,LULD pause,2026-04-09,10:54:58
2026-04-09,10:49:26,AFJKU,"""Aimei Health Technology Co., Ltd Unit""",Nasdaq,LULD pause,2026-04-09,10:54:26
2026-04-09,10:45:23,HSPT,Horizon Space Acquisition II Corp. Ordinary share,Nasdaq,LULD pause,2026-04-09,10:50:23
2026-04-09,10:42:07,AFJKU,"""Aimei Health Technology Co., Ltd Unit""",Nasdaq,LULD pause,2026-04-09,10:47:07
2026-04-09,10:41:52,AFJK,"""Aimei Health Technology Co., Ltd Ordinary Share""",Nasdaq,LULD pause,2026-04-09,10:46:52
2026-04-09,10:29:12,AFJKU,"""Aimei Health Technology Co., Ltd Unit""",Nasdaq,LULD pause,2026-04-09,10:34:12
2026-04-09,10:29:12,AFJK,"""Aimei Health Technology Co., Ltd Ordinary Share""",Nasdaq,LULD pause,2026-04-09,10:39:12
2026-04-09,10:09:41,MFI,mF International Limited Class A Ordinary Shares,Nasdaq,LULD pause,2026-04-09,10:14:41
2026-04-09,09:57:48,CAR,"""Avis Budget Group, Inc.""",Nasdaq,LULD pause,2026-04-09,10:02:48
2026-04-09,09:42:00,CAR,"""Avis Budget Group, Inc.""",Nasdaq,LULD pause,2026-04-09,09:47:00
2026-04-09,09:39:18,TMCR,The Metals Royalty Company Inc. Common Stock,Nasdaq,LULD pause,2026-04-09,09:44:18
2026-04-09,09:33:19,LUD,Luda Technology Group Limited,NYSE American,LULD pause,2026-04-09,09:38:19
2026-04-09,08:33:54,SEE,Sealed Air Corp.,NYSE,Merger Effective,,
2026-04-08,19:50:00,RUBI,Rubico Inc. Common Stock,Nasdaq,News pending,,
2026-04-08,19:50:00,RUBI,Rubico Inc. Common Stock,Nasdaq,News pending,2026-04-09,09:00:00
2026-04-08,16:25:00,CLST,"""Catalyst Bancorp, Inc. Common Stock""",Nasdaq,News pending,2026-04-08,17:00:00
2026-04-08,15:49:41,UCAR,U Power Limited Class A Ordinary Shares,Nasdaq,LULD pause,2026-04-08,16:00:00
2026-04-08,15:44:16,UCAR,U Power Limited Class A Ordinary Shares,Nasdaq,LULD pause,2026-04-08,15:49:16
2026-04-08,15:39:57,FEUZ,First Trust Eurozone AlphaDEX,Nasdaq,LULD pause,2026-04-08,15:44:57
2026-04-08,12:53:42,JLHL,Julong Holding Limited Class A Ordinary Shares,Nasdaq,LULD pause,2026-04-08,12:58:42
2026-04-08,12:50:50,DRIO,DarioHealth Corp. Common Stock,Nasdaq,LULD pause,2026-04-08,12:55:50
2026-04-08,12:20:01,TRAXV,"""First Tracks Biotherapeutics, Inc. Ordinary Shares When-Issued""",Nasdaq,LULD pause,2026-04-08,12:25:01
2026-04-08,12:09:57,EONR,EON Resources Inc.,NYSE American,News pending,2026-04-08,12:50:00
2026-04-08,12:09:57,EONR WS,"""EON Resources Inc. Warrants, each whole warrant exercisable for three quarters of one share of Class A Common Stock at an exercise price of $11.50 per""",NYSE American,News pending,2026-04-08,12:50:00
2026-04-08,11:56:03,JLHL,Julong Holding Limited Class A Ordinary Shares,Nasdaq,LULD pause,2026-04-08,12:06:03
2026-04-08,11:18:08,TMCR,The Metals Royalty Company Inc. Common Stock,Nasdaq,LULD pause,2026-04-08,11:28:08
2026-04-08,11:09:56,TMCR,The Metals Royalty Company Inc. Common Stock,Nasdaq,LULD pause,2026-04-08,11:14:56
2026-04-08,10:57:04,INHD,Inno Holdings Inc. Common Stock,Nasdaq,LULD pause,2026-04-08,11:02:04
2026-04-08,10:56:22,MGRT,Mega Fortune Company Limited Ordinary Shares,Nasdaq,LULD pause,2026-04-08,11:01:22
2026-04-08,10:54:24,TMCR,The Metals Royalty Company Inc. Common Stock,Nasdaq,LULD pause,2026-04-08,11:09:37
2026-04-08,10:37:55,SOHOB,Sotherly Hotels Inc. 8.0% Series B Cumulative Redeemable Perpetual Preferred Stock,Nasdaq,LULD pause,2026-04-08,10:42:55
2026-04-08,10:37:48,INHD,Inno Holdings Inc. Common Stock,Nasdaq,LULD pause,2026-04-08,10:42:48
2026-04-08,10:37:22,EMSF,Matthews Emerging Markets Sustainable Future Active ETF,NYSE Arca,LULD pause,2026-04-08,10:42:22
2026-04-08,10:34:03,JTAI,Jet.AI Inc. Common Stock,Nasdaq,LULD pause,2026-04-08,10:39:03
2026-04-08,10:32:10,INHD,Inno Holdings Inc. Common Stock,Nasdaq,LULD pause,2026-04-08,10:37:10
2026-04-08,10:31:06,SFHG,Samfine Creation Holdings Group Limited Class A Ordinary Share,Nasdaq,LULD pause,2026-04-08,10:36:06
2026-04-08,10:27:01,JTAI,Jet.AI Inc. Common Stock,Nasdaq,LULD pause,2026-04-08,10:32:01
2026-04-08,10:25:50,INHD,Inno Holdings Inc. Common Stock,Nasdaq,LULD pause,2026-04-08,10:30:50
2026-04-08,10:22:42,TMCR,The Metals Royalty Company Inc. Common Stock,Nasdaq,LULD pause,2026-04-08,10:32:42
2026-04-08,10:21:59,TRAXV,"""First Tracks Biotherapeutics, Inc. Ordinary Shares When-Issued""",Nasdaq,LULD pause,2026-04-08,10:26:59
2026-04-08,10:21:18,JTAI,Jet.AI Inc. Common Stock,Nasdaq,LULD pause,2026-04-08,10:26:18
2026-04-08,10:17:48,INHD,Inno Holdings Inc. Common Stock,Nasdaq,LULD pause,2026-04-08,10:22:48
2026-04-08,10:15:10,CLIK,Click Holdings Limited Class A Ordinary Share,Nasdaq,LULD pause,2026-04-08,10:20:10
2026-04-08,10:09:26,MDAA,Myriad Dynamic Asset Allocation ETF,NYSE Arca,LULD pause,2026-04-08,10:14:26
2026-04-08,10:09:24,INHD,Inno Holdings Inc. Common Stock,Nasdaq,LULD pause,2026-04-08,10:14:24
2026-04-08,10:06:26,NXTS,Nexentis Technologies Inc. Common Stock,Nasdaq,LULD pause,2026-04-08,10:11:26
2026-04-08,10:03:44,INHD,Inno Holdings Inc. Common Stock,Nasdaq,LULD pause,2026-04-08,10:08:44
2026-04-08,09:59:25,NXTS,Nexentis Technologies Inc. Common Stock,Nasdaq,LULD pause,2026-04-08,10:04:25
2026-04-08,09:59:20,MDAA,Myriad Dynamic Asset Allocation ETF,NYSE Arca,LULD pause,2026-04-08,10:04:20
2026-04-08,09:54:00,MDAA,Myriad Dynamic Asset Allocation ETF,NYSE Arca,LULD pause,2026-04-08,09:59:00
2026-04-08,09:53:09,SIM,"""Groupo Simec, S.A.B de C.V.""",NYSE American,LULD pause,2026-04-08,09:58:09
2026-04-08,09:51:55,JTAI,Jet.AI Inc. Common Stock,Nasdaq,LULD pause,2026-04-08,09:56:55
2026-04-08,09:49:44,MUSQ,MUSQ Global Music Industry Index ETF,NYSE Arca,LULD pause,2026-04-08,09:54:44
2026-04-08,09:48:40,MDAA,Myriad Dynamic Asset Allocation ETF,NYSE Arca,LULD pause,2026-04-08,09:53:40
2026-04-08,09:46:57,RDGT,"""Ridgetech, Inc. Ordinary Shares""",Nasdaq,LULD pause,2026-04-08,09:51:57
2026-04-08,09:43:34,JTAI,Jet.AI Inc. Common Stock,Nasdaq,LULD pause,2026-04-08,09:48:34
2026-04-08,09:43:20,MDAA,Myriad Dynamic Asset Allocation ETF,NYSE Arca,LULD pause,2026-04-08,09:48:20
2026-04-08,09:41:18,ELAB,PMGC Holdings Inc. Common Stock,Nasdaq,LULD pause,2026-04-08,09:46:18
2026-04-08,09:38:05,MDAA,Myriad Dynamic Asset Allocation ETF,NYSE Arca,LULD pause,2026-04-08,09:43:05
2026-04-08,09:38:03,PBOT,Pictet AI & Automation ETF,NYSE Arca,LULD pause,2026-04-08,09:43:03
2026-04-08,09:36:14,MGRT,Mega Fortune Company Limited Ordinary Shares,Nasdaq,LULD pause,2026-04-08,09:41:14
2026-04-08,09:36:00,RNEM,First Trust Emerging Markets Equity Select ETF,Nasdaq,LULD pause,2026-04-08,09:41:00
2026-04-08,09:33:57,UCAR,U Power Limited Class A Ordinary Shares,Nasdaq,LULD pause,2026-04-08,09:38:57
2026-04-08,09:32:34,FINT,Frontier Asset Total International Equity ETF,NYSE Arca,LULD pause,2026-04-08,09:37:34
2026-04-08,09:32:00,EASG,Xtrackers MSCI EAFE Selection Equity ETF,NYSE Arca,LULD pause,2026-04-08,09:37:00
2026-04-08,09:31:26,SSXU,Day Hagan Smart Sector International ETF,NYSE Arca,LULD pause,2026-04-08,09:36:26
2026-04-08,09:30:56,MGRT,Mega Fortune Company Limited Ordinary Shares,Nasdaq,LULD pause,2026-04-08,09:35:56
2026-04-08,09:30:56,SATO,Invesco Alerian Galaxy Crypto Economy ETF,Cboe BZX,LULD pause,2026-04-08,09:35:56
2026-04-08,09:30:53,PBOT,Pictet AI & Automation ETF,NYSE Arca,LULD pause,2026-04-08,09:35:53
2026-04-08,09:30:45,RNEM,First Trust Emerging Markets Equity Select ETF,Nasdaq,LULD pause,2026-04-08,09:35:45
2026-04-08,09:30:31,GOLY,Strategy Shares Gold Enhanced Yield ETF,Cboe BZX,LULD pause,2026-04-08,09:35:31
2026-04-08,09:30:31,MDAA,Myriad Dynamic Asset Allocation ETF,NYSE Arca,LULD pause,2026-04-08,09:35:31
2026-04-08,09:30:20,RKSG,Ruk Strategic Growth ETF,NYSE Arca,LULD pause,2026-04-08,09:35:20
2026-04-08,09:30:18,PONX,Tradr 2X Long PONY Daily ETF,Cboe BZX,LULD pause,2026-04-08,09:35:18
2026-04-08,09:30:17,AUAU,Global X Gold Miners ETF,NYSE Arca,LULD pause,2026-04-08,09:35:17
2026-04-08,09:30:16,PWRD,TCW Transform Systems ETF,Nasdaq,LULD pause,2026-04-08,09:35:16
2026-04-08,09:30:16,FRDM,Freedom 100 Emerging Markets ETF,Cboe BZX,LULD pause,2026-04-08,09:35:16
2026-04-08,09:30:16,OSCG,Leverage Shares 2X Long OSCR Daily ETF,Nasdaq,LULD pause,2026-04-08,09:35:16
2026-04-08,09:30:15,QETH,Invesco Galaxy Ethereum ETF,Cboe BZX,LULD pause,2026-04-08,09:35:15
2026-04-08,09:30:15,TOXR,21Shares XRP ETF,Cboe BZX,LULD pause,2026-04-08,09:35:15
2026-04-08,09:30:15,TETH,21Shares Ethereum ETF,Cboe BZX,LULD pause,2026-04-08,09:35:15
2026-04-08,09:09:56,AL,Air Lease Corporation,NYSE,Merger Effective,,
2026-04-08,07:46:31,BBBY WS,"""Bed Bath & Beyond, Inc. Warrants to Purchase Common Stock""",NYSE,News pending,2026-04-08,08:14:34
2026-04-08,07:46:31,BBBY,"""Bed Bath & Beyond, Inc.""",NYSE,News pending,2026-04-08,08:14:34
2026-04-07,19:50:00,JTAI,Jet.AI Inc. Common Stock,Nasdaq,News pending,2026-04-08,09:12:48
2026-04-07,19:50:00,JTAI,Jet.AI Inc. Common Stock,Nasdaq,News pending,,
2026-04-07,19:50:00,RDGT,"""Ridgetech, Inc. Ordinary Shares""",Nasdaq,News pending,,
2026-04-07,19:50:00,RDGT,"""Ridgetech, Inc. Ordinary Shares""",Nasdaq,News pending,2026-04-08,09:00:00
2026-04-07,19:50:00,NXTS,Nexentis Technologies Inc. Common Stock,Nasdaq,News pending,2026-04-08,09:00:00
2026-04-07,19:50:00,NXTS,Nexentis Technologies Inc. Common Stock,Nasdaq,News pending,,
2026-04-07,16:55:00,MAPSW,"""WM Technology, Inc. Warrants""",Nasdaq,News pending,2026-04-07,17:35:00
2026-04-07,16:55:00,MAPS,"""WM Technology, Inc. Class A Common Stock""",Nasdaq,News pending,2026-04-07,17:30:00
2026-04-07,16:00:10,INSM,"""Insmed, Inc.""",Nasdaq,News pending,2026-04-07,16:30:00
2026-04-07,15:56:26,YDES,YD Bio Limited Ordinary Shares,Nasdaq,LULD pause,2026-04-07,16:00:00
2026-04-07,15:53:30,MTEX,Mannatech Inc.,Nasdaq,LULD pause,2026-04-07,16:00:00
2026-04-07,14:47:08,WCT,Wellchange Holdings Company Limited Class A Ordinary shares,Nasdaq,LULD pause,2026-04-07,14:52:08
2026-04-07,12:58:18,AIXI,XIAO-I Corporation American Depositary Shares,Nasdaq,LULD pause,2026-04-07,13:03:18
2026-04-07,12:29:21,AIXI,XIAO-I Corporation American Depositary Shares,Nasdaq,LULD pause,2026-04-07,12:34:21
2026-04-07,11:20:05,PFAI,Pinnacle Food Group Limited Class A Common Shares,Nasdaq,LULD pause,2026-04-07,11:25:05
2026-04-07,11:18:37,MGRT,Mega Fortune Company Limited Ordinary Shares,Nasdaq,LULD pause,2026-04-07,11:23:37
2026-04-07,11:07:15,LNZA,"""LanzaTech Global, Inc. Common Stock""",Nasdaq,LULD pause,2026-04-07,11:17:15
2026-04-07,10:28:51,AGPU,Axe Compute Inc. Common Stock,Nasdaq,LULD pause,2026-04-07,10:33:51
2026-04-07,10:16:20,AGPU,Axe Compute Inc. Common Stock,Nasdaq,LULD pause,2026-04-07,10:26:55
2026-04-07,10:08:18,GLOO,"""Gloo Holdings, Inc. Class A Common Stock""",Nasdaq,LULD pause,2026-04-07,10:13:18
2026-04-07,10:03:15,AIXI,XIAO-I Corporation American Depositary Shares,Nasdaq,LULD pause,2026-04-07,10:08:15
2026-04-07,09:57:40,MGRT,Mega Fortune Company Limited Ordinary Shares,Nasdaq,LULD pause,2026-04-07,10:02:40
2026-04-07,09:50:17,UK,Ucommune International Ltd Ordinary Shares,Nasdaq,LULD pause,2026-04-07,09:55:17
2026-04-07,09:30:42,UNHW,Roundhill UNH WeeklyPay ETF,Cboe BZX,LULD pause,2026-04-07,09:35:42
2026-04-07,08:25:00,ALOT,"""AstroNova, Inc. Common Stock""",Nasdaq,News pending,2026-04-07,09:00:00
2026-04-06,19:50:00,MOBXW,"""Mobix Labs, Inc Warrants""",Nasdaq,News pending,,
2026-04-06,19:50:00,MOBXW,"""Mobix Labs, Inc Warrants""",Nasdaq,News pending,2026-04-07,09:05:00
2026-04-06,19:50:00,MOBX,"""Mobix Labs, Inc. Class A Common Stock""",Nasdaq,News pending,2026-04-07,09:00:00
2026-04-06,19:50:00,MOBX,"""Mobix Labs, Inc. Class A Common Stock""",Nasdaq,News pending,,
2026-04-06,19:50:00,HOLX,Hologic Inc,Nasdaq,News pending,,
2026-04-06,19:50:00,CHR,"""Cheer Holding, Inc. Class A Ordinary Share""",Nasdaq,News pending,2026-04-07,09:00:00
2026-04-06,19:50:00,CHR,"""Cheer Holding, Inc. Class A Ordinary Share""",Nasdaq,News pending,,
2026-04-06,16:05:00,INVZW,Innoviz Technologies Ltd. Warrant,Nasdaq,News pending,,
2026-04-06,15:49:22,SKYQ,Sky Quarry Inc. Common Stock,Nasdaq,LULD pause,2026-04-06,16:00:00
2026-04-06,15:19:34,FCUV,Focus Universal Inc. Common Stock,Nasdaq,LULD pause,2026-04-06,15:24:34
2026-04-06,13:59:04,MGRT,Mega Fortune Company Limited Ordinary Shares,Nasdaq,LULD pause,2026-04-06,14:04:04
2026-04-06,13:45:35,MGRT,Mega Fortune Company Limited Ordinary Shares,Nasdaq,LULD pause,2026-04-06,13:50:35
2026-04-06,13:37:51,HTCO,High-Trend International Group Class A Ordinary Shares,Nasdaq,LULD pause,2026-04-06,13:42:51
2026-04-06,13:33:35,MGRT,Mega Fortune Company Limited Ordinary Shares,Nasdaq,LULD pause,2026-04-06,13:38:35
2026-04-06,13:27:16,HTCO,High-Trend International Group Class A Ordinary Shares,Nasdaq,LULD pause,2026-04-06,13:37:16
2026-04-06,13:23:06,MGRT,Mega Fortune Company Limited Ordinary Shares,Nasdaq,LULD pause,2026-04-06,13:33:06
2026-04-06,13:16:57,HTCO,High-Trend International Group Class A Ordinary Shares,Nasdaq,LULD pause,2026-04-06,13:26:57
2026-04-06,13:12:41,MGRT,Mega Fortune Company Limited Ordinary Shares,Nasdaq,LULD pause,2026-04-06,13:22:41
2026-04-06,13:08:04,STG,"""Sunlands Technology Group, American Depositary Shares,  American Depositary Shares, every two (2) ADSs representing one (1) Class A Ordinary Share""",NYSE,LULD pause,2026-04-06,13:13:06
2026-04-06,13:06:42,HTCO,High-Trend International Group Class A Ordinary Shares,Nasdaq,LULD pause,2026-04-06,13:16:42
2026-04-06,13:02:02,MGRT,Mega Fortune Company Limited Ordinary Shares,Nasdaq,LULD pause,2026-04-06,13:12:02
2026-04-06,13:00:11,HTCO,High-Trend International Group Class A Ordinary Shares,Nasdaq,LULD pause,2026-04-06,13:05:11
2026-04-06,12:51:39,MGRT,Mega Fortune Company Limited Ordinary Shares,Nasdaq,LULD pause,2026-04-06,13:01:39
2026-04-06,12:46:14,MGRT,Mega Fortune Company Limited Ordinary Shares,Nasdaq,LULD pause,2026-04-06,12:51:14
2026-04-06,11:38:48,BDRX,Biodexa Pharmaceuticals plc American Depositary Shs,Nasdaq,LULD pause,2026-04-06,11:43:48
2026-04-06,11:28:28,SMOX,Horizon Small/Mid Cap Core Equity ETF,NYSE Arca,LULD pause,2026-04-06,11:33:28
2026-04-06,11:26:48,ANABV,"""AnaptysBio, Inc. Common Stock When Issued""",Nasdaq,LULD pause,2026-04-06,11:36:48
2026-04-06,11:23:13,SMOX,Horizon Small/Mid Cap Core Equity ETF,NYSE Arca,LULD pause,2026-04-06,11:28:13
2026-04-06,11:12:58,SMOX,Horizon Small/Mid Cap Core Equity ETF,NYSE Arca,LULD pause,2026-04-06,11:22:58
2026-04-06,11:12:37,SMX,SMX (Security Matters) Public Limited Company Ordinary Shares,Nasdaq,LULD pause,2026-04-06,11:17:37
2026-04-06,09:59:45,AKTX,Akari Therapeutics plc ADR (0.01 USD),Nasdaq,LULD pause,2026-04-06,10:09:45
2026-04-06,09:57:35,MAXN,"""Maxeon Solar Technologies, Ltd. Ordinary Shares""",Nasdaq,LULD pause,2026-04-06,10:02:35
2026-04-06,09:52:47,FCUV,Focus Universal Inc. Common Stock,Nasdaq,LULD pause,2026-04-06,09:57:47
2026-04-06,09:52:41,LUD,Luda Technology Group Limited,NYSE American,LULD pause,2026-04-06,09:57:41
2026-04-06,09:49:09,PFAI,Pinnacle Food Group Limited Class A Common Shares,Nasdaq,LULD pause,2026-04-06,09:54:09
2026-04-06,09:41:49,FCUV,Focus Universal Inc. Common Stock,Nasdaq,LULD pause,2026-04-06,09:46:49
2026-04-06,09:40:23,MAXN,"""Maxeon Solar Technologies, Ltd. Ordinary Shares""",Nasdaq,LULD pause,2026-04-06,09:45:23
2026-04-06,09:36:14,FCUV,Focus Universal Inc. Common Stock,Nasdaq,LULD pause,2026-04-06,09:41:14
2026-04-06,09:34:47,MAXN,"""Maxeon Solar Technologies, Ltd. Ordinary Shares""",Nasdaq,LULD pause,2026-04-06,09:39:47
2026-04-06,09:32:52,LNKS,Linkers Industries Limited Class A Ordinary Shares,Nasdaq,LULD pause,2026-04-06,09:37:52
2026-04-06,06:55:00,SLNO,"""Soleno Therapeutics, Inc. Common Stock""",Nasdaq,News pending,2026-04-06,07:30:00
2026-04-02,19:50:00,BDRX,Biodexa Pharmaceuticals plc American Depositary Shs,Nasdaq,News pending,,
2026-04-02,19:50:00,BDRX,Biodexa Pharmaceuticals plc American Depositary Shs,Nasdaq,News pending,2026-04-06,09:00:00
2026-04-02,19:50:00,AIIOW,Robo.ai Inc. Warrant,Nasdaq,News pending,2026-04-06,09:05:00
2026-04-02,19:50:00,HTCR,"""Heartcore Enterprises, Inc. Common Stock""",Nasdaq,News pending,2026-04-06,09:00:00
2026-04-02,19:50:00,HTCR,"""Heartcore Enterprises, Inc. Common Stock""",Nasdaq,News pending,,
2026-04-02,19:50:00,AIIOW,Robo.ai Inc. Warrant,Nasdaq,News pending,,
2026-04-02,19:50:00,BCAB,"""BioAtla, Inc. Common Stock""",Nasdaq,News pending,,
2026-04-02,19:50:00,BCAB,"""BioAtla, Inc. Common Stock""",Nasdaq,News pending,2026-04-06,09:00:00
2026-04-02,19:50:00,HKIT,Hitek Global Inc. Class A Ordinary Share,Nasdaq,News pending,,
2026-04-02,19:50:00,HKIT,Hitek Global Inc. Class A Ordinary Share,Nasdaq,News pending,2026-04-06,09:00:00
2026-04-02,19:50:00,INLF,INLIF LIMITED Class A Ordinary Shares,Nasdaq,News pending,,
2026-04-02,19:50:00,INLF,INLIF LIMITED Class A Ordinary Shares,Nasdaq,News pending,2026-04-06,09:00:00
2026-04-02,19:50:00,GNLN,"""Greenlane Holdings, Inc. Class A Common Stock""",Nasdaq,News pending,2026-04-06,09:00:00
2026-04-02,19:50:00,GNLN,"""Greenlane Holdings, Inc. Class A Common Stock""",Nasdaq,News pending,,
2026-04-02,19:50:00,XRTX,XORTX Therapeutics Inc. Common Stock,Nasdaq,News pending,,
2026-04-02,19:50:00,XRTX,XORTX Therapeutics Inc. Common Stock,Nasdaq,News pending,2026-04-06,09:00:00
2026-04-02,19:50:00,SWKHL,SWK Holdings Corporation 9.00% Senior Notes due 2027,Nasdaq,News pending,,
2026-04-02,19:50:00,SWKHL,SWK Holdings Corporation 9.00% Senior Notes due 2027,Nasdaq,News pending,2026-04-07,09:00:00
2026-04-02,19:50:00,WNW,Meiwu Technology Company Limited Ordinary Shares,Nasdaq,News pending,2026-04-06,09:00:00
2026-04-02,19:50:00,WNW,Meiwu Technology Company Limited Ordinary Shares,Nasdaq,News pending,,
2026-04-02,19:50:00,SWKH,SWK Holdings Corporation,Nasdaq,News pending,,
2026-04-02,19:50:00,AIIO,Robo.ai Inc. Class B Ordinary Shares,Nasdaq,News pending,,
2026-04-02,19:50:00,AIIO,Robo.ai Inc. Class B Ordinary Shares,Nasdaq,News pending,2026-04-06,09:00:00
2026-04-02,19:50:00,LNKS,Linkers Industries Limited Class A Ordinary Shares,Nasdaq,News pending,,
2026-04-02,19:50:00,LNKS,Linkers Industries Limited Class A Ordinary Shares,Nasdaq,News pending,2026-04-06,09:00:00
2026-04-02,19:50:00,SKK,SKK Holdings Limited Class A Ordinary Shares,Nasdaq,News pending,2026-04-06,09:00:00
2026-04-02,19:50:00,SKK,SKK Holdings Limited Class A Ordinary Shares,Nasdaq,News pending,,
2026-04-02,16:41:38,SBDS,"""Solo Brands, Inc.""",NYSE,News Released,,
2026-04-02,16:05:26,SBDS,"""Solo Brands, Inc.""",NYSE,Regulatory Concern,See Subsequent Halt,See Subsequent Halt
2026-04-02,11:54:38,APUS,"""Apimeds Pharmaceuticals US, Inc.""",NYSE American,Regulatory Concern,,
2026-04-02,11:54:38,APUS,"""Apimeds Pharmaceuticals US, Inc.""",NYSE American,Regulatory Concern,2026-05-05,14:00:00
2026-04-02,10:34:18,HTCO,High-Trend International Group Class A Ordinary Shares,Nasdaq,LULD pause,2026-04-02,10:39:18
2026-04-02,10:15:45,JFU,9F Inc. American Depositary Shares,Nasdaq,LULD pause,2026-04-02,10:20:45
2026-04-02,10:14:15,ANTA,Antalpha Platform Holding Company Class A Ordinary Shares,Nasdaq,LULD pause,2026-04-02,10:24:16
2026-04-02,10:13:36,SOHON,Sotherly Hotels Inc. 8.25% Series D Cumulative Redeemable Perpetual Preferred Stock,Nasdaq,LULD pause,2026-04-02,10:18:36
2026-04-02,10:05:25,JFU,9F Inc. American Depositary Shares,Nasdaq,LULD pause,2026-04-02,10:10:25
2026-04-02,10:00:22,BDRX,Biodexa Pharmaceuticals plc American Depositary Shs,Nasdaq,LULD pause,2026-04-02,10:05:22
2026-04-02,09:59:49,JFU,9F Inc. American Depositary Shares,Nasdaq,LULD pause,2026-04-02,10:04:49
2026-04-02,09:53:57,XBP,"""XBP Global Holdings, Inc. Common Stock""",Nasdaq,LULD pause,2026-04-02,09:58:57
2026-04-02,09:46:08,STAK,STAK Inc. Class A Ordinary Shares,Nasdaq,LULD pause,2026-04-02,09:51:08
2026-04-02,09:40:01,STAK,STAK Inc. Class A Ordinary Shares,Nasdaq,LULD pause,2026-04-02,09:45:01
2026-04-02,09:35:17,TOXR,21Shares XRP ETF,Cboe BZX,LULD pause,2026-04-02,09:40:17
2026-04-02,09:34:52,SST,"""System1, Inc.""",NYSE,LULD pause,2026-04-02,09:40:04
2026-04-02,09:34:45,BDRX,Biodexa Pharmaceuticals plc American Depositary Shs,Nasdaq,LULD pause,2026-04-02,09:39:45
2026-04-02,07:55:00,LPCN,Lipocine Inc.,Nasdaq,News pending,2026-04-02,08:45:01
2026-04-02,07:34:21,BBBY WS,"""Bed Bath & Beyond, Inc. Warrants to Purchase Common Stock""",NYSE,News pending,2026-04-02,08:19:12
2026-04-02,07:34:21,BBBY,"""Bed Bath & Beyond, Inc.""",NYSE,News pending,2026-04-02,08:19:12
2026-04-01,19:50:00,PSTV,"""PLUS THERAPEUTICS, Inc. Common Stock""",Nasdaq,News pending,2026-04-02,09:00:00
2026-04-01,19:50:00,PSTV,"""PLUS THERAPEUTICS, Inc. Common Stock""",Nasdaq,News pending,,
2026-04-01,19:50:00,NCT,Intercont (Cayman) Limited Class A Ordinary shares,Nasdaq,News pending,,
2026-04-01,19:50:00,NCT,Intercont (Cayman) Limited Class A Ordinary shares,Nasdaq,News pending,2026-04-02,09:00:00
2026-04-01,19:50:00,TBHC,"""The Brand House Collective, Inc. Common Stock""",Nasdaq,News pending,,
2026-04-01,15:48:20,JLHL,Julong Holding Limited Class A Ordinary Shares,Nasdaq,LULD pause,2026-04-01,16:00:00
2026-04-01,15:44:51,ELAB,PMGC Holdings Inc. Common Stock,Nasdaq,LULD pause,2026-04-01,16:00:00
2026-04-01,15:29:29,CVKD,"""Cadrenal Therapeutics, Inc. Common Stock""",Nasdaq,LULD pause,2026-04-01,15:34:29
2026-04-01,14:53:36,ELAB,PMGC Holdings Inc. Common Stock,Nasdaq,LULD pause,2026-04-01,14:58:36
2026-04-01,14:47:44,ELAB,PMGC Holdings Inc. Common Stock,Nasdaq,LULD pause,2026-04-01,14:52:44
2026-04-01,14:19:08,SST,"""System1, Inc.""",NYSE,LULD pause,2026-04-01,14:24:10
2026-04-01,13:54:08,HOTH,"""Hoth Therapeutics, Inc. Common Stock""",Nasdaq,LULD pause,2026-04-01,13:59:08
2026-04-01,13:50:29,SST,"""System1, Inc.""",NYSE,LULD pause,2026-04-01,13:55:38
2026-04-01,12:35:50,HSPT,Horizon Space Acquisition II Corp. Ordinary share,Nasdaq,LULD pause,2026-04-01,12:45:50
2026-04-01,12:29:48,MGRT,Mega Fortune Company Limited Ordinary Shares,Nasdaq,LULD pause,2026-04-01,12:34:48
2026-04-01,12:17:20,MGRT,Mega Fortune Company Limited Ordinary Shares,Nasdaq,LULD pause,2026-04-01,12:22:20
2026-04-01,12:13:57,JFU,9F Inc. American Depositary Shares,Nasdaq,LULD pause,2026-04-01,12:18:57
2026-04-01,12:11:40,RDACU,Rising Dragon Acquisition Corp. Unit,Nasdaq,LULD pause,2026-04-01,12:16:40
2026-04-01,12:05:43,MGRT,Mega Fortune Company Limited Ordinary Shares,Nasdaq,LULD pause,2026-04-01,12:10:43
2026-04-01,11:57:18,MGRT,Mega Fortune Company Limited Ordinary Shares,Nasdaq,LULD pause,2026-04-01,12:02:18
2026-04-01,11:50:45,CSHR,CoinShares PLC Ordinary Shares,Nasdaq,LULD pause,2026-04-01,11:55:45
2026-04-01,11:46:02,MGRT,Mega Fortune Company Limited Ordinary Shares,Nasdaq,LULD pause,2026-04-01,11:51:02
2026-04-01,11:43:51,HYAC,Haymaker Acquisition Corp. 4,NYSE,LULD pause,2026-04-01,11:48:54
2026-04-01,11:36:35,MGRT,Mega Fortune Company Limited Ordinary Shares,Nasdaq,LULD pause,2026-04-01,11:41:35
2026-04-01,11:31:16,MGRT,Mega Fortune Company Limited Ordinary Shares,Nasdaq,LULD pause,2026-04-01,11:36:16
2026-04-01,11:25:50,RDACU,Rising Dragon Acquisition Corp. Unit,Nasdaq,LULD pause,2026-04-01,11:40:50
2026-04-01,11:25:42,MGRT,Mega Fortune Company Limited Ordinary Shares,Nasdaq,LULD pause,2026-04-01,11:30:42
2026-04-01,11:20:17,MGRT,Mega Fortune Company Limited Ordinary Shares,Nasdaq,LULD pause,2026-04-01,11:25:17
2026-04-01,11:14:57,MGRT,Mega Fortune Company Limited Ordinary Shares,Nasdaq,LULD pause,2026-04-01,11:19:57
2026-04-01,11:11:04,RDACU,Rising Dragon Acquisition Corp. Unit,Nasdaq,LULD pause,2026-04-01,11:16:04
2026-04-01,11:06:35,MGRT,Mega Fortune Company Limited Ordinary Shares,Nasdaq,LULD pause,2026-04-01,11:11:35
2026-04-01,10:55:55,MGRT,Mega Fortune Company Limited Ordinary Shares,Nasdaq,LULD pause,2026-04-01,11:05:55
2026-04-01,10:44:43,MGRT,Mega Fortune Company Limited Ordinary Shares,Nasdaq,LULD pause,2026-04-01,10:54:43
2026-04-01,10:39:12,MGRT,Mega Fortune Company Limited Ordinary Shares,Nasdaq,LULD pause,2026-04-01,10:44:12
2026-04-01,10:21:37,GURE,"""Gulf Resources, Inc. (NV) Common Stock""",Nasdaq,LULD pause,2026-04-01,10:26:37
2026-04-01,10:18:27,MFI,mF International Limited Class A Ordinary Shares,Nasdaq,LULD pause,2026-04-01,10:28:27
2026-04-01,10:16:08,MGRT,Mega Fortune Company Limited Ordinary Shares,Nasdaq,LULD pause,2026-04-01,10:38:50
2026-04-01,10:08:42,ELAB,PMGC Holdings Inc. Common Stock,Nasdaq,LULD pause,2026-04-01,10:13:42
2026-04-01,10:04:12,ASTC,Astrotech Corporation (DE) Common Stock,Nasdaq,LULD pause,2026-04-01,10:09:12
2026-04-01,09:53:50,NRSH,Aztlan North America Nearshoring Stock Selection ETF,NYSE Arca,LULD pause,2026-04-01,09:58:50
2026-04-01,09:47:47,VGNT,Versigent PLC,NYSE,LULD pause,2026-04-01,09:52:53
2026-04-01,09:46:51,NCI,Neo-Concept International Group Holdings Limited Class A Ordinary Shares,Nasdaq,LULD pause,2026-04-01,09:51:51
2026-04-01,09:41:09,CYCN,"""Cyclerion Therapeutics, Inc. Common Stock""",Nasdaq,LULD pause,2026-04-01,09:46:09
2026-04-01,09:40:44,NCI,Neo-Concept International Group Holdings Limited Class A Ordinary Shares,Nasdaq,LULD pause,2026-04-01,09:45:44
2026-04-01,09:40:08,VGNT,Versigent PLC,NYSE,LULD pause,2026-04-01,09:45:18
2026-04-01,09:38:57,ROMA,Roma Green Finance Limited Class A Ordinary Shares,Nasdaq,LULD pause,2026-04-01,09:43:57
2026-04-01,09:38:33,FGL,Founder Group Limited Class A Ordinary Shares,Nasdaq,LULD pause,2026-04-01,09:43:33
2026-04-01,09:36:34,SNYR,Synergy CHC Corp. Common Stock,Nasdaq,LULD pause,2026-04-01,09:41:34
2026-04-01,09:32:16,GENK,"""GEN Restaurant Group, Inc. Class A Common Stock""",Nasdaq,LULD pause,2026-04-01,09:37:16
2026-04-01,09:32:02,ASTC,Astrotech Corporation (DE) Common Stock,Nasdaq,LULD pause,2026-04-01,09:42:02
2026-04-01,09:31:08,PHGE,BiomX Inc.,NYSE American,News pending,2026-04-01,10:10:00
2026-04-01,09:30:21,NCI,Neo-Concept International Group Holdings Limited Class A Ordinary Shares,Nasdaq,LULD pause,2026-04-01,09:40:21
2026-04-01,08:41:16,ONTF,"""ON24, Inc.""",NYSE,Merger Effective,,
2026-04-01,07:25:00,HCACU,Hall Chadwick Acquisition Corp. Unit,Nasdaq,News pending,2026-04-01,09:05:00
2026-04-01,07:25:00,HCACR,Hall Chadwick Acquisition Corp Rights,Nasdaq,News pending,2026-04-01,09:05:00
2026-04-01,07:25:00,HCAC,Hall Chadwick Acquisition Corp Class A Ordinary Shares,Nasdaq,News pending,2026-04-01,09:00:00
2026-04-01,06:55:00,RYM,"""RYTHM, Inc. Common Stock""",Nasdaq,News pending,2026-04-01,07:35:00
