Halt Date,Halt Time,Symbol,Name,Exchange,Reason,Resume Date,NYSE Resume Time
2025-09-30,19:50:00,COOP,Mr. Cooper Group Inc. Common Stock,Nasdaq,News pending,,
2025-09-30,19:50:00,YHGJ,Yunhong Green CTI Ltd. Common Stock,Nasdaq,News pending,2025-10-01,09:00:00
2025-09-30,19:50:00,YHGJ,Yunhong Green CTI Ltd. Common Stock,Nasdaq,News pending,,
2025-09-30,16:01:00,RVYL,Ryvyl Inc. Common Stock,Nasdaq,News pending,2025-09-30,16:25:00
2025-09-30,15:57:15,DKI,DarkIris Inc. Class A Ordinary Shares,Nasdaq,LULD pause,2025-09-30,16:00:00
2025-09-30,15:43:33,EPSM,Epsium Enterprise Limited Class A Ordinary Shares,Nasdaq,LULD pause,2025-09-30,15:48:33
2025-09-30,15:41:25,EMPG,Empro Group Inc. Ordinary shares,Nasdaq,LULD pause,2025-09-30,15:46:25
2025-09-30,15:37:54,EPSM,Epsium Enterprise Limited Class A Ordinary Shares,Nasdaq,LULD pause,2025-09-30,15:42:54
2025-09-30,15:28:49,EPSM,Epsium Enterprise Limited Class A Ordinary Shares,Nasdaq,LULD pause,2025-09-30,15:33:49
2025-09-30,15:19:12,EPSM,Epsium Enterprise Limited Class A Ordinary Shares,Nasdaq,LULD pause,2025-09-30,15:24:12
2025-09-30,15:04:34,WLACU,Willow Lane Acquisition Corp. Unit,Nasdaq,LULD pause,2025-09-30,15:09:34
2025-09-30,14:40:54,IROH,Iron Horse Acquisitions Corp. Common Stock,Nasdaq,LULD pause,2025-09-30,14:45:54
2025-09-30,14:24:27,IROHU,Iron Horse Acquisitions Corp. Unit,Nasdaq,LULD pause,2025-09-30,14:37:59
2025-09-30,13:44:05,CHOW,ChowChow Cloud International Holdings Limited,NYSE American,LULD pause,2025-09-30,13:49:05
2025-09-30,13:42:44,IROH,Iron Horse Acquisitions Corp. Common Stock,Nasdaq,LULD pause,2025-09-30,14:37:44
2025-09-30,12:55:55,ATMV,AlphaVest Acquisition Corp Ordinary Shares,Nasdaq,LULD pause,2025-09-30,13:05:55
2025-09-30,12:46:42,DKI,DarkIris Inc. Class A Ordinary Shares,Nasdaq,LULD pause,2025-09-30,12:56:42
2025-09-30,12:37:57,DKI,DarkIris Inc. Class A Ordinary Shares,Nasdaq,LULD pause,2025-09-30,12:42:57
2025-09-30,12:30:27,DKI,DarkIris Inc. Class A Ordinary Shares,Nasdaq,LULD pause,2025-09-30,12:35:27
2025-09-30,12:06:47,LHAI,Linkhome Holdings Inc. Common stock,Nasdaq,LULD pause,2025-09-30,12:11:47
2025-09-30,12:01:02,LHAI,Linkhome Holdings Inc. Common stock,Nasdaq,LULD pause,2025-09-30,12:06:02
2025-09-30,11:44:33,DLXY,Delixy Holdings Limited Ordinary Shares,Nasdaq,LULD pause,2025-09-30,11:49:33
2025-09-30,11:38:47,DLXY,Delixy Holdings Limited Ordinary Shares,Nasdaq,LULD pause,2025-09-30,11:43:47
2025-09-30,11:31:52,DLXY,Delixy Holdings Limited Ordinary Shares,Nasdaq,LULD pause,2025-09-30,11:36:52
2025-09-30,11:31:13,IBG,Innovation Beverage Group Limited Ordinary Shares,Nasdaq,LULD pause,2025-09-30,11:36:13
2025-09-30,11:25:48,DLXY,Delixy Holdings Limited Ordinary Shares,Nasdaq,LULD pause,2025-09-30,11:30:48
2025-09-30,11:20:20,DLXY,Delixy Holdings Limited Ordinary Shares,Nasdaq,LULD pause,2025-09-30,11:25:20
2025-09-30,11:16:25,WHLRL,"""Wheeler Real Estate Investment Trust, Inc. 7.00% Senior Subordinated Convertible Notes Due 2031""",Nasdaq,LULD pause,2025-09-30,11:21:25
2025-09-30,11:15:03,DKI,DarkIris Inc. Class A Ordinary Shares,Nasdaq,LULD pause,2025-09-30,12:30:04
2025-09-30,11:00:37,EFTY,"""Etoiles Capital Group Co., Ltd. Class A Ordinary Shares""",Nasdaq,LULD pause,2025-09-30,11:05:37
2025-09-30,10:40:12,ZYBT,Zhengye Biotechnology Holding Limited Ordinary Shares,Nasdaq,LULD pause,2025-09-30,10:45:12
2025-09-30,10:38:35,MTEN,Mingteng International Corporation Inc. Class A Ordinary Shares,Nasdaq,LULD pause,2025-09-30,10:43:35
2025-09-30,10:32:05,RAYA,Erayak Power Solution Group Inc. Class A Ordinary Shares,Nasdaq,LULD pause,2025-09-30,10:37:05
2025-09-30,10:28:45,MTEN,Mingteng International Corporation Inc. Class A Ordinary Shares,Nasdaq,LULD pause,2025-09-30,10:33:45
2025-09-30,10:18:35,MTEN,Mingteng International Corporation Inc. Class A Ordinary Shares,Nasdaq,LULD pause,2025-09-30,10:23:35
2025-09-30,10:17:59,RAYA,Erayak Power Solution Group Inc. Class A Ordinary Shares,Nasdaq,LULD pause,2025-09-30,10:27:59
2025-09-30,10:17:05,BINI,"""Bollinger Innovations, Inc. Common Stock""",Nasdaq,LULD pause,2025-09-30,10:22:05
2025-09-30,10:12:30,RAYA,Erayak Power Solution Group Inc. Class A Ordinary Shares,Nasdaq,LULD pause,2025-09-30,10:17:30
2025-09-30,10:05:56,RAYA,Erayak Power Solution Group Inc. Class A Ordinary Shares,Nasdaq,LULD pause,2025-09-30,10:10:56
2025-09-30,10:03:51,DLXY,Delixy Holdings Limited Ordinary Shares,Nasdaq,LULD pause,2025-09-30,11:18:52
2025-09-30,09:43:01,NSRX,Nasus Pharma Ltd.,NYSE American,LULD pause,2025-09-30,09:48:01
2025-09-30,09:37:29,MTEN,Mingteng International Corporation Inc. Class A Ordinary Shares,Nasdaq,LULD pause,2025-09-30,09:42:29
2025-09-30,09:30:16,RAYA,Erayak Power Solution Group Inc. Class A Ordinary Shares,Nasdaq,LULD pause,2025-09-30,10:05:06
2025-09-30,09:25:38,WBI,WaterBridge Infrastructure LLC,NYSE,News pending,2025-09-30,10:07:29
2025-09-30,09:15:44,OUSTW,"""Ouster, Inc. Warrants""",Nasdaq,News pending,,
2025-09-30,08:44:47,BGFV,Big 5 Sporting Goods Corp,Nasdaq,News pending,2025-09-30,10:50:00
2025-09-30,07:55:00,BRNS,Barinthus Biotherapeutics plc American Depositary Shares,Nasdaq,News pending,2025-09-30,08:20:00
2025-09-29,19:50:00,YAAS,Youxin Technology Ltd Class A Ordinary shares,Nasdaq,News pending,,
2025-09-29,19:50:00,YAAS,Youxin Technology Ltd Class A Ordinary shares,Nasdaq,News pending,2025-09-30,09:00:00
2025-09-29,19:50:00,POAI,Predictive Oncology Inc. Common Stock,Nasdaq,News pending,2025-09-30,09:00:00
2025-09-29,19:50:00,POAI,Predictive Oncology Inc. Common Stock,Nasdaq,News pending,,
2025-09-29,19:50:00,RAYA,Erayak Power Solution Group Inc. Class A Ordinary Shares,Nasdaq,News pending,,
2025-09-29,19:50:00,RAYA,Erayak Power Solution Group Inc. Class A Ordinary Shares,Nasdaq,News pending,2025-09-30,09:00:00
2025-09-29,19:50:00,RENB,Lunai Bioworks Inc. Common Stock,Nasdaq,News pending,2025-09-30,09:00:00
2025-09-29,19:50:00,RENB,Lunai Bioworks Inc. Common Stock,Nasdaq,News pending,,
2025-09-29,17:03:45,DMYY WS,"""dMY Squared Technology Group, Inc. Redeemable Warrants, each whole warrant exercisable for one share of Class A common stock at an exercise price of $""",NYSE American,News Released,,
2025-09-29,17:03:45,DMYY,"""dMY Squared Technology Group, Inc.""",NYSE American,News Released,,
2025-09-29,17:03:45,DMYY U,"""dMY Squared Technology Group, Inc. Units, each consisting of one share of Class A common stock and one-half of one redeemable warrant""",NYSE American,News Released,,
2025-09-29,16:06:03,DMYY,"""dMY Squared Technology Group, Inc.""",NYSE American,News pending,See Subsequent Halt,See Subsequent Halt
2025-09-29,16:06:03,DMYY WS,"""dMY Squared Technology Group, Inc. Redeemable Warrants, each whole warrant exercisable for one share of Class A common stock at an exercise price of $""",NYSE American,News pending,See Subsequent Halt,See Subsequent Halt
2025-09-29,16:06:03,DMYY U,"""dMY Squared Technology Group, Inc. Units, each consisting of one share of Class A common stock and one-half of one redeemable warrant""",NYSE American,News pending,See Subsequent Halt,See Subsequent Halt
2025-09-29,16:00:10,ANAB,"""AnaptysBio, Inc. Common Stock""",Nasdaq,News pending,2025-09-29,16:35:00
2025-09-29,15:53:29,WOLF,"""Wolfspeed, Inc.""",NYSE,LULD pause,2025-09-29,16:01:11
2025-09-29,15:51:24,BIAF,"""bioAffinity Technologies, Inc. Common Stock""",Nasdaq,LULD pause,2025-09-29,16:00:00
2025-09-29,15:44:19,WOLF,"""Wolfspeed, Inc.""",NYSE,LULD pause,2025-09-29,15:49:29
2025-09-29,15:40:28,APDN,"""Applied DNA Sciences, Inc.""",Nasdaq,LULD pause,2025-09-29,16:00:00
2025-09-29,15:29:35,APDN,"""Applied DNA Sciences, Inc.""",Nasdaq,LULD pause,2025-09-29,15:39:35
2025-09-29,15:08:18,APDN,"""Applied DNA Sciences, Inc.""",Nasdaq,LULD pause,2025-09-29,15:29:03
2025-09-29,14:38:32,BINI,"""Bollinger Innovations, Inc. Common Stock""",Nasdaq,LULD pause,2025-09-29,14:43:32
2025-09-29,13:55:24,APDN,"""Applied DNA Sciences, Inc.""",Nasdaq,LULD pause,2025-09-29,14:05:24
2025-09-29,13:46:46,APDN,"""Applied DNA Sciences, Inc.""",Nasdaq,LULD pause,2025-09-29,13:51:46
2025-09-29,13:09:35,DMYY U,"""dMY Squared Technology Group, Inc. Units, each consisting of one share of Class A common stock and one-half of one redeemable warrant""",NYSE American,LULD pause,2025-09-29,13:14:35
2025-09-29,13:00:18,RELI,"""Reliance Global Group, Inc. Common Stock""",Nasdaq,LULD pause,2025-09-29,13:05:18
2025-09-29,12:04:32,ANGX,"""Angel Studios, Inc.""",NYSE,LULD pause,2025-09-29,12:09:42
2025-09-29,12:02:45,WOLF,"""Wolfspeed, Inc.""",NYSE,News pending,2025-09-29,15:43:39
2025-09-29,11:58:05,WOLF,"""Wolfspeed, Inc.""",NYSE,LULD pause,See Subsequent Halt,See Subsequent Halt
2025-09-29,11:57:37,BQ,Boqii Holding Limited,NYSE American,LULD pause,2025-09-29,12:12:37
2025-09-29,11:47:04,WOLF,"""Wolfspeed, Inc.""",NYSE,LULD pause,2025-09-29,11:52:11
2025-09-29,11:38:34,WOLF,"""Wolfspeed, Inc.""",NYSE,LULD pause,2025-09-29,11:44:23
2025-09-29,11:31:13,WOLF,"""Wolfspeed, Inc.""",NYSE,LULD pause,2025-09-29,11:36:22
2025-09-29,11:26:42,YCBD,"""cbdMD, Inc. Common Stock""",NYSE American,LULD pause,2025-09-29,11:31:42
2025-09-29,11:22:35,WOLF,"""Wolfspeed, Inc.""",NYSE,LULD pause,2025-09-29,11:27:51
2025-09-29,11:22:22,KNRX,KNOREX LTD.,NYSE American,LULD pause,2025-09-29,11:27:22
2025-09-29,11:10:37,BQ,Boqii Holding Limited,NYSE American,LULD pause,2025-09-29,11:15:37
2025-09-29,11:09:04,WOLF,"""Wolfspeed, Inc.""",NYSE,LULD pause,2025-09-29,11:15:40
2025-09-29,11:07:45,KNRX,KNOREX LTD.,NYSE American,LULD pause,2025-09-29,11:12:45
2025-09-29,11:03:16,BQ,Boqii Holding Limited,NYSE American,LULD pause,2025-09-29,11:08:16
2025-09-29,11:02:31,WOLF,"""Wolfspeed, Inc.""",NYSE,LULD pause,2025-09-29,11:08:44
2025-09-29,10:57:26,KALA,"""KALA BIO, Inc. Common Stock""",Nasdaq,LULD pause,2025-09-29,11:02:26
2025-09-29,10:56:47,WOLF,"""Wolfspeed, Inc.""",NYSE,LULD pause,2025-09-29,11:01:55
2025-09-29,10:52:00,KALA,"""KALA BIO, Inc. Common Stock""",Nasdaq,LULD pause,2025-09-29,10:57:00
2025-09-29,10:51:03,BQ,Boqii Holding Limited,NYSE American,LULD pause,2025-09-29,10:56:03
2025-09-29,10:49:45,YCBD,"""cbdMD, Inc. Common Stock""",NYSE American,LULD pause,2025-09-29,10:54:45
2025-09-29,10:47:47,WOLF,"""Wolfspeed, Inc.""",NYSE,LULD pause,2025-09-29,10:56:08
2025-09-29,10:45:55,KALA,"""KALA BIO, Inc. Common Stock""",Nasdaq,LULD pause,2025-09-29,10:50:55
2025-09-29,10:44:23,YCBD,"""cbdMD, Inc. Common Stock""",NYSE American,LULD pause,2025-09-29,10:49:23
2025-09-29,10:42:10,WOLF,"""Wolfspeed, Inc.""",NYSE,LULD pause,2025-09-29,10:47:14
2025-09-29,10:42:09,BIAF,"""bioAffinity Technologies, Inc. Common Stock""",Nasdaq,LULD pause,2025-09-29,10:47:09
2025-09-29,10:42:08,BQ,Boqii Holding Limited,NYSE American,LULD pause,2025-09-29,10:47:08
2025-09-29,10:39:04,EPSM,Epsium Enterprise Limited Class A Ordinary Shares,Nasdaq,LULD pause,2025-09-29,10:44:04
2025-09-29,10:35:42,KALA,"""KALA BIO, Inc. Common Stock""",Nasdaq,LULD pause,2025-09-29,10:40:42
2025-09-29,10:32:14,FOFO,"""Hang Feng Technology Innovation Co., Ltd. Ordinary Shares""",Nasdaq,LULD pause,2025-09-29,10:42:14
2025-09-29,10:28:38,YCBD,"""cbdMD, Inc. Common Stock""",NYSE American,LULD pause,2025-09-29,10:33:38
2025-09-29,10:21:45,FOFO,"""Hang Feng Technology Innovation Co., Ltd. Ordinary Shares""",Nasdaq,LULD pause,2025-09-29,10:31:46
2025-09-29,10:20:12,JFB,JFB Construction Holdings Class A Common Stock,Nasdaq,LULD pause,2025-09-29,10:25:12
2025-09-29,10:18:43,EPSM,Epsium Enterprise Limited Class A Ordinary Shares,Nasdaq,LULD pause,2025-09-29,10:38:49
2025-09-29,10:18:15,YCBD,"""cbdMD, Inc. Common Stock""",NYSE American,LULD pause,2025-09-29,10:23:15
2025-09-29,10:17:58,AKAN,Akanda Corp. Common Shares,Nasdaq,LULD pause,2025-09-29,10:22:58
2025-09-29,10:16:12,FOFO,"""Hang Feng Technology Innovation Co., Ltd. Ordinary Shares""",Nasdaq,LULD pause,2025-09-29,10:21:12
2025-09-29,10:13:25,EPSM,Epsium Enterprise Limited Class A Ordinary Shares,Nasdaq,LULD pause,2025-09-29,10:18:25
2025-09-29,10:12:49,BQ,Boqii Holding Limited,NYSE American,LULD pause,2025-09-29,10:17:49
2025-09-29,10:12:03,PLTS,Platinum Analytics Cayman Limited Class A Ordinary Shares,Nasdaq,LULD pause,2025-09-29,10:17:03
2025-09-29,10:09:50,FOFO,"""Hang Feng Technology Innovation Co., Ltd. Ordinary Shares""",Nasdaq,LULD pause,2025-09-29,10:14:50
2025-09-29,10:06:03,EPSM,Epsium Enterprise Limited Class A Ordinary Shares,Nasdaq,LULD pause,2025-09-29,10:11:03
2025-09-29,10:01:29,SCOR,"""comScore, Inc. Common Stock""",Nasdaq,LULD pause,2025-09-29,10:06:29
2025-09-29,09:59:21,EPSM,Epsium Enterprise Limited Class A Ordinary Shares,Nasdaq,LULD pause,2025-09-29,10:04:21
2025-09-29,09:59:03,FOFO,"""Hang Feng Technology Innovation Co., Ltd. Ordinary Shares""",Nasdaq,LULD pause,2025-09-29,10:09:19
2025-09-29,09:54:55,YCBD,"""cbdMD, Inc. Common Stock""",NYSE American,LULD pause,2025-09-29,09:59:55
2025-09-29,09:54:22,POAI,Predictive Oncology Inc. Common Stock,Nasdaq,LULD pause,2025-09-29,09:59:22
2025-09-29,09:54:08,STKH,Steakholder Foods Ltd. American Depositary Shares,Nasdaq,LULD pause,2025-09-29,09:59:08
2025-09-29,09:52:44,FOFO,"""Hang Feng Technology Innovation Co., Ltd. Ordinary Shares""",Nasdaq,LULD pause,2025-09-29,09:57:44
2025-09-29,09:47:07,HTLM,HomesToLife Ltd Ordinary Shares,Nasdaq,LULD pause,2025-09-29,09:52:07
2025-09-29,09:46:22,POAI,Predictive Oncology Inc. Common Stock,Nasdaq,LULD pause,2025-09-29,09:51:22
2025-09-29,09:46:12,FOFO,"""Hang Feng Technology Innovation Co., Ltd. Ordinary Shares""",Nasdaq,LULD pause,2025-09-29,09:51:12
2025-09-29,09:41:06,KALA,"""KALA BIO, Inc. Common Stock""",Nasdaq,LULD pause,2025-09-29,09:46:06
2025-09-29,09:40:32,ISRLU,Israel Acquisitions Corp Unit,Nasdaq,LULD pause,2025-09-29,09:50:32
2025-09-29,09:36:32,APDN,"""Applied DNA Sciences, Inc.""",Nasdaq,LULD pause,2025-09-29,09:41:32
2025-09-29,09:32:50,KALA,"""KALA BIO, Inc. Common Stock""",Nasdaq,LULD pause,2025-09-29,09:37:50
2025-09-29,09:31:41,EFTY,"""Etoiles Capital Group Co., Ltd. Class A Ordinary Shares""",Nasdaq,LULD pause,2025-09-29,09:36:41
2025-09-29,09:30:20,ATIIU,Archimedes Tech SPAC Partners II Co. Unit,Nasdaq,LULD pause,2025-09-29,09:35:20
2025-09-29,07:55:00,EA,Electronic Arts Inc,Nasdaq,News pending,2025-09-29,08:20:00
2025-09-29,07:55:00,KALA,"""KALA BIO, Inc. Common Stock""",Nasdaq,News pending,2025-09-29,08:40:01
2025-09-26,19:50:51,SPXS,Direxion Daily S&P 500 Bear 3x Shares,NYSE Arca,Corporate Action,,
2025-09-26,19:50:51,SPXS,Direxion Daily S&P 500 Bear 3x Shares,NYSE Arca,Corporate Action,2025-09-29,09:00:00
2025-09-26,19:50:51,FAZ,Direxion Daily Financial Bear 3x Shares,NYSE Arca,Corporate Action,,
2025-09-26,19:50:51,FAZ,Direxion Daily Financial Bear 3x Shares,NYSE Arca,Corporate Action,2025-09-29,09:00:00
2025-09-26,19:50:51,LABD,Direxion Daily S&P Biotech Bear 3X Shares,NYSE Arca,Corporate Action,2025-09-29,09:00:00
2025-09-26,19:50:51,LABD,Direxion Daily S&P Biotech Bear 3X Shares,NYSE Arca,Corporate Action,,
2025-09-26,19:50:51,EDZ,Direxion Daily Emerging Markets Bear 3x Shares,NYSE Arca,Corporate Action,2025-09-29,09:00:00
2025-09-26,19:50:51,EDZ,Direxion Daily Emerging Markets Bear 3x Shares,NYSE Arca,Corporate Action,,
2025-09-26,19:50:00,SDM,Smart Digital Group Limited Ordinary Shares,Nasdaq,News pending,,
2025-09-26,19:50:00,SDM,Smart Digital Group Limited Ordinary Shares,Nasdaq,News Pending,,
2025-09-26,19:50:00,QMMM,QMMM Holdings Limited Class A Ordinary Shares,Nasdaq,News pending,,
2025-09-26,19:50:00,QMMM,QMMM Holdings Limited Class A Ordinary Shares,Nasdaq,News Pending,,
2025-09-26,19:50:00,NVDD,Direxion Daily NVDA Bear 1X Shares,Nasdaq,News pending,2025-09-29,09:00:00
2025-09-26,19:50:00,NVDD,Direxion Daily NVDA Bear 1X Shares,Nasdaq,News pending,,
2025-09-26,19:50:00,LESL,"""Leslie's, Inc. Common Stock""",Nasdaq,News pending,2025-09-29,09:00:00
2025-09-26,19:50:00,LESL,"""Leslie's, Inc. Common Stock""",Nasdaq,News pending,,
2025-09-26,19:50:00,ORKT,Orangekloud Technology Inc. Class A Ordinary Shares,Nasdaq,News pending,,
2025-09-26,19:50:00,ORKT,Orangekloud Technology Inc. Class A Ordinary Shares,Nasdaq,News pending,2025-09-29,09:00:00
2025-09-26,19:50:00,CETX,CEMTREX INC.,Nasdaq,News pending,,
2025-09-26,19:50:00,CETX,CEMTREX INC.,Nasdaq,News pending,2025-09-29,09:00:00
2025-09-26,15:44:22,MSGY,Masonglory Limited Ordinary Shares,Nasdaq,LULD pause,2025-09-26,15:49:22
2025-09-26,15:33:04,EPOW,"""Sunrise New Energy Co., Ltd Class A Ordinary Shares""",Nasdaq,LULD pause,2025-09-26,15:43:04
2025-09-26,15:04:01,AACBU,Artius II Acquisition Inc. Units,Nasdaq,LULD pause,2025-09-26,15:09:01
2025-09-26,14:35:05,EA,Electronic Arts Inc,Nasdaq,LULD pause,2025-09-26,14:40:05
2025-09-26,13:48:02,SDM,Smart Digital Group Limited Ordinary Shares,Nasdaq,LULD pause,2025-09-26,13:53:02
2025-09-26,13:32:27,YDES,YD Bio Limited Ordinary Shares,Nasdaq,LULD pause,2025-09-26,13:37:27
2025-09-26,13:24:48,INDP,"""Indaptus Therapeutics, Inc. Common Stock""",Nasdaq,LULD pause,2025-09-26,13:29:48
2025-09-26,13:08:52,INDP,"""Indaptus Therapeutics, Inc. Common Stock""",Nasdaq,LULD pause,2025-09-26,13:18:52
2025-09-26,12:59:47,BUUU,BUUU Group Limited Class A Ordinary Share,Nasdaq,LULD pause,2025-09-26,13:04:47
2025-09-26,12:58:47,INDP,"""Indaptus Therapeutics, Inc. Common Stock""",Nasdaq,LULD pause,2025-09-26,13:03:47
2025-09-26,12:43:09,INDP,"""Indaptus Therapeutics, Inc. Common Stock""",Nasdaq,LULD pause,2025-09-26,12:53:09
2025-09-26,12:32:20,INDP,"""Indaptus Therapeutics, Inc. Common Stock""",Nasdaq,LULD pause,2025-09-26,12:37:20
2025-09-26,12:21:54,INDP,"""Indaptus Therapeutics, Inc. Common Stock""",Nasdaq,LULD pause,2025-09-26,12:31:54
2025-09-26,12:21:22,EPSM,Epsium Enterprise Limited Class A Ordinary Shares,Nasdaq,LULD pause,2025-09-26,12:36:22
2025-09-26,12:08:39,EPSM,Epsium Enterprise Limited Class A Ordinary Shares,Nasdaq,LULD pause,2025-09-26,12:13:39
2025-09-26,11:58:24,EPSM,Epsium Enterprise Limited Class A Ordinary Shares,Nasdaq,LULD pause,2025-09-26,12:08:24
2025-09-26,11:47:40,SDM,Smart Digital Group Limited Ordinary Shares,Nasdaq,LULD pause,2025-09-26,11:52:40
2025-09-26,11:33:19,SDM,Smart Digital Group Limited Ordinary Shares,Nasdaq,LULD pause,2025-09-26,11:43:19
2025-09-26,11:27:46,SDM,Smart Digital Group Limited Ordinary Shares,Nasdaq,LULD pause,2025-09-26,11:32:46
2025-09-26,11:18:57,LCFY,Locafy Limited Ordinary Share,Nasdaq,LULD pause,2025-09-26,11:23:57
2025-09-26,11:17:16,SDM,Smart Digital Group Limited Ordinary Shares,Nasdaq,LULD pause,2025-09-26,11:22:16
2025-09-26,11:16:14,MGN,Megan Holdings Limited Ordinary Shares,Nasdaq,LULD pause,2025-09-26,11:26:14
2025-09-26,11:04:55,MGN,Megan Holdings Limited Ordinary Shares,Nasdaq,LULD pause,2025-09-26,11:09:55
2025-09-26,11:01:16,SDM,Smart Digital Group Limited Ordinary Shares,Nasdaq,LULD pause,2025-09-26,11:06:16
2025-09-26,10:52:20,MGN,Megan Holdings Limited Ordinary Shares,Nasdaq,LULD pause,2025-09-26,11:02:20
2025-09-26,10:49:22,SDM,Smart Digital Group Limited Ordinary Shares,Nasdaq,LULD pause,2025-09-26,10:59:22
2025-09-26,10:44:53,BIAF,"""bioAffinity Technologies, Inc. Common Stock""",Nasdaq,LULD pause,2025-09-26,10:49:53
2025-09-26,10:38:57,MGN,Megan Holdings Limited Ordinary Shares,Nasdaq,LULD pause,2025-09-26,10:48:57
2025-09-26,10:37:22,SVIIU,Spring Valley Acquisition Corp. II Unit,Nasdaq,LULD pause,2025-09-26,10:47:22
2025-09-26,10:34:21,BIAF,"""bioAffinity Technologies, Inc. Common Stock""",Nasdaq,LULD pause,2025-09-26,10:44:21
2025-09-26,10:29:28,MGN,Megan Holdings Limited Ordinary Shares,Nasdaq,LULD pause,2025-09-26,10:34:28
2025-09-26,10:22:13,AQMS,"""Aqua Metals, Inc. Common Stock""",Nasdaq,LULD pause,2025-09-26,10:27:13
2025-09-26,10:15:44,MGN,Megan Holdings Limited Ordinary Shares,Nasdaq,LULD pause,2025-09-26,10:25:44
2025-09-26,10:04:20,AMBI,Ambipar Emergency Response,NYSE American,Regulatory Concern,,
2025-09-26,10:04:20,AMBI,Ambipar Emergency Response,NYSE American,Regulatory Concern,2025-09-29,09:45:00
2025-09-26,10:04:20,AMBI WS,"""Ambipar Emergency Response Warrants to purchase Class A ordinary shares, each whole warrant exercisable for one Class A ordinary share at an exercise """,NYSE American,Regulatory Concern,2025-09-29,09:45:00
2025-09-26,10:04:20,AMBI WS,"""Ambipar Emergency Response Warrants to purchase Class A ordinary shares, each whole warrant exercisable for one Class A ordinary share at an exercise """,NYSE American,Regulatory Concern,,
2025-09-26,09:54:33,AQMS,"""Aqua Metals, Inc. Common Stock""",Nasdaq,LULD pause,2025-09-26,09:59:33
2025-09-26,09:36:54,FOFO,"""Hang Feng Technology Innovation Co., Ltd. Ordinary Shares""",Nasdaq,LULD pause,2025-09-26,09:46:55
2025-09-26,09:35:30,ATLN,Atlantic International Corp. Common Stock,Nasdaq,LULD pause,2025-09-26,09:45:30
2025-09-26,09:34:52,BIAF,"""bioAffinity Technologies, Inc. Common Stock""",Nasdaq,LULD pause,2025-09-26,09:39:52
2025-09-26,09:34:50,IROH,Iron Horse Acquisitions Corp. Common Stock,Nasdaq,LULD pause,2025-09-26,09:39:50
2025-09-26,09:34:07,SDM,Smart Digital Group Limited Ordinary Shares,Nasdaq,LULD pause,2025-09-26,10:49:07
2025-09-26,09:28:49,BDN,Brandywine Realty Trust,NYSE,News pending,2025-09-26,09:58:43
2025-09-26,08:24:22,KLG,WK Kellogg Co,NYSE,Merger Effective,,
2025-09-25,19:50:00,LVO,"""LiveOne, Inc. Common Stock""",Nasdaq,News pending,,
2025-09-25,19:50:00,LVO,"""LiveOne, Inc. Common Stock""",Nasdaq,News pending,2025-09-26,09:00:00
2025-09-25,19:50:00,IBG,Innovation Beverage Group Limited Ordinary Shares,Nasdaq,News pending,2025-09-26,09:00:00
2025-09-25,19:50:00,IBG,Innovation Beverage Group Limited Ordinary Shares,Nasdaq,News pending,,
2025-09-25,17:18:40,CRNX,"""Crinetics Pharmaceuticals, Inc.""",Nasdaq,News pending,,
2025-09-25,17:18:40,CRNX,"""Crinetics Pharmaceuticals, Inc.""",Nasdaq,News pending,2025-09-26,07:10:00
2025-09-25,15:50:02,TURB,"""Turbo Energy, S.A. American Depositary Shares""",Nasdaq,LULD pause,2025-09-25,16:00:00
2025-09-25,15:33:52,TURB,"""Turbo Energy, S.A. American Depositary Shares""",Nasdaq,LULD pause,2025-09-25,15:43:52
2025-09-25,15:19:39,SDM,Smart Digital Group Limited Ordinary Shares,Nasdaq,LULD pause,2025-09-25,15:24:39
2025-09-25,13:50:31,NUTR,Nusatrip Incorporated Common Stock,Nasdaq,LULD pause,2025-09-25,13:55:31
2025-09-25,13:40:05,NUTR,Nusatrip Incorporated Common Stock,Nasdaq,LULD pause,2025-09-25,13:50:05
2025-09-25,13:34:46,NUTR,Nusatrip Incorporated Common Stock,Nasdaq,LULD pause,2025-09-25,13:39:46
2025-09-25,13:24:31,NUTR,Nusatrip Incorporated Common Stock,Nasdaq,LULD pause,2025-09-25,13:34:31
2025-09-25,12:46:25,LBGJ,Li Bang International Corporation Inc. Ordinary Shares,Nasdaq,LULD pause,2025-09-25,12:51:25
2025-09-25,12:40:50,LBGJ,Li Bang International Corporation Inc. Ordinary Shares,Nasdaq,LULD pause,2025-09-25,12:45:50
2025-09-25,12:30:08,LBGJ,Li Bang International Corporation Inc. Ordinary Shares,Nasdaq,LULD pause,2025-09-25,12:40:08
2025-09-25,11:48:31,CPOP,"""Pop Culture Group Co., Ltd Class A Ordinary Shares""",Nasdaq,LULD pause,2025-09-25,11:53:31
2025-09-25,11:35:22,CPOP,"""Pop Culture Group Co., Ltd Class A Ordinary Shares""",Nasdaq,LULD pause,2025-09-25,11:40:22
2025-09-25,10:49:28,SPRC,SciSparc Ltd. Ordinary Shares,Nasdaq,LULD pause,2025-09-25,10:54:28
2025-09-25,10:32:00,SPRC,SciSparc Ltd. Ordinary Shares,Nasdaq,LULD pause,2025-09-25,10:37:00
2025-09-25,10:18:36,SPRC,SciSparc Ltd. Ordinary Shares,Nasdaq,LULD pause,2025-09-25,10:23:36
2025-09-25,10:08:31,SPRC,SciSparc Ltd. Ordinary Shares,Nasdaq,LULD pause,2025-09-25,10:13:31
2025-09-25,10:04:45,PW PRA,"""Power REIT  7.75% Series A Cumulative Redeemable Perpetual Preferred Stock, Liquidation Preference $25.00 per Share""",NYSE American,LULD pause,2025-09-25,10:09:45
2025-09-25,10:01:55,PLTS,Platinum Analytics Cayman Limited Class A Ordinary Shares,Nasdaq,LULD pause,2025-09-25,10:06:55
2025-09-25,09:59:18,FOFO,"""Hang Feng Technology Innovation Co., Ltd. Ordinary Shares""",Nasdaq,LULD pause,2025-09-25,10:04:18
2025-09-25,09:58:46,ISRLU,Israel Acquisitions Corp Unit,Nasdaq,LULD pause,2025-09-25,10:03:46
2025-09-25,09:51:23,SPRC,SciSparc Ltd. Ordinary Shares,Nasdaq,LULD pause,2025-09-25,09:56:23
2025-09-25,09:48:52,FOFO,"""Hang Feng Technology Innovation Co., Ltd. Ordinary Shares""",Nasdaq,LULD pause,2025-09-25,09:58:52
2025-09-25,09:39:36,SPRC,SciSparc Ltd. Ordinary Shares,Nasdaq,LULD pause,2025-09-25,09:44:36
2025-09-25,09:33:47,AAME,Atlantic American Corp,Nasdaq,LULD pause,2025-09-25,09:43:47
2025-09-25,08:10:00,FSFG,"""First Savings Financial Group, Inc""",Nasdaq,News pending,2025-09-25,08:40:00
2025-09-24,19:50:00,MNDR,Mobile-health Network Solutions Class A Ordinary Shares,Nasdaq,News pending,2025-09-25,09:00:00
2025-09-24,19:50:00,MNDR,Mobile-health Network Solutions Class A Ordinary Shares,Nasdaq,News pending,,
2025-09-24,15:59:10,JLHL,Julong Holding Limited Class A Ordinary Shares,Nasdaq,LULD pause,2025-09-24,16:00:00
2025-09-24,12:51:11,TNFA,"""TNF Pharmaceuticals, Inc. Common Stock""",Nasdaq,LULD pause,2025-09-24,13:03:21
2025-09-24,12:45:36,TNFA,"""TNF Pharmaceuticals, Inc. Common Stock""",Nasdaq,LULD pause,2025-09-24,12:50:36
2025-09-24,12:39:56,TNFA,"""TNF Pharmaceuticals, Inc. Common Stock""",Nasdaq,LULD pause,2025-09-24,12:44:56
2025-09-24,11:55:36,PC,Premium Catering (Holdings) Limited Ordinary Shares,Nasdaq,LULD pause,2025-09-24,12:00:36
2025-09-24,11:49:57,PC,Premium Catering (Holdings) Limited Ordinary Shares,Nasdaq,LULD pause,2025-09-24,11:54:57
2025-09-24,10:30:06,IDAI,T Stamp Inc. Class A Common Stock,Nasdaq,LULD pause,2025-09-24,10:35:06
2025-09-24,10:08:52,IDAI,T Stamp Inc. Class A Common Stock,Nasdaq,LULD pause,2025-09-24,10:13:52
2025-09-24,10:07:48,DBGI,"""Digital Brands Group, Inc. Common Stock""",Nasdaq,LULD pause,2025-09-24,10:12:48
2025-09-24,09:57:48,AACBU,Artius II Acquisition Inc. Units,Nasdaq,LULD pause,2025-09-24,10:02:48
2025-09-24,09:56:02,IDAI,T Stamp Inc. Class A Common Stock,Nasdaq,LULD pause,2025-09-24,10:06:03
2025-09-24,09:49:15,SLNHP,"""Soluna Holdings, Inc 9.0% Series A Cumulative Perpetual Preferred Stock""",Nasdaq,LULD pause,2025-09-24,09:54:15
2025-09-24,09:45:30,SHFS,"""SHF Holdings, Inc. Class A Common Stock""",Nasdaq,LULD pause,2025-09-24,09:50:30
2025-09-24,09:45:23,IDAI,T Stamp Inc. Class A Common Stock,Nasdaq,LULD pause,2025-09-24,09:55:25
2025-09-24,09:35:51,TNFA,"""TNF Pharmaceuticals, Inc. Common Stock""",Nasdaq,LULD pause,2025-09-24,09:45:52
2025-09-24,09:30:32,TNFA,"""TNF Pharmaceuticals, Inc. Common Stock""",Nasdaq,LULD pause,2025-09-24,09:35:32
2025-09-24,09:30:17,ATMV,AlphaVest Acquisition Corp Ordinary Shares,Nasdaq,LULD pause,2025-09-24,09:40:17
2025-09-24,07:00:00,QURE,uniQure N.V.,Nasdaq,News pending,2025-09-24,08:20:01
2025-09-24,06:55:13,ACAD,Acadia Pharmaceuticals Inc.,Nasdaq,News pending,2025-09-24,07:35:00
2025-09-23,19:50:00,BASE,"""Couchbase, Inc. Common Stock""",Nasdaq,News pending,,
2025-09-23,16:32:38,VOXR,Vox Royalty Corp. Common Stock,Nasdaq,News pending,2025-09-24,08:00:00
2025-09-23,16:32:38,VOXR,Vox Royalty Corp. Common Stock,Nasdaq,News pending,,
2025-09-23,15:56:13,BREA,Brera Holdings PLC Class B Ordinary Shares,Nasdaq,LULD pause,2025-09-23,16:00:00
2025-09-23,15:32:12,FAT,FAT Brands Inc. Class A Common Stock,Nasdaq,LULD pause,2025-09-23,15:37:12
2025-09-23,13:36:17,NCRA,"""Nocera, Inc. Common Stock""",Nasdaq,LULD pause,2025-09-23,13:41:17
2025-09-23,13:21:18,NCRA,"""Nocera, Inc. Common Stock""",Nasdaq,LULD pause,2025-09-23,13:26:18
2025-09-23,12:32:10,BRBI,BRBI BR Partners S.A. ADSs,Nasdaq,LULD pause,2025-09-23,12:37:10
2025-09-23,12:08:26,BRBI,BRBI BR Partners S.A. ADSs,Nasdaq,LULD pause,2025-09-23,12:13:26
2025-09-23,11:50:53,FCHL,Fitness Champs Holdings Limited Common Stock,Nasdaq,LULD pause,2025-09-23,11:55:53
2025-09-23,11:44:22,FCHL,Fitness Champs Holdings Limited Common Stock,Nasdaq,LULD pause,2025-09-23,11:49:22
2025-09-23,11:30:16,FCHL,Fitness Champs Holdings Limited Common Stock,Nasdaq,LULD pause,2025-09-23,11:40:16
2025-09-23,11:06:48,GDEV,GDEV Inc. Ordinary Shares,Nasdaq,LULD pause,2025-09-23,11:11:48
2025-09-23,11:04:21,GRAN,Grande Group Limited Class A Ordinary Shares,Nasdaq,LULD pause,2025-09-23,11:09:21
2025-09-23,10:56:12,BRBI,BRBI BR Partners S.A. ADSs,Nasdaq,LULD pause,2025-09-23,11:01:12
2025-09-23,10:50:31,BRBI,BRBI BR Partners S.A. ADSs,Nasdaq,LULD pause,2025-09-23,10:55:31
2025-09-23,10:49:57,FCHL,Fitness Champs Holdings Limited Common Stock,Nasdaq,LULD pause,2025-09-23,11:29:58
2025-09-23,10:46:03,FOFO,"""Hang Feng Technology Innovation Co., Ltd. Ordinary Shares""",Nasdaq,LULD pause,2025-09-23,10:51:03
2025-09-23,10:44:48,BRBI,BRBI BR Partners S.A. ADSs,Nasdaq,LULD pause,2025-09-23,10:49:48
2025-09-23,10:34:08,BRBI,BRBI BR Partners S.A. ADSs,Nasdaq,LULD pause,2025-09-23,10:44:09
2025-09-23,10:23:31,BRBI,BRBI BR Partners S.A. ADSs,Nasdaq,LULD pause,2025-09-23,10:33:31
2025-09-23,10:23:09,FCHL,Fitness Champs Holdings Limited Common Stock,Nasdaq,LULD pause,2025-09-23,10:49:42
2025-09-23,10:22:20,FOFO,"""Hang Feng Technology Innovation Co., Ltd. Ordinary Shares""",Nasdaq,LULD pause,2025-09-23,10:27:20
2025-09-23,10:17:57,BRBI,BRBI BR Partners S.A. ADSs,Nasdaq,LULD pause,2025-09-23,10:22:57
2025-09-23,10:16:48,SLE,"""Super League Enterprise, Inc. Common Stock""",Nasdaq,LULD pause,2025-09-23,10:21:48
2025-09-23,10:11:54,BRBI,BRBI BR Partners S.A. ADSs,Nasdaq,LULD pause,2025-09-23,10:16:54
2025-09-23,10:07:47,FCHL,Fitness Champs Holdings Limited Common Stock,Nasdaq,LULD pause,2025-09-23,10:22:54
2025-09-23,10:06:21,BRBI,BRBI BR Partners S.A. ADSs,Nasdaq,LULD pause,2025-09-23,10:11:21
2025-09-23,10:03:53,FTEL,Fitell Corporation Class A Ordinary Shares,Nasdaq,LULD pause,2025-09-23,10:08:53
2025-09-23,09:59:54,BRBI,BRBI BR Partners S.A. ADSs,Nasdaq,LULD pause,2025-09-23,10:04:54
2025-09-23,09:55:00,IBG,Innovation Beverage Group Limited Ordinary Shares,Nasdaq,LULD pause,2025-09-23,10:00:00
2025-09-23,09:52:15,BRBI,BRBI BR Partners S.A. ADSs,Nasdaq,LULD pause,2025-09-23,09:57:15
2025-09-23,09:48:40,IBG,Innovation Beverage Group Limited Ordinary Shares,Nasdaq,LULD pause,2025-09-23,09:53:40
2025-09-23,09:47:59,FTEL,Fitell Corporation Class A Ordinary Shares,Nasdaq,LULD pause,2025-09-23,09:52:59
2025-09-23,09:45:43,BRBI,BRBI BR Partners S.A. ADSs,Nasdaq,LULD pause,2025-09-23,09:50:43
2025-09-23,09:44:53,AGMH,AGM Group Holdings Inc. Class A Ordinary Shares,Nasdaq,LULD pause,2025-09-23,09:54:53
2025-09-23,09:44:24,BETR,Better Home & Finance Holding Company Class A Common Stock,Nasdaq,LULD pause,2025-09-23,09:49:24
2025-09-23,09:40:20,GDEV,GDEV Inc. Ordinary Shares,Nasdaq,LULD pause,2025-09-23,09:50:20
2025-09-23,09:37:55,SLE,"""Super League Enterprise, Inc. Common Stock""",Nasdaq,LULD pause,2025-09-23,09:42:55
2025-09-23,09:37:35,FTEL,Fitell Corporation Class A Ordinary Shares,Nasdaq,LULD pause,2025-09-23,09:47:35
2025-09-23,09:37:05,HONDU,HCM II Acquisition Corp. Unit,Nasdaq,LULD pause,2025-09-23,09:47:05
2025-09-23,09:35:25,IBG,Innovation Beverage Group Limited Ordinary Shares,Nasdaq,LULD pause,2025-09-23,09:40:25
2025-09-23,09:34:58,BRBI,BRBI BR Partners S.A. ADSs,Nasdaq,LULD pause,2025-09-23,09:44:58
2025-09-23,09:31:53,SLE,"""Super League Enterprise, Inc. Common Stock""",Nasdaq,LULD pause,2025-09-23,09:36:53
2025-09-23,09:31:46,AGMH,AGM Group Holdings Inc. Class A Ordinary Shares,Nasdaq,LULD pause,2025-09-23,09:41:47
2025-09-23,09:31:34,FTEL,Fitell Corporation Class A Ordinary Shares,Nasdaq,LULD pause,2025-09-23,09:36:34
2025-09-23,07:55:00,IBG,Innovation Beverage Group Limited Ordinary Shares,Nasdaq,News pending,2025-09-23,08:30:00
2025-09-23,06:55:00,SRRK,Scholar Rock Holding Corporation Common Stock,Nasdaq,News pending,2025-09-23,07:35:00
2025-09-23,06:44:38,BRFS,BRF - Brasil Foods S.A.,NYSE,Merger Effective,,
2025-09-22,19:50:00,WHLRP,"""Wheeler Real Estate Investment Trust, Inc. Preferred Stock""",Nasdaq,News pending,2025-09-23,09:05:00
2025-09-22,19:50:00,WHLRP,"""Wheeler Real Estate Investment Trust, Inc. Preferred Stock""",Nasdaq,News pending,,
2025-09-22,19:50:00,WHLRL,"""Wheeler Real Estate Investment Trust, Inc. 7.00% Senior Subordinated Convertible Notes Due 2031""",Nasdaq,News pending,2025-09-23,09:05:00
2025-09-22,19:50:00,WHLRL,"""Wheeler Real Estate Investment Trust, Inc. 7.00% Senior Subordinated Convertible Notes Due 2031""",Nasdaq,News pending,,
2025-09-22,19:50:00,WHLRD,"""Wheeler Real Estate Investment Trust, Inc. Series D Cumulative Preferred Stock""",Nasdaq,News pending,2025-09-23,09:05:00
2025-09-22,19:50:00,WHLRD,"""Wheeler Real Estate Investment Trust, Inc. Series D Cumulative Preferred Stock""",Nasdaq,News pending,,
2025-09-22,19:50:00,WHLR,"""Wheeler Real Estate Investment Trust, Inc""",Nasdaq,News pending,,
2025-09-22,19:50:00,WHLR,"""Wheeler Real Estate Investment Trust, Inc""",Nasdaq,News pending,2025-09-23,09:00:00
2025-09-22,19:50:00,FTEL,Fitell Corporation Class A Ordinary Shares,Nasdaq,News pending,,
2025-09-22,19:50:00,FTEL,Fitell Corporation Class A Ordinary Shares,Nasdaq,News pending,2025-09-23,09:00:00
2025-09-22,15:54:18,HSDT,"""Helius Medical Technologies, Inc. Class A Common Stock (DE)""",Nasdaq,LULD pause,2025-09-22,16:00:00
2025-09-22,15:47:29,GDEV,GDEV Inc. Ordinary Shares,Nasdaq,LULD pause,2025-09-22,16:00:00
2025-09-22,15:23:56,ATMVU,AlphaVest Acquisition Corp Unit,Nasdaq,LULD pause,2025-09-22,15:28:56
2025-09-22,14:03:00,LNZA,"""LanzaTech Global, Inc. Common Stock""",Nasdaq,LULD pause,2025-09-22,14:13:00
2025-09-22,13:48:06,BINI,"""Bollinger Innovations, Inc. Common Stock""",Nasdaq,LULD pause,2025-09-22,13:53:06
2025-09-22,13:38:06,BINI,"""Bollinger Innovations, Inc. Common Stock""",Nasdaq,LULD pause,2025-09-22,13:43:06
2025-09-22,13:31:37,BINI,"""Bollinger Innovations, Inc. Common Stock""",Nasdaq,LULD pause,2025-09-22,13:36:37
2025-09-22,13:17:56,BETR,Better Home & Finance Holding Company Class A Common Stock,Nasdaq,LULD pause,2025-09-22,13:22:56
2025-09-22,13:02:16,PLTS,Platinum Analytics Cayman Limited Class A Ordinary Shares,Nasdaq,LULD pause,2025-09-22,13:07:16
2025-09-22,13:01:53,HUHU,HUHUTECH International Group Inc. Ordinary Shares,Nasdaq,LULD pause,2025-09-22,13:06:53
2025-09-22,12:58:16,BINI,"""Bollinger Innovations, Inc. Common Stock""",Nasdaq,LULD pause,2025-09-22,13:03:16
2025-09-22,12:48:53,PLTS,Platinum Analytics Cayman Limited Class A Ordinary Shares,Nasdaq,LULD pause,2025-09-22,12:53:53
2025-09-22,12:04:14,ARBB,ARB IOT Group Limited Ordinary Shares,Nasdaq,LULD pause,2025-09-22,12:14:14
2025-09-22,11:55:28,WVVI,Willamette Valley Vineyards,Nasdaq,LULD pause,2025-09-22,12:05:28
2025-09-22,11:53:49,ARBB,ARB IOT Group Limited Ordinary Shares,Nasdaq,LULD pause,2025-09-22,12:03:49
2025-09-22,11:43:13,ARBB,ARB IOT Group Limited Ordinary Shares,Nasdaq,LULD pause,2025-09-22,11:53:13
2025-09-22,11:39:13,IPST,"""Heritage Distilling Holding Company, Inc. Common Stock""",Nasdaq,LULD pause,2025-09-22,11:44:13
2025-09-22,11:33:20,IPST,"""Heritage Distilling Holding Company, Inc. Common Stock""",Nasdaq,LULD pause,2025-09-22,11:38:20
2025-09-22,11:26:46,IPW,"""iPower, Inc. Common Stock""",Nasdaq,LULD pause,2025-09-22,11:31:46
2025-09-22,11:26:43,IPST,"""Heritage Distilling Holding Company, Inc. Common Stock""",Nasdaq,LULD pause,2025-09-22,11:31:43
2025-09-22,11:21:05,IPST,"""Heritage Distilling Holding Company, Inc. Common Stock""",Nasdaq,LULD pause,2025-09-22,11:26:05
2025-09-22,10:54:06,RELI,"""Reliance Global Group, Inc. Common Stock""",Nasdaq,LULD pause,2025-09-22,10:59:06
2025-09-22,10:52:13,BETR,Better Home & Finance Holding Company Class A Common Stock,Nasdaq,LULD pause,2025-09-22,10:57:13
2025-09-22,10:47:20,RELI,"""Reliance Global Group, Inc. Common Stock""",Nasdaq,LULD pause,2025-09-22,10:52:20
2025-09-22,10:46:42,BETR,Better Home & Finance Holding Company Class A Common Stock,Nasdaq,LULD pause,2025-09-22,10:51:42
2025-09-22,10:40:56,RELI,"""Reliance Global Group, Inc. Common Stock""",Nasdaq,LULD pause,2025-09-22,10:45:56
2025-09-22,10:35:57,JFBR,Jeffs' Brands Ltd Ordinary Shares,Nasdaq,LULD pause,2025-09-22,10:40:57
2025-09-22,10:33:55,RELI,"""Reliance Global Group, Inc. Common Stock""",Nasdaq,LULD pause,2025-09-22,10:38:55
2025-09-22,10:28:05,RELI,"""Reliance Global Group, Inc. Common Stock""",Nasdaq,LULD pause,2025-09-22,10:33:05
2025-09-22,10:22:37,RELI,"""Reliance Global Group, Inc. Common Stock""",Nasdaq,LULD pause,2025-09-22,10:27:37
2025-09-22,10:13:36,RELI,"""Reliance Global Group, Inc. Common Stock""",Nasdaq,LULD pause,2025-09-22,10:18:36
2025-09-22,10:03:43,ATMVU,AlphaVest Acquisition Corp Unit,Nasdaq,LULD pause,2025-09-22,10:08:43
2025-09-22,09:47:29,FLGC,Flora Growth Corp. Common Stock,Nasdaq,LULD pause,2025-09-22,09:52:29
2025-09-22,09:36:13,ATMVU,AlphaVest Acquisition Corp Unit,Nasdaq,LULD pause,2025-09-22,09:56:13
2025-09-22,09:34:47,HUHU,HUHUTECH International Group Inc. Ordinary Shares,Nasdaq,LULD pause,2025-09-22,09:44:47
2025-09-22,09:34:30,ARBB,ARB IOT Group Limited Ordinary Shares,Nasdaq,LULD pause,2025-09-22,09:39:30
2025-09-22,09:31:27,BETR,Better Home & Finance Holding Company Class A Common Stock,Nasdaq,LULD pause,2025-09-22,10:46:27
2025-09-22,09:30:46,ATMVU,AlphaVest Acquisition Corp Unit,Nasdaq,LULD pause,2025-09-22,09:35:46
2025-09-22,08:10:00,ASST,"""Strive, Inc. Class A Common Stock""",Nasdaq,News pending,2025-09-22,08:35:00
2025-09-22,08:10:00,SMLR,"""Semler Scientific, Inc.""",Nasdaq,News pending,2025-09-22,08:55:01
2025-09-22,08:01:09,PRO,"""Pros Holdings, Inc.""",NYSE,News pending,2025-09-22,08:31:53
2025-09-22,06:55:00,IONS,"""Ionis Pharmaceuticals, Inc. Common Stock""",Nasdaq,News pending,2025-09-22,07:30:00
2025-09-22,06:55:00,ODP,The ODP Corporation Common Stock,Nasdaq,News pending,2025-09-22,07:35:01
2025-09-22,06:55:00,MBX,"""MBX Biosciences, Inc. Common Stock""",Nasdaq,News pending,2025-09-22,07:30:00
2025-09-19,19:50:43,GMRE,Global Medical REIT Inc.,NYSE,Corporate Action,2025-09-22,09:32:36
2025-09-19,19:50:43,GMRE,Global Medical REIT Inc.,NYSE,Corporate Action,,
2025-09-19,19:50:00,NITO,"""N2OFF, Inc. Common Stock""",Nasdaq,News pending,,
2025-09-19,19:50:00,NITO,"""N2OFF, Inc. Common Stock""",Nasdaq,News pending,2025-09-22,09:00:00
2025-09-19,19:50:00,SPTN,SpartanNash Company,Nasdaq,News pending,,
2025-09-19,19:50:00,BINI,"""Bollinger Innovations, Inc. Common Stock""",Nasdaq,News pending,2025-09-22,09:05:01
2025-09-19,19:50:00,BINI,"""Bollinger Innovations, Inc. Common Stock""",Nasdaq,News pending,,
2025-09-19,19:50:00,LOGI,Logitech International SA,Nasdaq,News pending,2025-09-22,07:05:00
2025-09-19,19:50:00,LOGI,Logitech International SA,Nasdaq,News pending,,
2025-09-19,15:57:53,PLTS,Platinum Analytics Cayman Limited Class A Ordinary Shares,Nasdaq,LULD pause,2025-09-19,16:00:00
2025-09-19,15:55:37,ATLN,Atlantic International Corp. Common Stock,Nasdaq,LULD pause,2025-09-19,16:00:00
2025-09-19,15:55:21,MENS,Jyong Biotech Ltd. Ordinary Shares,Nasdaq,LULD pause,2025-09-19,16:00:00
2025-09-19,15:49:56,ATMV,AlphaVest Acquisition Corp Ordinary Shares,Nasdaq,LULD pause,2025-09-19,16:00:00
2025-09-19,15:34:57,PLTS,Platinum Analytics Cayman Limited Class A Ordinary Shares,Nasdaq,LULD pause,2025-09-19,15:39:57
2025-09-19,14:48:49,ATMVU,AlphaVest Acquisition Corp Unit,Nasdaq,LULD pause,2025-09-19,14:58:50
2025-09-19,14:35:50,HONDU,HCM II Acquisition Corp. Unit,Nasdaq,LULD pause,2025-09-19,14:40:50
2025-09-19,14:23:14,HONDU,HCM II Acquisition Corp. Unit,Nasdaq,LULD pause,2025-09-19,14:33:14
2025-09-19,13:55:45,ATMVU,AlphaVest Acquisition Corp Unit,Nasdaq,LULD pause,2025-09-19,14:10:46
2025-09-19,13:38:55,FATN,"""FatPipe, Inc. Common Stock""",Nasdaq,LULD pause,2025-09-19,13:43:55
2025-09-19,13:22:25,PLTS,Platinum Analytics Cayman Limited Class A Ordinary Shares,Nasdaq,LULD pause,2025-09-19,13:27:25
2025-09-19,13:17:25,ATMV,AlphaVest Acquisition Corp Ordinary Shares,Nasdaq,LULD pause,2025-09-19,13:22:25
2025-09-19,13:14:04,FATN,"""FatPipe, Inc. Common Stock""",Nasdaq,LULD pause,2025-09-19,13:19:04
2025-09-19,12:57:29,ATMV,AlphaVest Acquisition Corp Ordinary Shares,Nasdaq,LULD pause,2025-09-19,13:02:29
2025-09-19,12:53:07,FCHL,Fitness Champs Holdings Limited Common Stock,Nasdaq,LULD pause,2025-09-19,12:58:07
2025-09-19,12:46:21,ATMV,AlphaVest Acquisition Corp Ordinary Shares,Nasdaq,LULD pause,2025-09-19,12:56:21
2025-09-19,12:40:58,ATMV,AlphaVest Acquisition Corp Ordinary Shares,Nasdaq,LULD pause,2025-09-19,12:45:58
2025-09-19,12:35:27,ATMV,AlphaVest Acquisition Corp Ordinary Shares,Nasdaq,LULD pause,2025-09-19,12:40:27
2025-09-19,12:28:51,ATMV,AlphaVest Acquisition Corp Ordinary Shares,Nasdaq,LULD pause,2025-09-19,12:33:51
2025-09-19,12:23:07,ATMV,AlphaVest Acquisition Corp Ordinary Shares,Nasdaq,LULD pause,2025-09-19,12:28:07
2025-09-19,12:11:20,ATMV,AlphaVest Acquisition Corp Ordinary Shares,Nasdaq,LULD pause,2025-09-19,12:21:20
2025-09-19,12:10:23,PLTS,Platinum Analytics Cayman Limited Class A Ordinary Shares,Nasdaq,LULD pause,2025-09-19,12:15:23
2025-09-19,12:10:17,ATMVU,AlphaVest Acquisition Corp Unit,Nasdaq,LULD pause,2025-09-19,12:20:18
2025-09-19,12:05:46,ATMV,AlphaVest Acquisition Corp Ordinary Shares,Nasdaq,LULD pause,2025-09-19,12:10:46
2025-09-19,11:59:57,ATMV,AlphaVest Acquisition Corp Ordinary Shares,Nasdaq,LULD pause,2025-09-19,12:04:57
2025-09-19,11:59:34,ATMVU,AlphaVest Acquisition Corp Unit,Nasdaq,LULD pause,2025-09-19,12:04:34
2025-09-19,11:57:15,PLTS,Platinum Analytics Cayman Limited Class A Ordinary Shares,Nasdaq,LULD pause,2025-09-19,12:07:15
2025-09-19,11:50:33,ATMV,AlphaVest Acquisition Corp Ordinary Shares,Nasdaq,LULD pause,2025-09-19,11:55:33
2025-09-19,11:41:09,BHF,"""Brighthouse Financial, Inc.""",Nasdaq,LULD pause,2025-09-19,11:59:27
2025-09-19,11:21:22,PLTS,Platinum Analytics Cayman Limited Class A Ordinary Shares,Nasdaq,LULD pause,2025-09-19,11:26:22
2025-09-19,11:13:39,GRAN,Grande Group Limited Class A Ordinary Shares,Nasdaq,LULD pause,2025-09-19,11:18:39
2025-09-19,11:10:28,PLTS,Platinum Analytics Cayman Limited Class A Ordinary Shares,Nasdaq,LULD pause,2025-09-19,11:21:05
2025-09-19,11:06:49,UPC,Universe Pharmaceuticals Inc. Ordinary Shares,Nasdaq,LULD pause,2025-09-19,11:11:49
2025-09-19,10:56:21,UPC,Universe Pharmaceuticals Inc. Ordinary Shares,Nasdaq,LULD pause,2025-09-19,11:01:21
2025-09-19,10:42:37,FCHL,Fitness Champs Holdings Limited Common Stock,Nasdaq,LULD pause,2025-09-19,10:47:37
2025-09-19,10:34:51,ATMVU,AlphaVest Acquisition Corp Unit,Nasdaq,LULD pause,2025-09-19,10:39:51
2025-09-19,10:11:00,SWVL,Swvl Holdings Corp Class A Common Shares,Nasdaq,LULD pause,2025-09-19,10:16:00
2025-09-19,10:07:25,AGMH,AGM Group Holdings Inc. Class A Ordinary Shares,Nasdaq,LULD pause,2025-09-19,10:12:25
2025-09-19,10:06:44,BRFH,Barfresh Food Group Inc. Common Stock,Nasdaq,LULD pause,2025-09-19,10:11:44
2025-09-19,09:59:45,BRFH,Barfresh Food Group Inc. Common Stock,Nasdaq,LULD pause,2025-09-19,10:04:45
2025-09-19,09:53:52,BRFH,Barfresh Food Group Inc. Common Stock,Nasdaq,LULD pause,2025-09-19,09:58:52
2025-09-19,09:53:43,PEBK,Peoples Bancorp of North Carol,Nasdaq,LULD pause,2025-09-19,09:58:43
2025-09-19,09:48:22,BRFH,Barfresh Food Group Inc. Common Stock,Nasdaq,LULD pause,2025-09-19,09:53:22
2025-09-19,09:45:17,IDAI,T Stamp Inc. Class A Common Stock,Nasdaq,LULD pause,2025-09-19,10:03:07
2025-09-19,09:42:43,BRFH,Barfresh Food Group Inc. Common Stock,Nasdaq,LULD pause,2025-09-19,09:47:43
2025-09-19,09:36:19,BREA,Brera Holdings PLC Class B Ordinary Shares,Nasdaq,LULD pause,2025-09-19,09:41:19
2025-09-19,09:32:22,ZOOZ,ZOOZ Power Ltd. Ordinary Shares,Nasdaq,LULD pause,2025-09-19,09:37:22
2025-09-18,19:50:00,BIAFW,"""bioAffinity Technologies, Inc. Warrant""",Nasdaq,News pending,,
2025-09-18,19:50:00,BIAFW,"""bioAffinity Technologies, Inc. Warrant""",Nasdaq,News pending,2025-09-19,09:05:00
2025-09-18,19:50:00,VOR,Vor Biopharma Inc. Common Stock,Nasdaq,News pending,2025-09-19,09:00:00
2025-09-18,19:50:00,VOR,Vor Biopharma Inc. Common Stock,Nasdaq,News pending,,
2025-09-18,19:50:00,BIAF,"""bioAffinity Technologies, Inc. Common Stock""",Nasdaq,News pending,,
2025-09-18,19:50:00,BIAF,"""bioAffinity Technologies, Inc. Common Stock""",Nasdaq,News pending,2025-09-19,09:00:00
2025-09-18,15:54:53,EDRY,EuroDry Ltd. Common Shares,Nasdaq,LULD pause,2025-09-18,16:00:00
2025-09-18,15:44:49,EDRY,EuroDry Ltd. Common Shares,Nasdaq,LULD pause,2025-09-18,15:49:49
2025-09-18,15:39:13,PIII,P3 Health Partners Inc. Common Stock,Nasdaq,LULD pause,2025-09-18,15:44:13
2025-09-18,15:32:01,BREA,Brera Holdings PLC Class B Ordinary Shares,Nasdaq,LULD pause,2025-09-18,15:37:01
2025-09-18,15:20:33,PIII,P3 Health Partners Inc. Common Stock,Nasdaq,LULD pause,2025-09-18,15:30:33
2025-09-18,15:03:29,BREA,Brera Holdings PLC Class B Ordinary Shares,Nasdaq,LULD pause,2025-09-18,15:08:29
2025-09-18,14:57:17,BREA,Brera Holdings PLC Class B Ordinary Shares,Nasdaq,LULD pause,2025-09-18,15:02:17
2025-09-18,14:39:42,BREA,Brera Holdings PLC Class B Ordinary Shares,Nasdaq,LULD pause,2025-09-18,14:44:42
2025-09-18,14:15:06,FBYD,"""Falcon's Beyond Global, Inc. Class A Common Stock""",Nasdaq,LULD pause,2025-09-18,14:30:25
2025-09-18,13:03:17,BREA,Brera Holdings PLC Class B Ordinary Shares,Nasdaq,LULD pause,2025-09-18,13:08:17
2025-09-18,12:57:25,BREA,Brera Holdings PLC Class B Ordinary Shares,Nasdaq,LULD pause,2025-09-18,13:02:25
2025-09-18,12:43:15,LUD,Luda Technology Group Limited,NYSE American,LULD pause,2025-09-18,12:53:15
2025-09-18,12:42:12,BREA,Brera Holdings PLC Class B Ordinary Shares,Nasdaq,LULD pause,2025-09-18,12:52:12
2025-09-18,12:26:24,BREA,Brera Holdings PLC Class B Ordinary Shares,Nasdaq,LULD pause,2025-09-18,12:36:24
2025-09-18,12:20:48,BREA,Brera Holdings PLC Class B Ordinary Shares,Nasdaq,LULD pause,2025-09-18,12:25:48
2025-09-18,12:10:28,BREA,Brera Holdings PLC Class B Ordinary Shares,Nasdaq,LULD pause,2025-09-18,12:20:28
2025-09-18,11:59:58,BREA,Brera Holdings PLC Class B Ordinary Shares,Nasdaq,LULD pause,2025-09-18,12:09:58
2025-09-18,11:54:15,BREA,Brera Holdings PLC Class B Ordinary Shares,Nasdaq,LULD pause,2025-09-18,11:59:15
2025-09-18,11:46:26,LUD,Luda Technology Group Limited,NYSE American,LULD pause,2025-09-18,11:51:26
2025-09-18,11:43:10,BREA,Brera Holdings PLC Class B Ordinary Shares,Nasdaq,LULD pause,2025-09-18,11:48:10
2025-09-18,11:36:12,BREA,Brera Holdings PLC Class B Ordinary Shares,Nasdaq,LULD pause,2025-09-18,11:41:12
2025-09-18,11:29:35,BREA,Brera Holdings PLC Class B Ordinary Shares,Nasdaq,LULD pause,2025-09-18,11:34:35
2025-09-18,11:18:47,BREA,Brera Holdings PLC Class B Ordinary Shares,Nasdaq,LULD pause,2025-09-18,11:28:47
2025-09-18,11:08:32,BREA,Brera Holdings PLC Class B Ordinary Shares,Nasdaq,LULD pause,2025-09-18,11:18:32
2025-09-18,10:58:05,BREA,Brera Holdings PLC Class B Ordinary Shares,Nasdaq,LULD pause,2025-09-18,11:08:15
2025-09-18,10:57:26,WVVI,Willamette Valley Vineyards,Nasdaq,LULD pause,2025-09-18,11:02:26
2025-09-18,10:23:07,CDLX,"""Cardlytics, Inc. Common Stock""",Nasdaq,LULD pause,2025-09-18,10:33:07
2025-09-18,10:00:41,STG,"""Sunlands Technology Group, American Depositary Shares,  American Depositary Shares, every two (2) ADSs representing one (1) Class A Ordinary Share""",NYSE,LULD pause,2025-09-18,10:05:43
2025-09-18,09:53:28,STG,"""Sunlands Technology Group, American Depositary Shares,  American Depositary Shares, every two (2) ADSs representing one (1) Class A Ordinary Share""",NYSE,LULD pause,2025-09-18,09:58:28
2025-09-18,09:45:29,TURB,"""Turbo Energy, S.A. American Depositary Shares""",Nasdaq,LULD pause,2025-09-18,09:50:29
2025-09-18,09:36:29,ECDA,"""ECD Automotive Design, Inc. Common Stock""",Nasdaq,LULD pause,2025-09-18,09:46:29
2025-09-18,09:35:17,AERT,"""Aeries Technology, Inc. Class A Ordinary Share""",Nasdaq,LULD pause,2025-09-18,09:40:17
2025-09-18,09:32:32,SANG,Sangoma Technologies Corporation Common Shares,Nasdaq,LULD pause,2025-09-18,09:37:32
2025-09-18,09:30:23,BREA,Brera Holdings PLC Class B Ordinary Shares,Nasdaq,LULD pause,2025-09-18,10:57:30
2025-09-17,19:50:00,ECDAW,"""ECD Automotive Design, Inc. Warrant""",Nasdaq,News pending,,
2025-09-17,19:50:00,ECDAW,"""ECD Automotive Design, Inc. Warrant""",Nasdaq,News pending,2025-09-18,09:05:00
2025-09-17,19:50:00,ATHA,"""Athira Pharma, Inc. Common Stock""",Nasdaq,News pending,,
2025-09-17,19:50:00,ATHA,"""Athira Pharma, Inc. Common Stock""",Nasdaq,News pending,2025-09-18,09:00:00
2025-09-17,19:50:00,ECDA,"""ECD Automotive Design, Inc. Common Stock""",Nasdaq,News pending,,
2025-09-17,19:50:00,ECDA,"""ECD Automotive Design, Inc. Common Stock""",Nasdaq,News pending,2025-09-18,09:00:00
2025-09-17,15:48:41,FLGC,Flora Growth Corp. Common Stock,Nasdaq,LULD pause,2025-09-17,16:00:00
2025-09-17,15:21:55,VCIG,VCI Global Limited Ordinary Share,Nasdaq,LULD pause,2025-09-17,15:34:57
2025-09-17,15:16:40,VCIG,VCI Global Limited Ordinary Share,Nasdaq,LULD pause,2025-09-17,15:21:40
2025-09-17,15:06:17,VCIG,VCI Global Limited Ordinary Share,Nasdaq,LULD pause,2025-09-17,15:16:18
2025-09-17,15:00:50,VCIG,VCI Global Limited Ordinary Share,Nasdaq,LULD pause,2025-09-17,15:05:50
2025-09-17,14:37:17,APLMW,Apollomics Inc. Warrant,Nasdaq,News pending,2025-10-15,09:05:00
2025-09-17,14:37:17,APLMW,Apollomics Inc. Warrant,Nasdaq,News pending,,
2025-09-17,14:37:17,APLM,Apollomics Inc. Class A Ordinary Shares,Nasdaq,News pending,,
2025-09-17,14:37:17,APLM,Apollomics Inc. Class A Ordinary Shares,Nasdaq,News pending,2025-10-15,09:00:00
2025-09-17,13:34:12,CURX,Curanex Pharmaceuticals Inc Common Stock,Nasdaq,LULD pause,2025-09-17,13:39:12
2025-09-17,13:05:08,CHOW,ChowChow Cloud International Holdings Limited,NYSE American,LULD pause,2025-09-17,13:15:08
2025-09-17,12:43:58,CURX,Curanex Pharmaceuticals Inc Common Stock,Nasdaq,LULD pause,2025-09-17,12:48:58
2025-09-17,12:29:35,CURX,Curanex Pharmaceuticals Inc Common Stock,Nasdaq,LULD pause,2025-09-17,12:39:35
2025-09-17,11:34:05,CURX,Curanex Pharmaceuticals Inc Common Stock,Nasdaq,LULD pause,2025-09-17,12:29:06
2025-09-17,11:18:49,CURX,Curanex Pharmaceuticals Inc Common Stock,Nasdaq,LULD pause,2025-09-17,11:33:50
2025-09-17,10:21:34,CDT,CDT Equity Inc. Common Stock,Nasdaq,LULD pause,2025-09-17,10:26:34
2025-09-17,10:15:47,CDT,CDT Equity Inc. Common Stock,Nasdaq,LULD pause,2025-09-17,10:20:47
2025-09-17,10:15:02,GV,Visionary Holdings Inc. Common Shares,Nasdaq,LULD pause,2025-09-17,10:20:02
2025-09-17,09:59:24,GV,Visionary Holdings Inc. Common Shares,Nasdaq,LULD pause,2025-09-17,10:04:24
2025-09-17,09:59:03,LOCL,Local Bounti Corporation,NYSE,LULD pause,2025-09-17,10:04:23
2025-09-17,09:54:41,VTVT,vTv Therapeutics Inc. Class A Common Stock,Nasdaq,LULD pause,2025-09-17,09:59:41
2025-09-17,09:46:41,GV,Visionary Holdings Inc. Common Shares,Nasdaq,LULD pause,2025-09-17,09:56:41
2025-09-17,09:36:59,CWD,CaliberCos Inc. Class A Common Stock,Nasdaq,LULD pause,2025-09-17,09:41:59
2025-09-17,09:31:53,GV,Visionary Holdings Inc. Common Shares,Nasdaq,LULD pause,2025-09-17,09:41:53
2025-09-16,19:50:51,SQNS,Sequans Communications S.A. American Depositary Shares (each representing ten (10) Ordinary Shares),NYSE,Corporate Action,2025-09-17,09:30:49
2025-09-16,19:50:51,SQNS,Sequans Communications S.A. American Depositary Shares (each representing ten (10) Ordinary Shares),NYSE,Corporate Action,,
2025-09-16,19:50:00,HLVX,"""HilleVax, Inc. Common Stock""",Nasdaq,News pending,,
2025-09-16,15:57:30,NAOV,"""NanoVibronix, Inc. Common Stock""",Nasdaq,LULD pause,2025-09-16,16:00:00
2025-09-16,15:16:52,LEE,"""Lee Enterprises, Inc.""",Nasdaq,LULD pause,2025-09-16,15:21:52
2025-09-16,14:13:12,GORV,"""Lazydays Holdings, Inc. Common Stock""",Nasdaq,LULD pause,2025-09-16,14:23:43
2025-09-16,14:02:43,GORV,"""Lazydays Holdings, Inc. Common Stock""",Nasdaq,LULD pause,2025-09-16,14:12:43
2025-09-16,13:35:29,VNTG,Vantage Corp,NYSE American,LULD pause,2025-09-16,13:40:29
2025-09-16,13:17:41,CHOW,ChowChow Cloud International Holdings Limited,NYSE American,LULD pause,2025-09-16,13:22:41
2025-09-16,13:13:27,LUD,Luda Technology Group Limited,NYSE American,LULD pause,2025-09-16,13:18:27
2025-09-16,13:05:47,CHOW,ChowChow Cloud International Holdings Limited,NYSE American,LULD pause,2025-09-16,13:15:47
2025-09-16,12:54:20,CHOW,ChowChow Cloud International Holdings Limited,NYSE American,LULD pause,2025-09-16,13:04:20
2025-09-16,12:24:03,CHOW,ChowChow Cloud International Holdings Limited,NYSE American,LULD pause,2025-09-16,12:34:03
2025-09-16,12:12:49,CHOW,ChowChow Cloud International Holdings Limited,NYSE American,LULD pause,2025-09-16,12:22:49
2025-09-16,12:03:40,BOXL,Boxlight Corporation Class A Common Stock,Nasdaq,LULD pause,2025-09-16,12:13:41
2025-09-16,11:58:43,CHOW,ChowChow Cloud International Holdings Limited,NYSE American,LULD pause,2025-09-16,12:08:43
2025-09-16,11:49:37,SLNHP,"""Soluna Holdings, Inc 9.0% Series A Cumulative Perpetual Preferred Stock""",Nasdaq,LULD pause,2025-09-16,11:54:37
2025-09-16,11:46:37,CHOW,ChowChow Cloud International Holdings Limited,NYSE American,LULD pause,2025-09-16,11:56:37
2025-09-16,11:34:12,CHOW,ChowChow Cloud International Holdings Limited,NYSE American,LULD pause,2025-09-16,11:44:12
2025-09-16,11:27:51,CHOW,ChowChow Cloud International Holdings Limited,NYSE American,LULD pause,2025-09-16,11:32:51
2025-09-16,11:23:50,SLNHP,"""Soluna Holdings, Inc 9.0% Series A Cumulative Perpetual Preferred Stock""",Nasdaq,LULD pause,2025-09-16,11:28:50
2025-09-16,11:22:33,CHOW,ChowChow Cloud International Holdings Limited,NYSE American,LULD pause,2025-09-16,11:27:33
2025-09-16,11:10:57,CHOW,ChowChow Cloud International Holdings Limited,NYSE American,LULD pause,2025-09-16,11:20:57
2025-09-16,11:10:43,SLNHP,"""Soluna Holdings, Inc 9.0% Series A Cumulative Perpetual Preferred Stock""",Nasdaq,LULD pause,2025-09-16,11:15:43
2025-09-16,11:05:25,CHOW,ChowChow Cloud International Holdings Limited,NYSE American,LULD pause,2025-09-16,11:10:25
2025-09-16,10:59:41,CHOW,ChowChow Cloud International Holdings Limited,NYSE American,LULD pause,2025-09-16,11:04:41
2025-09-16,10:57:34,TOPP,Toppoint Holdings Inc.,NYSE American,LULD pause,2025-09-16,11:22:34
2025-09-16,10:50:20,FGI,FGI Industries Ltd. Ordinary Shares,Nasdaq,LULD pause,2025-09-16,10:55:20
2025-09-16,10:46:58,TOPP,Toppoint Holdings Inc.,NYSE American,LULD pause,2025-09-16,10:56:58
2025-09-16,10:46:43,CHOW,ChowChow Cloud International Holdings Limited,NYSE American,LULD pause,2025-09-16,10:58:53
2025-09-16,10:41:18,CHOW,ChowChow Cloud International Holdings Limited,NYSE American,LULD pause,2025-09-16,10:46:18
2025-09-16,10:40:55,TOPP,Toppoint Holdings Inc.,NYSE American,LULD pause,2025-09-16,10:45:55
2025-09-16,10:35:54,CHOW,ChowChow Cloud International Holdings Limited,NYSE American,LULD pause,2025-09-16,10:40:54
2025-09-16,10:33:40,BREA,Brera Holdings PLC Class B Ordinary Shares,Nasdaq,LULD pause,2025-09-16,10:43:40
2025-09-16,10:28:06,BREA,Brera Holdings PLC Class B Ordinary Shares,Nasdaq,LULD pause,2025-09-16,10:33:06
2025-09-16,10:25:09,CHOW,ChowChow Cloud International Holdings Limited,NYSE American,LULD pause,2025-09-16,10:35:33
2025-09-16,10:22:32,BREA,Brera Holdings PLC Class B Ordinary Shares,Nasdaq,LULD pause,2025-09-16,10:27:32
2025-09-16,10:20:04,ENGS,Energys Group Limited Ordinary Shares,Nasdaq,LULD pause,2025-09-16,10:30:04
2025-09-16,10:19:50,CHOW,ChowChow Cloud International Holdings Limited,NYSE American,LULD pause,2025-09-16,10:24:50
2025-09-16,10:16:34,BREA,Brera Holdings PLC Class B Ordinary Shares,Nasdaq,LULD pause,2025-09-16,10:21:34
2025-09-16,10:10:02,BREA,Brera Holdings PLC Class B Ordinary Shares,Nasdaq,LULD pause,2025-09-16,10:15:02
2025-09-16,10:06:42,TURB,"""Turbo Energy, S.A. American Depositary Shares""",Nasdaq,LULD pause,2025-09-16,10:11:42
2025-09-16,09:58:50,BREA,Brera Holdings PLC Class B Ordinary Shares,Nasdaq,LULD pause,2025-09-16,10:03:50
2025-09-16,09:56:55,ENGS,Energys Group Limited Ordinary Shares,Nasdaq,LULD pause,2025-09-16,10:19:41
2025-09-16,09:36:34,FGI,FGI Industries Ltd. Ordinary Shares,Nasdaq,LULD pause,2025-09-16,09:41:34
2025-09-16,09:32:50,BREA,Brera Holdings PLC Class B Ordinary Shares,Nasdaq,LULD pause,2025-09-16,09:37:50
2025-09-16,08:25:00,LTRN,Lantern Pharma Inc. Common Stock,Nasdaq,News pending,2025-09-16,08:45:00
2025-09-15,19:50:00,NXTT,Next Technology Holding Inc. Ordinary Shares,Nasdaq,News pending,2025-09-16,09:00:00
2025-09-15,19:50:00,NXTT,Next Technology Holding Inc. Ordinary Shares,Nasdaq,News pending,,
2025-09-15,19:50:00,YMAB,"""Y-mAbs Therapeutics, Inc. Common Stock""",Nasdaq,News pending,,
2025-09-15,19:50:00,VCIG,VCI Global Limited Ordinary Share,Nasdaq,News pending,,
2025-09-15,19:50:00,VCIG,VCI Global Limited Ordinary Share,Nasdaq,News pending,2025-09-16,09:00:00
2025-09-15,15:06:10,MTVA,MetaVia Inc. Common Stock,Nasdaq,LULD pause,2025-09-15,15:11:10
2025-09-15,13:17:04,FEDU,"""Four Seasons Education (Cayman) Inc. American depositary shares, each representing ten (10) Ordinary Shares""",NYSE,LULD pause,2025-09-15,13:22:04
2025-09-15,13:08:44,MFI,mF International Limited Class A Ordinary Shares,Nasdaq,LULD pause,2025-09-15,13:13:44
2025-09-15,12:05:57,FVRR,Fiverr International Ltd.,NYSE,News pending,2025-09-15,12:40:23
2025-09-15,11:47:31,BKKT WS,"""Bakkt Holdings, Inc Warrants to purchase Class A Common Stock Each Warrant entitles to purchase 1/25th of a share of Class A common stock at an exerci""",NYSE,News pending,2025-09-15,12:16:24
2025-09-15,11:47:31,BKKT,"""Bakkt Holdings, Inc.""",NYSE,News pending,2025-09-15,12:16:06
2025-09-15,11:41:04,VSA,TCTM Kids IT Education Inc. American Depositary Shares,Nasdaq,LULD pause,2025-09-15,11:46:04
2025-09-15,10:49:37,CHEK,Check-Cap Ltd.,Nasdaq,LULD pause,2025-09-15,10:59:37
2025-09-15,10:43:00,FOXX,Foxx Development Holdings Inc. Common Stock,Nasdaq,LULD pause,2025-09-15,10:48:00
2025-09-15,10:42:10,NAOV,"""NanoVibronix, Inc. Common Stock""",Nasdaq,LULD pause,2025-09-15,10:47:10
2025-09-15,10:19:02,NAOV,"""NanoVibronix, Inc. Common Stock""",Nasdaq,LULD pause,2025-09-15,10:24:02
2025-09-15,10:17:20,LVLU,"""Lulu's Fashion Lounge Holdings, Inc. Common Stock""",Nasdaq,LULD pause,2025-09-15,10:22:20
2025-09-15,10:13:45,CHEK,Check-Cap Ltd.,Nasdaq,LULD pause,2025-09-15,10:18:45
2025-09-15,10:08:03,CHEK,Check-Cap Ltd.,Nasdaq,LULD pause,2025-09-15,10:13:03
2025-09-15,10:06:11,NAOV,"""NanoVibronix, Inc. Common Stock""",Nasdaq,LULD pause,2025-09-15,10:11:11
2025-09-15,10:04:39,EVTV,"""Envirotech Vehicles, Inc. Common Stock""",Nasdaq,LULD pause,2025-09-15,10:09:39
2025-09-15,10:03:47,HSDT,"""Helius Medical Technologies, Inc. Class A Common Stock (DE)""",Nasdaq,LULD pause,2025-09-15,10:08:47
2025-09-15,10:01:35,LVLU,"""Lulu's Fashion Lounge Holdings, Inc. Common Stock""",Nasdaq,LULD pause,2025-09-15,10:11:35
2025-09-15,10:00:50,ONFO,Onfolio Holdings Inc. Common Stock,Nasdaq,LULD pause,2025-09-15,10:05:50
2025-09-15,09:56:58,EVTV,"""Envirotech Vehicles, Inc. Common Stock""",Nasdaq,LULD pause,2025-09-15,10:01:58
2025-09-15,09:55:03,HSDT,"""Helius Medical Technologies, Inc. Class A Common Stock (DE)""",Nasdaq,LULD pause,2025-09-15,10:00:03
2025-09-15,09:50:49,NAOV,"""NanoVibronix, Inc. Common Stock""",Nasdaq,LULD pause,2025-09-15,09:55:49
2025-09-15,09:50:44,ATCH,"""AtlasClear Holdings, Inc.""",NYSE American,LULD pause,2025-09-15,09:55:44
2025-09-15,09:50:37,CHEK,Check-Cap Ltd.,Nasdaq,LULD pause,2025-09-15,10:00:37
2025-09-15,09:45:02,CHEK,Check-Cap Ltd.,Nasdaq,LULD pause,2025-09-15,09:50:02
2025-09-15,09:39:30,CHEK,Check-Cap Ltd.,Nasdaq,LULD pause,2025-09-15,09:44:30
2025-09-15,09:37:51,ATCH,"""AtlasClear Holdings, Inc.""",NYSE American,LULD pause,2025-09-15,09:42:51
2025-09-15,09:36:21,NAOV,"""NanoVibronix, Inc. Common Stock""",Nasdaq,LULD pause,2025-09-15,09:41:21
2025-09-15,09:35:14,BDVL,iShares Disciplined Volatility Equity Active ETF,Nasdaq,LULD pause,2025-09-15,09:45:14
2025-09-15,09:32:34,ATCH,"""AtlasClear Holdings, Inc.""",NYSE American,LULD pause,2025-09-15,09:37:34
2025-09-15,09:31:55,CHEK,Check-Cap Ltd.,Nasdaq,LULD pause,2025-09-15,09:36:55
2025-09-15,09:31:49,RELI,"""Reliance Global Group, Inc. Common Stock""",Nasdaq,LULD pause,2025-09-15,09:36:49
2025-09-15,09:31:37,HSDT,"""Helius Medical Technologies, Inc. Class A Common Stock (DE)""",Nasdaq,LULD pause,2025-09-15,09:41:37
2025-09-15,09:31:19,DMYY U,"""dMY Squared Technology Group, Inc. Units, each consisting of one share of Class A common stock and one-half of one redeemable warrant""",NYSE American,LULD pause,2025-09-15,09:36:19
2025-09-15,07:55:00,BRY,Berry Corporation (bry) Common Stock,Nasdaq,News pending,2025-09-15,08:20:00
2025-09-15,07:25:00,ATYR,"""aTyr Pharma, Inc. Common Stock""",Nasdaq,News pending,2025-09-15,08:05:01
2025-09-12,19:50:00,CLSD,"""Clearside Biomedical, Inc. Common Stock""",Nasdaq,News pending,2025-09-15,09:05:00
2025-09-12,19:50:00,CLSD,"""Clearside Biomedical, Inc. Common Stock""",Nasdaq,News pending,,
2025-09-12,19:50:00,SDOT,Sadot Group Inc. Common Stock,Nasdaq,News pending,,
2025-09-12,19:50:00,SDOT,Sadot Group Inc. Common Stock,Nasdaq,News pending,2025-09-15,09:00:00
2025-09-12,19:50:00,BDSX,"""Biodesix, Inc. Common Stock""",Nasdaq,News pending,,
2025-09-12,19:50:00,BDSX,"""Biodesix, Inc. Common Stock""",Nasdaq,News pending,2025-09-15,09:00:00
2025-09-12,15:21:53,FOFO,"""Hang Feng Technology Innovation Co., Ltd. Ordinary Shares""",Nasdaq,LULD pause,2025-09-12,15:26:53
2025-09-12,15:14:29,FOFO,"""Hang Feng Technology Innovation Co., Ltd. Ordinary Shares""",Nasdaq,LULD pause,2025-09-12,15:19:29
2025-09-12,15:08:49,FOFO,"""Hang Feng Technology Innovation Co., Ltd. Ordinary Shares""",Nasdaq,LULD pause,2025-09-12,15:13:49
2025-09-12,15:07:22,CIIT,"""Tianci International, Inc. Common Stock""",Nasdaq,LULD pause,2025-09-12,15:12:22
2025-09-12,14:59:16,FOFO,"""Hang Feng Technology Innovation Co., Ltd. Ordinary Shares""",Nasdaq,LULD pause,2025-09-12,15:04:16
2025-09-12,14:37:10,CIIT,"""Tianci International, Inc. Common Stock""",Nasdaq,LULD pause,2025-09-12,14:42:10
2025-09-12,14:31:10,FOFO,"""Hang Feng Technology Innovation Co., Ltd. Ordinary Shares""",Nasdaq,LULD pause,2025-09-12,14:41:10
2025-09-12,14:04:24,FOFO,"""Hang Feng Technology Innovation Co., Ltd. Ordinary Shares""",Nasdaq,LULD pause,2025-09-12,14:14:25
2025-09-12,13:59:04,FOFO,"""Hang Feng Technology Innovation Co., Ltd. Ordinary Shares""",Nasdaq,LULD pause,2025-09-12,14:04:04
2025-09-12,13:51:52,GEMI,"""Gemini Space Station, Inc. Class A Common Stock""",Nasdaq,LULD pause,2025-09-12,14:01:52
2025-09-12,13:50:32,FOFO,"""Hang Feng Technology Innovation Co., Ltd. Ordinary Shares""",Nasdaq,LULD pause,2025-09-12,13:55:32
2025-09-12,13:41:16,BGMSP,"""Bio Green Med Solution, Inc. 6% Convertible Preferred Stock""",Nasdaq,LULD pause,2025-09-12,13:46:16
2025-09-12,13:41:09,GEMI,"""Gemini Space Station, Inc. Class A Common Stock""",Nasdaq,LULD pause,2025-09-12,13:51:10
2025-09-12,13:40:12,ATMV,AlphaVest Acquisition Corp Ordinary Shares,Nasdaq,LULD pause,2025-09-12,13:50:12
2025-09-12,12:24:23,OST,"""Ostin Technology Group Co., Ltd. Class A Ordinary Shares""",Nasdaq,News pending,,
2025-09-12,12:24:23,OST,"""Ostin Technology Group Co., Ltd. Class A Ordinary Shares""",Nasdaq,News Pending,,
2025-09-12,12:21:51,MFI,mF International Limited Class A Ordinary Shares,Nasdaq,LULD pause,2025-09-12,12:26:51
2025-09-12,12:14:13,MFI,mF International Limited Class A Ordinary Shares,Nasdaq,LULD pause,2025-09-12,12:19:13
2025-09-12,12:12:50,GCTK,"""GlucoTrack, Inc. Common Stock""",Nasdaq,LULD pause,2025-09-12,12:17:50
2025-09-12,12:08:52,MFI,mF International Limited Class A Ordinary Shares,Nasdaq,LULD pause,2025-09-12,12:13:52
2025-09-12,12:07:44,FOFO,"""Hang Feng Technology Innovation Co., Ltd. Ordinary Shares""",Nasdaq,LULD pause,2025-09-12,12:17:44
2025-09-12,12:02:02,FOFO,"""Hang Feng Technology Innovation Co., Ltd. Ordinary Shares""",Nasdaq,LULD pause,2025-09-12,12:07:02
2025-09-12,11:50:36,FOFO,"""Hang Feng Technology Innovation Co., Ltd. Ordinary Shares""",Nasdaq,LULD pause,2025-09-12,12:00:36
2025-09-12,11:44:54,FOFO,"""Hang Feng Technology Innovation Co., Ltd. Ordinary Shares""",Nasdaq,LULD pause,2025-09-12,11:49:54
2025-09-12,11:39:23,FOFO,"""Hang Feng Technology Innovation Co., Ltd. Ordinary Shares""",Nasdaq,LULD pause,2025-09-12,11:44:23
2025-09-12,11:28:54,FOFO,"""Hang Feng Technology Innovation Co., Ltd. Ordinary Shares""",Nasdaq,LULD pause,2025-09-12,11:38:54
2025-09-12,11:16:31,ATMV,AlphaVest Acquisition Corp Ordinary Shares,Nasdaq,LULD pause,2025-09-12,11:21:31
2025-09-12,11:14:45,FOFO,"""Hang Feng Technology Innovation Co., Ltd. Ordinary Shares""",Nasdaq,LULD pause,2025-09-12,11:24:46
2025-09-12,11:07:23,MSC,"""Studio City International Holdings Limited American depositary shares, each representing four Class A ordinary shares""",NYSE,LULD pause,2025-09-12,11:12:23
2025-09-12,11:07:18,ANGX,"""Angel Studios, Inc.""",NYSE,LULD pause,2025-09-12,11:12:22
2025-09-12,10:48:54,HTLM,HomesToLife Ltd Ordinary Shares,Nasdaq,LULD pause,2025-09-12,10:53:54
2025-09-12,10:38:27,BGMSP,"""Bio Green Med Solution, Inc. 6% Convertible Preferred Stock""",Nasdaq,LULD pause,2025-09-12,10:48:27
2025-09-12,10:26:30,DMYY U,"""dMY Squared Technology Group, Inc. Units, each consisting of one share of Class A common stock and one-half of one redeemable warrant""",NYSE American,LULD pause,2025-09-12,10:31:30
2025-09-12,10:25:53,WLDS,Wearable Devices Ltd. Ordinary Share,Nasdaq,LULD pause,2025-09-12,10:30:53
2025-09-12,10:16:23,BGMSP,"""Bio Green Med Solution, Inc. 6% Convertible Preferred Stock""",Nasdaq,LULD pause,2025-09-12,10:21:23
2025-09-12,10:06:30,SDM,Smart Digital Group Limited Ordinary Shares,Nasdaq,LULD pause,2025-09-12,10:11:30
2025-09-12,09:48:40,QMMM,QMMM Holdings Limited Class A Ordinary Shares,Nasdaq,LULD pause,2025-09-12,09:53:40
2025-09-12,09:47:42,RDIB,"""Reading International, Inc (Class B""",Nasdaq,LULD pause,2025-09-12,09:57:42
2025-09-12,09:46:09,RAIN,"""Rain Enhancement Technologies Holdco, Inc. Class A Common Stock""",Nasdaq,LULD pause,2025-09-12,09:56:09
2025-09-12,09:45:16,LUD,Luda Technology Group Limited,NYSE American,LULD pause,2025-09-12,09:50:16
2025-09-12,09:43:18,COCP,"""Cocrystal Pharma, Inc. Common Stock""",Nasdaq,LULD pause,2025-09-12,09:53:18
2025-09-12,09:42:27,RDIB,"""Reading International, Inc (Class B""",Nasdaq,LULD pause,2025-09-12,09:47:27
2025-09-12,09:40:48,ORBS,Eightco Holdings Inc. Common Stock,Nasdaq,LULD pause,2025-09-12,09:45:48
2025-09-12,09:40:20,GCTK,"""GlucoTrack, Inc. Common Stock""",Nasdaq,LULD pause,2025-09-12,09:50:21
2025-09-12,09:34:45,GCTK,"""GlucoTrack, Inc. Common Stock""",Nasdaq,LULD pause,2025-09-12,09:39:45
2025-09-12,09:33:49,ELOG,Eastern International Ltd. Ordinary Shares,Nasdaq,LULD pause,2025-09-12,09:38:49
2025-09-12,09:31:55,FORD,Forward Industries Inc-N Y,Nasdaq,LULD pause,2025-09-12,09:36:55
2025-09-12,09:30:55,EPSM,Epsium Enterprise Limited Class A Ordinary Shares,Nasdaq,LULD pause,2025-09-12,09:40:55
2025-09-12,08:29:55,SKX,"""Skechers U.S.A., Inc.""",NYSE,Merger Effective,,
2025-09-12,08:25:06,OLO,Olo Inc.,NYSE,Merger Effective,,
2025-09-11,15:55:28,RAIN,"""Rain Enhancement Technologies Holdco, Inc. Class A Common Stock""",Nasdaq,LULD pause,2025-09-11,16:00:00
2025-09-11,15:39:00,ZGM,Zenta Group Company Limited Ordinary Shares,Nasdaq,LULD pause,2025-09-11,15:44:00
2025-09-11,15:20:04,ZGM,Zenta Group Company Limited Ordinary Shares,Nasdaq,LULD pause,2025-09-11,15:25:04
2025-09-11,15:14:46,ZGM,Zenta Group Company Limited Ordinary Shares,Nasdaq,LULD pause,2025-09-11,15:19:46
2025-09-11,15:09:15,ZGM,Zenta Group Company Limited Ordinary Shares,Nasdaq,LULD pause,2025-09-11,15:14:15
2025-09-11,15:03:45,ZGM,Zenta Group Company Limited Ordinary Shares,Nasdaq,LULD pause,2025-09-11,15:08:45
2025-09-11,14:54:48,LIVE,Live Ventures Inc,Nasdaq,LULD pause,2025-09-11,14:59:48
2025-09-11,14:42:01,ZGM,Zenta Group Company Limited Ordinary Shares,Nasdaq,LULD pause,2025-09-11,15:02:02
2025-09-11,14:41:12,LIVE,Live Ventures Inc,Nasdaq,LULD pause,2025-09-11,14:46:12
2025-09-11,14:36:04,FCO,"""abrdn Global Income Fund, Inc.""",NYSE American,LULD pause,2025-09-11,14:41:04
2025-09-11,14:26:33,ZGM,Zenta Group Company Limited Ordinary Shares,Nasdaq,LULD pause,2025-09-11,14:41:34
2025-09-11,14:26:30,QMMM,QMMM Holdings Limited Class A Ordinary Shares,Nasdaq,LULD pause,2025-09-11,14:31:30
2025-09-11,14:21:02,ZGM,Zenta Group Company Limited Ordinary Shares,Nasdaq,LULD pause,2025-09-11,14:26:02
2025-09-11,14:19:41,QMMM,QMMM Holdings Limited Class A Ordinary Shares,Nasdaq,LULD pause,2025-09-11,14:24:41
2025-09-11,14:16:00,ENGS,Energys Group Limited Ordinary Shares,Nasdaq,LULD pause,2025-09-11,14:21:00
2025-09-11,14:09:33,ZGM,Zenta Group Company Limited Ordinary Shares,Nasdaq,LULD pause,2025-09-11,14:20:43
2025-09-11,14:06:10,QMMM,QMMM Holdings Limited Class A Ordinary Shares,Nasdaq,LULD pause,2025-09-11,14:16:10
2025-09-11,14:03:32,ZGM,Zenta Group Company Limited Ordinary Shares,Nasdaq,LULD pause,2025-09-11,14:08:32
2025-09-11,13:13:46,FCO,"""abrdn Global Income Fund, Inc.""",NYSE American,News pending,2025-09-11,14:35:00
2025-09-11,13:13:46,FAX,"""abrdn Asia-Pacific Income Fund, Inc""",NYSE American,News pending,2025-09-11,14:25:00
2025-09-11,12:47:43,ATMV,AlphaVest Acquisition Corp Ordinary Shares,Nasdaq,LULD pause,2025-09-11,12:52:43
2025-09-11,11:34:07,ATMV,AlphaVest Acquisition Corp Ordinary Shares,Nasdaq,LULD pause,2025-09-11,11:44:07
2025-09-11,11:07:20,ATMVU,AlphaVest Acquisition Corp Unit,Nasdaq,LULD pause,2025-09-11,11:17:20
2025-09-11,11:02:04,MSC,"""Studio City International Holdings Limited American depositary shares, each representing four Class A ordinary shares""",NYSE,LULD pause,2025-09-11,11:07:13
2025-09-11,10:59:39,SLXN,Silexion Therapeutics Corp Ordinary Shares,Nasdaq,LULD pause,2025-09-11,11:04:39
2025-09-11,10:55:54,MSC,"""Studio City International Holdings Limited American depositary shares, each representing four Class A ordinary shares""",NYSE,LULD pause,2025-09-11,11:01:03
2025-09-11,10:50:13,MSC,"""Studio City International Holdings Limited American depositary shares, each representing four Class A ordinary shares""",NYSE,LULD pause,2025-09-11,10:55:23
2025-09-11,10:44:32,MSC,"""Studio City International Holdings Limited American depositary shares, each representing four Class A ordinary shares""",NYSE,LULD pause,2025-09-11,10:49:38
2025-09-11,10:42:57,SIM,"""Groupo Simec, S.A.B de C.V.""",NYSE American,LULD pause,2025-09-11,10:47:57
2025-09-11,10:37:35,MSC,"""Studio City International Holdings Limited American depositary shares, each representing four Class A ordinary shares""",NYSE,LULD pause,2025-09-11,10:42:39
2025-09-11,10:37:20,WLDS,Wearable Devices Ltd. Ordinary Share,Nasdaq,LULD pause,2025-09-11,10:42:20
2025-09-11,10:27:34,WLDS,Wearable Devices Ltd. Ordinary Share,Nasdaq,LULD pause,2025-09-11,10:32:34
2025-09-11,10:25:08,MSC,"""Studio City International Holdings Limited American depositary shares, each representing four Class A ordinary shares""",NYSE,LULD pause,2025-09-11,10:30:13
2025-09-11,10:19:40,MSC,"""Studio City International Holdings Limited American depositary shares, each representing four Class A ordinary shares""",NYSE,LULD pause,2025-09-11,10:24:40
2025-09-11,10:11:09,MIMI,Mint Incorporation Limited Class A Ordinary Shares,Nasdaq,LULD pause,2025-09-11,10:21:09
2025-09-11,09:58:19,ANGX,"""Angel Studios, Inc.""",NYSE,LULD pause,2025-09-11,10:03:30
2025-09-11,09:50:34,ANGX,"""Angel Studios, Inc.""",NYSE,LULD pause,2025-09-11,09:55:35
2025-09-11,09:50:14,MOGU,"""MOGU Inc. American Depositary Shares, each representing three-hundred (300) Class A Ordinary Shares""",NYSE,LULD pause,2025-09-11,09:55:16
2025-09-11,09:42:16,SLXN,Silexion Therapeutics Corp Ordinary Shares,Nasdaq,LULD pause,2025-09-11,09:52:16
2025-09-11,09:41:37,LUD,Luda Technology Group Limited,NYSE American,LULD pause,2025-09-11,09:51:37
2025-09-11,09:40:04,IBUY,Amplify Online Retail ETF,NYSE Arca,LULD pause,2025-09-11,09:45:04
2025-09-11,09:39:57,ANGX,"""Angel Studios, Inc.""",NYSE,LULD pause,2025-09-11,09:44:57
2025-09-11,09:38:56,SBLX,"""StableX Technologies, Inc. Common Stock""",Nasdaq,LULD pause,2025-09-11,09:43:56
2025-09-11,09:34:11,ATMV,AlphaVest Acquisition Corp Ordinary Shares,Nasdaq,LULD pause,2025-09-11,09:39:11
2025-09-11,09:33:26,SNTG,Sentage Holdings Inc. Class A Ordinary Shares,Nasdaq,LULD pause,2025-09-11,09:43:26
2025-09-11,09:31:49,RADX,Radiopharm Theranostics Limited American Depositary Shares,Nasdaq,LULD pause,2025-09-11,09:36:49
2025-09-11,09:30:59,SLXN,Silexion Therapeutics Corp Ordinary Shares,Nasdaq,LULD pause,2025-09-11,09:41:00
2025-09-11,08:00:00,VRME,"""VerifyMe, Inc. Common Stock""",Nasdaq,News pending,2025-09-11,08:25:00
2025-09-10,19:50:00,DRRX,Durect Corp,Nasdaq,News pending,,
2025-09-10,15:52:43,MRNO,Murano Global Investments PLC Ordinary Shares,Nasdaq,LULD pause,2025-09-10,16:00:00
2025-09-10,15:41:50,QMMM,QMMM Holdings Limited Class A Ordinary Shares,Nasdaq,LULD pause,2025-09-10,15:46:50
2025-09-10,15:36:33,QMMM,QMMM Holdings Limited Class A Ordinary Shares,Nasdaq,LULD pause,2025-09-10,15:41:33
2025-09-10,15:30:37,KIDZ,"""Classover Holdings, Inc. Class B Common Stock""",Nasdaq,LULD pause,2025-09-10,15:35:37
2025-09-10,15:25:59,QMMM,QMMM Holdings Limited Class A Ordinary Shares,Nasdaq,LULD pause,2025-09-10,15:35:59
2025-09-10,13:40:40,ATMVU,AlphaVest Acquisition Corp Unit,Nasdaq,LULD pause,2025-09-10,13:45:40
2025-09-10,13:39:37,EDHL,Everbright Digital Holding Limited Ordinary Shares,Nasdaq,LULD pause,2025-09-10,13:44:37
2025-09-10,13:33:44,EDHL,Everbright Digital Holding Limited Ordinary Shares,Nasdaq,LULD pause,2025-09-10,13:38:44
2025-09-10,13:21:04,EDHL,Everbright Digital Holding Limited Ordinary Shares,Nasdaq,LULD pause,2025-09-10,13:26:04
2025-09-10,13:07:07,EDHL,Everbright Digital Holding Limited Ordinary Shares,Nasdaq,LULD pause,2025-09-10,13:17:07
2025-09-10,13:00:42,EDHL,Everbright Digital Holding Limited Ordinary Shares,Nasdaq,LULD pause,2025-09-10,13:05:42
2025-09-10,12:58:03,QMMM,QMMM Holdings Limited Class A Ordinary Shares,Nasdaq,LULD pause,2025-09-10,13:03:03
2025-09-10,12:45:32,EDHL,Everbright Digital Holding Limited Ordinary Shares,Nasdaq,LULD pause,2025-09-10,12:50:32
2025-09-10,12:17:52,CIGL,Concorde International Group Ltd Class A Ordinary Shares,Nasdaq,LULD pause,2025-09-10,12:22:52
2025-09-10,12:14:54,WLDS,Wearable Devices Ltd. Ordinary Share,Nasdaq,LULD pause,2025-09-10,12:19:54
2025-09-10,12:11:47,AGMH,AGM Group Holdings Inc. Class A Ordinary Shares,Nasdaq,LULD pause,2025-09-10,12:16:47
2025-09-10,11:59:54,AGMH,AGM Group Holdings Inc. Class A Ordinary Shares,Nasdaq,LULD pause,2025-09-10,12:09:54
2025-09-10,11:51:46,SAIH,SAIHEAT Limited Class A Ordinary Shares,Nasdaq,LULD pause,2025-09-10,11:56:46
2025-09-10,11:40:40,TOP,TOP Financial Group Limited Class A Ordinary Shares,Nasdaq,LULD pause,2025-09-10,11:45:40
2025-09-10,11:30:45,AMBR,Amber International Holding Limited American Depositary Shares,Nasdaq,LULD pause,2025-09-10,11:55:45
2025-09-10,11:29:55,HUDI,"""Huadi International Group Co., Ltd. Ordinary Shares""",Nasdaq,LULD pause,2025-09-10,11:34:55
2025-09-10,11:29:55,TOP,TOP Financial Group Limited Class A Ordinary Shares,Nasdaq,LULD pause,2025-09-10,11:39:55
2025-09-10,11:26:13,PLUR,Pluri Inc. Common Stock,Nasdaq,LULD pause,2025-09-10,11:31:13
2025-09-10,11:14:06,HUDI,"""Huadi International Group Co., Ltd. Ordinary Shares""",Nasdaq,LULD pause,2025-09-10,11:19:06
2025-09-10,11:12:42,DGNX,Diginex Limited Ordinary Shares,Nasdaq,LULD pause,2025-09-10,11:25:40
2025-09-10,11:01:40,HUDI,"""Huadi International Group Co., Ltd. Ordinary Shares""",Nasdaq,LULD pause,2025-09-10,11:11:40
2025-09-10,11:01:07,ABLV,Able View Global Inc. Class B Ordinary Shares,Nasdaq,LULD pause,2025-09-10,11:11:07
2025-09-10,11:00:55,ATMV,AlphaVest Acquisition Corp Ordinary Shares,Nasdaq,LULD pause,2025-09-10,11:05:55
2025-09-10,10:59:27,QMMM,QMMM Holdings Limited Class A Ordinary Shares,Nasdaq,LULD pause,2025-09-10,11:04:27
2025-09-10,10:55:59,HUDI,"""Huadi International Group Co., Ltd. Ordinary Shares""",Nasdaq,LULD pause,2025-09-10,11:00:59
2025-09-10,10:52:24,QMMM,QMMM Holdings Limited Class A Ordinary Shares,Nasdaq,LULD pause,2025-09-10,10:57:24
2025-09-10,10:50:31,HUDI,"""Huadi International Group Co., Ltd. Ordinary Shares""",Nasdaq,LULD pause,2025-09-10,10:55:31
2025-09-10,10:50:24,CGTL,Creative Global Technology Holdings Limited Class A Ordinary Shares,Nasdaq,LULD pause,2025-09-10,10:55:24
2025-09-10,10:48:30,NTZ,"""Natuzzi, S.p.A""",NYSE,LULD pause,2025-09-10,10:53:30
2025-09-10,10:45:21,WATT,Energous Corporation,Nasdaq,LULD pause,2025-09-10,10:55:21
2025-09-10,10:44:24,CGTL,Creative Global Technology Holdings Limited Class A Ordinary Shares,Nasdaq,LULD pause,2025-09-10,10:49:24
2025-09-10,10:40:20,QMMM,QMMM Holdings Limited Class A Ordinary Shares,Nasdaq,LULD pause,2025-09-10,10:50:20
2025-09-10,10:37:39,GLTO,"""Galecto, Inc. Common Stock""",Nasdaq,LULD pause,2025-09-10,10:47:39
2025-09-10,10:37:08,CGTL,Creative Global Technology Holdings Limited Class A Ordinary Shares,Nasdaq,LULD pause,2025-09-10,10:42:08
2025-09-10,10:34:04,CUPR,Cuprina Holdings (Cayman) Limited Class A Ordinary Shares,Nasdaq,LULD pause,2025-09-10,10:39:04
2025-09-10,10:33:38,DGNX,Diginex Limited Ordinary Shares,Nasdaq,LULD pause,2025-09-10,10:38:38
2025-09-10,10:30:34,ASST,Asset Entities Inc. Class B Common Stock,Nasdaq,LULD pause,2025-09-10,10:35:34
2025-09-10,10:27:40,ATMV,AlphaVest Acquisition Corp Ordinary Shares,Nasdaq,LULD pause,2025-09-10,10:37:41
2025-09-10,10:23:36,CUPR,Cuprina Holdings (Cayman) Limited Class A Ordinary Shares,Nasdaq,LULD pause,2025-09-10,10:28:36
2025-09-10,10:21:16,EDHL,Everbright Digital Holding Limited Ordinary Shares,Nasdaq,LULD pause,2025-09-10,10:31:16
2025-09-10,10:18:47,QMMM,QMMM Holdings Limited Class A Ordinary Shares,Nasdaq,LULD pause,2025-09-10,10:28:47
2025-09-10,10:18:06,ASST,Asset Entities Inc. Class B Common Stock,Nasdaq,LULD pause,2025-09-10,10:28:06
2025-09-10,10:17:19,CUPR,Cuprina Holdings (Cayman) Limited Class A Ordinary Shares,Nasdaq,LULD pause,2025-09-10,10:22:19
2025-09-10,10:15:42,EDHL,Everbright Digital Holding Limited Ordinary Shares,Nasdaq,LULD pause,2025-09-10,10:20:42
2025-09-10,10:11:53,CUPR,Cuprina Holdings (Cayman) Limited Class A Ordinary Shares,Nasdaq,LULD pause,2025-09-10,10:16:53
2025-09-10,10:10:39,ASST,Asset Entities Inc. Class B Common Stock,Nasdaq,LULD pause,2025-09-10,10:15:39
2025-09-10,10:06:45,GLE,Global Engine Group Holding Limited Class A Ordinary Shares,Nasdaq,LULD pause,2025-09-10,10:11:45
2025-09-10,10:06:34,CUPR,Cuprina Holdings (Cayman) Limited Class A Ordinary Shares,Nasdaq,LULD pause,2025-09-10,10:11:34
2025-09-10,10:04:33,EONR WS,"""EON Resources Inc. Warrants, each whole warrant exercisable for three quarters of one share of Class A Common Stock at an exercise price of $11.50 per""",NYSE American,News pending,2025-09-10,10:45:00
2025-09-10,10:04:33,EONR,EON Resources Inc.,NYSE American,News pending,2025-09-10,10:45:00
2025-09-10,10:03:44,ATMV,AlphaVest Acquisition Corp Ordinary Shares,Nasdaq,LULD pause,2025-09-10,10:13:44
2025-09-10,10:00:54,CUPR,Cuprina Holdings (Cayman) Limited Class A Ordinary Shares,Nasdaq,LULD pause,2025-09-10,10:05:54
2025-09-10,09:58:46,EPSM,Epsium Enterprise Limited Class A Ordinary Shares,Nasdaq,LULD pause,2025-09-10,10:03:46
2025-09-10,09:58:32,ASST,Asset Entities Inc. Class B Common Stock,Nasdaq,LULD pause,2025-09-10,10:03:32
2025-09-10,09:55:32,FMFC,Kandal M Venture Limited Class A Ordinary Shares,Nasdaq,LULD pause,2025-09-10,10:05:32
2025-09-10,09:54:27,QMMM,QMMM Holdings Limited Class A Ordinary Shares,Nasdaq,LULD pause,2025-09-10,10:04:28
2025-09-10,09:53:13,MIMI,Mint Incorporation Limited Class A Ordinary Shares,Nasdaq,LULD pause,2025-09-10,09:58:13
2025-09-10,09:52:09,YYGH,YY Group Holding Limited Class A Ordinary Shares,Nasdaq,LULD pause,2025-09-10,09:57:09
2025-09-10,09:51:44,EPSM,Epsium Enterprise Limited Class A Ordinary Shares,Nasdaq,LULD pause,2025-09-10,09:56:44
2025-09-10,09:51:19,DGNX,Diginex Limited Ordinary Shares,Nasdaq,LULD pause,2025-09-10,09:56:19
2025-09-10,09:50:12,FMFC,Kandal M Venture Limited Class A Ordinary Shares,Nasdaq,LULD pause,2025-09-10,09:55:12
2025-09-10,09:50:00,CUPR,Cuprina Holdings (Cayman) Limited Class A Ordinary Shares,Nasdaq,LULD pause,2025-09-10,09:55:00
2025-09-10,09:49:14,SNTG,Sentage Holdings Inc. Class A Ordinary Shares,Nasdaq,LULD pause,2025-09-10,09:59:15
2025-09-10,09:49:02,QMMM,QMMM Holdings Limited Class A Ordinary Shares,Nasdaq,LULD pause,2025-09-10,09:54:02
2025-09-10,09:47:04,GLE,Global Engine Group Holding Limited Class A Ordinary Shares,Nasdaq,LULD pause,2025-09-10,09:57:04
2025-09-10,09:45:34,ASST,Asset Entities Inc. Class B Common Stock,Nasdaq,LULD pause,2025-09-10,09:55:34
2025-09-10,09:42:49,WLDS,Wearable Devices Ltd. Ordinary Share,Nasdaq,LULD pause,2025-09-10,09:47:49
2025-09-10,09:42:44,CUPR,Cuprina Holdings (Cayman) Limited Class A Ordinary Shares,Nasdaq,LULD pause,2025-09-10,09:47:44
2025-09-10,09:42:36,YYGH,YY Group Holding Limited Class A Ordinary Shares,Nasdaq,LULD pause,2025-09-10,09:47:36
2025-09-10,09:41:58,DGNX,Diginex Limited Ordinary Shares,Nasdaq,LULD pause,2025-09-10,09:46:58
2025-09-10,09:41:42,GLE,Global Engine Group Holding Limited Class A Ordinary Shares,Nasdaq,LULD pause,2025-09-10,09:46:42
2025-09-10,09:40:51,QMMM,QMMM Holdings Limited Class A Ordinary Shares,Nasdaq,LULD pause,2025-09-10,09:45:51
2025-09-10,09:39:49,RBNE,Robin Energy Ltd. Common Stock,Nasdaq,LULD pause,2025-09-10,09:44:49
2025-09-10,09:38:56,SNTG,Sentage Holdings Inc. Class A Ordinary Shares,Nasdaq,LULD pause,2025-09-10,09:48:59
2025-09-10,09:38:37,AEHL,Antelope Enterprise Holdings Limited Class A Ordinary Shares,Nasdaq,LULD pause,2025-09-10,09:48:37
2025-09-10,09:38:27,MIMI,Mint Incorporation Limited Class A Ordinary Shares,Nasdaq,LULD pause,2025-09-10,09:43:27
2025-09-10,09:38:26,EPSM,Epsium Enterprise Limited Class A Ordinary Shares,Nasdaq,LULD pause,2025-09-10,09:43:26
2025-09-10,09:37:22,ATMV,AlphaVest Acquisition Corp Ordinary Shares,Nasdaq,LULD pause,2025-09-10,09:57:22
2025-09-10,09:36:06,WLDS,Wearable Devices Ltd. Ordinary Share,Nasdaq,LULD pause,2025-09-10,09:41:06
2025-09-10,09:34:36,DGNX,Diginex Limited Ordinary Shares,Nasdaq,LULD pause,2025-09-10,09:39:36
2025-09-10,09:33:59,UFG,Uni-Fuels Holdings Limited Class A Ordinary Shares,Nasdaq,LULD pause,2025-09-10,09:38:59
2025-09-10,09:33:52,BHST,BioHarvest Sciences Inc. Common Stock,Nasdaq,LULD pause,2025-09-10,09:38:52
2025-09-10,09:31:43,AEHL,Antelope Enterprise Holdings Limited Class A Ordinary Shares,Nasdaq,LULD pause,2025-09-10,09:36:43
2025-09-10,09:31:40,CUPR,Cuprina Holdings (Cayman) Limited Class A Ordinary Shares,Nasdaq,LULD pause,2025-09-10,09:41:40
2025-09-10,09:31:10,GLE,Global Engine Group Holding Limited Class A Ordinary Shares,Nasdaq,LULD pause,2025-09-10,09:36:10
2025-09-10,09:30:34,WLDS,Wearable Devices Ltd. Ordinary Share,Nasdaq,LULD pause,2025-09-10,09:35:34
2025-09-10,09:30:33,QMMM,QMMM Holdings Limited Class A Ordinary Shares,Nasdaq,LULD pause,2025-09-10,09:40:33
2025-09-10,08:42:25,VMEO,"""Vimeo, Inc. Common Stock""",Nasdaq,News pending,2025-09-10,09:55:00
2025-09-10,07:55:00,PBPB,Potbelly Corporation Common Stock,Nasdaq,News pending,2025-09-10,08:25:01
2025-09-10,04:00:00,AGNCZ,AGNC Investment Corp. 8.75% Series H Fixed-Rate Cumulative Redeemable Preferred Stock,Nasdaq,News pending,2025-09-10,10:05:00
2025-09-09,19:50:00,STKH,Steakholder Foods Ltd. American Depositary Shares,Nasdaq,News pending,,
2025-09-09,19:50:00,STKH,Steakholder Foods Ltd. American Depositary Shares,Nasdaq,News pending,2025-09-10,09:00:00
2025-09-09,15:58:10,STEC,Santech Holdings Limited American Depositary Shares,Nasdaq,LULD pause,2025-09-09,16:00:00
2025-09-09,15:55:38,ISPC,iSpecimen Inc. Common Stock,Nasdaq,LULD pause,2025-09-09,16:00:00
2025-09-09,15:55:08,NAKA,"""Kindly MD, Inc. Common Stock""",Nasdaq,LULD pause,2025-09-09,16:00:00
2025-09-09,15:50:25,RECT,Rectitude Holdings Ltd Ordinary Shares,Nasdaq,LULD pause,2025-09-09,16:00:00
2025-09-09,15:46:08,UFG,Uni-Fuels Holdings Limited Class A Ordinary Shares,Nasdaq,LULD pause,2025-09-09,16:00:00
2025-09-09,15:44:50,EPSM,Epsium Enterprise Limited Ordinary Shares,Nasdaq,LULD pause,2025-09-09,16:00:00
2025-09-09,15:44:15,QMMM,QMMM Holdings Limited Class A Ordinary Shares,Nasdaq,LULD pause,2025-09-09,16:00:00
2025-09-09,15:43:29,ISPC,iSpecimen Inc. Common Stock,Nasdaq,LULD pause,2025-09-09,15:48:29
2025-09-09,15:38:37,QMMM,QMMM Holdings Limited Class A Ordinary Shares,Nasdaq,LULD pause,2025-09-09,15:43:37
2025-09-09,15:35:30,UFG,Uni-Fuels Holdings Limited Class A Ordinary Shares,Nasdaq,LULD pause,2025-09-09,15:45:39
2025-09-09,15:33:24,STEC,Santech Holdings Limited American Depositary Shares,Nasdaq,LULD pause,2025-09-09,15:43:24
2025-09-09,15:32:12,CDTG,CDT Environmental Technology Investment Holdings Limited ordinary shares,Nasdaq,LULD pause,2025-09-09,15:37:12
2025-09-09,15:31:48,SNTG,Sentage Holdings Inc. Class A Ordinary Shares,Nasdaq,LULD pause,2025-09-09,15:36:48
2025-09-09,15:30:17,EPSM,Epsium Enterprise Limited Ordinary Shares,Nasdaq,LULD pause,2025-09-09,15:44:33
2025-09-09,15:29:35,ISPC,iSpecimen Inc. Common Stock,Nasdaq,LULD pause,2025-09-09,15:39:35
2025-09-09,15:28:01,STEC,Santech Holdings Limited American Depositary Shares,Nasdaq,LULD pause,2025-09-09,15:33:01
2025-09-09,15:25:57,QMMM,QMMM Holdings Limited Class A Ordinary Shares,Nasdaq,LULD pause,2025-09-09,15:38:14
2025-09-09,15:24:31,ENGS,Energys Group Limited Ordinary Shares,Nasdaq,LULD pause,2025-09-09,15:34:31
2025-09-09,15:22:18,STEC,Santech Holdings Limited American Depositary Shares,Nasdaq,LULD pause,2025-09-09,15:27:18
2025-09-09,15:22:04,ISPC,iSpecimen Inc. Common Stock,Nasdaq,LULD pause,2025-09-09,15:27:04
2025-09-09,15:19:50,EPSM,Epsium Enterprise Limited Ordinary Shares,Nasdaq,LULD pause,2025-09-09,15:29:57
2025-09-09,15:17:58,SNTG,Sentage Holdings Inc. Class A Ordinary Shares,Nasdaq,LULD pause,2025-09-09,15:27:58
2025-09-09,15:17:05,CHSN,Chanson International Holding Class A Ordinary Shares,Nasdaq,LULD pause,2025-09-09,15:22:05
2025-09-09,15:16:50,STEC,Santech Holdings Limited American Depositary Shares,Nasdaq,LULD pause,2025-09-09,15:21:50
2025-09-09,15:15:28,CDTG,CDT Environmental Technology Investment Holdings Limited ordinary shares,Nasdaq,LULD pause,2025-09-09,15:25:28
2025-09-09,15:14:21,ISPC,iSpecimen Inc. Common Stock,Nasdaq,LULD pause,2025-09-09,15:19:21
2025-09-09,15:12:43,ENGS,Energys Group Limited Ordinary Shares,Nasdaq,LULD pause,2025-09-09,15:22:43
2025-09-09,15:12:36,SER,"""Serina Therapeutics, Inc.""",NYSE American,News pending,2025-09-09,16:00:00
2025-09-09,15:11:26,STEC,Santech Holdings Limited American Depositary Shares,Nasdaq,LULD pause,2025-09-09,15:16:26
2025-09-09,15:10:07,CDTG,CDT Environmental Technology Investment Holdings Limited ordinary shares,Nasdaq,LULD pause,2025-09-09,15:15:07
2025-09-09,15:08:47,ISPC,iSpecimen Inc. Common Stock,Nasdaq,LULD pause,2025-09-09,15:13:47
2025-09-09,15:08:36,EPSM,Epsium Enterprise Limited Ordinary Shares,Nasdaq,LULD pause,2025-09-09,15:18:37
2025-09-09,15:05:12,STEC,Santech Holdings Limited American Depositary Shares,Nasdaq,LULD pause,2025-09-09,15:10:12
2025-09-09,15:02:49,ISPC,iSpecimen Inc. Common Stock,Nasdaq,LULD pause,2025-09-09,15:07:49
2025-09-09,14:59:47,STEC,Santech Holdings Limited American Depositary Shares,Nasdaq,LULD pause,2025-09-09,15:04:47
2025-09-09,14:57:53,EPSM,Epsium Enterprise Limited Ordinary Shares,Nasdaq,LULD pause,2025-09-09,15:07:54
2025-09-09,14:56:32,CDTG,CDT Environmental Technology Investment Holdings Limited ordinary shares,Nasdaq,LULD pause,2025-09-09,15:09:46
2025-09-09,14:55:38,QMMM,QMMM Holdings Limited Class A Ordinary Shares,Nasdaq,LULD pause,2025-09-09,15:25:38
2025-09-09,14:52:11,ISPC,iSpecimen Inc. Common Stock,Nasdaq,LULD pause,2025-09-09,15:02:11
2025-09-09,14:50:28,CDTG,CDT Environmental Technology Investment Holdings Limited ordinary shares,Nasdaq,LULD pause,2025-09-09,14:55:28
2025-09-09,14:47:35,EPSM,Epsium Enterprise Limited Ordinary Shares,Nasdaq,LULD pause,2025-09-09,14:57:38
2025-09-09,14:47:13,NAKA,"""Kindly MD, Inc. Common Stock""",Nasdaq,LULD pause,2025-09-09,14:57:13
2025-09-09,14:45:22,QMMM,QMMM Holdings Limited Class A Ordinary Shares,Nasdaq,LULD pause,2025-09-09,14:55:22
2025-09-09,14:41:49,ISPC,iSpecimen Inc. Common Stock,Nasdaq,LULD pause,2025-09-09,14:51:50
2025-09-09,14:39:50,CDTG,CDT Environmental Technology Investment Holdings Limited ordinary shares,Nasdaq,LULD pause,2025-09-09,14:49:50
2025-09-09,14:39:14,QMMM,QMMM Holdings Limited Class A Ordinary Shares,Nasdaq,LULD pause,2025-09-09,14:44:14
2025-09-09,14:38:37,NAKA,"""Kindly MD, Inc. Common Stock""",Nasdaq,LULD pause,2025-09-09,14:43:37
2025-09-09,14:38:18,ENGS,Energys Group Limited Ordinary Shares,Nasdaq,LULD pause,2025-09-09,14:48:18
2025-09-09,14:35:44,EPSM,Epsium Enterprise Limited Ordinary Shares,Nasdaq,LULD pause,2025-09-09,14:45:48
2025-09-09,14:34:35,CDTG,CDT Environmental Technology Investment Holdings Limited ordinary shares,Nasdaq,LULD pause,2025-09-09,14:39:35
2025-09-09,14:31:23,ISPC,iSpecimen Inc. Common Stock,Nasdaq,LULD pause,2025-09-09,14:41:24
2025-09-09,14:29:13,CDTG,CDT Environmental Technology Investment Holdings Limited ordinary shares,Nasdaq,LULD pause,2025-09-09,14:34:13
2025-09-09,14:27:55,QMMM,QMMM Holdings Limited Class A Ordinary Shares,Nasdaq,LULD pause,2025-09-09,14:37:55
2025-09-09,14:23:49,CDTG,CDT Environmental Technology Investment Holdings Limited ordinary shares,Nasdaq,LULD pause,2025-09-09,14:28:49
2025-09-09,14:21:07,ISPC,iSpecimen Inc. Common Stock,Nasdaq,LULD pause,2025-09-09,14:31:07
2025-09-09,14:18:39,QMMM,QMMM Holdings Limited Class A Ordinary Shares,Nasdaq,LULD pause,2025-09-09,14:23:39
2025-09-09,14:17:49,CDTG,CDT Environmental Technology Investment Holdings Limited ordinary shares,Nasdaq,LULD pause,2025-09-09,14:22:49
2025-09-09,14:14:53,ISPC,iSpecimen Inc. Common Stock,Nasdaq,LULD pause,2025-09-09,14:19:53
2025-09-09,14:12:53,QMMM,QMMM Holdings Limited Class A Ordinary Shares,Nasdaq,LULD pause,2025-09-09,14:17:53
2025-09-09,14:11:03,CDTG,CDT Environmental Technology Investment Holdings Limited ordinary shares,Nasdaq,LULD pause,2025-09-09,14:16:03
2025-09-09,14:07:23,QMMM,QMMM Holdings Limited Class A Ordinary Shares,Nasdaq,LULD pause,2025-09-09,14:12:23
2025-09-09,14:01:59,QMMM,QMMM Holdings Limited Class A Ordinary Shares,Nasdaq,LULD pause,2025-09-09,14:06:59
2025-09-09,13:55:09,QMMM,QMMM Holdings Limited Class A Ordinary Shares,Nasdaq,LULD pause,2025-09-09,14:00:09
2025-09-09,13:52:23,CNFR,"""Conifer Holdings, Inc""",Nasdaq,LULD pause,2025-09-09,13:57:23
2025-09-09,13:48:56,QMMM,QMMM Holdings Limited Class A Ordinary Shares,Nasdaq,LULD pause,2025-09-09,13:53:56
2025-09-09,13:46:00,CNFR,"""Conifer Holdings, Inc""",Nasdaq,LULD pause,2025-09-09,13:51:00
2025-09-09,13:39:50,ISPC,iSpecimen Inc. Common Stock,Nasdaq,LULD pause,2025-09-09,13:44:50
2025-09-09,13:37:29,QMMM,QMMM Holdings Limited Class A Ordinary Shares,Nasdaq,LULD pause,2025-09-09,13:47:29
2025-09-09,13:34:04,ISPC,iSpecimen Inc. Common Stock,Nasdaq,LULD pause,2025-09-09,13:39:04
2025-09-09,13:32:13,QMMM,QMMM Holdings Limited Class A Ordinary Shares,Nasdaq,LULD pause,2025-09-09,13:37:13
2025-09-09,13:31:44,CDTG,CDT Environmental Technology Investment Holdings Limited ordinary shares,Nasdaq,LULD pause,2025-09-09,13:36:44
2025-09-09,13:26:27,QMMM,QMMM Holdings Limited Class A Ordinary Shares,Nasdaq,LULD pause,2025-09-09,13:31:27
2025-09-09,13:20:58,QMMM,QMMM Holdings Limited Class A Ordinary Shares,Nasdaq,LULD pause,2025-09-09,13:25:58
2025-09-09,13:16:26,STEC,Santech Holdings Limited American Depositary Shares,Nasdaq,LULD pause,2025-09-09,13:21:26
2025-09-09,13:15:17,ISPC,iSpecimen Inc. Common Stock,Nasdaq,LULD pause,2025-09-09,13:20:17
2025-09-09,13:08:54,STEC,Santech Holdings Limited American Depositary Shares,Nasdaq,LULD pause,2025-09-09,13:13:54
2025-09-09,13:06:22,SAIH,SAIHEAT Limited Class A Ordinary Shares,Nasdaq,LULD pause,2025-09-09,13:11:22
2025-09-09,13:03:12,STEC,Santech Holdings Limited American Depositary Shares,Nasdaq,LULD pause,2025-09-09,13:08:12
2025-09-09,12:57:16,SAIH,SAIHEAT Limited Class A Ordinary Shares,Nasdaq,LULD pause,2025-09-09,13:02:16
2025-09-09,12:50:51,QMMM,QMMM Holdings Limited Class A Ordinary Shares,Nasdaq,LULD pause,2025-09-09,13:20:41
2025-09-09,12:45:35,QMMM,QMMM Holdings Limited Class A Ordinary Shares,Nasdaq,LULD pause,2025-09-09,12:50:35
2025-09-09,12:41:33,CDTG,CDT Environmental Technology Investment Holdings Limited ordinary shares,Nasdaq,LULD pause,2025-09-09,12:51:33
2025-09-09,12:39:57,QMMM,QMMM Holdings Limited Class A Ordinary Shares,Nasdaq,LULD pause,2025-09-09,12:44:57
2025-09-09,12:39:29,ISPC,iSpecimen Inc. Common Stock,Nasdaq,LULD pause,2025-09-09,12:44:29
2025-09-09,12:34:58,CDTG,CDT Environmental Technology Investment Holdings Limited ordinary shares,Nasdaq,LULD pause,2025-09-09,12:39:58
2025-09-09,12:34:37,QMMM,QMMM Holdings Limited Class A Ordinary Shares,Nasdaq,LULD pause,2025-09-09,12:39:37
2025-09-09,12:31:09,ISPC,iSpecimen Inc. Common Stock,Nasdaq,LULD pause,2025-09-09,12:36:09
2025-09-09,12:29:19,QMMM,QMMM Holdings Limited Class A Ordinary Shares,Nasdaq,LULD pause,2025-09-09,12:34:19
2025-09-09,12:24:37,ATGL,Alpha Technology Group Limited Class A Ordinary Shares,Nasdaq,LULD pause,2025-09-09,12:29:37
2025-09-09,12:23:19,ISPC,iSpecimen Inc. Common Stock,Nasdaq,LULD pause,2025-09-09,12:28:19
2025-09-09,12:17:47,ISPC,iSpecimen Inc. Common Stock,Nasdaq,LULD pause,2025-09-09,12:22:47
2025-09-09,12:16:19,QMMM,QMMM Holdings Limited Class A Ordinary Shares,Nasdaq,LULD pause,2025-09-09,12:26:19
2025-09-09,12:12:12,ISPC,iSpecimen Inc. Common Stock,Nasdaq,LULD pause,2025-09-09,12:17:12
2025-09-09,12:08:55,QMMM,QMMM Holdings Limited Class A Ordinary Shares,Nasdaq,LULD pause,2025-09-09,12:13:55
2025-09-09,12:08:04,ALTS,ALT5 Sigma Corporation Common Stock,Nasdaq,LULD pause,2025-09-09,12:13:04
2025-09-09,12:06:36,XHG,XChange TEC.INC American Depositary Shares,Nasdaq,LULD pause,2025-09-09,12:11:36
2025-09-09,12:01:29,ISPC,iSpecimen Inc. Common Stock,Nasdaq,LULD pause,2025-09-09,12:11:29
2025-09-09,12:00:34,ZGM,Zenta Group Company Limited Ordinary Shares,Nasdaq,LULD pause,2025-09-09,12:10:34
2025-09-09,11:59:45,QMMM,QMMM Holdings Limited Class A Ordinary Shares,Nasdaq,LULD pause,2025-09-09,12:04:45
2025-09-09,11:53:09,ISPC,iSpecimen Inc. Common Stock,Nasdaq,LULD pause,2025-09-09,11:58:09
2025-09-09,11:49:11,SBLX,"""StableX Technologies, Inc. Common Stock""",Nasdaq,LULD pause,2025-09-09,11:54:11
2025-09-09,11:42:34,ISPC,iSpecimen Inc. Common Stock,Nasdaq,LULD pause,2025-09-09,11:52:34
2025-09-09,11:42:19,CDTG,CDT Environmental Technology Investment Holdings Limited ordinary shares,Nasdaq,LULD pause,2025-09-09,11:47:19
2025-09-09,11:40:27,SBLX,"""StableX Technologies, Inc. Common Stock""",Nasdaq,LULD pause,2025-09-09,11:45:27
2025-09-09,11:33:37,QMMM,QMMM Holdings Limited Class A Ordinary Shares,Nasdaq,LULD pause,2025-09-09,11:38:37
2025-09-09,11:32:18,ISPC,iSpecimen Inc. Common Stock,Nasdaq,LULD pause,2025-09-09,11:42:18
2025-09-09,11:28:52,XHG,XChange TEC.INC American Depositary Shares,Nasdaq,LULD pause,2025-09-09,11:33:52
2025-09-09,11:27:02,ISPC,iSpecimen Inc. Common Stock,Nasdaq,LULD pause,2025-09-09,11:32:02
2025-09-09,11:22:47,QMMM,QMMM Holdings Limited Class A Ordinary Shares,Nasdaq,LULD pause,2025-09-09,11:27:47
2025-09-09,11:20:47,STEC,Santech Holdings Limited American Depositary Shares,Nasdaq,LULD pause,2025-09-09,11:25:47
2025-09-09,11:18:44,SBLX,"""StableX Technologies, Inc. Common Stock""",Nasdaq,LULD pause,2025-09-09,11:28:44
2025-09-09,11:16:41,ISPC,iSpecimen Inc. Common Stock,Nasdaq,LULD pause,2025-09-09,11:26:41
2025-09-09,11:12:04,QMMM,QMMM Holdings Limited Class A Ordinary Shares,Nasdaq,LULD pause,2025-09-09,11:22:04
2025-09-09,11:06:48,QMMM,QMMM Holdings Limited Class A Ordinary Shares,Nasdaq,LULD pause,2025-09-09,11:11:48
2025-09-09,11:06:22,ISPC,iSpecimen Inc. Common Stock,Nasdaq,LULD pause,2025-09-09,11:16:22
2025-09-09,11:06:07,SBLX,"""StableX Technologies, Inc. Common Stock""",Nasdaq,LULD pause,2025-09-09,11:16:07
2025-09-09,11:02:08,STEC,Santech Holdings Limited American Depositary Shares,Nasdaq,LULD pause,2025-09-09,11:12:08
2025-09-09,11:01:30,QMMM,QMMM Holdings Limited Class A Ordinary Shares,Nasdaq,LULD pause,2025-09-09,11:06:30
2025-09-09,11:00:48,SBLX,"""StableX Technologies, Inc. Common Stock""",Nasdaq,LULD pause,2025-09-09,11:05:48
2025-09-09,11:00:43,ISPC,iSpecimen Inc. Common Stock,Nasdaq,LULD pause,2025-09-09,11:05:43
2025-09-09,10:56:40,STEC,Santech Holdings Limited American Depositary Shares,Nasdaq,LULD pause,2025-09-09,11:01:40
2025-09-09,10:55:18,ISPC,iSpecimen Inc. Common Stock,Nasdaq,LULD pause,2025-09-09,11:00:18
2025-09-09,10:51:49,SNTG,Sentage Holdings Inc. Class A Ordinary Shares,Nasdaq,LULD pause,2025-09-09,11:01:49
2025-09-09,10:51:22,STEC,Santech Holdings Limited American Depositary Shares,Nasdaq,LULD pause,2025-09-09,10:56:22
2025-09-09,10:51:14,QMMM,QMMM Holdings Limited Class A Ordinary Shares,Nasdaq,LULD pause,2025-09-09,11:01:14
2025-09-09,10:50:31,SBLX,"""StableX Technologies, Inc. Common Stock""",Nasdaq,LULD pause,2025-09-09,11:00:31
2025-09-09,10:47:42,ISPC,iSpecimen Inc. Common Stock,Nasdaq,LULD pause,2025-09-09,10:52:42
2025-09-09,10:45:55,QMMM,QMMM Holdings Limited Class A Ordinary Shares,Nasdaq,LULD pause,2025-09-09,10:50:55
2025-09-09,10:45:22,STEC,Santech Holdings Limited American Depositary Shares,Nasdaq,LULD pause,2025-09-09,10:50:22
2025-09-09,10:45:11,SBLX,"""StableX Technologies, Inc. Common Stock""",Nasdaq,LULD pause,2025-09-09,10:50:11
2025-09-09,10:42:38,SNTG,Sentage Holdings Inc. Class A Ordinary Shares,Nasdaq,LULD pause,2025-09-09,10:47:38
2025-09-09,10:40:39,QMMM,QMMM Holdings Limited Class A Ordinary Shares,Nasdaq,LULD pause,2025-09-09,10:45:39
2025-09-09,10:39:46,MMA,Mixed Martial Arts Group Limited,NYSE American,LULD pause,2025-09-09,10:44:46
2025-09-09,10:39:34,SBLX,"""StableX Technologies, Inc. Common Stock""",Nasdaq,LULD pause,2025-09-09,10:44:34
2025-09-09,10:37:31,STEC,Santech Holdings Limited American Depositary Shares,Nasdaq,LULD pause,2025-09-09,10:42:31
2025-09-09,10:30:13,QMMM,QMMM Holdings Limited Class A Ordinary Shares,Nasdaq,LULD pause,2025-09-09,10:40:14
2025-09-09,10:29:05,SBLX,"""StableX Technologies, Inc. Common Stock""",Nasdaq,LULD pause,2025-09-09,10:39:08
2025-09-09,10:24:57,STEC,Santech Holdings Limited American Depositary Shares,Nasdaq,LULD pause,2025-09-09,10:29:57
2025-09-09,10:23:30,SBLX,"""StableX Technologies, Inc. Common Stock""",Nasdaq,LULD pause,2025-09-09,10:28:30
2025-09-09,10:19:52,QMMM,QMMM Holdings Limited Class A Ordinary Shares,Nasdaq,LULD pause,2025-09-09,10:29:52
2025-09-09,10:19:13,STEC,Santech Holdings Limited American Depositary Shares,Nasdaq,LULD pause,2025-09-09,10:24:13
2025-09-09,10:18:49,CDTG,CDT Environmental Technology Investment Holdings Limited ordinary shares,Nasdaq,LULD pause,2025-09-09,10:23:49
2025-09-09,10:18:16,OCTO,Eightco Holdings Inc. Common Stock,Nasdaq,LULD pause,2025-09-09,10:23:16
2025-09-09,10:14:28,QMMM,QMMM Holdings Limited Class A Ordinary Shares,Nasdaq,LULD pause,2025-09-09,10:19:28
2025-09-09,10:12:15,CDTG,CDT Environmental Technology Investment Holdings Limited ordinary shares,Nasdaq,LULD pause,2025-09-09,10:17:15
2025-09-09,10:11:34,PTNM,Pitanium Limited Class A Ordinary shares,Nasdaq,LULD pause,2025-09-09,10:21:34
2025-09-09,10:09:53,MMA,Mixed Martial Arts Group Limited,NYSE American,LULD pause,2025-09-09,10:19:53
2025-09-09,10:08:17,STEC,Santech Holdings Limited American Depositary Shares,Nasdaq,LULD pause,2025-09-09,10:18:17
2025-09-09,10:04:53,SBLX,"""StableX Technologies, Inc. Common Stock""",Nasdaq,LULD pause,2025-09-09,10:09:53
2025-09-09,10:04:32,QMMM,QMMM Holdings Limited Class A Ordinary Shares,Nasdaq,LULD pause,2025-09-09,10:09:32
2025-09-09,10:02:58,STEC,Santech Holdings Limited American Depositary Shares,Nasdaq,LULD pause,2025-09-09,10:07:58
2025-09-09,10:02:46,CWD,CaliberCos Inc. Class A Common Stock,Nasdaq,LULD pause,2025-09-09,10:07:46
2025-09-09,10:00:39,BON,Bon Natural Life Limited Class A Ordinary Shares,Nasdaq,LULD pause,2025-09-09,10:05:39
2025-09-09,09:58:44,IROH,Iron Horse Acquisitions Corp. Common Stock,Nasdaq,LULD pause,2025-09-09,10:03:44
2025-09-09,09:57:52,QMMM,QMMM Holdings Limited Class A Ordinary Shares,Nasdaq,LULD pause,2025-09-09,10:02:52
2025-09-09,09:57:39,STEC,Santech Holdings Limited American Depositary Shares,Nasdaq,LULD pause,2025-09-09,10:02:39
2025-09-09,09:54:25,SBLX,"""StableX Technologies, Inc. Common Stock""",Nasdaq,LULD pause,2025-09-09,09:59:25
2025-09-09,09:52:22,STEC,Santech Holdings Limited American Depositary Shares,Nasdaq,LULD pause,2025-09-09,09:57:22
2025-09-09,09:50:25,ZONE,CleanCore Solutions Inc.,NYSE American,LULD pause,2025-09-09,09:55:25
2025-09-09,09:49:01,SBLX,"""StableX Technologies, Inc. Common Stock""",Nasdaq,LULD pause,2025-09-09,09:54:01
2025-09-09,09:48:55,JEM,707 Cayman Holdings Limited Ordinary Shares,Nasdaq,LULD pause,2025-09-09,09:53:55
2025-09-09,09:47:51,QMMM,QMMM Holdings Limited Class A Ordinary Shares,Nasdaq,LULD pause,2025-09-09,09:52:51
2025-09-09,09:46:58,MMA,Mixed Martial Arts Group Limited,NYSE American,LULD pause,2025-09-09,09:51:58
2025-09-09,09:45:36,CIGL,Concorde International Group Ltd Class A Ordinary Shares,Nasdaq,LULD pause,2025-09-09,09:50:36
2025-09-09,09:45:20,DSY,Big Tree Cloud Holdings Limited Ordinary Shares,Nasdaq,LULD pause,2025-09-09,09:50:20
2025-09-09,09:45:08,IROH,Iron Horse Acquisitions Corp. Common Stock,Nasdaq,LULD pause,2025-09-09,09:55:09
2025-09-09,09:44:27,ULY,Urgent.ly Inc. Common Stock,Nasdaq,LULD pause,2025-09-09,09:49:27
2025-09-09,09:43:28,CWD,CaliberCos Inc. Class A Common Stock,Nasdaq,LULD pause,2025-09-09,09:48:28
2025-09-09,09:43:25,JEM,707 Cayman Holdings Limited Ordinary Shares,Nasdaq,LULD pause,2025-09-09,09:48:25
2025-09-09,09:42:30,QMMM,QMMM Holdings Limited Class A Ordinary Shares,Nasdaq,LULD pause,2025-09-09,09:47:30
2025-09-09,09:41:52,STEC,Santech Holdings Limited American Depositary Shares,Nasdaq,LULD pause,2025-09-09,09:51:52
2025-09-09,09:41:21,MGIH,Millennium Group International Holdings Limited Ordinary Shares,Nasdaq,LULD pause,2025-09-09,09:51:21
2025-09-09,09:40:39,YOUL,Youlife Group Inc. American Depositary Shares,Nasdaq,LULD pause,2025-09-09,09:45:39
2025-09-09,09:39:49,ZONE,CleanCore Solutions Inc.,NYSE American,LULD pause,2025-09-09,09:44:49
2025-09-09,09:38:27,SBLX,"""StableX Technologies, Inc. Common Stock""",Nasdaq,LULD pause,2025-09-09,09:48:27
2025-09-09,09:37:05,STKE,Sol Strategies Inc. Common Shares,Nasdaq,LULD pause,2025-09-09,09:42:05
2025-09-09,09:36:55,GIBO,GIBO Holdings Limited Class A Ordinary Shares,Nasdaq,LULD pause,2025-09-09,09:41:55
2025-09-09,09:36:12,ATHR,"""Aether Holdings, Inc. Common Stock""",Nasdaq,LULD pause,2025-09-09,09:41:12
2025-09-09,09:36:10,STEC,Santech Holdings Limited American Depositary Shares,Nasdaq,LULD pause,2025-09-09,09:41:10
2025-09-09,09:35:25,MGIH,Millennium Group International Holdings Limited Ordinary Shares,Nasdaq,LULD pause,2025-09-09,09:40:25
2025-09-09,09:34:47,CWD,CaliberCos Inc. Class A Common Stock,Nasdaq,LULD pause,2025-09-09,09:39:47
2025-09-09,09:34:40,BON,Bon Natural Life Limited Class A Ordinary Shares,Nasdaq,LULD pause,2025-09-09,09:39:40
2025-09-09,09:34:19,OCTO,Eightco Holdings Inc. Common Stock,Nasdaq,LULD pause,2025-09-09,09:39:19
2025-09-09,09:33:06,YOUL,Youlife Group Inc. American Depositary Shares,Nasdaq,LULD pause,2025-09-09,09:38:06
2025-09-09,09:33:03,SBLX,"""StableX Technologies, Inc. Common Stock""",Nasdaq,LULD pause,2025-09-09,09:38:03
2025-09-09,09:31:39,DSY,Big Tree Cloud Holdings Limited Ordinary Shares,Nasdaq,LULD pause,2025-09-09,09:41:39
2025-09-09,09:31:21,QMMM,QMMM Holdings Limited Class A Ordinary Shares,Nasdaq,LULD pause,2025-09-09,09:41:22
2025-09-09,09:30:55,STEC,Santech Holdings Limited American Depositary Shares,Nasdaq,LULD pause,2025-09-09,09:35:55
2025-09-09,09:30:26,NEPH,Nephros Inc.,Nasdaq,LULD pause,2025-09-09,09:35:26
2025-09-09,09:30:25,IONR,ioneer Ltd American Depositary Shares,Nasdaq,LULD pause,2025-09-09,09:35:25
2025-09-09,09:30:15,MI,NFT Limited,NYSE American,LULD pause,2025-09-09,09:35:15
2025-09-09,08:25:00,ELUT,Elutia Inc. Class A Common Stock,Nasdaq,News pending,2025-09-09,08:50:00
2025-09-08,15:54:10,ATMV,AlphaVest Acquisition Corp Ordinary Shares,Nasdaq,LULD pause,2025-09-08,16:00:00
2025-09-08,15:46:10,KRKR,36Kr Holdings Inc. American Depositary Shares,Nasdaq,LULD pause,2025-09-08,16:00:00
2025-09-08,15:44:31,ATMV,AlphaVest Acquisition Corp Ordinary Shares,Nasdaq,LULD pause,2025-09-08,15:49:31
2025-09-08,15:42:25,ATMVU,AlphaVest Acquisition Corp Unit,Nasdaq,LULD pause,2025-09-08,16:00:00
2025-09-08,15:30:08,ATMVU,AlphaVest Acquisition Corp Unit,Nasdaq,LULD pause,2025-09-08,15:35:08
2025-09-08,15:29:27,CIGL,Concorde International Group Ltd Class A Ordinary Shares,Nasdaq,LULD pause,2025-09-08,15:34:27
2025-09-08,15:24:03,CIGL,Concorde International Group Ltd Class A Ordinary Shares,Nasdaq,LULD pause,2025-09-08,15:29:03
2025-09-08,14:52:15,AHH PRA,"""Armada Hoffler Properties, Inc. 6.75% Series A Cumulative Redeemable Perpetual Preferred Stock""",NYSE,LULD pause,2025-09-08,14:59:36
2025-09-08,14:27:54,MGIH,Millennium Group International Holdings Limited Ordinary Shares,Nasdaq,LULD pause,2025-09-08,14:32:54
2025-09-08,14:18:03,UPC,Universe Pharmaceuticals Inc. Ordinary Shares,Nasdaq,LULD pause,2025-09-08,14:28:03
2025-09-08,14:11:08,KRKR,36Kr Holdings Inc. American Depositary Shares,Nasdaq,LULD pause,2025-09-08,14:16:08
2025-09-08,14:09:45,MGIH,Millennium Group International Holdings Limited Ordinary Shares,Nasdaq,LULD pause,2025-09-08,14:14:45
2025-09-08,14:08:18,SNTG,Sentage Holdings Inc. Class A Ordinary Shares,Nasdaq,LULD pause,2025-09-08,14:13:18
2025-09-08,13:56:07,GLXG,Galaxy Payroll Group Limited Class A Ordinary Shares,Nasdaq,LULD pause,2025-09-08,14:01:07
2025-09-08,13:54:17,UPC,Universe Pharmaceuticals Inc. Ordinary Shares,Nasdaq,LULD pause,2025-09-08,14:04:17
2025-09-08,13:50:38,MGIH,Millennium Group International Holdings Limited Ordinary Shares,Nasdaq,LULD pause,2025-09-08,13:55:38
2025-09-08,13:45:33,LVLU,"""Lulu's Fashion Lounge Holdings, Inc. Common Stock""",Nasdaq,LULD pause,2025-09-08,13:50:33
2025-09-08,13:41:45,KRKR,36Kr Holdings Inc. American Depositary Shares,Nasdaq,LULD pause,2025-09-08,13:46:45
2025-09-08,13:31:42,MGIH,Millennium Group International Holdings Limited Ordinary Shares,Nasdaq,LULD pause,2025-09-08,13:41:42
2025-09-08,13:23:00,KRKR,36Kr Holdings Inc. American Depositary Shares,Nasdaq,LULD pause,2025-09-08,13:28:00
2025-09-08,13:16:29,KRKR,36Kr Holdings Inc. American Depositary Shares,Nasdaq,LULD pause,2025-09-08,13:21:29
2025-09-08,13:08:57,KRKR,36Kr Holdings Inc. American Depositary Shares,Nasdaq,LULD pause,2025-09-08,13:13:57
2025-09-08,12:59:04,KRKR,36Kr Holdings Inc. American Depositary Shares,Nasdaq,LULD pause,2025-09-08,13:04:04
2025-09-08,12:58:51,ANTE,AirNet Technology Inc. Ordinary Share,Nasdaq,LULD pause,2025-09-08,13:18:51
2025-09-08,12:51:58,KRKR,36Kr Holdings Inc. American Depositary Shares,Nasdaq,LULD pause,2025-09-08,12:56:58
2025-09-08,12:49:39,SNTG,Sentage Holdings Inc. Class A Ordinary Shares,Nasdaq,LULD pause,2025-09-08,12:54:39
2025-09-08,12:43:40,INHD,Inno Holdings Inc. Common Stock,Nasdaq,LULD pause,2025-09-08,12:48:40
2025-09-08,12:41:11,KRKR,36Kr Holdings Inc. American Depositary Shares,Nasdaq,LULD pause,2025-09-08,12:46:11
2025-09-08,12:39:04,SNTG,Sentage Holdings Inc. Class A Ordinary Shares,Nasdaq,LULD pause,2025-09-08,12:44:04
2025-09-08,12:33:12,KRKR,36Kr Holdings Inc. American Depositary Shares,Nasdaq,LULD pause,2025-09-08,12:38:12
2025-09-08,12:32:31,INHD,Inno Holdings Inc. Common Stock,Nasdaq,LULD pause,2025-09-08,12:42:32
2025-09-08,12:27:29,KRKR,36Kr Holdings Inc. American Depositary Shares,Nasdaq,LULD pause,2025-09-08,12:32:29
2025-09-08,12:16:46,KRKR,36Kr Holdings Inc. American Depositary Shares,Nasdaq,LULD pause,2025-09-08,12:26:46
2025-09-08,12:06:28,KRKR,36Kr Holdings Inc. American Depositary Shares,Nasdaq,LULD pause,2025-09-08,12:16:28
2025-09-08,12:02:51,OCTO,Eightco Holdings Inc. Common Stock,Nasdaq,LULD pause,2025-09-08,12:07:51
2025-09-08,11:56:06,KRKR,36Kr Holdings Inc. American Depositary Shares,Nasdaq,LULD pause,2025-09-08,12:06:06
2025-09-08,11:46:30,INHD,Inno Holdings Inc. Common Stock,Nasdaq,LULD pause,2025-09-08,11:51:30
2025-09-08,11:45:47,KRKR,36Kr Holdings Inc. American Depositary Shares,Nasdaq,LULD pause,2025-09-08,11:55:47
2025-09-08,11:40:12,KRKR,36Kr Holdings Inc. American Depositary Shares,Nasdaq,LULD pause,2025-09-08,11:45:12
2025-09-08,11:33:42,KRKR,36Kr Holdings Inc. American Depositary Shares,Nasdaq,LULD pause,2025-09-08,11:38:42
2025-09-08,11:23:05,KRKR,36Kr Holdings Inc. American Depositary Shares,Nasdaq,LULD pause,2025-09-08,11:33:05
2025-09-08,11:19:44,CIGL,Concorde International Group Ltd Class A Ordinary Shares,Nasdaq,LULD pause,2025-09-08,11:24:44
2025-09-08,11:14:08,KRKR,36Kr Holdings Inc. American Depositary Shares,Nasdaq,LULD pause,2025-09-08,11:19:08
2025-09-08,11:13:25,INDP,"""Indaptus Therapeutics, Inc. Common Stock""",Nasdaq,LULD pause,2025-09-08,11:23:25
2025-09-08,11:08:00,KRKR,36Kr Holdings Inc. American Depositary Shares,Nasdaq,LULD pause,2025-09-08,11:13:00
2025-09-08,11:03:56,INDP,"""Indaptus Therapeutics, Inc. Common Stock""",Nasdaq,LULD pause,2025-09-08,11:08:56
2025-09-08,10:58:08,KRKR,36Kr Holdings Inc. American Depositary Shares,Nasdaq,LULD pause,2025-09-08,11:03:08
2025-09-08,10:52:34,KRKR,36Kr Holdings Inc. American Depositary Shares,Nasdaq,LULD pause,2025-09-08,10:57:34
2025-09-08,10:47:34,INHD,Inno Holdings Inc. Common Stock,Nasdaq,LULD pause,2025-09-08,10:52:34
2025-09-08,10:42:15,INDP,"""Indaptus Therapeutics, Inc. Common Stock""",Nasdaq,LULD pause,2025-09-08,10:52:15
2025-09-08,10:29:27,KRKR,36Kr Holdings Inc. American Depositary Shares,Nasdaq,LULD pause,2025-09-08,10:34:27
2025-09-08,10:23:07,INDP,"""Indaptus Therapeutics, Inc. Common Stock""",Nasdaq,LULD pause,2025-09-08,10:33:07
2025-09-08,10:21:28,MAAS,Maase Inc. Class A Ordinary Shares,Nasdaq,LULD pause,2025-09-08,10:26:28
2025-09-08,10:20:20,HOUR,"""Hour Loop, Inc. Common Stock""",Nasdaq,LULD pause,2025-09-08,10:30:20
2025-09-08,10:14:32,OCTO,Eightco Holdings Inc. Common Stock,Nasdaq,LULD pause,2025-09-08,10:19:32
2025-09-08,10:12:00,RECT,Rectitude Holdings Ltd Ordinary Shares,Nasdaq,LULD pause,2025-09-08,10:22:00
2025-09-08,10:11:36,KRKR,36Kr Holdings Inc. American Depositary Shares,Nasdaq,LULD pause,2025-09-08,10:16:36
2025-09-08,10:09:56,FORD,Forward Industries Inc-N Y,Nasdaq,LULD pause,2025-09-08,10:14:56
2025-09-08,10:08:17,HOUR,"""Hour Loop, Inc. Common Stock""",Nasdaq,LULD pause,2025-09-08,10:13:17
2025-09-08,10:06:54,ATON,AlphaTON Capital Corp. Common Stock,Nasdaq,LULD pause,2025-09-08,10:11:54
2025-09-08,10:06:31,OCTO,Eightco Holdings Inc. Common Stock,Nasdaq,LULD pause,2025-09-08,10:11:31
2025-09-08,10:02:50,KRKR,36Kr Holdings Inc. American Depositary Shares,Nasdaq,LULD pause,2025-09-08,10:07:50
2025-09-08,10:01:38,RECT,Rectitude Holdings Ltd Ordinary Shares,Nasdaq,LULD pause,2025-09-08,10:11:38
2025-09-08,10:00:07,HOUR,"""Hour Loop, Inc. Common Stock""",Nasdaq,LULD pause,2025-09-08,10:05:07
2025-09-08,09:56:07,RECT,Rectitude Holdings Ltd Ordinary Shares,Nasdaq,LULD pause,2025-09-08,10:01:07
2025-09-08,09:48:11,RECT,Rectitude Holdings Ltd Ordinary Shares,Nasdaq,LULD pause,2025-09-08,09:53:11
2025-09-08,09:44:50,BSGM,"""BioSig Technologies, Inc. Common Stock""",Nasdaq,News pending,2025-09-08,10:25:00
2025-09-08,09:44:22,OCTO,Eightco Holdings Inc. Common Stock,Nasdaq,LULD pause,2025-09-08,09:59:23
2025-09-08,09:38:39,HOUR,"""Hour Loop, Inc. Common Stock""",Nasdaq,LULD pause,2025-09-08,09:48:39
2025-09-08,09:36:14,GLXG,Galaxy Payroll Group Limited Class A Ordinary Shares,Nasdaq,LULD pause,2025-09-08,09:41:14
2025-09-08,09:36:04,OCTO,Eightco Holdings Inc. Common Stock,Nasdaq,LULD pause,2025-09-08,09:41:04
2025-09-08,09:35:48,FORD,Forward Industries Inc-N Y,Nasdaq,LULD pause,2025-09-08,09:45:48
2025-09-08,09:33:17,HOUR,"""Hour Loop, Inc. Common Stock""",Nasdaq,LULD pause,2025-09-08,09:38:17
2025-09-08,09:30:38,OCTO,Eightco Holdings Inc. Common Stock,Nasdaq,LULD pause,2025-09-08,09:35:38
2025-09-08,07:55:00,VCICW,Vine Hill Capital Investment Corp. Warrant,Nasdaq,News pending,2025-09-08,08:35:00
2025-09-08,07:55:00,VCICU,Vine Hill Capital Investment Corp. Unit,Nasdaq,News pending,2025-09-08,08:35:00
2025-09-08,07:55:00,VCIC,Vine Hill Capital Investment Corp. Class A Ordinary Shares,Nasdaq,News pending,2025-09-08,08:30:00
2025-09-08,06:55:00,DNTH,"""Dianthus Therapeutics, Inc. Common Stock""",Nasdaq,News pending,2025-09-08,07:40:20
2025-09-05,19:50:00,OXLCZ,Oxford Lane Capital Corp. 5.00% Notes due 2027,Nasdaq,News pending,,
2025-09-05,19:50:00,OXLCZ,Oxford Lane Capital Corp. 5.00% Notes due 2027,Nasdaq,News pending,2025-09-08,09:05:00
2025-09-05,19:50:00,OXLCP,Oxford Lane Capital Corp. 6.25% Series 2027 Term Preferred Shares,Nasdaq,News pending,2025-09-08,09:05:00
2025-09-05,19:50:00,OXLCP,Oxford Lane Capital Corp. 6.25% Series 2027 Term Preferred Shares,Nasdaq,News pending,,
2025-09-05,19:50:00,OXLCO,"""Oxford Lane Capital Corp. Preferred Stock Shares, 6.00% Series 2029""",Nasdaq,News pending,2025-09-08,09:05:00
2025-09-05,19:50:00,OXLCO,"""Oxford Lane Capital Corp. Preferred Stock Shares, 6.00% Series 2029""",Nasdaq,News pending,,
2025-09-05,19:50:00,OXLCN,Oxford Lane Capital Corp. 7.125% Series 2029 Term Preferred Stock,Nasdaq,News pending,2025-09-08,09:05:00
2025-09-05,19:50:00,OXLCN,Oxford Lane Capital Corp. 7.125% Series 2029 Term Preferred Stock,Nasdaq,News pending,,
2025-09-05,19:50:00,OXLCL,Oxford Lane Capital Corp. 6.75% Notes due 2031,Nasdaq,News pending,2025-09-08,09:05:00
2025-09-05,19:50:00,OXLCL,Oxford Lane Capital Corp. 6.75% Notes due 2031,Nasdaq,News pending,,
2025-09-05,19:50:00,OXLCI,Oxford Lane Capital Corp. 8.75% Notes due 2030,Nasdaq,News pending,,
2025-09-05,19:50:00,OXLCI,Oxford Lane Capital Corp. 8.75% Notes due 2030,Nasdaq,News pending,2025-09-08,09:05:00
2025-09-05,19:50:00,OXLCG,Oxford Lane Capital Corp. 7.95% Notes due 2032,Nasdaq,News pending,2025-09-08,09:05:00
2025-09-05,19:50:00,OXLCG,Oxford Lane Capital Corp. 7.95% Notes due 2032,Nasdaq,News pending,,
2025-09-05,19:50:00,SDSTW,Stardust Power Inc. Warrant,Nasdaq,News pending,,
2025-09-05,19:50:00,SDSTW,Stardust Power Inc. Warrant,Nasdaq,News pending,2025-09-08,09:05:00
2025-09-05,19:50:00,GLXG,Galaxy Payroll Group Limited Class A Ordinary Shares,Nasdaq,News pending,2025-09-08,09:00:00
2025-09-05,19:50:00,GLXG,Galaxy Payroll Group Limited Class A Ordinary Shares,Nasdaq,News pending,,
2025-09-05,19:50:00,WAI,Top KingWin Ltd Class A Ordinary Shares,Nasdaq,News pending,,
2025-09-05,19:50:00,WAI,Top KingWin Ltd Class A Ordinary Shares,Nasdaq,News pending,2025-09-08,09:00:00
2025-09-05,19:50:00,SGBX,Safe & Green Holdings Corp. Common Stock,Nasdaq,News pending,2025-09-08,09:00:00
2025-09-05,19:50:00,SGBX,Safe & Green Holdings Corp. Common Stock,Nasdaq,News pending,,
2025-09-05,19:50:00,GP,GreenPower Motor Company Inc. Common Shares,Nasdaq,News pending,2025-09-08,09:00:00
2025-09-05,19:50:00,GP,GreenPower Motor Company Inc. Common Shares,Nasdaq,News pending,,
2025-09-05,19:50:00,OXLC,Oxford Lane Capital Corp.,Nasdaq,News pending,,
2025-09-05,19:50:00,OXLC,Oxford Lane Capital Corp.,Nasdaq,News pending,2025-09-08,09:00:00
2025-09-05,19:50:00,SDST,Stardust Power Inc. Common Stock,Nasdaq,News pending,2025-09-08,09:00:00
2025-09-05,19:50:00,SDST,Stardust Power Inc. Common Stock,Nasdaq,News pending,,
2025-09-05,15:44:10,CNF,"""CNFinance Holdings Limited American Depositary Shares, each representing two hundred (200) Ordinary Shares""",NYSE,LULD pause,2025-09-05,15:49:12
2025-09-05,13:37:12,SSM,Sono Group N.V. Ordinary Shares,Nasdaq,LULD pause,2025-09-05,13:42:12
2025-09-05,13:23:55,SSM,Sono Group N.V. Ordinary Shares,Nasdaq,LULD pause,2025-09-05,13:28:55
2025-09-05,13:14:44,SSM,Sono Group N.V. Ordinary Shares,Nasdaq,LULD pause,2025-09-05,13:19:44
2025-09-05,12:46:34,INDP,"""Indaptus Therapeutics, Inc. Common Stock""",Nasdaq,LULD pause,2025-09-05,12:51:34
2025-09-05,12:40:42,LUD,Luda Technology Group Limited,NYSE American,LULD pause,2025-09-05,12:50:42
2025-09-05,12:38:51,PW PRA,"""Power REIT  7.75% Series A Cumulative Redeemable Perpetual Preferred Stock, Liquidation Preference $25.00 per Share""",NYSE American,LULD pause,2025-09-05,12:43:51
2025-09-05,12:03:49,SCAG,Scage Future American Depositary Shares,Nasdaq,LULD pause,2025-09-05,12:08:49
2025-09-05,11:30:45,SXTC,"""China SXT Pharmaceuticals, Inc. Ordinary Shares""",Nasdaq,LULD pause,2025-09-05,11:35:45
2025-09-05,11:30:42,PAPL,Pineapple Financial Inc.,NYSE American,LULD pause,2025-09-05,11:40:42
2025-09-05,11:17:21,PAPL,Pineapple Financial Inc.,NYSE American,LULD pause,2025-09-05,11:27:21
2025-09-05,10:47:48,SSM,Sono Group N.V. Ordinary Shares,Nasdaq,LULD pause,2025-09-05,10:52:48
2025-09-05,10:37:48,SSM,Sono Group N.V. Ordinary Shares,Nasdaq,LULD pause,2025-09-05,10:42:48
2025-09-05,10:27:05,SSM,Sono Group N.V. Ordinary Shares,Nasdaq,LULD pause,2025-09-05,10:37:05
2025-09-05,10:14:40,SSM,Sono Group N.V. Ordinary Shares,Nasdaq,LULD pause,2025-09-05,10:19:40
2025-09-05,10:05:56,PAPL,Pineapple Financial Inc.,NYSE American,LULD pause,2025-09-05,10:10:56
2025-09-05,10:01:21,SSM,Sono Group N.V. Ordinary Shares,Nasdaq,LULD pause,2025-09-05,10:06:21
2025-09-05,09:57:41,SCAG,Scage Future American Depositary Shares,Nasdaq,LULD pause,2025-09-05,10:02:41
2025-09-05,09:55:11,SSM,Sono Group N.V. Ordinary Shares,Nasdaq,LULD pause,2025-09-05,10:00:11
2025-09-05,09:46:33,SCAG,Scage Future American Depositary Shares,Nasdaq,LULD pause,2025-09-05,09:51:33
2025-09-05,09:45:15,PAPL,Pineapple Financial Inc.,NYSE American,LULD pause,2025-09-05,09:50:15
2025-09-05,09:42:07,SSM,Sono Group N.V. Ordinary Shares,Nasdaq,LULD pause,2025-09-05,09:52:07
2025-09-05,09:37:29,PAPL,Pineapple Financial Inc.,NYSE American,LULD pause,2025-09-05,09:42:29
2025-09-05,09:36:41,SSM,Sono Group N.V. Ordinary Shares,Nasdaq,LULD pause,2025-09-05,09:41:41
2025-09-05,09:31:11,SSM,Sono Group N.V. Ordinary Shares,Nasdaq,LULD pause,2025-09-05,09:36:11
2025-09-05,09:30:15,AVGW,Roundhill AVGO WeeklyPay ETF,Cboe BZX,LULD pause,2025-09-05,09:35:15
2025-09-04,19:50:44,BNDD,Quadratic Deflation ETF,NYSE Arca,Corporate Action,,
2025-09-04,19:50:44,BNDD,Quadratic Deflation ETF,NYSE Arca,Corporate Action,2025-09-05,09:00:00
2025-09-04,19:50:24,CNF,"""CNFinance Holdings Limited American Depositary Shares, each representing twenty (20) Ordinary Shares""",NYSE,Corporate Action,2025-09-05,09:33:02
2025-09-04,19:50:24,CNF,"""CNFinance Holdings Limited American Depositary Shares, each representing twenty (20) Ordinary Shares""",NYSE,Corporate Action,,
2025-09-04,19:50:00,KITTW,"""Nauticus Robotics, Inc Warrant""",Nasdaq,News pending,,
2025-09-04,19:50:00,KITTW,"""Nauticus Robotics, Inc Warrant""",Nasdaq,News pending,2025-09-05,09:05:00
2025-09-04,19:50:00,TIRX,TIAN RUIXIANG Holdings Ltd Class A Ordinary Shares,Nasdaq,News pending,2025-09-05,09:00:00
2025-09-04,19:50:00,TIRX,TIAN RUIXIANG Holdings Ltd Class A Ordinary Shares,Nasdaq,News pending,,
2025-09-04,19:50:00,KITT,"""Nauticus Robotics, Inc. Common stock""",Nasdaq,News pending,,
2025-09-04,19:50:00,KITT,"""Nauticus Robotics, Inc. Common stock""",Nasdaq,News pending,2025-09-05,09:00:00
2025-09-04,14:39:54,INHD,Inno Holdings Inc. Common Stock,Nasdaq,LULD pause,2025-09-04,14:44:54
2025-09-04,14:02:00,INHD,Inno Holdings Inc. Common Stock,Nasdaq,LULD pause,2025-09-04,14:07:00
2025-09-04,13:56:35,INHD,Inno Holdings Inc. Common Stock,Nasdaq,LULD pause,2025-09-04,14:01:35
2025-09-04,13:16:36,ZONE,CleanCore Solutions Inc.,NYSE American,LULD pause,2025-09-04,13:21:36
2025-09-04,11:53:59,UFG,Uni-Fuels Holdings Limited Class A Ordinary Shares,Nasdaq,LULD pause,2025-09-04,11:58:59
2025-09-04,11:43:16,UFG,Uni-Fuels Holdings Limited Class A Ordinary Shares,Nasdaq,LULD pause,2025-09-04,11:53:16
2025-09-04,11:18:05,FCHL,Fitness Champs Holdings Limited Common Stock,Nasdaq,LULD pause,2025-09-04,11:23:05
2025-09-04,10:03:52,CSAN,Cosan S.A. American Depositary Shares (each representing four Common Shares),NYSE,News pending,2025-09-04,11:35:11
2025-09-04,09:58:02,IMA,"""ImageneBio, Inc. Common Stock""",Nasdaq,LULD pause,2025-09-04,10:03:02
2025-09-04,09:53:12,SNTG,Sentage Holdings Inc. Class A Ordinary Shares,Nasdaq,LULD pause,2025-09-04,09:58:12
2025-09-04,09:52:02,APLM,Apollomics Inc. Class A Ordinary Shares,Nasdaq,LULD pause,2025-09-04,09:57:02
2025-09-04,09:47:32,SNTG,Sentage Holdings Inc. Class A Ordinary Shares,Nasdaq,LULD pause,2025-09-04,09:52:32
2025-09-04,09:44:45,CIGL,Concorde International Group Ltd Class A Ordinary Shares,Nasdaq,LULD pause,2025-09-04,09:49:45
2025-09-04,09:43:16,JFBR,Jeffs' Brands Ltd Ordinary Shares,Nasdaq,LULD pause,2025-09-04,09:48:16
2025-09-04,09:38:10,HOUR,"""Hour Loop, Inc. Common Stock""",Nasdaq,LULD pause,2025-09-04,09:43:10
2025-09-04,09:36:33,HWH,HWH International Inc. Common Stock,Nasdaq,LULD pause,2025-09-04,09:46:33
2025-09-04,09:35:14,HYFM,"""Hydrofarm Holdings Group, Inc. Common Stock""",Nasdaq,LULD pause,2025-09-04,09:40:14
2025-09-04,08:54:51,GAP,"""The Gap, Inc.""",NYSE,News pending,2025-09-04,09:36:49
2025-09-04,08:31:18,GMS,GMS Inc.,NYSE,Merger Effective,,
2025-09-04,06:39:10,MAG,MAG Silver Corp.,NYSE American,Merger Effective,,
2025-09-03,19:26:36,ATHE,Alterity Therapeutics Limited American Depositary Shares,Nasdaq,News pending,,
2025-09-03,19:26:36,ATHE,Alterity Therapeutics Limited American Depositary Shares,Nasdaq,News pending,2025-09-08,07:05:00
2025-09-03,17:02:46,XIN,Xinyuan Real Estate Co. LTD. American Depositary Shares (each Representing twenty Common Shares),NYSE,News Released,,
2025-09-03,16:11:01,XIN,Xinyuan Real Estate Co. LTD. American Depositary Shares (each Representing twenty Common Shares),NYSE,News pending,See Subsequent Halt,See Subsequent Halt
2025-09-03,16:10:00,NEON,Neonode Inc. Common Stock,Nasdaq,News pending,2025-09-03,17:20:00
2025-09-03,16:01:00,NDLS,Noodles & Company Class A,Nasdaq,News pending,2025-09-03,16:35:00
2025-09-03,12:50:20,AUBN,Auburn National Bancorporation,Nasdaq,LULD pause,2025-09-03,12:55:20
2025-09-03,12:37:52,YDES,YD Bio Limited Ordinary Shares,Nasdaq,LULD pause,2025-09-03,12:42:52
2025-09-03,11:28:41,KLRS,"""Kalaris Therapeutics, Inc. Common Stock""",Nasdaq,LULD pause,2025-09-03,11:38:41
2025-09-03,11:23:05,KLRS,"""Kalaris Therapeutics, Inc. Common Stock""",Nasdaq,LULD pause,2025-09-03,11:28:05
2025-09-03,11:10:26,KLRS,"""Kalaris Therapeutics, Inc. Common Stock""",Nasdaq,LULD pause,2025-09-03,11:20:26
2025-09-03,10:58:28,NWGL,Nature Wood Group Limited American Depositary Shares,Nasdaq,LULD pause,2025-09-03,11:03:28
2025-09-03,10:58:13,WKSP,"""Worksport, Ltd. Common Stock""",Nasdaq,LULD pause,2025-09-03,11:23:10
2025-09-03,10:56:27,KLRS,"""Kalaris Therapeutics, Inc. Common Stock""",Nasdaq,LULD pause,2025-09-03,11:01:27
2025-09-03,10:47:58,ABTC,American Bitcoin Corp. Class A Common Stock,Nasdaq,LULD pause,2025-09-03,10:52:58
2025-09-03,10:40:12,ABTC,American Bitcoin Corp. Class A Common Stock,Nasdaq,LULD pause,2025-09-03,10:45:12
2025-09-03,10:32:56,IPDN,"""Professional Diversity Network, Inc.""",Nasdaq,LULD pause,2025-09-03,10:37:56
2025-09-03,10:30:54,ABTC,American Bitcoin Corp. Class A Common Stock,Nasdaq,LULD pause,2025-09-03,10:35:54
2025-09-03,10:29:56,BAOS,Baosheng Media Group Holdings Limited Ordinary shares,Nasdaq,LULD pause,2025-09-03,10:34:56
2025-09-03,10:26:50,IPDN,"""Professional Diversity Network, Inc.""",Nasdaq,LULD pause,2025-09-03,10:31:50
2025-09-03,10:24:43,TRNR,Interactive Strength Inc. Common Stock,Nasdaq,LULD pause,2025-09-03,10:29:43
2025-09-03,10:20:11,ABTC,American Bitcoin Corp. Class A Common Stock,Nasdaq,LULD pause,2025-09-03,10:30:11
2025-09-03,10:09:35,ABTC,American Bitcoin Corp. Class A Common Stock,Nasdaq,LULD pause,2025-09-03,10:19:35
2025-09-03,10:08:20,SINT,"""SiNtx Technologies, Inc. Common Stock""",Nasdaq,LULD pause,2025-09-03,10:13:20
2025-09-03,10:02:09,SINT,"""SiNtx Technologies, Inc. Common Stock""",Nasdaq,LULD pause,2025-09-03,10:07:09
2025-09-03,09:56:08,IPDN,"""Professional Diversity Network, Inc.""",Nasdaq,LULD pause,2025-09-03,10:06:08
2025-09-03,09:51:56,AIHS,Senmiao Technology Limited Common Stock,Nasdaq,LULD pause,2025-09-03,09:56:56
2025-09-03,09:46:52,OCG,Oriental Culture Holding LTD Ordinary Shares,Nasdaq,LULD pause,2025-09-03,09:51:52
2025-09-03,09:45:37,YDES,YD Bio Limited Ordinary Shares,Nasdaq,LULD pause,2025-09-03,09:50:37
2025-09-03,09:39:35,STI,"""Solidion Technology, Inc. Common Stock""",Nasdaq,LULD pause,2025-09-03,09:44:35
2025-09-03,09:33:12,IPDN,"""Professional Diversity Network, Inc.""",Nasdaq,LULD pause,2025-09-03,09:43:12
2025-09-03,09:33:11,SCAG,Scage Future American Depositary Shares,Nasdaq,LULD pause,2025-09-03,09:38:11
2025-09-03,08:14:40,NEXM,NexMetals Mining Corp. Common Shares,Nasdaq,News pending,2025-09-03,10:00:00
2025-09-03,07:50:00,BTBDW,"""BT Brands, Inc. Warrant""",Nasdaq,News pending,2025-09-03,08:30:00
2025-09-03,07:50:00,BTBD,"""BT Brands, Inc. Common Stock""",Nasdaq,News pending,2025-09-03,08:25:00
2025-09-02,19:50:00,GRYP,"""Gryphon Digital Mining, Inc Common Stock""",Nasdaq,News pending,,
2025-09-02,16:10:34,FLYY,"""Spirit Aviation Holdings, Inc.""",NYSE American,News Released,,
2025-09-02,15:15:16,BLIV,BeLive Holdings Ordinary Share,Nasdaq,LULD pause,2025-09-02,15:25:16
2025-09-02,15:06:57,BLIV,BeLive Holdings Ordinary Share,Nasdaq,LULD pause,2025-09-02,15:11:57
2025-09-02,14:24:00,ZTEK,Zentek Ltd. Common Stock,Nasdaq,LULD pause,2025-09-02,14:29:00
2025-09-02,13:28:04,LUD,Luda Technology Group Limited,NYSE American,LULD pause,2025-09-02,13:33:04
2025-09-02,13:11:22,LUD,Luda Technology Group Limited,NYSE American,LULD pause,2025-09-02,13:16:22
2025-09-02,13:05:44,LUD,Luda Technology Group Limited,NYSE American,LULD pause,2025-09-02,13:10:44
2025-09-02,12:17:33,SMTK,"""SmartKem, Inc. Common Stock""",Nasdaq,LULD pause,2025-09-02,12:22:33
2025-09-02,11:24:51,ZONE,CleanCore Solutions Inc.,NYSE American,LULD pause,2025-09-02,11:29:51
2025-09-02,10:38:45,LASE,Laser Photonics Corporation Common Stock,Nasdaq,LULD pause,2025-09-02,10:43:45
2025-09-02,10:29:15,SOGP,Sound Group Inc. American Depositary Shares,Nasdaq,LULD pause,2025-09-02,10:34:15
2025-09-02,10:26:07,DKI,DarkIris Inc. Class A Ordinary Shares,Nasdaq,LULD pause,2025-09-02,10:31:07
2025-09-02,10:24:30,LASE,Laser Photonics Corporation Common Stock,Nasdaq,LULD pause,2025-09-02,10:29:30
2025-09-02,10:19:37,UUU,"""Universal Safety Products, Inc.""",NYSE American,LULD pause,2025-09-02,10:24:37
2025-09-02,10:16:53,LASE,Laser Photonics Corporation Common Stock,Nasdaq,LULD pause,2025-09-02,10:21:53
2025-09-02,10:16:33,IPDN,"""Professional Diversity Network, Inc.""",Nasdaq,LULD pause,2025-09-02,10:21:33
2025-09-02,10:10:33,LASE,Laser Photonics Corporation Common Stock,Nasdaq,LULD pause,2025-09-02,10:15:33
2025-09-02,10:10:00,SOGP,Sound Group Inc. American Depositary Shares,Nasdaq,LULD pause,2025-09-02,10:15:00
2025-09-02,10:09:31,CJET,"""Chijet Motor Company, Inc. Ordinary Shares""",Nasdaq,LULD pause,2025-09-02,10:14:31
2025-09-02,10:05:27,HWH,HWH International Inc. Common Stock,Nasdaq,LULD pause,2025-09-02,10:10:27
2025-09-02,10:04:34,LASE,Laser Photonics Corporation Common Stock,Nasdaq,LULD pause,2025-09-02,10:09:34
2025-09-02,10:01:33,CJET,"""Chijet Motor Company, Inc. Ordinary Shares""",Nasdaq,LULD pause,2025-09-02,10:06:33
2025-09-02,09:50:59,QIDX,Indexperts Quality Earnings Focused ETF,NYSE Arca,LULD pause,2025-09-02,09:55:59
2025-09-02,09:50:28,MI,NFT Limited,NYSE American,LULD pause,2025-09-02,09:55:28
2025-09-02,09:43:40,IROHU,Iron Horse Acquisitions Corp. Unit,Nasdaq,LULD pause,2025-09-02,09:57:31
2025-09-02,09:43:37,CWD,CaliberCos Inc. Class A Common Stock,Nasdaq,LULD pause,2025-09-02,09:53:37
2025-09-02,09:39:55,HAPY,Harbor Human Capital Factor Unconstrained ETF,NYSE Arca,LULD pause,2025-09-02,09:44:55
2025-09-02,09:33:31,RILA,Indexperts Gorilla Aggressive Growth ETF,NYSE Arca,LULD pause,2025-09-02,09:38:31
2025-09-02,09:32:15,YDES,YD Bio Limited Ordinary Shares,Nasdaq,LULD pause,2025-09-02,09:37:15
2025-09-02,09:31:28,KPLT,"""Katapult Holdings, Inc. Common Stock""",Nasdaq,LULD pause,2025-09-02,09:41:28
2025-09-02,09:30:38,DDTS,Innovator Equity Dual Directional 10 Buffer ETF - September,Cboe BZX,LULD pause,2025-09-02,09:40:38
2025-09-02,08:40:30,BRDG,Bridge Investment Group Holdings Inc.,NYSE,Merger Effective,,
2025-09-02,07:00:00,IONS,"""Ionis Pharmaceuticals, Inc. Common Stock""",Nasdaq,News pending,2025-09-02,07:35:01
2025-09-02,06:55:00,UTHR,United Therapeutics Corp,Nasdaq,News pending,2025-09-02,07:40:01
2025-09-02,00:21:57,MCHB,Mechanics Bancorp Class A Common Stock,Nasdaq,News pending,2025-09-02,09:50:00
