Halt Date,Halt Time,Symbol,Name,Exchange,Reason,Resume Date,NYSE Resume Time
2026-03-31,19:50:51,BARK,"""BARK, Inc.""",NYSE,Corporate Action,2026-04-01,09:30:11
2026-03-31,19:50:51,BARK,"""BARK, Inc.""",NYSE,Corporate Action,,
2026-03-31,19:50:00,UCAR,U Power Limited Class A Ordinary Shares,Nasdaq,News pending,,
2026-03-31,19:50:00,UCAR,U Power Limited Class A Ordinary Shares,Nasdaq,News pending,2026-04-01,09:00:00
2026-03-31,19:50:00,OS,"""OneStream, Inc. Class A Common Stock""",Nasdaq,News pending,,
2026-03-31,19:50:00,AUUD,Auddia Inc. Common Stock,Nasdaq,News pending,2026-04-01,09:00:00
2026-03-31,19:50:00,AUUD,Auddia Inc. Common Stock,Nasdaq,News pending,,
2026-03-31,19:50:00,UBFO,United Security Bancshares,Nasdaq,News pending,,
2026-03-31,19:50:00,GLDD,Great Lakes Dredge & Dock Corporation,Nasdaq,News pending,,
2026-03-31,19:50:00,BLFY,Blue Foundry Bancorp Common Stock,Nasdaq,News pending,,
2026-03-31,15:33:06,UBXG,U-BX Technology Ltd. Class A Ordinary Shares,Nasdaq,LULD pause,2026-03-31,16:00:00
2026-03-31,15:24:09,NSA PRB,National Storage Affiliates Trust 6.000% Series B Cumulative Redeemable Preferred Shares of Beneficial Interest,NYSE,LULD pause,2026-03-31,15:32:02
2026-03-31,15:09:08,NCI,Neo-Concept International Group Holdings Limited Class A Ordinary Shares,Nasdaq,LULD pause,2026-03-31,15:14:08
2026-03-31,15:07:14,ELAB,PMGC Holdings Inc. Common Stock,Nasdaq,LULD pause,2026-03-31,15:12:14
2026-03-31,15:00:21,NCI,Neo-Concept International Group Holdings Limited Class A Ordinary Shares,Nasdaq,LULD pause,2026-03-31,15:05:21
2026-03-31,14:53:08,NCI,Neo-Concept International Group Holdings Limited Class A Ordinary Shares,Nasdaq,LULD pause,2026-03-31,14:58:08
2026-03-31,14:30:56,NCI,Neo-Concept International Group Holdings Limited Class A Ordinary Shares,Nasdaq,LULD pause,2026-03-31,14:45:57
2026-03-31,14:25:32,NCI,Neo-Concept International Group Holdings Limited Class A Ordinary Shares,Nasdaq,LULD pause,2026-03-31,14:30:32
2026-03-31,14:13:57,NCI,Neo-Concept International Group Holdings Limited Class A Ordinary Shares,Nasdaq,LULD pause,2026-03-31,14:23:57
2026-03-31,14:08:37,NCI,Neo-Concept International Group Holdings Limited Class A Ordinary Shares,Nasdaq,LULD pause,2026-03-31,14:13:37
2026-03-31,13:58:17,NCI,Neo-Concept International Group Holdings Limited Class A Ordinary Shares,Nasdaq,LULD pause,2026-03-31,14:08:17
2026-03-31,13:52:25,NCI,Neo-Concept International Group Holdings Limited Class A Ordinary Shares,Nasdaq,LULD pause,2026-03-31,13:57:25
2026-03-31,13:39:02,NCI,Neo-Concept International Group Holdings Limited Class A Ordinary Shares,Nasdaq,LULD pause,2026-03-31,13:44:02
2026-03-31,13:32:19,NCI,Neo-Concept International Group Holdings Limited Class A Ordinary Shares,Nasdaq,LULD pause,2026-03-31,13:37:19
2026-03-31,13:26:57,NCI,Neo-Concept International Group Holdings Limited Class A Ordinary Shares,Nasdaq,LULD pause,2026-03-31,13:31:57
2026-03-31,13:21:21,NCI,Neo-Concept International Group Holdings Limited Class A Ordinary Shares,Nasdaq,LULD pause,2026-03-31,13:26:21
2026-03-31,13:06:04,NCI,Neo-Concept International Group Holdings Limited Class A Ordinary Shares,Nasdaq,LULD pause,2026-03-31,13:21:04
2026-03-31,13:04:18,RDACU,Rising Dragon Acquisition Corp. Unit,Nasdaq,LULD pause,2026-03-31,13:09:18
2026-03-31,12:25:23,ELAB,PMGC Holdings Inc. Common Stock,Nasdaq,LULD pause,2026-03-31,12:30:23
2026-03-31,12:03:47,NCI,Neo-Concept International Group Holdings Limited Class A Ordinary Shares,Nasdaq,LULD pause,2026-03-31,13:05:46
2026-03-31,11:43:50,PHGE,BiomX Inc.,NYSE American,LULD pause,2026-03-31,11:48:50
2026-03-31,11:22:51,HSY,The Hershey Company,NYSE,News pending,2026-03-31,11:50:58
2026-03-31,11:00:52,TRUG,"""TruGolf Holdings, Inc. Class A Common Stock""",Nasdaq,LULD pause,2026-03-31,11:05:52
2026-03-31,10:55:24,TRUG,"""TruGolf Holdings, Inc. Class A Common Stock""",Nasdaq,LULD pause,2026-03-31,11:00:24
2026-03-31,10:50:07,TRUG,"""TruGolf Holdings, Inc. Class A Common Stock""",Nasdaq,LULD pause,2026-03-31,10:55:07
2026-03-31,10:49:30,PHGE,BiomX Inc.,NYSE American,LULD pause,2026-03-31,10:59:30
2026-03-31,09:56:26,MASK,3 E Network Technology Group Ltd Class A Ordinary Shares,Nasdaq,LULD pause,2026-03-31,10:01:26
2026-03-31,09:45:58,AIOS,AIOS Tech Inc. Class A Common Shares,Nasdaq,LULD pause,2026-03-31,09:50:58
2026-03-31,09:43:29,SOGP,Sound Group Inc. American Depositary Shares,Nasdaq,LULD pause,2026-03-31,09:48:29
2026-03-31,09:43:07,NPT,Texxon Holding Limited Ordinary shares,Nasdaq,LULD pause,2026-03-31,09:48:07
2026-03-31,09:40:36,AIOS,AIOS Tech Inc. Class A Common Shares,Nasdaq,LULD pause,2026-03-31,09:45:36
2026-03-31,09:38:24,FCHL,Fitness Champs Holdings Limited Common Stock,Nasdaq,LULD pause,2026-03-31,09:43:24
2026-03-31,09:36:43,HQ,Horizon Quantum Holdings Ltd. Class A Ordinary Shares,Nasdaq,LULD pause,2026-03-31,09:41:43
2026-03-31,09:34:49,TANH,Tantech Holdings Ltd. Class A Common Shares,Nasdaq,LULD pause,2026-03-31,09:39:49
2026-03-31,09:33:43,THY,Toews Agility Shares Dynamic Tactical Income ETF,NYSE Arca,LULD pause,2026-03-31,09:38:43
2026-03-31,09:31:55,NPT,Texxon Holding Limited Ordinary shares,Nasdaq,LULD pause,2026-03-31,09:36:55
2026-03-31,09:30:16,NCEW,New Century Logistics (BVI) Limited Ordinary Shares,Nasdaq,LULD pause,2026-03-31,09:40:16
2026-03-31,08:00:00,CRACW,Crown Reserve Acquisition Corp. I Warrant,Nasdaq,News pending,2026-03-31,08:40:00
2026-03-31,08:00:00,CRACU,Crown Reserve Acquisition Corp. I Unit,Nasdaq,News pending,2026-03-31,08:40:00
2026-03-31,08:00:00,CRACR,Crown Reserve Acquisition Corp. I Rights,Nasdaq,News pending,2026-03-31,08:40:00
2026-03-31,08:00:00,CRAC,Crown Reserve Acquisition Corp. I Class A Ordinary Shares,Nasdaq,News pending,2026-03-31,08:35:00
2026-03-31,07:55:00,IOBT,"""IO Biotech, Inc. Common Stock""",Nasdaq,News pending,2026-03-31,08:30:00
2026-03-30,19:50:14,AGL,"""agilon health, inc.""",NYSE,Corporate Action,,
2026-03-30,19:50:14,AGL,"""agilon health, inc.""",NYSE,Corporate Action,2026-03-31,09:34:05
2026-03-30,19:50:00,MODD,"""Modular Medical, Inc. Common Stock""",Nasdaq,News pending,2026-03-31,09:00:00
2026-03-30,19:50:00,MODD,"""Modular Medical, Inc. Common Stock""",Nasdaq,News pending,,
2026-03-30,19:50:00,PAVS,Paranovus Entertainment Technology Ltd. Class A Ordinary Shares,Nasdaq,News pending,,
2026-03-30,19:50:00,PAVS,Paranovus Entertainment Technology Ltd. Class A Ordinary Shares,Nasdaq,News pending,2026-03-31,09:00:00
2026-03-30,19:50:00,AKTX,Akari Therapeutics plc ADR (0.01 USD),Nasdaq,News pending,2026-03-31,09:00:00
2026-03-30,19:50:00,AKTX,Akari Therapeutics plc ADR (0.01 USD),Nasdaq,News pending,,
2026-03-30,17:55:00,RPAY,Repay Holdings Corporation Class A Common Stock,Nasdaq,News pending,2026-03-30,18:30:00
2026-03-30,16:01:00,PEPG,PepGen Inc. Common Stock,Nasdaq,News pending,2026-03-30,16:40:00
2026-03-30,16:00:10,AFBI,"""Affinity Bancshares, Inc. Common Stock (MD)""",Nasdaq,News pending,2026-03-30,17:25:00
2026-03-30,15:55:30,VACHU,Voyager Acquisition Corp Unit,Nasdaq,LULD pause,2026-03-30,16:02:25
2026-03-30,13:55:36,PMNT,Perfect Moment Ltd.,NYSE American,News pending,2026-03-30,14:35:00
2026-03-30,13:12:55,BFRG,"""Bullfrog AI Holdings, Inc. Common Stock""",Nasdaq,LULD pause,2026-03-30,13:17:55
2026-03-30,12:02:37,QNTM,Quantum Biopharma Ltd. Class B Subordinate Voting Shares,Nasdaq,LULD pause,2026-03-30,12:07:37
2026-03-30,11:50:10,QNTM,Quantum Biopharma Ltd. Class B Subordinate Voting Shares,Nasdaq,LULD pause,2026-03-30,12:00:10
2026-03-30,11:09:09,BFRG,"""Bullfrog AI Holdings, Inc. Common Stock""",Nasdaq,LULD pause,2026-03-30,11:14:09
2026-03-30,10:25:47,ROMA,Roma Green Finance Limited Class A Ordinary Shares,Nasdaq,LULD pause,2026-03-30,10:55:48
2026-03-30,10:19:12,MKDW,MKDWELL Tech Inc. Ordinary Share,Nasdaq,LULD pause,2026-03-30,10:24:12
2026-03-30,10:18:29,ASTC,Astrotech Corporation (DE) Common Stock,Nasdaq,LULD pause,2026-03-30,10:23:29
2026-03-30,10:15:30,ROMA,Roma Green Finance Limited Class A Ordinary Shares,Nasdaq,LULD pause,2026-03-30,10:25:30
2026-03-30,10:05:51,MKDW,MKDWELL Tech Inc. Ordinary Share,Nasdaq,LULD pause,2026-03-30,10:10:51
2026-03-30,10:00:14,MKDW,MKDWELL Tech Inc. Ordinary Share,Nasdaq,LULD pause,2026-03-30,10:05:14
2026-03-30,09:52:54,SVRN,OceanPal Inc. Common Stock,Nasdaq,LULD pause,2026-03-30,09:57:54
2026-03-30,09:50:37,GLND,Greenland Energy Company Common Stock,Nasdaq,LULD pause,2026-03-30,09:55:37
2026-03-30,09:50:14,ROMA,Roma Green Finance Limited Class A Ordinary Shares,Nasdaq,LULD pause,2026-03-30,10:15:15
2026-03-30,09:49:22,ATXG,Addentax Group Corp. Common Stock,Nasdaq,LULD pause,2026-03-30,09:54:22
2026-03-30,09:44:48,SVRN,OceanPal Inc. Common Stock,Nasdaq,LULD pause,2026-03-30,09:49:48
2026-03-30,09:44:00,MKDW,MKDWELL Tech Inc. Ordinary Share,Nasdaq,LULD pause,2026-03-30,09:59:01
2026-03-30,09:38:20,LUD,Luda Technology Group Limited,NYSE American,LULD pause,2026-03-30,09:43:20
2026-03-30,09:36:45,BFRG,"""Bullfrog AI Holdings, Inc. Common Stock""",Nasdaq,LULD pause,2026-03-30,09:41:45
2026-03-30,09:33:58,ROMA,Roma Green Finance Limited Class A Ordinary Shares,Nasdaq,LULD pause,2026-03-30,09:43:58
2026-03-30,09:33:39,MKDW,MKDWELL Tech Inc. Ordinary Share,Nasdaq,LULD pause,2026-03-30,09:43:40
2026-03-30,09:30:46,RWAYI,Runway Growth Finance Corp. 7.25% Notes due 2031,Nasdaq,LULD pause,2026-03-30,09:35:46
2026-03-30,09:30:19,ZDAI,"""DirectBooking Technology Co., Ltd. Class A Ordinary Shares""",Nasdaq,LULD pause,2026-03-30,09:35:19
2026-03-30,07:55:00,KZR,"""Kezar Life Sciences, Inc. Common Stock""",Nasdaq,News pending,2026-03-30,08:35:00
2026-03-27,19:50:00,FBLG,"""FibroBiologics, Inc. Common Stock""",Nasdaq,News pending,,
2026-03-27,19:50:00,FBLG,"""FibroBiologics, Inc. Common Stock""",Nasdaq,News pending,2026-03-30,09:00:00
2026-03-27,19:50:00,SVRN,OceanPal Inc. Common Stock,Nasdaq,News pending,,
2026-03-27,19:50:00,SVRN,OceanPal Inc. Common Stock,Nasdaq,News pending,2026-03-30,09:00:00
2026-03-27,19:50:00,ATXG,Addentax Group Corp. Common Stock,Nasdaq,News pending,,
2026-03-27,19:50:00,ATXG,Addentax Group Corp. Common Stock,Nasdaq,News pending,2026-03-30,09:00:00
2026-03-27,19:50:00,EJH,E-Home Household Service Holdings Limited Ordinary Shares,Nasdaq,News pending,,
2026-03-27,19:50:00,EJH,E-Home Household Service Holdings Limited Ordinary Shares,Nasdaq,News pending,2026-03-30,09:00:00
2026-03-27,15:53:40,VRM,"""Vroom, Inc. Common Stock""",Nasdaq,LULD pause,2026-03-27,16:00:00
2026-03-27,14:43:03,VSA,VisionSys AI Inc American Depositary Shares,Nasdaq,LULD pause,2026-03-27,14:48:03
2026-03-27,14:09:15,VSA,VisionSys AI Inc American Depositary Shares,Nasdaq,LULD pause,2026-03-27,14:34:17
2026-03-27,13:56:14,ARTL,"""Artelo Biosciences, Inc. Common Stock""",Nasdaq,LULD pause,2026-03-27,14:01:14
2026-03-27,13:36:24,ARTL,"""Artelo Biosciences, Inc. Common Stock""",Nasdaq,LULD pause,2026-03-27,13:41:24
2026-03-27,13:25:51,CDT,CDT Equity Inc. Common Stock,Nasdaq,LULD pause,2026-03-27,13:30:51
2026-03-27,12:31:12,VSA,VisionSys AI Inc American Depositary Shares,Nasdaq,LULD pause,2026-03-27,12:36:12
2026-03-27,12:12:22,ARTL,"""Artelo Biosciences, Inc. Common Stock""",Nasdaq,LULD pause,2026-03-27,12:22:23
2026-03-27,12:11:32,ZDAI,"""DirectBooking Technology Co., Ltd. Class A Ordinary Shares""",Nasdaq,LULD pause,2026-03-27,12:16:32
2026-03-27,12:08:18,ONCO,"""Onconetix, Inc. Common Stock""",Nasdaq,LULD pause,2026-03-27,12:13:18
2026-03-27,12:02:50,ONCO,"""Onconetix, Inc. Common Stock""",Nasdaq,LULD pause,2026-03-27,12:07:50
2026-03-27,12:00:56,FCHL,Fitness Champs Holdings Limited Common Stock,Nasdaq,LULD pause,2026-03-27,12:05:56
2026-03-27,11:51:40,ONCO,"""Onconetix, Inc. Common Stock""",Nasdaq,LULD pause,2026-03-27,12:01:40
2026-03-27,11:45:34,ARTL,"""Artelo Biosciences, Inc. Common Stock""",Nasdaq,LULD pause,2026-03-27,11:50:34
2026-03-27,11:36:54,VSA,VisionSys AI Inc American Depositary Shares,Nasdaq,LULD pause,2026-03-27,11:41:54
2026-03-27,11:29:30,ARTL,"""Artelo Biosciences, Inc. Common Stock""",Nasdaq,LULD pause,2026-03-27,11:39:30
2026-03-27,11:28:00,ONCO,"""Onconetix, Inc. Common Stock""",Nasdaq,LULD pause,2026-03-27,11:38:00
2026-03-27,11:18:46,ARTL,"""Artelo Biosciences, Inc. Common Stock""",Nasdaq,LULD pause,2026-03-27,11:28:46
2026-03-27,11:18:34,VCIC,Vine Hill Capital Investment Corp. Class A Ordinary Shares,Nasdaq,LULD pause,2026-03-27,11:28:34
2026-03-27,11:17:41,CYAB,"""Cyabra, Inc. Common Stock""",Nasdaq,LULD pause,2026-03-27,11:22:41
2026-03-27,11:16:08,ONCO,"""Onconetix, Inc. Common Stock""",Nasdaq,LULD pause,2026-03-27,11:26:08
2026-03-27,11:13:15,ARTL,"""Artelo Biosciences, Inc. Common Stock""",Nasdaq,LULD pause,2026-03-27,11:18:15
2026-03-27,11:11:44,BUR,Burford Capital Limited,NYSE,LULD pause,2026-03-27,11:16:47
2026-03-27,11:07:52,ARTL,"""Artelo Biosciences, Inc. Common Stock""",Nasdaq,LULD pause,2026-03-27,11:12:52
2026-03-27,11:05:34,BUR,Burford Capital Limited,NYSE,LULD pause,2026-03-27,11:11:09
2026-03-27,10:46:12,BUR,Burford Capital Limited,NYSE,LULD pause,2026-03-27,10:51:13
2026-03-27,10:38:45,MKDW,MKDWELL Tech Inc. Ordinary Share,Nasdaq,LULD pause,2026-03-27,10:43:45
2026-03-27,10:37:23,BUR,Burford Capital Limited,NYSE,LULD pause,2026-03-27,10:42:25
2026-03-27,10:37:03,CHSN,Chanson International Holding Class A Ordinary Shares,Nasdaq,LULD pause,2026-03-27,10:42:03
2026-03-27,10:30:25,BUR,Burford Capital Limited,NYSE,LULD pause,2026-03-27,10:35:26
2026-03-27,10:28:46,ARTL,"""Artelo Biosciences, Inc. Common Stock""",Nasdaq,LULD pause,2026-03-27,10:33:46
2026-03-27,10:28:35,MKDW,MKDWELL Tech Inc. Ordinary Share,Nasdaq,LULD pause,2026-03-27,10:33:35
2026-03-27,10:24:08,BUR,Burford Capital Limited,NYSE,LULD pause,2026-03-27,10:29:56
2026-03-27,10:23:40,CYAB,"""Cyabra, Inc. Common Stock""",Nasdaq,LULD pause,2026-03-27,10:28:40
2026-03-27,10:20:37,ITRM,Iterum Therapeutics plc Ordinary Share,Nasdaq,LULD pause,2026-03-27,10:25:37
2026-03-27,10:18:06,ARTL,"""Artelo Biosciences, Inc. Common Stock""",Nasdaq,LULD pause,2026-03-27,10:23:06
2026-03-27,10:17:38,BUR,Burford Capital Limited,NYSE,LULD pause,2026-03-27,10:22:41
2026-03-27,10:14:05,MKDW,MKDWELL Tech Inc. Ordinary Share,Nasdaq,LULD pause,2026-03-27,10:24:05
2026-03-27,10:11:25,ARTL,"""Artelo Biosciences, Inc. Common Stock""",Nasdaq,LULD pause,2026-03-27,10:16:25
2026-03-27,10:11:03,CYAB,"""Cyabra, Inc. Common Stock""",Nasdaq,LULD pause,2026-03-27,10:16:03
2026-03-27,10:04:57,CYAB,"""Cyabra, Inc. Common Stock""",Nasdaq,LULD pause,2026-03-27,10:09:57
2026-03-27,10:02:44,ONEG,OneConstruction Group Limited Ordinary Shares,Nasdaq,LULD pause,2026-03-27,10:12:44
2026-03-27,10:02:28,MKDW,MKDWELL Tech Inc. Ordinary Share,Nasdaq,LULD pause,2026-03-27,10:12:28
2026-03-27,09:58:26,ARTL,"""Artelo Biosciences, Inc. Common Stock""",Nasdaq,LULD pause,2026-03-27,10:08:26
2026-03-27,09:55:53,EEIQ,EpicQuest Education Group International Limited Common Stock,Nasdaq,LULD pause,2026-03-27,10:00:53
2026-03-27,09:55:19,MKDW,MKDWELL Tech Inc. Ordinary Share,Nasdaq,LULD pause,2026-03-27,10:00:19
2026-03-27,09:53:08,ARTL,"""Artelo Biosciences, Inc. Common Stock""",Nasdaq,LULD pause,2026-03-27,09:58:08
2026-03-27,09:52:38,VCX,"""Fundrise Innovation Fund, LLC""",NYSE,LULD pause,2026-03-27,09:57:45
2026-03-27,09:52:04,CYAB,"""Cyabra, Inc. Common Stock""",Nasdaq,LULD pause,2026-03-27,10:02:04
2026-03-27,09:52:01,ONEG,OneConstruction Group Limited Ordinary Shares,Nasdaq,LULD pause,2026-03-27,10:02:01
2026-03-27,09:50:12,ZDAI,"""DirectBooking Technology Co., Ltd. Class A Ordinary Shares""",Nasdaq,LULD pause,2026-03-27,09:55:12
2026-03-27,09:48:13,PAMT,PAMT CORP Common Stock,Nasdaq,LULD pause,2026-03-27,09:53:13
2026-03-27,09:42:47,ARTL,"""Artelo Biosciences, Inc. Common Stock""",Nasdaq,LULD pause,2026-03-27,09:52:47
2026-03-27,09:40:33,ONEG,OneConstruction Group Limited Ordinary Shares,Nasdaq,LULD pause,2026-03-27,09:51:11
2026-03-27,09:38:33,BLIV,BeLive Holdings Ordinary Share,Nasdaq,LULD pause,2026-03-27,09:43:33
2026-03-27,09:37:58,ONCO,"""Onconetix, Inc. Common Stock""",Nasdaq,LULD pause,2026-03-27,09:42:58
2026-03-27,09:34:13,ZDAI,"""DirectBooking Technology Co., Ltd. Class A Ordinary Shares""",Nasdaq,LULD pause,2026-03-27,09:39:13
2026-03-27,09:32:24,ARTL,"""Artelo Biosciences, Inc. Common Stock""",Nasdaq,LULD pause,2026-03-27,09:42:24
2026-03-27,09:32:14,ONCO,"""Onconetix, Inc. Common Stock""",Nasdaq,LULD pause,2026-03-27,09:37:14
2026-03-27,09:30:41,CDT,CDT Equity Inc. Common Stock,Nasdaq,LULD pause,2026-03-27,09:40:41
2026-03-27,09:17:21,ITRM,Iterum Therapeutics plc Ordinary Share,Nasdaq,News pending,2026-03-27,10:20:00
2026-03-26,19:50:00,CDTTW,CDT Equity Inc. Warrant,Nasdaq,News pending,2026-03-27,09:05:00
2026-03-26,19:50:00,CDTTW,CDT Equity Inc. Warrant,Nasdaq,News pending,,
2026-03-26,19:50:00,TRUG,"""TruGolf Holdings, Inc. Class A Common Stock""",Nasdaq,News pending,,
2026-03-26,19:50:00,TRUG,"""TruGolf Holdings, Inc. Class A Common Stock""",Nasdaq,News pending,2026-03-27,09:00:00
2026-03-26,19:50:00,CDT,CDT Equity Inc. Common Stock,Nasdaq,News pending,2026-03-27,09:00:00
2026-03-26,19:50:00,CDT,CDT Equity Inc. Common Stock,Nasdaq,News pending,,
2026-03-26,19:50:00,IVF,"""INVO Fertility, Inc. Common Stock""",Nasdaq,News pending,2026-03-27,09:00:00
2026-03-26,19:50:00,IVF,"""INVO Fertility, Inc. Common Stock""",Nasdaq,News pending,,
2026-03-26,19:50:00,LBGJ,Li Bang International Corporation Inc. Class A Ordinary Shares,Nasdaq,News pending,,
2026-03-26,19:50:00,LBGJ,Li Bang International Corporation Inc. Class A Ordinary Shares,Nasdaq,News pending,2026-03-27,09:00:00
2026-03-26,19:50:00,ADV,Advantage Solutions Inc. Class A Common Stock,Nasdaq,News pending,2026-03-27,09:00:00
2026-03-26,19:50:00,ADV,Advantage Solutions Inc. Class A Common Stock,Nasdaq,News pending,,
2026-03-26,15:21:32,VSA,VisionSys AI Inc American Depositary Shares,Nasdaq,LULD pause,2026-03-26,15:26:32
2026-03-26,15:07:15,VSA,VisionSys AI Inc American Depositary Shares,Nasdaq,LULD pause,2026-03-26,15:12:15
2026-03-26,14:49:53,VSA,VisionSys AI Inc American Depositary Shares,Nasdaq,LULD pause,2026-03-26,14:54:53
2026-03-26,14:47:35,UGRO,"""urban-gro, Inc. Common Stock""",Nasdaq,LULD pause,2026-03-26,14:52:35
2026-03-26,14:34:11,VCIC,Vine Hill Capital Investment Corp. Class A Ordinary Shares,Nasdaq,LULD pause,2026-03-26,14:39:11
2026-03-26,14:33:41,VCICU,Vine Hill Capital Investment Corp. Unit,Nasdaq,LULD pause,2026-03-26,14:38:41
2026-03-26,14:25:16,VCIC,Vine Hill Capital Investment Corp. Class A Ordinary Shares,Nasdaq,LULD pause,2026-03-26,14:30:16
2026-03-26,14:14:25,CHACU,Crane Harbor Acquistion Corp. Units,Nasdaq,LULD pause,2026-03-26,14:24:25
2026-03-26,14:12:57,VCIC,Vine Hill Capital Investment Corp. Class A Ordinary Shares,Nasdaq,LULD pause,2026-03-26,14:22:57
2026-03-26,14:05:48,CHACU,Crane Harbor Acquistion Corp. Units,Nasdaq,LULD pause,2026-03-26,14:10:48
2026-03-26,14:00:27,CHACU,Crane Harbor Acquistion Corp. Units,Nasdaq,LULD pause,2026-03-26,14:05:27
2026-03-26,13:30:49,TBMC,Trailblazer Merger Corporation I Class A Common Stock,Nasdaq,LULD pause,2026-03-26,13:56:01
2026-03-26,12:14:35,BF A,Brown-Forman Corporation Class A,NYSE,LULD pause,2026-03-26,12:19:35
2026-03-26,12:14:27,BF B,Brown-Forman Corporation Class B,NYSE,LULD pause,2026-03-26,12:20:50
2026-03-26,11:22:23,GLND,Greenland Energy Company Common Stock,Nasdaq,LULD pause,2026-03-26,11:27:23
2026-03-26,11:10:58,MGN,Megan Holdings Limited Class A Ordinary Shares,Nasdaq,LULD pause,2026-03-26,11:15:58
2026-03-26,11:04:07,GLND,Greenland Energy Company Common Stock,Nasdaq,LULD pause,2026-03-26,11:09:07
2026-03-26,10:51:46,UGRO,"""urban-gro, Inc. Common Stock""",Nasdaq,LULD pause,2026-03-26,10:56:46
2026-03-26,10:50:23,GLND,Greenland Energy Company Common Stock,Nasdaq,LULD pause,2026-03-26,10:55:23
2026-03-26,10:49:37,MGN,Megan Holdings Limited Class A Ordinary Shares,Nasdaq,LULD pause,2026-03-26,10:54:37
2026-03-26,10:46:44,ZBAI,ATIF Holdings Limited Ordinary Shares,Nasdaq,LULD pause,2026-03-26,10:51:44
2026-03-26,10:44:49,VACH,Voyager Acquisition Corp Class A Ordinary Shares,Nasdaq,LULD pause,2026-03-26,10:54:50
2026-03-26,10:39:31,GLND,Greenland Energy Company Common Stock,Nasdaq,LULD pause,2026-03-26,10:44:31
2026-03-26,10:31:00,GLND,Greenland Energy Company Common Stock,Nasdaq,LULD pause,2026-03-26,10:36:00
2026-03-26,10:30:38,UGRO,"""urban-gro, Inc. Common Stock""",Nasdaq,LULD pause,2026-03-26,10:35:38
2026-03-26,10:29:01,MGN,Megan Holdings Limited Class A Ordinary Shares,Nasdaq,LULD pause,2026-03-26,10:34:01
2026-03-26,10:22:04,EEIQ,EpicQuest Education Group International Limited Common Stock,Nasdaq,LULD pause,2026-03-26,10:32:04
2026-03-26,10:12:08,UGRO,"""urban-gro, Inc. Common Stock""",Nasdaq,LULD pause,2026-03-26,10:17:08
2026-03-26,10:12:00,CMBM,Cambium Networks Corporation Ordinary Shares,Nasdaq,LULD pause,2026-03-26,10:17:00
2026-03-26,10:11:55,GLND,Greenland Energy Company Common Stock,Nasdaq,LULD pause,2026-03-26,10:16:55
2026-03-26,10:06:46,UGRO,"""urban-gro, Inc. Common Stock""",Nasdaq,LULD pause,2026-03-26,10:11:46
2026-03-26,10:05:43,GLND,Greenland Energy Company Common Stock,Nasdaq,LULD pause,2026-03-26,10:10:43
2026-03-26,10:02:01,MGN,Megan Holdings Limited Class A Ordinary Shares,Nasdaq,LULD pause,2026-03-26,10:07:01
2026-03-26,10:01:25,UGRO,"""urban-gro, Inc. Common Stock""",Nasdaq,LULD pause,2026-03-26,10:06:25
2026-03-26,10:00:34,EEIQ,EpicQuest Education Group International Limited Common Stock,Nasdaq,LULD pause,2026-03-26,10:05:34
2026-03-26,09:58:47,VCX,"""Fundrise Innovation Fund, LLC""",NYSE,LULD pause,2026-03-26,10:04:00
2026-03-26,09:56:31,MGN,Megan Holdings Limited Class A Ordinary Shares,Nasdaq,LULD pause,2026-03-26,10:01:31
2026-03-26,09:50:44,VACHU,Voyager Acquisition Corp Unit,Nasdaq,LULD pause,2026-03-26,09:55:44
2026-03-26,09:50:40,GLND,Greenland Energy Company Common Stock,Nasdaq,LULD pause,2026-03-26,10:00:40
2026-03-26,09:47:32,THCH,TH International Limited Ordinary shares,Nasdaq,LULD pause,2026-03-26,09:57:32
2026-03-26,09:46:08,VCX,"""Fundrise Innovation Fund, LLC""",NYSE,LULD pause,2026-03-26,09:51:16
2026-03-26,09:44:55,VACH,Voyager Acquisition Corp Class A Ordinary Shares,Nasdaq,LULD pause,2026-03-26,09:49:55
2026-03-26,09:42:58,MGN,Megan Holdings Limited Class A Ordinary Shares,Nasdaq,LULD pause,2026-03-26,09:47:58
2026-03-26,09:42:43,VACHU,Voyager Acquisition Corp Unit,Nasdaq,LULD pause,2026-03-26,09:47:43
2026-03-26,09:38:38,EAF,GrafTech International Ltd.,NYSE,LULD pause,2026-03-26,09:43:43
2026-03-26,09:38:33,GLND,Greenland Energy Company Common Stock,Nasdaq,LULD pause,2026-03-26,09:48:33
2026-03-26,09:38:17,CMBM,Cambium Networks Corporation Ordinary Shares,Nasdaq,LULD pause,2026-03-26,09:43:17
2026-03-26,09:37:35,LNAI,Lunai Bioworks Inc. Common Stock,Nasdaq,LULD pause,2026-03-26,09:42:35
2026-03-26,09:37:25,VCX,"""Fundrise Innovation Fund, LLC""",NYSE,LULD pause,2026-03-26,09:44:35
2026-03-26,09:37:17,EEIQ,EpicQuest Education Group International Limited Common Stock,Nasdaq,LULD pause,2026-03-26,09:42:17
2026-03-26,09:37:00,LIQT,"""LiqTech International, Inc.""",Nasdaq,LULD pause,2026-03-26,09:42:00
2026-03-26,09:36:41,MGN,Megan Holdings Limited Class A Ordinary Shares,Nasdaq,LULD pause,2026-03-26,09:41:41
2026-03-26,09:34:36,LMRI,"""Lumexa Imaging Holdings, Inc. Common Stock""",Nasdaq,LULD pause,2026-03-26,09:39:36
2026-03-26,09:32:51,GLND,Greenland Energy Company Common Stock,Nasdaq,LULD pause,2026-03-26,09:37:51
2026-03-26,09:31:12,MGN,Megan Holdings Limited Class A Ordinary Shares,Nasdaq,LULD pause,2026-03-26,09:36:12
2026-03-26,09:30:15,CVR,Chicago Rivet & Machine Co.,NYSE American,LULD pause,2026-03-26,09:40:15
2026-03-26,07:59:18,PULM,"""Pulmatrix, Inc. Common Stock""",Nasdaq,News pending,2026-03-26,08:30:00
2026-03-25,19:50:00,RENX,RenX Enterprises Corp. Common Stock,Nasdaq,News pending,2026-03-26,09:00:00
2026-03-25,19:50:00,RENX,RenX Enterprises Corp. Common Stock,Nasdaq,News pending,,
2026-03-25,19:50:00,CMCT,Creative Media & Community Trust Corporation Common stock,Nasdaq,News pending,2026-03-26,09:00:00
2026-03-25,19:50:00,CMCT,Creative Media & Community Trust Corporation Common stock,Nasdaq,News pending,,
2026-03-25,17:37:48,NOTE WS,"""FiscalNote Holdings, Inc. Warrants entitles holder to purchase 0.130952 of a share of Class A Common Stock at a price of $87.82 per share""",NYSE,News Released,,
2026-03-25,17:37:48,NOTE,"""FiscalNote Holdings, Inc.""",NYSE,News Released,,
2026-03-25,16:05:38,NOTE WS,"""FiscalNote Holdings, Inc. Warrants entitles holder to purchase 0.130952 of a share of Class A Common Stock at a price of $87.82 per share""",NYSE,Regulatory Concern,See Subsequent Halt,See Subsequent Halt
2026-03-25,16:05:38,NOTE,"""FiscalNote Holdings, Inc.""",NYSE,Regulatory Concern,See Subsequent Halt,See Subsequent Halt
2026-03-25,15:46:45,UGRO,"""urban-gro, Inc. Common Stock""",Nasdaq,LULD pause,2026-03-25,16:00:00
2026-03-25,15:36:05,UGRO,"""urban-gro, Inc. Common Stock""",Nasdaq,LULD pause,2026-03-25,15:46:06
2026-03-25,15:28:53,UGRO,"""urban-gro, Inc. Common Stock""",Nasdaq,LULD pause,2026-03-25,15:33:53
2026-03-25,15:18:29,UGRO,"""urban-gro, Inc. Common Stock""",Nasdaq,LULD pause,2026-03-25,15:28:29
2026-03-25,15:08:09,UGRO,"""urban-gro, Inc. Common Stock""",Nasdaq,LULD pause,2026-03-25,15:18:10
2026-03-25,14:57:50,UGRO,"""urban-gro, Inc. Common Stock""",Nasdaq,LULD pause,2026-03-25,15:07:50
2026-03-25,14:45:12,UGRO,"""urban-gro, Inc. Common Stock""",Nasdaq,LULD pause,2026-03-25,14:50:12
2026-03-25,14:34:30,UGRO,"""urban-gro, Inc. Common Stock""",Nasdaq,LULD pause,2026-03-25,14:44:30
2026-03-25,13:51:12,HSPT,Horizon Space Acquisition II Corp. Ordinary share,Nasdaq,LULD pause,2026-03-25,13:56:12
2026-03-25,11:29:36,NXTT,Next Technology Holding Inc. Ordinary Shares,Nasdaq,LULD pause,2026-03-25,11:34:36
2026-03-25,10:56:08,FGL,Founder Group Limited Class A Ordinary Shares,Nasdaq,LULD pause,2026-03-25,11:06:08
2026-03-25,10:56:07,HSPT,Horizon Space Acquisition II Corp. Ordinary share,Nasdaq,LULD pause,2026-03-25,11:01:07
2026-03-25,10:30:02,CORT,Corcept Therapeutics Inc.,Nasdaq,LULD pause,2026-03-25,10:57:18
2026-03-25,10:20:53,NXTT,Next Technology Holding Inc. Ordinary Shares,Nasdaq,LULD pause,2026-03-25,10:25:53
2026-03-25,10:10:06,NXTT,Next Technology Holding Inc. Ordinary Shares,Nasdaq,LULD pause,2026-03-25,10:15:06
2026-03-25,10:00:23,VCX,"""Fundrise Innovation Fund, LLC""",NYSE,LULD pause,2026-03-25,10:05:29
2026-03-25,09:58:46,NXTT,Next Technology Holding Inc. Ordinary Shares,Nasdaq,LULD pause,2026-03-25,10:03:46
2026-03-25,09:51:27,NXTT,Next Technology Holding Inc. Ordinary Shares,Nasdaq,LULD pause,2026-03-25,09:56:27
2026-03-25,09:44:48,NXTT,Next Technology Holding Inc. Ordinary Shares,Nasdaq,LULD pause,2026-03-25,09:49:48
2026-03-25,09:42:03,QNRX,"""Quoin Pharmaceuticals, Ltd. American Depositary Shares""",Nasdaq,LULD pause,2026-03-25,09:47:03
2026-03-25,09:39:32,UGRO,"""urban-gro, Inc. Common Stock""",Nasdaq,LULD pause,2026-03-25,09:44:32
2026-03-25,09:33:15,QNRX,"""Quoin Pharmaceuticals, Ltd. American Depositary Shares""",Nasdaq,LULD pause,2026-03-25,09:38:15
2026-03-25,09:31:56,DOJE,REX-Osprey DOGE ETF,Cboe BZX,LULD pause,2026-03-25,09:36:56
2026-03-25,09:30:18,ARMW,Roundhill ARM WeeklyPay ETF,Cboe BZX,LULD pause,2026-03-25,09:40:18
2026-03-25,09:30:15,SRPU,Tradr 2X Long SRPT Daily ETF,Cboe BZX,LULD pause,2026-03-25,09:40:15
2026-03-25,07:55:00,NDRA,ENDRA Life Sciences Inc. Common Stock,Nasdaq,News pending,2026-03-25,08:30:00
2026-03-24,19:50:00,ONCO,"""Onconetix, Inc. Common Stock""",Nasdaq,News pending,,
2026-03-24,19:50:00,ONCO,"""Onconetix, Inc. Common Stock""",Nasdaq,News pending,2026-03-25,09:00:00
2026-03-24,19:50:00,XTLB,XTL Biopharmaceuticals Ltd. American Depositary Shares,Nasdaq,News pending,,
2026-03-24,19:50:00,XTLB,XTL Biopharmaceuticals Ltd. American Depositary Shares,Nasdaq,News pending,2026-03-25,09:00:00
2026-03-24,15:10:05,PAVS,Paranovus Entertainment Technology Ltd. Class A Ordinary Shares,Nasdaq,LULD pause,2026-03-24,15:20:05
2026-03-24,13:59:32,SSM,Sono Group N.V. Ordinary Shares,Nasdaq,LULD pause,2026-03-24,14:04:32
2026-03-24,13:59:09,TJGC,TJGC Group Limited Ordinary Shares,Nasdaq,LULD pause,2026-03-24,14:04:09
2026-03-24,13:56:51,RDGT,"""Ridgetech, Inc. Ordinary Shares""",Nasdaq,LULD pause,2026-03-24,14:01:51
2026-03-24,13:37:39,RDGT,"""Ridgetech, Inc. Ordinary Shares""",Nasdaq,LULD pause,2026-03-24,13:42:39
2026-03-24,13:24:45,RDGT,"""Ridgetech, Inc. Ordinary Shares""",Nasdaq,LULD pause,2026-03-24,13:29:45
2026-03-24,13:15:40,RDGT,"""Ridgetech, Inc. Ordinary Shares""",Nasdaq,LULD pause,2026-03-24,13:20:40
2026-03-24,12:51:42,RDGT,"""Ridgetech, Inc. Ordinary Shares""",Nasdaq,LULD pause,2026-03-24,12:56:42
2026-03-24,12:12:22,RDGT,"""Ridgetech, Inc. Ordinary Shares""",Nasdaq,LULD pause,2026-03-24,12:17:22
2026-03-24,12:04:38,RDGT,"""Ridgetech, Inc. Ordinary Shares""",Nasdaq,LULD pause,2026-03-24,12:09:38
2026-03-24,11:59:15,RDGT,"""Ridgetech, Inc. Ordinary Shares""",Nasdaq,LULD pause,2026-03-24,12:04:15
2026-03-24,11:51:40,RDGT,"""Ridgetech, Inc. Ordinary Shares""",Nasdaq,LULD pause,2026-03-24,11:56:40
2026-03-24,11:43:42,RDGT,"""Ridgetech, Inc. Ordinary Shares""",Nasdaq,LULD pause,2026-03-24,11:48:42
2026-03-24,11:29:03,RDGT,"""Ridgetech, Inc. Ordinary Shares""",Nasdaq,LULD pause,2026-03-24,11:34:03
2026-03-24,11:22:52,RDGT,"""Ridgetech, Inc. Ordinary Shares""",Nasdaq,LULD pause,2026-03-24,11:27:52
2026-03-24,11:17:02,RDGT,"""Ridgetech, Inc. Ordinary Shares""",Nasdaq,LULD pause,2026-03-24,11:22:02
2026-03-24,11:11:16,RDGT,"""Ridgetech, Inc. Ordinary Shares""",Nasdaq,LULD pause,2026-03-24,11:16:16
2026-03-24,11:05:07,RDGT,"""Ridgetech, Inc. Ordinary Shares""",Nasdaq,LULD pause,2026-03-24,11:10:07
2026-03-24,10:59:28,RDGT,"""Ridgetech, Inc. Ordinary Shares""",Nasdaq,LULD pause,2026-03-24,11:04:28
2026-03-24,10:53:53,RDGT,"""Ridgetech, Inc. Ordinary Shares""",Nasdaq,LULD pause,2026-03-24,10:58:53
2026-03-24,10:48:26,RDGT,"""Ridgetech, Inc. Ordinary Shares""",Nasdaq,LULD pause,2026-03-24,10:53:26
2026-03-24,10:38:34,RDGT,"""Ridgetech, Inc. Ordinary Shares""",Nasdaq,LULD pause,2026-03-24,10:43:34
2026-03-24,10:33:11,RDGT,"""Ridgetech, Inc. Ordinary Shares""",Nasdaq,LULD pause,2026-03-24,10:38:11
2026-03-24,10:27:14,RDGT,"""Ridgetech, Inc. Ordinary Shares""",Nasdaq,LULD pause,2026-03-24,10:32:14
2026-03-24,10:23:59,RDACU,Rising Dragon Acquisition Corp. Unit,Nasdaq,LULD pause,2026-03-24,10:28:59
2026-03-24,10:15:10,RDGT,"""Ridgetech, Inc. Ordinary Shares""",Nasdaq,LULD pause,2026-03-24,10:20:10
2026-03-24,10:08:56,RDGT,"""Ridgetech, Inc. Ordinary Shares""",Nasdaq,LULD pause,2026-03-24,10:13:56
2026-03-24,10:03:15,RDGT,"""Ridgetech, Inc. Ordinary Shares""",Nasdaq,LULD pause,2026-03-24,10:08:15
2026-03-24,10:01:12,VCX,"""Fundrise Innovation Fund, LLC""",NYSE,LULD pause,2026-03-24,10:07:12
2026-03-24,09:57:44,RDGT,"""Ridgetech, Inc. Ordinary Shares""",Nasdaq,LULD pause,2026-03-24,10:02:44
2026-03-24,09:53:08,VCX,"""Fundrise Innovation Fund, LLC""",NYSE,LULD pause,2026-03-24,10:00:49
2026-03-24,09:50:17,RDGT,"""Ridgetech, Inc. Ordinary Shares""",Nasdaq,LULD pause,2026-03-24,09:55:17
2026-03-24,09:47:43,DXST,Decent Holding Inc Class A Ordinary Shares,Nasdaq,LULD pause,2026-03-24,09:57:43
2026-03-24,09:41:34,DXST,Decent Holding Inc Class A Ordinary Shares,Nasdaq,LULD pause,2026-03-24,09:46:34
2026-03-24,09:40:33,VCX,"""Fundrise Innovation Fund, LLC""",NYSE,LULD pause,2026-03-24,09:45:41
2026-03-24,09:37:42,UGRO,"""urban-gro, Inc. Common Stock""",Nasdaq,LULD pause,2026-03-24,09:42:42
2026-03-24,09:36:01,LICN,Lichen China Limited Class A Ordinary Shares,Nasdaq,LULD pause,2026-03-24,09:41:01
2026-03-24,09:30:16,LICN,Lichen China Limited Class A Ordinary Shares,Nasdaq,LULD pause,2026-03-24,09:35:16
2026-03-24,06:56:12,KPTI,Karyopharm Therapeutics Inc.,Nasdaq,News pending,2026-03-24,07:30:00
2026-03-23,19:50:21,FUBO,FuboTV Inc.,NYSE,Corporate Action,,
2026-03-23,19:50:21,FUBO,FuboTV Inc.,NYSE,Corporate Action,2026-03-24,09:31:40
2026-03-23,15:38:34,HDLB,"""ETRACS Monthly Pay 2xLeveraged US High Dividend Low Volatility ETN Series B due October 21, 2049""",NYSE Arca,LULD pause,2026-03-23,15:43:34
2026-03-23,15:32:09,RDACU,Rising Dragon Acquisition Corp. Unit,Nasdaq,LULD pause,2026-03-23,16:00:00
2026-03-23,15:31:35,GIGGU,GigCapital7 Corp. Unit,Nasdaq,LULD pause,2026-03-23,15:36:35
2026-03-23,15:22:33,AHMA,Ambitions Enterprise Management Co. L.L.C Class A Ordinary Shares,Nasdaq,LULD pause,2026-03-23,15:27:33
2026-03-23,15:16:33,AHMA,Ambitions Enterprise Management Co. L.L.C Class A Ordinary Shares,Nasdaq,LULD pause,2026-03-23,15:21:33
2026-03-23,15:10:56,AHMA,Ambitions Enterprise Management Co. L.L.C Class A Ordinary Shares,Nasdaq,LULD pause,2026-03-23,15:15:56
2026-03-23,15:03:32,VRM,"""Vroom, Inc. Common Stock""",Nasdaq,LULD pause,2026-03-23,15:13:32
2026-03-23,13:58:45,AHMA,Ambitions Enterprise Management Co. L.L.C Class A Ordinary Shares,Nasdaq,LULD pause,2026-03-23,14:03:45
2026-03-23,13:53:13,AHMA,Ambitions Enterprise Management Co. L.L.C Class A Ordinary Shares,Nasdaq,LULD pause,2026-03-23,13:58:13
2026-03-23,13:40:59,AHMA,Ambitions Enterprise Management Co. L.L.C Class A Ordinary Shares,Nasdaq,LULD pause,2026-03-23,13:45:59
2026-03-23,13:34:25,AHMA,Ambitions Enterprise Management Co. L.L.C Class A Ordinary Shares,Nasdaq,LULD pause,2026-03-23,13:39:25
2026-03-23,13:28:16,AHMA,Ambitions Enterprise Management Co. L.L.C Class A Ordinary Shares,Nasdaq,LULD pause,2026-03-23,13:33:16
2026-03-23,13:15:52,AHMA,Ambitions Enterprise Management Co. L.L.C Class A Ordinary Shares,Nasdaq,LULD pause,2026-03-23,13:20:52
2026-03-23,13:05:35,AHMA,Ambitions Enterprise Management Co. L.L.C Class A Ordinary Shares,Nasdaq,LULD pause,2026-03-23,13:10:35
2026-03-23,12:54:38,AHMA,Ambitions Enterprise Management Co. L.L.C Class A Ordinary Shares,Nasdaq,LULD pause,2026-03-23,12:59:38
2026-03-23,12:48:15,AHMA,Ambitions Enterprise Management Co. L.L.C Class A Ordinary Shares,Nasdaq,LULD pause,2026-03-23,12:53:15
2026-03-23,12:39:12,RDGT,"""Ridgetech, Inc. Ordinary Shares""",Nasdaq,LULD pause,2026-03-23,12:44:12
2026-03-23,12:36:33,AHMA,Ambitions Enterprise Management Co. L.L.C Class A Ordinary Shares,Nasdaq,LULD pause,2026-03-23,12:46:33
2026-03-23,12:33:31,RDGT,"""Ridgetech, Inc. Ordinary Shares""",Nasdaq,LULD pause,2026-03-23,12:38:31
2026-03-23,12:32:36,PTLE,PTL LTD Class A Ordinary Shares,Nasdaq,LULD pause,2026-03-23,12:37:36
2026-03-23,12:26:26,PTLE,PTL LTD Class A Ordinary Shares,Nasdaq,LULD pause,2026-03-23,12:31:26
2026-03-23,12:26:14,AHMA,Ambitions Enterprise Management Co. L.L.C Class A Ordinary Shares,Nasdaq,LULD pause,2026-03-23,12:36:14
2026-03-23,12:15:56,AHMA,Ambitions Enterprise Management Co. L.L.C Class A Ordinary Shares,Nasdaq,LULD pause,2026-03-23,12:25:56
2026-03-23,12:05:37,AHMA,Ambitions Enterprise Management Co. L.L.C Class A Ordinary Shares,Nasdaq,LULD pause,2026-03-23,12:15:37
2026-03-23,11:58:38,RDGT,"""Ridgetech, Inc. Ordinary Shares""",Nasdaq,LULD pause,2026-03-23,12:08:38
2026-03-23,11:55:12,AHMA,Ambitions Enterprise Management Co. L.L.C Class A Ordinary Shares,Nasdaq,LULD pause,2026-03-23,12:05:12
2026-03-23,11:49:29,AHMA,Ambitions Enterprise Management Co. L.L.C Class A Ordinary Shares,Nasdaq,LULD pause,2026-03-23,11:54:29
2026-03-23,11:48:38,RDGT,"""Ridgetech, Inc. Ordinary Shares""",Nasdaq,LULD pause,2026-03-23,11:53:38
2026-03-23,11:39:10,AHMA,Ambitions Enterprise Management Co. L.L.C Class A Ordinary Shares,Nasdaq,LULD pause,2026-03-23,11:49:10
2026-03-23,11:37:58,RDGT,"""Ridgetech, Inc. Ordinary Shares""",Nasdaq,LULD pause,2026-03-23,11:47:58
2026-03-23,11:33:46,AHMA,Ambitions Enterprise Management Co. L.L.C Class A Ordinary Shares,Nasdaq,LULD pause,2026-03-23,11:38:46
2026-03-23,11:32:16,RDGT,"""Ridgetech, Inc. Ordinary Shares""",Nasdaq,LULD pause,2026-03-23,11:37:16
2026-03-23,11:22:49,AHMA,Ambitions Enterprise Management Co. L.L.C Class A Ordinary Shares,Nasdaq,LULD pause,2026-03-23,11:32:49
2026-03-23,11:21:29,RDGT,"""Ridgetech, Inc. Ordinary Shares""",Nasdaq,LULD pause,2026-03-23,11:31:30
2026-03-23,11:17:06,AHMA,Ambitions Enterprise Management Co. L.L.C Class A Ordinary Shares,Nasdaq,LULD pause,2026-03-23,11:22:06
2026-03-23,11:16:42,PTLE,PTL LTD Class A Ordinary Shares,Nasdaq,LULD pause,2026-03-23,11:21:42
2026-03-23,11:16:03,RDGT,"""Ridgetech, Inc. Ordinary Shares""",Nasdaq,LULD pause,2026-03-23,11:21:03
2026-03-23,11:10:48,RDGT,"""Ridgetech, Inc. Ordinary Shares""",Nasdaq,LULD pause,2026-03-23,11:15:48
2026-03-23,11:09:52,FGI,FGI Industries Ltd. Ordinary Shares,Nasdaq,LULD pause,2026-03-23,11:19:52
2026-03-23,11:08:55,PTHS,Pelthos Therapeutics Inc.,NYSE American,LULD pause,2026-03-23,11:13:55
2026-03-23,11:05:33,PTLE,PTL LTD Class A Ordinary Shares,Nasdaq,LULD pause,2026-03-23,11:15:33
2026-03-23,10:59:56,PTLE,PTL LTD Class A Ordinary Shares,Nasdaq,LULD pause,2026-03-23,11:04:56
2026-03-23,10:54:21,PTLE,PTL LTD Class A Ordinary Shares,Nasdaq,LULD pause,2026-03-23,10:59:21
2026-03-23,10:48:42,PTLE,PTL LTD Class A Ordinary Shares,Nasdaq,LULD pause,2026-03-23,10:53:42
2026-03-23,10:48:20,VRM,"""Vroom, Inc. Common Stock""",Nasdaq,LULD pause,2026-03-23,10:58:20
2026-03-23,10:43:03,PTLE,PTL LTD Class A Ordinary Shares,Nasdaq,LULD pause,2026-03-23,10:48:03
2026-03-23,10:41:35,AHMA,Ambitions Enterprise Management Co. L.L.C Class A Ordinary Shares,Nasdaq,LULD pause,2026-03-23,10:46:35
2026-03-23,10:36:43,VRM,"""Vroom, Inc. Common Stock""",Nasdaq,LULD pause,2026-03-23,10:46:49
2026-03-23,10:33:50,PTLE,PTL LTD Class A Ordinary Shares,Nasdaq,LULD pause,2026-03-23,10:38:50
2026-03-23,10:33:28,RDGT,"""Ridgetech, Inc. Ordinary Shares""",Nasdaq,LULD pause,2026-03-23,11:10:27
2026-03-23,10:30:03,WSHP,WeShop Holdings Limited Class A Ordinary Shares,Nasdaq,LULD pause,2026-03-23,10:35:03
2026-03-23,10:28:24,PTLE,PTL LTD Class A Ordinary Shares,Nasdaq,LULD pause,2026-03-23,10:33:24
2026-03-23,10:23:02,RDGT,"""Ridgetech, Inc. Ordinary Shares""",Nasdaq,LULD pause,2026-03-23,10:33:02
2026-03-23,10:22:46,PTLE,PTL LTD Class A Ordinary Shares,Nasdaq,LULD pause,2026-03-23,10:27:46
2026-03-23,10:17:42,RDGT,"""Ridgetech, Inc. Ordinary Shares""",Nasdaq,LULD pause,2026-03-23,10:22:42
2026-03-23,10:03:01,GPMT PRA,Granite Point Mortgage Trust Inc. 7.00% Series A Fixed-to-Floating Rate Cumulative Redeemable Preferred Stock,NYSE,LULD pause,2026-03-23,10:08:01
2026-03-23,09:53:31,PTLE,PTL LTD Class A Ordinary Shares,Nasdaq,LULD pause,2026-03-23,10:21:57
2026-03-23,09:48:37,AHMA,Ambitions Enterprise Management Co. L.L.C Class A Ordinary Shares,Nasdaq,LULD pause,2026-03-23,09:53:37
2026-03-23,09:46:18,BGM,BGM Group Ltd. Class A Ordinary Shares,Nasdaq,LULD pause,2026-03-23,09:51:18
2026-03-23,09:43:21,YDES,YD Bio Limited Ordinary Shares,Nasdaq,LULD pause,2026-03-23,09:48:21
2026-03-23,09:41:42,AHMA,Ambitions Enterprise Management Co. L.L.C Class A Ordinary Shares,Nasdaq,LULD pause,2026-03-23,09:46:42
2026-03-23,09:39:42,HKIT,Hitek Global Inc. Class A Ordinary Share,Nasdaq,LULD pause,2026-03-23,09:44:42
2026-03-23,09:34:21,SMX,SMX (Security Matters) Public Limited Company Ordinary Shares,Nasdaq,LULD pause,2026-03-23,09:39:21
2026-03-23,09:33:28,HKIT,Hitek Global Inc. Class A Ordinary Share,Nasdaq,LULD pause,2026-03-23,09:38:28
2026-03-23,09:31:28,AHMA,Ambitions Enterprise Management Co. L.L.C Class A Ordinary Shares,Nasdaq,LULD pause,2026-03-23,09:36:28
2026-03-23,09:30:18,PW PRA,"""Power REIT  7.75% Series A Cumulative Redeemable Perpetual Preferred Stock, Liquidation Preference $25.00 per Share""",NYSE American,LULD pause,2026-03-23,09:35:18
2026-03-23,09:30:15,MWG,Multi Ways Holdings Limited,NYSE American,LULD pause,2026-03-23,09:40:15
2026-03-20,19:51:39,XFLT,XAI Octagon Floating Rate and Alternative Income Trust Common Shares of Beneficial Interest,NYSE,Corporate Action,,
2026-03-20,19:51:39,XFLT,XAI Octagon Floating Rate and Alternative Income Trust Common Shares of Beneficial Interest,NYSE,Corporate Action,2026-03-23,09:34:06
2026-03-20,19:51:12,OKLS,Defiance Daily Target 2X Short OKLO ETF,NYSE Arca,Corporate Action,,
2026-03-20,19:51:12,OKLS,Defiance Daily Target 2X Short OKLO ETF,NYSE Arca,Corporate Action,2026-03-23,09:00:00
2026-03-20,19:51:12,STSM,Defiance Daily Target 2X Short TSM ETF,NYSE Arca,Corporate Action,2026-03-23,09:00:00
2026-03-20,19:51:12,STSM,Defiance Daily Target 2X Short TSM ETF,NYSE Arca,Corporate Action,,
2026-03-20,19:50:00,YYGH,YY Group Holding Limited Class A Ordinary Shares,Nasdaq,News pending,,
2026-03-20,19:50:00,YYGH,YY Group Holding Limited Class A Ordinary Shares,Nasdaq,News pending,2026-03-23,09:00:00
2026-03-20,19:50:00,QPUX,Defiance 2X Daily Long Pure Quantum ETF,Nasdaq,News pending,2026-03-23,09:00:00
2026-03-20,19:50:00,QPUX,Defiance 2X Daily Long Pure Quantum ETF,Nasdaq,News pending,,
2026-03-20,19:50:00,FCHL,Fitness Champs Holdings Limited Common Stock,Nasdaq,News pending,2026-03-23,09:00:00
2026-03-20,19:50:00,FCHL,Fitness Champs Holdings Limited Common Stock,Nasdaq,News pending,,
2026-03-20,19:50:00,EUDAW,EUDA Health Holdings Limited Warrant,Nasdaq,News pending,2026-03-23,09:05:00
2026-03-20,19:50:00,EUDAW,EUDA Health Holdings Limited Warrant,Nasdaq,News pending,,
2026-03-20,19:50:00,QBTZ,Defiance Daily Target 2x Short QBTS ETF,Nasdaq,News pending,2026-03-23,09:00:00
2026-03-20,19:50:00,QBTZ,Defiance Daily Target 2x Short QBTS ETF,Nasdaq,News pending,,
2026-03-20,19:50:00,EUDA,EUDA Health Holdings Limited Ordinary Shares,Nasdaq,News pending,2026-03-23,09:00:00
2026-03-20,19:50:00,EUDA,EUDA Health Holdings Limited Ordinary Shares,Nasdaq,News pending,,
2026-03-20,19:50:00,JDZG,JIADE LIMITED Class A Ordinary Shares,Nasdaq,News pending,,
2026-03-20,19:50:00,JDZG,JIADE LIMITED Class A Ordinary Shares,Nasdaq,News pending,2026-03-23,09:00:00
2026-03-20,19:50:00,EXAS,Exact Sciences Corp,Nasdaq,News pending,,
2026-03-20,19:50:00,AREBW,"""American Rebel Holdings, Inc. Warrants""",Nasdaq,News pending,2026-04-27,11:05:00
2026-03-20,19:50:00,AREBW,"""American Rebel Holdings, Inc. Warrants""",Nasdaq,News pending,,
2026-03-20,19:50:00,OSCX,Defiance Daily Target 2x Long OSCR ETF,Nasdaq,News pending,,
2026-03-20,19:50:00,OSCX,Defiance Daily Target 2x Long OSCR ETF,Nasdaq,News pending,2026-03-23,09:00:00
2026-03-20,19:50:00,MST,Defiance Leveraged Long Income MSTR ETF,Nasdaq,News pending,,
2026-03-20,19:50:00,MST,Defiance Leveraged Long Income MSTR ETF,Nasdaq,News pending,2026-03-23,09:00:00
2026-03-20,19:50:00,AVXX,Defiance Daily Target 2x Long AVAV ETF,Nasdaq,News pending,2026-03-23,09:00:00
2026-03-20,19:50:00,AVXX,Defiance Daily Target 2x Long AVAV ETF,Nasdaq,News pending,,
2026-03-20,19:50:00,RKLZ,Defiance Daily Target 2x Short RKLB ETF,Nasdaq,News pending,,
2026-03-20,19:50:00,AZI,Autozi Internet Technology (Global) Ltd. Class A Ordinary Shares,Nasdaq,News pending,2026-03-23,09:00:00
2026-03-20,19:50:00,AZI,Autozi Internet Technology (Global) Ltd. Class A Ordinary Shares,Nasdaq,News pending,,
2026-03-20,19:50:00,RKLZ,Defiance Daily Target 2x Short RKLB ETF,Nasdaq,News pending,2026-03-23,09:00:00
2026-03-20,19:50:00,AREB,"""American Rebel Holdings, Inc. Common Stock""",Nasdaq,News pending,,
2026-03-20,19:50:00,AREB,"""American Rebel Holdings, Inc. Common Stock""",Nasdaq,News pending,2026-04-27,11:15:01
2026-03-20,15:57:00,SUPX,SuperX AI Technology Limited Ordinary Shares,Nasdaq,LULD pause,2026-03-20,16:00:00
2026-03-20,15:53:32,ZBAI,ATIF Holdings Limited Ordinary Shares,Nasdaq,LULD pause,2026-03-20,16:00:00
2026-03-20,11:28:05,INTJ,Intelligent Group Limited Class A Ordinary Shares,Nasdaq,LULD pause,2026-03-20,11:33:05
2026-03-20,10:55:56,ANNA,"""AleAnna, Inc. Class A Common Stock""",Nasdaq,LULD pause,2026-03-20,11:00:56
2026-03-20,10:44:34,VCX,"""Fundrise Innovation Fund, LLC""",NYSE,LULD pause,2026-03-20,10:49:49
2026-03-20,10:23:47,SBDS,"""Solo Brands, Inc.""",NYSE,LULD pause,2026-03-20,10:28:47
2026-03-20,09:58:44,UONEK,"""Urban One, Inc. Class D Common Stock""",Nasdaq,LULD pause,2026-03-20,10:03:44
2026-03-20,09:35:46,VCX,"""Fundrise Innovation Fund, LLC""",NYSE,LULD pause,2026-03-20,09:41:00
2026-03-20,09:32:42,BRAI,Braiin Limited Common Stock,Nasdaq,LULD pause,2026-03-20,09:47:43
2026-03-20,09:31:21,MFI,mF International Limited Class A Ordinary Shares,Nasdaq,LULD pause,2026-03-20,09:36:21
2026-03-20,09:30:18,GOAI,Eva Live Inc. Common Stock,Nasdaq,LULD pause,2026-03-20,09:40:18
2026-03-20,08:15:28,NGD,New Gold Inc.,NYSE American,Merger Effective,,
2026-03-20,06:34:36,TGNA,TEGNA Inc.,NYSE,Merger Effective,,
2026-03-19,19:50:20,MPL,Defiance Daily Target 2X Long MP ETF,NYSE Arca,Corporate Action,2026-03-20,09:00:00
2026-03-19,19:50:20,MPL,Defiance Daily Target 2X Long MP ETF,NYSE Arca,Corporate Action,,
2026-03-19,19:50:20,IRE,Defiance Daily Target 2X Long IREN ETF,NYSE Arca,Corporate Action,2026-03-20,09:00:00
2026-03-19,19:50:20,IRE,Defiance Daily Target 2X Long IREN ETF,NYSE Arca,Corporate Action,,
2026-03-19,19:50:20,QSU,Defiance Daily Target 2X Long QS ETF,NYSE Arca,Corporate Action,,
2026-03-19,19:50:20,QSU,Defiance Daily Target 2X Long QS ETF,NYSE Arca,Corporate Action,2026-03-20,09:00:00
2026-03-19,19:50:00,ORGNW,"""Origin Materials, Inc. Warrants""",Nasdaq,News pending,2026-03-20,09:05:00
2026-03-19,19:50:00,ORGNW,"""Origin Materials, Inc. Warrants""",Nasdaq,News pending,,
2026-03-19,19:50:00,ORGN,"""Origin Materials, Inc. Common Stock""",Nasdaq,News pending,,
2026-03-19,19:50:00,ORGN,"""Origin Materials, Inc. Common Stock""",Nasdaq,News pending,2026-03-20,09:00:00
2026-03-19,19:50:00,CIIT,"""Tianci International, Inc. Common Stock""",Nasdaq,News pending,,
2026-03-19,19:50:00,CIIT,"""Tianci International, Inc. Common Stock""",Nasdaq,News pending,2026-03-20,09:00:00
2026-03-19,19:50:00,ORCX,Defiance Daily Target 2X Long ORCL ETF,Nasdaq,News pending,2026-03-20,09:00:00
2026-03-19,19:50:00,ORCX,Defiance Daily Target 2X Long ORCL ETF,Nasdaq,News pending,,
2026-03-19,19:50:00,DKNX,Defiance Daily Target 2X Long DKNG ETF,Nasdaq,News pending,2026-03-20,09:00:00
2026-03-19,19:50:00,DKNX,Defiance Daily Target 2X Long DKNG ETF,Nasdaq,News pending,,
2026-03-19,18:25:05,RYTM,"""Rhythm Pharmaceuticals, Inc. Common Stock""",Nasdaq,News pending,2026-03-19,19:05:00
2026-03-19,15:13:58,SAIH,SAIHEAT Limited Class A Ordinary Shares,Nasdaq,LULD pause,2026-03-19,15:18:58
2026-03-19,14:55:13,UOKA,MDJM LTD Class A Ordinary Shares,Nasdaq,LULD pause,2026-03-19,15:00:13
2026-03-19,13:44:36,VCX,"""Fundrise Innovation Fund, LLC""",NYSE,LULD pause,2026-03-19,13:49:43
2026-03-19,13:37:42,VCX,"""Fundrise Innovation Fund, LLC""",NYSE,LULD pause,2026-03-19,13:42:57
2026-03-19,13:29:20,VCX,"""Fundrise Innovation Fund, LLC""",NYSE,LULD pause,2026-03-19,13:37:03
2026-03-19,13:08:48,VCX,"""Fundrise Innovation Fund, LLC""",NYSE,LULD pause,2026-03-19,13:14:10
2026-03-19,12:58:35,VCX,"""Fundrise Innovation Fund, LLC""",NYSE,LULD pause,2026-03-19,13:05:15
2026-03-19,12:50:35,VCX,"""Fundrise Innovation Fund, LLC""",NYSE,LULD pause,2026-03-19,12:57:21
2026-03-19,12:49:38,LNZA,"""LanzaTech Global, Inc. Common Stock""",Nasdaq,LULD pause,2026-03-19,12:54:38
2026-03-19,12:41:16,VCX,"""Fundrise Innovation Fund, LLC""",NYSE,LULD pause,2026-03-19,12:46:48
2026-03-19,12:33:38,VCX,"""Fundrise Innovation Fund, LLC""",NYSE,LULD pause,2026-03-19,12:38:45
2026-03-19,12:24:34,VCX,"""Fundrise Innovation Fund, LLC""",NYSE,LULD pause,2026-03-19,12:33:16
2026-03-19,12:23:51,AZTR,Azitra Inc,NYSE American,News pending,2026-03-19,13:45:00
2026-03-19,12:20:10,LNZA,"""LanzaTech Global, Inc. Common Stock""",Nasdaq,LULD pause,2026-03-19,12:25:10
2026-03-19,12:16:57,VCX,"""Fundrise Innovation Fund, LLC""",NYSE,LULD pause,2026-03-19,12:24:12
2026-03-19,12:07:37,VCX,"""Fundrise Innovation Fund, LLC""",NYSE,LULD pause,2026-03-19,12:16:37
2026-03-19,12:02:29,LNZA,"""LanzaTech Global, Inc. Common Stock""",Nasdaq,LULD pause,2026-03-19,12:07:29
2026-03-19,11:54:57,VCX,"""Fundrise Innovation Fund, LLC""",NYSE,LULD pause,2026-03-19,12:06:55
2026-03-19,11:36:08,VCX,"""Fundrise Innovation Fund, LLC""",NYSE,LULD pause,2026-03-19,11:54:21
2026-03-19,11:28:09,VCX,"""Fundrise Innovation Fund, LLC""",NYSE,LULD pause,2026-03-19,11:34:31
2026-03-19,11:19:42,VCX,"""Fundrise Innovation Fund, LLC""",NYSE,LULD pause,2026-03-19,11:27:47
2026-03-19,10:01:28,GAUZ,Gauzy Ltd. Ordinary Shares,Nasdaq,LULD pause,2026-03-19,10:06:28
2026-03-19,09:59:17,SWMR,"""Swarmer, Inc Common Stock""",Nasdaq,LULD pause,2026-03-19,10:04:17
2026-03-19,09:47:58,DWSN,Dawson Geophysical Company New Common Stock,Nasdaq,LULD pause,2026-03-19,09:52:58
2026-03-19,09:47:55,GCDT,Green Circle Decarbonize Technology Limited,NYSE American,LULD pause,2026-03-19,09:52:55
2026-03-19,09:46:26,WETO,Wetour Robotics Limited Ordinary Shares,Nasdaq,LULD pause,2026-03-19,09:56:27
2026-03-19,09:32:30,VACH,Voyager Acquisition Corp Class A Ordinary Shares,Nasdaq,LULD pause,2026-03-19,09:37:30
2026-03-19,09:30:50,BABW,Roundhill BABA WeeklyPay ETF,Cboe BZX,LULD pause,2026-03-19,09:35:50
2026-03-19,08:02:34,TWO PRB,Two Harbors Investment Corp 7.625% Series B Fixed-to-Floating Rate Cumulative Redeemable Preferred Stock,NYSE,News pending,2026-03-19,08:20:20
2026-03-19,08:02:34,TWO PRC,Two Harbors Investment Corp 7.25% Series C Fixed-to-Floating Rate Cumulative Redeemable Preferred Stock,NYSE,News pending,2026-03-19,08:20:20
2026-03-19,08:02:34,TWOD,Two Harbors Investment Corp. 9.375% Senior Notes due 2030,NYSE,News pending,2026-03-19,08:20:20
2026-03-19,08:02:34,TWO PRA,Two Harbors Investment Corp 8.125% Series A Fixed-to-Floating Rate Cumulative Redeemable Preferred Stock ($25.00 liquidation preference per share),NYSE,News pending,2026-03-19,08:20:20
2026-03-19,08:02:34,TWO,Two Harbors Investment Corp.,NYSE,News pending,2026-03-19,08:20:20
2026-03-18,19:50:15,RIOX,Defiance Daily Target 2X Long RIOT ETF,NYSE Arca,Corporate Action,,
2026-03-18,19:50:15,RIOX,Defiance Daily Target 2X Long RIOT ETF,NYSE Arca,Corporate Action,2026-03-19,09:00:00
2026-03-18,19:50:00,VSTL,Defiance Daily Target 2X Long VST ETF,Nasdaq,News pending,,
2026-03-18,19:50:00,VSTL,Defiance Daily Target 2X Long VST ETF,Nasdaq,News pending,2026-03-19,09:00:00
2026-03-18,19:50:00,MSTX,Tidal Trust II Defiance Daily Target 2x Long MSTR ETF,Nasdaq,News pending,,
2026-03-18,19:50:00,MSTX,Tidal Trust II Defiance Daily Target 2x Long MSTR ETF,Nasdaq,News pending,2026-03-19,09:00:00
2026-03-18,19:50:00,RGTX,Defiance Daily Target 2X Long RGTI ETF,Nasdaq,News pending,2026-03-19,09:00:00
2026-03-18,19:50:00,RGTX,Defiance Daily Target 2X Long RGTI ETF,Nasdaq,News pending,,
2026-03-18,19:50:00,SOUX,Defiance Daily Target 2X Long SOUN ETF,Nasdaq,News pending,2026-03-19,09:00:00
2026-03-18,19:50:00,SOUX,Defiance Daily Target 2X Long SOUN ETF,Nasdaq,News pending,,
2026-03-18,19:50:00,IONX,Defiance Daily Target 2X Long IONQ ETF,Nasdaq,News pending,2026-03-19,09:00:00
2026-03-18,19:50:00,IONX,Defiance Daily Target 2X Long IONQ ETF,Nasdaq,News pending,,
2026-03-18,19:50:00,HOOX,Defiance Daily Target 2X Long HOOD ETF,Nasdaq,News pending,,
2026-03-18,19:50:00,HOOX,Defiance Daily Target 2X Long HOOD ETF,Nasdaq,News pending,2026-03-19,09:00:00
2026-03-18,19:50:00,HIMZ,Defiance Daily Target 2X Long HIMS ETF,Nasdaq,News pending,2026-03-19,09:00:00
2026-03-18,19:50:00,HIMZ,Defiance Daily Target 2X Long HIMS ETF,Nasdaq,News pending,,
2026-03-18,19:50:00,SMCX,Defiance Daily Target 2X Long SMCI ETF,Nasdaq,News pending,,
2026-03-18,19:50:00,SMCX,Defiance Daily Target 2X Long SMCI ETF,Nasdaq,News pending,2026-03-19,09:00:00
2026-03-18,15:02:33,GXAI,Gaxos.ai Inc. Common Stock,Nasdaq,LULD pause,2026-03-18,15:07:33
2026-03-18,13:29:27,AKA,a.k.a. Brands Holding Corp.,NYSE,LULD pause,2026-03-18,13:34:35
2026-03-18,13:19:47,AHT PRD,"""Ashford Hospitality Trust, Inc. 8.45% Series D""",NYSE,LULD pause,2026-03-18,13:24:57
2026-03-18,12:32:44,SWMR,"""Swarmer, Inc Common Stock""",Nasdaq,LULD pause,2026-03-18,12:37:44
2026-03-18,12:18:24,NPT,Texxon Holding Limited Ordinary shares,Nasdaq,LULD pause,2026-03-18,12:23:24
2026-03-18,12:09:30,NPT,Texxon Holding Limited Ordinary shares,Nasdaq,LULD pause,2026-03-18,12:14:30
2026-03-18,12:03:00,NPT,Texxon Holding Limited Ordinary shares,Nasdaq,LULD pause,2026-03-18,12:08:00
2026-03-18,11:56:38,ADXN,Addex Therapeutics Ltd American Depositary Shares,Nasdaq,LULD pause,2026-03-18,12:01:38
2026-03-18,11:06:31,SWMR,"""Swarmer, Inc Common Stock""",Nasdaq,LULD pause,2026-03-18,11:11:31
2026-03-18,10:47:35,SWMR,"""Swarmer, Inc Common Stock""",Nasdaq,LULD pause,2026-03-18,10:52:35
2026-03-18,10:45:47,AFJKU,"""Aimei Health Technology Co., Ltd Unit""",Nasdaq,LULD pause,2026-03-18,10:50:47
2026-03-18,10:42:46,ATGL,Alpha Technology Group Limited Class A Ordinary Shares,Nasdaq,LULD pause,2026-03-18,10:47:46
2026-03-18,10:36:13,CREG,Smart Powerr Corp. Common Stock,Nasdaq,LULD pause,2026-03-18,10:41:13
2026-03-18,10:33:28,LNKS,Linkers Industries Limited Class A Ordinary Shares,Nasdaq,LULD pause,2026-03-18,10:38:28
2026-03-18,10:28:54,TOXR,21Shares XRP ETF,Cboe BZX,LULD pause,2026-03-18,10:33:54
2026-03-18,10:22:31,LNKS,Linkers Industries Limited Class A Ordinary Shares,Nasdaq,LULD pause,2026-03-18,10:27:31
2026-03-18,10:16:47,LNKS,Linkers Industries Limited Class A Ordinary Shares,Nasdaq,LULD pause,2026-03-18,10:21:47
2026-03-18,10:15:26,NPT,Texxon Holding Limited Ordinary shares,Nasdaq,LULD pause,2026-03-18,10:20:26
2026-03-18,10:11:39,AFJKU,"""Aimei Health Technology Co., Ltd Unit""",Nasdaq,LULD pause,2026-03-18,10:16:39
2026-03-18,10:11:09,LNKS,Linkers Industries Limited Class A Ordinary Shares,Nasdaq,LULD pause,2026-03-18,10:16:09
2026-03-18,10:05:50,LNKS,Linkers Industries Limited Class A Ordinary Shares,Nasdaq,LULD pause,2026-03-18,10:10:50
2026-03-18,10:03:44,AIM,AIM ImmunoTech Inc.,NYSE American,LULD pause,2026-03-18,10:08:44
2026-03-18,10:02:28,ARTL,"""Artelo Biosciences, Inc. Common Stock""",Nasdaq,LULD pause,2026-03-18,10:07:28
2026-03-18,09:59:14,LNKS,Linkers Industries Limited Class A Ordinary Shares,Nasdaq,LULD pause,2026-03-18,10:04:14
2026-03-18,09:58:44,NPT,Texxon Holding Limited Ordinary shares,Nasdaq,LULD pause,2026-03-18,10:08:44
2026-03-18,09:48:54,LNKS,Linkers Industries Limited Class A Ordinary Shares,Nasdaq,LULD pause,2026-03-18,09:58:54
2026-03-18,09:45:58,AIM,AIM ImmunoTech Inc.,NYSE American,LULD pause,2026-03-18,09:50:58
2026-03-18,09:39:45,ARTL,"""Artelo Biosciences, Inc. Common Stock""",Nasdaq,LULD pause,2026-03-18,09:44:45
2026-03-18,09:36:31,AIM,AIM ImmunoTech Inc.,NYSE American,LULD pause,2026-03-18,09:41:31
2026-03-18,09:30:44,JXG,JX Luxventure Limited Common Stock,Nasdaq,LULD pause,2026-03-18,09:40:44
2026-03-18,09:30:42,AIM,AIM ImmunoTech Inc.,NYSE American,LULD pause,2026-03-18,09:35:42
2026-03-18,09:30:33,FTMA,Franklin Massachusetts Municipal Income ETF,NYSE Arca,LULD pause,2026-03-18,09:35:33
2026-03-17,19:50:20,COOK,"""Traeger, Inc.""",NYSE,Corporate Action,2026-03-18,09:41:52
2026-03-17,19:50:20,COOK,"""Traeger, Inc.""",NYSE,Corporate Action,,
2026-03-17,15:45:02,SWMR,"""Swarmer, Inc Common Stock""",Nasdaq,LULD pause,2026-03-17,16:00:00
2026-03-17,15:35:05,MRLN,"""Merlin, Inc. Common Stock""",Nasdaq,LULD pause,2026-03-17,15:45:05
2026-03-17,15:22:54,SWMR,"""Swarmer, Inc Common Stock""",Nasdaq,LULD pause,2026-03-17,15:27:54
2026-03-17,14:24:34,SWMR,"""Swarmer, Inc Common Stock""",Nasdaq,LULD pause,2026-03-17,14:29:34
2026-03-17,14:24:19,AIB,"""BlockchAIn Digital Infrastructure, Inc""",NYSE American,LULD pause,2026-03-17,14:34:19
2026-03-17,14:13:50,AIB,"""BlockchAIn Digital Infrastructure, Inc""",NYSE American,LULD pause,2026-03-17,14:23:50
2026-03-17,13:39:45,CREG,Smart Powerr Corp. Common Stock,Nasdaq,LULD pause,2026-03-17,13:44:45
2026-03-17,13:39:21,SWMR,"""Swarmer, Inc Common Stock""",Nasdaq,LULD pause,2026-03-17,13:44:21
2026-03-17,13:33:34,SWMR,"""Swarmer, Inc Common Stock""",Nasdaq,LULD pause,2026-03-17,13:38:34
2026-03-17,12:22:10,SWMR,"""Swarmer, Inc Common Stock""",Nasdaq,LULD pause,2026-03-17,12:27:10
2026-03-17,12:10:52,SWMR,"""Swarmer, Inc Common Stock""",Nasdaq,LULD pause,2026-03-17,12:20:52
2026-03-17,12:03:21,SWMR,"""Swarmer, Inc Common Stock""",Nasdaq,LULD pause,2026-03-17,12:08:21
2026-03-17,12:01:20,CGTL,Creative Global Technology Holdings Limited Class A Ordinary Shares,Nasdaq,LULD pause,2026-03-17,12:06:20
2026-03-17,11:44:04,SWMR,"""Swarmer, Inc Common Stock""",Nasdaq,LULD pause,2026-03-17,11:56:55
2026-03-17,11:35:12,JFU,9F Inc. American Depositary Shares,Nasdaq,LULD pause,2026-03-17,11:40:12
2026-03-17,11:33:43,SWMR,"""Swarmer, Inc Common Stock""",Nasdaq,LULD pause,2026-03-17,11:43:43
2026-03-17,11:23:17,SWMR,"""Swarmer, Inc Common Stock""",Nasdaq,LULD pause,2026-03-17,11:33:17
2026-03-17,11:07:25,SWMR,"""Swarmer, Inc Common Stock""",Nasdaq,LULD pause,2026-03-17,11:23:02
2026-03-17,10:47:14,BRAI,Braiin Limited Common Stock,Nasdaq,LULD pause,2026-03-17,10:52:14
2026-03-17,10:36:53,LNKS,Linkers Industries Limited Class A Ordinary Shares,Nasdaq,LULD pause,2026-03-17,10:41:53
2026-03-17,10:36:53,ODYS,Odysight.ai Inc. Common Stock,Nasdaq,LULD pause,2026-03-17,10:41:53
2026-03-17,10:23:05,AIB,"""BlockchAIn Digital Infrastructure, Inc""",NYSE American,LULD pause,2026-03-17,10:33:05
2026-03-17,10:19:31,UCAR,U Power Limited Class A Ordinary Shares,Nasdaq,LULD pause,2026-03-17,10:24:31
2026-03-17,10:13:52,UCAR,U Power Limited Class A Ordinary Shares,Nasdaq,LULD pause,2026-03-17,10:18:52
2026-03-17,10:12:38,AIB,"""BlockchAIn Digital Infrastructure, Inc""",NYSE American,LULD pause,2026-03-17,10:22:38
2026-03-17,10:12:03,SMX,SMX (Security Matters) Public Limited Company Ordinary Shares,Nasdaq,LULD pause,2026-03-17,10:17:03
2026-03-17,10:07:52,ORIS,Oriental Rise Holdings Limited Ordinary Shares,Nasdaq,LULD pause,2026-03-17,10:12:52
2026-03-17,10:05:59,AIB,"""BlockchAIn Digital Infrastructure, Inc""",NYSE American,LULD pause,2026-03-17,10:10:59
2026-03-17,10:05:57,UCAR,U Power Limited Class A Ordinary Shares,Nasdaq,LULD pause,2026-03-17,10:10:57
2026-03-17,10:03:02,SMX,SMX (Security Matters) Public Limited Company Ordinary Shares,Nasdaq,LULD pause,2026-03-17,10:08:02
2026-03-17,10:00:34,UCAR,U Power Limited Class A Ordinary Shares,Nasdaq,LULD pause,2026-03-17,10:05:34
2026-03-17,10:00:11,ORIS,Oriental Rise Holdings Limited Ordinary Shares,Nasdaq,LULD pause,2026-03-17,10:05:11
2026-03-17,09:55:49,CMTL,Comtech Telecommunications,Nasdaq,LULD pause,2026-03-17,10:05:49
2026-03-17,09:54:47,UCAR,U Power Limited Class A Ordinary Shares,Nasdaq,LULD pause,2026-03-17,09:59:47
2026-03-17,09:51:20,ZNB,Zeta Network Group Class A Ordinary Shares,Nasdaq,LULD pause,2026-03-17,09:56:20
2026-03-17,09:50:19,AIB,"""BlockchAIn Digital Infrastructure, Inc""",NYSE American,LULD pause,2026-03-17,10:05:20
2026-03-17,09:48:57,SMX,SMX (Security Matters) Public Limited Company Ordinary Shares,Nasdaq,LULD pause,2026-03-17,09:53:57
2026-03-17,09:48:50,UCAR,U Power Limited Class A Ordinary Shares,Nasdaq,LULD pause,2026-03-17,09:53:50
2026-03-17,09:45:26,NOMA,NOMADAR Corp. Class A Common Stock,Nasdaq,LULD pause,2026-03-17,09:50:26
2026-03-17,09:42:44,UCAR,U Power Limited Class A Ordinary Shares,Nasdaq,LULD pause,2026-03-17,09:47:44
2026-03-17,09:36:52,YDDL,One and One Green Technologies. Inc Class A Ordinary Shares,Nasdaq,LULD pause,2026-03-17,09:41:52
2026-03-17,09:32:34,SHIM,Shimmick Corporation Common Stock,Nasdaq,LULD pause,2026-03-17,09:37:34
2026-03-17,09:31:55,WNW,Meiwu Technology Company Limited Ordinary Shares,Nasdaq,LULD pause,2026-03-17,09:36:55
2026-03-17,09:31:13,YDDL,One and One Green Technologies. Inc Class A Ordinary Shares,Nasdaq,LULD pause,2026-03-17,09:36:13
2026-03-16,19:50:00,CFLT,"""Confluent, Inc. Class A Common Stock""",Nasdaq,News pending,,
2026-03-16,16:25:00,LNSR,"""LENSAR, Inc. Common Stock""",Nasdaq,News pending,2026-03-16,17:00:00
2026-03-16,15:52:52,NOMA,NOMADAR Corp. Class A Common Stock,Nasdaq,LULD pause,2026-03-16,16:00:00
2026-03-16,15:21:58,WNW,Meiwu Technology Company Limited Ordinary Shares,Nasdaq,LULD pause,2026-03-16,15:26:58
2026-03-16,15:20:07,LNZA,"""LanzaTech Global, Inc. Common Stock""",Nasdaq,LULD pause,2026-03-16,15:30:07
2026-03-16,13:40:00,IBACR,IB Acquisition Corp. Right,Nasdaq,News pending,2026-03-16,14:15:00
2026-03-16,13:40:00,IBAC,IB Acquisition Corp. Common Stock,Nasdaq,News pending,2026-03-16,14:10:00
2026-03-16,13:24:31,WNW,Meiwu Technology Company Limited Ordinary Shares,Nasdaq,LULD pause,2026-03-16,13:29:31
2026-03-16,13:22:42,LYRA,"""Lyra Therapeutics, Inc. Common Stock""",Nasdaq,LULD pause,2026-03-16,13:27:42
2026-03-16,13:18:31,CYN,Cyngn Inc. Common Stock,Nasdaq,LULD pause,2026-03-16,13:23:31
2026-03-16,13:17:05,LYRA,"""Lyra Therapeutics, Inc. Common Stock""",Nasdaq,LULD pause,2026-03-16,13:22:05
2026-03-16,13:13:11,WNW,Meiwu Technology Company Limited Ordinary Shares,Nasdaq,LULD pause,2026-03-16,13:18:11
2026-03-16,12:58:44,WNW,Meiwu Technology Company Limited Ordinary Shares,Nasdaq,LULD pause,2026-03-16,13:08:44
2026-03-16,12:54:03,MOLN,Molecular Partners AG American Depositary Shares,Nasdaq,LULD pause,2026-03-16,12:59:03
2026-03-16,12:43:27,HCWB,HCW Biologics Inc. Common Stock,Nasdaq,LULD pause,2026-03-16,12:48:27
2026-03-16,12:27:14,SCE PRK,SCE TRUST V,NYSE,News Released,,
2026-03-16,11:27:33,WNW,Meiwu Technology Company Limited Ordinary Shares,Nasdaq,LULD pause,2026-03-16,11:32:33
2026-03-16,10:43:25,PAVS,Paranovus Entertainment Technology Ltd. Class A Ordinary Shares,Nasdaq,LULD pause,2026-03-16,10:48:25
2026-03-16,10:38:49,NCI,Neo-Concept International Group Holdings Limited Class A Ordinary Shares,Nasdaq,LULD pause,2026-03-16,10:43:49
2026-03-16,10:04:31,DXST,Decent Holding Inc Class A Ordinary Shares,Nasdaq,LULD pause,2026-03-16,10:09:31
2026-03-16,10:01:52,NCI,Neo-Concept International Group Holdings Limited Class A Ordinary Shares,Nasdaq,LULD pause,2026-03-16,10:06:52
2026-03-16,09:57:02,DXST,Decent Holding Inc Class A Ordinary Shares,Nasdaq,LULD pause,2026-03-16,10:02:02
2026-03-16,09:48:00,PAVS,Paranovus Entertainment Technology Ltd. Class A Ordinary Shares,Nasdaq,LULD pause,2026-03-16,09:53:00
2026-03-16,09:46:36,WNW,Meiwu Technology Company Limited Ordinary Shares,Nasdaq,LULD pause,2026-03-16,09:51:36
2026-03-16,09:46:36,CAST,"""FreeCast, Inc. Class A Common Stock""",Nasdaq,LULD pause,2026-03-16,09:51:36
2026-03-16,09:42:52,NCI,Neo-Concept International Group Holdings Limited Class A Ordinary Shares,Nasdaq,LULD pause,2026-03-16,09:47:52
2026-03-16,09:40:58,AFRI,Forafric Global PLC Ordinary Shares,Nasdaq,LULD pause,2026-03-16,09:45:58
2026-03-16,09:39:21,PAVS,Paranovus Entertainment Technology Ltd. Class A Ordinary Shares,Nasdaq,LULD pause,2026-03-16,09:44:21
2026-03-16,09:31:38,PAVS,Paranovus Entertainment Technology Ltd. Class A Ordinary Shares,Nasdaq,LULD pause,2026-03-16,09:36:38
2026-03-16,09:30:47,IHS,IHS Holding Limited,NYSE,News pending,2026-03-16,09:57:32
2026-03-16,09:30:17,CMCI,VanEck CMCI Commodity Strategy ETF,Cboe BZX,LULD pause,2026-03-16,09:35:17
2026-03-13,19:50:00,NIVFW,NewGenIvf Group Limited Warrants,Nasdaq,News pending,2026-03-16,09:05:00
2026-03-13,19:50:00,NIVFW,NewGenIvf Group Limited Warrants,Nasdaq,News pending,,
2026-03-13,19:50:00,NIVF,NewGenIvf Group Limited Class A ordinary shares,Nasdaq,News pending,,
2026-03-13,19:50:00,NIVF,NewGenIvf Group Limited Class A ordinary shares,Nasdaq,News pending,2026-03-16,09:00:00
2026-03-13,19:50:00,QIPT,Quipt Home Medical Corp. Ordinary Shares,Nasdaq,News pending,,
2026-03-13,19:50:00,HBIO,Harvard Bioscience Inc,Nasdaq,News pending,,
2026-03-13,19:50:00,HBIO,Harvard Bioscience Inc,Nasdaq,News pending,2026-03-16,09:00:00
2026-03-13,19:50:00,ZJYL,JIN MEDICAL INTERNATIONAL LTD. Ordinary Shares,Nasdaq,News pending,2026-03-16,09:00:00
2026-03-13,19:50:00,ZJYL,JIN MEDICAL INTERNATIONAL LTD. Ordinary Shares,Nasdaq,News pending,,
2026-03-13,19:50:00,DXST,Decent Holding Inc Class A Ordinary Shares,Nasdaq,News pending,2026-03-16,09:00:00
2026-03-13,19:50:00,DXST,Decent Holding Inc Class A Ordinary Shares,Nasdaq,News pending,,
2026-03-13,19:50:00,CLIR,ClearSign Technologies Corporation Common Stock (DE),Nasdaq,News pending,2026-03-16,09:00:00
2026-03-13,19:50:00,CLIR,ClearSign Technologies Corporation Common Stock (DE),Nasdaq,News pending,,
2026-03-13,19:50:00,UOKA,MDJM LTD Class A Ordinary Shares,Nasdaq,News pending,2026-03-16,09:00:00
2026-03-13,19:50:00,UOKA,MDJM LTD Class A Ordinary Shares,Nasdaq,News pending,,
2026-03-13,19:50:00,XLO,"""Xilio Therapeutics, Inc. Common Stock""",Nasdaq,News pending,2026-03-16,09:00:00
2026-03-13,19:50:00,XLO,"""Xilio Therapeutics, Inc. Common Stock""",Nasdaq,News pending,,
2026-03-13,19:50:00,MASK,3 E Network Technology Group Ltd Class A Ordinary Shares,Nasdaq,News pending,,
2026-03-13,19:50:00,MASK,3 E Network Technology Group Ltd Class A Ordinary Shares,Nasdaq,News pending,2026-03-16,09:00:00
2026-03-13,19:50:00,SKYQ,Sky Quarry Inc. Common Stock,Nasdaq,News pending,2026-03-16,09:00:00
2026-03-13,19:50:00,SKYQ,Sky Quarry Inc. Common Stock,Nasdaq,News pending,,
2026-03-13,16:01:00,ULY,Urgent.ly Inc. Common Stock,Nasdaq,News pending,2026-03-13,16:35:19
2026-03-13,13:15:12,CAST,"""FreeCast, Inc. Class A Common Stock""",Nasdaq,LULD pause,2026-03-13,13:25:12
2026-03-13,13:03:37,CAST,"""FreeCast, Inc. Class A Common Stock""",Nasdaq,LULD pause,2026-03-13,13:08:37
2026-03-13,12:37:58,STFS,Star Fashion Culture Holdings Limited Class A Ordinary Shares,Nasdaq,LULD pause,2026-03-13,12:42:58
2026-03-13,11:39:06,LUD,Luda Technology Group Limited,NYSE American,LULD pause,2026-03-13,11:44:06
2026-03-13,11:37:23,ATGL,Alpha Technology Group Limited Class A Ordinary Shares,Nasdaq,LULD pause,2026-03-13,11:47:23
2026-03-13,11:26:59,AIFU,AIFU Inc. Class A Ordinary Share,Nasdaq,LULD pause,2026-03-13,11:31:59
2026-03-13,10:21:52,TPTA,"""Terra Property Trust, Inc. 6.00% Notes due 2026""",NYSE,LULD pause,2026-03-13,10:26:52
2026-03-13,10:21:01,AFJK,"""Aimei Health Technology Co., Ltd Ordinary Share""",Nasdaq,LULD pause,2026-03-13,10:26:01
2026-03-13,10:08:14,TFSA,"""Terra Income Fund 6, LLC 7.00% Notes due 2026""",NYSE,LULD pause,2026-03-13,10:13:14
2026-03-13,10:06:33,STFS,Star Fashion Culture Holdings Limited Class A Ordinary Shares,Nasdaq,LULD pause,2026-03-13,10:11:33
2026-03-13,10:02:05,TPTA,"""Terra Property Trust, Inc. 6.00% Notes due 2026""",NYSE,LULD pause,2026-03-13,10:07:05
2026-03-13,10:01:16,ROMA,Roma Green Finance Limited Class A Ordinary Shares,Nasdaq,LULD pause,2026-03-13,10:06:16
2026-03-13,09:46:29,TPTA,"""Terra Property Trust, Inc. 6.00% Notes due 2026""",NYSE,LULD pause,2026-03-13,09:51:30
2026-03-12,19:50:19,PED,PEDEVCO Corp.,NYSE American,Corporate Action,,
2026-03-12,19:50:19,PED,PEDEVCO Corp.,NYSE American,Corporate Action,2026-03-13,09:00:00
2026-03-12,19:50:00,KXIN,Kaixin Holdings Ordinary Shares,Nasdaq,News pending,2026-03-13,09:00:00
2026-03-12,19:50:00,KXIN,Kaixin Holdings Ordinary Shares,Nasdaq,News pending,,
2026-03-12,19:50:00,STFS,Star Fashion Culture Holdings Limited Class A Ordinary Shares,Nasdaq,News pending,2026-03-13,09:00:00
2026-03-12,19:50:00,STFS,Star Fashion Culture Holdings Limited Class A Ordinary Shares,Nasdaq,News pending,,
2026-03-12,19:50:00,IROQ,"""IF Bancorp, Inc.""",Nasdaq,News pending,,
2026-03-12,14:50:21,CAPNU,Cayson Acquisition Corp Unit,Nasdaq,LULD pause,2026-03-12,15:00:21
2026-03-12,14:01:24,LUD,Luda Technology Group Limited,NYSE American,LULD pause,2026-03-12,14:06:24
2026-03-12,12:22:19,AFJKU,"""Aimei Health Technology Co., Ltd Unit""",Nasdaq,LULD pause,2026-03-12,12:32:19
2026-03-12,11:23:04,UONEK,"""Urban One, Inc. Class D Common Stock""",Nasdaq,LULD pause,2026-03-12,11:28:04
2026-03-12,11:07:53,PLYX,"""Polaryx Therapeutics, Inc. Common Stock""",Nasdaq,LULD pause,2026-03-12,11:12:53
2026-03-12,11:02:30,ROMA,Roma Green Finance Limited Class A Ordinary Shares,Nasdaq,LULD pause,2026-03-12,11:07:30
2026-03-12,11:02:16,PLYX,"""Polaryx Therapeutics, Inc. Common Stock""",Nasdaq,LULD pause,2026-03-12,11:07:16
2026-03-12,10:41:25,ROMA,Roma Green Finance Limited Class A Ordinary Shares,Nasdaq,LULD pause,2026-03-12,10:46:25
2026-03-12,10:35:54,VMC,Vulcan Materials Company(Holding Company),NYSE,News pending,2026-03-12,11:20:07
2026-03-12,10:27:07,ROMA,Roma Green Finance Limited Class A Ordinary Shares,Nasdaq,LULD pause,2026-03-12,10:37:07
2026-03-12,10:16:50,ROMA,Roma Green Finance Limited Class A Ordinary Shares,Nasdaq,LULD pause,2026-03-12,10:26:50
2026-03-12,10:06:28,ROMA,Roma Green Finance Limited Class A Ordinary Shares,Nasdaq,LULD pause,2026-03-12,10:16:28
2026-03-12,09:56:41,ROMA,Roma Green Finance Limited Class A Ordinary Shares,Nasdaq,LULD pause,2026-03-12,10:01:41
2026-03-12,09:55:56,SXTP,"""60 Degrees Pharmaceuticals, Inc. Common Stock""",Nasdaq,LULD pause,2026-03-12,10:00:56
2026-03-12,09:44:51,CAST,"""FreeCast, Inc. Class A Common Stock""",Nasdaq,LULD pause,2026-03-12,09:49:51
2026-03-12,09:42:18,LIXT,"""Lixte Biotechnology Holdings, Inc. Common Stock""",Nasdaq,LULD pause,2026-03-12,09:52:18
2026-03-12,09:41:19,ZNB,Zeta Network Group Class A Ordinary Shares,Nasdaq,LULD pause,2026-03-12,09:46:19
2026-03-12,09:30:21,BGMSP,"""Bio Green Med Solution, Inc. 6% Convertible Preferred Stock""",Nasdaq,LULD pause,2026-03-12,09:40:21
2026-03-11,19:50:00,ELPW,Elong Power Holding Limited Class A Ordinary Shares,Nasdaq,News pending,2026-03-12,09:00:00
2026-03-11,19:50:00,ELPW,Elong Power Holding Limited Class A Ordinary Shares,Nasdaq,News pending,,
2026-03-11,19:50:00,ZNB,Zeta Network Group Class A Ordinary Shares,Nasdaq,News pending,2026-03-12,09:05:01
2026-03-11,19:50:00,ZNB,Zeta Network Group Class A Ordinary Shares,Nasdaq,News pending,,
2026-03-11,16:55:00,STRS,Stratus Properties Inc,Nasdaq,News pending,2026-03-11,17:30:00
2026-03-11,15:55:04,AMCI,AMC Robotics Corporation Common Stock,Nasdaq,LULD pause,2026-03-11,16:00:00
2026-03-11,15:18:03,CZR,"""Caesars Entertainment, Inc. Common Stock""",Nasdaq,LULD pause,2026-03-11,15:28:03
2026-03-11,15:00:10,PIII,P3 Health Partners Inc. Common Stock,Nasdaq,LULD pause,2026-03-11,15:05:10
2026-03-11,14:54:49,SOC,Sable Offshore Corp.,NYSE,LULD pause,2026-03-11,15:00:02
2026-03-11,14:46:00,OIO,OIO Group Ordinary Shares,Nasdaq,LULD pause,2026-03-11,14:51:00
2026-03-11,14:05:02,PIII,P3 Health Partners Inc. Common Stock,Nasdaq,LULD pause,2026-03-11,14:10:02
2026-03-11,13:58:33,PIII,P3 Health Partners Inc. Common Stock,Nasdaq,LULD pause,2026-03-11,14:03:33
2026-03-11,12:55:00,SLDB,Solid Biosciences Inc. Common Stock,Nasdaq,News pending,2026-03-11,13:30:00
2026-03-11,12:26:32,PCTTU,"""PureCycle Technologies, Inc. Unit""",Nasdaq,LULD pause,2026-03-11,12:31:32
2026-03-11,12:20:54,PCTTU,"""PureCycle Technologies, Inc. Unit""",Nasdaq,LULD pause,2026-03-11,12:25:54
2026-03-11,12:18:45,PZZA,Papa John's International Inc,Nasdaq,LULD pause,2026-03-11,12:28:45
2026-03-11,11:47:31,PCTTU,"""PureCycle Technologies, Inc. Unit""",Nasdaq,LULD pause,2026-03-11,11:52:31
2026-03-11,11:07:43,LUD,Luda Technology Group Limited,NYSE American,LULD pause,2026-03-11,11:12:43
2026-03-11,10:35:13,LUD,Luda Technology Group Limited,NYSE American,LULD pause,2026-03-11,10:45:13
2026-03-11,10:23:36,IBG,Innovation Beverage Group Limited Ordinary Shares,Nasdaq,LULD pause,2026-03-11,10:28:36
2026-03-11,10:15:38,GSUN,Golden Sun Technology Group Limited Class A Ordinary Shares,Nasdaq,LULD pause,2026-03-11,10:20:38
2026-03-11,10:08:05,LUD,Luda Technology Group Limited,NYSE American,LULD pause,2026-03-11,10:33:06
2026-03-11,10:06:49,ATPC,Agape ATP Corporation Common Stock,Nasdaq,LULD pause,2026-03-11,10:11:49
2026-03-11,10:04:38,PIII,P3 Health Partners Inc. Common Stock,Nasdaq,LULD pause,2026-03-11,10:09:38
2026-03-11,09:58:12,ADXN,Addex Therapeutics Ltd American Depositary Shares,Nasdaq,LULD pause,2026-03-11,10:08:12
2026-03-11,09:56:59,VACHU,Voyager Acquisition Corp Unit,Nasdaq,LULD pause,2026-03-11,10:01:59
2026-03-11,09:52:47,VACH,Voyager Acquisition Corp Class A Ordinary Shares,Nasdaq,LULD pause,2026-03-11,09:57:47
2026-03-11,09:46:39,JXG,JX Luxventure Limited Common Stock,Nasdaq,LULD pause,2026-03-11,09:56:39
2026-03-11,09:41:09,PLSM,Pulsenmore Ltd. Ordinary Shares,Nasdaq,LULD pause,2026-03-11,09:46:09
2026-03-11,09:30:26,CODX,"""Co-Diagnostics, Inc. Common Stock""",Nasdaq,LULD pause,2026-03-11,09:35:26
2026-03-10,19:50:00,WLDSW,Wearable Devices Ltd. Warrant,Nasdaq,News pending,2026-03-11,09:05:00
2026-03-10,19:50:00,WLDSW,Wearable Devices Ltd. Warrant,Nasdaq,News pending,,
2026-03-10,19:50:00,WLDS,Wearable Devices Ltd. Ordinary Share,Nasdaq,News pending,2026-03-11,09:00:00
2026-03-10,19:50:00,WLDS,Wearable Devices Ltd. Ordinary Share,Nasdaq,News pending,,
2026-03-10,15:13:06,TEO,Telecom Argentina S.A.,NYSE,News pending,2026-03-10,15:47:18
2026-03-10,14:42:03,CAST,"""FreeCast, Inc. Class A Common Stock""",Nasdaq,LULD pause,2026-03-10,14:47:03
2026-03-10,14:34:35,CAST,"""FreeCast, Inc. Class A Common Stock""",Nasdaq,LULD pause,2026-03-10,14:39:35
2026-03-10,14:18:38,CAST,"""FreeCast, Inc. Class A Common Stock""",Nasdaq,LULD pause,2026-03-10,14:23:38
2026-03-10,14:17:35,CHECU,Chenghe Acquisition III Co. Units,Nasdaq,LULD pause,2026-03-10,14:22:35
2026-03-10,13:51:16,CAST,"""FreeCast, Inc. Class A Common Stock""",Nasdaq,LULD pause,2026-03-10,13:56:16
2026-03-10,13:36:56,PLBL,Polibeli Group Ltd Class A Ordinary Shares,Nasdaq,LULD pause,2026-03-10,13:41:56
2026-03-10,13:31:02,CAST,"""FreeCast, Inc. Class A Common Stock""",Nasdaq,LULD pause,2026-03-10,13:36:02
2026-03-10,13:08:02,CAST,"""FreeCast, Inc. Class A Common Stock""",Nasdaq,LULD pause,2026-03-10,13:13:02
2026-03-10,13:01:11,CAST,"""FreeCast, Inc. Class A Common Stock""",Nasdaq,LULD pause,2026-03-10,13:06:11
2026-03-10,12:55:36,CAST,"""FreeCast, Inc. Class A Common Stock""",Nasdaq,LULD pause,2026-03-10,13:00:36
2026-03-10,12:42:40,CAST,"""FreeCast, Inc. Class A Common Stock""",Nasdaq,LULD pause,2026-03-10,12:52:41
2026-03-10,12:29:19,FEUZ,First Trust Eurozone AlphaDEX,Nasdaq,LULD pause,2026-03-10,12:34:19
2026-03-10,12:06:46,CAST,"""FreeCast, Inc. Class A Common Stock""",Nasdaq,LULD pause,2026-03-10,12:41:47
2026-03-10,11:51:21,CAST,"""FreeCast, Inc. Class A Common Stock""",Nasdaq,LULD pause,2026-03-10,12:06:24
2026-03-10,11:43:22,TOPS,TOP Ships Inc.,NYSE American,LULD pause,2026-03-10,11:48:22
2026-03-10,11:34:02,TOPS,TOP Ships Inc.,NYSE American,LULD pause,2026-03-10,11:39:02
2026-03-10,11:06:15,TOPS,TOP Ships Inc.,NYSE American,LULD pause,2026-03-10,11:28:54
2026-03-10,10:55:58,TOPS,TOP Ships Inc.,NYSE American,LULD pause,2026-03-10,11:05:58
2026-03-10,10:30:53,AHG,Akso Health Group ADS,Nasdaq,LULD pause,2026-03-10,10:35:53
2026-03-10,10:15:34,TOPS,TOP Ships Inc.,NYSE American,LULD pause,2026-03-10,10:55:41
2026-03-10,10:10:50,GSIW,Garden Stage Limited Class A Ordinary Shares,Nasdaq,LULD pause,2026-03-10,10:15:50
2026-03-10,10:06:59,OIO,OIO Group Ordinary Shares,Nasdaq,LULD pause,2026-03-10,10:11:59
2026-03-10,10:04:34,MSLE,Satellos Bioscience Inc. Common Stock,Nasdaq,LULD pause,2026-03-10,10:09:34
2026-03-10,10:01:36,OIO,OIO Group Ordinary Shares,Nasdaq,LULD pause,2026-03-10,10:06:36
2026-03-10,09:58:14,MI,NFT Limited,NYSE American,LULD pause,2026-03-10,10:03:14
2026-03-10,09:57:04,ANTA,Antalpha Platform Holding Company Class A Ordinary Shares,Nasdaq,LULD pause,2026-03-10,10:02:04
2026-03-10,09:56:02,VOYX,Tradr 2X Long VOYG Daily ETF,Cboe BZX,LULD pause,2026-03-10,10:01:02
2026-03-10,09:50:49,MI,NFT Limited,NYSE American,LULD pause,2026-03-10,09:55:49
2026-03-10,09:50:04,TBMC,Trailblazer Merger Corporation I Class A Common Stock,Nasdaq,LULD pause,2026-03-10,09:55:04
2026-03-10,09:46:33,ANTA,Antalpha Platform Holding Company Class A Ordinary Shares,Nasdaq,LULD pause,2026-03-10,09:56:33
2026-03-10,09:45:05,GSIW,Garden Stage Limited Class A Ordinary Shares,Nasdaq,LULD pause,2026-03-10,09:50:05
2026-03-10,09:44:34,TBMC,Trailblazer Merger Corporation I Class A Common Stock,Nasdaq,LULD pause,2026-03-10,09:49:34
2026-03-10,09:42:53,MI,NFT Limited,NYSE American,LULD pause,2026-03-10,09:47:53
2026-03-10,09:42:37,CNCG,Leverage Shares 2X Long CNC Daily ETF,Nasdaq,LULD pause,2026-03-10,09:47:37
2026-03-10,09:34:48,KIDZ,"""Classover Holdings, Inc. Class B Common Stock""",Nasdaq,LULD pause,2026-03-10,09:44:48
2026-03-10,09:34:27,GSIW,Garden Stage Limited Class A Ordinary Shares,Nasdaq,LULD pause,2026-03-10,09:44:27
2026-03-10,09:33:44,MI,NFT Limited,NYSE American,LULD pause,2026-03-10,09:38:44
2026-03-10,09:32:05,ARTL,"""Artelo Biosciences, Inc. Common Stock""",Nasdaq,LULD pause,2026-03-10,09:37:05
2026-03-10,09:00:27,EB,"""Eventbrite, Inc. Class A Common Stock""",NYSE,Merger Effective,,
2026-03-09,19:50:00,ARTL,"""Artelo Biosciences, Inc. Common Stock""",Nasdaq,News pending,,
2026-03-09,19:50:00,ARTL,"""Artelo Biosciences, Inc. Common Stock""",Nasdaq,News pending,2026-03-10,09:00:00
2026-03-09,19:50:00,KIDZW,"""Classover Holdings, Inc. Warrants""",Nasdaq,News pending,2026-03-10,09:05:00
2026-03-09,19:50:00,KIDZW,"""Classover Holdings, Inc. Warrants""",Nasdaq,News pending,,
2026-03-09,19:50:00,ELAB,PMGC Holdings Inc. Common Stock,Nasdaq,News pending,,
2026-03-09,19:50:00,ELAB,PMGC Holdings Inc. Common Stock,Nasdaq,News pending,2026-03-10,09:00:00
2026-03-09,19:50:00,KIDZ,"""Classover Holdings, Inc. Class B Common Stock""",Nasdaq,News pending,2026-03-10,09:00:00
2026-03-09,19:50:00,KIDZ,"""Classover Holdings, Inc. Class B Common Stock""",Nasdaq,News pending,,
2026-03-09,19:50:00,TSLS,Direxion Shares ETF Trust Direxion Daily TSLA Bear 1X ETF,Nasdaq,News pending,2026-03-10,09:00:00
2026-03-09,19:50:00,TSLS,Direxion Shares ETF Trust Direxion Daily TSLA Bear 1X ETF,Nasdaq,News pending,,
2026-03-09,19:50:00,APPX,Tradr 2X Long APP Daily ETF,Nasdaq,News pending,2026-03-10,09:00:00
2026-03-09,19:50:00,APPX,Tradr 2X Long APP Daily ETF,Nasdaq,News pending,,
2026-03-09,19:50:00,MUD,Direxion Shares ETF Trust Direxion Daily MU Bear 1X ETF,Nasdaq,News pending,2026-03-10,09:00:00
2026-03-09,19:50:00,MUD,Direxion Shares ETF Trust Direxion Daily MU Bear 1X ETF,Nasdaq,News pending,,
2026-03-09,15:43:04,GSIW,Garden Stage Limited Class A Ordinary Shares,Nasdaq,LULD pause,2026-03-09,15:48:04
2026-03-09,15:05:31,GSIW,Garden Stage Limited Class A Ordinary Shares,Nasdaq,LULD pause,2026-03-09,15:10:31
2026-03-09,14:53:53,GSIW,Garden Stage Limited Class A Ordinary Shares,Nasdaq,LULD pause,2026-03-09,14:58:53
2026-03-09,14:39:22,GSIW,Garden Stage Limited Class A Ordinary Shares,Nasdaq,LULD pause,2026-03-09,14:49:22
2026-03-09,14:38:06,EJH,E-Home Household Service Holdings Limited Ordinary Shares,Nasdaq,LULD pause,2026-03-09,14:43:06
2026-03-09,14:34:00,GSIW,Garden Stage Limited Class A Ordinary Shares,Nasdaq,LULD pause,2026-03-09,14:39:00
2026-03-09,14:29:49,EJH,E-Home Household Service Holdings Limited Ordinary Shares,Nasdaq,LULD pause,2026-03-09,14:34:49
2026-03-09,14:24:31,EJH,E-Home Household Service Holdings Limited Ordinary Shares,Nasdaq,LULD pause,2026-03-09,14:29:31
2026-03-09,14:19:14,EJH,E-Home Household Service Holdings Limited Ordinary Shares,Nasdaq,LULD pause,2026-03-09,14:24:14
2026-03-09,14:15:19,GSIW,Garden Stage Limited Class A Ordinary Shares,Nasdaq,LULD pause,2026-03-09,14:20:19
2026-03-09,14:08:59,EJH,E-Home Household Service Holdings Limited Ordinary Shares,Nasdaq,LULD pause,2026-03-09,14:18:59
2026-03-09,14:08:13,GSIW,Garden Stage Limited Class A Ordinary Shares,Nasdaq,LULD pause,2026-03-09,14:13:13
2026-03-09,14:00:15,GSIW,Garden Stage Limited Class A Ordinary Shares,Nasdaq,LULD pause,2026-03-09,14:05:15
2026-03-09,13:59:45,USEG,U.S. Energy Corp. Common Stock (DE),Nasdaq,News pending,2026-03-09,14:30:00
2026-03-09,13:52:43,AFJKU,"""Aimei Health Technology Co., Ltd Unit""",Nasdaq,LULD pause,2026-03-09,13:57:43
2026-03-09,13:46:26,GSIW,Garden Stage Limited Class A Ordinary Shares,Nasdaq,LULD pause,2026-03-09,13:51:26
2026-03-09,13:36:47,GSIW,Garden Stage Limited Class A Ordinary Shares,Nasdaq,LULD pause,2026-03-09,13:41:47
2026-03-09,13:35:44,EPSM,Epsium Enterprise Limited Class A Ordinary Shares,Nasdaq,LULD pause,2026-03-09,13:40:44
2026-03-09,13:31:05,GSIW,Garden Stage Limited Class A Ordinary Shares,Nasdaq,LULD pause,2026-03-09,13:36:05
2026-03-09,13:25:35,GSIW,Garden Stage Limited Class A Ordinary Shares,Nasdaq,LULD pause,2026-03-09,13:30:35
2026-03-09,13:16:56,PIII,P3 Health Partners Inc. Common Stock,Nasdaq,LULD pause,2026-03-09,13:21:56
2026-03-09,12:47:18,CAMP,CAMP4 Therapeutics Corporation Common Stock,Nasdaq,LULD pause,2026-03-09,12:52:18
2026-03-09,12:42:13,AFJKU,"""Aimei Health Technology Co., Ltd Unit""",Nasdaq,LULD pause,2026-03-09,12:47:13
2026-03-09,12:38:44,CAMP,CAMP4 Therapeutics Corporation Common Stock,Nasdaq,LULD pause,2026-03-09,12:43:44
2026-03-09,12:32:49,HSPTU,Horizon Space Acquisition II Corp. Units,Nasdaq,LULD pause,2026-03-09,12:37:49
2026-03-09,12:15:40,HSPTU,Horizon Space Acquisition II Corp. Units,Nasdaq,LULD pause,2026-03-09,12:30:27
2026-03-09,11:28:38,KRKR,36Kr Holdings Inc. American Depositary Shares,Nasdaq,LULD pause,2026-03-09,11:33:38
2026-03-09,11:11:40,GSIW,Garden Stage Limited Class A Ordinary Shares,Nasdaq,LULD pause,2026-03-09,11:16:40
2026-03-09,11:05:35,RGC,Regencell Bioscience Holdings Limited Ordinary Shares,Nasdaq,LULD pause,2026-03-09,11:10:35
2026-03-09,11:04:54,GSIW,Garden Stage Limited Class A Ordinary Shares,Nasdaq,LULD pause,2026-03-09,11:09:54
2026-03-09,11:02:46,LUD,Luda Technology Group Limited,NYSE American,LULD pause,2026-03-09,11:07:46
2026-03-09,10:57:20,GSIW,Garden Stage Limited Class A Ordinary Shares,Nasdaq,LULD pause,2026-03-09,11:02:20
2026-03-09,10:50:41,ADTX,"""Aditxt, Inc. Common Stock""",Nasdaq,LULD pause,2026-03-09,10:55:41
2026-03-09,10:50:14,GSIW,Garden Stage Limited Class A Ordinary Shares,Nasdaq,LULD pause,2026-03-09,10:55:14
2026-03-09,10:46:19,OLOX,Olenox Industries Inc. Common Stock,Nasdaq,LULD pause,2026-03-09,10:51:19
2026-03-09,10:39:30,GSIW,Garden Stage Limited Class A Ordinary Shares,Nasdaq,LULD pause,2026-03-09,10:49:30
2026-03-09,10:33:43,POCI,"""Precision Optics Corporation, Inc. Common Stock""",Nasdaq,LULD pause,2026-03-09,10:43:43
2026-03-09,10:21:27,FEDU,"""Four Seasons Education (Cayman) Inc. American depositary shares, each representing ten (10) Ordinary Shares""",NYSE,LULD pause,2026-03-09,10:29:20
2026-03-09,10:13:24,DTCK,Davis Commodities Limited Class A Ordinary Shares,Nasdaq,LULD pause,2026-03-09,10:18:24
2026-03-09,10:11:51,XBP,"""XBP Global Holdings, Inc. Common Stock""",Nasdaq,LULD pause,2026-03-09,10:21:51
2026-03-09,10:07:39,AFJKU,"""Aimei Health Technology Co., Ltd Unit""",Nasdaq,LULD pause,2026-03-09,10:12:39
2026-03-09,10:05:46,WCT,Wellchange Holdings Company Limited Class A Ordinary shares,Nasdaq,LULD pause,2026-03-09,10:10:46
2026-03-09,09:59:41,SLGL,Sol-Gel Technologies Ltd. Ordinary Shares,Nasdaq,LULD pause,2026-03-09,10:04:41
2026-03-09,09:50:06,AFJKU,"""Aimei Health Technology Co., Ltd Unit""",Nasdaq,LULD pause,2026-03-09,10:05:54
2026-03-09,09:41:02,DTCK,Davis Commodities Limited Class A Ordinary Shares,Nasdaq,LULD pause,2026-03-09,09:46:02
2026-03-09,09:39:15,ADTX,"""Aditxt, Inc. Common Stock""",Nasdaq,LULD pause,2026-03-09,09:44:15
2026-03-09,09:38:23,SLGL,Sol-Gel Technologies Ltd. Ordinary Shares,Nasdaq,LULD pause,2026-03-09,09:48:23
2026-03-09,09:37:13,WCT,Wellchange Holdings Company Limited Class A Ordinary shares,Nasdaq,LULD pause,2026-03-09,09:42:13
2026-03-09,09:31:07,PMAX,Powell Max Limited Class A Ordinary Shares,Nasdaq,LULD pause,2026-03-09,09:36:07
2026-03-09,09:30:18,AGPU,Axe Compute Inc. Common Stock,Nasdaq,LULD pause,2026-03-09,09:35:18
2026-03-09,06:58:32,PLMKW,Plum Acquisition Corp. IV Warrants,Nasdaq,News pending,2026-03-09,08:35:00
2026-03-09,06:58:32,PLMKU,Plum Acquisition Corp. IV Unit,Nasdaq,News pending,2026-03-09,08:35:00
2026-03-09,06:58:32,PLMK,Plum Acquisition Corp. IV Class A Ordinary Shares,Nasdaq,News pending,2026-03-09,08:30:00
2026-03-09,06:55:00,TALKW,"""Talkspace, Inc. Warrant""",Nasdaq,News pending,2026-03-09,08:05:00
2026-03-09,06:55:00,XENE,Xenon Pharmaceuticals Inc,Nasdaq,News pending,2026-03-09,07:35:01
2026-03-09,06:55:00,TALK,"""Talkspace, Inc. Common Stock""",Nasdaq,News pending,2026-03-09,08:00:00
2026-03-06,19:50:00,BHAT,Blue Hat Interactive Entertainment Technology Ordinary Shares,Nasdaq,News pending,2026-03-09,09:00:00
2026-03-06,19:50:00,BHAT,Blue Hat Interactive Entertainment Technology Ordinary Shares,Nasdaq,News pending,,
2026-03-06,19:50:00,ADTX,"""Aditxt, Inc. Common Stock""",Nasdaq,News pending,,
2026-03-06,19:50:00,ADTX,"""Aditxt, Inc. Common Stock""",Nasdaq,News pending,2026-03-09,09:00:00
2026-03-06,19:50:00,RVPH,"""Reviva Pharmaceuticals Holdings, Inc. Common Stock""",Nasdaq,News pending,,
2026-03-06,19:50:00,RVPH,"""Reviva Pharmaceuticals Holdings, Inc. Common Stock""",Nasdaq,News pending,2026-03-09,09:00:00
2026-03-06,19:50:00,DCOY,Decoy Therapeutics Inc. Common Stock,Nasdaq,News pending,2026-03-09,09:00:00
2026-03-06,19:50:00,DCOY,Decoy Therapeutics Inc. Common Stock,Nasdaq,News pending,,
2026-03-06,19:50:00,DTCK,Davis Commodities Limited Class A Ordinary Shares,Nasdaq,News pending,,
2026-03-06,19:50:00,DTCK,Davis Commodities Limited Class A Ordinary Shares,Nasdaq,News pending,2026-03-09,09:00:00
2026-03-06,17:00:54,ALUR,"""Allurion Technologies, Inc.""",NYSE,News Released,,
2026-03-06,17:00:54,ALUR WS,"""Allurion Technologies, Inc. Warrants, each whole warrant exercisable to purchase 0.056818 shares of common stock at an exercise price of $202.50 per s""",NYSE,News Released,,
2026-03-06,16:23:00,ALUR,"""Allurion Technologies, Inc.""",NYSE,Regulatory Concern,See Subsequent Halt,See Subsequent Halt
2026-03-06,16:23:00,ALUR WS,"""Allurion Technologies, Inc. Warrants, each whole warrant exercisable to purchase 0.056818 shares of common stock at an exercise price of $202.50 per s""",NYSE,Regulatory Concern,See Subsequent Halt,See Subsequent Halt
2026-03-06,15:45:29,BAK,Braskem S.A. American Depositary Shares (Each representing Two Class A  Preferred Shares),NYSE,News pending,2026-03-06,16:27:38
2026-03-06,15:34:57,BESS,Bimergen Energy Corporation,NYSE American,LULD pause,2026-03-06,15:39:57
2026-03-06,12:27:39,TURB,"""Turbo Energy, S.A. American Depositary Shares""",Nasdaq,LULD pause,2026-03-06,12:37:39
2026-03-06,11:09:22,PTLE,PTL LTD Class A Ordinary Shares,Nasdaq,LULD pause,2026-03-06,11:14:22
2026-03-06,10:57:46,PTLE,PTL LTD Class A Ordinary Shares,Nasdaq,LULD pause,2026-03-06,11:02:46
2026-03-06,10:41:35,TVGN,Tevogen Bio Holdings Inc. Common Stock,Nasdaq,LULD pause,2026-03-06,10:46:35
2026-03-06,10:34:41,TVGN,Tevogen Bio Holdings Inc. Common Stock,Nasdaq,LULD pause,2026-03-06,10:39:41
2026-03-06,10:29:44,PTLE,PTL LTD Class A Ordinary Shares,Nasdaq,LULD pause,2026-03-06,10:39:44
2026-03-06,10:22:15,TVGN,Tevogen Bio Holdings Inc. Common Stock,Nasdaq,LULD pause,2026-03-06,10:27:15
2026-03-06,10:19:10,LUD,Luda Technology Group Limited,NYSE American,LULD pause,2026-03-06,10:24:10
2026-03-06,10:19:07,PTLE,PTL LTD Class A Ordinary Shares,Nasdaq,LULD pause,2026-03-06,10:29:08
2026-03-06,10:14:21,TVGN,Tevogen Bio Holdings Inc. Common Stock,Nasdaq,LULD pause,2026-03-06,10:19:21
2026-03-06,10:13:44,PTLE,PTL LTD Class A Ordinary Shares,Nasdaq,LULD pause,2026-03-06,10:18:44
2026-03-06,10:09:08,WCT,Wellchange Holdings Company Limited Class A Ordinary shares,Nasdaq,LULD pause,2026-03-06,10:14:08
2026-03-06,10:08:32,VMET,Versamet Royalties Corporation Common Stock,Nasdaq,LULD pause,2026-03-06,10:18:32
2026-03-06,09:58:41,NCI,Neo-Concept International Group Holdings Limited Class A Ordinary Shares,Nasdaq,LULD pause,2026-03-06,10:08:41
2026-03-06,09:58:13,ANNA,"""AleAnna, Inc. Class A Common Stock""",Nasdaq,LULD pause,2026-03-06,10:08:13
2026-03-06,09:57:09,OPRX,OptimizeRx Corporation Common Stock,Nasdaq,LULD pause,2026-03-06,10:02:09
2026-03-06,09:56:39,FTW,Presidio Production Company,NYSE,LULD pause,2026-03-06,10:01:42
2026-03-06,09:56:36,PTLE,PTL LTD Class A Ordinary Shares,Nasdaq,LULD pause,2026-03-06,10:01:36
2026-03-06,09:53:19,NCI,Neo-Concept International Group Holdings Limited Class A Ordinary Shares,Nasdaq,LULD pause,2026-03-06,09:58:19
2026-03-06,09:48:03,NCI,Neo-Concept International Group Holdings Limited Class A Ordinary Shares,Nasdaq,LULD pause,2026-03-06,09:53:03
2026-03-06,09:46:39,OPRX,OptimizeRx Corporation Common Stock,Nasdaq,LULD pause,2026-03-06,09:56:39
2026-03-06,09:42:34,NCI,Neo-Concept International Group Holdings Limited Class A Ordinary Shares,Nasdaq,LULD pause,2026-03-06,09:47:34
2026-03-06,09:40:33,EDSA,"""Edesa Biotech, Inc. Common Shares""",Nasdaq,LULD pause,2026-03-06,09:45:33
2026-03-06,09:37:19,NCI,Neo-Concept International Group Holdings Limited Class A Ordinary Shares,Nasdaq,LULD pause,2026-03-06,09:42:19
2026-03-06,09:34:37,GSIW,Garden Stage Limited Class A Ordinary Shares,Nasdaq,LULD pause,2026-03-06,09:44:37
2026-03-06,09:31:09,OPRX,OptimizeRx Corporation Common Stock,Nasdaq,LULD pause,2026-03-06,09:41:09
2026-03-06,09:30:32,WCT,Wellchange Holdings Company Limited Class A Ordinary shares,Nasdaq,LULD pause,2026-03-06,09:40:32
2026-03-06,09:30:23,AGCC,Agencia Comercial Spirits Ltd Class A Ordinary Shares,Nasdaq,LULD pause,2026-03-06,09:35:23
2026-03-06,08:25:00,DAWN,"""Day One Biopharmaceuticals, Inc. Common Stock""",Nasdaq,News pending,2026-03-06,09:00:01
2026-03-06,06:33:04,IMMP,Immutep Limited American Depositary Shares,Nasdaq,News pending,,
2026-03-06,06:33:04,IMMP,Immutep Limited American Depositary Shares,Nasdaq,News pending,2026-03-12,19:00:00
2026-03-05,19:50:00,TVGNW,Tevogen Bio Holdings Inc. Warrant,Nasdaq,News pending,,
2026-03-05,19:50:00,TVGNW,Tevogen Bio Holdings Inc. Warrant,Nasdaq,News pending,2026-03-06,09:05:00
2026-03-05,19:50:00,WCT,Wellchange Holdings Company Limited Class A Ordinary shares,Nasdaq,News pending,2026-03-06,09:00:00
2026-03-05,19:50:00,WCT,Wellchange Holdings Company Limited Class A Ordinary shares,Nasdaq,News pending,,
2026-03-05,19:50:00,TVGN,Tevogen Bio Holdings Inc. Common Stock,Nasdaq,News pending,,
2026-03-05,19:50:00,TVGN,Tevogen Bio Holdings Inc. Common Stock,Nasdaq,News pending,2026-03-06,09:00:00
2026-03-05,19:50:00,GSIW,Garden Stage Limited Class A Ordinary Shares,Nasdaq,News pending,2026-03-06,09:00:00
2026-03-05,19:50:00,GSIW,Garden Stage Limited Class A Ordinary Shares,Nasdaq,News pending,,
2026-03-05,17:25:00,ANY,Sphere 3D Corp. Common Shares,Nasdaq,News pending,2026-03-05,18:00:00
2026-03-05,15:48:56,FTW,Presidio Production Company,NYSE,LULD pause,2026-03-05,16:03:19
2026-03-05,15:43:15,FTW,Presidio Production Company,NYSE,LULD pause,2026-03-05,15:48:41
2026-03-05,15:35:43,VRM,"""Vroom, Inc. Common Stock""",Nasdaq,LULD pause,2026-03-05,15:40:43
2026-03-05,15:27:29,VRM,"""Vroom, Inc. Common Stock""",Nasdaq,LULD pause,2026-03-05,15:32:29
2026-03-05,15:04:59,GLU PRA,The Gabelli Global Utility & Income Trust Series A,NYSE American,LULD pause,2026-03-05,15:09:59
2026-03-05,13:05:42,UNF,Unifirst Corp,NYSE,LULD pause,2026-03-05,13:11:27
2026-03-05,12:11:11,HUHU,HUHUTECH International Group Inc. Ordinary Shares,Nasdaq,LULD pause,2026-03-05,12:21:11
2026-03-05,12:01:25,PLBL,Polibeli Group Ltd Class A Ordinary Shares,Nasdaq,LULD pause,2026-03-05,12:06:25
2026-03-05,11:47:09,PLBL,Polibeli Group Ltd Class A Ordinary Shares,Nasdaq,LULD pause,2026-03-05,11:52:09
2026-03-05,10:51:44,PHGE,BiomX Inc.,NYSE American,LULD pause,2026-03-05,10:56:44
2026-03-05,10:45:31,TKC,TURKCELL ILETISIM HIZMETLERI A.S. ADS,NYSE,News pending,2026-03-05,11:14:39
2026-03-05,10:36:04,HUHU,HUHUTECH International Group Inc. Ordinary Shares,Nasdaq,LULD pause,2026-03-05,10:46:04
2026-03-05,09:48:18,STAK,STAK Inc. Class A Ordinary Shares,Nasdaq,LULD pause,2026-03-05,09:53:18
2026-03-05,09:41:05,CLIK,Click Holdings Limited Class A Ordinary Share,Nasdaq,LULD pause,2026-03-05,09:46:05
2026-03-05,09:38:51,PACK,Ranpak Holdings Corp.,NYSE,LULD pause,2026-03-05,09:43:55
2026-03-05,09:16:19,HIYY,YieldMax HIMS Option Income Strategy ETF,NYSE Arca,News pending,2026-03-05,16:00:00
2026-03-04,19:50:55,JDST,Direxion Daily Junior Gold Miners Index Bear 2X Shares,NYSE Arca,Corporate Action,2026-03-05,09:00:00
2026-03-04,19:50:55,JDST,Direxion Daily Junior Gold Miners Index Bear 2X Shares,NYSE Arca,Corporate Action,,
2026-03-04,19:50:55,HIBS,Direxion Daily S&P 500 High Beta Bear 3X Shares,NYSE Arca,Corporate Action,,
2026-03-04,19:50:55,HIBS,Direxion Daily S&P 500 High Beta Bear 3X Shares,NYSE Arca,Corporate Action,2026-03-05,09:00:00
2026-03-04,19:50:55,SOXS,Direxion Daily Semiconductor Bear 3X Shares,NYSE Arca,Corporate Action,,
2026-03-04,19:50:55,SOXS,Direxion Daily Semiconductor Bear 3X Shares,NYSE Arca,Corporate Action,2026-03-05,09:00:00
2026-03-04,19:50:55,DUST,Direxion Daily Gold Miners Index Bear 2X Shares,NYSE Arca,Corporate Action,,
2026-03-04,19:50:55,DUST,Direxion Daily Gold Miners Index Bear 2X Shares,NYSE Arca,Corporate Action,2026-03-05,09:00:00
2026-03-04,19:50:00,AEHL,Antelope Enterprise Holdings Limited Class A Ordinary Shares,Nasdaq,News pending,2026-03-05,09:00:00
2026-03-04,19:50:00,AEHL,Antelope Enterprise Holdings Limited Class A Ordinary Shares,Nasdaq,News pending,,
2026-03-04,19:50:00,XTKG,"""X3 Holdings Co., Ltd. Ordinary Shares""",Nasdaq,News pending,2026-03-05,09:00:00
2026-03-04,19:50:00,XTKG,"""X3 Holdings Co., Ltd. Ordinary Shares""",Nasdaq,News pending,,
2026-03-04,16:01:00,PEPG,PepGen Inc. Common Stock,Nasdaq,News pending,2026-03-04,16:30:01
2026-03-04,14:20:00,QXAS,Quantify 2X Daily Alt Season Crypto ETF,NYSE Arca,LULD pause,2026-03-04,14:25:00
2026-03-04,14:00:42,PCLA,PicoCELA Inc. American Depositary Shares,Nasdaq,LULD pause,2026-03-04,14:05:42
2026-03-04,12:20:08,ZDAI,"""DirectBooking Technology Co., Ltd. Class A Ordinary Shares""",Nasdaq,LULD pause,2026-03-04,12:30:08
2026-03-04,12:20:06,RILYL,"""BRC Group Holdings, Inc. Depositary Shares each representing 1/1000th in a share of 7.375% Series B Cumulative Perpetual Preferred Stock, par value $0""",Nasdaq,LULD pause,2026-03-04,12:25:06
2026-03-04,11:23:10,HKIT,Hitek Global Inc. Class A Ordinary Share,Nasdaq,LULD pause,2026-03-04,11:28:10
2026-03-04,10:53:56,BWOW,Bitwise Dogecoin ETF,NYSE Arca,LULD pause,2026-03-04,10:58:56
2026-03-04,10:48:36,FTW,EQV Ventures Acquisition Corp.,NYSE,LULD pause,2026-03-04,10:53:51
2026-03-04,10:46:23,CCHH,CCH Holdings Ltd Ordinary Shares,Nasdaq,LULD pause,2026-03-04,10:51:23
2026-03-04,10:43:32,VCIG,VCI Global Limited Ordinary Share,Nasdaq,LULD pause,2026-03-04,10:48:32
2026-03-04,10:41:58,ADVB,Advanced Biomed Inc. Common Stock,Nasdaq,LULD pause,2026-03-04,10:46:58
2026-03-04,10:32:23,VCIG,VCI Global Limited Ordinary Share,Nasdaq,LULD pause,2026-03-04,10:37:23
2026-03-04,10:26:04,FEDU,"""Four Seasons Education (Cayman) Inc. American depositary shares, each representing ten (10) Ordinary Shares""",NYSE,LULD pause,2026-03-04,10:32:34
2026-03-04,10:23:54,VCIG,VCI Global Limited Ordinary Share,Nasdaq,LULD pause,2026-03-04,10:28:54
2026-03-04,10:16:09,NSRX,Nasus Pharma Ltd.,NYSE American,LULD pause,2026-03-04,10:26:09
2026-03-04,10:14:16,VCIG,VCI Global Limited Ordinary Share,Nasdaq,LULD pause,2026-03-04,10:19:16
2026-03-04,10:02:51,VCIG,VCI Global Limited Ordinary Share,Nasdaq,LULD pause,2026-03-04,10:12:51
2026-03-04,09:58:15,ADVB,Advanced Biomed Inc. Common Stock,Nasdaq,LULD pause,2026-03-04,10:03:15
2026-03-04,09:57:14,VCIG,VCI Global Limited Ordinary Share,Nasdaq,LULD pause,2026-03-04,10:02:14
2026-03-04,09:53:57,STAK,STAK Inc. Class A Ordinary Shares,Nasdaq,LULD pause,2026-03-04,09:58:57
2026-03-04,09:51:10,NSRX,Nasus Pharma Ltd.,NYSE American,LULD pause,2026-03-04,10:01:10
2026-03-04,09:47:59,VCIG,VCI Global Limited Ordinary Share,Nasdaq,LULD pause,2026-03-04,09:52:59
2026-03-04,09:43:20,CANF,"""Can-Fite BioPharma Ltd. American Depositary Shares, each representing two (2) Ordinary Shares""",NYSE American,News pending,2026-03-04,11:00:00
2026-03-04,09:43:18,LGOV,First Trust Long Duration Opportunities ETF,NYSE Arca,LULD pause,2026-03-04,09:48:18
2026-03-04,09:39:59,VCIG,VCI Global Limited Ordinary Share,Nasdaq,LULD pause,2026-03-04,09:44:59
2026-03-04,09:38:41,CANF,"""Can-Fite BioPharma Ltd. American Depositary Shares, each representing two (2) Ordinary Shares""",NYSE American,LULD pause,See Subsequent Halt,See Subsequent Halt
2026-03-04,09:38:33,FBGL,FBS Global Limited Ordinary Shares,Nasdaq,LULD pause,2026-03-04,09:43:33
2026-03-04,09:38:06,NPT,Texxon Holding Limited Ordinary shares,Nasdaq,LULD pause,2026-03-04,09:43:06
2026-03-04,09:37:42,MINE,Mayfair Gold Corp.,NYSE American,LULD pause,2026-03-04,09:42:42
2026-03-04,09:35:35,TMDE,TMD Energy Limited,NYSE American,LULD pause,2026-03-04,09:45:35
2026-03-04,09:34:20,ADVB,Advanced Biomed Inc. Common Stock,Nasdaq,LULD pause,2026-03-04,09:39:20
2026-03-04,09:31:51,CANF,"""Can-Fite BioPharma Ltd. American Depositary Shares, each representing two (2) Ordinary Shares""",NYSE American,LULD pause,2026-03-04,09:36:51
2026-03-04,09:31:28,MSTK,Tuttle Capital MSTR 0DTE Covered Call ETF,Cboe BZX,LULD pause,2026-03-04,09:36:28
2026-03-04,09:31:22,VCIG,VCI Global Limited Ordinary Share,Nasdaq,LULD pause,2026-03-04,09:36:22
2026-03-04,09:30:15,EZET,Franklin Ethereum ETF,Cboe BZX,LULD pause,2026-03-04,09:35:15
2026-03-04,09:30:15,TETH,21Shares Ethereum ETF,Cboe BZX,LULD pause,2026-03-04,09:35:15
2026-03-04,09:00:00,FARM,Farmer Bros Co,Nasdaq,News pending,2026-03-04,09:50:00
2026-03-04,07:55:00,KLTOW,"""Klotho Neurosciences, Inc. Warrant""",Nasdaq,News pending,2026-03-04,08:35:00
2026-03-04,07:55:00,KLTO,"""Klotho Neurosciences, Inc. Common Stock""",Nasdaq,News pending,2026-03-04,08:30:00
2026-03-03,19:50:00,VTYX,"""Ventyx Biosciences, Inc. Common Stock""",Nasdaq,News pending,,
2026-03-03,19:50:00,SPRC,SciSparc Ltd. Ordinary Shares,Nasdaq,News pending,,
2026-03-03,19:50:00,SPRC,SciSparc Ltd. Ordinary Shares,Nasdaq,News pending,2026-03-04,09:00:00
2026-03-03,16:05:11,RBOT,Vicarious Surgical Inc.,NYSE,News Released,,
2026-03-03,15:03:55,JL,J-Long Group Limited Class A Ordinary Shares,Nasdaq,LULD pause,2026-03-03,15:08:55
2026-03-03,14:58:07,BRAI,Braiin Limited Common Stock,Nasdaq,LULD pause,2026-03-03,15:03:07
2026-03-03,14:50:52,BRAI,Braiin Limited Common Stock,Nasdaq,LULD pause,2026-03-03,14:55:52
2026-03-03,14:48:07,CLIK,Click Holdings Limited Class A Ordinary Share,Nasdaq,LULD pause,2026-03-03,14:53:07
2026-03-03,14:45:07,BRAI,Braiin Limited Common Stock,Nasdaq,LULD pause,2026-03-03,14:50:07
2026-03-03,10:14:10,ZDAI,"""DirectBooking Technology Co., Ltd. Class A Ordinary Shares""",Nasdaq,LULD pause,2026-03-03,10:19:10
2026-03-03,10:08:56,AIDX,"""20/20 Biolabs, Inc. Common Stock""",Nasdaq,LULD pause,2026-03-03,10:13:56
2026-03-03,10:03:24,AIDX,"""20/20 Biolabs, Inc. Common Stock""",Nasdaq,LULD pause,2026-03-03,10:08:24
2026-03-03,09:55:51,BU,Defiance Daily Target 2X Long BU ETF,Nasdaq,LULD pause,2026-03-03,10:00:51
2026-03-03,09:40:31,FRGN,Horizon International Equity ETF,NYSE Arca,LULD pause,2026-03-03,09:45:31
2026-03-03,09:37:59,BRAI,Braiin Limited Common Stock,Nasdaq,LULD pause,2026-03-03,09:47:59
2026-03-03,09:36:38,TMDE,TMD Energy Limited,NYSE American,LULD pause,2026-03-03,09:41:38
2026-03-03,09:34:28,BATL,Battalion Oil Corporation,NYSE American,LULD pause,2026-03-03,09:39:28
2026-03-03,09:32:24,PBOT,Pictet AI & Automation ETF,NYSE Arca,LULD pause,2026-03-03,09:37:24
2026-03-03,09:32:18,SMRF,"""ALPS Nautilus SMR, Nuclear & Technology ETF""",NYSE Arca,LULD pause,2026-03-03,09:37:18
2026-03-03,09:30:16,MDAA,Myriad Dynamic Asset Allocation ETF,NYSE Arca,LULD pause,2026-03-03,09:35:16
2026-03-03,09:30:16,FRGN,Horizon International Equity ETF,NYSE Arca,LULD pause,2026-03-03,09:40:16
2026-03-03,08:26:04,TBPH,"""Theravance Biopharma, Inc.""",Nasdaq,News pending,2026-03-03,08:50:01
2026-03-03,08:13:02,BATL,Battalion Oil Corporation,NYSE American,News pending,2026-03-03,09:20:00
2026-03-03,00:21:58,MRDN,Meridian Holdings Inc. Common Stock,Nasdaq,News pending,2026-03-03,09:00:00
2026-03-02,19:50:00,GMGI,"""Golden Matrix Group, Inc. Common Stock""",Nasdaq,News pending,,
2026-03-02,19:50:00,RAPT,"""RAPT Therapeutics, Inc. Common Stock""",Nasdaq,News pending,,
2026-03-02,16:15:33,TSE,Trinseo PLC,NYSE,News Released,,
2026-03-02,16:03:38,RBOT,Vicarious Surgical Inc.,NYSE,Regulatory Concern,,
2026-03-02,16:03:38,RBOT,Vicarious Surgical Inc.,NYSE,Regulatory Concern,See Subsequent Halt,See Subsequent Halt
2026-03-02,15:26:55,PAM,PAMPA ENERGIA S.A.,NYSE,News pending,2026-03-02,16:08:22
2026-03-02,15:16:47,BATL,Battalion Oil Corporation,NYSE American,LULD pause,2026-03-02,15:21:47
2026-03-02,14:47:38,STAK,STAK Inc. Class A Ordinary Shares,Nasdaq,LULD pause,2026-03-02,14:52:38
2026-03-02,13:00:45,GSHRU,Gesher Acquisition Corp. II Units,Nasdaq,LULD pause,2026-03-02,13:05:45
2026-03-02,12:14:32,LSE,"""Leishen Energy Holding Co., Ltd. Class A Ordinary Shares""",Nasdaq,LULD pause,2026-03-02,12:19:32
2026-03-02,11:58:38,LSE,"""Leishen Energy Holding Co., Ltd. Class A Ordinary Shares""",Nasdaq,LULD pause,2026-03-02,12:08:38
2026-03-02,11:13:40,STAK,STAK Inc. Class A Ordinary Shares,Nasdaq,LULD pause,2026-03-02,11:18:40
2026-03-02,10:24:06,NCEW,New Century Logistics (BVI) Limited Ordinary Shares,Nasdaq,LULD pause,2026-03-02,10:29:06
2026-03-02,10:11:47,TURB,"""Turbo Energy, S.A. American Depositary Shares""",Nasdaq,LULD pause,2026-03-02,10:16:47
2026-03-02,09:55:00,TURB,"""Turbo Energy, S.A. American Depositary Shares""",Nasdaq,LULD pause,2026-03-02,10:00:00
2026-03-02,09:52:00,FGNXP,FG Nexus Inc. 8.00% Cumulative Preferred Stock,Nasdaq,LULD pause,2026-03-02,09:57:00
2026-03-02,09:48:49,TURB,"""Turbo Energy, S.A. American Depositary Shares""",Nasdaq,LULD pause,2026-03-02,09:53:49
2026-03-02,09:48:46,NSRX,Nasus Pharma Ltd.,NYSE American,LULD pause,2026-03-02,09:53:46
2026-03-02,09:48:24,TPET,Trio Petroleum Corp.,NYSE American,LULD pause,2026-03-02,09:53:24
2026-03-02,09:43:54,NXTC,"""NextCure, Inc. Common Stock""",Nasdaq,LULD pause,2026-03-02,09:53:54
2026-03-02,09:42:57,TPET,Trio Petroleum Corp.,NYSE American,LULD pause,2026-03-02,09:47:57
2026-03-02,09:35:30,TURB,"""Turbo Energy, S.A. American Depositary Shares""",Nasdaq,LULD pause,2026-03-02,09:40:30
2026-03-02,09:35:11,ALOY,REalloys Inc. Common Stock,Nasdaq,LULD pause,2026-03-02,09:40:11
2026-03-02,09:30:15,INFU,"""InfuSystem Holdings, Inc.""",NYSE American,LULD pause,2026-03-02,09:35:15
2026-03-02,08:51:34,TLRY,"""Tilray Brands, Inc. Common Stock""",Nasdaq,News pending,2026-03-02,10:45:00
2026-03-02,08:37:27,FRGE,"""Forge Global Holdings, Inc.""",NYSE,Merger Effective,,
2026-03-02,07:55:00,RLYB,Rallybio Corporation Common Stock,Nasdaq,News pending,2026-03-02,08:45:01
