Halt Date,Halt Time,Symbol,Name,Exchange,Reason,Resume Date,NYSE Resume Time
2025-06-30,19:50:00,RDFN,Redfin Corporation Common Stock,Nasdaq,News pending,,
2025-06-30,19:50:00,INZY,"""Inozyme Pharma, Inc. Common Stock""",Nasdaq,News pending,,
2025-06-30,19:50:00,EBTC,Enterprise Bancorp Inc.,Nasdaq,News pending,,
2025-06-30,19:50:00,SHYF,"""The Shyft Group, Inc. Common Stock""",Nasdaq,News pending,,
2025-06-30,19:50:00,SWTX,"""SpringWorks Therapeutics, Inc. Common Stock""",Nasdaq,News pending,,
2025-06-30,19:50:00,HSDT,"""Helius Medical Technologies, Inc. Class A Common Stock (DE)""",Nasdaq,News pending,2025-07-01,09:00:00
2025-06-30,19:50:00,HSDT,"""Helius Medical Technologies, Inc. Class A Common Stock (DE)""",Nasdaq,News pending,,
2025-06-30,19:50:00,SSBK,"""Southern States Bancshares, Inc. Common""",Nasdaq,News pending,,
2025-06-30,16:33:36,BPT,BP Prudhoe Bay Royalty Trust,NYSE,News Released,,
2025-06-30,16:07:43,BPT,BP Prudhoe Bay Royalty Trust,NYSE,News pending,See Subsequent Halt,See Subsequent Halt
2025-06-30,16:01:00,BULLZ,Webull Corporation Incentive Warrant,Nasdaq,News pending,,
2025-06-30,15:46:36,SCAG,Scage Future American Depositary Shares,Nasdaq,LULD pause,2025-06-30,16:00:00
2025-06-30,15:27:18,ARBKL,Argo Blockchain plc 8.75% Senior Notes due 2026,Nasdaq,LULD pause,2025-06-30,15:32:18
2025-06-30,15:26:24,SDM,Smart Digital Group Limited Ordinary Shares,Nasdaq,LULD pause,2025-06-30,15:31:24
2025-06-30,15:21:05,GDHG,Golden Heaven Group Holdings Ltd. Class A Ordinary Shares,Nasdaq,LULD pause,2025-06-30,15:26:05
2025-06-30,15:05:14,GNLN,"""Greenlane Holdings, Inc. Class A Common Stock""",Nasdaq,LULD pause,2025-06-30,15:10:14
2025-06-30,14:51:58,MIMI,Mint Incorporation Limited Class A Ordinary Shares,Nasdaq,LULD pause,2025-06-30,14:56:58
2025-06-30,14:46:23,MIMI,Mint Incorporation Limited Class A Ordinary Shares,Nasdaq,LULD pause,2025-06-30,14:51:23
2025-06-30,14:40:37,MIMI,Mint Incorporation Limited Class A Ordinary Shares,Nasdaq,LULD pause,2025-06-30,14:45:37
2025-06-30,14:35:06,YAAS,Youxin Technology Ltd Class A Ordinary shares,Nasdaq,LULD pause,2025-06-30,14:40:06
2025-06-30,14:29:41,YAAS,Youxin Technology Ltd Class A Ordinary shares,Nasdaq,LULD pause,2025-06-30,14:34:41
2025-06-30,14:24:06,YAAS,Youxin Technology Ltd Class A Ordinary shares,Nasdaq,LULD pause,2025-06-30,14:29:06
2025-06-30,14:06:58,JVSAU,JVSPAC Acquisition Corp. Unit,Nasdaq,LULD pause,2025-06-30,14:11:58
2025-06-30,14:04:48,YAAS,Youxin Technology Ltd Class A Ordinary shares,Nasdaq,LULD pause,2025-06-30,14:09:48
2025-06-30,13:52:21,CIGL,Concorde International Group Ltd Class A Ordinary Shares,Nasdaq,LULD pause,2025-06-30,14:02:21
2025-06-30,13:40:16,CIGL,Concorde International Group Ltd Class A Ordinary Shares,Nasdaq,LULD pause,2025-06-30,13:45:16
2025-06-30,13:16:12,BMNR,"""BitMine Immersion Technologies, Inc.""",NYSE American,LULD pause,2025-06-30,13:21:12
2025-06-30,13:10:34,SCAG,Scage Future American Depositary Shares,Nasdaq,LULD pause,2025-06-30,13:15:34
2025-06-30,12:55:58,ARBKL,Argo Blockchain plc 8.75% Senior Notes due 2026,Nasdaq,LULD pause,2025-06-30,13:00:58
2025-06-30,12:38:11,CIGL,Concorde International Group Ltd Class A Ordinary Shares,Nasdaq,LULD pause,2025-06-30,12:43:11
2025-06-30,12:26:04,SCAG,Scage Future American Depositary Shares,Nasdaq,LULD pause,2025-06-30,12:36:04
2025-06-30,12:19:54,GNLN,"""Greenlane Holdings, Inc. Class A Common Stock""",Nasdaq,LULD pause,2025-06-30,12:24:54
2025-06-30,12:09:06,GNLN,"""Greenlane Holdings, Inc. Class A Common Stock""",Nasdaq,LULD pause,2025-06-30,12:19:06
2025-06-30,12:07:01,CIGL,Concorde International Group Ltd Class A Ordinary Shares,Nasdaq,LULD pause,2025-06-30,12:35:18
2025-06-30,12:03:29,SCAG,Scage Future American Depositary Shares,Nasdaq,LULD pause,2025-06-30,12:08:29
2025-06-30,12:03:15,GNLN,"""Greenlane Holdings, Inc. Class A Common Stock""",Nasdaq,LULD pause,2025-06-30,12:08:15
2025-06-30,11:57:38,GNLN,"""Greenlane Holdings, Inc. Class A Common Stock""",Nasdaq,LULD pause,2025-06-30,12:02:38
2025-06-30,11:50:31,WYHG,Wing Yip Food Holdings Group Limited American Depositary Shares,Nasdaq,LULD pause,2025-06-30,12:00:31
2025-06-30,11:47:54,IROH,Iron Horse Acquisitions Corp. Common Stock,Nasdaq,LULD pause,2025-06-30,11:52:54
2025-06-30,11:46:57,BMNR,"""BitMine Immersion Technologies, Inc.""",NYSE American,LULD pause,2025-06-30,11:51:57
2025-06-30,11:46:30,CIGL,Concorde International Group Ltd Class A Ordinary Shares,Nasdaq,LULD pause,2025-06-30,12:06:30
2025-06-30,11:45:57,GNLN,"""Greenlane Holdings, Inc. Class A Common Stock""",Nasdaq,LULD pause,2025-06-30,11:55:57
2025-06-30,11:42:26,ONEG,OneConstruction Group Limited Ordinary Shares,Nasdaq,LULD pause,2025-06-30,11:52:26
2025-06-30,11:41:01,CIGL,Concorde International Group Ltd Class A Ordinary Shares,Nasdaq,LULD pause,2025-06-30,11:46:01
2025-06-30,11:40:46,IROH,Iron Horse Acquisitions Corp. Common Stock,Nasdaq,LULD pause,2025-06-30,11:45:46
2025-06-30,11:40:26,WBUY,WEBUY GLOBAL LTD. Class A Ordinary Shares,Nasdaq,LULD pause,2025-06-30,11:45:26
2025-06-30,11:39:53,ARBKL,Argo Blockchain plc 8.75% Senior Notes due 2026,Nasdaq,LULD pause,2025-06-30,11:44:53
2025-06-30,11:37:55,GNLN,"""Greenlane Holdings, Inc. Class A Common Stock""",Nasdaq,LULD pause,2025-06-30,11:42:55
2025-06-30,11:37:31,BMNR,"""BitMine Immersion Technologies, Inc.""",NYSE American,LULD pause,2025-06-30,11:42:31
2025-06-30,11:34:51,IROH,Iron Horse Acquisitions Corp. Common Stock,Nasdaq,LULD pause,2025-06-30,11:39:51
2025-06-30,11:34:12,ARBKL,Argo Blockchain plc 8.75% Senior Notes due 2026,Nasdaq,LULD pause,2025-06-30,11:39:12
2025-06-30,11:29:52,ONEG,OneConstruction Group Limited Ordinary Shares,Nasdaq,LULD pause,2025-06-30,11:39:52
2025-06-30,11:24:57,XIN,Xinyuan Real Estate Co. LTD. American Depositary Shares (each Representing twenty Common Shares),NYSE,News pending,2025-06-30,17:06:28
2025-06-30,11:24:28,ONEG,OneConstruction Group Limited Ordinary Shares,Nasdaq,LULD pause,2025-06-30,11:29:28
2025-06-30,11:22:30,ARBKL,Argo Blockchain plc 8.75% Senior Notes due 2026,Nasdaq,LULD pause,2025-06-30,11:27:30
2025-06-30,11:21:12,CIIT,"""Tianci International, Inc. Common Stock""",Nasdaq,LULD pause,2025-06-30,11:26:12
2025-06-30,11:19:22,GNLN,"""Greenlane Holdings, Inc. Class A Common Stock""",Nasdaq,LULD pause,2025-06-30,11:24:22
2025-06-30,11:18:08,ONEG,OneConstruction Group Limited Ordinary Shares,Nasdaq,LULD pause,2025-06-30,11:23:08
2025-06-30,11:16:01,BMNR,"""BitMine Immersion Technologies, Inc.""",NYSE American,LULD pause,2025-06-30,11:21:01
2025-06-30,11:12:29,GNLN,"""Greenlane Holdings, Inc. Class A Common Stock""",Nasdaq,LULD pause,2025-06-30,11:17:29
2025-06-30,11:09:23,CIIT,"""Tianci International, Inc. Common Stock""",Nasdaq,LULD pause,2025-06-30,11:20:33
2025-06-30,11:08:01,ARTL,"""Artelo Biosciences, Inc. Common Stock""",Nasdaq,LULD pause,2025-06-30,11:13:01
2025-06-30,11:07:04,ARBKL,Argo Blockchain plc 8.75% Senior Notes due 2026,Nasdaq,LULD pause,2025-06-30,11:12:04
2025-06-30,11:06:00,ONEG,OneConstruction Group Limited Ordinary Shares,Nasdaq,LULD pause,2025-06-30,11:16:00
2025-06-30,11:04:49,SCAG,Scage Future American Depositary Shares,Nasdaq,LULD pause,2025-06-30,11:09:49
2025-06-30,11:00:37,ONEG,OneConstruction Group Limited Ordinary Shares,Nasdaq,LULD pause,2025-06-30,11:05:37
2025-06-30,11:00:14,DOGZ,Dogness (International) Corporation Class A Common Stock,Nasdaq,LULD pause,2025-06-30,11:05:14
2025-06-30,10:58:44,ARBKL,Argo Blockchain plc 8.75% Senior Notes due 2026,Nasdaq,LULD pause,2025-06-30,11:03:44
2025-06-30,10:54:46,ONEG,OneConstruction Group Limited Ordinary Shares,Nasdaq,LULD pause,2025-06-30,10:59:46
2025-06-30,10:52:05,DOGZ,Dogness (International) Corporation Class A Common Stock,Nasdaq,LULD pause,2025-06-30,10:57:05
2025-06-30,10:48:32,ONEG,OneConstruction Group Limited Ordinary Shares,Nasdaq,LULD pause,2025-06-30,10:53:32
2025-06-30,10:44:32,ARBKL,Argo Blockchain plc 8.75% Senior Notes due 2026,Nasdaq,LULD pause,2025-06-30,10:49:32
2025-06-30,10:44:03,ARTL,"""Artelo Biosciences, Inc. Common Stock""",Nasdaq,LULD pause,2025-06-30,10:54:03
2025-06-30,10:37:54,DOGZ,Dogness (International) Corporation Class A Common Stock,Nasdaq,LULD pause,2025-06-30,10:50:36
2025-06-30,10:36:45,ONEG,OneConstruction Group Limited Ordinary Shares,Nasdaq,LULD pause,2025-06-30,10:46:45
2025-06-30,10:35:04,BMNR,"""BitMine Immersion Technologies, Inc.""",NYSE American,LULD pause,2025-06-30,10:40:04
2025-06-30,10:32:48,ISRLU,Israel Acquisitions Corp Unit,Nasdaq,LULD pause,2025-06-30,10:42:48
2025-06-30,10:25:06,DOGZ,Dogness (International) Corporation Class A Common Stock,Nasdaq,LULD pause,2025-06-30,10:35:06
2025-06-30,10:20:39,ARBKL,Argo Blockchain plc 8.75% Senior Notes due 2026,Nasdaq,LULD pause,2025-06-30,10:30:39
2025-06-30,10:15:41,SCAG,Scage Future American Depositary Shares,Nasdaq,LULD pause,2025-06-30,10:20:41
2025-06-30,10:14:34,DOGZ,Dogness (International) Corporation Class A Common Stock,Nasdaq,LULD pause,2025-06-30,10:24:34
2025-06-30,10:07:11,SCAG,Scage Future American Depositary Shares,Nasdaq,LULD pause,2025-06-30,10:12:11
2025-06-30,10:06:32,LIMN,"""Liminatus Pharma, Inc. Class A Common Stock""",Nasdaq,LULD pause,2025-06-30,10:11:32
2025-06-30,10:02:45,DOGZ,Dogness (International) Corporation Class A Common Stock,Nasdaq,LULD pause,2025-06-30,10:12:45
2025-06-30,10:01:31,ARTL,"""Artelo Biosciences, Inc. Common Stock""",Nasdaq,LULD pause,2025-06-30,10:11:31
2025-06-30,10:01:02,SCAG,Scage Future American Depositary Shares,Nasdaq,LULD pause,2025-06-30,10:06:02
2025-06-30,09:57:14,DOGZ,Dogness (International) Corporation Class A Common Stock,Nasdaq,LULD pause,2025-06-30,10:02:14
2025-06-30,09:51:45,DOGZ,Dogness (International) Corporation Class A Common Stock,Nasdaq,LULD pause,2025-06-30,09:56:45
2025-06-30,09:50:21,ARTL,"""Artelo Biosciences, Inc. Common Stock""",Nasdaq,LULD pause,2025-06-30,09:55:21
2025-06-30,09:47:55,ARBKL,Argo Blockchain plc 8.75% Senior Notes due 2026,Nasdaq,LULD pause,2025-06-30,09:57:55
2025-06-30,09:46:03,SCAG,Scage Future American Depositary Shares,Nasdaq,LULD pause,2025-06-30,09:56:20
2025-06-30,09:45:01,WFF,WF Holding Limited Ordinary Shares,Nasdaq,LULD pause,2025-06-30,09:50:01
2025-06-30,09:42:10,PHOE,Phoenix Asia Holdings Limited Ordinary Shares,Nasdaq,LULD pause,2025-06-30,09:47:10
2025-06-30,09:39:45,MLEC,Moolec Science SA Ordinary Shares,Nasdaq,LULD pause,2025-06-30,09:44:45
2025-06-30,09:38:55,WFF,WF Holding Limited Ordinary Shares,Nasdaq,LULD pause,2025-06-30,09:43:55
2025-06-30,09:37:11,ARTL,"""Artelo Biosciences, Inc. Common Stock""",Nasdaq,LULD pause,2025-06-30,09:42:11
2025-06-30,09:36:36,PHOE,Phoenix Asia Holdings Limited Ordinary Shares,Nasdaq,LULD pause,2025-06-30,09:41:36
2025-06-30,09:35:51,DAIC,"""CID HoldCo, Inc. Common Stock""",Nasdaq,LULD pause,2025-06-30,09:45:51
2025-06-30,09:34:49,SCAG,Scage Future American Depositary Shares,Nasdaq,LULD pause,2025-06-30,09:44:49
2025-06-30,09:34:34,EYEN,"""Eyenovia, Inc. Common Stock""",Nasdaq,LULD pause,2025-06-30,09:39:34
2025-06-30,09:33:12,DFSC,DEFSEC Technologies Inc. Common Stock,Nasdaq,LULD pause,2025-06-30,09:43:12
2025-06-30,09:32:18,JVSA,JV SPAC Acquisition Corp. Class A Ordinary Share,Nasdaq,LULD pause,2025-06-30,09:37:18
2025-06-30,09:31:05,ARTL,"""Artelo Biosciences, Inc. Common Stock""",Nasdaq,LULD pause,2025-06-30,09:36:05
2025-06-30,09:30:16,CIGL,Concorde International Group Ltd Class A Ordinary Shares,Nasdaq,LULD pause,2025-06-30,11:40:16
2025-06-30,09:30:16,JVSAU,JVSPAC Acquisition Corp. Unit,Nasdaq,LULD pause,2025-06-30,10:25:16
2025-06-30,08:32:19,HIMX,"""Himax Technologies, Inc.""",Nasdaq,News pending,2025-06-30,10:30:00
2025-06-30,08:25:00,BGFV,Big 5 Sporting Goods Corp,Nasdaq,News pending,2025-06-30,09:00:00
2025-06-30,07:36:19,BMNR,"""BitMine Immersion Technologies, Inc.""",NYSE American,News pending,2025-06-30,08:50:24
2025-06-30,07:00:00,UNCY,"""Unicycive Therapeutics, Inc. Common Stock""",Nasdaq,News pending,2025-06-30,07:35:00
2025-06-27,19:50:00,AIMDW,"""Ainos, Inc. Warrants""",Nasdaq,News pending,2025-06-30,09:05:00
2025-06-27,19:50:00,AIMDW,"""Ainos, Inc. Warrants""",Nasdaq,News pending,,
2025-06-27,19:50:00,AIMD,"""Ainos, Inc. Common Stock""",Nasdaq,News pending,,
2025-06-27,19:50:00,AIMD,"""Ainos, Inc. Common Stock""",Nasdaq,News pending,2025-06-30,09:00:00
2025-06-27,15:58:12,FBYD,"""Falcon's Beyond Global, Inc. Class A Common Stock""",Nasdaq,LULD pause,2025-06-27,16:00:00
2025-06-27,15:54:17,AUUD,Auddia Inc. Common Stock,Nasdaq,LULD pause,2025-06-27,16:00:00
2025-06-27,15:53:15,RAL WI,Ralliant Corporation,NYSE,LULD pause,2025-06-27,16:00:43
2025-06-27,15:50:12,PCTTU,"""PureCycle Technologies, Inc. Unit""",Nasdaq,LULD pause,2025-06-27,16:03:15
2025-06-27,15:47:57,WFF,WF Holding Limited Ordinary Shares,Nasdaq,LULD pause,2025-06-27,16:00:00
2025-06-27,14:16:40,WFF,WF Holding Limited Ordinary Shares,Nasdaq,LULD pause,2025-06-27,14:21:40
2025-06-27,14:12:47,BGL,Blue Gold Limited Class A Ordinary Shares,Nasdaq,LULD pause,2025-06-27,14:17:47
2025-06-27,13:50:32,WFF,WF Holding Limited Ordinary Shares,Nasdaq,LULD pause,2025-06-27,13:55:32
2025-06-27,13:50:09,BGL,Blue Gold Limited Class A Ordinary Shares,Nasdaq,LULD pause,2025-06-27,13:55:09
2025-06-27,13:46:11,CTOR,"""Citius Oncology, Inc. Common Stock""",Nasdaq,LULD pause,2025-06-27,13:51:11
2025-06-27,13:37:53,BGL,Blue Gold Limited Class A Ordinary Shares,Nasdaq,LULD pause,2025-06-27,13:42:53
2025-06-27,13:33:09,WFF,WF Holding Limited Ordinary Shares,Nasdaq,LULD pause,2025-06-27,13:38:09
2025-06-27,13:30:07,PHOE,Phoenix Asia Holdings Limited Ordinary Shares,Nasdaq,LULD pause,2025-06-27,13:35:07
2025-06-27,13:25:41,WFF,WF Holding Limited Ordinary Shares,Nasdaq,LULD pause,2025-06-27,13:30:41
2025-06-27,13:13:07,BGL,Blue Gold Limited Class A Ordinary Shares,Nasdaq,LULD pause,2025-06-27,13:23:07
2025-06-27,13:07:42,WFF,WF Holding Limited Ordinary Shares,Nasdaq,LULD pause,2025-06-27,13:12:42
2025-06-27,13:02:38,BGL,Blue Gold Limited Class A Ordinary Shares,Nasdaq,LULD pause,2025-06-27,13:12:38
2025-06-27,13:02:02,WFF,WF Holding Limited Ordinary Shares,Nasdaq,LULD pause,2025-06-27,13:07:02
2025-06-27,12:54:53,BGL,Blue Gold Limited Class A Ordinary Shares,Nasdaq,LULD pause,2025-06-27,12:59:53
2025-06-27,12:51:20,WFF,WF Holding Limited Ordinary Shares,Nasdaq,LULD pause,2025-06-27,13:01:20
2025-06-27,12:49:17,BGL,Blue Gold Limited Class A Ordinary Shares,Nasdaq,LULD pause,2025-06-27,12:54:17
2025-06-27,12:37:24,WFF,WF Holding Limited Ordinary Shares,Nasdaq,LULD pause,2025-06-27,12:47:24
2025-06-27,12:29:31,WFF,WF Holding Limited Ordinary Shares,Nasdaq,LULD pause,2025-06-27,12:34:31
2025-06-27,12:26:41,INMB,INmune Bio Inc. Common stock,Nasdaq,LULD pause,2025-06-27,12:31:41
2025-06-27,12:23:52,WFF,WF Holding Limited Ordinary Shares,Nasdaq,LULD pause,2025-06-27,12:28:52
2025-06-27,12:16:18,INMB,INmune Bio Inc. Common stock,Nasdaq,LULD pause,2025-06-27,12:21:18
2025-06-27,12:13:45,CTOR,"""Citius Oncology, Inc. Common Stock""",Nasdaq,LULD pause,2025-06-27,12:18:45
2025-06-27,11:46:27,WFF,WF Holding Limited Ordinary Shares,Nasdaq,LULD pause,2025-06-27,11:51:27
2025-06-27,11:29:45,EPSM,Epsium Enterprise Limited Ordinary Shares,Nasdaq,LULD pause,2025-06-27,11:34:45
2025-06-27,11:18:33,WFF,WF Holding Limited Ordinary Shares,Nasdaq,LULD pause,2025-06-27,11:31:37
2025-06-27,10:32:16,SVRE,SaverOne 2014 Ltd. American Depositary Shares,Nasdaq,LULD pause,2025-06-27,10:37:16
2025-06-27,10:23:06,HCWB,HCW Biologics Inc. Common Stock,Nasdaq,LULD pause,2025-06-27,10:38:07
2025-06-27,10:15:44,SVRE,SaverOne 2014 Ltd. American Depositary Shares,Nasdaq,LULD pause,2025-06-27,10:20:44
2025-06-27,10:07:53,BGL,Blue Gold Limited Class A Ordinary Shares,Nasdaq,LULD pause,2025-06-27,10:12:53
2025-06-27,10:00:25,INDP,"""Indaptus Therapeutics, Inc. Common Stock""",Nasdaq,LULD pause,2025-06-27,10:05:25
2025-06-27,09:59:04,CIGL,Concorde International Group Ltd Class A Ordinary Shares,Nasdaq,LULD pause,2025-06-27,10:04:04
2025-06-27,09:54:24,CTOR,"""Citius Oncology, Inc. Common Stock""",Nasdaq,LULD pause,2025-06-27,09:59:24
2025-06-27,09:54:15,BGL,Blue Gold Limited Class A Ordinary Shares,Nasdaq,LULD pause,2025-06-27,10:04:15
2025-06-27,09:52:51,JFBR,Jeffs' Brands Ltd Ordinary Shares,Nasdaq,LULD pause,2025-06-27,10:02:51
2025-06-27,09:52:39,JEM,707 Cayman Holdings Limited Ordinary Shares,Nasdaq,LULD pause,2025-06-27,10:03:47
2025-06-27,09:44:48,JVSAU,JVSPAC Acquisition Corp. Unit,Nasdaq,LULD pause,2025-06-27,09:49:48
2025-06-27,09:43:40,CYN,Cyngn Inc. Common Stock,Nasdaq,LULD pause,2025-06-27,09:48:40
2025-06-27,09:42:41,WAI,Top KingWin Ltd Class A Ordinary Shares,Nasdaq,LULD pause,2025-06-27,09:47:41
2025-06-27,09:42:33,BGL,Blue Gold Limited Class A Ordinary Shares,Nasdaq,LULD pause,2025-06-27,09:52:33
2025-06-27,09:36:39,BGL,Blue Gold Limited Class A Ordinary Shares,Nasdaq,LULD pause,2025-06-27,09:41:39
2025-06-27,09:30:41,BGL,Blue Gold Limited Class A Ordinary Shares,Nasdaq,LULD pause,2025-06-27,09:35:41
2025-06-27,09:30:38,BDCZ,"""ETRACS MarketVector Business Development Companies Liquid Index ETN due April 26, 2041""",NYSE Arca,LULD pause,2025-06-27,09:35:38
2025-06-27,07:25:00,TSBX,Turnstone Biologics Corp. Common Stock,Nasdaq,News pending,2025-06-27,08:00:00
2025-06-27,04:00:00,VSAI,VERSES AI INC,Nasdaq,News pending,,
2025-06-26,19:50:00,GNLN,"""Greenlane Holdings, Inc. Class A Common Stock""",Nasdaq,News pending,,
2025-06-26,19:50:00,GNLN,"""Greenlane Holdings, Inc. Class A Common Stock""",Nasdaq,News pending,2025-06-27,09:00:00
2025-06-26,19:50:00,INDP,"""Indaptus Therapeutics, Inc. Common Stock""",Nasdaq,News pending,,
2025-06-26,19:50:00,INDP,"""Indaptus Therapeutics, Inc. Common Stock""",Nasdaq,News pending,2025-06-27,09:00:00
2025-06-26,19:50:00,TRNR,Interactive Strength Inc. Common Stock,Nasdaq,News pending,,
2025-06-26,19:50:00,TRNR,Interactive Strength Inc. Common Stock,Nasdaq,News pending,2025-06-27,09:00:00
2025-06-26,15:44:02,OST,"""Ostin Technology Group Co., Ltd. Class A Ordinary Shares""",Nasdaq,LULD pause,2025-06-26,15:49:02
2025-06-26,15:40:47,G,GENPACT LIMITED,NYSE,News pending,2025-06-26,16:09:37
2025-06-26,15:37:55,CYN,Cyngn Inc. Common Stock,Nasdaq,LULD pause,2025-06-26,15:42:55
2025-06-26,15:31:27,OST,"""Ostin Technology Group Co., Ltd. Class A Ordinary Shares""",Nasdaq,LULD pause,2025-06-26,15:36:27
2025-06-26,15:25:58,OST,"""Ostin Technology Group Co., Ltd. Class A Ordinary Shares""",Nasdaq,LULD pause,2025-06-26,15:30:58
2025-06-26,15:20:39,OST,"""Ostin Technology Group Co., Ltd. Class A Ordinary Shares""",Nasdaq,LULD pause,2025-06-26,15:25:39
2025-06-26,15:15:24,OST,"""Ostin Technology Group Co., Ltd. Class A Ordinary Shares""",Nasdaq,LULD pause,2025-06-26,15:20:24
2025-06-26,15:06:37,MTEN,Mingteng International Corporation Inc. Ordinary Shares,Nasdaq,LULD pause,2025-06-26,15:11:37
2025-06-26,15:05:07,OST,"""Ostin Technology Group Co., Ltd. Class A Ordinary Shares""",Nasdaq,LULD pause,2025-06-26,15:15:08
2025-06-26,14:25:25,BGL,Blue Gold Limited Class A Ordinary Shares,Nasdaq,LULD pause,2025-06-26,14:30:25
2025-06-26,14:03:52,BGL,Blue Gold Limited Class A Ordinary Shares,Nasdaq,LULD pause,2025-06-26,14:13:52
2025-06-26,13:47:04,LIVE,Live Ventures Inc,Nasdaq,LULD pause,2025-06-26,14:05:57
2025-06-26,13:39:51,LIVE,Live Ventures Inc,Nasdaq,LULD pause,2025-06-26,13:44:51
2025-06-26,13:39:50,OST,"""Ostin Technology Group Co., Ltd. Class A Ordinary Shares""",Nasdaq,LULD pause,2025-06-26,15:04:52
2025-06-26,13:34:27,LIVE,Live Ventures Inc,Nasdaq,LULD pause,2025-06-26,13:39:27
2025-06-26,13:10:32,MDRR,"""Medalist Diversified REIT, Inc.""",Nasdaq,LULD pause,2025-06-26,13:15:32
2025-06-26,12:50:34,BGL,Blue Gold Limited Class A Ordinary Shares,Nasdaq,LULD pause,2025-06-26,13:00:34
2025-06-26,12:47:54,MAAS,Maase Inc. Class A Ordinary Shares,Nasdaq,LULD pause,2025-06-26,12:52:54
2025-06-26,12:44:30,SBEV,"""Splash Beverage Group, Inc.""",NYSE American,LULD pause,2025-06-26,12:49:30
2025-06-26,12:39:08,CYN,Cyngn Inc. Common Stock,Nasdaq,LULD pause,2025-06-26,12:44:08
2025-06-26,12:36:04,SBEV,"""Splash Beverage Group, Inc.""",NYSE American,LULD pause,2025-06-26,12:41:04
2025-06-26,12:30:55,SIF,"""SIFCO Industries, Inc.""",NYSE American,LULD pause,2025-06-26,12:35:55
2025-06-26,12:29:38,CYN,Cyngn Inc. Common Stock,Nasdaq,LULD pause,2025-06-26,12:34:38
2025-06-26,12:28:22,SBEV,"""Splash Beverage Group, Inc.""",NYSE American,LULD pause,2025-06-26,12:33:22
2025-06-26,12:27:46,CORZ,"""Core Scientific, Inc. Common Stock""",Nasdaq,LULD pause,2025-06-26,12:37:46
2025-06-26,12:24:58,LIVE,Live Ventures Inc,Nasdaq,LULD pause,2025-06-26,12:29:58
2025-06-26,12:21:42,CYN,Cyngn Inc. Common Stock,Nasdaq,LULD pause,2025-06-26,12:26:42
2025-06-26,12:21:16,SBEV,"""Splash Beverage Group, Inc.""",NYSE American,LULD pause,2025-06-26,12:26:16
2025-06-26,12:16:00,CYN,Cyngn Inc. Common Stock,Nasdaq,LULD pause,2025-06-26,12:21:00
2025-06-26,12:10:37,BGL,Blue Gold Limited Class A Ordinary Shares,Nasdaq,LULD pause,2025-06-26,12:35:38
2025-06-26,12:01:36,SBEV,"""Splash Beverage Group, Inc.""",NYSE American,LULD pause,2025-06-26,12:11:36
2025-06-26,11:46:42,KWE,KWESST Micro Systems Inc. Common Stock,Nasdaq,LULD pause,2025-06-26,11:51:42
2025-06-26,11:43:28,CYN,Cyngn Inc. Common Stock,Nasdaq,LULD pause,2025-06-26,12:13:31
2025-06-26,11:37:43,CYN,Cyngn Inc. Common Stock,Nasdaq,LULD pause,2025-06-26,11:42:43
2025-06-26,11:27:50,KWE,KWESST Micro Systems Inc. Common Stock,Nasdaq,LULD pause,2025-06-26,11:32:50
2025-06-26,11:16:41,CYN,Cyngn Inc. Common Stock,Nasdaq,LULD pause,2025-06-26,11:21:41
2025-06-26,11:11:12,CYN,Cyngn Inc. Common Stock,Nasdaq,LULD pause,2025-06-26,11:16:12
2025-06-26,10:56:29,DAIC,"""CID HoldCo, Inc. Common Stock""",Nasdaq,LULD pause,2025-06-26,11:01:29
2025-06-26,10:55:49,CYN,Cyngn Inc. Common Stock,Nasdaq,LULD pause,2025-06-26,11:00:49
2025-06-26,10:49:37,RITR,Reitar Logtech Holdings Limited Ordinary shares,Nasdaq,LULD pause,2025-06-26,10:54:37
2025-06-26,10:45:34,JVSAU,JVSPAC Acquisition Corp. Unit,Nasdaq,LULD pause,2025-06-26,10:50:34
2025-06-26,10:43:39,RITR,Reitar Logtech Holdings Limited Ordinary shares,Nasdaq,LULD pause,2025-06-26,10:48:39
2025-06-26,10:36:55,RITR,Reitar Logtech Holdings Limited Ordinary shares,Nasdaq,LULD pause,2025-06-26,10:41:55
2025-06-26,10:36:27,CYN,Cyngn Inc. Common Stock,Nasdaq,LULD pause,2025-06-26,10:41:27
2025-06-26,10:28:31,JVSAU,JVSPAC Acquisition Corp. Unit,Nasdaq,LULD pause,2025-06-26,10:33:31
2025-06-26,10:28:15,CYN,Cyngn Inc. Common Stock,Nasdaq,LULD pause,2025-06-26,10:33:15
2025-06-26,10:23:05,DAIC,"""CID HoldCo, Inc. Common Stock""",Nasdaq,LULD pause,2025-06-26,10:28:05
2025-06-26,10:20:36,JLHL,Julong Holding Limited Class A Ordinary Shares,Nasdaq,LULD pause,2025-06-26,10:30:37
2025-06-26,09:54:39,ISPO,Inspirato Incorporated Class A Common Stock,Nasdaq,LULD pause,2025-06-26,09:59:39
2025-06-26,09:52:58,CYN,Cyngn Inc. Common Stock,Nasdaq,LULD pause,2025-06-26,09:57:58
2025-06-26,09:47:20,CYN,Cyngn Inc. Common Stock,Nasdaq,LULD pause,2025-06-26,09:52:20
2025-06-26,09:44:57,FMFC,Kandal M Venture Limited Class A Ordinary Shares,Nasdaq,LULD pause,2025-06-26,09:49:57
2025-06-26,09:42:05,CYN,Cyngn Inc. Common Stock,Nasdaq,LULD pause,2025-06-26,09:47:05
2025-06-26,09:40:12,VOR,Vor Biopharma Inc. Common Stock,Nasdaq,LULD pause,2025-06-26,09:45:12
2025-06-26,09:39:29,EGG,Enigmatig Limited,NYSE American,LULD pause,2025-06-26,09:44:29
2025-06-26,09:35:09,FMFC,Kandal M Venture Limited Class A Ordinary Shares,Nasdaq,LULD pause,2025-06-26,09:40:09
2025-06-26,09:33:28,MBAVU,M3-Brigade Acquisition V Corp. Units,Nasdaq,LULD pause,2025-06-26,09:38:28
2025-06-26,09:30:49,PHOE,Phoenix Asia Holdings Limited Ordinary Shares,Nasdaq,LULD pause,2025-06-26,09:35:49
2025-06-26,09:30:34,CYN,Cyngn Inc. Common Stock,Nasdaq,LULD pause,2025-06-26,09:40:34
2025-06-26,08:55:00,ISPOW,Inspirato Incorporated Warrant,Nasdaq,News pending,2025-06-26,09:55:00
2025-06-26,08:55:00,ISPO,Inspirato Incorporated Class A Common Stock,Nasdaq,News pending,2025-06-26,09:50:00
2025-06-26,04:00:00,BGLWW,Blue Gold Limited Warrant,Nasdaq,News pending,2025-06-26,11:45:00
2025-06-26,04:00:00,BGL,Blue Gold Limited Class A Ordinary Shares,Nasdaq,News pending,2025-06-26,11:45:00
2025-06-25,19:50:00,BREA,Brera Holdings PLC Class B Ordinary Shares,Nasdaq,News pending,2025-06-26,09:00:00
2025-06-25,19:50:00,BREA,Brera Holdings PLC Class B Ordinary Shares,Nasdaq,News pending,,
2025-06-25,19:50:00,AYRO,"""AYRO, Inc. Common Stock""",Nasdaq,News pending,2025-06-26,09:00:00
2025-06-25,19:50:00,AYRO,"""AYRO, Inc. Common Stock""",Nasdaq,News pending,,
2025-06-25,15:47:49,WHLRP,"""Wheeler Real Estate Investment Trust, Inc. Preferred Stock""",Nasdaq,LULD pause,2025-06-25,16:00:00
2025-06-25,14:22:14,EDHL,Everbright Digital Holding Limited Ordinary Shares,Nasdaq,LULD pause,2025-06-25,14:32:14
2025-06-25,14:22:09,SRFM,Surf Air Mobility Inc.,NYSE,News pending,2025-06-25,14:43:09
2025-06-25,14:15:03,RITR,Reitar Logtech Holdings Limited Ordinary shares,Nasdaq,LULD pause,2025-06-25,14:20:03
2025-06-25,14:01:21,JVSA,JV SPAC Acquisition Corp. Class A Ordinary Share,Nasdaq,LULD pause,2025-06-25,14:06:21
2025-06-25,13:54:40,LIMN,"""Liminatus Pharma, Inc. Class A Common Stock""",Nasdaq,LULD pause,2025-06-25,13:59:40
2025-06-25,13:43:58,JVSA,JV SPAC Acquisition Corp. Class A Ordinary Share,Nasdaq,LULD pause,2025-06-25,13:48:58
2025-06-25,13:25:16,JVSA,JV SPAC Acquisition Corp. Class A Ordinary Share,Nasdaq,LULD pause,2025-06-25,13:35:16
2025-06-25,13:00:43,MFI,mF International Limited Class A Ordinary Shares,Nasdaq,LULD pause,2025-06-25,13:05:43
2025-06-25,12:38:53,TOPS,TOP Ships Inc.,NYSE American,LULD pause,2025-06-25,12:48:53
2025-06-25,12:24:44,FMFC,Kandal M Venture Limited Class A Ordinary Shares,Nasdaq,LULD pause,2025-06-25,12:29:44
2025-06-25,12:19:27,FMFC,Kandal M Venture Limited Class A Ordinary Shares,Nasdaq,LULD pause,2025-06-25,12:24:27
2025-06-25,12:08:55,FMFC,Kandal M Venture Limited Class A Ordinary Shares,Nasdaq,LULD pause,2025-06-25,12:18:55
2025-06-25,11:47:55,MAAS,Maase Inc. Class A Ordinary Shares,Nasdaq,LULD pause,2025-06-25,11:52:55
2025-06-25,11:11:01,PULM,"""Pulmatrix, Inc. Common Stock""",Nasdaq,LULD pause,2025-06-25,11:16:01
2025-06-25,10:59:19,XBIO,"""Xenetic Biosciences, Inc.""",Nasdaq,LULD pause,2025-06-25,11:04:19
2025-06-25,10:52:51,LIVE,Live Ventures Inc,Nasdaq,LULD pause,2025-06-25,11:02:51
2025-06-25,10:48:48,XBIO,"""Xenetic Biosciences, Inc.""",Nasdaq,LULD pause,2025-06-25,10:53:48
2025-06-25,10:42:05,LIVE,Live Ventures Inc,Nasdaq,LULD pause,2025-06-25,10:47:05
2025-06-25,10:32:55,CREV,Carbon Revolution Public Limited Ordinary Shares,Nasdaq,LULD pause,2025-06-25,10:37:55
2025-06-25,10:29:08,IROH,Iron Horse Acquisitions Corp. Common Stock,Nasdaq,LULD pause,2025-06-25,10:34:08
2025-06-25,10:29:04,ICCC,Immucell Corp,Nasdaq,LULD pause,2025-06-25,10:39:04
2025-06-25,10:13:37,FNWB,First Northwest Bancorp Common Stock,Nasdaq,LULD pause,2025-06-25,10:23:37
2025-06-25,10:11:02,CREV,Carbon Revolution Public Limited Ordinary Shares,Nasdaq,LULD pause,2025-06-25,10:16:02
2025-06-25,10:10:27,MXC,Mexco Energy Corporation,NYSE American,LULD pause,2025-06-25,10:15:27
2025-06-25,10:08:52,INM,InMed Pharmaceuticals Inc. Common Shares,Nasdaq,LULD pause,2025-06-25,10:13:52
2025-06-25,10:04:21,MXC,Mexco Energy Corporation,NYSE American,LULD pause,2025-06-25,10:09:21
2025-06-25,10:00:39,INM,InMed Pharmaceuticals Inc. Common Shares,Nasdaq,LULD pause,2025-06-25,10:05:39
2025-06-25,09:58:37,MXC,Mexco Energy Corporation,NYSE American,LULD pause,2025-06-25,10:03:37
2025-06-25,09:52:26,SRFM,Surf Air Mobility Inc.,NYSE,LULD pause,2025-06-25,09:57:36
2025-06-25,09:48:48,GCTK,"""GlucoTrack, Inc. Common Stock""",Nasdaq,LULD pause,2025-06-25,09:58:48
2025-06-25,09:47:48,MYND,"""Mynd.ai, Inc. American Depositary Shares, each representing ten (10) Class A Ordinary Shares""",NYSE American,LULD pause,2025-06-25,09:52:48
2025-06-25,09:47:03,MXC,Mexco Energy Corporation,NYSE American,LULD pause,2025-06-25,09:57:03
2025-06-25,09:46:32,FTRK,FAST TRACK GROUP Ordinary shares,Nasdaq,LULD pause,2025-06-25,09:51:32
2025-06-25,09:41:53,JVSA,JV SPAC Acquisition Corp. Class A Ordinary Share,Nasdaq,LULD pause,2025-06-25,09:51:54
2025-06-25,09:41:44,MXC,Mexco Energy Corporation,NYSE American,LULD pause,2025-06-25,09:46:44
2025-06-25,09:38:05,SRFM,Surf Air Mobility Inc.,NYSE,LULD pause,2025-06-25,09:43:09
2025-06-25,09:35:27,ULY,Urgent.ly Inc. Common Stock,Nasdaq,LULD pause,2025-06-25,09:40:27
2025-06-25,09:34:16,MXC,Mexco Energy Corporation,NYSE American,LULD pause,2025-06-25,09:39:16
2025-06-25,09:34:02,GCTK,"""GlucoTrack, Inc. Common Stock""",Nasdaq,LULD pause,2025-06-25,09:44:02
2025-06-25,09:34:00,JVSA,JV SPAC Acquisition Corp. Class A Ordinary Share,Nasdaq,LULD pause,2025-06-25,09:39:00
2025-06-24,19:50:00,LSEAW,Landsea Homes Corporation Warrant,Nasdaq,News pending,,
2025-06-24,19:50:00,LSEA,Landsea Homes Corporation Common Stock,Nasdaq,News pending,,
2025-06-24,19:50:00,RGLS,Regulus Therapeutics Inc.,Nasdaq,News pending,,
2025-06-24,16:33:23,SUP,"""Superior Industries International, Inc.""",NYSE,News Released,,
2025-06-24,16:09:09,SUP,"""Superior Industries International, Inc.""",NYSE,News pending,See Subsequent Halt,See Subsequent Halt
2025-06-24,15:50:36,GLBZ,Glen Burnie Bancorp,Nasdaq,LULD pause,2025-06-24,16:00:00
2025-06-24,15:37:39,FTRK,FAST TRACK GROUP Ordinary shares,Nasdaq,LULD pause,2025-06-24,16:00:00
2025-06-24,15:26:46,FTRK,FAST TRACK GROUP Ordinary shares,Nasdaq,LULD pause,2025-06-24,15:37:22
2025-06-24,15:18:47,WVVI,Willamette Valley Vineyards,Nasdaq,LULD pause,2025-06-24,15:23:47
2025-06-24,15:16:24,FTRK,FAST TRACK GROUP Ordinary shares,Nasdaq,LULD pause,2025-06-24,15:26:24
2025-06-24,15:11:09,FTRK,FAST TRACK GROUP Ordinary shares,Nasdaq,LULD pause,2025-06-24,15:16:09
2025-06-24,15:01:08,LGL,"""The LGL Group, Inc.""",NYSE American,LULD pause,2025-06-24,15:11:08
2025-06-24,14:40:17,NSYS,Nortech Systems Inc,Nasdaq,LULD pause,2025-06-24,14:50:17
2025-06-24,14:23:27,LIVE,Live Ventures Inc,Nasdaq,LULD pause,2025-06-24,14:28:27
2025-06-24,14:15:27,LIVE,Live Ventures Inc,Nasdaq,LULD pause,2025-06-24,14:20:27
2025-06-24,14:10:39,KFS,"""Kingsway Financial Services, Inc.""",NYSE,News pending,2025-06-24,16:00:14
2025-06-24,14:09:49,LIVE,Live Ventures Inc,Nasdaq,LULD pause,2025-06-24,14:14:49
2025-06-24,14:03:16,WFF,WF Holding Limited Ordinary Shares,Nasdaq,LULD pause,2025-06-24,14:08:16
2025-06-24,13:59:53,LIVE,Live Ventures Inc,Nasdaq,LULD pause,2025-06-24,14:04:53
2025-06-24,13:41:29,WFF,WF Holding Limited Ordinary Shares,Nasdaq,LULD pause,2025-06-24,13:46:29
2025-06-24,13:40:36,KALV,"""KalVista Pharmaceuticals, Inc. Common Stock""",Nasdaq,LULD pause,2025-06-24,13:45:36
2025-06-24,13:21:57,MAAS,Maase Inc. Class A Ordinary Shares,Nasdaq,LULD pause,2025-06-24,13:26:57
2025-06-24,13:13:55,NTRP,"""NextTrip, Inc. Common Stock""",Nasdaq,LULD pause,2025-06-24,13:18:55
2025-06-24,13:01:41,NTRP,"""NextTrip, Inc. Common Stock""",Nasdaq,LULD pause,2025-06-24,13:06:41
2025-06-24,12:58:34,APED,STKd 100% MSTR & 100% COIN ETF,Nasdaq,LULD pause,2025-06-24,13:03:34
2025-06-24,12:51:46,MAAS,Maase Inc. Class A Ordinary Shares,Nasdaq,LULD pause,2025-06-24,12:56:46
2025-06-24,12:46:02,YAAS,Youxin Technology Ltd Class A Ordinary shares,Nasdaq,LULD pause,2025-06-24,12:51:02
2025-06-24,12:28:55,WFF,WF Holding Limited Ordinary Shares,Nasdaq,LULD pause,2025-06-24,12:33:55
2025-06-24,12:19:53,WFF,WF Holding Limited Ordinary Shares,Nasdaq,LULD pause,2025-06-24,12:24:53
2025-06-24,12:14:15,WFF,WF Holding Limited Ordinary Shares,Nasdaq,LULD pause,2025-06-24,12:19:15
2025-06-24,12:07:51,WFF,WF Holding Limited Ordinary Shares,Nasdaq,LULD pause,2025-06-24,12:12:51
2025-06-24,12:06:44,AIFU,AIFU Inc. Class A Ordinary Share,Nasdaq,LULD pause,2025-06-24,12:11:44
2025-06-24,12:04:41,ONFO,Onfolio Holdings Inc. Common Stock,Nasdaq,LULD pause,2025-06-24,12:09:41
2025-06-24,12:01:18,WFF,WF Holding Limited Ordinary Shares,Nasdaq,LULD pause,2025-06-24,12:06:18
2025-06-24,11:56:11,AIFU,AIFU Inc. Class A Ordinary Share,Nasdaq,LULD pause,2025-06-24,12:01:11
2025-06-24,11:53:35,WFF,WF Holding Limited Ordinary Shares,Nasdaq,LULD pause,2025-06-24,11:58:35
2025-06-24,11:48:58,AIFU,AIFU Inc. Class A Ordinary Share,Nasdaq,LULD pause,2025-06-24,11:53:58
2025-06-24,11:43:08,WFF,WF Holding Limited Ordinary Shares,Nasdaq,LULD pause,2025-06-24,11:48:08
2025-06-24,11:42:00,AIFU,AIFU Inc. Class A Ordinary Share,Nasdaq,LULD pause,2025-06-24,11:47:00
2025-06-24,11:36:54,WFF,WF Holding Limited Ordinary Shares,Nasdaq,LULD pause,2025-06-24,11:41:54
2025-06-24,11:36:24,AIFU,AIFU Inc. Class A Ordinary Share,Nasdaq,LULD pause,2025-06-24,11:41:24
2025-06-24,11:33:20,MAAS,Maase Inc. Class A Ordinary Shares,Nasdaq,LULD pause,2025-06-24,11:38:20
2025-06-24,11:26:27,WFF,WF Holding Limited Ordinary Shares,Nasdaq,LULD pause,2025-06-24,11:36:27
2025-06-24,11:01:02,WFF,WF Holding Limited Ordinary Shares,Nasdaq,LULD pause,2025-06-24,11:06:02
2025-06-24,10:54:21,MAAS,Maase Inc. Class A Ordinary Shares,Nasdaq,LULD pause,2025-06-24,10:59:21
2025-06-24,10:47:31,MAAS,Maase Inc. Class A Ordinary Shares,Nasdaq,LULD pause,2025-06-24,10:52:31
2025-06-24,10:47:30,DAIC,"""CID HoldCo, Inc. Common Stock""",Nasdaq,LULD pause,2025-06-24,10:52:30
2025-06-24,10:45:31,HCHL,Happy City Holdings Limited Class A Ordinary shares,Nasdaq,LULD pause,2025-06-24,10:55:31
2025-06-24,10:37:25,MAAS,Maase Inc. Class A Ordinary Shares,Nasdaq,LULD pause,2025-06-24,10:42:25
2025-06-24,10:31:39,EURKU,Eureka Acquisition Corp Unit,Nasdaq,LULD pause,2025-06-24,10:36:39
2025-06-24,10:14:05,MAAS,Maase Inc. Class A Ordinary Shares,Nasdaq,LULD pause,2025-06-24,10:19:05
2025-06-24,10:08:13,MAAS,Maase Inc. Class A Ordinary Shares,Nasdaq,LULD pause,2025-06-24,10:13:13
2025-06-24,09:56:43,MAAS,Maase Inc. Class A Ordinary Shares,Nasdaq,LULD pause,2025-06-24,10:06:44
2025-06-24,09:54:35,DAIC,"""CID HoldCo, Inc. Common Stock""",Nasdaq,LULD pause,2025-06-24,10:04:35
2025-06-24,09:51:10,MAAS,Maase Inc. Class A Ordinary Shares,Nasdaq,LULD pause,2025-06-24,09:56:10
2025-06-24,09:49:59,RGC,Regencell Bioscience Holdings Limited Ordinary Shares,Nasdaq,LULD pause,2025-06-24,09:54:59
2025-06-24,09:49:16,WFF,WF Holding Limited Ordinary Shares,Nasdaq,LULD pause,2025-06-24,09:59:16
2025-06-24,09:48:59,DAIC,"""CID HoldCo, Inc. Common Stock""",Nasdaq,LULD pause,2025-06-24,09:53:59
2025-06-24,09:44:04,MAAS,Maase Inc. Class A Ordinary Shares,Nasdaq,LULD pause,2025-06-24,09:49:04
2025-06-24,09:43:22,DAIC,"""CID HoldCo, Inc. Common Stock""",Nasdaq,LULD pause,2025-06-24,09:48:22
2025-06-24,09:40:24,EGG,Enigmatig Limited,NYSE American,LULD pause,2025-06-24,09:45:24
2025-06-24,09:39:42,AIFU,AIFU Inc. Class A Ordinary Share,Nasdaq,LULD pause,2025-06-24,09:44:42
2025-06-24,09:39:29,NA,Nano Labs Ltd Class A Ordinary Shares,Nasdaq,LULD pause,2025-06-24,09:44:29
2025-06-24,09:37:42,MAAS,Maase Inc. Class A Ordinary Shares,Nasdaq,LULD pause,2025-06-24,09:42:42
2025-06-24,09:36:39,DAIC,"""CID HoldCo, Inc. Common Stock""",Nasdaq,LULD pause,2025-06-24,09:41:39
2025-06-24,09:35:54,WFF,WF Holding Limited Ordinary Shares,Nasdaq,LULD pause,2025-06-24,09:45:54
2025-06-24,09:34:44,RGC,Regencell Bioscience Holdings Limited Ordinary Shares,Nasdaq,LULD pause,2025-06-24,09:44:44
2025-06-24,09:34:24,CREV,Carbon Revolution Public Limited Ordinary Shares,Nasdaq,LULD pause,2025-06-24,09:39:24
2025-06-24,09:32:03,AGEM,abrdn Emerging Markets Dividend Active ETF,Nasdaq,LULD pause,2025-06-24,09:37:03
2025-06-24,07:10:50,BBVA,"""Banco Bilbao Vizcaya Argentaria, S.A.""",NYSE,News pending,2025-06-24,13:51:48
2025-06-24,07:00:00,NKTR,Nektar Therapeutics,Nasdaq,News pending,2025-06-24,08:01:00
2025-06-23,19:50:00,JDZG,JIADE LIMITED Common stock,Nasdaq,News pending,,
2025-06-23,19:50:00,JDZG,JIADE LIMITED Common stock,Nasdaq,News pending,2025-06-24,09:00:00
2025-06-23,19:50:00,CLRB,Cellectar Biosciences INC NEW,Nasdaq,News pending,,
2025-06-23,19:50:00,CLRB,Cellectar Biosciences INC NEW,Nasdaq,News pending,2025-06-24,09:00:00
2025-06-23,16:01:00,VRMEW,"""VerifyMe, Inc. Warrant""",Nasdaq,News pending,,
2025-06-23,15:35:28,TRT,"Trio-Tech International ",NYSE American,LULD pause,2025-06-23,15:40:28
2025-06-23,15:13:25,BLBX,Blackboxstocks Inc. Common Stock,Nasdaq,LULD pause,2025-06-23,15:23:25
2025-06-23,15:05:23,MAAS,Maase Inc. Class A Ordinary Shares,Nasdaq,LULD pause,2025-06-23,15:15:23
2025-06-23,14:57:53,PLUR,Pluri Inc. Common Stock,Nasdaq,LULD pause,2025-06-23,15:07:53
2025-06-23,14:56:27,MAAS,Maase Inc. Class A Ordinary Shares,Nasdaq,LULD pause,2025-06-23,15:01:27
2025-06-23,14:42:59,PLUR,Pluri Inc. Common Stock,Nasdaq,LULD pause,2025-06-23,14:47:59
2025-06-23,14:42:55,MAAS,Maase Inc. Class A Ordinary Shares,Nasdaq,LULD pause,2025-06-23,14:55:44
2025-06-23,14:32:20,MAAS,Maase Inc. Class A Ordinary Shares,Nasdaq,LULD pause,2025-06-23,14:42:20
2025-06-23,14:10:02,CKX,"""CKX Lands, Inc.""",NYSE American,LULD pause,2025-06-23,14:15:02
2025-06-23,14:07:00,ELTK,Eltek Ltd,Nasdaq,LULD pause,2025-06-23,14:12:00
2025-06-23,14:06:32,MAAS,Maase Inc. Class A Ordinary Shares,Nasdaq,LULD pause,2025-06-23,14:31:39
2025-06-23,14:00:20,MAAS,Maase Inc. Class A Ordinary Shares,Nasdaq,LULD pause,2025-06-23,14:05:20
2025-06-23,13:55:53,ELTK,Eltek Ltd,Nasdaq,LULD pause,2025-06-23,14:05:53
2025-06-23,13:48:57,LIVE,Live Ventures Inc,Nasdaq,LULD pause,2025-06-23,13:53:57
2025-06-23,13:44:33,ELTK,Eltek Ltd,Nasdaq,LULD pause,2025-06-23,13:49:33
2025-06-23,13:36:57,LIVE,Live Ventures Inc,Nasdaq,LULD pause,2025-06-23,13:46:58
2025-06-23,13:25:45,LIVE,Live Ventures Inc,Nasdaq,LULD pause,2025-06-23,13:35:45
2025-06-23,13:16:22,LIVE,Live Ventures Inc,Nasdaq,LULD pause,2025-06-23,13:21:22
2025-06-23,13:05:55,LIVE,Live Ventures Inc,Nasdaq,LULD pause,2025-06-23,13:10:55
2025-06-23,13:02:21,NXTT,Next Technology Holding Inc. Ordinary Shares,Nasdaq,LULD pause,2025-06-23,13:07:21
2025-06-23,12:59:24,HHS,"""Harte-Hanks, Inc. Common Stock""",Nasdaq,LULD pause,2025-06-23,13:09:24
2025-06-23,12:49:54,HHS,"""Harte-Hanks, Inc. Common Stock""",Nasdaq,LULD pause,2025-06-23,12:54:54
2025-06-23,12:49:24,RNEW,VanEck Green Infrastructure ETF,Nasdaq,News pending,,
2025-06-23,12:35:31,DAIC,"""CID HoldCo, Inc. Common Stock""",Nasdaq,LULD pause,2025-06-23,12:40:31
2025-06-23,12:28:00,HSPO,Horizon Space Acquisition I Corp. Ordinary Shares,Nasdaq,LULD pause,2025-06-23,12:38:00
2025-06-23,12:15:52,PULM,"""Pulmatrix, Inc. Common Stock""",Nasdaq,LULD pause,2025-06-23,12:20:52
2025-06-23,12:08:41,PULM,"""Pulmatrix, Inc. Common Stock""",Nasdaq,LULD pause,2025-06-23,12:13:41
2025-06-23,12:03:05,PULM,"""Pulmatrix, Inc. Common Stock""",Nasdaq,LULD pause,2025-06-23,12:08:05
2025-06-23,12:02:51,FVNNU,Future Vision II Acquisition Corporation Units,Nasdaq,LULD pause,2025-06-23,12:12:51
2025-06-23,11:55:40,PULM,"""Pulmatrix, Inc. Common Stock""",Nasdaq,LULD pause,2025-06-23,12:00:40
2025-06-23,11:52:07,DAIC,"""CID HoldCo, Inc. Common Stock""",Nasdaq,LULD pause,2025-06-23,11:57:07
2025-06-23,11:41:25,IBO,"""Impact BioMedical, Inc.""",NYSE American,LULD pause,2025-06-23,11:46:25
2025-06-23,11:41:01,SANW,S&W Seed Company,Nasdaq,LULD pause,2025-06-23,11:46:01
2025-06-23,11:37:15,PULM,"""Pulmatrix, Inc. Common Stock""",Nasdaq,LULD pause,2025-06-23,11:42:15
2025-06-23,11:34:54,IBO,"""Impact BioMedical, Inc.""",NYSE American,LULD pause,2025-06-23,11:39:54
2025-06-23,11:26:40,GOCO,"""GoHealth, Inc. Class A Common Stock""",Nasdaq,LULD pause,2025-06-23,11:31:40
2025-06-23,11:19:23,DAIC,"""CID HoldCo, Inc. Common Stock""",Nasdaq,LULD pause,2025-06-23,11:29:23
2025-06-23,11:14:27,IBO,"""Impact BioMedical, Inc.""",NYSE American,LULD pause,2025-06-23,11:19:27
2025-06-23,11:05:41,DAIC,"""CID HoldCo, Inc. Common Stock""",Nasdaq,LULD pause,2025-06-23,11:15:42
2025-06-23,10:52:29,DAIC,"""CID HoldCo, Inc. Common Stock""",Nasdaq,LULD pause,2025-06-23,11:03:36
2025-06-23,10:52:12,IBO,"""Impact BioMedical, Inc.""",NYSE American,LULD pause,2025-06-23,10:57:12
2025-06-23,10:46:23,DAIC,"""CID HoldCo, Inc. Common Stock""",Nasdaq,LULD pause,2025-06-23,10:51:23
2025-06-23,10:43:41,NSYS,Nortech Systems Inc,Nasdaq,LULD pause,2025-06-23,10:53:41
2025-06-23,10:40:55,DAIC,"""CID HoldCo, Inc. Common Stock""",Nasdaq,LULD pause,2025-06-23,10:45:55
2025-06-23,10:37:56,IBO,"""Impact BioMedical, Inc.""",NYSE American,LULD pause,2025-06-23,10:42:56
2025-06-23,10:35:20,DAIC,"""CID HoldCo, Inc. Common Stock""",Nasdaq,LULD pause,2025-06-23,10:40:20
2025-06-23,10:32:38,NSYS,Nortech Systems Inc,Nasdaq,LULD pause,2025-06-23,10:37:38
2025-06-23,10:28:46,IROH,Iron Horse Acquisitions Corp. Common Stock,Nasdaq,LULD pause,2025-06-23,10:33:46
2025-06-23,10:28:33,IBO,"""Impact BioMedical, Inc.""",NYSE American,LULD pause,2025-06-23,10:33:33
2025-06-23,10:26:21,DAIC,"""CID HoldCo, Inc. Common Stock""",Nasdaq,LULD pause,2025-06-23,10:31:21
2025-06-23,10:24:02,WKEY,WISeKey International Holding AG American Depositary Shares,Nasdaq,LULD pause,2025-06-23,10:34:02
2025-06-23,10:22:44,NSYS,Nortech Systems Inc,Nasdaq,LULD pause,2025-06-23,10:27:44
2025-06-23,10:19:59,IBO,"""Impact BioMedical, Inc.""",NYSE American,LULD pause,2025-06-23,10:24:59
2025-06-23,10:12:53,LGL,"""The LGL Group, Inc.""",NYSE American,LULD pause,2025-06-23,10:22:53
2025-06-23,10:02:40,SST,"""System1, Inc.""",NYSE,LULD pause,2025-06-23,10:07:54
2025-06-23,09:58:44,LGL,"""The LGL Group, Inc.""",NYSE American,LULD pause,2025-06-23,10:08:44
2025-06-23,09:55:31,SST,"""System1, Inc.""",NYSE,LULD pause,2025-06-23,10:00:37
2025-06-23,09:50:23,LINK,"""Interlink Electronics, Inc. Common Stock""",Nasdaq,LULD pause,2025-06-23,10:00:23
2025-06-23,09:50:09,KZIA,Kazia Therapeutics Limited American Depositary Shares,Nasdaq,LULD pause,2025-06-23,09:55:09
2025-06-23,09:48:48,RDAG,Republic Digital Acquisition Company Class A Ordinary Shares,Nasdaq,LULD pause,2025-06-23,09:53:48
2025-06-23,09:47:55,SLE,"""Super League Enterprise, Inc. Common Stock""",Nasdaq,LULD pause,2025-06-23,09:52:55
2025-06-23,09:47:41,SST,"""System1, Inc.""",NYSE,LULD pause,2025-06-23,09:52:53
2025-06-23,09:47:23,JFB,JFB Construction Holdings Class A Common Stock,Nasdaq,LULD pause,2025-06-23,09:52:23
2025-06-23,09:47:13,ODYS,Odysight.ai Inc. Common Stock,Nasdaq,LULD pause,2025-06-23,09:52:13
2025-06-23,09:46:26,LGL,"""The LGL Group, Inc.""",NYSE American,LULD pause,2025-06-23,09:51:26
2025-06-23,09:44:01,PW PRA,"""Power REIT  7.75% Series A Cumulative Redeemable Perpetual Preferred Stock, Liquidation Preference $25.00 per Share""",NYSE American,LULD pause,2025-06-23,09:49:01
2025-06-23,09:40:52,IBO,"""Impact BioMedical, Inc.""",NYSE American,LULD pause,2025-06-23,09:45:52
2025-06-23,09:35:16,DAIC,"""CID HoldCo, Inc. Common Stock""",Nasdaq,LULD pause,2025-06-23,10:25:16
2025-06-23,09:34:46,PHOE,Phoenix Asia Holdings Limited Ordinary Shares,Nasdaq,LULD pause,2025-06-23,09:39:46
2025-06-23,09:33:31,WFF,WF Holding Limited Ordinary Shares,Nasdaq,LULD pause,2025-06-23,09:38:31
2025-06-23,09:32:43,PELI,Pelican Acquisition Corporation Ordinary Shares,Nasdaq,LULD pause,2025-06-23,09:37:43
2025-06-23,09:31:26,NXTT,Next Technology Holding Inc. Ordinary Shares,Nasdaq,LULD pause,2025-06-23,09:36:26
2025-06-23,09:31:07,GDEV,GDEV Inc. Ordinary Shares,Nasdaq,LULD pause,2025-06-23,09:41:07
2025-06-23,09:30:15,PW PRA,"""Power REIT  7.75% Series A Cumulative Redeemable Perpetual Preferred Stock, Liquidation Preference $25.00 per Share""",NYSE American,LULD pause,2025-06-23,09:35:15
2025-06-23,08:39:53,PHX,PHX Minerals Inc.,NYSE,Merger Effective,,
2025-06-23,07:55:00,SPTN,SpartanNash Company,Nasdaq,News pending,2025-06-23,08:30:00
2025-06-23,07:25:00,CARM,"""Carisma Therapeutics, Inc. Common Stock""",Nasdaq,News pending,2025-06-23,08:00:00
2025-06-23,03:58:00,DAICW,"""CID HoldCo, Inc. Warrants""",Nasdaq,News pending,2025-06-23,07:36:24
2025-06-23,03:58:00,DAIC,"""CID HoldCo, Inc. Common Stock""",Nasdaq,News pending,2025-06-23,07:36:16
2025-06-20,19:52:18,KULR,"""KULR Technology Group, Inc.""",NYSE American,Corporate Action,,
2025-06-20,19:52:18,KULR,"""KULR Technology Group, Inc.""",NYSE American,Corporate Action,2025-06-23,09:00:00
2025-06-20,19:51:08,STEM,"""Stem, Inc.""",NYSE,Corporate Action,2025-06-23,09:31:05
2025-06-20,19:51:08,STEM,"""Stem, Inc.""",NYSE,Corporate Action,,
2025-06-20,19:50:00,MAAS,Maase Inc. American Depository Shares,Nasdaq,News pending,,
2025-06-20,19:50:00,MAAS,Maase Inc. American Depository Shares,Nasdaq,News pending,2025-06-23,14:00:00
2025-06-20,19:50:00,TRUG,"""TruGolf Holdings, Inc. Class A Common Stock""",Nasdaq,News pending,,
2025-06-20,19:50:00,TRUG,"""TruGolf Holdings, Inc. Class A Common Stock""",Nasdaq,News pending,2025-06-23,09:00:00
2025-06-20,19:50:00,SLE,"""Super League Enterprise, Inc. Common Stock""",Nasdaq,News pending,2025-06-23,09:00:00
2025-06-20,19:50:00,SLE,"""Super League Enterprise, Inc. Common Stock""",Nasdaq,News pending,,
2025-06-20,15:53:39,NEPH,Nephros Inc.,Nasdaq,LULD pause,2025-06-20,16:00:00
2025-06-20,15:52:55,PBBK,"""PB Bankshares, Inc. Common Stock""",Nasdaq,LULD pause,2025-06-20,16:00:00
2025-06-20,15:51:19,IMDX,Insight Molecular Diagnostics Inc. Common Stock,Nasdaq,LULD pause,2025-06-20,16:00:00
2025-06-20,15:50:36,NYC,American Strategic Investment Co.,NYSE,LULD pause,2025-06-20,16:02:28
2025-06-20,15:34:26,SST,"""System1, Inc.""",NYSE,LULD pause,2025-06-20,15:39:42
2025-06-20,15:23:52,HHS,"""Harte-Hanks, Inc. Common Stock""",Nasdaq,LULD pause,2025-06-20,15:28:52
2025-06-20,15:01:20,PLUR,Pluri Inc. Common Stock,Nasdaq,LULD pause,2025-06-20,15:06:20
2025-06-20,14:48:13,EGG,Enigmatig Limited,NYSE American,LULD pause,2025-06-20,14:58:13
2025-06-20,14:44:04,LINK,"""Interlink Electronics, Inc. Common Stock""",Nasdaq,LULD pause,2025-06-20,14:49:04
2025-06-20,14:30:54,LINK,"""Interlink Electronics, Inc. Common Stock""",Nasdaq,LULD pause,2025-06-20,14:35:54
2025-06-20,14:23:57,ICCC,Immucell Corp,Nasdaq,LULD pause,2025-06-20,14:28:57
2025-06-20,14:20:54,EGG,Enigmatig Limited,NYSE American,LULD pause,2025-06-20,14:30:54
2025-06-20,14:09:23,PW PRA,"""Power REIT  7.75% Series A Cumulative Redeemable Perpetual Preferred Stock, Liquidation Preference $25.00 per Share""",NYSE American,LULD pause,2025-06-20,14:14:23
2025-06-20,14:05:38,VHC,VirnetX Holding Corporation,NYSE,LULD pause,2025-06-20,14:10:38
2025-06-20,13:54:58,LZMH,LZ Technology Holdings Limited Class B Ordinary Shares,Nasdaq,LULD pause,2025-06-20,14:04:58
2025-06-20,13:39:37,TENX,"""Tenax Therapeutics, Inc.""",Nasdaq,LULD pause,2025-06-20,13:44:37
2025-06-20,13:33:45,CAPR,Capricor Therapeutics Inc,Nasdaq,LULD pause,2025-06-20,13:43:45
2025-06-20,13:19:42,BLBX,Blackboxstocks Inc. Common Stock,Nasdaq,LULD pause,2025-06-20,13:29:42
2025-06-20,13:14:19,ZEO,Zeo Energy Corporation Class A Common Stock,Nasdaq,LULD pause,2025-06-20,13:24:19
2025-06-20,13:09:25,CAPR,Capricor Therapeutics Inc,Nasdaq,LULD pause,2025-06-20,13:19:25
2025-06-20,12:52:03,SCOR,"""comScore, Inc. Common Stock""",Nasdaq,LULD pause,2025-06-20,12:57:03
2025-06-20,12:37:29,WVVI,Willamette Valley Vineyards,Nasdaq,LULD pause,2025-06-20,12:42:29
2025-06-20,12:23:17,WVVI,Willamette Valley Vineyards,Nasdaq,LULD pause,2025-06-20,12:33:17
2025-06-20,12:17:35,SSII,SS Innovations International Inc. Common Stock,Nasdaq,LULD pause,2025-06-20,12:22:35
2025-06-20,12:10:47,WVVI,Willamette Valley Vineyards,Nasdaq,LULD pause,2025-06-20,12:15:47
2025-06-20,12:00:09,SSII,SS Innovations International Inc. Common Stock,Nasdaq,LULD pause,2025-06-20,12:10:09
2025-06-20,11:57:34,CLRO,"""ClearOne, Inc. (DE) Common Stock""",Nasdaq,LULD pause,2025-06-20,12:02:34
2025-06-20,11:54:49,SSII,SS Innovations International Inc. Common Stock,Nasdaq,LULD pause,2025-06-20,11:59:49
2025-06-20,11:44:42,CLRO,"""ClearOne, Inc. (DE) Common Stock""",Nasdaq,LULD pause,2025-06-20,11:56:31
2025-06-20,11:44:19,SSII,SS Innovations International Inc. Common Stock,Nasdaq,LULD pause,2025-06-20,11:54:19
2025-06-20,11:38:40,SSII,SS Innovations International Inc. Common Stock,Nasdaq,LULD pause,2025-06-20,11:43:40
2025-06-20,11:34:11,CLRO,"""ClearOne, Inc. (DE) Common Stock""",Nasdaq,LULD pause,2025-06-20,11:44:11
2025-06-20,11:28:20,SSII,SS Innovations International Inc. Common Stock,Nasdaq,LULD pause,2025-06-20,11:38:20
2025-06-20,11:24:34,LGL,"""The LGL Group, Inc.""",NYSE American,LULD pause,2025-06-20,11:29:34
2025-06-20,11:22:06,CLRO,"""ClearOne, Inc. (DE) Common Stock""",Nasdaq,LULD pause,2025-06-20,11:27:06
2025-06-20,11:12:01,LGL,"""The LGL Group, Inc.""",NYSE American,LULD pause,2025-06-20,11:22:01
2025-06-20,11:00:36,LGL,"""The LGL Group, Inc.""",NYSE American,LULD pause,2025-06-20,11:05:36
2025-06-20,10:54:19,LGL,"""The LGL Group, Inc.""",NYSE American,LULD pause,2025-06-20,10:59:19
2025-06-20,10:46:25,RADX,Radiopharm Theranostics Limited American Depositary Shares,Nasdaq,LULD pause,2025-06-20,10:51:25
2025-06-20,10:44:46,NCPL,Netcapital Inc. Common Stock,Nasdaq,LULD pause,2025-06-20,10:54:46
2025-06-20,10:40:01,XXII,22nd Century Group Inc.,Nasdaq,LULD pause,2025-06-20,10:50:01
2025-06-20,10:33:23,SST,"""System1, Inc.""",NYSE,LULD pause,2025-06-20,10:38:41
2025-06-20,10:26:19,SST,"""System1, Inc.""",NYSE,LULD pause,2025-06-20,10:31:46
2025-06-20,10:25:34,MLEC,Moolec Science SA Ordinary Shares,Nasdaq,LULD pause,2025-06-20,10:30:34
2025-06-20,10:24:21,XXII,22nd Century Group Inc.,Nasdaq,LULD pause,2025-06-20,10:34:21
2025-06-20,10:18:00,INLF,INLIF LIMITED Ordinary Shares,Nasdaq,LULD pause,2025-06-20,10:28:00
2025-06-20,09:53:31,KRON,"""Kronos Bio, Inc. Common Stock""",Nasdaq,News pending,,
2025-06-20,09:46:00,XXII,22nd Century Group Inc.,Nasdaq,LULD pause,2025-06-20,09:56:00
2025-06-20,09:45:39,MLEC,Moolec Science SA Ordinary Shares,Nasdaq,LULD pause,2025-06-20,09:50:39
2025-06-20,09:45:38,RGC,Regencell Bioscience Holdings Limited Ordinary Shares,Nasdaq,LULD pause,2025-06-20,09:50:38
2025-06-20,09:43:29,GALT,Galectin Therapeutics Inc.,Nasdaq,LULD pause,2025-06-20,09:48:29
2025-06-20,09:42:17,WHLR,"""Wheeler Real Estate Investment Trust, Inc""",Nasdaq,LULD pause,2025-06-20,09:47:17
2025-06-20,09:38:19,EGG,Enigmatig Limited,NYSE American,LULD pause,2025-06-20,09:43:19
2025-06-20,09:32:56,JFB,JFB Construction Holdings Class A Common Stock,Nasdaq,LULD pause,2025-06-20,09:42:56
2025-06-20,09:31:45,GALT,Galectin Therapeutics Inc.,Nasdaq,LULD pause,2025-06-20,09:36:45
2025-06-20,09:31:37,ADXN,Addex Therapeutics Ltd American Depositary Shares,Nasdaq,LULD pause,2025-06-20,09:41:37
2025-06-20,09:31:24,MFI,mF International Limited Class A Ordinary Shares,Nasdaq,LULD pause,2025-06-20,09:41:24
2025-06-20,09:30:17,MLEC,Moolec Science SA Ordinary Shares,Nasdaq,LULD pause,2025-06-20,09:45:18
2025-06-20,09:30:17,RNWZ,TrueShares Eagle Global Renewable Energy Income ETF,NYSE Arca,LULD pause,2025-06-20,09:35:17
2025-06-18,19:50:00,UNCY,"""Unicycive Therapeutics, Inc. Common Stock""",Nasdaq,News pending,2025-06-20,09:00:00
2025-06-18,19:50:00,UNCY,"""Unicycive Therapeutics, Inc. Common Stock""",Nasdaq,News pending,,
2025-06-18,19:50:00,XXII,22nd Century Group Inc.,Nasdaq,News pending,2025-06-20,09:00:00
2025-06-18,19:50:00,XXII,22nd Century Group Inc.,Nasdaq,News pending,,
2025-06-18,19:50:00,BNRG,Brenmiller Energy Ltd Ordinary Shares,Nasdaq,News pending,,
2025-06-18,19:50:00,BNRG,Brenmiller Energy Ltd Ordinary Shares,Nasdaq,News pending,2025-06-20,09:00:00
2025-06-18,15:56:23,MTR,"Mesa Royalty Trust  ",NYSE,LULD pause,2025-06-18,16:01:48
2025-06-18,15:54:18,MLEC,Moolec Science SA Ordinary Shares,Nasdaq,LULD pause,2025-06-18,16:00:00
2025-06-18,15:25:25,BLNE,"""Beeline Holdings, Inc. Common Stock""",Nasdaq,LULD pause,2025-06-18,15:30:25
2025-06-18,15:18:50,BLNE,"""Beeline Holdings, Inc. Common Stock""",Nasdaq,LULD pause,2025-06-18,15:23:50
2025-06-18,14:39:39,NWGL,Nature Wood Group Limited American Depositary Shares,Nasdaq,LULD pause,2025-06-18,14:59:40
2025-06-18,12:24:51,KWE,KWESST Micro Systems Inc. Common Stock,Nasdaq,LULD pause,2025-06-18,12:34:51
2025-06-18,12:00:28,AMZE,"""Amaze Holdings, Inc.""",NYSE American,LULD pause,2025-06-18,12:05:28
2025-06-18,11:54:31,APED,STKd 100% MSTR & 100% COIN ETF,Nasdaq,LULD pause,2025-06-18,11:59:31
2025-06-18,11:51:37,AMZE,"""Amaze Holdings, Inc.""",NYSE American,LULD pause,2025-06-18,11:56:37
2025-06-18,11:24:44,FBYD,"""Falcon's Beyond Global, Inc. Class A Common Stock""",Nasdaq,LULD pause,2025-06-18,11:29:44
2025-06-18,11:21:53,APVO,Aptevo Therapeutics Inc,Nasdaq,LULD pause,2025-06-18,11:26:53
2025-06-18,11:13:24,APVO,Aptevo Therapeutics Inc,Nasdaq,LULD pause,2025-06-18,11:18:24
2025-06-18,11:03:51,EGG,Enigmatig Limited,NYSE American,LULD pause,2025-06-18,11:08:51
2025-06-18,11:02:41,APVO,Aptevo Therapeutics Inc,Nasdaq,LULD pause,2025-06-18,11:12:41
2025-06-18,10:52:38,EGG,Enigmatig Limited,NYSE American,LULD pause,2025-06-18,10:57:38
2025-06-18,10:52:23,APVO,Aptevo Therapeutics Inc,Nasdaq,LULD pause,2025-06-18,11:02:23
2025-06-18,10:46:57,AXIL,"""AXIL Brands, Inc.""",NYSE American,LULD pause,2025-06-18,10:51:57
2025-06-18,10:45:36,FBYD,"""Falcon's Beyond Global, Inc. Class A Common Stock""",Nasdaq,LULD pause,2025-06-18,10:55:36
2025-06-18,10:42:16,EGG,Enigmatig Limited,NYSE American,LULD pause,2025-06-18,10:47:16
2025-06-18,10:31:55,SSII,SS Innovations International Inc. Common Stock,Nasdaq,LULD pause,2025-06-18,10:36:55
2025-06-18,10:30:40,EGG,Enigmatig Limited,NYSE American,LULD pause,2025-06-18,10:40:44
2025-06-18,10:21:24,KWE,KWESST Micro Systems Inc. Common Stock,Nasdaq,LULD pause,2025-06-18,10:26:24
2025-06-18,10:07:53,KWE,KWESST Micro Systems Inc. Common Stock,Nasdaq,LULD pause,2025-06-18,10:12:53
2025-06-18,09:55:43,LUD,Luda Technology Group Limited,NYSE American,LULD pause,2025-06-18,10:00:43
2025-06-18,09:48:58,MTR,"Mesa Royalty Trust  ",NYSE,LULD pause,2025-06-18,09:54:30
2025-06-18,09:43:58,ONEG,OneConstruction Group Limited Ordinary Shares,Nasdaq,LULD pause,2025-06-18,09:53:58
2025-06-18,09:37:52,VGAS,"""Verde Clean Fuels, Inc. Class A Common Stock""",Nasdaq,LULD pause,2025-06-18,09:47:52
2025-06-18,09:35:58,NTRP,"""NextTrip, Inc. Common Stock""",Nasdaq,LULD pause,2025-06-18,09:45:58
2025-06-18,09:35:08,RBNE,Robin Energy Ltd. Common Stock,Nasdaq,LULD pause,2025-06-18,09:40:08
2025-06-18,09:32:46,AXIL,"""AXIL Brands, Inc.""",NYSE American,LULD pause,2025-06-18,09:37:46
2025-06-18,09:31:40,LUD,Luda Technology Group Limited,NYSE American,LULD pause,2025-06-18,09:51:11
2025-06-18,09:31:09,KWE,KWESST Micro Systems Inc. Common Stock,Nasdaq,LULD pause,2025-06-18,09:41:09
2025-06-18,09:31:02,MTR,"Mesa Royalty Trust  ",NYSE,LULD pause,2025-06-18,09:36:27
2025-06-18,09:30:17,MLEC,Moolec Science SA Ordinary Shares,Nasdaq,LULD pause,2025-06-18,09:35:17
2025-06-18,08:30:24,X,United States Steel Corporation,NYSE,Merger Effective,,
2025-06-17,15:52:20,RBNE,Robin Energy Ltd. Common Stock,Nasdaq,LULD pause,2025-06-17,16:00:00
2025-06-17,15:16:54,PLAG,Planet Green Holdings Corp.,NYSE American,LULD pause,2025-06-17,15:47:41
2025-06-17,15:00:37,EYEN,"""Eyenovia, Inc. Common Stock""",Nasdaq,LULD pause,2025-06-17,15:05:37
2025-06-17,14:32:09,HUSA,Houston American Energy Corp,NYSE American,LULD pause,2025-06-17,14:37:09
2025-06-17,14:26:44,MXC,Mexco Energy Corporation,NYSE American,LULD pause,2025-06-17,14:31:44
2025-06-17,13:19:37,NWGL,Nature Wood Group Limited American Depositary Shares,Nasdaq,LULD pause,2025-06-17,13:24:37
2025-06-17,12:32:53,TGE,The Generation Essentials Group,NYSE,LULD pause,2025-06-17,12:37:53
2025-06-17,12:26:27,PCSA,"""Processa Pharmaceuticals, Inc. Common""",Nasdaq,LULD pause,2025-06-17,12:31:27
2025-06-17,12:10:21,MENS,Jyong Biotech Ltd. Ordinary Shares,Nasdaq,LULD pause,2025-06-17,12:15:21
2025-06-17,11:59:12,TGE,The Generation Essentials Group,NYSE,LULD pause,2025-06-17,12:04:15
2025-06-17,11:45:30,RELI,"""Reliance Global Group, Inc. Common Stock""",Nasdaq,LULD pause,2025-06-17,11:55:30
2025-06-17,11:27:07,RBNE,Robin Energy Ltd. Common Stock,Nasdaq,LULD pause,2025-06-17,11:32:07
2025-06-17,11:21:22,MENS,Jyong Biotech Ltd. Ordinary Shares,Nasdaq,LULD pause,2025-06-17,12:06:22
2025-06-17,11:18:30,RBNE,Robin Energy Ltd. Common Stock,Nasdaq,LULD pause,2025-06-17,11:23:30
2025-06-17,11:15:28,CERO,"""CERo Therapeutics Holdings, Inc. Common Stock""",Nasdaq,LULD pause,2025-06-17,11:25:28
2025-06-17,11:14:58,MSW,Ming Shing Group Holdings Limited Ordinary Shares,Nasdaq,LULD pause,2025-06-17,11:19:58
2025-06-17,11:10:28,MENS,Jyong Biotech Ltd. Ordinary Shares,Nasdaq,LULD pause,2025-06-17,11:20:29
2025-06-17,11:02:57,HUSA,Houston American Energy Corp,NYSE American,LULD pause,2025-06-17,11:07:57
2025-06-17,10:59:06,AIM,AIM ImmunoTech Inc.,NYSE American,LULD pause,2025-06-17,11:09:06
2025-06-17,10:58:20,CERO,"""CERo Therapeutics Holdings, Inc. Common Stock""",Nasdaq,LULD pause,2025-06-17,11:08:20
2025-06-17,10:53:02,CERO,"""CERo Therapeutics Holdings, Inc. Common Stock""",Nasdaq,LULD pause,2025-06-17,10:58:02
2025-06-17,10:52:34,MSW,Ming Shing Group Holdings Limited Ordinary Shares,Nasdaq,LULD pause,2025-06-17,11:02:34
2025-06-17,10:48:11,EONR WS,"""EON Resources Inc. Warrants, each whole warrant exercisable for three quarters of one share of Class A Common Stock at an exercise price of $11.50 per""",NYSE American,News pending,2025-06-17,11:45:00
2025-06-17,10:48:11,EONR,EON Resources Inc.,NYSE American,News pending,2025-06-17,11:45:00
2025-06-17,10:45:37,MSW,Ming Shing Group Holdings Limited Ordinary Shares,Nasdaq,LULD pause,2025-06-17,10:50:37
2025-06-17,10:43:01,SLRX,"""Salarius Pharmaceuticals, Inc. Common Stock""",Nasdaq,LULD pause,2025-06-17,10:48:01
2025-06-17,10:42:55,CERO,"""CERo Therapeutics Holdings, Inc. Common Stock""",Nasdaq,LULD pause,2025-06-17,10:47:55
2025-06-17,10:31:47,RGC,Regencell Bioscience Holdings Limited Ordinary Shares,Nasdaq,LULD pause,2025-06-17,10:36:47
2025-06-17,10:28:27,AIM,AIM ImmunoTech Inc.,NYSE American,LULD pause,2025-06-17,10:33:27
2025-06-17,10:25:51,WTF,Waton Financial Limited Ordinary Shares,Nasdaq,LULD pause,2025-06-17,10:35:52
2025-06-17,10:17:19,AIM,AIM ImmunoTech Inc.,NYSE American,LULD pause,2025-06-17,10:27:43
2025-06-17,10:07:01,TGE,The Generation Essentials Group,NYSE,LULD pause,2025-06-17,10:12:08
2025-06-17,09:57:41,AIM,AIM ImmunoTech Inc.,NYSE American,LULD pause,2025-06-17,10:12:41
2025-06-17,09:51:53,AIM,AIM ImmunoTech Inc.,NYSE American,LULD pause,2025-06-17,09:56:53
2025-06-17,09:46:30,CERO,"""CERo Therapeutics Holdings, Inc. Common Stock""",Nasdaq,LULD pause,2025-06-17,09:56:30
2025-06-17,09:44:34,AIM,AIM ImmunoTech Inc.,NYSE American,LULD pause,2025-06-17,09:49:34
2025-06-17,09:44:32,FLX,BingEx Limited American Depositary Shares,Nasdaq,LULD pause,2025-06-17,09:49:32
2025-06-17,09:39:40,RBNE,Robin Energy Ltd. Common Stock,Nasdaq,LULD pause,2025-06-17,09:49:40
2025-06-17,09:39:39,ACXP,"""Acurx Pharmaceuticals, Inc. Common Stock""",Nasdaq,LULD pause,2025-06-17,09:44:39
2025-06-17,09:39:24,RGC,Regencell Bioscience Holdings Limited Ordinary Shares,Nasdaq,LULD pause,2025-06-17,09:44:24
2025-06-17,09:38:47,PCTTU,"""PureCycle Technologies, Inc. Unit""",Nasdaq,LULD pause,2025-06-17,09:43:47
2025-06-17,09:36:05,HUSA,Houston American Energy Corp,NYSE American,LULD pause,2025-06-17,09:41:05
2025-06-17,09:33:18,RGC,Regencell Bioscience Holdings Limited Ordinary Shares,Nasdaq,LULD pause,2025-06-17,09:38:18
2025-06-17,06:55:00,VTYX,"""Ventyx Biosciences, Inc. Common Stock""",Nasdaq,News pending,2025-06-17,07:30:00
2025-06-16,19:50:00,RAPT,"""RAPT Therapeutics, Inc. Common Stock""",Nasdaq,News pending,,
2025-06-16,19:50:00,RAPT,"""RAPT Therapeutics, Inc. Common Stock""",Nasdaq,News pending,2025-06-17,09:00:00
2025-06-16,19:50:00,FGEN,"""FibroGen, Inc""",Nasdaq,News pending,,
2025-06-16,19:50:00,FGEN,"""FibroGen, Inc""",Nasdaq,News pending,2025-06-17,09:00:00
2025-06-16,19:50:00,SNSE,"""Sensei Biotherapeutics, Inc. Common Stock""",Nasdaq,News pending,,
2025-06-16,19:50:00,SNSE,"""Sensei Biotherapeutics, Inc. Common Stock""",Nasdaq,News pending,2025-06-17,09:00:00
2025-06-16,15:07:40,SST,"""System1, Inc.""",NYSE,LULD pause,2025-06-16,15:12:45
2025-06-16,14:58:18,SST,"""System1, Inc.""",NYSE,LULD pause,2025-06-16,15:03:57
2025-06-16,14:00:02,PCTTU,"""PureCycle Technologies, Inc. Unit""",Nasdaq,LULD pause,2025-06-16,14:10:02
2025-06-16,13:31:04,AGMH,AGM Group Holdings Inc. Class A Ordinary Shares,Nasdaq,LULD pause,2025-06-16,13:41:04
2025-06-16,12:38:54,LZMH,LZ Technology Holdings Limited Class B Ordinary Shares,Nasdaq,LULD pause,2025-06-16,12:43:54
2025-06-16,12:33:31,CREG,Smart Powerr Corp. Common Stock,Nasdaq,LULD pause,2025-06-16,12:38:31
2025-06-16,12:27:45,LZMH,LZ Technology Holdings Limited Class B Ordinary Shares,Nasdaq,LULD pause,2025-06-16,12:32:45
2025-06-16,12:25:26,CREG,Smart Powerr Corp. Common Stock,Nasdaq,LULD pause,2025-06-16,12:30:26
2025-06-16,12:17:34,CREG,Smart Powerr Corp. Common Stock,Nasdaq,LULD pause,2025-06-16,12:22:34
2025-06-16,12:15:24,LZMH,LZ Technology Holdings Limited Class B Ordinary Shares,Nasdaq,LULD pause,2025-06-16,12:25:24
2025-06-16,12:09:26,RGC,Regencell Bioscience Holdings Limited Ordinary Shares,Nasdaq,LULD pause,2025-06-16,12:19:26
2025-06-16,12:08:03,TCRT,"""Alaunos Therapeutics, Inc. Common Stock""",Nasdaq,LULD pause,2025-06-16,12:13:03
2025-06-16,11:57:19,TCRT,"""Alaunos Therapeutics, Inc. Common Stock""",Nasdaq,LULD pause,2025-06-16,12:02:19
2025-06-16,11:55:35,SST,"""System1, Inc.""",NYSE,LULD pause,2025-06-16,12:01:05
2025-06-16,11:50:00,SST,"""System1, Inc.""",NYSE,LULD pause,2025-06-16,11:55:07
2025-06-16,11:44:01,LZMH,LZ Technology Holdings Limited Class B Ordinary Shares,Nasdaq,LULD pause,2025-06-16,12:14:02
2025-06-16,11:41:11,SST,"""System1, Inc.""",NYSE,LULD pause,2025-06-16,11:46:25
2025-06-16,11:33:59,SST,"""System1, Inc.""",NYSE,LULD pause,2025-06-16,11:39:16
2025-06-16,11:33:00,LZMH,LZ Technology Holdings Limited Class B Ordinary Shares,Nasdaq,LULD pause,2025-06-16,11:43:01
2025-06-16,11:15:12,RGC,Regencell Bioscience Holdings Limited Ordinary Shares,Nasdaq,LULD pause,2025-06-16,11:20:12
2025-06-16,11:13:55,BNZI,"""Banzai International, Inc. Class A Common Stock""",Nasdaq,LULD pause,2025-06-16,11:18:55
2025-06-16,11:02:51,CREG,Smart Powerr Corp. Common Stock,Nasdaq,LULD pause,2025-06-16,11:07:51
2025-06-16,11:02:41,RGC,Regencell Bioscience Holdings Limited Ordinary Shares,Nasdaq,LULD pause,2025-06-16,11:12:41
2025-06-16,10:49:12,RGC,Regencell Bioscience Holdings Limited Ordinary Shares,Nasdaq,LULD pause,2025-06-16,11:00:04
2025-06-16,10:43:05,RGC,Regencell Bioscience Holdings Limited Ordinary Shares,Nasdaq,LULD pause,2025-06-16,10:48:05
2025-06-16,10:39:34,CREG,Smart Powerr Corp. Common Stock,Nasdaq,LULD pause,2025-06-16,10:44:34
2025-06-16,10:37:27,CBIO,"""Crescent Biopharma, Inc. Common Stock""",Nasdaq,LULD pause,2025-06-16,10:42:27
2025-06-16,10:34:49,NAMM,Namib Minerals Ordinary Shares,Nasdaq,LULD pause,2025-06-16,10:44:49
2025-06-16,10:33:46,CREG,Smart Powerr Corp. Common Stock,Nasdaq,LULD pause,2025-06-16,10:38:46
2025-06-16,10:28:05,CBIO,"""Crescent Biopharma, Inc. Common Stock""",Nasdaq,LULD pause,2025-06-16,10:33:05
2025-06-16,10:19:17,RGC,Regencell Bioscience Holdings Limited Ordinary Shares,Nasdaq,LULD pause,2025-06-16,10:38:23
2025-06-16,10:15:44,CBIO,"""Crescent Biopharma, Inc. Common Stock""",Nasdaq,LULD pause,2025-06-16,10:25:44
2025-06-16,10:10:29,CBIO,"""Crescent Biopharma, Inc. Common Stock""",Nasdaq,LULD pause,2025-06-16,10:15:29
2025-06-16,10:09:01,RGC,Regencell Bioscience Holdings Limited Ordinary Shares,Nasdaq,LULD pause,2025-06-16,10:19:01
2025-06-16,10:08:26,WHLRP,"""Wheeler Real Estate Investment Trust, Inc. Preferred Stock""",Nasdaq,LULD pause,2025-06-16,10:13:26
2025-06-16,10:04:03,TOPS,TOP Ships Inc.,NYSE American,LULD pause,2025-06-16,10:09:03
2025-06-16,09:58:41,RGC,Regencell Bioscience Holdings Limited Ordinary Shares,Nasdaq,LULD pause,2025-06-16,10:08:41
2025-06-16,09:56:52,OP,OceanPal Inc. Common Stock,Nasdaq,LULD pause,2025-06-16,10:01:52
2025-06-16,09:53:14,RGC,Regencell Bioscience Holdings Limited Ordinary Shares,Nasdaq,LULD pause,2025-06-16,09:58:14
2025-06-16,09:51:27,SKYQ,Sky Quarry Inc. Common Stock,Nasdaq,LULD pause,2025-06-16,09:56:27
2025-06-16,09:50:59,TOPS,TOP Ships Inc.,NYSE American,LULD pause,2025-06-16,09:55:59
2025-06-16,09:47:34,RGC,Regencell Bioscience Holdings Limited Ordinary Shares,Nasdaq,LULD pause,2025-06-16,09:52:34
2025-06-16,09:42:09,SKYQ,Sky Quarry Inc. Common Stock,Nasdaq,LULD pause,2025-06-16,09:47:09
2025-06-16,09:41:48,NA,Nano Labs Ltd Class A Ordinary Shares,Nasdaq,LULD pause,2025-06-16,09:46:48
2025-06-16,09:41:03,LSE,"""Leishen Energy Holding Co., Ltd. Ordinary Shares""",Nasdaq,LULD pause,2025-06-16,09:46:03
2025-06-16,09:40:07,SAFX,"""XCF Global, Inc. Class A Common Stock""",Nasdaq,LULD pause,2025-06-16,09:45:07
2025-06-16,09:39:10,AIRO,"""AIRO Group Holdings, Inc. Common Stock""",Nasdaq,LULD pause,2025-06-16,09:44:10
2025-06-16,09:36:21,MFH,Mercurity Fintech Holding Inc. Ordinary Shares,Nasdaq,LULD pause,2025-06-16,09:41:21
2025-06-16,09:35:51,RGC,Regencell Bioscience Holdings Limited Ordinary Shares,Nasdaq,LULD pause,2025-06-16,09:45:51
2025-06-16,09:33:59,ONEG,OneConstruction Group Limited Ordinary Shares,Nasdaq,LULD pause,2025-06-16,09:38:59
2025-06-16,09:33:48,LSE,"""Leishen Energy Holding Co., Ltd. Ordinary Shares""",Nasdaq,LULD pause,2025-06-16,09:38:48
2025-06-16,09:32:52,AIRO,"""AIRO Group Holdings, Inc. Common Stock""",Nasdaq,LULD pause,2025-06-16,09:37:52
2025-06-16,09:31:23,HUSA,Houston American Energy Corp,NYSE American,LULD pause,2025-06-16,09:41:23
2025-06-16,09:31:18,SAFX,"""XCF Global, Inc. Class A Common Stock""",Nasdaq,LULD pause,2025-06-16,09:36:18
2025-06-16,09:30:55,CBIO,"""Crescent Biopharma, Inc. Common Stock""",Nasdaq,LULD pause,2025-06-16,09:55:55
2025-06-16,09:30:15,TOPS,TOP Ships Inc.,NYSE American,LULD pause,2025-06-16,09:50:15
2025-06-16,08:55:23,CTLP,"""Cantaloupe, Inc. Common Stock""",Nasdaq,News pending,2025-06-16,09:50:00
2025-06-16,06:55:00,SAGE,"""Sage Therapeutics, Inc""",Nasdaq,News pending,2025-06-16,07:30:00
2025-06-16,00:21:28,CBIO,"""Crescent Biopharma, Inc. Common Stock""",Nasdaq,News pending,2025-06-16,09:00:00
2025-06-13,19:50:00,JFBRW,Jeffs' Brands Ltd Warrant,Nasdaq,News pending,2025-06-16,09:05:00
2025-06-13,19:50:00,JFBRW,Jeffs' Brands Ltd Warrant,Nasdaq,News pending,,
2025-06-13,19:50:00,SMXWW,SMX (Security Matters) Public Limited Company Warrant,Nasdaq,News pending,2025-06-16,09:05:00
2025-06-13,19:50:00,SMXWW,SMX (Security Matters) Public Limited Company Warrant,Nasdaq,News pending,,
2025-06-13,19:50:00,JZ,Jianzhi Education Technology Group Company Limited American Depositary Shares,Nasdaq,News pending,2025-06-16,09:00:00
2025-06-13,19:50:00,JZ,Jianzhi Education Technology Group Company Limited American Depositary Shares,Nasdaq,News pending,,
2025-06-13,19:50:00,GLYC,"""GlycoMimetics, Inc.""",Nasdaq,News pending,,
2025-06-13,19:50:00,SMX,SMX (Security Matters) Public Limited Company Class A Ordinary Shares,Nasdaq,News pending,,
2025-06-13,19:50:00,SMX,SMX (Security Matters) Public Limited Company Class A Ordinary Shares,Nasdaq,News pending,2025-06-16,09:00:00
2025-06-13,19:50:00,NCI,Neo-Concept International Group Holdings Limited Class A Ordinary Shares,Nasdaq,News pending,2025-06-16,09:00:00
2025-06-13,19:50:00,NCI,Neo-Concept International Group Holdings Limited Class A Ordinary Shares,Nasdaq,News pending,,
2025-06-13,19:50:00,JFBR,Jeffs' Brands Ltd Ordinary Shares,Nasdaq,News pending,2025-06-16,09:00:00
2025-06-13,19:50:00,JFBR,Jeffs' Brands Ltd Ordinary Shares,Nasdaq,News pending,,
2025-06-13,19:50:00,SHPH,"""Shuttle Pharmaceuticals Holdings, Inc. Common Stock""",Nasdaq,News pending,2025-06-16,09:00:00
2025-06-13,19:50:00,SHPH,"""Shuttle Pharmaceuticals Holdings, Inc. Common Stock""",Nasdaq,News pending,,
2025-06-13,19:50:00,GCTK,"""GlucoTrack, Inc. Common Stock""",Nasdaq,News pending,,
2025-06-13,19:50:00,GCTK,"""GlucoTrack, Inc. Common Stock""",Nasdaq,News pending,2025-06-16,09:00:00
2025-06-13,15:45:22,BMGL,Basel Medical Group Ltd Ordinary Shares,Nasdaq,LULD pause,2025-06-13,16:00:00
2025-06-13,15:39:12,BMGL,Basel Medical Group Ltd Ordinary Shares,Nasdaq,LULD pause,2025-06-13,15:44:12
2025-06-13,15:34:56,OP,OceanPal Inc. Common Stock,Nasdaq,LULD pause,2025-06-13,15:39:56
2025-06-13,15:30:59,RBNE,Robin Energy Ltd. Common Stock,Nasdaq,LULD pause,2025-06-13,15:35:59
2025-06-13,15:29:16,OP,OceanPal Inc. Common Stock,Nasdaq,LULD pause,2025-06-13,15:34:16
2025-06-13,15:18:17,OP,OceanPal Inc. Common Stock,Nasdaq,LULD pause,2025-06-13,15:23:17
2025-06-13,15:17:58,RBNE,Robin Energy Ltd. Common Stock,Nasdaq,LULD pause,2025-06-13,15:22:58
2025-06-13,14:28:33,BMGL,Basel Medical Group Ltd Ordinary Shares,Nasdaq,LULD pause,2025-06-13,14:38:33
2025-06-13,14:27:59,AIRO,"""AIRO Group Holdings, Inc. Common Stock""",Nasdaq,LULD pause,2025-06-13,14:32:59
2025-06-13,13:35:36,ENGS,Energys Group Limited Ordinary Shares,Nasdaq,LULD pause,2025-06-13,13:40:36
2025-06-13,13:26:05,ENGS,Energys Group Limited Ordinary Shares,Nasdaq,LULD pause,2025-06-13,13:31:05
2025-06-13,13:19:45,ENGS,Energys Group Limited Ordinary Shares,Nasdaq,LULD pause,2025-06-13,13:24:45
2025-06-13,13:15:53,MXC,Mexco Energy Corporation,NYSE American,LULD pause,2025-06-13,13:20:53
2025-06-13,13:13:25,ALMU,"""Aeluma, Inc. Common Stock""",Nasdaq,LULD pause,2025-06-13,13:18:25
2025-06-13,13:12:34,ENGS,Energys Group Limited Ordinary Shares,Nasdaq,LULD pause,2025-06-13,13:17:34
2025-06-13,13:07:50,ALMU,"""Aeluma, Inc. Common Stock""",Nasdaq,LULD pause,2025-06-13,13:12:50
2025-06-13,13:05:55,ENGS,Energys Group Limited Ordinary Shares,Nasdaq,LULD pause,2025-06-13,13:10:55
2025-06-13,13:00:10,ENGS,Energys Group Limited Ordinary Shares,Nasdaq,LULD pause,2025-06-13,13:05:10
2025-06-13,12:51:31,ALMU,"""Aeluma, Inc. Common Stock""",Nasdaq,LULD pause,2025-06-13,13:06:01
2025-06-13,12:31:40,AIRO,"""AIRO Group Holdings, Inc. Common Stock""",Nasdaq,LULD pause,2025-06-13,12:41:40
2025-06-13,12:17:17,AIRO,"""AIRO Group Holdings, Inc. Common Stock""",Nasdaq,LULD pause,2025-06-13,12:22:17
2025-06-13,12:13:57,ENGS,Energys Group Limited Ordinary Shares,Nasdaq,LULD pause,2025-06-13,12:59:48
2025-06-13,12:01:44,AIRO,"""AIRO Group Holdings, Inc. Common Stock""",Nasdaq,LULD pause,2025-06-13,12:06:44
2025-06-13,11:52:40,AMBI,Ambipar Emergency Response,NYSE American,LULD pause,2025-06-13,12:02:40
2025-06-13,11:50:06,AIRO,"""AIRO Group Holdings, Inc. Common Stock""",Nasdaq,LULD pause,2025-06-13,11:55:06
2025-06-13,11:44:52,TAOP,Taoping Inc. BVI Ordinary Shares (0 par),Nasdaq,LULD pause,2025-06-13,11:49:52
2025-06-13,11:40:44,AIRO,"""AIRO Group Holdings, Inc. Common Stock""",Nasdaq,LULD pause,2025-06-13,11:45:44
2025-06-13,11:25:16,AIRO,"""AIRO Group Holdings, Inc. Common Stock""",Nasdaq,LULD pause,2025-06-13,11:40:17
2025-06-13,11:21:43,TAOP,Taoping Inc. BVI Ordinary Shares (0 par),Nasdaq,LULD pause,2025-06-13,11:26:43
2025-06-13,11:14:49,AIRO,"""AIRO Group Holdings, Inc. Common Stock""",Nasdaq,LULD pause,2025-06-13,11:24:50
2025-06-13,11:02:34,RBNE,Robin Energy Ltd. Common Stock,Nasdaq,LULD pause,2025-06-13,11:07:34
2025-06-13,10:59:10,AIRO,"""AIRO Group Holdings, Inc. Common Stock""",Nasdaq,LULD pause,2025-06-13,11:14:11
2025-06-13,10:39:48,RBNE,Robin Energy Ltd. Common Stock,Nasdaq,LULD pause,2025-06-13,10:44:48
2025-06-13,10:32:06,CCIRU,Cohen Circle Acquisition Corp. I Unit,Nasdaq,LULD pause,2025-06-13,10:37:06
2025-06-13,10:31:41,HUSA,Houston American Energy Corp,NYSE American,LULD pause,2025-06-13,10:36:41
2025-06-13,10:28:44,PRE,Prenetics Global Limited Class A Ordinary Share,Nasdaq,LULD pause,2025-06-13,10:33:44
2025-06-13,10:28:01,RBNE,Robin Energy Ltd. Common Stock,Nasdaq,LULD pause,2025-06-13,10:33:01
2025-06-13,10:27:06,XTLB,XTL Biopharmaceuticals Ltd. American Depositary Shares,Nasdaq,LULD pause,2025-06-13,10:32:06
2025-06-13,10:11:20,RBNE,Robin Energy Ltd. Common Stock,Nasdaq,LULD pause,2025-06-13,10:16:20
2025-06-13,10:04:21,RBNE,Robin Energy Ltd. Common Stock,Nasdaq,LULD pause,2025-06-13,10:09:21
2025-06-13,09:48:27,CIGL,Concorde International Group Ltd Class A Ordinary Shares,Nasdaq,LULD pause,2025-06-13,09:53:27
2025-06-13,09:46:13,KNW,"""Know Labs, Inc.""",NYSE American,LULD pause,2025-06-13,09:51:13
2025-06-13,09:40:00,VAPE,CEA Industries Inc. Common Stock,Nasdaq,LULD pause,2025-06-13,09:45:00
2025-06-13,09:33:05,CIGL,Concorde International Group Ltd Class A Ordinary Shares,Nasdaq,LULD pause,2025-06-13,09:43:05
2025-06-13,09:33:01,KWM,"""K Wave Media, Ltd. Ordinary Shares""",Nasdaq,LULD pause,2025-06-13,09:38:01
2025-06-13,09:32:37,GDEV,GDEV Inc. Ordinary Shares,Nasdaq,LULD pause,2025-06-13,09:42:37
2025-06-13,09:32:19,CHNR,"""China Natural Resources, Inc.""",Nasdaq,LULD pause,2025-06-13,09:42:19
2025-06-13,09:30:59,FISK,"""Empire State Realty OP, L.P. Series 250""",NYSE Arca,LULD pause,2025-06-13,09:40:59
2025-06-12,19:50:43,AMZE,"""Amaze Holdings, Inc.""",NYSE American,Corporate Action,2025-06-13,09:00:00
2025-06-12,19:50:43,AMZE,"""Amaze Holdings, Inc.""",NYSE American,Corporate Action,,
2025-06-12,19:50:17,GLL,ProShares UltraShort Gold,NYSE Arca,Corporate Action,,
2025-06-12,19:50:17,GLL,ProShares UltraShort Gold,NYSE Arca,Corporate Action,2025-06-13,09:00:00
2025-06-12,19:50:00,CEROW,"""CERo Therapeutics Holdings, Inc. Warrants""",Nasdaq,News pending,2025-06-13,09:05:00
2025-06-12,19:50:00,CEROW,"""CERo Therapeutics Holdings, Inc. Warrants""",Nasdaq,News pending,,
2025-06-12,19:50:00,CHNR,"""China Natural Resources, Inc.""",Nasdaq,News pending,,
2025-06-12,19:50:00,CHNR,"""China Natural Resources, Inc.""",Nasdaq,News pending,2025-06-13,09:00:00
2025-06-12,19:50:00,ONCO,"""Onconetix, Inc. Common Stock""",Nasdaq,News pending,,
2025-06-12,19:50:00,ONCO,"""Onconetix, Inc. Common Stock""",Nasdaq,News pending,2025-06-13,09:00:00
2025-06-12,19:50:00,CERO,"""CERo Therapeutics Holdings, Inc. Common Stock""",Nasdaq,News pending,,
2025-06-12,19:50:00,CERO,"""CERo Therapeutics Holdings, Inc. Common Stock""",Nasdaq,News pending,2025-06-13,09:00:00
2025-06-12,19:50:00,ARTL,"""Artelo Biosciences, Inc. Common Stock""",Nasdaq,News pending,2025-06-13,09:00:00
2025-06-12,19:50:00,ARTL,"""Artelo Biosciences, Inc. Common Stock""",Nasdaq,News pending,,
2025-06-12,15:55:05,DISTW,Distoken Acquisition Corporation Warrant,Nasdaq,News pending,,
2025-06-12,15:55:05,DISTR,Distoken Acquisition Corporation Right,Nasdaq,News pending,,
2025-06-12,15:55:05,DIST,Distoken Acquisition Corporation Ordinary Shares,Nasdaq,News pending,,
2025-06-12,15:46:25,DIST,Distoken Acquisition Corporation Ordinary Shares,Nasdaq,LULD pause,See Subsequent Halt,See Subsequent Halt
2025-06-12,15:38:27,DIST,Distoken Acquisition Corporation Ordinary Shares,Nasdaq,LULD pause,2025-06-12,15:43:27
2025-06-12,15:19:56,LIMN,"""Liminatus Pharma, Inc. Class A Common Stock""",Nasdaq,LULD pause,2025-06-12,15:24:56
2025-06-12,15:09:17,LIMN,"""Liminatus Pharma, Inc. Class A Common Stock""",Nasdaq,LULD pause,2025-06-12,15:19:17
2025-06-12,15:06:58,DIST,Distoken Acquisition Corporation Ordinary Shares,Nasdaq,LULD pause,2025-06-12,15:16:58
2025-06-12,14:50:58,SST,"""System1, Inc.""",NYSE,LULD pause,2025-06-12,14:55:58
2025-06-12,14:11:29,DIST,Distoken Acquisition Corporation Ordinary Shares,Nasdaq,LULD pause,2025-06-12,14:16:29
2025-06-12,14:00:55,DIST,Distoken Acquisition Corporation Ordinary Shares,Nasdaq,LULD pause,2025-06-12,14:05:55
2025-06-12,13:39:32,DIST,Distoken Acquisition Corporation Ordinary Shares,Nasdaq,LULD pause,2025-06-12,13:44:32
2025-06-12,12:12:03,DIST,Distoken Acquisition Corporation Ordinary Shares,Nasdaq,LULD pause,2025-06-12,12:17:03
2025-06-12,12:08:30,VNTG,Vantage Corp,NYSE American,LULD pause,2025-06-12,12:13:30
2025-06-12,12:02:41,HUSA,Houston American Energy Corp,NYSE American,LULD pause,2025-06-12,12:07:41
2025-06-12,11:56:54,URGN,UroGen Pharma Ltd. Ordinary Shares,Nasdaq,News pending,2025-06-12,14:00:00
2025-06-12,11:46:42,VNTG,Vantage Corp,NYSE American,LULD pause,2025-06-12,11:51:42
2025-06-12,11:33:43,VNTG,Vantage Corp,NYSE American,LULD pause,2025-06-12,11:38:43
2025-06-12,11:13:53,VNTG,Vantage Corp,NYSE American,LULD pause,2025-06-12,11:23:53
2025-06-12,11:12:36,GTN A,"""Gray Media, Inc. Class A""",NYSE,LULD pause,2025-06-12,11:17:54
2025-06-12,11:08:23,VNTG,Vantage Corp,NYSE American,LULD pause,2025-06-12,11:13:23
2025-06-12,11:06:40,DIST,Distoken Acquisition Corporation Ordinary Shares,Nasdaq,LULD pause,2025-06-12,11:16:40
2025-06-12,11:05:36,GTN A,"""Gray Media, Inc. Class A""",NYSE,LULD pause,2025-06-12,11:11:53
2025-06-12,11:02:50,VNTG,Vantage Corp,NYSE American,LULD pause,2025-06-12,11:07:50
2025-06-12,10:55:08,DIST,Distoken Acquisition Corporation Ordinary Shares,Nasdaq,LULD pause,2025-06-12,11:00:08
2025-06-12,10:45:36,VNTG,Vantage Corp,NYSE American,LULD pause,2025-06-12,10:50:36
2025-06-12,10:42:32,LIMN,"""Liminatus Pharma, Inc. Class A Common Stock""",Nasdaq,LULD pause,2025-06-12,10:47:32
2025-06-12,10:18:54,FISK,"""Empire State Realty OP, L.P. Series 250""",NYSE Arca,LULD pause,2025-06-12,10:33:54
2025-06-12,10:11:57,DIST,Distoken Acquisition Corporation Ordinary Shares,Nasdaq,LULD pause,2025-06-12,10:16:57
2025-06-12,10:05:23,CCIRU,Cohen Circle Acquisition Corp. I Unit,Nasdaq,LULD pause,2025-06-12,10:10:23
2025-06-12,10:01:06,FLX,BingEx Limited American Depositary Shares,Nasdaq,LULD pause,2025-06-12,10:06:06
2025-06-12,09:44:14,BRLS,Borealis Foods Inc. Class A Common Shares,Nasdaq,LULD pause,2025-06-12,09:49:14
2025-06-12,09:41:55,HBTA,Horizon Expedition Plus ETF,NYSE Arca,LULD pause,2025-06-12,09:46:55
2025-06-12,09:38:31,XTIA,"""XTI Aerospace, Inc. Common Stock""",Nasdaq,LULD pause,2025-06-12,09:43:31
2025-06-12,09:37:05,IGME,Bitwise GME Option Income Strategy ETF,NYSE Arca,LULD pause,2025-06-12,09:42:05
2025-06-12,09:37:05,FLX,BingEx Limited American Depositary Shares,Nasdaq,LULD pause,2025-06-12,10:00:33
2025-06-12,09:34:01,TGE,The Generation Essentials Group,NYSE,LULD pause,2025-06-12,09:39:01
2025-06-11,19:50:26,SST,"""System1, Inc.""",NYSE,Corporate Action,,
2025-06-11,19:50:26,SST,"""System1, Inc.""",NYSE,Corporate Action,2025-06-12,09:31:05
2025-06-11,19:50:15,ETHT,ProShares Ultra Ether ETF,NYSE Arca,Corporate Action,2025-06-12,09:10:00
2025-06-11,19:50:15,ETHT,ProShares Ultra Ether ETF,NYSE Arca,Corporate Action,,
2025-06-11,19:50:15,SIJ,ProShares UltraShort Industrials,NYSE Arca,Corporate Action,2025-06-12,09:00:00
2025-06-11,19:50:15,SIJ,ProShares UltraShort Industrials,NYSE Arca,Corporate Action,,
2025-06-11,19:50:15,SCC,ProShares UltraShort Consumer Discretionary,NYSE Arca,Corporate Action,,
2025-06-11,19:50:15,SCC,ProShares UltraShort Consumer Discretionary,NYSE Arca,Corporate Action,2025-06-12,09:00:00
2025-06-11,19:50:15,SBIT,ProShares UltraShort Bitcoin ETF,NYSE Arca,Corporate Action,2025-06-12,09:00:00
2025-06-11,19:50:15,SBIT,ProShares UltraShort Bitcoin ETF,NYSE Arca,Corporate Action,,
2025-06-11,19:50:15,SMDD,ProShares UltraPro Short MidCap400,NYSE Arca,Corporate Action,,
2025-06-11,19:50:15,SMDD,ProShares UltraPro Short MidCap400,NYSE Arca,Corporate Action,2025-06-12,09:00:00
2025-06-11,19:50:00,VLCN,"""Volcon, Inc. Common stock""",Nasdaq,News pending,2025-06-12,09:00:00
2025-06-11,19:50:00,VLCN,"""Volcon, Inc. Common stock""",Nasdaq,News pending,,
2025-06-11,19:50:00,ERNA,Ernexa Therapeutics Inc. Common Stock,Nasdaq,News pending,,
2025-06-11,19:50:00,ERNA,Ernexa Therapeutics Inc. Common Stock,Nasdaq,News pending,2025-06-12,09:00:00
2025-06-11,17:55:00,CVGW,Calavo Growers Inc,Nasdaq,News pending,2025-06-11,18:30:00
2025-06-11,16:10:00,PPTA,Perpetua Resources Corp. Common Shares,Nasdaq,News pending,2025-06-11,17:05:00
2025-06-11,15:47:41,DIST,Distoken Acquisition Corporation Ordinary Shares,Nasdaq,LULD pause,2025-06-11,16:00:00
2025-06-11,15:33:22,DIST,Distoken Acquisition Corporation Ordinary Shares,Nasdaq,LULD pause,2025-06-11,15:44:02
2025-06-11,15:12:23,DIST,Distoken Acquisition Corporation Ordinary Shares,Nasdaq,LULD pause,2025-06-11,15:33:02
2025-06-11,15:06:38,DIST,Distoken Acquisition Corporation Ordinary Shares,Nasdaq,LULD pause,2025-06-11,15:11:38
2025-06-11,14:56:15,DIST,Distoken Acquisition Corporation Ordinary Shares,Nasdaq,LULD pause,2025-06-11,15:06:15
2025-06-11,14:50:48,DIST,Distoken Acquisition Corporation Ordinary Shares,Nasdaq,LULD pause,2025-06-11,14:55:48
2025-06-11,14:45:44,SAFX,"""XCF Global, Inc. Class A Common Stock""",Nasdaq,LULD pause,2025-06-11,14:55:44
2025-06-11,14:38:47,SAFX,"""XCF Global, Inc. Class A Common Stock""",Nasdaq,LULD pause,2025-06-11,14:43:47
2025-06-11,14:31:19,SAFX,"""XCF Global, Inc. Class A Common Stock""",Nasdaq,LULD pause,2025-06-11,14:36:19
2025-06-11,14:26:07,DIST,Distoken Acquisition Corporation Ordinary Shares,Nasdaq,LULD pause,2025-06-11,14:44:54
2025-06-11,14:20:50,PZZA,Papa John's International Inc,Nasdaq,LULD pause,2025-06-11,14:30:50
2025-06-11,14:09:18,DIST,Distoken Acquisition Corporation Ordinary Shares,Nasdaq,LULD pause,2025-06-11,14:24:19
2025-06-11,13:52:19,KZIA,Kazia Therapeutics Limited American Depositary Shares,Nasdaq,LULD pause,2025-06-11,13:57:19
2025-06-11,13:45:22,JEM,707 Cayman Holdings Limited Ordinary Shares,Nasdaq,LULD pause,2025-06-11,13:50:22
2025-06-11,13:21:22,JEM,707 Cayman Holdings Limited Ordinary Shares,Nasdaq,LULD pause,2025-06-11,13:26:22
2025-06-11,12:59:31,JEM,707 Cayman Holdings Limited Ordinary Shares,Nasdaq,LULD pause,2025-06-11,13:09:31
2025-06-11,12:55:42,NUVB WS,"""Nuvation Bio Inc. Redeemable warrants, each whole warrant exercisable for one share of Class A common stock at an exercise price of $11.50""",NYSE,News pending,2025-06-11,13:39:32
2025-06-11,12:55:42,NUVB,Nuvation Bio Inc.,NYSE,News pending,2025-06-11,13:39:13
2025-06-11,12:36:18,JEM,707 Cayman Holdings Limited Ordinary Shares,Nasdaq,LULD pause,2025-06-11,12:41:18
2025-06-11,12:25:38,JEM,707 Cayman Holdings Limited Ordinary Shares,Nasdaq,LULD pause,2025-06-11,12:35:38
2025-06-11,12:21:31,XTIA,"""XTI Aerospace, Inc. Common Stock""",Nasdaq,LULD pause,2025-06-11,12:31:31
2025-06-11,12:20:05,JEM,707 Cayman Holdings Limited Ordinary Shares,Nasdaq,LULD pause,2025-06-11,12:25:05
2025-06-11,12:14:38,JEM,707 Cayman Holdings Limited Ordinary Shares,Nasdaq,LULD pause,2025-06-11,12:19:38
2025-06-11,11:46:43,XTIA,"""XTI Aerospace, Inc. Common Stock""",Nasdaq,LULD pause,2025-06-11,11:56:43
2025-06-11,11:40:37,XTIA,"""XTI Aerospace, Inc. Common Stock""",Nasdaq,LULD pause,2025-06-11,11:45:37
2025-06-11,11:34:16,XTIA,"""XTI Aerospace, Inc. Common Stock""",Nasdaq,LULD pause,2025-06-11,11:39:16
2025-06-11,11:28:41,XTIA,"""XTI Aerospace, Inc. Common Stock""",Nasdaq,LULD pause,2025-06-11,11:33:41
2025-06-11,11:26:40,DIST,Distoken Acquisition Corporation Ordinary Shares,Nasdaq,LULD pause,2025-06-11,11:31:40
2025-06-11,11:19:27,BRLS,Borealis Foods Inc. Class A Common Shares,Nasdaq,LULD pause,2025-06-11,11:24:27
2025-06-11,11:00:14,KZIA,Kazia Therapeutics Limited American Depositary Shares,Nasdaq,LULD pause,2025-06-11,11:05:14
2025-06-11,10:54:06,KZIA,Kazia Therapeutics Limited American Depositary Shares,Nasdaq,LULD pause,2025-06-11,10:59:06
2025-06-11,10:52:53,SCCG,Sachem Capital Corp. 8.00% Notes due 2027,NYSE American,LULD pause,2025-06-11,10:57:53
2025-06-11,10:48:50,KZIA,Kazia Therapeutics Limited American Depositary Shares,Nasdaq,LULD pause,2025-06-11,10:53:50
2025-06-11,09:47:13,SAFX,"""XCF Global, Inc. Class A Common Stock""",Nasdaq,LULD pause,2025-06-11,09:57:13
2025-06-11,09:46:56,LIMN,"""Liminatus Pharma, Inc. Class A Common Stock""",Nasdaq,LULD pause,2025-06-11,09:51:56
2025-06-11,09:38:45,LIMN,"""Liminatus Pharma, Inc. Class A Common Stock""",Nasdaq,LULD pause,2025-06-11,09:43:45
2025-06-11,09:35:21,EDHL,Everbright Digital Holding Limited Ordinary Shares,Nasdaq,LULD pause,2025-06-11,09:40:21
2025-06-11,09:35:07,BIRD,"""Allbirds, Inc. Class A Common Stock""",Nasdaq,LULD pause,2025-06-11,09:45:07
2025-06-11,09:34:46,KNW,"""Know Labs, Inc.""",NYSE American,LULD pause,2025-06-11,09:39:46
2025-06-11,09:31:35,FISK,"""Empire State Realty OP, L.P. Series 250""",NYSE Arca,LULD pause,2025-06-11,09:36:35
2025-06-11,06:30:13,IONR,ioneer Ltd American Depositary Shares,Nasdaq,News pending,,
2025-06-11,06:30:13,IONR,ioneer Ltd American Depositary Shares,Nasdaq,News pending,2025-06-13,07:00:00
2025-06-10,19:50:00,SVREW,SaverOne 2014 Ltd. Warrant,Nasdaq,News pending,,
2025-06-10,19:50:00,SVREW,SaverOne 2014 Ltd. Warrant,Nasdaq,News pending,2025-06-11,09:05:00
2025-06-10,19:50:00,SVRE,SaverOne 2014 Ltd. American Depositary Shares,Nasdaq,News pending,2025-06-11,09:00:00
2025-06-10,19:50:00,SVRE,SaverOne 2014 Ltd. American Depositary Shares,Nasdaq,News pending,,
2025-06-10,15:24:36,AIHS,Senmiao Technology Limited Common Stock,Nasdaq,LULD pause,2025-06-10,15:29:36
2025-06-10,10:36:03,ACCS,ACCESS Newswire Inc.,NYSE American,LULD pause,2025-06-10,10:41:03
2025-06-10,10:33:27,BODI,"""The Beachbody Company, Inc.""",NYSE,LULD pause,2025-06-10,10:38:34
2025-06-10,10:30:45,ACCS,ACCESS Newswire Inc.,NYSE American,LULD pause,2025-06-10,10:35:45
2025-06-10,10:25:27,ACCS,ACCESS Newswire Inc.,NYSE American,LULD pause,2025-06-10,10:30:27
2025-06-10,10:20:16,ARAI,Arrive AI Inc. Common Stock,Nasdaq,LULD pause,2025-06-10,10:25:16
2025-06-10,10:11:48,ARAI,Arrive AI Inc. Common Stock,Nasdaq,LULD pause,2025-06-10,10:16:48
2025-06-10,10:11:07,ACCS,ACCESS Newswire Inc.,NYSE American,LULD pause,2025-06-10,10:25:09
2025-06-10,10:05:49,ACCS,ACCESS Newswire Inc.,NYSE American,LULD pause,2025-06-10,10:10:49
2025-06-10,10:04:01,CYCCP,"""Cyclacel Pharmaceuticals, Inc. 6% Cnvrtbl. Prfrd. Stock""",Nasdaq,LULD pause,2025-06-10,10:09:01
2025-06-10,10:03:31,SLNHP,"""Soluna Holdings, Inc 9.0% Series A Cumulative Perpetual Preferred Stock""",Nasdaq,LULD pause,2025-06-10,10:08:31
2025-06-10,09:59:49,MSW,Ming Shing Group Holdings Limited Ordinary Shares,Nasdaq,LULD pause,2025-06-10,10:04:49
2025-06-10,09:56:00,KWM,"""K Wave Media, Ltd. Ordinary Shares""",Nasdaq,LULD pause,2025-06-10,10:06:00
2025-06-10,09:53:49,BIYA,Baiya International Group Inc. Ordinary Shares,Nasdaq,LULD pause,2025-06-10,09:58:49
2025-06-10,09:48:50,MSW,Ming Shing Group Holdings Limited Ordinary Shares,Nasdaq,LULD pause,2025-06-10,09:58:50
2025-06-10,09:46:56,CARM,"""Carisma Therapeutics, Inc. Common Stock""",Nasdaq,LULD pause,2025-06-10,09:51:56
2025-06-10,09:41:15,MSW,Ming Shing Group Holdings Limited Ordinary Shares,Nasdaq,LULD pause,2025-06-10,09:46:15
2025-06-10,09:37:55,ULY,Urgent.ly Inc. Common Stock,Nasdaq,LULD pause,2025-06-10,09:42:55
2025-06-10,09:34:02,DIST,Distoken Acquisition Corporation Ordinary Shares,Nasdaq,LULD pause,2025-06-10,09:39:02
2025-06-10,09:30:16,SLNHP,"""Soluna Holdings, Inc 9.0% Series A Cumulative Perpetual Preferred Stock""",Nasdaq,LULD pause,2025-06-10,09:40:17
2025-06-09,19:50:22,INUV,"""Inuvo, Inc.""",NYSE American,Corporate Action,2025-06-10,09:00:00
2025-06-09,19:50:22,INUV,"""Inuvo, Inc.""",NYSE American,Corporate Action,,
2025-06-09,19:50:00,BBLGW,Bone Biologics Corp Warrants,Nasdaq,News pending,,
2025-06-09,19:50:00,BBLGW,Bone Biologics Corp Warrants,Nasdaq,News pending,2025-06-10,09:05:00
2025-06-09,19:50:00,CLRO,"""ClearOne, Inc. (DE) Common Stock""",Nasdaq,News pending,,
2025-06-09,19:50:00,CLRO,"""ClearOne, Inc. (DE) Common Stock""",Nasdaq,News pending,2025-06-10,09:00:00
2025-06-09,19:50:00,BBLG,Bone Biologics Corp Common Stock,Nasdaq,News pending,2025-06-10,09:00:00
2025-06-09,19:50:00,BBLG,Bone Biologics Corp Common Stock,Nasdaq,News pending,,
2025-06-09,16:14:15,NOVA,Sunnova Energy International Inc.,NYSE,News Released,,
2025-06-09,16:11:25,GB WS,Global Blue Group Holding AG Warrants exercisable for one Ordinary Share of Global Blue Group Holding AG at a price of $11.50 per share,NYSE,News Released,,
2025-06-09,15:52:21,OMH,Ohmyhome Limited Ordinary Shares,Nasdaq,LULD pause,2025-06-09,16:00:00
2025-06-09,15:50:49,SAFX,"""XCF Global, Inc. Class A Common Stock""",Nasdaq,LULD pause,2025-06-09,16:00:00
2025-06-09,15:35:38,BIYA,Baiya International Group Inc. Ordinary Shares,Nasdaq,LULD pause,2025-06-09,15:40:38
2025-06-09,15:31:07,SAFX,"""XCF Global, Inc. Class A Common Stock""",Nasdaq,LULD pause,2025-06-09,15:36:07
2025-06-09,15:30:32,OMH,Ohmyhome Limited Ordinary Shares,Nasdaq,LULD pause,2025-06-09,15:35:32
2025-06-09,15:21:08,OMH,Ohmyhome Limited Ordinary Shares,Nasdaq,LULD pause,2025-06-09,15:26:08
2025-06-09,15:14:40,OMH,Ohmyhome Limited Ordinary Shares,Nasdaq,LULD pause,2025-06-09,15:19:40
2025-06-09,15:04:25,OMH,Ohmyhome Limited Ordinary Shares,Nasdaq,LULD pause,2025-06-09,15:14:25
2025-06-09,14:59:00,OMH,Ohmyhome Limited Ordinary Shares,Nasdaq,LULD pause,2025-06-09,15:04:00
2025-06-09,14:58:20,POWWP,Outdoor Holding Company 8.75% Series A Cumulative Redeemable Perpetual Preferred Stock,Nasdaq,LULD pause,2025-06-09,15:03:20
2025-06-09,14:53:57,VHC,VirnetX Holding Corporation,NYSE,LULD pause,2025-06-09,14:58:57
2025-06-09,14:26:59,BIYA,Baiya International Group Inc. Ordinary Shares,Nasdaq,LULD pause,2025-06-09,14:31:59
2025-06-09,14:18:13,OMH,Ohmyhome Limited Ordinary Shares,Nasdaq,LULD pause,2025-06-09,14:23:13
2025-06-09,14:03:47,OMH,Ohmyhome Limited Ordinary Shares,Nasdaq,LULD pause,2025-06-09,14:08:47
2025-06-09,13:47:38,OMH,Ohmyhome Limited Ordinary Shares,Nasdaq,LULD pause,2025-06-09,13:52:38
2025-06-09,13:35:36,OMH,Ohmyhome Limited Ordinary Shares,Nasdaq,LULD pause,2025-06-09,13:40:36
2025-06-09,13:27:18,OMH,Ohmyhome Limited Ordinary Shares,Nasdaq,LULD pause,2025-06-09,13:32:18
2025-06-09,13:13:47,OMH,Ohmyhome Limited Ordinary Shares,Nasdaq,LULD pause,2025-06-09,13:18:47
2025-06-09,13:13:38,BIYA,Baiya International Group Inc. Ordinary Shares,Nasdaq,LULD pause,2025-06-09,13:18:38
2025-06-09,13:07:40,OMH,Ohmyhome Limited Ordinary Shares,Nasdaq,LULD pause,2025-06-09,13:12:40
2025-06-09,13:02:18,OMH,Ohmyhome Limited Ordinary Shares,Nasdaq,LULD pause,2025-06-09,13:07:18
2025-06-09,12:55:12,OMH,Ohmyhome Limited Ordinary Shares,Nasdaq,LULD pause,2025-06-09,13:00:12
2025-06-09,12:49:51,OMH,Ohmyhome Limited Ordinary Shares,Nasdaq,LULD pause,2025-06-09,12:54:51
2025-06-09,12:44:22,OMH,Ohmyhome Limited Ordinary Shares,Nasdaq,LULD pause,2025-06-09,12:49:22
2025-06-09,12:38:50,OMH,Ohmyhome Limited Ordinary Shares,Nasdaq,LULD pause,2025-06-09,12:43:50
2025-06-09,12:36:24,KLTO,"""Klotho Neurosciences, Inc. Common Stock""",Nasdaq,LULD pause,2025-06-09,12:41:24
2025-06-09,12:26:31,JEM,707 Cayman Holdings Limited Ordinary Shares,Nasdaq,LULD pause,2025-06-09,12:31:31
2025-06-09,12:14:38,KLTO,"""Klotho Neurosciences, Inc. Common Stock""",Nasdaq,LULD pause,2025-06-09,12:19:38
2025-06-09,12:11:36,JEM,707 Cayman Holdings Limited Ordinary Shares,Nasdaq,LULD pause,2025-06-09,12:21:37
2025-06-09,12:07:21,KLTO,"""Klotho Neurosciences, Inc. Common Stock""",Nasdaq,LULD pause,2025-06-09,12:12:21
2025-06-09,12:01:02,CUPR,Cuprina Holdings (Cayman) Limited Class A Ordinary Shares,Nasdaq,LULD pause,2025-06-09,12:06:02
2025-06-09,12:00:42,JEM,707 Cayman Holdings Limited Ordinary Shares,Nasdaq,LULD pause,2025-06-09,12:10:42
2025-06-09,11:54:41,KLTO,"""Klotho Neurosciences, Inc. Common Stock""",Nasdaq,LULD pause,2025-06-09,11:59:41
2025-06-09,11:47:44,NAMM,Namib Minerals Ordinary Shares,Nasdaq,LULD pause,2025-06-09,11:52:44
2025-06-09,11:45:03,SAFX,"""XCF Global, Inc. Class A Common Stock""",Nasdaq,LULD pause,2025-06-09,11:50:03
2025-06-09,11:09:00,TWNP,Twin Hospitality Group Inc. Class A Common Stock,Nasdaq,LULD pause,2025-06-09,11:19:00
2025-06-09,11:03:07,KLTO,"""Klotho Neurosciences, Inc. Common Stock""",Nasdaq,LULD pause,2025-06-09,11:08:07
2025-06-09,11:02:59,TWNP,Twin Hospitality Group Inc. Class A Common Stock,Nasdaq,LULD pause,2025-06-09,11:07:59
2025-06-09,10:54:57,MULN,"""Mullen Automotive, Inc. Common Stock""",Nasdaq,LULD pause,2025-06-09,10:59:57
2025-06-09,10:49:34,KLTO,"""Klotho Neurosciences, Inc. Common Stock""",Nasdaq,LULD pause,2025-06-09,10:54:34
2025-06-09,10:42:54,KLTO,"""Klotho Neurosciences, Inc. Common Stock""",Nasdaq,LULD pause,2025-06-09,10:47:54
2025-06-09,10:42:47,SAFX,"""XCF Global, Inc. Class A Common Stock""",Nasdaq,LULD pause,2025-06-09,10:52:47
2025-06-09,10:38:30,TWNP,Twin Hospitality Group Inc. Class A Common Stock,Nasdaq,LULD pause,2025-06-09,10:43:30
2025-06-09,10:35:57,NAMM,Namib Minerals Ordinary Shares,Nasdaq,LULD pause,2025-06-09,10:40:57
2025-06-09,10:19:04,SAFX,"""XCF Global, Inc. Class A Common Stock""",Nasdaq,LULD pause,2025-06-09,10:29:05
2025-06-09,10:13:35,SAFX,"""XCF Global, Inc. Class A Common Stock""",Nasdaq,LULD pause,2025-06-09,10:18:35
2025-06-09,10:11:48,TWNP,Twin Hospitality Group Inc. Class A Common Stock,Nasdaq,LULD pause,2025-06-09,10:16:48
2025-06-09,10:08:20,SAFX,"""XCF Global, Inc. Class A Common Stock""",Nasdaq,LULD pause,2025-06-09,10:13:20
2025-06-09,10:06:09,TWNP,Twin Hospitality Group Inc. Class A Common Stock,Nasdaq,LULD pause,2025-06-09,10:11:09
2025-06-09,10:00:22,KLTO,"""Klotho Neurosciences, Inc. Common Stock""",Nasdaq,LULD pause,2025-06-09,10:05:22
2025-06-09,09:52:01,SAFX,"""XCF Global, Inc. Class A Common Stock""",Nasdaq,LULD pause,2025-06-09,10:02:02
2025-06-09,09:50:09,TWNP,Twin Hospitality Group Inc. Class A Common Stock,Nasdaq,LULD pause,2025-06-09,10:05:45
2025-06-09,09:45:48,SAFX,"""XCF Global, Inc. Class A Common Stock""",Nasdaq,LULD pause,2025-06-09,09:50:48
2025-06-09,09:40:01,SAFX,"""XCF Global, Inc. Class A Common Stock""",Nasdaq,LULD pause,2025-06-09,09:45:01
2025-06-09,09:39:34,TWNP,Twin Hospitality Group Inc. Class A Common Stock,Nasdaq,LULD pause,2025-06-09,09:49:35
2025-06-09,08:01:57,NOVA,Sunnova Energy International Inc.,NYSE,Regulatory Concern,See Subsequent Halt,See Subsequent Halt
2025-06-09,07:55:00,ELEV,"""Elevation Oncology, Inc. Common stock""",Nasdaq,News pending,2025-06-09,08:30:00
2025-06-09,07:00:00,WBD,"""Warner Bros. Discovery, Inc. Series A Common Stock""",Nasdaq,News pending,2025-06-09,07:30:00
2025-06-06,19:50:53,HUSA,Houston American Energy Corp,NYSE American,Corporate Action,,
2025-06-06,19:50:53,HUSA,Houston American Energy Corp,NYSE American,Corporate Action,2025-06-09,09:00:00
2025-06-06,19:50:00,BOLT,"""Bolt Biotherapeutics, Inc. Common Stock""",Nasdaq,News pending,,
2025-06-06,19:50:00,BOLT,"""Bolt Biotherapeutics, Inc. Common Stock""",Nasdaq,News pending,2025-06-09,09:00:00
2025-06-06,19:50:00,AEMD,AETHLON MEDICAL INC,Nasdaq,News pending,2025-06-09,09:00:00
2025-06-06,19:50:00,AEMD,AETHLON MEDICAL INC,Nasdaq,News pending,,
2025-06-06,19:50:00,PXLW,Pixelworks Inc,Nasdaq,News pending,,
2025-06-06,19:50:00,PXLW,Pixelworks Inc,Nasdaq,News pending,2025-06-09,09:00:00
2025-06-06,19:50:00,NKTR,Nektar Therapeutics,Nasdaq,News pending,2025-06-09,09:00:00
2025-06-06,19:50:00,NKTR,Nektar Therapeutics,Nasdaq,News pending,,
2025-06-06,19:50:00,DUO,Fangdd Network Group Ltd. Class A Ordinary Shares,Nasdaq,News pending,2025-06-09,09:00:00
2025-06-06,19:50:00,DUO,Fangdd Network Group Ltd. Class A Ordinary Shares,Nasdaq,News pending,,
2025-06-06,15:57:28,INAB,"""IN8bio, Inc. Common Stock""",Nasdaq,LULD pause,2025-06-06,16:00:00
2025-06-06,15:49:24,NAMM,Namib Minerals Ordinary Shares,Nasdaq,LULD pause,2025-06-06,16:00:00
2025-06-06,15:41:41,NAMM,Namib Minerals Ordinary Shares,Nasdaq,LULD pause,2025-06-06,15:46:41
2025-06-06,15:22:13,CHEB U,"""Chenghe Acquisition II Co. Units, each consisting of one Class A ordinary share and one-half of one redeemable warrant""",NYSE American,LULD pause,2025-06-06,15:27:13
2025-06-06,15:22:01,DIST,Distoken Acquisition Corporation Ordinary Shares,Nasdaq,LULD pause,2025-06-06,15:27:01
2025-06-06,15:20:07,KNW,"""Know Labs, Inc.""",NYSE American,LULD pause,2025-06-06,15:25:07
2025-06-06,15:14:38,KNW,"""Know Labs, Inc.""",NYSE American,LULD pause,2025-06-06,15:19:38
2025-06-06,15:08:53,KNW,"""Know Labs, Inc.""",NYSE American,LULD pause,2025-06-06,15:13:53
2025-06-06,14:54:59,GB WS,Global Blue Group Holding AG Warrants exercisable for one Ordinary Share of Global Blue Group Holding AG at a price of $11.50 per share,NYSE,News pending,,
2025-06-06,14:54:59,GB WS,Global Blue Group Holding AG Warrants exercisable for one Ordinary Share of Global Blue Group Holding AG at a price of $11.50 per share,NYSE,News pending,See Subsequent Halt,See Subsequent Halt
2025-06-06,14:54:43,NAMM,Namib Minerals Ordinary Shares,Nasdaq,LULD pause,2025-06-06,14:59:43
2025-06-06,14:49:02,DIST,Distoken Acquisition Corporation Ordinary Shares,Nasdaq,LULD pause,2025-06-06,14:59:02
2025-06-06,14:28:24,DIST,Distoken Acquisition Corporation Ordinary Shares,Nasdaq,LULD pause,2025-06-06,14:33:24
2025-06-06,14:19:56,PTHL,Pheton Holdings Ltd Class A Ordinary Shares,Nasdaq,LULD pause,2025-06-06,14:24:56
2025-06-06,13:46:09,PTHL,Pheton Holdings Ltd Class A Ordinary Shares,Nasdaq,LULD pause,2025-06-06,14:06:10
2025-06-06,13:30:40,NAMM,Namib Minerals Ordinary Shares,Nasdaq,LULD pause,2025-06-06,13:35:40
2025-06-06,13:10:27,BRLS,Borealis Foods Inc. Class A Common Shares,Nasdaq,LULD pause,2025-06-06,13:20:27
2025-06-06,12:59:15,BRLS,Borealis Foods Inc. Class A Common Shares,Nasdaq,LULD pause,2025-06-06,13:09:15
2025-06-06,12:54:25,NAMM,Namib Minerals Ordinary Shares,Nasdaq,LULD pause,2025-06-06,12:59:25
2025-06-06,12:48:00,BRLS,Borealis Foods Inc. Class A Common Shares,Nasdaq,LULD pause,2025-06-06,12:58:00
2025-06-06,12:38:21,BRLS,Borealis Foods Inc. Class A Common Shares,Nasdaq,LULD pause,2025-06-06,12:43:21
2025-06-06,12:35:00,HONDU,HCM II Acquisition Corp. Unit,Nasdaq,LULD pause,2025-06-06,12:45:00
2025-06-06,12:26:06,MWYN,"""Marwynn Holdings, Inc. Common stock""",Nasdaq,LULD pause,2025-06-06,12:31:06
2025-06-06,12:24:27,PHAT,"""Phathom Pharmaceuticals, Inc. Common Stock""",Nasdaq,LULD pause,2025-06-06,12:29:27
2025-06-06,12:20:43,PTHL,Pheton Holdings Ltd Class A Ordinary Shares,Nasdaq,LULD pause,2025-06-06,13:45:44
2025-06-06,12:18:20,MWYN,"""Marwynn Holdings, Inc. Common stock""",Nasdaq,LULD pause,2025-06-06,12:23:20
2025-06-06,12:13:03,NAMM,Namib Minerals Ordinary Shares,Nasdaq,LULD pause,2025-06-06,12:18:03
2025-06-06,12:12:57,MWYN,"""Marwynn Holdings, Inc. Common stock""",Nasdaq,LULD pause,2025-06-06,12:17:57
2025-06-06,12:11:33,PHAT,"""Phathom Pharmaceuticals, Inc. Common Stock""",Nasdaq,LULD pause,2025-06-06,12:21:33
2025-06-06,12:02:30,NAMM,Namib Minerals Ordinary Shares,Nasdaq,LULD pause,2025-06-06,12:07:30
2025-06-06,12:01:34,MWYN,"""Marwynn Holdings, Inc. Common stock""",Nasdaq,LULD pause,2025-06-06,12:11:35
2025-06-06,11:56:19,NAMM,Namib Minerals Ordinary Shares,Nasdaq,LULD pause,2025-06-06,12:01:19
2025-06-06,11:56:09,PHAT,"""Phathom Pharmaceuticals, Inc. Common Stock""",Nasdaq,LULD pause,2025-06-06,12:11:09
2025-06-06,11:55:50,MWYN,"""Marwynn Holdings, Inc. Common stock""",Nasdaq,LULD pause,2025-06-06,12:00:50
2025-06-06,11:50:48,PHAT,"""Phathom Pharmaceuticals, Inc. Common Stock""",Nasdaq,LULD pause,2025-06-06,11:55:48
2025-06-06,11:46:49,MWYN,"""Marwynn Holdings, Inc. Common stock""",Nasdaq,LULD pause,2025-06-06,11:51:49
2025-06-06,11:39:23,NAMM,Namib Minerals Ordinary Shares,Nasdaq,LULD pause,2025-06-06,11:44:23
2025-06-06,11:32:01,NAMM,Namib Minerals Ordinary Shares,Nasdaq,LULD pause,2025-06-06,11:37:01
2025-06-06,11:19:32,MWYN,"""Marwynn Holdings, Inc. Common stock""",Nasdaq,LULD pause,2025-06-06,11:29:32
2025-06-06,11:09:10,NAMM,Namib Minerals Ordinary Shares,Nasdaq,LULD pause,2025-06-06,11:14:10
2025-06-06,11:08:50,MWYN,"""Marwynn Holdings, Inc. Common stock""",Nasdaq,LULD pause,2025-06-06,11:18:50
2025-06-06,11:06:25,AMBO,Ambow Education Holding Ltd. American Depository Shares (each representing twenty (20) Class A Ordinary Shares),NYSE American,LULD pause,2025-06-06,11:11:25
2025-06-06,11:00:07,NAMM,Namib Minerals Ordinary Shares,Nasdaq,LULD pause,2025-06-06,11:05:07
2025-06-06,10:57:54,MWYN,"""Marwynn Holdings, Inc. Common stock""",Nasdaq,LULD pause,2025-06-06,11:07:54
2025-06-06,10:48:05,NAMM,Namib Minerals Ordinary Shares,Nasdaq,LULD pause,2025-06-06,10:58:05
2025-06-06,10:47:36,MWYN,"""Marwynn Holdings, Inc. Common stock""",Nasdaq,LULD pause,2025-06-06,10:57:36
2025-06-06,10:37:47,NAMM,Namib Minerals Ordinary Shares,Nasdaq,LULD pause,2025-06-06,10:47:48
2025-06-06,10:35:50,DIST,Distoken Acquisition Corporation Ordinary Shares,Nasdaq,LULD pause,2025-06-06,10:45:50
2025-06-06,10:27:18,NAMM,Namib Minerals Ordinary Shares,Nasdaq,LULD pause,2025-06-06,10:37:18
2025-06-06,10:23:46,NCL,Northann Corp.,NYSE American,LULD pause,2025-06-06,10:28:46
2025-06-06,10:21:49,NAMM,Namib Minerals Ordinary Shares,Nasdaq,LULD pause,2025-06-06,10:26:49
2025-06-06,10:21:39,WBUY,WEBUY GLOBAL LTD. Class A Ordinary Shares,Nasdaq,LULD pause,2025-06-06,10:26:39
2025-06-06,10:13:52,NCL,Northann Corp.,NYSE American,LULD pause,2025-06-06,10:18:52
2025-06-06,10:10:54,NAMM,Namib Minerals Ordinary Shares,Nasdaq,LULD pause,2025-06-06,10:20:54
2025-06-06,10:05:12,NAMM,Namib Minerals Ordinary Shares,Nasdaq,LULD pause,2025-06-06,10:10:12
2025-06-06,09:59:58,NCL,Northann Corp.,NYSE American,LULD pause,2025-06-06,10:04:58
2025-06-06,09:58:04,DTCK,Davis Commodities Limited Ordinary Shares,Nasdaq,LULD pause,2025-06-06,10:03:04
2025-06-06,09:57:29,NAMM,Namib Minerals Ordinary Shares,Nasdaq,LULD pause,2025-06-06,10:02:29
2025-06-06,09:53:10,SDM,Smart Digital Group Limited Ordinary Shares,Nasdaq,LULD pause,2025-06-06,09:58:10
2025-06-06,09:52:48,NCL,Northann Corp.,NYSE American,LULD pause,2025-06-06,09:57:48
2025-06-06,09:48:50,WBUY,WEBUY GLOBAL LTD. Class A Ordinary Shares,Nasdaq,LULD pause,2025-06-06,09:53:50
2025-06-06,09:47:48,SDM,Smart Digital Group Limited Ordinary Shares,Nasdaq,LULD pause,2025-06-06,09:52:48
2025-06-06,09:47:36,NODE,VanEck Onchain Economy ETF,Cboe BZX,LULD pause,2025-06-06,09:52:36
2025-06-06,09:45:04,NAMM,Namib Minerals Ordinary Shares,Nasdaq,LULD pause,2025-06-06,09:55:04
2025-06-06,09:42:20,NODE,VanEck Onchain Economy ETF,Cboe BZX,LULD pause,2025-06-06,09:47:20
2025-06-06,09:38:39,BDMD,Baird Medical Investment Holdings Ltd Ordinary Share,Nasdaq,LULD pause,2025-06-06,09:48:39
2025-06-06,09:37:07,TGE,The Generation Essentials Group,NYSE,LULD pause,2025-06-06,09:42:18
2025-06-06,09:36:29,NCL,Northann Corp.,NYSE American,LULD pause,2025-06-06,09:52:33
2025-06-06,09:35:57,MCTR,CTRL Group Limited Ordinary Shares,Nasdaq,LULD pause,2025-06-06,09:40:57
2025-06-06,09:35:47,OBLG,Oblong Inc. Common Stock,Nasdaq,LULD pause,2025-06-06,09:45:47
2025-06-06,09:34:15,DTCK,Davis Commodities Limited Ordinary Shares,Nasdaq,LULD pause,2025-06-06,09:39:15
2025-06-06,09:33:07,FIXP,FolioBeyond Enhanced Fixed Income Premium ETF,NYSE Arca,LULD pause,2025-06-06,09:38:07
2025-06-06,09:32:33,INAB,"""IN8bio, Inc. Common Stock""",Nasdaq,LULD pause,2025-06-06,09:42:33
2025-06-06,09:32:21,MWYN,"""Marwynn Holdings, Inc. Common stock""",Nasdaq,LULD pause,2025-06-06,10:47:21
2025-06-06,09:31:17,DIST,Distoken Acquisition Corporation Ordinary Shares,Nasdaq,LULD pause,2025-06-06,09:36:17
2025-06-06,09:30:48,NCL,Northann Corp.,NYSE American,LULD pause,2025-06-06,09:35:48
2025-06-06,09:30:37,NAMM,Namib Minerals Ordinary Shares,Nasdaq,LULD pause,2025-06-06,09:40:37
2025-06-05,19:50:00,INAB,"""IN8bio, Inc. Common Stock""",Nasdaq,News pending,2025-06-06,09:00:00
2025-06-05,19:50:00,INAB,"""IN8bio, Inc. Common Stock""",Nasdaq,News pending,,
2025-06-05,16:10:00,PVBC,"""Provident Bancorp, Inc. (MD) Common Stock""",Nasdaq,News pending,2025-06-05,16:45:00
2025-06-05,16:10:00,NBBK,"""NB Bancorp, Inc. Common Stock""",Nasdaq,News pending,2025-06-05,16:45:00
2025-06-05,15:59:51,BIYA,Baiya International Group Inc. Ordinary Shares,Nasdaq,LULD pause,2025-06-05,16:00:00
2025-06-05,15:58:17,LIMN,"""Liminatus Pharma, Inc. Class A Common Stock""",Nasdaq,LULD pause,2025-06-05,16:00:00
2025-06-05,15:50:12,OFAL,OFA Group Ordinary Shares,Nasdaq,LULD pause,2025-06-05,16:00:00
2025-06-05,15:29:28,OFAL,OFA Group Ordinary Shares,Nasdaq,LULD pause,2025-06-05,15:34:28
2025-06-05,15:22:03,IPW,"""iPower, Inc. Common Stock""",Nasdaq,LULD pause,2025-06-05,15:27:03
2025-06-05,15:15:31,HSDT,"""Helius Medical Technologies, Inc. Class A Common Stock (DE)""",Nasdaq,LULD pause,2025-06-05,15:20:31
2025-06-05,15:04:37,ELON,BattleShares TSLA vs F ETF,NYSE Arca,LULD pause,2025-06-05,15:09:37
2025-06-05,14:55:46,EPWK,EPWK Holdings Ltd. Class A Ordinary Shares,Nasdaq,LULD pause,2025-06-05,15:00:46
2025-06-05,14:26:02,EPWK,EPWK Holdings Ltd. Class A Ordinary Shares,Nasdaq,LULD pause,2025-06-05,14:36:02
2025-06-05,14:09:01,TGE,The Generation Essentials Group,NYSE,LULD pause,2025-06-05,14:14:04
2025-06-05,14:08:32,EPWK,EPWK Holdings Ltd. Class A Ordinary Shares,Nasdaq,LULD pause,2025-06-05,14:18:32
2025-06-05,14:05:44,FTRK,FAST TRACK GROUP Ordinary shares,Nasdaq,LULD pause,2025-06-05,14:15:44
2025-06-05,13:58:04,EPWK,EPWK Holdings Ltd. Class A Ordinary Shares,Nasdaq,LULD pause,2025-06-05,14:08:04
2025-06-05,13:47:41,EPWK,EPWK Holdings Ltd. Class A Ordinary Shares,Nasdaq,LULD pause,2025-06-05,13:57:41
2025-06-05,13:10:04,ZENA,"""ZenaTech, Inc. Common Stock""",Nasdaq,LULD pause,2025-06-05,13:15:04
2025-06-05,13:09:12,LZMH,LZ Technology Holdings Limited Class B Ordinary Shares,Nasdaq,LULD pause,2025-06-05,13:14:12
2025-06-05,13:03:21,EPWK,EPWK Holdings Ltd. Class A Ordinary Shares,Nasdaq,LULD pause,2025-06-05,13:47:22
2025-06-05,12:54:48,EPWK,EPWK Holdings Ltd. Class A Ordinary Shares,Nasdaq,LULD pause,2025-06-05,12:59:48
2025-06-05,12:54:00,CRCL,"""Circle Internet Group, Inc.""",NYSE,LULD pause,2025-06-05,12:59:04
2025-06-05,12:45:07,CRCL,"""Circle Internet Group, Inc.""",NYSE,LULD pause,2025-06-05,12:50:17
2025-06-05,12:44:49,FEDU,"""Four Seasons Education (Cayman) Inc. American depositary shares, each representing ten (10) Ordinary Shares""",NYSE,LULD pause,2025-06-05,12:49:49
2025-06-05,12:41:57,EPWK,EPWK Holdings Ltd. Class A Ordinary Shares,Nasdaq,LULD pause,2025-06-05,12:51:57
2025-06-05,12:39:06,CRCL,"""Circle Internet Group, Inc.""",NYSE,LULD pause,2025-06-05,12:44:14
2025-06-05,12:34:57,EPWK,EPWK Holdings Ltd. Class A Ordinary Shares,Nasdaq,LULD pause,2025-06-05,12:39:57
2025-06-05,12:31:11,HSDT,"""Helius Medical Technologies, Inc. Class A Common Stock (DE)""",Nasdaq,LULD pause,2025-06-05,12:36:11
2025-06-05,12:26:22,TGE,The Generation Essentials Group,NYSE,LULD pause,2025-06-05,12:31:22
2025-06-05,12:17:39,EPWK,EPWK Holdings Ltd. Class A Ordinary Shares,Nasdaq,LULD pause,2025-06-05,12:32:54
2025-06-05,12:08:50,HSDT,"""Helius Medical Technologies, Inc. Class A Common Stock (DE)""",Nasdaq,LULD pause,2025-06-05,12:13:50
2025-06-05,12:03:38,TGE,The Generation Essentials Group,NYSE,LULD pause,2025-06-05,12:08:38
2025-06-05,12:00:53,HSDT,"""Helius Medical Technologies, Inc. Class A Common Stock (DE)""",Nasdaq,LULD pause,2025-06-05,12:05:53
2025-06-05,11:55:11,TGE,The Generation Essentials Group,NYSE,LULD pause,2025-06-05,12:00:16
2025-06-05,11:54:28,HSDT,"""Helius Medical Technologies, Inc. Class A Common Stock (DE)""",Nasdaq,LULD pause,2025-06-05,11:59:28
2025-06-05,11:44:08,BIYA,Baiya International Group Inc. Ordinary Shares,Nasdaq,LULD pause,2025-06-05,11:49:08
2025-06-05,11:35:51,HSDT,"""Helius Medical Technologies, Inc. Class A Common Stock (DE)""",Nasdaq,LULD pause,2025-06-05,11:40:51
2025-06-05,11:33:44,BIYA,Baiya International Group Inc. Ordinary Shares,Nasdaq,LULD pause,2025-06-05,11:43:44
2025-06-05,11:23:21,BIYA,Baiya International Group Inc. Ordinary Shares,Nasdaq,LULD pause,2025-06-05,11:33:21
2025-06-05,11:23:19,CHEB,Chenghe Acquisition II Co.,NYSE American,LULD pause,2025-06-05,11:28:19
2025-06-05,11:19:46,TGE,The Generation Essentials Group,NYSE,LULD pause,2025-06-05,11:24:52
2025-06-05,11:10:21,CHEB U,"""Chenghe Acquisition II Co. Units, each consisting of one Class A ordinary share and one-half of one redeemable warrant""",NYSE American,LULD pause,2025-06-05,11:30:21
2025-06-05,11:05:57,CHEB,Chenghe Acquisition II Co.,NYSE American,LULD pause,2025-06-05,11:20:39
2025-06-05,11:04:34,BIYA,Baiya International Group Inc. Ordinary Shares,Nasdaq,LULD pause,2025-06-05,11:22:36
2025-06-05,11:03:16,TGE,The Generation Essentials Group,NYSE,LULD pause,2025-06-05,11:08:16
2025-06-05,10:57:16,TGE,The Generation Essentials Group,NYSE,LULD pause,2025-06-05,11:02:21
2025-06-05,10:51:04,TGE,The Generation Essentials Group,NYSE,LULD pause,2025-06-05,10:56:11
2025-06-05,10:48:06,SXTC,"""China SXT Pharmaceuticals, Inc. Ordinary Shares""",Nasdaq,LULD pause,2025-06-05,10:53:06
2025-06-05,10:40:22,TBH,"""Brag House Holdings, Inc. Common Stock""",Nasdaq,LULD pause,2025-06-05,10:45:22
2025-06-05,10:39:46,TGE,The Generation Essentials Group,NYSE,LULD pause,2025-06-05,10:44:47
2025-06-05,10:33:48,TGE,The Generation Essentials Group,NYSE,LULD pause,2025-06-05,10:38:55
2025-06-05,10:27:56,TGE,The Generation Essentials Group,NYSE,LULD pause,2025-06-05,10:33:09
2025-06-05,10:22:05,TGE,The Generation Essentials Group,NYSE,LULD pause,2025-06-05,10:27:07
2025-06-05,10:15:39,TGE,The Generation Essentials Group,NYSE,LULD pause,2025-06-05,10:20:40
2025-06-05,10:13:44,TBH,"""Brag House Holdings, Inc. Common Stock""",Nasdaq,LULD pause,2025-06-05,10:18:44
2025-06-05,10:11:50,RVYL,Ryvyl Inc. Common Stock,Nasdaq,LULD pause,2025-06-05,10:16:50
2025-06-05,10:08:03,LIMN,"""Liminatus Pharma, Inc. Class A Common Stock""",Nasdaq,LULD pause,2025-06-05,10:13:03
2025-06-05,10:07:29,TGE,The Generation Essentials Group,NYSE,LULD pause,2025-06-05,10:12:29
2025-06-05,10:02:11,TBH,"""Brag House Holdings, Inc. Common Stock""",Nasdaq,LULD pause,2025-06-05,10:07:11
2025-06-05,09:59:28,TGE,The Generation Essentials Group,NYSE,LULD pause,2025-06-05,10:04:28
2025-06-05,09:54:14,MCTR,CTRL Group Limited Ordinary Shares,Nasdaq,LULD pause,2025-06-05,09:59:14
2025-06-05,09:53:24,GNTA,Genenta Science S.p.A. American Depositary Shares,Nasdaq,LULD pause,2025-06-05,10:03:24
2025-06-05,09:52:38,TGE,The Generation Essentials Group,NYSE,LULD pause,2025-06-05,09:57:54
2025-06-05,09:50:44,MLEC,Moolec Science SA Ordinary Shares,Nasdaq,LULD pause,2025-06-05,09:55:44
2025-06-05,09:47:41,ELON,BattleShares TSLA vs F ETF,NYSE Arca,LULD pause,2025-06-05,09:52:41
2025-06-05,09:47:16,TGE,The Generation Essentials Group,NYSE,LULD pause,2025-06-05,09:52:16
2025-06-05,09:47:06,MCTR,CTRL Group Limited Ordinary Shares,Nasdaq,LULD pause,2025-06-05,09:52:06
2025-06-05,09:46:47,VBIX,Viewbix Inc. Common Stock,Nasdaq,LULD pause,2025-06-05,09:56:47
2025-06-05,09:46:37,MULN,"""Mullen Automotive, Inc. Common Stock""",Nasdaq,LULD pause,2025-06-05,09:51:37
2025-06-05,09:42:44,SORA,Top Win International Limited Ordinary Shares,Nasdaq,LULD pause,2025-06-05,09:47:44
2025-06-05,09:41:33,TGE,The Generation Essentials Group,NYSE,LULD pause,2025-06-05,09:46:36
2025-06-05,09:40:51,VBIX,Viewbix Inc. Common Stock,Nasdaq,LULD pause,2025-06-05,09:45:51
2025-06-05,09:40:34,HSDT,"""Helius Medical Technologies, Inc. Class A Common Stock (DE)""",Nasdaq,LULD pause,2025-06-05,09:45:34
2025-06-05,09:36:33,MCTR,CTRL Group Limited Ordinary Shares,Nasdaq,LULD pause,2025-06-05,09:41:33
2025-06-05,09:35:32,MULN,"""Mullen Automotive, Inc. Common Stock""",Nasdaq,LULD pause,2025-06-05,09:45:32
2025-06-05,09:35:14,TGE,The Generation Essentials Group,NYSE,LULD pause,2025-06-05,09:40:53
2025-06-05,09:35:02,HSDT,"""Helius Medical Technologies, Inc. Class A Common Stock (DE)""",Nasdaq,LULD pause,2025-06-05,09:40:02
2025-06-05,09:33:26,LIMN,"""Liminatus Pharma, Inc. Class A Common Stock""",Nasdaq,LULD pause,2025-06-05,09:38:26
2025-06-05,09:30:16,GNTA,Genenta Science S.p.A. American Depositary Shares,Nasdaq,LULD pause,2025-06-05,09:48:52
2025-06-04,15:47:56,LIMN,"""Liminatus Pharma, Inc. Class A Common Stock""",Nasdaq,LULD pause,2025-06-04,16:00:00
2025-06-04,15:42:17,LIMN,"""Liminatus Pharma, Inc. Class A Common Stock""",Nasdaq,LULD pause,2025-06-04,15:47:17
2025-06-04,15:36:08,MULN,"""Mullen Automotive, Inc. Common Stock""",Nasdaq,LULD pause,2025-06-04,15:41:08
2025-06-04,15:20:55,MULN,"""Mullen Automotive, Inc. Common Stock""",Nasdaq,LULD pause,2025-06-04,15:25:55
2025-06-04,15:09:16,BIYA,Baiya International Group Inc. Ordinary Shares,Nasdaq,LULD pause,2025-06-04,15:14:16
2025-06-04,14:14:28,MULN,"""Mullen Automotive, Inc. Common Stock""",Nasdaq,LULD pause,2025-06-04,14:19:28
2025-06-04,14:03:00,MCTR,CTRL Group Limited Ordinary Shares,Nasdaq,LULD pause,2025-06-04,14:08:00
2025-06-04,13:53:28,MCTR,CTRL Group Limited Ordinary Shares,Nasdaq,LULD pause,2025-06-04,13:58:28
2025-06-04,13:41:05,MULN,"""Mullen Automotive, Inc. Common Stock""",Nasdaq,LULD pause,2025-06-04,13:46:05
2025-06-04,13:34:53,MULN,"""Mullen Automotive, Inc. Common Stock""",Nasdaq,LULD pause,2025-06-04,13:39:53
2025-06-04,13:26:45,MULN,"""Mullen Automotive, Inc. Common Stock""",Nasdaq,LULD pause,2025-06-04,13:31:45
2025-06-04,13:21:18,MULN,"""Mullen Automotive, Inc. Common Stock""",Nasdaq,LULD pause,2025-06-04,13:26:18
2025-06-04,12:27:47,HOTH,"""Hoth Therapeutics, Inc. Common Stock""",Nasdaq,LULD pause,2025-06-04,12:37:48
2025-06-04,12:13:34,NA,Nano Labs Ltd Class A Ordinary Shares,Nasdaq,LULD pause,2025-06-04,12:23:34
2025-06-04,12:12:17,TOPS,TOP Ships Inc.,NYSE American,LULD pause,2025-06-04,12:17:17
2025-06-04,12:05:28,TOPS,TOP Ships Inc.,NYSE American,LULD pause,2025-06-04,12:10:28
2025-06-04,12:03:38,MCTR,CTRL Group Limited Ordinary Shares,Nasdaq,LULD pause,2025-06-04,12:08:38
2025-06-04,11:59:53,WHLR,"""Wheeler Real Estate Investment Trust, Inc""",Nasdaq,LULD pause,2025-06-04,12:04:53
2025-06-04,11:59:26,TOPS,TOP Ships Inc.,NYSE American,LULD pause,2025-06-04,12:04:26
2025-06-04,11:52:29,WHLR,"""Wheeler Real Estate Investment Trust, Inc""",Nasdaq,LULD pause,2025-06-04,11:57:29
2025-06-04,11:47:29,MULN,"""Mullen Automotive, Inc. Common Stock""",Nasdaq,LULD pause,2025-06-04,11:52:29
2025-06-04,11:46:48,WHLR,"""Wheeler Real Estate Investment Trust, Inc""",Nasdaq,LULD pause,2025-06-04,11:51:48
2025-06-04,11:41:35,TOPS,TOP Ships Inc.,NYSE American,LULD pause,2025-06-04,11:46:35
2025-06-04,11:41:28,YSXT,"""YSX Tech. Co., Ltd Class A Ordinary Shares""",Nasdaq,LULD pause,2025-06-04,11:46:28
2025-06-04,11:36:23,MULN,"""Mullen Automotive, Inc. Common Stock""",Nasdaq,LULD pause,2025-06-04,11:41:23
2025-06-04,11:35:22,WHLR,"""Wheeler Real Estate Investment Trust, Inc""",Nasdaq,LULD pause,2025-06-04,11:45:22
2025-06-04,11:28:59,WHLR,"""Wheeler Real Estate Investment Trust, Inc""",Nasdaq,LULD pause,2025-06-04,11:33:59
2025-06-04,11:25:15,NA,Nano Labs Ltd Class A Ordinary Shares,Nasdaq,LULD pause,2025-06-04,11:30:15
2025-06-04,11:19:34,MULN,"""Mullen Automotive, Inc. Common Stock""",Nasdaq,LULD pause,2025-06-04,11:29:34
2025-06-04,11:18:32,WHLR,"""Wheeler Real Estate Investment Trust, Inc""",Nasdaq,LULD pause,2025-06-04,11:28:33
2025-06-04,11:06:45,AMBI,Ambipar Emergency Response,NYSE American,LULD pause,2025-06-04,11:11:45
2025-06-04,11:01:45,MULN,"""Mullen Automotive, Inc. Common Stock""",Nasdaq,LULD pause,2025-06-04,11:11:45
2025-06-04,10:55:51,MULN,"""Mullen Automotive, Inc. Common Stock""",Nasdaq,LULD pause,2025-06-04,11:00:51
2025-06-04,10:51:38,TOPS,TOP Ships Inc.,NYSE American,LULD pause,2025-06-04,10:56:38
2025-06-04,10:50:10,MULN,"""Mullen Automotive, Inc. Common Stock""",Nasdaq,LULD pause,2025-06-04,10:55:10
2025-06-04,10:43:34,LNKS,Linkers Industries Limited Class A Ordinary Shares,Nasdaq,LULD pause,2025-06-04,10:48:34
2025-06-04,10:42:34,LIVE,Live Ventures Inc,Nasdaq,LULD pause,2025-06-04,10:47:34
2025-06-04,10:42:03,SXTP,"""60 Degrees Pharmaceuticals, Inc. Common Stock""",Nasdaq,LULD pause,2025-06-04,10:52:03
2025-06-04,10:37:27,MULN,"""Mullen Automotive, Inc. Common Stock""",Nasdaq,LULD pause,2025-06-04,10:47:27
2025-06-04,10:26:59,MULN,"""Mullen Automotive, Inc. Common Stock""",Nasdaq,LULD pause,2025-06-04,10:36:59
2025-06-04,10:20:30,CCIRU,Cohen Circle Acquisition Corp. I Unit,Nasdaq,LULD pause,2025-06-04,10:25:30
2025-06-04,10:19:54,MULN,"""Mullen Automotive, Inc. Common Stock""",Nasdaq,LULD pause,2025-06-04,10:24:54
2025-06-04,10:14:36,MULN,"""Mullen Automotive, Inc. Common Stock""",Nasdaq,LULD pause,2025-06-04,10:19:36
2025-06-04,10:13:29,KIDZ,"""Classover Holdings, Inc. Class B Common Stock""",Nasdaq,LULD pause,2025-06-04,10:18:29
2025-06-04,10:09:29,KPRX,"""Kiora Pharmaceuticals, Inc. Common Stock""",Nasdaq,LULD pause,2025-06-04,10:14:29
2025-06-04,10:08:31,ELON,BattleShares TSLA vs F ETF,NYSE Arca,LULD pause,2025-06-04,10:13:31
2025-06-04,10:04:07,MULN,"""Mullen Automotive, Inc. Common Stock""",Nasdaq,LULD pause,2025-06-04,10:14:07
2025-06-04,10:02:12,KIDZ,"""Classover Holdings, Inc. Class B Common Stock""",Nasdaq,LULD pause,2025-06-04,10:12:12
2025-06-04,09:58:38,MULN,"""Mullen Automotive, Inc. Common Stock""",Nasdaq,LULD pause,2025-06-04,10:03:38
2025-06-04,09:57:08,MCTR,CTRL Group Limited Ordinary Shares,Nasdaq,LULD pause,2025-06-04,10:02:08
2025-06-04,09:54:44,YSXT,"""YSX Tech. Co., Ltd Class A Ordinary Shares""",Nasdaq,LULD pause,2025-06-04,09:59:44
2025-06-04,09:53:39,PTNM,Pitanium Limited Class A Ordinary shares,Nasdaq,LULD pause,2025-06-04,10:03:39
2025-06-04,09:52:24,MLEC,Moolec Science SA Ordinary Shares,Nasdaq,LULD pause,2025-06-04,09:57:24
2025-06-04,09:51:24,MCTR,CTRL Group Limited Ordinary Shares,Nasdaq,LULD pause,2025-06-04,09:56:24
2025-06-04,09:44:57,CYCCP,"""Cyclacel Pharmaceuticals, Inc. 6% Cnvrtbl. Prfrd. Stock""",Nasdaq,LULD pause,2025-06-04,09:54:57
2025-06-04,09:44:10,PTNM,Pitanium Limited Class A Ordinary shares,Nasdaq,LULD pause,2025-06-04,09:49:10
2025-06-04,09:40:12,YSXT,"""YSX Tech. Co., Ltd Class A Ordinary Shares""",Nasdaq,LULD pause,2025-06-04,09:50:12
2025-06-04,09:36:58,MCTR,CTRL Group Limited Ordinary Shares,Nasdaq,LULD pause,2025-06-04,09:46:58
2025-06-04,09:34:59,ZONE,CleanCore Solutions Inc.,NYSE American,LULD pause,2025-06-04,09:39:59
2025-06-04,09:34:19,LOOP,"""Loop Industries, Inc. Common Stock""",Nasdaq,LULD pause,2025-06-04,09:44:19
2025-06-04,09:33:52,PTNM,Pitanium Limited Class A Ordinary shares,Nasdaq,LULD pause,2025-06-04,09:43:52
2025-06-03,15:48:35,MCTR,CTRL Group Limited Ordinary Shares,Nasdaq,LULD pause,2025-06-03,16:00:00
2025-06-03,15:19:51,FOXX,Foxx Development Holdings Inc. Common Stock,Nasdaq,LULD pause,2025-06-03,15:24:51
2025-06-03,15:09:03,MCTR,CTRL Group Limited Ordinary Shares,Nasdaq,LULD pause,2025-06-03,15:14:03
2025-06-03,15:00:51,MLEC,Moolec Science SA Ordinary Shares,Nasdaq,LULD pause,2025-06-03,15:10:52
2025-06-03,14:49:08,FTRK,FAST TRACK GROUP Ordinary shares,Nasdaq,LULD pause,2025-06-03,14:54:08
2025-06-03,14:43:18,MCTR,CTRL Group Limited Ordinary Shares,Nasdaq,LULD pause,2025-06-03,14:48:18
2025-06-03,14:37:45,MCTR,CTRL Group Limited Ordinary Shares,Nasdaq,LULD pause,2025-06-03,14:42:45
2025-06-03,14:32:03,PTLE,PTL LTD Ordinary Shares,Nasdaq,LULD pause,2025-06-03,14:37:03
2025-06-03,14:30:39,FTRK,FAST TRACK GROUP Ordinary shares,Nasdaq,LULD pause,2025-06-03,14:35:39
2025-06-03,14:30:23,PRE,Prenetics Global Limited Class A Ordinary Share,Nasdaq,LULD pause,2025-06-03,14:40:23
2025-06-03,14:24:15,FTRK,FAST TRACK GROUP Ordinary shares,Nasdaq,LULD pause,2025-06-03,14:29:15
2025-06-03,14:21:34,MCTR,CTRL Group Limited Ordinary Shares,Nasdaq,LULD pause,2025-06-03,14:31:34
2025-06-03,14:20:03,PTLE,PTL LTD Ordinary Shares,Nasdaq,LULD pause,2025-06-03,14:25:03
2025-06-03,14:18:46,FTRK,FAST TRACK GROUP Ordinary shares,Nasdaq,LULD pause,2025-06-03,14:23:46
2025-06-03,14:16:13,MCTR,CTRL Group Limited Ordinary Shares,Nasdaq,LULD pause,2025-06-03,14:21:13
2025-06-03,14:13:15,FTRK,FAST TRACK GROUP Ordinary shares,Nasdaq,LULD pause,2025-06-03,14:18:15
2025-06-03,14:09:31,PRE,Prenetics Global Limited Class A Ordinary Share,Nasdaq,LULD pause,2025-06-03,14:29:33
2025-06-03,14:07:34,FTRK,FAST TRACK GROUP Ordinary shares,Nasdaq,LULD pause,2025-06-03,14:12:34
2025-06-03,14:05:24,MCTR,CTRL Group Limited Ordinary Shares,Nasdaq,LULD pause,2025-06-03,14:10:24
2025-06-03,14:00:06,MCTR,CTRL Group Limited Ordinary Shares,Nasdaq,LULD pause,2025-06-03,14:05:06
2025-06-03,13:54:40,MCTR,CTRL Group Limited Ordinary Shares,Nasdaq,LULD pause,2025-06-03,13:59:40
2025-06-03,13:02:07,FTRK,FAST TRACK GROUP Ordinary shares,Nasdaq,LULD pause,2025-06-03,13:07:07
2025-06-03,12:52:23,MCTR,CTRL Group Limited Ordinary Shares,Nasdaq,LULD pause,2025-06-03,12:57:23
2025-06-03,12:35:20,MCTR,CTRL Group Limited Ordinary Shares,Nasdaq,LULD pause,2025-06-03,12:40:20
2025-06-03,11:50:28,HOLO,MicroCloud Hologram Inc. Ordinary Shares,Nasdaq,LULD pause,2025-06-03,12:05:29
2025-06-03,11:00:23,MINM,"""Minim, Inc. Common Stock""",Nasdaq,LULD pause,2025-06-03,11:05:23
2025-06-03,10:51:06,MINM,"""Minim, Inc. Common Stock""",Nasdaq,LULD pause,2025-06-03,10:56:06
2025-06-03,10:45:07,MINM,"""Minim, Inc. Common Stock""",Nasdaq,LULD pause,2025-06-03,10:50:07
2025-06-03,10:40:57,MCTR,CTRL Group Limited Ordinary Shares,Nasdaq,LULD pause,2025-06-03,10:45:57
2025-06-03,10:28:46,MINM,"""Minim, Inc. Common Stock""",Nasdaq,LULD pause,2025-06-03,10:44:28
2025-06-03,10:27:45,MCTR,CTRL Group Limited Ordinary Shares,Nasdaq,LULD pause,2025-06-03,10:37:45
2025-06-03,10:16:15,HCAI,"""Huachen AI Parking Management Technology Holding Co., Ltd. Ordinary Shares""",Nasdaq,LULD pause,2025-06-03,10:21:15
2025-06-03,10:14:53,MINM,"""Minim, Inc. Common Stock""",Nasdaq,LULD pause,2025-06-03,10:19:53
2025-06-03,10:08:33,MCTR,CTRL Group Limited Ordinary Shares,Nasdaq,LULD pause,2025-06-03,10:18:33
2025-06-03,10:01:43,SUUN,SolarBank Corporation Common Stock,Nasdaq,LULD pause,2025-06-03,10:06:43
2025-06-03,09:56:11,LIMN,"""Liminatus Pharma, Inc. Class A Common Stock""",Nasdaq,LULD pause,2025-06-03,10:01:11
2025-06-03,09:51:44,SUUN,SolarBank Corporation Common Stock,Nasdaq,LULD pause,2025-06-03,09:56:44
2025-06-03,09:51:08,RITR,Reitar Logtech Holdings Limited Ordinary shares,Nasdaq,LULD pause,2025-06-03,09:56:08
2025-06-03,09:45:49,BIO B,"""Bio-Rad Laboratories, Inc. Class B""",NYSE,LULD pause,2025-06-03,09:50:49
2025-06-03,09:45:25,OGEN,Oragenics Inc.,NYSE American,LULD pause,2025-06-03,09:50:25
2025-06-03,09:40:52,YSXT,"""YSX Tech. Co., Ltd Class A Ordinary Shares""",Nasdaq,LULD pause,2025-06-03,09:45:52
2025-06-03,09:40:27,RITR,Reitar Logtech Holdings Limited Ordinary shares,Nasdaq,LULD pause,2025-06-03,09:50:27
2025-06-03,09:39:45,OGEN,Oragenics Inc.,NYSE American,LULD pause,2025-06-03,09:44:45
2025-06-03,09:39:33,MCTR,CTRL Group Limited Ordinary Shares,Nasdaq,LULD pause,2025-06-03,09:44:33
2025-06-03,09:37:38,BGM,BGM Group Ltd. Class A Ordinary Shares,Nasdaq,LULD pause,2025-06-03,09:42:38
2025-06-03,09:34:14,HCAI,"""Huachen AI Parking Management Technology Holding Co., Ltd. Ordinary Shares""",Nasdaq,LULD pause,2025-06-03,09:39:14
2025-06-03,09:33:16,OGEN,Oragenics Inc.,NYSE American,LULD pause,2025-06-03,09:38:16
2025-06-03,09:31:59,MCTR,CTRL Group Limited Ordinary Shares,Nasdaq,LULD pause,2025-06-03,09:36:59
2025-06-03,09:31:31,AGMH,AGM Group Holdings Inc. Class A Ordinary Shares,Nasdaq,LULD pause,2025-06-03,09:50:40
2025-06-03,06:55:00,AGEN,Agenus Inc.,Nasdaq,News pending,2025-06-03,07:30:00
2025-06-02,19:50:50,OGEN,Oragenics Inc.,NYSE American,Corporate Action,2025-06-03,09:00:00
2025-06-02,19:50:50,OGEN,Oragenics Inc.,NYSE American,Corporate Action,,
2025-06-02,19:50:00,QQQP,Investment Managers Series Trust II Tradr 2X Long Innovation 100 Quarterly ETF,Nasdaq,News pending,,
2025-06-02,19:50:00,QQQP,Investment Managers Series Trust II Tradr 2X Long Innovation 100 Quarterly ETF,Nasdaq,News pending,2025-06-03,09:00:00
2025-06-02,19:50:00,SPYQ,Tradr 2X Long SPY Quarterly ETF,Nasdaq,News pending,2025-06-03,09:00:00
2025-06-02,19:50:00,SPYQ,Tradr 2X Long SPY Quarterly ETF,Nasdaq,News pending,,
2025-06-02,19:50:00,AGMH,AGM Group Holdings Inc. Class A Ordinary Shares,Nasdaq,News pending,2025-06-03,09:00:00
2025-06-02,19:50:00,AGMH,AGM Group Holdings Inc. Class A Ordinary Shares,Nasdaq,News pending,,
2025-06-02,19:50:00,MQQQ,Investment Managers Series Trust II Tradr 2X Long Innovation 100 Monthly ETF,Nasdaq,News pending,,
2025-06-02,19:50:00,MQQQ,Investment Managers Series Trust II Tradr 2X Long Innovation 100 Monthly ETF,Nasdaq,News pending,2025-06-03,09:00:00
2025-06-02,15:53:55,BIO B,"""Bio-Rad Laboratories, Inc. Class B""",NYSE,LULD pause,,
2025-06-02,13:40:28,BMGL,Basel Medical Group Ltd Ordinary Shares,Nasdaq,LULD pause,2025-06-02,13:45:28
2025-06-02,13:33:18,MINM,"""Minim, Inc. Common Stock""",Nasdaq,LULD pause,2025-06-02,13:38:18
2025-06-02,12:59:43,RVYL,Ryvyl Inc. Common Stock,Nasdaq,LULD pause,2025-06-02,13:04:43
2025-06-02,12:47:59,RVYL,Ryvyl Inc. Common Stock,Nasdaq,LULD pause,2025-06-02,12:52:59
2025-06-02,12:40:25,RVYL,Ryvyl Inc. Common Stock,Nasdaq,LULD pause,2025-06-02,12:45:25
2025-06-02,12:29:47,RVYL,Ryvyl Inc. Common Stock,Nasdaq,LULD pause,2025-06-02,12:39:47
2025-06-02,12:24:22,RVYL,Ryvyl Inc. Common Stock,Nasdaq,LULD pause,2025-06-02,12:29:22
2025-06-02,12:18:45,RVYL,Ryvyl Inc. Common Stock,Nasdaq,LULD pause,2025-06-02,12:23:45
2025-06-02,12:18:41,BMGL,Basel Medical Group Ltd Ordinary Shares,Nasdaq,LULD pause,2025-06-02,12:23:41
2025-06-02,12:05:28,BMGL,Basel Medical Group Ltd Ordinary Shares,Nasdaq,LULD pause,2025-06-02,12:15:28
2025-06-02,12:04:07,RVYL,Ryvyl Inc. Common Stock,Nasdaq,LULD pause,2025-06-02,12:09:07
2025-06-02,12:02:47,MINM,"""Minim, Inc. Common Stock""",Nasdaq,LULD pause,2025-06-02,12:07:47
2025-06-02,11:57:44,BMGL,Basel Medical Group Ltd Ordinary Shares,Nasdaq,LULD pause,2025-06-02,12:02:44
2025-06-02,11:55:09,RVYL,Ryvyl Inc. Common Stock,Nasdaq,LULD pause,2025-06-02,12:00:09
2025-06-02,11:49:29,RVYL,Ryvyl Inc. Common Stock,Nasdaq,LULD pause,2025-06-02,11:54:29
2025-06-02,11:46:24,BMGL,Basel Medical Group Ltd Ordinary Shares,Nasdaq,LULD pause,2025-06-02,11:56:25
2025-06-02,11:40:41,RVYL,Ryvyl Inc. Common Stock,Nasdaq,LULD pause,2025-06-02,11:45:41
2025-06-02,11:35:59,BMGL,Basel Medical Group Ltd Ordinary Shares,Nasdaq,LULD pause,2025-06-02,11:45:59
2025-06-02,11:35:17,RVYL,Ryvyl Inc. Common Stock,Nasdaq,LULD pause,2025-06-02,11:40:17
2025-06-02,11:32:04,ANL,Adlai Nortye Ltd. American Depositary Shares,Nasdaq,LULD pause,2025-06-02,11:37:04
2025-06-02,11:29:38,WETO,Webus International Limited Ordinary Shares,Nasdaq,LULD pause,2025-06-02,11:34:38
2025-06-02,11:27:50,RVYL,Ryvyl Inc. Common Stock,Nasdaq,LULD pause,2025-06-02,11:32:50
2025-06-02,11:25:26,BMGL,Basel Medical Group Ltd Ordinary Shares,Nasdaq,LULD pause,2025-06-02,11:35:26
2025-06-02,11:14:48,BMGL,Basel Medical Group Ltd Ordinary Shares,Nasdaq,LULD pause,2025-06-02,11:24:49
2025-06-02,11:08:30,BMGL,Basel Medical Group Ltd Ordinary Shares,Nasdaq,LULD pause,2025-06-02,11:13:30
2025-06-02,11:04:02,MULN,"""Mullen Automotive, Inc. Common Stock""",Nasdaq,LULD pause,2025-06-02,11:09:02
2025-06-02,11:02:11,BMGL,Basel Medical Group Ltd Ordinary Shares,Nasdaq,LULD pause,2025-06-02,11:07:11
2025-06-02,10:58:59,RVYL,Ryvyl Inc. Common Stock,Nasdaq,LULD pause,2025-06-02,11:03:59
2025-06-02,10:45:12,RVYL,Ryvyl Inc. Common Stock,Nasdaq,LULD pause,2025-06-02,10:50:12
2025-06-02,10:23:07,RVYL,Ryvyl Inc. Common Stock,Nasdaq,LULD pause,2025-06-02,10:28:07
2025-06-02,10:06:54,CCIRU,Cohen Circle Acquisition Corp. I Unit,Nasdaq,LULD pause,2025-06-02,10:11:54
2025-06-02,09:51:58,IMCC,IM Cannabis Corp. Common Shares,Nasdaq,LULD pause,2025-06-02,09:56:58
2025-06-02,09:51:28,RITR,Reitar Logtech Holdings Limited Ordinary shares,Nasdaq,LULD pause,2025-06-02,09:56:28
2025-06-02,09:50:10,LYRA,"""Lyra Therapeutics, Inc. Common Stock""",Nasdaq,LULD pause,2025-06-02,09:55:10
2025-06-02,09:49:53,CLBR U,"""Colombier Acquisition Corp. II Units, each consisting of one Class A ordinary share and one-third of one redeemable warrant""",NYSE,LULD pause,2025-06-02,09:55:00
2025-06-02,09:39:53,LYRA,"""Lyra Therapeutics, Inc. Common Stock""",Nasdaq,LULD pause,2025-06-02,09:44:53
2025-06-02,09:39:24,IMCC,IM Cannabis Corp. Common Shares,Nasdaq,LULD pause,2025-06-02,09:49:24
2025-06-02,09:35:31,IQST,IQSTEL INC. Common Stock,Nasdaq,LULD pause,2025-06-02,09:40:31
2025-06-02,09:33:43,IMCC,IM Cannabis Corp. Common Shares,Nasdaq,LULD pause,2025-06-02,09:38:43
2025-06-02,09:33:10,LYEL,"""Lyell Immunopharma, Inc. Common Stock""",Nasdaq,LULD pause,2025-06-02,09:43:10
2025-06-02,09:32:14,MSGM,Motorsport Games Inc. Class A Common Stock,Nasdaq,LULD pause,2025-06-02,09:37:14
2025-06-02,09:32:09,MINM,"""Minim, Inc. Common Stock""",Nasdaq,LULD pause,2025-06-02,09:37:09
2025-06-02,09:31:05,SUPX,Super X AI Technology Limited Ordinary Shares,Nasdaq,LULD pause,2025-06-02,09:36:05
2025-06-02,09:30:44,RITR,Reitar Logtech Holdings Limited Ordinary shares,Nasdaq,LULD pause,2025-06-02,09:35:44
2025-06-02,07:55:00,IRD,"""Opus Genetics, Inc. Common Stock""",Nasdaq,News pending,2025-06-02,08:30:00
2025-06-02,06:55:00,KYMR,"""Kymera Therapeutics, Inc. Common Stock""",Nasdaq,News pending,2025-06-02,07:30:00
