Halt Date,Halt Time,Symbol,Name,Exchange,Reason,Resume Date,NYSE Resume Time
2024-12-31,19:50:58,KLIP,KraneShares China Internet and Covered Call Strategy ETF,NYSE Arca,Corporate Action,2025-01-02,09:00:00
2024-12-31,19:50:58,KLIP,KraneShares China Internet and Covered Call Strategy ETF,NYSE Arca,Corporate Action,,
2024-12-31,19:50:42,ATCH,"""AtlasClear Holdings, Inc.""",NYSE American,Corporate Action,2025-01-02,09:05:00
2024-12-31,19:50:42,ATCH,"""AtlasClear Holdings, Inc.""",NYSE American,Corporate Action,,
2024-12-31,19:50:00,ELBM,Electra Battery Materials Corporation Common Stock,Nasdaq,News pending,2025-01-02,09:00:00
2024-12-31,19:50:00,ELBM,Electra Battery Materials Corporation Common Stock,Nasdaq,News pending,,
2024-12-31,19:50:00,MNTX,"""Manitex International, Inc.""",Nasdaq,News pending,,
2024-12-31,19:50:00,CISS,C3is Inc. Common Stock,Nasdaq,News pending,,
2024-12-31,19:50:00,CISS,C3is Inc. Common Stock,Nasdaq,News pending,2025-01-02,09:00:00
2024-12-31,15:52:20,COEP,Coeptis Therapeutics Holdings Inc. Common Stock,Nasdaq,LULD pause,2024-12-31,16:00:00
2024-12-31,15:32:24,IZTC,Invizyne Technologies Inc. Common Stock,Nasdaq,LULD pause,2024-12-31,15:37:24
2024-12-31,14:50:44,SRL,Scully Royalty Ltd. Common Shares,NYSE,LULD pause,2024-12-31,14:56:00
2024-12-31,14:30:03,COEP,Coeptis Therapeutics Holdings Inc. Common Stock,Nasdaq,LULD pause,2024-12-31,14:40:03
2024-12-31,14:22:48,COEP,Coeptis Therapeutics Holdings Inc. Common Stock,Nasdaq,LULD pause,2024-12-31,14:27:48
2024-12-31,14:17:09,COEP,Coeptis Therapeutics Holdings Inc. Common Stock,Nasdaq,LULD pause,2024-12-31,14:22:09
2024-12-31,14:10:51,AMBO,Ambow Education Holding Ltd. American Depository Shares (each representing twenty (20) Class A Ordinary Shares),NYSE American,LULD pause,2024-12-31,14:30:43
2024-12-31,14:03:45,COEP,Coeptis Therapeutics Holdings Inc. Common Stock,Nasdaq,LULD pause,2024-12-31,14:13:46
2024-12-31,13:58:16,COEP,Coeptis Therapeutics Holdings Inc. Common Stock,Nasdaq,LULD pause,2024-12-31,14:03:16
2024-12-31,13:54:31,CLRO,"""ClearOne, Inc. (DE) Common Stock""",Nasdaq,LULD pause,2024-12-31,13:59:31
2024-12-31,13:52:13,COEP,Coeptis Therapeutics Holdings Inc. Common Stock,Nasdaq,LULD pause,2024-12-31,13:57:13
2024-12-31,13:45:24,COEP,Coeptis Therapeutics Holdings Inc. Common Stock,Nasdaq,LULD pause,2024-12-31,13:50:24
2024-12-31,13:44:51,HE,"""Hawaiian Electric Industries, Inc.""",NYSE,News pending,2024-12-31,14:07:52
2024-12-31,13:40:55,SISI,"""Shineco, Inc. Common Stock""",Nasdaq,LULD pause,2024-12-31,13:50:55
2024-12-31,13:39:12,COEP,Coeptis Therapeutics Holdings Inc. Common Stock,Nasdaq,LULD pause,2024-12-31,13:44:12
2024-12-31,13:32:11,COEP,Coeptis Therapeutics Holdings Inc. Common Stock,Nasdaq,LULD pause,2024-12-31,13:37:11
2024-12-31,13:30:23,SISI,"""Shineco, Inc. Common Stock""",Nasdaq,LULD pause,2024-12-31,13:40:23
2024-12-31,13:26:16,COEP,Coeptis Therapeutics Holdings Inc. Common Stock,Nasdaq,LULD pause,2024-12-31,13:31:16
2024-12-31,13:24:15,SISI,"""Shineco, Inc. Common Stock""",Nasdaq,LULD pause,2024-12-31,13:29:15
2024-12-31,13:15:07,SISI,"""Shineco, Inc. Common Stock""",Nasdaq,LULD pause,2024-12-31,13:20:07
2024-12-31,13:14:40,COEP,Coeptis Therapeutics Holdings Inc. Common Stock,Nasdaq,LULD pause,2024-12-31,13:24:40
2024-12-31,13:08:54,SISI,"""Shineco, Inc. Common Stock""",Nasdaq,LULD pause,2024-12-31,13:13:54
2024-12-31,12:41:53,HCTI,"""Healthcare Triangle, Inc. Common Stock""",Nasdaq,LULD pause,2024-12-31,12:46:53
2024-12-31,12:35:12,HCTI,"""Healthcare Triangle, Inc. Common Stock""",Nasdaq,LULD pause,2024-12-31,12:40:12
2024-12-31,12:13:20,YSXT,"""YSX Tech. Co., Ltd Class A Ordinary Shares""",Nasdaq,LULD pause,2024-12-31,12:18:20
2024-12-31,12:03:26,HOLO,MicroCloud Hologram Inc. Ordinary Shares,Nasdaq,LULD pause,2024-12-31,12:08:26
2024-12-31,11:58:26,LSE,"""Leishen Energy Holding Co., Ltd. Ordinary Shares""",Nasdaq,LULD pause,2024-12-31,12:03:26
2024-12-31,11:58:12,NCI,Neo-Concept International Group Holdings Limited Ordinary Shares,Nasdaq,LULD pause,2024-12-31,12:03:12
2024-12-31,11:57:13,YSXT,"""YSX Tech. Co., Ltd Class A Ordinary Shares""",Nasdaq,LULD pause,2024-12-31,12:02:13
2024-12-31,11:53:23,HOLO,MicroCloud Hologram Inc. Ordinary Shares,Nasdaq,LULD pause,2024-12-31,11:58:23
2024-12-31,11:52:31,NCI,Neo-Concept International Group Holdings Limited Ordinary Shares,Nasdaq,LULD pause,2024-12-31,11:57:31
2024-12-31,11:51:42,YSXT,"""YSX Tech. Co., Ltd Class A Ordinary Shares""",Nasdaq,LULD pause,2024-12-31,11:56:42
2024-12-31,11:49:44,ONCO,"""Onconetix, Inc. Common Stock""",Nasdaq,LULD pause,2024-12-31,11:54:44
2024-12-31,11:46:27,NCI,Neo-Concept International Group Holdings Limited Ordinary Shares,Nasdaq,LULD pause,2024-12-31,11:51:27
2024-12-31,11:44:06,BDMD,Baird Medical Investment Holdings Ltd Ordinary Share,Nasdaq,LULD pause,2024-12-31,11:49:06
2024-12-31,11:42:12,ONCO,"""Onconetix, Inc. Common Stock""",Nasdaq,LULD pause,2024-12-31,11:47:12
2024-12-31,11:41:12,YSXT,"""YSX Tech. Co., Ltd Class A Ordinary Shares""",Nasdaq,LULD pause,2024-12-31,11:51:12
2024-12-31,11:40:04,NCI,Neo-Concept International Group Holdings Limited Ordinary Shares,Nasdaq,LULD pause,2024-12-31,11:45:04
2024-12-31,11:38:55,HOLO,MicroCloud Hologram Inc. Ordinary Shares,Nasdaq,LULD pause,2024-12-31,11:51:36
2024-12-31,11:36:32,ONCO,"""Onconetix, Inc. Common Stock""",Nasdaq,LULD pause,2024-12-31,11:41:32
2024-12-31,11:33:37,NCI,Neo-Concept International Group Holdings Limited Ordinary Shares,Nasdaq,LULD pause,2024-12-31,11:38:37
2024-12-31,11:33:12,HOLO,MicroCloud Hologram Inc. Ordinary Shares,Nasdaq,LULD pause,2024-12-31,11:38:12
2024-12-31,11:31:48,MARX,Mars Acquisition Corp. Ordinary Shares,Nasdaq,LULD pause,2024-12-31,11:41:57
2024-12-31,11:30:17,MLGO,"""MicroAlgo, Inc. Ordinary Shares""",Nasdaq,LULD pause,2024-12-31,11:35:17
2024-12-31,11:23:14,NCI,Neo-Concept International Group Holdings Limited Ordinary Shares,Nasdaq,LULD pause,2024-12-31,11:33:14
2024-12-31,11:21:29,HOLO,MicroCloud Hologram Inc. Ordinary Shares,Nasdaq,LULD pause,2024-12-31,11:32:44
2024-12-31,11:17:45,CLRO,"""ClearOne, Inc. (DE) Common Stock""",Nasdaq,LULD pause,2024-12-31,11:22:45
2024-12-31,11:14:25,ONCO,"""Onconetix, Inc. Common Stock""",Nasdaq,LULD pause,2024-12-31,11:19:25
2024-12-31,11:14:01,FLYE,"""Fly-E Group, Inc. Common Stock""",Nasdaq,LULD pause,2024-12-31,11:19:01
2024-12-31,11:00:52,FLYE,"""Fly-E Group, Inc. Common Stock""",Nasdaq,LULD pause,2024-12-31,11:05:52
2024-12-31,10:54:21,BDMD,Baird Medical Investment Holdings Ltd Ordinary Share,Nasdaq,LULD pause,2024-12-31,10:59:21
2024-12-31,10:52:35,AMOD,"""Alpha Modus Holdings, Inc. Class A Common Stock""",Nasdaq,LULD pause,2024-12-31,10:57:35
2024-12-31,10:51:47,ONCO,"""Onconetix, Inc. Common Stock""",Nasdaq,LULD pause,2024-12-31,10:56:47
2024-12-31,10:43:46,BREA,Brera Holdings PLC Class B Ordinary Shares,Nasdaq,LULD pause,2024-12-31,10:48:46
2024-12-31,10:38:12,BDMD,Baird Medical Investment Holdings Ltd Ordinary Share,Nasdaq,LULD pause,2024-12-31,10:43:12
2024-12-31,10:31:53,BREA,Brera Holdings PLC Class B Ordinary Shares,Nasdaq,LULD pause,2024-12-31,10:36:53
2024-12-31,10:27:56,ONCO,"""Onconetix, Inc. Common Stock""",Nasdaq,LULD pause,2024-12-31,10:32:56
2024-12-31,10:26:17,BREA,Brera Holdings PLC Class B Ordinary Shares,Nasdaq,LULD pause,2024-12-31,10:31:17
2024-12-31,10:21:59,ABTS,Abits Group Inc Ordinary Shares,Nasdaq,LULD pause,2024-12-31,10:26:59
2024-12-31,10:20:53,PERF,Perfect Corp.,NYSE,LULD pause,2024-12-31,10:25:57
2024-12-31,10:20:27,BREA,Brera Holdings PLC Class B Ordinary Shares,Nasdaq,LULD pause,2024-12-31,10:25:27
2024-12-31,10:19:41,ONCO,"""Onconetix, Inc. Common Stock""",Nasdaq,LULD pause,2024-12-31,10:24:41
2024-12-31,10:19:04,OPTN,"""OptiNose, Inc. Common Stock""",Nasdaq,LULD pause,2024-12-31,10:24:04
2024-12-31,10:15:18,ITP,"""IT Tech Packaging, Inc.""",NYSE American,LULD pause,2024-12-31,10:20:18
2024-12-31,10:13:59,FLYE,"""Fly-E Group, Inc. Common Stock""",Nasdaq,LULD pause,2024-12-31,10:18:59
2024-12-31,10:07:56,ONCO,"""Onconetix, Inc. Common Stock""",Nasdaq,LULD pause,2024-12-31,10:12:56
2024-12-31,10:06:52,BDMD,Baird Medical Investment Holdings Ltd Ordinary Share,Nasdaq,LULD pause,2024-12-31,10:16:52
2024-12-31,10:06:45,RADX,Radiopharm Theranostics Limited American Depositary Shares,Nasdaq,LULD pause,2024-12-31,10:11:45
2024-12-31,10:06:44,FLYE,"""Fly-E Group, Inc. Common Stock""",Nasdaq,LULD pause,2024-12-31,10:11:44
2024-12-31,10:02:57,KXIN,Kaixin Holdings Ordinary Shares,Nasdaq,LULD pause,2024-12-31,10:12:57
2024-12-31,10:00:29,NEHC,New Era Helium Inc Common Stock,Nasdaq,LULD pause,2024-12-31,10:05:29
2024-12-31,09:57:29,MLGO,"""MicroAlgo, Inc. Ordinary Shares""",Nasdaq,LULD pause,2024-12-31,10:02:29
2024-12-31,09:55:23,ONCO,"""Onconetix, Inc. Common Stock""",Nasdaq,LULD pause,2024-12-31,10:00:23
2024-12-31,09:49:37,ABTS,Abits Group Inc Ordinary Shares,Nasdaq,LULD pause,2024-12-31,09:54:37
2024-12-31,09:49:22,SIDU,"""Sidus Space, Inc. Class A Common Stock""",Nasdaq,LULD pause,2024-12-31,09:54:22
2024-12-31,09:49:02,MI,NFT Limited,NYSE American,LULD pause,2024-12-31,09:54:02
2024-12-31,09:45:53,KPLT,"""Katapult Holdings, Inc. Common Stock""",Nasdaq,LULD pause,2024-12-31,09:50:53
2024-12-31,09:45:49,ONCO,"""Onconetix, Inc. Common Stock""",Nasdaq,LULD pause,2024-12-31,09:50:49
2024-12-31,09:44:58,BDMD,Baird Medical Investment Holdings Ltd Ordinary Share,Nasdaq,LULD pause,2024-12-31,09:55:46
2024-12-31,09:42:15,KZIA,Kazia Therapeutics Limited American Depositary Shares,Nasdaq,LULD pause,2024-12-31,09:47:15
2024-12-31,09:37:40,ARTW,Arts-Way Manufacturing Co Inc,Nasdaq,LULD pause,2024-12-31,09:42:40
2024-12-31,09:35:37,ABTS,Abits Group Inc Ordinary Shares,Nasdaq,LULD pause,2024-12-31,09:45:37
2024-12-31,09:34:53,ICG,Intchains Group Limited American Depositary Shares,Nasdaq,LULD pause,2024-12-31,09:39:53
2024-12-31,09:34:21,BDMD,Baird Medical Investment Holdings Ltd Ordinary Share,Nasdaq,LULD pause,2024-12-31,09:44:21
2024-12-31,09:34:11,ONCO,"""Onconetix, Inc. Common Stock""",Nasdaq,LULD pause,2024-12-31,09:39:11
2024-12-31,09:34:03,MLGO,"""MicroAlgo, Inc. Ordinary Shares""",Nasdaq,LULD pause,2024-12-31,09:39:03
2024-12-31,09:32:19,ITP,"""IT Tech Packaging, Inc.""",NYSE American,LULD pause,2024-12-31,09:37:19
2024-12-31,09:31:24,WSO B,"""Watsco, Inc. Class B""",NYSE,LULD pause,2024-12-31,09:36:24
2024-12-31,09:30:39,ARTW,Arts-Way Manufacturing Co Inc,Nasdaq,LULD pause,2024-12-31,09:35:39
2024-12-31,09:30:15,AMBO,Ambow Education Holding Ltd. American Depository Shares (each representing twenty (20) Class A Ordinary Shares),NYSE American,LULD pause,2024-12-31,09:35:15
2024-12-30,19:50:00,COEPW,"""Coeptis Therapeutics Holdings, Inc. Warrants""",Nasdaq,News pending,,
2024-12-30,19:50:00,COEPW,"""Coeptis Therapeutics Holdings, Inc. Warrants""",Nasdaq,News pending,2024-12-31,09:05:00
2024-12-30,19:50:00,COEP,Coeptis Therapeutics Holdings Inc. Common Stock,Nasdaq,News pending,,
2024-12-30,19:50:00,COEP,Coeptis Therapeutics Holdings Inc. Common Stock,Nasdaq,News pending,2024-12-31,09:00:00
2024-12-30,19:50:00,OST,"""Ostin Technology Group Co., Ltd. Class A Ordinary Shares""",Nasdaq,News pending,2024-12-31,09:00:00
2024-12-30,19:50:00,OST,"""Ostin Technology Group Co., Ltd. Class A Ordinary Shares""",Nasdaq,News pending,,
2024-12-30,19:50:00,OPTN,"""OptiNose, Inc. Common Stock""",Nasdaq,News pending,2024-12-31,09:00:00
2024-12-30,19:50:00,OPTN,"""OptiNose, Inc. Common Stock""",Nasdaq,News pending,,
2024-12-30,19:50:00,CARA,"""Cara Therapeutics, Inc.""",Nasdaq,News pending,2024-12-31,09:00:00
2024-12-30,19:50:00,CARA,"""Cara Therapeutics, Inc.""",Nasdaq,News pending,,
2024-12-30,16:37:51,DNMR,"""Danimer Scientific, Inc.""",NYSE,News Released,,
2024-12-30,16:25:00,AFBI,"""Affinity Bancshares, Inc. Common Stock (MD)""",Nasdaq,News pending,2024-12-30,17:01:00
2024-12-30,16:05:06,DNMR,"""Danimer Scientific, Inc.""",NYSE,News pending,See Subsequent Halt,See Subsequent Halt
2024-12-30,15:51:59,WATT,Energous Corporation,Nasdaq,LULD pause,2024-12-30,16:00:00
2024-12-30,15:50:02,MARX,Mars Acquisition Corp. Ordinary Shares,Nasdaq,LULD pause,2024-12-30,16:00:00
2024-12-30,15:42:16,ICG,Intchains Group Limited American Depositary Shares,Nasdaq,LULD pause,2024-12-30,16:00:00
2024-12-30,15:39:01,MARX,Mars Acquisition Corp. Ordinary Shares,Nasdaq,LULD pause,2024-12-30,15:49:02
2024-12-30,15:36:45,ICG,Intchains Group Limited American Depositary Shares,Nasdaq,LULD pause,2024-12-30,15:41:45
2024-12-30,15:33:43,AMBO,Ambow Education Holding Ltd. American Depository Shares (each representing twenty (20) Class A Ordinary Shares),NYSE American,LULD pause,2024-12-30,15:43:43
2024-12-30,15:31:55,WATT,Energous Corporation,Nasdaq,LULD pause,2024-12-30,15:36:55
2024-12-30,15:31:28,ICG,Intchains Group Limited American Depositary Shares,Nasdaq,LULD pause,2024-12-30,15:36:28
2024-12-30,15:27:37,MARX,Mars Acquisition Corp. Ordinary Shares,Nasdaq,LULD pause,2024-12-30,15:37:37
2024-12-30,15:24:19,ICG,Intchains Group Limited American Depositary Shares,Nasdaq,LULD pause,2024-12-30,15:29:19
2024-12-30,15:20:58,MARX,Mars Acquisition Corp. Ordinary Shares,Nasdaq,LULD pause,2024-12-30,15:25:58
2024-12-30,15:16:18,ICG,Intchains Group Limited American Depositary Shares,Nasdaq,LULD pause,2024-12-30,15:21:18
2024-12-30,15:12:15,GDHG,Golden Heaven Group Holdings Ltd. Class A Ordinary Shares,Nasdaq,LULD pause,2024-12-30,15:17:15
2024-12-30,15:10:23,ICG,Intchains Group Limited American Depositary Shares,Nasdaq,LULD pause,2024-12-30,15:15:23
2024-12-30,15:06:14,WATT,Energous Corporation,Nasdaq,LULD pause,2024-12-30,15:11:14
2024-12-30,15:04:49,ICG,Intchains Group Limited American Depositary Shares,Nasdaq,LULD pause,2024-12-30,15:09:49
2024-12-30,14:59:06,ICG,Intchains Group Limited American Depositary Shares,Nasdaq,LULD pause,2024-12-30,15:04:06
2024-12-30,14:58:32,TNMG,TNL Mediagene Ordinary Shares,Nasdaq,LULD pause,2024-12-30,15:08:33
2024-12-30,14:53:26,ICG,Intchains Group Limited American Depositary Shares,Nasdaq,LULD pause,2024-12-30,14:58:26
2024-12-30,14:47:07,ICG,Intchains Group Limited American Depositary Shares,Nasdaq,LULD pause,2024-12-30,14:52:07
2024-12-30,14:45:29,YSXT,"""YSX Tech. Co., Ltd Class A Ordinary Shares""",Nasdaq,LULD pause,2024-12-30,14:50:29
2024-12-30,14:44:52,TNMG,TNL Mediagene Ordinary Shares,Nasdaq,LULD pause,2024-12-30,14:54:52
2024-12-30,14:37:14,ICG,Intchains Group Limited American Depositary Shares,Nasdaq,LULD pause,2024-12-30,14:42:14
2024-12-30,14:18:04,LVRO,Lavoro Limited Class A Ordinary Shares,Nasdaq,LULD pause,2024-12-30,14:28:04
2024-12-30,14:15:19,CYN,Cyngn Inc. Common Stock,Nasdaq,LULD pause,2024-12-30,14:20:19
2024-12-30,14:09:44,MI,NFT Limited,NYSE American,LULD pause,2024-12-30,14:19:44
2024-12-30,14:03:37,LSH,Lakeside Holding Limited Common Stock,Nasdaq,LULD pause,2024-12-30,14:13:37
2024-12-30,13:51:45,RADX,Radiopharm Theranostics Limited American Depositary Shares,Nasdaq,LULD pause,2024-12-30,13:56:45
2024-12-30,13:34:19,SPCB,"""SuperCom, Ltd""",Nasdaq,LULD pause,2024-12-30,13:39:19
2024-12-30,13:23:40,MARXU,Mars Acquisition Corp. Unit,Nasdaq,LULD pause,2024-12-30,13:33:40
2024-12-30,13:15:57,BLBX,Blackboxstocks Inc. Common Stock,Nasdaq,LULD pause,2024-12-30,13:20:57
2024-12-30,13:11:56,CLEU,China Liberal Education Holdings Limited Ordinary Shares,Nasdaq,LULD pause,2024-12-30,13:21:57
2024-12-30,13:05:59,AERT,"""Aeries Technology, Inc. Class A Ordinary Share""",Nasdaq,LULD pause,2024-12-30,13:10:59
2024-12-30,13:03:43,NXU,"""Nxu, Inc. Class A Common Stock""",Nasdaq,LULD pause,2024-12-30,13:08:43
2024-12-30,12:50:34,JDZG,JIADE LIMITED Common stock,Nasdaq,LULD pause,2024-12-30,12:55:34
2024-12-30,12:48:59,NXU,"""Nxu, Inc. Class A Common Stock""",Nasdaq,LULD pause,2024-12-30,12:53:59
2024-12-30,12:40:58,LATG,Chenghe Acquisition I Co. Class A Ordinary Shares,Nasdaq,LULD pause,2024-12-30,12:50:58
2024-12-30,12:33:29,JDZG,JIADE LIMITED Common stock,Nasdaq,LULD pause,2024-12-30,12:38:29
2024-12-30,12:31:46,NXU,"""Nxu, Inc. Class A Common Stock""",Nasdaq,LULD pause,2024-12-30,12:41:46
2024-12-30,12:27:33,JDZG,JIADE LIMITED Common stock,Nasdaq,LULD pause,2024-12-30,12:32:33
2024-12-30,12:26:22,NXU,"""Nxu, Inc. Class A Common Stock""",Nasdaq,LULD pause,2024-12-30,12:31:22
2024-12-30,12:18:25,JDZG,JIADE LIMITED Common stock,Nasdaq,LULD pause,2024-12-30,12:23:25
2024-12-30,12:12:42,POLA,"""Polar Power, Inc. Common Stock""",Nasdaq,LULD pause,2024-12-30,12:22:43
2024-12-30,12:09:38,WATT,Energous Corporation,Nasdaq,LULD pause,2024-12-30,12:14:38
2024-12-30,12:05:32,JDZG,JIADE LIMITED Common stock,Nasdaq,LULD pause,2024-12-30,12:10:32
2024-12-30,11:42:51,MARXU,Mars Acquisition Corp. Unit,Nasdaq,LULD pause,2024-12-30,11:52:52
2024-12-30,11:27:54,MARX,Mars Acquisition Corp. Ordinary Shares,Nasdaq,LULD pause,2024-12-30,11:32:54
2024-12-30,11:26:42,CYN,Cyngn Inc. Common Stock,Nasdaq,LULD pause,2024-12-30,11:31:42
2024-12-30,11:16:38,CYN,Cyngn Inc. Common Stock,Nasdaq,LULD pause,2024-12-30,11:21:38
2024-12-30,11:05:24,CYN,Cyngn Inc. Common Stock,Nasdaq,LULD pause,2024-12-30,11:10:24
2024-12-30,11:02:26,GNTA,Genenta Science S.p.A. American Depositary Shares,Nasdaq,LULD pause,2024-12-30,11:12:26
2024-12-30,10:51:48,GNTA,Genenta Science S.p.A. American Depositary Shares,Nasdaq,LULD pause,2024-12-30,11:01:48
2024-12-30,10:38:09,WATT,Energous Corporation,Nasdaq,LULD pause,2024-12-30,10:43:09
2024-12-30,10:37:16,NXU,"""Nxu, Inc. Class A Common Stock""",Nasdaq,LULD pause,2024-12-30,10:42:16
2024-12-30,10:35:52,STEC,Santech Holdings Limited American Depositary Shares,Nasdaq,LULD pause,2024-12-30,10:40:52
2024-12-30,10:27:59,STEC,Santech Holdings Limited American Depositary Shares,Nasdaq,LULD pause,2024-12-30,10:32:59
2024-12-30,10:27:41,WATT,Energous Corporation,Nasdaq,LULD pause,2024-12-30,10:32:41
2024-12-30,10:23:54,SEAT,Vivid Seats Inc. Class A Common Stock,Nasdaq,LULD pause,2024-12-30,10:28:54
2024-12-30,10:23:53,VHC,VirnetX Holding Corporation,NYSE,LULD pause,2024-12-30,10:28:56
2024-12-30,10:20:08,STEC,Santech Holdings Limited American Depositary Shares,Nasdaq,LULD pause,2024-12-30,10:25:08
2024-12-30,10:18:57,MI,NFT Limited,NYSE American,LULD pause,2024-12-30,10:23:57
2024-12-30,10:15:12,SOTK,Sono-Tek Corporation Common Stock,Nasdaq,LULD pause,2024-12-30,10:25:12
2024-12-30,10:08:37,WATT,Energous Corporation,Nasdaq,LULD pause,2024-12-30,10:13:37
2024-12-30,10:03:04,WATT,Energous Corporation,Nasdaq,LULD pause,2024-12-30,10:08:04
2024-12-30,10:01:22,FLYE,"""Fly-E Group, Inc. Common Stock""",Nasdaq,LULD pause,2024-12-30,10:06:22
2024-12-30,09:59:26,SOTK,Sono-Tek Corporation Common Stock,Nasdaq,LULD pause,2024-12-30,10:09:26
2024-12-30,09:56:59,PDYN,Palladyne AI Corp. Common Stock,Nasdaq,LULD pause,2024-12-30,10:01:59
2024-12-30,09:55:43,AHG,Akso Health Group ADS,Nasdaq,LULD pause,2024-12-30,10:00:43
2024-12-30,09:54:46,AENT,Alliance Entertainment Holding Corporation Class A Common Stock,Nasdaq,LULD pause,2024-12-30,09:59:46
2024-12-30,09:50:39,BAOS,Baosheng Media Group Holdings Limited Ordinary shares,Nasdaq,LULD pause,2024-12-30,09:55:39
2024-12-30,09:49:57,AHG,Akso Health Group ADS,Nasdaq,LULD pause,2024-12-30,09:54:57
2024-12-30,09:49:21,CLEU,China Liberal Education Holdings Limited Ordinary Shares,Nasdaq,LULD pause,2024-12-30,09:54:21
2024-12-30,09:44:27,SOTK,Sono-Tek Corporation Common Stock,Nasdaq,LULD pause,2024-12-30,09:54:28
2024-12-30,09:44:22,XYLO,Xylo Technologies Ltd. American Depositary Shares,Nasdaq,LULD pause,2024-12-30,09:49:22
2024-12-30,09:44:10,BAOS,Baosheng Media Group Holdings Limited Ordinary shares,Nasdaq,LULD pause,2024-12-30,09:49:10
2024-12-30,09:42:51,WATT,Energous Corporation,Nasdaq,LULD pause,2024-12-30,09:47:51
2024-12-30,09:42:31,PDYN,Palladyne AI Corp. Common Stock,Nasdaq,LULD pause,2024-12-30,09:52:31
2024-12-30,09:41:40,INTZ,Intrusion Inc New,Nasdaq,LULD pause,2024-12-30,09:46:40
2024-12-30,09:40:45,SISI,"""Shineco, Inc. Common Stock""",Nasdaq,LULD pause,2024-12-30,09:45:45
2024-12-30,09:38:11,FFIE,Faraday Future Intelligent Electric Inc. Common Stock,Nasdaq,LULD pause,2024-12-30,09:43:11
2024-12-30,09:37:16,WATT,Energous Corporation,Nasdaq,LULD pause,2024-12-30,09:42:16
2024-12-30,09:34:16,WSO B,"""Watsco, Inc. Class B""",NYSE,LULD pause,2024-12-30,09:39:54
2024-12-30,09:33:26,VNCE,VINCE HOLDING CORP.,NYSE,LULD pause,2024-12-30,09:38:37
2024-12-30,09:31:29,PTLE,PTL LTD Ordinary Shares,Nasdaq,LULD pause,2024-12-30,09:36:29
2024-12-30,08:50:00,VCSA,"""Vacasa, Inc. Class A Common Stock""",Nasdaq,News pending,2024-12-30,09:50:00
2024-12-30,06:56:28,MHLA,"""Maiden Holdings, Ltd.""",NYSE,News pending,2024-12-30,07:40:33
2024-12-30,06:56:28,MHNC,"""MAIDEN HOLDINGS NORTH AMERICA, LTD""",NYSE,News pending,2024-12-30,07:40:33
2024-12-30,06:55:00,MHLD,Maiden Hldgs Ltd,Nasdaq,News pending,2024-12-30,07:30:00
2024-12-30,06:55:00,MRNS,"""Marinus Pharmaceuticals, Inc""",Nasdaq,News pending,2024-12-30,07:30:00
2024-12-27,19:50:00,JNVR,Janover Inc. Common Stock,Nasdaq,News pending,2024-12-30,09:01:00
2024-12-27,19:50:00,JNVR,Janover Inc. Common Stock,Nasdaq,News pending,,
2024-12-27,16:01:00,VINC,"""Vincerx Pharma, Inc. Common Stock""",Nasdaq,News pending,2024-12-27,16:30:00
2024-12-27,14:46:04,INTZ,Intrusion Inc New,Nasdaq,LULD pause,2024-12-27,14:51:04
2024-12-27,13:21:19,ICG,Intchains Group Limited American Depositary Shares,Nasdaq,LULD pause,2024-12-27,13:26:19
2024-12-27,12:57:36,PPBT,Purple Biotech Ltd. American Depositary Shares,Nasdaq,LULD pause,2024-12-27,13:02:36
2024-12-27,12:46:01,INTZ,Intrusion Inc New,Nasdaq,LULD pause,2024-12-27,12:51:01
2024-12-27,12:36:07,PPBT,Purple Biotech Ltd. American Depositary Shares,Nasdaq,LULD pause,2024-12-27,12:46:07
2024-12-27,12:35:04,INTZ,Intrusion Inc New,Nasdaq,LULD pause,2024-12-27,12:40:04
2024-12-27,12:20:30,ALBT,Avalon GloboCare Corp. Common Stock,Nasdaq,LULD pause,2024-12-27,12:30:31
2024-12-27,12:04:31,GTI,Graphjet Technology Class A Ordinary Shares,Nasdaq,LULD pause,2024-12-27,12:09:31
2024-12-27,12:03:10,ALBT,Avalon GloboCare Corp. Common Stock,Nasdaq,LULD pause,2024-12-27,12:13:11
2024-12-27,11:48:00,SYTA,"""Siyata Mobile, Inc.""",Nasdaq,LULD pause,2024-12-27,11:58:00
2024-12-27,11:36:42,NEUP,Neuphoria Therapeutics Inc. Common Stock,Nasdaq,LULD pause,2024-12-27,11:41:42
2024-12-27,11:36:07,SYTA,"""Siyata Mobile, Inc.""",Nasdaq,LULD pause,2024-12-27,11:41:07
2024-12-27,11:35:29,EXOD,"""Exodus Movement, Inc.""",NYSE American,LULD pause,2024-12-27,11:40:29
2024-12-27,11:25:53,NEUP,Neuphoria Therapeutics Inc. Common Stock,Nasdaq,LULD pause,2024-12-27,11:30:53
2024-12-27,11:22:57,SYTA,"""Siyata Mobile, Inc.""",Nasdaq,LULD pause,2024-12-27,11:32:57
2024-12-27,11:19:54,NEUP,Neuphoria Therapeutics Inc. Common Stock,Nasdaq,LULD pause,2024-12-27,11:24:54
2024-12-27,11:14:24,NEUP,Neuphoria Therapeutics Inc. Common Stock,Nasdaq,LULD pause,2024-12-27,11:19:24
2024-12-27,11:08:55,NEUP,Neuphoria Therapeutics Inc. Common Stock,Nasdaq,LULD pause,2024-12-27,11:13:55
2024-12-27,11:01:20,ABP,"""Abpro Holdings, Inc Common Stock""",Nasdaq,LULD pause,2024-12-27,11:06:20
2024-12-27,10:53:17,ABP,"""Abpro Holdings, Inc Common Stock""",Nasdaq,LULD pause,2024-12-27,10:58:17
2024-12-27,10:50:25,INTZ,Intrusion Inc New,Nasdaq,LULD pause,2024-12-27,10:55:25
2024-12-27,10:34:41,INTZ,Intrusion Inc New,Nasdaq,LULD pause,2024-12-27,10:39:41
2024-12-27,10:28:49,INTZ,Intrusion Inc New,Nasdaq,LULD pause,2024-12-27,10:33:49
2024-12-27,10:23:07,INTZ,Intrusion Inc New,Nasdaq,LULD pause,2024-12-27,10:28:07
2024-12-27,10:22:07,OPTX,"""Syntec Optics Holdings, Inc. Class A Common Stock""",Nasdaq,LULD pause,2024-12-27,10:27:07
2024-12-27,10:20:04,ARQQ,Arqit Quantum Inc. Ordinary Shares,Nasdaq,LULD pause,2024-12-27,10:25:04
2024-12-27,10:17:52,ABP,"""Abpro Holdings, Inc Common Stock""",Nasdaq,LULD pause,2024-12-27,10:27:52
2024-12-27,10:16:58,HTLM,HomesToLife Ltd Ordinary Shares,Nasdaq,LULD pause,2024-12-27,10:21:58
2024-12-27,10:14:52,OPTX,"""Syntec Optics Holdings, Inc. Class A Common Stock""",Nasdaq,LULD pause,2024-12-27,10:19:52
2024-12-27,10:13:46,INTZ,Intrusion Inc New,Nasdaq,LULD pause,2024-12-27,10:18:46
2024-12-27,10:12:01,LAES,SEALSQ Corp Ordinary Shares,Nasdaq,LULD pause,2024-12-27,10:17:01
2024-12-27,10:10:07,BAOS,Baosheng Media Group Holdings Limited Ordinary shares,Nasdaq,LULD pause,2024-12-27,10:15:07
2024-12-27,10:06:34,ABP,"""Abpro Holdings, Inc Common Stock""",Nasdaq,LULD pause,2024-12-27,10:16:34
2024-12-27,10:06:02,PDYN,Palladyne AI Corp. Common Stock,Nasdaq,LULD pause,2024-12-27,10:11:02
2024-12-27,10:03:16,TRAW,"""Traws Pharma, Inc. Common Stock""",Nasdaq,LULD pause,2024-12-27,10:08:16
2024-12-27,10:02:20,LAES,SEALSQ Corp Ordinary Shares,Nasdaq,LULD pause,2024-12-27,10:07:20
2024-12-27,10:01:52,VRAR,"""The Glimpse Group, Inc. Common Stock""",Nasdaq,LULD pause,2024-12-27,10:06:52
2024-12-27,09:56:31,INTZ,Intrusion Inc New,Nasdaq,LULD pause,2024-12-27,10:01:31
2024-12-27,09:49:55,BAOS,Baosheng Media Group Holdings Limited Ordinary shares,Nasdaq,LULD pause,2024-12-27,09:59:55
2024-12-27,09:45:24,INTZ,Intrusion Inc New,Nasdaq,LULD pause,2024-12-27,09:50:24
2024-12-27,09:45:24,MYSZ,"""My Size, Inc""",Nasdaq,LULD pause,2024-12-27,09:50:24
2024-12-27,09:45:10,AMBO,Ambow Education Holding Ltd. American Depository Shares (each representing twenty (20) Class A Ordinary Shares),NYSE American,LULD pause,2024-12-27,09:50:10
2024-12-27,09:44:25,BAOS,Baosheng Media Group Holdings Limited Ordinary shares,Nasdaq,LULD pause,2024-12-27,09:49:25
2024-12-27,09:40:20,PDYN,Palladyne AI Corp. Common Stock,Nasdaq,LULD pause,2024-12-27,09:45:20
2024-12-27,09:38:57,AILE,"""iLearningEngines, Inc. Common Stock""",Nasdaq,LULD pause,2024-12-27,09:43:57
2024-12-27,09:38:05,INTZ,Intrusion Inc New,Nasdaq,LULD pause,2024-12-27,09:43:05
2024-12-27,09:37:36,OPTX,"""Syntec Optics Holdings, Inc. Class A Common Stock""",Nasdaq,LULD pause,2024-12-27,09:42:36
2024-12-27,09:37:09,AMBO,Ambow Education Holding Ltd. American Depository Shares (each representing twenty (20) Class A Ordinary Shares),NYSE American,LULD pause,2024-12-27,09:42:09
2024-12-27,09:35:18,MYSZ,"""My Size, Inc""",Nasdaq,LULD pause,2024-12-27,09:40:18
2024-12-27,09:31:40,AMBO,Ambow Education Holding Ltd. American Depository Shares (each representing twenty (20) Class A Ordinary Shares),NYSE American,LULD pause,2024-12-27,09:36:40
2024-12-27,09:31:35,BAOS,Baosheng Media Group Holdings Limited Ordinary shares,Nasdaq,LULD pause,2024-12-27,09:41:35
2024-12-27,09:31:02,INTZ,Intrusion Inc New,Nasdaq,LULD pause,2024-12-27,09:36:02
2024-12-27,09:30:42,OPTX,"""Syntec Optics Holdings, Inc. Class A Common Stock""",Nasdaq,LULD pause,2024-12-27,09:35:42
2024-12-27,08:25:00,PRFX,PainReform Ltd. Ordinary Shares,Nasdaq,News pending,2024-12-27,09:00:00
2024-12-26,19:50:00,SYTAW,"""Siyata Mobile, Inc. Warrant""",Nasdaq,News pending,2024-12-27,09:05:00
2024-12-26,19:50:00,SYTAW,"""Siyata Mobile, Inc. Warrant""",Nasdaq,News pending,,
2024-12-26,19:50:00,HYBI,NEOS Enhanced Income Credit Select ETF,Nasdaq,News pending,,
2024-12-26,19:50:00,CNSL,"""Consolidated Communications Holdings, Inc.""",Nasdaq,News pending,,
2024-12-26,19:50:00,HYBI,NEOS Enhanced Income Credit Select ETF,Nasdaq,News pending,2024-12-27,09:00:00
2024-12-26,19:50:00,SYTA,"""Siyata Mobile, Inc.""",Nasdaq,News pending,2024-12-27,09:00:00
2024-12-26,19:50:00,SYTA,"""Siyata Mobile, Inc.""",Nasdaq,News pending,,
2024-12-26,15:21:47,LNKS,Linkers Industries Limited Class A Ordinary Shares,Nasdaq,LULD pause,2024-12-26,15:26:47
2024-12-26,15:19:15,AMBI,Ambipar Emergency Response,NYSE American,LULD pause,2024-12-26,15:24:15
2024-12-26,15:05:40,EXOD,"""Exodus Movement, Inc.""",NYSE American,LULD pause,2024-12-26,15:10:40
2024-12-26,15:00:58,STG,"""Sunlands Technology Group, American Depositary Shares,  American Depositary Shares, every two (2) ADSs representing one (1) Class A Ordinary Share""",NYSE,LULD pause,2024-12-26,15:06:03
2024-12-26,14:36:18,LNKS,Linkers Industries Limited Class A Ordinary Shares,Nasdaq,LULD pause,2024-12-26,14:52:38
2024-12-26,14:25:42,LNKS,Linkers Industries Limited Class A Ordinary Shares,Nasdaq,LULD pause,2024-12-26,14:35:45
2024-12-26,14:09:57,HOVR,New Horizon Aircraft Ltd. Class A Ordinary Share,Nasdaq,LULD pause,2024-12-26,14:14:57
2024-12-26,14:03:32,LNKS,Linkers Industries Limited Class A Ordinary Shares,Nasdaq,LULD pause,2024-12-26,14:08:32
2024-12-26,13:59:08,HOVR,New Horizon Aircraft Ltd. Class A Ordinary Share,Nasdaq,LULD pause,2024-12-26,14:04:08
2024-12-26,13:57:21,LNKS,Linkers Industries Limited Class A Ordinary Shares,Nasdaq,LULD pause,2024-12-26,14:02:21
2024-12-26,13:50:53,SSY,"""SunLink Health Systems, Inc""",NYSE American,LULD pause,2024-12-26,14:00:53
2024-12-26,13:42:11,CTM,"""Castellum, Inc.""",NYSE American,LULD pause,2024-12-26,13:47:11
2024-12-26,13:39:05,LNKS,Linkers Industries Limited Class A Ordinary Shares,Nasdaq,LULD pause,2024-12-26,13:49:06
2024-12-26,13:33:40,LNKS,Linkers Industries Limited Class A Ordinary Shares,Nasdaq,LULD pause,2024-12-26,13:38:40
2024-12-26,13:32:03,ZSPC,"""zSpace, Inc. Common stock""",Nasdaq,LULD pause,2024-12-26,13:37:03
2024-12-26,13:23:04,LNKS,Linkers Industries Limited Class A Ordinary Shares,Nasdaq,LULD pause,2024-12-26,13:33:04
2024-12-26,13:17:38,LNKS,Linkers Industries Limited Class A Ordinary Shares,Nasdaq,LULD pause,2024-12-26,13:22:38
2024-12-26,13:15:42,SSY,"""SunLink Health Systems, Inc""",NYSE American,LULD pause,2024-12-26,13:25:42
2024-12-26,13:11:04,LNKS,Linkers Industries Limited Class A Ordinary Shares,Nasdaq,LULD pause,2024-12-26,13:16:04
2024-12-26,13:09:25,RAY,Raytech Holding Limited Ordinary Shares,Nasdaq,LULD pause,2024-12-26,13:14:25
2024-12-26,13:08:32,AMOD,"""Alpha Modus Holdings, Inc. Class A Common Stock""",Nasdaq,LULD pause,2024-12-26,13:13:32
2024-12-26,13:03:18,RAY,Raytech Holding Limited Ordinary Shares,Nasdaq,LULD pause,2024-12-26,13:08:18
2024-12-26,13:02:19,SUGP,SU Group Holdings Limited Ordinary Shares,Nasdaq,LULD pause,2024-12-26,13:07:19
2024-12-26,12:57:45,RAY,Raytech Holding Limited Ordinary Shares,Nasdaq,LULD pause,2024-12-26,13:02:45
2024-12-26,12:56:13,AMOD,"""Alpha Modus Holdings, Inc. Class A Common Stock""",Nasdaq,LULD pause,2024-12-26,13:06:15
2024-12-26,12:50:52,SUGP,SU Group Holdings Limited Ordinary Shares,Nasdaq,LULD pause,2024-12-26,13:00:52
2024-12-26,12:50:43,LNKS,Linkers Industries Limited Class A Ordinary Shares,Nasdaq,LULD pause,2024-12-26,13:10:44
2024-12-26,12:49:49,ATLN,Atlantic International Corp. Common Stock,Nasdaq,LULD pause,2024-12-26,12:54:49
2024-12-26,12:45:42,AMOD,"""Alpha Modus Holdings, Inc. Class A Common Stock""",Nasdaq,LULD pause,2024-12-26,12:55:42
2024-12-26,12:40:04,SUGP,SU Group Holdings Limited Ordinary Shares,Nasdaq,LULD pause,2024-12-26,12:45:04
2024-12-26,12:38:18,AMOD,"""Alpha Modus Holdings, Inc. Class A Common Stock""",Nasdaq,LULD pause,2024-12-26,12:43:18
2024-12-26,12:29:34,LNKS,Linkers Industries Limited Class A Ordinary Shares,Nasdaq,LULD pause,2024-12-26,12:49:55
2024-12-26,12:23:11,BCG,"""Binah Capital Group, Inc. Common Stock""",Nasdaq,LULD pause,2024-12-26,12:33:11
2024-12-26,12:19:06,LNKS,Linkers Industries Limited Class A Ordinary Shares,Nasdaq,LULD pause,2024-12-26,12:29:06
2024-12-26,12:12:14,LNKS,Linkers Industries Limited Class A Ordinary Shares,Nasdaq,LULD pause,2024-12-26,12:17:14
2024-12-26,12:10:57,SUGP,SU Group Holdings Limited Ordinary Shares,Nasdaq,LULD pause,2024-12-26,12:20:57
2024-12-26,12:10:06,SKK,SKK Holdings Limited Common Stock,Nasdaq,LULD pause,2024-12-26,12:15:06
2024-12-26,12:06:02,LNKS,Linkers Industries Limited Class A Ordinary Shares,Nasdaq,LULD pause,2024-12-26,12:11:02
2024-12-26,12:03:05,AIRE,reAlpha Tech Corp. Common Stock,Nasdaq,LULD pause,2024-12-26,12:08:05
2024-12-26,12:02:47,SKK,SKK Holdings Limited Common Stock,Nasdaq,LULD pause,2024-12-26,12:07:47
2024-12-26,11:57:44,RADX,Radiopharm Theranostics Limited American Depositary Shares,Nasdaq,LULD pause,2024-12-26,12:07:45
2024-12-26,11:54:01,LNKS,Linkers Industries Limited Class A Ordinary Shares,Nasdaq,LULD pause,2024-12-26,12:04:01
2024-12-26,11:52:10,SKK,SKK Holdings Limited Common Stock,Nasdaq,LULD pause,2024-12-26,12:02:11
2024-12-26,11:50:51,RADX,Radiopharm Theranostics Limited American Depositary Shares,Nasdaq,LULD pause,2024-12-26,11:55:51
2024-12-26,11:46:53,SKK,SKK Holdings Limited Common Stock,Nasdaq,LULD pause,2024-12-26,11:51:53
2024-12-26,11:43:23,EXOD,"""Exodus Movement, Inc.""",NYSE American,LULD pause,2024-12-26,11:53:23
2024-12-26,11:40:53,SKK,SKK Holdings Limited Common Stock,Nasdaq,LULD pause,2024-12-26,11:45:53
2024-12-26,11:37:36,NEHC,New Era Helium Inc Common Stock,Nasdaq,LULD pause,2024-12-26,11:42:36
2024-12-26,11:36:02,RADX,Radiopharm Theranostics Limited American Depositary Shares,Nasdaq,LULD pause,2024-12-26,11:46:02
2024-12-26,11:29:49,SKK,SKK Holdings Limited Common Stock,Nasdaq,LULD pause,2024-12-26,11:34:49
2024-12-26,11:24:13,SKK,SKK Holdings Limited Common Stock,Nasdaq,LULD pause,2024-12-26,11:29:13
2024-12-26,11:22:28,RADX,Radiopharm Theranostics Limited American Depositary Shares,Nasdaq,LULD pause,2024-12-26,11:27:28
2024-12-26,11:18:22,SKK,SKK Holdings Limited Common Stock,Nasdaq,LULD pause,2024-12-26,11:23:22
2024-12-26,11:08:31,RADX,Radiopharm Theranostics Limited American Depositary Shares,Nasdaq,LULD pause,2024-12-26,11:18:31
2024-12-26,11:07:43,EXOD,"""Exodus Movement, Inc.""",NYSE American,LULD pause,2024-12-26,11:22:43
2024-12-26,11:02:55,SKK,SKK Holdings Limited Common Stock,Nasdaq,LULD pause,2024-12-26,11:07:55
2024-12-26,11:00:54,SES,SES AI Corporation,NYSE,LULD pause,2024-12-26,11:06:05
2024-12-26,10:55:43,SKK,SKK Holdings Limited Common Stock,Nasdaq,LULD pause,2024-12-26,11:00:43
2024-12-26,10:49:36,SKK,SKK Holdings Limited Common Stock,Nasdaq,LULD pause,2024-12-26,10:54:36
2024-12-26,10:46:15,YHC,LQR House Inc. Common Stock,Nasdaq,LULD pause,2024-12-26,10:51:15
2024-12-26,10:45:07,SES,SES AI Corporation,NYSE,LULD pause,2024-12-26,10:50:44
2024-12-26,10:43:53,SKK,SKK Holdings Limited Common Stock,Nasdaq,LULD pause,2024-12-26,10:48:53
2024-12-26,10:40:07,YHC,LQR House Inc. Common Stock,Nasdaq,LULD pause,2024-12-26,10:45:07
2024-12-26,10:38:38,SKK,SKK Holdings Limited Common Stock,Nasdaq,LULD pause,2024-12-26,10:43:38
2024-12-26,10:34:21,SES,SES AI Corporation,NYSE,LULD pause,2024-12-26,10:39:25
2024-12-26,10:33:10,SKK,SKK Holdings Limited Common Stock,Nasdaq,LULD pause,2024-12-26,10:38:10
2024-12-26,10:27:36,SKK,SKK Holdings Limited Common Stock,Nasdaq,LULD pause,2024-12-26,10:32:36
2024-12-26,10:22:15,SKK,SKK Holdings Limited Common Stock,Nasdaq,LULD pause,2024-12-26,10:27:15
2024-12-26,10:16:47,SKK,SKK Holdings Limited Common Stock,Nasdaq,LULD pause,2024-12-26,10:21:47
2024-12-26,10:15:30,PSIX,"""Power Solutions International, Inc. Common Stock""",Nasdaq,LULD pause,2024-12-26,10:20:30
2024-12-26,10:11:06,SKK,SKK Holdings Limited Common Stock,Nasdaq,LULD pause,2024-12-26,10:16:06
2024-12-26,10:05:20,SKK,SKK Holdings Limited Common Stock,Nasdaq,LULD pause,2024-12-26,10:10:20
2024-12-26,09:59:46,SKK,SKK Holdings Limited Common Stock,Nasdaq,LULD pause,2024-12-26,10:04:46
2024-12-26,09:55:12,PSIX,"""Power Solutions International, Inc. Common Stock""",Nasdaq,LULD pause,2024-12-26,10:00:12
2024-12-26,09:54:05,SKK,SKK Holdings Limited Common Stock,Nasdaq,LULD pause,2024-12-26,09:59:05
2024-12-26,09:42:39,HOUR,"""Hour Loop, Inc. Common Stock""",Nasdaq,LULD pause,2024-12-26,09:47:39
2024-12-26,09:41:05,LAES,SEALSQ Corp Ordinary Shares,Nasdaq,LULD pause,2024-12-26,09:46:05
2024-12-26,09:40:52,SKK,SKK Holdings Limited Common Stock,Nasdaq,LULD pause,2024-12-26,09:45:52
2024-12-26,09:38:46,TRUG,"""TruGolf Holdings, Inc. Class A Common Stock""",Nasdaq,LULD pause,2024-12-26,09:43:46
2024-12-26,09:36:30,RTC,Baijiayun Group Ltd. Class A Ordinary Shares,Nasdaq,LULD pause,2024-12-26,09:41:30
2024-12-26,09:35:54,SPRC,SciSparc Ltd. Ordinary Shares,Nasdaq,LULD pause,2024-12-26,09:40:54
2024-12-26,09:33:14,MGIH,Millennium Group International Holdings Limited Ordinary Shares,Nasdaq,LULD pause,2024-12-26,09:43:14
2024-12-26,09:32:04,ZSPC,"""zSpace, Inc. Common stock""",Nasdaq,LULD pause,2024-12-26,09:37:04
2024-12-26,09:31:33,LKCO,Luokung Technology Corp Ordinary Shares,Nasdaq,LULD pause,2024-12-26,09:36:33
2024-12-24,12:55:45,NEUP,Neuphoria Therapeutics Inc. Common Stock,Nasdaq,LULD pause,2024-12-24,13:00:00
2024-12-24,12:54:37,EXOD,"""Exodus Movement, Inc.""",NYSE American,LULD pause,2024-12-24,13:00:00
2024-12-24,12:43:46,EXOD,"""Exodus Movement, Inc.""",NYSE American,LULD pause,2024-12-24,12:48:46
2024-12-24,12:35:59,NEUP,Neuphoria Therapeutics Inc. Common Stock,Nasdaq,LULD pause,2024-12-24,12:45:59
2024-12-24,12:30:58,BREA,Brera Holdings PLC Class B Ordinary Shares,Nasdaq,LULD pause,2024-12-24,12:35:58
2024-12-24,12:18:25,BREA,Brera Holdings PLC Class B Ordinary Shares,Nasdaq,LULD pause,2024-12-24,12:28:25
2024-12-24,12:13:38,NEUP,Neuphoria Therapeutics Inc. Common Stock,Nasdaq,LULD pause,2024-12-24,12:23:38
2024-12-24,12:13:18,CLIK,Click Holdings Limited Ordinary Share,Nasdaq,LULD pause,2024-12-24,12:18:18
2024-12-24,12:13:08,BREA,Brera Holdings PLC Class B Ordinary Shares,Nasdaq,LULD pause,2024-12-24,12:18:08
2024-12-24,12:07:45,BREA,Brera Holdings PLC Class B Ordinary Shares,Nasdaq,LULD pause,2024-12-24,12:12:45
2024-12-24,12:06:03,AVGR,"""Avinger, Inc. Common Stock""",Nasdaq,LULD pause,2024-12-24,12:11:03
2024-12-24,12:01:57,BREA,Brera Holdings PLC Class B Ordinary Shares,Nasdaq,LULD pause,2024-12-24,12:06:57
2024-12-24,11:50:33,BREA,Brera Holdings PLC Class B Ordinary Shares,Nasdaq,LULD pause,2024-12-24,12:00:33
2024-12-24,11:49:51,NEUP,Neuphoria Therapeutics Inc. Common Stock,Nasdaq,LULD pause,2024-12-24,11:54:51
2024-12-24,11:44:36,BREA,Brera Holdings PLC Class B Ordinary Shares,Nasdaq,LULD pause,2024-12-24,11:49:36
2024-12-24,11:42:52,NEUP,Neuphoria Therapeutics Inc. Common Stock,Nasdaq,LULD pause,2024-12-24,11:47:52
2024-12-24,11:38:31,BREA,Brera Holdings PLC Class B Ordinary Shares,Nasdaq,LULD pause,2024-12-24,11:43:31
2024-12-24,11:36:32,AVGR,"""Avinger, Inc. Common Stock""",Nasdaq,LULD pause,2024-12-24,11:41:32
2024-12-24,11:36:28,GTI,Graphjet Technology Class A Ordinary Shares,Nasdaq,LULD pause,2024-12-24,11:41:28
2024-12-24,11:35:27,NEUP,Neuphoria Therapeutics Inc. Common Stock,Nasdaq,LULD pause,2024-12-24,11:40:27
2024-12-24,11:33:56,NVNI,Nvni Group Limited Ordinary Shares,Nasdaq,LULD pause,2024-12-24,11:38:56
2024-12-24,11:33:06,BREA,Brera Holdings PLC Class B Ordinary Shares,Nasdaq,LULD pause,2024-12-24,11:38:06
2024-12-24,11:30:10,GTI,Graphjet Technology Class A Ordinary Shares,Nasdaq,LULD pause,2024-12-24,11:35:10
2024-12-24,11:29:29,MARXU,Mars Acquisition Corp. Unit,Nasdaq,LULD pause,2024-12-24,11:39:29
2024-12-24,11:22:21,AVGR,"""Avinger, Inc. Common Stock""",Nasdaq,LULD pause,2024-12-24,11:27:21
2024-12-24,11:22:04,NEUP,Neuphoria Therapeutics Inc. Common Stock,Nasdaq,LULD pause,2024-12-24,11:32:14
2024-12-24,11:17:41,HOUR,"""Hour Loop, Inc. Common Stock""",Nasdaq,LULD pause,2024-12-24,11:22:41
2024-12-24,11:11:00,AVGR,"""Avinger, Inc. Common Stock""",Nasdaq,LULD pause,2024-12-24,11:16:00
2024-12-24,11:08:10,LATG,Chenghe Acquisition I Co. Class A Ordinary Shares,Nasdaq,LULD pause,2024-12-24,11:18:10
2024-12-24,11:05:55,NEUP,Neuphoria Therapeutics Inc. Common Stock,Nasdaq,LULD pause,2024-12-24,11:10:55
2024-12-24,11:05:36,AVGR,"""Avinger, Inc. Common Stock""",Nasdaq,LULD pause,2024-12-24,11:10:36
2024-12-24,10:59:29,AVGR,"""Avinger, Inc. Common Stock""",Nasdaq,LULD pause,2024-12-24,11:04:29
2024-12-24,10:52:23,AVGR,"""Avinger, Inc. Common Stock""",Nasdaq,LULD pause,2024-12-24,10:57:23
2024-12-24,10:49:48,SISI,"""Shineco, Inc. Common Stock""",Nasdaq,LULD pause,2024-12-24,10:54:48
2024-12-24,10:47:37,SNTG,Sentage Holdings Inc. Class A Ordinary Shares,Nasdaq,LULD pause,2024-12-24,10:52:37
2024-12-24,10:39:44,NEUP,Neuphoria Therapeutics Inc. Common Stock,Nasdaq,LULD pause,2024-12-24,10:44:44
2024-12-24,10:25:34,CREV,Carbon Revolution Public Limited Ordinary Shares,Nasdaq,LULD pause,2024-12-24,10:30:34
2024-12-24,10:21:37,NEUP,Neuphoria Therapeutics Inc. Common Stock,Nasdaq,LULD pause,2024-12-24,10:26:37
2024-12-24,10:16:06,HOUR,"""Hour Loop, Inc. Common Stock""",Nasdaq,LULD pause,2024-12-24,10:21:06
2024-12-24,10:14:00,NEUP,Neuphoria Therapeutics Inc. Common Stock,Nasdaq,LULD pause,2024-12-24,10:19:00
2024-12-24,10:12:24,MSW,Ming Shing Group Holdings Limited Ordinary Shares,Nasdaq,LULD pause,2024-12-24,10:17:24
2024-12-24,10:12:19,BAOS,Baosheng Media Group Holdings Limited Ordinary shares,Nasdaq,LULD pause,2024-12-24,10:22:20
2024-12-24,10:08:24,NEUP,Neuphoria Therapeutics Inc. Common Stock,Nasdaq,LULD pause,2024-12-24,10:13:24
2024-12-24,10:08:14,DRCT,"""Direct Digital Holdings, Inc. Class A Common Stock""",Nasdaq,LULD pause,2024-12-24,10:13:14
2024-12-24,10:03:53,MPLN,MultiPlan Corporation,NYSE,LULD pause,2024-12-24,10:09:32
2024-12-24,10:02:12,NEUP,Neuphoria Therapeutics Inc. Common Stock,Nasdaq,LULD pause,2024-12-24,10:07:12
2024-12-24,09:55:13,CREV,Carbon Revolution Public Limited Ordinary Shares,Nasdaq,LULD pause,2024-12-24,10:00:13
2024-12-24,09:54:38,BAOS,Baosheng Media Group Holdings Limited Ordinary shares,Nasdaq,LULD pause,2024-12-24,10:04:39
2024-12-24,09:53:42,NCRA,"""Nocera, Inc. Common Stock""",Nasdaq,LULD pause,2024-12-24,09:58:42
2024-12-24,09:51:22,NEUP,Neuphoria Therapeutics Inc. Common Stock,Nasdaq,LULD pause,2024-12-24,10:01:23
2024-12-24,09:49:32,DRCT,"""Direct Digital Holdings, Inc. Class A Common Stock""",Nasdaq,LULD pause,2024-12-24,09:59:32
2024-12-24,09:46:24,PRTG,Portage Biotech Inc. Common Stock,Nasdaq,LULD pause,2024-12-24,09:51:24
2024-12-24,09:44:53,JTAI,Jet.AI Inc. Common Stock,Nasdaq,LULD pause,2024-12-24,09:49:53
2024-12-24,09:41:43,AVGR,"""Avinger, Inc. Common Stock""",Nasdaq,LULD pause,2024-12-24,09:46:43
2024-12-24,09:40:50,NCRA,"""Nocera, Inc. Common Stock""",Nasdaq,LULD pause,2024-12-24,09:50:51
2024-12-24,09:40:45,NTZ,"""Natuzzi, S.p.A""",NYSE,LULD pause,2024-12-24,09:45:45
2024-12-24,09:37:32,VNCE,VINCE HOLDING CORP.,NYSE,LULD pause,2024-12-24,09:42:34
2024-12-24,09:37:02,DRCT,"""Direct Digital Holdings, Inc. Class A Common Stock""",Nasdaq,LULD pause,2024-12-24,09:47:02
2024-12-24,09:35:18,CREV,Carbon Revolution Public Limited Ordinary Shares,Nasdaq,LULD pause,2024-12-24,09:40:18
2024-12-24,09:33:53,PYPD,PolyPid Ltd. Ordinary Shares,Nasdaq,LULD pause,2024-12-24,09:43:54
2024-12-24,09:33:40,JTAI,Jet.AI Inc. Common Stock,Nasdaq,LULD pause,2024-12-24,09:38:40
2024-12-24,09:31:25,SURI,Simplify Propel Opportunities ETF,NYSE Arca,LULD pause,2024-12-24,09:36:25
2024-12-24,09:31:02,AVGR,"""Avinger, Inc. Common Stock""",Nasdaq,LULD pause,2024-12-24,09:36:02
2024-12-24,09:30:23,NEUP,Neuphoria Therapeutics Inc. Common Stock,Nasdaq,LULD pause,2024-12-24,09:50:24
2024-12-24,08:05:32,NAPA,"""The Duckhorn Portfolio, Inc.""",NYSE,Merger Effective,,
2024-12-24,00:23:38,NEUP,Neuphoria Therapeutics Inc. Common Stock,Nasdaq,News pending,2024-12-24,09:00:00
2024-12-23,19:50:00,GOEVW,Canoo Inc. Warrant,Nasdaq,News pending,2024-12-24,09:05:00
2024-12-23,19:50:00,GOEVW,Canoo Inc. Warrant,Nasdaq,News pending,,
2024-12-23,19:50:00,GOEV,Canoo Inc. Class A Common Stock,Nasdaq,News pending,2024-12-24,09:00:00
2024-12-23,19:50:00,GOEV,Canoo Inc. Class A Common Stock,Nasdaq,News pending,,
2024-12-23,19:50:00,CLEU,China Liberal Education Holdings Limited Ordinary Shares,Nasdaq,News pending,,
2024-12-23,19:50:00,CLEU,China Liberal Education Holdings Limited Ordinary Shares,Nasdaq,News pending,2024-12-24,09:00:00
2024-12-23,19:50:00,BNOX,Bionomics Limited American Depository Shares,Nasdaq,News pending,,
2024-12-23,15:51:08,CHEK,Check-Cap Ltd.,Nasdaq,LULD pause,2024-12-23,16:00:00
2024-12-23,15:49:06,SLGL,Sol-Gel Technologies Ltd. Ordinary Shares,Nasdaq,LULD pause,2024-12-23,16:00:00
2024-12-23,15:46:37,DRCT,"""Direct Digital Holdings, Inc. Class A Common Stock""",Nasdaq,LULD pause,2024-12-23,16:00:00
2024-12-23,15:36:21,DRCT,"""Direct Digital Holdings, Inc. Class A Common Stock""",Nasdaq,LULD pause,2024-12-23,15:46:21
2024-12-23,15:34:20,CHEK,Check-Cap Ltd.,Nasdaq,LULD pause,2024-12-23,15:39:20
2024-12-23,15:33:59,SLGL,Sol-Gel Technologies Ltd. Ordinary Shares,Nasdaq,LULD pause,2024-12-23,15:38:59
2024-12-23,15:31:04,FAAS,DigiAsia Corp. Ordinary Shares,Nasdaq,LULD pause,2024-12-23,15:36:04
2024-12-23,15:30:02,DRCT,"""Direct Digital Holdings, Inc. Class A Common Stock""",Nasdaq,LULD pause,2024-12-23,15:35:02
2024-12-23,15:28:23,SLGL,Sol-Gel Technologies Ltd. Ordinary Shares,Nasdaq,LULD pause,2024-12-23,15:33:23
2024-12-23,15:24:29,DRCT,"""Direct Digital Holdings, Inc. Class A Common Stock""",Nasdaq,LULD pause,2024-12-23,15:29:29
2024-12-23,15:22:41,SLGL,Sol-Gel Technologies Ltd. Ordinary Shares,Nasdaq,LULD pause,2024-12-23,15:27:41
2024-12-23,15:22:11,CHEK,Check-Cap Ltd.,Nasdaq,LULD pause,2024-12-23,15:32:11
2024-12-23,15:13:30,SLGL,Sol-Gel Technologies Ltd. Ordinary Shares,Nasdaq,LULD pause,2024-12-23,15:18:30
2024-12-23,15:13:26,DRCT,"""Direct Digital Holdings, Inc. Class A Common Stock""",Nasdaq,LULD pause,2024-12-23,15:23:26
2024-12-23,15:07:59,SLGL,Sol-Gel Technologies Ltd. Ordinary Shares,Nasdaq,LULD pause,2024-12-23,15:12:59
2024-12-23,15:07:34,DRCT,"""Direct Digital Holdings, Inc. Class A Common Stock""",Nasdaq,LULD pause,2024-12-23,15:12:34
2024-12-23,15:01:25,CHEK,Check-Cap Ltd.,Nasdaq,LULD pause,2024-12-23,15:21:26
2024-12-23,15:01:18,DRCT,"""Direct Digital Holdings, Inc. Class A Common Stock""",Nasdaq,LULD pause,2024-12-23,15:06:18
2024-12-23,14:59:52,SLGL,Sol-Gel Technologies Ltd. Ordinary Shares,Nasdaq,LULD pause,2024-12-23,15:04:52
2024-12-23,14:56:07,CHEK,Check-Cap Ltd.,Nasdaq,LULD pause,2024-12-23,15:01:07
2024-12-23,14:50:25,DRCT,"""Direct Digital Holdings, Inc. Class A Common Stock""",Nasdaq,LULD pause,2024-12-23,15:00:25
2024-12-23,14:45:45,CHEK,Check-Cap Ltd.,Nasdaq,LULD pause,2024-12-23,14:55:45
2024-12-23,14:44:48,DRCT,"""Direct Digital Holdings, Inc. Class A Common Stock""",Nasdaq,LULD pause,2024-12-23,14:49:48
2024-12-23,14:38:51,DRCT,"""Direct Digital Holdings, Inc. Class A Common Stock""",Nasdaq,LULD pause,2024-12-23,14:43:51
2024-12-23,14:35:28,CHEK,Check-Cap Ltd.,Nasdaq,LULD pause,2024-12-23,14:45:28
2024-12-23,14:32:59,DRCT,"""Direct Digital Holdings, Inc. Class A Common Stock""",Nasdaq,LULD pause,2024-12-23,14:37:59
2024-12-23,14:30:05,CHEK,Check-Cap Ltd.,Nasdaq,LULD pause,2024-12-23,14:35:05
2024-12-23,14:26:18,AMPS,"""Altus Power, Inc.""",NYSE,LULD pause,2024-12-23,14:31:21
2024-12-23,14:24:49,CHEK,Check-Cap Ltd.,Nasdaq,LULD pause,2024-12-23,14:29:49
2024-12-23,14:22:28,DRCT,"""Direct Digital Holdings, Inc. Class A Common Stock""",Nasdaq,LULD pause,2024-12-23,14:32:28
2024-12-23,14:19:40,LATG,Chenghe Acquisition I Co. Class A Ordinary Shares,Nasdaq,LULD pause,2024-12-23,14:24:40
2024-12-23,14:16:48,HTLM,HomesToLife Ltd Ordinary Shares,Nasdaq,LULD pause,2024-12-23,14:21:48
2024-12-23,14:11:56,DRCT,"""Direct Digital Holdings, Inc. Class A Common Stock""",Nasdaq,LULD pause,2024-12-23,14:21:57
2024-12-23,14:06:33,DRCT,"""Direct Digital Holdings, Inc. Class A Common Stock""",Nasdaq,LULD pause,2024-12-23,14:11:33
2024-12-23,14:01:11,DRCT,"""Direct Digital Holdings, Inc. Class A Common Stock""",Nasdaq,LULD pause,2024-12-23,14:06:11
2024-12-23,13:55:35,DRCT,"""Direct Digital Holdings, Inc. Class A Common Stock""",Nasdaq,LULD pause,2024-12-23,14:00:35
2024-12-23,13:50:18,DRCT,"""Direct Digital Holdings, Inc. Class A Common Stock""",Nasdaq,LULD pause,2024-12-23,13:55:18
2024-12-23,13:39:07,DRCT,"""Direct Digital Holdings, Inc. Class A Common Stock""",Nasdaq,LULD pause,2024-12-23,13:49:07
2024-12-23,13:33:36,DRCT,"""Direct Digital Holdings, Inc. Class A Common Stock""",Nasdaq,LULD pause,2024-12-23,13:38:36
2024-12-23,13:29:45,CHEK,Check-Cap Ltd.,Nasdaq,LULD pause,2024-12-23,13:34:45
2024-12-23,13:27:19,DRCT,"""Direct Digital Holdings, Inc. Class A Common Stock""",Nasdaq,LULD pause,2024-12-23,13:32:19
2024-12-23,13:22:02,DRCT,"""Direct Digital Holdings, Inc. Class A Common Stock""",Nasdaq,LULD pause,2024-12-23,13:27:02
2024-12-23,13:19:27,CHEK,Check-Cap Ltd.,Nasdaq,LULD pause,2024-12-23,13:24:27
2024-12-23,13:18:43,BTOC,Armlogi Holding Corp. common stock,Nasdaq,LULD pause,2024-12-23,13:23:43
2024-12-23,13:16:15,DRCT,"""Direct Digital Holdings, Inc. Class A Common Stock""",Nasdaq,LULD pause,2024-12-23,13:21:15
2024-12-23,13:04:25,DRCT,"""Direct Digital Holdings, Inc. Class A Common Stock""",Nasdaq,LULD pause,2024-12-23,13:14:25
2024-12-23,12:56:57,BTOC,Armlogi Holding Corp. common stock,Nasdaq,LULD pause,2024-12-23,13:16:58
2024-12-23,12:56:35,CHEK,Check-Cap Ltd.,Nasdaq,LULD pause,2024-12-23,13:01:35
2024-12-23,12:53:35,DRCT,"""Direct Digital Holdings, Inc. Class A Common Stock""",Nasdaq,LULD pause,2024-12-23,13:03:35
2024-12-23,12:47:57,DRCT,"""Direct Digital Holdings, Inc. Class A Common Stock""",Nasdaq,LULD pause,2024-12-23,12:52:57
2024-12-23,12:42:30,CHEK,Check-Cap Ltd.,Nasdaq,LULD pause,2024-12-23,12:47:30
2024-12-23,12:42:11,MSW,Ming Shing Group Holdings Limited Ordinary Shares,Nasdaq,LULD pause,2024-12-23,12:47:11
2024-12-23,12:42:06,DRCT,"""Direct Digital Holdings, Inc. Class A Common Stock""",Nasdaq,LULD pause,2024-12-23,12:47:06
2024-12-23,12:36:37,CHEK,Check-Cap Ltd.,Nasdaq,LULD pause,2024-12-23,12:41:37
2024-12-23,12:35:56,DRCT,"""Direct Digital Holdings, Inc. Class A Common Stock""",Nasdaq,LULD pause,2024-12-23,12:40:56
2024-12-23,12:34:30,MSW,Ming Shing Group Holdings Limited Ordinary Shares,Nasdaq,LULD pause,2024-12-23,12:39:30
2024-12-23,12:30:23,DRCT,"""Direct Digital Holdings, Inc. Class A Common Stock""",Nasdaq,LULD pause,2024-12-23,12:35:23
2024-12-23,12:28:17,MSW,Ming Shing Group Holdings Limited Ordinary Shares,Nasdaq,LULD pause,2024-12-23,12:33:17
2024-12-23,12:24:44,DRCT,"""Direct Digital Holdings, Inc. Class A Common Stock""",Nasdaq,LULD pause,2024-12-23,12:29:44
2024-12-23,12:23:51,MITA,Coliseum Acquisition Corp. Class A Ordinary Share,Nasdaq,LULD pause,2024-12-23,12:28:51
2024-12-23,12:17:55,DRCT,"""Direct Digital Holdings, Inc. Class A Common Stock""",Nasdaq,LULD pause,2024-12-23,12:22:55
2024-12-23,12:14:10,NVNI,Nvni Group Limited Ordinary Shares,Nasdaq,LULD pause,2024-12-23,12:19:10
2024-12-23,12:12:40,MARX,Mars Acquisition Corp. Ordinary Shares,Nasdaq,LULD pause,2024-12-23,12:22:40
2024-12-23,12:08:36,NVNI,Nvni Group Limited Ordinary Shares,Nasdaq,LULD pause,2024-12-23,12:13:36
2024-12-23,12:08:14,DRCT,"""Direct Digital Holdings, Inc. Class A Common Stock""",Nasdaq,LULD pause,2024-12-23,12:13:14
2024-12-23,12:02:29,DRCT,"""Direct Digital Holdings, Inc. Class A Common Stock""",Nasdaq,LULD pause,2024-12-23,12:07:29
2024-12-23,12:01:13,NVNI,Nvni Group Limited Ordinary Shares,Nasdaq,LULD pause,2024-12-23,12:06:13
2024-12-23,11:57:11,HUIZ,Huize Holding Limited American Depositary Shares,Nasdaq,LULD pause,2024-12-23,12:02:11
2024-12-23,11:52:58,CREV,Carbon Revolution Public Limited Ordinary Shares,Nasdaq,LULD pause,2024-12-23,11:57:58
2024-12-23,11:48:58,DRCT,"""Direct Digital Holdings, Inc. Class A Common Stock""",Nasdaq,LULD pause,2024-12-23,11:53:58
2024-12-23,11:43:13,CREV,Carbon Revolution Public Limited Ordinary Shares,Nasdaq,LULD pause,2024-12-23,11:48:13
2024-12-23,11:42:17,DRCT,"""Direct Digital Holdings, Inc. Class A Common Stock""",Nasdaq,LULD pause,2024-12-23,11:47:17
2024-12-23,11:36:42,DRCT,"""Direct Digital Holdings, Inc. Class A Common Stock""",Nasdaq,LULD pause,2024-12-23,11:41:42
2024-12-23,11:31:13,DRCT,"""Direct Digital Holdings, Inc. Class A Common Stock""",Nasdaq,LULD pause,2024-12-23,11:36:13
2024-12-23,11:25:55,DRCT,"""Direct Digital Holdings, Inc. Class A Common Stock""",Nasdaq,LULD pause,2024-12-23,11:30:55
2024-12-23,11:25:38,AMOD,"""Alpha Modus Holdings, Inc. Class A Common Stock""",Nasdaq,LULD pause,2024-12-23,11:30:38
2024-12-23,11:21:52,HIT,"""Health In Tech, Inc. Class A Common Stock""",Nasdaq,LULD pause,2024-12-23,11:26:52
2024-12-23,11:20:32,DRCT,"""Direct Digital Holdings, Inc. Class A Common Stock""",Nasdaq,LULD pause,2024-12-23,11:25:32
2024-12-23,11:15:57,HIT,"""Health In Tech, Inc. Class A Common Stock""",Nasdaq,LULD pause,2024-12-23,11:20:57
2024-12-23,11:13:51,DRCT,"""Direct Digital Holdings, Inc. Class A Common Stock""",Nasdaq,LULD pause,2024-12-23,11:18:51
2024-12-23,11:10:37,HIT,"""Health In Tech, Inc. Class A Common Stock""",Nasdaq,LULD pause,2024-12-23,11:15:37
2024-12-23,11:08:15,DRCT,"""Direct Digital Holdings, Inc. Class A Common Stock""",Nasdaq,LULD pause,2024-12-23,11:13:15
2024-12-23,11:03:00,DRCT,"""Direct Digital Holdings, Inc. Class A Common Stock""",Nasdaq,LULD pause,2024-12-23,11:08:00
2024-12-23,10:56:53,DRCT,"""Direct Digital Holdings, Inc. Class A Common Stock""",Nasdaq,LULD pause,2024-12-23,11:01:53
2024-12-23,10:52:29,AQB,"""AquaBounty Technologies, Inc.""",Nasdaq,LULD pause,2024-12-23,10:57:29
2024-12-23,10:46:30,DRCT,"""Direct Digital Holdings, Inc. Class A Common Stock""",Nasdaq,LULD pause,2024-12-23,10:56:30
2024-12-23,10:40:53,DRCT,"""Direct Digital Holdings, Inc. Class A Common Stock""",Nasdaq,LULD pause,2024-12-23,10:45:53
2024-12-23,10:35:21,DRCT,"""Direct Digital Holdings, Inc. Class A Common Stock""",Nasdaq,LULD pause,2024-12-23,10:40:21
2024-12-23,10:31:07,RELI,"""Reliance Global Group, Inc. Common Stock""",Nasdaq,LULD pause,2024-12-23,10:36:07
2024-12-23,10:29:41,DRCT,"""Direct Digital Holdings, Inc. Class A Common Stock""",Nasdaq,LULD pause,2024-12-23,10:34:41
2024-12-23,10:22:15,TRAW,"""Traws Pharma, Inc. Common Stock""",Nasdaq,LULD pause,2024-12-23,10:27:15
2024-12-23,10:19:32,DRCT,"""Direct Digital Holdings, Inc. Class A Common Stock""",Nasdaq,LULD pause,2024-12-23,10:24:32
2024-12-23,10:12:33,IPXXU,Inflection Point Acquisition Corp. II Unit,Nasdaq,LULD pause,2024-12-23,10:17:33
2024-12-23,10:12:28,TRAW,"""Traws Pharma, Inc. Common Stock""",Nasdaq,LULD pause,2024-12-23,10:17:28
2024-12-23,10:11:43,DRCT,"""Direct Digital Holdings, Inc. Class A Common Stock""",Nasdaq,LULD pause,2024-12-23,10:16:43
2024-12-23,10:05:39,DRCT,"""Direct Digital Holdings, Inc. Class A Common Stock""",Nasdaq,LULD pause,2024-12-23,10:10:39
2024-12-23,09:55:44,TRAW,"""Traws Pharma, Inc. Common Stock""",Nasdaq,LULD pause,2024-12-23,10:00:44
2024-12-23,09:54:17,XBIT,XBiotech Inc,Nasdaq,LULD pause,2024-12-23,10:04:17
2024-12-23,09:53:47,MI,NFT Limited,NYSE American,LULD pause,2024-12-23,09:58:47
2024-12-23,09:49:07,AMOD,"""Alpha Modus Holdings, Inc. Class A Common Stock""",Nasdaq,LULD pause,2024-12-23,09:54:07
2024-12-23,09:48:18,TRAW,"""Traws Pharma, Inc. Common Stock""",Nasdaq,LULD pause,2024-12-23,09:53:18
2024-12-23,09:47:47,CHSN,Chanson International Holding Class A Ordinary Shares,Nasdaq,LULD pause,2024-12-23,09:52:47
2024-12-23,09:46:45,MI,NFT Limited,NYSE American,LULD pause,2024-12-23,09:51:45
2024-12-23,09:41:05,NVNI,Nvni Group Limited Ordinary Shares,Nasdaq,LULD pause,2024-12-23,09:51:05
2024-12-23,09:39:36,TRAW,"""Traws Pharma, Inc. Common Stock""",Nasdaq,LULD pause,2024-12-23,09:44:36
2024-12-23,09:36:36,AMST,Amesite Inc.,Nasdaq,LULD pause,2024-12-23,09:41:36
2024-12-23,09:34:35,ZDGE,"""Zedge, Inc.""",NYSE American,LULD pause,2024-12-23,09:39:35
2024-12-23,09:32:22,ICG,Intchains Group Limited American Depositary Shares,Nasdaq,LULD pause,2024-12-23,09:42:22
2024-12-23,09:32:05,CHSN,Chanson International Holding Class A Ordinary Shares,Nasdaq,LULD pause,2024-12-23,09:47:06
2024-12-23,09:30:31,VNCE,VINCE HOLDING CORP.,NYSE,LULD pause,2024-12-23,09:35:35
2024-12-23,09:02:17,AGR,"""Avangrid, Inc.""",NYSE,Merger Effective,,
2024-12-23,08:55:10,XBIT,XBiotech Inc,Nasdaq,News pending,2024-12-23,09:50:00
2024-12-23,08:25:00,OMIC,"""Singular Genomics Systems, Inc. Common Stock""",Nasdaq,News pending,2024-12-23,09:00:00
2024-12-23,08:25:00,IKNA,"""Ikena Oncology, Inc. Common Stock""",Nasdaq,News pending,2024-12-23,09:00:00
2024-12-23,07:56:15,AILEW,"""iLearningEngines, Inc. Warrant""",Nasdaq,News pending,2024-12-23,08:35:00
2024-12-23,07:56:15,AILE,"""iLearningEngines, Inc. Common Stock""",Nasdaq,News pending,2024-12-23,08:30:00
2024-12-20,19:50:00,ICCT,iCoreConnect Inc. Common stock,Nasdaq,News pending,,
2024-12-20,19:50:00,ICCT,iCoreConnect Inc. Common stock,Nasdaq,News pending,2024-12-23,09:00:00
2024-12-20,15:56:25,ICG,Intchains Group Limited American Depositary Shares,Nasdaq,LULD pause,2024-12-20,16:00:00
2024-12-20,15:52:35,ELUT,Elutia Inc. Class A Common Stock,Nasdaq,LULD pause,2024-12-20,16:00:00
2024-12-20,15:50:41,DMAC,DiaMedica Therapeutics Inc. Common Stock,Nasdaq,LULD pause,2024-12-20,16:00:00
2024-12-20,15:50:35,AUID,authID Inc. Common Stock,Nasdaq,LULD pause,2024-12-20,16:00:00
2024-12-20,15:37:16,YSXT,"""YSX Tech. Co., Ltd Class A Ordinary Shares""",Nasdaq,LULD pause,2024-12-20,15:42:16
2024-12-20,15:09:54,ZEO,Zeo Energy Corporation Class A Common Stock,Nasdaq,LULD pause,2024-12-20,15:14:54
2024-12-20,14:38:21,ANNA,"""AleAnna, Inc. Class A Common Stock""",Nasdaq,LULD pause,2024-12-20,14:48:21
2024-12-20,14:32:32,AMOD,"""Alpha Modus Holdings, Inc. Class A Common Stock""",Nasdaq,LULD pause,2024-12-20,14:37:32
2024-12-20,14:26:57,MI,NFT Limited,NYSE American,LULD pause,2024-12-20,14:36:57
2024-12-20,14:20:46,MI,NFT Limited,NYSE American,LULD pause,2024-12-20,14:25:46
2024-12-20,14:03:21,MI,NFT Limited,NYSE American,LULD pause,2024-12-20,14:08:21
2024-12-20,12:07:23,ZENA,"""ZenaTech, Inc. Common Stock""",Nasdaq,LULD pause,2024-12-20,12:17:24
2024-12-20,11:32:13,EHGO,Eshallgo Inc. Class A Ordinary Shares,Nasdaq,LULD pause,2024-12-20,11:42:13
2024-12-20,11:18:08,LXEH,"""Lixiang Education Holding Co., Ltd. American Depositary Shares""",Nasdaq,LULD pause,2024-12-20,11:28:09
2024-12-20,11:01:55,PNBK,Patriot National Bancorp Inc,Nasdaq,LULD pause,2024-12-20,11:12:31
2024-12-20,11:00:19,AMIX,"""Autonomix Medical, Inc. Common Stock""",Nasdaq,LULD pause,2024-12-20,11:05:19
2024-12-20,10:56:49,ABP,"""Abpro Holdings, Inc Common Stock""",Nasdaq,LULD pause,2024-12-20,11:01:49
2024-12-20,10:47:34,YAAS,Youxin Technology Ltd Class A Ordinary shares,Nasdaq,LULD pause,2024-12-20,10:52:34
2024-12-20,10:46:21,MSW,Ming Shing Group Holdings Limited Ordinary Shares,Nasdaq,LULD pause,2024-12-20,10:51:21
2024-12-20,10:45:43,ABP,"""Abpro Holdings, Inc Common Stock""",Nasdaq,LULD pause,2024-12-20,10:50:43
2024-12-20,10:36:49,ABP,"""Abpro Holdings, Inc Common Stock""",Nasdaq,LULD pause,2024-12-20,10:41:49
2024-12-20,10:30:59,ABP,"""Abpro Holdings, Inc Common Stock""",Nasdaq,LULD pause,2024-12-20,10:35:59
2024-12-20,10:20:41,AQMS,"""Aqua Metals, Inc. Common Stock""",Nasdaq,LULD pause,2024-12-20,10:25:41
2024-12-20,10:20:22,AMOD,"""Alpha Modus Holdings, Inc. Class A Common Stock""",Nasdaq,LULD pause,2024-12-20,10:30:22
2024-12-20,10:14:58,AQMS,"""Aqua Metals, Inc. Common Stock""",Nasdaq,LULD pause,2024-12-20,10:19:58
2024-12-20,10:13:23,PRFX,PainReform Ltd. Ordinary Shares,Nasdaq,LULD pause,2024-12-20,10:18:23
2024-12-20,10:10:01,AQB,"""AquaBounty Technologies, Inc.""",Nasdaq,LULD pause,2024-12-20,10:15:01
2024-12-20,10:07:24,LINK,"""Interlink Electronics, Inc. Common Stock""",Nasdaq,LULD pause,2024-12-20,10:12:24
2024-12-20,10:04:40,AQB,"""AquaBounty Technologies, Inc.""",Nasdaq,LULD pause,2024-12-20,10:09:40
2024-12-20,10:04:12,AMOD,"""Alpha Modus Holdings, Inc. Class A Common Stock""",Nasdaq,LULD pause,2024-12-20,10:14:12
2024-12-20,10:03:28,VGAS,"""Verde Clean Fuels, Inc. Class A Common Stock""",Nasdaq,LULD pause,2024-12-20,10:08:28
2024-12-20,10:01:29,MI,NFT Limited,NYSE American,LULD pause,2024-12-20,10:06:29
2024-12-20,10:00:12,PRFX,PainReform Ltd. Ordinary Shares,Nasdaq,LULD pause,2024-12-20,10:05:12
2024-12-20,09:57:36,AMOD,"""Alpha Modus Holdings, Inc. Class A Common Stock""",Nasdaq,LULD pause,2024-12-20,10:02:36
2024-12-20,09:55:40,TAOP,Taoping Inc. BVI Ordinary Shares (0 par),Nasdaq,LULD pause,2024-12-20,10:00:40
2024-12-20,09:50:46,HSDT,"""Helius Medical Technologies, Inc. Class A Common Stock (DE)""",Nasdaq,LULD pause,2024-12-20,09:55:46
2024-12-20,09:49:45,QNTM,Quantum Biopharma Ltd. Class B Subordinate Voting Shares,Nasdaq,LULD pause,2024-12-20,09:54:45
2024-12-20,09:49:33,PRFX,PainReform Ltd. Ordinary Shares,Nasdaq,LULD pause,2024-12-20,09:59:33
2024-12-20,09:49:10,WKEY,WISeKey International Holding AG American Depositary Shares,Nasdaq,LULD pause,2024-12-20,09:54:10
2024-12-20,09:49:09,NTZ,"""Natuzzi, S.p.A""",NYSE,LULD pause,2024-12-20,09:54:11
2024-12-20,09:44:07,HSDT,"""Helius Medical Technologies, Inc. Class A Common Stock (DE)""",Nasdaq,LULD pause,2024-12-20,09:49:07
2024-12-20,09:43:21,NTZ,"""Natuzzi, S.p.A""",NYSE,LULD pause,2024-12-20,09:48:29
2024-12-20,09:42:21,AMOD,"""Alpha Modus Holdings, Inc. Class A Common Stock""",Nasdaq,LULD pause,2024-12-20,09:56:49
2024-12-20,09:38:43,HSDT,"""Helius Medical Technologies, Inc. Class A Common Stock (DE)""",Nasdaq,LULD pause,2024-12-20,09:43:43
2024-12-20,09:38:21,LYT,Lytus Technologies Holdings PTV. Ltd. Common Shares,Nasdaq,LULD pause,2024-12-20,09:43:21
2024-12-20,09:37:25,WKEY,WISeKey International Holding AG American Depositary Shares,Nasdaq,LULD pause,2024-12-20,09:42:25
2024-12-20,09:37:10,MYSZ,"""My Size, Inc""",Nasdaq,LULD pause,2024-12-20,09:42:10
2024-12-20,09:37:07,PRFX,PainReform Ltd. Ordinary Shares,Nasdaq,LULD pause,2024-12-20,09:47:07
2024-12-20,09:35:31,NTZ,"""Natuzzi, S.p.A""",NYSE,LULD pause,2024-12-20,09:40:56
2024-12-20,09:34:11,NVNI,Nvni Group Limited Ordinary Shares,Nasdaq,LULD pause,2024-12-20,09:39:11
2024-12-20,09:32:11,HSDT,"""Helius Medical Technologies, Inc. Class A Common Stock (DE)""",Nasdaq,LULD pause,2024-12-20,09:37:11
2024-12-20,09:30:27,IZTC,Invizyne Technologies Inc. Common Stock,Nasdaq,LULD pause,2024-12-20,09:40:27
2024-12-19,16:28:30,IONS,"""Ionis Pharmaceuticals, Inc. Common Stock""",Nasdaq,News pending,2024-12-19,19:00:00
2024-12-19,15:46:30,NVNI,Nvni Group Limited Ordinary Shares,Nasdaq,LULD pause,2024-12-19,16:00:00
2024-12-19,15:43:01,UPXI,"""Upexi, Inc. Common Stock""",Nasdaq,LULD pause,2024-12-19,16:00:00
2024-12-19,15:34:53,NVNI,Nvni Group Limited Ordinary Shares,Nasdaq,LULD pause,2024-12-19,15:39:53
2024-12-19,15:27:37,NVNI,Nvni Group Limited Ordinary Shares,Nasdaq,LULD pause,2024-12-19,15:32:37
2024-12-19,15:26:40,UPXI,"""Upexi, Inc. Common Stock""",Nasdaq,LULD pause,2024-12-19,15:36:41
2024-12-19,15:23:09,NUKK,Nukkleus Inc. Common Stock,Nasdaq,LULD pause,2024-12-19,15:28:09
2024-12-19,15:17:03,NVNI,Nvni Group Limited Ordinary Shares,Nasdaq,LULD pause,2024-12-19,15:27:03
2024-12-19,15:11:28,NVNI,Nvni Group Limited Ordinary Shares,Nasdaq,LULD pause,2024-12-19,15:16:28
2024-12-19,15:10:48,UPXI,"""Upexi, Inc. Common Stock""",Nasdaq,LULD pause,2024-12-19,15:20:48
2024-12-19,15:04:11,NVNI,Nvni Group Limited Ordinary Shares,Nasdaq,LULD pause,2024-12-19,15:09:11
2024-12-19,14:54:27,UPXI,"""Upexi, Inc. Common Stock""",Nasdaq,LULD pause,2024-12-19,15:10:33
2024-12-19,14:53:31,NVNI,Nvni Group Limited Ordinary Shares,Nasdaq,LULD pause,2024-12-19,15:03:31
2024-12-19,14:50:05,XBP,"""XBP Europe Holdings, Inc. Common Stock""",Nasdaq,LULD pause,2024-12-19,14:55:05
2024-12-19,14:47:57,NVNI,Nvni Group Limited Ordinary Shares,Nasdaq,LULD pause,2024-12-19,14:52:57
2024-12-19,14:42:31,NVNI,Nvni Group Limited Ordinary Shares,Nasdaq,LULD pause,2024-12-19,14:47:31
2024-12-19,14:40:56,XBP,"""XBP Europe Holdings, Inc. Common Stock""",Nasdaq,LULD pause,2024-12-19,14:45:56
2024-12-19,14:39:01,UPXI,"""Upexi, Inc. Common Stock""",Nasdaq,LULD pause,2024-12-19,14:49:01
2024-12-19,14:35:48,NVNI,Nvni Group Limited Ordinary Shares,Nasdaq,LULD pause,2024-12-19,14:40:48
2024-12-19,14:25:19,NVNI,Nvni Group Limited Ordinary Shares,Nasdaq,LULD pause,2024-12-19,14:35:19
2024-12-19,14:25:17,ZENA,"""ZenaTech, Inc. Common Stock""",Nasdaq,LULD pause,2024-12-19,14:40:34
2024-12-19,14:19:46,NVNI,Nvni Group Limited Ordinary Shares,Nasdaq,LULD pause,2024-12-19,14:24:46
2024-12-19,14:16:05,ZENA,"""ZenaTech, Inc. Common Stock""",Nasdaq,LULD pause,2024-12-19,14:21:05
2024-12-19,14:14:09,NVNI,Nvni Group Limited Ordinary Shares,Nasdaq,LULD pause,2024-12-19,14:19:09
2024-12-19,14:06:58,NVNI,Nvni Group Limited Ordinary Shares,Nasdaq,LULD pause,2024-12-19,14:11:58
2024-12-19,13:54:39,NVNI,Nvni Group Limited Ordinary Shares,Nasdaq,LULD pause,2024-12-19,14:04:39
2024-12-19,13:43:39,UPXI,"""Upexi, Inc. Common Stock""",Nasdaq,LULD pause,2024-12-19,14:38:40
2024-12-19,13:38:59,NVNI,Nvni Group Limited Ordinary Shares,Nasdaq,LULD pause,2024-12-19,13:43:59
2024-12-19,13:26:19,BPTH,Bio-Path Holdings Inc,Nasdaq,LULD pause,2024-12-19,13:31:19
2024-12-19,13:25:58,NVNI,Nvni Group Limited Ordinary Shares,Nasdaq,LULD pause,2024-12-19,13:30:58
2024-12-19,13:19:15,NVNI,Nvni Group Limited Ordinary Shares,Nasdaq,LULD pause,2024-12-19,13:24:15
2024-12-19,13:16:29,BPTH,Bio-Path Holdings Inc,Nasdaq,LULD pause,2024-12-19,13:21:29
2024-12-19,13:13:33,NVNI,Nvni Group Limited Ordinary Shares,Nasdaq,LULD pause,2024-12-19,13:18:33
2024-12-19,13:09:46,BPTH,Bio-Path Holdings Inc,Nasdaq,LULD pause,2024-12-19,13:14:46
2024-12-19,13:07:08,ZCAR,"""Zoomcar Holdings, Inc. Common Stock""",Nasdaq,LULD pause,2024-12-19,13:17:08
2024-12-19,13:06:56,NVNI,Nvni Group Limited Ordinary Shares,Nasdaq,LULD pause,2024-12-19,13:11:56
2024-12-19,13:06:22,MARX,Mars Acquisition Corp. Ordinary Shares,Nasdaq,LULD pause,2024-12-19,13:16:22
2024-12-19,13:05:53,ABP,"""Abpro Holdings, Inc Common Stock""",Nasdaq,LULD pause,2024-12-19,13:15:53
2024-12-19,13:04:26,BPTH,Bio-Path Holdings Inc,Nasdaq,LULD pause,2024-12-19,13:09:26
2024-12-19,13:00:42,NVNI,Nvni Group Limited Ordinary Shares,Nasdaq,LULD pause,2024-12-19,13:05:42
2024-12-19,12:59:26,SOBR,"""SOBR Safe, Inc. Common Stock""",Nasdaq,LULD pause,2024-12-19,13:04:26
2024-12-19,12:58:57,BPTH,Bio-Path Holdings Inc,Nasdaq,LULD pause,2024-12-19,13:03:57
2024-12-19,12:58:15,ZCAR,"""Zoomcar Holdings, Inc. Common Stock""",Nasdaq,LULD pause,2024-12-19,13:03:15
2024-12-19,12:50:53,SOBR,"""SOBR Safe, Inc. Common Stock""",Nasdaq,LULD pause,2024-12-19,12:55:53
2024-12-19,12:50:18,NVNI,Nvni Group Limited Ordinary Shares,Nasdaq,LULD pause,2024-12-19,13:00:18
2024-12-19,12:48:04,CBUS,"""Cibus, Inc. Class A Common Stock""",Nasdaq,LULD pause,2024-12-19,12:58:04
2024-12-19,12:43:53,ZCAR,"""Zoomcar Holdings, Inc. Common Stock""",Nasdaq,LULD pause,2024-12-19,12:48:53
2024-12-19,12:35:57,NVNI,Nvni Group Limited Ordinary Shares,Nasdaq,LULD pause,2024-12-19,12:45:58
2024-12-19,12:34:24,JUNS,"""Jupiter Neurosciences, Inc. Common Stock""",Nasdaq,LULD pause,2024-12-19,12:39:24
2024-12-19,12:32:00,PNST,"""Pinstripes Holdings, Inc.""",NYSE,LULD pause,2024-12-19,12:37:02
2024-12-19,12:29:35,NVNI,Nvni Group Limited Ordinary Shares,Nasdaq,LULD pause,2024-12-19,12:34:35
2024-12-19,12:26:30,ZCAR,"""Zoomcar Holdings, Inc. Common Stock""",Nasdaq,LULD pause,2024-12-19,12:36:30
2024-12-19,12:24:42,BPTH,Bio-Path Holdings Inc,Nasdaq,LULD pause,2024-12-19,12:29:42
2024-12-19,12:24:07,NVNI,Nvni Group Limited Ordinary Shares,Nasdaq,LULD pause,2024-12-19,12:29:07
2024-12-19,12:22:52,JUNS,"""Jupiter Neurosciences, Inc. Common Stock""",Nasdaq,LULD pause,2024-12-19,12:32:52
2024-12-19,12:22:22,LXEH,"""Lixiang Education Holding Co., Ltd. American Depositary Shares""",Nasdaq,LULD pause,2024-12-19,12:32:22
2024-12-19,12:17:21,JUNS,"""Jupiter Neurosciences, Inc. Common Stock""",Nasdaq,LULD pause,2024-12-19,12:22:21
2024-12-19,12:15:30,ZCAR,"""Zoomcar Holdings, Inc. Common Stock""",Nasdaq,LULD pause,2024-12-19,12:25:30
2024-12-19,12:13:50,NVNI,Nvni Group Limited Ordinary Shares,Nasdaq,LULD pause,2024-12-19,12:23:50
2024-12-19,12:12:59,CVM,Cel-Sci Corporation,NYSE American,LULD pause,2024-12-19,12:17:59
2024-12-19,12:11:52,JUNS,"""Jupiter Neurosciences, Inc. Common Stock""",Nasdaq,LULD pause,2024-12-19,12:16:52
2024-12-19,12:11:34,BPTH,Bio-Path Holdings Inc,Nasdaq,LULD pause,2024-12-19,12:16:34
2024-12-19,12:01:54,ZCAR,"""Zoomcar Holdings, Inc. Common Stock""",Nasdaq,LULD pause,2024-12-19,12:13:10
2024-12-19,12:01:04,JUNS,"""Jupiter Neurosciences, Inc. Common Stock""",Nasdaq,LULD pause,2024-12-19,12:11:18
2024-12-19,11:58:34,NVNI,Nvni Group Limited Ordinary Shares,Nasdaq,LULD pause,2024-12-19,12:13:35
2024-12-19,11:54:05,BPTH,Bio-Path Holdings Inc,Nasdaq,LULD pause,2024-12-19,11:59:05
2024-12-19,11:51:24,ZCAR,"""Zoomcar Holdings, Inc. Common Stock""",Nasdaq,LULD pause,2024-12-19,12:01:25
2024-12-19,11:50:19,JUNS,"""Jupiter Neurosciences, Inc. Common Stock""",Nasdaq,LULD pause,2024-12-19,12:00:20
2024-12-19,11:48:19,NVNI,Nvni Group Limited Ordinary Shares,Nasdaq,LULD pause,2024-12-19,11:58:19
2024-12-19,11:43:03,NVNI,Nvni Group Limited Ordinary Shares,Nasdaq,LULD pause,2024-12-19,11:48:03
2024-12-19,11:39:55,JUNS,"""Jupiter Neurosciences, Inc. Common Stock""",Nasdaq,LULD pause,2024-12-19,11:49:55
2024-12-19,11:37:30,NVNI,Nvni Group Limited Ordinary Shares,Nasdaq,LULD pause,2024-12-19,11:42:30
2024-12-19,11:31:35,TNMG,TNL Mediagene Ordinary Shares,Nasdaq,LULD pause,2024-12-19,11:41:35
2024-12-19,11:31:03,BPTH,Bio-Path Holdings Inc,Nasdaq,LULD pause,2024-12-19,11:36:03
2024-12-19,11:29:25,JUNS,"""Jupiter Neurosciences, Inc. Common Stock""",Nasdaq,LULD pause,2024-12-19,11:39:25
2024-12-19,11:26:58,NVNI,Nvni Group Limited Ordinary Shares,Nasdaq,LULD pause,2024-12-19,11:36:59
2024-12-19,11:25:58,TNMG,TNL Mediagene Ordinary Shares,Nasdaq,LULD pause,2024-12-19,11:30:58
2024-12-19,11:21:39,NVNI,Nvni Group Limited Ordinary Shares,Nasdaq,LULD pause,2024-12-19,11:26:39
2024-12-19,11:21:01,JUNS,"""Jupiter Neurosciences, Inc. Common Stock""",Nasdaq,LULD pause,2024-12-19,11:26:01
2024-12-19,11:17:04,XHG,XChange TEC.INC American Depositary Shares,Nasdaq,LULD pause,2024-12-19,11:22:04
2024-12-19,11:16:13,BPTH,Bio-Path Holdings Inc,Nasdaq,LULD pause,2024-12-19,11:21:13
2024-12-19,11:16:03,NVNI,Nvni Group Limited Ordinary Shares,Nasdaq,LULD pause,2024-12-19,11:21:03
2024-12-19,11:10:46,JUNS,"""Jupiter Neurosciences, Inc. Common Stock""",Nasdaq,LULD pause,2024-12-19,11:20:46
2024-12-19,11:05:29,NVNI,Nvni Group Limited Ordinary Shares,Nasdaq,LULD pause,2024-12-19,11:15:30
2024-12-19,11:04:04,TNMG,TNL Mediagene Ordinary Shares,Nasdaq,LULD pause,2024-12-19,11:14:05
2024-12-19,10:58:58,BPTH,Bio-Path Holdings Inc,Nasdaq,LULD pause,2024-12-19,11:03:58
2024-12-19,10:56:46,JUNS,"""Jupiter Neurosciences, Inc. Common Stock""",Nasdaq,LULD pause,2024-12-19,11:06:46
2024-12-19,10:56:00,LSE,"""Leishen Energy Holding Co., Ltd. Ordinary Shares""",Nasdaq,LULD pause,2024-12-19,11:01:00
2024-12-19,10:55:09,NVNI,Nvni Group Limited Ordinary Shares,Nasdaq,LULD pause,2024-12-19,11:05:10
2024-12-19,10:54:48,XHG,XChange TEC.INC American Depositary Shares,Nasdaq,LULD pause,2024-12-19,10:59:48
2024-12-19,10:53:15,TNMG,TNL Mediagene Ordinary Shares,Nasdaq,LULD pause,2024-12-19,11:03:15
2024-12-19,10:50:45,LSE,"""Leishen Energy Holding Co., Ltd. Ordinary Shares""",Nasdaq,LULD pause,2024-12-19,10:55:45
2024-12-19,10:49:54,NVNI,Nvni Group Limited Ordinary Shares,Nasdaq,LULD pause,2024-12-19,10:54:54
2024-12-19,10:48:53,VRAR,"""The Glimpse Group, Inc. Common Stock""",Nasdaq,LULD pause,2024-12-19,10:58:54
2024-12-19,10:47:48,BPTH,Bio-Path Holdings Inc,Nasdaq,LULD pause,2024-12-19,10:57:48
2024-12-19,10:46:04,JUNS,"""Jupiter Neurosciences, Inc. Common Stock""",Nasdaq,LULD pause,2024-12-19,10:56:04
2024-12-19,10:45:39,TNMG,TNL Mediagene Ordinary Shares,Nasdaq,LULD pause,2024-12-19,10:50:39
2024-12-19,10:45:22,LSE,"""Leishen Energy Holding Co., Ltd. Ordinary Shares""",Nasdaq,LULD pause,2024-12-19,10:50:22
2024-12-19,10:44:28,NVNI,Nvni Group Limited Ordinary Shares,Nasdaq,LULD pause,2024-12-19,10:49:28
2024-12-19,10:42:25,BPTH,Bio-Path Holdings Inc,Nasdaq,LULD pause,2024-12-19,10:47:25
2024-12-19,10:40:55,VRAR,"""The Glimpse Group, Inc. Common Stock""",Nasdaq,LULD pause,2024-12-19,10:45:55
2024-12-19,10:40:27,APCX,AppTech Payments Corp. Common Stock,Nasdaq,LULD pause,2024-12-19,10:45:27
2024-12-19,10:38:56,NVNI,Nvni Group Limited Ordinary Shares,Nasdaq,LULD pause,2024-12-19,10:43:56
2024-12-19,10:36:04,BPTH,Bio-Path Holdings Inc,Nasdaq,LULD pause,2024-12-19,10:41:04
2024-12-19,10:34:31,XHG,XChange TEC.INC American Depositary Shares,Nasdaq,LULD pause,2024-12-19,10:39:31
2024-12-19,10:33:30,NVNI,Nvni Group Limited Ordinary Shares,Nasdaq,LULD pause,2024-12-19,10:38:30
2024-12-19,10:33:20,LNKS,Linkers Industries Limited Class A Ordinary Shares,Nasdaq,LULD pause,2024-12-19,10:38:20
2024-12-19,10:30:27,NCRA,"""Nocera, Inc. Common Stock""",Nasdaq,LULD pause,2024-12-19,10:35:27
2024-12-19,10:29:22,APCX,AppTech Payments Corp. Common Stock,Nasdaq,LULD pause,2024-12-19,10:34:22
2024-12-19,10:28:48,VRAR,"""The Glimpse Group, Inc. Common Stock""",Nasdaq,LULD pause,2024-12-19,10:38:48
2024-12-19,10:28:00,NVNI,Nvni Group Limited Ordinary Shares,Nasdaq,LULD pause,2024-12-19,10:33:00
2024-12-19,10:25:46,BPTH,Bio-Path Holdings Inc,Nasdaq,LULD pause,2024-12-19,10:35:46
2024-12-19,10:22:35,NVNI,Nvni Group Limited Ordinary Shares,Nasdaq,LULD pause,2024-12-19,10:27:35
2024-12-19,10:20:28,BPTH,Bio-Path Holdings Inc,Nasdaq,LULD pause,2024-12-19,10:25:28
2024-12-19,10:20:20,NUKK,Nukkleus Inc. Common Stock,Nasdaq,LULD pause,2024-12-19,10:30:20
2024-12-19,10:14:58,BPTH,Bio-Path Holdings Inc,Nasdaq,LULD pause,2024-12-19,10:19:58
2024-12-19,10:14:50,APCX,AppTech Payments Corp. Common Stock,Nasdaq,LULD pause,2024-12-19,10:19:50
2024-12-19,10:14:47,VRAR,"""The Glimpse Group, Inc. Common Stock""",Nasdaq,LULD pause,2024-12-19,10:19:47
2024-12-19,10:13:56,NUKK,Nukkleus Inc. Common Stock,Nasdaq,LULD pause,2024-12-19,10:18:56
2024-12-19,10:13:50,PLRZ,Polyrizon Ltd. Ordinary Shares,Nasdaq,LULD pause,2024-12-19,10:18:50
2024-12-19,10:09:16,BPTH,Bio-Path Holdings Inc,Nasdaq,LULD pause,2024-12-19,10:14:16
2024-12-19,10:08:09,XHG,XChange TEC.INC American Depositary Shares,Nasdaq,LULD pause,2024-12-19,10:13:09
2024-12-19,10:06:14,TPET,Trio Petroleum Corp.,NYSE American,LULD pause,2024-12-19,10:11:14
2024-12-19,10:04:08,PROC,"""Procaps Group, S.A. Ordinary Shares""",Nasdaq,LULD pause,2024-12-19,10:09:08
2024-12-19,10:03:55,BPTH,Bio-Path Holdings Inc,Nasdaq,LULD pause,2024-12-19,10:08:55
2024-12-19,10:03:44,DEVS,DevvStream Corp. Common Stock,Nasdaq,LULD pause,2024-12-19,10:08:44
2024-12-19,10:03:09,VRAR,"""The Glimpse Group, Inc. Common Stock""",Nasdaq,LULD pause,2024-12-19,10:13:09
2024-12-19,09:57:26,APCX,AppTech Payments Corp. Common Stock,Nasdaq,LULD pause,2024-12-19,10:02:26
2024-12-19,09:57:01,BPTH,Bio-Path Holdings Inc,Nasdaq,LULD pause,2024-12-19,10:02:01
2024-12-19,09:56:25,PRFX,PainReform Ltd. Ordinary Shares,Nasdaq,LULD pause,2024-12-19,10:01:25
2024-12-19,09:56:17,NUKK,Nukkleus Inc. Common Stock,Nasdaq,LULD pause,2024-12-19,10:01:17
2024-12-19,09:54:17,VRAR,"""The Glimpse Group, Inc. Common Stock""",Nasdaq,LULD pause,2024-12-19,09:59:17
2024-12-19,09:51:45,DEVS,DevvStream Corp. Common Stock,Nasdaq,LULD pause,2024-12-19,09:56:45
2024-12-19,09:51:33,BPTH,Bio-Path Holdings Inc,Nasdaq,LULD pause,2024-12-19,09:56:33
2024-12-19,09:48:26,PRFX,PainReform Ltd. Ordinary Shares,Nasdaq,LULD pause,2024-12-19,09:53:26
2024-12-19,09:48:02,VRAR,"""The Glimpse Group, Inc. Common Stock""",Nasdaq,LULD pause,2024-12-19,09:53:02
2024-12-19,09:45:33,DEVS,DevvStream Corp. Common Stock,Nasdaq,LULD pause,2024-12-19,09:50:33
2024-12-19,09:44:51,TPET,Trio Petroleum Corp.,NYSE American,LULD pause,2024-12-19,09:49:51
2024-12-19,09:43:11,APCX,AppTech Payments Corp. Common Stock,Nasdaq,LULD pause,2024-12-19,09:48:11
2024-12-19,09:41:06,VNCE,VINCE HOLDING CORP.,NYSE,LULD pause,2024-12-19,09:46:07
2024-12-19,09:40:49,BPTH,Bio-Path Holdings Inc,Nasdaq,LULD pause,2024-12-19,09:50:49
2024-12-19,09:38:23,TPET,Trio Petroleum Corp.,NYSE American,LULD pause,2024-12-19,09:43:23
2024-12-19,09:37:32,APCX,AppTech Payments Corp. Common Stock,Nasdaq,LULD pause,2024-12-19,09:42:32
2024-12-19,09:36:47,NUKK,Nukkleus Inc. Common Stock,Nasdaq,LULD pause,2024-12-19,09:46:47
2024-12-19,09:35:37,INNV,InnovAge Holding Corp. Common Stock,Nasdaq,LULD pause,2024-12-19,09:40:37
2024-12-19,09:32:53,TPET,Trio Petroleum Corp.,NYSE American,LULD pause,2024-12-19,09:37:53
2024-12-19,09:31:27,NUKK,Nukkleus Inc. Common Stock,Nasdaq,LULD pause,2024-12-19,09:36:27
2024-12-19,09:30:39,CURR,Currenc Group Inc. Ordinary Shares,Nasdaq,LULD pause,2024-12-19,09:40:39
2024-12-19,09:30:33,PLRZ,Polyrizon Ltd. Ordinary Shares,Nasdaq,LULD pause,2024-12-19,09:35:33
2024-12-19,09:30:33,BPTH,Bio-Path Holdings Inc,Nasdaq,LULD pause,2024-12-19,09:40:33
2024-12-19,09:30:18,VRAR,"""The Glimpse Group, Inc. Common Stock""",Nasdaq,LULD pause,2024-12-19,09:45:19
2024-12-18,16:25:17,LEV,The Lion Electric Company,NYSE,News Released,,
2024-12-18,16:25:17,LEV WSA,The Lion Electric Company Warrants to purchase common shares,NYSE,News Released,,
2024-12-18,15:55:37,XCH,XCHG Limited American Depositary Share,Nasdaq,LULD pause,2024-12-18,16:00:00
2024-12-18,15:50:53,GELS,Gelteq Limited Ordinary Shares,Nasdaq,LULD pause,2024-12-18,16:00:00
2024-12-18,15:50:12,NUKK,Nukkleus Inc. Common Stock,Nasdaq,LULD pause,2024-12-18,16:00:00
2024-12-18,15:44:15,FTEL,Fitell Corporation Ordinary Shares,Nasdaq,LULD pause,2024-12-18,16:00:00
2024-12-18,15:43:17,TNMG,TNL Mediagene Ordinary Shares,Nasdaq,LULD pause,2024-12-18,15:48:17
2024-12-18,15:38:52,TSLW,Tradr 1.5X Long TSLA Weekly ETF,Nasdaq,LULD pause,2024-12-18,15:43:52
2024-12-18,15:35:10,XCH,XCHG Limited American Depositary Share,Nasdaq,LULD pause,2024-12-18,15:40:10
2024-12-18,15:28:53,XCH,XCHG Limited American Depositary Share,Nasdaq,LULD pause,2024-12-18,15:33:53
2024-12-18,15:28:36,FTEL,Fitell Corporation Ordinary Shares,Nasdaq,LULD pause,2024-12-18,15:43:37
2024-12-18,15:23:09,FTEL,Fitell Corporation Ordinary Shares,Nasdaq,LULD pause,2024-12-18,15:28:09
2024-12-18,15:12:28,FTEL,Fitell Corporation Ordinary Shares,Nasdaq,LULD pause,2024-12-18,15:22:29
2024-12-18,15:01:44,FTEL,Fitell Corporation Ordinary Shares,Nasdaq,LULD pause,2024-12-18,15:11:44
2024-12-18,14:51:12,FTEL,Fitell Corporation Ordinary Shares,Nasdaq,LULD pause,2024-12-18,15:01:12
2024-12-18,14:48:45,XCH,XCHG Limited American Depositary Share,Nasdaq,LULD pause,2024-12-18,14:53:45
2024-12-18,14:41:52,XCH,XCHG Limited American Depositary Share,Nasdaq,LULD pause,2024-12-18,14:46:52
2024-12-18,14:40:30,FTEL,Fitell Corporation Ordinary Shares,Nasdaq,LULD pause,2024-12-18,14:50:31
2024-12-18,14:34:59,FTEL,Fitell Corporation Ordinary Shares,Nasdaq,LULD pause,2024-12-18,14:39:59
2024-12-18,14:29:50,NUKK,Nukkleus Inc. Common Stock,Nasdaq,LULD pause,2024-12-18,14:34:50
2024-12-18,14:25:55,FTEL,Fitell Corporation Ordinary Shares,Nasdaq,LULD pause,2024-12-18,14:30:55
2024-12-18,14:25:37,XCH,XCHG Limited American Depositary Share,Nasdaq,LULD pause,2024-12-18,14:30:37
2024-12-18,14:23:23,TNMG,TNL Mediagene Ordinary Shares,Nasdaq,LULD pause,2024-12-18,14:33:23
2024-12-18,14:17:00,FTEL,Fitell Corporation Ordinary Shares,Nasdaq,LULD pause,2024-12-18,14:22:00
2024-12-18,14:15:57,NUKK,Nukkleus Inc. Common Stock,Nasdaq,LULD pause,2024-12-18,14:20:57
2024-12-18,14:10:08,NUKK,Nukkleus Inc. Common Stock,Nasdaq,LULD pause,2024-12-18,14:15:08
2024-12-18,14:09:24,XCH,XCHG Limited American Depositary Share,Nasdaq,LULD pause,2024-12-18,14:14:24
2024-12-18,14:05:24,FTEL,Fitell Corporation Ordinary Shares,Nasdaq,LULD pause,2024-12-18,14:15:24
2024-12-18,14:03:56,XCH,XCHG Limited American Depositary Share,Nasdaq,LULD pause,2024-12-18,14:08:56
2024-12-18,14:01:47,QMCO,Quantum Corporation,Nasdaq,LULD pause,2024-12-18,14:06:47
2024-12-18,13:57:26,XCH,XCHG Limited American Depositary Share,Nasdaq,LULD pause,2024-12-18,14:02:26
2024-12-18,13:57:03,OSTX,OS Therapies Incorporated,NYSE American,LULD pause,2024-12-18,14:02:03
2024-12-18,13:54:45,FTEL,Fitell Corporation Ordinary Shares,Nasdaq,LULD pause,2024-12-18,14:04:45
2024-12-18,13:53:23,NUKK,Nukkleus Inc. Common Stock,Nasdaq,LULD pause,2024-12-18,13:58:23
2024-12-18,13:51:41,XCH,XCHG Limited American Depositary Share,Nasdaq,LULD pause,2024-12-18,13:56:41
2024-12-18,13:49:20,FTEL,Fitell Corporation Ordinary Shares,Nasdaq,LULD pause,2024-12-18,13:54:20
2024-12-18,13:47:08,NUKK,Nukkleus Inc. Common Stock,Nasdaq,LULD pause,2024-12-18,13:52:08
2024-12-18,13:43:54,FTEL,Fitell Corporation Ordinary Shares,Nasdaq,LULD pause,2024-12-18,13:48:54
2024-12-18,13:41:28,NUKK,Nukkleus Inc. Common Stock,Nasdaq,LULD pause,2024-12-18,13:46:28
2024-12-18,13:40:03,XCH,XCHG Limited American Depositary Share,Nasdaq,LULD pause,2024-12-18,13:45:03
2024-12-18,13:37:49,QMCO,Quantum Corporation,Nasdaq,LULD pause,2024-12-18,13:42:49
2024-12-18,13:34:29,NUKK,Nukkleus Inc. Common Stock,Nasdaq,LULD pause,2024-12-18,13:39:29
2024-12-18,13:29:09,NUKK,Nukkleus Inc. Common Stock,Nasdaq,LULD pause,2024-12-18,13:34:09
2024-12-18,13:28:52,XCH,XCHG Limited American Depositary Share,Nasdaq,LULD pause,2024-12-18,13:33:52
2024-12-18,13:27:01,FTEL,Fitell Corporation Ordinary Shares,Nasdaq,LULD pause,2024-12-18,13:42:01
2024-12-18,13:23:14,NUKK,Nukkleus Inc. Common Stock,Nasdaq,LULD pause,2024-12-18,13:28:14
2024-12-18,13:15:45,FTEL,Fitell Corporation Ordinary Shares,Nasdaq,LULD pause,2024-12-18,13:25:45
2024-12-18,13:15:05,XCH,XCHG Limited American Depositary Share,Nasdaq,LULD pause,2024-12-18,13:20:05
2024-12-18,13:02:19,NUKK,Nukkleus Inc. Common Stock,Nasdaq,LULD pause,2024-12-18,13:07:19
2024-12-18,13:02:05,XCH,XCHG Limited American Depositary Share,Nasdaq,LULD pause,2024-12-18,13:07:05
2024-12-18,13:01:27,FTEL,Fitell Corporation Ordinary Shares,Nasdaq,LULD pause,2024-12-18,13:15:20
2024-12-18,12:58:20,CTNT,Cheetah Net Supply Chain Service Inc. Class A Common Stock,Nasdaq,LULD pause,2024-12-18,13:03:20
2024-12-18,12:57:16,QMCO,Quantum Corporation,Nasdaq,LULD pause,2024-12-18,13:02:16
2024-12-18,12:55:22,XCH,XCHG Limited American Depositary Share,Nasdaq,LULD pause,2024-12-18,13:00:22
2024-12-18,12:52:34,NUKK,Nukkleus Inc. Common Stock,Nasdaq,LULD pause,2024-12-18,12:57:34
2024-12-18,12:50:52,QNTM,Quantum Biopharma Ltd. Class B Subordinate Voting Shares,Nasdaq,LULD pause,2024-12-18,12:55:52
2024-12-18,12:43:30,QMCO,Quantum Corporation,Nasdaq,LULD pause,2024-12-18,12:56:42
2024-12-18,12:42:55,QNTM,Quantum Biopharma Ltd. Class B Subordinate Voting Shares,Nasdaq,LULD pause,2024-12-18,12:47:55
2024-12-18,12:41:22,XCH,XCHG Limited American Depositary Share,Nasdaq,LULD pause,2024-12-18,12:46:22
2024-12-18,12:35:49,XCH,XCHG Limited American Depositary Share,Nasdaq,LULD pause,2024-12-18,12:40:49
2024-12-18,12:32:06,QNTM,Quantum Biopharma Ltd. Class B Subordinate Voting Shares,Nasdaq,LULD pause,2024-12-18,12:42:17
2024-12-18,12:30:17,XCH,XCHG Limited American Depositary Share,Nasdaq,LULD pause,2024-12-18,12:35:17
2024-12-18,12:18:47,XCH,XCHG Limited American Depositary Share,Nasdaq,LULD pause,2024-12-18,12:29:39
2024-12-18,12:16:32,QMCO,Quantum Corporation,Nasdaq,LULD pause,2024-12-18,12:21:32
2024-12-18,12:13:32,XCH,XCHG Limited American Depositary Share,Nasdaq,LULD pause,2024-12-18,12:18:32
2024-12-18,12:08:07,XCH,XCHG Limited American Depositary Share,Nasdaq,LULD pause,2024-12-18,12:13:07
2024-12-18,12:02:20,XCH,XCHG Limited American Depositary Share,Nasdaq,LULD pause,2024-12-18,12:07:20
2024-12-18,12:01:35,FTEL,Fitell Corporation Ordinary Shares,Nasdaq,LULD pause,2024-12-18,13:01:08
2024-12-18,12:00:42,AMOD,"""Alpha Modus Holdings, Inc. Class A Common Stock""",Nasdaq,LULD pause,2024-12-18,12:05:42
2024-12-18,11:56:42,XCH,XCHG Limited American Depositary Share,Nasdaq,LULD pause,2024-12-18,12:01:42
2024-12-18,11:54:34,QMCO,Quantum Corporation,Nasdaq,LULD pause,2024-12-18,11:59:34
2024-12-18,11:52:46,AMOD,"""Alpha Modus Holdings, Inc. Class A Common Stock""",Nasdaq,LULD pause,2024-12-18,11:57:46
2024-12-18,11:51:23,EXOD,"""Exodus Movement, Inc.""",NYSE American,LULD pause,2024-12-18,12:01:23
2024-12-18,11:50:53,XCH,XCHG Limited American Depositary Share,Nasdaq,LULD pause,2024-12-18,11:55:53
2024-12-18,11:45:28,XCH,XCHG Limited American Depositary Share,Nasdaq,LULD pause,2024-12-18,11:50:28
2024-12-18,11:40:11,XCH,XCHG Limited American Depositary Share,Nasdaq,LULD pause,2024-12-18,11:45:11
2024-12-18,11:34:40,XCH,XCHG Limited American Depositary Share,Nasdaq,LULD pause,2024-12-18,11:39:40
2024-12-18,11:33:09,SEZL,Sezzle Inc. Common Stock,Nasdaq,LULD pause,2024-12-18,11:38:09
2024-12-18,11:30:59,NVNI,Nvni Group Limited Ordinary Shares,Nasdaq,LULD pause,2024-12-18,11:35:59
2024-12-18,11:29:14,XCH,XCHG Limited American Depositary Share,Nasdaq,LULD pause,2024-12-18,11:34:14
2024-12-18,11:23:55,XCH,XCHG Limited American Depositary Share,Nasdaq,LULD pause,2024-12-18,11:28:55
2024-12-18,11:22:45,NVNI,Nvni Group Limited Ordinary Shares,Nasdaq,LULD pause,2024-12-18,11:27:45
2024-12-18,11:18:24,XCH,XCHG Limited American Depositary Share,Nasdaq,LULD pause,2024-12-18,11:23:24
2024-12-18,11:12:54,XCH,XCHG Limited American Depositary Share,Nasdaq,LULD pause,2024-12-18,11:17:54
2024-12-18,11:07:26,XCH,XCHG Limited American Depositary Share,Nasdaq,LULD pause,2024-12-18,11:12:26
2024-12-18,11:04:28,SEZL,Sezzle Inc. Common Stock,Nasdaq,LULD pause,2024-12-18,11:09:28
2024-12-18,11:02:06,XCH,XCHG Limited American Depositary Share,Nasdaq,LULD pause,2024-12-18,11:07:06
2024-12-18,10:58:21,YSXT,"""YSX Tech. Co., Ltd Class A Ordinary Shares""",Nasdaq,LULD pause,2024-12-18,11:03:21
2024-12-18,10:56:42,XCH,XCHG Limited American Depositary Share,Nasdaq,LULD pause,2024-12-18,11:01:42
2024-12-18,10:53:24,NUKK,Nukkleus Inc. Common Stock,Nasdaq,LULD pause,2024-12-18,10:58:24
2024-12-18,10:45:31,YSXT,"""YSX Tech. Co., Ltd Class A Ordinary Shares""",Nasdaq,LULD pause,2024-12-18,10:50:31
2024-12-18,10:45:30,NCEW,New Century Logistics (BVI) Limited Ordinary Shares,Nasdaq,LULD pause,2024-12-18,10:50:30
2024-12-18,10:43:14,NVNI,Nvni Group Limited Ordinary Shares,Nasdaq,LULD pause,2024-12-18,10:48:14
2024-12-18,10:37:36,NCEW,New Century Logistics (BVI) Limited Ordinary Shares,Nasdaq,LULD pause,2024-12-18,10:42:36
2024-12-18,10:36:46,NVNI,Nvni Group Limited Ordinary Shares,Nasdaq,LULD pause,2024-12-18,10:41:46
2024-12-18,10:32:38,NUKK,Nukkleus Inc. Common Stock,Nasdaq,LULD pause,2024-12-18,10:37:38
2024-12-18,10:31:02,NVNI,Nvni Group Limited Ordinary Shares,Nasdaq,LULD pause,2024-12-18,10:36:02
2024-12-18,10:30:27,NCEW,New Century Logistics (BVI) Limited Ordinary Shares,Nasdaq,LULD pause,2024-12-18,10:35:27
2024-12-18,10:26:23,XCH,XCHG Limited American Depositary Share,Nasdaq,LULD pause,2024-12-18,10:56:23
2024-12-18,10:25:42,NUKK,Nukkleus Inc. Common Stock,Nasdaq,LULD pause,2024-12-18,10:30:42
2024-12-18,10:24:55,NVNI,Nvni Group Limited Ordinary Shares,Nasdaq,LULD pause,2024-12-18,10:29:55
2024-12-18,10:22:15,EXOD,"""Exodus Movement, Inc.""",NYSE American,LULD pause,2024-12-18,10:27:15
2024-12-18,10:20:58,XCH,XCHG Limited American Depositary Share,Nasdaq,LULD pause,2024-12-18,10:25:58
2024-12-18,10:20:08,NUKK,Nukkleus Inc. Common Stock,Nasdaq,LULD pause,2024-12-18,10:25:08
2024-12-18,10:19:31,NVNI,Nvni Group Limited Ordinary Shares,Nasdaq,LULD pause,2024-12-18,10:24:31
2024-12-18,10:12:11,NVNI,Nvni Group Limited Ordinary Shares,Nasdaq,LULD pause,2024-12-18,10:17:11
2024-12-18,10:10:40,XCH,XCHG Limited American Depositary Share,Nasdaq,LULD pause,2024-12-18,10:20:40
2024-12-18,10:09:30,NUKK,Nukkleus Inc. Common Stock,Nasdaq,LULD pause,2024-12-18,10:19:30
2024-12-18,10:07:15,EXOD,"""Exodus Movement, Inc.""",NYSE American,LULD pause,2024-12-18,10:17:15
2024-12-18,10:06:43,NVNI,Nvni Group Limited Ordinary Shares,Nasdaq,LULD pause,2024-12-18,10:11:43
2024-12-18,10:05:24,XCH,XCHG Limited American Depositary Share,Nasdaq,LULD pause,2024-12-18,10:10:24
2024-12-18,10:03:51,HTLM,HomesToLife Ltd Ordinary Shares,Nasdaq,LULD pause,2024-12-18,10:08:51
2024-12-18,10:03:19,NUKK,Nukkleus Inc. Common Stock,Nasdaq,LULD pause,2024-12-18,10:08:19
2024-12-18,10:02:37,TNMG,TNL Mediagene Ordinary Shares,Nasdaq,LULD pause,2024-12-18,10:12:37
2024-12-18,10:00:38,NVNI,Nvni Group Limited Ordinary Shares,Nasdaq,LULD pause,2024-12-18,10:05:38
2024-12-18,09:59:37,EXOD,"""Exodus Movement, Inc.""",NYSE American,LULD pause,2024-12-18,10:04:37
2024-12-18,09:57:10,NUKK,Nukkleus Inc. Common Stock,Nasdaq,LULD pause,2024-12-18,10:02:10
2024-12-18,09:55:53,ANNA,"""AleAnna, Inc. Class A Common Stock""",Nasdaq,LULD pause,2024-12-18,10:00:53
2024-12-18,09:55:08,XCH,XCHG Limited American Depositary Share,Nasdaq,LULD pause,2024-12-18,10:05:08
2024-12-18,09:55:06,NVNI,Nvni Group Limited Ordinary Shares,Nasdaq,LULD pause,2024-12-18,10:00:06
2024-12-18,09:52:51,CANG,"""Cango Inc. American Depositary Shares,  each representing two (2) Class A Ordinary Shares""",NYSE,LULD pause,2024-12-18,09:58:14
2024-12-18,09:50:23,CGTL,Creative Global Technology Holdings Limited Ordinary Shares,Nasdaq,LULD pause,2024-12-18,10:02:32
2024-12-18,09:49:28,XCH,XCHG Limited American Depositary Share,Nasdaq,LULD pause,2024-12-18,09:54:28
2024-12-18,09:49:02,LEV,The Lion Electric Company,NYSE,News pending,See Subsequent Halt,See Subsequent Halt
2024-12-18,09:49:02,LEV WSA,The Lion Electric Company Warrants to purchase common shares,NYSE,News pending,See Subsequent Halt,See Subsequent Halt
2024-12-18,09:47:28,ANNA,"""AleAnna, Inc. Class A Common Stock""",Nasdaq,LULD pause,2024-12-18,09:52:28
2024-12-18,09:45:40,AMOD,"""Alpha Modus Holdings, Inc. Class A Common Stock""",Nasdaq,LULD pause,2024-12-18,09:50:40
2024-12-18,09:45:38,CGTX,"""Cognition Therapeutics, Inc. Common Stock""",Nasdaq,LULD pause,2024-12-18,09:50:38
2024-12-18,09:45:16,APLM,Apollomics Inc. Class A Ordinary Shares,Nasdaq,LULD pause,2024-12-18,09:55:16
2024-12-18,09:44:10,XCH,XCHG Limited American Depositary Share,Nasdaq,LULD pause,2024-12-18,09:49:10
2024-12-18,09:41:54,LBGJ,Li Bang International Corporation Inc. Ordinary Shares,Nasdaq,LULD pause,2024-12-18,09:46:54
2024-12-18,09:37:42,NUKK,Nukkleus Inc. Common Stock,Nasdaq,LULD pause,2024-12-18,09:42:42
2024-12-18,09:34:24,PLRZ,Polyrizon Ltd. Ordinary Shares,Nasdaq,LULD pause,2024-12-18,09:39:24
2024-12-18,09:34:03,AMOD,"""Alpha Modus Holdings, Inc. Class A Common Stock""",Nasdaq,LULD pause,2024-12-18,09:39:03
2024-12-18,09:32:09,NUKK,Nukkleus Inc. Common Stock,Nasdaq,LULD pause,2024-12-18,09:37:09
2024-12-18,08:55:00,VOXX,VOXX International Corporation Class A,Nasdaq,News pending,2024-12-18,09:50:00
2024-12-18,08:24:53,CTLT,"""CATALENT, INC.""",NYSE,Merger Effective,,
2024-12-18,06:57:36,CARA,"""Cara Therapeutics, Inc.""",Nasdaq,News pending,2024-12-18,07:30:00
2024-12-18,03:50:54,APTV,Aptiv PLC,NYSE,Corporate Action,2024-12-18,09:30:27
2024-12-17,19:50:00,MTC,"""MMTec, Inc. Common Shares""",Nasdaq,News pending,2024-12-18,09:00:00
2024-12-17,19:50:00,MTC,"""MMTec, Inc. Common Shares""",Nasdaq,News pending,,
2024-12-17,16:20:59,PNST WS,"""Pinstripes Holdings, Inc. Warrants, each whole warrant exercisable for one share of Class A common stock at an exercise price of $11.50 per share""",NYSE,News Released,,
2024-12-17,16:00:10,NURO,"""NeuroMetrix, Inc. Common Stock""",Nasdaq,News pending,2024-12-17,16:35:00
2024-12-17,15:25:16,FTEL,Fitell Corporation Ordinary Shares,Nasdaq,LULD pause,2024-12-17,16:00:00
2024-12-17,15:01:50,LUXH,LuxUrban Hotels Inc. Common Stock,Nasdaq,LULD pause,2024-12-17,15:06:50
2024-12-17,14:57:14,LEV,The Lion Electric Company,NYSE,Regulatory Concern,See Subsequent Halt,See Subsequent Halt
2024-12-17,14:57:14,LEV,The Lion Electric Company,NYSE,Regulatory Concern,,
2024-12-17,14:57:14,LEV WSA,The Lion Electric Company Warrants to purchase common shares,NYSE,Regulatory Concern,See Subsequent Halt,See Subsequent Halt
2024-12-17,14:57:14,LEV WSA,The Lion Electric Company Warrants to purchase common shares,NYSE,Regulatory Concern,,
2024-12-17,14:52:14,LUXH,LuxUrban Hotels Inc. Common Stock,Nasdaq,LULD pause,2024-12-17,14:57:14
2024-12-17,14:40:35,OSTX,OS Therapies Incorporated,NYSE American,LULD pause,2024-12-17,14:45:35
2024-12-17,14:34:28,OSTX,OS Therapies Incorporated,NYSE American,LULD pause,2024-12-17,14:39:28
2024-12-17,14:33:22,LUXH,LuxUrban Hotels Inc. Common Stock,Nasdaq,LULD pause,2024-12-17,14:38:22
2024-12-17,14:27:44,LUXH,LuxUrban Hotels Inc. Common Stock,Nasdaq,LULD pause,2024-12-17,14:32:44
2024-12-17,14:27:14,OSTX,OS Therapies Incorporated,NYSE American,LULD pause,2024-12-17,14:32:14
2024-12-17,14:20:27,LUXH,LuxUrban Hotels Inc. Common Stock,Nasdaq,LULD pause,2024-12-17,14:25:27
2024-12-17,14:19:28,AMOD,"""Alpha Modus Holdings, Inc. Class A Common Stock""",Nasdaq,LULD pause,2024-12-17,14:29:28
2024-12-17,14:13:52,LUXH,LuxUrban Hotels Inc. Common Stock,Nasdaq,LULD pause,2024-12-17,14:18:52
2024-12-17,14:06:00,LUXH,LuxUrban Hotels Inc. Common Stock,Nasdaq,LULD pause,2024-12-17,14:11:00
2024-12-17,13:55:06,LUXH,LuxUrban Hotels Inc. Common Stock,Nasdaq,LULD pause,2024-12-17,14:05:06
2024-12-17,13:49:51,LUXH,LuxUrban Hotels Inc. Common Stock,Nasdaq,LULD pause,2024-12-17,13:54:51
2024-12-17,13:44:27,LUXH,LuxUrban Hotels Inc. Common Stock,Nasdaq,LULD pause,2024-12-17,13:49:27
2024-12-17,13:38:32,LUXH,LuxUrban Hotels Inc. Common Stock,Nasdaq,LULD pause,2024-12-17,13:43:32
2024-12-17,13:33:01,LUXH,LuxUrban Hotels Inc. Common Stock,Nasdaq,LULD pause,2024-12-17,13:38:01
2024-12-17,13:26:45,LUXH,LuxUrban Hotels Inc. Common Stock,Nasdaq,LULD pause,2024-12-17,13:31:45
2024-12-17,13:21:13,LUXH,LuxUrban Hotels Inc. Common Stock,Nasdaq,LULD pause,2024-12-17,13:26:13
2024-12-17,13:14:12,LUXH,LuxUrban Hotels Inc. Common Stock,Nasdaq,LULD pause,2024-12-17,13:19:12
2024-12-17,13:08:07,TNMG,TNL Mediagene Ordinary Shares,Nasdaq,LULD pause,2024-12-17,13:13:07
2024-12-17,12:28:36,PRTG,Portage Biotech Inc. Common Stock,Nasdaq,LULD pause,2024-12-17,12:33:36
2024-12-17,12:26:10,AMOD,"""Alpha Modus Holdings, Inc. Class A Common Stock""",Nasdaq,LULD pause,2024-12-17,12:31:10
2024-12-17,12:22:53,NUKK,Nukkleus Inc. Common Stock,Nasdaq,LULD pause,2024-12-17,12:27:53
2024-12-17,12:21:15,PRTG,Portage Biotech Inc. Common Stock,Nasdaq,LULD pause,2024-12-17,12:26:15
2024-12-17,12:14:05,PRTG,Portage Biotech Inc. Common Stock,Nasdaq,LULD pause,2024-12-17,12:19:05
2024-12-17,12:03:22,PRTG,Portage Biotech Inc. Common Stock,Nasdaq,LULD pause,2024-12-17,12:08:22
2024-12-17,12:01:16,TNMG,TNL Mediagene Ordinary Shares,Nasdaq,LULD pause,2024-12-17,12:11:17
2024-12-17,11:54:02,PNST WS,"""Pinstripes Holdings, Inc. Warrants, each whole warrant exercisable for one share of Class A common stock at an exercise price of $11.50 per share""",NYSE,News pending,See Subsequent Halt,See Subsequent Halt
2024-12-17,11:39:23,DBGI,"""Digital Brands Group, Inc. Common Stock""",Nasdaq,LULD pause,2024-12-17,11:44:23
2024-12-17,11:39:04,OSTX,OS Therapies Incorporated,NYSE American,LULD pause,2024-12-17,11:44:04
2024-12-17,11:38:33,AMOD,"""Alpha Modus Holdings, Inc. Class A Common Stock""",Nasdaq,LULD pause,2024-12-17,11:43:33
2024-12-17,11:26:12,AMOD,"""Alpha Modus Holdings, Inc. Class A Common Stock""",Nasdaq,LULD pause,2024-12-17,11:31:12
2024-12-17,11:21:56,NUKK,Nukkleus Inc. Common Stock,Nasdaq,LULD pause,2024-12-17,11:26:56
2024-12-17,11:17:19,MNTS,Momentus Inc. Class A Common Stock,Nasdaq,LULD pause,2024-12-17,11:22:19
2024-12-17,11:03:05,AMOD,"""Alpha Modus Holdings, Inc. Class A Common Stock""",Nasdaq,LULD pause,2024-12-17,11:23:53
2024-12-17,10:46:24,RADX,Radiopharm Theranostics Limited American Depositary Shares,Nasdaq,LULD pause,2024-12-17,10:56:24
2024-12-17,10:33:41,RADX,Radiopharm Theranostics Limited American Depositary Shares,Nasdaq,LULD pause,2024-12-17,10:43:41
2024-12-17,10:06:33,TNMG,TNL Mediagene Ordinary Shares,Nasdaq,LULD pause,2024-12-17,10:16:33
2024-12-17,10:06:23,PRTG,Portage Biotech Inc. Common Stock,Nasdaq,LULD pause,2024-12-17,10:11:23
2024-12-17,10:02:29,NUKK,Nukkleus Inc. Common Stock,Nasdaq,LULD pause,2024-12-17,10:07:29
2024-12-17,09:54:32,ARQQ,Arqit Quantum Inc. Ordinary Shares,Nasdaq,LULD pause,2024-12-17,09:59:32
2024-12-17,09:52:12,KWE,KWESST Micro Systems Inc. Common Stock,Nasdaq,LULD pause,2024-12-17,10:02:12
2024-12-17,09:51:53,QMCO,Quantum Corporation,Nasdaq,LULD pause,2024-12-17,09:56:53
2024-12-17,09:50:21,PRTG,Portage Biotech Inc. Common Stock,Nasdaq,LULD pause,2024-12-17,09:55:21
2024-12-17,09:47:56,TNXP,Tonix Pharmaceuticals Holding Corp.,Nasdaq,LULD pause,2024-12-17,09:52:56
2024-12-17,09:47:46,SIDU,"""Sidus Space, Inc. Class A Common Stock""",Nasdaq,LULD pause,2024-12-17,09:52:46
2024-12-17,09:43:56,PRTG,Portage Biotech Inc. Common Stock,Nasdaq,LULD pause,2024-12-17,09:48:56
2024-12-17,09:41:50,QUBT,Quantum Computing Inc. Common,Nasdaq,LULD pause,2024-12-17,09:46:50
2024-12-17,09:41:31,ANNA,"""AleAnna, Inc. Class A Common Stock""",Nasdaq,LULD pause,2024-12-17,09:46:31
2024-12-17,09:40:44,XXII,22nd Century Group Inc.,Nasdaq,LULD pause,2024-12-17,09:45:44
2024-12-17,09:40:22,TNXP,Tonix Pharmaceuticals Holding Corp.,Nasdaq,LULD pause,2024-12-17,09:45:22
2024-12-17,09:37:32,AMTM,"""Amentum Holdings, Inc.""",NYSE,LULD pause,2024-12-17,09:42:32
2024-12-17,09:35:53,VCNX,"""Vaccinex, Inc. Common Stock""",Nasdaq,LULD pause,2024-12-17,09:40:53
2024-12-17,09:35:51,DBGI,"""Digital Brands Group, Inc. Common Stock""",Nasdaq,LULD pause,2024-12-17,09:40:51
2024-12-17,09:35:35,SIDU,"""Sidus Space, Inc. Class A Common Stock""",Nasdaq,LULD pause,2024-12-17,09:45:35
2024-12-17,09:35:01,ORKT,Orangekloud Technology Inc. Class A Ordinary Shares,Nasdaq,LULD pause,2024-12-17,09:45:01
2024-12-17,09:34:03,RTRE,Rareview Total Return Bond ETF,Cboe BZX,LULD pause,2024-12-17,09:39:03
2024-12-17,09:31:36,CANG,"""Cango Inc. American Depositary Shares,  each representing two (2) Class A Ordinary Shares""",NYSE,LULD pause,2024-12-17,09:37:03
2024-12-17,09:31:32,PRTG,Portage Biotech Inc. Common Stock,Nasdaq,LULD pause,2024-12-17,09:36:32
2024-12-17,08:10:00,PWOD,Penns Woods Bancorp Inc,Nasdaq,News pending,2024-12-17,09:00:00
2024-12-17,07:31:17,TNXP,Tonix Pharmaceuticals Holding Corp.,Nasdaq,News pending,2024-12-17,08:30:00
2024-12-17,07:15:27,LEV,The Lion Electric Company,NYSE,News pending,See Subsequent Halt,See Subsequent Halt
2024-12-17,07:15:27,LEV WSA,The Lion Electric Company Warrants to purchase common shares,NYSE,News pending,See Subsequent Halt,See Subsequent Halt
2024-12-16,19:50:00,XXII,22nd Century Group Inc.,Nasdaq,News pending,2024-12-17,09:00:00
2024-12-16,19:50:00,XXII,22nd Century Group Inc.,Nasdaq,News pending,,
2024-12-16,15:30:29,DBGI,"""Digital Brands Group, Inc. Common Stock""",Nasdaq,LULD pause,2024-12-16,15:35:29
2024-12-16,15:27:51,MNTS,Momentus Inc. Class A Common Stock,Nasdaq,LULD pause,2024-12-16,15:32:51
2024-12-16,15:13:52,AMOD,"""Alpha Modus Holdings, Inc. Class A Common Stock""",Nasdaq,LULD pause,2024-12-16,15:18:52
2024-12-16,14:11:37,VISL,"""Vislink Technologies, Inc. Common Stock""",Nasdaq,LULD pause,2024-12-16,14:16:37
2024-12-16,14:08:40,ORKT,Orangekloud Technology Inc. Class A Ordinary Shares,Nasdaq,LULD pause,2024-12-16,14:18:40
2024-12-16,14:03:52,AMOD,"""Alpha Modus Holdings, Inc. Class A Common Stock""",Nasdaq,LULD pause,2024-12-16,14:08:52
2024-12-16,13:24:39,MKZR,"""MacKenzie Realty Capital, Inc. Common Stock""",Nasdaq,LULD pause,2024-12-16,13:29:39
2024-12-16,13:10:31,XWEL,"""XWELL, Inc. Common Stock""",Nasdaq,LULD pause,2024-12-16,13:15:31
2024-12-16,13:00:23,MKZR,"""MacKenzie Realty Capital, Inc. Common Stock""",Nasdaq,LULD pause,2024-12-16,13:05:23
2024-12-16,12:15:18,BJDX,"""Bluejay Diagnostics, Inc. Common Stock""",Nasdaq,LULD pause,2024-12-16,12:25:18
2024-12-16,12:04:03,ENSC,"""Ensysce Biosciences, Inc. Common Stock""",Nasdaq,LULD pause,2024-12-16,12:09:03
2024-12-16,11:54:19,MNTS,Momentus Inc. Class A Common Stock,Nasdaq,LULD pause,2024-12-16,11:59:19
2024-12-16,11:52:08,ENSC,"""Ensysce Biosciences, Inc. Common Stock""",Nasdaq,LULD pause,2024-12-16,11:57:08
2024-12-16,11:36:05,MARX,Mars Acquisition Corp. Ordinary Shares,Nasdaq,LULD pause,2024-12-16,11:41:05
2024-12-16,11:30:53,AMOD,"""Alpha Modus Holdings, Inc. Class A Common Stock""",Nasdaq,LULD pause,2024-12-16,11:35:53
2024-12-16,11:23:59,ENSC,"""Ensysce Biosciences, Inc. Common Stock""",Nasdaq,LULD pause,2024-12-16,11:28:59
2024-12-16,11:21:16,SOBR,"""SOBR Safe, Inc. Common Stock""",Nasdaq,LULD pause,2024-12-16,11:26:16
2024-12-16,11:18:29,ENSC,"""Ensysce Biosciences, Inc. Common Stock""",Nasdaq,LULD pause,2024-12-16,11:23:29
2024-12-16,11:09:38,AMOD,"""Alpha Modus Holdings, Inc. Class A Common Stock""",Nasdaq,LULD pause,2024-12-16,11:14:38
2024-12-16,11:02:46,ENSC,"""Ensysce Biosciences, Inc. Common Stock""",Nasdaq,LULD pause,2024-12-16,11:17:47
2024-12-16,10:47:23,CGTL,Creative Global Technology Holdings Limited Ordinary Shares,Nasdaq,LULD pause,2024-12-16,10:52:23
2024-12-16,10:47:10,ANNA,"""AleAnna, Inc. Class A Common Stock""",Nasdaq,LULD pause,2024-12-16,10:52:10
2024-12-16,10:26:56,CGTL,Creative Global Technology Holdings Limited Ordinary Shares,Nasdaq,LULD pause,2024-12-16,10:46:56
2024-12-16,10:25:55,ANNA,"""AleAnna, Inc. Class A Common Stock""",Nasdaq,LULD pause,2024-12-16,10:45:55
2024-12-16,10:22:08,SONM,"""Sonim Technologies, Inc. Common Stock""",Nasdaq,LULD pause,2024-12-16,10:32:08
2024-12-16,10:20:17,ANNA,"""AleAnna, Inc. Class A Common Stock""",Nasdaq,LULD pause,2024-12-16,10:25:17
2024-12-16,10:04:47,ANNA,"""AleAnna, Inc. Class A Common Stock""",Nasdaq,LULD pause,2024-12-16,10:19:48
2024-12-16,09:54:33,LRMR,"""Larimar Therapeutics, Inc. Common Stock""",Nasdaq,LULD pause,2024-12-16,10:04:34
2024-12-16,09:53:29,ZCAR,"""Zoomcar Holdings, Inc. Common Stock""",Nasdaq,LULD pause,2024-12-16,09:58:29
2024-12-16,09:53:25,ANNA,"""AleAnna, Inc. Class A Common Stock""",Nasdaq,LULD pause,2024-12-16,10:03:26
2024-12-16,09:47:15,WKEY,WISeKey International Holding AG American Depositary Shares,Nasdaq,LULD pause,2024-12-16,09:52:15
2024-12-16,09:45:47,LRMR,"""Larimar Therapeutics, Inc. Common Stock""",Nasdaq,LULD pause,2024-12-16,09:50:47
2024-12-16,09:43:53,ZCAR,"""Zoomcar Holdings, Inc. Common Stock""",Nasdaq,LULD pause,2024-12-16,09:48:53
2024-12-16,09:42:47,GDHG,Golden Heaven Group Holdings Ltd. Class A Ordinary Shares,Nasdaq,LULD pause,2024-12-16,09:47:47
2024-12-16,09:41:58,SOBR,"""SOBR Safe, Inc. Common Stock""",Nasdaq,LULD pause,2024-12-16,09:46:58
2024-12-16,09:37:50,RAY,Raytech Holding Limited Ordinary Shares,Nasdaq,LULD pause,2024-12-16,09:42:50
2024-12-16,09:36:33,ANNA,"""AleAnna, Inc. Class A Common Stock""",Nasdaq,LULD pause,2024-12-16,09:51:33
2024-12-16,09:36:22,LRMR,"""Larimar Therapeutics, Inc. Common Stock""",Nasdaq,LULD pause,2024-12-16,09:41:22
2024-12-16,09:33:30,MYNZ,Mainz Biomed N.V. Ordinary Shares,Nasdaq,LULD pause,2024-12-16,09:43:30
2024-12-16,09:08:12,BFAC U,"""Battery Future Acquisition Corp. Units, each consisting of one Class A ordinary share and one-half of one redeemable warrant""",NYSE,News Released,,
2024-12-16,09:08:12,BFAC WS,"""Battery Future Acquisition Corp. Warrants, each whole warrant exercisable for one Class A ordinary share at an exercise price of $11.50 per share""",NYSE,News Released,,
2024-12-16,09:08:12,BFAC,Battery Future Acquisition Corp.,NYSE,News Released,,
2024-12-16,09:07:11,EVE,EVe Mobility Acquisition Corp,NYSE American,News Released,,
2024-12-16,09:07:11,EVE U,"""EVe Mobility Acquisition Corp Units, each consisting of one Class A ordinary share and one-half of one redeemable warrant""",NYSE American,News Released,,
2024-12-16,09:07:11,EVE WS,"""EVe Mobility Acquisition Corp Redeemable warrants, each whole warrant exercisable for one Class A ordinary share at an exercise price of $11.50""",NYSE American,News Released,,
2024-12-16,06:55:00,FHTX,Foghorn Therapeutics Inc. Common Stock,Nasdaq,News pending,2024-12-16,07:30:00
2024-12-16,03:51:18,BFAC WS,"""Battery Future Acquisition Corp. Warrants, each whole warrant exercisable for one Class A ordinary share at an exercise price of $11.50 per share""",NYSE,News pending,See Subsequent Halt,See Subsequent Halt
2024-12-16,03:51:18,BFAC U,"""Battery Future Acquisition Corp. Units, each consisting of one Class A ordinary share and one-half of one redeemable warrant""",NYSE,News pending,See Subsequent Halt,See Subsequent Halt
2024-12-16,03:51:18,BFAC,Battery Future Acquisition Corp.,NYSE,News pending,See Subsequent Halt,See Subsequent Halt
2024-12-16,03:50:44,EVE,EVe Mobility Acquisition Corp,NYSE American,News pending,See Subsequent Halt,See Subsequent Halt
2024-12-16,03:50:44,EVE U,"""EVe Mobility Acquisition Corp Units, each consisting of one Class A ordinary share and one-half of one redeemable warrant""",NYSE American,News pending,See Subsequent Halt,See Subsequent Halt
2024-12-16,03:50:44,EVE WS,"""EVe Mobility Acquisition Corp Redeemable warrants, each whole warrant exercisable for one Class A ordinary share at an exercise price of $11.50""",NYSE American,News pending,See Subsequent Halt,See Subsequent Halt
2024-12-13,17:26:59,CKPT,"""Checkpoint Therapeutics, Inc. Common Stock""",Nasdaq,News pending,2024-12-13,18:45:00
2024-12-13,16:29:37,WEL U,"""Integrated Wellness Acquisition Corp Units, each consisting of one Class A ordinary share and one-half of one redeemable warrant""",NYSE,News Released,,
2024-12-13,16:29:37,WEL WS,Integrated Wellness Acquisition Corp Redeemable Warrants,NYSE,News Released,,
2024-12-13,16:29:37,WEL,Integrated Wellness Acquisition Corp,NYSE,News Released,,
2024-12-13,16:18:45,AUMN,Golden Minerals Company,NYSE American,News Released,,
2024-12-13,16:05:14,WEL U,"""Integrated Wellness Acquisition Corp Units, each consisting of one Class A ordinary share and one-half of one redeemable warrant""",NYSE,News pending,See Subsequent Halt,See Subsequent Halt
2024-12-13,16:05:14,WEL WS,Integrated Wellness Acquisition Corp Redeemable Warrants,NYSE,News pending,See Subsequent Halt,See Subsequent Halt
2024-12-13,16:05:14,WEL,Integrated Wellness Acquisition Corp,NYSE,News pending,See Subsequent Halt,See Subsequent Halt
2024-12-13,15:31:46,AUMN,Golden Minerals Company,NYSE American,News pending,See Subsequent Halt,See Subsequent Halt
2024-12-13,14:58:09,INAQU,Insight Acquisition Corp. Units,Nasdaq,LULD pause,2024-12-13,15:03:09
2024-12-13,14:54:05,MHH,"""Mastech Digital, Inc.""",NYSE American,News pending,,
2024-12-13,14:54:05,MHH,"""Mastech Digital, Inc.""",NYSE American,News pending,2024-12-16,09:20:00
2024-12-13,14:50:09,INAQU,Insight Acquisition Corp. Units,Nasdaq,LULD pause,2024-12-13,14:55:09
2024-12-13,14:48:38,INAQ,Insight Acquisition Corp. Class A Common Stock,Nasdaq,LULD pause,2024-12-13,14:53:38
2024-12-13,14:34:23,CYCCP,"""Cyclacel Pharmaceuticals, Inc. 6% Cnvrtbl. Prfrd. Stock""",Nasdaq,LULD pause,2024-12-13,14:39:23
2024-12-13,14:10:39,WKEY,WISeKey International Holding AG American Depositary Shares,Nasdaq,LULD pause,2024-12-13,14:15:39
2024-12-13,14:00:39,WKEY,WISeKey International Holding AG American Depositary Shares,Nasdaq,LULD pause,2024-12-13,14:05:39
2024-12-13,13:18:38,LVRO,Lavoro Limited Class A Ordinary Shares,Nasdaq,LULD pause,2024-12-13,13:28:39
2024-12-13,11:55:40,WKEY,WISeKey International Holding AG American Depositary Shares,Nasdaq,LULD pause,2024-12-13,12:00:40
2024-12-13,11:40:53,WKEY,WISeKey International Holding AG American Depositary Shares,Nasdaq,LULD pause,2024-12-13,11:45:53
2024-12-13,11:34:27,EVOK,"""Evoke Pharma, Inc.""",Nasdaq,LULD pause,2024-12-13,11:39:27
2024-12-13,11:30:21,NL,"""NL Industries, Inc.""",NYSE,LULD pause,2024-12-13,11:35:35
2024-12-13,11:01:20,DBGI,"""Digital Brands Group, Inc. Common Stock""",Nasdaq,LULD pause,2024-12-13,11:06:20
2024-12-13,10:55:38,DBGI,"""Digital Brands Group, Inc. Common Stock""",Nasdaq,LULD pause,2024-12-13,11:00:38
2024-12-13,10:45:01,WKEY,WISeKey International Holding AG American Depositary Shares,Nasdaq,LULD pause,2024-12-13,10:50:01
2024-12-13,10:43:51,SNES,"""SenesTech, Inc. Common Stock""",Nasdaq,LULD pause,2024-12-13,10:48:51
2024-12-13,10:18:56,WKEY,WISeKey International Holding AG American Depositary Shares,Nasdaq,LULD pause,2024-12-13,10:23:56
2024-12-13,10:13:25,WKEY,WISeKey International Holding AG American Depositary Shares,Nasdaq,LULD pause,2024-12-13,10:18:25
2024-12-13,10:12:46,GTI,Graphjet Technology Class A Ordinary Shares,Nasdaq,LULD pause,2024-12-13,10:17:46
2024-12-13,10:10:02,GELS,Gelteq Limited Ordinary Shares,Nasdaq,LULD pause,2024-12-13,10:20:02
2024-12-13,10:08:23,INHD,Inno Holdings Inc. Common Stock,Nasdaq,LULD pause,2024-12-13,10:13:23
2024-12-13,10:07:41,WKEY,WISeKey International Holding AG American Depositary Shares,Nasdaq,LULD pause,2024-12-13,10:12:41
2024-12-13,10:01:36,ATIF,ATIF Holdings Limited Ordinary Shares,Nasdaq,LULD pause,2024-12-13,10:06:36
2024-12-13,10:01:05,INHD,Inno Holdings Inc. Common Stock,Nasdaq,LULD pause,2024-12-13,10:06:05
2024-12-13,09:56:57,WKEY,WISeKey International Holding AG American Depositary Shares,Nasdaq,LULD pause,2024-12-13,10:06:57
2024-12-13,09:55:41,IVCP,Swiftmerge Acquisition Corp. Class A Ordinary Share,Nasdaq,LULD pause,2024-12-13,10:00:41
2024-12-13,09:51:59,EFSH,1847 Holdings LLC,NYSE American,News pending,2024-12-13,10:20:00
2024-12-13,09:46:14,ATIF,ATIF Holdings Limited Ordinary Shares,Nasdaq,LULD pause,2024-12-13,09:51:14
2024-12-13,09:38:24,RPTX,Repare Therapeutics Inc. Common Shares,Nasdaq,LULD pause,2024-12-13,09:43:24
2024-12-13,09:38:11,SDST,Stardust Power Inc. Common Stock,Nasdaq,LULD pause,2024-12-13,09:43:11
2024-12-13,09:35:51,WKEY,WISeKey International Holding AG American Depositary Shares,Nasdaq,LULD pause,2024-12-13,09:56:37
2024-12-13,09:30:58,IVCPU,Swiftmerge Acquisition Corp. Unit,Nasdaq,LULD pause,2024-12-13,09:46:21
2024-12-13,08:45:44,PGRU,PropertyGuru Group Limited,NYSE,Merger Effective,,
2024-12-12,19:50:00,DBGIW,"""Digital Brands Group, Inc. Warrant""",Nasdaq,News pending,2024-12-13,09:05:00
2024-12-12,19:50:00,DBGIW,"""Digital Brands Group, Inc. Warrant""",Nasdaq,News pending,,
2024-12-12,19:50:00,BLUE,"""bluebird bio, Inc. Common Stock""",Nasdaq,News pending,2024-12-13,09:00:00
2024-12-12,19:50:00,BLUE,"""bluebird bio, Inc. Common Stock""",Nasdaq,News pending,,
2024-12-12,19:50:00,DBGI,"""Digital Brands Group, Inc. Common Stock""",Nasdaq,News pending,2024-12-13,09:00:00
2024-12-12,19:50:00,DBGI,"""Digital Brands Group, Inc. Common Stock""",Nasdaq,News pending,,
2024-12-12,19:50:00,MNTSW,Momentus Inc. Warrant,Nasdaq,News pending,,
2024-12-12,19:50:00,MNTSW,Momentus Inc. Warrant,Nasdaq,News pending,2024-12-13,09:05:00
2024-12-12,19:50:00,MNTS,Momentus Inc. Class A Common Stock,Nasdaq,News pending,,
2024-12-12,19:50:00,MNTS,Momentus Inc. Class A Common Stock,Nasdaq,News pending,2024-12-13,09:00:00
2024-12-12,19:50:00,MLGO,"""MicroAlgo, Inc. Ordinary Shares""",Nasdaq,News pending,,
2024-12-12,19:50:00,MLGO,"""MicroAlgo, Inc. Ordinary Shares""",Nasdaq,News pending,2024-12-13,09:00:00
2024-12-12,16:53:32,TBC,AT&T Inc. 5.625% Global Notes due 2067,NYSE,News Released,,
2024-12-12,15:53:14,CYCCP,"""Cyclacel Pharmaceuticals, Inc. 6% Cnvrtbl. Prfrd. Stock""",Nasdaq,LULD pause,2024-12-12,16:02:26
2024-12-12,15:48:14,BJDX,"""Bluejay Diagnostics, Inc. Common Stock""",Nasdaq,LULD pause,2024-12-12,16:00:00
2024-12-12,14:34:51,KOS,Kosmos Energy Ltd.,NYSE,News pending,2024-12-12,15:21:41
2024-12-12,13:55:08,LNKS,Linkers Industries Limited Class A Ordinary Shares,Nasdaq,LULD pause,2024-12-12,14:00:08
2024-12-12,13:36:11,INAQU,Insight Acquisition Corp. Units,Nasdaq,LULD pause,2024-12-12,13:41:11
2024-12-12,13:16:44,APVO,Aptevo Therapeutics Inc,Nasdaq,LULD pause,2024-12-12,13:21:44
2024-12-12,13:02:38,APVO,Aptevo Therapeutics Inc,Nasdaq,LULD pause,2024-12-12,13:07:38
2024-12-12,12:56:09,APVO,Aptevo Therapeutics Inc,Nasdaq,LULD pause,2024-12-12,13:01:09
2024-12-12,12:51:10,HTLM,HomesToLife Ltd Ordinary Shares,Nasdaq,LULD pause,2024-12-12,12:56:10
2024-12-12,12:46:09,LBGJ,Li Bang International Corporation Inc. Ordinary Shares,Nasdaq,LULD pause,2024-12-12,12:51:09
2024-12-12,12:40:34,OSTX,OS Therapies Incorporated,NYSE American,LULD pause,2024-12-12,12:45:34
2024-12-12,12:40:11,LBGJ,Li Bang International Corporation Inc. Ordinary Shares,Nasdaq,LULD pause,2024-12-12,12:45:11
2024-12-12,12:34:49,LBGJ,Li Bang International Corporation Inc. Ordinary Shares,Nasdaq,LULD pause,2024-12-12,12:39:49
2024-12-12,12:26:59,OSTX,OS Therapies Incorporated,NYSE American,LULD pause,2024-12-12,12:36:59
2024-12-12,12:17:29,OSTX,OS Therapies Incorporated,NYSE American,LULD pause,2024-12-12,12:22:29
2024-12-12,12:06:50,OSTX,OS Therapies Incorporated,NYSE American,LULD pause,2024-12-12,12:16:50
2024-12-12,12:05:31,PALI,"""Palisade Bio, Inc. Common Stock""",Nasdaq,LULD pause,2024-12-12,12:10:31
2024-12-12,11:59:16,JUNS,"""Jupiter Neurosciences, Inc. Common Stock""",Nasdaq,LULD pause,2024-12-12,12:04:16
2024-12-12,11:51:40,HTLM,HomesToLife Ltd Ordinary Shares,Nasdaq,LULD pause,2024-12-12,11:56:40
2024-12-12,11:47:03,TBC,AT&T Inc. 5.625% Global Notes due 2067,NYSE,News pending,See Subsequent Halt,See Subsequent Halt
2024-12-12,11:01:27,WOK,WORK Medical Technology Group LTD Ordinary Shares,Nasdaq,LULD pause,2024-12-12,11:06:27
2024-12-12,10:51:55,WOK,WORK Medical Technology Group LTD Ordinary Shares,Nasdaq,LULD pause,2024-12-12,10:56:55
2024-12-12,10:51:30,KGS,"""Kodiak Gas Services, Inc.""",NYSE,News pending,2024-12-12,11:15:04
2024-12-12,10:39:50,WOK,WORK Medical Technology Group LTD Ordinary Shares,Nasdaq,LULD pause,2024-12-12,10:49:50
2024-12-12,10:34:00,TNMG,TNL Mediagene Ordinary Shares,Nasdaq,LULD pause,2024-12-12,10:39:00
2024-12-12,10:21:26,WHLR,"""Wheeler Real Estate Investment Trust, Inc""",Nasdaq,LULD pause,2024-12-12,10:26:26
2024-12-12,10:05:30,TNMG,TNL Mediagene Ordinary Shares,Nasdaq,LULD pause,2024-12-12,10:10:30
2024-12-12,10:03:33,PTLE,PTL LTD Ordinary Shares,Nasdaq,LULD pause,2024-12-12,10:13:33
2024-12-12,09:57:57,PTLE,PTL LTD Ordinary Shares,Nasdaq,LULD pause,2024-12-12,10:02:57
2024-12-12,09:52:44,RADX,Radiopharm Theranostics Limited American Depositary Shares,Nasdaq,LULD pause,2024-12-12,09:57:44
2024-12-12,09:52:10,SFHG,Samfine Creation Holdings Group Limited Ordinary Share,Nasdaq,LULD pause,2024-12-12,09:57:10
2024-12-12,09:51:39,OSTX,OS Therapies Incorporated,NYSE American,LULD pause,2024-12-12,09:56:39
2024-12-12,09:47:39,PTLE,PTL LTD Ordinary Shares,Nasdaq,LULD pause,2024-12-12,09:52:39
2024-12-12,09:43:00,SFHG,Samfine Creation Holdings Group Limited Ordinary Share,Nasdaq,LULD pause,2024-12-12,09:48:00
2024-12-12,09:42:11,APVO,Aptevo Therapeutics Inc,Nasdaq,LULD pause,2024-12-12,09:47:11
2024-12-12,09:33:25,SFHG,Samfine Creation Holdings Group Limited Ordinary Share,Nasdaq,LULD pause,2024-12-12,09:38:25
2024-12-12,09:33:02,APVO,Aptevo Therapeutics Inc,Nasdaq,LULD pause,2024-12-12,09:38:02
2024-12-12,09:32:24,RADX,Radiopharm Theranostics Limited American Depositary Shares,Nasdaq,LULD pause,2024-12-12,09:37:24
2024-12-12,09:31:03,INVZ,Innoviz Technologies Ltd. Ordinary shares,Nasdaq,LULD pause,2024-12-12,09:36:03
2024-12-12,09:30:19,OSTX,OS Therapies Incorporated,NYSE American,LULD pause,2024-12-12,09:40:19
2024-12-11,19:50:00,LUMO,"""Lumos Pharma, Inc. Common Stock""",Nasdaq,News pending,,
2024-12-11,19:50:00,AY,Atlantica Sustainable Infrastructure plc Ordinary Shares,Nasdaq,News pending,,
2024-12-11,15:43:58,SFHG,Samfine Creation Holdings Group Limited Ordinary Share,Nasdaq,LULD pause,2024-12-11,15:48:58
2024-12-11,15:37:55,SFHG,Samfine Creation Holdings Group Limited Ordinary Share,Nasdaq,LULD pause,2024-12-11,15:42:55
2024-12-11,15:08:47,SFHG,Samfine Creation Holdings Group Limited Ordinary Share,Nasdaq,LULD pause,2024-12-11,15:13:47
2024-12-11,15:02:26,SFHG,Samfine Creation Holdings Group Limited Ordinary Share,Nasdaq,LULD pause,2024-12-11,15:07:26
2024-12-11,14:47:14,SFHG,Samfine Creation Holdings Group Limited Ordinary Share,Nasdaq,LULD pause,2024-12-11,14:52:14
2024-12-11,14:37:48,SFHG,Samfine Creation Holdings Group Limited Ordinary Share,Nasdaq,LULD pause,2024-12-11,14:42:48
2024-12-11,14:36:27,NEHC,New Era Helium Inc Common Stock,Nasdaq,LULD pause,2024-12-11,14:41:27
2024-12-11,14:32:08,MARX,Mars Acquisition Corp. Ordinary Shares,Nasdaq,LULD pause,2024-12-11,14:37:08
2024-12-11,14:30:14,SFHG,Samfine Creation Holdings Group Limited Ordinary Share,Nasdaq,LULD pause,2024-12-11,14:35:14
2024-12-11,14:17:52,SFHG,Samfine Creation Holdings Group Limited Ordinary Share,Nasdaq,LULD pause,2024-12-11,14:27:52
2024-12-11,14:07:09,SFHG,Samfine Creation Holdings Group Limited Ordinary Share,Nasdaq,LULD pause,2024-12-11,14:17:09
2024-12-11,14:00:30,AQB,"""AquaBounty Technologies, Inc.""",Nasdaq,LULD pause,2024-12-11,14:05:30
2024-12-11,13:56:24,SFHG,Samfine Creation Holdings Group Limited Ordinary Share,Nasdaq,LULD pause,2024-12-11,14:06:24
2024-12-11,13:54:07,ATLN,Atlantic International Corp. Common Stock,Nasdaq,LULD pause,2024-12-11,14:04:07
2024-12-11,13:51:06,SFHG,Samfine Creation Holdings Group Limited Ordinary Share,Nasdaq,LULD pause,2024-12-11,13:56:06
2024-12-11,13:42:21,SFHG,Samfine Creation Holdings Group Limited Ordinary Share,Nasdaq,LULD pause,2024-12-11,13:47:21
2024-12-11,13:31:58,SFHG,Samfine Creation Holdings Group Limited Ordinary Share,Nasdaq,LULD pause,2024-12-11,13:36:58
2024-12-11,13:21:29,SFHG,Samfine Creation Holdings Group Limited Ordinary Share,Nasdaq,LULD pause,2024-12-11,13:31:29
2024-12-11,13:15:39,SFHG,Samfine Creation Holdings Group Limited Ordinary Share,Nasdaq,LULD pause,2024-12-11,13:20:39
2024-12-11,13:03:49,SFHG,Samfine Creation Holdings Group Limited Ordinary Share,Nasdaq,LULD pause,2024-12-11,13:13:50
2024-12-11,13:03:19,MBNE,SPDR Nuveen Municipal Bond ESG ETF,Cboe BZX,LULD pause,2024-12-11,13:08:19
2024-12-11,12:52:33,SFHG,Samfine Creation Holdings Group Limited Ordinary Share,Nasdaq,LULD pause,2024-12-11,13:02:33
2024-12-11,12:42:03,SFHG,Samfine Creation Holdings Group Limited Ordinary Share,Nasdaq,LULD pause,2024-12-11,12:52:03
2024-12-11,12:13:05,SFHG,Samfine Creation Holdings Group Limited Ordinary Share,Nasdaq,LULD pause,2024-12-11,12:41:35
2024-12-11,11:52:42,SFHG,Samfine Creation Holdings Group Limited Ordinary Share,Nasdaq,LULD pause,2024-12-11,12:12:42
2024-12-11,11:51:14,CADL,"""Candel Therapeutics, Inc. Common Stock""",Nasdaq,LULD pause,2024-12-11,11:56:14
2024-12-11,11:30:48,SFHG,Samfine Creation Holdings Group Limited Ordinary Share,Nasdaq,LULD pause,2024-12-11,11:52:24
2024-12-11,11:25:32,SFHG,Samfine Creation Holdings Group Limited Ordinary Share,Nasdaq,LULD pause,2024-12-11,11:30:32
2024-12-11,10:25:05,NEHC,New Era Helium Inc Common Stock,Nasdaq,LULD pause,2024-12-11,10:35:05
2024-12-11,10:07:40,LNKS,Linkers Industries Limited Class A Ordinary Shares,Nasdaq,LULD pause,2024-12-11,10:12:40
2024-12-11,10:06:06,QMCO,Quantum Corporation,Nasdaq,LULD pause,2024-12-11,10:11:06
2024-12-11,10:01:27,LNKS,Linkers Industries Limited Class A Ordinary Shares,Nasdaq,LULD pause,2024-12-11,10:06:27
2024-12-11,09:56:04,LNKS,Linkers Industries Limited Class A Ordinary Shares,Nasdaq,LULD pause,2024-12-11,10:01:04
2024-12-11,09:51:43,GELS,Gelteq Limited Ordinary Shares,Nasdaq,LULD pause,2024-12-11,09:56:43
2024-12-11,09:50:21,LDTC,LeddarTech Holdings Inc. Common Shares,Nasdaq,LULD pause,2024-12-11,09:55:21
2024-12-11,09:47:17,NIXX,"""Nixxy, Inc. Common Stock""",Nasdaq,LULD pause,2024-12-11,09:52:17
2024-12-11,09:47:00,CADL,"""Candel Therapeutics, Inc. Common Stock""",Nasdaq,LULD pause,2024-12-11,09:52:00
2024-12-11,09:43:56,GELS,Gelteq Limited Ordinary Shares,Nasdaq,LULD pause,2024-12-11,09:48:56
2024-12-11,09:43:12,LNKS,Linkers Industries Limited Class A Ordinary Shares,Nasdaq,LULD pause,2024-12-11,09:53:12
2024-12-11,09:42:22,LAES,SEALSQ Corp Ordinary Shares,Nasdaq,LULD pause,2024-12-11,09:47:22
2024-12-11,09:35:47,NEHC,New Era Helium Inc Common Stock,Nasdaq,LULD pause,2024-12-11,09:45:47
2024-12-11,09:35:42,LDTC,LeddarTech Holdings Inc. Common Shares,Nasdaq,LULD pause,2024-12-11,09:40:42
2024-12-11,09:32:24,CADL,"""Candel Therapeutics, Inc. Common Stock""",Nasdaq,LULD pause,2024-12-11,09:37:24
2024-12-11,09:30:28,RITR,Reitar Logtech Holdings Limited Ordinary shares,Nasdaq,LULD pause,2024-12-11,09:35:28
2024-12-11,09:30:25,NIXX,"""Nixxy, Inc. Common Stock""",Nasdaq,LULD pause,2024-12-11,09:46:54
2024-12-11,08:25:00,ANAB,"""AnaptysBio, Inc. Common Stock""",Nasdaq,News pending,2024-12-11,09:00:00
2024-12-11,06:55:00,PDCO,"""Patterson Companies, Inc.""",Nasdaq,News pending,2024-12-11,07:30:00
2024-12-10,16:55:00,CLRB,Cellectar Biosciences INC NEW,Nasdaq,News pending,2024-12-10,17:30:00
2024-12-10,16:32:59,ATEK U,"""Athena Technology Acquisition Corp. II Units, each consisting of one share of Class A common stock, and one-half of one Redeemable Warrant""",NYSE American,News Released,,
2024-12-10,16:32:59,ATEK,Athena Technology Acquisition Corp. II,NYSE American,News Released,,
2024-12-10,16:32:59,ATEK WS,Athena Technology Acquisition Corp. II Redeemable Warrants,NYSE American,News Released,,
2024-12-10,16:25:00,SLRN,"""ACELYRIN, INC. Common Stock""",Nasdaq,News pending,2024-12-10,17:00:00
2024-12-10,16:05:06,ATEK WS,Athena Technology Acquisition Corp. II Redeemable Warrants,NYSE American,News pending,See Subsequent Halt,See Subsequent Halt
2024-12-10,16:05:06,ATEK U,"""Athena Technology Acquisition Corp. II Units, each consisting of one share of Class A common stock, and one-half of one Redeemable Warrant""",NYSE American,News pending,See Subsequent Halt,See Subsequent Halt
2024-12-10,16:05:06,ATEK,Athena Technology Acquisition Corp. II,NYSE American,News pending,See Subsequent Halt,See Subsequent Halt
2024-12-10,16:00:15,SPRB,"""Spruce Biosciences, Inc. Common Stock""",Nasdaq,News pending,2024-12-10,16:30:00
2024-12-10,15:54:41,GXAI,Gaxos.ai Inc. Common Stock,Nasdaq,LULD pause,2024-12-10,16:00:00
2024-12-10,15:34:38,X,United States Steel Corporation,NYSE,LULD pause,2024-12-10,15:39:42
2024-12-10,15:29:07,X,United States Steel Corporation,NYSE,LULD pause,2024-12-10,15:34:21
2024-12-10,15:27:59,ACI,"""Albertsons Companies, Inc.""",NYSE,LULD pause,2024-12-10,15:33:06
2024-12-10,15:23:04,IVCPU,Swiftmerge Acquisition Corp. Unit,Nasdaq,LULD pause,2024-12-10,15:33:04
2024-12-10,15:22:21,ACI,"""Albertsons Companies, Inc.""",NYSE,LULD pause,2024-12-10,15:27:35
2024-12-10,13:31:48,APLM,Apollomics Inc. Class A Ordinary Shares,Nasdaq,LULD pause,2024-12-10,13:36:48
2024-12-10,12:31:33,WBA,"""Walgreens Boots Alliance, Inc""",Nasdaq,LULD pause,2024-12-10,12:41:34
2024-12-10,12:02:48,FBYD,"""Falcon's Beyond Global, Inc. Class A Common Stock""",Nasdaq,LULD pause,2024-12-10,12:07:48
2024-12-10,11:02:14,GRNQ,Greenpro Capital Corp. Common Stock,Nasdaq,LULD pause,2024-12-10,11:07:14
2024-12-10,10:52:10,GXAI,Gaxos.ai Inc. Common Stock,Nasdaq,LULD pause,2024-12-10,10:57:10
2024-12-10,10:48:13,JUNS,"""Jupiter Neurosciences, Inc. Common Stock""",Nasdaq,LULD pause,2024-12-10,10:53:13
2024-12-10,10:37:21,JUNS,"""Jupiter Neurosciences, Inc. Common Stock""",Nasdaq,LULD pause,2024-12-10,10:42:21
2024-12-10,10:36:15,JTAI,Jet.AI Inc. Common Stock,Nasdaq,LULD pause,2024-12-10,10:41:15
2024-12-10,10:26:35,JUNS,"""Jupiter Neurosciences, Inc. Common Stock""",Nasdaq,LULD pause,2024-12-10,10:36:35
2024-12-10,10:24:59,NEHC,New Era Helium Inc Common Stock,Nasdaq,LULD pause,2024-12-10,10:34:59
2024-12-10,10:21:19,JUNS,"""Jupiter Neurosciences, Inc. Common Stock""",Nasdaq,LULD pause,2024-12-10,10:26:19
2024-12-10,10:16:03,JUNS,"""Jupiter Neurosciences, Inc. Common Stock""",Nasdaq,LULD pause,2024-12-10,10:21:03
2024-12-10,10:15:40,NEHC,New Era Helium Inc Common Stock,Nasdaq,LULD pause,2024-12-10,10:20:40
2024-12-10,10:07:52,TNMG,TNL Mediagene Ordinary Shares,Nasdaq,LULD pause,2024-12-10,10:17:52
2024-12-10,10:06:11,NEHC,New Era Helium Inc Common Stock,Nasdaq,LULD pause,2024-12-10,10:11:11
2024-12-10,10:00:45,JUNS,"""Jupiter Neurosciences, Inc. Common Stock""",Nasdaq,LULD pause,2024-12-10,10:15:45
2024-12-10,09:58:38,TNMG,TNL Mediagene Ordinary Shares,Nasdaq,LULD pause,2024-12-10,10:03:38
2024-12-10,09:56:59,NEHC,New Era Helium Inc Common Stock,Nasdaq,LULD pause,2024-12-10,10:01:59
2024-12-10,09:56:49,GELS,Gelteq Limited Ordinary Shares,Nasdaq,LULD pause,2024-12-10,10:01:49
2024-12-10,09:47:40,NEHC,New Era Helium Inc Common Stock,Nasdaq,LULD pause,2024-12-10,09:52:40
2024-12-10,09:47:29,GELS,Gelteq Limited Ordinary Shares,Nasdaq,LULD pause,2024-12-10,09:52:29
2024-12-10,09:43:33,HWH,HWH International Inc. Common Stock,Nasdaq,LULD pause,2024-12-10,09:48:33
2024-12-10,09:43:10,QURE,uniQure N.V.,Nasdaq,LULD pause,2024-12-10,09:48:10
2024-12-10,09:41:31,GELS,Gelteq Limited Ordinary Shares,Nasdaq,LULD pause,2024-12-10,09:46:31
2024-12-10,09:40:27,MGX,"""Metagenomi, Inc. Common Stock""",Nasdaq,LULD pause,2024-12-10,09:45:27
2024-12-10,09:35:38,JL,J-Long Group Limited Ordinary Shares,Nasdaq,LULD pause,2024-12-10,09:40:38
2024-12-10,09:35:17,SATL,Satellogic Inc. Class A Ordinary Shares,Nasdaq,LULD pause,2024-12-10,09:40:17
2024-12-10,09:35:14,NEHC,New Era Helium Inc Common Stock,Nasdaq,LULD pause,2024-12-10,09:40:14
2024-12-10,09:34:12,TNMG,TNL Mediagene Ordinary Shares,Nasdaq,LULD pause,2024-12-10,09:39:12
2024-12-10,09:33:47,MSW,Ming Shing Group Holdings Limited Ordinary Shares,Nasdaq,LULD pause,2024-12-10,09:38:47
2024-12-10,09:30:43,MGX,"""Metagenomi, Inc. Common Stock""",Nasdaq,LULD pause,2024-12-10,09:35:43
2024-12-10,09:30:18,FBYD,"""Falcon's Beyond Global, Inc. Class A Common Stock""",Nasdaq,LULD pause,2024-12-10,09:40:19
2024-12-10,06:55:00,NAMSW,NewAmsterdam Pharma Company N.V. Warrant,Nasdaq,News pending,2024-12-10,07:35:00
2024-12-10,06:55:00,NAMS,NewAmsterdam Pharma Company N.V. Ordinary Shares,Nasdaq,News pending,2024-12-10,07:30:00
2024-12-10,06:55:00,CRVO,CervoMed Inc. Common Stock,Nasdaq,News pending,2024-12-10,07:30:00
2024-12-09,19:50:00,JL,J-Long Group Limited Ordinary Shares,Nasdaq,News pending,2024-12-10,09:00:00
2024-12-09,19:50:00,JL,J-Long Group Limited Ordinary Shares,Nasdaq,News pending,,
2024-12-09,16:45:25,TCS,"""THE CONTAINER STORE GROUP, INC.""",NYSE,News Released,,
2024-12-09,16:08:10,TCS,"""THE CONTAINER STORE GROUP, INC.""",NYSE,News pending,See Subsequent Halt,See Subsequent Halt
2024-12-09,15:27:09,TNMG,TNL Mediagene Ordinary Shares,Nasdaq,LULD pause,2024-12-09,15:32:09
2024-12-09,15:12:29,TNMG,TNL Mediagene Ordinary Shares,Nasdaq,LULD pause,2024-12-09,15:22:29
2024-12-09,15:03:45,CHSN,Chanson International Holding Class A Ordinary Shares,Nasdaq,LULD pause,2024-12-09,16:00:00
2024-12-09,14:57:49,TLYS,Tilly's Inc.,NYSE,LULD pause,2024-12-09,15:02:52
2024-12-09,14:35:00,LDTC,LeddarTech Holdings Inc. Common Shares,Nasdaq,LULD pause,2024-12-09,14:40:00
2024-12-09,14:29:21,LDTC,LeddarTech Holdings Inc. Common Shares,Nasdaq,LULD pause,2024-12-09,14:34:21
2024-12-09,14:12:11,LDTC,LeddarTech Holdings Inc. Common Shares,Nasdaq,LULD pause,2024-12-09,14:17:11
2024-12-09,13:56:39,HUIZ,Huize Holding Limited American Depositary Shares,Nasdaq,LULD pause,2024-12-09,14:01:39
2024-12-09,13:20:55,HUIZ,Huize Holding Limited American Depositary Shares,Nasdaq,LULD pause,2024-12-09,13:25:55
2024-12-09,13:12:26,CCM,Concord Medical Services Holding Limited,NYSE,LULD pause,2024-12-09,13:17:35
2024-12-09,13:05:27,HUIZ,Huize Holding Limited American Depositary Shares,Nasdaq,LULD pause,2024-12-09,13:15:28
2024-12-09,12:59:47,HUIZ,Huize Holding Limited American Depositary Shares,Nasdaq,LULD pause,2024-12-09,13:04:47
2024-12-09,12:30:24,DUO,Fangdd Network Group Ltd. Class A Ordinary Shares,Nasdaq,LULD pause,2024-12-09,12:35:24
2024-12-09,12:22:51,NEHC,New Era Helium Inc Common Stock,Nasdaq,LULD pause,2024-12-09,12:27:51
2024-12-09,12:09:07,NEHC,New Era Helium Inc Common Stock,Nasdaq,LULD pause,2024-12-09,12:19:08
2024-12-09,12:06:10,LDTC,LeddarTech Holdings Inc. Common Shares,Nasdaq,LULD pause,2024-12-09,12:11:10
2024-12-09,12:00:16,LDTC,LeddarTech Holdings Inc. Common Shares,Nasdaq,LULD pause,2024-12-09,12:05:16
2024-12-09,11:44:41,TNMG,TNL Mediagene Ordinary Shares,Nasdaq,LULD pause,2024-12-09,11:54:41
2024-12-09,11:40:26,JYD,Jayud Global Logistics Limited Class A Ordinary Shares,Nasdaq,LULD pause,2024-12-09,11:45:26
2024-12-09,11:00:05,TNMG,TNL Mediagene Ordinary Shares,Nasdaq,LULD pause,2024-12-09,11:10:05
2024-12-09,10:53:26,ASST,Asset Entities Inc. Class B Common Stock,Nasdaq,LULD pause,2024-12-09,10:58:26
2024-12-09,10:36:52,TNMG,TNL Mediagene Ordinary Shares,Nasdaq,LULD pause,2024-12-09,10:46:52
2024-12-09,10:36:28,RVPH,"""Reviva Pharmaceuticals Holdings, Inc. Common Stock""",Nasdaq,LULD pause,2024-12-09,10:46:29
2024-12-09,10:24:16,TNMG,TNL Mediagene Ordinary Shares,Nasdaq,LULD pause,2024-12-09,10:34:16
2024-12-09,10:18:40,TNMG,TNL Mediagene Ordinary Shares,Nasdaq,LULD pause,2024-12-09,10:23:40
2024-12-09,10:12:38,TNMG,TNL Mediagene Ordinary Shares,Nasdaq,LULD pause,2024-12-09,10:17:38
2024-12-09,10:11:48,RADX,Radiopharm Theranostics Limited American Depositary Shares,Nasdaq,LULD pause,2024-12-09,10:21:48
2024-12-09,10:07:01,LDTC,LeddarTech Holdings Inc. Common Shares,Nasdaq,LULD pause,2024-12-09,10:12:01
2024-12-09,10:05:02,HSY,The Hershey Company,NYSE,LULD pause,2024-12-09,10:10:33
2024-12-09,10:03:44,DUO,Fangdd Network Group Ltd. Class A Ordinary Shares,Nasdaq,LULD pause,2024-12-09,10:08:44
2024-12-09,10:00:39,RADX,Radiopharm Theranostics Limited American Depositary Shares,Nasdaq,LULD pause,2024-12-09,10:10:40
2024-12-09,09:54:48,TNMG,TNL Mediagene Ordinary Shares,Nasdaq,LULD pause,2024-12-09,09:59:48
2024-12-09,09:53:59,ZSPC,"""zSpace, Inc. Common stock""",Nasdaq,LULD pause,2024-12-09,10:03:59
2024-12-09,09:53:43,LDTC,LeddarTech Holdings Inc. Common Shares,Nasdaq,LULD pause,2024-12-09,09:58:43
2024-12-09,09:48:11,ZSPC,"""zSpace, Inc. Common stock""",Nasdaq,LULD pause,2024-12-09,09:53:11
2024-12-09,09:48:02,LDTC,LeddarTech Holdings Inc. Common Shares,Nasdaq,LULD pause,2024-12-09,09:53:02
2024-12-09,09:46:26,DUO,Fangdd Network Group Ltd. Class A Ordinary Shares,Nasdaq,LULD pause,2024-12-09,09:51:26
2024-12-09,09:42:19,DXYZ,Destiny Tech100 Inc.,NYSE,LULD pause,2024-12-09,09:47:21
2024-12-09,09:40:33,RADX,Radiopharm Theranostics Limited American Depositary Shares,Nasdaq,LULD pause,2024-12-09,09:54:17
2024-12-09,09:40:18,DUO,Fangdd Network Group Ltd. Class A Ordinary Shares,Nasdaq,LULD pause,2024-12-09,09:45:18
2024-12-09,09:36:31,TNMG,TNL Mediagene Ordinary Shares,Nasdaq,LULD pause,2024-12-09,09:46:31
2024-12-09,09:34:41,LDTC,LeddarTech Holdings Inc. Common Shares,Nasdaq,LULD pause,2024-12-09,09:39:41
2024-12-09,09:33:34,DXYZ,Destiny Tech100 Inc.,NYSE,LULD pause,2024-12-09,09:38:40
2024-12-09,09:31:48,IPXXU,Inflection Point Acquisition Corp. II Unit,Nasdaq,LULD pause,2024-12-09,09:36:48
2024-12-09,09:31:20,RADX,Radiopharm Theranostics Limited American Depositary Shares,Nasdaq,LULD pause,2024-12-09,09:36:20
2024-12-09,09:30:29,RVPH,"""Reviva Pharmaceuticals Holdings, Inc. Common Stock""",Nasdaq,LULD pause,2024-12-09,10:36:10
2024-12-09,09:30:27,RENT,"""Rent the Runway, Inc. Class A Common Stock""",Nasdaq,LULD pause,2024-12-09,09:40:27
2024-12-09,07:55:00,PTVE,Pactiv Evergreen Inc. Common stock,Nasdaq,News pending,2024-12-09,08:30:00
2024-12-09,07:25:00,EBTC,Enterprise Bancorp Inc.,Nasdaq,News pending,2024-12-09,08:00:00
2024-12-09,07:25:00,RLMD,"""Relmada Therapeutics, Inc. Common Stock""",Nasdaq,News pending,2024-12-09,08:00:00
2024-12-09,04:00:00,NEHC,New Era Helium Inc Common Stock,Nasdaq,News pending,2024-12-09,12:06:00
2024-12-09,04:00:00,NEHCW,New Era Helium Inc Warrants,Nasdaq,News pending,2024-12-09,12:05:00
2024-12-06,19:50:00,HUIZ,Huize Holding Limited American Depositary Shares,Nasdaq,News pending,2024-12-09,09:00:00
2024-12-06,19:50:00,HUIZ,Huize Holding Limited American Depositary Shares,Nasdaq,News pending,,
2024-12-06,16:00:10,BIOA,"""BioAge Labs, Inc. Common Stock""",Nasdaq,News pending,2024-12-06,17:00:00
2024-12-06,15:02:39,RADX,Radiopharm Theranostics Limited American Depositary Shares,Nasdaq,LULD pause,2024-12-06,15:07:39
2024-12-06,14:51:15,RADX,Radiopharm Theranostics Limited American Depositary Shares,Nasdaq,LULD pause,2024-12-06,15:01:15
2024-12-06,14:26:25,TNMG,TNL Mediagene Ordinary Shares,Nasdaq,LULD pause,2024-12-06,14:31:25
2024-12-06,14:15:52,TNMG,TNL Mediagene Ordinary Shares,Nasdaq,LULD pause,2024-12-06,14:25:52
2024-12-06,13:49:01,LICN,Lichen China Limited Class A Ordinary Shares,Nasdaq,LULD pause,2024-12-06,13:54:01
2024-12-06,13:43:58,TNMG,TNL Mediagene Ordinary Shares,Nasdaq,LULD pause,2024-12-06,14:14:40
2024-12-06,13:31:45,TNMG,TNL Mediagene Ordinary Shares,Nasdaq,LULD pause,2024-12-06,13:41:45
2024-12-06,13:27:31,LICN,Lichen China Limited Class A Ordinary Shares,Nasdaq,LULD pause,2024-12-06,13:32:31
2024-12-06,13:25:54,TNMG,TNL Mediagene Ordinary Shares,Nasdaq,LULD pause,2024-12-06,13:30:54
2024-12-06,13:21:56,LICN,Lichen China Limited Class A Ordinary Shares,Nasdaq,LULD pause,2024-12-06,13:26:56
2024-12-06,13:11:10,LICN,Lichen China Limited Class A Ordinary Shares,Nasdaq,LULD pause,2024-12-06,13:16:10
2024-12-06,12:53:45,SBET,SharpLink Gaming Ltd. Ordinary Shares,Nasdaq,LULD pause,2024-12-06,12:58:45
2024-12-06,12:45:28,LICN,Lichen China Limited Class A Ordinary Shares,Nasdaq,LULD pause,2024-12-06,12:50:28
2024-12-06,12:43:01,RADX,Radiopharm Theranostics Limited American Depositary Shares,Nasdaq,LULD pause,2024-12-06,12:48:01
2024-12-06,12:39:53,LICN,Lichen China Limited Class A Ordinary Shares,Nasdaq,LULD pause,2024-12-06,12:44:53
2024-12-06,12:35:29,NAMI,Jinxin Technology Holding Company American Depositary Shares,Nasdaq,LULD pause,2024-12-06,12:40:29
2024-12-06,12:27:11,TNMG,TNL Mediagene Ordinary Shares,Nasdaq,LULD pause,2024-12-06,12:32:11
2024-12-06,12:23:36,NAMI,Jinxin Technology Holding Company American Depositary Shares,Nasdaq,LULD pause,2024-12-06,12:33:36
2024-12-06,12:14:05,RADX,Radiopharm Theranostics Limited American Depositary Shares,Nasdaq,LULD pause,2024-12-06,12:24:06
2024-12-06,12:13:20,NAMI,Jinxin Technology Holding Company American Depositary Shares,Nasdaq,LULD pause,2024-12-06,12:23:20
2024-12-06,12:07:54,JYD,Jayud Global Logistics Limited Class A Ordinary Shares,Nasdaq,LULD pause,2024-12-06,12:17:54
2024-12-06,12:07:14,NAMI,Jinxin Technology Holding Company American Depositary Shares,Nasdaq,LULD pause,2024-12-06,12:12:14
2024-12-06,11:56:55,NAMI,Jinxin Technology Holding Company American Depositary Shares,Nasdaq,LULD pause,2024-12-06,12:06:55
2024-12-06,11:55:54,TNMG,TNL Mediagene Ordinary Shares,Nasdaq,LULD pause,2024-12-06,12:25:55
2024-12-06,11:51:39,NAMI,Jinxin Technology Holding Company American Depositary Shares,Nasdaq,LULD pause,2024-12-06,11:56:39
2024-12-06,11:50:17,TNMG,TNL Mediagene Ordinary Shares,Nasdaq,LULD pause,2024-12-06,11:55:17
2024-12-06,11:48:16,RADX,Radiopharm Theranostics Limited American Depositary Shares,Nasdaq,LULD pause,2024-12-06,11:58:16
2024-12-06,11:46:06,NAMI,Jinxin Technology Holding Company American Depositary Shares,Nasdaq,LULD pause,2024-12-06,11:51:06
2024-12-06,11:37:49,RADX,Radiopharm Theranostics Limited American Depositary Shares,Nasdaq,LULD pause,2024-12-06,11:42:49
2024-12-06,11:37:35,ORIS,Oriental Rise Holdings Limited Ordinary Shares,Nasdaq,LULD pause,2024-12-06,11:47:35
2024-12-06,11:37:07,TNMG,TNL Mediagene Ordinary Shares,Nasdaq,LULD pause,2024-12-06,11:49:36
2024-12-06,11:35:33,NAMI,Jinxin Technology Holding Company American Depositary Shares,Nasdaq,LULD pause,2024-12-06,11:45:48
2024-12-06,11:32:06,RADX,Radiopharm Theranostics Limited American Depositary Shares,Nasdaq,LULD pause,2024-12-06,11:37:06
2024-12-06,11:31:26,TNMG,TNL Mediagene Ordinary Shares,Nasdaq,LULD pause,2024-12-06,11:36:26
2024-12-06,11:22:02,ZJK,"""ZJK Industrial Co., Ltd. Ordinary Shares""",Nasdaq,LULD pause,2024-12-06,11:27:02
2024-12-06,11:20:49,TNMG,TNL Mediagene Ordinary Shares,Nasdaq,LULD pause,2024-12-06,11:30:59
2024-12-06,11:16:13,ORIS,Oriental Rise Holdings Limited Ordinary Shares,Nasdaq,LULD pause,2024-12-06,11:21:13
2024-12-06,11:11:10,RADX,Radiopharm Theranostics Limited American Depositary Shares,Nasdaq,LULD pause,2024-12-06,11:26:11
2024-12-06,11:07:47,ORIS,Oriental Rise Holdings Limited Ordinary Shares,Nasdaq,LULD pause,2024-12-06,11:12:47
2024-12-06,11:05:17,RADX,Radiopharm Theranostics Limited American Depositary Shares,Nasdaq,LULD pause,2024-12-06,11:10:17
2024-12-06,10:55:33,ORIS,Oriental Rise Holdings Limited Ordinary Shares,Nasdaq,LULD pause,2024-12-06,11:05:33
2024-12-06,10:53:58,LICN,Lichen China Limited Class A Ordinary Shares,Nasdaq,LULD pause,2024-12-06,10:58:58
2024-12-06,10:52:12,ZJK,"""ZJK Industrial Co., Ltd. Ordinary Shares""",Nasdaq,LULD pause,2024-12-06,10:57:12
2024-12-06,10:40:54,ORIS,Oriental Rise Holdings Limited Ordinary Shares,Nasdaq,LULD pause,2024-12-06,10:45:54
2024-12-06,10:40:34,TNMG,TNL Mediagene Ordinary Shares,Nasdaq,LULD pause,2024-12-06,11:20:34
2024-12-06,10:38:32,LICN,Lichen China Limited Class A Ordinary Shares,Nasdaq,LULD pause,2024-12-06,10:48:32
2024-12-06,10:33:06,LICN,Lichen China Limited Class A Ordinary Shares,Nasdaq,LULD pause,2024-12-06,10:38:06
2024-12-06,10:27:28,LICN,Lichen China Limited Class A Ordinary Shares,Nasdaq,LULD pause,2024-12-06,10:32:28
2024-12-06,10:24:34,RADX,Radiopharm Theranostics Limited American Depositary Shares,Nasdaq,LULD pause,2024-12-06,11:04:34
2024-12-06,10:21:56,ORIS,Oriental Rise Holdings Limited Ordinary Shares,Nasdaq,LULD pause,2024-12-06,10:26:56
2024-12-06,10:17:46,FOXX,Foxx Development Holdings Inc. Common Stock,Nasdaq,LULD pause,2024-12-06,10:22:46
2024-12-06,10:17:18,TNMG,TNL Mediagene Ordinary Shares,Nasdaq,LULD pause,2024-12-06,10:40:06
2024-12-06,10:16:54,LICN,Lichen China Limited Class A Ordinary Shares,Nasdaq,LULD pause,2024-12-06,10:26:54
2024-12-06,10:16:23,ORIS,Oriental Rise Holdings Limited Ordinary Shares,Nasdaq,LULD pause,2024-12-06,10:21:23
2024-12-06,10:13:49,RADX,Radiopharm Theranostics Limited American Depositary Shares,Nasdaq,LULD pause,2024-12-06,10:23:50
2024-12-06,10:08:05,RADX,Radiopharm Theranostics Limited American Depositary Shares,Nasdaq,LULD pause,2024-12-06,10:13:05
2024-12-06,10:03:12,ORIS,Oriental Rise Holdings Limited Ordinary Shares,Nasdaq,LULD pause,2024-12-06,10:08:12
2024-12-06,09:57:41,GXAI,Gaxos.ai Inc. Common Stock,Nasdaq,LULD pause,2024-12-06,10:02:41
2024-12-06,09:56:48,ORIS,Oriental Rise Holdings Limited Ordinary Shares,Nasdaq,LULD pause,2024-12-06,10:01:48
2024-12-06,09:55:18,RADX,Radiopharm Theranostics Limited American Depositary Shares,Nasdaq,LULD pause,2024-12-06,10:07:24
2024-12-06,09:54:19,UPC,Universe Pharmaceuticals Inc. Ordinary Shares,Nasdaq,LULD pause,2024-12-06,09:59:19
2024-12-06,09:46:15,ORIS,Oriental Rise Holdings Limited Ordinary Shares,Nasdaq,LULD pause,2024-12-06,09:56:15
2024-12-06,09:45:50,GTN A,"""Gray Television, Inc. Class A""",NYSE,LULD pause,2024-12-06,09:50:50
2024-12-06,09:44:53,RADX,Radiopharm Theranostics Limited American Depositary Shares,Nasdaq,LULD pause,2024-12-06,09:54:54
2024-12-06,09:37:37,THCPU,"""Thunder Bridge Capital Partners IV, Inc. Unit""",Nasdaq,LULD pause,2024-12-06,09:42:37
2024-12-06,09:35:58,ORIS,Oriental Rise Holdings Limited Ordinary Shares,Nasdaq,LULD pause,2024-12-06,09:45:58
2024-12-06,09:33:04,ZSPC,"""zSpace, Inc. Common stock""",Nasdaq,LULD pause,2024-12-06,09:38:04
2024-12-06,09:30:42,ORIS,Oriental Rise Holdings Limited Ordinary Shares,Nasdaq,LULD pause,2024-12-06,09:35:42
2024-12-06,09:30:36,RADX,Radiopharm Theranostics Limited American Depositary Shares,Nasdaq,LULD pause,2024-12-06,09:44:13
2024-12-06,09:10:08,PROF,Profound Medical Corp. Common Stock,Nasdaq,News pending,2024-12-06,09:50:00
2024-12-06,09:10:07,OGI,Organigram Holdings Inc. Common Shares,Nasdaq,News pending,2024-12-06,09:50:00
2024-12-05,19:50:00,ENSC,"""Ensysce Biosciences, Inc. Common Stock""",Nasdaq,News pending,,
2024-12-05,19:50:00,ENSC,"""Ensysce Biosciences, Inc. Common Stock""",Nasdaq,News pending,2024-12-06,09:00:00
2024-12-05,15:31:26,CAMP,CAMP4 Therapeutics Corporation Common Stock,Nasdaq,LULD pause,2024-12-05,15:36:26
2024-12-05,15:27:24,RADX,Radiopharm Theranostics Limited American Depositary Shares,Nasdaq,LULD pause,2024-12-05,16:00:00
2024-12-05,15:16:28,ZSPC,"""zSpace, Inc. Common stock""",Nasdaq,LULD pause,2024-12-05,15:32:25
2024-12-05,15:06:04,ZSPC,"""zSpace, Inc. Common stock""",Nasdaq,LULD pause,2024-12-05,15:16:04
2024-12-05,14:55:41,ZSPC,"""zSpace, Inc. Common stock""",Nasdaq,LULD pause,2024-12-05,15:05:41
2024-12-05,14:50:11,ZSPC,"""zSpace, Inc. Common stock""",Nasdaq,LULD pause,2024-12-05,14:55:11
2024-12-05,14:44:43,ZSPC,"""zSpace, Inc. Common stock""",Nasdaq,LULD pause,2024-12-05,14:49:43
2024-12-05,14:34:03,RADX,Radiopharm Theranostics Limited American Depositary Shares,Nasdaq,LULD pause,2024-12-05,15:27:03
2024-12-05,14:30:32,ZSPC,"""zSpace, Inc. Common stock""",Nasdaq,LULD pause,2024-12-05,14:40:32
2024-12-05,14:24:50,ZSPC,"""zSpace, Inc. Common stock""",Nasdaq,LULD pause,2024-12-05,14:29:50
2024-12-05,14:23:38,RADX,Radiopharm Theranostics Limited American Depositary Shares,Nasdaq,LULD pause,2024-12-05,14:33:41
2024-12-05,14:19:00,ZSPC,"""zSpace, Inc. Common stock""",Nasdaq,LULD pause,2024-12-05,14:24:00
2024-12-05,14:17:24,RADX,Radiopharm Theranostics Limited American Depositary Shares,Nasdaq,LULD pause,2024-12-05,14:22:24
2024-12-05,14:12:46,ZSPC,"""zSpace, Inc. Common stock""",Nasdaq,LULD pause,2024-12-05,14:17:46
2024-12-05,14:07:35,SFHG,Samfine Creation Holdings Group Limited Ordinary Share,Nasdaq,LULD pause,2024-12-05,14:17:35
2024-12-05,14:06:51,ZSPC,"""zSpace, Inc. Common stock""",Nasdaq,LULD pause,2024-12-05,14:11:51
2024-12-05,13:52:49,ZSPC,"""zSpace, Inc. Common stock""",Nasdaq,LULD pause,2024-12-05,14:02:50
2024-12-05,13:47:12,ZSPC,"""zSpace, Inc. Common stock""",Nasdaq,LULD pause,2024-12-05,13:52:12
2024-12-05,13:46:27,GME,GameStop Corp. Class A,NYSE,LULD pause,2024-12-05,13:51:37
2024-12-05,13:36:54,ZSPC,"""zSpace, Inc. Common stock""",Nasdaq,LULD pause,2024-12-05,13:46:55
2024-12-05,13:33:44,ORIS,Oriental Rise Holdings Limited Ordinary Shares,Nasdaq,LULD pause,2024-12-05,16:00:00
2024-12-05,13:26:35,ZSPC,"""zSpace, Inc. Common stock""",Nasdaq,LULD pause,2024-12-05,13:36:36
2024-12-05,13:23:19,ORIS,Oriental Rise Holdings Limited Ordinary Shares,Nasdaq,LULD pause,2024-12-05,13:33:20
2024-12-05,13:16:15,ZSPC,"""zSpace, Inc. Common stock""",Nasdaq,LULD pause,2024-12-05,13:26:15
2024-12-05,13:12:59,ORIS,Oriental Rise Holdings Limited Ordinary Shares,Nasdaq,LULD pause,2024-12-05,13:22:59
2024-12-05,13:07:38,ORIS,Oriental Rise Holdings Limited Ordinary Shares,Nasdaq,LULD pause,2024-12-05,13:12:38
2024-12-05,13:05:49,ZSPC,"""zSpace, Inc. Common stock""",Nasdaq,LULD pause,2024-12-05,13:15:50
2024-12-05,13:00:15,ORIS,Oriental Rise Holdings Limited Ordinary Shares,Nasdaq,LULD pause,2024-12-05,13:05:15
2024-12-05,13:00:06,ZSPC,"""zSpace, Inc. Common stock""",Nasdaq,LULD pause,2024-12-05,13:05:06
2024-12-05,12:53:32,JYD,Jayud Global Logistics Limited Class A Ordinary Shares,Nasdaq,LULD pause,2024-12-05,12:58:32
2024-12-05,12:49:28,ZSPC,"""zSpace, Inc. Common stock""",Nasdaq,LULD pause,2024-12-05,12:59:29
2024-12-05,12:44:52,ORIS,Oriental Rise Holdings Limited Ordinary Shares,Nasdaq,LULD pause,2024-12-05,12:59:52
2024-12-05,12:39:03,ZSPC,"""zSpace, Inc. Common stock""",Nasdaq,LULD pause,2024-12-05,12:49:03
2024-12-05,12:34:13,ORIS,Oriental Rise Holdings Limited Ordinary Shares,Nasdaq,LULD pause,2024-12-05,12:44:13
2024-12-05,12:28:33,ZSPC,"""zSpace, Inc. Common stock""",Nasdaq,LULD pause,2024-12-05,12:38:33
2024-12-05,12:23:58,ORIS,Oriental Rise Holdings Limited Ordinary Shares,Nasdaq,LULD pause,2024-12-05,12:33:58
2024-12-05,12:18:20,ZSPC,"""zSpace, Inc. Common stock""",Nasdaq,LULD pause,2024-12-05,12:23:20
2024-12-05,12:07:31,ZSPC,"""zSpace, Inc. Common stock""",Nasdaq,LULD pause,2024-12-05,12:12:31
2024-12-05,11:59:54,ZSPC,"""zSpace, Inc. Common stock""",Nasdaq,LULD pause,2024-12-05,12:04:54
2024-12-05,11:52:04,JYD,Jayud Global Logistics Limited Class A Ordinary Shares,Nasdaq,LULD pause,2024-12-05,11:57:04
2024-12-05,11:49:07,ZSPC,"""zSpace, Inc. Common stock""",Nasdaq,LULD pause,2024-12-05,11:59:07
2024-12-05,11:37:18,ZSPC,"""zSpace, Inc. Common stock""",Nasdaq,LULD pause,2024-12-05,11:47:18
2024-12-05,11:27:15,PPBT,Purple Biotech Ltd. American Depositary Shares,Nasdaq,LULD pause,2024-12-05,11:32:15
2024-12-05,11:14:40,PPBT,Purple Biotech Ltd. American Depositary Shares,Nasdaq,LULD pause,2024-12-05,11:24:41
2024-12-05,11:11:25,WLYB,"""John Wiley & Sons, Inc. Class B""",NYSE,LULD pause,2024-12-05,11:17:16
2024-12-05,10:59:55,OPP PRC,"""RiverNorth/DoubleLine Strategic Opportunity Fund, Inc. 6.00% Series C Term Preferred Stock (Liquidation Preference $10.00 per share)""",NYSE American,LULD pause,2024-12-05,11:04:55
2024-12-05,10:59:08,GLE,Global Engine Group Holding Limited Ordinary Shares,Nasdaq,LULD pause,2024-12-05,11:04:08
2024-12-05,10:46:56,LNKS,Linkers Industries Limited Class A Ordinary Shares,Nasdaq,LULD pause,2024-12-05,10:51:56
2024-12-05,10:26:27,ARQQ,Arqit Quantum Inc. Ordinary Shares,Nasdaq,LULD pause,2024-12-05,10:31:27
2024-12-05,10:12:33,FOXX,Foxx Development Holdings Inc. Common Stock,Nasdaq,LULD pause,2024-12-05,10:22:33
2024-12-05,10:10:59,NTRP,"""NextTrip, Inc. Common Stock""",Nasdaq,LULD pause,2024-12-05,10:20:59
2024-12-05,10:10:38,GLE,Global Engine Group Holding Limited Ordinary Shares,Nasdaq,LULD pause,2024-12-05,10:20:38
2024-12-05,10:06:17,FOXX,Foxx Development Holdings Inc. Common Stock,Nasdaq,LULD pause,2024-12-05,10:11:17
2024-12-05,09:52:11,DIT,AMCON Distributing Co.,NYSE American,LULD pause,2024-12-05,09:57:11
2024-12-05,09:50:13,NTRP,"""NextTrip, Inc. Common Stock""",Nasdaq,LULD pause,2024-12-05,09:55:13
2024-12-05,09:44:27,TARA,"""Protara Therapeutics, Inc. Common Stock""",Nasdaq,LULD pause,2024-12-05,09:54:27
2024-12-05,09:42:02,MIGI,Mawson Infrastructure Group Inc. Common Stock,Nasdaq,LULD pause,2024-12-05,09:47:02
2024-12-05,09:37:27,FOXX,Foxx Development Holdings Inc. Common Stock,Nasdaq,LULD pause,2024-12-05,09:47:27
2024-12-05,09:35:58,HUHU,HUHUTECH International Group Inc. Ordinary Shares,Nasdaq,LULD pause,2024-12-05,09:40:58
2024-12-05,09:34:28,BJDX,"""Bluejay Diagnostics, Inc. Common Stock""",Nasdaq,LULD pause,2024-12-05,09:39:28
2024-12-05,09:31:06,FOXX,Foxx Development Holdings Inc. Common Stock,Nasdaq,LULD pause,2024-12-05,09:36:06
2024-12-04,19:50:00,AGRI,AgriFORCE Growing Systems Ltd. Common Shares,Nasdaq,News pending,,
2024-12-04,19:50:00,AGRI,AgriFORCE Growing Systems Ltd. Common Shares,Nasdaq,News pending,2024-12-05,09:00:00
2024-12-04,15:58:13,HTLM,HomesToLife Ltd Ordinary Shares,Nasdaq,LULD pause,2024-12-04,16:00:10
2024-12-04,15:45:03,UPXI,"""Upexi, Inc. Common Stock""",Nasdaq,LULD pause,2024-12-04,16:00:00
2024-12-04,15:37:39,NA,Nano Labs Ltd Class A Ordinary Shares,Nasdaq,LULD pause,2024-12-04,15:42:39
2024-12-04,15:32:37,HCTI,"""Healthcare Triangle, Inc. Common Stock""",Nasdaq,LULD pause,2024-12-04,15:37:37
2024-12-04,15:31:57,NA,Nano Labs Ltd Class A Ordinary Shares,Nasdaq,LULD pause,2024-12-04,15:36:57
2024-12-04,14:59:21,BOCN,Blue Ocean Acquisition Corp Class A Ordinary Shares,Nasdaq,LULD pause,2024-12-04,15:04:21
2024-12-04,14:45:48,SGN,"""Signing Day Sports, Inc.""",NYSE American,LULD pause,2024-12-04,14:50:48
2024-12-04,13:15:21,NLSP,NLS Pharmaceutics Ltd. Ordinary Shares,Nasdaq,LULD pause,2024-12-04,13:20:21
2024-12-04,12:53:14,CYCN,"""Cyclerion Therapeutics, Inc. Common Stock""",Nasdaq,LULD pause,2024-12-04,13:03:14
2024-12-04,11:28:09,HTLM,HomesToLife Ltd Ordinary Shares,Nasdaq,LULD pause,2024-12-04,11:33:09
2024-12-04,11:19:33,HUHU,HUHUTECH International Group Inc. Ordinary Shares,Nasdaq,LULD pause,2024-12-04,11:24:33
2024-12-04,11:08:43,HUHU,HUHUTECH International Group Inc. Ordinary Shares,Nasdaq,LULD pause,2024-12-04,11:18:43
2024-12-04,10:56:56,HUHU,HUHUTECH International Group Inc. Ordinary Shares,Nasdaq,LULD pause,2024-12-04,11:06:57
2024-12-04,10:46:27,HUHU,HUHUTECH International Group Inc. Ordinary Shares,Nasdaq,LULD pause,2024-12-04,10:56:27
2024-12-04,10:45:59,BOCNU,Blue Ocean Acquisition Corp Unit,Nasdaq,LULD pause,2024-12-04,10:50:59
2024-12-04,10:44:58,PW,Power REIT,NYSE American,LULD pause,2024-12-04,10:49:58
2024-12-04,10:39:57,HUHU,HUHUTECH International Group Inc. Ordinary Shares,Nasdaq,LULD pause,2024-12-04,10:44:57
2024-12-04,10:28:09,YIBO,Planet Image International Limited Class A Ordinary Shares,Nasdaq,LULD pause,2024-12-04,10:33:09
2024-12-04,10:19:33,HUHU,HUHUTECH International Group Inc. Ordinary Shares,Nasdaq,LULD pause,2024-12-04,10:39:34
2024-12-04,10:08:23,HUHU,HUHUTECH International Group Inc. Ordinary Shares,Nasdaq,LULD pause,2024-12-04,10:18:23
2024-12-04,10:01:42,ARBKL,Argo Blockchain plc 8.75% Senior Notes due 2026,Nasdaq,LULD pause,2024-12-04,10:06:42
2024-12-04,10:01:20,IMCC,IM Cannabis Corp. Common Shares,Nasdaq,LULD pause,2024-12-04,10:06:20
2024-12-04,09:38:49,CYCN,"""Cyclerion Therapeutics, Inc. Common Stock""",Nasdaq,LULD pause,2024-12-04,09:43:49
2024-12-04,09:37:29,NOTV,"""Inotiv, Inc. Common Stock""",Nasdaq,LULD pause,2024-12-04,09:42:29
2024-12-04,09:36:54,SRM,"""SRM Entertainment, Inc. Common Stock""",Nasdaq,LULD pause,2024-12-04,09:41:54
2024-12-04,09:35:17,AGFY,Agrify Corporation Common Stock,Nasdaq,LULD pause,2024-12-04,09:40:17
2024-12-04,09:32:37,XCUR,"""Exicure, Inc. Common Stock""",Nasdaq,LULD pause,2024-12-04,09:37:37
2024-12-04,09:31:25,SLND,"""Southland Holdings, Inc.""",NYSE American,LULD pause,2024-12-04,09:36:25
2024-12-04,09:30:59,SRM,"""SRM Entertainment, Inc. Common Stock""",Nasdaq,LULD pause,2024-12-04,09:35:59
2024-12-04,07:25:00,RLMD,"""Relmada Therapeutics, Inc. Common Stock""",Nasdaq,News pending,2024-12-04,08:00:00
2024-12-03,19:50:00,RNAZ,"""TransCode Therapeutics, Inc. Common Stock""",Nasdaq,News pending,,
2024-12-03,19:50:00,RNAZ,"""TransCode Therapeutics, Inc. Common Stock""",Nasdaq,News pending,2024-12-04,09:00:00
2024-12-03,19:50:00,APVO,Aptevo Therapeutics Inc,Nasdaq,News pending,2024-12-04,09:00:00
2024-12-03,19:50:00,APVO,Aptevo Therapeutics Inc,Nasdaq,News pending,,
2024-12-03,19:50:00,PMD,Psychemedics Corporation,Nasdaq,News pending,,
2024-12-03,19:50:00,PMD,Psychemedics Corporation,Nasdaq,News pending,2024-12-04,09:00:00
2024-12-03,16:47:02,ATIP,"""ATI Physical Therapy, Inc.""",NYSE,News Released,,
2024-12-03,16:09:48,ATIP,"""ATI Physical Therapy, Inc.""",NYSE,News pending,See Subsequent Halt,See Subsequent Halt
2024-12-03,15:47:52,ORIS,Oriental Rise Holdings Limited Ordinary Shares,Nasdaq,LULD pause,2024-12-03,16:00:00
2024-12-03,15:37:30,ORIS,Oriental Rise Holdings Limited Ordinary Shares,Nasdaq,LULD pause,2024-12-03,15:47:31
2024-12-03,15:27:14,ORIS,Oriental Rise Holdings Limited Ordinary Shares,Nasdaq,LULD pause,2024-12-03,15:37:14
2024-12-03,15:25:23,MSW,Ming Shing Group Holdings Limited Ordinary Shares,Nasdaq,LULD pause,2024-12-03,15:30:23
2024-12-03,14:23:22,ZJK,"""ZJK Industrial Co., Ltd. Ordinary Shares""",Nasdaq,LULD pause,2024-12-03,14:28:22
2024-12-03,13:11:52,PSQH,"""PSQ Holdings, Inc.""",NYSE,News pending,2024-12-03,13:37:18
2024-12-03,13:11:52,PSQH WS,"""PSQ Holdings, Inc. Warrants, each exercisable for one share of Class A common stock at an exercise price of $11.50 per share""",NYSE,News pending,2024-12-03,13:38:53
2024-12-03,12:58:11,JUNS,"""Jupiter Neurosciences, Inc. Common Stock""",Nasdaq,LULD pause,2024-12-03,13:03:11
2024-12-03,12:39:55,JUNS,"""Jupiter Neurosciences, Inc. Common Stock""",Nasdaq,LULD pause,2024-12-03,12:44:55
2024-12-03,12:28:32,JUNS,"""Jupiter Neurosciences, Inc. Common Stock""",Nasdaq,LULD pause,2024-12-03,12:33:32
2024-12-03,12:21:52,JUNS,"""Jupiter Neurosciences, Inc. Common Stock""",Nasdaq,LULD pause,2024-12-03,12:26:52
2024-12-03,12:11:13,JUNS,"""Jupiter Neurosciences, Inc. Common Stock""",Nasdaq,LULD pause,2024-12-03,12:16:13
2024-12-03,12:04:43,JUNS,"""Jupiter Neurosciences, Inc. Common Stock""",Nasdaq,LULD pause,2024-12-03,12:09:43
2024-12-03,11:59:24,JUNS,"""Jupiter Neurosciences, Inc. Common Stock""",Nasdaq,LULD pause,2024-12-03,12:04:24
2024-12-03,11:53:36,JUNS,"""Jupiter Neurosciences, Inc. Common Stock""",Nasdaq,LULD pause,2024-12-03,11:58:36
2024-12-03,11:43:09,JUNS,"""Jupiter Neurosciences, Inc. Common Stock""",Nasdaq,LULD pause,2024-12-03,11:53:10
2024-12-03,11:32:22,JUNS,"""Jupiter Neurosciences, Inc. Common Stock""",Nasdaq,LULD pause,2024-12-03,11:42:47
2024-12-03,11:26:11,JUNS,"""Jupiter Neurosciences, Inc. Common Stock""",Nasdaq,LULD pause,2024-12-03,11:31:11
2024-12-03,11:18:16,ZJK,"""ZJK Industrial Co., Ltd. Ordinary Shares""",Nasdaq,LULD pause,2024-12-03,11:23:16
2024-12-03,10:58:28,ZJK,"""ZJK Industrial Co., Ltd. Ordinary Shares""",Nasdaq,LULD pause,2024-12-03,11:03:28
2024-12-03,10:52:13,ZJK,"""ZJK Industrial Co., Ltd. Ordinary Shares""",Nasdaq,LULD pause,2024-12-03,10:57:13
2024-12-03,10:46:31,ZJK,"""ZJK Industrial Co., Ltd. Ordinary Shares""",Nasdaq,LULD pause,2024-12-03,10:51:31
2024-12-03,10:38:48,ZJK,"""ZJK Industrial Co., Ltd. Ordinary Shares""",Nasdaq,LULD pause,2024-12-03,10:43:48
2024-12-03,10:27:57,JYD,Jayud Global Logistics Limited Class A Ordinary Shares,Nasdaq,LULD pause,2024-12-03,10:32:57
2024-12-03,10:25:44,PTVE,Pactiv Evergreen Inc. Common stock,Nasdaq,LULD pause,2024-12-03,10:35:44
2024-12-03,10:22:08,JYD,Jayud Global Logistics Limited Class A Ordinary Shares,Nasdaq,LULD pause,2024-12-03,10:27:08
2024-12-03,10:19:21,ZJK,"""ZJK Industrial Co., Ltd. Ordinary Shares""",Nasdaq,LULD pause,2024-12-03,10:24:21
2024-12-03,10:13:18,ZJK,"""ZJK Industrial Co., Ltd. Ordinary Shares""",Nasdaq,LULD pause,2024-12-03,10:18:18
2024-12-03,10:06:37,ZJK,"""ZJK Industrial Co., Ltd. Ordinary Shares""",Nasdaq,LULD pause,2024-12-03,10:11:37
2024-12-03,09:55:42,ZJK,"""ZJK Industrial Co., Ltd. Ordinary Shares""",Nasdaq,LULD pause,2024-12-03,10:05:42
2024-12-03,09:52:30,NTRP,"""NextTrip, Inc. Common Stock""",Nasdaq,LULD pause,2024-12-03,09:57:30
2024-12-03,09:50:12,ZJK,"""ZJK Industrial Co., Ltd. Ordinary Shares""",Nasdaq,LULD pause,2024-12-03,09:55:12
2024-12-03,09:43:03,CANG,"""Cango Inc. American Depositary Shares,  each representing two (2) Class A Ordinary Shares""",NYSE,LULD pause,2024-12-03,09:48:05
2024-12-03,09:41:14,ZJK,"""ZJK Industrial Co., Ltd. Ordinary Shares""",Nasdaq,LULD pause,2024-12-03,09:46:14
2024-12-03,09:39:43,XCUR,"""Exicure, Inc. Common Stock""",Nasdaq,LULD pause,2024-12-03,09:44:43
2024-12-03,09:37:01,CANG,"""Cango Inc. American Depositary Shares,  each representing two (2) Class A Ordinary Shares""",NYSE,LULD pause,2024-12-03,09:42:24
2024-12-03,09:35:11,ZENA,"""ZenaTech, Inc. Common Stock""",Nasdaq,LULD pause,2024-12-03,09:40:11
2024-12-03,09:33:38,UAVS,"""AgEagle Aerial Systems, Inc.""",NYSE American,LULD pause,2024-12-03,09:38:38
2024-12-03,09:33:26,SNTI,"""Senti Biosciences, Inc. Common Stock""",Nasdaq,LULD pause,2024-12-03,09:38:26
2024-12-03,09:31:22,CANG,"""Cango Inc. American Depositary Shares,  each representing two (2) Class A Ordinary Shares""",NYSE,LULD pause,2024-12-03,09:36:34
2024-12-03,09:30:28,ZJK,"""ZJK Industrial Co., Ltd. Ordinary Shares""",Nasdaq,LULD pause,2024-12-03,09:40:28
2024-12-03,08:29:19,VZIO,VIZIO Holding Corp.,NYSE,Merger Effective,,
2024-12-02,19:50:00,MYNZ,Mainz Biomed N.V. Ordinary Shares,Nasdaq,News pending,2024-12-03,09:00:00
2024-12-02,19:50:00,MYNZ,Mainz Biomed N.V. Ordinary Shares,Nasdaq,News pending,,
2024-12-02,15:52:45,LPA,Logistic Properties of the Americas,NYSE American,LULD pause,2024-12-02,16:00:00
2024-12-02,15:42:46,LPA,Logistic Properties of the Americas,NYSE American,LULD pause,2024-12-02,15:47:46
2024-12-02,15:32:57,LPA,Logistic Properties of the Americas,NYSE American,LULD pause,2024-12-02,15:37:57
2024-12-02,14:42:49,MCN,Madison Covered Call & Equity Strategy Fund,NYSE,News pending,2024-12-02,16:25:48
2024-12-02,12:04:39,PPBT,Purple Biotech Ltd. American Depositary Shares,Nasdaq,LULD pause,2024-12-02,12:09:39
2024-12-02,11:44:55,QNRX,"""Quoin Pharmaceuticals, Ltd. American Depositary Shares""",Nasdaq,LULD pause,2024-12-02,11:54:55
2024-12-02,11:44:22,BGLC,BioNexus Gene Lab Corp Common stock,Nasdaq,LULD pause,2024-12-02,11:49:22
2024-12-02,11:36:56,JCSE,JE Cleantech Holdings Limited Ordinary Shares,Nasdaq,LULD pause,2024-12-02,11:41:56
2024-12-02,11:36:38,PPBT,Purple Biotech Ltd. American Depositary Shares,Nasdaq,LULD pause,2024-12-02,11:41:38
2024-12-02,11:33:58,QNRX,"""Quoin Pharmaceuticals, Ltd. American Depositary Shares""",Nasdaq,LULD pause,2024-12-02,11:38:58
2024-12-02,11:28:26,PPBT,Purple Biotech Ltd. American Depositary Shares,Nasdaq,LULD pause,2024-12-02,11:33:26
2024-12-02,11:20:21,QNRX,"""Quoin Pharmaceuticals, Ltd. American Depositary Shares""",Nasdaq,LULD pause,2024-12-02,11:25:21
2024-12-02,11:18:10,PPBT,Purple Biotech Ltd. American Depositary Shares,Nasdaq,LULD pause,2024-12-02,11:23:10
2024-12-02,11:11:37,PPBT,Purple Biotech Ltd. American Depositary Shares,Nasdaq,LULD pause,2024-12-02,11:16:37
2024-12-02,11:07:56,LIPO,Lipella Pharmaceuticals Inc. Common Stock,Nasdaq,LULD pause,2024-12-02,11:12:56
2024-12-02,10:58:01,PPBT,Purple Biotech Ltd. American Depositary Shares,Nasdaq,LULD pause,2024-12-02,11:08:02
2024-12-02,10:52:45,PPBT,Purple Biotech Ltd. American Depositary Shares,Nasdaq,LULD pause,2024-12-02,10:57:45
2024-12-02,10:52:22,LEV,The Lion Electric Company,NYSE,LULD pause,2024-12-02,10:57:49
2024-12-02,10:42:18,PPBT,Purple Biotech Ltd. American Depositary Shares,Nasdaq,LULD pause,2024-12-02,10:52:19
2024-12-02,10:36:17,IFBD,"""Infobird Co., Ltd Ordinary Shares""",Nasdaq,LULD pause,2024-12-02,10:41:17
2024-12-02,10:31:08,PPBT,Purple Biotech Ltd. American Depositary Shares,Nasdaq,LULD pause,2024-12-02,10:41:08
2024-12-02,10:20:08,PPBT,Purple Biotech Ltd. American Depositary Shares,Nasdaq,LULD pause,2024-12-02,10:30:08
2024-12-02,10:14:51,PPBT,Purple Biotech Ltd. American Depositary Shares,Nasdaq,LULD pause,2024-12-02,10:19:51
2024-12-02,10:13:50,UMAC,"""Unusual Machines, Inc.""",NYSE American,LULD pause,2024-12-02,10:18:50
2024-12-02,10:02:07,SNTI,"""Senti Biosciences, Inc. Common Stock""",Nasdaq,LULD pause,2024-12-02,10:07:07
2024-12-02,09:52:12,ARQQ,Arqit Quantum Inc. Ordinary Shares,Nasdaq,LULD pause,2024-12-02,09:57:12
2024-12-02,09:45:00,ARQQ,Arqit Quantum Inc. Ordinary Shares,Nasdaq,LULD pause,2024-12-02,09:50:00
2024-12-02,09:42:25,IFBD,"""Infobird Co., Ltd Ordinary Shares""",Nasdaq,LULD pause,2024-12-02,09:52:26
2024-12-02,09:41:33,UPXI,"""Upexi, Inc. Common Stock""",Nasdaq,LULD pause,2024-12-02,09:46:33
2024-12-02,09:40:43,UMAC,"""Unusual Machines, Inc.""",NYSE American,LULD pause,2024-12-02,09:45:43
2024-12-02,09:37:51,ARQQ,Arqit Quantum Inc. Ordinary Shares,Nasdaq,LULD pause,2024-12-02,09:42:51
2024-12-02,09:37:13,SDOT,Sadot Group Inc. Common Stock,Nasdaq,LULD pause,2024-12-02,09:50:37
2024-12-02,09:36:39,IMCC,IM Cannabis Corp. Common Shares,Nasdaq,LULD pause,2024-12-02,09:41:39
2024-12-02,09:34:35,PCTTU,"""PureCycle Technologies, Inc. Unit""",Nasdaq,LULD pause,2024-12-02,09:39:35
2024-12-02,09:32:33,ICLK,iClick Interactive Asia Group Limited,Nasdaq,LULD pause,2024-12-02,09:37:33
2024-12-02,09:32:24,VCIG,VCI Global Limited Ordinary Share,Nasdaq,LULD pause,2024-12-02,09:37:24
2024-12-02,09:30:17,BHST,BioHarvest Sciences Inc. Common Stock,Nasdaq,LULD pause,2024-12-02,09:35:17
2024-12-02,09:30:16,NCSM,"""NCS Multistage Holdings, Inc.""",Nasdaq,LULD pause,2024-12-02,09:40:16
