Halt Date,Halt Time,Symbol,Name,Exchange,Reason,Resume Date,NYSE Resume Time
2025-04-30,19:50:00,VCSA,"""Vacasa, Inc. Class A Common Stock""",Nasdaq,News pending,,
2025-04-30,19:50:00,PTPI,"""Petros Pharmaceuticals, Inc. Common Stock""",Nasdaq,News pending,2025-05-01,09:00:00
2025-04-30,19:50:00,PTPI,"""Petros Pharmaceuticals, Inc. Common Stock""",Nasdaq,News pending,,
2025-04-30,16:05:00,PAVMZ,PAVmed Inc. Series Z Warrant,Nasdaq,News pending,,
2025-04-30,15:58:04,BCDA,"""BioCardia, Inc. Common Stock""",Nasdaq,LULD pause,2025-04-30,16:00:00
2025-04-30,15:52:31,OPINL,Office Properties Income Trust 6.375% Senior Notes due 2050,Nasdaq,LULD pause,2025-04-30,16:00:00
2025-04-30,12:42:29,COEP,Coeptis Therapeutics Holdings Inc. Common Stock,Nasdaq,LULD pause,2025-04-30,12:47:29
2025-04-30,12:32:26,COEP,Coeptis Therapeutics Holdings Inc. Common Stock,Nasdaq,LULD pause,2025-04-30,12:37:26
2025-04-30,11:57:10,WEED,Roundhill Cannabis ETF,Cboe BZX,LULD pause,2025-04-30,12:02:10
2025-04-30,11:26:03,RGC,Regencell Bioscience Holdings Limited Ordinary Shares,Nasdaq,LULD pause,2025-04-30,11:31:03
2025-04-30,11:22:44,YB,Yuanbao Inc. American Depositary Shares,Nasdaq,LULD pause,2025-04-30,11:27:44
2025-04-30,11:17:14,RGC,Regencell Bioscience Holdings Limited Ordinary Shares,Nasdaq,LULD pause,2025-04-30,11:22:14
2025-04-30,11:09:55,MWYN,"""Marwynn Holdings, Inc. Common stock""",Nasdaq,LULD pause,2025-04-30,11:14:55
2025-04-30,11:08:11,YB,Yuanbao Inc. American Depositary Shares,Nasdaq,LULD pause,2025-04-30,11:13:11
2025-04-30,11:01:01,YB,Yuanbao Inc. American Depositary Shares,Nasdaq,LULD pause,2025-04-30,11:06:01
2025-04-30,10:51:47,RGC,Regencell Bioscience Holdings Limited Ordinary Shares,Nasdaq,LULD pause,2025-04-30,10:56:47
2025-04-30,10:11:43,SAGT,SAGTEC GLOBAL LIMITED Ordinary shares,Nasdaq,LULD pause,2025-04-30,10:21:43
2025-04-30,10:02:36,SAGT,SAGTEC GLOBAL LIMITED Ordinary shares,Nasdaq,LULD pause,2025-04-30,10:07:36
2025-04-30,09:57:09,EJH,E-Home Household Service Holdings Limited Ordinary Shares,Nasdaq,LULD pause,2025-04-30,10:02:09
2025-04-30,09:50:37,EJH,E-Home Household Service Holdings Limited Ordinary Shares,Nasdaq,LULD pause,2025-04-30,09:55:37
2025-04-30,09:47:36,CNF,"""CNFinance Holdings Limited American Depositary Shares, each representing twenty (20) Ordinary Shares""",NYSE,LULD pause,2025-04-30,09:52:45
2025-04-30,09:42:42,EJH,E-Home Household Service Holdings Limited Ordinary Shares,Nasdaq,LULD pause,2025-04-30,09:47:42
2025-04-30,09:42:32,QUP,DailyDelta Q100 Upside Option Strategy ETF,NYSE Arca,LULD pause,2025-04-30,09:47:32
2025-04-30,09:37:25,EJH,E-Home Household Service Holdings Limited Ordinary Shares,Nasdaq,LULD pause,2025-04-30,09:42:25
2025-04-30,09:34:56,NTRB,Nutriband Inc. Common Stock,Nasdaq,LULD pause,2025-04-30,09:39:56
2025-04-30,09:33:39,AEYE,"""AudioEye, Inc. Common Stock""",Nasdaq,LULD pause,2025-04-30,09:38:39
2025-04-30,09:33:35,MVRL,ETRACS Monthly Pay 1.5X Leveraged Mortgage REIT ETN,NYSE Arca,LULD pause,2025-04-30,09:38:35
2025-04-30,09:31:37,SPCY,STKd 100% SMCI & 100% NVDA ETF,Nasdaq,LULD pause,2025-04-30,09:41:37
2025-04-30,09:31:18,ULY,Urgent.ly Inc. Common Stock,Nasdaq,LULD pause,2025-04-30,09:41:18
2025-04-30,09:30:16,GBFH,GBank Financial Holdings Inc. Common Stock,Nasdaq,LULD pause,2025-04-30,09:35:16
2025-04-30,08:14:29,BERY,"""Berry Global Group, Inc.""",NYSE,Merger Effective,,
2025-04-30,06:55:00,RGLS,Regulus Therapeutics Inc.,Nasdaq,News pending,2025-04-30,07:30:00
2025-04-29,15:35:54,HPH,Highest Performances Holdings Inc. American Depository Shares,Nasdaq,LULD pause,2025-04-29,15:40:54
2025-04-29,15:28:42,HPH,Highest Performances Holdings Inc. American Depository Shares,Nasdaq,LULD pause,2025-04-29,15:33:42
2025-04-29,14:01:07,DMN,Damon Inc. Common Stock,Nasdaq,News pending,,
2025-04-29,12:14:15,ZYBT,Zhengye Biotechnology Holding Limited Ordinary Shares,Nasdaq,LULD pause,2025-04-29,12:19:15
2025-04-29,12:07:09,ATLN,Atlantic International Corp. Common Stock,Nasdaq,LULD pause,2025-04-29,12:12:09
2025-04-29,11:20:00,ZYBT,Zhengye Biotechnology Holding Limited Ordinary Shares,Nasdaq,LULD pause,2025-04-29,11:35:01
2025-04-29,11:14:43,ZYBT,Zhengye Biotechnology Holding Limited Ordinary Shares,Nasdaq,LULD pause,2025-04-29,11:19:43
2025-04-29,11:14:39,MWYN,"""Marwynn Holdings, Inc. Common stock""",Nasdaq,LULD pause,2025-04-29,11:24:47
2025-04-29,11:12:43,AREB,"""American Rebel Holdings, Inc. Common Stock""",Nasdaq,LULD pause,2025-04-29,11:17:43
2025-04-29,11:08:43,MWYN,"""Marwynn Holdings, Inc. Common stock""",Nasdaq,LULD pause,2025-04-29,11:13:43
2025-04-29,11:04:27,ZYBT,Zhengye Biotechnology Holding Limited Ordinary Shares,Nasdaq,LULD pause,2025-04-29,11:14:27
2025-04-29,10:59:10,ZYBT,Zhengye Biotechnology Holding Limited Ordinary Shares,Nasdaq,LULD pause,2025-04-29,11:04:10
2025-04-29,10:58:28,MWYN,"""Marwynn Holdings, Inc. Common stock""",Nasdaq,LULD pause,2025-04-29,11:08:28
2025-04-29,10:46:30,MWYN,"""Marwynn Holdings, Inc. Common stock""",Nasdaq,LULD pause,2025-04-29,10:56:30
2025-04-29,10:39:17,MWYN,"""Marwynn Holdings, Inc. Common stock""",Nasdaq,LULD pause,2025-04-29,10:44:17
2025-04-29,10:35:56,ZYBT,Zhengye Biotechnology Holding Limited Ordinary Shares,Nasdaq,LULD pause,2025-04-29,10:45:56
2025-04-29,10:20:13,ULY,Urgent.ly Inc. Common Stock,Nasdaq,LULD pause,2025-04-29,10:25:13
2025-04-29,10:18:02,FLYY,"""Spirit Aviation Holdings, Inc.""",NYSE American,LULD pause,2025-04-29,10:23:02
2025-04-29,10:10:56,EVRI,Everi Holdings Inc,NYSE,News pending,2025-04-29,10:36:27
2025-04-29,10:02:51,SAGT,SAGTEC GLOBAL LIMITED Ordinary shares,Nasdaq,LULD pause,2025-04-29,10:12:51
2025-04-29,09:48:23,SAGT,SAGTEC GLOBAL LIMITED Ordinary shares,Nasdaq,LULD pause,2025-04-29,09:58:23
2025-04-29,09:35:48,CLVT,Clarivate Plc,NYSE,LULD pause,2025-04-29,09:40:56
2025-04-29,00:22:00,JBIO,"""Jade Biosciences, Inc. Common Stock""",Nasdaq,News pending,2025-04-29,09:00:00
2025-04-28,19:51:03,FOXO,FOXO Technologies Inc.,NYSE American,Corporate Action,2025-04-29,09:00:00
2025-04-28,19:51:03,FOXO,FOXO Technologies Inc.,NYSE American,Corporate Action,,
2025-04-28,19:50:00,AVTE,"""Aerovate Therapeutics, Inc. Common Stock""",Nasdaq,News pending,,
2025-04-28,19:50:00,BECN,"""Beacon Roofing Supply, Inc.""",Nasdaq,News pending,,
2025-04-28,15:52:21,LZMH,LZ Technology Holdings Limited Class B Ordinary Shares,Nasdaq,LULD pause,2025-04-28,16:00:00
2025-04-28,14:21:03,ADVB,Advanced Biomed Inc. Common Stock,Nasdaq,LULD pause,2025-04-28,14:31:03
2025-04-28,14:17:47,UPC,Universe Pharmaceuticals Inc. Ordinary Shares,Nasdaq,LULD pause,2025-04-28,14:22:47
2025-04-28,13:39:25,LCFY,Locafy Limited Ordinary Share,Nasdaq,LULD pause,2025-04-28,13:44:25
2025-04-28,13:27:07,RLMD,"""Relmada Therapeutics, Inc. Common Stock""",Nasdaq,LULD pause,2025-04-28,13:32:07
2025-04-28,11:44:38,PHOE,Phoenix Asia Holdings Limited Ordinary Shares,Nasdaq,LULD pause,2025-04-28,11:49:38
2025-04-28,11:23:57,WSO B,"""Watsco, Inc. Class B""",NYSE,LULD pause,2025-04-28,11:29:07
2025-04-28,10:44:36,PHOE,Phoenix Asia Holdings Limited Ordinary Shares,Nasdaq,LULD pause,2025-04-28,10:54:37
2025-04-28,09:44:40,CUBWU,Lionheart Holdings Unit,Nasdaq,LULD pause,2025-04-28,09:49:40
2025-04-28,09:39:58,NAAS,NaaS Technology Inc. American Depositary Shares,Nasdaq,LULD pause,2025-04-28,09:44:58
2025-04-28,09:36:35,SSII,SS Innovations International Inc. Common Stock,Nasdaq,LULD pause,2025-04-28,09:41:35
2025-04-28,09:30:38,SSII,SS Innovations International Inc. Common Stock,Nasdaq,LULD pause,2025-04-28,09:35:38
2025-04-25,19:50:43,DEA,"""Easterly Government Properties, Inc.""",NYSE,Corporate Action,,
2025-04-25,19:50:43,DEA,"""Easterly Government Properties, Inc.""",NYSE,Corporate Action,2025-04-28,09:30:37
2025-04-25,19:50:00,STSSW,Sharps Technology Inc. Warrant,Nasdaq,News pending,,
2025-04-25,19:50:00,STSSW,Sharps Technology Inc. Warrant,Nasdaq,News pending,2025-04-28,09:05:00
2025-04-25,19:50:00,STKH,Steakholder Foods Ltd. American Depositary Shares,Nasdaq,News pending,2025-04-28,09:00:00
2025-04-25,19:50:00,STKH,Steakholder Foods Ltd. American Depositary Shares,Nasdaq,News pending,,
2025-04-25,19:50:00,STSS,Sharps Technology Inc. Common Stock,Nasdaq,News pending,,
2025-04-25,19:50:00,STSS,Sharps Technology Inc. Common Stock,Nasdaq,News pending,2025-04-28,09:00:00
2025-04-25,19:50:00,NAAS,NaaS Technology Inc. American Depositary Shares,Nasdaq,News pending,2025-04-28,09:00:00
2025-04-25,19:50:00,NAAS,NaaS Technology Inc. American Depositary Shares,Nasdaq,News pending,,
2025-04-25,19:50:00,XFOR,"""X4 Pharmaceuticals, Inc. Common Stock""",Nasdaq,News pending,2025-04-28,09:00:00
2025-04-25,19:50:00,XFOR,"""X4 Pharmaceuticals, Inc. Common Stock""",Nasdaq,News pending,,
2025-04-25,15:52:05,SSII,SS Innovations International Inc. Common Stock,Nasdaq,LULD pause,2025-04-25,16:00:00
2025-04-25,15:50:39,ULY,Urgent.ly Inc. Common Stock,Nasdaq,LULD pause,2025-04-25,16:00:00
2025-04-25,15:38:46,SSII,SS Innovations International Inc. Common Stock,Nasdaq,LULD pause,2025-04-25,15:43:46
2025-04-25,13:52:46,JAGX,"""Jaguar Health, Inc.""",Nasdaq,LULD pause,2025-04-25,13:57:46
2025-04-25,13:21:11,SSII,SS Innovations International Inc. Common Stock,Nasdaq,LULD pause,2025-04-25,13:26:11
2025-04-25,13:15:05,JAGX,"""Jaguar Health, Inc.""",Nasdaq,LULD pause,2025-04-25,13:20:05
2025-04-25,12:36:29,SSII,SS Innovations International Inc. Common Stock,Nasdaq,LULD pause,2025-04-25,12:41:29
2025-04-25,12:34:48,SMMT,Summit Therapeutics Inc. Common Stock,Nasdaq,News pending,2025-04-25,15:20:00
2025-04-25,12:07:46,SSII,SS Innovations International Inc. Common Stock,Nasdaq,LULD pause,2025-04-25,12:25:45
2025-04-25,11:55:14,SMMT,Summit Therapeutics Inc. Common Stock,Nasdaq,LULD pause,2025-04-25,12:00:14
2025-04-25,11:47:30,DMYY U,"""dMY Squared Technology Group, Inc. Units, each consisting of one share of Class A common stock and one-half of one redeemable warrant""",NYSE American,LULD pause,2025-04-25,11:52:30
2025-04-25,11:28:58,CGTL,Creative Global Technology Holdings Limited Class A Ordinary Shares,Nasdaq,LULD pause,2025-04-25,11:33:58
2025-04-25,11:23:32,CGTL,Creative Global Technology Holdings Limited Class A Ordinary Shares,Nasdaq,LULD pause,2025-04-25,11:28:32
2025-04-25,10:58:11,CGTL,Creative Global Technology Holdings Limited Class A Ordinary Shares,Nasdaq,LULD pause,2025-04-25,11:03:11
2025-04-25,10:52:44,CGTL,Creative Global Technology Holdings Limited Class A Ordinary Shares,Nasdaq,LULD pause,2025-04-25,10:57:44
2025-04-25,10:52:15,PHOE,Phoenix Asia Holdings Limited Ordinary Shares,Nasdaq,LULD pause,2025-04-25,11:07:16
2025-04-25,10:48:01,UPXI,"""Upexi, Inc. Common Stock""",Nasdaq,LULD pause,2025-04-25,10:53:01
2025-04-25,10:47:02,CGTL,Creative Global Technology Holdings Limited Class A Ordinary Shares,Nasdaq,LULD pause,2025-04-25,10:52:02
2025-04-25,10:46:10,PHOE,Phoenix Asia Holdings Limited Ordinary Shares,Nasdaq,LULD pause,2025-04-25,10:51:10
2025-04-25,10:39:19,CGTL,Creative Global Technology Holdings Limited Class A Ordinary Shares,Nasdaq,LULD pause,2025-04-25,10:44:19
2025-04-25,10:21:09,NDRA,ENDRA Life Sciences Inc. Common Stock,Nasdaq,LULD pause,2025-04-25,10:31:09
2025-04-25,10:08:52,CGTL,Creative Global Technology Holdings Limited Class A Ordinary Shares,Nasdaq,LULD pause,2025-04-25,10:38:16
2025-04-25,10:08:49,BHVN,Biohaven Ltd.,NYSE,LULD pause,2025-04-25,10:14:23
2025-04-25,10:00:19,WSO B,"""Watsco, Inc. Class B""",NYSE,LULD pause,2025-04-25,10:05:36
2025-04-25,09:53:37,CGTL,Creative Global Technology Holdings Limited Class A Ordinary Shares,Nasdaq,LULD pause,2025-04-25,10:08:37
2025-04-25,09:44:25,SKBL,Skyline Builders Group Holding Limited Class A Ordinary Shares,Nasdaq,LULD pause,2025-04-25,09:49:25
2025-04-25,09:39:07,SKBL,Skyline Builders Group Holding Limited Class A Ordinary Shares,Nasdaq,LULD pause,2025-04-25,09:44:07
2025-04-25,09:33:07,IONX,Defiance Daily Target 2X Long IONQ ETF,Nasdaq,News pending,2025-04-25,10:11:28
2025-04-25,09:33:07,IONL,GraniteShares 2x Long IONQ Daily ETF,Nasdaq,News pending,2025-04-25,10:11:28
2025-04-25,09:33:07,IONQ,"""IonQ, Inc.""",NYSE,News pending,2025-04-25,10:06:28
2025-04-25,09:33:07,IONQ WS,"""IonQ, Inc. Redeemable warrants, each whole warrant exercisable for one share of Common Stock, each at an exercise price of $11.50 per share""",NYSE,News pending,2025-04-25,10:07:18
2025-04-25,09:33:01,RETO,"""ReTo Eco-Solutions, Inc. Class A Shares""",Nasdaq,LULD pause,2025-04-25,09:43:01
2025-04-25,09:30:34,LBRDK,Liberty Broadband Corporation Class C,Nasdaq,LULD pause,2025-04-25,09:35:34
2025-04-25,09:30:17,SSII,SS Innovations International Inc. Common Stock,Nasdaq,LULD pause,2025-04-25,12:06:45
2025-04-25,08:25:00,COEPW,"""Coeptis Therapeutics Holdings, Inc. Warrants""",Nasdaq,News pending,2025-04-25,09:05:00
2025-04-25,08:25:00,COEP,Coeptis Therapeutics Holdings Inc. Common Stock,Nasdaq,News pending,2025-04-25,09:00:00
2025-04-25,08:22:03,MKFG,Markforged Holding Corporation,NYSE,Merger Effective,,
2025-04-24,16:40:00,HONE,"""HarborOne Bancorp, Inc. Common Stock""",Nasdaq,News pending,2025-04-24,17:15:00
2025-04-24,16:08:31,WBX WS,"""Wallbox N.V. Warrants, each warrant to purchase one Class A Ordinary Share""",NYSE,News Released,,
2025-04-24,15:18:12,AIMAU,Aimfinity Investment Corp. I Unit,Nasdaq,LULD pause,2025-04-24,15:23:12
2025-04-24,14:59:00,TMDE,TMD Energy Limited,NYSE American,LULD pause,2025-04-24,15:24:00
2025-04-24,14:38:18,TMDE,TMD Energy Limited,NYSE American,LULD pause,2025-04-24,14:58:18
2025-04-24,14:36:51,GES,"""Guess?, Inc.""",NYSE,LULD pause,2025-04-24,14:42:06
2025-04-24,14:17:52,TMDE,TMD Energy Limited,NYSE American,LULD pause,2025-04-24,14:37:52
2025-04-24,14:02:35,TMDE,TMD Energy Limited,NYSE American,LULD pause,2025-04-24,14:17:35
2025-04-24,13:57:15,TMDE,TMD Energy Limited,NYSE American,LULD pause,2025-04-24,14:02:15
2025-04-24,13:41:52,TMDE,TMD Energy Limited,NYSE American,LULD pause,2025-04-24,13:56:52
2025-04-24,13:36:54,OST,"""Ostin Technology Group Co., Ltd. Class A Ordinary Shares""",Nasdaq,LULD pause,2025-04-24,13:41:54
2025-04-24,12:58:25,KWE,KWESST Micro Systems Inc. Common Stock,Nasdaq,LULD pause,2025-04-24,13:03:25
2025-04-24,12:28:57,JZXN,"""Jiuzi Holdings, Inc. Ordinary Shares""",Nasdaq,LULD pause,2025-04-24,12:33:57
2025-04-24,12:22:28,JZXN,"""Jiuzi Holdings, Inc. Ordinary Shares""",Nasdaq,LULD pause,2025-04-24,12:27:28
2025-04-24,12:16:25,JZXN,"""Jiuzi Holdings, Inc. Ordinary Shares""",Nasdaq,LULD pause,2025-04-24,12:21:25
2025-04-24,12:06:10,JZXN,"""Jiuzi Holdings, Inc. Ordinary Shares""",Nasdaq,LULD pause,2025-04-24,12:16:10
2025-04-24,11:55:53,JZXN,"""Jiuzi Holdings, Inc. Ordinary Shares""",Nasdaq,LULD pause,2025-04-24,12:05:53
2025-04-24,11:50:34,JZXN,"""Jiuzi Holdings, Inc. Ordinary Shares""",Nasdaq,LULD pause,2025-04-24,11:55:34
2025-04-24,11:48:26,SAIH,SAIHEAT Limited Class A Ordinary Shares,Nasdaq,LULD pause,2025-04-24,11:53:26
2025-04-24,11:44:30,JZXN,"""Jiuzi Holdings, Inc. Ordinary Shares""",Nasdaq,LULD pause,2025-04-24,11:49:30
2025-04-24,11:38:47,JZXN,"""Jiuzi Holdings, Inc. Ordinary Shares""",Nasdaq,LULD pause,2025-04-24,11:43:47
2025-04-24,11:33:23,JZXN,"""Jiuzi Holdings, Inc. Ordinary Shares""",Nasdaq,LULD pause,2025-04-24,11:38:23
2025-04-24,11:15:24,JZXN,"""Jiuzi Holdings, Inc. Ordinary Shares""",Nasdaq,LULD pause,2025-04-24,11:33:01
2025-04-24,11:04:39,OMEX,"""Odyssey Marine Exploration, Inc""",Nasdaq,LULD pause,2025-04-24,11:09:39
2025-04-24,10:54:41,XELB,XCEL BRANDS INC.,Nasdaq,LULD pause,2025-04-24,11:04:42
2025-04-24,10:52:03,JZXN,"""Jiuzi Holdings, Inc. Ordinary Shares""",Nasdaq,LULD pause,2025-04-24,11:14:52
2025-04-24,10:45:21,BOWN,Bowen Acquisition Corp Ordinary Shares,Nasdaq,LULD pause,2025-04-24,10:50:21
2025-04-24,10:44:43,BOWNU,Bowen Acquisition Corp Unit,Nasdaq,LULD pause,2025-04-24,10:49:43
2025-04-24,10:36:29,CEP,"""Cantor Equity Partners, Inc. Class A Ordinary Shares""",Nasdaq,LULD pause,2025-04-24,10:41:29
2025-04-24,10:33:52,BOWN,Bowen Acquisition Corp Ordinary Shares,Nasdaq,LULD pause,2025-04-24,10:43:53
2025-04-24,10:30:33,CEP,"""Cantor Equity Partners, Inc. Class A Ordinary Shares""",Nasdaq,LULD pause,2025-04-24,10:35:33
2025-04-24,10:21:03,CEP,"""Cantor Equity Partners, Inc. Class A Ordinary Shares""",Nasdaq,LULD pause,2025-04-24,10:26:03
2025-04-24,10:11:42,KWE,KWESST Micro Systems Inc. Common Stock,Nasdaq,LULD pause,2025-04-24,10:16:42
2025-04-24,10:03:27,KWE,KWESST Micro Systems Inc. Common Stock,Nasdaq,LULD pause,2025-04-24,10:08:27
2025-04-24,09:57:22,KWE,KWESST Micro Systems Inc. Common Stock,Nasdaq,LULD pause,2025-04-24,10:02:22
2025-04-24,09:52:05,KWE,KWESST Micro Systems Inc. Common Stock,Nasdaq,LULD pause,2025-04-24,09:57:05
2025-04-24,09:41:32,KWE,KWESST Micro Systems Inc. Common Stock,Nasdaq,LULD pause,2025-04-24,09:51:33
2025-04-24,09:30:31,KWE,KWESST Micro Systems Inc. Common Stock,Nasdaq,LULD pause,2025-04-24,09:40:32
2025-04-24,03:03:19,BTTR,Better Choice Company Inc.,NYSE American,News pending,,
2025-04-24,03:03:19,BTTR,Better Choice Company Inc.,NYSE American,News pending,2025-04-25,09:40:00
2025-04-23,16:08:44,WBX WS,"""Wallbox N.V. Warrants, each warrant to purchase one Class A Ordinary Share""",NYSE,News pending,,
2025-04-23,16:08:44,WBX WS,"""Wallbox N.V. Warrants, each warrant to purchase one Class A Ordinary Share""",NYSE,News pending,See Subsequent Halt,See Subsequent Halt
2025-04-23,16:05:00,JACK,Jack in the Box Inc.,Nasdaq,News pending,2025-04-23,16:40:00
2025-04-23,16:00:15,PPBI,Pacific Premier Bancorp Inc,Nasdaq,News pending,2025-04-23,16:35:00
2025-04-23,15:42:25,EPSM,Epsium Enterprise Limited Ordinary Shares,Nasdaq,LULD pause,2025-04-23,16:00:00
2025-04-23,15:07:14,WSO B,"""Watsco, Inc. Class B""",NYSE,LULD pause,2025-04-23,15:12:59
2025-04-23,15:04:12,PRPO,"""Precipio, Inc. Common Stock""",Nasdaq,LULD pause,2025-04-23,15:14:12
2025-04-23,14:59:58,SANG,Sangoma Technologies Corporation Common Shares,Nasdaq,LULD pause,2025-04-23,15:09:58
2025-04-23,12:55:48,PLUR,Pluri Inc. Common Stock,Nasdaq,LULD pause,2025-04-23,13:00:48
2025-04-23,12:41:03,EPWK,EPWK Holdings Ltd. Class A Ordinary Shares,Nasdaq,LULD pause,2025-04-23,12:46:03
2025-04-23,12:35:19,EPWK,EPWK Holdings Ltd. Class A Ordinary Shares,Nasdaq,LULD pause,2025-04-23,12:40:19
2025-04-23,12:30:58,BOWNU,Bowen Acquisition Corp Unit,Nasdaq,LULD pause,2025-04-23,12:35:58
2025-04-23,12:29:47,EPWK,EPWK Holdings Ltd. Class A Ordinary Shares,Nasdaq,LULD pause,2025-04-23,12:34:47
2025-04-23,11:56:08,BSLK,"""Bolt Projects Holdings, Inc. Common Stock""",Nasdaq,LULD pause,2025-04-23,12:01:08
2025-04-23,11:49:12,BSLK,"""Bolt Projects Holdings, Inc. Common Stock""",Nasdaq,LULD pause,2025-04-23,11:54:12
2025-04-23,11:28:43,BSLK,"""Bolt Projects Holdings, Inc. Common Stock""",Nasdaq,LULD pause,2025-04-23,11:33:43
2025-04-23,11:20:36,BSLK,"""Bolt Projects Holdings, Inc. Common Stock""",Nasdaq,LULD pause,2025-04-23,11:25:36
2025-04-23,11:13:27,BSLK,"""Bolt Projects Holdings, Inc. Common Stock""",Nasdaq,LULD pause,2025-04-23,11:18:27
2025-04-23,10:37:45,ZYBT,Zhengye Biotechnology Holding Limited Ordinary Shares,Nasdaq,LULD pause,2025-04-23,10:47:46
2025-04-23,10:33:49,SLXN,Silexion Therapeutics Corp Ordinary Shares,Nasdaq,LULD pause,2025-04-23,10:38:49
2025-04-23,10:31:45,BOWNU,Bowen Acquisition Corp Unit,Nasdaq,LULD pause,2025-04-23,10:36:45
2025-04-23,10:28:15,BOWN,Bowen Acquisition Corp Ordinary Shares,Nasdaq,LULD pause,2025-04-23,10:38:15
2025-04-23,10:23:50,RADX,Radiopharm Theranostics Limited American Depositary Shares,Nasdaq,LULD pause,2025-04-23,10:28:50
2025-04-23,10:21:04,BOWNU,Bowen Acquisition Corp Unit,Nasdaq,LULD pause,2025-04-23,10:31:04
2025-04-23,09:59:41,BOWNU,Bowen Acquisition Corp Unit,Nasdaq,LULD pause,2025-04-23,10:04:41
2025-04-23,09:52:40,BUJAU,Bukit Jalil Global Acquisition 1 Ltd. Unit,Nasdaq,LULD pause,2025-04-23,09:57:40
2025-04-23,09:47:58,BOWNU,Bowen Acquisition Corp Unit,Nasdaq,LULD pause,2025-04-23,09:52:58
2025-04-23,09:34:07,MCRB,"""Seres Therapeutics, Inc.""",Nasdaq,LULD pause,2025-04-23,09:47:50
2025-04-23,09:32:14,MAS,Masco Corporation,NYSE,LULD pause,2025-04-23,09:38:07
2025-04-23,09:30:26,BOWNU,Bowen Acquisition Corp Unit,Nasdaq,LULD pause,2025-04-23,09:40:26
2025-04-22,19:50:00,KWESW,KWESST Micro Systems Inc. warrant,Nasdaq,News pending,,
2025-04-22,19:50:00,KWESW,KWESST Micro Systems Inc. warrant,Nasdaq,News pending,2025-04-24,09:05:00
2025-04-22,19:50:00,KWE,KWESST Micro Systems Inc. Common Stock,Nasdaq,News pending,2025-04-24,09:00:00
2025-04-22,19:50:00,KWE,KWESST Micro Systems Inc. Common Stock,Nasdaq,News pending,,
2025-04-22,16:16:08,DTC,"""Solo Brands, Inc.""",NYSE,News Released,,
2025-04-22,15:57:06,BOWN,Bowen Acquisition Corp Ordinary Shares,Nasdaq,LULD pause,2025-04-22,16:00:00
2025-04-22,15:56:06,BOWNU,Bowen Acquisition Corp Unit,Nasdaq,LULD pause,2025-04-22,16:00:00
2025-04-22,15:45:12,TMDE,TMD Energy Limited,NYSE American,LULD pause,2025-04-22,16:00:00
2025-04-22,14:26:45,AKTX,Akari Therapeutics plc ADR (0.01 USD),Nasdaq,LULD pause,2025-04-22,14:31:45
2025-04-22,13:48:17,BOWNU,Bowen Acquisition Corp Unit,Nasdaq,LULD pause,2025-04-22,13:53:17
2025-04-22,12:06:19,GITS,"""Global Interactive Technologies, Inc. Common Stock""",Nasdaq,LULD pause,2025-04-22,12:11:19
2025-04-22,11:56:32,PHH,"""Park Ha Biological Technology Co., Ltd. Ordinary Shares""",Nasdaq,LULD pause,2025-04-22,12:06:32
2025-04-22,11:52:52,INHD,Inno Holdings Inc. Common Stock,Nasdaq,LULD pause,2025-04-22,11:57:52
2025-04-22,11:11:38,OMH,Ohmyhome Limited Ordinary Shares,Nasdaq,LULD pause,2025-04-22,11:16:38
2025-04-22,11:02:50,FMTO,Femto Technologies Inc. Common Stock,Nasdaq,LULD pause,2025-04-22,11:07:50
2025-04-22,10:53:02,DTC,"""Solo Brands, Inc.""",NYSE,News pending,See Subsequent Halt,See Subsequent Halt
2025-04-22,10:52:49,CMCT,Creative Media & Community Trust Corporation Common stock,Nasdaq,LULD pause,2025-04-22,10:57:49
2025-04-22,10:52:36,MLPR,ETRACS Quarterly Pay 1.5X Leveraged Alerian MLP Index ETN,NYSE Arca,LULD pause,2025-04-22,10:57:36
2025-04-22,10:49:04,PFAI,Pinnacle Food Group Limited Class A Common Shares,Nasdaq,LULD pause,2025-04-22,10:54:04
2025-04-22,10:47:11,CMCT,Creative Media & Community Trust Corporation Common stock,Nasdaq,LULD pause,2025-04-22,10:52:11
2025-04-22,10:41:28,FMTO,Femto Technologies Inc. Common Stock,Nasdaq,LULD pause,2025-04-22,10:46:28
2025-04-22,10:40:08,CMCT,Creative Media & Community Trust Corporation Common stock,Nasdaq,LULD pause,2025-04-22,10:45:08
2025-04-22,10:37:02,OMH,Ohmyhome Limited Ordinary Shares,Nasdaq,LULD pause,2025-04-22,10:47:02
2025-04-22,10:30:28,OMH,Ohmyhome Limited Ordinary Shares,Nasdaq,LULD pause,2025-04-22,10:35:28
2025-04-22,10:28:56,AUUD,Auddia Inc. Common Stock,Nasdaq,LULD pause,2025-04-22,10:33:56
2025-04-22,10:27:37,CMCT,Creative Media & Community Trust Corporation Common stock,Nasdaq,LULD pause,2025-04-22,10:32:37
2025-04-22,10:25:12,TIVC,"""Tivic Health Systems, Inc. Common Stock""",Nasdaq,LULD pause,2025-04-22,10:30:12
2025-04-22,10:24:33,SXTC,"""China SXT Pharmaceuticals, Inc. Ordinary Shares""",Nasdaq,LULD pause,2025-04-22,10:29:33
2025-04-22,10:23:19,FMTO,Femto Technologies Inc. Common Stock,Nasdaq,LULD pause,2025-04-22,10:33:19
2025-04-22,10:21:02,CMCT,Creative Media & Community Trust Corporation Common stock,Nasdaq,LULD pause,2025-04-22,10:26:02
2025-04-22,10:19:48,OMH,Ohmyhome Limited Ordinary Shares,Nasdaq,LULD pause,2025-04-22,10:29:48
2025-04-22,10:14:05,OMH,Ohmyhome Limited Ordinary Shares,Nasdaq,LULD pause,2025-04-22,10:19:05
2025-04-22,10:12:16,FMTO,Femto Technologies Inc. Common Stock,Nasdaq,LULD pause,2025-04-22,10:22:16
2025-04-22,10:03:49,FMTO,Femto Technologies Inc. Common Stock,Nasdaq,LULD pause,2025-04-22,10:08:49
2025-04-22,10:02:27,BSLK,"""Bolt Projects Holdings, Inc. Common Stock""",Nasdaq,LULD pause,2025-04-22,10:14:02
2025-04-22,10:02:01,SBEV,"""Splash Beverage Group, Inc.""",NYSE American,LULD pause,2025-04-22,10:07:01
2025-04-22,10:00:33,OMH,Ohmyhome Limited Ordinary Shares,Nasdaq,LULD pause,2025-04-22,10:10:33
2025-04-22,09:58:41,SXTP,"""60 Degrees Pharmaceuticals, Inc. Common Stock""",Nasdaq,LULD pause,2025-04-22,10:08:41
2025-04-22,09:56:38,FMTO,Femto Technologies Inc. Common Stock,Nasdaq,LULD pause,2025-04-22,10:01:38
2025-04-22,09:51:20,FMTO,Femto Technologies Inc. Common Stock,Nasdaq,LULD pause,2025-04-22,09:56:20
2025-04-22,09:49:25,OMH,Ohmyhome Limited Ordinary Shares,Nasdaq,LULD pause,2025-04-22,09:59:25
2025-04-22,09:46:04,FMTO,Femto Technologies Inc. Common Stock,Nasdaq,LULD pause,2025-04-22,09:51:04
2025-04-22,09:45:25,TIVC,"""Tivic Health Systems, Inc. Common Stock""",Nasdaq,LULD pause,2025-04-22,09:50:25
2025-04-22,09:42:01,BULL,Webull Corporation Class A Ordinary Shares,Nasdaq,LULD pause,2025-04-22,09:47:01
2025-04-22,09:35:38,FMTO,Femto Technologies Inc. Common Stock,Nasdaq,LULD pause,2025-04-22,09:45:39
2025-04-22,09:34:46,SBEV,"""Splash Beverage Group, Inc.""",NYSE American,LULD pause,2025-04-22,09:39:46
2025-04-22,09:33:58,TIVC,"""Tivic Health Systems, Inc. Common Stock""",Nasdaq,LULD pause,2025-04-22,09:43:58
2025-04-22,09:30:16,MBBC,"""Marathon Bancorp, Inc. Common Stock""",Nasdaq,LULD pause,2025-04-22,09:45:18
2025-04-22,09:30:16,BBGI,Beasley Broadcasting Group Inc,Nasdaq,LULD pause,2025-04-22,09:35:16
2025-04-22,07:55:00,GSRTU,GSR III Acquisition Corp. Unit,Nasdaq,News pending,2025-04-22,08:35:00
2025-04-22,07:55:00,GSRTR,GSR III Acquisition Corp. Right,Nasdaq,News pending,2025-04-22,08:35:00
2025-04-22,07:55:00,GSRT,GSR III Acquisition Corp. Ordinary Shares,Nasdaq,News pending,2025-04-22,08:30:00
2025-04-22,07:30:07,OSTX,OS Therapies Incorporated,NYSE American,News pending,2025-04-22,08:05:00
2025-04-21,19:50:00,BSLKW,"""Bolt Projects Holdings, Inc. Warrant""",Nasdaq,News pending,2025-04-22,09:05:00
2025-04-21,19:50:00,BSLKW,"""Bolt Projects Holdings, Inc. Warrant""",Nasdaq,News pending,,
2025-04-21,19:50:00,FMTO,Femto Technologies Inc. Common Stock,Nasdaq,News pending,,
2025-04-21,19:50:00,FMTO,Femto Technologies Inc. Common Stock,Nasdaq,News pending,2025-04-22,09:00:00
2025-04-21,19:50:00,BSLK,"""Bolt Projects Holdings, Inc. Common Stock""",Nasdaq,News pending,2025-04-22,09:00:00
2025-04-21,19:50:00,BSLK,"""Bolt Projects Holdings, Inc. Common Stock""",Nasdaq,News pending,,
2025-04-21,19:50:00,MCRB,"""Seres Therapeutics, Inc.""",Nasdaq,News pending,2025-04-22,09:00:00
2025-04-21,19:50:00,MCRB,"""Seres Therapeutics, Inc.""",Nasdaq,News pending,,
2025-04-21,16:06:14,SCPX,"""Scorpius Holdings, Inc.""",NYSE American,News Released,,
2025-04-21,15:58:55,TMDE,TMD Energy Limited,NYSE American,LULD pause,2025-04-21,16:00:00
2025-04-21,15:54:30,SBEV,"""Splash Beverage Group, Inc.""",NYSE American,LULD pause,2025-04-21,16:00:00
2025-04-21,15:34:41,KNW,"""Know Labs, Inc.""",NYSE American,LULD pause,2025-04-21,15:39:41
2025-04-21,14:41:11,APVO,Aptevo Therapeutics Inc,Nasdaq,LULD pause,2025-04-21,14:46:11
2025-04-21,14:20:30,XIN,Xinyuan Real Estate Co. LTD. American Depositary Shares (each Representing twenty Common Shares),NYSE,LULD pause,2025-04-21,14:28:53
2025-04-21,14:06:08,XIN,Xinyuan Real Estate Co. LTD. American Depositary Shares (each Representing twenty Common Shares),NYSE,LULD pause,2025-04-21,14:11:29
2025-04-21,13:56:01,XIN,Xinyuan Real Estate Co. LTD. American Depositary Shares (each Representing twenty Common Shares),NYSE,LULD pause,2025-04-21,14:01:04
2025-04-21,12:33:08,UPC,Universe Pharmaceuticals Inc. Ordinary Shares,Nasdaq,LULD pause,2025-04-21,12:38:08
2025-04-21,12:24:05,ZYBT,Zhengye Biotechnology Holding Limited Ordinary Shares,Nasdaq,LULD pause,2025-04-21,12:34:05
2025-04-21,12:21:39,UPC,Universe Pharmaceuticals Inc. Ordinary Shares,Nasdaq,LULD pause,2025-04-21,12:26:39
2025-04-21,11:30:26,SISI,"""Shineco, Inc. Common Stock""",Nasdaq,LULD pause,2025-04-21,11:35:26
2025-04-21,11:21:44,LXEH,"""Lixiang Education Holding Co., Ltd. American Depositary Shares""",Nasdaq,LULD pause,2025-04-21,11:26:44
2025-04-21,11:16:10,LXEH,"""Lixiang Education Holding Co., Ltd. American Depositary Shares""",Nasdaq,LULD pause,2025-04-21,11:21:10
2025-04-21,11:05:06,LXEH,"""Lixiang Education Holding Co., Ltd. American Depositary Shares""",Nasdaq,LULD pause,2025-04-21,11:10:06
2025-04-21,11:04:14,DGXX,Digi Power X Inc. Subordinate Voting Shares,Nasdaq,LULD pause,2025-04-21,11:09:14
2025-04-21,10:59:31,SCPX,"""Scorpius Holdings, Inc.""",NYSE American,Regulatory Concern,See Subsequent Halt,See Subsequent Halt
2025-04-21,10:57:34,LXEH,"""Lixiang Education Holding Co., Ltd. American Depositary Shares""",Nasdaq,LULD pause,2025-04-21,11:02:34
2025-04-21,10:50:42,LXEH,"""Lixiang Education Holding Co., Ltd. American Depositary Shares""",Nasdaq,LULD pause,2025-04-21,10:55:42
2025-04-21,10:29:43,LXEH,"""Lixiang Education Holding Co., Ltd. American Depositary Shares""",Nasdaq,LULD pause,2025-04-21,10:49:44
2025-04-21,10:27:14,MLGO,"""MicroAlgo, Inc. Ordinary Shares""",Nasdaq,LULD pause,2025-04-21,10:32:14
2025-04-21,10:22:50,AUUD,Auddia Inc. Common Stock,Nasdaq,LULD pause,2025-04-21,10:32:51
2025-04-21,10:17:13,AUUD,Auddia Inc. Common Stock,Nasdaq,LULD pause,2025-04-21,10:22:13
2025-04-21,10:12:40,LXEH,"""Lixiang Education Holding Co., Ltd. American Depositary Shares""",Nasdaq,LULD pause,2025-04-21,10:17:40
2025-04-21,10:08:54,AUUD,Auddia Inc. Common Stock,Nasdaq,LULD pause,2025-04-21,10:13:54
2025-04-21,10:03:09,MWYN,"""Marwynn Holdings, Inc. Common stock""",Nasdaq,LULD pause,2025-04-21,10:08:09
2025-04-21,09:52:01,DWTX,"""Dogwood Therapeutics, Inc. Common Stock""",Nasdaq,LULD pause,2025-04-21,09:57:01
2025-04-21,09:50:02,LXEH,"""Lixiang Education Holding Co., Ltd. American Depositary Shares""",Nasdaq,LULD pause,2025-04-21,10:00:02
2025-04-21,09:49:33,AUUD,Auddia Inc. Common Stock,Nasdaq,LULD pause,2025-04-21,10:00:11
2025-04-21,09:48:38,AREB,"""American Rebel Holdings, Inc. Common Stock""",Nasdaq,LULD pause,2025-04-21,09:58:38
2025-04-21,09:46:31,MLGO,"""MicroAlgo, Inc. Ordinary Shares""",Nasdaq,LULD pause,2025-04-21,09:51:31
2025-04-21,09:44:00,LXEH,"""Lixiang Education Holding Co., Ltd. American Depositary Shares""",Nasdaq,LULD pause,2025-04-21,09:49:00
2025-04-21,09:43:16,WIMI,WiMi Hologram Cloud Inc. Class B Ordinary Shares,Nasdaq,LULD pause,2025-04-21,09:48:16
2025-04-21,09:40:39,FER,Ferrovial SE Ordinary Shares,Nasdaq,LULD pause,2025-04-21,09:45:39
2025-04-21,09:39:32,MLGO,"""MicroAlgo, Inc. Ordinary Shares""",Nasdaq,LULD pause,2025-04-21,09:44:32
2025-04-21,09:38:34,MTEN,Mingteng International Corporation Inc. Ordinary Shares,Nasdaq,LULD pause,2025-04-21,09:43:34
2025-04-21,09:36:41,LXEH,"""Lixiang Education Holding Co., Ltd. American Depositary Shares""",Nasdaq,LULD pause,2025-04-21,09:41:41
2025-04-21,09:34:47,FATN,"""FatPipe, Inc. Common Stock""",Nasdaq,LULD pause,2025-04-21,09:39:47
2025-04-21,09:34:36,AREB,"""American Rebel Holdings, Inc. Common Stock""",Nasdaq,LULD pause,2025-04-21,09:39:36
2025-04-21,09:31:02,LXEH,"""Lixiang Education Holding Co., Ltd. American Depositary Shares""",Nasdaq,LULD pause,2025-04-21,09:36:02
2025-04-21,09:30:20,SATO,Invesco Alerian Galaxy Crypto Economy ETF,Cboe BZX,LULD pause,2025-04-21,09:35:20
2025-04-21,08:28:48,ENFN,"""Enfusion, Inc.""",NYSE,Merger Effective,,
2025-04-21,08:15:51,FNA,"""Paragon 28, Inc.""",NYSE,Merger Effective,,
2025-04-21,03:58:00,GENVR,Gen Digital Inc. Contingent Value Rights,Nasdaq,News pending,2025-04-21,03:58:00
2025-04-17,19:50:14,DDC,DDC Enterprise Limited,NYSE American,Corporate Action,2025-04-21,09:00:00
2025-04-17,19:50:14,DDC,DDC Enterprise Limited,NYSE American,Corporate Action,,
2025-04-17,19:50:00,YHC,LQR House Inc. Common Stock,Nasdaq,News pending,2025-04-21,09:00:00
2025-04-17,19:50:00,YHC,LQR House Inc. Common Stock,Nasdaq,News pending,,
2025-04-17,19:50:00,HOLOW,MicroCloud Hologram Inc. Warrant,Nasdaq,News pending,2025-04-21,09:05:00
2025-04-17,19:50:00,HOLOW,MicroCloud Hologram Inc. Warrant,Nasdaq,News pending,,
2025-04-17,19:50:00,CMRX,"""Chimerix, Inc.""",Nasdaq,News pending,,
2025-04-17,19:50:00,SUNE,"""SUNation Energy, Inc. Common Stock""",Nasdaq,News pending,2025-04-21,09:00:00
2025-04-17,19:50:00,SUNE,"""SUNation Energy, Inc. Common Stock""",Nasdaq,News pending,,
2025-04-17,19:50:00,HOLO,MicroCloud Hologram Inc. Ordinary Shares,Nasdaq,News pending,,
2025-04-17,19:50:00,HOLO,MicroCloud Hologram Inc. Ordinary Shares,Nasdaq,News pending,2025-04-21,09:00:00
2025-04-17,19:50:00,BMRA,BIOMERICA INC,Nasdaq,News pending,2025-04-21,09:00:00
2025-04-17,19:50:00,BMRA,BIOMERICA INC,Nasdaq,News pending,,
2025-04-17,15:52:32,AIMBU,Aimfinity Investment Corp. I Subunit,Nasdaq,LULD pause,2025-04-17,16:04:18
2025-04-17,15:48:39,LXEH,"""Lixiang Education Holding Co., Ltd. American Depositary Shares""",Nasdaq,LULD pause,2025-04-17,16:00:00
2025-04-17,15:03:23,LXEH,"""Lixiang Education Holding Co., Ltd. American Depositary Shares""",Nasdaq,LULD pause,2025-04-17,15:48:24
2025-04-17,14:58:06,LXEH,"""Lixiang Education Holding Co., Ltd. American Depositary Shares""",Nasdaq,LULD pause,2025-04-17,15:03:06
2025-04-17,14:25:25,FATN,"""FatPipe, Inc. Common Stock""",Nasdaq,LULD pause,2025-04-17,14:30:25
2025-04-17,12:58:33,YGMZ,MingZhu Logistics Holdings Limited Ordinary Shares,Nasdaq,LULD pause,2025-04-17,13:03:33
2025-04-17,12:57:45,NDRA,ENDRA Life Sciences Inc. Common Stock,Nasdaq,LULD pause,2025-04-17,13:02:45
2025-04-17,12:54:34,FOXO,FOXO Technologies Inc.,NYSE American,Regulatory Concern,,
2025-04-17,12:54:34,FOXO,FOXO Technologies Inc.,NYSE American,Regulatory Concern,See Subsequent Halt,See Subsequent Halt
2025-04-17,11:21:26,ADGM,"""Adagio Medical Holdings, Inc Common Stock""",Nasdaq,LULD pause,2025-04-17,11:26:26
2025-04-17,11:21:02,JNVR,Janover Inc. Common Stock,Nasdaq,LULD pause,2025-04-17,11:26:02
2025-04-17,11:13:48,NDRA,ENDRA Life Sciences Inc. Common Stock,Nasdaq,LULD pause,2025-04-17,11:18:48
2025-04-17,10:53:14,NDRA,ENDRA Life Sciences Inc. Common Stock,Nasdaq,LULD pause,2025-04-17,11:13:31
2025-04-17,10:44:44,SXTC,"""China SXT Pharmaceuticals, Inc. Ordinary Shares""",Nasdaq,LULD pause,2025-04-17,10:54:44
2025-04-17,10:19:29,KZIA,Kazia Therapeutics Limited American Depositary Shares,Nasdaq,LULD pause,2025-04-17,10:29:29
2025-04-17,10:11:41,SXTC,"""China SXT Pharmaceuticals, Inc. Ordinary Shares""",Nasdaq,LULD pause,2025-04-17,10:16:41
2025-04-17,10:10:24,KZIA,Kazia Therapeutics Limited American Depositary Shares,Nasdaq,LULD pause,2025-04-17,10:15:24
2025-04-17,10:05:02,DXF,"""Eason Technology Limited American Depositary Shares (each representing sixty-thousand (60,000) Ordinary Shares)""",NYSE American,LULD pause,2025-04-17,10:10:02
2025-04-17,10:04:45,KZIA,Kazia Therapeutics Limited American Depositary Shares,Nasdaq,LULD pause,2025-04-17,10:09:45
2025-04-17,09:52:41,ADGM,"""Adagio Medical Holdings, Inc Common Stock""",Nasdaq,LULD pause,2025-04-17,10:02:41
2025-04-17,09:45:02,ELPW,Elong Power Holding Limited Class A Ordinary Shares,Nasdaq,LULD pause,2025-04-17,09:50:02
2025-04-17,09:43:41,ANNA,"""AleAnna, Inc. Class A Common Stock""",Nasdaq,LULD pause,2025-04-17,09:53:41
2025-04-17,09:37:09,NTZ,"""Natuzzi, S.p.A""",NYSE,LULD pause,2025-04-17,09:42:13
2025-04-17,09:36:06,ADGM,"""Adagio Medical Holdings, Inc Common Stock""",Nasdaq,LULD pause,2025-04-17,09:41:06
2025-04-17,09:33:30,ELPW,Elong Power Holding Limited Class A Ordinary Shares,Nasdaq,LULD pause,2025-04-17,09:43:31
2025-04-17,09:31:29,DIT,AMCON Distributing Co.,NYSE American,LULD pause,2025-04-17,09:36:29
2025-04-17,09:31:05,WIMI,WiMi Hologram Cloud Inc. Class B Ordinary Shares,Nasdaq,LULD pause,2025-04-17,09:41:05
2025-04-17,09:30:17,ANNA,"""AleAnna, Inc. Class A Common Stock""",Nasdaq,LULD pause,2025-04-17,09:40:17
2025-04-17,08:25:57,ML,MoneyLion Inc.,NYSE,Merger Effective,,
2025-04-17,08:25:57,ML WS,"""MoneyLion Inc. Warrants, each whole warrant exercisable 1/30th of a share of Class A common stock at an exercise price of $345.00 per whole share""",NYSE,Merger Effective,,
2025-04-17,04:00:00,GENVR,Gen Digital Inc. Contingent Value Rights,Nasdaq,News pending,,
2025-04-16,19:50:00,KZIA,Kazia Therapeutics Limited American Depositary Shares,Nasdaq,News pending,,
2025-04-16,19:50:00,KZIA,Kazia Therapeutics Limited American Depositary Shares,Nasdaq,News pending,2025-04-17,09:00:00
2025-04-16,19:50:00,PDCO,"""Patterson Companies, Inc.""",Nasdaq,News pending,,
2025-04-16,15:50:22,IOTR,iOThree Limited Ordinary Shares,Nasdaq,LULD pause,2025-04-16,16:00:00
2025-04-16,15:44:46,IOTR,iOThree Limited Ordinary Shares,Nasdaq,LULD pause,2025-04-16,15:49:46
2025-04-16,15:34:03,IOTR,iOThree Limited Ordinary Shares,Nasdaq,LULD pause,2025-04-16,15:44:04
2025-04-16,15:25:38,IOTR,iOThree Limited Ordinary Shares,Nasdaq,LULD pause,2025-04-16,15:30:38
2025-04-16,15:25:27,ZIPP,STKd 100% UBER & 100% TSLA ETF,Nasdaq,LULD pause,2025-04-16,15:30:27
2025-04-16,15:10:53,IOTR,iOThree Limited Ordinary Shares,Nasdaq,LULD pause,2025-04-16,15:25:21
2025-04-16,15:09:02,ZCAR,"""Zoomcar Holdings, Inc. Common Stock""",Nasdaq,LULD pause,2025-04-16,15:14:02
2025-04-16,15:00:04,IOTR,iOThree Limited Ordinary Shares,Nasdaq,LULD pause,2025-04-16,15:10:04
2025-04-16,14:50:24,IOTR,iOThree Limited Ordinary Shares,Nasdaq,LULD pause,2025-04-16,14:55:24
2025-04-16,14:41:24,ZCAR,"""Zoomcar Holdings, Inc. Common Stock""",Nasdaq,LULD pause,2025-04-16,14:46:24
2025-04-16,14:35:46,ZCAR,"""Zoomcar Holdings, Inc. Common Stock""",Nasdaq,LULD pause,2025-04-16,14:40:46
2025-04-16,13:48:21,UPC,Universe Pharmaceuticals Inc. Ordinary Shares,Nasdaq,LULD pause,2025-04-16,13:53:21
2025-04-16,12:56:33,TVRD,"""Tvardi Therapeutics, Inc. Common Stock""",Nasdaq,LULD pause,2025-04-16,13:01:33
2025-04-16,12:41:31,PW PRA,"""Power REIT  7.75% Series A Cumulative Redeemable Perpetual Preferred Stock, Liquidation Preference $25.00 per Share""",NYSE American,LULD pause,2025-04-16,12:46:31
2025-04-16,12:40:35,UPC,Universe Pharmaceuticals Inc. Ordinary Shares,Nasdaq,LULD pause,2025-04-16,12:55:36
2025-04-16,12:17:23,SAIH,SAIHEAT Limited Class A Ordinary Shares,Nasdaq,LULD pause,2025-04-16,12:32:24
2025-04-16,12:14:44,DXF,"""Eason Technology Limited American Depositary Shares (each representing sixty-thousand (60,000) Ordinary Shares)""",NYSE American,LULD pause,2025-04-16,12:19:44
2025-04-16,11:39:19,CLIK,Click Holdings Limited Ordinary Share,Nasdaq,LULD pause,2025-04-16,11:44:19
2025-04-16,11:21:07,CLIK,Click Holdings Limited Ordinary Share,Nasdaq,LULD pause,2025-04-16,11:26:07
2025-04-16,11:15:46,CLIK,Click Holdings Limited Ordinary Share,Nasdaq,LULD pause,2025-04-16,11:20:46
2025-04-16,11:10:10,CLIK,Click Holdings Limited Ordinary Share,Nasdaq,LULD pause,2025-04-16,11:15:10
2025-04-16,10:40:58,OST,"""Ostin Technology Group Co., Ltd. Class A Ordinary Shares""",Nasdaq,LULD pause,2025-04-16,10:45:58
2025-04-16,10:26:17,WIMI,WiMi Hologram Cloud Inc. Class B Ordinary Shares,Nasdaq,LULD pause,2025-04-16,10:31:17
2025-04-16,10:14:15,CISS,C3is Inc. Common Stock,Nasdaq,LULD pause,2025-04-16,10:19:15
2025-04-16,10:12:11,TVRD,"""Tvardi Therapeutics, Inc. Common Stock""",Nasdaq,LULD pause,2025-04-16,10:17:11
2025-04-16,10:11:54,WIMI,WiMi Hologram Cloud Inc. Class B Ordinary Shares,Nasdaq,LULD pause,2025-04-16,10:21:54
2025-04-16,10:09:02,RBNE,Robin Energy Ltd. Common Stock,Nasdaq,LULD pause,2025-04-16,10:14:02
2025-04-16,10:04:05,BLNE,"""Beeline Holdings, Inc. Common Stock""",Nasdaq,LULD pause,2025-04-16,10:09:05
2025-04-16,10:03:00,WIMI,WiMi Hologram Cloud Inc. Class B Ordinary Shares,Nasdaq,LULD pause,2025-04-16,10:08:00
2025-04-16,09:59:14,TVRD,"""Tvardi Therapeutics, Inc. Common Stock""",Nasdaq,LULD pause,2025-04-16,10:04:14
2025-04-16,09:52:26,OST,"""Ostin Technology Group Co., Ltd. Class A Ordinary Shares""",Nasdaq,LULD pause,2025-04-16,09:57:26
2025-04-16,09:49:52,WIMI,WiMi Hologram Cloud Inc. Class B Ordinary Shares,Nasdaq,LULD pause,2025-04-16,09:59:53
2025-04-16,09:45:09,TVRD,"""Tvardi Therapeutics, Inc. Common Stock""",Nasdaq,LULD pause,2025-04-16,09:55:09
2025-04-16,09:43:34,IOTR,iOThree Limited Ordinary Shares,Nasdaq,LULD pause,2025-04-16,09:48:34
2025-04-16,09:40:22,OST,"""Ostin Technology Group Co., Ltd. Class A Ordinary Shares""",Nasdaq,LULD pause,2025-04-16,09:45:22
2025-04-16,09:37:04,QNRX,"""Quoin Pharmaceuticals, Ltd. American Depositary Shares""",Nasdaq,LULD pause,2025-04-16,09:47:04
2025-04-16,09:34:06,TVRD,"""Tvardi Therapeutics, Inc. Common Stock""",Nasdaq,LULD pause,2025-04-16,09:44:07
2025-04-16,09:32:49,ZEO,Zeo Energy Corporation Class A Common Stock,Nasdaq,LULD pause,2025-04-16,09:37:49
2025-04-16,09:32:14,STBX,Starbox Group Holdings Ltd. Class A Ordinary Shares,Nasdaq,LULD pause,2025-04-16,09:37:14
2025-04-16,08:30:59,SWI,SolarWinds Corporation Common Stock,NYSE,Merger Effective,,
2025-04-16,08:22:33,AMPS,"""Altus Power, Inc.""",NYSE,Merger Effective,,
2025-04-16,00:21:44,TVRD,"""Tvardi Therapeutics, Inc. Common Stock""",Nasdaq,News pending,2025-04-16,09:00:00
2025-04-15,19:50:00,CARA,"""Cara Therapeutics, Inc.""",Nasdaq,News pending,,
2025-04-15,14:59:58,BUJA,Bukit Jalil Global Acquisition 1 Ltd. Ordinary Shares,Nasdaq,LULD pause,2025-04-15,15:09:58
2025-04-15,14:57:23,PW PRA,"""Power REIT  7.75% Series A Cumulative Redeemable Perpetual Preferred Stock, Liquidation Preference $25.00 per Share""",NYSE American,LULD pause,2025-04-15,15:02:23
2025-04-15,14:46:53,JPI,Nuveen Preferred Securities & Income Opportunities Fund,NYSE,LULD pause,2025-04-15,14:52:15
2025-04-15,14:35:17,NCT,Intercont (Cayman) Limited Ordinary shares,Nasdaq,LULD pause,2025-04-15,14:45:17
2025-04-15,14:31:12,BULL,Webull Corporation Class A Ordinary Shares,Nasdaq,LULD pause,2025-04-15,14:36:12
2025-04-15,13:45:56,XIN,Xinyuan Real Estate Co. LTD. American Depositary Shares (each Representing twenty Common Shares),NYSE,Regulatory Concern,2025-04-21,13:55:31
2025-04-15,13:45:56,XIN,Xinyuan Real Estate Co. LTD. American Depositary Shares (each Representing twenty Common Shares),NYSE,Regulatory Concern,,
2025-04-15,12:47:11,HXHX,Haoxin Holdings Limited Class A Ordinary Shares,Nasdaq,LULD pause,2025-04-15,12:52:11
2025-04-15,12:46:32,APM,Aptorum Group Limited Class A Ordinary Shares,Nasdaq,LULD pause,2025-04-15,12:51:32
2025-04-15,12:37:12,HXHX,Haoxin Holdings Limited Class A Ordinary Shares,Nasdaq,LULD pause,2025-04-15,12:42:12
2025-04-15,12:23:52,HXHX,Haoxin Holdings Limited Class A Ordinary Shares,Nasdaq,LULD pause,2025-04-15,12:28:52
2025-04-15,12:15:30,RBNE,Robin Energy Ltd. Common Stock,Nasdaq,LULD pause,2025-04-15,12:20:30
2025-04-15,12:14:27,CMSC,CMS Energy Corporation 5.875% Junior Subordinated Notes due 2078,NYSE,LULD pause,2025-04-15,12:19:27
2025-04-15,12:13:20,HXHX,Haoxin Holdings Limited Class A Ordinary Shares,Nasdaq,LULD pause,2025-04-15,12:23:20
2025-04-15,12:10:15,RBNE,Robin Energy Ltd. Common Stock,Nasdaq,LULD pause,2025-04-15,12:15:15
2025-04-15,12:07:00,HXHX,Haoxin Holdings Limited Class A Ordinary Shares,Nasdaq,LULD pause,2025-04-15,12:12:00
2025-04-15,12:00:36,HXHX,Haoxin Holdings Limited Class A Ordinary Shares,Nasdaq,LULD pause,2025-04-15,12:05:36
2025-04-15,11:53:22,RBNE,Robin Energy Ltd. Common Stock,Nasdaq,LULD pause,2025-04-15,11:58:22
2025-04-15,11:51:50,JFB,JFB Construction Holdings Class A Common Stock,Nasdaq,LULD pause,2025-04-15,11:56:50
2025-04-15,11:22:28,STBX,Starbox Group Holdings Ltd. Class A Ordinary Shares,Nasdaq,LULD pause,2025-04-15,11:32:28
2025-04-15,11:05:53,DWTX,"""Dogwood Therapeutics, Inc. Common Stock""",Nasdaq,LULD pause,2025-04-15,11:10:53
2025-04-15,11:04:56,OST,"""Ostin Technology Group Co., Ltd. Class A Ordinary Shares""",Nasdaq,LULD pause,2025-04-15,11:09:56
2025-04-15,10:49:26,STBX,Starbox Group Holdings Ltd. Class A Ordinary Shares,Nasdaq,LULD pause,2025-04-15,10:54:26
2025-04-15,10:43:44,ZYBT,Zhengye Biotechnology Holding Limited Ordinary Shares,Nasdaq,LULD pause,2025-04-15,10:48:44
2025-04-15,10:38:36,DWTX,"""Dogwood Therapeutics, Inc. Common Stock""",Nasdaq,LULD pause,2025-04-15,10:43:36
2025-04-15,10:36:56,OST,"""Ostin Technology Group Co., Ltd. Class A Ordinary Shares""",Nasdaq,LULD pause,2025-04-15,10:41:56
2025-04-15,10:32:50,PW PRA,"""Power REIT  7.75% Series A Cumulative Redeemable Perpetual Preferred Stock, Liquidation Preference $25.00 per Share""",NYSE American,LULD pause,2025-04-15,10:37:50
2025-04-15,10:30:55,DWTX,"""Dogwood Therapeutics, Inc. Common Stock""",Nasdaq,LULD pause,2025-04-15,10:35:55
2025-04-15,10:28:27,OST,"""Ostin Technology Group Co., Ltd. Class A Ordinary Shares""",Nasdaq,LULD pause,2025-04-15,10:33:27
2025-04-15,10:22:54,DWTX,"""Dogwood Therapeutics, Inc. Common Stock""",Nasdaq,LULD pause,2025-04-15,10:27:54
2025-04-15,10:22:46,OST,"""Ostin Technology Group Co., Ltd. Class A Ordinary Shares""",Nasdaq,LULD pause,2025-04-15,10:27:46
2025-04-15,10:20:30,RBNE,Robin Energy Ltd. Common Stock,Nasdaq,LULD pause,2025-04-15,10:25:30
2025-04-15,10:17:51,BULL,Webull Corporation Class A Ordinary Shares,Nasdaq,LULD pause,2025-04-15,10:22:51
2025-04-15,10:11:58,OST,"""Ostin Technology Group Co., Ltd. Class A Ordinary Shares""",Nasdaq,LULD pause,2025-04-15,10:21:59
2025-04-15,10:11:53,RBNE,Robin Energy Ltd. Common Stock,Nasdaq,LULD pause,2025-04-15,10:16:53
2025-04-15,10:11:04,DWTX,"""Dogwood Therapeutics, Inc. Common Stock""",Nasdaq,LULD pause,2025-04-15,10:21:05
2025-04-15,10:08:36,STBX,Starbox Group Holdings Ltd. Class A Ordinary Shares,Nasdaq,LULD pause,2025-04-15,10:48:37
2025-04-15,09:59:20,FRGE,"""Forge Global Holdings, Inc.""",NYSE,LULD pause,2025-04-15,10:04:20
2025-04-15,09:58:47,PROK,ProKidney Corp. Class A Ordinary Shares,Nasdaq,LULD pause,2025-04-15,10:03:47
2025-04-15,09:53:59,BIO B,"""Bio-Rad Laboratories, Inc. Class B""",NYSE,LULD pause,2025-04-15,09:58:59
2025-04-15,09:52:59,JNVR,Janover Inc. Common Stock,Nasdaq,LULD pause,2025-04-15,09:57:59
2025-04-15,09:50:46,FRGE,"""Forge Global Holdings, Inc.""",NYSE,LULD pause,2025-04-15,09:55:46
2025-04-15,09:49:29,BULL,Webull Corporation Class A Ordinary Shares,Nasdaq,LULD pause,2025-04-15,09:54:29
2025-04-15,09:47:58,RBNE,Robin Energy Ltd. Common Stock,Nasdaq,LULD pause,2025-04-15,09:52:58
2025-04-15,09:47:36,SKYE,"""Skye Bioscience, Inc. Common Stock""",Nasdaq,LULD pause,2025-04-15,09:57:36
2025-04-15,09:45:54,APLM,Apollomics Inc. Class A Ordinary Shares,Nasdaq,LULD pause,2025-04-15,09:55:54
2025-04-15,09:40:36,BULL,Webull Corporation Class A Ordinary Shares,Nasdaq,LULD pause,2025-04-15,09:45:36
2025-04-15,09:37:15,SKYE,"""Skye Bioscience, Inc. Common Stock""",Nasdaq,LULD pause,2025-04-15,09:47:16
2025-04-14,19:50:53,FRGE,"""Forge Global Holdings, Inc.""",NYSE,Corporate Action,,
2025-04-14,19:50:53,FRGE,"""Forge Global Holdings, Inc.""",NYSE,Corporate Action,2025-04-15,09:32:34
2025-04-14,19:50:08,CPHI,"""China Pharma Holdings, Inc.""",NYSE American,Corporate Action,2025-04-15,09:00:00
2025-04-14,19:50:08,CPHI,"""China Pharma Holdings, Inc.""",NYSE American,Corporate Action,,
2025-04-14,19:50:00,CMCT,Creative Media & Community Trust Corporation Common stock,Nasdaq,News pending,,
2025-04-14,19:50:00,CMCT,Creative Media & Community Trust Corporation Common stock,Nasdaq,News pending,2025-04-15,09:00:00
2025-04-14,19:50:00,SCLXW,Scilex Holding Company Warrant,Nasdaq,News pending,2025-04-15,09:05:00
2025-04-14,19:50:00,SCLXW,Scilex Holding Company Warrant,Nasdaq,News pending,,
2025-04-14,19:50:00,SCLX,Scilex Holding Company Common Stock,Nasdaq,News pending,,
2025-04-14,19:50:00,SCLX,Scilex Holding Company Common Stock,Nasdaq,News pending,2025-04-15,09:00:00
2025-04-14,19:50:00,STBX,Starbox Group Holdings Ltd. Class A Ordinary Shares,Nasdaq,News pending,,
2025-04-14,19:50:00,STBX,Starbox Group Holdings Ltd. Class A Ordinary Shares,Nasdaq,News pending,2025-04-15,09:00:00
2025-04-14,15:54:49,ATHR,"""Aether Holdings, Inc. Common Stock""",Nasdaq,LULD pause,2025-04-14,16:00:00
2025-04-14,14:13:15,MB,MasterBeef Group Ordinary Shares,Nasdaq,LULD pause,2025-04-14,14:18:15
2025-04-14,14:11:35,BULL,Webull Corporation Class A Ordinary Shares,Nasdaq,LULD pause,2025-04-14,14:16:35
2025-04-14,14:02:01,MB,MasterBeef Group Ordinary Shares,Nasdaq,LULD pause,2025-04-14,14:07:01
2025-04-14,14:00:23,BULL,Webull Corporation Class A Ordinary Shares,Nasdaq,LULD pause,2025-04-14,14:05:23
2025-04-14,13:40:42,MB,MasterBeef Group Ordinary Shares,Nasdaq,LULD pause,2025-04-14,13:45:42
2025-04-14,13:39:37,CANF,"""Can-Fite BioPharma Ltd. American Depositary Shares, each representing three hundred (300) Ordinary Shares""",NYSE American,News pending,2025-04-14,15:00:00
2025-04-14,13:35:04,MB,MasterBeef Group Ordinary Shares,Nasdaq,LULD pause,2025-04-14,13:40:04
2025-04-14,13:31:19,FATN,"""FatPipe, Inc. Common Stock""",Nasdaq,LULD pause,2025-04-14,13:36:19
2025-04-14,13:17:42,MB,MasterBeef Group Ordinary Shares,Nasdaq,LULD pause,2025-04-14,13:27:42
2025-04-14,13:15:49,FATN,"""FatPipe, Inc. Common Stock""",Nasdaq,LULD pause,2025-04-14,13:25:49
2025-04-14,13:07:45,FATN,"""FatPipe, Inc. Common Stock""",Nasdaq,LULD pause,2025-04-14,13:12:45
2025-04-14,12:18:41,NDRA,ENDRA Life Sciences Inc. Common Stock,Nasdaq,LULD pause,2025-04-14,12:23:41
2025-04-14,11:21:08,LSE,"""Leishen Energy Holding Co., Ltd. Ordinary Shares""",Nasdaq,LULD pause,2025-04-14,11:31:08
2025-04-14,10:56:14,BUJAU,Bukit Jalil Global Acquisition 1 Ltd. Unit,Nasdaq,LULD pause,2025-04-14,11:01:14
2025-04-14,10:14:47,STAK,STAK Inc. Ordinary Shares,Nasdaq,LULD pause,2025-04-14,10:19:47
2025-04-14,10:14:18,BULL,Webull Corporation Class A Ordinary Shares,Nasdaq,LULD pause,2025-04-14,10:19:18
2025-04-14,10:10:16,LXEH,"""Lixiang Education Holding Co., Ltd. American Depositary Shares""",Nasdaq,LULD pause,2025-04-14,10:20:16
2025-04-14,10:05:27,BULL,Webull Corporation Class A Ordinary Shares,Nasdaq,LULD pause,2025-04-14,10:10:27
2025-04-14,09:53:08,BULL,Webull Corporation Class A Ordinary Shares,Nasdaq,LULD pause,2025-04-14,09:58:08
2025-04-14,09:46:07,USAR,"""USA Rare Earth, Inc. Class A Common Stock""",Nasdaq,LULD pause,2025-04-14,09:51:07
2025-04-14,09:40:55,BULL,Webull Corporation Class A Ordinary Shares,Nasdaq,LULD pause,2025-04-14,09:45:55
2025-04-14,09:39:11,HPH,Highest Performances Holdings Inc. American Depository Shares,Nasdaq,LULD pause,2025-04-14,09:44:11
2025-04-14,09:35:56,ICCT,iCoreConnect Inc. Common stock,Nasdaq,LULD pause,2025-04-14,09:40:56
2025-04-14,09:33:27,AREB,"""American Rebel Holdings, Inc. Common Stock""",Nasdaq,LULD pause,2025-04-14,09:38:27
2025-04-14,09:32:01,BULL,Webull Corporation Class A Ordinary Shares,Nasdaq,LULD pause,2025-04-14,09:37:01
2025-04-11,19:50:00,PIIIW,P3 Health Partners Inc. Warrant,Nasdaq,News pending,,
2025-04-11,19:50:00,PIIIW,P3 Health Partners Inc. Warrant,Nasdaq,News pending,2025-04-14,09:05:00
2025-04-11,19:50:00,PYCR,"""Paycor HCM, Inc. Common Stock""",Nasdaq,News pending,,
2025-04-11,19:50:00,PIII,P3 Health Partners Inc. Common Stock,Nasdaq,News pending,,
2025-04-11,19:50:00,PIII,P3 Health Partners Inc. Common Stock,Nasdaq,News pending,2025-04-14,09:00:00
2025-04-11,19:50:00,WIMI,WiMi Hologram Cloud Inc. Class B Ordinary Shares,Nasdaq,News pending,2025-04-14,09:00:00
2025-04-11,19:50:00,WIMI,WiMi Hologram Cloud Inc. Class B Ordinary Shares,Nasdaq,News pending,,
2025-04-11,19:50:00,HPH,Highest Performances Holdings Inc. American Depository Shares,Nasdaq,News pending,2025-04-14,09:00:00
2025-04-11,19:50:00,HPH,Highest Performances Holdings Inc. American Depository Shares,Nasdaq,News pending,,
2025-04-11,15:57:27,BUJAU,Bukit Jalil Global Acquisition 1 Ltd. Unit,Nasdaq,LULD pause,2025-04-11,16:04:34
2025-04-11,14:56:08,RBNEV,Robin Energy Ltd. Common Stock When Issued,Nasdaq,LULD pause,2025-04-11,15:06:12
2025-04-11,14:30:03,LZMH,LZ Technology Holdings Limited Class B Ordinary Shares,Nasdaq,LULD pause,2025-04-11,14:40:03
2025-04-11,14:21:40,TOROV,Toro Corp. Common Stock Ex-distribution When Issued,Nasdaq,LULD pause,2025-04-11,14:26:40
2025-04-11,14:19:46,LZMH,LZ Technology Holdings Limited Class B Ordinary Shares,Nasdaq,LULD pause,2025-04-11,14:29:46
2025-04-11,14:04:59,LZMH,LZ Technology Holdings Limited Class B Ordinary Shares,Nasdaq,LULD pause,2025-04-11,14:19:31
2025-04-11,13:58:24,TOROV,Toro Corp. Common Stock Ex-distribution When Issued,Nasdaq,LULD pause,2025-04-11,14:03:24
2025-04-11,13:24:41,TOROV,Toro Corp. Common Stock Ex-distribution When Issued,Nasdaq,LULD pause,2025-04-11,13:34:41
2025-04-11,13:15:58,RBNEV,Robin Energy Ltd. Common Stock When Issued,Nasdaq,LULD pause,2025-04-11,13:40:58
2025-04-11,12:50:47,AXIL,"""AXIL Brands, Inc.""",NYSE American,LULD pause,2025-04-11,12:55:47
2025-04-11,12:20:59,NA,Nano Labs Ltd Class A Ordinary Shares,Nasdaq,LULD pause,2025-04-11,12:25:59
2025-04-11,12:17:42,RBNEV,Robin Energy Ltd. Common Stock When Issued,Nasdaq,LULD pause,2025-04-11,13:14:18
2025-04-11,12:03:31,PRTG,Portage Biotech Inc. Common Stock,Nasdaq,LULD pause,2025-04-11,12:13:31
2025-04-11,11:52:36,BW PRA,"""Babcock & Wilcox Enterprises, Inc. 7.75% Series A Cumulative Perpetual Preferred Stock""",NYSE,LULD pause,2025-04-11,11:57:36
2025-04-11,11:41:33,FLD,"""Fold Holdings, Inc. Class A Common Stock""",Nasdaq,LULD pause,2025-04-11,11:51:33
2025-04-11,11:26:24,BW PRA,"""Babcock & Wilcox Enterprises, Inc. 7.75% Series A Cumulative Perpetual Preferred Stock""",NYSE,LULD pause,2025-04-11,11:31:28
2025-04-11,11:16:59,BW PRA,"""Babcock & Wilcox Enterprises, Inc. 7.75% Series A Cumulative Perpetual Preferred Stock""",NYSE,LULD pause,2025-04-11,11:22:01
2025-04-11,10:46:33,RBNEV,Robin Energy Ltd. Common Stock When Issued,Nasdaq,LULD pause,2025-04-11,12:17:02
2025-04-11,10:41:04,RBNEV,Robin Energy Ltd. Common Stock When Issued,Nasdaq,LULD pause,2025-04-11,10:46:04
2025-04-11,10:36:23,FATN,"""FatPipe, Inc. Common Stock""",Nasdaq,LULD pause,2025-04-11,10:41:23
2025-04-11,10:32:14,RBNEV,Robin Energy Ltd. Common Stock When Issued,Nasdaq,LULD pause,2025-04-11,10:37:14
2025-04-11,10:26:09,TOROV,Toro Corp. Common Stock Ex-distribution When Issued,Nasdaq,LULD pause,2025-04-11,10:31:09
2025-04-11,10:19:44,FATN,"""FatPipe, Inc. Common Stock""",Nasdaq,LULD pause,2025-04-11,10:34:45
2025-04-11,10:06:25,PRTG,Portage Biotech Inc. Common Stock,Nasdaq,LULD pause,2025-04-11,10:16:25
2025-04-11,10:04:22,BULL,Webull Corporation Class A Ordinary Shares,Nasdaq,LULD pause,2025-04-11,10:09:22
2025-04-11,10:00:20,JUCY,Aptus Enhanced Yield ETF,Cboe BZX,LULD pause,2025-04-11,10:05:20
2025-04-11,10:00:06,WAVE,Eco Wave Power Global AB (publ) American Depositary Shares,Nasdaq,LULD pause,2025-04-11,10:05:06
2025-04-11,10:00:01,PRTG,Portage Biotech Inc. Common Stock,Nasdaq,LULD pause,2025-04-11,10:05:01
2025-04-11,09:59:17,MMA,Mixed Martial Arts Group Limited,NYSE American,LULD pause,2025-04-11,10:04:17
2025-04-11,09:57:25,THTX,Theratechnologies Inc. Common,Nasdaq,LULD pause,2025-04-11,10:07:25
2025-04-11,09:55:26,BULL,Webull Corporation Class A Ordinary Shares,Nasdaq,LULD pause,2025-04-11,10:00:26
2025-04-11,09:53:35,AEHL,Antelope Enterprise Holdings Limited Class A Ordinary Shares,Nasdaq,LULD pause,2025-04-11,10:03:35
2025-04-11,09:52:37,MULN,"""Mullen Automotive, Inc. Common Stock""",Nasdaq,LULD pause,2025-04-11,09:57:37
2025-04-11,09:52:17,ATHR,"""Aether Holdings, Inc. Common Stock""",Nasdaq,LULD pause,2025-04-11,10:02:17
2025-04-11,09:48:22,PRTG,Portage Biotech Inc. Common Stock,Nasdaq,LULD pause,2025-04-11,09:53:22
2025-04-11,09:47:05,AREB,"""American Rebel Holdings, Inc. Common Stock""",Nasdaq,LULD pause,2025-04-11,09:52:05
2025-04-11,09:45:35,BULL,Webull Corporation Class A Ordinary Shares,Nasdaq,LULD pause,2025-04-11,09:50:35
2025-04-11,09:42:54,AEHL,Antelope Enterprise Holdings Limited Class A Ordinary Shares,Nasdaq,LULD pause,2025-04-11,09:52:54
2025-04-11,09:42:30,DDI,"""DoubleDown Interactive Co., Ltd. American Depository Shares""",Nasdaq,LULD pause,2025-04-11,09:47:30
2025-04-11,09:42:14,MMA,Mixed Martial Arts Group Limited,NYSE American,LULD pause,2025-04-11,09:47:14
2025-04-11,09:42:13,JNVR,Janover Inc. Common Stock,Nasdaq,LULD pause,2025-04-11,09:47:13
2025-04-11,09:41:42,MULN,"""Mullen Automotive, Inc. Common Stock""",Nasdaq,LULD pause,2025-04-11,09:46:42
2025-04-11,09:40:41,LUCY,"""Innovative Eyewear, Inc. Common Stock""",Nasdaq,LULD pause,2025-04-11,09:45:41
2025-04-11,09:38:21,DXF,"""Eason Technology Limited American Depositary Shares (each representing sixty-thousand (60,000) Ordinary Shares)""",NYSE American,LULD pause,2025-04-11,09:43:21
2025-04-11,09:37:59,PRTG,Portage Biotech Inc. Common Stock,Nasdaq,LULD pause,2025-04-11,09:48:00
2025-04-11,09:34:32,SPLP,STEEL PARTNERS HOLDINGS L.P.,NYSE,LULD pause,2025-04-11,09:40:02
2025-04-11,09:33:46,CERT,"""Certara, Inc. Common Stock""",Nasdaq,LULD pause,2025-04-11,09:38:46
2025-04-11,09:32:28,AEHL,Antelope Enterprise Holdings Limited Class A Ordinary Shares,Nasdaq,LULD pause,2025-04-11,09:42:28
2025-04-11,09:31:13,MULN,"""Mullen Automotive, Inc. Common Stock""",Nasdaq,LULD pause,2025-04-11,09:41:13
2025-04-11,09:30:57,MMA,Mixed Martial Arts Group Limited,NYSE American,LULD pause,2025-04-11,09:40:57
2025-04-11,09:30:30,AREB,"""American Rebel Holdings, Inc. Common Stock""",Nasdaq,LULD pause,2025-04-11,09:40:30
2025-04-11,09:30:15,FOXY,Simplify Currency Strategy ETF,NYSE Arca,LULD pause,2025-04-11,09:35:15
2025-04-11,04:00:00,BULLZ,Webull Corporation Incentive Warrant,Nasdaq,News pending,2025-04-11,09:45:00
2025-04-11,04:00:00,BULLW,Webull Corporation Warrants,Nasdaq,News pending,2025-04-11,09:45:00
2025-04-11,04:00:00,BULL,Webull Corporation Class A Ordinary Shares,Nasdaq,News pending,2025-04-11,09:45:00
2025-04-10,19:50:00,MULN,"""Mullen Automotive, Inc. Common Stock""",Nasdaq,News pending,,
2025-04-10,19:50:00,MULN,"""Mullen Automotive, Inc. Common Stock""",Nasdaq,News pending,2025-04-11,09:00:00
2025-04-10,19:50:00,HCWB,HCW Biologics Inc. Common Stock,Nasdaq,News pending,2025-04-11,09:00:00
2025-04-10,19:50:00,HCWB,HCW Biologics Inc. Common Stock,Nasdaq,News pending,,
2025-04-10,19:50:00,ATSG,"""Air Transport Services Group, Inc.""",Nasdaq,News pending,,
2025-04-10,19:50:00,AMRN,Amarin Corp Plc,Nasdaq,News pending,,
2025-04-10,19:50:00,AMRN,Amarin Corp Plc,Nasdaq,News pending,2025-04-11,09:00:00
2025-04-10,15:50:18,AIMBU,Aimfinity Investment Corp. I Subunit,Nasdaq,LULD pause,2025-04-10,16:04:20
2025-04-10,14:51:05,LXEH,"""Lixiang Education Holding Co., Ltd. American Depositary Shares""",Nasdaq,LULD pause,2025-04-10,15:01:06
2025-04-10,14:45:11,ATHR,"""Aether Holdings, Inc. Common Stock""",Nasdaq,LULD pause,2025-04-10,14:50:11
2025-04-10,14:43:30,BIYA,Baiya International Group Inc. Ordinary Shares,Nasdaq,LULD pause,2025-04-10,14:53:30
2025-04-10,14:38:09,BIYA,Baiya International Group Inc. Ordinary Shares,Nasdaq,LULD pause,2025-04-10,14:43:09
2025-04-10,14:32:02,APED,STKd 100% MSTR & 100% COIN ETF,Nasdaq,LULD pause,2025-04-10,14:37:02
2025-04-10,14:27:50,BIYA,Baiya International Group Inc. Ordinary Shares,Nasdaq,LULD pause,2025-04-10,14:37:50
2025-04-10,14:24:45,JAGX,"""Jaguar Health, Inc.""",Nasdaq,LULD pause,2025-04-10,14:29:45
2025-04-10,14:18:50,JAGX,"""Jaguar Health, Inc.""",Nasdaq,LULD pause,2025-04-10,14:23:50
2025-04-10,14:16:34,BIYA,Baiya International Group Inc. Ordinary Shares,Nasdaq,LULD pause,2025-04-10,14:26:35
2025-04-10,14:05:42,ATHR,"""Aether Holdings, Inc. Common Stock""",Nasdaq,LULD pause,2025-04-10,14:10:42
2025-04-10,13:48:48,CIIT,"""Tianci International, Inc. Common Stock""",Nasdaq,LULD pause,2025-04-10,13:53:48
2025-04-10,13:40:34,ATHR,"""Aether Holdings, Inc. Common Stock""",Nasdaq,LULD pause,2025-04-10,13:50:34
2025-04-10,13:26:59,ATHR,"""Aether Holdings, Inc. Common Stock""",Nasdaq,LULD pause,2025-04-10,13:31:59
2025-04-10,13:19:33,ATHR,"""Aether Holdings, Inc. Common Stock""",Nasdaq,LULD pause,2025-04-10,13:24:33
2025-04-10,12:56:40,ATHR,"""Aether Holdings, Inc. Common Stock""",Nasdaq,LULD pause,2025-04-10,13:01:40
2025-04-10,12:35:28,MB,MasterBeef Group Ordinary Shares,Nasdaq,LULD pause,2025-04-10,12:40:28
2025-04-10,12:35:16,ATHR,"""Aether Holdings, Inc. Common Stock""",Nasdaq,LULD pause,2025-04-10,12:45:21
2025-04-10,12:28:38,ATHR,"""Aether Holdings, Inc. Common Stock""",Nasdaq,LULD pause,2025-04-10,12:33:38
2025-04-10,12:27:58,ARMH,Arm Holdings PLC ADRhedged,Cboe BZX,LULD pause,2025-04-10,12:32:58
2025-04-10,12:27:46,APED,STKd 100% MSTR & 100% COIN ETF,Nasdaq,LULD pause,2025-04-10,12:32:46
2025-04-10,12:24:44,MB,MasterBeef Group Ordinary Shares,Nasdaq,LULD pause,2025-04-10,12:34:44
2025-04-10,12:14:35,JNVR,Janover Inc. Common Stock,Nasdaq,LULD pause,2025-04-10,12:19:35
2025-04-10,12:08:23,JNVR,Janover Inc. Common Stock,Nasdaq,LULD pause,2025-04-10,12:13:23
2025-04-10,12:01:07,MB,MasterBeef Group Ordinary Shares,Nasdaq,LULD pause,2025-04-10,12:11:07
2025-04-10,11:57:55,ATHR,"""Aether Holdings, Inc. Common Stock""",Nasdaq,LULD pause,2025-04-10,12:27:07
2025-04-10,11:56:39,CIIT,"""Tianci International, Inc. Common Stock""",Nasdaq,LULD pause,2025-04-10,12:01:39
2025-04-10,11:49:51,APED,STKd 100% MSTR & 100% COIN ETF,Nasdaq,LULD pause,2025-04-10,11:54:51
2025-04-10,11:45:47,CIIT,"""Tianci International, Inc. Common Stock""",Nasdaq,LULD pause,2025-04-10,11:55:47
2025-04-10,11:42:48,KLRS,"""Kalaris Therapeutics, Inc. Common Stock""",Nasdaq,LULD pause,2025-04-10,11:47:48
2025-04-10,11:39:12,ATHR,"""Aether Holdings, Inc. Common Stock""",Nasdaq,LULD pause,2025-04-10,11:49:12
2025-04-10,11:33:57,LXEH,"""Lixiang Education Holding Co., Ltd. American Depositary Shares""",Nasdaq,LULD pause,2025-04-10,11:43:57
2025-04-10,11:33:29,ATHR,"""Aether Holdings, Inc. Common Stock""",Nasdaq,LULD pause,2025-04-10,11:38:29
2025-04-10,11:31:48,TXUG,Thornburg International Growth Fund ETF,Nasdaq,LULD pause,2025-04-10,11:36:48
2025-04-10,11:28:39,SHMD,SCHMID Group N.V. Class A Ordinary Shares,Nasdaq,LULD pause,2025-04-10,11:33:39
2025-04-10,11:28:00,ATHR,"""Aether Holdings, Inc. Common Stock""",Nasdaq,LULD pause,2025-04-10,11:33:00
2025-04-10,11:22:03,ATHR,"""Aether Holdings, Inc. Common Stock""",Nasdaq,LULD pause,2025-04-10,11:27:03
2025-04-10,11:21:04,LXEH,"""Lixiang Education Holding Co., Ltd. American Depositary Shares""",Nasdaq,LULD pause,2025-04-10,11:31:04
2025-04-10,11:16:39,JNVR,Janover Inc. Common Stock,Nasdaq,LULD pause,2025-04-10,11:21:39
2025-04-10,11:14:14,LXEH,"""Lixiang Education Holding Co., Ltd. American Depositary Shares""",Nasdaq,LULD pause,2025-04-10,11:19:14
2025-04-10,11:11:29,ATHR,"""Aether Holdings, Inc. Common Stock""",Nasdaq,LULD pause,2025-04-10,11:21:29
2025-04-10,10:55:42,IOTR,iOThree Limited Ordinary Shares,Nasdaq,LULD pause,2025-04-10,11:00:42
2025-04-10,10:53:16,LXEH,"""Lixiang Education Holding Co., Ltd. American Depositary Shares""",Nasdaq,LULD pause,2025-04-10,11:13:16
2025-04-10,10:51:43,JNVR,Janover Inc. Common Stock,Nasdaq,LULD pause,2025-04-10,11:01:43
2025-04-10,10:46:32,IOTR,iOThree Limited Ordinary Shares,Nasdaq,LULD pause,2025-04-10,10:51:32
2025-04-10,10:42:47,MPAY,Akros Monthly Payout ETF,NYSE Arca,LULD pause,2025-04-10,10:47:47
2025-04-10,10:38:25,YSXT,"""YSX Tech. Co., Ltd Class A Ordinary Shares""",Nasdaq,LULD pause,2025-04-10,10:48:25
2025-04-10,10:37:27,AREB,"""American Rebel Holdings, Inc. Common Stock""",Nasdaq,LULD pause,2025-04-10,10:42:27
2025-04-10,10:28:42,YSXT,"""YSX Tech. Co., Ltd Class A Ordinary Shares""",Nasdaq,LULD pause,2025-04-10,10:33:42
2025-04-10,10:17:36,AREB,"""American Rebel Holdings, Inc. Common Stock""",Nasdaq,LULD pause,2025-04-10,10:22:36
2025-04-10,10:07:43,AREB,"""American Rebel Holdings, Inc. Common Stock""",Nasdaq,LULD pause,2025-04-10,10:12:43
2025-04-10,10:02:54,GENW,Genter Capital International Dividend ETF,NYSE Arca,LULD pause,2025-04-10,10:07:54
2025-04-10,09:57:46,ICCT,iCoreConnect Inc. Common stock,Nasdaq,LULD pause,2025-04-10,10:02:46
2025-04-10,09:55:47,ELAB,PMGC Holdings Inc. Common Stock,Nasdaq,LULD pause,2025-04-10,10:00:47
2025-04-10,09:55:28,STHH,STMicroelectronics NV ADRhedged,Cboe BZX,LULD pause,2025-04-10,10:00:28
2025-04-10,09:53:20,AREB,"""American Rebel Holdings, Inc. Common Stock""",Nasdaq,LULD pause,2025-04-10,09:58:20
2025-04-10,09:48:44,YSXT,"""YSX Tech. Co., Ltd Class A Ordinary Shares""",Nasdaq,LULD pause,2025-04-10,09:53:44
2025-04-10,09:47:57,AREB,"""American Rebel Holdings, Inc. Common Stock""",Nasdaq,LULD pause,2025-04-10,09:52:57
2025-04-10,09:47:22,FEDU,"""Four Seasons Education (Cayman) Inc. American depositary shares, each representing ten (10) Ordinary Shares""",NYSE,LULD pause,2025-04-10,09:52:23
2025-04-10,09:45:04,ZVSA,"""ZyVersa Therapeutics, Inc. Common Stock""",Nasdaq,LULD pause,2025-04-10,09:50:04
2025-04-10,09:43:00,ELAB,PMGC Holdings Inc. Common Stock,Nasdaq,LULD pause,2025-04-10,09:53:00
2025-04-10,09:41:03,EV,Mast Global Battery Recycling & Production ETF,NYSE Arca,LULD pause,2025-04-10,09:46:03
2025-04-10,09:37:38,AREB,"""American Rebel Holdings, Inc. Common Stock""",Nasdaq,LULD pause,2025-04-10,09:47:38
2025-04-10,09:36:21,SBC,SBC Medical Group Holdings Incorporated Common Stock,Nasdaq,LULD pause,2025-04-10,09:41:21
2025-04-10,09:32:18,ARP,PMV Adaptive Risk Parity ETF,NYSE Arca,LULD pause,2025-04-10,09:37:18
2025-04-10,09:31:15,QDTY,YieldMax Nasdaq 100 0DTE Covered Call Strategy ETF,Nasdaq,LULD pause,2025-04-10,09:36:15
2025-04-10,09:30:45,QDWN,DailyDelta Q100 Downside Option Strategy ETF,NYSE Arca,LULD pause,2025-04-10,09:35:45
2025-04-10,09:30:21,FIG,Simplify Macro Strategy ETF,NYSE Arca,LULD pause,2025-04-10,09:35:21
2025-04-10,09:30:16,AIMAU,Aimfinity Investment Corp. I Unit,Nasdaq,LULD pause,2025-04-10,09:35:16
2025-04-09,15:52:30,EDGE,MRBL Enhanced Equity ETF,Cboe BZX,LULD pause,2025-04-09,16:09:43
2025-04-09,15:52:30,PSWD,Xtrackers Cybersecurity Select Equity ETF,Nasdaq,LULD pause,2025-04-09,16:00:00
2025-04-09,15:52:23,RVRB,Reverb ETF,Cboe BZX,LULD pause,2025-04-09,16:00:00
2025-04-09,15:52:23,OND,ProShares On-Demand ETF,NYSE Arca,LULD pause,2025-04-09,16:09:43
2025-04-09,15:52:12,BIO B,"""Bio-Rad Laboratories, Inc. Class B""",NYSE,LULD pause,2025-04-09,16:09:43
2025-04-09,15:50:54,PLDR,Putnam Sustainable Leaders ETF,NYSE Arca,LULD pause,2025-04-09,16:09:43
2025-04-09,15:50:42,AAPW,Roundhill AAPL WeeklyPay ETF,Cboe BZX,LULD pause,2025-04-09,16:00:00
2025-04-09,15:50:29,PEPS,Parametric Equity Plus ETF,Nasdaq,LULD pause,2025-04-09,16:00:00
2025-04-09,15:50:23,GLBL,Pacer MSCI World Industry Advantage ETF,Cboe BZX,LULD pause,2025-04-09,16:09:43
2025-04-09,15:47:38,BLIV,BeLive Holdings Ordinary Share,Nasdaq,LULD pause,2025-04-09,16:00:00
2025-04-09,15:42:10,BLIV,BeLive Holdings Ordinary Share,Nasdaq,LULD pause,2025-04-09,15:47:10
2025-04-09,15:31:49,PWER,Macquarie Energy Transition ETF,NYSE Arca,LULD pause,2025-04-09,15:36:49
2025-04-09,15:31:49,HWSM,Hotchkis & Wiley SMID Cap Diversified Value Fund,Nasdaq,LULD pause,2025-04-09,15:36:49
2025-04-09,15:31:15,USRD,Themes US R&D Champions ETF,Nasdaq,LULD pause,2025-04-09,15:36:15
2025-04-09,15:26:16,REAI,Tidal ETF Trust Intelligent Real Estate ETF,Nasdaq,LULD pause,2025-04-09,15:31:16
2025-04-09,15:26:03,MOG B,MOOG INC CL B,NYSE,LULD pause,2025-04-09,15:39:43
2025-04-09,15:23:28,KNCT,Invesco Next Gen Connectivity ETF,NYSE Arca,LULD pause,2025-04-09,15:28:28
2025-04-09,15:21:23,EGUS,iShares ESG Aware MSCI USA Growth ETF,Cboe BZX,LULD pause,2025-04-09,15:26:23
2025-04-09,15:21:06,XTJA,Innovator U.S. Equity Accelerated Plus ETF - January,Cboe BZX,LULD pause,2025-04-09,15:26:06
2025-04-09,15:12:42,AXIL,"""AXIL Brands, Inc.""",NYSE American,LULD pause,2025-04-09,15:22:42
2025-04-09,15:04:51,SANG,Sangoma Technologies Corporation Common Shares,Nasdaq,LULD pause,2025-04-09,15:14:51
2025-04-09,15:04:16,STKH,Steakholder Foods Ltd. American Depositary Shares,Nasdaq,LULD pause,2025-04-09,15:09:16
2025-04-09,14:52:41,WNTR,YieldMax MSTR Short Option Income Strategy ETF,NYSE Arca,LULD pause,2025-04-09,14:57:41
2025-04-09,14:51:59,ZIPP,STKd 100% UBER & 100% TSLA ETF,Nasdaq,LULD pause,2025-04-09,14:56:59
2025-04-09,14:38:55,ZIPP,STKd 100% UBER & 100% TSLA ETF,Nasdaq,LULD pause,2025-04-09,14:43:55
2025-04-09,14:30:23,NZUS,SPDR MSCI USA Climate Paris Aligned ETF,Nasdaq,LULD pause,2025-04-09,14:35:23
2025-04-09,14:30:23,QQJG,Invesco ESG NASDAQ Next Gen 100 ETF,Nasdaq,LULD pause,2025-04-09,14:35:23
2025-04-09,14:30:22,NWLG,Nuveen Winslow Large-Cap Growth ESG ETF,NYSE Arca,LULD pause,2025-04-09,14:35:22
2025-04-09,14:28:37,PALD,Direxion Daily PANW Bear 1X Shares,Nasdaq,LULD pause,2025-04-09,14:33:37
2025-04-09,14:28:21,SCY,Simplify US Small Cap PLUS Income ETF,NYSE Arca,LULD pause,2025-04-09,14:33:21
2025-04-09,14:28:16,BULD,Pacer BlueStar Engineering the Future ETF,Nasdaq,LULD pause,2025-04-09,14:33:16
2025-04-09,14:27:46,AOTG,AOT Growth and Innovation ETF,Nasdaq,LULD pause,2025-04-09,14:32:46
2025-04-09,14:25:39,BLKC,Invesco Alerian Galaxy Blockchain Users and Decentralized Commerce ETF,Cboe BZX,LULD pause,2025-04-09,14:30:39
2025-04-09,14:24:37,TINY,ProShares Nanotechnology ETF,NYSE Arca,LULD pause,2025-04-09,14:29:37
2025-04-09,14:24:21,JMID,Janus Henderson Mid Cap Growth Alpha ETF,Nasdaq,LULD pause,2025-04-09,14:29:21
2025-04-09,14:24:14,TYLG,Global X Information Technology Covered Call & Growth ETF,NYSE Arca,LULD pause,2025-04-09,14:29:14
2025-04-09,14:24:08,AMDD,Direxion Daily AMD Bear 1X Shares,Nasdaq,LULD pause,2025-04-09,14:29:08
2025-04-09,14:23:22,PALD,Direxion Daily PANW Bear 1X Shares,Nasdaq,LULD pause,2025-04-09,14:28:22
2025-04-09,14:19:26,PCTTU,"""PureCycle Technologies, Inc. Unit""",Nasdaq,LULD pause,2025-04-09,14:24:26
2025-04-09,14:19:22,EJH,E-Home Household Service Holdings Limited Ordinary Shares,Nasdaq,LULD pause,2025-04-09,14:24:22
2025-04-09,14:18:59,XDAT,Franklin Exponential Data ETF,Cboe BZX,LULD pause,2025-04-09,14:23:59
2025-04-09,14:18:49,SPCY,STKd 100% SMCI & 100% NVDA ETF,Nasdaq,LULD pause,2025-04-09,14:23:49
2025-04-09,14:18:31,MEDI,Harbor Health Care ETF,NYSE Arca,LULD pause,2025-04-09,14:23:31
2025-04-09,14:18:30,MAKX,ProShares S&P Kensho Smart Factories ETF,NYSE Arca,LULD pause,2025-04-09,14:23:30
2025-04-09,14:18:27,STHH,STMicroelectronics NV ADRhedged,Cboe BZX,LULD pause,2025-04-09,14:23:27
2025-04-09,14:17:00,DNL,WisdomTree Global ex-US Quality Dividend Growth Fund,NYSE Arca,LULD pause,2025-04-09,14:22:00
2025-04-09,14:13:40,ITIC,Investors Title Co,Nasdaq,LULD pause,2025-04-09,14:18:40
2025-04-09,14:10:47,ABOT,Abacus FCF Innovation Leaders ETF,Cboe BZX,LULD pause,2025-04-09,14:15:47
2025-04-09,14:10:09,ZCAR,"""Zoomcar Holdings, Inc. Common Stock""",Nasdaq,LULD pause,2025-04-09,14:15:09
2025-04-09,14:04:12,BOTT,Themes Robotics & Automation ETF,Nasdaq,LULD pause,2025-04-09,14:09:12
2025-04-09,14:04:08,NIXT,Research Affiliates Deletions ETF,Nasdaq,LULD pause,2025-04-09,14:09:08
2025-04-09,14:04:06,OFOS,Range Global Offshore Oil Services Index ETF,NYSE Arca,LULD pause,2025-04-09,14:09:06
2025-04-09,14:04:04,FSCC,Federated Hermes MDT Small Cap Core ETF,NYSE Arca,LULD pause,2025-04-09,14:09:04
2025-04-09,14:03:05,ABOT,Abacus FCF Innovation Leaders ETF,Cboe BZX,LULD pause,2025-04-09,14:08:05
2025-04-09,14:02:56,DECO,SPDR Galaxy Digital Asset Ecosystem ETF,Nasdaq,LULD pause,2025-04-09,14:07:56
2025-04-09,14:02:38,TEKX,SPDR Galaxy Transformative Tech Accelerators ETF,Nasdaq,LULD pause,2025-04-09,14:07:38
2025-04-09,14:00:45,PFUT,Putnam Sustainable Future ETF,NYSE Arca,LULD pause,2025-04-09,14:05:45
2025-04-09,14:00:31,MRSK,Toews Agility Shares Managed Risk ETF,NYSE Arca,LULD pause,2025-04-09,14:05:31
2025-04-09,14:00:25,QVMM,Invesco S&P MidCap 400 QVM Multi-factor ETF,NYSE Arca,LULD pause,2025-04-09,14:05:25
2025-04-09,14:00:24,BKIV,BNY Mellon Innovators ETF,Nasdaq,LULD pause,2025-04-09,14:05:24
2025-04-09,14:00:17,PSCD,Invesco S&P SmallCap Consumer Discretionary ETF,Nasdaq,LULD pause,2025-04-09,14:05:17
2025-04-09,13:58:54,QVMS,Invesco S&P SmallCap 600 QVM Multi-factor ETF,NYSE Arca,LULD pause,2025-04-09,14:03:54
2025-04-09,13:57:31,USPX,Franklin U.S. Equity Index ETF,NYSE Arca,LULD pause,2025-04-09,14:02:31
2025-04-09,13:57:20,TEKX,SPDR Galaxy Transformative Tech Accelerators ETF,Nasdaq,LULD pause,2025-04-09,14:02:20
2025-04-09,13:47:06,GTEK,Goldman Sachs Future Tech Leaders Equity ETF,NYSE Arca,LULD pause,2025-04-09,13:52:06
2025-04-09,13:47:05,ABLD,Abacus FCF Real Assets Leaders ETF,Cboe BZX,LULD pause,2025-04-09,13:52:05
2025-04-09,13:46:55,FDCF,Fidelity Disruptive Communications ETF,Nasdaq,LULD pause,2025-04-09,13:51:55
2025-04-09,13:46:39,TOLL,Tema Monopolies and Oligopolies ETF,Cboe BZX,LULD pause,2025-04-09,13:51:39
2025-04-09,13:46:15,FATN,"""FatPipe, Inc. Common Stock""",Nasdaq,LULD pause,2025-04-09,13:51:15
2025-04-09,13:44:27,IQDG,WisdomTree International Quality Dividend Growth Fund,Cboe BZX,LULD pause,2025-04-09,13:49:27
2025-04-09,13:44:21,JPXN,iShares JPX-Nikkei 400 ETF,NYSE Arca,LULD pause,2025-04-09,13:49:21
2025-04-09,13:43:45,CSRE,Cohen & Steers Real Estate Active ETF,NYSE Arca,LULD pause,2025-04-09,13:48:45
2025-04-09,13:43:45,ANEW,ProShares MSCI Transformational Changes ETF,NYSE Arca,LULD pause,2025-04-09,13:48:45
2025-04-09,13:42:40,JNVR,Janover Inc. Common Stock,Nasdaq,LULD pause,2025-04-09,13:47:40
2025-04-09,13:41:47,FEP,First Trust Europe AlphaDEX Fund,Nasdaq,LULD pause,2025-04-09,13:46:47
2025-04-09,13:38:19,SEPT,AllianzIM U.S. Large Cap Buffer10 Sep ETF,NYSE Arca,LULD pause,2025-04-09,13:43:19
2025-04-09,13:37:44,FEOE,First Eagle Overseas Equity ETF,NYSE Arca,LULD pause,2025-04-09,13:42:44
2025-04-09,13:37:36,SCY,Simplify US Small Cap PLUS Income ETF,NYSE Arca,LULD pause,2025-04-09,13:42:36
2025-04-09,13:35:59,MFSV,MFS Active Value ETF,NYSE,LULD pause,2025-04-09,13:41:59
2025-04-09,13:35:43,DECO,SPDR Galaxy Digital Asset Ecosystem ETF,Nasdaq,LULD pause,2025-04-09,13:40:43
2025-04-09,13:35:40,VIXY,ProShares VIX Short-Term Futures ETF,Cboe BZX,LULD pause,2025-04-09,13:40:40
2025-04-09,13:35:39,GRPM,Invesco S&P MidCap 400 GARP ETF,NYSE Arca,LULD pause,2025-04-09,13:40:39
2025-04-09,13:35:37,VXX,iPath Series B S&P 500 VIX Short-Term Futures ETN,Cboe BZX,LULD pause,2025-04-09,13:45:37
2025-04-09,13:35:16,LAYS,STKd 100% NVDA & 100% AMD ETF,Nasdaq,LULD pause,2025-04-09,13:40:16
2025-04-09,13:34:56,JULU,AllianzIM U.S. Equity Buffer15 Uncapped Jul ETF,Cboe BZX,LULD pause,2025-04-09,13:39:56
2025-04-09,13:34:39,IRON,"""Disc Medicine, Inc. Common Stock""",Nasdaq,LULD pause,2025-04-09,13:39:39
2025-04-09,13:33:03,SEPT,AllianzIM U.S. Large Cap Buffer10 Sep ETF,NYSE Arca,LULD pause,2025-04-09,13:38:03
2025-04-09,13:32:40,QXQ,SGI Enhanced Nasdaq-100 ETF,Nasdaq,LULD pause,2025-04-09,13:37:40
2025-04-09,13:32:26,UEVM,VictoryShares Emerging Markets Value Momentum ETF,Nasdaq,LULD pause,2025-04-09,13:37:26
2025-04-09,13:31:09,MGMT,Ballast Small/Mid Cap ETF,NYSE Arca,LULD pause,2025-04-09,13:36:09
2025-04-09,13:30:05,CSRE,Cohen & Steers Real Estate Active ETF,NYSE Arca,LULD pause,2025-04-09,13:35:05
2025-04-09,13:29:41,JULU,AllianzIM U.S. Equity Buffer15 Uncapped Jul ETF,Cboe BZX,LULD pause,2025-04-09,13:34:41
2025-04-09,13:29:25,EGGS,NestYield Total Return Guard ETF,NYSE Arca,LULD pause,2025-04-09,13:34:25
2025-04-09,13:28:52,EWZS,iShares MSCI Brazil Small-Cap ETF,Nasdaq,LULD pause,2025-04-09,13:33:52
2025-04-09,13:28:24,EGGY,NestYield Dynamic Income ETF,NYSE Arca,LULD pause,2025-04-09,13:33:24
2025-04-09,13:27:54,MUD,Direxion Daily MU Bear 1X Shares,Nasdaq,LULD pause,2025-04-09,13:32:54
2025-04-09,13:27:29,GTLB,GitLab Inc. Class A Common Stock,Nasdaq,LULD pause,2025-04-09,13:32:29
2025-04-09,13:27:26,SUSL,iShares ESG MSCI USA Leaders ETF,Nasdaq,LULD pause,2025-04-09,13:32:26
2025-04-09,13:27:22,FYC,First Trust Small Cap Growth AlphaDEX Fund,Nasdaq,LULD pause,2025-04-09,13:32:22
2025-04-09,13:27:21,VRTL,GraniteShares 2x Long VRT Daily ETF,Nasdaq,LULD pause,2025-04-09,13:32:21
2025-04-09,13:27:18,UVXY,ProShares Ultra VIX Short-Term Futures ETF,Cboe BZX,LULD pause,2025-04-09,13:37:18
2025-04-09,13:27:16,SPQ,Simplify US Equity PLUS QIS ETF,NYSE Arca,LULD pause,2025-04-09,13:32:16
2025-04-09,13:26:47,FEX,First Trust Large Cap Core AlphaDEX Fund,Nasdaq,LULD pause,2025-04-09,13:31:47
2025-04-09,13:26:45,ZIPP,STKd 100% UBER & 100% TSLA ETF,Nasdaq,LULD pause,2025-04-09,13:31:45
2025-04-09,13:26:44,SVIX,-1x Short VIX Futures ETF,Cboe BZX,LULD pause,2025-04-09,13:31:44
2025-04-09,13:26:39,PEVC,Pacer PE/VC ETF,NYSE Arca,LULD pause,2025-04-09,13:31:39
2025-04-09,13:26:37,MFSG,MFS Active Growth ETF,NYSE,LULD pause,2025-04-09,13:31:43
2025-04-09,13:26:28,VIXY,ProShares VIX Short-Term Futures ETF,Cboe BZX,LULD pause,2025-04-09,13:31:28
2025-04-09,13:26:26,PABU,iShares Paris-Aligned Climate MSCI USA ETF,Nasdaq,LULD pause,2025-04-09,13:31:26
2025-04-09,13:26:10,SEIS,SEI Select Small Cap ETF,Nasdaq,LULD pause,2025-04-09,13:31:10
2025-04-09,13:25:35,USCL,iShares Climate Conscious & Transition MSCI USA ETF,Nasdaq,LULD pause,2025-04-09,13:30:35
2025-04-09,13:25:26,GFLW,VictoryShares Free Cash Flow Growth ETF,Nasdaq,LULD pause,2025-04-09,13:30:26
2025-04-09,13:25:21,IVVW,iShares S&P 500 BuyWrite ETF,Cboe BZX,LULD pause,2025-04-09,13:30:21
2025-04-09,13:25:11,APED,STKd 100% MSTR & 100% COIN ETF,Nasdaq,LULD pause,2025-04-09,13:30:11
2025-04-09,13:24:16,SMST,Tidal Trust II Defiance Daily Target 2x Short MSTR ETF,Nasdaq,LULD pause,2025-04-09,13:34:16
2025-04-09,13:24:14,QCLN,First Trust NASDAQ Clean Edge Green Energy Index Fund,Nasdaq,LULD pause,2025-04-09,13:29:14
2025-04-09,13:24:04,JIRE,JPMorgan International Research Enhanced Equity ETF,NYSE Arca,LULD pause,2025-04-09,13:34:04
2025-04-09,13:23:47,RH,RH,NYSE,LULD pause,2025-04-09,13:29:11
2025-04-09,13:23:37,W,Wayfair Inc.,NYSE,LULD pause,2025-04-09,13:29:01
2025-04-09,13:23:19,IEZ,iShares U.S. Oil Equipment & Services ETF,NYSE Arca,LULD pause,2025-04-09,13:28:19
2025-04-09,13:23:19,LAYS,STKd 100% NVDA & 100% AMD ETF,Nasdaq,LULD pause,2025-04-09,13:28:19
2025-04-09,13:23:18,CC,The Chemours Company,NYSE,LULD pause,2025-04-09,13:28:23
2025-04-09,13:23:14,NBGX,Neuberger Berman Growth ETF,NYSE Arca,LULD pause,2025-04-09,13:28:14
2025-04-09,13:21:42,OVL,Overlay Shares Large Cap Equity ETF,Cboe BZX,LULD pause,2025-04-09,13:26:42
2025-04-09,13:21:40,UWMC,UWM Holdings Corporation,NYSE,LULD pause,2025-04-09,13:26:40
2025-04-09,13:21:38,OLN,Olin Corp.,NYSE,LULD pause,2025-04-09,13:26:40
2025-04-09,13:21:34,CIVI,"""Civitas Resources, Inc.""",NYSE,LULD pause,2025-04-09,13:26:34
2025-04-09,13:21:33,JETS,U.S. Global Jets ETF,NYSE Arca,LULD pause,2025-04-09,13:26:33
2025-04-09,13:21:29,VFC,V.F. Corporation,NYSE,LULD pause,2025-04-09,13:26:36
2025-04-09,13:21:22,VXX,iPath Series B S&P 500 VIX Short-Term Futures ETN,Cboe BZX,LULD pause,2025-04-09,13:31:22
2025-04-09,13:21:20,NFE,New Fortress Energy Inc. Class A Common Stock,Nasdaq,LULD pause,2025-04-09,13:31:20
2025-04-09,13:21:16,ZIPP,STKd 100% UBER & 100% TSLA ETF,Nasdaq,LULD pause,2025-04-09,13:26:16
2025-04-09,13:21:12,SVIX,-1x Short VIX Futures ETF,Cboe BZX,LULD pause,2025-04-09,13:26:12
2025-04-09,13:21:11,VIXY,ProShares VIX Short-Term Futures ETF,Cboe BZX,LULD pause,2025-04-09,13:26:11
2025-04-09,13:19:56,APED,STKd 100% MSTR & 100% COIN ETF,Nasdaq,LULD pause,2025-04-09,13:24:56
2025-04-09,12:33:18,TIVC,"""Tivic Health Systems, Inc. Common Stock""",Nasdaq,LULD pause,2025-04-09,12:43:19
2025-04-09,12:26:57,TIVC,"""Tivic Health Systems, Inc. Common Stock""",Nasdaq,LULD pause,2025-04-09,12:31:57
2025-04-09,12:19:03,WXM,WF International Limited Ordinary Shares,Nasdaq,LULD pause,2025-04-09,12:24:03
2025-04-09,12:05:54,ISPR,Ispire Technology Inc. Common Stock,Nasdaq,LULD pause,2025-04-09,12:10:54
2025-04-09,12:05:11,TGL,Treasure Global Inc. Common Stock,Nasdaq,LULD pause,2025-04-09,12:10:11
2025-04-09,11:50:37,BLIV,BeLive Holdings Ordinary Share,Nasdaq,LULD pause,2025-04-09,12:00:37
2025-04-09,11:41:54,ISPC,iSpecimen Inc. Common Stock,Nasdaq,LULD pause,2025-04-09,11:46:54
2025-04-09,11:38:44,BLIV,BeLive Holdings Ordinary Share,Nasdaq,LULD pause,2025-04-09,11:48:45
2025-04-09,11:35:38,IPDN,"""Professional Diversity Network, Inc.""",Nasdaq,LULD pause,2025-04-09,11:40:38
2025-04-09,11:33:29,SGN,"""Signing Day Sports, Inc.""",NYSE American,LULD pause,2025-04-09,11:38:29
2025-04-09,11:32:14,BLIV,BeLive Holdings Ordinary Share,Nasdaq,LULD pause,2025-04-09,11:37:14
2025-04-09,11:29:57,CPRI,Capri Holdings Limited,NYSE,LULD pause,2025-04-09,11:35:25
2025-04-09,11:27:13,AREB,"""American Rebel Holdings, Inc. Common Stock""",Nasdaq,LULD pause,2025-04-09,11:32:13
2025-04-09,11:25:49,BLIV,BeLive Holdings Ordinary Share,Nasdaq,LULD pause,2025-04-09,11:30:49
2025-04-09,11:24:00,IPDN,"""Professional Diversity Network, Inc.""",Nasdaq,LULD pause,2025-04-09,11:34:00
2025-04-09,11:23:30,CPRI,Capri Holdings Limited,NYSE,LULD pause,2025-04-09,11:28:33
2025-04-09,11:20:26,BLIV,BeLive Holdings Ordinary Share,Nasdaq,LULD pause,2025-04-09,11:25:26
2025-04-09,11:14:58,BLIV,BeLive Holdings Ordinary Share,Nasdaq,LULD pause,2025-04-09,11:19:58
2025-04-09,11:14:31,AEHL,Antelope Enterprise Holdings Limited Class A Ordinary Shares,Nasdaq,LULD pause,2025-04-09,11:24:32
2025-04-09,11:13:52,ICCT,iCoreConnect Inc. Common stock,Nasdaq,LULD pause,2025-04-09,11:18:52
2025-04-09,11:06:08,MRM,MEDIROM Healthcare Technologies Inc. American Depositary Share,Nasdaq,LULD pause,2025-04-09,11:11:08
2025-04-09,11:05:55,PCTTU,"""PureCycle Technologies, Inc. Unit""",Nasdaq,LULD pause,2025-04-09,11:15:55
2025-04-09,11:04:41,BLIV,BeLive Holdings Ordinary Share,Nasdaq,LULD pause,2025-04-09,11:14:41
2025-04-09,11:03:09,SGN,"""Signing Day Sports, Inc.""",NYSE American,LULD pause,2025-04-09,11:13:09
2025-04-09,10:57:41,SGN,"""Signing Day Sports, Inc.""",NYSE American,LULD pause,2025-04-09,11:02:41
2025-04-09,10:53:14,AREB,"""American Rebel Holdings, Inc. Common Stock""",Nasdaq,LULD pause,2025-04-09,10:58:14
2025-04-09,10:52:20,SGN,"""Signing Day Sports, Inc.""",NYSE American,LULD pause,2025-04-09,10:57:20
2025-04-09,10:48:21,UPC,Universe Pharmaceuticals Inc. Ordinary Shares,Nasdaq,LULD pause,2025-04-09,10:53:21
2025-04-09,10:46:40,AEHL,Antelope Enterprise Holdings Limited Class A Ordinary Shares,Nasdaq,LULD pause,2025-04-09,10:51:40
2025-04-09,10:41:56,SGN,"""Signing Day Sports, Inc.""",NYSE American,LULD pause,2025-04-09,10:51:56
2025-04-09,10:36:12,SGN,"""Signing Day Sports, Inc.""",NYSE American,LULD pause,2025-04-09,10:41:12
2025-04-09,10:35:27,ICCT,iCoreConnect Inc. Common stock,Nasdaq,LULD pause,2025-04-09,10:40:27
2025-04-09,10:33:12,AEHL,Antelope Enterprise Holdings Limited Class A Ordinary Shares,Nasdaq,LULD pause,2025-04-09,10:38:12
2025-04-09,10:32:50,HUBC,Hub Cyber Security Ltd. Ordinary Shares,Nasdaq,LULD pause,2025-04-09,10:42:50
2025-04-09,10:32:35,UPC,Universe Pharmaceuticals Inc. Ordinary Shares,Nasdaq,LULD pause,2025-04-09,10:37:35
2025-04-09,10:31:27,DXF,"""Eason Technology Limited American Depositary Shares (each representing sixty-thousand (60,000) Ordinary Shares)""",NYSE American,LULD pause,2025-04-09,10:36:27
2025-04-09,10:30:55,SGN,"""Signing Day Sports, Inc.""",NYSE American,LULD pause,2025-04-09,10:35:55
2025-04-09,10:25:31,SGN,"""Signing Day Sports, Inc.""",NYSE American,LULD pause,2025-04-09,10:30:31
2025-04-09,10:19:52,SGN,"""Signing Day Sports, Inc.""",NYSE American,LULD pause,2025-04-09,10:24:52
2025-04-09,10:19:30,PHIO,Phio Pharmaceuticals Corp. Common Stock,Nasdaq,LULD pause,2025-04-09,10:24:30
2025-04-09,10:18:22,ICCT,iCoreConnect Inc. Common stock,Nasdaq,LULD pause,2025-04-09,10:23:22
2025-04-09,10:16:54,XXII,22nd Century Group Inc.,Nasdaq,LULD pause,2025-04-09,10:21:54
2025-04-09,10:15:51,FMTO,Femto Technologies Inc. Common Stock,Nasdaq,LULD pause,2025-04-09,10:20:51
2025-04-09,10:12:23,DXF,"""Eason Technology Limited American Depositary Shares (each representing sixty-thousand (60,000) Ordinary Shares)""",NYSE American,LULD pause,2025-04-09,10:22:23
2025-04-09,10:10:59,PHIO,Phio Pharmaceuticals Corp. Common Stock,Nasdaq,LULD pause,2025-04-09,10:15:59
2025-04-09,10:10:27,XXII,22nd Century Group Inc.,Nasdaq,LULD pause,2025-04-09,10:15:27
2025-04-09,10:09:36,SGN,"""Signing Day Sports, Inc.""",NYSE American,LULD pause,2025-04-09,10:19:36
2025-04-09,10:07:00,ICCT,iCoreConnect Inc. Common stock,Nasdaq,LULD pause,2025-04-09,10:17:42
2025-04-09,10:06:58,DXF,"""Eason Technology Limited American Depositary Shares (each representing sixty-thousand (60,000) Ordinary Shares)""",NYSE American,LULD pause,2025-04-09,10:11:58
2025-04-09,10:04:20,SGN,"""Signing Day Sports, Inc.""",NYSE American,LULD pause,2025-04-09,10:09:20
2025-04-09,10:01:05,PHIO,Phio Pharmaceuticals Corp. Common Stock,Nasdaq,LULD pause,2025-04-09,10:06:05
2025-04-09,09:59:54,ICCT,iCoreConnect Inc. Common stock,Nasdaq,LULD pause,2025-04-09,10:04:54
2025-04-09,09:55:18,XXII,22nd Century Group Inc.,Nasdaq,LULD pause,2025-04-09,10:00:18
2025-04-09,09:53:44,SGN,"""Signing Day Sports, Inc.""",NYSE American,LULD pause,2025-04-09,10:03:55
2025-04-09,09:53:31,UPC,Universe Pharmaceuticals Inc. Ordinary Shares,Nasdaq,LULD pause,2025-04-09,10:03:31
2025-04-09,09:53:17,FMTO,Femto Technologies Inc. Common Stock,Nasdaq,LULD pause,2025-04-09,09:58:17
2025-04-09,09:51:57,ICCT,iCoreConnect Inc. Common stock,Nasdaq,LULD pause,2025-04-09,09:56:57
2025-04-09,09:51:28,DXF,"""Eason Technology Limited American Depositary Shares (each representing sixty-thousand (60,000) Ordinary Shares)""",NYSE American,LULD pause,2025-04-09,10:06:28
2025-04-09,09:47:48,FMTO,Femto Technologies Inc. Common Stock,Nasdaq,LULD pause,2025-04-09,09:52:48
2025-04-09,09:43:25,SGN,"""Signing Day Sports, Inc.""",NYSE American,LULD pause,2025-04-09,09:53:25
2025-04-09,09:42:46,UPC,Universe Pharmaceuticals Inc. Ordinary Shares,Nasdaq,LULD pause,2025-04-09,09:52:47
2025-04-09,09:42:34,XXII,22nd Century Group Inc.,Nasdaq,LULD pause,2025-04-09,09:47:34
2025-04-09,09:41:07,FATN,"""FatPipe, Inc. Common Stock""",Nasdaq,LULD pause,2025-04-09,09:46:07
2025-04-09,09:41:04,FMTO,Femto Technologies Inc. Common Stock,Nasdaq,LULD pause,2025-04-09,09:46:04
2025-04-09,09:40:54,BOWN,Bowen Acquisition Corp Ordinary Shares,Nasdaq,LULD pause,2025-04-09,09:45:54
2025-04-09,09:40:00,VVPR,VivoPower International PLC,Nasdaq,News pending,2025-04-09,10:40:00
2025-04-09,09:39:58,ICCT,iCoreConnect Inc. Common stock,Nasdaq,LULD pause,2025-04-09,09:49:58
2025-04-09,09:36:29,XXII,22nd Century Group Inc.,Nasdaq,LULD pause,2025-04-09,09:41:29
2025-04-09,09:35:10,AREB,"""American Rebel Holdings, Inc. Common Stock""",Nasdaq,LULD pause,2025-04-09,09:40:10
2025-04-09,09:33:53,PHIO,Phio Pharmaceuticals Corp. Common Stock,Nasdaq,LULD pause,2025-04-09,09:38:53
2025-04-09,09:33:31,FMTO,Femto Technologies Inc. Common Stock,Nasdaq,LULD pause,2025-04-09,09:38:31
2025-04-09,09:32:56,FATN,"""FatPipe, Inc. Common Stock""",Nasdaq,LULD pause,2025-04-09,09:37:56
2025-04-09,09:31:20,ICCT,iCoreConnect Inc. Common stock,Nasdaq,LULD pause,2025-04-09,09:36:20
2025-04-09,09:30:59,DXF,"""Eason Technology Limited American Depositary Shares (each representing sixty-thousand (60,000) Ordinary Shares)""",NYSE American,LULD pause,2025-04-09,09:50:59
2025-04-09,09:30:56,XXII,22nd Century Group Inc.,Nasdaq,LULD pause,2025-04-09,09:35:56
2025-04-09,09:30:45,ABHY,Abacus Tactical High Yield ETF,Cboe BZX,LULD pause,2025-04-09,09:35:45
2025-04-09,09:30:45,QUP,DailyDelta Q100 Upside Option Strategy ETF,NYSE Arca,LULD pause,2025-04-09,09:35:45
2025-04-08,19:50:00,QNRX,"""Quoin Pharmaceuticals, Ltd. American Depositary Shares""",Nasdaq,News pending,2025-04-09,09:00:00
2025-04-08,19:50:00,QNRX,"""Quoin Pharmaceuticals, Ltd. American Depositary Shares""",Nasdaq,News pending,,
2025-04-08,19:50:00,TPST,"""Tempest Therapeutics, Inc. Common Stock""",Nasdaq,News pending,,
2025-04-08,19:50:00,TPST,"""Tempest Therapeutics, Inc. Common Stock""",Nasdaq,News pending,2025-04-09,09:00:00
2025-04-08,16:01:00,VINC,"""Vincerx Pharma, Inc. Common Stock""",Nasdaq,News pending,2025-04-08,16:35:00
2025-04-08,15:57:55,NTCL,NETCLASS TECHNOLOGY INC Class A Ordinary Shares,Nasdaq,LULD pause,2025-04-08,16:00:00
2025-04-08,15:53:24,FEDU,"""Four Seasons Education (Cayman) Inc. American depositary shares, each representing ten (10) Ordinary Shares""",NYSE,LULD pause,2025-04-08,16:01:21
2025-04-08,15:45:50,UPC,Universe Pharmaceuticals Inc. Ordinary Shares,Nasdaq,LULD pause,2025-04-08,16:00:00
2025-04-08,15:43:40,FMTO,Femto Technologies Inc. Common Stock,Nasdaq,LULD pause,2025-04-08,16:00:00
2025-04-08,15:42:53,FATN,"""FatPipe, Inc. Common Stock""",Nasdaq,LULD pause,2025-04-08,16:00:00
2025-04-08,15:38:15,FMTO,Femto Technologies Inc. Common Stock,Nasdaq,LULD pause,2025-04-08,15:43:15
2025-04-08,15:32:32,FMTO,Femto Technologies Inc. Common Stock,Nasdaq,LULD pause,2025-04-08,15:37:32
2025-04-08,15:22:59,SVRE,SaverOne 2014 Ltd. American Depositary Shares,Nasdaq,LULD pause,2025-04-08,15:33:00
2025-04-08,15:21:30,FMTO,Femto Technologies Inc. Common Stock,Nasdaq,LULD pause,2025-04-08,15:31:30
2025-04-08,15:19:20,OOSB,One One S&P 500 and Bitcoin ETF,Nasdaq,LULD pause,2025-04-08,15:24:20
2025-04-08,15:19:13,IXHL,Incannex Healthcare Limited American Depositary Shares,Nasdaq,LULD pause,2025-04-08,15:24:13
2025-04-08,15:17:54,APED,STKd 100% MSTR & 100% COIN ETF,Nasdaq,LULD pause,2025-04-08,15:22:54
2025-04-08,15:16:19,SVRE,SaverOne 2014 Ltd. American Depositary Shares,Nasdaq,LULD pause,2025-04-08,15:21:19
2025-04-08,15:15:27,FMTO,Femto Technologies Inc. Common Stock,Nasdaq,LULD pause,2025-04-08,15:20:27
2025-04-08,15:14:38,QDWN,DailyDelta Q100 Downside Option Strategy ETF,NYSE Arca,LULD pause,2025-04-08,15:19:38
2025-04-08,15:14:34,DECO,SPDR Galaxy Digital Asset Ecosystem ETF,Nasdaq,LULD pause,2025-04-08,15:19:34
2025-04-08,15:13:45,IXHL,Incannex Healthcare Limited American Depositary Shares,Nasdaq,LULD pause,2025-04-08,15:18:45
2025-04-08,15:09:45,FMTO,Femto Technologies Inc. Common Stock,Nasdaq,LULD pause,2025-04-08,15:14:45
2025-04-08,15:08:51,FATN,"""FatPipe, Inc. Common Stock""",Nasdaq,LULD pause,2025-04-08,15:13:51
2025-04-08,15:08:14,IXHL,Incannex Healthcare Limited American Depositary Shares,Nasdaq,LULD pause,2025-04-08,15:13:14
2025-04-08,15:03:46,FMTO,Femto Technologies Inc. Common Stock,Nasdaq,LULD pause,2025-04-08,15:08:46
2025-04-08,15:03:44,LAYS,STKd 100% NVDA & 100% AMD ETF,Nasdaq,LULD pause,2025-04-08,15:08:44
2025-04-08,15:01:43,IXHL,Incannex Healthcare Limited American Depositary Shares,Nasdaq,LULD pause,2025-04-08,15:06:43
2025-04-08,14:58:27,FMTO,Femto Technologies Inc. Common Stock,Nasdaq,LULD pause,2025-04-08,15:03:27
2025-04-08,14:56:14,IXHL,Incannex Healthcare Limited American Depositary Shares,Nasdaq,LULD pause,2025-04-08,15:01:14
2025-04-08,14:50:46,UPC,Universe Pharmaceuticals Inc. Ordinary Shares,Nasdaq,LULD pause,2025-04-08,14:55:46
2025-04-08,14:47:46,FMTO,Femto Technologies Inc. Common Stock,Nasdaq,LULD pause,2025-04-08,14:57:46
2025-04-08,14:43:14,ZIPP,STKd 100% UBER & 100% TSLA ETF,Nasdaq,LULD pause,2025-04-08,14:48:14
2025-04-08,14:41:16,UPC,Universe Pharmaceuticals Inc. Ordinary Shares,Nasdaq,LULD pause,2025-04-08,14:46:16
2025-04-08,14:35:22,CYCCP,"""Cyclacel Pharmaceuticals, Inc. 6% Cnvrtbl. Prfrd. Stock""",Nasdaq,LULD pause,2025-04-08,14:45:22
2025-04-08,14:31:27,FATN,"""FatPipe, Inc. Common Stock""",Nasdaq,LULD pause,2025-04-08,14:41:27
2025-04-08,14:31:21,FMTO,Femto Technologies Inc. Common Stock,Nasdaq,LULD pause,2025-04-08,14:41:22
2025-04-08,14:24:23,CYCCP,"""Cyclacel Pharmaceuticals, Inc. 6% Cnvrtbl. Prfrd. Stock""",Nasdaq,LULD pause,2025-04-08,14:34:23
2025-04-08,14:20:46,FMTO,Femto Technologies Inc. Common Stock,Nasdaq,LULD pause,2025-04-08,14:30:46
2025-04-08,14:15:26,FMTO,Femto Technologies Inc. Common Stock,Nasdaq,LULD pause,2025-04-08,14:20:26
2025-04-08,14:15:00,BW PRA,"""Babcock & Wilcox Enterprises, Inc. 7.75% Series A Cumulative Perpetual Preferred Stock""",NYSE,LULD pause,2025-04-08,14:20:03
2025-04-08,14:13:32,CYCCP,"""Cyclacel Pharmaceuticals, Inc. 6% Cnvrtbl. Prfrd. Stock""",Nasdaq,LULD pause,2025-04-08,14:23:33
2025-04-08,14:04:53,FMTO,Femto Technologies Inc. Common Stock,Nasdaq,LULD pause,2025-04-08,14:14:54
2025-04-08,13:54:37,FMTO,Femto Technologies Inc. Common Stock,Nasdaq,LULD pause,2025-04-08,14:04:38
2025-04-08,13:51:48,FATN,"""FatPipe, Inc. Common Stock""",Nasdaq,LULD pause,2025-04-08,13:56:48
2025-04-08,13:49:15,FMTO,Femto Technologies Inc. Common Stock,Nasdaq,LULD pause,2025-04-08,13:54:15
2025-04-08,13:44:08,FATN,"""FatPipe, Inc. Common Stock""",Nasdaq,LULD pause,2025-04-08,13:49:08
2025-04-08,13:37:49,FMTO,Femto Technologies Inc. Common Stock,Nasdaq,LULD pause,2025-04-08,13:48:47
2025-04-08,13:35:30,FATN,"""FatPipe, Inc. Common Stock""",Nasdaq,LULD pause,2025-04-08,13:40:30
2025-04-08,13:29:16,FATN,"""FatPipe, Inc. Common Stock""",Nasdaq,LULD pause,2025-04-08,13:34:16
2025-04-08,13:26:01,FMTO,Femto Technologies Inc. Common Stock,Nasdaq,LULD pause,2025-04-08,13:36:01
2025-04-08,13:22:44,FATN,"""FatPipe, Inc. Common Stock""",Nasdaq,LULD pause,2025-04-08,13:27:44
2025-04-08,13:15:39,FMTO,Femto Technologies Inc. Common Stock,Nasdaq,LULD pause,2025-04-08,13:25:39
2025-04-08,13:13:26,PCTTU,"""PureCycle Technologies, Inc. Unit""",Nasdaq,LULD pause,2025-04-08,13:18:26
2025-04-08,13:12:27,RSSL,Global X Russell 2000 ETF,NYSE Arca,LULD pause,2025-04-08,13:17:27
2025-04-08,13:12:11,FATN,"""FatPipe, Inc. Common Stock""",Nasdaq,LULD pause,2025-04-08,13:22:11
2025-04-08,13:05:18,FMTO,Femto Technologies Inc. Common Stock,Nasdaq,LULD pause,2025-04-08,13:15:19
2025-04-08,13:01:36,ZJK,"""ZJK Industrial Co., Ltd. Ordinary Shares""",Nasdaq,LULD pause,2025-04-08,13:06:36
2025-04-08,13:00:00,FMTO,Femto Technologies Inc. Common Stock,Nasdaq,LULD pause,2025-04-08,13:05:00
2025-04-08,12:56:04,FATN,"""FatPipe, Inc. Common Stock""",Nasdaq,LULD pause,2025-04-08,13:06:05
2025-04-08,12:49:36,FMTO,Femto Technologies Inc. Common Stock,Nasdaq,LULD pause,2025-04-08,12:59:37
2025-04-08,12:44:52,FATN,"""FatPipe, Inc. Common Stock""",Nasdaq,LULD pause,2025-04-08,12:54:52
2025-04-08,12:39:17,FMTO,Femto Technologies Inc. Common Stock,Nasdaq,LULD pause,2025-04-08,12:49:21
2025-04-08,12:38:31,APED,STKd 100% MSTR & 100% COIN ETF,Nasdaq,LULD pause,2025-04-08,12:43:31
2025-04-08,12:30:55,FATN,"""FatPipe, Inc. Common Stock""",Nasdaq,LULD pause,2025-04-08,12:44:33
2025-04-08,12:29:01,FMTO,Femto Technologies Inc. Common Stock,Nasdaq,LULD pause,2025-04-08,12:39:02
2025-04-08,12:28:45,FEDU,"""Four Seasons Education (Cayman) Inc. American depositary shares, each representing ten (10) Ordinary Shares""",NYSE,LULD pause,2025-04-08,12:33:47
2025-04-08,12:28:05,BUJAU,Bukit Jalil Global Acquisition 1 Ltd. Unit,Nasdaq,LULD pause,2025-04-08,12:33:05
2025-04-08,12:20:37,FATN,"""FatPipe, Inc. Common Stock""",Nasdaq,LULD pause,2025-04-08,12:30:37
2025-04-08,12:18:44,FMTO,Femto Technologies Inc. Common Stock,Nasdaq,LULD pause,2025-04-08,12:28:44
2025-04-08,12:15:12,FATN,"""FatPipe, Inc. Common Stock""",Nasdaq,LULD pause,2025-04-08,12:20:12
2025-04-08,12:08:27,FMTO,Femto Technologies Inc. Common Stock,Nasdaq,LULD pause,2025-04-08,12:18:28
2025-04-08,12:04:39,FATN,"""FatPipe, Inc. Common Stock""",Nasdaq,LULD pause,2025-04-08,12:14:40
2025-04-08,12:00:52,RYET,Ruanyun Edai Technology Inc. Ordinary shares,Nasdaq,LULD pause,2025-04-08,12:25:53
2025-04-08,12:00:24,KIDZ,"""Classover Holdings, Inc. Class B Common Stock""",Nasdaq,LULD pause,2025-04-08,12:05:24
2025-04-08,11:58:03,FEDU,"""Four Seasons Education (Cayman) Inc. American depositary shares, each representing ten (10) Ordinary Shares""",NYSE,LULD pause,2025-04-08,12:03:05
2025-04-08,11:54:22,FATN,"""FatPipe, Inc. Common Stock""",Nasdaq,LULD pause,2025-04-08,12:04:22
2025-04-08,11:48:49,FEDU,"""Four Seasons Education (Cayman) Inc. American depositary shares, each representing ten (10) Ordinary Shares""",NYSE,LULD pause,2025-04-08,11:53:52
2025-04-08,11:45:44,FMTO,Femto Technologies Inc. Common Stock,Nasdaq,LULD pause,2025-04-08,12:07:59
2025-04-08,11:43:54,FATN,"""FatPipe, Inc. Common Stock""",Nasdaq,LULD pause,2025-04-08,11:53:54
2025-04-08,11:39:18,ZVSA,"""ZyVersa Therapeutics, Inc. Common Stock""",Nasdaq,LULD pause,2025-04-08,11:44:18
2025-04-08,11:33:18,FATN,"""FatPipe, Inc. Common Stock""",Nasdaq,LULD pause,2025-04-08,11:43:18
2025-04-08,11:25:46,ZVSA,"""ZyVersa Therapeutics, Inc. Common Stock""",Nasdaq,LULD pause,2025-04-08,11:30:46
2025-04-08,11:20:27,FMTO,Femto Technologies Inc. Common Stock,Nasdaq,LULD pause,2025-04-08,11:45:28
2025-04-08,11:18:24,ZVSA,"""ZyVersa Therapeutics, Inc. Common Stock""",Nasdaq,LULD pause,2025-04-08,11:23:24
2025-04-08,11:17:08,FATN,"""FatPipe, Inc. Common Stock""",Nasdaq,LULD pause,2025-04-08,11:27:08
2025-04-08,11:15:37,AREB,"""American Rebel Holdings, Inc. Common Stock""",Nasdaq,LULD pause,2025-04-08,11:25:38
2025-04-08,11:15:10,FMTO,Femto Technologies Inc. Common Stock,Nasdaq,LULD pause,2025-04-08,11:20:10
2025-04-08,11:12:59,ZVSA,"""ZyVersa Therapeutics, Inc. Common Stock""",Nasdaq,LULD pause,2025-04-08,11:17:59
2025-04-08,11:07:31,ZVSA,"""ZyVersa Therapeutics, Inc. Common Stock""",Nasdaq,LULD pause,2025-04-08,11:12:31
2025-04-08,11:06:40,FATN,"""FatPipe, Inc. Common Stock""",Nasdaq,LULD pause,2025-04-08,11:16:41
2025-04-08,11:02:38,FMTO,Femto Technologies Inc. Common Stock,Nasdaq,LULD pause,2025-04-08,11:14:49
2025-04-08,11:00:21,ZVSA,"""ZyVersa Therapeutics, Inc. Common Stock""",Nasdaq,LULD pause,2025-04-08,11:05:21
2025-04-08,10:56:08,FATN,"""FatPipe, Inc. Common Stock""",Nasdaq,LULD pause,2025-04-08,11:06:08
2025-04-08,10:55:41,CF,"""CF Industries Holding, Inc.""",NYSE,News pending,2025-04-08,11:19:42
2025-04-08,10:53:24,FEDU,"""Four Seasons Education (Cayman) Inc. American depositary shares, each representing ten (10) Ordinary Shares""",NYSE,LULD pause,2025-04-08,10:58:25
2025-04-08,10:49:34,ZVSA,"""ZyVersa Therapeutics, Inc. Common Stock""",Nasdaq,LULD pause,2025-04-08,10:54:34
2025-04-08,10:45:21,FATN,"""FatPipe, Inc. Common Stock""",Nasdaq,LULD pause,2025-04-08,10:55:33
2025-04-08,10:39:54,SLSN,"""Solesence, Inc. Common Stock""",Nasdaq,LULD pause,2025-04-08,10:44:54
2025-04-08,10:26:36,SLSN,"""Solesence, Inc. Common Stock""",Nasdaq,LULD pause,2025-04-08,10:36:37
2025-04-08,10:14:45,JNVR,Janover Inc. Common Stock,Nasdaq,LULD pause,2025-04-08,10:19:45
2025-04-08,10:08:37,JNVR,Janover Inc. Common Stock,Nasdaq,LULD pause,2025-04-08,10:13:37
2025-04-08,09:57:41,KIDZ,"""Classover Holdings, Inc. Class B Common Stock""",Nasdaq,LULD pause,2025-04-08,10:02:41
2025-04-08,09:54:18,SXTP,"""60 Degrees Pharmaceuticals, Inc. Common Stock""",Nasdaq,LULD pause,2025-04-08,09:59:18
2025-04-08,09:51:25,GMET,VanEck Green Metals ETF,NYSE Arca,LULD pause,2025-04-08,09:56:25
2025-04-08,09:50:55,SVRE,SaverOne 2014 Ltd. American Depositary Shares,Nasdaq,LULD pause,2025-04-08,09:55:55
2025-04-08,09:50:04,KIDZ,"""Classover Holdings, Inc. Class B Common Stock""",Nasdaq,LULD pause,2025-04-08,09:55:04
2025-04-08,09:44:32,AREB,"""American Rebel Holdings, Inc. Common Stock""",Nasdaq,LULD pause,2025-04-08,09:54:32
2025-04-08,09:42:29,SVRE,SaverOne 2014 Ltd. American Depositary Shares,Nasdaq,LULD pause,2025-04-08,09:47:29
2025-04-08,09:38:43,SOBR,"""SOBR Safe, Inc. Common Stock""",Nasdaq,LULD pause,2025-04-08,09:48:43
2025-04-08,09:37:14,QBER,TrueShares Quarterly Bear Hedge ETF,Cboe BZX,LULD pause,2025-04-08,09:42:14
2025-04-08,09:35:41,ECDA,"""ECD Automotive Design, Inc. Common Stock""",Nasdaq,LULD pause,2025-04-08,09:40:41
2025-04-08,09:33:56,SVRE,SaverOne 2014 Ltd. American Depositary Shares,Nasdaq,LULD pause,2025-04-08,09:38:56
2025-04-08,09:33:06,KIDZ,"""Classover Holdings, Inc. Class B Common Stock""",Nasdaq,LULD pause,2025-04-08,09:43:06
2025-04-08,09:32:41,NAOV,"""NanoVibronix, Inc. Common Stock""",Nasdaq,LULD pause,2025-04-08,09:37:41
2025-04-08,09:32:04,TWNP,Twin Hospitality Group Inc. Class A Common Stock,Nasdaq,LULD pause,2025-04-08,09:42:04
2025-04-08,09:31:31,JNVR,Janover Inc. Common Stock,Nasdaq,LULD pause,2025-04-08,09:36:31
2025-04-08,09:31:30,AREB,"""American Rebel Holdings, Inc. Common Stock""",Nasdaq,LULD pause,2025-04-08,09:36:30
2025-04-08,09:30:45,QDWN,DailyDelta Q100 Downside Option Strategy ETF,NYSE Arca,LULD pause,2025-04-08,09:35:45
2025-04-08,09:30:37,SLSN,"""Solesence, Inc. Common Stock""",Nasdaq,LULD pause,2025-04-08,10:25:38
2025-04-08,09:30:17,BUJAU,Bukit Jalil Global Acquisition 1 Ltd. Unit,Nasdaq,LULD pause,2025-04-08,09:40:18
2025-04-08,09:30:15,AUUD,Auddia Inc. Common Stock,Nasdaq,LULD pause,2025-04-08,09:40:16
2025-04-08,09:30:15,ZIPP,STKd 100% UBER & 100% TSLA ETF,Nasdaq,LULD pause,2025-04-08,09:35:15
2025-04-08,07:55:00,RLYB,Rallybio Corporation Common Stock,Nasdaq,News pending,2025-04-08,08:30:00
2025-04-07,19:50:00,VEEE,Twin Vee PowerCats Co. Common Stock,Nasdaq,News pending,2025-04-08,09:00:00
2025-04-07,19:50:00,VEEE,Twin Vee PowerCats Co. Common Stock,Nasdaq,News pending,,
2025-04-07,19:50:00,ACCD,"""Accolade, Inc. Common Stock""",Nasdaq,News pending,,
2025-04-07,16:09:05,SST WS,"""System1, Inc. Warrants, each whole warrant exercisable for one share of Class A Common Stock at an exercise price of $11.50 per share""",NYSE,News Released,,
2025-04-07,15:11:41,BW PRA,"""Babcock & Wilcox Enterprises, Inc. 7.75% Series A Cumulative Perpetual Preferred Stock""",NYSE,LULD pause,2025-04-07,15:16:41
2025-04-07,15:05:05,JNVR,Janover Inc. Common Stock,Nasdaq,LULD pause,2025-04-07,15:10:05
2025-04-07,14:56:13,LTRY,"""Lottery.com, Inc. Common Stock""",Nasdaq,LULD pause,2025-04-07,15:01:13
2025-04-07,14:40:33,BW PRA,"""Babcock & Wilcox Enterprises, Inc. 7.75% Series A Cumulative Perpetual Preferred Stock""",NYSE,LULD pause,2025-04-07,14:45:38
2025-04-07,14:30:18,AMBI,Ambipar Emergency Response,NYSE American,LULD pause,2025-04-07,14:35:18
2025-04-07,13:58:34,ZBAO,Zhibao Technology Inc. Class A Ordinary Shares,Nasdaq,LULD pause,2025-04-07,14:03:34
2025-04-07,13:41:01,BJDX,"""Bluejay Diagnostics, Inc. Common Stock""",Nasdaq,LULD pause,2025-04-07,13:46:01
2025-04-07,13:21:59,LXEH,"""Lixiang Education Holding Co., Ltd. American Depositary Shares""",Nasdaq,LULD pause,2025-04-07,13:37:00
2025-04-07,13:17:53,JNVR,Janover Inc. Common Stock,Nasdaq,LULD pause,2025-04-07,13:22:53
2025-04-07,13:12:27,JNVR,Janover Inc. Common Stock,Nasdaq,LULD pause,2025-04-07,13:17:27
2025-04-07,13:11:43,LXEH,"""Lixiang Education Holding Co., Ltd. American Depositary Shares""",Nasdaq,LULD pause,2025-04-07,13:21:44
2025-04-07,13:05:26,KIDZ,"""Classover Holdings, Inc. Class B Common Stock""",Nasdaq,LULD pause,2025-04-07,13:10:26
2025-04-07,13:04:21,RDIB,"""Reading International, Inc (Class B""",Nasdaq,LULD pause,2025-04-07,13:09:21
2025-04-07,12:56:28,JNVR,Janover Inc. Common Stock,Nasdaq,LULD pause,2025-04-07,13:01:28
2025-04-07,12:50:50,JNVR,Janover Inc. Common Stock,Nasdaq,LULD pause,2025-04-07,12:55:50
2025-04-07,12:34:27,JNVR,Janover Inc. Common Stock,Nasdaq,LULD pause,2025-04-07,12:39:27
2025-04-07,12:34:09,KIDZ,"""Classover Holdings, Inc. Class B Common Stock""",Nasdaq,LULD pause,2025-04-07,12:39:09
2025-04-07,12:25:51,MDBH,"""MDB Capital Holdings, LLC Class A common""",Nasdaq,LULD pause,2025-04-07,12:35:52
2025-04-07,12:24:29,JNVR,Janover Inc. Common Stock,Nasdaq,LULD pause,2025-04-07,12:29:29
2025-04-07,12:22:25,APED,STKd 100% MSTR & 100% COIN ETF,Nasdaq,LULD pause,2025-04-07,12:27:25
2025-04-07,12:20:36,MDBH,"""MDB Capital Holdings, LLC Class A common""",Nasdaq,LULD pause,2025-04-07,12:25:36
2025-04-07,12:17:54,KIDZ,"""Classover Holdings, Inc. Class B Common Stock""",Nasdaq,LULD pause,2025-04-07,12:22:54
2025-04-07,12:10:29,JNVR,Janover Inc. Common Stock,Nasdaq,LULD pause,2025-04-07,12:15:29
2025-04-07,12:09:23,STAK,STAK Inc. Ordinary Shares,Nasdaq,LULD pause,2025-04-07,12:14:23
2025-04-07,12:08:51,LXEH,"""Lixiang Education Holding Co., Ltd. American Depositary Shares""",Nasdaq,LULD pause,2025-04-07,13:08:52
2025-04-07,12:08:28,CLIK,Click Holdings Limited Ordinary Share,Nasdaq,LULD pause,2025-04-07,12:13:28
2025-04-07,12:07:09,KIDZ,"""Classover Holdings, Inc. Class B Common Stock""",Nasdaq,LULD pause,2025-04-07,12:12:09
2025-04-07,12:02:23,MKDW,MKDWELL Tech Inc. Ordinary Share,Nasdaq,LULD pause,2025-04-07,12:07:23
2025-04-07,12:02:18,CLIK,Click Holdings Limited Ordinary Share,Nasdaq,LULD pause,2025-04-07,12:07:18
2025-04-07,12:02:05,VYLD,"""Inverse VIX Short-Term Futures ETNs due March 22, 2045""",NYSE Arca,LULD pause,2025-04-07,12:30:02
2025-04-07,11:59:57,JNVR,Janover Inc. Common Stock,Nasdaq,LULD pause,2025-04-07,12:09:57
2025-04-07,11:56:54,KIDZ,"""Classover Holdings, Inc. Class B Common Stock""",Nasdaq,LULD pause,2025-04-07,12:06:54
2025-04-07,11:51:55,NDRA,ENDRA Life Sciences Inc. Common Stock,Nasdaq,LULD pause,2025-04-07,12:01:55
2025-04-07,11:49:24,JNVR,Janover Inc. Common Stock,Nasdaq,LULD pause,2025-04-07,11:59:25
2025-04-07,11:48:38,FORD,Forward Industries Inc-N Y,Nasdaq,LULD pause,2025-04-07,11:53:38
2025-04-07,11:47:32,KIDZ,"""Classover Holdings, Inc. Class B Common Stock""",Nasdaq,LULD pause,2025-04-07,11:52:32
2025-04-07,11:46:19,NDRA,ENDRA Life Sciences Inc. Common Stock,Nasdaq,LULD pause,2025-04-07,11:51:19
2025-04-07,11:38:17,NDRA,ENDRA Life Sciences Inc. Common Stock,Nasdaq,LULD pause,2025-04-07,11:43:17
2025-04-07,11:37:55,KIDZ,"""Classover Holdings, Inc. Class B Common Stock""",Nasdaq,LULD pause,2025-04-07,11:42:55
2025-04-07,11:37:21,JNVR,Janover Inc. Common Stock,Nasdaq,LULD pause,2025-04-07,11:47:21
2025-04-07,11:32:26,AREB,"""American Rebel Holdings, Inc. Common Stock""",Nasdaq,LULD pause,2025-04-07,11:37:26
2025-04-07,11:31:59,JNVR,Janover Inc. Common Stock,Nasdaq,LULD pause,2025-04-07,11:36:59
2025-04-07,11:29:03,PRTC,PureTech Health plc American Depositary Shares,Nasdaq,LULD pause,2025-04-07,11:34:03
2025-04-07,11:27:34,KIDZ,"""Classover Holdings, Inc. Class B Common Stock""",Nasdaq,LULD pause,2025-04-07,11:37:34
2025-04-07,11:27:10,RSSE,FT Vest U.S. Equity Equal-Weight Buffer ETF September,NYSE Arca,LULD pause,2025-04-07,11:32:10
2025-04-07,11:26:18,JNVR,Janover Inc. Common Stock,Nasdaq,LULD pause,2025-04-07,11:31:18
2025-04-07,11:23:59,VYLD,"""Inverse VIX Short-Term Futures ETNs due March 22, 2045""",NYSE Arca,LULD pause,2025-04-07,12:01:39
2025-04-07,11:21:40,AQLT,iShares MSCI Global Quality Factor ETF,Cboe BZX,LULD pause,2025-04-07,11:26:40
2025-04-07,11:19:47,JNVR,Janover Inc. Common Stock,Nasdaq,LULD pause,2025-04-07,11:24:47
2025-04-07,11:10:00,ZIPP,STKd 100% UBER & 100% TSLA ETF,Nasdaq,LULD pause,2025-04-07,11:15:00
2025-04-07,11:07:09,SKGRU,SK Growth Opportunities Corporation Unit,Nasdaq,LULD pause,2025-04-07,11:12:09
2025-04-07,11:03:01,DYNI,IDX Dynamic Innovation ETF,Nasdaq,LULD pause,2025-04-07,11:08:01
2025-04-07,11:02:16,KIDZ,"""Classover Holdings, Inc. Class B Common Stock""",Nasdaq,LULD pause,2025-04-07,11:27:17
2025-04-07,10:59:56,MKDW,MKDWELL Tech Inc. Ordinary Share,Nasdaq,LULD pause,2025-04-07,11:04:56
2025-04-07,10:59:50,ZIPP,STKd 100% UBER & 100% TSLA ETF,Nasdaq,LULD pause,2025-04-07,11:04:50
2025-04-07,10:59:44,IBIO,"""iBio, Inc. Common Stock""",Nasdaq,LULD pause,2025-04-07,11:04:44
2025-04-07,10:53:39,MKDW,MKDWELL Tech Inc. Ordinary Share,Nasdaq,LULD pause,2025-04-07,10:58:39
2025-04-07,10:50:07,ZIPP,STKd 100% UBER & 100% TSLA ETF,Nasdaq,LULD pause,2025-04-07,10:55:07
2025-04-07,10:49:11,NDRA,ENDRA Life Sciences Inc. Common Stock,Nasdaq,LULD pause,2025-04-07,10:54:11
2025-04-07,10:48:52,GNOV,FT Vest U.S. Equity Moderate Buffer ETF - November,Cboe BZX,LULD pause,2025-04-07,10:53:52
2025-04-07,10:47:28,JNVR,Janover Inc. Common Stock,Nasdaq,LULD pause,2025-04-07,10:57:28
2025-04-07,10:44:52,ZIPP,STKd 100% UBER & 100% TSLA ETF,Nasdaq,LULD pause,2025-04-07,10:49:52
2025-04-07,10:44:28,SNTH,MRP SynthEquity ETF,NYSE Arca,LULD pause,2025-04-07,10:49:28
2025-04-07,10:42:25,IBIO,"""iBio, Inc. Common Stock""",Nasdaq,LULD pause,2025-04-07,10:47:25
2025-04-07,10:39:56,IMFL,Invesco International Developed Dynamic Multifactor ETF,Cboe BZX,LULD pause,2025-04-07,10:44:56
2025-04-07,10:39:07,RSPD,Invesco S&P 500 Equal Weight Consumer Discretionary ETF,NYSE Arca,LULD pause,2025-04-07,10:44:07
2025-04-07,10:38:55,JNVR,Janover Inc. Common Stock,Nasdaq,LULD pause,2025-04-07,10:43:55
2025-04-07,10:37:48,ABVC,"""ABVC BioPharma, Inc. Common Stock""",Nasdaq,LULD pause,2025-04-07,10:47:48
2025-04-07,10:37:34,JCTR,JPMorgan Carbon Transition U.S. Equity ETF,NYSE Arca,LULD pause,2025-04-07,10:42:34
2025-04-07,10:37:05,AEHL,Antelope Enterprise Holdings Limited Class A Ordinary Shares,Nasdaq,LULD pause,2025-04-07,10:47:05
2025-04-07,10:37:02,XTOC,Innovator U.S. Equity Accelerated Plus ETF - October,Cboe BZX,LULD pause,2025-04-07,10:42:02
2025-04-07,10:36:54,JNEU,AllianzIM U.S. Equity Buffer15 Uncapped June ETF,Cboe BZX,LULD pause,2025-04-07,10:41:54
2025-04-07,10:36:53,ADTX,"""Aditxt, Inc. Common Stock""",Nasdaq,LULD pause,2025-04-07,10:41:53
2025-04-07,10:36:10,TLX,Telix Pharmaceuticals Limited American Depositary Shares,Nasdaq,LULD pause,2025-04-07,10:41:10
2025-04-07,10:36:08,FCFY,First Trust S&P 500 Diversified Free Cash Flow ETF,NYSE Arca,LULD pause,2025-04-07,10:41:08
2025-04-07,10:34:46,KIDZ,"""Classover Holdings, Inc. Class B Common Stock""",Nasdaq,LULD pause,2025-04-07,10:59:47
2025-04-07,10:33:37,ZSPC,"""zSpace, Inc. Common stock""",Nasdaq,LULD pause,2025-04-07,10:38:37
2025-04-07,10:32:10,ABVC,"""ABVC BioPharma, Inc. Common Stock""",Nasdaq,LULD pause,2025-04-07,10:37:10
2025-04-07,10:30:59,BIBL,Inspire 100 ETF,NYSE Arca,LULD pause,2025-04-07,10:35:59
2025-04-07,10:30:15,BKCG,BNY Mellon Concentrated Growth ETF,NYSE Arca,LULD pause,2025-04-07,10:35:15
2025-04-07,10:29:49,HLGE,Hartford Longevity Economy ETF,NYSE Arca,LULD pause,2025-04-07,10:34:49
2025-04-07,10:29:28,LRGG,Macquarie Focused Large Growth ETF,NYSE Arca,LULD pause,2025-04-07,10:34:28
2025-04-07,10:29:26,LVOL,American Century Low Volatility ETF,NYSE Arca,LULD pause,2025-04-07,10:34:26
2025-04-07,10:29:24,ZIPP,STKd 100% UBER & 100% TSLA ETF,Nasdaq,LULD pause,2025-04-07,10:34:24
2025-04-07,10:29:13,IBIO,"""iBio, Inc. Common Stock""",Nasdaq,LULD pause,2025-04-07,10:39:13
2025-04-07,10:29:13,FEBU,AllianzIM U.S. Equity Buffer15 Uncapped Feb ETF,Cboe BZX,LULD pause,2025-04-07,10:34:13
2025-04-07,10:28:55,XMAY,FT Vest U.S. Equity Enhance & Moderate Buffer ETF - May,Cboe BZX,LULD pause,2025-04-07,10:33:55
2025-04-07,10:28:51,MKSI,MKS Instruments Inc,Nasdaq,LULD pause,2025-04-07,10:33:51
2025-04-07,10:28:39,KIDZ,"""Classover Holdings, Inc. Class B Common Stock""",Nasdaq,LULD pause,2025-04-07,10:33:39
2025-04-07,10:27:59,VIXY,ProShares VIX Short-Term Futures ETF,Cboe BZX,LULD pause,2025-04-07,10:32:59
2025-04-07,10:27:25,JNVR,Janover Inc. Common Stock,Nasdaq,LULD pause,2025-04-07,10:37:25
2025-04-07,10:25:16,ZSPC,"""zSpace, Inc. Common stock""",Nasdaq,LULD pause,2025-04-07,10:30:16
2025-04-07,10:24:40,GLOV,Goldman Sachs ActiveBeta World Low Vol Plus Equity ETF,Cboe BZX,LULD pause,2025-04-07,10:29:40
2025-04-07,10:24:33,ITDH,iShares LifePath Target Date 2060 ETF,NYSE Arca,LULD pause,2025-04-07,10:29:33
2025-04-07,10:24:33,HLGE,Hartford Longevity Economy ETF,NYSE Arca,LULD pause,2025-04-07,10:29:33
2025-04-07,10:24:26,DDIV,First Trust Exchange-Traded Fund VI First Trust Dorsey Wright Momentum & Dividend ETF,Nasdaq,LULD pause,2025-04-07,10:29:26
2025-04-07,10:24:20,PLTD,Direxion Daily PLTR Bear 1X Shares,Nasdaq,LULD pause,2025-04-07,10:29:20
2025-04-07,10:24:12,EGGQ,NestYield Visionary ETF,Nasdaq,LULD pause,2025-04-07,10:29:12
2025-04-07,10:24:12,DVOL,First Trust Dorsey Wright Momentum & Low Volatility ETF,Nasdaq,LULD pause,2025-04-07,10:29:12
2025-04-07,10:24:11,BKCG,BNY Mellon Concentrated Growth ETF,NYSE Arca,LULD pause,2025-04-07,10:29:11
2025-04-07,10:24:11,AVUQ,Avantis U.S. Quality ETF,Nasdaq,LULD pause,2025-04-07,10:29:11
2025-04-07,10:24:11,LVOL,American Century Low Volatility ETF,NYSE Arca,LULD pause,2025-04-07,10:29:11
2025-04-07,10:24:11,LOWV,AB US Low Volatility Equity ETF,NYSE Arca,LULD pause,2025-04-07,10:29:11
2025-04-07,10:24:11,HFGO,Hartford Large Cap Growth ETF,Cboe BZX,LULD pause,2025-04-07,10:29:11
2025-04-07,10:24:11,FCFY,First Trust S&P 500 Diversified Free Cash Flow ETF,NYSE Arca,LULD pause,2025-04-07,10:29:11
2025-04-07,10:24:10,LSGR,Natixis Loomis Sayles Focused Growth ETF,NYSE Arca,LULD pause,2025-04-07,10:36:21
2025-04-07,10:24:10,JCTR,JPMorgan Carbon Transition U.S. Equity ETF,NYSE Arca,LULD pause,2025-04-07,10:29:10
2025-04-07,10:24:10,ACLC,American Century Large Cap Equity ETF,NYSE Arca,LULD pause,2025-04-07,10:34:10
2025-04-07,10:24:10,FAD,First Trust Multi Cap Growth AlphaDEX Fund,Nasdaq,LULD pause,2025-04-07,10:29:10
2025-04-07,10:24:10,LRGG,Macquarie Focused Large Growth ETF,NYSE Arca,LULD pause,2025-04-07,10:29:10
2025-04-07,10:24:10,HIDV,AB US High Dividend ETF,NYSE Arca,LULD pause,2025-04-07,10:29:10
2025-04-07,10:24:09,XPND,First Trust Expanded Technology ETF,NYSE Arca,LULD pause,2025-04-07,10:29:09
2025-04-07,10:24:09,ZIPP,STKd 100% UBER & 100% TSLA ETF,Nasdaq,LULD pause,2025-04-07,10:29:09
2025-04-07,10:23:57,BJDX,"""Bluejay Diagnostics, Inc. Common Stock""",Nasdaq,LULD pause,2025-04-07,10:28:57
2025-04-07,10:23:55,FINX,Global X Funds Global X FinTech ETF,Nasdaq,LULD pause,2025-04-07,10:28:55
2025-04-07,10:23:16,MKSI,MKS Instruments Inc,Nasdaq,LULD pause,2025-04-07,10:28:16
2025-04-07,10:23:08,IBIO,"""iBio, Inc. Common Stock""",Nasdaq,LULD pause,2025-04-07,10:28:08
2025-04-07,10:23:07,VXX,iPath Series B S&P 500 VIX Short-Term Futures ETN,Cboe BZX,LULD pause,2025-04-07,10:28:07
2025-04-07,10:22:42,VIXY,ProShares VIX Short-Term Futures ETF,Cboe BZX,LULD pause,2025-04-07,10:27:42
2025-04-07,10:22:38,UAL,"""United Airlines Holdings, Inc. Common Stock""",Nasdaq,LULD pause,2025-04-07,10:27:38
2025-04-07,10:22:34,X,United States Steel Corporation,NYSE,LULD pause,2025-04-07,10:27:52
2025-04-07,10:22:30,NVDD,Direxion Daily NVDA Bear 1X Shares,Nasdaq,LULD pause,2025-04-07,10:27:30
2025-04-07,10:22:30,PLTW,Roundhill PLTR WeeklyPay ETF,Cboe BZX,ETF Component Price,2025-04-07,10:32:30
2025-04-07,10:22:30,PLTR,Palantir Technologies Inc. Class A Common Stock,Nasdaq,LULD pause,2025-04-07,10:27:30
2025-04-07,10:22:29,CONI,GraniteShares 1x Short COIN Daily ETF,Nasdaq,LULD pause,2025-04-07,10:27:29
2025-04-07,10:22:26,W,Wayfair Inc.,NYSE,LULD pause,2025-04-07,10:27:31
2025-04-07,10:22:12,NFE,New Fortress Energy Inc. Class A Common Stock,Nasdaq,LULD pause,2025-04-07,10:27:12
2025-04-07,10:21:51,JNVR,Janover Inc. Common Stock,Nasdaq,LULD pause,2025-04-07,10:26:51
2025-04-07,10:21:38,SHDG,Soundwatch Hedged Equity ETF,Cboe BZX,LULD pause,2025-04-07,10:26:38
2025-04-07,10:21:04,TSDD,GraniteShares ETF Trust GraniteShares 2x Short TSLA Daily ETF,Nasdaq,LULD pause,2025-04-07,10:26:04
2025-04-07,10:18:07,MFSG,MFS Active Growth ETF,NYSE,LULD pause,2025-04-07,10:24:36
2025-04-07,10:18:07,KIDZ,"""Classover Holdings, Inc. Class B Common Stock""",Nasdaq,LULD pause,2025-04-07,10:28:08
2025-04-07,10:17:57,OOSB,One One S&P 500 and Bitcoin ETF,Nasdaq,LULD pause,2025-04-07,10:22:57
2025-04-07,10:17:42,MVRL,ETRACS Monthly Pay 1.5X Leveraged Mortgage REIT ETN,NYSE Arca,LULD pause,2025-04-07,10:22:42
2025-04-07,10:17:28,QUP,DailyDelta Q100 Upside Option Strategy ETF,NYSE Arca,LULD pause,2025-04-07,10:22:28
2025-04-07,10:17:25,PKB,Invesco Building & Construction ETF,NYSE Arca,LULD pause,2025-04-07,10:22:25
2025-04-07,10:17:21,VIXY,ProShares VIX Short-Term Futures ETF,Cboe BZX,LULD pause,2025-04-07,10:22:21
2025-04-07,10:17:00,TDIV,First Trust Exchange-Traded Fund VI First Trust NASDAQ Technology Dividend Index Fund,Nasdaq,LULD pause,2025-04-07,10:22:00
2025-04-07,10:16:50,PNQI,Invesco NASDAQ Internet ETF,Nasdaq,LULD pause,2025-04-07,10:21:50
2025-04-07,10:16:35,JNVR,Janover Inc. Common Stock,Nasdaq,LULD pause,2025-04-07,10:21:35
2025-04-07,10:16:35,GFLW,VictoryShares Free Cash Flow Growth ETF,Nasdaq,LULD pause,2025-04-07,10:21:35
2025-04-07,10:15:30,OOQB,One One Nasdaq-100 and Bitcoin ETF,Nasdaq,LULD pause,2025-04-07,10:20:30
2025-04-07,10:15:28,PABU,iShares Paris-Aligned Climate MSCI USA ETF,Nasdaq,LULD pause,2025-04-07,10:20:28
2025-04-07,10:14:06,PEVC,Pacer PE/VC ETF,NYSE Arca,LULD pause,2025-04-07,10:19:06
2025-04-07,10:14:00,UVXY,ProShares Ultra VIX Short-Term Futures ETF,Cboe BZX,LULD pause,2025-04-07,10:24:00
2025-04-07,10:13:57,USCL,iShares Climate Conscious & Transition MSCI USA ETF,Nasdaq,LULD pause,2025-04-07,10:18:57
2025-04-07,10:13:47,TSLR,GraniteShares ETF Trust GraniteShares 2x Long TSLA Daily ETF,Nasdaq,LULD pause,2025-04-07,10:18:47
2025-04-07,10:13:46,PLTD,Direxion Daily PLTR Bear 1X Shares,Nasdaq,LULD pause,2025-04-07,10:18:46
2025-04-07,10:13:45,TINY,ProShares Nanotechnology ETF,NYSE Arca,LULD pause,2025-04-07,10:18:45
2025-04-07,10:13:44,TSLS,Direxion Daily TSLA Bear 1X Shares,Nasdaq,LULD pause,2025-04-07,10:18:44
2025-04-07,10:13:44,PLTY,YieldMax PLTR Option Income Strategy ETF,NYSE Arca,LULD pause,2025-04-07,10:18:44
2025-04-07,10:13:41,CTEX,ProShares S&P Kensho Cleantech ETF,NYSE Arca,LULD pause,2025-04-07,10:18:41
2025-04-07,10:13:39,VXX,iPath Series B S&P 500 VIX Short-Term Futures ETN,Cboe BZX,LULD pause,2025-04-07,10:18:39
2025-04-07,10:13:21,QCML,GraniteShares 2x Long QCOM Daily ETF,Nasdaq,LULD pause,2025-04-07,10:18:21
2025-04-07,10:13:09,APED,STKd 100% MSTR & 100% COIN ETF,Nasdaq,LULD pause,2025-04-07,10:18:09
2025-04-07,10:13:03,SPCY,STKd 100% SMCI & 100% NVDA ETF,Nasdaq,LULD pause,2025-04-07,10:18:03
2025-04-07,10:12:46,ADVE,Matthews Asia Dividend Active ETF,NYSE Arca,LULD pause,2025-04-07,10:17:46
2025-04-07,10:11:38,NFE,New Fortress Energy Inc. Class A Common Stock,Nasdaq,LULD pause,2025-04-07,10:16:38
2025-04-07,10:11:27,ZIPP,STKd 100% UBER & 100% TSLA ETF,Nasdaq,LULD pause,2025-04-07,10:16:27
2025-04-07,10:11:21,LAYS,STKd 100% NVDA & 100% AMD ETF,Nasdaq,LULD pause,2025-04-07,10:16:21
2025-04-07,10:11:20,VIXY,ProShares VIX Short-Term Futures ETF,Cboe BZX,LULD pause,2025-04-07,10:16:20
2025-04-07,10:11:20,GFLW,VictoryShares Free Cash Flow Growth ETF,Nasdaq,LULD pause,2025-04-07,10:16:20
2025-04-07,10:11:12,NUGO,Nuveen Growth Opportunities ETF,NYSE Arca,LULD pause,2025-04-07,10:16:12
2025-04-07,10:11:03,SVIX,-1x Short VIX Futures ETF,Cboe BZX,LULD pause,2025-04-07,10:21:03
2025-04-07,10:11:02,NMAX,"""Newsmax, Inc.""",NYSE,LULD pause,2025-04-07,10:16:04
2025-04-07,10:10:48,MNRS,Grayscale Bitcoin Miners ETF,NYSE Arca,LULD pause,2025-04-07,10:15:48
2025-04-07,10:10:47,NSCS,Nuveen Small Cap Select ETF,NYSE Arca,LULD pause,2025-04-07,10:15:47
2025-04-07,10:10:40,QUP,DailyDelta Q100 Upside Option Strategy ETF,NYSE Arca,LULD pause,2025-04-07,10:15:40
2025-04-07,10:05:13,JNVR,Janover Inc. Common Stock,Nasdaq,LULD pause,2025-04-07,10:15:13
2025-04-07,10:02:27,KIDZ,"""Classover Holdings, Inc. Class B Common Stock""",Nasdaq,LULD pause,2025-04-07,10:17:44
2025-04-07,10:01:47,STAK,STAK Inc. Ordinary Shares,Nasdaq,LULD pause,2025-04-07,10:11:48
2025-04-07,09:58:00,SROI,Calamos Antetokounmpo Global Sustainable Equities ETF,NYSE Arca,LULD pause,2025-04-07,10:03:00
2025-04-07,09:56:54,SPCY,STKd 100% SMCI & 100% NVDA ETF,Nasdaq,LULD pause,2025-04-07,10:01:54
2025-04-07,09:55:53,BJDX,"""Bluejay Diagnostics, Inc. Common Stock""",Nasdaq,LULD pause,2025-04-07,10:00:53
2025-04-07,09:54:19,JNVR,Janover Inc. Common Stock,Nasdaq,LULD pause,2025-04-07,10:04:19
2025-04-07,09:52:12,KIDZ,"""Classover Holdings, Inc. Class B Common Stock""",Nasdaq,LULD pause,2025-04-07,10:02:12
2025-04-07,09:51:46,CHGX,Stance Sustainable Beta ETF,Nasdaq,News pending,2025-04-07,13:45:00
2025-04-07,09:51:04,GCAD,Gabelli Commercial Aerospace and Defense ETF,NYSE Arca,LULD pause,2025-04-07,10:01:04
2025-04-07,09:50:13,BJDX,"""Bluejay Diagnostics, Inc. Common Stock""",Nasdaq,LULD pause,2025-04-07,09:55:13
2025-04-07,09:50:10,APED,STKd 100% MSTR & 100% COIN ETF,Nasdaq,LULD pause,2025-04-07,09:55:10
2025-04-07,09:49:02,JNVR,Janover Inc. Common Stock,Nasdaq,LULD pause,2025-04-07,09:54:02
2025-04-07,09:47:38,AEHL,Antelope Enterprise Holdings Limited Class A Ordinary Shares,Nasdaq,LULD pause,2025-04-07,09:52:38
2025-04-07,09:46:31,AMBI,Ambipar Emergency Response,NYSE American,LULD pause,2025-04-07,09:51:31
2025-04-07,09:45:24,KIDZ,"""Classover Holdings, Inc. Class B Common Stock""",Nasdaq,LULD pause,2025-04-07,09:50:24
2025-04-07,09:45:21,MLPR,ETRACS Quarterly Pay 1.5X Leveraged Alerian MLP Index ETN,NYSE Arca,LULD pause,2025-04-07,09:50:21
2025-04-07,09:44:54,APED,STKd 100% MSTR & 100% COIN ETF,Nasdaq,LULD pause,2025-04-07,09:49:54
2025-04-07,09:43:54,IQRA,NYLI CBRE Real Assets ETF,NYSE Arca,LULD pause,2025-04-07,09:48:54
2025-04-07,09:43:12,JNVR,Janover Inc. Common Stock,Nasdaq,LULD pause,2025-04-07,09:48:12
2025-04-07,09:42:56,BW PRA,"""Babcock & Wilcox Enterprises, Inc. 7.75% Series A Cumulative Perpetual Preferred Stock""",NYSE,LULD pause,2025-04-07,09:48:01
2025-04-07,09:42:52,PCTTU,"""PureCycle Technologies, Inc. Unit""",Nasdaq,LULD pause,2025-04-07,09:47:52
2025-04-07,09:42:48,COIG,Leverage Shares 2X Long COIN Daily ETF,Nasdaq,LULD pause,2025-04-07,09:47:48
2025-04-07,09:41:34,VRM,"""Vroom, Inc. Common Stock""",Nasdaq,LULD pause,2025-04-07,09:46:34
2025-04-07,09:41:10,BJDX,"""Bluejay Diagnostics, Inc. Common Stock""",Nasdaq,LULD pause,2025-04-07,09:46:10
2025-04-07,09:40:46,NEHC,New Era Helium Inc Common Stock,Nasdaq,LULD pause,2025-04-07,09:45:46
2025-04-07,09:36:44,OGCP,"""Empire State Realty OP, L.P. Series 60""",NYSE Arca,LULD pause,2025-04-07,09:41:44
2025-04-07,09:35:10,GCAD,Gabelli Commercial Aerospace and Defense ETF,NYSE Arca,LULD pause,2025-04-07,09:40:10
2025-04-07,09:34:35,SBEV,"""Splash Beverage Group, Inc.""",NYSE American,News pending,2025-04-07,10:55:00
2025-04-07,09:34:35,SBEV WS,"""Splash Beverage Group, Inc. Warrants to purchase 1/40th of a share of Common Stock at an exercise price of $184.00""",NYSE American,News pending,2025-04-07,10:55:00
2025-04-07,09:33:51,LEGR,First Trust Indxx Innovative Transaction & Process ETF,Nasdaq,LULD pause,2025-04-07,09:43:51
2025-04-07,09:33:08,OFOS,Range Global Offshore Oil Services Index ETF,NYSE Arca,LULD pause,2025-04-07,09:38:08
2025-04-07,09:32:59,ICCT,iCoreConnect Inc. Common stock,Nasdaq,LULD pause,2025-04-07,09:42:59
2025-04-07,09:32:58,AEHL,Antelope Enterprise Holdings Limited Class A Ordinary Shares,Nasdaq,LULD pause,2025-04-07,09:42:58
2025-04-07,09:32:54,BJDX,"""Bluejay Diagnostics, Inc. Common Stock""",Nasdaq,LULD pause,2025-04-07,09:37:54
2025-04-07,09:32:37,LOCL,Local Bounti Corporation,NYSE,LULD pause,2025-04-07,09:37:40
2025-04-07,09:32:31,JNVR,Janover Inc. Common Stock,Nasdaq,LULD pause,2025-04-07,09:42:31
2025-04-07,09:32:01,PCTTU,"""PureCycle Technologies, Inc. Unit""",Nasdaq,LULD pause,2025-04-07,09:42:01
2025-04-07,09:31:16,CHPY,YieldMax Semiconductor Portfolio Option Income ETF,NYSE Arca,LULD pause,2025-04-07,09:36:16
2025-04-07,09:31:16,ARKD,ARK 21Shares Blockchain and Digital Economy Innovation ETF,Cboe BZX,LULD pause,2025-04-07,09:36:16
2025-04-07,09:30:36,ARKZ,ARK 21Shares Active Ethereum Futures Strategy ETF,Cboe BZX,LULD pause,2025-04-07,09:40:36
2025-04-07,09:30:22,XUSP,Innovator Uncapped Accelerated U.S. Equity ETF,Cboe BZX,LULD pause,2025-04-07,09:35:22
2025-04-07,09:30:21,TLX,Telix Pharmaceuticals Limited American Depositary Shares,Nasdaq,LULD pause,2025-04-07,09:35:21
2025-04-07,09:30:20,SANW,S&W Seed Company,Nasdaq,LULD pause,2025-04-07,09:40:20
2025-04-07,09:30:18,SNFCA,Security National Financial Co,Nasdaq,LULD pause,2025-04-07,09:35:18
2025-04-07,09:30:17,OOSB,One One S&P 500 and Bitcoin ETF,Nasdaq,LULD pause,2025-04-07,09:35:17
2025-04-07,09:30:17,CARZ,First Trust Exchange-Traded Fund II First Trust S-Network Future Vehicles & Technology ETF,Nasdaq,LULD pause,2025-04-07,09:35:17
2025-04-07,09:30:17,STAK,STAK Inc. Ordinary Shares,Nasdaq,LULD pause,2025-04-07,10:00:34
2025-04-07,09:30:17,FPA,First Trust Asia Pacific ex-Japan AlphaDEX Fund,Nasdaq,LULD pause,2025-04-07,09:35:17
2025-04-07,09:30:17,LAYS,STKd 100% NVDA & 100% AMD ETF,Nasdaq,LULD pause,2025-04-07,09:35:17
2025-04-07,09:30:17,APED,STKd 100% MSTR & 100% COIN ETF,Nasdaq,LULD pause,2025-04-07,09:35:17
2025-04-07,09:30:17,EFAS,Global X MSCI SuperDividend EAFE ETF,Nasdaq,LULD pause,2025-04-07,09:35:17
2025-04-07,09:30:16,HOOG,Leverage Shares 2X Long HOOD Daily ETF,Nasdaq,LULD pause,2025-04-07,09:35:16
2025-04-07,09:30:16,CHGX,Stance Sustainable Beta ETF,Nasdaq,LULD pause,See Subsequent Halt,See Subsequent Halt
2025-04-07,09:30:15,ETQ,T-Rex 2X Inverse Ether Daily Target ETF,Cboe BZX,LULD pause,2025-04-07,09:40:15
2025-04-07,04:00:00,KIDZW,"""Classover Holdings, Inc. Warrants""",Nasdaq,News pending,2025-04-07,09:45:00
2025-04-07,04:00:00,KIDZ,"""Classover Holdings, Inc. Class B Common Stock""",Nasdaq,News pending,2025-04-07,09:45:00
2025-04-07,00:21:26,SST WS,"""System1, Inc. Warrants, each whole warrant exercisable for one share of Class A Common Stock at an exercise price of $11.50 per share""",NYSE,News pending,See Subsequent Halt,See Subsequent Halt
2025-04-04,19:50:00,NEGG,"""Newegg Commerce, Inc. Common Shares""",Nasdaq,News pending,2025-04-07,09:00:00
2025-04-04,19:50:00,NEGG,"""Newegg Commerce, Inc. Common Shares""",Nasdaq,News pending,,
2025-04-04,19:50:00,BGLC,BioNexus Gene Lab Corp Common stock,Nasdaq,News pending,,
2025-04-04,19:50:00,BGLC,BioNexus Gene Lab Corp Common stock,Nasdaq,News pending,2025-04-07,09:00:00
2025-04-04,19:50:00,SPPL,SIMPPLE LTD. Ordinary Shares,Nasdaq,News pending,,
2025-04-04,19:50:00,SPPL,SIMPPLE LTD. Ordinary Shares,Nasdaq,News pending,2025-04-07,09:00:00
2025-04-04,19:50:00,LGCB,Linkage Global Inc Class A Ordinary Shares,Nasdaq,News pending,,
2025-04-04,19:50:00,LGCB,Linkage Global Inc Class A Ordinary Shares,Nasdaq,News pending,2025-04-07,09:00:00
2025-04-04,19:50:00,TGL,Treasure Global Inc. Common Stock,Nasdaq,News pending,,
2025-04-04,19:50:00,TGL,Treasure Global Inc. Common Stock,Nasdaq,News pending,2025-04-07,09:00:00
2025-04-04,16:20:46,AIM,AIM ImmunoTech Inc.,NYSE American,News Released,,
2025-04-04,16:17:53,SST WS,"""System1, Inc. Warrants, each whole warrant exercisable for one share of Class A Common Stock at an exercise price of $11.50 per share""",NYSE,News pending,,
2025-04-04,15:59:46,NTZ,"""Natuzzi, S.p.A""",NYSE,LULD pause,2025-04-04,16:08:52
2025-04-04,15:53:56,NTCL,NETCLASS TECHNOLOGY INC Class A Ordinary Shares,Nasdaq,LULD pause,2025-04-04,16:00:00
2025-04-04,15:49:24,AREB,"""American Rebel Holdings, Inc. Common Stock""",Nasdaq,LULD pause,2025-04-04,16:00:00
2025-04-04,15:43:59,AREB,"""American Rebel Holdings, Inc. Common Stock""",Nasdaq,LULD pause,2025-04-04,15:48:59
2025-04-04,15:42:11,NTCL,NETCLASS TECHNOLOGY INC Class A Ordinary Shares,Nasdaq,LULD pause,2025-04-04,15:47:11
2025-04-04,15:15:20,AREB,"""American Rebel Holdings, Inc. Common Stock""",Nasdaq,LULD pause,2025-04-04,15:20:20
2025-04-04,15:12:15,RILYL,"""B. Riley Financial, Inc. Depositary Shares each representing 1/1000th in a share of 7.375% Series B Cumulative Perpetual Preferred Stock, par value $0""",Nasdaq,LULD pause,2025-04-04,15:17:15
2025-04-04,15:11:49,NTHI,"""NeOnc Technologies Holdings, Inc. Common Stock""",Nasdaq,LULD pause,2025-04-04,15:16:49
2025-04-04,15:06:15,NTHI,"""NeOnc Technologies Holdings, Inc. Common Stock""",Nasdaq,LULD pause,2025-04-04,15:11:15
2025-04-04,14:59:49,SIXD,AllianzIM U.S. Large Cap 6 Month Buffer10 Jun/Dec ETF,NYSE Arca,LULD pause,2025-04-04,15:04:49
2025-04-04,14:59:44,AREB,"""American Rebel Holdings, Inc. Common Stock""",Nasdaq,LULD pause,2025-04-04,15:09:44
2025-04-04,14:51:29,AREB,"""American Rebel Holdings, Inc. Common Stock""",Nasdaq,LULD pause,2025-04-04,14:56:29
2025-04-04,14:46:12,AREB,"""American Rebel Holdings, Inc. Common Stock""",Nasdaq,LULD pause,2025-04-04,14:51:12
2025-04-04,14:35:38,AREB,"""American Rebel Holdings, Inc. Common Stock""",Nasdaq,LULD pause,2025-04-04,14:45:40
2025-04-04,14:30:32,FORD,Forward Industries Inc-N Y,Nasdaq,LULD pause,2025-04-04,14:35:32
2025-04-04,14:30:22,AREB,"""American Rebel Holdings, Inc. Common Stock""",Nasdaq,LULD pause,2025-04-04,14:35:22
2025-04-04,13:48:21,FORD,Forward Industries Inc-N Y,Nasdaq,LULD pause,2025-04-04,13:53:21
2025-04-04,13:43:19,LHSW,Lianhe Sowell International Group Ltd Ordinary Shares,Nasdaq,LULD pause,2025-04-04,13:48:19
2025-04-04,13:38:05,MLGO,"""MicroAlgo, Inc. Ordinary Shares""",Nasdaq,LULD pause,2025-04-04,13:43:05
2025-04-04,13:26:47,MLGO,"""MicroAlgo, Inc. Ordinary Shares""",Nasdaq,LULD pause,2025-04-04,13:31:47
2025-04-04,12:56:43,AREB,"""American Rebel Holdings, Inc. Common Stock""",Nasdaq,LULD pause,2025-04-04,13:01:43
2025-04-04,12:53:05,SOBR,"""SOBR Safe, Inc. Common Stock""",Nasdaq,LULD pause,2025-04-04,13:03:06
2025-04-04,12:40:45,PCTTU,"""PureCycle Technologies, Inc. Unit""",Nasdaq,LULD pause,2025-04-04,12:45:45
2025-04-04,12:37:37,AREB,"""American Rebel Holdings, Inc. Common Stock""",Nasdaq,LULD pause,2025-04-04,12:42:37
2025-04-04,12:25:38,AREB,"""American Rebel Holdings, Inc. Common Stock""",Nasdaq,LULD pause,2025-04-04,12:30:38
2025-04-04,12:23:33,SOBR,"""SOBR Safe, Inc. Common Stock""",Nasdaq,LULD pause,2025-04-04,12:28:33
2025-04-04,12:14:40,AREB,"""American Rebel Holdings, Inc. Common Stock""",Nasdaq,LULD pause,2025-04-04,12:19:40
2025-04-04,12:08:37,AREB,"""American Rebel Holdings, Inc. Common Stock""",Nasdaq,LULD pause,2025-04-04,12:13:37
2025-04-04,12:05:05,BLIV,BeLive Holdings Ordinary Share,Nasdaq,LULD pause,2025-04-04,12:15:05
2025-04-04,11:56:11,FORD,Forward Industries Inc-N Y,Nasdaq,LULD pause,2025-04-04,12:01:11
2025-04-04,11:44:53,SOBR,"""SOBR Safe, Inc. Common Stock""",Nasdaq,LULD pause,2025-04-04,11:49:53
2025-04-04,11:32:31,AREB,"""American Rebel Holdings, Inc. Common Stock""",Nasdaq,LULD pause,2025-04-04,11:37:31
2025-04-04,11:16:44,SOBR,"""SOBR Safe, Inc. Common Stock""",Nasdaq,LULD pause,2025-04-04,11:21:44
2025-04-04,11:13:19,BJDX,"""Bluejay Diagnostics, Inc. Common Stock""",Nasdaq,LULD pause,2025-04-04,11:18:19
2025-04-04,11:11:40,DDC,DDC Enterprise Limited,NYSE American,Regulatory Concern,See Subsequent Halt,See Subsequent Halt
2025-04-04,11:11:40,DDC,DDC Enterprise Limited,NYSE American,Regulatory Concern,,
2025-04-04,11:09:49,W,Wayfair Inc.,NYSE,LULD pause,2025-04-04,11:14:57
2025-04-04,11:08:52,SN,"""SharkNinja, Inc.""",NYSE,LULD pause,2025-04-04,11:13:52
2025-04-04,11:06:23,SOBR,"""SOBR Safe, Inc. Common Stock""",Nasdaq,LULD pause,2025-04-04,11:16:23
2025-04-04,11:04:37,RH,RH,NYSE,LULD pause,2025-04-04,11:09:56
2025-04-04,10:59:00,BJDX,"""Bluejay Diagnostics, Inc. Common Stock""",Nasdaq,LULD pause,2025-04-04,11:09:00
2025-04-04,10:57:48,SOBR,"""SOBR Safe, Inc. Common Stock""",Nasdaq,LULD pause,2025-04-04,11:02:48
2025-04-04,10:53:54,OCG,Oriental Culture Holding LTD Ordinary Shares,Nasdaq,LULD pause,2025-04-04,10:58:54
2025-04-04,10:53:13,SCOR,"""comScore, Inc. Common Stock""",Nasdaq,LULD pause,2025-04-04,10:58:13
2025-04-04,10:51:31,AREB,"""American Rebel Holdings, Inc. Common Stock""",Nasdaq,LULD pause,2025-04-04,10:56:31
2025-04-04,10:50:30,NBGX,Neuberger Berman Growth ETF,NYSE Arca,LULD pause,2025-04-04,10:55:30
2025-04-04,10:49:01,LAYS,STKd 100% NVDA & 100% AMD ETF,Nasdaq,LULD pause,2025-04-04,10:54:01
2025-04-04,10:44:38,SOBR,"""SOBR Safe, Inc. Common Stock""",Nasdaq,LULD pause,2025-04-04,10:54:38
2025-04-04,10:43:07,FEUZ,First Trust Eurozone AlphaDEX,Nasdaq,LULD pause,2025-04-04,10:48:07
2025-04-04,10:38:19,SOBR,"""SOBR Safe, Inc. Common Stock""",Nasdaq,LULD pause,2025-04-04,10:43:19
2025-04-04,10:35:07,AREB,"""American Rebel Holdings, Inc. Common Stock""",Nasdaq,LULD pause,2025-04-04,10:40:07
2025-04-04,10:29:43,COPA,Themes Copper Miners ETF,Cboe BZX,LULD pause,2025-04-04,10:34:43
2025-04-04,10:28:46,AREB,"""American Rebel Holdings, Inc. Common Stock""",Nasdaq,LULD pause,2025-04-04,10:33:46
2025-04-04,10:28:14,ELON,BattleShares TSLA vs F ETF,NYSE Arca,LULD pause,2025-04-04,10:33:14
2025-04-04,10:25:11,SOBR,"""SOBR Safe, Inc. Common Stock""",Nasdaq,LULD pause,2025-04-04,10:37:57
2025-04-04,10:24:21,HDLB,"""ETRACS Monthly Pay 2xLeveraged US High Dividend Low Volatility ETN Series B due October 21, 2049""",NYSE Arca,LULD pause,2025-04-04,10:29:21
2025-04-04,10:22:57,JQC RT,"""Nuveen Credit Strategies Income Fund Rights (expiring April 29, 2025)""",NYSE,Regulatory Concern,,
2025-04-04,10:15:30,RGC,Regencell Bioscience Holdings Limited Ordinary Shares,Nasdaq,LULD pause,2025-04-04,10:20:30
2025-04-04,10:14:45,SOBR,"""SOBR Safe, Inc. Common Stock""",Nasdaq,LULD pause,2025-04-04,10:24:45
2025-04-04,10:13:03,AREB,"""American Rebel Holdings, Inc. Common Stock""",Nasdaq,LULD pause,2025-04-04,10:18:03
2025-04-04,10:10:15,AIM,AIM ImmunoTech Inc.,NYSE American,News pending,See Subsequent Halt,See Subsequent Halt
2025-04-04,10:09:18,SOBR,"""SOBR Safe, Inc. Common Stock""",Nasdaq,LULD pause,2025-04-04,10:14:18
2025-04-04,10:00:22,AREB,"""American Rebel Holdings, Inc. Common Stock""",Nasdaq,LULD pause,2025-04-04,10:05:22
2025-04-04,09:58:53,SOBR,"""SOBR Safe, Inc. Common Stock""",Nasdaq,LULD pause,2025-04-04,10:08:53
2025-04-04,09:53:26,SOBR,"""SOBR Safe, Inc. Common Stock""",Nasdaq,LULD pause,2025-04-04,09:58:26
2025-04-04,09:52:49,INV,"""Innventure, Inc. Common Stock""",Nasdaq,LULD pause,2025-04-04,10:02:49
2025-04-04,09:46:57,VMAR,Vision Marine Technologies Inc. Common Shares,Nasdaq,LULD pause,2025-04-04,09:56:57
2025-04-04,09:41:16,FOCT,FT Vest U.S. Equity Buffer ETF - October,Cboe BZX,LULD pause,2025-04-04,09:46:16
2025-04-04,09:41:15,SOBR,"""SOBR Safe, Inc. Common Stock""",Nasdaq,LULD pause,2025-04-04,09:51:16
2025-04-04,09:40:57,NTHI,"""NeOnc Technologies Holdings, Inc. Common Stock""",Nasdaq,LULD pause,2025-04-04,09:45:57
2025-04-04,09:40:19,PCTTU,"""PureCycle Technologies, Inc. Unit""",Nasdaq,LULD pause,2025-04-04,09:45:19
2025-04-04,09:39:33,ICCT,iCoreConnect Inc. Common stock,Nasdaq,LULD pause,2025-04-04,09:44:33
2025-04-04,09:37:16,ZIPP,STKd 100% UBER & 100% TSLA ETF,Nasdaq,LULD pause,2025-04-04,09:42:16
2025-04-04,09:35:23,INV,"""Innventure, Inc. Common Stock""",Nasdaq,LULD pause,2025-04-04,09:50:23
2025-04-04,09:34:24,PCTTU,"""PureCycle Technologies, Inc. Unit""",Nasdaq,LULD pause,2025-04-04,09:39:24
2025-04-04,09:34:07,QDWN,DailyDelta Q100 Downside Option Strategy ETF,NYSE Arca,LULD pause,2025-04-04,09:39:07
2025-04-04,09:32:08,TINY,ProShares Nanotechnology ETF,NYSE Arca,LULD pause,2025-04-04,09:37:08
2025-04-04,09:31:25,ICCT,iCoreConnect Inc. Common stock,Nasdaq,LULD pause,2025-04-04,09:36:25
2025-04-04,09:31:21,AREB,"""American Rebel Holdings, Inc. Common Stock""",Nasdaq,LULD pause,2025-04-04,09:36:21
2025-04-04,09:30:15,BCHI,GMO Beyond China ETF,NYSE Arca,LULD pause,2025-04-04,09:35:15
2025-04-04,09:30:15,EV,Mast Global Battery Recycling & Production ETF,NYSE Arca,LULD pause,2025-04-04,09:35:15
2025-04-04,08:55:00,SONN,"""Sonnet BioTherapeutics Holdings, Inc. Common Stock""",Nasdaq,News pending,2025-04-04,09:45:00
2025-04-03,19:50:00,FTFT,Future FinTech Group Inc.,Nasdaq,News pending,,
2025-04-03,19:50:00,FTFT,Future FinTech Group Inc.,Nasdaq,News pending,2025-04-04,09:00:00
2025-04-03,19:50:00,SOBR,"""SOBR Safe, Inc. Common Stock""",Nasdaq,News pending,2025-04-04,09:00:00
2025-04-03,19:50:00,SOBR,"""SOBR Safe, Inc. Common Stock""",Nasdaq,News pending,,
2025-04-03,19:50:00,AEHL,Antelope Enterprise Holdings Limited Class A Ordinary Shares,Nasdaq,News pending,,
2025-04-03,19:50:00,AEHL,Antelope Enterprise Holdings Limited Class A Ordinary Shares,Nasdaq,News pending,2025-04-04,09:00:00
2025-04-03,19:50:00,CISS,C3is Inc. Common Stock,Nasdaq,News pending,,
2025-04-03,19:50:00,CISS,C3is Inc. Common Stock,Nasdaq,News pending,2025-04-04,09:00:00
2025-04-03,16:08:57,EFSH,1847 Holdings LLC,NYSE American,News Released,,
2025-04-03,14:16:40,ARMH,Arm Holdings PLC ADRhedged,Cboe BZX,LULD pause,2025-04-03,14:21:40
2025-04-03,12:39:23,STHH,STMicroelectronics NV ADRhedged,Cboe BZX,LULD pause,2025-04-03,12:44:23
2025-04-03,12:34:18,LHSW,Lianhe Sowell International Group Ltd Ordinary Shares,Nasdaq,LULD pause,2025-04-03,12:49:19
2025-04-03,12:27:13,DFS,Discover Financial Services,NYSE,LULD pause,2025-04-03,12:32:17
2025-04-03,12:24:01,LHSW,Lianhe Sowell International Group Ltd Ordinary Shares,Nasdaq,LULD pause,2025-04-03,12:34:01
2025-04-03,12:11:58,TIVC,"""Tivic Health Systems, Inc. Common Stock""",Nasdaq,LULD pause,2025-04-03,12:16:58
2025-04-03,12:00:28,LHSW,Lianhe Sowell International Group Ltd Ordinary Shares,Nasdaq,LULD pause,2025-04-03,12:20:29
2025-04-03,11:39:14,AREB,"""American Rebel Holdings, Inc. Common Stock""",Nasdaq,LULD pause,2025-04-03,11:44:14
2025-04-03,11:28:38,AREB,"""American Rebel Holdings, Inc. Common Stock""",Nasdaq,LULD pause,2025-04-03,11:33:38
2025-04-03,11:18:09,AREB,"""American Rebel Holdings, Inc. Common Stock""",Nasdaq,LULD pause,2025-04-03,11:28:09
2025-04-03,11:15:06,VRPX,"""Virpax Pharmaceuticals, Inc. Common Stock""",Nasdaq,LULD pause,2025-04-03,11:20:06
2025-04-03,11:12:42,AREB,"""American Rebel Holdings, Inc. Common Stock""",Nasdaq,LULD pause,2025-04-03,11:17:42
2025-04-03,11:06:48,VMAR,Vision Marine Technologies Inc. Common Shares,Nasdaq,LULD pause,2025-04-03,11:16:48
2025-04-03,10:55:15,VMAR,Vision Marine Technologies Inc. Common Shares,Nasdaq,LULD pause,2025-04-03,11:05:15
2025-04-03,10:52:26,ABOT,Abacus FCF Innovation Leaders ETF,Cboe BZX,LULD pause,2025-04-03,10:57:26
2025-04-03,10:49:00,TOPW,Top Win International Limited Ordinary Shares,Nasdaq,LULD pause,2025-04-03,10:54:00
2025-04-03,10:46:08,NBGX,Neuberger Berman Growth ETF,NYSE Arca,LULD pause,2025-04-03,10:51:08
2025-04-03,10:43:41,VMAR,Vision Marine Technologies Inc. Common Shares,Nasdaq,LULD pause,2025-04-03,10:53:41
2025-04-03,10:38:19,VMAR,Vision Marine Technologies Inc. Common Shares,Nasdaq,LULD pause,2025-04-03,10:43:19
2025-04-03,10:36:50,HCVIU,Hennessy Capital Investment Corp. VI Unit,Nasdaq,LULD pause,2025-04-03,10:46:50
2025-04-03,10:32:46,AIMBU,Aimfinity Investment Corp. I Subunit,Nasdaq,LULD pause,2025-04-03,10:37:46
2025-04-03,10:31:17,VMAR,Vision Marine Technologies Inc. Common Shares,Nasdaq,LULD pause,2025-04-03,10:36:17
2025-04-03,10:29:08,TOPW,Top Win International Limited Ordinary Shares,Nasdaq,LULD pause,2025-04-03,10:34:08
2025-04-03,10:27:47,EFSH,1847 Holdings LLC,NYSE American,News pending,See Subsequent Halt,See Subsequent Halt
2025-04-03,10:25:47,HCVIU,Hennessy Capital Investment Corp. VI Unit,Nasdaq,LULD pause,2025-04-03,10:35:47
2025-04-03,10:25:32,AIMBU,Aimfinity Investment Corp. I Subunit,Nasdaq,LULD pause,2025-04-03,10:30:32
2025-04-03,10:23:13,TOPW,Top Win International Limited Ordinary Shares,Nasdaq,LULD pause,2025-04-03,10:28:13
2025-04-03,10:20:18,VMAR,Vision Marine Technologies Inc. Common Shares,Nasdaq,LULD pause,2025-04-03,10:30:18
2025-04-03,10:14:13,VMAR,Vision Marine Technologies Inc. Common Shares,Nasdaq,LULD pause,2025-04-03,10:19:13
2025-04-03,10:04:56,QDWN,DailyDelta Q100 Downside Option Strategy ETF,NYSE Arca,LULD pause,2025-04-03,10:09:56
2025-04-03,10:03:19,TIVC,"""Tivic Health Systems, Inc. Common Stock""",Nasdaq,LULD pause,2025-04-03,10:13:19
2025-04-03,09:59:23,NIVF,NewGenIvf Group Limited Class A ordinary shares,Nasdaq,LULD pause,2025-04-03,10:04:23
2025-04-03,09:57:25,TIVC,"""Tivic Health Systems, Inc. Common Stock""",Nasdaq,LULD pause,2025-04-03,10:02:25
2025-04-03,09:56:35,VSTA,Vasta Platform Limited Class A Ordinary Shares,Nasdaq,LULD pause,2025-04-03,10:01:35
2025-04-03,09:52:09,AREB,"""American Rebel Holdings, Inc. Common Stock""",Nasdaq,LULD pause,2025-04-03,09:57:09
2025-04-03,09:52:02,MCRP,Micropolis Holding Company,NYSE American,LULD pause,2025-04-03,09:57:02
2025-04-03,09:43:15,NIVF,NewGenIvf Group Limited Class A ordinary shares,Nasdaq,LULD pause,2025-04-03,09:48:15
2025-04-03,09:38:11,TIVC,"""Tivic Health Systems, Inc. Common Stock""",Nasdaq,LULD pause,2025-04-03,09:43:11
2025-04-03,09:37:54,MTEN,Mingteng International Corporation Inc. Ordinary Shares,Nasdaq,LULD pause,2025-04-03,09:42:54
2025-04-03,09:35:52,NIVF,NewGenIvf Group Limited Class A ordinary shares,Nasdaq,LULD pause,2025-04-03,09:40:52
2025-04-03,09:34:22,APVO,Aptevo Therapeutics Inc,Nasdaq,LULD pause,2025-04-03,09:39:22
2025-04-03,09:32:22,MTEN,Mingteng International Corporation Inc. Ordinary Shares,Nasdaq,LULD pause,2025-04-03,09:37:22
2025-04-03,09:30:16,APED,STKd 100% MSTR & 100% COIN ETF,Nasdaq,LULD pause,2025-04-03,09:35:16
2025-04-03,09:30:15,GMET,VanEck Green Metals ETF,NYSE Arca,LULD pause,2025-04-03,09:35:15
2025-04-03,09:30:15,BTCW,WisdomTree Bitcoin Fund,Cboe BZX,LULD pause,2025-04-03,09:35:15
2025-04-03,08:29:45,NVRO,NEVRO CORP.,NYSE,Merger Effective,,
2025-04-03,07:55:00,ALDX,"""Aldeyra Therapeutics, Inc.""",Nasdaq,News pending,2025-04-03,08:30:00
2025-04-03,06:55:00,OPOF,Old Point Financial Corp,Nasdaq,News pending,2025-04-03,07:30:00
2025-04-02,19:50:00,MKTW,"""MarketWise, Inc. Class A Common Stock""",Nasdaq,News pending,2025-04-03,09:00:00
2025-04-02,19:50:00,MKTW,"""MarketWise, Inc. Class A Common Stock""",Nasdaq,News pending,,
2025-04-02,19:50:00,VCIG,VCI Global Limited Ordinary Share,Nasdaq,News pending,2025-04-03,09:00:00
2025-04-02,19:50:00,VCIG,VCI Global Limited Ordinary Share,Nasdaq,News pending,,
2025-04-02,19:50:00,WIMI,WiMi Hologram Cloud Inc. American Depositary Share,Nasdaq,News pending,,
2025-04-02,19:50:00,WIMI,WiMi Hologram Cloud Inc. American Depositary Share,Nasdaq,News pending,2025-04-03,09:00:00
2025-04-02,15:58:36,TOPW,Top Win International Limited Ordinary Shares,Nasdaq,LULD pause,2025-04-02,16:00:00
2025-04-02,15:35:23,NMAX,"""Newsmax, Inc.""",NYSE,LULD pause,2025-04-02,15:40:50
2025-04-02,15:27:41,WXM,WF International Limited Ordinary Shares,Nasdaq,LULD pause,2025-04-02,15:32:41
2025-04-02,15:23:56,JNVR,Janover Inc. Common Stock,Nasdaq,LULD pause,2025-04-02,15:33:56
2025-04-02,15:15:12,TOPW,Top Win International Limited Ordinary Shares,Nasdaq,LULD pause,2025-04-02,15:20:12
2025-04-02,15:01:48,TOPW,Top Win International Limited Ordinary Shares,Nasdaq,LULD pause,2025-04-02,15:11:49
2025-04-02,14:54:04,JYD,Jayud Global Logistics Limited Class A Ordinary Shares,Nasdaq,LULD pause,2025-04-02,14:59:04
2025-04-02,14:43:57,VRPX,"""Virpax Pharmaceuticals, Inc. Common Stock""",Nasdaq,LULD pause,2025-04-02,14:48:57
2025-04-02,14:43:35,WXM,WF International Limited Ordinary Shares,Nasdaq,LULD pause,2025-04-02,14:48:35
2025-04-02,14:29:42,NMAX,"""Newsmax, Inc.""",NYSE,LULD pause,2025-04-02,14:34:45
2025-04-02,14:16:49,TOPW,Top Win International Limited Ordinary Shares,Nasdaq,LULD pause,2025-04-02,14:51:49
2025-04-02,14:11:09,VVPR,VivoPower International PLC,Nasdaq,LULD pause,2025-04-02,14:21:10
2025-04-02,14:07:27,TOPW,Top Win International Limited Ordinary Shares,Nasdaq,LULD pause,2025-04-02,14:12:27
2025-04-02,14:06:11,NMAX,"""Newsmax, Inc.""",NYSE,LULD pause,2025-04-02,14:11:17
2025-04-02,14:01:21,APVO,Aptevo Therapeutics Inc,Nasdaq,LULD pause,2025-04-02,14:06:21
2025-04-02,13:59:40,TOPW,Top Win International Limited Ordinary Shares,Nasdaq,LULD pause,2025-04-02,14:04:40
2025-04-02,13:54:48,NMAX,"""Newsmax, Inc.""",NYSE,LULD pause,2025-04-02,14:00:11
2025-04-02,13:52:09,TOPW,Top Win International Limited Ordinary Shares,Nasdaq,LULD pause,2025-04-02,13:57:09
2025-04-02,13:43:35,SOBR,"""SOBR Safe, Inc. Common Stock""",Nasdaq,LULD pause,2025-04-02,13:48:35
2025-04-02,13:41:28,TOPW,Top Win International Limited Ordinary Shares,Nasdaq,LULD pause,2025-04-02,13:51:29
2025-04-02,13:40:12,AUID,authID Inc. Common Stock,Nasdaq,LULD pause,2025-04-02,13:50:12
2025-04-02,13:37:08,APVO,Aptevo Therapeutics Inc,Nasdaq,LULD pause,2025-04-02,13:47:08
2025-04-02,13:35:40,TOPW,Top Win International Limited Ordinary Shares,Nasdaq,LULD pause,2025-04-02,13:40:40
2025-04-02,13:26:08,APVO,Aptevo Therapeutics Inc,Nasdaq,LULD pause,2025-04-02,13:36:08
2025-04-02,13:06:37,TOPW,Top Win International Limited Ordinary Shares,Nasdaq,LULD pause,2025-04-02,13:35:12
2025-04-02,12:59:05,WXM,WF International Limited Ordinary Shares,Nasdaq,LULD pause,2025-04-02,13:04:05
2025-04-02,12:56:03,TOPW,Top Win International Limited Ordinary Shares,Nasdaq,LULD pause,2025-04-02,13:06:03
2025-04-02,12:35:41,TOPW,Top Win International Limited Ordinary Shares,Nasdaq,LULD pause,2025-04-02,12:55:42
2025-04-02,12:08:38,AREB,"""American Rebel Holdings, Inc. Common Stock""",Nasdaq,LULD pause,2025-04-02,12:18:38
2025-04-02,12:02:40,SHFS,"""SHF Holdings, Inc. Class A Common Stock""",Nasdaq,LULD pause,2025-04-02,12:07:40
2025-04-02,12:00:21,TOPW,Top Win International Limited Ordinary Shares,Nasdaq,LULD pause,2025-04-02,12:35:22
2025-04-02,11:41:47,AREB,"""American Rebel Holdings, Inc. Common Stock""",Nasdaq,LULD pause,2025-04-02,11:46:47
2025-04-02,11:37:26,WTF,Waton Financial Limited Ordinary Shares,Nasdaq,LULD pause,2025-04-02,11:42:26
2025-04-02,11:34:53,VMAR,Vision Marine Technologies Inc. Common Shares,Nasdaq,LULD pause,2025-04-02,11:39:53
2025-04-02,11:31:43,AREB,"""American Rebel Holdings, Inc. Common Stock""",Nasdaq,LULD pause,2025-04-02,11:36:43
2025-04-02,11:25:27,ZIPP,STKd 100% UBER & 100% TSLA ETF,Nasdaq,LULD pause,2025-04-02,11:30:27
2025-04-02,11:24:35,VMAR,Vision Marine Technologies Inc. Common Shares,Nasdaq,LULD pause,2025-04-02,11:29:35
2025-04-02,11:15:42,VMAR,Vision Marine Technologies Inc. Common Shares,Nasdaq,LULD pause,2025-04-02,11:20:42
2025-04-02,11:05:15,VMAR,Vision Marine Technologies Inc. Common Shares,Nasdaq,LULD pause,2025-04-02,11:15:15
2025-04-02,11:02:16,IBG,Innovation Beverage Group Limited Ordinary Shares,Nasdaq,LULD pause,2025-04-02,11:07:16
2025-04-02,10:59:52,VMAR,Vision Marine Technologies Inc. Common Shares,Nasdaq,LULD pause,2025-04-02,11:04:52
2025-04-02,10:58:48,JYD,Jayud Global Logistics Limited Class A Ordinary Shares,Nasdaq,LULD pause,2025-04-02,11:03:48
2025-04-02,10:58:26,SHLT,SHL Telemedicine Ltd American Depositary Shares,Nasdaq,News pending,,
2025-04-02,10:54:45,WTF,Waton Financial Limited Ordinary Shares,Nasdaq,LULD pause,2025-04-02,10:59:45
2025-04-02,10:54:18,VMAR,Vision Marine Technologies Inc. Common Shares,Nasdaq,LULD pause,2025-04-02,10:59:18
2025-04-02,10:48:36,VMAR,Vision Marine Technologies Inc. Common Shares,Nasdaq,LULD pause,2025-04-02,10:53:36
2025-04-02,10:47:49,WTF,Waton Financial Limited Ordinary Shares,Nasdaq,LULD pause,2025-04-02,10:52:49
2025-04-02,10:43:27,MIMI,Mint Incorporation Limited Class A Ordinary Shares,Nasdaq,LULD pause,2025-04-02,10:53:27
2025-04-02,10:43:21,VMAR,Vision Marine Technologies Inc. Common Shares,Nasdaq,LULD pause,2025-04-02,10:48:21
2025-04-02,10:39:29,IBG,Innovation Beverage Group Limited Ordinary Shares,Nasdaq,LULD pause,2025-04-02,10:44:29
2025-04-02,10:38:08,FLX,BingEx Limited American Depositary Shares,Nasdaq,LULD pause,2025-04-02,10:43:08
2025-04-02,10:37:47,VMAR,Vision Marine Technologies Inc. Common Shares,Nasdaq,LULD pause,2025-04-02,10:42:47
2025-04-02,10:36:53,WTF,Waton Financial Limited Ordinary Shares,Nasdaq,LULD pause,2025-04-02,10:46:53
2025-04-02,10:32:20,VMAR,Vision Marine Technologies Inc. Common Shares,Nasdaq,LULD pause,2025-04-02,10:37:20
2025-04-02,10:31:22,WTF,Waton Financial Limited Ordinary Shares,Nasdaq,LULD pause,2025-04-02,10:36:22
2025-04-02,10:27:23,FLX,BingEx Limited American Depositary Shares,Nasdaq,LULD pause,2025-04-02,10:32:23
2025-04-02,10:22:19,ICCT,iCoreConnect Inc. Common stock,Nasdaq,LULD pause,2025-04-02,10:27:19
2025-04-02,10:20:43,WTF,Waton Financial Limited Ordinary Shares,Nasdaq,LULD pause,2025-04-02,10:30:43
2025-04-02,10:15:46,FLX,BingEx Limited American Depositary Shares,Nasdaq,LULD pause,2025-04-02,10:20:46
2025-04-02,10:14:28,NMAX,"""Newsmax, Inc.""",NYSE,LULD pause,2025-04-02,10:19:31
2025-04-02,10:10:10,WTF,Waton Financial Limited Ordinary Shares,Nasdaq,LULD pause,2025-04-02,10:20:10
2025-04-02,10:04:23,JZXN,"""Jiuzi Holdings, Inc. Ordinary Shares""",Nasdaq,LULD pause,2025-04-02,10:09:23
2025-04-02,10:03:33,ICCT,iCoreConnect Inc. Common stock,Nasdaq,LULD pause,2025-04-02,10:08:33
2025-04-02,09:59:31,WTF,Waton Financial Limited Ordinary Shares,Nasdaq,LULD pause,2025-04-02,10:09:31
2025-04-02,09:59:28,IBG,Innovation Beverage Group Limited Ordinary Shares,Nasdaq,LULD pause,2025-04-02,10:04:28
2025-04-02,09:58:43,QSG,QuantaSing Group Limited American Depositary Shares,Nasdaq,LULD pause,2025-04-02,10:03:43
2025-04-02,09:55:20,JZXN,"""Jiuzi Holdings, Inc. Ordinary Shares""",Nasdaq,LULD pause,2025-04-02,10:00:20
2025-04-02,09:54:56,FLX,BingEx Limited American Depositary Shares,Nasdaq,LULD pause,2025-04-02,09:59:56
2025-04-02,09:52:43,JYD,Jayud Global Logistics Limited Class A Ordinary Shares,Nasdaq,LULD pause,2025-04-02,09:57:43
2025-04-02,09:48:38,IBG,Innovation Beverage Group Limited Ordinary Shares,Nasdaq,LULD pause,2025-04-02,09:58:38
2025-04-02,09:48:31,WTF,Waton Financial Limited Ordinary Shares,Nasdaq,LULD pause,2025-04-02,09:58:31
2025-04-02,09:47:46,FLX,BingEx Limited American Depositary Shares,Nasdaq,LULD pause,2025-04-02,09:52:46
2025-04-02,09:42:56,AAME,Atlantic American Corp,Nasdaq,LULD pause,2025-04-02,09:47:56
2025-04-02,09:42:30,IBG,Innovation Beverage Group Limited Ordinary Shares,Nasdaq,LULD pause,2025-04-02,09:47:30
2025-04-02,09:40:33,JYD,Jayud Global Logistics Limited Class A Ordinary Shares,Nasdaq,LULD pause,2025-04-02,09:45:33
2025-04-02,09:39:48,ENGS,Energys Group Limited Ordinary Shares,Nasdaq,LULD pause,2025-04-02,09:44:48
2025-04-02,09:38:06,WTF,Waton Financial Limited Ordinary Shares,Nasdaq,LULD pause,2025-04-02,09:48:06
2025-04-02,09:34:43,IBG,Innovation Beverage Group Limited Ordinary Shares,Nasdaq,LULD pause,2025-04-02,09:39:43
2025-04-02,09:34:22,FLX,BingEx Limited American Depositary Shares,Nasdaq,LULD pause,2025-04-02,09:44:23
2025-04-02,09:32:41,WTF,Waton Financial Limited Ordinary Shares,Nasdaq,LULD pause,2025-04-02,09:37:41
2025-04-02,09:31:32,ICCT,iCoreConnect Inc. Common stock,Nasdaq,LULD pause,2025-04-02,09:36:32
2025-04-02,09:30:57,YOSH,Yoshiharu Global Co. Class A Common Stock,Nasdaq,LULD pause,2025-04-02,09:40:57
2025-04-02,09:30:26,LXEH,"""Lixiang Education Holding Co., Ltd. American Depositary Shares""",Nasdaq,LULD pause,2025-04-02,09:48:55
2025-04-02,09:30:18,JYD,Jayud Global Logistics Limited Class A Ordinary Shares,Nasdaq,LULD pause,2025-04-02,09:40:18
2025-04-02,08:36:46,DM,"""Desktop Metal, Inc.""",NYSE,Merger Effective,,
2025-04-02,07:55:00,CNTM,"""ConnectM Technology Solutions, Inc. Common Stock""",Nasdaq,News pending,2025-04-02,08:30:00
2025-04-02,07:55:00,ALLK,Allakos Inc.,Nasdaq,News pending,2025-04-02,08:30:00
2025-04-01,19:50:00,ITCI,Intra-Cellular Therapies Inc.,Nasdaq,News pending,,
2025-04-01,19:50:00,TBNK,Territorial Bancorp Inc.,Nasdaq,News pending,,
2025-04-01,16:55:00,SYRA,Syra Health Corp. Class A Common Stock,Nasdaq,News pending,2025-04-01,17:30:00
2025-04-01,15:53:10,WXM,WF International Limited Ordinary Shares,Nasdaq,LULD pause,2025-04-01,16:00:00
2025-04-01,15:42:49,WXM,WF International Limited Ordinary Shares,Nasdaq,LULD pause,2025-04-01,15:47:49
2025-04-01,15:27:07,WXM,WF International Limited Ordinary Shares,Nasdaq,LULD pause,2025-04-01,15:32:07
2025-04-01,15:21:43,WTF,Waton Financial Limited Ordinary Shares,Nasdaq,LULD pause,2025-04-01,15:26:43
2025-04-01,15:13:08,WXM,WF International Limited Ordinary Shares,Nasdaq,LULD pause,2025-04-01,15:18:08
2025-04-01,15:02:39,WXM,WF International Limited Ordinary Shares,Nasdaq,LULD pause,2025-04-01,15:12:40
2025-04-01,15:01:24,RSLS,"""ReShape Lifesciences, Inc. Common Stock""",Nasdaq,LULD pause,2025-04-01,15:06:24
2025-04-01,14:59:56,WTF,Waton Financial Limited Ordinary Shares,Nasdaq,LULD pause,2025-04-01,15:04:56
2025-04-01,14:54:26,WTF,Waton Financial Limited Ordinary Shares,Nasdaq,LULD pause,2025-04-01,14:59:26
2025-04-01,14:40:39,HEPA,"""Hepion Pharmaceuticals, Inc. Common Stock""",Nasdaq,LULD pause,2025-04-01,14:45:39
2025-04-01,14:40:05,WTF,Waton Financial Limited Ordinary Shares,Nasdaq,LULD pause,2025-04-01,14:45:05
2025-04-01,14:37:25,RSLS,"""ReShape Lifesciences, Inc. Common Stock""",Nasdaq,LULD pause,2025-04-01,14:42:25
2025-04-01,14:33:02,WTF,Waton Financial Limited Ordinary Shares,Nasdaq,LULD pause,2025-04-01,14:38:02
2025-04-01,14:32:02,RSLS,"""ReShape Lifesciences, Inc. Common Stock""",Nasdaq,LULD pause,2025-04-01,14:37:02
2025-04-01,14:22:34,WTF,Waton Financial Limited Ordinary Shares,Nasdaq,LULD pause,2025-04-01,14:32:34
2025-04-01,14:19:39,RSLS,"""ReShape Lifesciences, Inc. Common Stock""",Nasdaq,LULD pause,2025-04-01,14:29:39
2025-04-01,14:17:17,NMAX,"""Newsmax, Inc.""",NYSE,LULD pause,2025-04-01,14:22:49
2025-04-01,14:14:53,BIAF,"""bioAffinity Technologies, Inc. Common Stock""",Nasdaq,LULD pause,2025-04-01,14:19:53
2025-04-01,14:13:43,RSLS,"""ReShape Lifesciences, Inc. Common Stock""",Nasdaq,LULD pause,2025-04-01,14:18:43
2025-04-01,14:05:53,VMAR,Vision Marine Technologies Inc. Common Shares,Nasdaq,LULD pause,2025-04-01,14:10:53
2025-04-01,13:58:08,BIAF,"""bioAffinity Technologies, Inc. Common Stock""",Nasdaq,LULD pause,2025-04-01,14:03:08
2025-04-01,13:54:15,NMAX,"""Newsmax, Inc.""",NYSE,LULD pause,2025-04-01,13:59:26
2025-04-01,13:51:25,RSLS,"""ReShape Lifesciences, Inc. Common Stock""",Nasdaq,LULD pause,2025-04-01,13:56:25
2025-04-01,13:45:23,WTF,Waton Financial Limited Ordinary Shares,Nasdaq,LULD pause,2025-04-01,13:55:23
2025-04-01,13:45:21,RSLS,"""ReShape Lifesciences, Inc. Common Stock""",Nasdaq,LULD pause,2025-04-01,13:50:21
2025-04-01,13:39:41,RSLS,"""ReShape Lifesciences, Inc. Common Stock""",Nasdaq,LULD pause,2025-04-01,13:44:41
2025-04-01,13:37:21,BIAF,"""bioAffinity Technologies, Inc. Common Stock""",Nasdaq,LULD pause,2025-04-01,13:42:21
2025-04-01,13:34:13,RSLS,"""ReShape Lifesciences, Inc. Common Stock""",Nasdaq,LULD pause,2025-04-01,13:39:13
2025-04-01,13:33:12,WTF,Waton Financial Limited Ordinary Shares,Nasdaq,LULD pause,2025-04-01,13:43:12
2025-04-01,13:28:59,QVCGB,"""QVC Group, Inc. Series B Common Stock""",Nasdaq,LULD pause,2025-04-01,13:33:59
2025-04-01,13:28:51,JZXN,"""Jiuzi Holdings, Inc. Ordinary Shares""",Nasdaq,LULD pause,2025-04-01,13:38:51
2025-04-01,13:28:33,RSLS,"""ReShape Lifesciences, Inc. Common Stock""",Nasdaq,LULD pause,2025-04-01,13:33:33
2025-04-01,13:22:40,RSLS,"""ReShape Lifesciences, Inc. Common Stock""",Nasdaq,LULD pause,2025-04-01,13:27:40
2025-04-01,13:20:29,JZXN,"""Jiuzi Holdings, Inc. Ordinary Shares""",Nasdaq,LULD pause,2025-04-01,13:25:29
2025-04-01,13:18:20,QVCGB,"""QVC Group, Inc. Series B Common Stock""",Nasdaq,LULD pause,2025-04-01,13:28:20
2025-04-01,13:15:57,RSLS,"""ReShape Lifesciences, Inc. Common Stock""",Nasdaq,LULD pause,2025-04-01,13:20:57
2025-04-01,13:14:46,WTF,Waton Financial Limited Ordinary Shares,Nasdaq,LULD pause,2025-04-01,13:24:46
2025-04-01,13:14:19,BIAF,"""bioAffinity Technologies, Inc. Common Stock""",Nasdaq,LULD pause,2025-04-01,13:19:19
2025-04-01,13:09:43,RSLS,"""ReShape Lifesciences, Inc. Common Stock""",Nasdaq,LULD pause,2025-04-01,13:14:43
2025-04-01,13:09:04,WTF,Waton Financial Limited Ordinary Shares,Nasdaq,LULD pause,2025-04-01,13:14:04
2025-04-01,13:03:51,RSLS,"""ReShape Lifesciences, Inc. Common Stock""",Nasdaq,LULD pause,2025-04-01,13:08:51
2025-04-01,12:54:53,RSLS,"""ReShape Lifesciences, Inc. Common Stock""",Nasdaq,LULD pause,2025-04-01,12:59:53
2025-04-01,12:49:52,GDHG,Golden Heaven Group Holdings Ltd. Class A Ordinary Shares,Nasdaq,LULD pause,2025-04-01,12:54:52
2025-04-01,12:49:39,TBH,"""Brag House Holdings, Inc. Common Stock""",Nasdaq,LULD pause,2025-04-01,12:54:39
2025-04-01,12:48:46,RSLS,"""ReShape Lifesciences, Inc. Common Stock""",Nasdaq,LULD pause,2025-04-01,12:53:46
2025-04-01,12:44:07,GDHG,Golden Heaven Group Holdings Ltd. Class A Ordinary Shares,Nasdaq,LULD pause,2025-04-01,12:49:07
2025-04-01,12:34:01,TBH,"""Brag House Holdings, Inc. Common Stock""",Nasdaq,LULD pause,2025-04-01,12:39:01
2025-04-01,12:29:43,RSLS,"""ReShape Lifesciences, Inc. Common Stock""",Nasdaq,LULD pause,2025-04-01,12:34:43
2025-04-01,12:19:45,WTF,Waton Financial Limited Ordinary Shares,Nasdaq,LULD pause,2025-04-01,12:24:45
2025-04-01,12:17:30,GDHG,Golden Heaven Group Holdings Ltd. Class A Ordinary Shares,Nasdaq,LULD pause,2025-04-01,12:22:30
2025-04-01,12:17:24,TBH,"""Brag House Holdings, Inc. Common Stock""",Nasdaq,LULD pause,2025-04-01,12:22:24
2025-04-01,12:11:03,WTF,Waton Financial Limited Ordinary Shares,Nasdaq,LULD pause,2025-04-01,12:16:03
2025-04-01,12:07:56,TBH,"""Brag House Holdings, Inc. Common Stock""",Nasdaq,LULD pause,2025-04-01,12:12:56
2025-04-01,12:02:15,GATEW,Marblegate Acquisition Corp. Warrant,Nasdaq,News pending,,
2025-04-01,12:02:15,GATEU,Marblegate Acquisition Corp. Unit,Nasdaq,News pending,,
2025-04-01,12:02:15,GATE,Marblegate Acquisition Corp. Class A Common Stock,Nasdaq,News pending,,
2025-04-01,12:00:44,WTF,Waton Financial Limited Ordinary Shares,Nasdaq,LULD pause,2025-04-01,12:10:44
2025-04-01,11:59:53,GDHG,Golden Heaven Group Holdings Ltd. Class A Ordinary Shares,Nasdaq,LULD pause,2025-04-01,12:04:53
2025-04-01,11:56:09,TBH,"""Brag House Holdings, Inc. Common Stock""",Nasdaq,LULD pause,2025-04-01,12:06:09
2025-04-01,11:50:52,TBH,"""Brag House Holdings, Inc. Common Stock""",Nasdaq,LULD pause,2025-04-01,11:55:52
2025-04-01,11:45:12,TBH,"""Brag House Holdings, Inc. Common Stock""",Nasdaq,LULD pause,2025-04-01,11:50:12
2025-04-01,11:42:49,GDHG,Golden Heaven Group Holdings Ltd. Class A Ordinary Shares,Nasdaq,LULD pause,2025-04-01,11:47:49
2025-04-01,11:38:45,SAIH,SAIHEAT Limited Class A Ordinary Shares,Nasdaq,LULD pause,2025-04-01,11:43:45
2025-04-01,11:37:01,GDHG,Golden Heaven Group Holdings Ltd. Class A Ordinary Shares,Nasdaq,LULD pause,2025-04-01,11:42:01
2025-04-01,11:31:26,GDHG,Golden Heaven Group Holdings Ltd. Class A Ordinary Shares,Nasdaq,LULD pause,2025-04-01,11:36:26
2025-04-01,11:30:59,GRI,"""GRI Bio, Inc. Common Stock""",Nasdaq,LULD pause,2025-04-01,11:35:59
2025-04-01,11:30:47,BIYA,Baiya International Group Inc. Ordinary Shares,Nasdaq,LULD pause,2025-04-01,11:35:47
2025-04-01,11:25:56,GDHG,Golden Heaven Group Holdings Ltd. Class A Ordinary Shares,Nasdaq,LULD pause,2025-04-01,11:30:56
2025-04-01,11:25:37,GRI,"""GRI Bio, Inc. Common Stock""",Nasdaq,LULD pause,2025-04-01,11:30:37
2025-04-01,11:19:14,GDHG,Golden Heaven Group Holdings Ltd. Class A Ordinary Shares,Nasdaq,LULD pause,2025-04-01,11:24:14
2025-04-01,11:15:32,TBH,"""Brag House Holdings, Inc. Common Stock""",Nasdaq,LULD pause,2025-04-01,11:44:08
2025-04-01,11:15:17,GRI,"""GRI Bio, Inc. Common Stock""",Nasdaq,LULD pause,2025-04-01,11:25:17
2025-04-01,11:10:43,MLGO,"""MicroAlgo, Inc. Ordinary Shares""",Nasdaq,LULD pause,2025-04-01,11:15:43
2025-04-01,11:08:53,GDHG,Golden Heaven Group Holdings Ltd. Class A Ordinary Shares,Nasdaq,LULD pause,2025-04-01,11:18:53
2025-04-01,11:06:13,RSLS,"""ReShape Lifesciences, Inc. Common Stock""",Nasdaq,LULD pause,2025-04-01,11:11:13
2025-04-01,11:05:40,LXEH,"""Lixiang Education Holding Co., Ltd. American Depositary Shares""",Nasdaq,LULD pause,2025-04-01,11:10:40
2025-04-01,11:05:01,TBH,"""Brag House Holdings, Inc. Common Stock""",Nasdaq,LULD pause,2025-04-01,11:15:01
2025-04-01,11:03:32,GDHG,Golden Heaven Group Holdings Ltd. Class A Ordinary Shares,Nasdaq,LULD pause,2025-04-01,11:08:32
2025-04-01,10:53:10,GDHG,Golden Heaven Group Holdings Ltd. Class A Ordinary Shares,Nasdaq,LULD pause,2025-04-01,11:03:11
2025-04-01,10:46:08,RSLS,"""ReShape Lifesciences, Inc. Common Stock""",Nasdaq,LULD pause,2025-04-01,10:51:08
2025-04-01,10:45:54,GRI,"""GRI Bio, Inc. Common Stock""",Nasdaq,LULD pause,2025-04-01,10:55:54
2025-04-01,10:41:44,LXEH,"""Lixiang Education Holding Co., Ltd. American Depositary Shares""",Nasdaq,LULD pause,2025-04-01,10:51:45
2025-04-01,10:40:25,RSLS,"""ReShape Lifesciences, Inc. Common Stock""",Nasdaq,LULD pause,2025-04-01,10:45:25
2025-04-01,10:36:11,LXEH,"""Lixiang Education Holding Co., Ltd. American Depositary Shares""",Nasdaq,LULD pause,2025-04-01,10:41:11
2025-04-01,10:34:21,NMAX,"""Newsmax, Inc.""",NYSE,LULD pause,2025-04-01,10:39:24
2025-04-01,10:29:49,LXEH,"""Lixiang Education Holding Co., Ltd. American Depositary Shares""",Nasdaq,LULD pause,2025-04-01,10:34:49
2025-04-01,10:28:51,GRI,"""GRI Bio, Inc. Common Stock""",Nasdaq,LULD pause,2025-04-01,10:38:51
2025-04-01,10:25:45,MLGO,"""MicroAlgo, Inc. Ordinary Shares""",Nasdaq,LULD pause,2025-04-01,10:30:45
2025-04-01,10:22:35,GATE,Marblegate Acquisition Corp. Class A Common Stock,Nasdaq,LULD pause,2025-04-01,10:27:35
2025-04-01,10:22:31,NMAX,"""Newsmax, Inc.""",NYSE,LULD pause,2025-04-01,10:27:53
2025-04-01,10:21:42,LXEH,"""Lixiang Education Holding Co., Ltd. American Depositary Shares""",Nasdaq,LULD pause,2025-04-01,10:26:42
2025-04-01,10:12:40,MLGO,"""MicroAlgo, Inc. Ordinary Shares""",Nasdaq,LULD pause,2025-04-01,10:17:40
2025-04-01,10:12:19,LXEH,"""Lixiang Education Holding Co., Ltd. American Depositary Shares""",Nasdaq,LULD pause,2025-04-01,10:17:19
2025-04-01,10:11:39,RSLS,"""ReShape Lifesciences, Inc. Common Stock""",Nasdaq,LULD pause,2025-04-01,10:16:39
2025-04-01,10:06:28,GATE,Marblegate Acquisition Corp. Class A Common Stock,Nasdaq,LULD pause,2025-04-01,10:11:28
2025-04-01,10:06:24,NMAX,"""Newsmax, Inc.""",NYSE,LULD pause,2025-04-01,10:11:36
2025-04-01,10:04:13,RSLS,"""ReShape Lifesciences, Inc. Common Stock""",Nasdaq,LULD pause,2025-04-01,10:09:13
2025-04-01,10:01:47,MLGO,"""MicroAlgo, Inc. Ordinary Shares""",Nasdaq,LULD pause,2025-04-01,10:11:47
2025-04-01,10:00:05,BIAF,"""bioAffinity Technologies, Inc. Common Stock""",Nasdaq,LULD pause,2025-04-01,10:05:05
2025-04-01,09:58:11,RSLS,"""ReShape Lifesciences, Inc. Common Stock""",Nasdaq,LULD pause,2025-04-01,10:03:11
2025-04-01,09:56:28,MLGO,"""MicroAlgo, Inc. Ordinary Shares""",Nasdaq,LULD pause,2025-04-01,10:01:28
2025-04-01,09:54:47,GATE,Marblegate Acquisition Corp. Class A Common Stock,Nasdaq,LULD pause,2025-04-01,09:59:47
2025-04-01,09:52:47,RSLS,"""ReShape Lifesciences, Inc. Common Stock""",Nasdaq,LULD pause,2025-04-01,09:57:47
2025-04-01,09:52:43,GRI,"""GRI Bio, Inc. Common Stock""",Nasdaq,LULD pause,2025-04-01,10:02:43
2025-04-01,09:48:00,GATE,Marblegate Acquisition Corp. Class A Common Stock,Nasdaq,LULD pause,2025-04-01,09:53:00
2025-04-01,09:47:30,FORH,Formidable ETF,NYSE Arca,LULD pause,2025-04-01,09:52:30
2025-04-01,09:47:04,GATEU,Marblegate Acquisition Corp. Unit,Nasdaq,LULD pause,2025-04-01,10:07:05
2025-04-01,09:45:31,NMAX,"""Newsmax, Inc.""",NYSE,LULD pause,2025-04-01,09:51:21
2025-04-01,09:45:28,MLGO,"""MicroAlgo, Inc. Ordinary Shares""",Nasdaq,LULD pause,2025-04-01,09:55:28
2025-04-01,09:42:54,GDHG,Golden Heaven Group Holdings Ltd. Class A Ordinary Shares,Nasdaq,LULD pause,2025-04-01,10:52:55
2025-04-01,09:42:03,GRI,"""GRI Bio, Inc. Common Stock""",Nasdaq,LULD pause,2025-04-01,09:52:03
2025-04-01,09:41:12,GATE,Marblegate Acquisition Corp. Class A Common Stock,Nasdaq,LULD pause,2025-04-01,09:46:12
2025-04-01,09:40:10,MLGO,"""MicroAlgo, Inc. Ordinary Shares""",Nasdaq,LULD pause,2025-04-01,09:45:10
2025-04-01,09:39:02,NMAX,"""Newsmax, Inc.""",NYSE,LULD pause,2025-04-01,09:45:10
2025-04-01,09:38:27,ICCT,iCoreConnect Inc. Common stock,Nasdaq,LULD pause,2025-04-01,09:43:27
2025-04-01,09:37:31,HKPD,Hong Kong Pharma Digital Technology Holdings Limited Ordinary shares,Nasdaq,LULD pause,2025-04-01,09:42:31
2025-04-01,09:36:43,GRI,"""GRI Bio, Inc. Common Stock""",Nasdaq,LULD pause,2025-04-01,09:41:43
2025-04-01,09:36:29,CSAI,"""Cloudastructure, Inc. Class A Common Stock""",Nasdaq,LULD pause,2025-04-01,09:41:29
2025-04-01,09:34:33,MLGO,"""MicroAlgo, Inc. Ordinary Shares""",Nasdaq,LULD pause,2025-04-01,09:39:33
2025-04-01,09:34:13,UPC,Universe Pharmaceuticals Inc. Ordinary Shares,Nasdaq,LULD pause,2025-04-01,09:44:13
2025-04-01,09:31:26,APTO,"""Aptose Biosciences, Inc.""",Nasdaq,LULD pause,2025-04-01,09:36:26
2025-04-01,09:31:20,GRI,"""GRI Bio, Inc. Common Stock""",Nasdaq,LULD pause,2025-04-01,09:36:20
2025-04-01,09:31:00,CSAI,"""Cloudastructure, Inc. Class A Common Stock""",Nasdaq,LULD pause,2025-04-01,09:36:00
2025-04-01,09:30:17,WAVE,Eco Wave Power Global AB (publ) American Depositary Shares,Nasdaq,LULD pause,2025-04-01,09:35:17
2025-04-01,09:30:17,LXEH,"""Lixiang Education Holding Co., Ltd. American Depositary Shares""",Nasdaq,LULD pause,2025-04-01,09:35:17
