Halt Date,Halt Time,Symbol,Name,Exchange,Reason,Resume Date,NYSE Resume Time
2024-10-31,19:50:00,FGFPP,Fundamental Global Inc. 8.00% Cumulative Preferred Stock,Nasdaq,News pending,,
2024-10-31,19:50:00,FGFPP,Fundamental Global Inc. 8.00% Cumulative Preferred Stock,Nasdaq,News pending,2024-11-01,09:05:00
2024-10-31,19:50:00,GVP,"""GSE Systems, Inc.""",Nasdaq,News pending,,
2024-10-31,19:50:00,ITI,"""Iteris, Inc.""",Nasdaq,News pending,,
2024-10-31,19:50:00,FGF,Fundamental Global Inc. Common Stock,Nasdaq,News pending,2024-11-01,09:00:00
2024-10-31,19:50:00,FGF,Fundamental Global Inc. Common Stock,Nasdaq,News pending,,
2024-10-31,14:07:35,HPAI,Helport AI Limited Ordinary Shares,Nasdaq,LULD pause,2024-10-31,14:17:35
2024-10-31,13:53:23,HPAI,Helport AI Limited Ordinary Shares,Nasdaq,LULD pause,2024-10-31,14:03:23
2024-10-31,12:29:42,YOSH,Yoshiharu Global Co. Class A Common Stock,Nasdaq,LULD pause,2024-10-31,12:34:42
2024-10-31,12:20:01,YOSH,Yoshiharu Global Co. Class A Common Stock,Nasdaq,LULD pause,2024-10-31,12:25:01
2024-10-31,12:11:40,FIAC,Focus Impact Acquisition Corp. Class A Common Stock,Nasdaq,LULD pause,2024-10-31,12:16:40
2024-10-31,11:18:42,GRP U,Granite Real Estate Investment Trust,NYSE,LULD pause,2024-10-31,11:23:42
2024-10-31,10:32:20,BFRI,Biofrontera Inc. Common Stock,Nasdaq,LULD pause,2024-10-31,10:37:20
2024-10-31,10:17:20,TMTCU,TMT Acquisition Corp Unit,Nasdaq,LULD pause,2024-10-31,10:27:20
2024-10-31,10:11:36,VCNX,"""Vaccinex, Inc. Common Stock""",Nasdaq,LULD pause,2024-10-31,10:21:36
2024-10-31,10:04:16,DJT,Trump Media & Technology Group Corp. Common Stock,Nasdaq,LULD pause,2024-10-31,10:09:16
2024-10-31,10:00:34,VCNX,"""Vaccinex, Inc. Common Stock""",Nasdaq,LULD pause,2024-10-31,10:10:34
2024-10-31,09:56:04,RGC,Regencell Bioscience Holdings Limited Ordinary Shares,Nasdaq,LULD pause,2024-10-31,10:06:04
2024-10-31,09:53:53,DJT,Trump Media & Technology Group Corp. Common Stock,Nasdaq,LULD pause,2024-10-31,09:58:53
2024-10-31,09:50:05,RGC,Regencell Bioscience Holdings Limited Ordinary Shares,Nasdaq,LULD pause,2024-10-31,09:55:05
2024-10-31,09:46:46,PCTTU,"""PureCycle Technologies, Inc. Unit""",Nasdaq,LULD pause,2024-10-31,09:51:46
2024-10-31,09:38:11,AMIX,"""Autonomix Medical, Inc. Common Stock""",Nasdaq,LULD pause,2024-10-31,09:43:11
2024-10-31,09:37:29,FLWS,1-800-FLOWERS.COM Inc,Nasdaq,LULD pause,2024-10-31,09:42:29
2024-10-31,09:33:33,JCSE,JE Cleantech Holdings Limited Ordinary Shares,Nasdaq,LULD pause,2024-10-31,09:38:33
2024-10-31,09:30:51,IBLC,iShares Blockchain and Tech ETF,NYSE Arca,LULD pause,2024-10-31,09:35:51
2024-10-31,09:30:38,MNTN U,"""Everest Consolidator Acquisition Corporation Units, each consisting of one share of Class A common stock and one-half of one redeemable warrant""",NYSE,LULD pause,2024-10-31,09:35:38
2024-10-31,06:55:00,LXRX,"""Lexicon Pharmaceuticals, Inc.""",Nasdaq,News pending,2024-11-01,07:05:00
2024-10-31,06:55:00,LXRX,"""Lexicon Pharmaceuticals, Inc.""",Nasdaq,News pending,,
2024-10-31,06:55:00,AVTE,"""Aerovate Therapeutics, Inc. Common Stock""",Nasdaq,News pending,2024-10-31,07:30:00
2024-10-30,19:50:00,STER,Sterling Check Corp. Common Stock,Nasdaq,News pending,,
2024-10-30,19:50:00,GRDIW,GRIID Infrastructure Inc. Warrant,Nasdaq,News pending,,
2024-10-30,19:50:00,STBX,Starbox Group Holdings Ltd. Class A Ordinary Shares,Nasdaq,News pending,,
2024-10-30,19:50:00,STBX,Starbox Group Holdings Ltd. Class A Ordinary Shares,Nasdaq,News pending,2024-10-31,09:00:00
2024-10-30,19:50:00,GRDI,GRIID Infrastructure Inc. Common Stock,Nasdaq,News pending,,
2024-10-30,16:27:00,ALTR,Altair Engineering Inc. Class A Common Stock,Nasdaq,News pending,2024-10-30,17:05:00
2024-10-30,12:57:44,XCH,XCHG Limited American Depositary Share,Nasdaq,LULD pause,2024-10-30,13:02:44
2024-10-30,12:50:30,XCH,XCHG Limited American Depositary Share,Nasdaq,LULD pause,2024-10-30,12:55:30
2024-10-30,12:46:36,CMAX,"""CareMax, Inc. Class A Common Stock""",Nasdaq,LULD pause,2024-10-30,12:51:36
2024-10-30,12:37:00,XCH,XCHG Limited American Depositary Share,Nasdaq,LULD pause,2024-10-30,12:49:17
2024-10-30,11:41:42,VSTE,Vast Renewables Limited Ordinary Shares,Nasdaq,LULD pause,2024-10-30,11:46:42
2024-10-30,11:30:18,FGL,Founder Group Limited Ordinary Shares,Nasdaq,LULD pause,2024-10-30,11:40:18
2024-10-30,11:29:17,YYAI,Connexa Sports Technologies Inc. Common Stock,Nasdaq,LULD pause,2024-10-30,11:39:17
2024-10-30,11:26:39,VSTE,Vast Renewables Limited Ordinary Shares,Nasdaq,LULD pause,2024-10-30,11:31:39
2024-10-30,11:24:51,FGL,Founder Group Limited Ordinary Shares,Nasdaq,LULD pause,2024-10-30,11:29:51
2024-10-30,11:24:20,WCT,Wellchange Holdings Company Limited Ordinary shares,Nasdaq,LULD pause,2024-10-30,11:29:20
2024-10-30,11:20:50,YYAI,Connexa Sports Technologies Inc. Common Stock,Nasdaq,LULD pause,2024-10-30,11:25:50
2024-10-30,10:57:47,WCT,Wellchange Holdings Company Limited Ordinary shares,Nasdaq,LULD pause,2024-10-30,11:23:10
2024-10-30,10:56:44,YYAI,Connexa Sports Technologies Inc. Common Stock,Nasdaq,LULD pause,2024-10-30,11:19:19
2024-10-30,10:52:30,WCT,Wellchange Holdings Company Limited Ordinary shares,Nasdaq,LULD pause,2024-10-30,10:57:30
2024-10-30,10:47:14,WCT,Wellchange Holdings Company Limited Ordinary shares,Nasdaq,LULD pause,2024-10-30,10:52:14
2024-10-30,10:43:52,UUU,"""Universal Security Instruments, Inc.""",NYSE American,News pending,,
2024-10-30,10:43:52,UUU,"""Universal Security Instruments, Inc.""",NYSE American,News pending,2024-10-31,09:50:43
2024-10-30,10:41:59,WCT,Wellchange Holdings Company Limited Ordinary shares,Nasdaq,LULD pause,2024-10-30,10:46:59
2024-10-30,10:36:44,WCT,Wellchange Holdings Company Limited Ordinary shares,Nasdaq,LULD pause,2024-10-30,10:41:44
2024-10-30,10:22:18,FIAC,Focus Impact Acquisition Corp. Class A Common Stock,Nasdaq,LULD pause,2024-10-30,10:27:18
2024-10-30,10:21:21,TMTCU,TMT Acquisition Corp Unit,Nasdaq,LULD pause,2024-10-30,10:26:21
2024-10-30,10:16:49,FIAC,Focus Impact Acquisition Corp. Class A Common Stock,Nasdaq,LULD pause,2024-10-30,10:21:49
2024-10-30,09:58:51,SMCX,Defiance Daily Target 2X Long SMCI ETF,Nasdaq,LULD pause,2024-10-30,10:03:51
2024-10-30,09:57:28,SMCI,"""Super Micro Computer, Inc. Common Stock""",Nasdaq,LULD pause,2024-10-30,10:02:28
2024-10-30,09:56:35,TMTCU,TMT Acquisition Corp Unit,Nasdaq,LULD pause,2024-10-30,10:01:35
2024-10-30,09:54:05,SAG,SAG Holdings Limited Ordinary Shares,Nasdaq,LULD pause,2024-10-30,09:59:05
2024-10-30,09:39:27,SAG,SAG Holdings Limited Ordinary Shares,Nasdaq,LULD pause,2024-10-30,09:44:27
2024-10-30,09:38:11,THAR,"""Tharimmune, Inc. Common Stock""",Nasdaq,LULD pause,2024-10-30,09:43:11
2024-10-30,09:34:43,TMTC,TMT Acquisition Corp Ordinary Shares,Nasdaq,LULD pause,2024-10-30,09:39:43
2024-10-30,09:33:45,MNTN U,"""Everest Consolidator Acquisition Corporation Units, each consisting of one share of Class A common stock and one-half of one redeemable warrant""",NYSE,LULD pause,2024-10-30,09:38:45
2024-10-30,09:30:43,SAG,SAG Holdings Limited Ordinary Shares,Nasdaq,LULD pause,2024-10-30,09:35:43
2024-10-30,09:30:15,CCEL,Cryo-Cell International Inc.,NYSE American,LULD pause,2024-10-30,09:40:24
2024-10-30,08:13:49,LLAP,Terran Orbital Corporation,NYSE,Merger Effective,,
2024-10-29,19:50:00,KZR,"""Kezar Life Sciences, Inc. Common Stock""",Nasdaq,News pending,2024-10-30,09:00:00
2024-10-29,19:50:00,KZR,"""Kezar Life Sciences, Inc. Common Stock""",Nasdaq,News pending,,
2024-10-29,16:35:45,PHYT U,"""Pyrophyte Acquisition Corp. Units, each consisting of one share of Class A common stock and one-half of one redeemable warrant""",NYSE,News Released,,
2024-10-29,16:35:45,PHYT WS,"""Pyrophyte Acquisition Corp. Warrants, each whole warrant exercisable for one Class A ordinary share at an exercise price of $11.50 per share""",NYSE,News Released,,
2024-10-29,16:35:45,PHYT,Pyrophyte Acquisition Corp.,NYSE,News Released,,
2024-10-29,16:06:34,PHYT U,"""Pyrophyte Acquisition Corp. Units, each consisting of one share of Class A common stock and one-half of one redeemable warrant""",NYSE,News pending,See Subsequent Halt,See Subsequent Halt
2024-10-29,16:06:34,PHYT,Pyrophyte Acquisition Corp.,NYSE,News pending,See Subsequent Halt,See Subsequent Halt
2024-10-29,16:06:34,PHYT WS,"""Pyrophyte Acquisition Corp. Warrants, each whole warrant exercisable for one Class A ordinary share at an exercise price of $11.50 per share""",NYSE,News pending,See Subsequent Halt,See Subsequent Halt
2024-10-29,16:00:11,SPRO,"""Spero Therapeutics, Inc. Common Stock""",Nasdaq,News pending,2024-10-29,16:35:00
2024-10-29,14:03:46,JL,J-Long Group Limited Ordinary Shares,Nasdaq,LULD pause,2024-10-29,14:08:46
2024-10-29,13:43:27,MMA,Alta Global Group Limited,NYSE American,LULD pause,2024-10-29,13:48:27
2024-10-29,12:44:34,HOTH,"""Hoth Therapeutics, Inc. Common Stock""",Nasdaq,LULD pause,2024-10-29,12:49:34
2024-10-29,11:37:23,ILLR,Triller Group Inc. Common Stock,Nasdaq,LULD pause,2024-10-29,11:42:23
2024-10-29,11:10:43,PLRZ,Polyrizon Ltd. Ordinary Shares,Nasdaq,LULD pause,2024-10-29,11:15:43
2024-10-29,11:04:24,UPXI,"""Upexi, Inc. Common Stock""",Nasdaq,LULD pause,2024-10-29,11:14:24
2024-10-29,10:55:55,UPXI,"""Upexi, Inc. Common Stock""",Nasdaq,LULD pause,2024-10-29,11:00:55
2024-10-29,10:50:35,CYCN,"""Cyclerion Therapeutics, Inc. Common Stock""",Nasdaq,LULD pause,2024-10-29,10:55:35
2024-10-29,10:47:44,UPXI,"""Upexi, Inc. Common Stock""",Nasdaq,LULD pause,2024-10-29,10:52:44
2024-10-29,10:42:56,PGHL,Primega Group Holdings Limited Ordinary Shares,Nasdaq,LULD pause,2024-10-29,10:47:56
2024-10-29,10:31:03,DJT,Trump Media & Technology Group Corp. Common Stock,Nasdaq,LULD pause,2024-10-29,10:36:03
2024-10-29,10:29:06,PGHL,Primega Group Holdings Limited Ordinary Shares,Nasdaq,LULD pause,2024-10-29,10:39:06
2024-10-29,10:21:32,DJT,Trump Media & Technology Group Corp. Common Stock,Nasdaq,LULD pause,2024-10-29,10:26:32
2024-10-29,10:18:06,PGHL,Primega Group Holdings Limited Ordinary Shares,Nasdaq,LULD pause,2024-10-29,10:28:06
2024-10-29,10:03:42,PYPD,PolyPid Ltd. Ordinary Shares,Nasdaq,LULD pause,2024-10-29,10:08:42
2024-10-29,09:52:17,UUU,"""Universal Security Instruments, Inc.""",NYSE American,LULD pause,2024-10-29,10:02:17
2024-10-29,09:51:11,BKYI,"""BIO-key International, Inc. Common Stock""",Nasdaq,LULD pause,2024-10-29,10:01:11
2024-10-29,09:50:25,DJT,Trump Media & Technology Group Corp. Common Stock,Nasdaq,LULD pause,2024-10-29,09:55:25
2024-10-29,09:45:55,BKYI,"""BIO-key International, Inc. Common Stock""",Nasdaq,LULD pause,2024-10-29,09:50:55
2024-10-29,09:45:00,TZUP,Thumzup Media Corporation Common Stock,Nasdaq,LULD pause,2024-10-29,09:50:00
2024-10-29,09:42:14,DJT,Trump Media & Technology Group Corp. Common Stock,Nasdaq,LULD pause,2024-10-29,09:47:14
2024-10-29,09:40:35,BKYI,"""BIO-key International, Inc. Common Stock""",Nasdaq,LULD pause,2024-10-29,09:45:35
2024-10-29,09:36:40,DJT,Trump Media & Technology Group Corp. Common Stock,Nasdaq,LULD pause,2024-10-29,09:41:40
2024-10-29,09:33:41,KNSA,"""Kiniksa Pharmaceuticals International, plc Class A Ordinary Shares""",Nasdaq,LULD pause,2024-10-29,09:38:41
2024-10-29,09:32:05,LUCY,"""Innovative Eyewear, Inc. Common Stock""",Nasdaq,LULD pause,2024-10-29,09:37:05
2024-10-29,09:30:39,TZUP,Thumzup Media Corporation Common Stock,Nasdaq,LULD pause,2024-10-29,09:35:39
2024-10-29,06:55:00,GLYC,"""GlycoMimetics, Inc.""",Nasdaq,News pending,2024-10-29,07:30:00
2024-10-28,19:50:00,MOVE,Movano Inc. Common Stock,Nasdaq,News pending,2024-10-29,09:00:00
2024-10-28,19:50:00,MOVE,Movano Inc. Common Stock,Nasdaq,News pending,,
2024-10-28,15:40:55,PPBT,Purple Biotech Ltd. American Depositary Shares,Nasdaq,LULD pause,2024-10-28,15:45:55
2024-10-28,14:04:28,HRYU,"""Hanryu Holdings, Inc. Common Stock""",Nasdaq,LULD pause,2024-10-28,14:09:28
2024-10-28,12:50:34,UCIB,"""ETRACS UBS Bloomberg Constant Maturity Commodity Index (CMCI) Total Return ETN Series B due April 5, 2038""",NYSE Arca,LULD pause,2024-10-28,12:55:34
2024-10-28,12:41:30,TMTC,TMT Acquisition Corp Ordinary Shares,Nasdaq,LULD pause,2024-10-28,12:46:30
2024-10-28,12:02:29,GLUE,"""Monte Rosa Therapeutics, Inc. Common Stock""",Nasdaq,LULD pause,2024-10-28,12:07:29
2024-10-28,11:25:09,RGC,Regencell Bioscience Holdings Limited Ordinary Shares,Nasdaq,LULD pause,2024-10-28,11:30:09
2024-10-28,11:11:43,AMIX,"""Autonomix Medical, Inc. Common Stock""",Nasdaq,LULD pause,2024-10-28,11:16:43
2024-10-28,11:11:26,RGC,Regencell Bioscience Holdings Limited Ordinary Shares,Nasdaq,LULD pause,2024-10-28,11:16:26
2024-10-28,11:10:48,QNTM,Quantum Biopharma Ltd. Class B Subordinate Voting Shares,Nasdaq,LULD pause,2024-10-28,11:20:48
2024-10-28,11:00:03,AMIX,"""Autonomix Medical, Inc. Common Stock""",Nasdaq,LULD pause,2024-10-28,11:05:03
2024-10-28,10:59:20,RGC,Regencell Bioscience Holdings Limited Ordinary Shares,Nasdaq,LULD pause,2024-10-28,11:09:21
2024-10-28,10:38:36,HCTI,"""Healthcare Triangle, Inc. Common Stock""",Nasdaq,LULD pause,2024-10-28,10:43:36
2024-10-28,10:36:41,RGC,Regencell Bioscience Holdings Limited Ordinary Shares,Nasdaq,LULD pause,2024-10-28,10:58:53
2024-10-28,10:26:19,RGC,Regencell Bioscience Holdings Limited Ordinary Shares,Nasdaq,LULD pause,2024-10-28,10:36:19
2024-10-28,10:24:06,KUKE,"""Kuke Music Holding Limited American Depositary Shares, each representing one Ordinary Share""",NYSE,LULD pause,2024-10-28,10:29:12
2024-10-28,10:20:04,ETEC,iShares Breakthrough Environmental Solutions ETF,Nasdaq,LULD pause,2024-10-28,10:25:04
2024-10-28,10:05:16,HCTI,"""Healthcare Triangle, Inc. Common Stock""",Nasdaq,LULD pause,2024-10-28,10:10:16
2024-10-28,10:00:52,AMIX,"""Autonomix Medical, Inc. Common Stock""",Nasdaq,LULD pause,2024-10-28,10:05:52
2024-10-28,10:00:26,SNAX,"""Stryve Foods, Inc. Class A Common Stock""",Nasdaq,LULD pause,2024-10-28,10:05:26
2024-10-28,09:53:09,HCTI,"""Healthcare Triangle, Inc. Common Stock""",Nasdaq,LULD pause,2024-10-28,09:58:09
2024-10-28,09:52:03,EVOK,"""Evoke Pharma, Inc.""",Nasdaq,LULD pause,2024-10-28,09:57:03
2024-10-28,09:47:32,HCTI,"""Healthcare Triangle, Inc. Common Stock""",Nasdaq,LULD pause,2024-10-28,09:52:32
2024-10-28,09:46:37,EVOK,"""Evoke Pharma, Inc.""",Nasdaq,LULD pause,2024-10-28,09:51:37
2024-10-28,09:42:09,HCTI,"""Healthcare Triangle, Inc. Common Stock""",Nasdaq,LULD pause,2024-10-28,09:47:09
2024-10-28,09:41:48,LSB,"""LakeShore Biopharma Co., Ltd Ordinary Shares""",Nasdaq,LULD pause,2024-10-28,09:46:48
2024-10-28,09:36:36,HCTI,"""Healthcare Triangle, Inc. Common Stock""",Nasdaq,LULD pause,2024-10-28,09:41:36
2024-10-28,09:36:01,AMIX,"""Autonomix Medical, Inc. Common Stock""",Nasdaq,LULD pause,2024-10-28,09:46:01
2024-10-28,09:35:12,EVOK,"""Evoke Pharma, Inc.""",Nasdaq,LULD pause,2024-10-28,09:40:12
2024-10-28,09:30:45,TILT,FlexShares Morningstar US Market Factors Tilt Index Fund,Cboe BZX,LULD pause,2024-10-28,09:35:45
2024-10-28,09:30:26,AMIX,"""Autonomix Medical, Inc. Common Stock""",Nasdaq,LULD pause,2024-10-28,09:35:26
2024-10-28,09:30:16,LSB,"""LakeShore Biopharma Co., Ltd Ordinary Shares""",Nasdaq,LULD pause,2024-10-28,09:35:16
2024-10-25,19:50:20,AHT,"""Ashford Hospitality Trust, Inc.""",NYSE,Corporate Action,,
2024-10-25,19:50:20,AHT,"""Ashford Hospitality Trust, Inc.""",NYSE,Corporate Action,2024-10-28,09:34:36
2024-10-25,19:50:00,SVREW,SaverOne 2014 Ltd. Warrant,Nasdaq,News pending,,
2024-10-25,19:50:00,SVREW,SaverOne 2014 Ltd. Warrant,Nasdaq,News pending,2024-10-28,09:05:00
2024-10-25,19:50:00,SVRE,SaverOne 2014 Ltd. American Depositary Shares,Nasdaq,News pending,2024-10-28,09:00:00
2024-10-25,19:50:00,SVRE,SaverOne 2014 Ltd. American Depositary Shares,Nasdaq,News pending,,
2024-10-25,19:50:00,ALBT,Avalon GloboCare Corp. Common Stock,Nasdaq,News pending,,
2024-10-25,19:50:00,ALBT,Avalon GloboCare Corp. Common Stock,Nasdaq,News pending,2024-10-28,09:00:00
2024-10-25,19:50:00,KZIA,Kazia Therapeutics Limited American Depositary Shares,Nasdaq,News pending,,
2024-10-25,19:50:00,KZIA,Kazia Therapeutics Limited American Depositary Shares,Nasdaq,News pending,2024-10-28,09:00:00
2024-10-25,16:55:00,ONYXW,Onyx Acquisition Co. I Warrant,Nasdaq,News pending,2024-10-25,17:35:00
2024-10-25,16:55:00,ONYXU,Onyx Acquisition Co. I Unit,Nasdaq,News pending,2024-10-25,17:35:00
2024-10-25,16:55:00,ONYX,Onyx Acquisition Co. I Class A Ordinary Shares,Nasdaq,News pending,2024-10-25,17:30:00
2024-10-25,15:47:24,LINK,"""Interlink Electronics, Inc. Common Stock""",Nasdaq,LULD pause,2024-10-25,16:00:00
2024-10-25,15:06:49,NWTN,NWTN Inc. Class B Ordinary Shares,Nasdaq,LULD pause,2024-10-25,15:11:49
2024-10-25,15:00:42,NWTN,NWTN Inc. Class B Ordinary Shares,Nasdaq,LULD pause,2024-10-25,15:05:42
2024-10-25,14:59:28,LSB,"""LakeShore Biopharma Co., Ltd Ordinary Shares""",Nasdaq,LULD pause,2024-10-25,15:04:28
2024-10-25,14:35:33,NWTN,NWTN Inc. Class B Ordinary Shares,Nasdaq,LULD pause,2024-10-25,14:40:33
2024-10-25,13:03:18,PIXY,"""ShiftPixy, Inc. Common Stock""",Nasdaq,LULD pause,2024-10-25,13:08:18
2024-10-25,12:58:19,NWTN,NWTN Inc. Class B Ordinary Shares,Nasdaq,LULD pause,2024-10-25,13:03:19
2024-10-25,12:52:45,NWTN,NWTN Inc. Class B Ordinary Shares,Nasdaq,LULD pause,2024-10-25,12:57:45
2024-10-25,12:47:29,NWTN,NWTN Inc. Class B Ordinary Shares,Nasdaq,LULD pause,2024-10-25,12:52:29
2024-10-25,12:42:00,NWTN,NWTN Inc. Class B Ordinary Shares,Nasdaq,LULD pause,2024-10-25,12:47:00
2024-10-25,12:36:15,NWTN,NWTN Inc. Class B Ordinary Shares,Nasdaq,LULD pause,2024-10-25,12:41:15
2024-10-25,12:11:21,BBGI,Beasley Broadcasting Group Inc,Nasdaq,LULD pause,2024-10-25,12:16:21
2024-10-25,11:28:31,WRD,WeRide Inc. American Depositary Shares,Nasdaq,LULD pause,2024-10-25,11:33:31
2024-10-25,11:21:59,WRD,WeRide Inc. American Depositary Shares,Nasdaq,LULD pause,2024-10-25,11:26:59
2024-10-25,11:18:26,TWG,Top Wealth Group Holding Limited Ordinary Shares,Nasdaq,LULD pause,2024-10-25,11:23:26
2024-10-25,10:58:40,UPXI,"""Upexi, Inc. Common Stock""",Nasdaq,LULD pause,2024-10-25,11:03:40
2024-10-25,10:49:27,ITRM,Iterum Therapeutics plc Ordinary Share,Nasdaq,News pending,2024-10-25,11:30:00
2024-10-25,10:24:41,VALE,VALE S.A.,NYSE,News pending,2024-10-25,11:11:40
2024-10-25,10:24:31,UPXI,"""Upexi, Inc. Common Stock""",Nasdaq,LULD pause,2024-10-25,10:29:31
2024-10-25,10:22:50,KXIN,Kaixin Holdings Ordinary Shares,Nasdaq,LULD pause,2024-10-25,10:27:50
2024-10-25,10:15:34,LINK,"""Interlink Electronics, Inc. Common Stock""",Nasdaq,LULD pause,2024-10-25,10:25:34
2024-10-25,10:08:48,INHD,Inno Holdings Inc. Common Stock,Nasdaq,LULD pause,2024-10-25,10:18:49
2024-10-25,10:05:42,UPXI,"""Upexi, Inc. Common Stock""",Nasdaq,LULD pause,2024-10-25,10:10:42
2024-10-25,10:03:42,LINK,"""Interlink Electronics, Inc. Common Stock""",Nasdaq,LULD pause,2024-10-25,10:08:42
2024-10-25,10:03:08,INHD,Inno Holdings Inc. Common Stock,Nasdaq,LULD pause,2024-10-25,10:08:08
2024-10-25,09:59:15,UPXI,"""Upexi, Inc. Common Stock""",Nasdaq,LULD pause,2024-10-25,10:04:15
2024-10-25,09:58:13,LINK,"""Interlink Electronics, Inc. Common Stock""",Nasdaq,LULD pause,2024-10-25,10:03:13
2024-10-25,09:54:57,BTOC,Armlogi Holding Corp. common stock,Nasdaq,LULD pause,2024-10-25,10:04:57
2024-10-25,09:54:24,INHD,Inno Holdings Inc. Common Stock,Nasdaq,LULD pause,2024-10-25,09:59:24
2024-10-25,09:53:20,UPXI,"""Upexi, Inc. Common Stock""",Nasdaq,LULD pause,2024-10-25,09:58:20
2024-10-25,09:52:51,LINK,"""Interlink Electronics, Inc. Common Stock""",Nasdaq,LULD pause,2024-10-25,09:57:51
2024-10-25,09:46:47,TWG,Top Wealth Group Holding Limited Ordinary Shares,Nasdaq,LULD pause,2024-10-25,09:51:47
2024-10-25,09:46:17,INHD,Inno Holdings Inc. Common Stock,Nasdaq,LULD pause,2024-10-25,09:51:17
2024-10-25,09:45:25,TCBP,TC BioPharm (Holdings) plc American Depositary Shares,Nasdaq,LULD pause,2024-10-25,09:50:25
2024-10-25,09:43:11,XPON,Expion360 Inc. Common Stock,Nasdaq,LULD pause,2024-10-25,09:53:11
2024-10-25,09:42:24,LINK,"""Interlink Electronics, Inc. Common Stock""",Nasdaq,LULD pause,2024-10-25,09:52:25
2024-10-25,09:41:13,TWG,Top Wealth Group Holding Limited Ordinary Shares,Nasdaq,LULD pause,2024-10-25,09:46:13
2024-10-25,09:40:48,UPXI,"""Upexi, Inc. Common Stock""",Nasdaq,LULD pause,2024-10-25,09:53:02
2024-10-25,09:35:29,ZCAR,"""Zoomcar Holdings, Inc. Common Stock""",Nasdaq,LULD pause,2024-10-25,09:40:29
2024-10-25,09:35:13,LINK,"""Interlink Electronics, Inc. Common Stock""",Nasdaq,LULD pause,2024-10-25,09:40:13
2024-10-25,09:32:28,INHD,Inno Holdings Inc. Common Stock,Nasdaq,LULD pause,2024-10-25,09:42:28
2024-10-25,09:31:13,ATNF,180 Life Sciences Corp. Common Stock,Nasdaq,LULD pause,2024-10-25,09:36:13
2024-10-25,09:30:29,UPXI,"""Upexi, Inc. Common Stock""",Nasdaq,LULD pause,2024-10-25,09:40:29
2024-10-25,07:55:00,EVLVW,"""Evolv Technologies Holdings, Inc. Warrant""",Nasdaq,News pending,2024-10-25,08:35:00
2024-10-25,07:55:00,EVLV,"""Evolv Technologies Holdings, Inc. Class A Common Stock""",Nasdaq,News pending,2024-10-25,08:30:00
2024-10-24,19:50:00,KXIN,Kaixin Holdings Ordinary Shares,Nasdaq,News pending,,
2024-10-24,19:50:00,KXIN,Kaixin Holdings Ordinary Shares,Nasdaq,News pending,2024-10-25,09:00:00
2024-10-24,19:50:00,AMIX,"""Autonomix Medical, Inc. Common Stock""",Nasdaq,News pending,,
2024-10-24,19:50:00,AMIX,"""Autonomix Medical, Inc. Common Stock""",Nasdaq,News pending,2024-10-25,09:00:00
2024-10-24,19:50:00,PETQ,"""PetIQ, Inc. Class A Common Stock""",Nasdaq,News pending,,
2024-10-24,15:38:13,MNPR,Monopar Therapeutics Inc. Common Stock,Nasdaq,LULD pause,2024-10-24,15:43:13
2024-10-24,15:31:56,MNPR,Monopar Therapeutics Inc. Common Stock,Nasdaq,LULD pause,2024-10-24,15:36:56
2024-10-24,15:21:27,MNPR,Monopar Therapeutics Inc. Common Stock,Nasdaq,LULD pause,2024-10-24,15:31:27
2024-10-24,15:06:37,ZCAR,"""Zoomcar Holdings, Inc. Common Stock""",Nasdaq,LULD pause,2024-10-24,15:11:37
2024-10-24,15:00:56,NTZ,"""Natuzzi, S.p.A""",NYSE,LULD pause,2024-10-24,15:05:56
2024-10-24,14:50:35,SUM,"""Summit Materials, Inc. Class A Common Stock""",NYSE,LULD pause,2024-10-24,14:56:29
2024-10-24,14:28:54,UPXI,"""Upexi, Inc. Common Stock""",Nasdaq,LULD pause,2024-10-24,14:33:54
2024-10-24,14:16:54,PCTTU,"""PureCycle Technologies, Inc. Unit""",Nasdaq,LULD pause,2024-10-24,14:21:54
2024-10-24,14:15:21,TC,TuanChe Limited American Depositary Shares,Nasdaq,LULD pause,2024-10-24,14:20:21
2024-10-24,13:33:50,MNPR,Monopar Therapeutics Inc. Common Stock,Nasdaq,LULD pause,2024-10-24,13:43:50
2024-10-24,13:29:33,PCTTU,"""PureCycle Technologies, Inc. Unit""",Nasdaq,LULD pause,2024-10-24,13:34:33
2024-10-24,13:29:30,NXL,"""Nexalin Technology, Inc. Common Stock""",Nasdaq,LULD pause,2024-10-24,13:34:30
2024-10-24,13:23:58,PCTTU,"""PureCycle Technologies, Inc. Unit""",Nasdaq,LULD pause,2024-10-24,13:28:58
2024-10-24,13:23:23,NXL,"""Nexalin Technology, Inc. Common Stock""",Nasdaq,LULD pause,2024-10-24,13:28:23
2024-10-24,13:22:45,MNPR,Monopar Therapeutics Inc. Common Stock,Nasdaq,LULD pause,2024-10-24,13:27:45
2024-10-24,13:18:59,FEBO,Fenbo Holdings Limited Ordinary Shares,Nasdaq,LULD pause,2024-10-24,13:23:59
2024-10-24,13:12:15,MNPR,Monopar Therapeutics Inc. Common Stock,Nasdaq,LULD pause,2024-10-24,13:17:15
2024-10-24,13:12:12,ATGL,Alpha Technology Group Limited Ordinary Shares,Nasdaq,LULD pause,2024-10-24,13:17:12
2024-10-24,13:06:57,FEBO,Fenbo Holdings Limited Ordinary Shares,Nasdaq,LULD pause,2024-10-24,13:11:57
2024-10-24,13:00:52,NXL,"""Nexalin Technology, Inc. Common Stock""",Nasdaq,LULD pause,2024-10-24,13:10:52
2024-10-24,12:58:53,ATGL,Alpha Technology Group Limited Ordinary Shares,Nasdaq,LULD pause,2024-10-24,13:08:54
2024-10-24,12:37:22,MNPR,Monopar Therapeutics Inc. Common Stock,Nasdaq,LULD pause,2024-10-24,12:47:22
2024-10-24,12:31:56,MNPR,Monopar Therapeutics Inc. Common Stock,Nasdaq,LULD pause,2024-10-24,12:36:56
2024-10-24,12:19:40,MNPR,Monopar Therapeutics Inc. Common Stock,Nasdaq,LULD pause,2024-10-24,12:30:10
2024-10-24,12:13:59,MNPR,Monopar Therapeutics Inc. Common Stock,Nasdaq,LULD pause,2024-10-24,12:18:59
2024-10-24,12:06:34,UPXI,"""Upexi, Inc. Common Stock""",Nasdaq,LULD pause,2024-10-24,12:16:34
2024-10-24,12:03:42,MNPR,Monopar Therapeutics Inc. Common Stock,Nasdaq,LULD pause,2024-10-24,12:13:43
2024-10-24,11:58:25,MNPR,Monopar Therapeutics Inc. Common Stock,Nasdaq,LULD pause,2024-10-24,12:03:25
2024-10-24,11:54:05,UPXI,"""Upexi, Inc. Common Stock""",Nasdaq,LULD pause,2024-10-24,12:04:05
2024-10-24,11:48:58,INHD,Inno Holdings Inc. Common Stock,Nasdaq,LULD pause,2024-10-24,11:58:58
2024-10-24,11:48:36,UPXI,"""Upexi, Inc. Common Stock""",Nasdaq,LULD pause,2024-10-24,11:53:36
2024-10-24,11:47:53,MNPR,Monopar Therapeutics Inc. Common Stock,Nasdaq,LULD pause,2024-10-24,11:57:53
2024-10-24,11:46:48,AGFY,Agrify Corporation Common Stock,Nasdaq,LULD pause,2024-10-24,11:51:48
2024-10-24,11:42:30,MNPR,Monopar Therapeutics Inc. Common Stock,Nasdaq,LULD pause,2024-10-24,11:47:30
2024-10-24,11:37:01,UPXI,"""Upexi, Inc. Common Stock""",Nasdaq,LULD pause,2024-10-24,11:47:01
2024-10-24,11:23:30,MNPR,Monopar Therapeutics Inc. Common Stock,Nasdaq,LULD pause,2024-10-24,11:42:11
2024-10-24,11:17:38,MNPR,Monopar Therapeutics Inc. Common Stock,Nasdaq,LULD pause,2024-10-24,11:22:38
2024-10-24,11:17:25,LQR,LQR House Inc. Common Stock,Nasdaq,LULD pause,2024-10-24,11:22:25
2024-10-24,11:16:35,UPXI,"""Upexi, Inc. Common Stock""",Nasdaq,LULD pause,2024-10-24,11:36:35
2024-10-24,11:12:23,MNPR,Monopar Therapeutics Inc. Common Stock,Nasdaq,LULD pause,2024-10-24,11:17:23
2024-10-24,11:10:25,LQR,LQR House Inc. Common Stock,Nasdaq,LULD pause,2024-10-24,11:15:25
2024-10-24,11:06:03,PCTTU,"""PureCycle Technologies, Inc. Unit""",Nasdaq,LULD pause,2024-10-24,11:11:03
2024-10-24,11:01:57,MNPR,Monopar Therapeutics Inc. Common Stock,Nasdaq,LULD pause,2024-10-24,11:11:58
2024-10-24,10:51:35,MNPR,Monopar Therapeutics Inc. Common Stock,Nasdaq,LULD pause,2024-10-24,11:01:35
2024-10-24,10:46:11,MNPR,Monopar Therapeutics Inc. Common Stock,Nasdaq,LULD pause,2024-10-24,10:51:11
2024-10-24,10:40:41,MNPR,Monopar Therapeutics Inc. Common Stock,Nasdaq,LULD pause,2024-10-24,10:45:41
2024-10-24,10:25:58,SAG,SAG Holdings Limited Ordinary Shares,Nasdaq,LULD pause,2024-10-24,10:30:58
2024-10-24,10:23:18,EFSH,1847 Holdings LLC,NYSE American,LULD pause,2024-10-24,10:28:18
2024-10-24,10:13:51,NUKK,Nukkleus Inc. Common Stock,Nasdaq,LULD pause,2024-10-24,10:18:51
2024-10-24,10:12:37,SAG,SAG Holdings Limited Ordinary Shares,Nasdaq,LULD pause,2024-10-24,10:22:37
2024-10-24,10:10:37,EFSH,1847 Holdings LLC,NYSE American,LULD pause,2024-10-24,10:15:37
2024-10-24,10:00:56,EFSH,1847 Holdings LLC,NYSE American,LULD pause,2024-10-24,10:05:56
2024-10-24,09:51:15,TC,TuanChe Limited American Depositary Shares,Nasdaq,LULD pause,2024-10-24,09:56:15
2024-10-24,09:50:41,SAG,SAG Holdings Limited Ordinary Shares,Nasdaq,LULD pause,2024-10-24,09:55:41
2024-10-24,09:43:04,FGL,Founder Group Limited Ordinary Shares,Nasdaq,LULD pause,2024-10-24,09:48:04
2024-10-24,09:42:06,SAG,SAG Holdings Limited Ordinary Shares,Nasdaq,LULD pause,2024-10-24,09:47:06
2024-10-24,09:37:02,TC,TuanChe Limited American Depositary Shares,Nasdaq,LULD pause,2024-10-24,09:47:02
2024-10-24,09:36:31,MKOR,Matthews Korea Active ETF,NYSE Arca,LULD pause,2024-10-24,09:41:31
2024-10-24,09:35:56,TSLQ,Investment Managers Series Trust II Tradr 2X Short TSLA Daily ETF,Nasdaq,LULD pause,2024-10-24,09:40:56
2024-10-24,09:32:58,KNO,AXS Knowledge Leaders ETF,NYSE Arca,LULD pause,2024-10-24,09:37:58
2024-10-24,09:31:32,BTOC,Armlogi Holding Corp. common stock,Nasdaq,LULD pause,2024-10-24,09:46:33
2024-10-24,09:30:43,ORKT,Orangekloud Technology Inc. Class A Ordinary Shares,Nasdaq,LULD pause,2024-10-24,09:35:43
2024-10-24,09:30:17,GDEV,GDEV Inc. Ordinary Shares,Nasdaq,LULD pause,2024-10-24,09:40:19
2024-10-24,07:55:00,MRNS,"""Marinus Pharmaceuticals, Inc""",Nasdaq,News pending,2024-10-24,08:30:00
2024-10-23,19:50:00,NUKKW,Nukkleus Inc. Warrants,Nasdaq,News pending,2024-10-24,09:05:00
2024-10-23,19:50:00,NUKKW,Nukkleus Inc. Warrants,Nasdaq,News pending,,
2024-10-23,19:50:00,NUKK,Nukkleus Inc. Common Stock,Nasdaq,News pending,2024-10-24,09:00:00
2024-10-23,19:50:00,NUKK,Nukkleus Inc. Common Stock,Nasdaq,News pending,,
2024-10-23,19:50:00,CTNT,Cheetah Net Supply Chain Service Inc. Class A Common Stock,Nasdaq,News pending,,
2024-10-23,19:50:00,CTNT,Cheetah Net Supply Chain Service Inc. Class A Common Stock,Nasdaq,News pending,2024-10-24,09:00:00
2024-10-23,15:57:20,BIVI,"""BioVie, Inc. Common Stock""",Nasdaq,LULD pause,2024-10-23,16:00:00
2024-10-23,15:53:43,PC,Premium Catering (Holdings) Limited Ordinary Shares,Nasdaq,LULD pause,2024-10-23,16:00:00
2024-10-23,15:43:19,DFND,Siren DIVCON Dividend Defender ETF,Cboe BZX,LULD pause,2024-10-23,15:48:19
2024-10-23,15:34:38,KWE,KWESST Micro Systems Inc. Common Stock,Nasdaq,LULD pause,2024-10-23,15:39:38
2024-10-23,15:34:05,GNLN,"""Greenlane Holdings, Inc. Class A Common Stock""",Nasdaq,LULD pause,2024-10-23,15:44:05
2024-10-23,15:33:21,BIVI,"""BioVie, Inc. Common Stock""",Nasdaq,LULD pause,2024-10-23,15:38:21
2024-10-23,15:28:49,PC,Premium Catering (Holdings) Limited Ordinary Shares,Nasdaq,LULD pause,2024-10-23,15:33:49
2024-10-23,15:25:11,BIVI,"""BioVie, Inc. Common Stock""",Nasdaq,LULD pause,2024-10-23,15:30:11
2024-10-23,15:17:48,PC,Premium Catering (Holdings) Limited Ordinary Shares,Nasdaq,LULD pause,2024-10-23,15:22:48
2024-10-23,15:11:09,PC,Premium Catering (Holdings) Limited Ordinary Shares,Nasdaq,LULD pause,2024-10-23,15:16:09
2024-10-23,15:04:35,PC,Premium Catering (Holdings) Limited Ordinary Shares,Nasdaq,LULD pause,2024-10-23,15:09:35
2024-10-23,15:00:03,LRHC,La Rosa Holding Corp. Common Stock,Nasdaq,LULD pause,2024-10-23,15:05:03
2024-10-23,14:44:48,PC,Premium Catering (Holdings) Limited Ordinary Shares,Nasdaq,LULD pause,2024-10-23,14:49:48
2024-10-23,14:35:16,PC,Premium Catering (Holdings) Limited Ordinary Shares,Nasdaq,LULD pause,2024-10-23,14:40:16
2024-10-23,14:23:36,PC,Premium Catering (Holdings) Limited Ordinary Shares,Nasdaq,LULD pause,2024-10-23,14:33:36
2024-10-23,14:18:20,PC,Premium Catering (Holdings) Limited Ordinary Shares,Nasdaq,LULD pause,2024-10-23,14:23:20
2024-10-23,14:11:54,PC,Premium Catering (Holdings) Limited Ordinary Shares,Nasdaq,LULD pause,2024-10-23,14:16:54
2024-10-23,14:04:20,PC,Premium Catering (Holdings) Limited Ordinary Shares,Nasdaq,LULD pause,2024-10-23,14:09:20
2024-10-23,13:54:01,PC,Premium Catering (Holdings) Limited Ordinary Shares,Nasdaq,LULD pause,2024-10-23,14:04:01
2024-10-23,13:43:41,PC,Premium Catering (Holdings) Limited Ordinary Shares,Nasdaq,LULD pause,2024-10-23,13:53:41
2024-10-23,13:38:00,PC,Premium Catering (Holdings) Limited Ordinary Shares,Nasdaq,LULD pause,2024-10-23,13:43:00
2024-10-23,13:32:43,PC,Premium Catering (Holdings) Limited Ordinary Shares,Nasdaq,LULD pause,2024-10-23,13:37:43
2024-10-23,13:03:31,PC,Premium Catering (Holdings) Limited Ordinary Shares,Nasdaq,LULD pause,2024-10-23,13:13:31
2024-10-23,12:45:31,PC,Premium Catering (Holdings) Limited Ordinary Shares,Nasdaq,LULD pause,2024-10-23,12:50:31
2024-10-23,12:39:56,PC,Premium Catering (Holdings) Limited Ordinary Shares,Nasdaq,LULD pause,2024-10-23,12:44:56
2024-10-23,12:29:27,PC,Premium Catering (Holdings) Limited Ordinary Shares,Nasdaq,LULD pause,2024-10-23,12:39:28
2024-10-23,12:24:07,PC,Premium Catering (Holdings) Limited Ordinary Shares,Nasdaq,LULD pause,2024-10-23,12:29:07
2024-10-23,12:02:46,SAG,SAG Holdings Limited Ordinary Shares,Nasdaq,LULD pause,2024-10-23,12:07:46
2024-10-23,11:40:09,PXDT,"""Pixie Dust Technologies, Inc. American Depositary Shares""",Nasdaq,LULD pause,2024-10-23,11:45:09
2024-10-23,11:30:54,PXDT,"""Pixie Dust Technologies, Inc. American Depositary Shares""",Nasdaq,LULD pause,2024-10-23,11:35:54
2024-10-23,10:58:40,LRHC,La Rosa Holding Corp. Common Stock,Nasdaq,LULD pause,2024-10-23,11:03:40
2024-10-23,10:50:02,FGL,Founder Group Limited Ordinary Shares,Nasdaq,LULD pause,2024-10-23,10:55:02
2024-10-23,10:20:45,FGL,Founder Group Limited Ordinary Shares,Nasdaq,LULD pause,2024-10-23,10:25:45
2024-10-23,10:20:38,LBGJ,Li Bang International Corporation Inc. Ordinary Shares,Nasdaq,LULD pause,2024-10-23,10:25:38
2024-10-23,10:17:56,LRHC,La Rosa Holding Corp. Common Stock,Nasdaq,LULD pause,2024-10-23,10:22:56
2024-10-23,10:07:18,LRHC,La Rosa Holding Corp. Common Stock,Nasdaq,LULD pause,2024-10-23,10:12:18
2024-10-23,10:04:59,UXIN,Uxin Limited ADS,Nasdaq,LULD pause,2024-10-23,10:09:59
2024-10-23,10:01:09,LRHC,La Rosa Holding Corp. Common Stock,Nasdaq,LULD pause,2024-10-23,10:06:09
2024-10-23,09:54:18,UXIN,Uxin Limited ADS,Nasdaq,LULD pause,2024-10-23,10:04:18
2024-10-23,09:47:40,LRHC,La Rosa Holding Corp. Common Stock,Nasdaq,LULD pause,2024-10-23,09:52:40
2024-10-23,09:43:32,BSGM,"""BioSig Technologies, Inc. Common Stock""",Nasdaq,LULD pause,2024-10-23,09:48:32
2024-10-23,09:35:40,LRHC,La Rosa Holding Corp. Common Stock,Nasdaq,LULD pause,2024-10-23,09:40:40
2024-10-23,09:30:57,ILLR,Triller Group Inc. Common Stock,Nasdaq,LULD pause,2024-10-23,09:35:57
2024-10-23,09:11:30,QQQN,VictoryShares Nasdaq Next 50 ETF,Nasdaq,News pending,,
2024-10-23,09:11:30,CIZ,VictoryShares Developed Enhanced Volatility Wtd ETF,Nasdaq,News pending,,
2024-10-23,09:11:30,CID,VictoryShares International High Div Volatility Wtd ETF,Nasdaq,News pending,,
2024-10-23,07:55:00,LUMO,"""Lumos Pharma, Inc. Common Stock""",Nasdaq,News pending,2024-10-23,08:30:00
2024-10-22,19:50:00,KWESW,KWESST Micro Systems Inc. warrant,Nasdaq,News pending,,
2024-10-22,19:50:00,KWESW,KWESST Micro Systems Inc. warrant,Nasdaq,News pending,2024-10-23,09:05:00
2024-10-22,19:50:00,KWE,KWESST Micro Systems Inc. Common Stock,Nasdaq,News pending,,
2024-10-22,19:50:00,KWE,KWESST Micro Systems Inc. Common Stock,Nasdaq,News pending,2024-10-23,09:00:00
2024-10-22,16:01:00,OCUP,"""Ocuphire Pharma, Inc. Common Stock""",Nasdaq,News pending,2024-10-22,16:35:00
2024-10-22,12:06:44,NAYA,"""NAYA Biosciences, Inc. Common Stock""",Nasdaq,LULD pause,2024-10-22,12:11:44
2024-10-22,11:56:50,BNZI,"""Banzai International, Inc. Class A Common Stock""",Nasdaq,LULD pause,2024-10-22,12:01:50
2024-10-22,11:16:37,RITR,Reitar Logtech Holdings Limited Ordinary shares,Nasdaq,LULD pause,2024-10-22,11:26:37
2024-10-22,10:32:16,HUHU,HUHUTECH International Group Inc. Ordinary Shares,Nasdaq,LULD pause,2024-10-22,10:37:16
2024-10-22,10:27:00,HUHU,HUHUTECH International Group Inc. Ordinary Shares,Nasdaq,LULD pause,2024-10-22,10:32:00
2024-10-22,09:59:25,CHSN,Chanson International Holding Class A Ordinary Shares,Nasdaq,LULD pause,2024-10-22,10:04:25
2024-10-22,09:53:34,CHSN,Chanson International Holding Class A Ordinary Shares,Nasdaq,LULD pause,2024-10-22,09:58:34
2024-10-22,09:48:00,CHSN,Chanson International Holding Class A Ordinary Shares,Nasdaq,LULD pause,2024-10-22,09:53:00
2024-10-22,09:39:23,TCBP,TC BioPharm (Holdings) plc American Depositary Shares,Nasdaq,LULD pause,2024-10-22,09:44:23
2024-10-22,09:37:25,CHSN,Chanson International Holding Class A Ordinary Shares,Nasdaq,LULD pause,2024-10-22,09:47:25
2024-10-22,09:30:45,TILT,FlexShares Morningstar US Market Factors Tilt Index Fund,Cboe BZX,LULD pause,2024-10-22,09:35:45
2024-10-22,07:55:00,FSHPU,Flag Ship Acquisition Corp. Unit,Nasdaq,News pending,2024-10-22,08:35:00
2024-10-22,07:55:00,FSHPR,Flag Ship Acquisition Corp. Right,Nasdaq,News pending,2024-10-22,08:35:00
2024-10-22,07:55:00,FSHP,Flag Ship Acquisition Corp. Ordinary Shares,Nasdaq,News pending,2024-10-22,08:30:00
2024-10-21,19:50:00,SHCRW,"""Sharecare, Inc. Warrant""",Nasdaq,News pending,,
2024-10-21,19:50:00,ZCARW,"""Zoomcar Holdings, Inc. Warrants""",Nasdaq,News pending,2024-10-22,09:05:00
2024-10-21,19:50:00,ZCARW,"""Zoomcar Holdings, Inc. Warrants""",Nasdaq,News pending,,
2024-10-21,19:50:00,SHCR,"""Sharecare, Inc. Class A Common Stock""",Nasdaq,News pending,,
2024-10-21,19:50:00,ZCAR,"""Zoomcar Holdings, Inc. Common Stock""",Nasdaq,News pending,,
2024-10-21,19:50:00,ZCAR,"""Zoomcar Holdings, Inc. Common Stock""",Nasdaq,News pending,2024-10-22,09:00:00
2024-10-21,16:25:00,VSACW,Vision Sensing Acquisition Corp. Warrants,Nasdaq,News pending,2024-10-21,17:15:00
2024-10-21,16:25:00,VSACU,Vision Sensing Acquisition Corp. Unit,Nasdaq,News pending,2024-10-21,17:15:00
2024-10-21,16:25:00,VSAC,Vision Sensing Acquisition Corp. Class A Common Stock,Nasdaq,News pending,2024-10-21,17:10:00
2024-10-21,15:08:35,BIVI,"""BioVie, Inc. Common Stock""",Nasdaq,LULD pause,2024-10-21,15:28:36
2024-10-21,11:49:47,GNPX,"""Genprex, Inc. Common Stock""",Nasdaq,LULD pause,2024-10-21,11:54:47
2024-10-21,11:43:38,GNPX,"""Genprex, Inc. Common Stock""",Nasdaq,LULD pause,2024-10-21,11:48:38
2024-10-21,11:34:34,GNPX,"""Genprex, Inc. Common Stock""",Nasdaq,LULD pause,2024-10-21,11:39:34
2024-10-21,11:23:01,GNPX,"""Genprex, Inc. Common Stock""",Nasdaq,LULD pause,2024-10-21,11:28:01
2024-10-21,11:13:30,GNPX,"""Genprex, Inc. Common Stock""",Nasdaq,LULD pause,2024-10-21,11:18:30
2024-10-21,11:09:16,GNTA,Genenta Science S.p.A. American Depositary Shares,Nasdaq,LULD pause,2024-10-21,11:19:16
2024-10-21,11:06:49,GNPX,"""Genprex, Inc. Common Stock""",Nasdaq,LULD pause,2024-10-21,11:11:49
2024-10-21,11:00:10,GNPX,"""Genprex, Inc. Common Stock""",Nasdaq,LULD pause,2024-10-21,11:05:10
2024-10-21,10:55:56,GRI,"""GRI Bio, Inc. Common Stock""",Nasdaq,LULD pause,2024-10-21,11:00:56
2024-10-21,10:53:58,GNPX,"""Genprex, Inc. Common Stock""",Nasdaq,LULD pause,2024-10-21,10:58:58
2024-10-21,10:51:15,GNTA,Genenta Science S.p.A. American Depositary Shares,Nasdaq,LULD pause,2024-10-21,10:56:15
2024-10-21,10:48:10,GNPX,"""Genprex, Inc. Common Stock""",Nasdaq,LULD pause,2024-10-21,10:53:10
2024-10-21,10:40:21,EAPR,Innovator Emerging Markets Power Buffer ETF,NYSE Arca,LULD pause,2024-10-21,10:45:21
2024-10-21,10:28:23,GNPX,"""Genprex, Inc. Common Stock""",Nasdaq,LULD pause,2024-10-21,10:33:23
2024-10-21,10:17:06,PLBY,"""PLBY Group, Inc. Common Stock""",Nasdaq,LULD pause,2024-10-21,10:22:06
2024-10-21,10:12:43,GNPX,"""Genprex, Inc. Common Stock""",Nasdaq,LULD pause,2024-10-21,10:17:43
2024-10-21,10:09:42,ISPC,iSpecimen Inc. Common Stock,Nasdaq,LULD pause,2024-10-21,10:14:42
2024-10-21,10:01:19,GNPX,"""Genprex, Inc. Common Stock""",Nasdaq,LULD pause,2024-10-21,10:06:19
2024-10-21,09:55:06,DRUG,Bright Minds Biosciences Inc. Common Stock,Nasdaq,LULD pause,2024-10-21,10:00:06
2024-10-21,09:53:43,BIVI,"""BioVie, Inc. Common Stock""",Nasdaq,LULD pause,2024-10-21,09:58:43
2024-10-21,09:53:17,FEBW,AllianzIM U.S. Large Cap Buffer20 Feb ETF,NYSE Arca,LULD pause,2024-10-21,09:58:17
2024-10-21,09:50:26,GNPX,"""Genprex, Inc. Common Stock""",Nasdaq,LULD pause,2024-10-21,09:55:26
2024-10-21,09:46:05,ISPC,iSpecimen Inc. Common Stock,Nasdaq,LULD pause,2024-10-21,09:51:05
2024-10-21,09:44:36,GNPX,"""Genprex, Inc. Common Stock""",Nasdaq,LULD pause,2024-10-21,09:49:36
2024-10-21,09:44:21,DRUG,Bright Minds Biosciences Inc. Common Stock,Nasdaq,LULD pause,2024-10-21,09:49:21
2024-10-21,09:40:28,GRI,"""GRI Bio, Inc. Common Stock""",Nasdaq,LULD pause,2024-10-21,09:45:28
2024-10-21,09:40:24,ISPC,iSpecimen Inc. Common Stock,Nasdaq,LULD pause,2024-10-21,09:45:24
2024-10-21,09:37:57,GNPX,"""Genprex, Inc. Common Stock""",Nasdaq,LULD pause,2024-10-21,09:42:57
2024-10-21,09:33:13,GRI,"""GRI Bio, Inc. Common Stock""",Nasdaq,LULD pause,2024-10-21,09:38:13
2024-10-21,09:30:18,GNTA,Genenta Science S.p.A. American Depositary Shares,Nasdaq,LULD pause,2024-10-21,09:35:18
2024-10-21,08:45:00,SCWX,SecureWorks Corp  Class A Common Stock,Nasdaq,News pending,2024-10-21,09:15:00
2024-10-18,15:51:04,DRUG,Bright Minds Biosciences Inc. Common Stock,Nasdaq,LULD pause,2024-10-18,16:00:00
2024-10-18,15:42:49,DRUG,Bright Minds Biosciences Inc. Common Stock,Nasdaq,LULD pause,2024-10-18,15:47:49
2024-10-18,15:37:07,DRUG,Bright Minds Biosciences Inc. Common Stock,Nasdaq,LULD pause,2024-10-18,15:42:07
2024-10-18,15:15:05,DRUG,Bright Minds Biosciences Inc. Common Stock,Nasdaq,LULD pause,2024-10-18,15:20:05
2024-10-18,13:00:30,EFSH,1847 Holdings LLC,NYSE American,LULD pause,2024-10-18,13:10:30
2024-10-18,12:55:07,EFSH,1847 Holdings LLC,NYSE American,LULD pause,2024-10-18,13:00:07
2024-10-18,12:45:37,BIAF,"""bioAffinity Technologies, Inc. Common Stock""",Nasdaq,LULD pause,2024-10-18,12:50:37
2024-10-18,12:40:22,EFSH,1847 Holdings LLC,NYSE American,LULD pause,2024-10-18,12:45:22
2024-10-18,12:17:50,PEGY,Pineapple Energy Inc. Common Stock,Nasdaq,LULD pause,2024-10-18,12:22:50
2024-10-18,12:12:15,EFSH,1847 Holdings LLC,NYSE American,LULD pause,2024-10-18,12:22:15
2024-10-18,12:07:08,XCH,XCHG Limited American Depositary Share,Nasdaq,LULD pause,2024-10-18,12:17:09
2024-10-18,11:58:30,XCH,XCHG Limited American Depositary Share,Nasdaq,LULD pause,2024-10-18,12:03:30
2024-10-18,11:43:33,XCH,XCHG Limited American Depositary Share,Nasdaq,LULD pause,2024-10-18,11:53:33
2024-10-18,11:30:16,QNRX,"""Quoin Pharmaceuticals, Ltd. American Depositary Shares""",Nasdaq,LULD pause,2024-10-18,11:35:16
2024-10-18,11:21:05,ATNF,180 Life Sciences Corp. Common Stock,Nasdaq,LULD pause,2024-10-18,11:26:05
2024-10-18,11:09:05,DRUG,Bright Minds Biosciences Inc. Common Stock,Nasdaq,LULD pause,2024-10-18,11:14:05
2024-10-18,11:07:53,VTAK,"""Catheter Precision, Inc.""",NYSE American,LULD pause,2024-10-18,11:12:53
2024-10-18,11:05:15,TWG,Top Wealth Group Holding Limited Ordinary Shares,Nasdaq,LULD pause,2024-10-18,11:10:15
2024-10-18,10:55:34,DRUG,Bright Minds Biosciences Inc. Common Stock,Nasdaq,LULD pause,2024-10-18,11:00:34
2024-10-18,10:45:54,ATNF,180 Life Sciences Corp. Common Stock,Nasdaq,LULD pause,2024-10-18,10:50:54
2024-10-18,10:43:09,VS,Versus Systems Inc. Common Stock,Nasdaq,LULD pause,2024-10-18,10:48:09
2024-10-18,10:42:06,VTAK,"""Catheter Precision, Inc.""",NYSE American,LULD pause,2024-10-18,10:47:06
2024-10-18,10:38:05,DRUG,Bright Minds Biosciences Inc. Common Stock,Nasdaq,LULD pause,2024-10-18,10:55:17
2024-10-18,10:30:28,INHD,Inno Holdings Inc. Common Stock,Nasdaq,LULD pause,2024-10-18,10:35:28
2024-10-18,10:30:12,VTAK,"""Catheter Precision, Inc.""",NYSE American,LULD pause,2024-10-18,10:35:12
2024-10-18,10:26:44,SOBR,"""SOBR Safe, Inc. Common Stock""",Nasdaq,LULD pause,2024-10-18,10:36:44
2024-10-18,10:17:13,VTAK,"""Catheter Precision, Inc.""",NYSE American,LULD pause,2024-10-18,10:22:13
2024-10-18,10:14:52,DRUG,Bright Minds Biosciences Inc. Common Stock,Nasdaq,LULD pause,2024-10-18,10:19:52
2024-10-18,10:11:36,VTAK,"""Catheter Precision, Inc.""",NYSE American,LULD pause,2024-10-18,10:16:36
2024-10-18,10:07:46,INHD,Inno Holdings Inc. Common Stock,Nasdaq,LULD pause,2024-10-18,10:12:46
2024-10-18,10:03:09,FIAC,Focus Impact Acquisition Corp. Class A Common Stock,Nasdaq,LULD pause,2024-10-18,10:08:09
2024-10-18,09:59:17,VTAK,"""Catheter Precision, Inc.""",NYSE American,LULD pause,2024-10-18,10:04:17
2024-10-18,09:58:05,INHD,Inno Holdings Inc. Common Stock,Nasdaq,LULD pause,2024-10-18,10:03:05
2024-10-18,09:56:25,PEGY,Pineapple Energy Inc. Common Stock,Nasdaq,LULD pause,2024-10-18,10:01:25
2024-10-18,09:53:46,DRUG,Bright Minds Biosciences Inc. Common Stock,Nasdaq,LULD pause,2024-10-18,10:03:46
2024-10-18,09:53:42,VTAK,"""Catheter Precision, Inc.""",NYSE American,LULD pause,2024-10-18,09:58:42
2024-10-18,09:53:09,RDIB,"""Reading International, Inc (Class B""",Nasdaq,LULD pause,2024-10-18,10:03:09
2024-10-18,09:51:12,ORIS,Oriental Rise Holdings Limited Ordinary Shares,Nasdaq,LULD pause,2024-10-18,09:56:12
2024-10-18,09:50:37,ATNF,180 Life Sciences Corp. Common Stock,Nasdaq,LULD pause,2024-10-18,09:55:37
2024-10-18,09:48:10,VTAK,"""Catheter Precision, Inc.""",NYSE American,LULD pause,2024-10-18,09:53:10
2024-10-18,09:47:12,INHD,Inno Holdings Inc. Common Stock,Nasdaq,LULD pause,2024-10-18,09:57:12
2024-10-18,09:47:09,ARQQ,Arqit Quantum Inc. Ordinary Shares,Nasdaq,LULD pause,2024-10-18,09:52:09
2024-10-18,09:45:26,SFHG,Samfine Creation Holdings Group Limited Ordinary Share,Nasdaq,LULD pause,2024-10-18,09:50:26
2024-10-18,09:42:00,VTAK,"""Catheter Precision, Inc.""",NYSE American,LULD pause,2024-10-18,09:47:00
2024-10-18,09:38:07,SOBR,"""SOBR Safe, Inc. Common Stock""",Nasdaq,LULD pause,2024-10-18,09:43:07
2024-10-18,09:36:50,INHD,Inno Holdings Inc. Common Stock,Nasdaq,LULD pause,2024-10-18,09:46:50
2024-10-18,09:33:28,ORIS,Oriental Rise Holdings Limited Ordinary Shares,Nasdaq,LULD pause,2024-10-18,09:38:28
2024-10-18,09:33:19,VTAK,"""Catheter Precision, Inc.""",NYSE American,LULD pause,2024-10-18,09:38:19
2024-10-18,09:32:41,SFHG,Samfine Creation Holdings Group Limited Ordinary Share,Nasdaq,LULD pause,2024-10-18,09:43:49
2024-10-18,09:31:14,DRUG,Bright Minds Biosciences Inc. Common Stock,Nasdaq,LULD pause,2024-10-18,09:36:14
2024-10-18,03:58:13,HURA,"""TuHURA Biosciences, Inc. Common Stock""",Nasdaq,News pending,2024-10-18,09:00:00
2024-10-18,00:23:45,HURA,"""TuHURA Biosciences, Inc. Common Stock""",Nasdaq,News pending,2024-10-18,03:58:00
2024-10-17,19:50:00,BIOR,"""Biora Therapeutics, Inc. Common Stock""",Nasdaq,News pending,2024-10-18,09:00:00
2024-10-17,19:50:00,BIOR,"""Biora Therapeutics, Inc. Common Stock""",Nasdaq,News pending,,
2024-10-17,19:50:00,SANW,S&W Seed Company,Nasdaq,News pending,,
2024-10-17,19:50:00,SANW,S&W Seed Company,Nasdaq,News pending,2024-10-18,09:00:00
2024-10-17,19:50:00,KTRA,"""Kintara Therapeutics, Inc. Common Stock""",Nasdaq,News pending,,
2024-10-17,19:50:00,SDOT,Sadot Group Inc. Common Stock,Nasdaq,News pending,,
2024-10-17,19:50:00,SDOT,Sadot Group Inc. Common Stock,Nasdaq,News pending,2024-10-18,09:00:00
2024-10-17,16:38:11,CLDI WS,"""Calidi Biotherapeutics, Inc. Redeemable Warrants, each whole warrant exercisable for 1/10th of a share of Common Stock at an exercise price of $115.00""",NYSE American,News Released,,
2024-10-17,15:33:57,NUZE,"""NuZee, Inc. Common Stock""",Nasdaq,LULD pause,2024-10-17,15:38:57
2024-10-17,15:32:15,MTEM,"""Molecular Templates, Inc.""",Nasdaq,LULD pause,2024-10-17,15:37:15
2024-10-17,15:27:31,JDZG,JIADE LIMITED Common stock,Nasdaq,LULD pause,2024-10-17,15:32:31
2024-10-17,15:25:50,MTEM,"""Molecular Templates, Inc.""",Nasdaq,LULD pause,2024-10-17,15:30:50
2024-10-17,15:23:13,NUZE,"""NuZee, Inc. Common Stock""",Nasdaq,LULD pause,2024-10-17,15:28:13
2024-10-17,15:16:37,NUZE,"""NuZee, Inc. Common Stock""",Nasdaq,LULD pause,2024-10-17,15:21:37
2024-10-17,15:07:26,NUZE,"""NuZee, Inc. Common Stock""",Nasdaq,LULD pause,2024-10-17,15:12:26
2024-10-17,15:05:25,PLG,Platinum Group Metals LTD.,NYSE American,LULD pause,2024-10-17,15:10:25
2024-10-17,15:01:47,NUZE,"""NuZee, Inc. Common Stock""",Nasdaq,LULD pause,2024-10-17,15:06:47
2024-10-17,15:01:42,JDZG,JIADE LIMITED Common stock,Nasdaq,LULD pause,2024-10-17,15:06:42
2024-10-17,14:56:17,JDZG,JIADE LIMITED Common stock,Nasdaq,LULD pause,2024-10-17,15:01:17
2024-10-17,14:56:16,NUZE,"""NuZee, Inc. Common Stock""",Nasdaq,LULD pause,2024-10-17,15:01:16
2024-10-17,14:50:36,JDZG,JIADE LIMITED Common stock,Nasdaq,LULD pause,2024-10-17,14:55:36
2024-10-17,14:49:37,NUZE,"""NuZee, Inc. Common Stock""",Nasdaq,LULD pause,2024-10-17,14:54:37
2024-10-17,14:44:55,JDZG,JIADE LIMITED Common stock,Nasdaq,LULD pause,2024-10-17,14:49:55
2024-10-17,14:38:04,NUZE,"""NuZee, Inc. Common Stock""",Nasdaq,LULD pause,2024-10-17,14:48:04
2024-10-17,14:27:21,NUZE,"""NuZee, Inc. Common Stock""",Nasdaq,LULD pause,2024-10-17,14:37:21
2024-10-17,14:17:06,NUZE,"""NuZee, Inc. Common Stock""",Nasdaq,LULD pause,2024-10-17,14:27:06
2024-10-17,14:11:51,NUZE,"""NuZee, Inc. Common Stock""",Nasdaq,LULD pause,2024-10-17,14:16:51
2024-10-17,14:11:10,MTEM,"""Molecular Templates, Inc.""",Nasdaq,LULD pause,2024-10-17,14:16:10
2024-10-17,14:06:30,NUZE,"""NuZee, Inc. Common Stock""",Nasdaq,LULD pause,2024-10-17,14:11:30
2024-10-17,14:05:37,MTEM,"""Molecular Templates, Inc.""",Nasdaq,LULD pause,2024-10-17,14:10:37
2024-10-17,14:04:31,JDZG,JIADE LIMITED Common stock,Nasdaq,LULD pause,2024-10-17,14:14:31
2024-10-17,14:01:10,NUZE,"""NuZee, Inc. Common Stock""",Nasdaq,LULD pause,2024-10-17,14:06:10
2024-10-17,13:59:59,MTEM,"""Molecular Templates, Inc.""",Nasdaq,LULD pause,2024-10-17,14:04:59
2024-10-17,13:55:27,NUZE,"""NuZee, Inc. Common Stock""",Nasdaq,LULD pause,2024-10-17,14:00:27
2024-10-17,13:49:31,NUZE,"""NuZee, Inc. Common Stock""",Nasdaq,LULD pause,2024-10-17,13:54:31
2024-10-17,13:37:07,NUZE,"""NuZee, Inc. Common Stock""",Nasdaq,LULD pause,2024-10-17,13:42:07
2024-10-17,13:35:18,LSB,"""LakeShore Biopharma Co., Ltd Ordinary Shares""",Nasdaq,LULD pause,2024-10-17,13:40:18
2024-10-17,13:32:08,PWUPU,PowerUp Acquisition Corp. Unit,Nasdaq,LULD pause,2024-10-17,13:37:08
2024-10-17,13:30:00,NUZE,"""NuZee, Inc. Common Stock""",Nasdaq,LULD pause,2024-10-17,13:35:00
2024-10-17,13:24:19,NUZE,"""NuZee, Inc. Common Stock""",Nasdaq,LULD pause,2024-10-17,13:29:19
2024-10-17,13:18:57,NUZE,"""NuZee, Inc. Common Stock""",Nasdaq,LULD pause,2024-10-17,13:23:57
2024-10-17,13:13:34,NUZE,"""NuZee, Inc. Common Stock""",Nasdaq,LULD pause,2024-10-17,13:18:34
2024-10-17,12:58:43,FIACU,Focus Impact Acquisition Corp. Unit,Nasdaq,LULD pause,2024-10-17,13:03:43
2024-10-17,12:34:47,NUZE,"""NuZee, Inc. Common Stock""",Nasdaq,LULD pause,2024-10-17,12:39:47
2024-10-17,12:26:36,CLDI WS,"""Calidi Biotherapeutics, Inc. Redeemable Warrants, each whole warrant exercisable for 1/10th of a share of Common Stock at an exercise price of $115.00""",NYSE American,News pending,See Subsequent Halt,See Subsequent Halt
2024-10-17,12:26:35,SPHL,Springview Holdings Ltd Class A Ordinary Shares,Nasdaq,LULD pause,2024-10-17,12:31:35
2024-10-17,12:23:41,NUZE,"""NuZee, Inc. Common Stock""",Nasdaq,LULD pause,2024-10-17,12:28:41
2024-10-17,12:18:24,NUZE,"""NuZee, Inc. Common Stock""",Nasdaq,LULD pause,2024-10-17,12:23:24
2024-10-17,12:13:01,NUZE,"""NuZee, Inc. Common Stock""",Nasdaq,LULD pause,2024-10-17,12:18:01
2024-10-17,12:07:36,NUZE,"""NuZee, Inc. Common Stock""",Nasdaq,LULD pause,2024-10-17,12:12:36
2024-10-17,12:00:25,NUZE,"""NuZee, Inc. Common Stock""",Nasdaq,LULD pause,2024-10-17,12:05:25
2024-10-17,11:53:10,NUZE,"""NuZee, Inc. Common Stock""",Nasdaq,LULD pause,2024-10-17,11:58:10
2024-10-17,11:47:38,NUZE,"""NuZee, Inc. Common Stock""",Nasdaq,LULD pause,2024-10-17,11:52:38
2024-10-17,11:45:59,FIACU,Focus Impact Acquisition Corp. Unit,Nasdaq,LULD pause,2024-10-17,11:50:59
2024-10-17,11:14:25,ORIS,Oriental Rise Holdings Limited Ordinary Shares,Nasdaq,LULD pause,2024-10-17,11:24:25
2024-10-17,11:09:51,FIAC,Focus Impact Acquisition Corp. Class A Common Stock,Nasdaq,LULD pause,2024-10-17,11:14:51
2024-10-17,11:08:56,ORIS,Oriental Rise Holdings Limited Ordinary Shares,Nasdaq,LULD pause,2024-10-17,11:13:56
2024-10-17,11:07:38,NUZE,"""NuZee, Inc. Common Stock""",Nasdaq,LULD pause,2024-10-17,11:12:38
2024-10-17,10:58:24,ORIS,Oriental Rise Holdings Limited Ordinary Shares,Nasdaq,LULD pause,2024-10-17,11:08:24
2024-10-17,10:56:48,NUZE,"""NuZee, Inc. Common Stock""",Nasdaq,LULD pause,2024-10-17,11:01:48
2024-10-17,10:55:22,FIAC,Focus Impact Acquisition Corp. Class A Common Stock,Nasdaq,LULD pause,2024-10-17,11:05:22
2024-10-17,10:53:01,ORIS,Oriental Rise Holdings Limited Ordinary Shares,Nasdaq,LULD pause,2024-10-17,10:58:01
2024-10-17,10:49:21,NUZE,"""NuZee, Inc. Common Stock""",Nasdaq,LULD pause,2024-10-17,10:54:21
2024-10-17,10:47:50,PEGY,Pineapple Energy Inc. Common Stock,Nasdaq,LULD pause,2024-10-17,10:52:50
2024-10-17,10:42:35,ORIS,Oriental Rise Holdings Limited Ordinary Shares,Nasdaq,LULD pause,2024-10-17,10:52:36
2024-10-17,10:42:12,NUZE,"""NuZee, Inc. Common Stock""",Nasdaq,LULD pause,2024-10-17,10:47:12
2024-10-17,10:37:06,ORIS,Oriental Rise Holdings Limited Ordinary Shares,Nasdaq,LULD pause,2024-10-17,10:42:06
2024-10-17,10:36:56,NUZE,"""NuZee, Inc. Common Stock""",Nasdaq,LULD pause,2024-10-17,10:41:56
2024-10-17,10:34:54,FIAC,Focus Impact Acquisition Corp. Class A Common Stock,Nasdaq,LULD pause,2024-10-17,10:54:53
2024-10-17,10:30:57,ORIS,Oriental Rise Holdings Limited Ordinary Shares,Nasdaq,LULD pause,2024-10-17,10:35:57
2024-10-17,10:30:11,NUZE,"""NuZee, Inc. Common Stock""",Nasdaq,LULD pause,2024-10-17,10:35:11
2024-10-17,10:29:26,NCNCW,noco-noco Inc. Warrant,Nasdaq,News pending,2024-10-22,13:35:00
2024-10-17,10:29:26,NCNCW,noco-noco Inc. Warrant,Nasdaq,News pending,,
2024-10-17,10:29:26,NCNC,noco-noco Inc. Ordinary Share,Nasdaq,News pending,2024-10-22,13:30:00
2024-10-17,10:29:26,NCNC,noco-noco Inc. Ordinary Share,Nasdaq,News pending,,
2024-10-17,10:20:35,ORIS,Oriental Rise Holdings Limited Ordinary Shares,Nasdaq,LULD pause,2024-10-17,10:30:36
2024-10-17,10:08:46,BREA,Brera Holdings PLC Class B Ordinary Shares,Nasdaq,LULD pause,2024-10-17,10:13:46
2024-10-17,10:05:05,PIXY,"""ShiftPixy, Inc. Common Stock""",Nasdaq,LULD pause,2024-10-17,10:10:05
2024-10-17,10:03:36,NUZE,"""NuZee, Inc. Common Stock""",Nasdaq,LULD pause,2024-10-17,10:08:36
2024-10-17,10:02:09,BREA,Brera Holdings PLC Class B Ordinary Shares,Nasdaq,LULD pause,2024-10-17,10:07:09
2024-10-17,09:57:43,ILLR,Triller Group Inc. Common Stock,Nasdaq,LULD pause,2024-10-17,10:02:43
2024-10-17,09:53:40,PIXY,"""ShiftPixy, Inc. Common Stock""",Nasdaq,LULD pause,2024-10-17,09:58:40
2024-10-17,09:52:32,BREA,Brera Holdings PLC Class B Ordinary Shares,Nasdaq,LULD pause,2024-10-17,09:57:32
2024-10-17,09:45:45,UPXI,"""Upexi, Inc. Common Stock""",Nasdaq,LULD pause,2024-10-17,09:50:45
2024-10-17,09:45:36,BREA,Brera Holdings PLC Class B Ordinary Shares,Nasdaq,LULD pause,2024-10-17,09:50:36
2024-10-17,09:43:55,VSME,VS Media Holdings Limited Class A Ordinary Shares,Nasdaq,LULD pause,2024-10-17,09:48:55
2024-10-17,09:42:20,MRM,MEDIROM Healthcare Technologies Inc. American Depositary Share,Nasdaq,LULD pause,2024-10-17,09:52:20
2024-10-17,09:41:25,PIXY,"""ShiftPixy, Inc. Common Stock""",Nasdaq,LULD pause,2024-10-17,09:51:25
2024-10-17,09:37:15,BREA,Brera Holdings PLC Class B Ordinary Shares,Nasdaq,LULD pause,2024-10-17,09:42:15
2024-10-17,09:36:04,PIXY,"""ShiftPixy, Inc. Common Stock""",Nasdaq,LULD pause,2024-10-17,09:41:04
2024-10-17,09:32:54,ILLR,Triller Group Inc. Common Stock,Nasdaq,LULD pause,2024-10-17,09:37:54
2024-10-17,09:32:35,STAF,"""Staffing 360 Solutions, Inc. Common Stock (DE)""",Nasdaq,LULD pause,2024-10-17,09:37:35
2024-10-17,09:31:38,AMLX,"""Amylyx Pharmaceuticals, Inc. Common Stock""",Nasdaq,LULD pause,2024-10-17,09:36:38
2024-10-17,09:30:36,PIXY,"""ShiftPixy, Inc. Common Stock""",Nasdaq,LULD pause,2024-10-17,09:35:36
2024-10-17,08:01:01,SQSP,"""Squarespace, Inc.""",NYSE,Merger Effective,,
2024-10-17,06:31:41,GENE,Genetic Technologies Ltd.,Nasdaq,News pending,,
2024-10-16,19:50:00,PEGY,Pineapple Energy Inc. Common Stock,Nasdaq,News pending,2024-10-17,09:00:00
2024-10-16,19:50:00,PEGY,Pineapple Energy Inc. Common Stock,Nasdaq,News pending,,
2024-10-16,19:12:26,IPX,IperionX Limited American Depositary Share,Nasdaq,News pending,2024-10-21,07:05:00
2024-10-16,19:12:26,IPX,IperionX Limited American Depositary Share,Nasdaq,News pending,,
2024-10-16,16:25:00,GTACW,Global Technology Acquisition Corp. I Warrant,Nasdaq,News pending,2024-10-16,17:05:00
2024-10-16,16:25:00,GTACU,Global Technology Acquisition Corp. I Unit,Nasdaq,News pending,2024-10-16,17:05:00
2024-10-16,16:25:00,GTAC,Global Technology Acquisition Corp. I Class A Ordinary Shares,Nasdaq,News pending,2024-10-16,17:00:00
2024-10-16,15:54:03,INV,"""Innventure, Inc. Common Stock""",Nasdaq,LULD pause,2024-10-16,16:00:00
2024-10-16,15:48:50,FBYD,"""Falcon's Beyond Global, Inc. Class A Common Stock""",Nasdaq,LULD pause,2024-10-16,16:00:00
2024-10-16,15:33:37,STEC,Santech Holdings Limited American Depositary Shares,Nasdaq,LULD pause,2024-10-16,15:38:37
2024-10-16,15:11:33,STEC,Santech Holdings Limited American Depositary Shares,Nasdaq,LULD pause,2024-10-16,15:16:33
2024-10-16,14:58:13,STEC,Santech Holdings Limited American Depositary Shares,Nasdaq,LULD pause,2024-10-16,15:03:13
2024-10-16,14:08:06,DWTX,"""Dogwood Therapeutics, Inc. Common Stock""",Nasdaq,LULD pause,2024-10-16,14:13:06
2024-10-16,14:00:33,VSME,VS Media Holdings Limited Class A Ordinary Shares,Nasdaq,LULD pause,2024-10-16,14:10:34
2024-10-16,13:40:30,CTCX,Carmell Corporation Common Stock,Nasdaq,LULD pause,2024-10-16,13:45:30
2024-10-16,13:28:45,QNRX,"""Quoin Pharmaceuticals, Ltd. American Depositary Shares""",Nasdaq,LULD pause,2024-10-16,13:33:45
2024-10-16,13:23:07,QNRX,"""Quoin Pharmaceuticals, Ltd. American Depositary Shares""",Nasdaq,LULD pause,2024-10-16,13:28:07
2024-10-16,13:17:03,QNRX,"""Quoin Pharmaceuticals, Ltd. American Depositary Shares""",Nasdaq,LULD pause,2024-10-16,13:22:03
2024-10-16,13:05:42,QNRX,"""Quoin Pharmaceuticals, Ltd. American Depositary Shares""",Nasdaq,LULD pause,2024-10-16,13:10:42
2024-10-16,13:01:25,STEC,Santech Holdings Limited American Depositary Shares,Nasdaq,LULD pause,2024-10-16,13:06:25
2024-10-16,12:59:38,QNRX,"""Quoin Pharmaceuticals, Ltd. American Depositary Shares""",Nasdaq,LULD pause,2024-10-16,13:04:38
2024-10-16,12:48:42,RAYA,Erayak Power Solution Group Inc. Class A Ordinary Shares,Nasdaq,LULD pause,2024-10-16,12:53:42
2024-10-16,12:47:31,CTCX,Carmell Corporation Common Stock,Nasdaq,LULD pause,2024-10-16,12:52:31
2024-10-16,12:46:58,STEC,Santech Holdings Limited American Depositary Shares,Nasdaq,LULD pause,2024-10-16,12:51:58
2024-10-16,12:35:10,CTCX,Carmell Corporation Common Stock,Nasdaq,LULD pause,2024-10-16,12:40:10
2024-10-16,12:34:59,UPC,Universe Pharmaceuticals Inc. Ordinary Shares,Nasdaq,LULD pause,2024-10-16,12:39:59
2024-10-16,12:34:42,STEC,Santech Holdings Limited American Depositary Shares,Nasdaq,LULD pause,2024-10-16,12:39:42
2024-10-16,12:26:04,TWG,Top Wealth Group Holding Limited Ordinary Shares,Nasdaq,LULD pause,2024-10-16,12:31:04
2024-10-16,12:25:27,UPC,Universe Pharmaceuticals Inc. Ordinary Shares,Nasdaq,LULD pause,2024-10-16,12:30:27
2024-10-16,12:17:16,QNRX,"""Quoin Pharmaceuticals, Ltd. American Depositary Shares""",Nasdaq,LULD pause,2024-10-16,12:22:16
2024-10-16,12:16:31,SAIH,SAIHEAT Limited Class A Ordinary Shares,Nasdaq,LULD pause,2024-10-16,12:21:31
2024-10-16,12:10:36,QNRX,"""Quoin Pharmaceuticals, Ltd. American Depositary Shares""",Nasdaq,LULD pause,2024-10-16,12:15:36
2024-10-16,12:07:03,SAIH,SAIHEAT Limited Class A Ordinary Shares,Nasdaq,LULD pause,2024-10-16,12:12:03
2024-10-16,12:01:34,QNRX,"""Quoin Pharmaceuticals, Ltd. American Depositary Shares""",Nasdaq,LULD pause,2024-10-16,12:06:34
2024-10-16,11:57:24,SAIH,SAIHEAT Limited Class A Ordinary Shares,Nasdaq,LULD pause,2024-10-16,12:02:24
2024-10-16,11:56:18,QNRX,"""Quoin Pharmaceuticals, Ltd. American Depositary Shares""",Nasdaq,LULD pause,2024-10-16,12:01:18
2024-10-16,11:52:03,BB,BlackBerry Limited,NYSE,News pending,2024-10-16,12:25:35
2024-10-16,11:50:49,SAIH,SAIHEAT Limited Class A Ordinary Shares,Nasdaq,LULD pause,2024-10-16,11:55:49
2024-10-16,11:49:56,QNRX,"""Quoin Pharmaceuticals, Ltd. American Depositary Shares""",Nasdaq,LULD pause,2024-10-16,11:54:56
2024-10-16,11:44:01,QNRX,"""Quoin Pharmaceuticals, Ltd. American Depositary Shares""",Nasdaq,LULD pause,2024-10-16,11:49:01
2024-10-16,11:42:03,STEC,Santech Holdings Limited American Depositary Shares,Nasdaq,LULD pause,2024-10-16,11:52:03
2024-10-16,11:40:26,SAIH,SAIHEAT Limited Class A Ordinary Shares,Nasdaq,LULD pause,2024-10-16,11:50:26
2024-10-16,11:33:27,SAIH,SAIHEAT Limited Class A Ordinary Shares,Nasdaq,LULD pause,2024-10-16,11:38:27
2024-10-16,11:27:01,STEC,Santech Holdings Limited American Depositary Shares,Nasdaq,LULD pause,2024-10-16,11:32:01
2024-10-16,11:27:00,SAIH,SAIHEAT Limited Class A Ordinary Shares,Nasdaq,LULD pause,2024-10-16,11:32:00
2024-10-16,11:21:39,SAIH,SAIHEAT Limited Class A Ordinary Shares,Nasdaq,LULD pause,2024-10-16,11:26:39
2024-10-16,11:19:45,STEC,Santech Holdings Limited American Depositary Shares,Nasdaq,LULD pause,2024-10-16,11:24:45
2024-10-16,11:15:41,SAIH,SAIHEAT Limited Class A Ordinary Shares,Nasdaq,LULD pause,2024-10-16,11:20:41
2024-10-16,11:10:20,LNGZ,Range Global LNG Ecosystem Index ETF,NYSE Arca,News pending,2024-10-16,13:15:00
2024-10-16,11:09:45,SAIH,SAIHEAT Limited Class A Ordinary Shares,Nasdaq,LULD pause,2024-10-16,11:14:45
2024-10-16,11:08:11,STEC,Santech Holdings Limited American Depositary Shares,Nasdaq,LULD pause,2024-10-16,11:18:11
2024-10-16,11:08:04,BOWNU,Bowen Acquisition Corp Unit,Nasdaq,LULD pause,2024-10-16,11:13:04
2024-10-16,11:05:28,DRUG,Bright Minds Biosciences Inc. Common Stock,Nasdaq,LULD pause,2024-10-16,11:10:28
2024-10-16,11:00:39,STEC,Santech Holdings Limited American Depositary Shares,Nasdaq,LULD pause,2024-10-16,11:05:39
2024-10-16,11:00:28,BURU,"""Nuburu, Inc.""",NYSE American,LULD pause,2024-10-16,11:05:28
2024-10-16,10:55:37,DRUG,Bright Minds Biosciences Inc. Common Stock,Nasdaq,LULD pause,2024-10-16,11:00:37
2024-10-16,10:53:39,BURU,"""Nuburu, Inc.""",NYSE American,LULD pause,2024-10-16,10:58:39
2024-10-16,10:52:44,STEC,Santech Holdings Limited American Depositary Shares,Nasdaq,LULD pause,2024-10-16,10:57:44
2024-10-16,10:47:12,STEC,Santech Holdings Limited American Depositary Shares,Nasdaq,LULD pause,2024-10-16,10:52:12
2024-10-16,10:47:02,PTLE,PTL LTD Ordinary Shares,Nasdaq,LULD pause,2024-10-16,10:52:02
2024-10-16,10:46:34,DRUG,Bright Minds Biosciences Inc. Common Stock,Nasdaq,LULD pause,2024-10-16,10:51:34
2024-10-16,10:43:11,BURU,"""Nuburu, Inc.""",NYSE American,LULD pause,2024-10-16,10:53:11
2024-10-16,10:42:02,TG,Tredegar Corporation,NYSE,News pending,2024-10-16,11:01:10
2024-10-16,10:41:28,YOSH,Yoshiharu Global Co. Class A Common Stock,Nasdaq,LULD pause,2024-10-16,10:46:28
2024-10-16,10:40:53,STEC,Santech Holdings Limited American Depositary Shares,Nasdaq,LULD pause,2024-10-16,10:45:53
2024-10-16,10:40:30,DRUG,Bright Minds Biosciences Inc. Common Stock,Nasdaq,LULD pause,2024-10-16,10:45:30
2024-10-16,10:35:28,MRM,MEDIROM Healthcare Technologies Inc. American Depositary Share,Nasdaq,LULD pause,2024-10-16,10:40:28
2024-10-16,10:29:19,STEC,Santech Holdings Limited American Depositary Shares,Nasdaq,LULD pause,2024-10-16,10:39:19
2024-10-16,10:23:59,STEC,Santech Holdings Limited American Depositary Shares,Nasdaq,LULD pause,2024-10-16,10:28:59
2024-10-16,10:13:40,STEC,Santech Holdings Limited American Depositary Shares,Nasdaq,LULD pause,2024-10-16,10:23:40
2024-10-16,10:12:26,BDRX,Biodexa Pharmaceuticals plc American Depositary Shs,Nasdaq,LULD pause,2024-10-16,10:17:26
2024-10-16,10:07:26,VS,Versus Systems Inc. Common Stock,Nasdaq,LULD pause,2024-10-16,10:12:26
2024-10-16,10:07:21,AIFF,"""Firefly Neuroscience, Inc. Common Stock""",Nasdaq,LULD pause,2024-10-16,10:12:21
2024-10-16,10:06:56,BDRX,Biodexa Pharmaceuticals plc American Depositary Shs,Nasdaq,LULD pause,2024-10-16,10:11:56
2024-10-16,10:03:24,STEC,Santech Holdings Limited American Depositary Shares,Nasdaq,LULD pause,2024-10-16,10:13:24
2024-10-16,10:02:39,ATNF,180 Life Sciences Corp. Common Stock,Nasdaq,LULD pause,2024-10-16,10:07:39
2024-10-16,09:59:45,KRRO,"""Korro Bio, Inc. Common Stock""",Nasdaq,LULD pause,2024-10-16,10:04:45
2024-10-16,09:57:40,STEC,Santech Holdings Limited American Depositary Shares,Nasdaq,LULD pause,2024-10-16,10:02:40
2024-10-16,09:56:28,VS,Versus Systems Inc. Common Stock,Nasdaq,LULD pause,2024-10-16,10:01:28
2024-10-16,09:55:27,AIFF,"""Firefly Neuroscience, Inc. Common Stock""",Nasdaq,LULD pause,2024-10-16,10:05:27
2024-10-16,09:53:06,MRM,MEDIROM Healthcare Technologies Inc. American Depositary Share,Nasdaq,LULD pause,2024-10-16,10:05:27
2024-10-16,09:52:58,BDRX,Biodexa Pharmaceuticals plc American Depositary Shs,Nasdaq,LULD pause,2024-10-16,10:02:58
2024-10-16,09:52:04,STEC,Santech Holdings Limited American Depositary Shares,Nasdaq,LULD pause,2024-10-16,09:57:04
2024-10-16,09:48:29,AIFF,"""Firefly Neuroscience, Inc. Common Stock""",Nasdaq,LULD pause,2024-10-16,09:53:29
2024-10-16,09:47:21,VS,Versus Systems Inc. Common Stock,Nasdaq,LULD pause,2024-10-16,09:52:21
2024-10-16,09:46:14,STEC,Santech Holdings Limited American Depositary Shares,Nasdaq,LULD pause,2024-10-16,09:51:14
2024-10-16,09:42:14,BDRX,Biodexa Pharmaceuticals plc American Depositary Shs,Nasdaq,LULD pause,2024-10-16,09:52:14
2024-10-16,09:36:38,AIFF,"""Firefly Neuroscience, Inc. Common Stock""",Nasdaq,LULD pause,2024-10-16,09:46:38
2024-10-16,09:36:27,BDRX,Biodexa Pharmaceuticals plc American Depositary Shs,Nasdaq,LULD pause,2024-10-16,09:41:27
2024-10-16,09:36:04,WAVE,Eco Wave Power Global AB (publ) American Depositary Shares,Nasdaq,LULD pause,2024-10-16,09:41:04
2024-10-16,09:36:03,KRRO,"""Korro Bio, Inc. Common Stock""",Nasdaq,LULD pause,2024-10-16,09:51:03
2024-10-16,09:35:54,STEC,Santech Holdings Limited American Depositary Shares,Nasdaq,LULD pause,2024-10-16,09:45:54
2024-10-16,09:31:34,DRUG,Bright Minds Biosciences Inc. Common Stock,Nasdaq,LULD pause,2024-10-16,09:36:34
2024-10-16,09:31:13,AIFF,"""Firefly Neuroscience, Inc. Common Stock""",Nasdaq,LULD pause,2024-10-16,09:36:13
2024-10-16,09:30:46,AUID,authID Inc. Common Stock,Nasdaq,LULD pause,2024-10-16,09:40:46
2024-10-16,09:30:45,APRE,"""Aprea Therapeutics, Inc. Common stock""",Nasdaq,LULD pause,2024-10-16,09:35:45
2024-10-16,09:30:42,KRRO,"""Korro Bio, Inc. Common Stock""",Nasdaq,LULD pause,2024-10-16,09:35:42
2024-10-16,09:30:27,STEC,Santech Holdings Limited American Depositary Shares,Nasdaq,LULD pause,2024-10-16,09:35:27
2024-10-16,07:55:00,SVC,Service Properties Trust Common Stock,Nasdaq,News pending,2024-10-16,08:30:00
2024-10-16,03:58:04,ILLRW,Triller Group Inc. Warrant,Nasdaq,News pending,2024-10-16,09:05:00
2024-10-16,03:58:04,ILLR,Triller Group Inc. Common Stock,Nasdaq,News pending,2024-10-16,09:00:00
2024-10-16,00:23:51,ILLRW,Triller Group Inc. Warrant,Nasdaq,News pending,2024-10-16,03:58:00
2024-10-16,00:23:51,ILLR,Triller Group Inc. Common Stock,Nasdaq,News pending,2024-10-16,03:58:00
2024-10-15,19:50:00,STSSW,Sharps Technology Inc. Warrant,Nasdaq,News pending,,
2024-10-15,19:50:00,STSSW,Sharps Technology Inc. Warrant,Nasdaq,News pending,2024-10-16,09:05:00
2024-10-15,19:50:00,MGRX,"""Mangoceuticals, Inc. Common Stock""",Nasdaq,News pending,2024-10-16,09:00:00
2024-10-15,19:50:00,MGRX,"""Mangoceuticals, Inc. Common Stock""",Nasdaq,News pending,,
2024-10-15,19:50:00,ME,23andMe Holding Co. Class A Common Stock,Nasdaq,News pending,,
2024-10-15,19:50:00,ME,23andMe Holding Co. Class A Common Stock,Nasdaq,News pending,2024-10-16,09:00:00
2024-10-15,19:50:00,AGBAW,AGBA Group Holding Limited Warrant,Nasdaq,News pending,,
2024-10-15,19:50:00,STSS,Sharps Technology Inc. Common Stock,Nasdaq,News pending,,
2024-10-15,19:50:00,STSS,Sharps Technology Inc. Common Stock,Nasdaq,News pending,2024-10-16,09:00:00
2024-10-15,19:50:00,AGBA,AGBA Group Holding Limited Ordinary Share,Nasdaq,News pending,,
2024-10-15,19:50:00,DLPN,"""Dolphin Entertainment, Inc.""",Nasdaq,News pending,,
2024-10-15,19:50:00,DLPN,"""Dolphin Entertainment, Inc.""",Nasdaq,News pending,2024-10-16,09:00:00
2024-10-15,14:42:49,WLGS,"""Wang & Lee Group, Inc. Ordinary Shares""",Nasdaq,LULD pause,2024-10-15,14:47:49
2024-10-15,14:42:44,DJT,Trump Media & Technology Group Corp. Common Stock,Nasdaq,LULD pause,2024-10-15,14:47:44
2024-10-15,14:33:28,WLGS,"""Wang & Lee Group, Inc. Ordinary Shares""",Nasdaq,LULD pause,2024-10-15,14:38:28
2024-10-15,13:31:34,NIVF,NewGenIvf Group Limited Class A ordinary shares,Nasdaq,LULD pause,2024-10-15,13:36:34
2024-10-15,13:13:32,AZ,A2Z Cust2Mate Solutions Corp. Common Shares,Nasdaq,LULD pause,2024-10-15,13:18:32
2024-10-15,13:10:01,GNS,Genius Group Limited,NYSE American,News pending,2024-10-15,13:55:00
2024-10-15,13:02:59,PSIL,AdvisorShares Psychedelics ETF,NYSE Arca,LULD pause,2024-10-15,13:07:59
2024-10-15,13:02:54,DRUG,Bright Minds Biosciences Inc. Common Stock,Nasdaq,LULD pause,2024-10-15,13:07:54
2024-10-15,12:58:41,SFHG,Samfine Creation Holdings Group Limited Ordinary Share,Nasdaq,LULD pause,2024-10-15,13:03:41
2024-10-15,12:44:49,DRUG,Bright Minds Biosciences Inc. Common Stock,Nasdaq,LULD pause,2024-10-15,12:54:49
2024-10-15,12:36:00,SFHG,Samfine Creation Holdings Group Limited Ordinary Share,Nasdaq,LULD pause,2024-10-15,12:46:01
2024-10-15,12:30:43,SFHG,Samfine Creation Holdings Group Limited Ordinary Share,Nasdaq,LULD pause,2024-10-15,12:35:43
2024-10-15,12:25:26,SFHG,Samfine Creation Holdings Group Limited Ordinary Share,Nasdaq,LULD pause,2024-10-15,12:30:26
2024-10-15,12:22:45,PSIL,AdvisorShares Psychedelics ETF,NYSE Arca,LULD pause,2024-10-15,12:27:45
2024-10-15,12:09:38,SLRX,"""Salarius Pharmaceuticals, Inc. Common Stock""",Nasdaq,LULD pause,2024-10-15,12:14:38
2024-10-15,11:57:26,TVGN,Tevogen Bio Holdings Inc. Common Stock,Nasdaq,LULD pause,2024-10-15,12:02:26
2024-10-15,11:34:06,XCUR,"""Exicure, Inc. Common Stock""",Nasdaq,LULD pause,2024-10-15,11:39:06
2024-10-15,11:09:49,NIVF,NewGenIvf Group Limited Class A ordinary shares,Nasdaq,LULD pause,2024-10-15,11:14:49
2024-10-15,11:08:34,DRUG,Bright Minds Biosciences Inc. Common Stock,Nasdaq,LULD pause,2024-10-15,11:13:34
2024-10-15,11:00:43,EXEL,Exelixis Inc,Nasdaq,LULD pause,2024-10-15,11:05:43
2024-10-15,10:54:48,PHUN,"""Phunware, Inc. Common Stock""",Nasdaq,LULD pause,2024-10-15,10:59:48
2024-10-15,10:53:20,DRUG,Bright Minds Biosciences Inc. Common Stock,Nasdaq,LULD pause,2024-10-15,11:07:42
2024-10-15,10:42:58,DRUG,Bright Minds Biosciences Inc. Common Stock,Nasdaq,LULD pause,2024-10-15,10:52:59
2024-10-15,10:32:30,DRUG,Bright Minds Biosciences Inc. Common Stock,Nasdaq,LULD pause,2024-10-15,10:42:31
2024-10-15,10:18:42,DRUG,Bright Minds Biosciences Inc. Common Stock,Nasdaq,LULD pause,2024-10-15,10:23:42
2024-10-15,10:09:28,WLGS,"""Wang & Lee Group, Inc. Ordinary Shares""",Nasdaq,LULD pause,2024-10-15,10:14:28
2024-10-15,09:58:31,SGD,Safe and Green Development Corporation Common Stock,Nasdaq,LULD pause,2024-10-15,10:03:31
2024-10-15,09:54:48,INHD,Inno Holdings Inc. Common Stock,Nasdaq,LULD pause,2024-10-15,09:59:48
2024-10-15,09:50:56,SGD,Safe and Green Development Corporation Common Stock,Nasdaq,LULD pause,2024-10-15,09:55:56
2024-10-15,09:41:24,DRUG,Bright Minds Biosciences Inc. Common Stock,Nasdaq,LULD pause,2024-10-15,09:46:24
2024-10-15,09:39:41,SGD,Safe and Green Development Corporation Common Stock,Nasdaq,LULD pause,2024-10-15,09:44:41
2024-10-14,19:50:15,UAVS,"""AgEagle Aerial Systems, Inc.""",NYSE American,Corporate Action,,
2024-10-14,19:50:15,UAVS,"""AgEagle Aerial Systems, Inc.""",NYSE American,Corporate Action,2024-10-15,09:00:00
2024-10-14,13:09:08,VMAR,Vision Marine Technologies Inc. Common Shares,Nasdaq,LULD pause,2024-10-14,13:14:08
2024-10-14,13:01:23,VMAR,Vision Marine Technologies Inc. Common Shares,Nasdaq,LULD pause,2024-10-14,13:06:23
2024-10-14,12:55:42,VMAR,Vision Marine Technologies Inc. Common Shares,Nasdaq,LULD pause,2024-10-14,13:00:42
2024-10-14,10:09:20,TVGN,Tevogen Bio Holdings Inc. Common Stock,Nasdaq,LULD pause,2024-10-14,10:14:20
2024-10-14,10:02:45,TVGN,Tevogen Bio Holdings Inc. Common Stock,Nasdaq,LULD pause,2024-10-14,10:07:45
2024-10-14,09:45:05,WOK,WORK Medical Technology Group LTD Ordinary Shares,Nasdaq,LULD pause,2024-10-14,09:50:05
2024-10-14,09:40:31,VERB,"""Verb Technology Company, Inc. Common Stock""",Nasdaq,LULD pause,2024-10-14,09:45:31
2024-10-14,09:34:59,VERB,"""Verb Technology Company, Inc. Common Stock""",Nasdaq,LULD pause,2024-10-14,09:39:59
2024-10-14,09:17:54,NTBL,"""Notable Labs, Ltd. Ordinary Shares""",Nasdaq,News pending,,
2024-10-14,09:17:54,NTBL,"""Notable Labs, Ltd. Ordinary Shares""",Nasdaq,News pending,2024-10-15,07:00:00
2024-10-11,19:50:00,PIXY,"""ShiftPixy, Inc. Common Stock""",Nasdaq,News pending,2024-10-14,09:00:00
2024-10-11,19:50:00,PIXY,"""ShiftPixy, Inc. Common Stock""",Nasdaq,News pending,,
2024-10-11,16:55:00,ZPTAW,Zapata Computing Holdings Inc. Warrant,Nasdaq,News pending,2024-10-11,17:35:00
2024-10-11,16:55:00,ZPTA,Zapata Computing Holdings Inc. Common Stock,Nasdaq,News pending,2024-10-11,17:30:00
2024-10-11,15:40:06,TCS,"""THE CONTAINER STORE GROUP, INC.""",NYSE,LULD pause,2024-10-11,15:45:18
2024-10-11,15:34:33,TCS,"""THE CONTAINER STORE GROUP, INC.""",NYSE,LULD pause,2024-10-11,15:39:40
2024-10-11,15:04:19,IBG,Innovation Beverage Group Limited Ordinary Shares,Nasdaq,LULD pause,2024-10-11,15:09:19
2024-10-11,14:05:30,DWTX,"""Dogwood Therapeutics, Inc. Common Stock""",Nasdaq,LULD pause,2024-10-11,14:15:30
2024-10-11,13:55:46,DWTX,"""Dogwood Therapeutics, Inc. Common Stock""",Nasdaq,LULD pause,2024-10-11,14:00:46
2024-10-11,13:41:00,DWTX,"""Dogwood Therapeutics, Inc. Common Stock""",Nasdaq,LULD pause,2024-10-11,13:46:00
2024-10-11,13:35:20,DWTX,"""Dogwood Therapeutics, Inc. Common Stock""",Nasdaq,LULD pause,2024-10-11,13:40:20
2024-10-11,13:13:32,DWTX,"""Dogwood Therapeutics, Inc. Common Stock""",Nasdaq,LULD pause,2024-10-11,13:28:43
2024-10-11,12:32:59,TURB,"""Turbo Energy, S.A. American Depositary Shares""",Nasdaq,LULD pause,2024-10-11,12:37:59
2024-10-11,12:29:17,ATIF,ATIF Holdings Limited Ordinary Shares,Nasdaq,LULD pause,2024-10-11,12:34:17
2024-10-11,12:23:07,ATIF,ATIF Holdings Limited Ordinary Shares,Nasdaq,LULD pause,2024-10-11,12:28:07
2024-10-11,12:18:41,TURB,"""Turbo Energy, S.A. American Depositary Shares""",Nasdaq,LULD pause,2024-10-11,12:23:41
2024-10-11,11:42:54,STFS,Star Fashion Culture Holdings Limited Class A Ordinary Shares,Nasdaq,LULD pause,2024-10-11,11:47:54
2024-10-11,11:36:52,VERB,"""Verb Technology Company, Inc. Common Stock""",Nasdaq,LULD pause,2024-10-11,11:46:52
2024-10-11,10:49:44,VMCAU,Valuence Merger Corp. I Unit,Nasdaq,LULD pause,2024-10-11,10:54:44
2024-10-11,09:57:50,TURB,"""Turbo Energy, S.A. American Depositary Shares""",Nasdaq,LULD pause,2024-10-11,10:02:50
2024-10-11,09:51:04,SKK,SKK Holdings Limited Common Stock,Nasdaq,LULD pause,2024-10-11,09:56:04
2024-10-11,09:39:55,TURB,"""Turbo Energy, S.A. American Depositary Shares""",Nasdaq,LULD pause,2024-10-11,09:49:55
2024-10-11,09:35:15,INHD,Inno Holdings Inc. Common Stock,Nasdaq,LULD pause,2024-10-11,09:45:42
2024-10-11,09:34:11,CATX,"""Perspective Therapeutics, Inc.""",NYSE American,LULD pause,2024-10-11,09:39:11
2024-10-11,09:33:34,TURB,"""Turbo Energy, S.A. American Depositary Shares""",Nasdaq,LULD pause,2024-10-11,09:38:34
2024-10-11,09:30:15,TSLW,Tradr 1.5X Long TSLA Weekly ETF,Nasdaq,LULD pause,2024-10-11,09:35:15
2024-10-10,19:50:00,CHUY,"""Chuy's Holdings, Inc. Common Stock""",Nasdaq,News pending,,
2024-10-10,19:50:00,ALCE,"""Alternus Clean Energy, Inc. Class A Common Stock""",Nasdaq,News pending,2024-10-11,09:00:00
2024-10-10,19:50:00,ALCE,"""Alternus Clean Energy, Inc. Class A Common Stock""",Nasdaq,News pending,,
2024-10-10,15:26:46,TGI,"""Triumph Group, Inc.""",NYSE,LULD pause,2024-10-10,15:31:55
2024-10-10,15:00:36,FATBB,FAT Brands Inc. Class B Common Stock,Nasdaq,LULD pause,2024-10-10,15:05:36
2024-10-10,14:54:06,FATBB,FAT Brands Inc. Class B Common Stock,Nasdaq,LULD pause,2024-10-10,14:59:06
2024-10-10,14:35:37,GLXG,Galaxy Payroll Group Limited Ordinary Shares,Nasdaq,LULD pause,2024-10-10,14:45:37
2024-10-10,14:29:43,RGC,Regencell Bioscience Holdings Limited Ordinary Shares,Nasdaq,LULD pause,2024-10-10,14:34:43
2024-10-10,14:19:29,GLXG,Galaxy Payroll Group Limited Ordinary Shares,Nasdaq,LULD pause,2024-10-10,14:29:30
2024-10-10,14:05:36,DUO,Fangdd Network Group Ltd. Class A Ordinary Shares,Nasdaq,LULD pause,2024-10-10,14:10:36
2024-10-10,11:38:44,GSUN,Golden Sun Health Technology Group Limited Class A Ordinary Shares,Nasdaq,LULD pause,2024-10-10,11:43:44
2024-10-10,11:38:18,PCTTU,"""PureCycle Technologies, Inc. Unit""",Nasdaq,LULD pause,2024-10-10,11:43:18
2024-10-10,11:35:39,VMAR,Vision Marine Technologies Inc. Common Shares,Nasdaq,LULD pause,2024-10-10,11:50:41
2024-10-10,10:47:52,GSUN,Golden Sun Health Technology Group Limited Class A Ordinary Shares,Nasdaq,LULD pause,2024-10-10,10:52:52
2024-10-10,09:54:19,GNTA,Genenta Science S.p.A. American Depositary Shares,Nasdaq,LULD pause,2024-10-10,09:59:19
2024-10-10,09:48:53,GNTA,Genenta Science S.p.A. American Depositary Shares,Nasdaq,LULD pause,2024-10-10,09:53:53
2024-10-10,09:48:18,BLMZ,BloomZ Inc. Ordinary Shares,Nasdaq,LULD pause,2024-10-10,09:53:18
2024-10-10,09:42:23,NRXS,"""Neuraxis, Inc.""",NYSE American,LULD pause,2024-10-10,09:52:23
2024-10-10,09:31:07,ETWO,"""E2open Parent Holdings, Inc.""",NYSE,LULD pause,2024-10-10,09:36:24
2024-10-10,09:30:16,JG,Aurora Mobile Limited American Depositary Shares,Nasdaq,LULD pause,2024-10-10,09:40:16
2024-10-09,19:50:00,WLDSW,Wearable Devices Ltd. Warrant,Nasdaq,News pending,,
2024-10-09,19:50:00,WLDSW,Wearable Devices Ltd. Warrant,Nasdaq,News pending,2024-10-10,09:05:00
2024-10-09,19:50:00,WLDS,Wearable Devices Ltd. Ordinary Share,Nasdaq,News pending,,
2024-10-09,19:50:00,WLDS,Wearable Devices Ltd. Ordinary Share,Nasdaq,News pending,2024-10-10,09:00:00
2024-10-09,19:50:00,INHD,Inno Holdings Inc. Common Stock,Nasdaq,News pending,2024-10-10,09:00:00
2024-10-09,19:50:00,INHD,Inno Holdings Inc. Common Stock,Nasdaq,News pending,,
2024-10-09,12:45:37,GSK,GSK plc American Depositary Shares (Each representing two Ordinary Shares),NYSE,News pending,2024-10-09,13:10:58
2024-10-09,11:27:43,SKK,SKK Holdings Limited Common Stock,Nasdaq,LULD pause,2024-10-09,11:32:43
2024-10-09,11:24:24,CLIK,Click Holdings Limited Ordinary Share,Nasdaq,LULD pause,2024-10-09,11:29:24
2024-10-09,11:20:49,SKK,SKK Holdings Limited Common Stock,Nasdaq,LULD pause,2024-10-09,11:25:49
2024-10-09,11:07:29,CLIK,Click Holdings Limited Ordinary Share,Nasdaq,LULD pause,2024-10-09,11:12:29
2024-10-09,10:52:02,SKK,SKK Holdings Limited Common Stock,Nasdaq,LULD pause,2024-10-09,10:57:02
2024-10-09,10:48:37,CLIK,Click Holdings Limited Ordinary Share,Nasdaq,LULD pause,2024-10-09,10:53:37
2024-10-09,10:43:31,BYU,"""BAIYU Holdings, Inc. Common Stock""",Nasdaq,LULD pause,2024-10-09,10:48:31
2024-10-09,10:31:02,BYU,"""BAIYU Holdings, Inc. Common Stock""",Nasdaq,LULD pause,2024-10-09,10:36:02
2024-10-09,10:25:40,BYU,"""BAIYU Holdings, Inc. Common Stock""",Nasdaq,LULD pause,2024-10-09,10:30:40
2024-10-09,10:19:58,BYU,"""BAIYU Holdings, Inc. Common Stock""",Nasdaq,LULD pause,2024-10-09,10:24:58
2024-10-09,10:15:13,HOLO,MicroCloud Hologram Inc. Ordinary Shares,Nasdaq,LULD pause,2024-10-09,10:20:13
2024-10-09,10:07:49,SOBR,"""SOBR Safe, Inc. Common Stock""",Nasdaq,LULD pause,2024-10-09,10:12:49
2024-10-09,10:03:33,NISN,"""NiSun International Enterprise Development Group Co., Ltd. Class A Common Shares""",Nasdaq,LULD pause,2024-10-09,10:08:33
2024-10-09,10:02:10,NRXS,"""Neuraxis, Inc.""",NYSE American,LULD pause,2024-10-09,10:07:10
2024-10-09,10:01:29,HOLO,MicroCloud Hologram Inc. Ordinary Shares,Nasdaq,LULD pause,2024-10-09,10:06:29
2024-10-09,09:59:04,SKK,SKK Holdings Limited Common Stock,Nasdaq,LULD pause,2024-10-09,10:09:04
2024-10-09,09:57:39,NISN,"""NiSun International Enterprise Development Group Co., Ltd. Class A Common Shares""",Nasdaq,LULD pause,2024-10-09,10:02:39
2024-10-09,09:56:30,SMXT,Solarmax Technology Inc. Common Stock,Nasdaq,LULD pause,2024-10-09,10:01:30
2024-10-09,09:53:34,SKK,SKK Holdings Limited Common Stock,Nasdaq,LULD pause,2024-10-09,09:58:34
2024-10-09,09:48:16,SKK,SKK Holdings Limited Common Stock,Nasdaq,LULD pause,2024-10-09,09:53:16
2024-10-09,09:45:01,NISN,"""NiSun International Enterprise Development Group Co., Ltd. Class A Common Shares""",Nasdaq,LULD pause,2024-10-09,09:55:01
2024-10-09,09:43:23,DWTX,"""Dogwood Therapeutics, Inc. Common Stock""",Nasdaq,LULD pause,2024-10-09,09:53:23
2024-10-09,09:42:47,HOLO,MicroCloud Hologram Inc. Ordinary Shares,Nasdaq,LULD pause,2024-10-09,09:47:47
2024-10-09,09:42:47,SKK,SKK Holdings Limited Common Stock,Nasdaq,LULD pause,2024-10-09,09:47:47
2024-10-09,09:41:57,VMAR,Vision Marine Technologies Inc. Common Shares,Nasdaq,LULD pause,2024-10-09,09:46:57
2024-10-09,09:41:53,INV,"""Innventure, Inc. Common Stock""",Nasdaq,LULD pause,2024-10-09,09:46:53
2024-10-09,09:39:43,NISN,"""NiSun International Enterprise Development Group Co., Ltd. Class A Common Shares""",Nasdaq,LULD pause,2024-10-09,09:44:43
2024-10-09,09:39:35,WHLR,"""Wheeler Real Estate Investment Trust, Inc""",Nasdaq,LULD pause,2024-10-09,09:49:36
2024-10-09,09:32:22,HOLO,MicroCloud Hologram Inc. Ordinary Shares,Nasdaq,LULD pause,2024-10-09,09:37:22
2024-10-09,09:31:01,SKK,SKK Holdings Limited Common Stock,Nasdaq,LULD pause,2024-10-09,09:41:01
2024-10-09,09:30:50,BDCZ,"""ETRACS MarketVector Business Development Companies Liquid Index ETN due April 26, 2041""",NYSE Arca,LULD pause,2024-10-09,09:35:50
2024-10-09,03:58:12,DWTX,"""Dogwood Therapeutics, Inc. Common Stock""",Nasdaq,News pending,2024-10-09,08:55:00
2024-10-09,00:23:05,DWTX,"""Dogwood Therapeutics, Inc. Common Stock""",Nasdaq,News pending,2024-10-09,03:58:00
2024-10-08,19:50:46,SQNS,"""Sequans Communications S.A. American Depositary Shares, each representing four Ordinary Shares""",NYSE,Corporate Action,,
2024-10-08,19:50:46,SQNS,"""Sequans Communications S.A. American Depositary Shares, each representing four Ordinary Shares""",NYSE,Corporate Action,2024-10-09,09:30:30
2024-10-08,19:50:00,HOLOW,MicroCloud Hologram Inc. Warrant,Nasdaq,News pending,,
2024-10-08,19:50:00,HOLOW,MicroCloud Hologram Inc. Warrant,Nasdaq,News pending,2024-10-09,09:05:00
2024-10-08,19:50:00,MAXN,"""Maxeon Solar Technologies, Ltd. Ordinary Shares""",Nasdaq,News pending,,
2024-10-08,19:50:00,MAXN,"""Maxeon Solar Technologies, Ltd. Ordinary Shares""",Nasdaq,News pending,2024-10-09,09:00:00
2024-10-08,19:50:00,HOLO,MicroCloud Hologram Inc. Ordinary Shares,Nasdaq,News pending,,
2024-10-08,19:50:00,HOLO,MicroCloud Hologram Inc. Ordinary Shares,Nasdaq,News pending,2024-10-09,09:00:00
2024-10-08,19:50:00,VIRI,"""Virios Therapeutics, Inc. Common Stock""",Nasdaq,News pending,,
2024-10-08,19:50:00,VERB,"""Verb Technology Company, Inc. Common Stock""",Nasdaq,News pending,2024-10-09,09:00:00
2024-10-08,19:50:00,VERB,"""Verb Technology Company, Inc. Common Stock""",Nasdaq,News pending,,
2024-10-08,19:50:00,XPON,Expion360 Inc. Common Stock,Nasdaq,News pending,,
2024-10-08,19:50:00,XPON,Expion360 Inc. Common Stock,Nasdaq,News pending,2024-10-09,09:00:00
2024-10-08,14:13:28,SMTK,"""SmartKem, Inc. Common Stock""",Nasdaq,LULD pause,2024-10-08,14:23:28
2024-10-08,14:00:57,TURB,"""Turbo Energy, S.A. American Depositary Shares""",Nasdaq,LULD pause,2024-10-08,14:05:57
2024-10-08,12:59:09,LASE,Laser Photonics Corporation Common Stock,Nasdaq,LULD pause,2024-10-08,13:04:09
2024-10-08,12:17:14,SKK,SKK Holdings Limited Common Stock,Nasdaq,LULD pause,2024-10-08,12:22:14
2024-10-08,11:56:14,SKK,SKK Holdings Limited Common Stock,Nasdaq,LULD pause,2024-10-08,12:06:14
2024-10-08,11:48:23,SKK,SKK Holdings Limited Common Stock,Nasdaq,LULD pause,2024-10-08,11:53:23
2024-10-08,11:38:17,SKK,SKK Holdings Limited Common Stock,Nasdaq,LULD pause,2024-10-08,11:43:17
2024-10-08,11:26:35,SKK,SKK Holdings Limited Common Stock,Nasdaq,LULD pause,2024-10-08,11:36:35
2024-10-08,11:15:29,SKK,SKK Holdings Limited Common Stock,Nasdaq,LULD pause,2024-10-08,11:25:29
2024-10-08,11:10:14,INV,"""Innventure, Inc. Common Stock""",Nasdaq,LULD pause,2024-10-08,11:25:12
2024-10-08,10:36:32,XYLO,Xylo Technologies Ltd. American Depositary Shares,Nasdaq,LULD pause,2024-10-08,10:41:32
2024-10-08,09:43:05,LASE,Laser Photonics Corporation Common Stock,Nasdaq,LULD pause,2024-10-08,09:48:05
2024-10-08,09:33:38,KACL,Kairous Acquisition Corp. Limited Ordinary Shares,Nasdaq,LULD pause,2024-10-08,09:38:38
2024-10-08,09:31:43,SOBR,"""SOBR Safe, Inc. Common Stock""",Nasdaq,LULD pause,2024-10-08,09:36:43
2024-10-07,19:50:00,VMAR,Vision Marine Technologies Inc. Common Shares,Nasdaq,News pending,2024-10-08,09:00:00
2024-10-07,19:50:00,VMAR,Vision Marine Technologies Inc. Common Shares,Nasdaq,News pending,,
2024-10-07,19:50:00,CHSN,Chanson International Holding Class A Ordinary Shares,Nasdaq,News pending,,
2024-10-07,19:50:00,CHSN,Chanson International Holding Class A Ordinary Shares,Nasdaq,News pending,2024-10-22,09:00:00
2024-10-07,19:50:00,SGD,Safe and Green Development Corporation Common Stock,Nasdaq,News pending,,
2024-10-07,19:50:00,SGD,Safe and Green Development Corporation Common Stock,Nasdaq,News pending,2024-10-08,09:00:00
2024-10-07,19:50:00,AGFY,Agrify Corporation Common Stock,Nasdaq,News pending,,
2024-10-07,19:50:00,AGFY,Agrify Corporation Common Stock,Nasdaq,News pending,2024-10-08,09:00:00
2024-10-07,19:50:00,AZ,A2Z Cust2Mate Solutions Corp. Common Shares,Nasdaq,News pending,,
2024-10-07,19:50:00,AZ,A2Z Cust2Mate Solutions Corp. Common Shares,Nasdaq,News pending,2024-10-08,09:00:00
2024-10-07,15:46:30,ZJK,"""ZJK Industrial Co., Ltd. Ordinary Shares""",Nasdaq,LULD pause,2024-10-07,16:00:00
2024-10-07,15:16:04,SOBR,"""SOBR Safe, Inc. Common Stock""",Nasdaq,LULD pause,2024-10-07,15:21:04
2024-10-07,14:52:18,ZENA,"""ZenaTech, Inc. Common Stock""",Nasdaq,LULD pause,2024-10-07,15:02:18
2024-10-07,13:20:07,SOBR,"""SOBR Safe, Inc. Common Stock""",Nasdaq,LULD pause,2024-10-07,13:25:07
2024-10-07,11:44:27,SOBR,"""SOBR Safe, Inc. Common Stock""",Nasdaq,LULD pause,2024-10-07,11:49:27
2024-10-07,11:37:46,SOBR,"""SOBR Safe, Inc. Common Stock""",Nasdaq,LULD pause,2024-10-07,11:42:46
2024-10-07,11:15:26,SOBR,"""SOBR Safe, Inc. Common Stock""",Nasdaq,LULD pause,2024-10-07,11:20:26
2024-10-07,11:04:42,SOBR,"""SOBR Safe, Inc. Common Stock""",Nasdaq,LULD pause,2024-10-07,11:14:42
2024-10-07,10:41:18,QSG,QuantaSing Group Limited American Depositary Shares,Nasdaq,LULD pause,2024-10-07,10:46:18
2024-10-07,10:30:54,LSB,"""LakeShore Biopharma Co., Ltd Ordinary Shares""",Nasdaq,LULD pause,2024-10-07,10:40:54
2024-10-07,10:20:44,ADRT U,"""Ault Disruptive Technologies Corporation Units, each consisting of one share of Common Stock, and three-fourths of one Redeemable Warrant to purchase """,NYSE American,LULD pause,2024-10-07,10:25:44
2024-10-07,10:19:46,LSB,"""LakeShore Biopharma Co., Ltd Ordinary Shares""",Nasdaq,LULD pause,2024-10-07,10:29:46
2024-10-07,10:19:44,ZENA,"""ZenaTech, Inc. Common Stock""",Nasdaq,LULD pause,2024-10-07,10:30:59
2024-10-07,10:13:34,LSB,"""LakeShore Biopharma Co., Ltd Ordinary Shares""",Nasdaq,LULD pause,2024-10-07,10:18:34
2024-10-07,10:03:48,CHSN,Chanson International Holding Class A Ordinary Shares,Nasdaq,LULD pause,2024-10-07,10:08:48
2024-10-07,10:01:17,LSB,"""LakeShore Biopharma Co., Ltd Ordinary Shares""",Nasdaq,LULD pause,2024-10-07,10:06:17
2024-10-07,10:00:40,WHLR,"""Wheeler Real Estate Investment Trust, Inc""",Nasdaq,LULD pause,2024-10-07,10:05:40
2024-10-07,09:57:19,CHSN,Chanson International Holding Class A Ordinary Shares,Nasdaq,LULD pause,2024-10-07,10:02:19
2024-10-07,09:46:44,CHSN,Chanson International Holding Class A Ordinary Shares,Nasdaq,LULD pause,2024-10-07,09:56:45
2024-10-07,09:44:24,GDEV,GDEV Inc. Ordinary Shares,Nasdaq,LULD pause,2024-10-07,09:58:05
2024-10-07,09:43:33,LSB,"""LakeShore Biopharma Co., Ltd Ordinary Shares""",Nasdaq,LULD pause,2024-10-07,09:55:50
2024-10-07,09:42:39,LASE,Laser Photonics Corporation Common Stock,Nasdaq,LULD pause,2024-10-07,09:47:39
2024-10-07,09:41:23,CHSN,Chanson International Holding Class A Ordinary Shares,Nasdaq,LULD pause,2024-10-07,09:46:23
2024-10-07,09:37:35,ZENA,"""ZenaTech, Inc. Common Stock""",Nasdaq,LULD pause,2024-10-07,09:47:35
2024-10-07,09:36:56,LASE,Laser Photonics Corporation Common Stock,Nasdaq,LULD pause,2024-10-07,09:41:56
2024-10-07,09:36:24,SOBR,"""SOBR Safe, Inc. Common Stock""",Nasdaq,LULD pause,2024-10-07,09:41:24
2024-10-07,09:36:05,CHSN,Chanson International Holding Class A Ordinary Shares,Nasdaq,LULD pause,2024-10-07,09:41:05
2024-10-07,09:35:49,MYTE,"""MYT Netherlands Parent B.V. American Depositary Shares, each representing one Ordinary Share""",NYSE,LULD pause,2024-10-07,09:41:04
2024-10-07,09:33:38,LSB,"""LakeShore Biopharma Co., Ltd Ordinary Shares""",Nasdaq,LULD pause,2024-10-07,09:38:38
2024-10-07,09:31:11,LASE,Laser Photonics Corporation Common Stock,Nasdaq,LULD pause,2024-10-07,09:36:11
2024-10-07,09:30:17,SOBR,"""SOBR Safe, Inc. Common Stock""",Nasdaq,LULD pause,2024-10-07,09:35:17
2024-10-07,08:46:24,VGR,Vector Group Ltd.,NYSE,Merger Effective,,
2024-10-07,07:20:34,OKUR,"""OnKure Therapeutics, Inc. Class A Common Stock""",Nasdaq,News pending,2024-10-07,09:00:00
2024-10-07,07:00:00,VIRI,"""Virios Therapeutics, Inc. Common Stock""",Nasdaq,News pending,2024-10-07,07:35:00
2024-10-07,06:58:43,SRRK,Scholar Rock Holding Corporation Common Stock,Nasdaq,News pending,2024-10-07,07:30:00
2024-10-07,00:23:42,OKUR,"""OnKure Therapeutics, Inc. Class A Common Stock""",Nasdaq,News pending,2024-10-07,03:58:00
2024-10-04,19:51:00,HDRO,Defiance Next Gen H2 ETF,NYSE Arca,Corporate Action,,
2024-10-04,19:51:00,HDRO,Defiance Next Gen H2 ETF,NYSE Arca,Corporate Action,2024-10-07,09:00:00
2024-10-04,19:50:00,RPHM,"""Reneo Pharmaceuticals, Inc. Common Stock""",Nasdaq,News pending,,
2024-10-04,16:08:35,EVA,Enviva Inc.,NYSE,News Released,,
2024-10-04,15:53:05,DUO,Fangdd Network Group Ltd. Class A Ordinary Shares,Nasdaq,LULD pause,2024-10-04,16:00:00
2024-10-04,15:31:06,CHSN,Chanson International Holding Class A Ordinary Shares,Nasdaq,LULD pause,2024-10-04,16:00:00
2024-10-04,15:20:38,CHSN,Chanson International Holding Class A Ordinary Shares,Nasdaq,LULD pause,2024-10-04,15:30:42
2024-10-04,15:12:16,CHSN,Chanson International Holding Class A Ordinary Shares,Nasdaq,LULD pause,2024-10-04,15:17:16
2024-10-04,14:53:41,CHSN,Chanson International Holding Class A Ordinary Shares,Nasdaq,LULD pause,2024-10-04,15:11:57
2024-10-04,14:38:14,CHSN,Chanson International Holding Class A Ordinary Shares,Nasdaq,LULD pause,2024-10-04,14:53:15
2024-10-04,14:32:59,CHSN,Chanson International Holding Class A Ordinary Shares,Nasdaq,LULD pause,2024-10-04,14:37:59
2024-10-04,14:25:45,DUO,Fangdd Network Group Ltd. Class A Ordinary Shares,Nasdaq,LULD pause,2024-10-04,14:30:45
2024-10-04,14:22:25,CHSN,Chanson International Holding Class A Ordinary Shares,Nasdaq,LULD pause,2024-10-04,14:32:25
2024-10-04,14:20:23,DUO,Fangdd Network Group Ltd. Class A Ordinary Shares,Nasdaq,LULD pause,2024-10-04,14:25:23
2024-10-04,14:16:37,CHSN,Chanson International Holding Class A Ordinary Shares,Nasdaq,LULD pause,2024-10-04,14:21:37
2024-10-04,13:51:59,UAVS,"""AgEagle Aerial Systems, Inc.""",NYSE American,Regulatory Concern,,
2024-10-04,13:51:59,UAVS,"""AgEagle Aerial Systems, Inc.""",NYSE American,Regulatory Concern,See Subsequent Halt,See Subsequent Halt
2024-10-04,13:16:26,CYCCP,"""Cyclacel Pharmaceuticals, Inc. 6% Cnvrtbl. Prfrd. Stock""",Nasdaq,LULD pause,2024-10-04,13:21:26
2024-10-04,12:43:16,CHSN,Chanson International Holding Class A Ordinary Shares,Nasdaq,LULD pause,2024-10-04,14:16:16
2024-10-04,11:53:47,CHSN,Chanson International Holding Class A Ordinary Shares,Nasdaq,LULD pause,2024-10-04,12:43:01
2024-10-04,11:43:21,CHSN,Chanson International Holding Class A Ordinary Shares,Nasdaq,LULD pause,2024-10-04,11:53:22
2024-10-04,11:35:13,BNR,Burning Rock Biotech Limited American Depositary Shares,Nasdaq,LULD pause,2024-10-04,11:45:13
2024-10-04,11:24:28,BNR,Burning Rock Biotech Limited American Depositary Shares,Nasdaq,LULD pause,2024-10-04,11:34:28
2024-10-04,11:21:29,SOBR,"""SOBR Safe, Inc. Common Stock""",Nasdaq,LULD pause,2024-10-04,11:26:29
2024-10-04,11:18:56,BNR,Burning Rock Biotech Limited American Depositary Shares,Nasdaq,LULD pause,2024-10-04,11:23:56
2024-10-04,11:03:54,SOBR,"""SOBR Safe, Inc. Common Stock""",Nasdaq,LULD pause,2024-10-04,11:18:52
2024-10-04,10:59:33,FLX,BingEx Limited American Depositary Shares,Nasdaq,LULD pause,2024-10-04,11:09:34
2024-10-04,10:57:31,SOBR,"""SOBR Safe, Inc. Common Stock""",Nasdaq,LULD pause,2024-10-04,11:02:31
2024-10-04,10:30:28,UXIN,Uxin Limited ADS,Nasdaq,LULD pause,2024-10-04,10:35:28
2024-10-04,10:24:14,DPRO,Draganfly Inc. Common Shares,Nasdaq,LULD pause,2024-10-04,10:29:14
2024-10-04,09:39:31,FORD,Forward Industries Inc-N Y,Nasdaq,LULD pause,2024-10-04,09:44:31
2024-10-04,09:38:36,UPXI,"""Upexi, Inc. Common Stock""",Nasdaq,LULD pause,2024-10-04,09:43:36
2024-10-04,09:33:29,INV,"""Innventure, Inc. Common Stock""",Nasdaq,LULD pause,2024-10-04,09:38:29
2024-10-03,19:50:00,BDRX,Biodexa Pharmaceuticals plc American Depositary Shs,Nasdaq,News pending,,
2024-10-03,19:50:00,BDRX,Biodexa Pharmaceuticals plc American Depositary Shs,Nasdaq,News pending,2024-10-04,09:00:00
2024-10-03,19:50:00,SIFY,Sify Technologies Limited,Nasdaq,News pending,,
2024-10-03,19:50:00,SIFY,Sify Technologies Limited,Nasdaq,News pending,2024-10-04,09:00:00
2024-10-03,19:50:00,STRM,"""Streamline Health Solutions, Inc.""",Nasdaq,News pending,2024-10-04,09:00:00
2024-10-03,19:50:00,STRM,"""Streamline Health Solutions, Inc.""",Nasdaq,News pending,,
2024-10-03,15:23:41,EVA,Enviva Inc.,NYSE,Regulatory Concern,See Subsequent Halt,See Subsequent Halt
2024-10-03,15:23:41,EVA,Enviva Inc.,NYSE,Regulatory Concern,,
2024-10-03,10:41:36,INV,"""Innventure, Inc. Common Stock""",Nasdaq,LULD pause,2024-10-03,10:46:36
2024-10-03,10:30:31,INV,"""Innventure, Inc. Common Stock""",Nasdaq,LULD pause,2024-10-03,10:40:31
2024-10-03,10:24:50,INV,"""Innventure, Inc. Common Stock""",Nasdaq,LULD pause,2024-10-03,10:29:50
2024-10-03,10:14:15,INV,"""Innventure, Inc. Common Stock""",Nasdaq,LULD pause,2024-10-03,10:19:15
2024-10-03,10:07:03,INV,"""Innventure, Inc. Common Stock""",Nasdaq,LULD pause,2024-10-03,10:12:03
2024-10-03,10:04:14,RZLV,Rezolve AI Limited Ordinary Shares,Nasdaq,LULD pause,2024-10-03,10:09:14
2024-10-03,09:53:55,INV,"""Innventure, Inc. Common Stock""",Nasdaq,LULD pause,2024-10-03,10:03:55
2024-10-03,09:44:39,CETX,CEMTREX INC.,Nasdaq,LULD pause,2024-10-03,09:54:39
2024-10-03,09:36:10,WHLRL,"""Wheeler Real Estate Investment Trust, Inc. 7.00% Senior Subordinated Convertible Notes Due 2031""",Nasdaq,LULD pause,2024-10-03,09:41:10
2024-10-03,09:34:39,UPXI,"""Upexi, Inc. Common Stock""",Nasdaq,LULD pause,2024-10-03,09:44:39
2024-10-03,09:34:09,INV,"""Innventure, Inc. Common Stock""",Nasdaq,LULD pause,2024-10-03,09:48:11
2024-10-03,09:33:03,CETX,CEMTREX INC.,Nasdaq,LULD pause,2024-10-03,09:43:03
2024-10-03,09:32:27,PCTTU,"""PureCycle Technologies, Inc. Unit""",Nasdaq,LULD pause,2024-10-03,09:37:27
2024-10-02,19:50:00,UPXI,"""Upexi, Inc. Common Stock""",Nasdaq,News pending,2024-10-03,09:00:00
2024-10-02,19:50:00,UPXI,"""Upexi, Inc. Common Stock""",Nasdaq,News pending,,
2024-10-02,19:50:00,CETX,CEMTREX INC.,Nasdaq,News pending,,
2024-10-02,19:50:00,CETX,CEMTREX INC.,Nasdaq,News pending,2024-10-03,09:00:00
2024-10-02,19:50:00,KRKR,36Kr Holdings Inc. American Depositary Shares,Nasdaq,News pending,,
2024-10-02,19:50:00,KRKR,36Kr Holdings Inc. American Depositary Shares,Nasdaq,News pending,2024-10-03,09:00:00
2024-10-02,19:05:25,IMRN,Immuron Limited American Depositary Shares,Nasdaq,News pending,,
2024-10-02,19:05:25,IMRN,Immuron Limited American Depositary Shares,Nasdaq,News pending,2024-10-04,07:50:00
2024-10-02,15:54:21,EGRX,"""Eagle Pharmaceuticals, Inc.""",Nasdaq,LULD pause,2024-10-02,16:00:00
2024-10-02,15:49:09,SNGX,"""Soligenix, Inc. Common Stock""",Nasdaq,LULD pause,2024-10-02,16:00:00
2024-10-02,14:39:33,VINO,"""Gaucho Group Holdings, Inc. Common Stock""",Nasdaq,LULD pause,2024-10-02,14:49:33
2024-10-02,13:18:37,DSY,Big Tree Cloud Holdings Limited Ordinary Shares,Nasdaq,LULD pause,2024-10-02,13:23:37
2024-10-02,12:05:56,GSUN,Golden Sun Health Technology Group Limited Class A Ordinary Shares,Nasdaq,LULD pause,2024-10-02,12:10:56
2024-10-02,11:46:31,GSUN,Golden Sun Health Technology Group Limited Class A Ordinary Shares,Nasdaq,LULD pause,2024-10-02,11:51:31
2024-10-02,11:36:11,GSUN,Golden Sun Health Technology Group Limited Class A Ordinary Shares,Nasdaq,LULD pause,2024-10-02,11:41:11
2024-10-02,11:31:09,BDMD,Baird Medical Investment Holdings Ltd Ordinary Share,Nasdaq,LULD pause,2024-10-02,11:36:09
2024-10-02,11:25:34,BDMD,Baird Medical Investment Holdings Ltd Ordinary Share,Nasdaq,LULD pause,2024-10-02,11:30:34
2024-10-02,11:02:42,EONR,EON Resources Inc.,NYSE American,LULD pause,2024-10-02,11:12:42
2024-10-02,10:28:51,WHLR,"""Wheeler Real Estate Investment Trust, Inc""",Nasdaq,LULD pause,2024-10-02,10:33:51
2024-10-02,10:06:42,WHLR,"""Wheeler Real Estate Investment Trust, Inc""",Nasdaq,LULD pause,2024-10-02,10:11:42
2024-10-02,09:49:34,BDMD,Baird Medical Investment Holdings Ltd Ordinary Share,Nasdaq,LULD pause,2024-10-02,09:54:34
2024-10-02,09:43:36,EGRX,"""Eagle Pharmaceuticals, Inc.""",Nasdaq,LULD pause,2024-10-02,09:48:36
2024-10-02,09:43:19,DUO,Fangdd Network Group Ltd. Class A Ordinary Shares,Nasdaq,LULD pause,2024-10-02,09:48:19
2024-10-02,09:34:40,ADTX,"""Aditxt, Inc. Common Stock""",Nasdaq,LULD pause,2024-10-02,09:39:40
2024-10-02,09:31:54,ADGM,"""Adagio Medical Holdings, Inc Common Stock""",Nasdaq,LULD pause,2024-10-02,09:36:54
2024-10-01,19:51:07,SFY,SoFi Select 500 ETF,NYSE Arca,Corporate Action,,
2024-10-01,19:51:07,SFY,SoFi Select 500 ETF,NYSE Arca,Corporate Action,2024-10-02,09:00:00
2024-10-01,19:50:00,AREBW,"""American Rebel Holdings, Inc. Warrants""",Nasdaq,News pending,,
2024-10-01,19:50:00,AREBW,"""American Rebel Holdings, Inc. Warrants""",Nasdaq,News pending,2024-10-02,09:05:00
2024-10-01,19:50:00,ADTX,"""Aditxt, Inc. Common Stock""",Nasdaq,News pending,2024-10-02,09:00:00
2024-10-01,19:50:00,ADTX,"""Aditxt, Inc. Common Stock""",Nasdaq,News pending,,
2024-10-01,19:50:00,PRFT,Perficient Inc,Nasdaq,News pending,,
2024-10-01,19:50:00,AREB,"""American Rebel Holdings, Inc. Common Stock""",Nasdaq,News pending,2024-10-02,09:00:00
2024-10-01,19:50:00,AREB,"""American Rebel Holdings, Inc. Common Stock""",Nasdaq,News pending,,
2024-10-01,19:50:00,SOBR,"""SOBR Safe, Inc. Common Stock""",Nasdaq,News pending,,
2024-10-01,19:50:00,SOBR,"""SOBR Safe, Inc. Common Stock""",Nasdaq,News pending,2024-10-02,09:00:00
2024-10-01,19:50:00,AUGX,"""Augmedix, Inc. Common Stock""",Nasdaq,News pending,,
2024-10-01,16:00:10,LPLA,LPL Financial Holdings Inc.,Nasdaq,News pending,2024-10-01,16:30:00
2024-10-01,15:32:02,ZENA,"""ZenaTech, Inc. Common Stock""",Nasdaq,LULD pause,2024-10-01,15:37:02
2024-10-01,15:08:29,DUO,Fangdd Network Group Ltd. Class A Ordinary Shares,Nasdaq,LULD pause,2024-10-01,15:13:29
2024-10-01,14:46:55,DUO,Fangdd Network Group Ltd. Class A Ordinary Shares,Nasdaq,LULD pause,2024-10-01,14:51:55
2024-10-01,14:35:55,DUO,Fangdd Network Group Ltd. Class A Ordinary Shares,Nasdaq,LULD pause,2024-10-01,14:40:55
2024-10-01,14:30:28,DUO,Fangdd Network Group Ltd. Class A Ordinary Shares,Nasdaq,LULD pause,2024-10-01,14:35:28
2024-10-01,14:06:55,DSY,Big Tree Cloud Holdings Limited Ordinary Shares,Nasdaq,LULD pause,2024-10-01,14:11:55
2024-10-01,13:26:08,NIXX,"""Nixxy, Inc. Common Stock""",Nasdaq,LULD pause,2024-10-01,13:31:08
2024-10-01,12:59:40,ZENA,"""ZenaTech, Inc. Common Stock""",Nasdaq,LULD pause,2024-10-01,13:09:40
2024-10-01,12:10:38,ZENA,"""ZenaTech, Inc. Common Stock""",Nasdaq,LULD pause,2024-10-01,12:20:38
2024-10-01,11:52:38,ZENA,"""ZenaTech, Inc. Common Stock""",Nasdaq,LULD pause,2024-10-01,12:07:39
2024-10-01,11:05:38,DUO,Fangdd Network Group Ltd. Class A Ordinary Shares,Nasdaq,LULD pause,2024-10-01,11:10:38
2024-10-01,10:54:30,DUO,Fangdd Network Group Ltd. Class A Ordinary Shares,Nasdaq,LULD pause,2024-10-01,11:04:30
2024-10-01,10:39:22,DUO,Fangdd Network Group Ltd. Class A Ordinary Shares,Nasdaq,LULD pause,2024-10-01,10:44:22
2024-10-01,10:02:11,STTK,"""Shattuck Labs, Inc. Common Stock""",Nasdaq,LULD pause,2024-10-01,10:07:11
2024-10-01,10:01:11,LVO,"""LiveOne, Inc. Common Stock""",Nasdaq,LULD pause,2024-10-01,10:06:11
2024-10-01,10:00:32,MULN,"""Mullen Automotive, Inc. Common Stock""",Nasdaq,LULD pause,2024-10-01,10:05:32
2024-10-01,09:56:49,STTK,"""Shattuck Labs, Inc. Common Stock""",Nasdaq,LULD pause,2024-10-01,10:01:49
2024-10-01,09:54:27,ZTAX,X-Square Municipal Income ETF,NYSE Arca,LULD pause,2024-10-01,09:59:27
2024-10-01,09:51:36,WAVE,Eco Wave Power Global AB (publ) American Depositary Shares,Nasdaq,LULD pause,2024-10-01,09:56:36
2024-10-01,09:49:34,HPH,Highest Performances Holdings Inc. American Depository Shares,Nasdaq,LULD pause,2024-10-01,09:54:34
2024-10-01,09:46:41,ATGL,Alpha Technology Group Limited Ordinary Shares,Nasdaq,LULD pause,2024-10-01,09:51:41
2024-10-01,09:43:06,HPH,Highest Performances Holdings Inc. American Depository Shares,Nasdaq,LULD pause,2024-10-01,09:48:06
2024-10-01,09:42:52,STTK,"""Shattuck Labs, Inc. Common Stock""",Nasdaq,LULD pause,2024-10-01,09:47:52
2024-10-01,09:41:26,NIXX,"""Nixxy, Inc. Common Stock""",Nasdaq,LULD pause,2024-10-01,09:46:26
2024-10-01,09:35:51,NFE,New Fortress Energy Inc. Class A Common Stock,Nasdaq,LULD pause,2024-10-01,09:40:51
2024-10-01,09:34:12,DUO,Fangdd Network Group Ltd. Class A Ordinary Shares,Nasdaq,LULD pause,2024-10-01,09:39:12
2024-10-01,09:33:43,NIXX,"""Nixxy, Inc. Common Stock""",Nasdaq,LULD pause,2024-10-01,09:38:43
2024-10-01,09:33:02,STTK,"""Shattuck Labs, Inc. Common Stock""",Nasdaq,LULD pause,2024-10-01,09:38:02
2024-10-01,09:31:45,CNL,Collective Mining Ltd.,NYSE American,LULD pause,2024-10-01,09:36:45
2024-10-01,08:52:57,TALO,"""Talos Energy, Inc. Common Stock""",NYSE,News pending,2024-10-01,09:12:02
2024-10-01,08:20:45,SWN,Southwestern Energy Company,NYSE,Merger Effective,,
2024-10-01,08:07:11,PWSC,"""PowerSchool Holdings, Inc.""",NYSE,Merger Effective,,
