Halt Date,Halt Time,Symbol,Name,Exchange,Reason,Resume Date,NYSE Resume Time
2024-11-29,16:50:00,FTCI,"""FTC Solar, Inc. Common Stock""",Nasdaq,News pending,2024-12-02,09:00:00
2024-11-29,16:50:00,FTCI,"""FTC Solar, Inc. Common Stock""",Nasdaq,News pending,,
2024-11-29,16:50:00,LBPH,"""Longboard Pharmaceuticals, Inc. Common Stock""",Nasdaq,News pending,,
2024-11-29,14:26:12,MNTN,Everest Consolidator Acquisition Corporation,NYSE,News Released,,
2024-11-29,14:26:12,MNTN WS,"""Everest Consolidator Acquisition Corporation Warrants, each whole warrant exercisable for one share of Class A Common Stock, at an exercise price of $""",NYSE,News Released,,
2024-11-29,14:26:12,MNTN U,"""Everest Consolidator Acquisition Corporation Units, each consisting of one share of Class A common stock and one-half of one redeemable warrant""",NYSE,News Released,,
2024-11-29,13:06:11,MNTN WS,"""Everest Consolidator Acquisition Corporation Warrants, each whole warrant exercisable for one share of Class A Common Stock, at an exercise price of $""",NYSE,News pending,See Subsequent Halt,See Subsequent Halt
2024-11-29,13:06:11,MNTN,Everest Consolidator Acquisition Corporation,NYSE,News pending,See Subsequent Halt,See Subsequent Halt
2024-11-29,13:06:11,MNTN U,"""Everest Consolidator Acquisition Corporation Units, each consisting of one share of Class A common stock and one-half of one redeemable warrant""",NYSE,News pending,See Subsequent Halt,See Subsequent Halt
2024-11-29,11:49:11,PASG,"""Passage Bio, Inc. Common Stock""",Nasdaq,LULD pause,2024-11-29,11:54:11
2024-11-29,11:14:21,PRZO,ParaZero Technologies Ltd. Ordinary Shares,Nasdaq,LULD pause,2024-11-29,11:19:21
2024-11-29,11:06:06,UMAC,"""Unusual Machines, Inc.""",NYSE American,LULD pause,2024-11-29,11:11:06
2024-11-29,11:05:29,NDRA,ENDRA Life Sciences Inc. Common Stock,Nasdaq,LULD pause,2024-11-29,11:10:29
2024-11-29,11:01:00,SANW,S&W Seed Company,Nasdaq,LULD pause,2024-11-29,11:06:00
2024-11-29,10:23:07,PRZO,ParaZero Technologies Ltd. Ordinary Shares,Nasdaq,LULD pause,2024-11-29,10:28:07
2024-11-29,10:17:36,AIEV,"""Thunder Power Holdings, Inc. Common Stock""",Nasdaq,LULD pause,2024-11-29,10:22:36
2024-11-29,10:08:28,PRZO,ParaZero Technologies Ltd. Ordinary Shares,Nasdaq,LULD pause,2024-11-29,10:13:28
2024-11-29,10:05:59,SANW,S&W Seed Company,Nasdaq,LULD pause,2024-11-29,10:15:59
2024-11-29,10:03:57,AIEV,"""Thunder Power Holdings, Inc. Common Stock""",Nasdaq,LULD pause,2024-11-29,10:08:57
2024-11-29,09:43:30,RECT,Rectitude Holdings Ltd Ordinary Shares,Nasdaq,LULD pause,2024-11-29,09:53:30
2024-11-29,09:38:36,CABA,"""Cabaletta Bio, Inc. Common Stock""",Nasdaq,LULD pause,2024-11-29,09:43:36
2024-11-29,09:32:47,ICLK,iClick Interactive Asia Group Limited,Nasdaq,LULD pause,2024-11-29,09:37:47
2024-11-29,09:32:35,BGM,BGM Group Ltd. Class A Ordinary Shares,Nasdaq,LULD pause,2024-11-29,09:42:35
2024-11-29,09:32:10,PRZO,ParaZero Technologies Ltd. Ordinary Shares,Nasdaq,LULD pause,2024-11-29,09:37:10
2024-11-29,09:31:22,IMCC,IM Cannabis Corp. Common Shares,Nasdaq,LULD pause,2024-11-29,09:36:22
2024-11-29,09:30:19,GNTA,Genenta Science S.p.A. American Depositary Shares,Nasdaq,LULD pause,2024-11-29,09:40:19
2024-11-27,19:50:00,SLXNW,Silexion Therapeutics Corp Warrant,Nasdaq,News pending,2024-11-29,09:05:00
2024-11-27,19:50:00,SLXNW,Silexion Therapeutics Corp Warrant,Nasdaq,News pending,,
2024-11-27,19:50:00,SLXN,Silexion Therapeutics Corp Ordinary Shares,Nasdaq,News pending,,
2024-11-27,19:50:00,SLXN,Silexion Therapeutics Corp Ordinary Shares,Nasdaq,News pending,2024-11-29,09:00:00
2024-11-27,19:50:00,DBVT,DBV Technologies S.A.,Nasdaq,News pending,,
2024-11-27,19:50:00,DBVT,DBV Technologies S.A.,Nasdaq,News pending,2024-11-29,09:00:00
2024-11-27,16:05:00,APLT,"""Applied Therapeutics, Inc. Common Stock""",Nasdaq,News pending,2024-11-27,16:40:00
2024-11-27,15:22:06,PGHL,Primega Group Holdings Limited Ordinary Shares,Nasdaq,LULD pause,2024-11-27,15:27:06
2024-11-27,14:38:24,MOVE,Movano Inc. Common Stock,Nasdaq,LULD pause,2024-11-27,14:43:24
2024-11-27,14:12:20,PGHL,Primega Group Holdings Limited Ordinary Shares,Nasdaq,LULD pause,2024-11-27,14:17:20
2024-11-27,12:59:29,PGHL,Primega Group Holdings Limited Ordinary Shares,Nasdaq,LULD pause,2024-11-27,13:04:29
2024-11-27,12:59:22,MOVE,Movano Inc. Common Stock,Nasdaq,LULD pause,2024-11-27,13:04:22
2024-11-27,12:57:43,KDLY,"""Kindly MD, Inc. Common Stock""",Nasdaq,LULD pause,2024-11-27,13:02:43
2024-11-27,12:52:13,KDLY,"""Kindly MD, Inc. Common Stock""",Nasdaq,LULD pause,2024-11-27,12:57:13
2024-11-27,12:46:49,KDLY,"""Kindly MD, Inc. Common Stock""",Nasdaq,LULD pause,2024-11-27,12:51:49
2024-11-27,12:26:14,FOXX,Foxx Development Holdings Inc. Common Stock,Nasdaq,LULD pause,2024-11-27,12:31:14
2024-11-27,12:16:30,PGHL,Primega Group Holdings Limited Ordinary Shares,Nasdaq,LULD pause,2024-11-27,12:21:30
2024-11-27,12:11:17,SOS,"""SOS Limited American Depositary Shares, one hundred and fifty (150) Class A Ordinary Shares""",NYSE,LULD pause,2024-11-27,12:16:19
2024-11-27,12:04:56,SOS,"""SOS Limited American Depositary Shares, one hundred and fifty (150) Class A Ordinary Shares""",NYSE,LULD pause,2024-11-27,12:10:09
2024-11-27,12:02:38,FOXX,Foxx Development Holdings Inc. Common Stock,Nasdaq,LULD pause,2024-11-27,12:22:38
2024-11-27,11:59:48,PGHL,Primega Group Holdings Limited Ordinary Shares,Nasdaq,LULD pause,2024-11-27,12:09:48
2024-11-27,11:42:19,VCIG,VCI Global Limited Ordinary Share,Nasdaq,LULD pause,2024-11-27,11:47:19
2024-11-27,11:31:30,OTLK,"""Outlook Therapeutics, Inc. Common Stock""",Nasdaq,LULD pause,2024-11-27,11:36:30
2024-11-27,11:24:35,ABVE,Above Food Ingredients Inc. Common Stock,Nasdaq,LULD pause,2024-11-27,11:29:35
2024-11-27,11:16:00,ABVE,Above Food Ingredients Inc. Common Stock,Nasdaq,LULD pause,2024-11-27,11:21:00
2024-11-27,10:56:11,OTLK,"""Outlook Therapeutics, Inc. Common Stock""",Nasdaq,LULD pause,2024-11-27,11:01:11
2024-11-27,10:40:21,PGHL,Primega Group Holdings Limited Ordinary Shares,Nasdaq,LULD pause,2024-11-27,10:45:21
2024-11-27,10:34:07,BRIA,BrilliA Inc,NYSE American,LULD pause,2024-11-27,10:39:07
2024-11-27,10:31:40,PGHL,Primega Group Holdings Limited Ordinary Shares,Nasdaq,LULD pause,2024-11-27,10:36:40
2024-11-27,10:31:08,UMAC,"""Unusual Machines, Inc.""",NYSE American,LULD pause,2024-11-27,10:36:08
2024-11-27,10:26:16,SOS,"""SOS Limited American Depositary Shares, one hundred and fifty (150) Class A Ordinary Shares""",NYSE,LULD pause,2024-11-27,10:31:20
2024-11-27,10:19:16,SOS,"""SOS Limited American Depositary Shares, one hundred and fifty (150) Class A Ordinary Shares""",NYSE,LULD pause,2024-11-27,10:24:17
2024-11-27,10:10:02,PGHL,Primega Group Holdings Limited Ordinary Shares,Nasdaq,LULD pause,2024-11-27,10:15:02
2024-11-27,10:09:30,OTLK,"""Outlook Therapeutics, Inc. Common Stock""",Nasdaq,LULD pause,2024-11-27,10:14:30
2024-11-27,10:07:17,SOS,"""SOS Limited American Depositary Shares, one hundred and fifty (150) Class A Ordinary Shares""",NYSE,LULD pause,2024-11-27,10:12:18
2024-11-27,10:00:44,UMAC,"""Unusual Machines, Inc.""",NYSE American,LULD pause,2024-11-27,10:05:44
2024-11-27,10:00:05,PGHL,Primega Group Holdings Limited Ordinary Shares,Nasdaq,LULD pause,2024-11-27,10:05:05
2024-11-27,09:56:24,SOS,"""SOS Limited American Depositary Shares, one hundred and fifty (150) Class A Ordinary Shares""",NYSE,LULD pause,2024-11-27,10:01:26
2024-11-27,09:55:06,UMAC,"""Unusual Machines, Inc.""",NYSE American,LULD pause,2024-11-27,10:00:06
2024-11-27,09:53:56,SMTK,"""SmartKem, Inc. Common Stock""",Nasdaq,LULD pause,2024-11-27,09:58:56
2024-11-27,09:52:57,PGHL,Primega Group Holdings Limited Ordinary Shares,Nasdaq,LULD pause,2024-11-27,09:57:57
2024-11-27,09:50:47,SOS,"""SOS Limited American Depositary Shares, one hundred and fifty (150) Class A Ordinary Shares""",NYSE,LULD pause,2024-11-27,09:55:48
2024-11-27,09:49:14,UMAC,"""Unusual Machines, Inc.""",NYSE American,LULD pause,2024-11-27,09:54:14
2024-11-27,09:46:32,WAI,Top KingWin Ltd Class A Ordinary Shares,Nasdaq,LULD pause,2024-11-27,09:51:32
2024-11-27,09:44:56,SOS,"""SOS Limited American Depositary Shares, one hundred and fifty (150) Class A Ordinary Shares""",NYSE,LULD pause,2024-11-27,09:50:03
2024-11-27,09:41:02,WAI,Top KingWin Ltd Class A Ordinary Shares,Nasdaq,LULD pause,2024-11-27,09:46:02
2024-11-27,09:39:28,SOS,"""SOS Limited American Depositary Shares, one hundred and fifty (150) Class A Ordinary Shares""",NYSE,LULD pause,2024-11-27,09:44:36
2024-11-27,09:35:10,HURA,"""TuHURA Biosciences, Inc. Common Stock""",Nasdaq,LULD pause,2024-11-27,09:40:10
2024-11-27,09:35:02,WAI,Top KingWin Ltd Class A Ordinary Shares,Nasdaq,LULD pause,2024-11-27,09:40:02
2024-11-27,09:34:15,QMCO,Quantum Corporation,Nasdaq,LULD pause,2024-11-27,09:39:15
2024-11-27,09:33:34,SOS,"""SOS Limited American Depositary Shares, one hundred and fifty (150) Class A Ordinary Shares""",NYSE,LULD pause,2024-11-27,09:38:51
2024-11-27,09:33:14,PGHL,Primega Group Holdings Limited Ordinary Shares,Nasdaq,LULD pause,2024-11-27,09:38:14
2024-11-27,09:32:41,UMAC,"""Unusual Machines, Inc.""",NYSE American,LULD pause,2024-11-27,09:37:41
2024-11-27,09:32:13,PCTTU,"""PureCycle Technologies, Inc. Unit""",Nasdaq,LULD pause,2024-11-27,09:37:13
2024-11-27,08:41:23,VSTO,Vista Outdoor Inc.,NYSE,Merger Effective,,
2024-11-26,19:50:00,TSLQ,Investment Managers Series Trust II Tradr 2X Short TSLA Daily ETF,Nasdaq,News pending,,
2024-11-26,19:50:00,TSLQ,Investment Managers Series Trust II Tradr 2X Short TSLA Daily ETF,Nasdaq,News pending,2024-11-27,09:00:00
2024-11-26,19:50:00,ELAB,"""Elevai Labs, Inc. Common Stock""",Nasdaq,News pending,2024-11-27,09:00:00
2024-11-26,19:50:00,ELAB,"""Elevai Labs, Inc. Common Stock""",Nasdaq,News pending,,
2024-11-26,19:50:00,UBXG,U-BX Technology Ltd. Ordinary Shares,Nasdaq,News pending,,
2024-11-26,19:50:00,UBXG,U-BX Technology Ltd. Ordinary Shares,Nasdaq,News pending,2024-11-27,09:00:00
2024-11-26,19:50:00,SARK,Investment Managers Series Trust II Tradr 2X Short Innovation Daily ETF,Nasdaq,News pending,2024-11-27,09:00:00
2024-11-26,19:50:00,SARK,Investment Managers Series Trust II Tradr 2X Short Innovation Daily ETF,Nasdaq,News pending,,
2024-11-26,15:31:24,IMG,CIMG Inc. Common Stock,Nasdaq,LULD pause,2024-11-26,15:36:24
2024-11-26,15:20:45,IMG,CIMG Inc. Common Stock,Nasdaq,LULD pause,2024-11-26,15:25:45
2024-11-26,14:59:16,IMG,CIMG Inc. Common Stock,Nasdaq,LULD pause,2024-11-26,15:09:16
2024-11-26,14:52:23,MMS,"""MAXIMUS, Inc.""",NYSE,News pending,2024-11-26,16:22:00
2024-11-26,14:45:08,INAQU,Insight Acquisition Corp. Units,Nasdaq,LULD pause,2024-11-26,14:50:08
2024-11-26,14:34:16,GLE,Global Engine Group Holding Limited Ordinary Shares,Nasdaq,LULD pause,2024-11-26,14:39:16
2024-11-26,14:23:24,IMG,CIMG Inc. Common Stock,Nasdaq,LULD pause,2024-11-26,14:28:24
2024-11-26,14:15:33,GLE,Global Engine Group Holding Limited Ordinary Shares,Nasdaq,LULD pause,2024-11-26,14:20:33
2024-11-26,14:13:27,IMG,CIMG Inc. Common Stock,Nasdaq,LULD pause,2024-11-26,14:18:27
2024-11-26,14:07:28,GLE,Global Engine Group Holding Limited Ordinary Shares,Nasdaq,LULD pause,2024-11-26,14:12:28
2024-11-26,14:02:59,MDRRP,"""Medalist Diversified REIT, Inc. Series A Cumulative Redeemable Preferred Stock""",Nasdaq,LULD pause,2024-11-26,14:07:59
2024-11-26,14:00:55,GLE,Global Engine Group Holding Limited Ordinary Shares,Nasdaq,LULD pause,2024-11-26,14:05:55
2024-11-26,13:47:08,CCM,Concord Medical Services Holding Limited,NYSE,LULD pause,2024-11-26,13:52:12
2024-11-26,13:45:23,GLE,Global Engine Group Holding Limited Ordinary Shares,Nasdaq,LULD pause,2024-11-26,13:55:23
2024-11-26,13:20:05,PBM,Psyence Biomedical Ltd. Common Shares,Nasdaq,LULD pause,2024-11-26,13:25:05
2024-11-26,13:10:12,PBM,Psyence Biomedical Ltd. Common Shares,Nasdaq,LULD pause,2024-11-26,13:15:12
2024-11-26,12:48:18,IMG,CIMG Inc. Common Stock,Nasdaq,LULD pause,2024-11-26,12:53:18
2024-11-26,12:41:03,IMG,CIMG Inc. Common Stock,Nasdaq,LULD pause,2024-11-26,12:46:03
2024-11-26,12:14:49,IMG,CIMG Inc. Common Stock,Nasdaq,LULD pause,2024-11-26,12:19:49
2024-11-26,11:43:10,QMCO,Quantum Corporation,Nasdaq,LULD pause,2024-11-26,11:48:10
2024-11-26,11:33:28,QMCO,Quantum Corporation,Nasdaq,LULD pause,2024-11-26,11:38:28
2024-11-26,11:24:01,QMCO,Quantum Corporation,Nasdaq,LULD pause,2024-11-26,11:29:01
2024-11-26,11:03:51,QMCO,Quantum Corporation,Nasdaq,LULD pause,2024-11-26,11:08:51
2024-11-26,10:55:14,SANW,S&W Seed Company,Nasdaq,LULD pause,2024-11-26,11:00:14
2024-11-26,10:40:48,PDYN,Palladyne AI Corp. Common Stock,Nasdaq,LULD pause,2024-11-26,10:45:48
2024-11-26,10:38:37,HTLM,HomesToLife Ltd Ordinary Shares,Nasdaq,LULD pause,2024-11-26,10:43:37
2024-11-26,10:20:16,SANW,S&W Seed Company,Nasdaq,LULD pause,2024-11-26,10:25:16
2024-11-26,10:10:08,PCTTU,"""PureCycle Technologies, Inc. Unit""",Nasdaq,LULD pause,2024-11-26,10:15:08
2024-11-26,10:09:21,VSEE,"""VSee Health, Inc. Common Stock""",Nasdaq,LULD pause,2024-11-26,10:14:21
2024-11-26,09:58:56,ZJK,"""ZJK Industrial Co., Ltd. Ordinary Shares""",Nasdaq,LULD pause,2024-11-26,10:03:56
2024-11-26,09:48:26,PGHL,Primega Group Holdings Limited Ordinary Shares,Nasdaq,LULD pause,2024-11-26,16:00:00
2024-11-26,09:47:58,UAVS,"""AgEagle Aerial Systems, Inc.""",NYSE American,LULD pause,2024-11-26,09:52:58
2024-11-26,09:46:59,CTXR,Citius Pharmaceuticals Inc. Common,Nasdaq,LULD pause,2024-11-26,09:51:59
2024-11-26,09:44:05,ZENA,"""ZenaTech, Inc. Common Stock""",Nasdaq,LULD pause,2024-11-26,09:49:05
2024-11-26,09:42:21,PGHL,Primega Group Holdings Limited Ordinary Shares,Nasdaq,LULD pause,2024-11-26,09:47:21
2024-11-26,09:38:38,UAVS,"""AgEagle Aerial Systems, Inc.""",NYSE American,LULD pause,2024-11-26,09:43:38
2024-11-26,09:36:10,INAQ,Insight Acquisition Corp. Class A Common Stock,Nasdaq,LULD pause,2024-11-26,09:41:10
2024-11-26,09:34:59,SMTK,"""SmartKem, Inc. Common Stock""",Nasdaq,LULD pause,2024-11-26,09:39:59
2024-11-26,09:32:02,PGHL,Primega Group Holdings Limited Ordinary Shares,Nasdaq,LULD pause,2024-11-26,09:42:02
2024-11-26,09:32:01,CTXR,Citius Pharmaceuticals Inc. Common,Nasdaq,LULD pause,2024-11-26,09:42:01
2024-11-26,09:31:49,ZENA,"""ZenaTech, Inc. Common Stock""",Nasdaq,LULD pause,2024-11-26,09:41:49
2024-11-25,19:50:18,MSOX,AdvisorShares MSOS Daily Leveraged ETF,NYSE Arca,Corporate Action,2024-11-26,09:00:00
2024-11-25,19:50:18,MSOX,AdvisorShares MSOS Daily Leveraged ETF,NYSE Arca,Corporate Action,,
2024-11-25,19:50:00,PBMWW,Psyence Biomedical Ltd. Warrant,Nasdaq,News pending,2024-11-26,09:05:00
2024-11-25,19:50:00,PBMWW,Psyence Biomedical Ltd. Warrant,Nasdaq,News pending,,
2024-11-25,19:50:00,GMM,Global Mofy AI Limited Class A Ordinary Shares,Nasdaq,News pending,,
2024-11-25,19:50:00,GMM,Global Mofy AI Limited Class A Ordinary Shares,Nasdaq,News pending,2024-11-26,09:00:00
2024-11-25,19:50:00,CTXR,Citius Pharmaceuticals Inc. Common,Nasdaq,News pending,,
2024-11-25,19:50:00,CTXR,Citius Pharmaceuticals Inc. Common,Nasdaq,News pending,2024-11-26,09:00:00
2024-11-25,19:50:00,CETX,CEMTREX INC.,Nasdaq,News pending,2024-11-26,09:00:00
2024-11-25,19:50:00,CETX,CEMTREX INC.,Nasdaq,News pending,,
2024-11-25,19:50:00,PBM,Psyence Biomedical Ltd. Common Shares,Nasdaq,News pending,,
2024-11-25,19:50:00,PBM,Psyence Biomedical Ltd. Common Shares,Nasdaq,News pending,2024-11-26,09:00:00
2024-11-25,17:53:28,NVX,NOVONIX Limited American Depository Shares,Nasdaq,News pending,,
2024-11-25,17:53:28,NVX,NOVONIX Limited American Depository Shares,Nasdaq,News pending,2024-11-26,18:35:00
2024-11-25,15:31:51,MFH,Mercurity Fintech Holding Inc. Ordinary Shares,Nasdaq,LULD pause,2024-11-25,15:46:52
2024-11-25,15:20:45,MFH,Mercurity Fintech Holding Inc. Ordinary Shares,Nasdaq,LULD pause,2024-11-25,15:30:45
2024-11-25,14:23:41,STFS,Star Fashion Culture Holdings Limited Class A Ordinary Shares,Nasdaq,LULD pause,2024-11-25,14:28:41
2024-11-25,13:39:42,HTLM,HomesToLife Ltd Ordinary Shares,Nasdaq,LULD pause,2024-11-25,13:44:42
2024-11-25,13:29:49,HTLM,HomesToLife Ltd Ordinary Shares,Nasdaq,LULD pause,2024-11-25,13:34:49
2024-11-25,11:25:38,LSH,Lakeside Holding Limited Common Stock,Nasdaq,LULD pause,2024-11-25,11:30:38
2024-11-25,10:54:21,MFH,Mercurity Fintech Holding Inc. Ordinary Shares,Nasdaq,LULD pause,2024-11-25,11:04:21
2024-11-25,10:48:10,MFH,Mercurity Fintech Holding Inc. Ordinary Shares,Nasdaq,LULD pause,2024-11-25,10:53:10
2024-11-25,10:44:55,XCUR,"""Exicure, Inc. Common Stock""",Nasdaq,LULD pause,2024-11-25,10:49:55
2024-11-25,10:37:21,QMCO,Quantum Corporation,Nasdaq,LULD pause,2024-11-25,10:42:21
2024-11-25,10:36:20,SMTK,"""SmartKem, Inc. Common Stock""",Nasdaq,LULD pause,2024-11-25,10:41:20
2024-11-25,10:29:53,SMTK,"""SmartKem, Inc. Common Stock""",Nasdaq,LULD pause,2024-11-25,10:34:53
2024-11-25,10:24:23,QMCO,Quantum Corporation,Nasdaq,LULD pause,2024-11-25,10:29:23
2024-11-25,10:16:09,QMCO,Quantum Corporation,Nasdaq,LULD pause,2024-11-25,10:21:09
2024-11-25,10:10:10,QMCO,Quantum Corporation,Nasdaq,LULD pause,2024-11-25,10:15:10
2024-11-25,10:06:15,PCTTU,"""PureCycle Technologies, Inc. Unit""",Nasdaq,LULD pause,2024-11-25,10:11:15
2024-11-25,10:03:56,QMCO,Quantum Corporation,Nasdaq,LULD pause,2024-11-25,10:08:56
2024-11-25,10:00:51,QMMM,QMMM Holdings Limited Ordinary Shares,Nasdaq,LULD pause,2024-11-25,10:05:51
2024-11-25,09:55:09,SANW,S&W Seed Company,Nasdaq,LULD pause,2024-11-25,10:00:09
2024-11-25,09:53:47,QMCO,Quantum Corporation,Nasdaq,LULD pause,2024-11-25,09:58:47
2024-11-25,09:50:24,QMMM,QMMM Holdings Limited Ordinary Shares,Nasdaq,LULD pause,2024-11-25,09:55:24
2024-11-25,09:48:40,MFH,Mercurity Fintech Holding Inc. Ordinary Shares,Nasdaq,LULD pause,2024-11-25,09:53:40
2024-11-25,09:45:55,PCTTU,"""PureCycle Technologies, Inc. Unit""",Nasdaq,LULD pause,2024-11-25,09:50:55
2024-11-25,09:45:44,PROC,"""Procaps Group, S.A. Ordinary Shares""",Nasdaq,LULD pause,2024-11-25,09:50:44
2024-11-25,09:43:40,QMMM,QMMM Holdings Limited Ordinary Shares,Nasdaq,LULD pause,2024-11-25,09:48:40
2024-11-25,09:39:30,YYAI,Connexa Sports Technologies Inc. Common Stock,Nasdaq,LULD pause,2024-11-25,09:44:30
2024-11-25,09:37:35,PDYN,Palladyne AI Corp. Common Stock,Nasdaq,LULD pause,2024-11-25,09:42:35
2024-11-25,09:36:18,QMMM,QMMM Holdings Limited Ordinary Shares,Nasdaq,LULD pause,2024-11-25,09:41:18
2024-11-25,09:33:04,SANW,S&W Seed Company,Nasdaq,LULD pause,2024-11-25,09:53:07
2024-11-25,09:32:58,UXIN,Uxin Limited ADS,Nasdaq,LULD pause,2024-11-25,09:42:58
2024-11-25,09:30:43,QMMM,QMMM Holdings Limited Ordinary Shares,Nasdaq,LULD pause,2024-11-25,09:35:43
2024-11-25,08:53:00,KODK,EASTMAN KODAK COMPANY,NYSE,News pending,2024-11-25,09:33:06
2024-11-25,08:25:44,ENV,"""ENVESTNET, INC.""",NYSE,Merger Effective,,
2024-11-25,07:55:00,BCOV,"""Brightcove, Inc.""",Nasdaq,News pending,2024-11-25,08:30:00
2024-11-25,07:25:00,SAVA,"""Cassava Sciences, Inc.""",Nasdaq,News pending,2024-11-25,08:00:00
2024-11-22,19:50:54,GPUS,"""Hyperscale Data, Inc.""",NYSE American,Corporate Action,,
2024-11-22,19:50:54,GPUS,"""Hyperscale Data, Inc.""",NYSE American,Corporate Action,2024-11-25,09:00:00
2024-11-22,19:50:00,APLMW,Apollomics Inc. Warrant,Nasdaq,News pending,,
2024-11-22,19:50:00,APLMW,Apollomics Inc. Warrant,Nasdaq,News pending,2024-11-25,09:05:00
2024-11-22,19:50:00,APLM,Apollomics Inc. Class A Ordinary Shares,Nasdaq,News pending,,
2024-11-22,19:50:00,APLM,Apollomics Inc. Class A Ordinary Shares,Nasdaq,News pending,2024-11-25,09:00:00
2024-11-22,16:08:53,BBIO,"""BridgeBio Pharma, Inc. Common Stock""",Nasdaq,News pending,,
2024-11-22,16:08:53,BBIO,"""BridgeBio Pharma, Inc. Common Stock""",Nasdaq,News pending,2024-11-25,07:10:00
2024-11-22,15:35:23,YYAI,Connexa Sports Technologies Inc. Common Stock,Nasdaq,LULD pause,2024-11-22,15:40:23
2024-11-22,14:03:09,INAQU,Insight Acquisition Corp. Units,Nasdaq,LULD pause,2024-11-22,14:08:09
2024-11-22,13:59:37,QMCO,Quantum Corporation,Nasdaq,LULD pause,2024-11-22,14:04:37
2024-11-22,13:57:29,YYAI,Connexa Sports Technologies Inc. Common Stock,Nasdaq,LULD pause,2024-11-22,14:10:34
2024-11-22,13:51:56,YYAI,Connexa Sports Technologies Inc. Common Stock,Nasdaq,LULD pause,2024-11-22,13:56:56
2024-11-22,11:27:25,QMMM,QMMM Holdings Limited Ordinary Shares,Nasdaq,LULD pause,2024-11-22,11:32:25
2024-11-22,11:20:26,QMCO,Quantum Corporation,Nasdaq,LULD pause,2024-11-22,11:25:26
2024-11-22,11:13:46,NA,Nano Labs Ltd Class A Ordinary Shares,Nasdaq,LULD pause,2024-11-22,11:18:46
2024-11-22,11:06:03,NA,Nano Labs Ltd Class A Ordinary Shares,Nasdaq,LULD pause,2024-11-22,11:11:03
2024-11-22,10:45:59,PTLE,PTL LTD Ordinary Shares,Nasdaq,LULD pause,2024-11-22,10:50:59
2024-11-22,10:45:17,QMCO,Quantum Corporation,Nasdaq,LULD pause,2024-11-22,10:55:17
2024-11-22,10:34:09,QMCO,Quantum Corporation,Nasdaq,LULD pause,2024-11-22,10:44:09
2024-11-22,09:56:00,DEVS,DevvStream Corp. Common Stock,Nasdaq,LULD pause,2024-11-22,10:01:00
2024-11-22,09:53:58,IZTC,Invizyne Technologies Inc. Common Stock,Nasdaq,LULD pause,2024-11-22,09:58:58
2024-11-22,09:46:10,XCUR,"""Exicure, Inc. Common Stock""",Nasdaq,LULD pause,2024-11-22,09:51:10
2024-11-22,09:37:03,ARQQ,Arqit Quantum Inc. Ordinary Shares,Nasdaq,LULD pause,2024-11-22,09:42:03
2024-11-22,09:31:35,SANW,S&W Seed Company,Nasdaq,LULD pause,2024-11-22,09:36:35
2024-11-22,08:34:50,ARC,"""ARC Document Solutions, Inc.""",NYSE,Merger Effective,,
2024-11-22,08:26:45,MRO,Marathon Oil Corporation,NYSE,Merger Effective,,
2024-11-21,19:50:00,DFLIW,Dragonfly Energy Holdings Corp. Warrant,Nasdaq,News pending,,
2024-11-21,19:50:00,DFLIW,Dragonfly Energy Holdings Corp. Warrant,Nasdaq,News pending,2024-11-22,09:05:00
2024-11-21,19:50:00,DFLI,Dragonfly Energy Holdings Corp. Common Stock (NV),Nasdaq,News pending,,
2024-11-21,19:50:00,DFLI,Dragonfly Energy Holdings Corp. Common Stock (NV),Nasdaq,News pending,2024-11-22,09:00:00
2024-11-21,19:50:00,XTKG,"""X3 Holdings Co., Ltd. Ordinary Shares""",Nasdaq,News pending,,
2024-11-21,19:50:00,XTKG,"""X3 Holdings Co., Ltd. Ordinary Shares""",Nasdaq,News pending,2024-11-22,09:00:00
2024-11-21,15:51:48,SKK,SKK Holdings Limited Common Stock,Nasdaq,LULD pause,2024-11-21,16:00:00
2024-11-21,15:38:51,WCT,Wellchange Holdings Company Limited Ordinary shares,Nasdaq,LULD pause,2024-11-21,15:43:51
2024-11-21,15:38:51,SKK,SKK Holdings Limited Common Stock,Nasdaq,LULD pause,2024-11-21,15:43:51
2024-11-21,14:36:57,SKK,SKK Holdings Limited Common Stock,Nasdaq,LULD pause,2024-11-21,14:41:57
2024-11-21,14:23:40,SKK,SKK Holdings Limited Common Stock,Nasdaq,LULD pause,2024-11-21,14:28:40
2024-11-21,14:16:35,WCT,Wellchange Holdings Company Limited Ordinary shares,Nasdaq,LULD pause,2024-11-21,14:21:35
2024-11-21,14:00:56,WCT,Wellchange Holdings Company Limited Ordinary shares,Nasdaq,LULD pause,2024-11-21,14:05:56
2024-11-21,13:52:38,SKK,SKK Holdings Limited Common Stock,Nasdaq,LULD pause,2024-11-21,13:57:38
2024-11-21,13:37:09,SKK,SKK Holdings Limited Common Stock,Nasdaq,LULD pause,2024-11-21,13:42:09
2024-11-21,13:21:53,TMTC,TMT Acquisition Corp Ordinary Shares,Nasdaq,LULD pause,2024-11-21,13:26:53
2024-11-21,13:21:47,TMTCU,TMT Acquisition Corp Unit,Nasdaq,LULD pause,2024-11-21,13:48:39
2024-11-21,13:20:53,SKK,SKK Holdings Limited Common Stock,Nasdaq,LULD pause,2024-11-21,13:25:53
2024-11-21,13:20:15,PROC,"""Procaps Group, S.A. Ordinary Shares""",Nasdaq,LULD pause,2024-11-21,13:25:15
2024-11-21,13:16:33,TMTC,TMT Acquisition Corp Ordinary Shares,Nasdaq,LULD pause,2024-11-21,13:21:33
2024-11-21,13:10:56,PROC,"""Procaps Group, S.A. Ordinary Shares""",Nasdaq,LULD pause,2024-11-21,13:15:56
2024-11-21,13:05:52,TMTC,TMT Acquisition Corp Ordinary Shares,Nasdaq,LULD pause,2024-11-21,13:15:53
2024-11-21,12:54:57,TMTC,TMT Acquisition Corp Ordinary Shares,Nasdaq,LULD pause,2024-11-21,12:59:57
2024-11-21,12:19:42,SKK,SKK Holdings Limited Common Stock,Nasdaq,LULD pause,2024-11-21,12:24:42
2024-11-21,12:14:37,WCT,Wellchange Holdings Company Limited Ordinary shares,Nasdaq,LULD pause,2024-11-21,12:19:37
2024-11-21,12:13:57,SKK,SKK Holdings Limited Common Stock,Nasdaq,LULD pause,2024-11-21,12:18:57
2024-11-21,12:07:11,QMCO,Quantum Corporation,Nasdaq,LULD pause,2024-11-21,12:12:11
2024-11-21,12:06:54,SKK,SKK Holdings Limited Common Stock,Nasdaq,LULD pause,2024-11-21,12:11:54
2024-11-21,11:52:26,QMCO,Quantum Corporation,Nasdaq,LULD pause,2024-11-21,12:02:26
2024-11-21,11:52:09,SKK,SKK Holdings Limited Common Stock,Nasdaq,LULD pause,2024-11-21,11:57:09
2024-11-21,11:47:33,GLXG,Galaxy Payroll Group Limited Ordinary Shares,Nasdaq,LULD pause,2024-11-21,11:52:33
2024-11-21,11:40:44,GLXG,Galaxy Payroll Group Limited Ordinary Shares,Nasdaq,LULD pause,2024-11-21,11:45:44
2024-11-21,11:39:38,SKK,SKK Holdings Limited Common Stock,Nasdaq,LULD pause,2024-11-21,11:44:38
2024-11-21,11:32:47,GLXG,Galaxy Payroll Group Limited Ordinary Shares,Nasdaq,LULD pause,2024-11-21,11:37:47
2024-11-21,11:25:37,GLXG,Galaxy Payroll Group Limited Ordinary Shares,Nasdaq,LULD pause,2024-11-21,11:30:37
2024-11-21,11:16:19,SKK,SKK Holdings Limited Common Stock,Nasdaq,LULD pause,2024-11-21,11:21:19
2024-11-21,11:14:20,GLXG,Galaxy Payroll Group Limited Ordinary Shares,Nasdaq,LULD pause,2024-11-21,11:19:20
2024-11-21,11:12:32,BDRX,Biodexa Pharmaceuticals plc American Depositary Shs,Nasdaq,LULD pause,2024-11-21,11:17:32
2024-11-21,11:11:51,SANW,S&W Seed Company,Nasdaq,LULD pause,2024-11-21,11:16:51
2024-11-21,11:09:38,SKK,SKK Holdings Limited Common Stock,Nasdaq,LULD pause,2024-11-21,11:14:38
2024-11-21,11:06:34,GLXG,Galaxy Payroll Group Limited Ordinary Shares,Nasdaq,LULD pause,2024-11-21,11:11:34
2024-11-21,11:03:37,SKK,SKK Holdings Limited Common Stock,Nasdaq,LULD pause,2024-11-21,11:08:37
2024-11-21,11:00:21,SAIH,SAIHEAT Limited Class A Ordinary Shares,Nasdaq,LULD pause,2024-11-21,11:05:21
2024-11-21,10:59:58,GLXG,Galaxy Payroll Group Limited Ordinary Shares,Nasdaq,LULD pause,2024-11-21,11:04:58
2024-11-21,10:55:01,SKK,SKK Holdings Limited Common Stock,Nasdaq,LULD pause,2024-11-21,11:00:01
2024-11-21,10:54:43,BDRX,Biodexa Pharmaceuticals plc American Depositary Shs,Nasdaq,LULD pause,2024-11-21,11:04:43
2024-11-21,10:49:09,BDRX,Biodexa Pharmaceuticals plc American Depositary Shs,Nasdaq,LULD pause,2024-11-21,10:54:09
2024-11-21,10:48:35,SANW,S&W Seed Company,Nasdaq,LULD pause,2024-11-21,10:58:36
2024-11-21,10:48:29,SKK,SKK Holdings Limited Common Stock,Nasdaq,LULD pause,2024-11-21,10:53:29
2024-11-21,10:46:34,XCUR,"""Exicure, Inc. Common Stock""",Nasdaq,LULD pause,2024-11-21,10:51:34
2024-11-21,10:41:53,SKK,SKK Holdings Limited Common Stock,Nasdaq,LULD pause,2024-11-21,10:46:53
2024-11-21,10:38:34,SANW,S&W Seed Company,Nasdaq,LULD pause,2024-11-21,10:43:34
2024-11-21,10:18:22,LDWY,"""Lendway, Inc. Common Stock (DE)""",Nasdaq,LULD pause,2024-11-21,10:23:22
2024-11-21,10:09:20,SKK,SKK Holdings Limited Common Stock,Nasdaq,LULD pause,2024-11-21,10:14:20
2024-11-21,09:53:02,SKK,SKK Holdings Limited Common Stock,Nasdaq,LULD pause,2024-11-21,09:58:02
2024-11-21,09:50:32,IBG,Innovation Beverage Group Limited Ordinary Shares,Nasdaq,LULD pause,2024-11-21,09:55:32
2024-11-21,09:47:07,SKK,SKK Holdings Limited Common Stock,Nasdaq,LULD pause,2024-11-21,09:52:07
2024-11-21,09:44:34,WORX,SC WORX Corp,Nasdaq,LULD pause,2024-11-21,09:49:34
2024-11-21,09:43:25,CATX,"""Perspective Therapeutics, Inc.""",NYSE American,LULD pause,2024-11-21,09:48:25
2024-11-21,09:40:55,PRFX,PainReform Ltd. Ordinary Shares,Nasdaq,LULD pause,2024-11-21,09:45:55
2024-11-21,09:40:53,SKK,SKK Holdings Limited Common Stock,Nasdaq,LULD pause,2024-11-21,09:45:53
2024-11-21,09:40:39,RMSG,Real Messenger Corporation Ordinary Shares,Nasdaq,LULD pause,2024-11-21,09:45:39
2024-11-21,09:36:50,AHT,"""Ashford Hospitality Trust, Inc.""",NYSE,LULD pause,2024-11-21,09:41:53
2024-11-21,09:36:12,UPLD,"""Upland Software, Inc.""",Nasdaq,LULD pause,2024-11-21,09:41:12
2024-11-21,09:34:42,RMSG,Real Messenger Corporation Ordinary Shares,Nasdaq,LULD pause,2024-11-21,09:39:42
2024-11-21,09:34:34,TCS,"""THE CONTAINER STORE GROUP, INC.""",NYSE,LULD pause,2024-11-21,09:39:42
2024-11-21,09:31:57,TRAW,"""Traws Pharma, Inc. Common Stock""",Nasdaq,LULD pause,2024-11-21,09:36:57
2024-11-21,09:31:38,SPAI,Safe Pro Group Inc. Common Stock,Nasdaq,LULD pause,2024-11-21,09:41:38
2024-11-21,09:31:28,PRFX,PainReform Ltd. Ordinary Shares,Nasdaq,LULD pause,2024-11-21,09:36:28
2024-11-21,09:30:23,SKK,SKK Holdings Limited Common Stock,Nasdaq,LULD pause,2024-11-21,09:40:23
2024-11-21,09:30:16,BNDC,FlexShares Core Select Bond Fund,NYSE Arca,LULD pause,2024-11-21,09:35:16
2024-11-21,08:35:56,BLEUW,bleuacacia ltd Warrants,Nasdaq,News pending,2024-11-21,09:20:00
2024-11-21,08:35:56,BLEUU,bleuacacia ltd Unit,Nasdaq,News pending,2024-11-21,09:20:00
2024-11-21,08:35:56,BLEUR,bleuacacia ltd Rights,Nasdaq,News pending,2024-11-21,09:20:00
2024-11-21,08:35:56,BLEU,bleuacacia ltd Class A Ordinary Shares,Nasdaq,News pending,2024-11-21,09:15:00
2024-11-20,19:50:00,NMHIW,Natures Miracle Holding Inc. Warrants,Nasdaq,News pending,2024-11-21,09:05:00
2024-11-20,19:50:00,NMHIW,Natures Miracle Holding Inc. Warrants,Nasdaq,News pending,,
2024-11-20,19:50:00,HAYN,"""Haynes International, Inc.""",Nasdaq,News pending,,
2024-11-20,19:50:00,NMHI,Natures Miracle Holding Inc. Common Stock,Nasdaq,News pending,,
2024-11-20,19:50:00,LAZR,"""Luminar Technologies, Inc. Class A Common Stock""",Nasdaq,News pending,,
2024-11-20,19:50:00,NMHI,Natures Miracle Holding Inc. Common Stock,Nasdaq,News pending,2024-11-21,09:00:00
2024-11-20,19:50:00,LAZR,"""Luminar Technologies, Inc. Class A Common Stock""",Nasdaq,News pending,2024-11-21,09:00:00
2024-11-20,19:50:00,PRFX,PainReform Ltd. Ordinary Shares,Nasdaq,News pending,2024-11-21,09:00:00
2024-11-20,19:50:00,PRFX,PainReform Ltd. Ordinary Shares,Nasdaq,News pending,,
2024-11-20,15:48:36,NDRA,ENDRA Life Sciences Inc. Common Stock,Nasdaq,LULD pause,2024-11-20,16:00:00
2024-11-20,15:42:56,SKK,SKK Holdings Limited Common Stock,Nasdaq,LULD pause,2024-11-20,15:47:56
2024-11-20,15:37:47,NDRA,ENDRA Life Sciences Inc. Common Stock,Nasdaq,LULD pause,2024-11-20,15:47:47
2024-11-20,15:18:06,UPXI,"""Upexi, Inc. Common Stock""",Nasdaq,LULD pause,2024-11-20,15:28:06
2024-11-20,15:02:39,UPXI,"""Upexi, Inc. Common Stock""",Nasdaq,LULD pause,2024-11-20,15:12:40
2024-11-20,14:56:40,ZETA,Zeta Global Holdings Corp.,NYSE,News pending,2024-11-20,15:18:45
2024-11-20,12:31:02,RMSG,Real Messenger Corporation Ordinary Shares,Nasdaq,LULD pause,2024-11-20,12:36:02
2024-11-20,12:01:03,VLCN,"""Volcon, Inc. Common stock""",Nasdaq,LULD pause,2024-11-20,12:06:03
2024-11-20,11:58:18,RMSG,Real Messenger Corporation Ordinary Shares,Nasdaq,LULD pause,2024-11-20,12:03:18
2024-11-20,11:52:41,RMSG,Real Messenger Corporation Ordinary Shares,Nasdaq,LULD pause,2024-11-20,11:57:41
2024-11-20,11:43:25,RMSG,Real Messenger Corporation Ordinary Shares,Nasdaq,LULD pause,2024-11-20,11:48:25
2024-11-20,11:37:12,RMSG,Real Messenger Corporation Ordinary Shares,Nasdaq,LULD pause,2024-11-20,11:42:12
2024-11-20,11:34:46,XCUR,"""Exicure, Inc. Common Stock""",Nasdaq,LULD pause,2024-11-20,11:39:46
2024-11-20,11:17:37,XCUR,"""Exicure, Inc. Common Stock""",Nasdaq,LULD pause,2024-11-20,11:22:37
2024-11-20,10:52:01,FBRX,"""Forte Biosciences, Inc. Common Stock""",Nasdaq,LULD pause,2024-11-20,10:57:01
2024-11-20,10:52:00,SEM WI,Select Medical Holdings Corporation,NYSE,LULD pause,2024-11-20,10:59:49
2024-11-20,10:31:10,FBRX,"""Forte Biosciences, Inc. Common Stock""",Nasdaq,LULD pause,2024-11-20,10:36:10
2024-11-20,10:23:18,XCUR,"""Exicure, Inc. Common Stock""",Nasdaq,LULD pause,2024-11-20,10:28:18
2024-11-20,10:20:33,FBRX,"""Forte Biosciences, Inc. Common Stock""",Nasdaq,LULD pause,2024-11-20,10:30:33
2024-11-20,10:14:34,MDAI,"""Spectral AI, Inc. Class A Common Stock""",Nasdaq,LULD pause,2024-11-20,10:19:34
2024-11-20,10:12:51,FBRX,"""Forte Biosciences, Inc. Common Stock""",Nasdaq,LULD pause,2024-11-20,10:17:51
2024-11-20,10:09:34,QSI,Quantum-Si Incorporated Class A Common Stock,Nasdaq,LULD pause,2024-11-20,10:14:34
2024-11-20,10:03:39,RMSG,Real Messenger Corporation Ordinary Shares,Nasdaq,LULD pause,2024-11-20,10:08:39
2024-11-20,10:01:41,FBRX,"""Forte Biosciences, Inc. Common Stock""",Nasdaq,LULD pause,2024-11-20,10:11:41
2024-11-20,09:59:09,MDAI,"""Spectral AI, Inc. Class A Common Stock""",Nasdaq,LULD pause,2024-11-20,10:04:09
2024-11-20,09:57:13,QSI,Quantum-Si Incorporated Class A Common Stock,Nasdaq,LULD pause,2024-11-20,10:02:13
2024-11-20,09:56:15,FBRX,"""Forte Biosciences, Inc. Common Stock""",Nasdaq,LULD pause,2024-11-20,10:01:15
2024-11-20,09:54:25,RMSG,Real Messenger Corporation Ordinary Shares,Nasdaq,LULD pause,2024-11-20,09:59:25
2024-11-20,09:49:04,QSI,Quantum-Si Incorporated Class A Common Stock,Nasdaq,LULD pause,2024-11-20,09:54:04
2024-11-20,09:48:44,RMSG,Real Messenger Corporation Ordinary Shares,Nasdaq,LULD pause,2024-11-20,09:53:44
2024-11-20,09:46:18,DNMR,"""Danimer Scientific, Inc.""",NYSE,LULD pause,2024-11-20,09:51:30
2024-11-20,09:42:27,RMSG,Real Messenger Corporation Ordinary Shares,Nasdaq,LULD pause,2024-11-20,09:47:27
2024-11-20,09:38:35,QSI,Quantum-Si Incorporated Class A Common Stock,Nasdaq,LULD pause,2024-11-20,09:43:35
2024-11-20,09:37:04,RMSG,Real Messenger Corporation Ordinary Shares,Nasdaq,LULD pause,2024-11-20,09:42:04
2024-11-20,09:33:32,EDRY,EuroDry Ltd. Common Shares,Nasdaq,LULD pause,2024-11-20,09:38:32
2024-11-20,09:32:23,QSI,Quantum-Si Incorporated Class A Common Stock,Nasdaq,LULD pause,2024-11-20,09:37:23
2024-11-20,09:32:22,FBRX,"""Forte Biosciences, Inc. Common Stock""",Nasdaq,LULD pause,2024-11-20,09:37:22
2024-11-20,09:31:36,RMSG,Real Messenger Corporation Ordinary Shares,Nasdaq,LULD pause,2024-11-20,09:36:36
2024-11-20,06:55:00,NAMSW,NewAmsterdam Pharma Company N.V. Warrant,Nasdaq,News pending,2024-11-20,07:35:00
2024-11-20,06:55:00,NAMS,NewAmsterdam Pharma Company N.V. Ordinary Shares,Nasdaq,News pending,2024-11-20,07:30:00
2024-11-20,00:24:10,RMSG,Real Messenger Corporation Ordinary Shares,Nasdaq,News pending,2024-11-20,05:11:16
2024-11-20,00:24:10,RMSGW,Real Messenger Corporation Warrants,Nasdaq,News pending,2024-11-20,05:13:00
2024-11-19,19:51:02,BTC,Grayscale Bitcoin Mini Trust ETF,NYSE Arca,Corporate Action,2024-11-20,09:00:00
2024-11-19,19:51:02,BTC,Grayscale Bitcoin Mini Trust ETF,NYSE Arca,Corporate Action,,
2024-11-19,19:51:02,ETH,Grayscale Ethereum Mini Trust ETF,NYSE Arca,Corporate Action,2024-11-20,09:00:00
2024-11-19,19:51:02,ETH,Grayscale Ethereum Mini Trust ETF,NYSE Arca,Corporate Action,,
2024-11-19,19:50:00,JFBRW,Jeffs' Brands Ltd Warrant,Nasdaq,News pending,,
2024-11-19,19:50:00,JFBRW,Jeffs' Brands Ltd Warrant,Nasdaq,News pending,2024-11-20,09:05:00
2024-11-19,19:50:00,JFBR,Jeffs' Brands Ltd Ordinary Shares,Nasdaq,News pending,,
2024-11-19,19:50:00,JFBR,Jeffs' Brands Ltd Ordinary Shares,Nasdaq,News pending,2024-11-20,09:00:00
2024-11-19,19:50:00,LUXHP,LuxUrban Hotels Inc. 13.00% Series A Cumulative Redeemable Preferred Stock,Nasdaq,News pending,2024-11-20,09:05:00
2024-11-19,19:50:00,LUXHP,LuxUrban Hotels Inc. 13.00% Series A Cumulative Redeemable Preferred Stock,Nasdaq,News pending,,
2024-11-19,19:50:00,EXAI,Exscientia Plc American Depositary Shares,Nasdaq,News pending,,
2024-11-19,19:50:00,LUXH,LuxUrban Hotels Inc. Common Stock,Nasdaq,News pending,2024-11-20,09:00:00
2024-11-19,19:50:00,LUXH,LuxUrban Hotels Inc. Common Stock,Nasdaq,News pending,,
2024-11-19,16:17:45,LEV WS,"""The Lion Electric Company Redeemable Warrants, each whole warrant entitles the holder to purchase one Common Share at a price of $11.50 per share""",NYSE,News Released,,
2024-11-19,14:32:49,ALGS,"""Aligos Therapeutics, Inc. Common Stock""",Nasdaq,LULD pause,2024-11-19,14:37:49
2024-11-19,14:22:21,ALGS,"""Aligos Therapeutics, Inc. Common Stock""",Nasdaq,LULD pause,2024-11-19,14:32:21
2024-11-19,14:11:45,ALGS,"""Aligos Therapeutics, Inc. Common Stock""",Nasdaq,LULD pause,2024-11-19,14:21:45
2024-11-19,13:59:23,ALGS,"""Aligos Therapeutics, Inc. Common Stock""",Nasdaq,LULD pause,2024-11-19,14:04:23
2024-11-19,13:52:10,ALGS,"""Aligos Therapeutics, Inc. Common Stock""",Nasdaq,LULD pause,2024-11-19,13:57:10
2024-11-19,13:35:37,INCY,Incyte Genomics Inc,Nasdaq,LULD pause,2024-11-19,13:40:37
2024-11-19,13:27:02,ROLR,"""High Roller Technologies, Inc.""",NYSE American,LULD pause,2024-11-19,13:32:02
2024-11-19,11:23:17,VRM,"""Vroom, Inc. Common Stock""",Nasdaq,LULD pause,2024-11-19,11:28:17
2024-11-19,11:19:40,ROLR,"""High Roller Technologies, Inc.""",NYSE American,LULD pause,2024-11-19,11:29:40
2024-11-19,11:17:39,VRM,"""Vroom, Inc. Common Stock""",Nasdaq,LULD pause,2024-11-19,11:22:39
2024-11-19,11:13:34,SLN,Silence Therapeutics Plc American Depository Share,Nasdaq,LULD pause,2024-11-19,11:24:19
2024-11-19,11:10:37,ROLR,"""High Roller Technologies, Inc.""",NYSE American,LULD pause,2024-11-19,11:15:37
2024-11-19,10:52:43,PRFX,PainReform Ltd. Ordinary Shares,Nasdaq,LULD pause,2024-11-19,10:57:43
2024-11-19,10:39:34,PRFX,PainReform Ltd. Ordinary Shares,Nasdaq,LULD pause,2024-11-19,10:44:34
2024-11-19,10:31:28,PRFX,PainReform Ltd. Ordinary Shares,Nasdaq,LULD pause,2024-11-19,10:36:28
2024-11-19,10:20:48,PRFX,PainReform Ltd. Ordinary Shares,Nasdaq,LULD pause,2024-11-19,10:25:48
2024-11-19,10:15:26,PRFX,PainReform Ltd. Ordinary Shares,Nasdaq,LULD pause,2024-11-19,10:20:26
2024-11-19,10:09:17,PRFX,PainReform Ltd. Ordinary Shares,Nasdaq,LULD pause,2024-11-19,10:14:17
2024-11-19,10:06:41,IBO,"""Impact BioMedical, Inc.""",NYSE American,LULD pause,2024-11-19,10:11:41
2024-11-19,10:01:37,WCT,Wellchange Holdings Company Limited Ordinary shares,Nasdaq,LULD pause,2024-11-19,10:06:37
2024-11-19,10:00:32,PRFX,PainReform Ltd. Ordinary Shares,Nasdaq,LULD pause,2024-11-19,10:05:32
2024-11-19,09:48:30,PRFX,PainReform Ltd. Ordinary Shares,Nasdaq,LULD pause,2024-11-19,09:53:30
2024-11-19,09:46:55,KRKR,36Kr Holdings Inc. American Depositary Shares,Nasdaq,LULD pause,2024-11-19,09:51:55
2024-11-19,09:42:09,PRFX,PainReform Ltd. Ordinary Shares,Nasdaq,LULD pause,2024-11-19,09:47:09
2024-11-19,09:36:29,BATL,Battalion Oil Corporation,NYSE American,LULD pause,2024-11-19,09:41:29
2024-11-19,09:36:05,GDS,GDS Holdings Limited ADS,Nasdaq,LULD pause,2024-11-19,09:41:05
2024-11-19,09:34:57,PLAG,Planet Green Holdings Corp.,NYSE American,LULD pause,2024-11-19,09:44:57
2024-11-19,09:34:17,NA,Nano Labs Ltd Class A Ordinary Shares,Nasdaq,LULD pause,2024-11-19,09:39:17
2024-11-19,09:30:16,IBO,"""Impact BioMedical, Inc.""",NYSE American,LULD pause,2024-11-19,09:35:16
2024-11-18,19:50:31,SOS,"""SOS Limited American Depositary Shares, each representing ten (10) Class A Ordinary Shares""",NYSE,Corporate Action,2024-11-19,09:40:41
2024-11-18,19:50:31,SOS,"""SOS Limited American Depositary Shares, each representing ten (10) Class A Ordinary Shares""",NYSE,Corporate Action,,
2024-11-18,19:50:00,WHLRP,"""Wheeler Real Estate Investment Trust, Inc. Preferred Stock""",Nasdaq,News pending,2024-11-19,09:05:00
2024-11-18,19:50:00,WHLRP,"""Wheeler Real Estate Investment Trust, Inc. Preferred Stock""",Nasdaq,News pending,,
2024-11-18,19:50:00,WHLRL,"""Wheeler Real Estate Investment Trust, Inc. 7.00% Senior Subordinated Convertible Notes Due 2031""",Nasdaq,News pending,2024-11-19,09:05:00
2024-11-18,19:50:00,WHLRL,"""Wheeler Real Estate Investment Trust, Inc. 7.00% Senior Subordinated Convertible Notes Due 2031""",Nasdaq,News pending,,
2024-11-18,19:50:00,WHLRD,"""Wheeler Real Estate Investment Trust, Inc. Series D Cumulative Preferred Stock""",Nasdaq,News pending,,
2024-11-18,19:50:00,WHLRD,"""Wheeler Real Estate Investment Trust, Inc. Series D Cumulative Preferred Stock""",Nasdaq,News pending,2024-11-19,09:05:00
2024-11-18,19:50:00,RCM,R1 RCM Inc. Common Stock,Nasdaq,News pending,,
2024-11-18,19:50:00,LGMK,"""LogicMark, Inc. Common Stock (NV)""",Nasdaq,News pending,,
2024-11-18,19:50:00,LGMK,"""LogicMark, Inc. Common Stock (NV)""",Nasdaq,News pending,2024-11-19,09:00:00
2024-11-18,19:50:00,POLA,"""Polar Power, Inc. Common Stock""",Nasdaq,News pending,2024-11-19,09:00:00
2024-11-18,19:50:00,POLA,"""Polar Power, Inc. Common Stock""",Nasdaq,News pending,,
2024-11-18,19:50:00,WHLR,"""Wheeler Real Estate Investment Trust, Inc""",Nasdaq,News pending,2024-11-19,09:00:00
2024-11-18,19:50:00,WHLR,"""Wheeler Real Estate Investment Trust, Inc""",Nasdaq,News pending,,
2024-11-18,18:41:55,PLL,Piedmont Lithium Inc. Common Stock,Nasdaq,News pending,,
2024-11-18,18:41:55,PLL,Piedmont Lithium Inc. Common Stock,Nasdaq,News pending,2024-11-20,07:05:00
2024-11-18,16:18:11,SAVE,"""Spirit Airlines, Inc.""",NYSE,News Released,,
2024-11-18,15:50:41,MI,NFT Limited,NYSE American,LULD pause,2024-11-18,16:00:00
2024-11-18,15:48:27,BKKT,"""Bakkt Holdings, Inc.""",NYSE,LULD pause,2024-11-18,16:00:12
2024-11-18,15:43:33,MI,NFT Limited,NYSE American,LULD pause,2024-11-18,15:48:33
2024-11-18,15:42:32,BKKT,"""Bakkt Holdings, Inc.""",NYSE,LULD pause,2024-11-18,15:47:48
2024-11-18,15:36:57,BKKT,"""Bakkt Holdings, Inc.""",NYSE,LULD pause,2024-11-18,15:42:00
2024-11-18,15:29:54,BKKT,"""Bakkt Holdings, Inc.""",NYSE,LULD pause,2024-11-18,15:34:59
2024-11-18,15:24:27,BKKT,"""Bakkt Holdings, Inc.""",NYSE,LULD pause,2024-11-18,15:29:30
2024-11-18,15:18:23,BKKT,"""Bakkt Holdings, Inc.""",NYSE,LULD pause,2024-11-18,15:24:05
2024-11-18,14:20:59,PLAG,Planet Green Holdings Corp.,NYSE American,LULD pause,2024-11-18,14:30:59
2024-11-18,14:15:32,PLAG,Planet Green Holdings Corp.,NYSE American,LULD pause,2024-11-18,14:20:32
2024-11-18,14:10:10,DMN,Damon Inc. Common Stock,Nasdaq,LULD pause,2024-11-18,14:15:10
2024-11-18,14:05:01,PLAG,Planet Green Holdings Corp.,NYSE American,LULD pause,2024-11-18,14:10:01
2024-11-18,13:46:49,DMN,Damon Inc. Common Stock,Nasdaq,LULD pause,2024-11-18,13:51:49
2024-11-18,13:35:35,DMN,Damon Inc. Common Stock,Nasdaq,LULD pause,2024-11-18,13:40:35
2024-11-18,13:26:47,SONN,"""Sonnet BioTherapeutics Holdings, Inc. Common Stock""",Nasdaq,LULD pause,2024-11-18,13:36:47
2024-11-18,13:24:22,DMN,Damon Inc. Common Stock,Nasdaq,LULD pause,2024-11-18,13:29:22
2024-11-18,13:08:58,DMN,Damon Inc. Common Stock,Nasdaq,LULD pause,2024-11-18,13:13:58
2024-11-18,13:02:41,QMMM,QMMM Holdings Limited Ordinary Shares,Nasdaq,LULD pause,2024-11-18,13:07:41
2024-11-18,12:54:14,DMN,Damon Inc. Common Stock,Nasdaq,LULD pause,2024-11-18,13:04:14
2024-11-18,12:53:18,HCWB,HCW Biologics Inc. Common Stock,Nasdaq,LULD pause,2024-11-18,12:58:18
2024-11-18,12:46:37,HCWB,HCW Biologics Inc. Common Stock,Nasdaq,LULD pause,2024-11-18,12:51:37
2024-11-18,12:39:50,HCWB,HCW Biologics Inc. Common Stock,Nasdaq,LULD pause,2024-11-18,12:44:50
2024-11-18,12:38:35,QMMM,QMMM Holdings Limited Ordinary Shares,Nasdaq,LULD pause,2024-11-18,12:43:35
2024-11-18,12:36:23,PBR,PETROLEO BRASILEIRO S.A.-PETROBRAS ADS (REP 1 COMMON SHARE),NYSE,News pending,2024-11-18,13:10:25
2024-11-18,12:36:23,PBR A,Petroleo Brasileiro S.A.-Petrobras,NYSE,News pending,2024-11-18,13:10:38
2024-11-18,12:34:01,HCWB,HCW Biologics Inc. Common Stock,Nasdaq,LULD pause,2024-11-18,12:39:01
2024-11-18,12:28:17,QMMM,QMMM Holdings Limited Ordinary Shares,Nasdaq,LULD pause,2024-11-18,12:38:17
2024-11-18,12:20:57,QMMM,QMMM Holdings Limited Ordinary Shares,Nasdaq,LULD pause,2024-11-18,12:25:57
2024-11-18,12:20:28,HCWB,HCW Biologics Inc. Common Stock,Nasdaq,LULD pause,2024-11-18,12:25:28
2024-11-18,12:18:49,LEV WS,"""The Lion Electric Company Redeemable Warrants, each whole warrant entitles the holder to purchase one Common Share at a price of $11.50 per share""",NYSE,News pending,See Subsequent Halt,See Subsequent Halt
2024-11-18,12:18:49,LEV WS,"""The Lion Electric Company Redeemable Warrants, each whole warrant entitles the holder to purchase one Common Share at a price of $11.50 per share""",NYSE,News pending,,
2024-11-18,12:14:28,HCWB,HCW Biologics Inc. Common Stock,Nasdaq,LULD pause,2024-11-18,12:19:28
2024-11-18,12:14:15,QMMM,QMMM Holdings Limited Ordinary Shares,Nasdaq,LULD pause,2024-11-18,12:19:15
2024-11-18,12:09:07,HCWB,HCW Biologics Inc. Common Stock,Nasdaq,LULD pause,2024-11-18,12:14:07
2024-11-18,12:06:38,QMMM,QMMM Holdings Limited Ordinary Shares,Nasdaq,LULD pause,2024-11-18,12:11:38
2024-11-18,12:03:46,HCWB,HCW Biologics Inc. Common Stock,Nasdaq,LULD pause,2024-11-18,12:08:46
2024-11-18,12:00:42,QMMM,QMMM Holdings Limited Ordinary Shares,Nasdaq,LULD pause,2024-11-18,12:05:42
2024-11-18,11:58:05,HCWB,HCW Biologics Inc. Common Stock,Nasdaq,LULD pause,2024-11-18,12:03:05
2024-11-18,11:50:16,HCWB,HCW Biologics Inc. Common Stock,Nasdaq,LULD pause,2024-11-18,11:55:16
2024-11-18,11:44:54,HCWB,HCW Biologics Inc. Common Stock,Nasdaq,LULD pause,2024-11-18,11:49:54
2024-11-18,11:40:12,QMMM,QMMM Holdings Limited Ordinary Shares,Nasdaq,LULD pause,2024-11-18,12:00:21
2024-11-18,11:34:17,HCWB,HCW Biologics Inc. Common Stock,Nasdaq,LULD pause,2024-11-18,11:39:17
2024-11-18,11:32:23,QMMM,QMMM Holdings Limited Ordinary Shares,Nasdaq,LULD pause,2024-11-18,11:37:23
2024-11-18,11:30:56,PLAG,Planet Green Holdings Corp.,NYSE American,LULD pause,2024-11-18,11:40:56
2024-11-18,11:20:35,PLAG,Planet Green Holdings Corp.,NYSE American,LULD pause,2024-11-18,11:30:35
2024-11-18,11:18:31,HCWB,HCW Biologics Inc. Common Stock,Nasdaq,LULD pause,2024-11-18,11:23:31
2024-11-18,11:13:04,HCWB,HCW Biologics Inc. Common Stock,Nasdaq,LULD pause,2024-11-18,11:18:04
2024-11-18,10:31:48,HCWB,HCW Biologics Inc. Common Stock,Nasdaq,LULD pause,2024-11-18,10:36:48
2024-11-18,10:22:57,HCWB,HCW Biologics Inc. Common Stock,Nasdaq,LULD pause,2024-11-18,10:27:57
2024-11-18,10:12:55,FGL,Founder Group Limited Ordinary Shares,Nasdaq,LULD pause,2024-11-18,10:17:55
2024-11-18,09:53:05,ISPC,iSpecimen Inc. Common Stock,Nasdaq,LULD pause,2024-11-18,10:03:05
2024-11-18,09:52:25,HCWB,HCW Biologics Inc. Common Stock,Nasdaq,LULD pause,2024-11-18,09:57:25
2024-11-18,09:50:20,YIBO,Planet Image International Limited Class A Ordinary Shares,Nasdaq,LULD pause,2024-11-18,09:55:20
2024-11-18,09:47:26,KSCP,"""Knightscope, Inc. Class A Common Stock""",Nasdaq,LULD pause,2024-11-18,09:52:26
2024-11-18,09:41:33,VINO,"""Gaucho Group Holdings, Inc. Common Stock""",Nasdaq,LULD pause,2024-11-18,09:46:33
2024-11-18,09:40:45,BJDX,"""Bluejay Diagnostics, Inc. Common Stock""",Nasdaq,LULD pause,2024-11-18,09:45:45
2024-11-18,09:37:19,TZUP,Thumzup Media Corporation Common Stock,Nasdaq,LULD pause,2024-11-18,09:42:19
2024-11-18,09:35:59,PLAG,Planet Green Holdings Corp.,NYSE American,LULD pause,2024-11-18,09:40:59
2024-11-18,09:35:13,FATE,"""Fate Therapeutics, Inc.""",Nasdaq,LULD pause,2024-11-18,09:40:13
2024-11-18,09:33:11,PTLE,PTL LTD Ordinary Shares,Nasdaq,LULD pause,2024-11-18,09:38:11
2024-11-18,09:32:42,QMMM,QMMM Holdings Limited Ordinary Shares,Nasdaq,LULD pause,2024-11-18,09:37:42
2024-11-18,09:30:44,PLAG,Planet Green Holdings Corp.,NYSE American,LULD pause,2024-11-18,09:35:44
2024-11-18,09:30:31,SGN,"""Signing Day Sports, Inc.""",NYSE American,LULD pause,2024-11-18,09:35:31
2024-11-18,09:30:17,SWVL,Swvl Holdings Corp Class A Common Shares,Nasdaq,LULD pause,2024-11-18,09:40:17
2024-11-18,04:30:53,SAVE,"""Spirit Airlines, Inc.""",NYSE,Regulatory Concern,See Subsequent Halt,See Subsequent Halt
2024-11-15,19:50:41,SGN,"""Signing Day Sports, Inc.""",NYSE American,Corporate Action,,
2024-11-15,19:50:41,SGN,"""Signing Day Sports, Inc.""",NYSE American,Corporate Action,2024-11-18,09:00:00
2024-11-15,19:50:00,LIFWZ,"""MSP Recovery, Inc. Warrant""",Nasdaq,News pending,,
2024-11-15,19:50:00,LIFWZ,"""MSP Recovery, Inc. Warrant""",Nasdaq,News pending,2024-11-18,09:05:00
2024-11-15,19:50:00,LIFWW,"""MSP Recovery, Inc. Warrant""",Nasdaq,News pending,2024-11-18,09:05:00
2024-11-15,19:50:00,LIFWW,"""MSP Recovery, Inc. Warrant""",Nasdaq,News pending,,
2024-11-15,19:50:00,SMST,Tidal Trust II Defiance Daily Target 2x Short MSTR ETF,Nasdaq,News pending,2024-11-18,09:00:00
2024-11-15,19:50:00,SMST,Tidal Trust II Defiance Daily Target 2x Short MSTR ETF,Nasdaq,News pending,,
2024-11-15,19:50:00,UPC,Universe Pharmaceuticals Inc. Ordinary Shares,Nasdaq,News pending,2024-11-18,09:00:00
2024-11-15,19:50:00,UPC,Universe Pharmaceuticals Inc. Ordinary Shares,Nasdaq,News pending,,
2024-11-15,19:50:00,LIFW,"""MSP Recovery, Inc. Class A Common Stock""",Nasdaq,News pending,2024-11-18,09:00:00
2024-11-15,19:50:00,LIFW,"""MSP Recovery, Inc. Class A Common Stock""",Nasdaq,News pending,,
2024-11-15,19:50:00,BJDX,"""Bluejay Diagnostics, Inc. Common Stock""",Nasdaq,News pending,,
2024-11-15,19:50:00,BJDX,"""Bluejay Diagnostics, Inc. Common Stock""",Nasdaq,News pending,2024-11-18,09:00:00
2024-11-15,19:50:00,SMCX,Defiance Daily Target 2X Long SMCI ETF,Nasdaq,News pending,,
2024-11-15,19:50:00,SMCX,Defiance Daily Target 2X Long SMCI ETF,Nasdaq,News pending,2024-11-18,09:00:00
2024-11-15,16:53:46,RCFA,Perception Capital Corp. IV,NYSE,News Released,,
2024-11-15,16:53:46,EVTL WS,"""Vertical Aerospace Ltd. Warrants, each whole warrant exercisable for 1/10th of an ordinary share at an exercise price of $115.00 per share""",NYSE,News Released,,
2024-11-15,16:53:46,RCFA U,"""Perception Capital Corp. IV Units, each consisting of one Class A ordinary share and one-half of one redeemable warrant""",NYSE,News Released,,
2024-11-15,16:53:46,RCFA WS,"""Perception Capital Corp. IV Warrants, each whole warrant exercisable for one Class A ordinary share at an exercise price of $11.50 per share""",NYSE,News Released,,
2024-11-15,16:05:34,RCFA,Perception Capital Corp. IV,NYSE,News pending,See Subsequent Halt,See Subsequent Halt
2024-11-15,16:05:34,RCFA WS,"""Perception Capital Corp. IV Warrants, each whole warrant exercisable for one Class A ordinary share at an exercise price of $11.50 per share""",NYSE,News pending,See Subsequent Halt,See Subsequent Halt
2024-11-15,16:05:34,RCFA U,"""Perception Capital Corp. IV Units, each consisting of one Class A ordinary share and one-half of one redeemable warrant""",NYSE,News pending,See Subsequent Halt,See Subsequent Halt
2024-11-15,15:59:48,BTOC,Armlogi Holding Corp. common stock,Nasdaq,LULD pause,2024-11-15,16:00:00
2024-11-15,15:26:53,MI,NFT Limited,NYSE American,LULD pause,2024-11-15,15:36:53
2024-11-15,15:15:11,MI,NFT Limited,NYSE American,LULD pause,2024-11-15,15:20:11
2024-11-15,14:59:19,MI,NFT Limited,NYSE American,LULD pause,2024-11-15,15:04:19
2024-11-15,14:49:21,MI,NFT Limited,NYSE American,LULD pause,2024-11-15,14:54:21
2024-11-15,14:41:34,MI,NFT Limited,NYSE American,LULD pause,2024-11-15,14:46:34
2024-11-15,14:21:52,MI,NFT Limited,NYSE American,LULD pause,2024-11-15,14:41:17
2024-11-15,14:18:47,TDTH,Trident Digital Tech Holdings Ltd American Depository Shares,Nasdaq,LULD pause,2024-11-15,14:23:47
2024-11-15,14:03:00,MFH,Mercurity Fintech Holding Inc. Ordinary Shares,Nasdaq,LULD pause,2024-11-15,14:13:01
2024-11-15,13:55:27,MFH,Mercurity Fintech Holding Inc. Ordinary Shares,Nasdaq,LULD pause,2024-11-15,14:00:27
2024-11-15,13:42:18,MI,NFT Limited,NYSE American,LULD pause,2024-11-15,13:47:18
2024-11-15,13:39:42,MFH,Mercurity Fintech Holding Inc. Ordinary Shares,Nasdaq,LULD pause,2024-11-15,13:54:56
2024-11-15,13:33:11,MI,NFT Limited,NYSE American,LULD pause,2024-11-15,13:38:11
2024-11-15,12:45:39,TKLF,"""Tokyo Lifestyle Co., Ltd. American Depositary Shares""",Nasdaq,LULD pause,2024-11-15,12:50:39
2024-11-15,12:02:27,EVTL WS,"""Vertical Aerospace Ltd. Warrants, each whole warrant exercisable for 1/10th of an ordinary share at an exercise price of $115.00 per share""",NYSE,News pending,See Subsequent Halt,See Subsequent Halt
2024-11-15,11:52:28,ABP,"""Abpro Holdings, Inc Common Stock""",Nasdaq,LULD pause,2024-11-15,11:57:28
2024-11-15,11:26:22,NUKK,Nukkleus Inc. Common Stock,Nasdaq,LULD pause,2024-11-15,11:31:22
2024-11-15,11:07:08,AREN,"""The Arena Group Holdings, Inc.""",NYSE American,LULD pause,2024-11-15,11:12:08
2024-11-15,10:55:01,FLSP,Franklin Systematic Style Premia ETF,NYSE Arca,LULD pause,2024-11-15,11:00:01
2024-11-15,10:49:01,AREN,"""The Arena Group Holdings, Inc.""",NYSE American,LULD pause,2024-11-15,10:54:01
2024-11-15,10:48:05,SWVL,Swvl Holdings Corp Class A Common Shares,Nasdaq,LULD pause,2024-11-15,10:58:05
2024-11-15,10:45:45,GORV,"""Lazydays Holdings, Inc. Common Stock""",Nasdaq,LULD pause,2024-11-15,10:50:45
2024-11-15,10:37:35,CYCN,"""Cyclerion Therapeutics, Inc. Common Stock""",Nasdaq,LULD pause,2024-11-15,10:47:35
2024-11-15,10:35:10,SWVL,Swvl Holdings Corp Class A Common Shares,Nasdaq,LULD pause,2024-11-15,10:45:10
2024-11-15,10:26:31,AREN,"""The Arena Group Holdings, Inc.""",NYSE American,LULD pause,2024-11-15,10:31:31
2024-11-15,10:26:09,WCT,Wellchange Holdings Company Limited Ordinary shares,Nasdaq,LULD pause,2024-11-15,10:31:09
2024-11-15,10:22:10,TZUP,Thumzup Media Corporation Common Stock,Nasdaq,LULD pause,2024-11-15,10:27:10
2024-11-15,10:20:18,AREN,"""The Arena Group Holdings, Inc.""",NYSE American,LULD pause,2024-11-15,10:25:18
2024-11-15,10:06:50,AREN,"""The Arena Group Holdings, Inc.""",NYSE American,LULD pause,2024-11-15,10:11:50
2024-11-15,10:01:16,AREN,"""The Arena Group Holdings, Inc.""",NYSE American,LULD pause,2024-11-15,10:06:16
2024-11-15,09:58:39,RKDA,"""Arcadia Biosciences, Inc.""",Nasdaq,LULD pause,2024-11-15,10:03:39
2024-11-15,09:56:46,CELU,Celularity Inc. Class A Common Stock,Nasdaq,LULD pause,2024-11-15,10:01:46
2024-11-15,09:54:25,AREN,"""The Arena Group Holdings, Inc.""",NYSE American,LULD pause,2024-11-15,09:59:25
2024-11-15,09:53:50,WCT,Wellchange Holdings Company Limited Ordinary shares,Nasdaq,LULD pause,2024-11-15,09:58:50
2024-11-15,09:53:24,RKDA,"""Arcadia Biosciences, Inc.""",Nasdaq,LULD pause,2024-11-15,09:58:24
2024-11-15,09:49:07,AREN,"""The Arena Group Holdings, Inc.""",NYSE American,LULD pause,2024-11-15,09:54:07
2024-11-15,09:48:27,WCT,Wellchange Holdings Company Limited Ordinary shares,Nasdaq,LULD pause,2024-11-15,09:53:27
2024-11-15,09:43:39,AREN,"""The Arena Group Holdings, Inc.""",NYSE American,LULD pause,2024-11-15,09:48:39
2024-11-15,09:43:00,WCT,Wellchange Holdings Company Limited Ordinary shares,Nasdaq,LULD pause,2024-11-15,09:48:00
2024-11-15,09:38:14,AREN,"""The Arena Group Holdings, Inc.""",NYSE American,LULD pause,2024-11-15,09:43:14
2024-11-15,09:37:55,AISP,"""Airship AI Holdings, Inc. Class A Common Stock""",Nasdaq,LULD pause,2024-11-15,09:42:55
2024-11-15,09:33:38,IPDN,"""Professional Diversity Network, Inc.""",Nasdaq,LULD pause,2024-11-15,09:38:38
2024-11-15,09:32:33,TATT,TAT Technologies Ltd,Nasdaq,LULD pause,2024-11-15,09:37:33
2024-11-15,09:32:19,AISP,"""Airship AI Holdings, Inc. Class A Common Stock""",Nasdaq,LULD pause,2024-11-15,09:37:19
2024-11-15,09:31:40,AREN,"""The Arena Group Holdings, Inc.""",NYSE American,LULD pause,2024-11-15,09:36:40
2024-11-15,09:30:33,WCT,Wellchange Holdings Company Limited Ordinary shares,Nasdaq,LULD pause,2024-11-15,09:42:06
2024-11-15,06:55:00,EYEN,"""Eyenovia, Inc. Common Stock""",Nasdaq,News pending,2024-11-15,07:30:00
2024-11-14,19:51:16,TPET,Trio Petroleum Corp.,NYSE American,Corporate Action,2024-11-15,09:00:00
2024-11-14,19:51:16,TPET,Trio Petroleum Corp.,NYSE American,Corporate Action,,
2024-11-14,19:50:00,ADD,"""Color Star Technology Co., Ltd. Class A Ordinary Shares""",Nasdaq,News pending,,
2024-11-14,19:50:00,ADD,"""Color Star Technology Co., Ltd. Class A Ordinary Shares""",Nasdaq,News pending,2024-11-15,09:00:00
2024-11-14,19:50:00,AXNX,"""Axonics, Inc. Common Stock""",Nasdaq,News pending,,
2024-11-14,19:50:00,TKLF,"""Tokyo Lifestyle Co., Ltd. American Depositary Shares""",Nasdaq,News pending,,
2024-11-14,19:50:00,TKLF,"""Tokyo Lifestyle Co., Ltd. American Depositary Shares""",Nasdaq,News pending,2024-11-15,09:00:00
2024-11-14,16:05:00,TFFP,"""TFF Pharmaceuticals, Inc. Common Stock""",Nasdaq,News pending,2024-11-14,16:45:00
2024-11-14,15:56:37,VVPR,VivoPower International PLC,Nasdaq,LULD pause,2024-11-14,16:00:00
2024-11-14,15:45:35,GTN A,"""Gray Television, Inc. Class A""",NYSE,LULD pause,2024-11-14,16:00:12
2024-11-14,15:39:52,GTN A,"""Gray Television, Inc. Class A""",NYSE,LULD pause,2024-11-14,15:45:06
2024-11-14,15:33:07,INHD,Inno Holdings Inc. Common Stock,Nasdaq,LULD pause,2024-11-14,15:38:07
2024-11-14,15:25:57,TZUP,Thumzup Media Corporation Common Stock,Nasdaq,LULD pause,2024-11-14,15:30:57
2024-11-14,15:25:41,CELU,Celularity Inc. Class A Common Stock,Nasdaq,LULD pause,2024-11-14,15:30:41
2024-11-14,14:57:18,TZUP,Thumzup Media Corporation Common Stock,Nasdaq,LULD pause,2024-11-14,15:02:18
2024-11-14,14:52:03,TZUP,Thumzup Media Corporation Common Stock,Nasdaq,LULD pause,2024-11-14,14:57:03
2024-11-14,14:35:58,ABP,"""Abpro Holdings, Inc Common Stock""",Nasdaq,LULD pause,2024-11-14,14:45:58
2024-11-14,14:04:48,EVO,Evotec SE American Depositary Shares,Nasdaq,LULD pause,2024-11-14,14:14:48
2024-11-14,14:01:37,CIG,Companhia Energetica De Minas Gerais-CEMIG,NYSE,News pending,2024-11-14,15:21:18
2024-11-14,14:01:37,CIG C,Companhia Energetica De Minas Gerais-CEMIG,NYSE,News pending,2024-11-14,15:21:43
2024-11-14,13:33:10,WCT,Wellchange Holdings Company Limited Ordinary shares,Nasdaq,LULD pause,2024-11-14,13:38:10
2024-11-14,13:25:21,AGFY,Agrify Corporation Common Stock,Nasdaq,LULD pause,2024-11-14,13:35:21
2024-11-14,13:22:57,BE,Bloom Energy Corporation,NYSE,News pending,,
2024-11-14,13:22:57,BE,Bloom Energy Corporation,NYSE,News pending,2024-11-15,09:31:13
2024-11-14,13:14:59,AGFY,Agrify Corporation Common Stock,Nasdaq,LULD pause,2024-11-14,13:19:59
2024-11-14,12:50:50,GTN A,"""Gray Television, Inc. Class A""",NYSE,LULD pause,2024-11-14,12:56:14
2024-11-14,12:40:31,GTN A,"""Gray Television, Inc. Class A""",NYSE,LULD pause,2024-11-14,12:46:14
2024-11-14,12:34:53,GTN A,"""Gray Television, Inc. Class A""",NYSE,LULD pause,2024-11-14,12:39:58
2024-11-14,12:20:55,GTN A,"""Gray Television, Inc. Class A""",NYSE,LULD pause,2024-11-14,12:26:32
2024-11-14,12:16:05,ELVA,Electrovaya Inc. Common Shares,Nasdaq,News pending,2024-11-14,13:15:00
2024-11-14,12:14:07,GTN A,"""Gray Television, Inc. Class A""",NYSE,LULD pause,2024-11-14,12:20:11
2024-11-14,12:03:58,GTN A,"""Gray Television, Inc. Class A""",NYSE,LULD pause,2024-11-14,12:10:07
2024-11-14,12:02:30,GORV,"""Lazydays Holdings, Inc. Common Stock""",Nasdaq,LULD pause,2024-11-14,12:07:30
2024-11-14,12:01:36,ABP,"""Abpro Holdings, Inc Common Stock""",Nasdaq,LULD pause,2024-11-14,12:06:36
2024-11-14,11:59:39,HTOO,Fusion Fuel Green PLC Class A Ordinary Shares,Nasdaq,LULD pause,2024-11-14,12:04:39
2024-11-14,11:55:56,GTN A,"""Gray Television, Inc. Class A""",NYSE,LULD pause,2024-11-14,12:02:09
2024-11-14,11:54:01,HTOO,Fusion Fuel Green PLC Class A Ordinary Shares,Nasdaq,LULD pause,2024-11-14,11:59:01
2024-11-14,11:51:54,GORV,"""Lazydays Holdings, Inc. Common Stock""",Nasdaq,LULD pause,2024-11-14,12:01:54
2024-11-14,11:34:30,PXDT,"""Pixie Dust Technologies, Inc. American Depositary Shares""",Nasdaq,LULD pause,2024-11-14,11:39:30
2024-11-14,11:32:27,MTEM,"""Molecular Templates, Inc.""",Nasdaq,LULD pause,2024-11-14,11:37:27
2024-11-14,11:29:15,PXDT,"""Pixie Dust Technologies, Inc. American Depositary Shares""",Nasdaq,LULD pause,2024-11-14,11:34:15
2024-11-14,11:25:39,GTN A,"""Gray Television, Inc. Class A""",NYSE,LULD pause,2024-11-14,11:30:41
2024-11-14,11:23:29,MTEM,"""Molecular Templates, Inc.""",Nasdaq,LULD pause,2024-11-14,11:28:29
2024-11-14,11:18:29,PXDT,"""Pixie Dust Technologies, Inc. American Depositary Shares""",Nasdaq,LULD pause,2024-11-14,11:28:29
2024-11-14,11:13:36,ABP,"""Abpro Holdings, Inc Common Stock""",Nasdaq,LULD pause,2024-11-14,11:18:36
2024-11-14,11:13:06,PXDT,"""Pixie Dust Technologies, Inc. American Depositary Shares""",Nasdaq,LULD pause,2024-11-14,11:18:06
2024-11-14,11:04:38,MTEM,"""Molecular Templates, Inc.""",Nasdaq,LULD pause,2024-11-14,11:09:38
2024-11-14,11:03:55,ABP,"""Abpro Holdings, Inc Common Stock""",Nasdaq,LULD pause,2024-11-14,11:08:55
2024-11-14,10:42:52,PULM,"""Pulmatrix, Inc. Common Stock""",Nasdaq,LULD pause,2024-11-14,10:47:52
2024-11-14,10:39:30,ABP,"""Abpro Holdings, Inc Common Stock""",Nasdaq,LULD pause,2024-11-14,10:44:30
2024-11-14,10:27:39,PULM,"""Pulmatrix, Inc. Common Stock""",Nasdaq,LULD pause,2024-11-14,10:32:39
2024-11-14,10:16:47,BLAC,Bellevue Life Sciences Acquisition Corp. Common Stock,Nasdaq,LULD pause,2024-11-14,10:21:47
2024-11-14,10:16:32,TLX,Telix Pharmaceuticals Limited American Depositary Shares,Nasdaq,LULD pause,2024-11-14,10:26:33
2024-11-14,10:15:29,ABP,"""Abpro Holdings, Inc Common Stock""",Nasdaq,LULD pause,2024-11-14,10:25:29
2024-11-14,10:15:00,PULM,"""Pulmatrix, Inc. Common Stock""",Nasdaq,LULD pause,2024-11-14,10:25:00
2024-11-14,10:09:17,ABP,"""Abpro Holdings, Inc Common Stock""",Nasdaq,LULD pause,2024-11-14,10:14:17
2024-11-14,10:03:23,MFH,Mercurity Fintech Holding Inc. Ordinary Shares,Nasdaq,LULD pause,2024-11-14,10:08:23
2024-11-14,10:02:26,BTCT,BTC Digital Ltd. Ordinary Shares,Nasdaq,LULD pause,2024-11-14,10:07:26
2024-11-14,10:02:08,YOSH,Yoshiharu Global Co. Class A Common Stock,Nasdaq,LULD pause,2024-11-14,10:12:08
2024-11-14,10:01:32,PULM,"""Pulmatrix, Inc. Common Stock""",Nasdaq,LULD pause,2024-11-14,10:14:30
2024-11-14,10:00:49,LMFA,"""LM Funding America, Inc. Common Stock""",Nasdaq,LULD pause,2024-11-14,10:05:49
2024-11-14,09:59:01,ZCAR,"""Zoomcar Holdings, Inc. Common Stock""",Nasdaq,LULD pause,2024-11-14,10:04:01
2024-11-14,09:58:53,ABP,"""Abpro Holdings, Inc Common Stock""",Nasdaq,LULD pause,2024-11-14,10:08:53
2024-11-14,09:53:56,VISL,"""Vislink Technologies, Inc. Common Stock""",Nasdaq,LULD pause,2024-11-14,10:03:56
2024-11-14,09:53:38,AMBI,Ambipar Emergency Response,NYSE American,LULD pause,2024-11-14,10:03:38
2024-11-14,09:53:24,WLGS,"""Wang & Lee Group, Inc. Ordinary Shares""",Nasdaq,LULD pause,2024-11-14,09:58:24
2024-11-14,09:52:43,ABP,"""Abpro Holdings, Inc Common Stock""",Nasdaq,LULD pause,2024-11-14,09:57:43
2024-11-14,09:51:56,TRNR,Interactive Strength Inc. Common Stock,Nasdaq,LULD pause,2024-11-14,10:01:56
2024-11-14,09:51:50,YOSH,Yoshiharu Global Co. Class A Common Stock,Nasdaq,LULD pause,2024-11-14,09:56:50
2024-11-14,09:51:33,ZCAR,"""Zoomcar Holdings, Inc. Common Stock""",Nasdaq,LULD pause,2024-11-14,09:56:33
2024-11-14,09:47:44,WLGS,"""Wang & Lee Group, Inc. Ordinary Shares""",Nasdaq,LULD pause,2024-11-14,09:52:44
2024-11-14,09:45:06,ABP,"""Abpro Holdings, Inc Common Stock""",Nasdaq,LULD pause,2024-11-14,09:50:06
2024-11-14,09:43:56,TRNR,Interactive Strength Inc. Common Stock,Nasdaq,LULD pause,2024-11-14,09:48:56
2024-11-14,09:43:52,JTAI,Jet.AI Inc. Common Stock,Nasdaq,LULD pause,2024-11-14,09:48:52
2024-11-14,09:42:01,DPCSU,DP Cap Acquisition Corp I Unit,Nasdaq,LULD pause,2024-11-14,09:47:01
2024-11-14,09:41:52,VISL,"""Vislink Technologies, Inc. Common Stock""",Nasdaq,LULD pause,2024-11-14,09:46:52
2024-11-14,09:41:19,NVCT,"""Nuvectis Pharma, Inc. Common Stock""",Nasdaq,LULD pause,2024-11-14,09:46:19
2024-11-14,09:41:08,GLXG,Galaxy Payroll Group Limited Ordinary Shares,Nasdaq,LULD pause,2024-11-14,09:46:08
2024-11-14,09:39:55,QMMM,QMMM Holdings Limited Ordinary Shares,Nasdaq,LULD pause,2024-11-14,09:49:55
2024-11-14,09:36:22,WLGS,"""Wang & Lee Group, Inc. Ordinary Shares""",Nasdaq,LULD pause,2024-11-14,09:46:22
2024-11-14,09:36:18,LUNR,"""Intuitive Machines, Inc. Class A Common Stock""",Nasdaq,LULD pause,2024-11-14,09:41:18
2024-11-14,09:35:35,SCOR,"""comScore, Inc. Common Stock""",Nasdaq,LULD pause,2024-11-14,09:40:35
2024-11-14,09:34:50,ABP,"""Abpro Holdings, Inc Common Stock""",Nasdaq,LULD pause,2024-11-14,09:44:50
2024-11-14,09:33:27,PCTTU,"""PureCycle Technologies, Inc. Unit""",Nasdaq,LULD pause,2024-11-14,09:38:27
2024-11-14,09:33:22,ALGS,"""Aligos Therapeutics, Inc. Common Stock""",Nasdaq,LULD pause,2024-11-14,09:38:22
2024-11-14,09:33:19,MFH,Mercurity Fintech Holding Inc. Ordinary Shares,Nasdaq,LULD pause,2024-11-14,09:43:19
2024-11-14,09:32:54,JTAI,Jet.AI Inc. Common Stock,Nasdaq,LULD pause,2024-11-14,09:37:54
2024-11-14,09:31:13,PULM,"""Pulmatrix, Inc. Common Stock""",Nasdaq,LULD pause,2024-11-14,09:41:14
2024-11-14,09:30:32,BRAG,Bragg Gaming Group Inc. Common Shares,Nasdaq,LULD pause,2024-11-14,09:35:32
2024-11-14,09:30:16,CYCCP,"""Cyclacel Pharmaceuticals, Inc. 6% Cnvrtbl. Prfrd. Stock""",Nasdaq,LULD pause,2024-11-14,09:41:35
2024-11-14,00:23:42,ABP,"""Abpro Holdings, Inc Common Stock""",Nasdaq,News pending,2024-11-14,09:00:00
2024-11-13,19:50:00,INM,InMed Pharmaceuticals Inc. Common Shares,Nasdaq,News pending,2024-11-14,09:00:00
2024-11-13,19:50:00,INM,InMed Pharmaceuticals Inc. Common Shares,Nasdaq,News pending,,
2024-11-13,19:50:00,AKAN,Akanda Corp. Common Shares,Nasdaq,News pending,2024-11-14,09:00:00
2024-11-13,19:50:00,AKAN,Akanda Corp. Common Shares,Nasdaq,News pending,,
2024-11-13,16:00:10,ADAP,Adaptimmune Therapeutics plc American Depositary Shares,Nasdaq,News pending,2024-11-13,16:35:00
2024-11-13,15:57:39,INHD,Inno Holdings Inc. Common Stock,Nasdaq,LULD pause,2024-11-13,16:00:00
2024-11-13,15:44:45,INHD,Inno Holdings Inc. Common Stock,Nasdaq,LULD pause,2024-11-13,15:49:45
2024-11-13,15:30:45,INHD,Inno Holdings Inc. Common Stock,Nasdaq,LULD pause,2024-11-13,15:40:45
2024-11-13,15:28:36,GTN A,"""Gray Television, Inc. Class A""",NYSE,LULD pause,2024-11-13,15:33:36
2024-11-13,15:13:02,INHD,Inno Holdings Inc. Common Stock,Nasdaq,LULD pause,2024-11-13,15:28:04
2024-11-13,15:12:42,GLXG,Galaxy Payroll Group Limited Ordinary Shares,Nasdaq,LULD pause,2024-11-13,15:22:42
2024-11-13,15:02:58,INHD,Inno Holdings Inc. Common Stock,Nasdaq,LULD pause,2024-11-13,15:07:58
2024-11-13,14:47:07,INHD,Inno Holdings Inc. Common Stock,Nasdaq,LULD pause,2024-11-13,14:52:07
2024-11-13,14:37:46,INHD,Inno Holdings Inc. Common Stock,Nasdaq,LULD pause,2024-11-13,14:42:46
2024-11-13,14:27:24,INHD,Inno Holdings Inc. Common Stock,Nasdaq,LULD pause,2024-11-13,14:37:25
2024-11-13,14:22:01,INHD,Inno Holdings Inc. Common Stock,Nasdaq,LULD pause,2024-11-13,14:27:01
2024-11-13,14:04:29,QMCO,Quantum Corporation,Nasdaq,LULD pause,2024-11-13,14:09:29
2024-11-13,14:01:38,DNMR,"""Danimer Scientific, Inc.""",NYSE,LULD pause,2024-11-13,14:07:20
2024-11-13,13:56:02,DNMR,"""Danimer Scientific, Inc.""",NYSE,LULD pause,2024-11-13,14:01:18
2024-11-13,13:48:43,DNMR,"""Danimer Scientific, Inc.""",NYSE,LULD pause,2024-11-13,13:54:01
2024-11-13,13:46:20,INHD,Inno Holdings Inc. Common Stock,Nasdaq,LULD pause,2024-11-13,14:21:39
2024-11-13,13:38:03,DNMR,"""Danimer Scientific, Inc.""",NYSE,LULD pause,2024-11-13,13:43:59
2024-11-13,12:37:26,MFH,Mercurity Fintech Holding Inc. Ordinary Shares,Nasdaq,LULD pause,2024-11-13,12:42:26
2024-11-13,12:19:12,GLXG,Galaxy Payroll Group Limited Ordinary Shares,Nasdaq,LULD pause,2024-11-13,12:24:12
2024-11-13,12:17:04,IZTC,Invizyne Technologies Inc. Common Stock,Nasdaq,LULD pause,2024-11-13,12:27:04
2024-11-13,12:08:55,GLXG,Galaxy Payroll Group Limited Ordinary Shares,Nasdaq,LULD pause,2024-11-13,12:18:55
2024-11-13,12:04:51,QMMM,QMMM Holdings Limited Ordinary Shares,Nasdaq,LULD pause,2024-11-13,12:09:51
2024-11-13,11:58:32,GLXG,Galaxy Payroll Group Limited Ordinary Shares,Nasdaq,LULD pause,2024-11-13,12:08:32
2024-11-13,11:52:48,GLXG,Galaxy Payroll Group Limited Ordinary Shares,Nasdaq,LULD pause,2024-11-13,11:57:48
2024-11-13,11:42:43,QMMM,QMMM Holdings Limited Ordinary Shares,Nasdaq,LULD pause,2024-11-13,11:54:40
2024-11-13,11:41:37,GLXG,Galaxy Payroll Group Limited Ordinary Shares,Nasdaq,LULD pause,2024-11-13,11:51:38
2024-11-13,11:36:15,QMMM,QMMM Holdings Limited Ordinary Shares,Nasdaq,LULD pause,2024-11-13,11:41:15
2024-11-13,11:33:36,GLXG,Galaxy Payroll Group Limited Ordinary Shares,Nasdaq,LULD pause,2024-11-13,11:38:36
2024-11-13,11:22:46,GLXG,Galaxy Payroll Group Limited Ordinary Shares,Nasdaq,LULD pause,2024-11-13,11:33:15
2024-11-13,11:12:24,GLXG,Galaxy Payroll Group Limited Ordinary Shares,Nasdaq,LULD pause,2024-11-13,11:22:25
2024-11-13,11:06:24,QMMM,QMMM Holdings Limited Ordinary Shares,Nasdaq,LULD pause,2024-11-13,11:11:24
2024-11-13,11:01:46,GLXG,Galaxy Payroll Group Limited Ordinary Shares,Nasdaq,LULD pause,2024-11-13,11:11:46
2024-11-13,10:54:37,GLXG,Galaxy Payroll Group Limited Ordinary Shares,Nasdaq,LULD pause,2024-11-13,10:59:37
2024-11-13,10:49:44,FEBO,Fenbo Holdings Limited Ordinary Shares,Nasdaq,LULD pause,2024-11-13,10:59:44
2024-11-13,10:31:36,SCOR,"""comScore, Inc. Common Stock""",Nasdaq,LULD pause,2024-11-13,10:36:36
2024-11-13,10:27:06,MVST,"""Microvast Holdings, Inc. Common Stock""",Nasdaq,LULD pause,2024-11-13,10:32:06
2024-11-13,10:17:17,ORKT,Orangekloud Technology Inc. Class A Ordinary Shares,Nasdaq,LULD pause,2024-11-13,10:27:17
2024-11-13,10:13:58,SLND,"""Southland Holdings, Inc.""",NYSE American,LULD pause,2024-11-13,10:18:58
2024-11-13,10:09:13,ORKT,Orangekloud Technology Inc. Class A Ordinary Shares,Nasdaq,LULD pause,2024-11-13,10:14:13
2024-11-13,10:08:35,NXTT,Next Technology Holding Inc. Ordinary Shares,Nasdaq,LULD pause,2024-11-13,10:18:35
2024-11-13,10:07:45,JTAI,Jet.AI Inc. Common Stock,Nasdaq,LULD pause,2024-11-13,10:12:45
2024-11-13,10:07:33,SLND,"""Southland Holdings, Inc.""",NYSE American,LULD pause,2024-11-13,10:12:33
2024-11-13,10:04:28,BTCT,BTC Digital Ltd. Ordinary Shares,Nasdaq,LULD pause,2024-11-13,10:09:28
2024-11-13,10:02:18,JTAI,Jet.AI Inc. Common Stock,Nasdaq,LULD pause,2024-11-13,10:07:18
2024-11-13,09:56:53,JTAI,Jet.AI Inc. Common Stock,Nasdaq,LULD pause,2024-11-13,10:01:53
2024-11-13,09:54:42,SLND,"""Southland Holdings, Inc.""",NYSE American,LULD pause,2024-11-13,09:59:42
2024-11-13,09:53:24,BTCT,BTC Digital Ltd. Ordinary Shares,Nasdaq,LULD pause,2024-11-13,09:58:24
2024-11-13,09:46:17,BTCT,BTC Digital Ltd. Ordinary Shares,Nasdaq,LULD pause,2024-11-13,09:51:17
2024-11-13,09:45:25,SAVE,"""Spirit Airlines, Inc.""",NYSE,LULD pause,2024-11-13,09:50:29
2024-11-13,09:45:19,JTAI,Jet.AI Inc. Common Stock,Nasdaq,LULD pause,2024-11-13,09:56:27
2024-11-13,09:44:51,ORKT,Orangekloud Technology Inc. Class A Ordinary Shares,Nasdaq,LULD pause,2024-11-13,10:04:45
2024-11-13,09:44:07,NA,Nano Labs Ltd Class A Ordinary Shares,Nasdaq,LULD pause,2024-11-13,09:54:07
2024-11-13,09:42:44,DPCSU,DP Cap Acquisition Corp I Unit,Nasdaq,LULD pause,2024-11-13,09:47:44
2024-11-13,09:41:30,SLND,"""Southland Holdings, Inc.""",NYSE American,LULD pause,2024-11-13,09:46:30
2024-11-13,09:38:27,NLSP,NLS Pharmaceutics Ltd. Ordinary Shares,Nasdaq,LULD pause,2024-11-13,09:53:28
2024-11-13,09:36:15,DNMR,"""Danimer Scientific, Inc.""",NYSE,LULD pause,2024-11-13,09:42:08
2024-11-13,09:36:01,SAVE,"""Spirit Airlines, Inc.""",NYSE,LULD pause,2024-11-13,09:41:13
2024-11-13,09:35:42,BTCT,BTC Digital Ltd. Ordinary Shares,Nasdaq,LULD pause,2024-11-13,09:45:42
2024-11-13,09:33:01,STBX,Starbox Group Holdings Ltd. Class A Ordinary Shares,Nasdaq,LULD pause,2024-11-13,09:38:01
2024-11-13,09:31:19,NA,Nano Labs Ltd Class A Ordinary Shares,Nasdaq,LULD pause,2024-11-13,09:41:20
2024-11-13,09:30:40,STFS,Star Fashion Culture Holdings Limited Class A Ordinary Shares,Nasdaq,LULD pause,2024-11-13,09:35:40
2024-11-13,09:30:26,INSG,Inseego Corp. Common Stock,Nasdaq,LULD pause,2024-11-13,09:35:26
2024-11-13,09:30:25,BTCT,BTC Digital Ltd. Ordinary Shares,Nasdaq,LULD pause,2024-11-13,09:35:25
2024-11-13,09:30:16,LBTYB,Liberty Global Ltd. Class B Common Shares,Nasdaq,LULD pause,2024-11-13,10:05:17
2024-11-13,09:30:15,SLND,"""Southland Holdings, Inc.""",NYSE American,LULD pause,2024-11-13,09:40:15
2024-11-13,08:55:00,PULM,"""Pulmatrix, Inc. Common Stock""",Nasdaq,News pending,2024-11-13,09:50:00
2024-11-13,08:26:15,INST,"""Instructure Holdings, Inc.""",NYSE,Merger Effective,,
2024-11-13,08:25:00,LBRDP,Liberty Broadband Corporation Series A Cumulative Redeemable Preferred Stock,Nasdaq,News pending,2024-11-13,09:05:00
2024-11-13,08:25:00,LBRDK,Liberty Broadband Corporation Class C,Nasdaq,News pending,2024-11-13,09:05:00
2024-11-13,08:25:00,LBRDA,Liberty Broadband Corporation Class A,Nasdaq,News pending,2024-11-13,09:00:00
2024-11-13,06:55:00,POAI,Predictive Oncology Inc. Common Stock,Nasdaq,News pending,2024-11-13,07:31:00
2024-11-13,03:58:04,ABPWW,"""Abpro Holdings, Inc. Warrant""",Nasdaq,News pending,2024-11-14,09:05:00
2024-11-13,03:58:04,ABPWW,"""Abpro Holdings, Inc. Warrant""",Nasdaq,News pending,,
2024-11-13,03:58:04,ABP,"""Abpro Holdings, Inc Common Stock""",Nasdaq,News pending,,
2024-11-13,00:24:48,ABPWW,"""Abpro Holdings, Inc. Warrant""",Nasdaq,News pending,2024-11-13,03:58:00
2024-11-13,00:24:48,ABP,"""Abpro Holdings, Inc Common Stock""",Nasdaq,News pending,2024-11-13,03:58:00
2024-11-12,19:50:04,DNMR,"""Danimer Scientific, Inc.""",NYSE,Corporate Action,2024-11-13,09:35:57
2024-11-12,19:50:04,DNMR,"""Danimer Scientific, Inc.""",NYSE,Corporate Action,,
2024-11-12,19:50:00,ACABW,Atlantic Coastal Acquisition Corp. II Warrant,Nasdaq,News pending,,
2024-11-12,19:50:00,ACABU,Atlantic Coastal Acquisition Corp. II Unit,Nasdaq,News pending,,
2024-11-12,19:50:00,ACAB,Atlantic Coastal Acquisition Corp. II Class A Common Stock,Nasdaq,News pending,,
2024-11-12,19:50:00,TWKS,"""Thoughtworks Holding, Inc. Common Stock""",Nasdaq,News pending,,
2024-11-12,16:25:32,SYRS,"""Syros Pharmaceuticals, Inc. Common Stock""",Nasdaq,News pending,2024-11-12,17:00:00
2024-11-12,16:01:00,VRM,"""Vroom, Inc. Common Stock""",Nasdaq,News pending,2024-11-12,16:36:00
2024-11-12,15:57:47,ACABU,Atlantic Coastal Acquisition Corp. II Unit,Nasdaq,LULD pause,2024-11-12,16:03:49
2024-11-12,15:45:04,NA,Nano Labs Ltd Class A Ordinary Shares,Nasdaq,LULD pause,2024-11-12,16:00:00
2024-11-12,15:37:40,MKZR,"""MacKenzie Realty Capital, Inc. Common Stock""",Nasdaq,LULD pause,2024-11-12,15:42:40
2024-11-12,15:33:54,NA,Nano Labs Ltd Class A Ordinary Shares,Nasdaq,LULD pause,2024-11-12,15:43:54
2024-11-12,15:23:21,NA,Nano Labs Ltd Class A Ordinary Shares,Nasdaq,LULD pause,2024-11-12,15:33:21
2024-11-12,15:16:51,NA,Nano Labs Ltd Class A Ordinary Shares,Nasdaq,LULD pause,2024-11-12,15:21:51
2024-11-12,15:11:28,NA,Nano Labs Ltd Class A Ordinary Shares,Nasdaq,LULD pause,2024-11-12,15:16:28
2024-11-12,15:05:46,NA,Nano Labs Ltd Class A Ordinary Shares,Nasdaq,LULD pause,2024-11-12,15:10:46
2024-11-12,14:59:17,NA,Nano Labs Ltd Class A Ordinary Shares,Nasdaq,LULD pause,2024-11-12,15:04:17
2024-11-12,14:56:41,ACAB,Atlantic Coastal Acquisition Corp. II Class A Common Stock,Nasdaq,LULD pause,2024-11-12,15:06:41
2024-11-12,14:53:45,NA,Nano Labs Ltd Class A Ordinary Shares,Nasdaq,LULD pause,2024-11-12,14:58:45
2024-11-12,14:43:16,NA,Nano Labs Ltd Class A Ordinary Shares,Nasdaq,LULD pause,2024-11-12,14:53:16
2024-11-12,14:40:20,TRNR,Interactive Strength Inc. Common Stock,Nasdaq,LULD pause,2024-11-12,14:45:20
2024-11-12,14:27:50,NA,Nano Labs Ltd Class A Ordinary Shares,Nasdaq,LULD pause,2024-11-12,14:42:51
2024-11-12,14:12:39,ACAB,Atlantic Coastal Acquisition Corp. II Class A Common Stock,Nasdaq,LULD pause,2024-11-12,14:17:39
2024-11-12,14:07:00,ACABU,Atlantic Coastal Acquisition Corp. II Unit,Nasdaq,LULD pause,2024-11-12,14:17:03
2024-11-12,14:02:24,ACAB,Atlantic Coastal Acquisition Corp. II Class A Common Stock,Nasdaq,LULD pause,2024-11-12,14:12:24
2024-11-12,13:16:58,GNS,Genius Group Limited,NYSE American,LULD pause,2024-11-12,13:21:58
2024-11-12,13:11:00,GNS,Genius Group Limited,NYSE American,LULD pause,2024-11-12,13:16:00
2024-11-12,11:52:50,MSOS,AdvisorShares Pure US Cannabis ETF,NYSE Arca,LULD pause,2024-11-12,11:57:50
2024-11-12,11:52:27,ALC,Alcon Inc. Ordinary Shares,NYSE,News pending,2024-11-12,12:37:29
2024-11-12,11:44:06,PTLE,PTL LTD Ordinary Shares,Nasdaq,LULD pause,2024-11-12,11:54:06
2024-11-12,11:31:18,FOXO,FOXO Technologies Inc.,NYSE American,LULD pause,2024-11-12,11:36:18
2024-11-12,11:09:50,BTCS,BTCS Inc. Common Stock,Nasdaq,LULD pause,2024-11-12,11:14:50
2024-11-12,11:05:08,BTCM,BIT Mining Limited,NYSE,LULD pause,2024-11-12,11:10:44
2024-11-12,11:01:21,PTLE,PTL LTD Ordinary Shares,Nasdaq,LULD pause,2024-11-12,11:06:21
2024-11-12,10:58:17,BTCM,BIT Mining Limited,NYSE,LULD pause,2024-11-12,11:03:29
2024-11-12,10:55:32,BTCT,BTC Digital Ltd. Ordinary Shares,Nasdaq,LULD pause,2024-11-12,11:00:32
2024-11-12,10:55:21,BTCS,BTCS Inc. Common Stock,Nasdaq,LULD pause,2024-11-12,11:05:21
2024-11-12,10:49:21,BTCT,BTC Digital Ltd. Ordinary Shares,Nasdaq,LULD pause,2024-11-12,10:54:21
2024-11-12,10:42:48,BTCT,BTC Digital Ltd. Ordinary Shares,Nasdaq,LULD pause,2024-11-12,10:47:48
2024-11-12,10:18:38,BTCT,BTC Digital Ltd. Ordinary Shares,Nasdaq,LULD pause,2024-11-12,10:23:38
2024-11-12,10:08:17,BTCT,BTC Digital Ltd. Ordinary Shares,Nasdaq,LULD pause,2024-11-12,10:18:17
2024-11-12,10:05:20,BIO B,"""Bio-Rad Laboratories, Inc. Class B""",NYSE,LULD pause,2024-11-12,10:10:20
2024-11-12,09:58:00,BTCT,BTC Digital Ltd. Ordinary Shares,Nasdaq,LULD pause,2024-11-12,10:08:00
2024-11-12,09:55:08,PCTTU,"""PureCycle Technologies, Inc. Unit""",Nasdaq,LULD pause,2024-11-12,10:00:08
2024-11-12,09:35:36,SKK,SKK Holdings Limited Common Stock,Nasdaq,LULD pause,2024-11-12,09:40:36
2024-11-12,09:34:38,STIM,"""Neuronetics, Inc. Common Stock""",Nasdaq,LULD pause,2024-11-12,09:39:38
2024-11-12,09:30:46,KGEI,Kolibri Global Energy Inc. Common Stock,Nasdaq,LULD pause,2024-11-12,09:35:46
2024-11-12,09:30:24,RAIL,"""FreightCar America, Inc.""",Nasdaq,LULD pause,2024-11-12,09:40:24
2024-11-12,09:30:16,BHST,BioHarvest Sciences Inc. Common Stock,Nasdaq,LULD pause,2024-11-12,09:35:16
2024-11-12,07:22:08,AE,Adams Resources & Energy Inc.,NYSE American,News pending,2024-11-12,09:55:00
2024-11-11,19:50:00,JTAI,Jet.AI Inc. Common Stock,Nasdaq,News pending,2024-11-12,09:00:00
2024-11-11,19:50:00,JTAI,Jet.AI Inc. Common Stock,Nasdaq,News pending,,
2024-11-11,19:50:00,SISI,"""Shineco, Inc. Common Stock""",Nasdaq,News pending,2024-11-12,09:00:00
2024-11-11,19:50:00,SISI,"""Shineco, Inc. Common Stock""",Nasdaq,News pending,,
2024-11-11,15:06:00,MKZR,"""MacKenzie Realty Capital, Inc. Common Stock""",Nasdaq,LULD pause,2024-11-11,15:11:00
2024-11-11,13:11:22,FOXO,FOXO Technologies Inc.,NYSE American,LULD pause,2024-11-11,13:16:22
2024-11-11,13:04:21,MKZR,"""MacKenzie Realty Capital, Inc. Common Stock""",Nasdaq,LULD pause,2024-11-11,13:14:21
2024-11-11,12:27:23,MKZR,"""MacKenzie Realty Capital, Inc. Common Stock""",Nasdaq,LULD pause,2024-11-11,12:37:23
2024-11-11,11:57:09,MKZR,"""MacKenzie Realty Capital, Inc. Common Stock""",Nasdaq,LULD pause,2024-11-11,12:02:09
2024-11-11,11:46:24,MKZR,"""MacKenzie Realty Capital, Inc. Common Stock""",Nasdaq,LULD pause,2024-11-11,11:56:24
2024-11-11,10:53:53,ALGS,"""Aligos Therapeutics, Inc. Common Stock""",Nasdaq,LULD pause,2024-11-11,10:58:53
2024-11-11,10:49:27,HUSA,Houston American Energy Corp,NYSE American,News pending,2024-11-11,11:25:00
2024-11-11,10:41:30,BCG,"""Binah Capital Group, Inc. Common Stock""",Nasdaq,LULD pause,2024-11-11,10:46:30
2024-11-11,10:34:03,EFSH,1847 Holdings LLC,NYSE American,LULD pause,2024-11-11,10:39:03
2024-11-11,10:30:47,NA,Nano Labs Ltd Class A Ordinary Shares,Nasdaq,LULD pause,2024-11-11,10:35:47
2024-11-11,10:25:50,BCG,"""Binah Capital Group, Inc. Common Stock""",Nasdaq,LULD pause,2024-11-11,10:40:50
2024-11-11,10:23:15,EFSH,1847 Holdings LLC,NYSE American,LULD pause,2024-11-11,10:28:15
2024-11-11,09:53:31,FGL,Founder Group Limited Ordinary Shares,Nasdaq,LULD pause,2024-11-11,09:58:31
2024-11-11,09:52:03,NXL,"""Nexalin Technology, Inc. Common Stock""",Nasdaq,LULD pause,2024-11-11,10:02:03
2024-11-11,09:51:04,UMAC,"""Unusual Machines, Inc.""",NYSE American,LULD pause,2024-11-11,09:56:04
2024-11-11,09:47:30,FGL,Founder Group Limited Ordinary Shares,Nasdaq,LULD pause,2024-11-11,09:52:30
2024-11-11,09:45:15,KGEI,Kolibri Global Energy Inc. Common Stock,Nasdaq,LULD pause,2024-11-11,09:50:15
2024-11-11,09:45:07,TSLQ,Investment Managers Series Trust II Tradr 2X Short TSLA Daily ETF,Nasdaq,LULD pause,2024-11-11,09:50:07
2024-11-11,09:44:40,DXYZ,Destiny Tech100 Inc.,NYSE,LULD pause,2024-11-11,09:50:03
2024-11-11,09:43:24,NXL,"""Nexalin Technology, Inc. Common Stock""",Nasdaq,LULD pause,2024-11-11,09:48:24
2024-11-11,09:42:55,DJT,Trump Media & Technology Group Corp. Common Stock,Nasdaq,LULD pause,2024-11-11,09:47:55
2024-11-11,09:35:45,SOND,Sonder Holdings Inc. Class A Common Stock,Nasdaq,LULD pause,2024-11-11,09:45:45
2024-11-11,09:34:48,ELWS,"""Earlyworks Co., Ltd. American Depositary Shares""",Nasdaq,LULD pause,2024-11-11,09:44:48
2024-11-11,09:33:54,NXL,"""Nexalin Technology, Inc. Common Stock""",Nasdaq,LULD pause,2024-11-11,09:38:54
2024-11-11,09:33:13,FGL,Founder Group Limited Ordinary Shares,Nasdaq,LULD pause,2024-11-11,09:43:13
2024-11-11,09:30:36,ALGS,"""Aligos Therapeutics, Inc. Common Stock""",Nasdaq,LULD pause,2024-11-11,10:21:02
2024-11-08,19:50:08,EFSH,1847 Holdings LLC,NYSE American,Corporate Action,,
2024-11-08,19:50:08,EFSH,1847 Holdings LLC,NYSE American,Corporate Action,2024-11-11,09:00:00
2024-11-08,19:50:00,VLCN,"""Volcon, Inc. Common stock""",Nasdaq,News pending,,
2024-11-08,19:50:00,VLCN,"""Volcon, Inc. Common stock""",Nasdaq,News pending,2024-11-11,09:00:00
2024-11-08,19:50:00,FCEL,FuelCell Energy Inc  NEW (DE),Nasdaq,News pending,,
2024-11-08,19:50:00,FCEL,FuelCell Energy Inc  NEW (DE),Nasdaq,News pending,2024-11-11,09:00:00
2024-11-08,19:50:00,TRNR,Interactive Strength Inc. Common Stock,Nasdaq,News pending,,
2024-11-08,19:50:00,TRNR,Interactive Strength Inc. Common Stock,Nasdaq,News pending,2024-11-11,09:00:00
2024-11-08,16:04:29,NPABW,New Providence Acquisition Corp. II Warrant,Nasdaq,News pending,2024-11-08,16:45:00
2024-11-08,16:04:29,NPABU,New Providence Acquisition Corp. II Unit,Nasdaq,News pending,2024-11-08,16:45:00
2024-11-08,16:04:29,NPAB,New Providence Acquisition Corp. II Class A Common Stock,Nasdaq,News pending,2024-11-08,16:40:00
2024-11-08,14:29:04,ASA,ASA GOLD AND PRECIOUS METALS LIMITED,NYSE,News pending,2024-11-08,15:20:59
2024-11-08,13:39:15,CREV,Carbon Revolution Public Limited Ordinary Shares,Nasdaq,LULD pause,2024-11-08,13:44:15
2024-11-08,13:23:18,ANIX,"""Anixa Biosciences, Inc.""",Nasdaq,LULD pause,2024-11-08,13:28:18
2024-11-08,12:58:55,GFOF,Grayscale Future of Finance ETF,NYSE Arca,News pending,2024-11-08,13:55:00
2024-11-08,12:35:51,FOXO,FOXO Technologies Inc.,NYSE American,LULD pause,2024-11-08,12:40:51
2024-11-08,12:21:43,AZI,Autozi Internet Technology (Global) Ltd. Class A Ordinary Shares,Nasdaq,LULD pause,2024-11-08,12:26:43
2024-11-08,11:16:34,KELYB,Kelly Services Inc,Nasdaq,LULD pause,2024-11-08,11:21:34
2024-11-08,10:37:44,SBET,SharpLink Gaming Ltd. Ordinary Shares,Nasdaq,LULD pause,2024-11-08,10:42:44
2024-11-08,10:06:16,DJT,Trump Media & Technology Group Corp. Common Stock,Nasdaq,LULD pause,2024-11-08,10:11:16
2024-11-08,10:03:29,APRE,"""Aprea Therapeutics, Inc. Common stock""",Nasdaq,LULD pause,2024-11-08,10:08:29
2024-11-08,10:03:22,GV,Visionary Holdings Inc. Common Shares,Nasdaq,LULD pause,2024-11-08,10:08:22
2024-11-08,10:02:24,ELWS,"""Earlyworks Co., Ltd. American Depositary Shares""",Nasdaq,LULD pause,2024-11-08,10:07:24
2024-11-08,09:57:57,GV,Visionary Holdings Inc. Common Shares,Nasdaq,LULD pause,2024-11-08,10:02:57
2024-11-08,09:52:01,ELWS,"""Earlyworks Co., Ltd. American Depositary Shares""",Nasdaq,LULD pause,2024-11-08,10:02:02
2024-11-08,09:47:36,GV,Visionary Holdings Inc. Common Shares,Nasdaq,LULD pause,2024-11-08,09:57:37
2024-11-08,09:46:28,BIO B,"""Bio-Rad Laboratories, Inc. Class B""",NYSE,LULD pause,2024-11-08,09:52:34
2024-11-08,09:39:21,CHSN,Chanson International Holding Class A Ordinary Shares,Nasdaq,LULD pause,2024-11-08,09:44:21
2024-11-08,09:38:14,GTN A,"""Gray Television, Inc. Class A""",NYSE,LULD pause,2024-11-08,09:43:25
2024-11-08,09:37:03,ELWS,"""Earlyworks Co., Ltd. American Depositary Shares""",Nasdaq,LULD pause,2024-11-08,09:47:03
2024-11-08,09:35:30,UI,Ubiquiti Inc. Common Stock,NYSE,LULD pause,2024-11-08,09:40:36
2024-11-08,09:33:04,ESTA,Establishment Labs Holdings Inc.,Nasdaq,LULD pause,2024-11-08,09:38:04
2024-11-08,09:30:59,CLPT,"""ClearPoint Neuro, Inc. Common Stock""",Nasdaq,LULD pause,2024-11-08,09:35:59
2024-11-08,06:55:00,EMKR,Emcore Corp,Nasdaq,News pending,2024-11-08,07:30:00
2024-11-07,19:50:00,LIPO,Lipella Pharmaceuticals Inc. Common Stock,Nasdaq,News pending,2024-11-08,09:00:00
2024-11-07,19:50:00,LIPO,Lipella Pharmaceuticals Inc. Common Stock,Nasdaq,News pending,,
2024-11-07,19:50:00,XHG,XChange TEC.INC American Depositary Shares,Nasdaq,News pending,2024-11-08,09:00:00
2024-11-07,19:50:00,XHG,XChange TEC.INC American Depositary Shares,Nasdaq,News pending,,
2024-11-07,16:22:06,CLSKW,"""CleanSpark, Inc. Warrant""",Nasdaq,News pending,,
2024-11-07,16:22:06,CLSKW,"""CleanSpark, Inc. Warrant""",Nasdaq,News pending,2024-11-18,09:00:00
2024-11-07,16:22:06,CLSK,CLEANSPARK INC,Nasdaq,News pending,2024-11-11,10:15:00
2024-11-07,16:22:06,CLSK,CLEANSPARK INC,Nasdaq,News pending,,
2024-11-07,14:49:47,SER,"""Serina Therapeutics, Inc.""",NYSE American,LULD pause,2024-11-07,14:54:47
2024-11-07,14:36:56,AMIX,"""Autonomix Medical, Inc. Common Stock""",Nasdaq,LULD pause,2024-11-07,14:46:57
2024-11-07,13:34:04,CELU,Celularity Inc. Class A Common Stock,Nasdaq,LULD pause,2024-11-07,13:44:04
2024-11-07,13:27:57,ZCAR,"""Zoomcar Holdings, Inc. Common Stock""",Nasdaq,LULD pause,2024-11-07,13:32:57
2024-11-07,13:23:27,CELU,Celularity Inc. Class A Common Stock,Nasdaq,LULD pause,2024-11-07,13:33:34
2024-11-07,13:19:11,PTLE,PTL LTD Ordinary Shares,Nasdaq,LULD pause,2024-11-07,13:24:11
2024-11-07,11:36:49,QMMM,QMMM Holdings Limited Ordinary Shares,Nasdaq,LULD pause,2024-11-07,11:41:49
2024-11-07,11:30:49,QMMM,QMMM Holdings Limited Ordinary Shares,Nasdaq,LULD pause,2024-11-07,11:35:49
2024-11-07,11:20:26,QMMM,QMMM Holdings Limited Ordinary Shares,Nasdaq,LULD pause,2024-11-07,11:30:26
2024-11-07,11:19:42,WSO B,"""Watsco, Inc. Class B""",NYSE,LULD pause,2024-11-07,11:24:44
2024-11-07,10:56:53,TKC,TURKCELL ILETISIM HIZMETLERI A.S. ADS,NYSE,News pending,2024-11-07,12:17:43
2024-11-07,10:39:52,QMMM,QMMM Holdings Limited Ordinary Shares,Nasdaq,LULD pause,2024-11-07,11:19:53
2024-11-07,10:29:34,GLXG,Galaxy Payroll Group Limited Ordinary Shares,Nasdaq,LULD pause,2024-11-07,10:34:34
2024-11-07,10:18:56,QMMM,QMMM Holdings Limited Ordinary Shares,Nasdaq,LULD pause,2024-11-07,10:28:56
2024-11-07,10:18:26,GLXG,Galaxy Payroll Group Limited Ordinary Shares,Nasdaq,LULD pause,2024-11-07,10:23:26
2024-11-07,10:13:36,QMMM,QMMM Holdings Limited Ordinary Shares,Nasdaq,LULD pause,2024-11-07,10:18:36
2024-11-07,10:08:18,QMMM,QMMM Holdings Limited Ordinary Shares,Nasdaq,LULD pause,2024-11-07,10:13:18
2024-11-07,10:08:09,GLXG,Galaxy Payroll Group Limited Ordinary Shares,Nasdaq,LULD pause,2024-11-07,10:18:09
2024-11-07,10:06:24,KELYB,Kelly Services Inc,Nasdaq,LULD pause,2024-11-07,10:11:24
2024-11-07,10:02:41,QMMM,QMMM Holdings Limited Ordinary Shares,Nasdaq,LULD pause,2024-11-07,10:07:41
2024-11-07,09:53:38,QMMM,QMMM Holdings Limited Ordinary Shares,Nasdaq,LULD pause,2024-11-07,09:58:38
2024-11-07,09:47:29,LFST,"""LifeStance Health Group, Inc. Common Stock""",Nasdaq,LULD pause,2024-11-07,09:52:29
2024-11-07,09:47:16,VSTE,Vast Renewables Limited Ordinary Shares,Nasdaq,LULD pause,2024-11-07,09:52:16
2024-11-07,09:42:59,QMMM,QMMM Holdings Limited Ordinary Shares,Nasdaq,LULD pause,2024-11-07,09:47:59
2024-11-07,09:38:31,DEVS,DevvStream Corp. Common Stock,Nasdaq,LULD pause,2024-11-07,09:48:31
2024-11-07,09:38:16,BIO B,"""Bio-Rad Laboratories, Inc. Class B""",NYSE,LULD pause,2024-11-07,09:46:06
2024-11-07,09:35:44,DXYZ,Destiny Tech100 Inc.,NYSE,LULD pause,2024-11-07,09:40:48
2024-11-07,09:34:46,KGEI,Kolibri Global Energy Inc. Common Stock,Nasdaq,LULD pause,2024-11-07,09:39:46
2024-11-07,09:33:35,NDRA,ENDRA Life Sciences Inc. Common Stock,Nasdaq,LULD pause,2024-11-07,09:38:35
2024-11-07,09:33:32,AXGN,"""Axogen, Inc. Common Stock""",Nasdaq,LULD pause,2024-11-07,09:38:32
2024-11-07,09:32:47,PCTTU,"""PureCycle Technologies, Inc. Unit""",Nasdaq,LULD pause,2024-11-07,09:37:47
2024-11-07,09:32:39,QMMM,QMMM Holdings Limited Ordinary Shares,Nasdaq,LULD pause,2024-11-07,09:42:39
2024-11-07,09:31:39,TTEC,"""TTEC Holdings, Inc. Common Stock""",Nasdaq,LULD pause,2024-11-07,09:36:39
2024-11-07,09:31:05,DEVS,DevvStream Corp. Common Stock,Nasdaq,LULD pause,2024-11-07,09:36:05
2024-11-07,07:01:30,BUR,Burford Capital Limited,NYSE,News pending,2024-11-07,08:02:26
2024-11-06,19:54:00,BOIL,ProShares Ultra Bloomberg Natural Gas,NYSE Arca,Corporate Action,,
2024-11-06,19:54:00,BOIL,ProShares Ultra Bloomberg Natural Gas,NYSE Arca,Corporate Action,2024-11-07,09:00:00
2024-11-06,19:54:00,ZSL,ProShares UltraShort Silver,NYSE Arca,Corporate Action,2024-11-07,09:00:00
2024-11-06,19:54:00,ZSL,ProShares UltraShort Silver,NYSE Arca,Corporate Action,,
2024-11-06,19:54:00,SRS,ProShares UltraShort Real Estate,NYSE Arca,Corporate Action,2024-11-07,09:05:00
2024-11-06,19:54:00,SRS,ProShares UltraShort Real Estate,NYSE Arca,Corporate Action,,
2024-11-06,19:54:00,EUM,ProShares Trust Short MSCI Emerging Markets,NYSE Arca,Corporate Action,2024-11-07,09:00:00
2024-11-06,19:54:00,EUM,ProShares Trust Short MSCI Emerging Markets,NYSE Arca,Corporate Action,,
2024-11-06,19:54:00,SDOW,ProShares UltraPro Short Dow 30,NYSE Arca,Corporate Action,2024-11-07,09:00:00
2024-11-06,19:54:00,SDOW,ProShares UltraPro Short Dow 30,NYSE Arca,Corporate Action,,
2024-11-06,19:53:06,SEF,ProShares Short Financials,NYSE Arca,Corporate Action,,
2024-11-06,19:53:06,SEF,ProShares Short Financials,NYSE Arca,Corporate Action,2024-11-07,09:00:00
2024-11-06,19:53:06,SH,ProShares Short S&P500,NYSE Arca,Corporate Action,,
2024-11-06,19:53:06,SH,ProShares Short S&P500,NYSE Arca,Corporate Action,2024-11-07,09:00:00
2024-11-06,19:53:06,EWV,ProShares Trust UltraShort MSCI Japan,NYSE Arca,Corporate Action,2024-11-07,09:00:00
2024-11-06,19:53:06,EWV,ProShares Trust UltraShort MSCI Japan,NYSE Arca,Corporate Action,,
2024-11-06,19:53:06,SKF,ProShares UltraShort Financials,NYSE Arca,Corporate Action,,
2024-11-06,19:53:06,SKF,ProShares UltraShort Financials,NYSE Arca,Corporate Action,2024-11-07,09:00:00
2024-11-06,19:52:06,DUG,ProShares UltraShort Energy,NYSE Arca,Corporate Action,,
2024-11-06,19:52:06,DUG,ProShares UltraShort Energy,NYSE Arca,Corporate Action,2024-11-07,09:00:00
2024-11-06,19:52:06,SDP,ProShares UltraShort Utilities,NYSE Arca,Corporate Action,,
2024-11-06,19:52:06,SDP,ProShares UltraShort Utilities,NYSE Arca,Corporate Action,2024-11-07,09:00:00
2024-11-06,19:52:06,BITI,ProShares Short Bitcoin ETF,NYSE Arca,Corporate Action,2024-11-07,09:00:00
2024-11-06,19:52:06,BITI,ProShares Short Bitcoin ETF,NYSE Arca,Corporate Action,,
2024-11-06,19:52:06,TWM,ProShares UltraShort Russell2000,NYSE Arca,Corporate Action,,
2024-11-06,19:52:06,TWM,ProShares UltraShort Russell2000,NYSE Arca,Corporate Action,2024-11-07,09:00:00
2024-11-06,19:51:20,EPV,ProShares UltraShort FTSE Europe,NYSE Arca,Corporate Action,2024-11-07,09:00:00
2024-11-06,19:51:20,EPV,ProShares UltraShort FTSE Europe,NYSE Arca,Corporate Action,,
2024-11-06,19:51:20,SSG,ProShares UltraShort Semiconductors,NYSE Arca,Corporate Action,2024-11-07,09:00:00
2024-11-06,19:51:20,SSG,ProShares UltraShort Semiconductors,NYSE Arca,Corporate Action,,
2024-11-06,19:51:20,SMN,ProShares UltraShort Materials,NYSE Arca,Corporate Action,2024-11-07,09:00:00
2024-11-06,19:51:20,SMN,ProShares UltraShort Materials,NYSE Arca,Corporate Action,,
2024-11-06,19:51:20,EFU,ProShares Trust UltraShort MSCI EAFE,NYSE Arca,Corporate Action,,
2024-11-06,19:51:20,EFU,ProShares Trust UltraShort MSCI EAFE,NYSE Arca,Corporate Action,2024-11-07,09:00:00
2024-11-06,19:50:00,SQQQ,ProShares UltraPro Short QQQ,Nasdaq,News pending,2024-11-07,09:00:00
2024-11-06,19:50:00,SQQQ,ProShares UltraPro Short QQQ,Nasdaq,News pending,,
2024-11-06,19:50:00,NDRA,ENDRA Life Sciences Inc. Common Stock,Nasdaq,News pending,,
2024-11-06,19:50:00,NDRA,ENDRA Life Sciences Inc. Common Stock,Nasdaq,News pending,2024-11-07,09:00:00
2024-11-06,16:55:00,CDMO,"""Avid Bioservices, Inc. Common Stock""",Nasdaq,News pending,2024-11-06,18:35:00
2024-11-06,15:59:04,QMMM,QMMM Holdings Limited Ordinary Shares,Nasdaq,LULD pause,2024-11-06,16:00:00
2024-11-06,13:25:29,CLPS,CLPS Incorporation Common Stock,Nasdaq,LULD pause,2024-11-06,13:30:29
2024-11-06,13:20:16,SONN,"""Sonnet BioTherapeutics Holdings, Inc. Common Stock""",Nasdaq,LULD pause,2024-11-06,13:30:17
2024-11-06,12:00:00,ROIC,Retail Opportunity Investments Corp.,Nasdaq,News pending,2024-11-06,12:35:00
2024-11-06,11:26:52,ELWS,"""Earlyworks Co., Ltd. American Depositary Shares""",Nasdaq,LULD pause,2024-11-06,11:31:52
2024-11-06,10:25:42,WCT,Wellchange Holdings Company Limited Ordinary shares,Nasdaq,LULD pause,2024-11-06,10:30:42
2024-11-06,10:14:09,SONN,"""Sonnet BioTherapeutics Holdings, Inc. Common Stock""",Nasdaq,LULD pause,2024-11-06,10:19:09
2024-11-06,10:11:48,CLVT,Clarivate Plc,NYSE,LULD pause,2024-11-06,10:16:48
2024-11-06,09:54:26,CLVT,Clarivate Plc,NYSE,LULD pause,2024-11-06,09:59:32
2024-11-06,09:49:17,VSTE,Vast Renewables Limited Ordinary Shares,Nasdaq,LULD pause,2024-11-06,09:54:17
2024-11-06,09:46:14,SONN,"""Sonnet BioTherapeutics Holdings, Inc. Common Stock""",Nasdaq,LULD pause,2024-11-06,09:56:14
2024-11-06,09:45:58,DJT,Trump Media & Technology Group Corp. Common Stock,Nasdaq,LULD pause,2024-11-06,09:50:58
2024-11-06,09:43:38,VSTE,Vast Renewables Limited Ordinary Shares,Nasdaq,LULD pause,2024-11-06,09:48:38
2024-11-06,09:42:15,WAVE,Eco Wave Power Global AB (publ) American Depositary Shares,Nasdaq,LULD pause,2024-11-06,09:47:15
2024-11-06,09:38:47,DJT,Trump Media & Technology Group Corp. Common Stock,Nasdaq,LULD pause,2024-11-06,09:43:47
2024-11-06,09:34:34,SMRT,"""SmartRent, Inc.""",NYSE,LULD pause,2024-11-06,09:40:13
2024-11-06,09:33:01,PRAX,"""Praxis Precision Medicines, Inc. Common Stock""",Nasdaq,LULD pause,2024-11-06,09:38:01
2024-11-06,09:31:41,DJT,Trump Media & Technology Group Corp. Common Stock,Nasdaq,LULD pause,2024-11-06,09:36:41
2024-11-06,09:31:35,SONN,"""Sonnet BioTherapeutics Holdings, Inc. Common Stock""",Nasdaq,LULD pause,2024-11-06,09:41:35
2024-11-06,09:30:32,RMBL,"""RumbleOn, Inc. Class B Common Stock""",Nasdaq,LULD pause,2024-11-06,09:40:32
2024-11-06,09:30:25,UFCS,United Fire Group Inc.,Nasdaq,LULD pause,2024-11-06,09:35:25
2024-11-05,15:51:04,NA,Nano Labs Ltd Class A Ordinary Shares,Nasdaq,LULD pause,2024-11-05,16:00:00
2024-11-05,15:34:27,ATGL,Alpha Technology Group Limited Ordinary Shares,Nasdaq,LULD pause,2024-11-05,15:39:27
2024-11-05,15:02:07,DJT,Trump Media & Technology Group Corp. Common Stock,Nasdaq,LULD pause,2024-11-05,15:07:07
2024-11-05,14:58:00,VSTE,Vast Renewables Limited Ordinary Shares,Nasdaq,LULD pause,2024-11-05,15:03:00
2024-11-05,14:55:12,DJT,Trump Media & Technology Group Corp. Common Stock,Nasdaq,LULD pause,2024-11-05,15:00:12
2024-11-05,14:48:46,DJT,Trump Media & Technology Group Corp. Common Stock,Nasdaq,LULD pause,2024-11-05,14:53:46
2024-11-05,14:36:49,ATIP,"""ATI Physical Therapy, Inc.""",NYSE,LULD pause,2024-11-05,14:41:49
2024-11-05,14:35:14,HE,"""Hawaiian Electric Industries, Inc.""",NYSE,News pending,2024-11-05,15:09:03
2024-11-05,14:29:11,ATIP,"""ATI Physical Therapy, Inc.""",NYSE,LULD pause,2024-11-05,14:34:11
2024-11-05,13:46:38,TPET,Trio Petroleum Corp.,NYSE American,Regulatory Concern,See Subsequent Halt,See Subsequent Halt
2024-11-05,13:46:38,TPET,Trio Petroleum Corp.,NYSE American,Regulatory Concern,,
2024-11-05,12:25:18,GCTK,"""GlucoTrack, Inc. Common Stock""",Nasdaq,LULD pause,2024-11-05,12:30:18
2024-11-05,12:05:21,ZCAR,"""Zoomcar Holdings, Inc. Common Stock""",Nasdaq,LULD pause,2024-11-05,12:10:21
2024-11-05,11:28:23,BIO B,"""Bio-Rad Laboratories, Inc. Class B""",NYSE,LULD pause,2024-11-05,11:33:23
2024-11-05,11:17:53,INHD,Inno Holdings Inc. Common Stock,Nasdaq,LULD pause,2024-11-05,11:22:53
2024-11-05,11:12:21,ZCAR,"""Zoomcar Holdings, Inc. Common Stock""",Nasdaq,LULD pause,2024-11-05,11:17:21
2024-11-05,11:04:56,ZCAR,"""Zoomcar Holdings, Inc. Common Stock""",Nasdaq,LULD pause,2024-11-05,11:09:56
2024-11-05,10:50:45,ZCAR,"""Zoomcar Holdings, Inc. Common Stock""",Nasdaq,LULD pause,2024-11-05,10:55:45
2024-11-05,10:43:37,ZCAR,"""Zoomcar Holdings, Inc. Common Stock""",Nasdaq,LULD pause,2024-11-05,10:48:37
2024-11-05,10:34:11,TMTC,TMT Acquisition Corp Ordinary Shares,Nasdaq,LULD pause,2024-11-05,10:44:11
2024-11-05,10:28:42,ZCAR,"""Zoomcar Holdings, Inc. Common Stock""",Nasdaq,LULD pause,2024-11-05,10:38:42
2024-11-05,10:25:34,TMTCU,TMT Acquisition Corp Unit,Nasdaq,LULD pause,2024-11-05,10:30:34
2024-11-05,10:24:56,TMTC,TMT Acquisition Corp Ordinary Shares,Nasdaq,LULD pause,2024-11-05,10:29:56
2024-11-05,10:19:25,TMTC,TMT Acquisition Corp Ordinary Shares,Nasdaq,LULD pause,2024-11-05,10:24:25
2024-11-05,10:18:16,ZCAR,"""Zoomcar Holdings, Inc. Common Stock""",Nasdaq,LULD pause,2024-11-05,10:28:16
2024-11-05,10:12:56,ZCAR,"""Zoomcar Holdings, Inc. Common Stock""",Nasdaq,LULD pause,2024-11-05,10:17:56
2024-11-05,10:02:33,ZCAR,"""Zoomcar Holdings, Inc. Common Stock""",Nasdaq,LULD pause,2024-11-05,10:12:33
2024-11-05,09:56:09,VWI,Arch Indices VOI Absolute Income Fund,NYSE Arca,News pending,2024-11-05,11:25:00
2024-11-05,09:47:10,ZCAR,"""Zoomcar Holdings, Inc. Common Stock""",Nasdaq,LULD pause,2024-11-05,10:02:11
2024-11-05,09:32:35,BVS,Bioventus Inc. Class A Common Stock,Nasdaq,LULD pause,2024-11-05,10:02:36
2024-11-04,19:50:00,QLGN,"""Qualigen Therapeutics, Inc. Common Stock""",Nasdaq,News pending,,
2024-11-04,19:50:00,QLGN,"""Qualigen Therapeutics, Inc. Common Stock""",Nasdaq,News pending,2024-11-05,09:00:00
2024-11-04,19:50:00,VCIG,VCI Global Limited Ordinary Share,Nasdaq,News pending,2024-11-05,09:00:00
2024-11-04,19:50:00,VCIG,VCI Global Limited Ordinary Share,Nasdaq,News pending,,
2024-11-04,19:50:00,AQMS,"""Aqua Metals, Inc. Common Stock""",Nasdaq,News pending,,
2024-11-04,19:50:00,AQMS,"""Aqua Metals, Inc. Common Stock""",Nasdaq,News pending,2024-11-05,09:00:00
2024-11-04,16:44:34,RRAC WS,"""Rigel Resource Acquisition Corp Warrants, each whole warrant exercisable for one Class A ordinary share at an exercise price of $11.50 per share""",NYSE,News Released,,
2024-11-04,16:44:34,RRAC U,"""Rigel Resource Acquisition Corp. Units, each consisting of one Class A ordinary share, and one-half of one redeemable warrant""",NYSE,News Released,,
2024-11-04,16:44:34,RRAC,Rigel Resource Acquisition Corp.,NYSE,News Released,,
2024-11-04,16:10:22,SBXC,SilverBox Corp III,NYSE,News Released,,
2024-11-04,16:10:22,SBXC WS,"""SilverBox Corp III Redeemable warrants, each whole warrant exercisable for one share of Class A Common Stock at an exercise price of $11.50""",NYSE,News Released,,
2024-11-04,16:10:22,SBXC U,"""SilverBox Corp III Units, each consisting of one Class A Common Stock and one-third of one redeemable warrant""",NYSE,News Released,,
2024-11-04,16:05:59,RRAC U,"""Rigel Resource Acquisition Corp. Units, each consisting of one Class A ordinary share, and one-half of one redeemable warrant""",NYSE,News pending,See Subsequent Halt,See Subsequent Halt
2024-11-04,16:05:59,RRAC WS,"""Rigel Resource Acquisition Corp Warrants, each whole warrant exercisable for one Class A ordinary share at an exercise price of $11.50 per share""",NYSE,News pending,See Subsequent Halt,See Subsequent Halt
2024-11-04,16:05:59,RRAC,Rigel Resource Acquisition Corp.,NYSE,News pending,See Subsequent Halt,See Subsequent Halt
2024-11-04,14:49:31,SNREV,Sunrise Communications AG American Depositary Shares representing Class A shares When Issued,Nasdaq,LULD pause,2024-11-04,14:54:31
2024-11-04,14:45:58,DOGZ,Dogness (International) Corporation Class A Common Stock,Nasdaq,LULD pause,2024-11-04,14:50:58
2024-11-04,14:41:35,SPPL,SIMPPLE LTD. Ordinary Shares,Nasdaq,LULD pause,2024-11-04,14:46:35
2024-11-04,14:33:35,SPPL,SIMPPLE LTD. Ordinary Shares,Nasdaq,LULD pause,2024-11-04,14:38:35
2024-11-04,13:42:18,PACS,"""PACS Group, Inc.""",NYSE,LULD pause,2024-11-04,13:47:27
2024-11-04,13:25:49,PACS,"""PACS Group, Inc.""",NYSE,LULD pause,2024-11-04,13:30:56
2024-11-04,12:58:07,INAQU,Insight Acquisition Corp. Units,Nasdaq,LULD pause,2024-11-04,13:03:07
2024-11-04,12:01:21,SPPL,SIMPPLE LTD. Ordinary Shares,Nasdaq,LULD pause,2024-11-04,12:06:21
2024-11-04,11:57:08,CCM,Concord Medical Services Holding Limited,NYSE,LULD pause,2024-11-04,12:02:10
2024-11-04,10:55:14,ZCAR,"""Zoomcar Holdings, Inc. Common Stock""",Nasdaq,LULD pause,2024-11-04,11:05:25
2024-11-04,10:18:50,LBYKV,Liberty Global Ltd. Class C Common Shares Ex-distribution When-Issued,Nasdaq,LULD pause,2024-11-04,10:23:50
2024-11-04,10:16:57,LBYAV,Liberty Global Ltd. Class A Common Shares Ex-distribution When-Issued,Nasdaq,LULD pause,2024-11-04,10:21:57
2024-11-04,10:08:59,BIO B,"""Bio-Rad Laboratories, Inc. Class B""",NYSE,LULD pause,2024-11-04,10:14:06
2024-11-04,09:48:12,NUWE,"""Nuwellis, Inc. Common Stock""",Nasdaq,LULD pause,2024-11-04,09:53:12
2024-11-04,09:45:54,WLGS,"""Wang & Lee Group, Inc. Ordinary Shares""",Nasdaq,LULD pause,2024-11-04,09:50:54
2024-11-04,09:45:09,AMBI,Ambipar Emergency Response,NYSE American,LULD pause,2024-11-04,09:55:09
2024-11-04,09:42:35,NUWE,"""Nuwellis, Inc. Common Stock""",Nasdaq,LULD pause,2024-11-04,09:47:35
2024-11-04,09:35:20,WLGS,"""Wang & Lee Group, Inc. Ordinary Shares""",Nasdaq,LULD pause,2024-11-04,09:45:20
2024-11-04,09:30:17,MTEN,Mingteng International Corporation Inc. Ordinary Shares,Nasdaq,LULD pause,2024-11-04,09:40:17
2024-11-04,09:30:16,RILYP,"""B. Riley Financial, Inc. Depositary Shares, each representing a 1/1000th fractional interest in a share of Series A Cumulative Perpetual Preferred Sto""",Nasdaq,LULD pause,2024-11-04,09:35:16
2024-11-04,08:27:53,ATSG,"""Air Transport Services Group, Inc.""",Nasdaq,News pending,2024-11-04,09:00:00
2024-11-04,05:33:02,SEDA WS,"""SDCL EDGE Acquisition Corporation Redeemable warrants, each whole warrant exercisable for one share of Class A ordinary share at an exercise price of """,NYSE,News Released,,
2024-11-04,05:33:02,SEDA,SDCL EDGE Acquisition Corporation,NYSE,News Released,,
2024-11-04,05:33:02,SEDA U,"""SDCL EDGE Acquisition Corporation Units, each consisting of one Class A ordinary share and one-half of one redeemable warrant""",NYSE,News Released,,
2024-11-04,05:31:53,SBXC U,"""SilverBox Corp III Units, each consisting of one Class A Common Stock and one-third of one redeemable warrant""",NYSE,Regulatory Concern,See Subsequent Halt,See Subsequent Halt
2024-11-04,05:31:53,SBXC,SilverBox Corp III,NYSE,Regulatory Concern,See Subsequent Halt,See Subsequent Halt
2024-11-01,19:52:37,WEBS,Direxion Daily Dow Jones Internet Bear 3X Shares,NYSE Arca,Corporate Action,2024-11-04,09:00:00
2024-11-01,19:52:37,WEBS,Direxion Daily Dow Jones Internet Bear 3X Shares,NYSE Arca,Corporate Action,,
2024-11-01,19:52:37,YANG,Direxion Daily FTSE  China Bear 3X Shares,NYSE Arca,Corporate Action,2024-11-04,09:10:00
2024-11-01,19:52:37,YANG,Direxion Daily FTSE  China Bear 3X Shares,NYSE Arca,Corporate Action,,
2024-11-01,19:52:37,DUST,Direxion Daily Gold Miners Index Bear 2X Shares,NYSE Arca,Corporate Action,2024-11-04,09:00:00
2024-11-01,19:52:37,DUST,Direxion Daily Gold Miners Index Bear 2X Shares,NYSE Arca,Corporate Action,,
2024-11-01,19:52:37,TECS,Direxion Daily Technology Bear 3x Shares,NYSE Arca,Corporate Action,2024-11-04,09:00:00
2024-11-01,19:52:37,TECS,Direxion Daily Technology Bear 3x Shares,NYSE Arca,Corporate Action,,
2024-11-01,19:50:32,GLT,Glatfelter Corporation,NYSE,Corporate Action,2024-11-04,09:30:49
2024-11-01,19:50:32,GLT,Glatfelter Corporation,NYSE,Corporate Action,,
2024-11-01,19:50:00,SRCL,Stericycle Inc,Nasdaq,News pending,,
2024-11-01,19:50:00,NVD,GraniteShares ETF Trust GraniteShares 2x Short NVDA Daily ETF,Nasdaq,News pending,2024-11-04,09:00:00
2024-11-01,19:50:00,NVD,GraniteShares ETF Trust GraniteShares 2x Short NVDA Daily ETF,Nasdaq,News pending,,
2024-11-01,19:50:00,NA,Nano Labs Ltd Class A Ordinary Shares,Nasdaq,News pending,,
2024-11-01,19:50:00,NA,Nano Labs Ltd Class A Ordinary Shares,Nasdaq,News pending,2024-11-04,09:00:00
2024-11-01,16:16:55,ENSV,Enservco Corp.,NYSE American,News Released,,
2024-11-01,16:11:44,JWSM U,"""Jaws Mustang Acquisition Corp. Units, each consisting of one Class A ordinary share, and one-fourth of one redeemable warrant""",NYSE American,News Released,,
2024-11-01,16:11:44,JWSM WS,"""Jaws Mustang Acquisition Corp. Redeemable Warrants, each whole warrant exercisable for one Class A ordinary share at an exercise price of $11.50""",NYSE American,News Released,,
2024-11-01,16:11:44,JWSM,Jaws Mustang Acquisition Corp.,NYSE American,News Released,,
2024-11-01,13:34:44,VINO,"""Gaucho Group Holdings, Inc. Common Stock""",Nasdaq,LULD pause,2024-11-01,13:39:44
2024-11-01,13:29:08,VINO,"""Gaucho Group Holdings, Inc. Common Stock""",Nasdaq,LULD pause,2024-11-01,13:34:08
2024-11-01,12:12:13,ENSV,Enservco Corp.,NYSE American,News pending,See Subsequent Halt,See Subsequent Halt
2024-11-01,12:09:34,SBXC WS,"""SilverBox Corp III Redeemable warrants, each whole warrant exercisable for one share of Class A Common Stock at an exercise price of $11.50""",NYSE,Regulatory Concern,See Subsequent Halt,See Subsequent Halt
2024-11-01,12:09:34,SBXC WS,"""SilverBox Corp III Redeemable warrants, each whole warrant exercisable for one share of Class A Common Stock at an exercise price of $11.50""",NYSE,Regulatory Concern,,
2024-11-01,12:09:09,VSTE,Vast Renewables Limited Ordinary Shares,Nasdaq,LULD pause,2024-11-01,12:19:10
2024-11-01,12:03:35,VSTE,Vast Renewables Limited Ordinary Shares,Nasdaq,LULD pause,2024-11-01,12:08:35
2024-11-01,11:59:56,JWSM,Jaws Mustang Acquisition Corp.,NYSE American,News pending,See Subsequent Halt,See Subsequent Halt
2024-11-01,11:59:56,JWSM U,"""Jaws Mustang Acquisition Corp. Units, each consisting of one Class A ordinary share, and one-fourth of one redeemable warrant""",NYSE American,News pending,See Subsequent Halt,See Subsequent Halt
2024-11-01,11:59:56,JWSM WS,"""Jaws Mustang Acquisition Corp. Redeemable Warrants, each whole warrant exercisable for one Class A ordinary share at an exercise price of $11.50""",NYSE American,News pending,See Subsequent Halt,See Subsequent Halt
2024-11-01,11:44:15,BIO B,"""Bio-Rad Laboratories, Inc. Class B""",NYSE,LULD pause,2024-11-01,11:49:15
2024-11-01,10:22:57,YYAI,Connexa Sports Technologies Inc. Common Stock,Nasdaq,LULD pause,2024-11-01,10:27:57
2024-11-01,10:17:46,QMCO,Quantum Corporation,Nasdaq,LULD pause,2024-11-01,10:27:46
2024-11-01,10:16:47,YYAI,Connexa Sports Technologies Inc. Common Stock,Nasdaq,LULD pause,2024-11-01,10:21:47
2024-11-01,10:11:00,YYAI,Connexa Sports Technologies Inc. Common Stock,Nasdaq,LULD pause,2024-11-01,10:16:00
2024-11-01,10:04:05,YYAI,Connexa Sports Technologies Inc. Common Stock,Nasdaq,LULD pause,2024-11-01,10:09:05
2024-11-01,09:46:05,BTSGU,"""BrightSpring Health Services, Inc. Tangible Equity Unit""",Nasdaq,LULD pause,2024-11-01,09:51:05
2024-11-01,09:44:05,QMCO,Quantum Corporation,Nasdaq,LULD pause,2024-11-01,09:49:05
2024-11-01,09:33:53,TMTC,TMT Acquisition Corp Ordinary Shares,Nasdaq,LULD pause,2024-11-01,09:38:53
