Halt Date,Halt Time,Symbol,Name,Exchange,Reason,Resume Date,NYSE Resume Time
2025-05-30,19:50:00,ARBB,ARB IOT Group Limited Ordinary Shares,Nasdaq,News pending,,
2025-05-30,19:50:00,ARBB,ARB IOT Group Limited Ordinary Shares,Nasdaq,News pending,2025-06-02,09:00:00
2025-05-30,19:50:00,MULN,"""Mullen Automotive, Inc. Common Stock""",Nasdaq,News pending,,
2025-05-30,19:50:00,MULN,"""Mullen Automotive, Inc. Common Stock""",Nasdaq,News pending,2025-06-02,09:00:00
2025-05-30,19:50:00,BLUE,"""bluebird bio, Inc. Common Stock""",Nasdaq,News pending,,
2025-05-30,19:50:00,EKSO,"""Ekso Bionics Holdings, Inc. Common Stock""",Nasdaq,News pending,,
2025-05-30,19:50:00,EKSO,"""Ekso Bionics Holdings, Inc. Common Stock""",Nasdaq,News pending,2025-06-02,09:00:00
2025-05-30,19:50:00,LYEL,"""Lyell Immunopharma, Inc. Common Stock""",Nasdaq,News pending,,
2025-05-30,19:50:00,LYEL,"""Lyell Immunopharma, Inc. Common Stock""",Nasdaq,News pending,2025-06-02,09:00:00
2025-05-30,19:50:00,HEES,"""H&E Equipment Services, Inc.""",Nasdaq,News pending,,
2025-05-30,19:50:00,APDN,"""Applied DNA Sciences, Inc.""",Nasdaq,News pending,,
2025-05-30,19:50:00,APDN,"""Applied DNA Sciences, Inc.""",Nasdaq,News pending,2025-06-02,09:00:00
2025-05-30,15:58:05,PTNM,Pitanium Limited Class A Ordinary shares,Nasdaq,LULD pause,2025-05-30,16:00:00
2025-05-30,15:47:52,IMCC,IM Cannabis Corp. Common Shares,Nasdaq,LULD pause,2025-05-30,16:00:00
2025-05-30,15:19:58,OFAL,OFA Group Ordinary Shares,Nasdaq,LULD pause,2025-05-30,15:29:58
2025-05-30,15:18:14,SYTA,"""Siyata Mobile, Inc.""",Nasdaq,LULD pause,2025-05-30,15:23:14
2025-05-30,13:48:45,GNTA,Genenta Science S.p.A. American Depositary Shares,Nasdaq,LULD pause,2025-05-30,13:58:46
2025-05-30,13:18:40,GWH,"""ESS Tech, Inc.""",NYSE,LULD pause,2025-05-30,13:23:51
2025-05-30,12:53:35,HCAI,"""Huachen AI Parking Management Technology Holding Co., Ltd. Ordinary Shares""",Nasdaq,LULD pause,2025-05-30,13:03:35
2025-05-30,12:40:56,AMBI,Ambipar Emergency Response,NYSE American,LULD pause,2025-05-30,12:45:56
2025-05-30,12:06:26,CISO,"""CISO Global, Inc. Common Stock""",Nasdaq,LULD pause,2025-05-30,12:11:26
2025-05-30,11:42:48,AMBI,Ambipar Emergency Response,NYSE American,LULD pause,2025-05-30,11:53:35
2025-05-30,11:37:12,WETO,Webus International Limited Ordinary Shares,Nasdaq,LULD pause,2025-05-30,11:42:12
2025-05-30,11:27:26,PTNM,Pitanium Limited Class A Ordinary shares,Nasdaq,LULD pause,2025-05-30,11:32:26
2025-05-30,11:16:20,AXIL,"""AXIL Brands, Inc.""",NYSE American,LULD pause,2025-05-30,11:21:20
2025-05-30,11:09:37,AXIL,"""AXIL Brands, Inc.""",NYSE American,LULD pause,2025-05-30,11:14:37
2025-05-30,10:48:39,CHEB,Chenghe Acquisition II Co.,NYSE American,LULD pause,2025-05-30,10:58:39
2025-05-30,10:15:17,CHEB,Chenghe Acquisition II Co.,NYSE American,LULD pause,2025-05-30,10:20:17
2025-05-30,09:58:52,BW PRA,"""Babcock & Wilcox Enterprises, Inc. 7.75% Series A Cumulative Perpetual Preferred Stock""",NYSE,LULD pause,2025-05-30,10:03:55
2025-05-30,09:55:21,SBET,SharpLink Gaming Ltd. Ordinary Shares,Nasdaq,LULD pause,2025-05-30,10:00:21
2025-05-30,09:52:59,ANNA,"""AleAnna, Inc. Class A Common Stock""",Nasdaq,LULD pause,2025-05-30,09:57:59
2025-05-30,09:42:01,IMCC,IM Cannabis Corp. Common Shares,Nasdaq,LULD pause,2025-05-30,09:52:01
2025-05-30,09:40:59,RRGB,Red Robin Gourmet Burgers Inc,Nasdaq,LULD pause,2025-05-30,09:45:59
2025-05-30,09:38:31,YSXT,"""YSX Tech. Co., Ltd Class A Ordinary Shares""",Nasdaq,LULD pause,2025-05-30,09:43:31
2025-05-30,09:38:24,SBET,SharpLink Gaming Ltd. Ordinary Shares,Nasdaq,LULD pause,2025-05-30,09:48:24
2025-05-30,09:34:29,CLGN,CollPlant Biotechnologies Ltd Ordinary Shares,Nasdaq,LULD pause,2025-05-30,09:39:29
2025-05-30,09:33:25,PBM,Psyence Biomedical Ltd. Common Shares,Nasdaq,LULD pause,2025-05-30,09:38:25
2025-05-30,09:31:44,IMCC,IM Cannabis Corp. Common Shares,Nasdaq,LULD pause,2025-05-30,09:36:44
2025-05-30,09:30:58,LIMN,"""Liminatus Pharma, Inc. Class A Common Stock""",Nasdaq,LULD pause,2025-05-30,09:40:58
2025-05-29,19:50:00,EJH,E-Home Household Service Holdings Limited Ordinary Shares,Nasdaq,News pending,,
2025-05-29,19:50:00,EJH,E-Home Household Service Holdings Limited Ordinary Shares,Nasdaq,News pending,2025-05-30,09:00:00
2025-05-29,19:50:00,CKPT,"""Checkpoint Therapeutics, Inc. Common Stock""",Nasdaq,News pending,,
2025-05-29,16:53:15,AZUL,Azul S.A. American Depositary Shares (each representing three preferred shares),NYSE,News Released,,
2025-05-29,15:57:49,CHEB,Chenghe Acquisition II Co.,NYSE American,LULD pause,2025-05-29,16:00:00
2025-05-29,15:42:43,CHEB,Chenghe Acquisition II Co.,NYSE American,LULD pause,2025-05-29,15:47:43
2025-05-29,15:37:28,CHEB,Chenghe Acquisition II Co.,NYSE American,LULD pause,2025-05-29,15:42:28
2025-05-29,15:34:44,SBET,SharpLink Gaming Ltd. Ordinary Shares,Nasdaq,LULD pause,2025-05-29,15:44:44
2025-05-29,15:32:13,CHEB,Chenghe Acquisition II Co.,NYSE American,LULD pause,2025-05-29,15:37:13
2025-05-29,15:24:32,SBET,SharpLink Gaming Ltd. Ordinary Shares,Nasdaq,LULD pause,2025-05-29,15:29:32
2025-05-29,12:37:09,BROG,Brooge Energy Limited Ordinary Shares,Nasdaq,LULD pause,2025-05-29,12:42:09
2025-05-29,10:58:49,MOLN,Molecular Partners AG American Depositary Shares,Nasdaq,LULD pause,2025-05-29,11:03:49
2025-05-29,10:44:27,SAIH,SAIHEAT Limited Class A Ordinary Shares,Nasdaq,LULD pause,2025-05-29,10:49:27
2025-05-29,10:33:41,NAMI,Jinxin Technology Holding Company American Depositary Shares,Nasdaq,LULD pause,2025-05-29,10:43:41
2025-05-29,10:20:26,NAMI,Jinxin Technology Holding Company American Depositary Shares,Nasdaq,LULD pause,2025-05-29,10:25:26
2025-05-29,10:13:03,NAMI,Jinxin Technology Holding Company American Depositary Shares,Nasdaq,LULD pause,2025-05-29,10:18:03
2025-05-29,09:41:45,KSS,Kohls Corporation,NYSE,LULD pause,2025-05-29,09:46:47
2025-05-29,09:37:43,SORA,Top Win International Limited Ordinary Shares,Nasdaq,LULD pause,2025-05-29,09:42:43
2025-05-29,09:36:37,ALZN,"""Alzamend Neuro, Inc. Common Stock""",Nasdaq,LULD pause,2025-05-29,09:41:37
2025-05-29,07:55:00,STRM,"""Streamline Health Solutions, Inc.""",Nasdaq,News pending,2025-05-29,08:30:00
2025-05-28,19:50:00,TAOP,Taoping Inc. BVI Ordinary Shares (0 par),Nasdaq,News pending,2025-05-29,09:00:00
2025-05-28,19:50:00,TAOP,Taoping Inc. BVI Ordinary Shares (0 par),Nasdaq,News pending,,
2025-05-28,15:53:34,BW PRA,"""Babcock & Wilcox Enterprises, Inc. 7.75% Series A Cumulative Perpetual Preferred Stock""",NYSE,LULD pause,2025-05-28,16:00:12
2025-05-28,13:37:33,DMYY U,"""dMY Squared Technology Group, Inc. Units, each consisting of one share of Class A common stock and one-half of one redeemable warrant""",NYSE American,LULD pause,2025-05-28,13:42:33
2025-05-28,13:02:33,BRLS,Borealis Foods Inc. Class A Common Shares,Nasdaq,LULD pause,2025-05-28,13:07:33
2025-05-28,12:41:40,VVPR,VivoPower International PLC,Nasdaq,LULD pause,2025-05-28,12:46:40
2025-05-28,12:24:31,TAP A,Molson Coors Beverage Company Class A,NYSE,LULD pause,2025-05-28,12:33:49
2025-05-28,12:07:45,SPPL,SIMPPLE LTD. Ordinary Shares,Nasdaq,LULD pause,2025-05-28,12:12:45
2025-05-28,12:07:42,SPRO,"""Spero Therapeutics, Inc. Common Stock""",Nasdaq,LULD pause,2025-05-28,12:12:42
2025-05-28,11:18:53,SPRO,"""Spero Therapeutics, Inc. Common Stock""",Nasdaq,LULD pause,2025-05-28,11:23:53
2025-05-28,11:15:30,CLGN,CollPlant Biotechnologies Ltd Ordinary Shares,Nasdaq,LULD pause,2025-05-28,11:20:30
2025-05-28,11:09:10,PLRZ,Polyrizon Ltd. Ordinary Shares,Nasdaq,LULD pause,2025-05-28,11:14:10
2025-05-28,11:02:17,PLRZ,Polyrizon Ltd. Ordinary Shares,Nasdaq,LULD pause,2025-05-28,11:07:17
2025-05-28,10:55:31,PLRZ,Polyrizon Ltd. Ordinary Shares,Nasdaq,LULD pause,2025-05-28,11:00:31
2025-05-28,10:54:04,SPRO,"""Spero Therapeutics, Inc. Common Stock""",Nasdaq,LULD pause,2025-05-28,10:59:04
2025-05-28,10:48:14,PLRZ,Polyrizon Ltd. Ordinary Shares,Nasdaq,LULD pause,2025-05-28,10:53:14
2025-05-28,10:46:42,SPRO,"""Spero Therapeutics, Inc. Common Stock""",Nasdaq,LULD pause,2025-05-28,10:51:42
2025-05-28,10:39:49,ARAI,Arrive AI Inc. Common Stock,Nasdaq,LULD pause,2025-05-28,10:44:49
2025-05-28,10:35:47,PLRZ,Polyrizon Ltd. Ordinary Shares,Nasdaq,LULD pause,2025-05-28,10:40:47
2025-05-28,10:32:39,ARAI,Arrive AI Inc. Common Stock,Nasdaq,LULD pause,2025-05-28,10:37:39
2025-05-28,10:29:12,PLRZ,Polyrizon Ltd. Ordinary Shares,Nasdaq,LULD pause,2025-05-28,10:34:12
2025-05-28,10:26:53,SKK,SKK Holdings Limited Ordinary Shares,Nasdaq,LULD pause,2025-05-28,10:31:53
2025-05-28,10:26:40,ARAI,Arrive AI Inc. Common Stock,Nasdaq,LULD pause,2025-05-28,10:31:40
2025-05-28,10:23:22,PLRZ,Polyrizon Ltd. Ordinary Shares,Nasdaq,LULD pause,2025-05-28,10:28:22
2025-05-28,10:19:27,PNBK,Patriot National Bancorp Inc,Nasdaq,LULD pause,2025-05-28,10:24:27
2025-05-28,10:17:06,PLRZ,Polyrizon Ltd. Ordinary Shares,Nasdaq,LULD pause,2025-05-28,10:22:06
2025-05-28,10:12:41,ARAI,Arrive AI Inc. Common Stock,Nasdaq,LULD pause,2025-05-28,10:22:41
2025-05-28,10:04:34,SGN,"""Signing Day Sports, Inc.""",NYSE American,LULD pause,2025-05-28,10:09:34
2025-05-28,09:56:21,ILAG,Intelligent Living Application Group Inc. Ordinary Shares,Nasdaq,LULD pause,2025-05-28,10:01:21
2025-05-28,09:52:51,KG,"""Kestrel Group, Ltd.""",Nasdaq,LULD pause,2025-05-28,09:57:51
2025-05-28,09:50:08,BRLS,Borealis Foods Inc. Class A Common Shares,Nasdaq,LULD pause,2025-05-28,10:00:08
2025-05-28,09:46:52,SPRO,"""Spero Therapeutics, Inc. Common Stock""",Nasdaq,LULD pause,2025-05-28,09:51:52
2025-05-28,09:45:35,SGBX,Safe & Green Holdings Corp. Common Stock,Nasdaq,LULD pause,2025-05-28,09:50:35
2025-05-28,09:44:18,KG,"""Kestrel Group, Ltd.""",Nasdaq,LULD pause,2025-05-28,09:49:18
2025-05-28,09:41:09,ELPW,Elong Power Holding Limited Class A Ordinary Shares,Nasdaq,LULD pause,2025-05-28,09:46:09
2025-05-28,09:40:10,BRLS,Borealis Foods Inc. Class A Common Shares,Nasdaq,LULD pause,2025-05-28,09:45:10
2025-05-28,09:38:52,SPRO,"""Spero Therapeutics, Inc. Common Stock""",Nasdaq,LULD pause,2025-05-28,09:43:52
2025-05-28,09:35:26,PCTTU,"""PureCycle Technologies, Inc. Unit""",Nasdaq,LULD pause,2025-05-28,09:40:26
2025-05-28,09:35:07,MFH,Mercurity Fintech Holding Inc. Ordinary Shares,Nasdaq,LULD pause,2025-05-28,09:40:07
2025-05-28,09:33:16,SPRO,"""Spero Therapeutics, Inc. Common Stock""",Nasdaq,LULD pause,2025-05-28,09:38:16
2025-05-28,09:31:23,ZKH,"""ZKH Group Limited American Depositary Shares, each representing thirty-five (35) Class A Ordinary Shares""",NYSE,LULD pause,2025-05-28,09:36:23
2025-05-28,09:30:37,BRLS,Borealis Foods Inc. Class A Common Shares,Nasdaq,LULD pause,2025-05-28,09:35:37
2025-05-28,09:30:31,CCIRU,Cohen Circle Acquisition Corp. I Unit,Nasdaq,LULD pause,2025-05-28,09:35:31
2025-05-28,09:30:15,KG,"""Kestrel Group, Ltd.""",Nasdaq,LULD pause,2025-05-28,09:40:21
2025-05-28,09:30:15,BMED,iShares Health Innovation Active ETF,NYSE Arca,LULD pause,2025-05-28,09:35:15
2025-05-28,06:41:29,AZUL,Azul S.A. American Depositary Shares (each representing three preferred shares),NYSE,Regulatory Concern,See Subsequent Halt,See Subsequent Halt
2025-05-28,06:41:29,AZUL,Azul S.A. American Depositary Shares (each representing three preferred shares),NYSE,Regulatory Concern,,
2025-05-27,19:50:00,ASPSZ,Altisource Portfolio Solutions S.A. Cash Exercise Stakeholder Warrants,Nasdaq,News pending,,
2025-05-27,19:50:00,ASPSZ,Altisource Portfolio Solutions S.A. Cash Exercise Stakeholder Warrants,Nasdaq,News pending,2025-05-28,09:05:00
2025-05-27,19:50:00,ASPSW,Altisource Portfolio Solutions S.A. Net Settle Stakeholder Warrants,Nasdaq,News pending,2025-05-28,09:05:00
2025-05-27,19:50:00,ASPSW,Altisource Portfolio Solutions S.A. Net Settle Stakeholder Warrants,Nasdaq,News pending,,
2025-05-27,19:50:00,LYRA,"""Lyra Therapeutics, Inc. Common Stock""",Nasdaq,News pending,,
2025-05-27,19:50:00,LYRA,"""Lyra Therapeutics, Inc. Common Stock""",Nasdaq,News pending,2025-05-28,09:00:00
2025-05-27,19:50:00,ASPS,Altisource Portfolio Solutions S.A.,Nasdaq,News pending,2025-05-28,09:00:00
2025-05-27,19:50:00,ASPS,Altisource Portfolio Solutions S.A.,Nasdaq,News pending,,
2025-05-27,13:47:38,SSII,SS Innovations International Inc. Common Stock,Nasdaq,LULD pause,2025-05-27,13:52:38
2025-05-27,12:48:38,HOLX,Hologic Inc,Nasdaq,LULD pause,2025-05-27,12:58:39
2025-05-27,10:59:13,PTHL,Pheton Holdings Ltd Class A Ordinary Shares,Nasdaq,LULD pause,2025-05-27,11:09:13
2025-05-27,10:41:17,LVWR,"""LiveWire Group, Inc.""",NYSE,LULD pause,2025-05-27,10:46:44
2025-05-27,09:57:51,CCIRU,Cohen Circle Acquisition Corp. I Unit,Nasdaq,LULD pause,2025-05-27,10:02:51
2025-05-27,09:54:52,WHLR,"""Wheeler Real Estate Investment Trust, Inc""",Nasdaq,LULD pause,2025-05-27,09:59:52
2025-05-27,09:44:11,DMYY U,"""dMY Squared Technology Group, Inc. Units, each consisting of one share of Class A common stock and one-half of one redeemable warrant""",NYSE American,LULD pause,2025-05-27,09:49:11
2025-05-27,09:42:26,SBET,SharpLink Gaming Ltd. Ordinary Shares,Nasdaq,LULD pause,2025-05-27,09:47:26
2025-05-27,09:34:07,BSGM,"""BioSig Technologies, Inc. Common Stock""",Nasdaq,LULD pause,2025-05-27,09:39:07
2025-05-27,09:33:29,SKBL,Skyline Builders Group Holding Limited Class A Ordinary Shares,Nasdaq,LULD pause,2025-05-27,09:38:29
2025-05-27,09:33:23,CETX,CEMTREX INC.,Nasdaq,LULD pause,2025-05-27,09:38:23
2025-05-27,09:33:02,WETO,Webus International Limited Ordinary Shares,Nasdaq,LULD pause,2025-05-27,09:38:02
2025-05-27,09:30:50,CEFD,ETRACS Monthly Pay 1.5X Leveraged Closed-End Fund Index ETN,NYSE Arca,LULD pause,2025-05-27,09:35:50
2025-05-27,09:30:45,IMNN,"""Imunon, Inc. Common Stock""",Nasdaq,LULD pause,2025-05-27,09:35:45
2025-05-23,19:50:00,WHLRP,"""Wheeler Real Estate Investment Trust, Inc. Preferred Stock""",Nasdaq,News pending,2025-05-27,09:05:00
2025-05-23,19:50:00,WHLRP,"""Wheeler Real Estate Investment Trust, Inc. Preferred Stock""",Nasdaq,News pending,,
2025-05-23,19:50:00,WHLRL,"""Wheeler Real Estate Investment Trust, Inc. 7.00% Senior Subordinated Convertible Notes Due 2031""",Nasdaq,News pending,,
2025-05-23,19:50:00,WHLRL,"""Wheeler Real Estate Investment Trust, Inc. 7.00% Senior Subordinated Convertible Notes Due 2031""",Nasdaq,News pending,2025-05-27,09:05:00
2025-05-23,19:50:00,WHLRD,"""Wheeler Real Estate Investment Trust, Inc. Series D Cumulative Preferred Stock""",Nasdaq,News pending,2025-05-27,09:05:00
2025-05-23,19:50:00,WHLRD,"""Wheeler Real Estate Investment Trust, Inc. Series D Cumulative Preferred Stock""",Nasdaq,News pending,,
2025-05-23,19:50:00,APVO,Aptevo Therapeutics Inc,Nasdaq,News pending,,
2025-05-23,19:50:00,APVO,Aptevo Therapeutics Inc,Nasdaq,News pending,2025-05-27,09:00:00
2025-05-23,19:50:00,GAN,GAN Limited Ordinary Shares,Nasdaq,News pending,,
2025-05-23,19:50:00,WHLR,"""Wheeler Real Estate Investment Trust, Inc""",Nasdaq,News pending,,
2025-05-23,19:50:00,WHLR,"""Wheeler Real Estate Investment Trust, Inc""",Nasdaq,News pending,2025-05-27,09:00:00
2025-05-23,19:50:00,FRGT,"""Freight Technologies, Inc. Ordinary Shares""",Nasdaq,News pending,2025-05-27,09:00:00
2025-05-23,19:50:00,FRGT,"""Freight Technologies, Inc. Ordinary Shares""",Nasdaq,News pending,,
2025-05-23,19:50:00,PLRZ,Polyrizon Ltd. Ordinary Shares,Nasdaq,News pending,,
2025-05-23,19:50:00,PLRZ,Polyrizon Ltd. Ordinary Shares,Nasdaq,News pending,2025-05-27,09:00:00
2025-05-23,16:01:00,PRTA,Prothena Corporation plc Ordinary Shares,Nasdaq,News pending,2025-05-23,16:35:00
2025-05-23,15:42:46,XAGE,"""Longevity Health Holdings, Inc. Common Stock""",Nasdaq,LULD pause,2025-05-23,15:47:46
2025-05-23,15:32:22,SBEV,"""Splash Beverage Group, Inc.""",NYSE American,LULD pause,2025-05-23,15:37:22
2025-05-23,15:31:50,X,United States Steel Corporation,NYSE,LULD pause,2025-05-23,15:36:52
2025-05-23,15:25:49,X,United States Steel Corporation,NYSE,LULD pause,2025-05-23,15:31:25
2025-05-23,15:21:42,SBEV,"""Splash Beverage Group, Inc.""",NYSE American,LULD pause,2025-05-23,15:31:42
2025-05-23,15:16:51,INFA,Informatica Inc.,NYSE,LULD pause,2025-05-23,15:22:02
2025-05-23,15:08:10,SBEV,"""Splash Beverage Group, Inc.""",NYSE American,LULD pause,2025-05-23,15:18:10
2025-05-23,14:35:23,HAO,Haoxi Health Technology Limited Class A Ordinary Shares,Nasdaq,LULD pause,2025-05-23,14:40:23
2025-05-23,14:17:40,APLM,Apollomics Inc. Class A Ordinary Shares,Nasdaq,LULD pause,2025-05-23,14:22:40
2025-05-23,13:52:20,LQDA,Liquidia Corporation Common Stock,Nasdaq,News pending,2025-05-23,14:55:00
2025-05-23,12:12:25,SBET,SharpLink Gaming Ltd. Ordinary Shares,Nasdaq,LULD pause,2025-05-23,12:22:26
2025-05-23,11:21:56,DMYY U,"""dMY Squared Technology Group, Inc. Units, each consisting of one share of Class A common stock and one-half of one redeemable warrant""",NYSE American,LULD pause,2025-05-23,11:26:56
2025-05-23,11:16:48,SBET,SharpLink Gaming Ltd. Ordinary Shares,Nasdaq,LULD pause,2025-05-23,11:21:48
2025-05-23,10:52:44,GDHG,Golden Heaven Group Holdings Ltd. Class A Ordinary Shares,Nasdaq,LULD pause,2025-05-23,10:57:44
2025-05-23,10:30:56,GDHG,Golden Heaven Group Holdings Ltd. Class A Ordinary Shares,Nasdaq,LULD pause,2025-05-23,10:35:56
2025-05-23,10:22:02,DOUG,Douglas Elliman Inc.,NYSE,LULD pause,2025-05-23,10:27:15
2025-05-23,10:00:51,IMNN,"""Imunon, Inc. Common Stock""",Nasdaq,LULD pause,2025-05-23,10:05:51
2025-05-23,09:59:54,GDHG,Golden Heaven Group Holdings Ltd. Class A Ordinary Shares,Nasdaq,LULD pause,2025-05-23,10:04:54
2025-05-23,09:59:14,NTCL,NETCLASS TECHNOLOGY INC Class A Ordinary Shares,Nasdaq,LULD pause,2025-05-23,10:04:14
2025-05-23,09:49:51,NAKA,"""Kindly MD, Inc. Common Stock""",Nasdaq,LULD pause,2025-05-23,09:54:51
2025-05-23,09:47:12,GDHG,Golden Heaven Group Holdings Ltd. Class A Ordinary Shares,Nasdaq,LULD pause,2025-05-23,09:52:12
2025-05-23,09:42:21,IMNN,"""Imunon, Inc. Common Stock""",Nasdaq,LULD pause,2025-05-23,09:47:21
2025-05-23,09:40:08,GDHG,Golden Heaven Group Holdings Ltd. Class A Ordinary Shares,Nasdaq,LULD pause,2025-05-23,09:45:08
2025-05-23,09:37:17,NTCL,NETCLASS TECHNOLOGY INC Class A Ordinary Shares,Nasdaq,LULD pause,2025-05-23,09:42:17
2025-05-23,09:36:51,IMNN,"""Imunon, Inc. Common Stock""",Nasdaq,LULD pause,2025-05-23,09:41:51
2025-05-23,09:34:53,GDHG,Golden Heaven Group Holdings Ltd. Class A Ordinary Shares,Nasdaq,LULD pause,2025-05-23,09:39:53
2025-05-23,09:34:11,SYTA,"""Siyata Mobile, Inc.""",Nasdaq,LULD pause,2025-05-23,09:44:11
2025-05-23,09:33:32,NAKA,"""Kindly MD, Inc. Common Stock""",Nasdaq,LULD pause,2025-05-23,09:43:34
2025-05-23,09:30:42,GYRE,"""Gyre Therapeutics, Inc. Common Stock""",Nasdaq,LULD pause,2025-05-23,09:40:42
2025-05-23,09:30:16,RAIN,"""Rain Enhancement Technologies Holdco, Inc. Class A Common Stock""",Nasdaq,LULD pause,2025-05-23,09:40:16
2025-05-22,19:50:00,QVCGP,"""QVC Group, Inc. 8.0% Fixed Rate Cumulative Redeemable Preferred Stock""",Nasdaq,News pending,,
2025-05-22,19:50:00,QVCGP,"""QVC Group, Inc. 8.0% Fixed Rate Cumulative Redeemable Preferred Stock""",Nasdaq,News pending,2025-05-23,09:05:00
2025-05-22,19:50:00,QVCGB,"""QVC Group, Inc. Series B Common Stock""",Nasdaq,News pending,,
2025-05-22,19:50:00,QVCGB,"""QVC Group, Inc. Series B Common Stock""",Nasdaq,News pending,2025-05-23,09:00:00
2025-05-22,19:50:00,QVCGA,"""QVC Group, Inc. Series A Common Stock""",Nasdaq,News pending,,
2025-05-22,19:50:00,QVCGA,"""QVC Group, Inc. Series A Common Stock""",Nasdaq,News pending,2025-05-23,09:00:00
2025-05-22,19:50:00,SMST,Tidal Trust II Defiance Daily Target 2x Short MSTR ETF,Nasdaq,News pending,2025-05-23,09:00:00
2025-05-22,19:50:00,SMST,Tidal Trust II Defiance Daily Target 2x Short MSTR ETF,Nasdaq,News pending,,
2025-05-22,19:50:00,DGLY,"""Digital Ally, Inc. Common Stock""",Nasdaq,News pending,,
2025-05-22,19:50:00,DGLY,"""Digital Ally, Inc. Common Stock""",Nasdaq,News pending,2025-05-23,09:00:00
2025-05-22,15:45:33,SYTA,"""Siyata Mobile, Inc.""",Nasdaq,LULD pause,2025-05-22,16:00:00
2025-05-22,15:20:32,SBC,SBC Medical Group Holdings Incorporated Common Stock,Nasdaq,LULD pause,2025-05-22,15:25:32
2025-05-22,12:30:47,MNTN,"""MNTN, Inc.""",NYSE,LULD pause,2025-05-22,12:35:51
2025-05-22,11:52:25,WTO,UTime Limited Ordinary Shares,Nasdaq,LULD pause,2025-05-22,11:57:25
2025-05-22,11:19:06,DMYY U,"""dMY Squared Technology Group, Inc. Units, each consisting of one share of Class A common stock and one-half of one redeemable warrant""",NYSE American,LULD pause,2025-05-22,11:24:06
2025-05-22,11:13:18,UFG,Uni-Fuels Holdings Limited Class A Ordinary Shares,Nasdaq,LULD pause,2025-05-22,11:18:18
2025-05-22,10:57:57,UFG,Uni-Fuels Holdings Limited Class A Ordinary Shares,Nasdaq,LULD pause,2025-05-22,11:07:57
2025-05-22,10:47:05,UFG,Uni-Fuels Holdings Limited Class A Ordinary Shares,Nasdaq,LULD pause,2025-05-22,10:57:05
2025-05-22,10:39:19,KELYB,Kelly Services Inc,Nasdaq,LULD pause,2025-05-22,10:44:19
2025-05-22,10:32:29,CTEV,Claritev Corporation,NYSE,News pending,2025-05-22,11:03:42
2025-05-22,09:51:49,UFG,Uni-Fuels Holdings Limited Class A Ordinary Shares,Nasdaq,LULD pause,2025-05-22,10:46:49
2025-05-22,09:47:29,DFDV,DeFi Development Corp. Common Stock,Nasdaq,LULD pause,2025-05-22,09:52:29
2025-05-22,09:38:12,UFG,Uni-Fuels Holdings Limited Class A Ordinary Shares,Nasdaq,LULD pause,2025-05-22,09:43:12
2025-05-21,16:25:00,VIGL,"""Vigil Neuroscience, Inc. Common Stock""",Nasdaq,News pending,2025-05-22,07:00:00
2025-05-21,16:25:00,VIGL,"""Vigil Neuroscience, Inc. Common Stock""",Nasdaq,News pending,,
2025-05-21,15:15:52,AIFU,AIFU Inc. Class A Ordinary Share,Nasdaq,LULD pause,2025-05-21,15:20:52
2025-05-21,15:10:37,AIFU,AIFU Inc. Class A Ordinary Share,Nasdaq,LULD pause,2025-05-21,15:15:37
2025-05-21,14:56:50,AIFU,AIFU Inc. Class A Ordinary Share,Nasdaq,LULD pause,2025-05-21,15:01:50
2025-05-21,14:01:23,AIFU,AIFU Inc. Class A Ordinary Share,Nasdaq,LULD pause,2025-05-21,14:56:24
2025-05-21,13:37:31,WOLF,"""Wolfspeed, Inc.""",NYSE,LULD pause,2025-05-21,13:43:09
2025-05-21,13:29:03,WOLF,"""Wolfspeed, Inc.""",NYSE,LULD pause,2025-05-21,13:34:06
2025-05-21,13:24:18,OFAL,OFA Group Ordinary Shares,Nasdaq,LULD pause,2025-05-21,13:29:18
2025-05-21,13:16:05,WOLF,"""Wolfspeed, Inc.""",NYSE,LULD pause,2025-05-21,13:21:14
2025-05-21,13:10:45,WOLF,"""Wolfspeed, Inc.""",NYSE,LULD pause,2025-05-21,13:15:47
2025-05-21,13:04:40,WOLF,"""Wolfspeed, Inc.""",NYSE,LULD pause,2025-05-21,13:09:42
2025-05-21,12:46:56,EDBL,Edible Garden AG Incorporated Common Stock,Nasdaq,LULD pause,2025-05-21,12:51:56
2025-05-21,12:39:00,OFAL,OFA Group Ordinary Shares,Nasdaq,LULD pause,2025-05-21,12:49:00
2025-05-21,12:27:38,OFAL,OFA Group Ordinary Shares,Nasdaq,LULD pause,2025-05-21,12:37:38
2025-05-21,12:15:00,ELPW,Elong Power Holding Limited Class A Ordinary Shares,Nasdaq,LULD pause,2025-05-21,12:20:00
2025-05-21,12:04:20,ELPW,Elong Power Holding Limited Class A Ordinary Shares,Nasdaq,LULD pause,2025-05-21,12:14:20
2025-05-21,11:58:29,ELPW,Elong Power Holding Limited Class A Ordinary Shares,Nasdaq,LULD pause,2025-05-21,12:03:29
2025-05-21,11:54:26,OFAL,OFA Group Ordinary Shares,Nasdaq,LULD pause,2025-05-21,12:04:27
2025-05-21,11:50:36,ELPW,Elong Power Holding Limited Class A Ordinary Shares,Nasdaq,LULD pause,2025-05-21,11:55:36
2025-05-21,11:48:30,OFAL,OFA Group Ordinary Shares,Nasdaq,LULD pause,2025-05-21,11:53:30
2025-05-21,11:42:56,OFAL,OFA Group Ordinary Shares,Nasdaq,LULD pause,2025-05-21,11:47:56
2025-05-21,11:40:03,ELPW,Elong Power Holding Limited Class A Ordinary Shares,Nasdaq,LULD pause,2025-05-21,11:50:03
2025-05-21,11:37:01,WOLF,"""Wolfspeed, Inc.""",NYSE,LULD pause,2025-05-21,11:42:04
2025-05-21,11:36:45,OFAL,OFA Group Ordinary Shares,Nasdaq,LULD pause,2025-05-21,11:41:45
2025-05-21,11:29:02,OFAL,OFA Group Ordinary Shares,Nasdaq,LULD pause,2025-05-21,11:34:02
2025-05-21,11:11:15,OFAL,OFA Group Ordinary Shares,Nasdaq,LULD pause,2025-05-21,11:16:15
2025-05-21,10:16:56,NXTT,Next Technology Holding Inc. Ordinary Shares,Nasdaq,LULD pause,2025-05-21,10:21:56
2025-05-21,10:12:44,GPUS,"""Hyperscale Data, Inc.""",NYSE American,LULD pause,2025-05-21,10:17:44
2025-05-21,09:56:00,GPUS,"""Hyperscale Data, Inc.""",NYSE American,LULD pause,2025-05-21,10:01:00
2025-05-21,09:55:56,WOLF,"""Wolfspeed, Inc.""",NYSE,LULD pause,2025-05-21,10:01:00
2025-05-21,09:51:26,ASST,Asset Entities Inc. Class B Common Stock,Nasdaq,LULD pause,2025-05-21,09:56:26
2025-05-21,09:51:14,DFDV,DeFi Development Corp. Common Stock,Nasdaq,LULD pause,2025-05-21,09:56:14
2025-05-21,09:51:01,RILYT,"""B. Riley Financial, Inc. 6.00% Senior Notes Due 2028""",Nasdaq,LULD pause,2025-05-21,09:56:01
2025-05-21,09:47:31,SYTA,"""Siyata Mobile, Inc.""",Nasdaq,LULD pause,2025-05-21,09:52:31
2025-05-21,09:46:10,WOLF,"""Wolfspeed, Inc.""",NYSE,LULD pause,2025-05-21,09:51:10
2025-05-21,09:39:40,EDBL,Edible Garden AG Incorporated Common Stock,Nasdaq,LULD pause,2025-05-21,09:44:40
2025-05-21,09:39:35,ELPW,Elong Power Holding Limited Class A Ordinary Shares,Nasdaq,LULD pause,2025-05-21,09:44:35
2025-05-21,09:39:28,WOLF,"""Wolfspeed, Inc.""",NYSE,LULD pause,2025-05-21,09:44:33
2025-05-21,09:37:19,DFDV,DeFi Development Corp. Common Stock,Nasdaq,LULD pause,2025-05-21,09:42:19
2025-05-21,09:32:28,ALMS,Alumis Inc. Common Stock,Nasdaq,LULD pause,2025-05-21,09:37:28
2025-05-21,09:31:46,WOLF,"""Wolfspeed, Inc.""",NYSE,LULD pause,2025-05-21,09:36:47
2025-05-21,09:30:45,HKND,Humankind US Stock ETF,NYSE Arca,LULD pause,2025-05-21,09:51:36
2025-05-21,07:57:50,SGMA,Sigmatron International Inc,Nasdaq,News pending,2025-05-21,08:30:00
2025-05-21,06:55:00,URGN,UroGen Pharma Ltd. Ordinary Shares,Nasdaq,News pending,2025-05-21,12:55:00
2025-05-20,19:50:00,OPTN,"""OptiNose, Inc. Common Stock""",Nasdaq,News pending,,
2025-05-20,19:50:00,AIFU,AIFU Inc. American Depositary Shares,Nasdaq,News pending,,
2025-05-20,19:50:00,AIFU,AIFU Inc. American Depositary Shares,Nasdaq,News pending,2025-05-21,14:01:00
2025-05-20,19:50:00,SLRN,"""ACELYRIN, INC. Common Stock""",Nasdaq,News pending,,
2025-05-20,14:52:14,EPSM,Epsium Enterprise Limited Ordinary Shares,Nasdaq,LULD pause,2025-05-20,15:02:14
2025-05-20,14:41:54,EPSM,Epsium Enterprise Limited Ordinary Shares,Nasdaq,LULD pause,2025-05-20,14:51:54
2025-05-20,14:22:30,EPSM,Epsium Enterprise Limited Ordinary Shares,Nasdaq,LULD pause,2025-05-20,14:40:57
2025-05-20,13:14:48,WRBY,Warby Parker Inc.,NYSE,News pending,2025-05-20,14:13:30
2025-05-20,10:36:37,TNMG,TNL Mediagene Ordinary Shares,Nasdaq,LULD pause,2025-05-20,10:41:37
2025-05-20,10:11:02,TNMG,TNL Mediagene Ordinary Shares,Nasdaq,LULD pause,2025-05-20,10:16:02
2025-05-20,09:59:17,TNMG,TNL Mediagene Ordinary Shares,Nasdaq,LULD pause,2025-05-20,10:04:17
2025-05-20,09:48:16,SYTA,"""Siyata Mobile, Inc.""",Nasdaq,LULD pause,2025-05-20,09:53:16
2025-05-20,09:30:45,GLOW,VictoryShares WestEnd Global Equity ETF,Nasdaq,LULD pause,2025-05-20,09:35:45
2025-05-20,09:30:37,USCA,Xtrackers MSCI USA Climate Action Equity ETF,NYSE Arca,LULD pause,2025-05-20,09:40:42
2025-05-19,19:51:17,CVM,Cel-Sci Corporation,NYSE American,Corporate Action,2025-05-20,09:00:00
2025-05-19,19:51:17,CVM,Cel-Sci Corporation,NYSE American,Corporate Action,,
2025-05-19,19:50:00,CDTTW,Conduit Pharmaceuticals Inc. Warrant,Nasdaq,News pending,,
2025-05-19,19:50:00,CDTTW,Conduit Pharmaceuticals Inc. Warrant,Nasdaq,News pending,2025-05-20,09:05:00
2025-05-19,19:50:00,CDT,Conduit Pharmaceuticals Inc. Common Stock,Nasdaq,News pending,2025-05-20,09:00:00
2025-05-19,19:50:00,CDT,Conduit Pharmaceuticals Inc. Common Stock,Nasdaq,News pending,,
2025-05-19,19:50:00,UOKA,MDJM LTD Ordinary Share,Nasdaq,News pending,2025-05-20,09:00:00
2025-05-19,19:50:00,UOKA,MDJM LTD Ordinary Share,Nasdaq,News pending,,
2025-05-19,16:55:00,GIPRW,Generation Income Properties Inc Warrant,Nasdaq,News pending,2025-05-19,17:40:00
2025-05-19,16:55:00,GIPR,Generation Income Properties Inc. Common Stock,Nasdaq,News pending,2025-05-19,17:35:00
2025-05-19,15:20:35,PBM,Psyence Biomedical Ltd. Common Shares,Nasdaq,LULD pause,2025-05-19,15:25:35
2025-05-19,15:17:21,PTIX,Performance Technologies Inc,Nasdaq,LULD pause,2025-05-19,15:22:21
2025-05-19,15:05:43,PBM,Psyence Biomedical Ltd. Common Shares,Nasdaq,LULD pause,2025-05-19,15:10:43
2025-05-19,12:58:56,PTIX,Performance Technologies Inc,Nasdaq,LULD pause,2025-05-19,13:03:56
2025-05-19,11:17:35,PTIX,Performance Technologies Inc,Nasdaq,LULD pause,2025-05-19,11:22:35
2025-05-19,11:04:38,LHSW,Lianhe Sowell International Group Ltd Ordinary Shares,Nasdaq,LULD pause,2025-05-19,11:09:38
2025-05-19,10:45:27,WUSA,Simplify Wolfe US Equity 150/50 ETF,NYSE Arca,LULD pause,2025-05-19,10:50:27
2025-05-19,10:42:38,PTIX,Performance Technologies Inc,Nasdaq,LULD pause,2025-05-19,10:47:38
2025-05-19,10:29:38,PTIX,Performance Technologies Inc,Nasdaq,LULD pause,2025-05-19,10:34:38
2025-05-19,10:07:41,ASST,Asset Entities Inc. Class B Common Stock,Nasdaq,LULD pause,2025-05-19,10:12:41
2025-05-19,09:42:22,PTIX,Performance Technologies Inc,Nasdaq,LULD pause,2025-05-19,09:47:22
2025-05-19,09:39:37,ASST,Asset Entities Inc. Class B Common Stock,Nasdaq,LULD pause,2025-05-19,09:44:37
2025-05-19,09:39:02,DFDV,DeFi Development Corp. Common Stock,Nasdaq,LULD pause,2025-05-19,09:44:02
2025-05-19,09:36:40,BIYA,Baiya International Group Inc. Ordinary Shares,Nasdaq,LULD pause,2025-05-19,09:41:40
2025-05-19,09:33:42,NWTN,NWTN Inc. Class B Ordinary Shares,Nasdaq,LULD pause,2025-05-19,09:38:42
2025-05-19,09:33:08,FKWL,Franklin Wireless Corp. Common Stock,Nasdaq,LULD pause,2025-05-19,09:38:08
2025-05-19,09:31:04,WYY,WidePoint Corporation,NYSE American,LULD pause,2025-05-19,09:36:04
2025-05-19,09:30:29,RITR,Reitar Logtech Holdings Limited Ordinary shares,Nasdaq,LULD pause,2025-05-19,09:35:29
2025-05-19,08:22:27,SVT,"""Servotronics, Inc.""",NYSE American,News pending,2025-05-19,13:35:00
2025-05-19,07:55:00,UHGWW,"""United Homes Group, Inc. Warrant""",Nasdaq,News pending,2025-05-19,08:35:00
2025-05-19,07:55:00,UHG,"""United Homes Group, Inc Class A Common Stock""",Nasdaq,News pending,2025-05-19,08:30:00
2025-05-19,03:58:28,FRSX,Foresight Autonomous Holdings Ltd. American Depositary Shares,Nasdaq,News pending,2025-05-19,08:40:00
2025-05-19,00:21:31,SQFTW,"""Presidio Property Trust, Inc. Series A Common Stock Purchase Warrants""",Nasdaq,News pending,2025-05-19,09:05:00
2025-05-19,00:21:31,SQFTP,"""Presidio Property Trust, Inc. 9.375% Series D Cumulative Redeemable Perpetual Preferred Stock, $0.01 par value per share""",Nasdaq,News pending,2025-05-19,09:05:00
2025-05-19,00:21:31,SQFT,"""Presidio Property Trust, Inc. Class A Common Stock""",Nasdaq,News pending,2025-05-19,09:00:00
2025-05-19,00:21:31,SVA,"""Sinovac Biotech, Ltd""",Nasdaq,News Pending,,
2025-05-19,00:21:31,SVA,"""Sinovac Biotech, Ltd""",Nasdaq,News pending,,
2025-05-19,00:21:31,DMN,Damon Inc. Common Stock,Nasdaq,News pending,2025-05-19,09:00:00
2025-05-19,00:21:31,BON,Bon Natural Life Limited Class A Ordinary Shares,Nasdaq,News pending,2025-05-19,09:00:00
2025-05-19,00:21:31,CNEY,CN Energy Group Inc. Class A Ordinary Shares,Nasdaq,News pending,2025-05-19,09:00:00
2025-05-19,00:21:31,OPT,Opthea Limited American Depositary Shares,Nasdaq,News pending,,
2025-05-16,19:50:00,SQFTW,"""Presidio Property Trust, Inc. Series A Common Stock Purchase Warrants""",Nasdaq,News pending,,
2025-05-16,19:50:00,SQFTP,"""Presidio Property Trust, Inc. 9.375% Series D Cumulative Redeemable Perpetual Preferred Stock, $0.01 par value per share""",Nasdaq,News pending,,
2025-05-16,19:50:00,BON,Bon Natural Life Limited Class A Ordinary Shares,Nasdaq,News pending,,
2025-05-16,19:50:00,SQFT,"""Presidio Property Trust, Inc. Class A Common Stock""",Nasdaq,News pending,,
2025-05-16,19:50:00,CNEY,CN Energy Group Inc. Class A Ordinary Shares,Nasdaq,News pending,,
2025-05-16,16:25:00,MOVE,Movano Inc. Common Stock,Nasdaq,News pending,2025-05-16,17:00:00
2025-05-16,14:42:22,LHSW,Lianhe Sowell International Group Ltd Ordinary Shares,Nasdaq,LULD pause,2025-05-16,14:47:22
2025-05-16,11:40:28,TOPW,Top Win International Limited Ordinary Shares,Nasdaq,LULD pause,2025-05-16,11:45:28
2025-05-16,11:34:54,TOPW,Top Win International Limited Ordinary Shares,Nasdaq,LULD pause,2025-05-16,11:39:54
2025-05-16,11:17:21,RDIB,"""Reading International, Inc (Class B""",Nasdaq,LULD pause,2025-05-16,11:27:21
2025-05-16,10:52:31,TOPW,Top Win International Limited Ordinary Shares,Nasdaq,LULD pause,2025-05-16,10:57:31
2025-05-16,10:46:48,TOPW,Top Win International Limited Ordinary Shares,Nasdaq,LULD pause,2025-05-16,10:51:48
2025-05-16,10:37:02,TOPW,Top Win International Limited Ordinary Shares,Nasdaq,LULD pause,2025-05-16,10:42:02
2025-05-16,10:28:17,TOPW,Top Win International Limited Ordinary Shares,Nasdaq,LULD pause,2025-05-16,10:33:17
2025-05-16,10:22:31,TOPW,Top Win International Limited Ordinary Shares,Nasdaq,LULD pause,2025-05-16,10:27:31
2025-05-16,10:15:44,TOPW,Top Win International Limited Ordinary Shares,Nasdaq,LULD pause,2025-05-16,10:20:44
2025-05-16,10:05:07,TOPW,Top Win International Limited Ordinary Shares,Nasdaq,LULD pause,2025-05-16,10:15:07
2025-05-16,10:02:29,PCTTU,"""PureCycle Technologies, Inc. Unit""",Nasdaq,LULD pause,2025-05-16,10:07:29
2025-05-16,09:53:54,TOPW,Top Win International Limited Ordinary Shares,Nasdaq,LULD pause,2025-05-16,10:03:54
2025-05-16,09:43:19,TOPW,Top Win International Limited Ordinary Shares,Nasdaq,LULD pause,2025-05-16,09:53:19
2025-05-16,09:34:12,LGPS,LogProstyle Inc.,NYSE American,LULD pause,2025-05-16,09:39:12
2025-05-16,09:31:36,TOPW,Top Win International Limited Ordinary Shares,Nasdaq,LULD pause,2025-05-16,09:41:36
2025-05-16,07:25:00,INZY,"""Inozyme Pharma, Inc. Common Stock""",Nasdaq,News pending,2025-05-16,08:00:00
2025-05-15,15:42:11,LGPS,LogProstyle Inc.,NYSE American,LULD pause,2025-05-15,16:00:00
2025-05-15,15:32:25,ATPC,Agape ATP Corporation Common Stock,Nasdaq,LULD pause,2025-05-15,15:37:25
2025-05-15,15:31:33,LGPS,LogProstyle Inc.,NYSE American,LULD pause,2025-05-15,15:41:33
2025-05-15,15:25:26,YIBO,Planet Image International Limited Class A Ordinary Shares,Nasdaq,LULD pause,2025-05-15,15:30:26
2025-05-15,15:25:00,LGPS,LogProstyle Inc.,NYSE American,LULD pause,2025-05-15,15:30:00
2025-05-15,15:22:50,DDC,DDC Enterprise Limited,NYSE American,LULD pause,2025-05-15,15:27:50
2025-05-15,15:19:44,LGPS,LogProstyle Inc.,NYSE American,LULD pause,2025-05-15,15:24:44
2025-05-15,15:13:11,LGPS,LogProstyle Inc.,NYSE American,LULD pause,2025-05-15,15:18:11
2025-05-15,15:10:56,WYHG,Wing Yip Food Holdings Group Limited American Depositary Shares,Nasdaq,LULD pause,2025-05-15,15:15:56
2025-05-15,15:07:53,LGPS,LogProstyle Inc.,NYSE American,LULD pause,2025-05-15,15:12:53
2025-05-15,15:05:05,WYHG,Wing Yip Food Holdings Group Limited American Depositary Shares,Nasdaq,LULD pause,2025-05-15,15:10:05
2025-05-15,15:04:09,ARAI,Arrive AI Inc. Common Stock,Nasdaq,LULD pause,2025-05-15,15:09:09
2025-05-15,14:57:12,LGPS,LogProstyle Inc.,NYSE American,LULD pause,2025-05-15,15:07:12
2025-05-15,14:51:54,LGPS,LogProstyle Inc.,NYSE American,LULD pause,2025-05-15,14:56:54
2025-05-15,14:50:18,ARAI,Arrive AI Inc. Common Stock,Nasdaq,LULD pause,2025-05-15,14:55:18
2025-05-15,14:46:44,WYHG,Wing Yip Food Holdings Group Limited American Depositary Shares,Nasdaq,LULD pause,2025-05-15,14:56:44
2025-05-15,14:46:11,LGPS,LogProstyle Inc.,NYSE American,LULD pause,2025-05-15,14:51:11
2025-05-15,14:35:18,LGPS,LogProstyle Inc.,NYSE American,LULD pause,2025-05-15,14:45:56
2025-05-15,14:32:56,WYHG,Wing Yip Food Holdings Group Limited American Depositary Shares,Nasdaq,LULD pause,2025-05-15,14:37:56
2025-05-15,14:27:11,WYHG,Wing Yip Food Holdings Group Limited American Depositary Shares,Nasdaq,LULD pause,2025-05-15,14:32:11
2025-05-15,14:23:29,DDC,DDC Enterprise Limited,NYSE American,LULD pause,2025-05-15,14:33:29
2025-05-15,14:21:43,WYHG,Wing Yip Food Holdings Group Limited American Depositary Shares,Nasdaq,LULD pause,2025-05-15,14:26:43
2025-05-15,14:15:39,WYHG,Wing Yip Food Holdings Group Limited American Depositary Shares,Nasdaq,LULD pause,2025-05-15,14:20:39
2025-05-15,14:09:00,WYHG,Wing Yip Food Holdings Group Limited American Depositary Shares,Nasdaq,LULD pause,2025-05-15,14:14:00
2025-05-15,14:02:53,ARAI,Arrive AI Inc. Common Stock,Nasdaq,LULD pause,2025-05-15,14:12:53
2025-05-15,14:02:15,WYHG,Wing Yip Food Holdings Group Limited American Depositary Shares,Nasdaq,LULD pause,2025-05-15,14:07:15
2025-05-15,13:56:23,ARAI,Arrive AI Inc. Common Stock,Nasdaq,LULD pause,2025-05-15,14:01:23
2025-05-15,13:54:48,IXHL,Incannex Healthcare Limited American Depositary Shares,Nasdaq,LULD pause,2025-05-15,13:59:48
2025-05-15,13:44:23,ARAI,Arrive AI Inc. Common Stock,Nasdaq,LULD pause,2025-05-15,13:54:24
2025-05-15,13:41:06,IXHL,Incannex Healthcare Limited American Depositary Shares,Nasdaq,LULD pause,2025-05-15,13:46:06
2025-05-15,12:49:36,GCTS,"""GCT Semiconductor Holding, Inc.""",NYSE,News pending,2025-05-15,13:20:05
2025-05-15,12:49:36,GCTS WS,"""GCT Semiconductor Holding, Inc. Warrants, each whole warrant exercisable for one share of Common Stock at an exercise price of $11.50""",NYSE,News pending,2025-05-15,13:20:32
2025-05-15,12:21:29,ARAI,Arrive AI Inc. Common Stock,Nasdaq,LULD pause,2025-05-15,12:26:29
2025-05-15,12:10:48,ARAI,Arrive AI Inc. Common Stock,Nasdaq,LULD pause,2025-05-15,12:20:48
2025-05-15,12:02:07,ARAI,Arrive AI Inc. Common Stock,Nasdaq,LULD pause,2025-05-15,12:07:07
2025-05-15,11:53:01,ARAI,Arrive AI Inc. Common Stock,Nasdaq,LULD pause,2025-05-15,11:58:01
2025-05-15,11:47:22,ARAI,Arrive AI Inc. Common Stock,Nasdaq,LULD pause,2025-05-15,11:52:22
2025-05-15,11:39:16,ARAI,Arrive AI Inc. Common Stock,Nasdaq,LULD pause,2025-05-15,11:44:16
2025-05-15,11:33:23,SBET,SharpLink Gaming Ltd. Ordinary Shares,Nasdaq,LULD pause,2025-05-15,11:38:23
2025-05-15,11:21:19,BW PRA,"""Babcock & Wilcox Enterprises, Inc. 7.75% Series A Cumulative Perpetual Preferred Stock""",NYSE,LULD pause,2025-05-15,11:26:39
2025-05-15,11:13:44,ARAI,Arrive AI Inc. Common Stock,Nasdaq,LULD pause,2025-05-15,11:38:45
2025-05-15,11:05:52,ARAI,Arrive AI Inc. Common Stock,Nasdaq,LULD pause,2025-05-15,11:10:52
2025-05-15,11:02:54,REE,REE Automotive Ltd. Class A Ordinary Shares,Nasdaq,LULD pause,2025-05-15,11:07:54
2025-05-15,11:02:00,NFE,New Fortress Energy Inc. Class A Common Stock,Nasdaq,LULD pause,2025-05-15,11:07:00
2025-05-15,10:56:49,WYHG,Wing Yip Food Holdings Group Limited American Depositary Shares,Nasdaq,LULD pause,2025-05-15,11:01:49
2025-05-15,10:50:53,NFE,New Fortress Energy Inc. Class A Common Stock,Nasdaq,LULD pause,2025-05-15,10:55:53
2025-05-15,10:46:19,ARAI,Arrive AI Inc. Common Stock,Nasdaq,LULD pause,2025-05-15,11:05:18
2025-05-15,10:28:55,WYHG,Wing Yip Food Holdings Group Limited American Depositary Shares,Nasdaq,LULD pause,2025-05-15,10:33:55
2025-05-15,10:27:53,KDLY,"""Kindly MD, Inc. Common Stock""",Nasdaq,LULD pause,2025-05-15,10:32:53
2025-05-15,10:23:30,WYHG,Wing Yip Food Holdings Group Limited American Depositary Shares,Nasdaq,LULD pause,2025-05-15,10:28:30
2025-05-15,10:19:47,REE,REE Automotive Ltd. Class A Ordinary Shares,Nasdaq,LULD pause,2025-05-15,10:24:47
2025-05-15,10:18:00,WYHG,Wing Yip Food Holdings Group Limited American Depositary Shares,Nasdaq,LULD pause,2025-05-15,10:23:00
2025-05-15,10:17:05,NFE,New Fortress Energy Inc. Class A Common Stock,Nasdaq,LULD pause,2025-05-15,10:22:05
2025-05-15,10:16:06,ATXG,Addentax Group Corp. Common Stock,Nasdaq,LULD pause,2025-05-15,10:21:06
2025-05-15,10:14:15,REE,REE Automotive Ltd. Class A Ordinary Shares,Nasdaq,LULD pause,2025-05-15,10:19:15
2025-05-15,10:08:46,NFE,New Fortress Energy Inc. Class A Common Stock,Nasdaq,LULD pause,2025-05-15,10:13:46
2025-05-15,10:06:35,WYHG,Wing Yip Food Holdings Group Limited American Depositary Shares,Nasdaq,LULD pause,2025-05-15,10:11:35
2025-05-15,10:00:41,RYET,Ruanyun Edai Technology Inc. Ordinary shares,Nasdaq,LULD pause,2025-05-15,10:10:41
2025-05-15,09:54:46,NFE,New Fortress Energy Inc. Class A Common Stock,Nasdaq,LULD pause,2025-05-15,10:04:46
2025-05-15,09:53:57,ASST,Asset Entities Inc. Class B Common Stock,Nasdaq,LULD pause,2025-05-15,09:58:57
2025-05-15,09:51:16,RYET,Ruanyun Edai Technology Inc. Ordinary shares,Nasdaq,LULD pause,2025-05-15,09:56:16
2025-05-15,09:50:57,REE,REE Automotive Ltd. Class A Ordinary Shares,Nasdaq,LULD pause,2025-05-15,09:55:57
2025-05-15,09:47:44,NFE,New Fortress Energy Inc. Class A Common Stock,Nasdaq,LULD pause,2025-05-15,09:52:44
2025-05-15,09:47:10,MLEC,Moolec Science SA Ordinary Shares,Nasdaq,LULD pause,2025-05-15,09:52:10
2025-05-15,09:46:28,PNBK,Patriot National Bancorp Inc,Nasdaq,LULD pause,2025-05-15,09:51:28
2025-05-15,09:45:36,RYET,Ruanyun Edai Technology Inc. Ordinary shares,Nasdaq,LULD pause,2025-05-15,09:50:36
2025-05-15,09:45:13,REE,REE Automotive Ltd. Class A Ordinary Shares,Nasdaq,LULD pause,2025-05-15,09:50:13
2025-05-15,09:43:36,PTHL,Pheton Holdings Ltd Class A Ordinary Shares,Nasdaq,LULD pause,2025-05-15,09:48:36
2025-05-15,09:43:22,CLIK,Click Holdings Limited Class A Ordinary Share,Nasdaq,LULD pause,2025-05-15,09:48:22
2025-05-15,09:39:23,RYET,Ruanyun Edai Technology Inc. Ordinary shares,Nasdaq,LULD pause,2025-05-15,09:44:23
2025-05-15,09:39:14,NFE,New Fortress Energy Inc. Class A Common Stock,Nasdaq,LULD pause,2025-05-15,09:44:14
2025-05-15,09:36:09,PCTTU,"""PureCycle Technologies, Inc. Unit""",Nasdaq,LULD pause,2025-05-15,09:41:09
2025-05-15,09:36:00,ATXG,Addentax Group Corp. Common Stock,Nasdaq,LULD pause,2025-05-15,09:46:00
2025-05-15,09:35:24,DERM,Journey Medical Corporation Common Stock,Nasdaq,LULD pause,2025-05-15,09:40:24
2025-05-15,09:34:09,REE,REE Automotive Ltd. Class A Ordinary Shares,Nasdaq,LULD pause,2025-05-15,09:39:09
2025-05-15,09:33:33,MLEC,Moolec Science SA Ordinary Shares,Nasdaq,LULD pause,2025-05-15,09:43:33
2025-05-15,09:33:02,NFE,New Fortress Energy Inc. Class A Common Stock,Nasdaq,LULD pause,2025-05-15,09:38:02
2025-05-15,09:32:02,PNBK,Patriot National Bancorp Inc,Nasdaq,LULD pause,2025-05-15,09:42:02
2025-05-15,09:30:36,ATXG,Addentax Group Corp. Common Stock,Nasdaq,LULD pause,2025-05-15,09:35:36
2025-05-15,09:30:36,AARD,"""Aardvark Therapeutics, Inc. Common Stock""",Nasdaq,LULD pause,2025-05-15,09:40:36
2025-05-15,09:30:23,PTHL,Pheton Holdings Ltd Class A Ordinary Shares,Nasdaq,LULD pause,2025-05-15,09:40:23
2025-05-15,09:30:15,BSR,Beacon Selective Risk ETF,NYSE Arca,LULD pause,2025-05-15,09:40:15
2025-05-15,08:05:46,DESP,"""Despegar.com, Corp.""",NYSE,Merger Effective,,
2025-05-15,06:57:31,NVEE,"""NV5 Global, Inc. Common Stock""",Nasdaq,News pending,2025-05-15,07:30:00
2025-05-14,19:50:00,RNAZ,"""TransCode Therapeutics, Inc. Common Stock""",Nasdaq,News pending,2025-05-15,09:00:00
2025-05-14,19:50:00,RNAZ,"""TransCode Therapeutics, Inc. Common Stock""",Nasdaq,News pending,,
2025-05-14,19:50:00,ALLK,Allakos Inc.,Nasdaq,News pending,,
2025-05-14,16:16:55,PAPL,Pineapple Financial Inc.,NYSE American,News Released,,
2025-05-14,16:16:55,GRFX,Graphex Group Limited,NYSE American,News Released,,
2025-05-14,15:46:52,BMGL,Basel Medical Group Ltd Ordinary Shares,Nasdaq,LULD pause,2025-05-14,16:00:00
2025-05-14,15:39:23,BMGL,Basel Medical Group Ltd Ordinary Shares,Nasdaq,LULD pause,2025-05-14,15:44:23
2025-05-14,15:33:29,BMGL,Basel Medical Group Ltd Ordinary Shares,Nasdaq,LULD pause,2025-05-14,15:38:29
2025-05-14,15:22:12,HTCO,High-Trend International Group Class A Ordinary Shares,Nasdaq,LULD pause,2025-05-14,15:27:12
2025-05-14,15:18:31,RYET,Ruanyun Edai Technology Inc. Ordinary shares,Nasdaq,LULD pause,2025-05-14,15:23:31
2025-05-14,15:15:20,HTCO,High-Trend International Group Class A Ordinary Shares,Nasdaq,LULD pause,2025-05-14,15:20:20
2025-05-14,15:11:55,RYET,Ruanyun Edai Technology Inc. Ordinary shares,Nasdaq,LULD pause,2025-05-14,15:16:55
2025-05-14,15:09:41,HTCO,High-Trend International Group Class A Ordinary Shares,Nasdaq,LULD pause,2025-05-14,15:14:41
2025-05-14,15:04:13,HTCO,High-Trend International Group Class A Ordinary Shares,Nasdaq,LULD pause,2025-05-14,15:09:13
2025-05-14,15:02:06,INHD,Inno Holdings Inc. Common Stock,Nasdaq,LULD pause,2025-05-14,15:07:06
2025-05-14,14:51:07,RYET,Ruanyun Edai Technology Inc. Ordinary shares,Nasdaq,LULD pause,2025-05-14,14:56:07
2025-05-14,14:44:25,RYET,Ruanyun Edai Technology Inc. Ordinary shares,Nasdaq,LULD pause,2025-05-14,14:49:25
2025-05-14,14:42:08,INHD,Inno Holdings Inc. Common Stock,Nasdaq,LULD pause,2025-05-14,14:47:08
2025-05-14,14:35:01,RYET,Ruanyun Edai Technology Inc. Ordinary shares,Nasdaq,LULD pause,2025-05-14,14:40:01
2025-05-14,14:31:52,IQST,IQSTEL INC. Common Stock,Nasdaq,LULD pause,2025-05-14,14:36:52
2025-05-14,14:28:50,RYET,Ruanyun Edai Technology Inc. Ordinary shares,Nasdaq,LULD pause,2025-05-14,14:33:50
2025-05-14,14:27:24,BMGL,Basel Medical Group Ltd Ordinary Shares,Nasdaq,LULD pause,2025-05-14,14:37:24
2025-05-14,14:24:13,BOWNU,Bowen Acquisition Corp Unit,Nasdaq,LULD pause,2025-05-14,14:34:14
2025-05-14,14:20:06,BIYA,Baiya International Group Inc. Ordinary Shares,Nasdaq,LULD pause,2025-05-14,14:30:06
2025-05-14,14:19:50,INHD,Inno Holdings Inc. Common Stock,Nasdaq,LULD pause,2025-05-14,14:24:50
2025-05-14,14:16:37,BMGL,Basel Medical Group Ltd Ordinary Shares,Nasdaq,LULD pause,2025-05-14,14:26:37
2025-05-14,14:14:19,INHD,Inno Holdings Inc. Common Stock,Nasdaq,LULD pause,2025-05-14,14:19:19
2025-05-14,14:06:55,BMGL,Basel Medical Group Ltd Ordinary Shares,Nasdaq,LULD pause,2025-05-14,14:11:55
2025-05-14,14:03:28,INHD,Inno Holdings Inc. Common Stock,Nasdaq,LULD pause,2025-05-14,14:08:28
2025-05-14,13:58:13,INHD,Inno Holdings Inc. Common Stock,Nasdaq,LULD pause,2025-05-14,14:03:13
2025-05-14,13:56:29,BMGL,Basel Medical Group Ltd Ordinary Shares,Nasdaq,LULD pause,2025-05-14,14:06:30
2025-05-14,13:48:29,BMGL,Basel Medical Group Ltd Ordinary Shares,Nasdaq,LULD pause,2025-05-14,13:53:29
2025-05-14,13:47:58,INHD,Inno Holdings Inc. Common Stock,Nasdaq,LULD pause,2025-05-14,13:57:58
2025-05-14,13:46:22,WGRX,"""Wellgistics Health, Inc. Common Stock""",Nasdaq,LULD pause,2025-05-14,13:56:22
2025-05-14,13:42:41,INHD,Inno Holdings Inc. Common Stock,Nasdaq,LULD pause,2025-05-14,13:47:41
2025-05-14,13:37:48,BMGL,Basel Medical Group Ltd Ordinary Shares,Nasdaq,LULD pause,2025-05-14,13:47:48
2025-05-14,13:37:19,INHD,Inno Holdings Inc. Common Stock,Nasdaq,LULD pause,2025-05-14,13:42:19
2025-05-14,13:34:38,RYET,Ruanyun Edai Technology Inc. Ordinary shares,Nasdaq,LULD pause,2025-05-14,13:39:38
2025-05-14,13:27:16,BMGL,Basel Medical Group Ltd Ordinary Shares,Nasdaq,LULD pause,2025-05-14,13:37:16
2025-05-14,13:22:55,RYET,Ruanyun Edai Technology Inc. Ordinary shares,Nasdaq,LULD pause,2025-05-14,13:32:55
2025-05-14,13:20:16,BMGL,Basel Medical Group Ltd Ordinary Shares,Nasdaq,LULD pause,2025-05-14,13:25:16
2025-05-14,13:03:47,BMGL,Basel Medical Group Ltd Ordinary Shares,Nasdaq,LULD pause,2025-05-14,13:08:47
2025-05-14,13:02:16,IXHL,Incannex Healthcare Limited American Depositary Shares,Nasdaq,LULD pause,2025-05-14,13:07:16
2025-05-14,12:58:17,BMGL,Basel Medical Group Ltd Ordinary Shares,Nasdaq,LULD pause,2025-05-14,13:03:17
2025-05-14,12:55:32,CDIO,Cardio Diagnostics Holdings Inc. Common stock,Nasdaq,LULD pause,2025-05-14,13:00:32
2025-05-14,12:45:08,BMGL,Basel Medical Group Ltd Ordinary Shares,Nasdaq,LULD pause,2025-05-14,12:55:08
2025-05-14,12:14:13,BMGL,Basel Medical Group Ltd Ordinary Shares,Nasdaq,LULD pause,2025-05-14,12:44:13
2025-05-14,12:07:59,GSIW,Garden Stage Limited Ordinary Shares,Nasdaq,LULD pause,2025-05-14,12:12:59
2025-05-14,12:04:37,NWTN,NWTN Inc. Class B Ordinary Shares,Nasdaq,LULD pause,2025-05-14,12:09:37
2025-05-14,11:56:30,GSIW,Garden Stage Limited Ordinary Shares,Nasdaq,LULD pause,2025-05-14,12:01:30
2025-05-14,11:51:39,GRFX,Graphex Group Limited,NYSE American,News pending,See Subsequent Halt,See Subsequent Halt
2025-05-14,11:47:22,BMGL,Basel Medical Group Ltd Ordinary Shares,Nasdaq,LULD pause,2025-05-14,11:52:22
2025-05-14,11:47:10,ANTA,Antalpha Platform Holding Company ordinary shares,Nasdaq,LULD pause,2025-05-14,11:52:10
2025-05-14,11:44:57,GSIW,Garden Stage Limited Ordinary Shares,Nasdaq,LULD pause,2025-05-14,11:54:57
2025-05-14,11:36:40,BMGL,Basel Medical Group Ltd Ordinary Shares,Nasdaq,LULD pause,2025-05-14,11:46:40
2025-05-14,11:35:09,HIT,"""Health In Tech, Inc. Class A Common Stock""",Nasdaq,LULD pause,2025-05-14,11:40:09
2025-05-14,11:32:56,ANTA,Antalpha Platform Holding Company ordinary shares,Nasdaq,LULD pause,2025-05-14,11:42:56
2025-05-14,11:31:15,BMGL,Basel Medical Group Ltd Ordinary Shares,Nasdaq,LULD pause,2025-05-14,11:36:15
2025-05-14,11:26:26,ANTA,Antalpha Platform Holding Company ordinary shares,Nasdaq,LULD pause,2025-05-14,11:31:26
2025-05-14,11:20:56,ANTA,Antalpha Platform Holding Company ordinary shares,Nasdaq,LULD pause,2025-05-14,11:25:56
2025-05-14,11:18:17,BMGL,Basel Medical Group Ltd Ordinary Shares,Nasdaq,LULD pause,2025-05-14,11:29:36
2025-05-14,11:10:22,ANTA,Antalpha Platform Holding Company ordinary shares,Nasdaq,LULD pause,2025-05-14,11:20:22
2025-05-14,11:06:51,NWTN,NWTN Inc. Class B Ordinary Shares,Nasdaq,LULD pause,2025-05-14,11:11:51
2025-05-14,11:03:56,BMGL,Basel Medical Group Ltd Ordinary Shares,Nasdaq,LULD pause,2025-05-14,11:17:25
2025-05-14,10:58:41,BMGL,Basel Medical Group Ltd Ordinary Shares,Nasdaq,LULD pause,2025-05-14,11:03:41
2025-05-14,10:53:26,BMGL,Basel Medical Group Ltd Ordinary Shares,Nasdaq,LULD pause,2025-05-14,10:58:26
2025-05-14,10:39:45,TMDE,TMD Energy Limited,NYSE American,News pending,2025-05-14,11:10:00
2025-05-14,10:06:40,IXHL,Incannex Healthcare Limited American Depositary Shares,Nasdaq,LULD pause,2025-05-14,10:11:40
2025-05-14,10:04:58,IQST,IQSTEL INC. Common Stock,Nasdaq,LULD pause,2025-05-14,10:09:58
2025-05-14,10:03:25,KWM,"""K Wave Media, Ltd. Ordinary Shares""",Nasdaq,LULD pause,2025-05-14,10:08:25
2025-05-14,09:45:36,KWM,"""K Wave Media, Ltd. Ordinary Shares""",Nasdaq,LULD pause,2025-05-14,10:00:36
2025-05-14,09:41:24,QNRX,"""Quoin Pharmaceuticals, Ltd. American Depositary Shares""",Nasdaq,LULD pause,2025-05-14,09:46:24
2025-05-14,09:40:34,RGC,Regencell Bioscience Holdings Limited Ordinary Shares,Nasdaq,LULD pause,2025-05-14,09:50:34
2025-05-14,09:39:12,MOG B,MOOG INC CL B,NYSE,LULD pause,2025-05-14,09:44:12
2025-05-14,09:37:32,WALD,Waldencast plc Class A Ordinary Share,Nasdaq,LULD pause,2025-05-14,09:48:02
2025-05-14,09:33:14,WYHG,Wing Yip Food Holdings Group Limited American Depositary Shares,Nasdaq,LULD pause,2025-05-14,09:38:14
2025-05-14,09:33:02,IQST,IQSTEL INC. Common Stock,Nasdaq,LULD pause,2025-05-14,09:38:02
2025-05-14,04:00:00,KWMWW,"""K Wave Media, Ltd. Warrant""",Nasdaq,News pending,2025-05-14,09:45:00
2025-05-14,04:00:00,KWM,"""K Wave Media, Ltd. Ordinary Shares""",Nasdaq,News pending,2025-05-14,09:45:00
2025-05-13,19:50:00,MLECW,Moolec Science SA Warrant,Nasdaq,News pending,2025-05-14,09:05:00
2025-05-13,19:50:00,MLECW,Moolec Science SA Warrant,Nasdaq,News pending,,
2025-05-13,19:50:00,XAGEW,"""Longevity Health Holdings, Inc. Warrant""",Nasdaq,News pending,,
2025-05-13,19:50:00,XAGEW,"""Longevity Health Holdings, Inc. Warrant""",Nasdaq,News pending,2025-05-14,09:05:00
2025-05-13,19:50:00,MLEC,Moolec Science SA Ordinary Shares,Nasdaq,News pending,2025-05-14,09:00:00
2025-05-13,19:50:00,MLEC,Moolec Science SA Ordinary Shares,Nasdaq,News pending,,
2025-05-13,19:50:00,XAGE,"""Longevity Health Holdings, Inc. Common Stock""",Nasdaq,News pending,2025-05-14,09:00:00
2025-05-13,19:50:00,XAGE,"""Longevity Health Holdings, Inc. Common Stock""",Nasdaq,News pending,,
2025-05-13,16:00:10,IZEA,"""IZEA Worldwide, Inc. Common Stock""",Nasdaq,News pending,2025-05-13,16:30:00
2025-05-13,15:50:39,HCWB,HCW Biologics Inc. Common Stock,Nasdaq,LULD pause,2025-05-13,16:00:00
2025-05-13,14:32:44,EPSM,Epsium Enterprise Limited Ordinary Shares,Nasdaq,LULD pause,2025-05-13,14:42:44
2025-05-13,14:22:25,EPSM,Epsium Enterprise Limited Ordinary Shares,Nasdaq,LULD pause,2025-05-13,14:32:25
2025-05-13,14:16:04,LICN,Lichen China Limited Class A Ordinary Shares,Nasdaq,LULD pause,2025-05-13,14:21:04
2025-05-13,14:06:55,WOLF,"""Wolfspeed, Inc.""",NYSE,LULD pause,2025-05-13,14:11:58
2025-05-13,13:54:50,LICN,Lichen China Limited Class A Ordinary Shares,Nasdaq,LULD pause,2025-05-13,13:59:50
2025-05-13,13:46:22,RGC,Regencell Bioscience Holdings Limited Ordinary Shares,Nasdaq,LULD pause,2025-05-13,13:56:22
2025-05-13,13:38:50,RGC,Regencell Bioscience Holdings Limited Ordinary Shares,Nasdaq,LULD pause,2025-05-13,13:43:50
2025-05-13,13:32:52,HCWB,HCW Biologics Inc. Common Stock,Nasdaq,LULD pause,2025-05-13,13:37:52
2025-05-13,12:27:39,LICN,Lichen China Limited Class A Ordinary Shares,Nasdaq,LULD pause,2025-05-13,12:32:39
2025-05-13,12:25:31,RGC,Regencell Bioscience Holdings Limited Ordinary Shares,Nasdaq,LULD pause,2025-05-13,12:30:31
2025-05-13,12:21:24,LICN,Lichen China Limited Class A Ordinary Shares,Nasdaq,LULD pause,2025-05-13,12:26:24
2025-05-13,12:13:45,RGC,Regencell Bioscience Holdings Limited Ordinary Shares,Nasdaq,LULD pause,2025-05-13,12:23:45
2025-05-13,12:02:49,ZYBT,Zhengye Biotechnology Holding Limited Ordinary Shares,Nasdaq,LULD pause,2025-05-13,12:07:49
2025-05-13,11:38:51,MAYS,Mays (J.W.) Inc,Nasdaq,LULD pause,2025-05-13,11:43:51
2025-05-13,11:33:12,TRAW,"""Traws Pharma, Inc. Common Stock""",Nasdaq,LULD pause,2025-05-13,11:43:12
2025-05-13,11:32:58,ZYBT,Zhengye Biotechnology Holding Limited Ordinary Shares,Nasdaq,LULD pause,2025-05-13,11:37:58
2025-05-13,11:26:57,ZYBT,Zhengye Biotechnology Holding Limited Ordinary Shares,Nasdaq,LULD pause,2025-05-13,11:31:57
2025-05-13,11:25:49,HCWB,HCW Biologics Inc. Common Stock,Nasdaq,LULD pause,2025-05-13,11:30:49
2025-05-13,11:18:37,TLYS,Tilly's Inc.,NYSE,LULD pause,2025-05-13,11:23:57
2025-05-13,11:04:04,LICN,Lichen China Limited Class A Ordinary Shares,Nasdaq,LULD pause,2025-05-13,11:09:04
2025-05-13,10:54:12,IMNN,"""Imunon, Inc. Common Stock""",Nasdaq,LULD pause,2025-05-13,11:04:12
2025-05-13,10:50:01,HCWB,HCW Biologics Inc. Common Stock,Nasdaq,LULD pause,2025-05-13,11:00:01
2025-05-13,10:38:08,LOBO,LOBO EV TECHNOLOGIES LTD. Ordinary shares,Nasdaq,LULD pause,2025-05-13,10:43:08
2025-05-13,10:35:02,MOG B,MOOG INC CL B,NYSE,LULD pause,2025-05-13,10:40:15
2025-05-13,10:20:58,HCWB,HCW Biologics Inc. Common Stock,Nasdaq,LULD pause,2025-05-13,10:25:58
2025-05-13,10:19:36,LOBO,LOBO EV TECHNOLOGIES LTD. Ordinary shares,Nasdaq,LULD pause,2025-05-13,10:24:36
2025-05-13,10:17:36,QDWN,DailyDelta Q100 Downside Option Strategy ETF,NYSE Arca,LULD pause,2025-05-13,10:22:36
2025-05-13,10:15:29,TZUP,Thumzup Media Corporation Common Stock,Nasdaq,LULD pause,2025-05-13,10:26:36
2025-05-13,10:13:27,LOBO,LOBO EV TECHNOLOGIES LTD. Ordinary shares,Nasdaq,LULD pause,2025-05-13,10:18:27
2025-05-13,10:10:19,HCWB,HCW Biologics Inc. Common Stock,Nasdaq,LULD pause,2025-05-13,10:15:19
2025-05-13,10:04:36,HCWB,HCW Biologics Inc. Common Stock,Nasdaq,LULD pause,2025-05-13,10:09:36
2025-05-13,09:57:17,HCWB,HCW Biologics Inc. Common Stock,Nasdaq,LULD pause,2025-05-13,10:02:17
2025-05-13,09:55:35,DDC,DDC Enterprise Limited,NYSE American,LULD pause,2025-05-13,10:05:35
2025-05-13,09:53:12,LOBO,LOBO EV TECHNOLOGIES LTD. Ordinary shares,Nasdaq,LULD pause,2025-05-13,09:58:12
2025-05-13,09:51:11,HCWB,HCW Biologics Inc. Common Stock,Nasdaq,LULD pause,2025-05-13,09:56:11
2025-05-13,09:48:32,TEMT,Tradr 2X Long TEM Daily ETF,Cboe BZX,LULD pause,2025-05-13,09:53:32
2025-05-13,09:48:15,LICN,Lichen China Limited Class A Ordinary Shares,Nasdaq,LULD pause,2025-05-13,09:53:15
2025-05-13,09:46:19,MOGO,Mogo Inc. Common Shares,Nasdaq,LULD pause,2025-05-13,09:51:19
2025-05-13,09:45:53,ICCT,iCoreConnect Inc. Common stock,Nasdaq,LULD pause,2025-05-13,09:50:53
2025-05-13,09:45:34,LGPS,LogProstyle Inc.,NYSE American,LULD pause,2025-05-13,09:55:34
2025-05-13,09:42:55,LOBO,LOBO EV TECHNOLOGIES LTD. Ordinary shares,Nasdaq,LULD pause,2025-05-13,09:52:55
2025-05-13,09:41:55,LICN,Lichen China Limited Class A Ordinary Shares,Nasdaq,LULD pause,2025-05-13,09:46:55
2025-05-13,09:38:55,APED,STKd 100% MSTR & 100% COIN ETF,Nasdaq,LULD pause,2025-05-13,09:43:55
2025-05-13,09:37:36,LOBO,LOBO EV TECHNOLOGIES LTD. Ordinary shares,Nasdaq,LULD pause,2025-05-13,09:42:36
2025-05-13,09:37:28,CNSP,"""CNS Pharmaceuticals, Inc. Common Stock""",Nasdaq,LULD pause,2025-05-13,09:42:28
2025-05-13,09:33:53,VERB,"""Verb Technology Company, Inc. Common Stock""",Nasdaq,LULD pause,2025-05-13,09:38:53
2025-05-13,09:33:39,HCWB,HCW Biologics Inc. Common Stock,Nasdaq,LULD pause,2025-05-13,09:43:39
2025-05-13,09:33:20,CONI,GraniteShares ETF Trust GraniteShares 2x Short COIN Daily ETF,Nasdaq,LULD pause,2025-05-13,09:38:20
2025-05-13,09:32:09,LOBO,LOBO EV TECHNOLOGIES LTD. Ordinary shares,Nasdaq,LULD pause,2025-05-13,09:37:09
2025-05-13,09:31:54,VTSI,"""VirTra, Inc. Common Stock""",Nasdaq,LULD pause,2025-05-13,09:36:54
2025-05-13,09:30:44,PCTTU,"""PureCycle Technologies, Inc. Unit""",Nasdaq,LULD pause,2025-05-13,09:35:44
2025-05-13,09:30:20,DDC,DDC Enterprise Limited,NYSE American,LULD pause,2025-05-13,09:55:20
2025-05-13,09:30:17,RAIN,"""Rain Enhancement Technologies Holdco, Inc. Class A Common Stock""",Nasdaq,LULD pause,2025-05-13,09:35:17
2025-05-13,09:30:15,FRNW,Fidelity Clean Energy ETF,Cboe BZX,LULD pause,2025-05-13,09:35:15
2025-05-13,09:30:15,COIW,Roundhill COIN WeeklyPay ETF,Cboe BZX,LULD pause,2025-05-13,09:35:15
2025-05-13,08:40:00,HQI,"""HireQuest, Inc. Common Stock (DE)""",Nasdaq,News pending,2025-05-13,09:15:00
2025-05-13,08:25:00,AFMD,Affimed N.V.,Nasdaq,News pending,2025-05-13,08:55:00
2025-05-13,07:50:00,ITOS,"""iTeos Therapeutics, Inc. Common Stock""",Nasdaq,News pending,2025-05-13,08:25:00
2025-05-13,07:43:46,ITP,"""IT Tech Packaging, Inc.""",NYSE American,News pending,2025-05-13,08:35:00
2025-05-12,19:50:00,CDIOW,Cardio Diagnostics Holdings Inc. Warrant,Nasdaq,News pending,,
2025-05-12,19:50:00,CDIOW,Cardio Diagnostics Holdings Inc. Warrant,Nasdaq,News pending,2025-05-13,09:05:00
2025-05-12,19:50:00,TSVT,"""2seventy bio, Inc. Common Stock""",Nasdaq,News pending,,
2025-05-12,19:50:00,CDIO,Cardio Diagnostics Holdings Inc. Common stock,Nasdaq,News pending,,
2025-05-12,19:50:00,CDIO,Cardio Diagnostics Holdings Inc. Common stock,Nasdaq,News pending,2025-05-13,09:00:00
2025-05-12,17:12:38,LSEAW,Landsea Homes Corporation Warrant,Nasdaq,News pending,2025-05-12,18:10:00
2025-05-12,17:12:38,LSEA,Landsea Homes Corporation Common Stock,Nasdaq,News pending,2025-05-12,18:05:00
2025-05-12,15:56:35,MSW,Ming Shing Group Holdings Limited Ordinary Shares,Nasdaq,LULD pause,2025-05-12,16:00:00
2025-05-12,15:47:08,INHD,Inno Holdings Inc. Common Stock,Nasdaq,LULD pause,2025-05-12,16:00:00
2025-05-12,15:38:25,UPC,Universe Pharmaceuticals Inc. Ordinary Shares,Nasdaq,LULD pause,2025-05-12,15:43:25
2025-05-12,15:32:32,DEVS,DevvStream Corp. Common Stock,Nasdaq,LULD pause,2025-05-12,15:37:32
2025-05-12,15:23:02,DEVS,DevvStream Corp. Common Stock,Nasdaq,LULD pause,2025-05-12,15:28:02
2025-05-12,15:14:18,UPC,Universe Pharmaceuticals Inc. Ordinary Shares,Nasdaq,LULD pause,2025-05-12,15:19:18
2025-05-12,15:08:17,INHD,Inno Holdings Inc. Common Stock,Nasdaq,LULD pause,2025-05-12,15:13:17
2025-05-12,15:05:11,UPC,Universe Pharmaceuticals Inc. Ordinary Shares,Nasdaq,LULD pause,2025-05-12,15:10:11
2025-05-12,14:28:02,INHD,Inno Holdings Inc. Common Stock,Nasdaq,LULD pause,2025-05-12,14:33:02
2025-05-12,14:11:53,GIBO,GIBO Holdings Limited Class A Ordinary Shares,Nasdaq,LULD pause,2025-05-12,14:16:53
2025-05-12,14:00:33,GIBO,GIBO Holdings Limited Class A Ordinary Shares,Nasdaq,LULD pause,2025-05-12,14:05:33
2025-05-12,13:52:26,NTCL,NETCLASS TECHNOLOGY INC Class A Ordinary Shares,Nasdaq,LULD pause,2025-05-12,13:57:26
2025-05-12,13:44:28,NTCL,NETCLASS TECHNOLOGY INC Class A Ordinary Shares,Nasdaq,LULD pause,2025-05-12,13:49:28
2025-05-12,13:39:37,MSW,Ming Shing Group Holdings Limited Ordinary Shares,Nasdaq,LULD pause,2025-05-12,13:44:37
2025-05-12,13:37:06,INHD,Inno Holdings Inc. Common Stock,Nasdaq,LULD pause,2025-05-12,13:42:06
2025-05-12,13:35:07,LICN,Lichen China Limited Class A Ordinary Shares,Nasdaq,LULD pause,2025-05-12,13:45:07
2025-05-12,13:28:52,MSW,Ming Shing Group Holdings Limited Ordinary Shares,Nasdaq,LULD pause,2025-05-12,13:33:52
2025-05-12,13:23:41,LICN,Lichen China Limited Class A Ordinary Shares,Nasdaq,LULD pause,2025-05-12,13:34:38
2025-05-12,13:21:16,MSW,Ming Shing Group Holdings Limited Ordinary Shares,Nasdaq,LULD pause,2025-05-12,13:26:16
2025-05-12,13:12:01,LICN,Lichen China Limited Class A Ordinary Shares,Nasdaq,LULD pause,2025-05-12,13:22:01
2025-05-12,13:04:12,INHD,Inno Holdings Inc. Common Stock,Nasdaq,LULD pause,2025-05-12,13:09:12
2025-05-12,13:03:37,MSW,Ming Shing Group Holdings Limited Ordinary Shares,Nasdaq,LULD pause,2025-05-12,13:13:37
2025-05-12,13:03:05,TOPW,Top Win International Limited Ordinary Shares,Nasdaq,LULD pause,2025-05-12,13:13:05
2025-05-12,13:01:29,LICN,Lichen China Limited Class A Ordinary Shares,Nasdaq,LULD pause,2025-05-12,13:11:30
2025-05-12,13:00:34,BAOS,Baosheng Media Group Holdings Limited Ordinary shares,Nasdaq,LULD pause,2025-05-12,13:05:34
2025-05-12,12:56:07,LICN,Lichen China Limited Class A Ordinary Shares,Nasdaq,LULD pause,2025-05-12,13:01:07
2025-05-12,12:52:57,MSW,Ming Shing Group Holdings Limited Ordinary Shares,Nasdaq,LULD pause,2025-05-12,13:02:57
2025-05-12,12:50:33,LICN,Lichen China Limited Class A Ordinary Shares,Nasdaq,LULD pause,2025-05-12,12:55:33
2025-05-12,12:50:00,BAOS,Baosheng Media Group Holdings Limited Ordinary shares,Nasdaq,LULD pause,2025-05-12,12:55:00
2025-05-12,12:47:37,MSW,Ming Shing Group Holdings Limited Ordinary Shares,Nasdaq,LULD pause,2025-05-12,12:52:37
2025-05-12,12:43:40,INHD,Inno Holdings Inc. Common Stock,Nasdaq,LULD pause,2025-05-12,12:48:40
2025-05-12,12:40:07,LICN,Lichen China Limited Class A Ordinary Shares,Nasdaq,LULD pause,2025-05-12,12:50:07
2025-05-12,12:37:00,MSW,Ming Shing Group Holdings Limited Ordinary Shares,Nasdaq,LULD pause,2025-05-12,12:42:00
2025-05-12,12:36:34,INHD,Inno Holdings Inc. Common Stock,Nasdaq,LULD pause,2025-05-12,12:41:34
2025-05-12,12:28:18,INHD,Inno Holdings Inc. Common Stock,Nasdaq,LULD pause,2025-05-12,12:33:18
2025-05-12,12:22:16,INHD,Inno Holdings Inc. Common Stock,Nasdaq,LULD pause,2025-05-12,12:27:16
2025-05-12,12:20:34,BAOS,Baosheng Media Group Holdings Limited Ordinary shares,Nasdaq,LULD pause,2025-05-12,12:25:34
2025-05-12,12:19:26,WBUY,WEBUY GLOBAL LTD. Class A Ordinary Shares,Nasdaq,LULD pause,2025-05-12,12:24:26
2025-05-12,12:13:57,BAOS,Baosheng Media Group Holdings Limited Ordinary shares,Nasdaq,LULD pause,2025-05-12,12:18:57
2025-05-12,12:12:11,INHD,Inno Holdings Inc. Common Stock,Nasdaq,LULD pause,2025-05-12,12:17:11
2025-05-12,12:08:29,WBUY,WEBUY GLOBAL LTD. Class A Ordinary Shares,Nasdaq,LULD pause,2025-05-12,12:18:29
2025-05-12,12:01:29,MSW,Ming Shing Group Holdings Limited Ordinary Shares,Nasdaq,LULD pause,2025-05-12,12:06:29
2025-05-12,11:50:29,MSW,Ming Shing Group Holdings Limited Ordinary Shares,Nasdaq,LULD pause,2025-05-12,12:00:29
2025-05-12,11:47:43,INHD,Inno Holdings Inc. Common Stock,Nasdaq,LULD pause,2025-05-12,11:57:43
2025-05-12,11:44:32,MSW,Ming Shing Group Holdings Limited Ordinary Shares,Nasdaq,LULD pause,2025-05-12,11:49:32
2025-05-12,11:40:35,TOPW,Top Win International Limited Ordinary Shares,Nasdaq,LULD pause,2025-05-12,11:50:35
2025-05-12,11:33:05,MSW,Ming Shing Group Holdings Limited Ordinary Shares,Nasdaq,LULD pause,2025-05-12,11:43:05
2025-05-12,11:30:10,TOPW,Top Win International Limited Ordinary Shares,Nasdaq,LULD pause,2025-05-12,11:35:10
2025-05-12,11:22:46,MSW,Ming Shing Group Holdings Limited Ordinary Shares,Nasdaq,LULD pause,2025-05-12,11:32:47
2025-05-12,11:22:45,LHSW,Lianhe Sowell International Group Ltd Ordinary Shares,Nasdaq,LULD pause,2025-05-12,11:27:45
2025-05-12,11:14:23,RGC,Regencell Bioscience Holdings Limited Ordinary Shares,Nasdaq,LULD pause,2025-05-12,11:24:23
2025-05-12,11:12:23,MSW,Ming Shing Group Holdings Limited Ordinary Shares,Nasdaq,LULD pause,2025-05-12,11:22:23
2025-05-12,11:12:06,LHSW,Lianhe Sowell International Group Ltd Ordinary Shares,Nasdaq,LULD pause,2025-05-12,11:22:06
2025-05-12,11:09:30,KDLY,"""Kindly MD, Inc. Common Stock""",Nasdaq,LULD pause,2025-05-12,11:14:30
2025-05-12,11:06:31,LHSW,Lianhe Sowell International Group Ltd Ordinary Shares,Nasdaq,LULD pause,2025-05-12,11:11:31
2025-05-12,11:01:42,INHD,Inno Holdings Inc. Common Stock,Nasdaq,LULD pause,2025-05-12,11:06:42
2025-05-12,10:56:12,LHSW,Lianhe Sowell International Group Ltd Ordinary Shares,Nasdaq,LULD pause,2025-05-12,11:06:12
2025-05-12,10:50:41,LHSW,Lianhe Sowell International Group Ltd Ordinary Shares,Nasdaq,LULD pause,2025-05-12,10:55:41
2025-05-12,10:45:10,MSW,Ming Shing Group Holdings Limited Ordinary Shares,Nasdaq,LULD pause,2025-05-12,11:10:11
2025-05-12,10:38:26,GRYP,"""Gryphon Digital Mining, Inc Common Stock""",Nasdaq,LULD pause,2025-05-12,10:43:26
2025-05-12,10:34:28,PAPL,Pineapple Financial Inc.,NYSE American,News pending,See Subsequent Halt,See Subsequent Halt
2025-05-12,10:34:28,PAPL,Pineapple Financial Inc.,NYSE American,News pending,,
2025-05-12,10:30:05,GRYP,"""Gryphon Digital Mining, Inc Common Stock""",Nasdaq,LULD pause,2025-05-12,10:35:05
2025-05-12,10:26:41,CHSN,Chanson International Holding Class A Ordinary Shares,Nasdaq,LULD pause,2025-05-12,10:31:41
2025-05-12,10:25:33,RGC,Regencell Bioscience Holdings Limited Ordinary Shares,Nasdaq,LULD pause,2025-05-12,10:30:33
2025-05-12,10:19:49,TAOP,Taoping Inc. BVI Ordinary Shares (0 par),Nasdaq,LULD pause,2025-05-12,10:24:49
2025-05-12,10:19:34,GRYP,"""Gryphon Digital Mining, Inc Common Stock""",Nasdaq,LULD pause,2025-05-12,10:29:34
2025-05-12,10:13:54,GRYP,"""Gryphon Digital Mining, Inc Common Stock""",Nasdaq,LULD pause,2025-05-12,10:18:54
2025-05-12,10:13:25,INHD,Inno Holdings Inc. Common Stock,Nasdaq,LULD pause,2025-05-12,10:18:25
2025-05-12,10:08:11,GRYP,"""Gryphon Digital Mining, Inc Common Stock""",Nasdaq,LULD pause,2025-05-12,10:13:11
2025-05-12,10:02:48,GRYP,"""Gryphon Digital Mining, Inc Common Stock""",Nasdaq,LULD pause,2025-05-12,10:07:48
2025-05-12,09:56:54,INHD,Inno Holdings Inc. Common Stock,Nasdaq,LULD pause,2025-05-12,10:01:54
2025-05-12,09:55:27,GRYP,"""Gryphon Digital Mining, Inc Common Stock""",Nasdaq,LULD pause,2025-05-12,10:00:27
2025-05-12,09:52:54,FTRE,Fortrea Holdings Inc. Common Stock,Nasdaq,LULD pause,2025-05-12,10:02:54
2025-05-12,09:50:05,FRGT,"""Freight Technologies, Inc. Ordinary Shares""",Nasdaq,LULD pause,2025-05-12,09:55:05
2025-05-12,09:49:49,GRYP,"""Gryphon Digital Mining, Inc Common Stock""",Nasdaq,LULD pause,2025-05-12,09:54:49
2025-05-12,09:44:57,ABTS,Abits Group Inc Ordinary Shares,Nasdaq,LULD pause,2025-05-12,09:49:57
2025-05-12,09:43:09,GDC,GD Culture Group Limited Common Stock,Nasdaq,LULD pause,2025-05-12,09:48:09
2025-05-12,09:43:07,FTRE,Fortrea Holdings Inc. Common Stock,Nasdaq,LULD pause,2025-05-12,09:48:07
2025-05-12,09:42:22,GRYP,"""Gryphon Digital Mining, Inc Common Stock""",Nasdaq,LULD pause,2025-05-12,09:47:22
2025-05-12,09:41:29,INHD,Inno Holdings Inc. Common Stock,Nasdaq,LULD pause,2025-05-12,09:46:29
2025-05-12,09:41:17,GIBO,GIBO Holdings Limited Class A Ordinary Shares,Nasdaq,LULD pause,2025-05-12,09:51:17
2025-05-12,09:38:58,KDLY,"""Kindly MD, Inc. Common Stock""",Nasdaq,LULD pause,2025-05-12,09:48:58
2025-05-12,09:36:37,VEEE,Twin Vee PowerCats Co. Common Stock,Nasdaq,LULD pause,2025-05-12,09:41:37
2025-05-12,09:36:05,GRYP,"""Gryphon Digital Mining, Inc Common Stock""",Nasdaq,LULD pause,2025-05-12,09:41:05
2025-05-12,09:34:40,OMER,Omeros Corporation,Nasdaq,LULD pause,2025-05-12,09:39:40
2025-05-12,09:33:54,GIBO,GIBO Holdings Limited Class A Ordinary Shares,Nasdaq,LULD pause,2025-05-12,09:38:54
2025-05-12,09:33:36,NXTE,AXS Green Alpha ETF,NYSE Arca,LULD pause,2025-05-12,09:38:36
2025-05-12,09:32:15,STI,"""Solidion Technology, Inc. Common Stock""",Nasdaq,LULD pause,2025-05-12,09:43:46
2025-05-12,09:32:07,YHC,LQR House Inc. Common Stock,Nasdaq,LULD pause,2025-05-12,09:42:07
2025-05-12,09:31:43,KDLY,"""Kindly MD, Inc. Common Stock""",Nasdaq,LULD pause,2025-05-12,09:36:43
2025-05-12,09:31:03,VEEE,Twin Vee PowerCats Co. Common Stock,Nasdaq,LULD pause,2025-05-12,09:36:03
2025-05-12,09:30:45,QUP,DailyDelta Q100 Upside Option Strategy ETF,NYSE Arca,LULD pause,2025-05-12,09:35:45
2025-05-12,09:30:42,GRYP,"""Gryphon Digital Mining, Inc Common Stock""",Nasdaq,LULD pause,2025-05-12,09:35:42
2025-05-12,09:30:26,LAYS,STKd 100% NVDA & 100% AMD ETF,Nasdaq,LULD pause,2025-05-12,09:35:26
2025-05-12,08:52:12,VRN,Veren Inc.,NYSE,Merger Effective,,
2025-05-12,08:46:30,ALCYW,Alchemy Investments Acquisition Corp 1 Warrants,Nasdaq,News pending,2025-05-12,09:55:00
2025-05-12,08:46:30,ALCYU,Alchemy Investments Acquisition Corp 1 Units,Nasdaq,News pending,2025-05-12,09:55:00
2025-05-12,08:46:30,ALCY,Alchemy Investments Acquisition Corp 1 Class A Ordinary Shares,Nasdaq,News pending,2025-05-12,09:50:00
2025-05-09,19:50:00,CYCCP,"""Cyclacel Pharmaceuticals, Inc. 6% Cnvrtbl. Prfrd. Stock""",Nasdaq,News pending,2025-05-12,09:05:00
2025-05-09,19:50:00,CYCCP,"""Cyclacel Pharmaceuticals, Inc. 6% Cnvrtbl. Prfrd. Stock""",Nasdaq,News pending,,
2025-05-09,19:50:00,ALZN,"""Alzamend Neuro, Inc. Common Stock""",Nasdaq,News pending,,
2025-05-09,19:50:00,ALZN,"""Alzamend Neuro, Inc. Common Stock""",Nasdaq,News pending,2025-05-12,09:00:00
2025-05-09,19:50:00,STI,"""Solidion Technology, Inc. Common Stock""",Nasdaq,News pending,2025-05-12,09:00:00
2025-05-09,19:50:00,STI,"""Solidion Technology, Inc. Common Stock""",Nasdaq,News pending,,
2025-05-09,19:50:00,CYCC,"""Cyclacel Pharmaceuticals, Inc""",Nasdaq,News pending,2025-05-12,09:00:00
2025-05-09,19:50:00,CYCC,"""Cyclacel Pharmaceuticals, Inc""",Nasdaq,News pending,,
2025-05-09,15:55:30,NXTT,Next Technology Holding Inc. Ordinary Shares,Nasdaq,LULD pause,2025-05-09,16:00:01
2025-05-09,15:40:08,GIBO,GIBO Holdings Limited Class A Ordinary Shares,Nasdaq,LULD pause,2025-05-09,16:00:00
2025-05-09,15:25:43,NXTT,Next Technology Holding Inc. Ordinary Shares,Nasdaq,LULD pause,2025-05-09,15:30:43
2025-05-09,15:20:00,NXTT,Next Technology Holding Inc. Ordinary Shares,Nasdaq,LULD pause,2025-05-09,15:25:00
2025-05-09,15:17:34,XTKG,"""X3 Holdings Co., Ltd. Ordinary Shares""",Nasdaq,LULD pause,2025-05-09,15:22:34
2025-05-09,15:10:39,XTKG,"""X3 Holdings Co., Ltd. Ordinary Shares""",Nasdaq,LULD pause,2025-05-09,15:15:39
2025-05-09,15:09:13,NXTT,Next Technology Holding Inc. Ordinary Shares,Nasdaq,LULD pause,2025-05-09,15:19:13
2025-05-09,15:05:06,XTKG,"""X3 Holdings Co., Ltd. Ordinary Shares""",Nasdaq,LULD pause,2025-05-09,15:10:06
2025-05-09,14:57:57,NXTT,Next Technology Holding Inc. Ordinary Shares,Nasdaq,LULD pause,2025-05-09,15:07:57
2025-05-09,14:52:33,XTKG,"""X3 Holdings Co., Ltd. Ordinary Shares""",Nasdaq,LULD pause,2025-05-09,15:04:16
2025-05-09,14:52:18,NXTT,Next Technology Holding Inc. Ordinary Shares,Nasdaq,LULD pause,2025-05-09,14:57:18
2025-05-09,14:46:26,NXTT,Next Technology Holding Inc. Ordinary Shares,Nasdaq,LULD pause,2025-05-09,14:51:26
2025-05-09,14:40:49,NXTT,Next Technology Holding Inc. Ordinary Shares,Nasdaq,LULD pause,2025-05-09,14:45:49
2025-05-09,14:33:37,WBUY,WEBUY GLOBAL LTD. Class A Ordinary Shares,Nasdaq,LULD pause,2025-05-09,14:38:37
2025-05-09,14:33:00,NXTT,Next Technology Holding Inc. Ordinary Shares,Nasdaq,LULD pause,2025-05-09,14:38:00
2025-05-09,14:27:38,NXTT,Next Technology Holding Inc. Ordinary Shares,Nasdaq,LULD pause,2025-05-09,14:32:38
2025-05-09,14:22:00,NXTT,Next Technology Holding Inc. Ordinary Shares,Nasdaq,LULD pause,2025-05-09,14:27:00
2025-05-09,14:09:08,NXTT,Next Technology Holding Inc. Ordinary Shares,Nasdaq,LULD pause,2025-05-09,14:14:08
2025-05-09,14:04:10,ILAG,Intelligent Living Application Group Inc. Ordinary Shares,Nasdaq,LULD pause,2025-05-09,14:09:10
2025-05-09,14:02:07,SBET,SharpLink Gaming Ltd. Ordinary Shares,Nasdaq,LULD pause,2025-05-09,14:12:07
2025-05-09,13:59:23,NXTT,Next Technology Holding Inc. Ordinary Shares,Nasdaq,LULD pause,2025-05-09,14:04:23
2025-05-09,13:53:22,NXTT,Next Technology Holding Inc. Ordinary Shares,Nasdaq,LULD pause,2025-05-09,13:58:22
2025-05-09,13:42:06,NXTT,Next Technology Holding Inc. Ordinary Shares,Nasdaq,LULD pause,2025-05-09,13:52:06
2025-05-09,13:38:42,ITP,"""IT Tech Packaging, Inc.""",NYSE American,LULD pause,2025-05-09,13:43:42
2025-05-09,13:36:47,NXTT,Next Technology Holding Inc. Ordinary Shares,Nasdaq,LULD pause,2025-05-09,13:41:47
2025-05-09,13:33:10,ITP,"""IT Tech Packaging, Inc.""",NYSE American,LULD pause,2025-05-09,13:38:10
2025-05-09,13:31:26,NXTT,Next Technology Holding Inc. Ordinary Shares,Nasdaq,LULD pause,2025-05-09,13:36:26
2025-05-09,13:19:19,LIVE,Live Ventures Inc,Nasdaq,LULD pause,2025-05-09,13:24:19
2025-05-09,13:16:41,NXTT,Next Technology Holding Inc. Ordinary Shares,Nasdaq,LULD pause,2025-05-09,13:31:08
2025-05-09,13:11:10,NXTT,Next Technology Holding Inc. Ordinary Shares,Nasdaq,LULD pause,2025-05-09,13:16:10
2025-05-09,13:00:36,NXTT,Next Technology Holding Inc. Ordinary Shares,Nasdaq,LULD pause,2025-05-09,13:05:36
2025-05-09,12:51:32,APUS,"""Apimeds Pharmaceuticals US, Inc.""",NYSE American,LULD pause,2025-05-09,13:01:32
2025-05-09,12:48:12,NVVE,Nuvve Holding Corp. Common Stock,Nasdaq,LULD pause,2025-05-09,12:53:12
2025-05-09,12:46:52,NXTT,Next Technology Holding Inc. Ordinary Shares,Nasdaq,LULD pause,2025-05-09,12:51:52
2025-05-09,12:38:16,APUS,"""Apimeds Pharmaceuticals US, Inc.""",NYSE American,LULD pause,2025-05-09,12:50:51
2025-05-09,12:36:17,AUUD,Auddia Inc. Common Stock,Nasdaq,LULD pause,2025-05-09,12:41:17
2025-05-09,12:33:53,NXTT,Next Technology Holding Inc. Ordinary Shares,Nasdaq,LULD pause,2025-05-09,12:38:53
2025-05-09,12:23:50,AUUD,Auddia Inc. Common Stock,Nasdaq,LULD pause,2025-05-09,12:33:50
2025-05-09,12:23:01,NXTT,Next Technology Holding Inc. Ordinary Shares,Nasdaq,LULD pause,2025-05-09,12:33:01
2025-05-09,12:17:38,NXTT,Next Technology Holding Inc. Ordinary Shares,Nasdaq,LULD pause,2025-05-09,12:22:38
2025-05-09,12:11:28,NXTT,Next Technology Holding Inc. Ordinary Shares,Nasdaq,LULD pause,2025-05-09,12:16:28
2025-05-09,11:52:33,TKC,TURKCELL ILETISIM HIZMETLERI A.S. ADS,NYSE,News pending,2025-05-09,14:33:00
2025-05-09,11:12:11,APUS,"""Apimeds Pharmaceuticals US, Inc.""",NYSE American,LULD pause,2025-05-09,11:17:11
2025-05-09,10:49:36,RILYG,"""B. Riley Financial, Inc. 5.00% Senior Notes due 2026""",Nasdaq,LULD pause,2025-05-09,10:54:36
2025-05-09,10:45:06,APUS,"""Apimeds Pharmaceuticals US, Inc.""",NYSE American,LULD pause,2025-05-09,10:50:06
2025-05-09,10:36:48,JCSE,JE Cleantech Holdings Limited Ordinary Shares,Nasdaq,LULD pause,2025-05-09,10:46:48
2025-05-09,10:32:52,APUS,"""Apimeds Pharmaceuticals US, Inc.""",NYSE American,LULD pause,2025-05-09,10:42:52
2025-05-09,10:27:10,NDRA,ENDRA Life Sciences Inc. Common Stock,Nasdaq,LULD pause,2025-05-09,10:32:10
2025-05-09,10:20:53,NVVE,Nuvve Holding Corp. Common Stock,Nasdaq,LULD pause,2025-05-09,10:25:53
2025-05-09,10:14:48,NDRA,ENDRA Life Sciences Inc. Common Stock,Nasdaq,LULD pause,2025-05-09,10:24:48
2025-05-09,10:09:14,NDRA,ENDRA Life Sciences Inc. Common Stock,Nasdaq,LULD pause,2025-05-09,10:14:14
2025-05-09,09:58:48,NDRA,ENDRA Life Sciences Inc. Common Stock,Nasdaq,LULD pause,2025-05-09,10:08:48
2025-05-09,09:52:51,WBUY,WEBUY GLOBAL LTD. Class A Ordinary Shares,Nasdaq,LULD pause,2025-05-09,09:57:51
2025-05-09,09:51:19,NDRA,ENDRA Life Sciences Inc. Common Stock,Nasdaq,LULD pause,2025-05-09,09:56:19
2025-05-09,09:47:01,WBUY,WEBUY GLOBAL LTD. Class A Ordinary Shares,Nasdaq,LULD pause,2025-05-09,09:52:01
2025-05-09,09:45:40,FATBP,FAT Brands Inc. 8.25% Series B Cumulative Preferred Stock,Nasdaq,LULD pause,2025-05-09,09:50:40
2025-05-09,09:38:59,ASST,Asset Entities Inc. Class B Common Stock,Nasdaq,LULD pause,2025-05-09,09:43:59
2025-05-09,09:35:08,RSLS,"""ReShape Lifesciences, Inc. Common Stock""",Nasdaq,LULD pause,2025-05-09,09:40:08
2025-05-09,09:34:19,STRT,Strattec Security Corp,Nasdaq,LULD pause,2025-05-09,09:39:19
2025-05-09,09:34:08,WBUY,WEBUY GLOBAL LTD. Class A Ordinary Shares,Nasdaq,LULD pause,2025-05-09,09:39:08
2025-05-09,09:34:02,GMED,GLOBUS MEDICAL INC,NYSE,LULD pause,2025-05-09,09:39:13
2025-05-09,09:30:49,ASST,Asset Entities Inc. Class B Common Stock,Nasdaq,LULD pause,2025-05-09,09:35:49
2025-05-09,09:30:45,FIRS,FIRE Funds Wealth Builder ETF,NYSE Arca,LULD pause,2025-05-09,09:35:45
2025-05-09,09:30:41,SRXH,"""SRX Health Solutions, Inc.""",NYSE American,LULD pause,2025-05-09,09:40:41
2025-05-09,09:30:29,CVRX,"""CVRx, Inc. Common Stock""",Nasdaq,LULD pause,2025-05-09,09:35:29
2025-05-09,09:30:24,ARKZ,ARK 21Shares Active Ethereum Futures Strategy ETF,Cboe BZX,LULD pause,2025-05-09,09:35:24
2025-05-09,09:30:15,ETQ,T-Rex 2X Inverse Ether Daily Target ETF,Cboe BZX,LULD pause,2025-05-09,09:35:15
2025-05-09,08:29:01,TASK,"""TaskUs, Inc. Class A Common Stock""",Nasdaq,News pending,2025-05-09,09:00:00
2025-05-08,19:50:00,GDHG,Golden Heaven Group Holdings Ltd. Class A Ordinary Shares,Nasdaq,News pending,,
2025-05-08,19:50:00,GDHG,Golden Heaven Group Holdings Ltd. Class A Ordinary Shares,Nasdaq,News pending,2025-05-09,09:00:00
2025-05-08,19:50:00,XHG,XChange TEC.INC American Depositary Shares,Nasdaq,News pending,2025-05-09,09:00:00
2025-05-08,19:50:00,XHG,XChange TEC.INC American Depositary Shares,Nasdaq,News pending,,
2025-05-08,19:50:00,RSLS,"""ReShape Lifesciences, Inc. Common Stock""",Nasdaq,News pending,,
2025-05-08,19:50:00,RSLS,"""ReShape Lifesciences, Inc. Common Stock""",Nasdaq,News pending,2025-05-09,09:00:00
2025-05-08,15:59:26,LIVE,Live Ventures Inc,Nasdaq,LULD pause,2025-05-08,16:00:00
2025-05-08,15:12:14,SAGT,SAGTEC GLOBAL LIMITED Ordinary shares,Nasdaq,LULD pause,2025-05-08,15:17:14
2025-05-08,14:54:14,SAGT,SAGTEC GLOBAL LIMITED Ordinary shares,Nasdaq,LULD pause,2025-05-08,15:11:56
2025-05-08,13:59:49,AC,"""Associated Capital Group, Inc.""",NYSE,News pending,2025-05-08,14:21:27
2025-05-08,13:57:28,BUJA,Bukit Jalil Global Acquisition 1 Ltd. Ordinary Shares,Nasdaq,LULD pause,2025-05-08,14:02:28
2025-05-08,13:57:00,BUJAU,Bukit Jalil Global Acquisition 1 Ltd. Unit,Nasdaq,LULD pause,2025-05-08,14:02:00
2025-05-08,13:42:46,BUJAU,Bukit Jalil Global Acquisition 1 Ltd. Unit,Nasdaq,LULD pause,2025-05-08,13:52:46
2025-05-08,13:35:47,MFH,Mercurity Fintech Holding Inc. Ordinary Shares,Nasdaq,LULD pause,2025-05-08,13:45:47
2025-05-08,13:27:00,BUJAU,Bukit Jalil Global Acquisition 1 Ltd. Unit,Nasdaq,LULD pause,2025-05-08,13:37:00
2025-05-08,13:16:38,BUJAU,Bukit Jalil Global Acquisition 1 Ltd. Unit,Nasdaq,LULD pause,2025-05-08,13:26:39
2025-05-08,13:11:55,BUJA,Bukit Jalil Global Acquisition 1 Ltd. Ordinary Shares,Nasdaq,LULD pause,2025-05-08,13:56:56
2025-05-08,11:36:14,ZAPP,Zapp Electric Vehicles Group Limited Ordinary Shares,Nasdaq,LULD pause,2025-05-08,11:41:14
2025-05-08,11:33:17,ROMA,Roma Green Finance Limited Ordinary Shares,Nasdaq,LULD pause,2025-05-08,11:38:17
2025-05-08,11:12:58,WBUY,WEBUY GLOBAL LTD. Class A Ordinary Shares,Nasdaq,LULD pause,2025-05-08,11:17:58
2025-05-08,11:10:03,VSTM,"""Verastem, Inc.""",Nasdaq,News pending,2025-05-08,13:45:00
2025-05-08,10:49:57,ADN,"""Advent Technologies Holdings, Inc. Class A Common Stock""",Nasdaq,LULD pause,2025-05-08,10:54:57
2025-05-08,10:46:38,BUJAU,Bukit Jalil Global Acquisition 1 Ltd. Unit,Nasdaq,LULD pause,2025-05-08,10:51:38
2025-05-08,10:40:24,ADN,"""Advent Technologies Holdings, Inc. Class A Common Stock""",Nasdaq,LULD pause,2025-05-08,10:45:24
2025-05-08,10:37:26,BWSN,"""Babcock & Wilcox Enterprises, Inc. 8.125% Senior Notes due 2026""",NYSE,LULD pause,2025-05-08,10:42:27
2025-05-08,10:34:34,WBUY,WEBUY GLOBAL LTD. Class A Ordinary Shares,Nasdaq,LULD pause,2025-05-08,10:39:34
2025-05-08,10:29:09,BWNB,"""Babcock & Wilcox Enterprises, Inc. 6.50% Senior Notes due 2026""",NYSE,LULD pause,2025-05-08,10:34:27
2025-05-08,10:26:49,WGRX,"""Wellgistics Health, Inc. Common Stock""",Nasdaq,LULD pause,2025-05-08,10:31:49
2025-05-08,10:21:18,ASST,Asset Entities Inc. Class B Common Stock,Nasdaq,LULD pause,2025-05-08,10:31:18
2025-05-08,10:20:55,WGRX,"""Wellgistics Health, Inc. Common Stock""",Nasdaq,LULD pause,2025-05-08,10:25:55
2025-05-08,10:11:35,WBUY,WEBUY GLOBAL LTD. Class A Ordinary Shares,Nasdaq,LULD pause,2025-05-08,10:21:35
2025-05-08,10:08:02,WHLRL,"""Wheeler Real Estate Investment Trust, Inc. 7.00% Senior Subordinated Convertible Notes Due 2031""",Nasdaq,LULD pause,2025-05-08,10:23:02
2025-05-08,10:04:50,UXIN,Uxin Limited ADS,Nasdaq,LULD pause,2025-05-08,10:09:50
2025-05-08,09:59:06,VEEE,Twin Vee PowerCats Co. Common Stock,Nasdaq,LULD pause,2025-05-08,10:04:06
2025-05-08,09:58:15,BUJA,Bukit Jalil Global Acquisition 1 Ltd. Ordinary Shares,Nasdaq,LULD pause,2025-05-08,10:03:15
2025-05-08,09:54:55,BUJAU,Bukit Jalil Global Acquisition 1 Ltd. Unit,Nasdaq,LULD pause,2025-05-08,10:08:48
2025-05-08,09:54:12,WBUY,WEBUY GLOBAL LTD. Class A Ordinary Shares,Nasdaq,LULD pause,2025-05-08,10:04:12
2025-05-08,09:53:00,WGRX,"""Wellgistics Health, Inc. Common Stock""",Nasdaq,LULD pause,2025-05-08,09:58:00
2025-05-08,09:52:03,ASST,Asset Entities Inc. Class B Common Stock,Nasdaq,LULD pause,2025-05-08,09:57:03
2025-05-08,09:50:51,JZ,Jianzhi Education Technology Group Company Limited American Depositary Shares,Nasdaq,LULD pause,2025-05-08,09:55:51
2025-05-08,09:48:43,WBUY,WEBUY GLOBAL LTD. Class A Ordinary Shares,Nasdaq,LULD pause,2025-05-08,09:53:43
2025-05-08,09:47:48,BUJAU,Bukit Jalil Global Acquisition 1 Ltd. Unit,Nasdaq,LULD pause,2025-05-08,09:52:48
2025-05-08,09:44:33,BUJA,Bukit Jalil Global Acquisition 1 Ltd. Ordinary Shares,Nasdaq,LULD pause,2025-05-08,09:54:33
2025-05-08,09:42:02,WBUY,WEBUY GLOBAL LTD. Class A Ordinary Shares,Nasdaq,LULD pause,2025-05-08,09:47:02
2025-05-08,09:41:52,WGRX,"""Wellgistics Health, Inc. Common Stock""",Nasdaq,LULD pause,2025-05-08,09:46:52
2025-05-08,09:39:37,NIVF,NewGenIvf Group Limited Class A ordinary shares,Nasdaq,LULD pause,2025-05-08,09:44:37
2025-05-08,09:36:33,ARKZ,ARK 21Shares Active Ethereum Futures Strategy ETF,Cboe BZX,LULD pause,2025-05-08,09:41:33
2025-05-08,09:36:04,WGRX,"""Wellgistics Health, Inc. Common Stock""",Nasdaq,LULD pause,2025-05-08,09:41:04
2025-05-08,09:34:56,ASST,Asset Entities Inc. Class B Common Stock,Nasdaq,LULD pause,2025-05-08,09:39:56
2025-05-08,09:33:53,WBUY,WEBUY GLOBAL LTD. Class A Ordinary Shares,Nasdaq,LULD pause,2025-05-08,09:38:53
2025-05-08,09:32:41,BUJA,Bukit Jalil Global Acquisition 1 Ltd. Ordinary Shares,Nasdaq,LULD pause,2025-05-08,09:44:13
2025-05-08,09:32:16,RGC,Regencell Bioscience Holdings Limited Ordinary Shares,Nasdaq,LULD pause,2025-05-08,09:37:16
2025-05-08,09:32:09,BUJAU,Bukit Jalil Global Acquisition 1 Ltd. Unit,Nasdaq,LULD pause,2025-05-08,09:37:09
2025-05-08,08:25:00,VOR,Vor Biopharma Inc. Common Stock,Nasdaq,News pending,2025-05-08,09:00:00
2025-05-08,07:55:00,HOFVW,Hall of Fame Resort & Entertainment Company Warrant,Nasdaq,News pending,2025-05-08,08:35:00
2025-05-08,07:55:00,HOFV,Hall of Fame Resort & Entertainment Company Common Stock,Nasdaq,News pending,2025-05-08,08:30:00
2025-05-07,17:24:55,PTN,"""Palatin Technologies, Inc.""",NYSE American,News Released,,
2025-05-07,15:45:46,SPCY,STKd 100% SMCI & 100% NVDA ETF,Nasdaq,LULD pause,2025-05-07,16:00:00
2025-05-07,15:39:47,RITR,Reitar Logtech Holdings Limited Ordinary shares,Nasdaq,LULD pause,2025-05-07,15:49:47
2025-05-07,15:34:43,GNFT,GENFIT S.A. American Depositary Shares,Nasdaq,LULD pause,2025-05-07,15:39:43
2025-05-07,15:32:13,NTCL,NETCLASS TECHNOLOGY INC Class A Ordinary Shares,Nasdaq,LULD pause,2025-05-07,15:42:14
2025-05-07,15:31:25,BUJA,Bukit Jalil Global Acquisition 1 Ltd. Ordinary Shares,Nasdaq,LULD pause,2025-05-07,15:36:25
2025-05-07,15:27:03,ASST,Asset Entities Inc. Class B Common Stock,Nasdaq,LULD pause,2025-05-07,15:37:03
2025-05-07,15:21:24,ASST,Asset Entities Inc. Class B Common Stock,Nasdaq,LULD pause,2025-05-07,15:26:24
2025-05-07,15:15:59,ASST,Asset Entities Inc. Class B Common Stock,Nasdaq,LULD pause,2025-05-07,15:20:59
2025-05-07,15:10:34,ASST,Asset Entities Inc. Class B Common Stock,Nasdaq,LULD pause,2025-05-07,15:15:34
2025-05-07,14:52:18,ASST,Asset Entities Inc. Class B Common Stock,Nasdaq,LULD pause,2025-05-07,14:57:18
2025-05-07,14:37:52,STRZ,Starz Entertainment Corp. Common Shares,Nasdaq,LULD pause,2025-05-07,14:42:52
2025-05-07,14:09:33,BSCW,Invesco BulletShares 2032 Corporate Bond ETF,Nasdaq,LULD pause,2025-05-07,14:14:33
2025-05-07,14:01:38,NTCL,NETCLASS TECHNOLOGY INC Class A Ordinary Shares,Nasdaq,LULD pause,2025-05-07,14:11:38
2025-05-07,13:46:48,NTCL,NETCLASS TECHNOLOGY INC Class A Ordinary Shares,Nasdaq,LULD pause,2025-05-07,13:51:48
2025-05-07,13:46:14,OCG,Oriental Culture Holding LTD Ordinary Shares,Nasdaq,LULD pause,2025-05-07,13:56:14
2025-05-07,12:59:56,ZYBT,Zhengye Biotechnology Holding Limited Ordinary Shares,Nasdaq,LULD pause,2025-05-07,13:04:56
2025-05-07,12:26:53,PTN,"""Palatin Technologies, Inc.""",NYSE American,News pending,See Subsequent Halt,See Subsequent Halt
2025-05-07,12:16:41,ASST,Asset Entities Inc. Class B Common Stock,Nasdaq,LULD pause,2025-05-07,12:21:41
2025-05-07,12:07:06,NTCL,NETCLASS TECHNOLOGY INC Class A Ordinary Shares,Nasdaq,LULD pause,2025-05-07,12:12:06
2025-05-07,11:49:53,ASST,Asset Entities Inc. Class B Common Stock,Nasdaq,LULD pause,2025-05-07,11:54:53
2025-05-07,11:33:47,DGNX,Diginex Limited Ordinary Shares,Nasdaq,LULD pause,2025-05-07,11:38:47
2025-05-07,11:26:20,ASST,Asset Entities Inc. Class B Common Stock,Nasdaq,LULD pause,2025-05-07,11:31:20
2025-05-07,11:19:53,ASST,Asset Entities Inc. Class B Common Stock,Nasdaq,LULD pause,2025-05-07,11:24:53
2025-05-07,11:19:07,STRZ,Starz Entertainment Corp. Common Shares,Nasdaq,LULD pause,2025-05-07,11:24:07
2025-05-07,11:15:16,NTCL,NETCLASS TECHNOLOGY INC Class A Ordinary Shares,Nasdaq,LULD pause,2025-05-07,11:25:16
2025-05-07,11:13:13,ASST,Asset Entities Inc. Class B Common Stock,Nasdaq,LULD pause,2025-05-07,11:18:13
2025-05-07,11:09:26,NTCL,NETCLASS TECHNOLOGY INC Class A Ordinary Shares,Nasdaq,LULD pause,2025-05-07,11:14:26
2025-05-07,11:04:11,NTCL,NETCLASS TECHNOLOGY INC Class A Ordinary Shares,Nasdaq,LULD pause,2025-05-07,11:09:11
2025-05-07,10:58:10,NTCL,NETCLASS TECHNOLOGY INC Class A Ordinary Shares,Nasdaq,LULD pause,2025-05-07,11:03:10
2025-05-07,10:50:47,ASST,Asset Entities Inc. Class B Common Stock,Nasdaq,LULD pause,2025-05-07,10:55:47
2025-05-07,10:47:58,RYET,Ruanyun Edai Technology Inc. Ordinary shares,Nasdaq,LULD pause,2025-05-07,10:52:58
2025-05-07,10:43:40,ASST,Asset Entities Inc. Class B Common Stock,Nasdaq,LULD pause,2025-05-07,10:48:40
2025-05-07,10:41:18,NTCL,NETCLASS TECHNOLOGY INC Class A Ordinary Shares,Nasdaq,LULD pause,2025-05-07,10:46:18
2025-05-07,10:36:25,ASST,Asset Entities Inc. Class B Common Stock,Nasdaq,LULD pause,2025-05-07,10:41:25
2025-05-07,10:30:46,STRZ,Starz Entertainment Corp. Common Shares,Nasdaq,LULD pause,2025-05-07,10:40:46
2025-05-07,10:30:31,ASST,Asset Entities Inc. Class B Common Stock,Nasdaq,LULD pause,2025-05-07,10:35:31
2025-05-07,10:28:11,NTCL,NETCLASS TECHNOLOGY INC Class A Ordinary Shares,Nasdaq,LULD pause,2025-05-07,10:33:11
2025-05-07,10:27:02,BUJAU,Bukit Jalil Global Acquisition 1 Ltd. Unit,Nasdaq,LULD pause,2025-05-07,10:37:02
2025-05-07,10:24:57,ASST,Asset Entities Inc. Class B Common Stock,Nasdaq,LULD pause,2025-05-07,10:29:57
2025-05-07,10:19:41,QVCGB,"""QVC Group, Inc. Series B Common Stock""",Nasdaq,LULD pause,2025-05-07,10:24:41
2025-05-07,10:17:55,ASST,Asset Entities Inc. Class B Common Stock,Nasdaq,LULD pause,2025-05-07,10:22:55
2025-05-07,10:17:31,STRZ,Starz Entertainment Corp. Common Shares,Nasdaq,LULD pause,2025-05-07,10:29:51
2025-05-07,10:12:13,STRZ,Starz Entertainment Corp. Common Shares,Nasdaq,LULD pause,2025-05-07,10:17:13
2025-05-07,10:10:11,ASST,Asset Entities Inc. Class B Common Stock,Nasdaq,LULD pause,2025-05-07,10:15:11
2025-05-07,10:07:18,NTCL,NETCLASS TECHNOLOGY INC Class A Ordinary Shares,Nasdaq,LULD pause,2025-05-07,10:12:18
2025-05-07,10:06:55,CIGL,Concorde International Group Ltd Class A Ordinary Shares,Nasdaq,LULD pause,2025-05-07,10:16:55
2025-05-07,10:05:44,QVCGB,"""QVC Group, Inc. Series B Common Stock""",Nasdaq,LULD pause,2025-05-07,10:10:44
2025-05-07,10:03:16,ASST,Asset Entities Inc. Class B Common Stock,Nasdaq,LULD pause,2025-05-07,10:08:16
2025-05-07,09:58:01,ASST,Asset Entities Inc. Class B Common Stock,Nasdaq,LULD pause,2025-05-07,10:03:01
2025-05-07,09:57:32,QVCGB,"""QVC Group, Inc. Series B Common Stock""",Nasdaq,LULD pause,2025-05-07,10:02:32
2025-05-07,09:54:05,RGC,Regencell Bioscience Holdings Limited Ordinary Shares,Nasdaq,LULD pause,2025-05-07,09:59:05
2025-05-07,09:52:40,ASST,Asset Entities Inc. Class B Common Stock,Nasdaq,LULD pause,2025-05-07,09:57:40
2025-05-07,09:52:26,NSYS,Nortech Systems Inc,Nasdaq,LULD pause,2025-05-07,09:57:26
2025-05-07,09:51:59,NTCL,NETCLASS TECHNOLOGY INC Class A Ordinary Shares,Nasdaq,LULD pause,2025-05-07,10:01:59
2025-05-07,09:51:28,QVCGB,"""QVC Group, Inc. Series B Common Stock""",Nasdaq,LULD pause,2025-05-07,09:56:28
2025-05-07,09:46:37,ASST,Asset Entities Inc. Class B Common Stock,Nasdaq,LULD pause,2025-05-07,09:51:37
2025-05-07,09:46:13,STRZ,Starz Entertainment Corp. Common Shares,Nasdaq,LULD pause,2025-05-07,10:11:53
2025-05-07,09:45:18,NTCL,NETCLASS TECHNOLOGY INC Class A Ordinary Shares,Nasdaq,LULD pause,2025-05-07,09:50:18
2025-05-07,09:43:42,QVCGB,"""QVC Group, Inc. Series B Common Stock""",Nasdaq,LULD pause,2025-05-07,09:48:42
2025-05-07,09:42:53,TOPP,Toppoint Holdings Inc.,NYSE American,LULD pause,2025-05-07,09:47:53
2025-05-07,09:39:44,NTCL,NETCLASS TECHNOLOGY INC Class A Ordinary Shares,Nasdaq,LULD pause,2025-05-07,09:44:44
2025-05-07,09:38:45,ASST,Asset Entities Inc. Class B Common Stock,Nasdaq,LULD pause,2025-05-07,09:43:45
2025-05-07,09:37:28,TOPP,Toppoint Holdings Inc.,NYSE American,LULD pause,2025-05-07,09:42:28
2025-05-07,09:36:04,INVX,"""Innovex International, Inc.""",NYSE,LULD pause,2025-05-07,09:41:28
2025-05-07,09:34:43,RGC,Regencell Bioscience Holdings Limited Ordinary Shares,Nasdaq,LULD pause,2025-05-07,09:39:43
2025-05-07,09:34:27,NTCL,NETCLASS TECHNOLOGY INC Class A Ordinary Shares,Nasdaq,LULD pause,2025-05-07,09:39:27
2025-05-07,09:33:25,ASST,Asset Entities Inc. Class B Common Stock,Nasdaq,LULD pause,2025-05-07,09:38:25
2025-05-07,09:32:43,QVCGB,"""QVC Group, Inc. Series B Common Stock""",Nasdaq,LULD pause,2025-05-07,09:42:43
2025-05-07,09:31:41,NCMI,"""National CineMedia, Inc.""",Nasdaq,LULD pause,2025-05-07,09:36:41
2025-05-07,08:35:38,OSTX,OS Therapies Incorporated,NYSE American,News pending,2025-05-07,09:15:00
2025-05-07,07:55:00,ASST,Asset Entities Inc. Class B Common Stock,Nasdaq,News pending,2025-05-07,08:30:00
2025-05-07,04:00:00,STRZ,Starz Entertainment Corp. Common Shares,Nasdaq,News pending,2025-05-07,09:45:00
2025-05-06,19:50:23,YCBD,"""cbdMD, Inc. Common Stock""",NYSE American,Corporate Action,,
2025-05-06,19:50:23,YCBD,"""cbdMD, Inc. Common Stock""",NYSE American,Corporate Action,2025-05-07,09:00:00
2025-05-06,19:50:00,DGLY,"""Digital Ally, Inc. Common Stock""",Nasdaq,News pending,,
2025-05-06,19:50:00,DGLY,"""Digital Ally, Inc. Common Stock""",Nasdaq,News pending,2025-05-07,09:00:00
2025-05-06,16:10:00,VSTEW,Vast Renewables Limited Warrants,Nasdaq,News pending,2025-05-06,16:50:00
2025-05-06,16:10:00,VSTE,Vast Renewables Limited Ordinary Shares,Nasdaq,News pending,2025-05-06,16:45:00
2025-05-06,15:54:47,LIMN,"""Liminatus Pharma, Inc. Class A Common Stock""",Nasdaq,LULD pause,2025-05-06,16:00:00
2025-05-06,15:54:09,SLGL,Sol-Gel Technologies Ltd. Ordinary Shares,Nasdaq,LULD pause,2025-05-06,16:00:00
2025-05-06,15:49:52,MTEN,Mingteng International Corporation Inc. Ordinary Shares,Nasdaq,LULD pause,2025-05-06,16:00:01
2025-05-06,15:48:44,RGC,Regencell Bioscience Holdings Limited Ordinary Shares,Nasdaq,LULD pause,2025-05-06,16:00:00
2025-05-06,15:42:08,MTEN,Mingteng International Corporation Inc. Ordinary Shares,Nasdaq,LULD pause,2025-05-06,15:47:08
2025-05-06,15:36:48,NTCL,NETCLASS TECHNOLOGY INC Class A Ordinary Shares,Nasdaq,LULD pause,2025-05-06,16:00:00
2025-05-06,15:29:06,NTCL,NETCLASS TECHNOLOGY INC Class A Ordinary Shares,Nasdaq,LULD pause,2025-05-06,15:34:06
2025-05-06,15:23:44,NTCL,NETCLASS TECHNOLOGY INC Class A Ordinary Shares,Nasdaq,LULD pause,2025-05-06,15:28:44
2025-05-06,15:22:19,RGC,Regencell Bioscience Holdings Limited Ordinary Shares,Nasdaq,LULD pause,2025-05-06,15:45:31
2025-05-06,15:09:39,NTCL,NETCLASS TECHNOLOGY INC Class A Ordinary Shares,Nasdaq,LULD pause,2025-05-06,15:23:19
2025-05-06,14:57:30,NTCL,NETCLASS TECHNOLOGY INC Class A Ordinary Shares,Nasdaq,LULD pause,2025-05-06,15:09:24
2025-05-06,14:47:13,NTCL,NETCLASS TECHNOLOGY INC Class A Ordinary Shares,Nasdaq,LULD pause,2025-05-06,14:57:13
2025-05-06,14:36:21,NTCL,NETCLASS TECHNOLOGY INC Class A Ordinary Shares,Nasdaq,LULD pause,2025-05-06,14:46:52
2025-05-06,13:03:11,FOXO,FOXO Technologies Inc.,NYSE American,LULD pause,2025-05-06,13:08:11
2025-05-06,12:41:48,KWE,KWESST Micro Systems Inc. Common Stock,Nasdaq,LULD pause,2025-05-06,12:46:48
2025-05-06,12:35:59,KWE,KWESST Micro Systems Inc. Common Stock,Nasdaq,LULD pause,2025-05-06,12:40:59
2025-05-06,12:35:14,LIMN,"""Liminatus Pharma, Inc. Class A Common Stock""",Nasdaq,LULD pause,2025-05-06,12:40:14
2025-05-06,12:29:59,LIMN,"""Liminatus Pharma, Inc. Class A Common Stock""",Nasdaq,LULD pause,2025-05-06,12:34:59
2025-05-06,12:15:54,LIMN,"""Liminatus Pharma, Inc. Class A Common Stock""",Nasdaq,LULD pause,2025-05-06,12:20:54
2025-05-06,12:10:08,FOXO,FOXO Technologies Inc.,NYSE American,LULD pause,2025-05-06,12:15:08
2025-05-06,11:49:28,FOXO,FOXO Technologies Inc.,NYSE American,LULD pause,2025-05-06,11:54:28
2025-05-06,11:33:00,NIVF,NewGenIvf Group Limited Class A ordinary shares,Nasdaq,LULD pause,2025-05-06,11:38:00
2025-05-06,11:31:45,FOXO,FOXO Technologies Inc.,NYSE American,LULD pause,2025-05-06,11:36:45
2025-05-06,11:26:19,FOXO,FOXO Technologies Inc.,NYSE American,LULD pause,2025-05-06,11:31:19
2025-05-06,11:20:58,KTTA,Pasithea Therapeutics Corp. Common Stock,Nasdaq,LULD pause,2025-05-06,11:25:58
2025-05-06,11:20:00,FOXO,FOXO Technologies Inc.,NYSE American,LULD pause,2025-05-06,11:25:00
2025-05-06,11:13:52,GVH,Globavend Holdings Limited Ordinary Shares,Nasdaq,LULD pause,2025-05-06,11:18:52
2025-05-06,11:10:20,KTTA,Pasithea Therapeutics Corp. Common Stock,Nasdaq,LULD pause,2025-05-06,11:20:20
2025-05-06,11:07:57,KWE,KWESST Micro Systems Inc. Common Stock,Nasdaq,LULD pause,2025-05-06,11:12:57
2025-05-06,11:07:20,RYET,Ruanyun Edai Technology Inc. Ordinary shares,Nasdaq,LULD pause,2025-05-06,11:12:20
2025-05-06,11:05:49,FOXO,FOXO Technologies Inc.,NYSE American,LULD pause,2025-05-06,11:10:49
2025-05-06,10:47:56,RYET,Ruanyun Edai Technology Inc. Ordinary shares,Nasdaq,LULD pause,2025-05-06,10:52:56
2025-05-06,10:43:49,RAY,Raytech Holding Limited Ordinary Shares,Nasdaq,LULD pause,2025-05-06,10:53:49
2025-05-06,10:39:54,FOXO,FOXO Technologies Inc.,NYSE American,LULD pause,2025-05-06,10:44:54
2025-05-06,10:38:48,RYET,Ruanyun Edai Technology Inc. Ordinary shares,Nasdaq,LULD pause,2025-05-06,10:43:48
2025-05-06,10:33:29,RYET,Ruanyun Edai Technology Inc. Ordinary shares,Nasdaq,LULD pause,2025-05-06,10:38:29
2025-05-06,10:25:58,FOXO,FOXO Technologies Inc.,NYSE American,LULD pause,2025-05-06,10:30:58
2025-05-06,10:21:05,RYET,Ruanyun Edai Technology Inc. Ordinary shares,Nasdaq,LULD pause,2025-05-06,10:31:05
2025-05-06,10:03:44,FOXO,FOXO Technologies Inc.,NYSE American,LULD pause,2025-05-06,10:08:44
2025-05-06,10:02:42,SBET,SharpLink Gaming Ltd. Ordinary Shares,Nasdaq,LULD pause,2025-05-06,10:07:42
2025-05-06,09:53:07,SBET,SharpLink Gaming Ltd. Ordinary Shares,Nasdaq,LULD pause,2025-05-06,09:58:07
2025-05-06,09:45:58,NTCL,NETCLASS TECHNOLOGY INC Class A Ordinary Shares,Nasdaq,LULD pause,2025-05-06,09:50:58
2025-05-06,09:41:58,FOXO,FOXO Technologies Inc.,NYSE American,LULD pause,2025-05-06,09:46:58
2025-05-06,09:40:09,MRIN,MARIN SOFTWARE INCORPORATED,Nasdaq,LULD pause,2025-05-06,09:45:09
2025-05-06,09:38:43,SBET,SharpLink Gaming Ltd. Ordinary Shares,Nasdaq,LULD pause,2025-05-06,09:48:43
2025-05-06,09:37:34,NTCL,NETCLASS TECHNOLOGY INC Class A Ordinary Shares,Nasdaq,LULD pause,2025-05-06,09:42:34
2025-05-06,09:36:49,KWE,KWESST Micro Systems Inc. Common Stock,Nasdaq,LULD pause,2025-05-06,09:41:49
2025-05-06,09:36:39,FOXO,FOXO Technologies Inc.,NYSE American,LULD pause,2025-05-06,09:41:39
2025-05-06,09:34:34,MRIN,MARIN SOFTWARE INCORPORATED,Nasdaq,LULD pause,2025-05-06,09:39:34
2025-05-06,09:34:30,LIMN,"""Liminatus Pharma, Inc. Class A Common Stock""",Nasdaq,LULD pause,2025-05-06,09:44:30
2025-05-06,09:32:30,WOLF,"""Wolfspeed, Inc.""",NYSE,LULD pause,2025-05-06,09:37:59
2025-05-06,09:31:11,FOXO,FOXO Technologies Inc.,NYSE American,LULD pause,2025-05-06,09:36:11
2025-05-06,09:30:40,BUJA,Bukit Jalil Global Acquisition 1 Ltd. Ordinary Shares,Nasdaq,LULD pause,2025-05-06,09:35:40
2025-05-06,07:25:00,FARO,Faro Technologies Inc,Nasdaq,News pending,2025-05-06,08:00:00
2025-05-05,19:50:00,SBET,SharpLink Gaming Ltd. Ordinary Shares,Nasdaq,News pending,2025-05-06,09:00:00
2025-05-05,19:50:00,SBET,SharpLink Gaming Ltd. Ordinary Shares,Nasdaq,News pending,,
2025-05-05,15:51:58,SXTC,"""China SXT Pharmaceuticals, Inc. Ordinary Shares""",Nasdaq,LULD pause,2025-05-05,16:00:00
2025-05-05,15:45:38,NTCL,NETCLASS TECHNOLOGY INC Class A Ordinary Shares,Nasdaq,LULD pause,2025-05-05,16:00:00
2025-05-05,15:43:33,SXTC,"""China SXT Pharmaceuticals, Inc. Ordinary Shares""",Nasdaq,LULD pause,2025-05-05,15:48:33
2025-05-05,15:40:00,ENGS,Energys Group Limited Ordinary Shares,Nasdaq,LULD pause,2025-05-05,16:00:00
2025-05-05,15:30:52,EPWK,EPWK Holdings Ltd. Class A Ordinary Shares,Nasdaq,LULD pause,2025-05-05,15:35:52
2025-05-05,15:29:58,NTCL,NETCLASS TECHNOLOGY INC Class A Ordinary Shares,Nasdaq,LULD pause,2025-05-05,15:34:58
2025-05-05,15:23:06,NTCL,NETCLASS TECHNOLOGY INC Class A Ordinary Shares,Nasdaq,LULD pause,2025-05-05,15:28:06
2025-05-05,15:18:12,ENGS,Energys Group Limited Ordinary Shares,Nasdaq,LULD pause,2025-05-05,15:33:09
2025-05-05,15:11:53,ENGS,Energys Group Limited Ordinary Shares,Nasdaq,LULD pause,2025-05-05,15:16:53
2025-05-05,15:11:04,NTCL,NETCLASS TECHNOLOGY INC Class A Ordinary Shares,Nasdaq,LULD pause,2025-05-05,15:22:44
2025-05-05,15:03:51,NTCL,NETCLASS TECHNOLOGY INC Class A Ordinary Shares,Nasdaq,LULD pause,2025-05-05,15:08:51
2025-05-05,14:57:32,ENGS,Energys Group Limited Ordinary Shares,Nasdaq,LULD pause,2025-05-05,15:02:32
2025-05-05,14:52:37,NTCL,NETCLASS TECHNOLOGY INC Class A Ordinary Shares,Nasdaq,LULD pause,2025-05-05,15:02:37
2025-05-05,14:51:31,ENGS,Energys Group Limited Ordinary Shares,Nasdaq,LULD pause,2025-05-05,14:56:31
2025-05-05,14:48:04,BWNB,"""Babcock & Wilcox Enterprises, Inc. 6.50% Senior Notes due 2026""",NYSE,LULD pause,2025-05-05,14:53:04
2025-05-05,14:45:59,ENGS,Energys Group Limited Ordinary Shares,Nasdaq,LULD pause,2025-05-05,14:50:59
2025-05-05,14:40:17,ENGS,Energys Group Limited Ordinary Shares,Nasdaq,LULD pause,2025-05-05,14:45:17
2025-05-05,14:35:55,NTCL,NETCLASS TECHNOLOGY INC Class A Ordinary Shares,Nasdaq,LULD pause,2025-05-05,14:45:55
2025-05-05,14:33:12,EPWK,EPWK Holdings Ltd. Class A Ordinary Shares,Nasdaq,LULD pause,2025-05-05,14:38:12
2025-05-05,14:30:26,NTCL,NETCLASS TECHNOLOGY INC Class A Ordinary Shares,Nasdaq,LULD pause,2025-05-05,14:35:26
2025-05-05,14:26:11,SLGL,Sol-Gel Technologies Ltd. Ordinary Shares,Nasdaq,LULD pause,2025-05-05,14:31:11
2025-05-05,14:24:19,NTCL,NETCLASS TECHNOLOGY INC Class A Ordinary Shares,Nasdaq,LULD pause,2025-05-05,14:29:19
2025-05-05,14:18:53,SLGL,Sol-Gel Technologies Ltd. Ordinary Shares,Nasdaq,LULD pause,2025-05-05,14:23:53
2025-05-05,14:13:59,NTCL,NETCLASS TECHNOLOGY INC Class A Ordinary Shares,Nasdaq,LULD pause,2025-05-05,14:23:59
2025-05-05,14:10:15,EPWK,EPWK Holdings Ltd. Class A Ordinary Shares,Nasdaq,LULD pause,2025-05-05,14:15:15
2025-05-05,14:09:21,ENGS,Energys Group Limited Ordinary Shares,Nasdaq,LULD pause,2025-05-05,14:14:21
2025-05-05,14:08:20,NTCL,NETCLASS TECHNOLOGY INC Class A Ordinary Shares,Nasdaq,LULD pause,2025-05-05,14:13:20
2025-05-05,14:07:52,AKA,a.k.a. Brands Holding Corp.,NYSE,LULD pause,2025-05-05,14:12:52
2025-05-05,14:03:15,ENGS,Energys Group Limited Ordinary Shares,Nasdaq,LULD pause,2025-05-05,14:08:15
2025-05-05,14:02:57,NTCL,NETCLASS TECHNOLOGY INC Class A Ordinary Shares,Nasdaq,LULD pause,2025-05-05,14:07:57
2025-05-05,13:53:42,NCNA,NuCana plc American Depositary Share,Nasdaq,LULD pause,2025-05-05,13:58:42
2025-05-05,13:52:35,NTCL,NETCLASS TECHNOLOGY INC Class A Ordinary Shares,Nasdaq,LULD pause,2025-05-05,14:02:35
2025-05-05,13:52:31,ENGS,Energys Group Limited Ordinary Shares,Nasdaq,LULD pause,2025-05-05,14:02:31
2025-05-05,13:46:53,NTCL,NETCLASS TECHNOLOGY INC Class A Ordinary Shares,Nasdaq,LULD pause,2025-05-05,13:51:53
2025-05-05,13:46:52,ENGS,Energys Group Limited Ordinary Shares,Nasdaq,LULD pause,2025-05-05,13:51:52
2025-05-05,13:40:42,ENGS,Energys Group Limited Ordinary Shares,Nasdaq,LULD pause,2025-05-05,13:45:42
2025-05-05,13:36:13,NTCL,NETCLASS TECHNOLOGY INC Class A Ordinary Shares,Nasdaq,LULD pause,2025-05-05,13:46:13
2025-05-05,13:35:08,ENGS,Energys Group Limited Ordinary Shares,Nasdaq,LULD pause,2025-05-05,13:40:08
2025-05-05,13:30:51,NTCL,NETCLASS TECHNOLOGY INC Class A Ordinary Shares,Nasdaq,LULD pause,2025-05-05,13:35:51
2025-05-05,13:29:36,ENGS,Energys Group Limited Ordinary Shares,Nasdaq,LULD pause,2025-05-05,13:34:36
2025-05-05,13:25:36,NTCL,NETCLASS TECHNOLOGY INC Class A Ordinary Shares,Nasdaq,LULD pause,2025-05-05,13:30:36
2025-05-05,13:20:18,NTCL,NETCLASS TECHNOLOGY INC Class A Ordinary Shares,Nasdaq,LULD pause,2025-05-05,13:25:18
2025-05-05,13:18:48,EPWK,EPWK Holdings Ltd. Class A Ordinary Shares,Nasdaq,LULD pause,2025-05-05,13:23:48
2025-05-05,13:13:39,NTCL,NETCLASS TECHNOLOGY INC Class A Ordinary Shares,Nasdaq,LULD pause,2025-05-05,13:18:39
2025-05-05,12:14:08,ENGS,Energys Group Limited Ordinary Shares,Nasdaq,LULD pause,2025-05-05,13:29:09
2025-05-05,12:13:55,UPC,Universe Pharmaceuticals Inc. Ordinary Shares,Nasdaq,LULD pause,2025-05-05,12:18:55
2025-05-05,12:08:53,ENGS,Energys Group Limited Ordinary Shares,Nasdaq,LULD pause,2025-05-05,12:13:53
2025-05-05,12:04:38,EPWK,EPWK Holdings Ltd. Class A Ordinary Shares,Nasdaq,LULD pause,2025-05-05,12:09:38
2025-05-05,11:57:44,EPWK,EPWK Holdings Ltd. Class A Ordinary Shares,Nasdaq,LULD pause,2025-05-05,12:02:44
2025-05-05,11:54:55,MAAS,Highest Performances Holdings Inc. American Depository Shares,Nasdaq,LULD pause,2025-05-05,11:59:55
2025-05-05,11:52:00,EPWK,EPWK Holdings Ltd. Class A Ordinary Shares,Nasdaq,LULD pause,2025-05-05,11:57:00
2025-05-05,11:32:02,LIMN,"""Liminatus Pharma, Inc. Class A Common Stock""",Nasdaq,LULD pause,2025-05-05,11:37:02
2025-05-05,11:31:37,BUJAU,Bukit Jalil Global Acquisition 1 Ltd. Unit,Nasdaq,LULD pause,2025-05-05,11:36:37
2025-05-05,11:25:31,LIMN,"""Liminatus Pharma, Inc. Class A Common Stock""",Nasdaq,LULD pause,2025-05-05,11:30:31
2025-05-05,11:24:46,BUJA,Bukit Jalil Global Acquisition 1 Ltd. Ordinary Shares,Nasdaq,LULD pause,2025-05-05,11:29:46
2025-05-05,11:19:37,BUJAU,Bukit Jalil Global Acquisition 1 Ltd. Unit,Nasdaq,LULD pause,2025-05-05,11:24:37
2025-05-05,11:15:23,BUJA,Bukit Jalil Global Acquisition 1 Ltd. Ordinary Shares,Nasdaq,LULD pause,2025-05-05,11:20:23
2025-05-05,11:03:26,CMDB WI,Costamare Bulkers Holdings Limited,NYSE,LULD pause,2025-05-05,11:08:26
2025-05-05,10:58:11,CMDB WI,Costamare Bulkers Holdings Limited,NYSE,LULD pause,2025-05-05,11:03:11
2025-05-05,10:52:56,CMDB WI,Costamare Bulkers Holdings Limited,NYSE,LULD pause,2025-05-05,10:57:56
2025-05-05,10:47:41,CMDB WI,Costamare Bulkers Holdings Limited,NYSE,LULD pause,2025-05-05,10:52:41
2025-05-05,10:42:26,CMDB WI,Costamare Bulkers Holdings Limited,NYSE,LULD pause,2025-05-05,10:47:26
2025-05-05,10:37:11,CMDB WI,Costamare Bulkers Holdings Limited,NYSE,LULD pause,2025-05-05,10:42:11
2025-05-05,10:31:56,CMDB WI,Costamare Bulkers Holdings Limited,NYSE,LULD pause,2025-05-05,10:36:56
2025-05-05,10:27:14,BUJAU,Bukit Jalil Global Acquisition 1 Ltd. Unit,Nasdaq,LULD pause,2025-05-05,10:32:14
2025-05-05,10:26:41,CMDB WI,Costamare Bulkers Holdings Limited,NYSE,LULD pause,2025-05-05,10:31:41
2025-05-05,10:24:36,BUJA,Bukit Jalil Global Acquisition 1 Ltd. Ordinary Shares,Nasdaq,LULD pause,2025-05-05,10:29:36
2025-05-05,10:15:46,BUJAU,Bukit Jalil Global Acquisition 1 Ltd. Unit,Nasdaq,LULD pause,2025-05-05,10:26:07
2025-05-05,10:13:52,BUJA,Bukit Jalil Global Acquisition 1 Ltd. Ordinary Shares,Nasdaq,LULD pause,2025-05-05,10:23:52
2025-05-05,10:11:39,GVH,Globavend Holdings Limited Ordinary Shares,Nasdaq,LULD pause,2025-05-05,10:16:39
2025-05-05,10:06:32,CHEB U,"""Chenghe Acquisition II Co. Units, each consisting of one Class A ordinary share and one-half of one redeemable warrant""",NYSE American,LULD pause,2025-05-05,10:11:32
2025-05-05,10:01:42,LIMN,"""Liminatus Pharma, Inc. Class A Common Stock""",Nasdaq,LULD pause,2025-05-05,10:06:42
2025-05-05,09:53:10,ZCAR,"""Zoomcar Holdings, Inc. Common Stock""",Nasdaq,LULD pause,2025-05-05,09:58:10
2025-05-05,09:42:33,BUJA,Bukit Jalil Global Acquisition 1 Ltd. Ordinary Shares,Nasdaq,LULD pause,2025-05-05,09:47:33
2025-05-05,09:41:13,BUJAU,Bukit Jalil Global Acquisition 1 Ltd. Unit,Nasdaq,LULD pause,2025-05-05,09:46:13
2025-05-05,09:37:29,RGC,Regencell Bioscience Holdings Limited Ordinary Shares,Nasdaq,LULD pause,2025-05-05,09:42:29
2025-05-05,09:30:42,PTIX,Performance Technologies Inc,Nasdaq,LULD pause,2025-05-05,09:35:42
2025-05-05,09:30:16,MAAS,Highest Performances Holdings Inc. American Depository Shares,Nasdaq,LULD pause,2025-05-05,09:45:17
2025-05-05,09:30:15,FRNW,Fidelity Clean Energy ETF,Cboe BZX,LULD pause,2025-05-05,09:35:15
2025-05-02,19:50:00,PBMWW,Psyence Biomedical Ltd. Warrant,Nasdaq,News pending,2025-05-05,09:05:00
2025-05-02,19:50:00,PBMWW,Psyence Biomedical Ltd. Warrant,Nasdaq,News pending,,
2025-05-02,19:50:00,NIVFW,NewGenIvf Group Limited Warrants,Nasdaq,News pending,2025-05-05,09:05:00
2025-05-02,19:50:00,NIVFW,NewGenIvf Group Limited Warrants,Nasdaq,News pending,,
2025-05-02,19:50:00,PTIXW,"""Protagenic Therapeutics, Inc. Warrant""",Nasdaq,News pending,2025-05-05,09:05:00
2025-05-02,19:50:00,PTIXW,"""Protagenic Therapeutics, Inc. Warrant""",Nasdaq,News pending,,
2025-05-02,19:50:00,PBM,Psyence Biomedical Ltd. Common Shares,Nasdaq,News pending,2025-05-05,09:00:00
2025-05-02,19:50:00,PBM,Psyence Biomedical Ltd. Common Shares,Nasdaq,News pending,,
2025-05-02,19:50:00,NIVF,NewGenIvf Group Limited Class A ordinary shares,Nasdaq,News pending,2025-05-05,09:00:00
2025-05-02,19:50:00,NIVF,NewGenIvf Group Limited Class A ordinary shares,Nasdaq,News pending,,
2025-05-02,19:50:00,PTIX,Performance Technologies Inc,Nasdaq,News pending,2025-05-05,09:00:00
2025-05-02,19:50:00,PTIX,Performance Technologies Inc,Nasdaq,News pending,,
2025-05-02,19:50:00,WAI,Top KingWin Ltd Class A Ordinary Shares,Nasdaq,News pending,2025-05-05,09:00:00
2025-05-02,19:50:00,WAI,Top KingWin Ltd Class A Ordinary Shares,Nasdaq,News pending,,
2025-05-02,19:50:00,SLGL,Sol-Gel Technologies Ltd. Ordinary Shares,Nasdaq,News pending,2025-05-05,09:00:00
2025-05-02,19:50:00,SLGL,Sol-Gel Technologies Ltd. Ordinary Shares,Nasdaq,News pending,,
2025-05-02,15:59:29,NTCL,NETCLASS TECHNOLOGY INC Class A Ordinary Shares,Nasdaq,LULD pause,2025-05-02,16:00:00
2025-05-02,15:58:40,FBYD,"""Falcon's Beyond Global, Inc. Class A Common Stock""",Nasdaq,LULD pause,2025-05-02,16:00:00
2025-05-02,14:39:59,KIDZ,"""Classover Holdings, Inc. Class B Common Stock""",Nasdaq,LULD pause,2025-05-02,14:49:59
2025-05-02,13:30:57,KIDZ,"""Classover Holdings, Inc. Class B Common Stock""",Nasdaq,LULD pause,2025-05-02,13:35:57
2025-05-02,13:00:30,NTRP,"""NextTrip, Inc. Common Stock""",Nasdaq,LULD pause,2025-05-02,13:05:30
2025-05-02,12:48:24,SDM,Smart Digital Group Limited Ordinary Shares,Nasdaq,LULD pause,2025-05-02,12:53:24
2025-05-02,11:59:13,QDWN,DailyDelta Q100 Downside Option Strategy ETF,NYSE Arca,LULD pause,2025-05-02,12:04:13
2025-05-02,11:51:37,LIMN,"""Liminatus Pharma, Inc. Class A Common Stock""",Nasdaq,LULD pause,2025-05-02,11:56:37
2025-05-02,11:23:20,SDM,Smart Digital Group Limited Ordinary Shares,Nasdaq,LULD pause,2025-05-02,11:28:20
2025-05-02,11:12:01,SDM,Smart Digital Group Limited Ordinary Shares,Nasdaq,LULD pause,2025-05-02,11:22:01
2025-05-02,11:06:44,SDM,Smart Digital Group Limited Ordinary Shares,Nasdaq,LULD pause,2025-05-02,11:11:44
2025-05-02,11:01:17,SDM,Smart Digital Group Limited Ordinary Shares,Nasdaq,LULD pause,2025-05-02,11:06:17
2025-05-02,10:47:58,SDM,Smart Digital Group Limited Ordinary Shares,Nasdaq,LULD pause,2025-05-02,10:57:59
2025-05-02,10:47:34,KBSX,FST Corp. Ordinary Shares,Nasdaq,LULD pause,2025-05-02,10:52:34
2025-05-02,10:40:29,HPH,Highest Performances Holdings Inc. American Depository Shares,Nasdaq,LULD pause,2025-05-02,10:50:29
2025-05-02,10:37:35,SDM,Smart Digital Group Limited Ordinary Shares,Nasdaq,LULD pause,2025-05-02,10:47:35
2025-05-02,10:35:49,PLRZ,Polyrizon Ltd. Ordinary Shares,Nasdaq,LULD pause,2025-05-02,10:40:49
2025-05-02,10:32:12,SDM,Smart Digital Group Limited Ordinary Shares,Nasdaq,LULD pause,2025-05-02,10:37:12
2025-05-02,10:29:56,HPH,Highest Performances Holdings Inc. American Depository Shares,Nasdaq,LULD pause,2025-05-02,10:39:56
2025-05-02,10:26:47,HSDT,"""Helius Medical Technologies, Inc. Class A Common Stock (DE)""",Nasdaq,LULD pause,2025-05-02,10:31:47
2025-05-02,10:21:53,SDM,Smart Digital Group Limited Ordinary Shares,Nasdaq,LULD pause,2025-05-02,10:31:54
2025-05-02,10:21:23,PLRZ,Polyrizon Ltd. Ordinary Shares,Nasdaq,LULD pause,2025-05-02,10:26:23
2025-05-02,10:20:50,HSDT,"""Helius Medical Technologies, Inc. Class A Common Stock (DE)""",Nasdaq,LULD pause,2025-05-02,10:25:50
2025-05-02,10:19:41,LIMN,"""Liminatus Pharma, Inc. Class A Common Stock""",Nasdaq,LULD pause,2025-05-02,10:29:41
2025-05-02,10:19:34,OGCP,"""Empire State Realty OP, L.P. Series 60""",NYSE Arca,LULD pause,2025-05-02,10:24:34
2025-05-02,10:19:21,HPH,Highest Performances Holdings Inc. American Depository Shares,Nasdaq,LULD pause,2025-05-02,10:29:21
2025-05-02,10:00:30,LIMN,"""Liminatus Pharma, Inc. Class A Common Stock""",Nasdaq,LULD pause,2025-05-02,10:05:30
2025-05-02,09:56:12,KIDZ,"""Classover Holdings, Inc. Class B Common Stock""",Nasdaq,LULD pause,2025-05-02,10:01:12
2025-05-02,09:52:33,NEOV,NeoVolta Inc. Common Stock,Nasdaq,LULD pause,2025-05-02,09:57:33
2025-05-02,09:49:56,LIMN,"""Liminatus Pharma, Inc. Class A Common Stock""",Nasdaq,LULD pause,2025-05-02,09:54:56
2025-05-02,09:41:21,PLRZ,Polyrizon Ltd. Ordinary Shares,Nasdaq,LULD pause,2025-05-02,09:46:21
2025-05-02,09:40:49,LBTYK,Liberty Global Ltd. Class C Common Shares,Nasdaq,LULD pause,2025-05-02,09:45:49
2025-05-02,09:39:26,LIMN,"""Liminatus Pharma, Inc. Class A Common Stock""",Nasdaq,LULD pause,2025-05-02,09:44:26
2025-05-02,09:37:56,KIDZ,"""Classover Holdings, Inc. Class B Common Stock""",Nasdaq,LULD pause,2025-05-02,09:42:56
2025-05-02,09:34:16,PDEX,Pro-Dex Inc New,Nasdaq,LULD pause,2025-05-02,09:39:16
2025-05-02,09:30:15,LBTYK,Liberty Global Ltd. Class C Common Shares,Nasdaq,LULD pause,2025-05-02,09:40:24
2025-05-01,19:50:00,CWD,CaliberCos Inc. Class A Common Stock,Nasdaq,News pending,,
2025-05-01,19:50:00,CWD,CaliberCos Inc. Class A Common Stock,Nasdaq,News pending,2025-05-02,09:00:00
2025-05-01,19:50:00,HSDT,"""Helius Medical Technologies, Inc. Class A Common Stock (DE)""",Nasdaq,News pending,2025-05-02,09:00:00
2025-05-01,19:50:00,HSDT,"""Helius Medical Technologies, Inc. Class A Common Stock (DE)""",Nasdaq,News pending,,
2025-05-01,19:50:00,LITM,Snow Lake Resources Ltd. Common Shares,Nasdaq,News pending,,
2025-05-01,19:50:00,LITM,Snow Lake Resources Ltd. Common Shares,Nasdaq,News pending,2025-05-02,09:00:00
2025-05-01,15:57:50,ZCAR,"""Zoomcar Holdings, Inc. Common Stock""",Nasdaq,LULD pause,2025-05-01,16:00:00
2025-05-01,15:25:47,CDTG,CDT Environmental Technology Investment Holdings Limited ordinary shares,Nasdaq,LULD pause,2025-05-01,15:30:47
2025-05-01,15:15:23,CDTG,CDT Environmental Technology Investment Holdings Limited ordinary shares,Nasdaq,LULD pause,2025-05-01,15:25:23
2025-05-01,14:52:53,SLQT,"""SelectQuote, Inc.""",NYSE,LULD pause,2025-05-01,14:57:53
2025-05-01,14:47:16,SLQT,"""SelectQuote, Inc.""",NYSE,LULD pause,2025-05-01,14:52:31
2025-05-01,14:41:27,SLQT,"""SelectQuote, Inc.""",NYSE,LULD pause,2025-05-01,14:46:40
2025-05-01,14:34:59,SLQT,"""SelectQuote, Inc.""",NYSE,LULD pause,2025-05-01,14:40:17
2025-05-01,14:30:42,CDTG,CDT Environmental Technology Investment Holdings Limited ordinary shares,Nasdaq,LULD pause,2025-05-01,14:35:42
2025-05-01,14:23:22,CDTG,CDT Environmental Technology Investment Holdings Limited ordinary shares,Nasdaq,LULD pause,2025-05-01,14:28:22
2025-05-01,14:19:21,CHEB U,"""Chenghe Acquisition II Co. Units, each consisting of one Class A ordinary share and one-half of one redeemable warrant""",NYSE American,LULD pause,2025-05-01,14:24:21
2025-05-01,14:01:44,CCM,Concord Medical Services Holding Limited,NYSE,LULD pause,2025-05-01,14:06:44
2025-05-01,13:45:45,CDTG,CDT Environmental Technology Investment Holdings Limited ordinary shares,Nasdaq,LULD pause,2025-05-01,14:21:59
2025-05-01,13:27:34,SWVL,Swvl Holdings Corp Class A Common Shares,Nasdaq,LULD pause,2025-05-01,13:32:34
2025-05-01,11:28:09,LIMN,"""Liminatus Pharma, Inc. Class A Common Stock""",Nasdaq,LULD pause,2025-05-01,11:33:09
2025-05-01,11:17:55,AIMBU,Aimfinity Investment Corp. I Subunit,Nasdaq,LULD pause,2025-05-01,11:22:55
2025-05-01,11:08:05,LIMN,"""Liminatus Pharma, Inc. Class A Common Stock""",Nasdaq,LULD pause,2025-05-01,11:13:05
2025-05-01,10:53:10,LIMN,"""Liminatus Pharma, Inc. Class A Common Stock""",Nasdaq,LULD pause,2025-05-01,11:03:10
2025-05-01,10:36:31,CCIRU,Cohen Circle Acquisition Corp. I Unit,Nasdaq,LULD pause,2025-05-01,10:41:31
2025-05-01,10:30:28,LIMN,"""Liminatus Pharma, Inc. Class A Common Stock""",Nasdaq,LULD pause,2025-05-01,10:50:26
2025-05-01,10:25:01,LIMN,"""Liminatus Pharma, Inc. Class A Common Stock""",Nasdaq,LULD pause,2025-05-01,10:30:01
2025-05-01,10:14:10,LIMN,"""Liminatus Pharma, Inc. Class A Common Stock""",Nasdaq,LULD pause,2025-05-01,10:24:10
2025-05-01,10:05:40,AIMAU,Aimfinity Investment Corp. I Unit,Nasdaq,LULD pause,2025-05-01,10:10:40
2025-05-01,10:02:04,HPH,Highest Performances Holdings Inc. American Depository Shares,Nasdaq,LULD pause,2025-05-01,10:07:04
2025-05-01,10:00:48,RAIN,"""Rain Enhancement Technologies Holdco, Inc. Class A Common Stock""",Nasdaq,LULD pause,2025-05-01,10:05:48
2025-05-01,09:57:19,LIMN,"""Liminatus Pharma, Inc. Class A Common Stock""",Nasdaq,LULD pause,2025-05-01,10:02:19
2025-05-01,09:53:50,ZCAR,"""Zoomcar Holdings, Inc. Common Stock""",Nasdaq,LULD pause,2025-05-01,10:03:50
2025-05-01,09:51:08,LIMN,"""Liminatus Pharma, Inc. Class A Common Stock""",Nasdaq,LULD pause,2025-05-01,09:56:08
2025-05-01,09:50:54,KIDZ,"""Classover Holdings, Inc. Class B Common Stock""",Nasdaq,LULD pause,2025-05-01,09:55:54
2025-05-01,09:48:31,ZCAR,"""Zoomcar Holdings, Inc. Common Stock""",Nasdaq,LULD pause,2025-05-01,09:53:31
2025-05-01,09:41:58,ZCAR,"""Zoomcar Holdings, Inc. Common Stock""",Nasdaq,LULD pause,2025-05-01,09:46:58
2025-05-01,09:38:15,LIMN,"""Liminatus Pharma, Inc. Class A Common Stock""",Nasdaq,LULD pause,2025-05-01,09:48:15
2025-05-01,09:37:05,PCTTU,"""PureCycle Technologies, Inc. Unit""",Nasdaq,LULD pause,2025-05-01,09:42:05
2025-05-01,09:32:17,ZCAR,"""Zoomcar Holdings, Inc. Common Stock""",Nasdaq,LULD pause,2025-05-01,09:37:17
2025-05-01,09:30:47,LIMN,"""Liminatus Pharma, Inc. Class A Common Stock""",Nasdaq,LULD pause,2025-05-01,09:35:47
2025-05-01,09:30:33,PMEC,Primech Holdings Ltd. Ordinary Shares,Nasdaq,LULD pause,2025-05-01,09:40:33
2025-05-01,09:30:15,KURE,KraneShares MSCI All China Health Care Index ETF,NYSE Arca,LULD pause,2025-05-01,09:35:15
2025-05-01,08:48:56,KSS,Kohls Corporation,NYSE,News pending,2025-05-01,09:19:51
2025-05-01,08:25:00,KRON,"""Kronos Bio, Inc. Common Stock""",Nasdaq,News pending,2025-05-01,09:00:00
