Halt Date,Halt Time,Symbol,Name,Exchange,Reason,Resume Date,NYSE Resume Time
2025-01-31,19:50:00,EYEN,"""Eyenovia, Inc. Common Stock""",Nasdaq,News pending,2025-02-03,09:00:00
2025-01-31,19:50:00,EYEN,"""Eyenovia, Inc. Common Stock""",Nasdaq,News pending,,
2025-01-31,19:50:00,SCWX,SecureWorks Corp  Class A Common Stock,Nasdaq,News pending,,
2025-01-31,15:58:18,DXF,"""Eason Technology Limited American Depositary Shares (each representing sixty-thousand (60,000) Ordinary Shares)""",NYSE American,LULD pause,2025-01-31,16:00:00
2025-01-31,15:58:17,VISL,"""Vislink Technologies, Inc. Common Stock""",Nasdaq,LULD pause,2025-01-31,16:00:00
2025-01-31,15:36:43,FCUV,Focus Universal Inc. Common Stock,Nasdaq,LULD pause,2025-01-31,15:41:43
2025-01-31,15:36:42,DXF,"""Eason Technology Limited American Depositary Shares (each representing sixty-thousand (60,000) Ordinary Shares)""",NYSE American,LULD pause,2025-01-31,15:41:42
2025-01-31,15:35:23,GLSTU,"""Global Star Acquisition, Inc. Unit""",Nasdaq,LULD pause,2025-01-31,15:40:23
2025-01-31,15:30:14,DXF,"""Eason Technology Limited American Depositary Shares (each representing sixty-thousand (60,000) Ordinary Shares)""",NYSE American,LULD pause,2025-01-31,15:35:14
2025-01-31,15:20:31,GLSTU,"""Global Star Acquisition, Inc. Unit""",Nasdaq,LULD pause,2025-01-31,15:25:31
2025-01-31,15:14:15,DXF,"""Eason Technology Limited American Depositary Shares (each representing sixty-thousand (60,000) Ordinary Shares)""",NYSE American,LULD pause,2025-01-31,15:24:26
2025-01-31,15:03:34,DXF,"""Eason Technology Limited American Depositary Shares (each representing sixty-thousand (60,000) Ordinary Shares)""",NYSE American,LULD pause,2025-01-31,15:13:34
2025-01-31,15:01:11,GLST,"""Global Star Acquisition, Inc. Class A Common Stock""",Nasdaq,LULD pause,2025-01-31,15:06:11
2025-01-31,14:58:13,DXF,"""Eason Technology Limited American Depositary Shares (each representing sixty-thousand (60,000) Ordinary Shares)""",NYSE American,LULD pause,2025-01-31,15:03:13
2025-01-31,14:48:40,CSAI,"""Cloudastructure, Inc. Class A Common Stock""",Nasdaq,LULD pause,2025-01-31,14:53:40
2025-01-31,14:38:48,GLST,"""Global Star Acquisition, Inc. Class A Common Stock""",Nasdaq,LULD pause,2025-01-31,14:43:48
2025-01-31,14:28:45,GLST,"""Global Star Acquisition, Inc. Class A Common Stock""",Nasdaq,LULD pause,2025-01-31,14:33:45
2025-01-31,14:27:58,DXF,"""Eason Technology Limited American Depositary Shares (each representing sixty-thousand (60,000) Ordinary Shares)""",NYSE American,LULD pause,2025-01-31,14:57:58
2025-01-31,14:06:50,FCUV,Focus Universal Inc. Common Stock,Nasdaq,LULD pause,2025-01-31,14:11:50
2025-01-31,14:01:27,FCUV,Focus Universal Inc. Common Stock,Nasdaq,LULD pause,2025-01-31,14:06:27
2025-01-31,12:44:29,FCUV,Focus Universal Inc. Common Stock,Nasdaq,LULD pause,2025-01-31,14:00:47
2025-01-31,12:44:03,CSAI,"""Cloudastructure, Inc. Class A Common Stock""",Nasdaq,LULD pause,2025-01-31,12:54:03
2025-01-31,12:19:20,BAOS,Baosheng Media Group Holdings Limited Ordinary shares,Nasdaq,LULD pause,2025-01-31,12:24:20
2025-01-31,12:11:46,BAOS,Baosheng Media Group Holdings Limited Ordinary shares,Nasdaq,LULD pause,2025-01-31,12:16:46
2025-01-31,11:58:54,BAOS,Baosheng Media Group Holdings Limited Ordinary shares,Nasdaq,LULD pause,2025-01-31,12:08:54
2025-01-31,11:52:29,BAOS,Baosheng Media Group Holdings Limited Ordinary shares,Nasdaq,LULD pause,2025-01-31,11:57:29
2025-01-31,11:47:49,DXF,"""Eason Technology Limited American Depositary Shares (each representing sixty-thousand (60,000) Ordinary Shares)""",NYSE American,LULD pause,2025-01-31,11:52:49
2025-01-31,11:41:30,BAOS,Baosheng Media Group Holdings Limited Ordinary shares,Nasdaq,LULD pause,2025-01-31,11:51:30
2025-01-31,11:31:06,BAOS,Baosheng Media Group Holdings Limited Ordinary shares,Nasdaq,LULD pause,2025-01-31,11:41:06
2025-01-31,11:28:30,JL,J-Long Group Limited Ordinary Shares,Nasdaq,LULD pause,2025-01-31,11:42:33
2025-01-31,11:27:08,DXF,"""Eason Technology Limited American Depositary Shares (each representing sixty-thousand (60,000) Ordinary Shares)""",NYSE American,LULD pause,2025-01-31,11:42:08
2025-01-31,11:20:47,DXF,"""Eason Technology Limited American Depositary Shares (each representing sixty-thousand (60,000) Ordinary Shares)""",NYSE American,LULD pause,2025-01-31,11:25:47
2025-01-31,11:09:18,TCTM,TCTM Kids IT Education Inc. American Depositary Shares,Nasdaq,LULD pause,2025-01-31,11:14:18
2025-01-31,10:59:33,TCTM,TCTM Kids IT Education Inc. American Depositary Shares,Nasdaq,LULD pause,2025-01-31,11:04:33
2025-01-31,10:58:55,DXF,"""Eason Technology Limited American Depositary Shares (each representing sixty-thousand (60,000) Ordinary Shares)""",NYSE American,LULD pause,2025-01-31,11:18:55
2025-01-31,10:53:14,DXF,"""Eason Technology Limited American Depositary Shares (each representing sixty-thousand (60,000) Ordinary Shares)""",NYSE American,LULD pause,2025-01-31,10:58:14
2025-01-31,10:48:50,PMNT,Perfect Moment Ltd.,NYSE American,LULD pause,2025-01-31,10:53:50
2025-01-31,10:46:48,DXF,"""Eason Technology Limited American Depositary Shares (each representing sixty-thousand (60,000) Ordinary Shares)""",NYSE American,LULD pause,2025-01-31,10:51:48
2025-01-31,10:35:07,DXF,"""Eason Technology Limited American Depositary Shares (each representing sixty-thousand (60,000) Ordinary Shares)""",NYSE American,LULD pause,2025-01-31,10:45:07
2025-01-31,10:29:54,PMNT,Perfect Moment Ltd.,NYSE American,LULD pause,2025-01-31,10:34:54
2025-01-31,10:24:38,DXF,"""Eason Technology Limited American Depositary Shares (each representing sixty-thousand (60,000) Ordinary Shares)""",NYSE American,LULD pause,2025-01-31,10:34:38
2025-01-31,10:24:11,PMNT,Perfect Moment Ltd.,NYSE American,LULD pause,2025-01-31,10:29:11
2025-01-31,10:12:17,PMNT,Perfect Moment Ltd.,NYSE American,LULD pause,2025-01-31,10:17:17
2025-01-31,10:10:32,DXF,"""Eason Technology Limited American Depositary Shares (each representing sixty-thousand (60,000) Ordinary Shares)""",NYSE American,LULD pause,2025-01-31,10:15:32
2025-01-31,10:06:55,PMNT,Perfect Moment Ltd.,NYSE American,LULD pause,2025-01-31,10:11:55
2025-01-31,10:05:15,DXF,"""Eason Technology Limited American Depositary Shares (each representing sixty-thousand (60,000) Ordinary Shares)""",NYSE American,LULD pause,2025-01-31,10:10:15
2025-01-31,10:01:22,PMNT,Perfect Moment Ltd.,NYSE American,LULD pause,2025-01-31,10:06:22
2025-01-31,09:55:58,PMNT,Perfect Moment Ltd.,NYSE American,LULD pause,2025-01-31,10:00:58
2025-01-31,09:55:50,DOMH,Dominari Holdings Inc. Common Stock,Nasdaq,LULD pause,2025-01-31,10:05:50
2025-01-31,09:49:06,ONEG,OneConstruction Group Limited Ordinary Shares,Nasdaq,LULD pause,2025-01-31,09:54:06
2025-01-31,09:44:51,BQ,Boqii Holding Limited American Depositary Shares (each representing fifteen (150) Class A Ordinary Shares),NYSE American,LULD pause,2025-01-31,09:49:51
2025-01-31,09:40:15,BHIL,"""Benson Hill, Inc.""",Nasdaq,LULD pause,2025-01-31,09:45:15
2025-01-31,09:38:40,DXF,"""Eason Technology Limited American Depositary Shares (each representing sixty-thousand (60,000) Ordinary Shares)""",NYSE American,LULD pause,2025-01-31,10:04:23
2025-01-31,09:30:16,GLST,"""Global Star Acquisition, Inc. Class A Common Stock""",Nasdaq,LULD pause,2025-01-31,09:40:16
2025-01-31,08:50:10,ENLC,"""ENLINK MIDSTREAM, LLC""",NYSE,Merger Effective,,
2025-01-30,19:50:00,ZKIN,"""ZK International Group Co., Ltd Ordinary Share""",Nasdaq,News pending,2025-01-31,09:00:00
2025-01-30,19:50:00,ZKIN,"""ZK International Group Co., Ltd Ordinary Share""",Nasdaq,News pending,,
2025-01-30,19:50:00,FCUV,Focus Universal Inc. Common Stock,Nasdaq,News pending,,
2025-01-30,19:50:00,FCUV,Focus Universal Inc. Common Stock,Nasdaq,News pending,2025-01-31,09:00:00
2025-01-30,15:47:19,ACON,"""Aclarion, Inc. Common Stock""",Nasdaq,LULD pause,2025-01-30,16:00:00
2025-01-30,15:42:36,CLEU,China Liberal Education Holdings Limited Ordinary Shares,Nasdaq,LULD pause,2025-01-30,15:47:36
2025-01-30,15:21:37,ACON,"""Aclarion, Inc. Common Stock""",Nasdaq,LULD pause,2025-01-30,15:46:38
2025-01-30,15:15:34,RHE,"""Regional Health Properties, Inc.""",NYSE American,News pending,2025-01-30,15:45:00
2025-01-30,15:15:34,RHE PRA,"""Regional Health Properties, Inc. Regional Health Properties, Inc. 10.875 percent Series A Cumulative Redeemable Preferred Stock""",NYSE American,News pending,2025-01-30,16:00:00
2025-01-30,15:01:44,BHIL,"""Benson Hill, Inc.""",Nasdaq,LULD pause,2025-01-30,15:06:44
2025-01-30,14:20:59,JL,J-Long Group Limited Ordinary Shares,Nasdaq,LULD pause,2025-01-30,14:25:59
2025-01-30,14:15:18,JL,J-Long Group Limited Ordinary Shares,Nasdaq,LULD pause,2025-01-30,14:20:18
2025-01-30,13:59:37,JL,J-Long Group Limited Ordinary Shares,Nasdaq,LULD pause,2025-01-30,14:14:38
2025-01-30,13:15:11,BAOS,Baosheng Media Group Holdings Limited Ordinary shares,Nasdaq,LULD pause,2025-01-30,13:25:11
2025-01-30,12:57:19,PRTG,Portage Biotech Inc. Common Stock,Nasdaq,LULD pause,2025-01-30,13:07:19
2025-01-30,12:56:03,CLEU,China Liberal Education Holdings Limited Ordinary Shares,Nasdaq,LULD pause,2025-01-30,13:01:03
2025-01-30,12:46:35,PRTG,Portage Biotech Inc. Common Stock,Nasdaq,LULD pause,2025-01-30,12:56:36
2025-01-30,12:35:10,PRTG,Portage Biotech Inc. Common Stock,Nasdaq,LULD pause,2025-01-30,12:45:11
2025-01-30,12:28:12,CLEU,China Liberal Education Holdings Limited Ordinary Shares,Nasdaq,LULD pause,2025-01-30,12:33:12
2025-01-30,12:19:32,PRTG,Portage Biotech Inc. Common Stock,Nasdaq,LULD pause,2025-01-30,12:33:46
2025-01-30,12:15:06,CLEU,China Liberal Education Holdings Limited Ordinary Shares,Nasdaq,LULD pause,2025-01-30,12:20:06
2025-01-30,11:54:59,ACON,"""Aclarion, Inc. Common Stock""",Nasdaq,LULD pause,2025-01-30,11:59:59
2025-01-30,11:51:24,JNPR,Juniper Networks Inc,NYSE,LULD pause,2025-01-30,11:56:43
2025-01-30,11:43:50,ACON,"""Aclarion, Inc. Common Stock""",Nasdaq,LULD pause,2025-01-30,11:48:50
2025-01-30,11:42:24,HYZNW,Hyzon Motors Inc. Warrants,Nasdaq,News pending,,
2025-01-30,11:42:24,HYZN,Hyzon Motors Inc. Class A Common Stock,Nasdaq,News pending,,
2025-01-30,11:38:45,JNVR,Janover Inc. Common Stock,Nasdaq,LULD pause,2025-01-30,11:48:45
2025-01-30,11:38:43,CLEU,China Liberal Education Holdings Limited Ordinary Shares,Nasdaq,LULD pause,2025-01-30,11:43:43
2025-01-30,11:38:06,ACON,"""Aclarion, Inc. Common Stock""",Nasdaq,LULD pause,2025-01-30,11:43:06
2025-01-30,11:34:00,CSAI,"""Cloudastructure, Inc. Class A Common Stock""",Nasdaq,LULD pause,2025-01-30,11:44:00
2025-01-30,11:33:28,CLEU,China Liberal Education Holdings Limited Ordinary Shares,Nasdaq,LULD pause,2025-01-30,11:38:28
2025-01-30,11:28:41,ACON,"""Aclarion, Inc. Common Stock""",Nasdaq,LULD pause,2025-01-30,11:33:41
2025-01-30,11:25:31,CLEU,China Liberal Education Holdings Limited Ordinary Shares,Nasdaq,LULD pause,2025-01-30,11:30:31
2025-01-30,11:23:19,CSAI,"""Cloudastructure, Inc. Class A Common Stock""",Nasdaq,LULD pause,2025-01-30,11:33:19
2025-01-30,11:17:41,ACON,"""Aclarion, Inc. Common Stock""",Nasdaq,LULD pause,2025-01-30,11:27:41
2025-01-30,11:12:41,CSAI,"""Cloudastructure, Inc. Class A Common Stock""",Nasdaq,LULD pause,2025-01-30,11:22:41
2025-01-30,11:12:25,ACON,"""Aclarion, Inc. Common Stock""",Nasdaq,LULD pause,2025-01-30,11:17:25
2025-01-30,11:07:10,ACON,"""Aclarion, Inc. Common Stock""",Nasdaq,LULD pause,2025-01-30,11:12:10
2025-01-30,11:01:57,CLEU,China Liberal Education Holdings Limited Ordinary Shares,Nasdaq,LULD pause,2025-01-30,11:06:57
2025-01-30,10:51:40,ACON,"""Aclarion, Inc. Common Stock""",Nasdaq,LULD pause,2025-01-30,11:06:41
2025-01-30,10:41:12,ACON,"""Aclarion, Inc. Common Stock""",Nasdaq,LULD pause,2025-01-30,10:51:13
2025-01-30,10:26:14,WHLRL,"""Wheeler Real Estate Investment Trust, Inc. 7.00% Senior Subordinated Convertible Notes Due 2031""",Nasdaq,LULD pause,2025-01-30,10:31:14
2025-01-30,10:13:24,CLEU,China Liberal Education Holdings Limited Ordinary Shares,Nasdaq,LULD pause,2025-01-30,10:18:24
2025-01-30,10:12:02,DGNX,Diginex Limited Ordinary Shares,Nasdaq,LULD pause,2025-01-30,10:17:02
2025-01-30,10:07:24,CLEU,China Liberal Education Holdings Limited Ordinary Shares,Nasdaq,LULD pause,2025-01-30,10:12:24
2025-01-30,10:05:54,RITR,Reitar Logtech Holdings Limited Ordinary shares,Nasdaq,LULD pause,2025-01-30,10:10:54
2025-01-30,10:04:59,FOXX,Foxx Development Holdings Inc. Common Stock,Nasdaq,LULD pause,2025-01-30,10:14:59
2025-01-30,09:54:55,RITR,Reitar Logtech Holdings Limited Ordinary shares,Nasdaq,LULD pause,2025-01-30,10:04:55
2025-01-30,09:53:32,RNTX,"""Rein Therapeutics, Inc. Common Stock""",Nasdaq,LULD pause,2025-01-30,09:58:32
2025-01-30,09:53:21,FOXX,Foxx Development Holdings Inc. Common Stock,Nasdaq,LULD pause,2025-01-30,10:03:21
2025-01-30,09:51:56,CLEU,China Liberal Education Holdings Limited Ordinary Shares,Nasdaq,LULD pause,2025-01-30,09:56:56
2025-01-30,09:46:30,CLEU,China Liberal Education Holdings Limited Ordinary Shares,Nasdaq,LULD pause,2025-01-30,09:51:30
2025-01-30,09:41:15,CLEU,China Liberal Education Holdings Limited Ordinary Shares,Nasdaq,LULD pause,2025-01-30,09:46:15
2025-01-30,09:39:24,BDCZ,"""ETRACS MarketVector Business Development Companies Liquid Index ETN due April 26, 2041""",NYSE Arca,LULD pause,2025-01-30,09:44:24
2025-01-30,09:35:53,YIBO,Planet Image International Limited Class A Ordinary Shares,Nasdaq,LULD pause,2025-01-30,09:40:53
2025-01-30,09:35:06,ONEW,OneWater Marine Inc. Class A Common Stock,Nasdaq,LULD pause,2025-01-30,09:40:06
2025-01-30,09:33:12,AMOD,"""Alpha Modus Holdings, Inc. Class A Common Stock""",Nasdaq,LULD pause,2025-01-30,09:43:12
2025-01-30,09:33:11,DXF,"""Eason Technology Limited American Depositary Shares (each representing sixty-thousand (60,000) Ordinary Shares)""",NYSE American,LULD pause,2025-01-30,09:43:11
2025-01-30,09:30:16,CLEU,China Liberal Education Holdings Limited Ordinary Shares,Nasdaq,LULD pause,2025-01-30,09:41:00
2025-01-30,08:44:23,FMSTW,Foremost Clean Energy Ltd. Warrant,Nasdaq,News pending,2025-01-31,08:55:00
2025-01-30,08:44:23,FMSTW,Foremost Clean Energy Ltd. Warrant,Nasdaq,News pending,,
2025-01-30,08:44:23,FMST,Foremost Clean Energy Ltd. Common stock,Nasdaq,News pending,,
2025-01-30,08:44:23,FMST,Foremost Clean Energy Ltd. Common stock,Nasdaq,News pending,2025-01-31,08:45:00
2025-01-29,19:50:00,ACONW,"""Aclarion, Inc. Warrant""",Nasdaq,News pending,,
2025-01-29,19:50:00,ACONW,"""Aclarion, Inc. Warrant""",Nasdaq,News pending,2025-01-30,09:05:00
2025-01-29,19:50:00,BLRX,BioLineRX Ltd,Nasdaq,News pending,2025-01-30,09:00:00
2025-01-29,19:50:00,BLRX,BioLineRX Ltd,Nasdaq,News pending,,
2025-01-29,19:50:00,ACON,"""Aclarion, Inc. Common Stock""",Nasdaq,News pending,2025-01-30,09:00:00
2025-01-29,19:50:00,ACON,"""Aclarion, Inc. Common Stock""",Nasdaq,News pending,,
2025-01-29,19:50:00,CRKN,Crown Electrokinetics Corp. Common Stock,Nasdaq,News pending,2025-01-30,09:00:00
2025-01-29,19:50:00,CRKN,Crown Electrokinetics Corp. Common Stock,Nasdaq,News pending,,
2025-01-29,16:33:10,KNW,"""Know Labs, Inc.""",NYSE American,News Released,,
2025-01-29,16:01:00,CRGX,"""CARGO Therapeutics, Inc. Common Stock""",Nasdaq,News pending,2025-01-29,16:30:00
2025-01-29,15:56:18,DGNX,Diginex Limited Ordinary Shares,Nasdaq,LULD pause,2025-01-29,16:00:00
2025-01-29,15:51:37,DXF,"""Eason Technology Limited American Depositary Shares (each representing sixty-thousand (60,000) Ordinary Shares)""",NYSE American,LULD pause,2025-01-29,16:00:00
2025-01-29,15:42:35,DXF,"""Eason Technology Limited American Depositary Shares (each representing sixty-thousand (60,000) Ordinary Shares)""",NYSE American,LULD pause,2025-01-29,15:47:35
2025-01-29,15:41:48,DGNX,Diginex Limited Ordinary Shares,Nasdaq,LULD pause,2025-01-29,15:46:48
2025-01-29,15:15:26,DGNX,Diginex Limited Ordinary Shares,Nasdaq,LULD pause,2025-01-29,15:20:26
2025-01-29,14:49:00,XFOR,"""X4 Pharmaceuticals, Inc. Common Stock""",Nasdaq,LULD pause,2025-01-29,14:54:00
2025-01-29,14:46:59,DXF,"""Eason Technology Limited American Depositary Shares (each representing sixty-thousand (60,000) Ordinary Shares)""",NYSE American,LULD pause,2025-01-29,14:51:59
2025-01-29,14:02:41,KRKR,36Kr Holdings Inc. American Depositary Shares,Nasdaq,LULD pause,2025-01-29,14:07:41
2025-01-29,12:53:13,DGNX,Diginex Limited Ordinary Shares,Nasdaq,LULD pause,2025-01-29,12:58:13
2025-01-29,12:39:21,DGNX,Diginex Limited Ordinary Shares,Nasdaq,LULD pause,2025-01-29,12:49:21
2025-01-29,12:32:44,DGNX,Diginex Limited Ordinary Shares,Nasdaq,LULD pause,2025-01-29,12:37:44
2025-01-29,12:05:53,KRKR,36Kr Holdings Inc. American Depositary Shares,Nasdaq,LULD pause,2025-01-29,12:10:53
2025-01-29,11:56:43,KRKR,36Kr Holdings Inc. American Depositary Shares,Nasdaq,LULD pause,2025-01-29,12:01:43
2025-01-29,11:56:23,FATBV,FAT Brands Inc. Class B Common Stock Ex-distribution When-Issued,Nasdaq,LULD pause,2025-01-29,12:06:23
2025-01-29,11:53:19,FATBB,FAT Brands Inc. Class B Common Stock,Nasdaq,LULD pause,2025-01-29,12:03:19
2025-01-29,11:39:13,KRKR,36Kr Holdings Inc. American Depositary Shares,Nasdaq,LULD pause,2025-01-29,11:44:13
2025-01-29,11:31:14,RFACU,RF Acquisition Corp. Unit,Nasdaq,LULD pause,2025-01-29,11:36:14
2025-01-29,11:25:26,KRKR,36Kr Holdings Inc. American Depositary Shares,Nasdaq,LULD pause,2025-01-29,11:30:26
2025-01-29,11:10:55,KRKR,36Kr Holdings Inc. American Depositary Shares,Nasdaq,LULD pause,2025-01-29,11:15:55
2025-01-29,11:08:44,BQ,Boqii Holding Limited American Depositary Shares (each representing fifteen (150) Class A Ordinary Shares),NYSE American,LULD pause,2025-01-29,11:13:44
2025-01-29,11:03:33,KRKR,36Kr Holdings Inc. American Depositary Shares,Nasdaq,LULD pause,2025-01-29,11:08:33
2025-01-29,10:58:13,RFACU,RF Acquisition Corp. Unit,Nasdaq,LULD pause,2025-01-29,11:03:13
2025-01-29,10:56:52,KRKR,36Kr Holdings Inc. American Depositary Shares,Nasdaq,LULD pause,2025-01-29,11:01:52
2025-01-29,10:46:21,RTC,Baijiayun Group Ltd. Class A Ordinary Shares,Nasdaq,LULD pause,2025-01-29,10:51:21
2025-01-29,10:43:45,KRKR,36Kr Holdings Inc. American Depositary Shares,Nasdaq,LULD pause,2025-01-29,10:53:46
2025-01-29,10:38:05,KRKR,36Kr Holdings Inc. American Depositary Shares,Nasdaq,LULD pause,2025-01-29,10:43:05
2025-01-29,10:28:31,KNW,"""Know Labs, Inc.""",NYSE American,News pending,See Subsequent Halt,See Subsequent Halt
2025-01-29,10:18:31,KRKR,36Kr Holdings Inc. American Depositary Shares,Nasdaq,LULD pause,2025-01-29,10:28:31
2025-01-29,10:18:21,TWNPV,Twin Hospitality Group Inc. Class A Common Stock When-Issued,Nasdaq,LULD pause,2025-01-29,10:23:21
2025-01-29,10:12:12,TWNPV,Twin Hospitality Group Inc. Class A Common Stock When-Issued,Nasdaq,LULD pause,2025-01-29,10:17:12
2025-01-29,10:11:39,KRKR,36Kr Holdings Inc. American Depositary Shares,Nasdaq,LULD pause,2025-01-29,10:16:39
2025-01-29,10:08:14,CSGS,CSG Systems International,Nasdaq,LULD pause,2025-01-29,10:13:14
2025-01-29,09:56:20,TWNPV,Twin Hospitality Group Inc. Class A Common Stock When-Issued,Nasdaq,LULD pause,2025-01-29,10:01:20
2025-01-29,09:52:29,GMHS,Gamehaus Holdings Inc. Class A Ordinary Shares,Nasdaq,LULD pause,2025-01-29,09:57:29
2025-01-29,09:50:43,TWNPV,Twin Hospitality Group Inc. Class A Common Stock When-Issued,Nasdaq,LULD pause,2025-01-29,09:55:43
2025-01-29,09:50:02,RFAC,RF Acquisition Corp. Class A Common Stock,Nasdaq,LULD pause,2025-01-29,09:55:02
2025-01-29,09:44:45,MTEN,Mingteng International Corporation Inc. Ordinary Shares,Nasdaq,LULD pause,2025-01-29,09:49:45
2025-01-29,09:44:42,TWNPV,Twin Hospitality Group Inc. Class A Common Stock When-Issued,Nasdaq,LULD pause,2025-01-29,09:49:42
2025-01-29,09:42:43,SGN,"""Signing Day Sports, Inc.""",NYSE American,LULD pause,2025-01-29,09:47:43
2025-01-29,09:32:25,TWNPV,Twin Hospitality Group Inc. Class A Common Stock When-Issued,Nasdaq,LULD pause,2025-01-29,09:42:25
2025-01-29,09:18:19,OSTX,OS Therapies Incorporated,NYSE American,News pending,2025-01-29,10:00:00
2025-01-29,08:35:52,SGN,"""Signing Day Sports, Inc.""",NYSE American,News pending,2025-01-29,09:30:00
2025-01-28,19:50:00,BCTXW,BriaCell Therapeutics Corp. Warrant,Nasdaq,News pending,,
2025-01-28,19:50:00,BCTXW,BriaCell Therapeutics Corp. Warrant,Nasdaq,News pending,2025-01-29,09:05:00
2025-01-28,19:50:00,BCTX,Briacell Therapeutics Corp. Common Shares,Nasdaq,News pending,2025-01-29,09:00:00
2025-01-28,19:50:00,BCTX,Briacell Therapeutics Corp. Common Shares,Nasdaq,News pending,,
2025-01-28,19:50:00,ENVB,"""Enveric Biosciences, Inc. Common Stock""",Nasdaq,News pending,,
2025-01-28,19:50:00,ENVB,"""Enveric Biosciences, Inc. Common Stock""",Nasdaq,News pending,2025-01-29,09:00:00
2025-01-28,17:10:00,ME,23andMe Holding Co. Class A Common Stock,Nasdaq,News pending,2025-01-28,17:55:00
2025-01-28,15:50:48,JG,Aurora Mobile Limited American Depositary Shares,Nasdaq,LULD pause,2025-01-28,16:00:00
2025-01-28,15:47:57,RFAC,RF Acquisition Corp. Class A Common Stock,Nasdaq,LULD pause,2025-01-28,16:00:00
2025-01-28,15:26:26,FATAV,FAT Brands Inc. Class A Common Stock Ex-distribution When-Issued,Nasdaq,LULD pause,2025-01-28,15:31:26
2025-01-28,15:18:29,DXF,"""Eason Technology Limited American Depositary Shares (each representing sixty-thousand (60,000) Ordinary Shares)""",NYSE American,LULD pause,2025-01-28,15:28:29
2025-01-28,15:12:06,TWNPV,Twin Hospitality Group Inc. Class A Common Stock When-Issued,Nasdaq,LULD pause,2025-01-28,15:22:06
2025-01-28,15:10:42,FATAV,FAT Brands Inc. Class A Common Stock Ex-distribution When-Issued,Nasdaq,LULD pause,2025-01-28,15:20:43
2025-01-28,15:00:11,FATAV,FAT Brands Inc. Class A Common Stock Ex-distribution When-Issued,Nasdaq,LULD pause,2025-01-28,15:05:11
2025-01-28,14:58:37,TWNPV,Twin Hospitality Group Inc. Class A Common Stock When-Issued,Nasdaq,LULD pause,2025-01-28,15:08:38
2025-01-28,14:48:06,TWNPV,Twin Hospitality Group Inc. Class A Common Stock When-Issued,Nasdaq,LULD pause,2025-01-28,14:58:06
2025-01-28,14:41:30,SLXN,Silexion Therapeutics Corp Ordinary Shares,Nasdaq,LULD pause,2025-01-28,14:46:30
2025-01-28,14:26:55,DGNX,Diginex Limited Ordinary Shares,Nasdaq,LULD pause,2025-01-28,14:31:55
2025-01-28,13:57:25,TECX,"""Tectonic Therapeutic, Inc. Common Stock""",Nasdaq,LULD pause,2025-01-28,14:02:25
2025-01-28,13:55:51,RFAC,RF Acquisition Corp. Class A Common Stock,Nasdaq,LULD pause,2025-01-28,14:00:51
2025-01-28,13:43:27,TECX,"""Tectonic Therapeutic, Inc. Common Stock""",Nasdaq,LULD pause,2025-01-28,13:48:27
2025-01-28,13:39:37,DGNX,Diginex Limited Ordinary Shares,Nasdaq,LULD pause,2025-01-28,13:44:37
2025-01-28,13:35:32,INHD,Inno Holdings Inc. Common Stock,Nasdaq,LULD pause,2025-01-28,13:40:32
2025-01-28,13:26:22,FATAV,FAT Brands Inc. Class A Common Stock Ex-distribution When-Issued,Nasdaq,LULD pause,2025-01-28,13:45:13
2025-01-28,13:25:47,TECX,"""Tectonic Therapeutic, Inc. Common Stock""",Nasdaq,LULD pause,2025-01-28,13:35:47
2025-01-28,13:20:31,TWNPV,Twin Hospitality Group Inc. Class A Common Stock When-Issued,Nasdaq,LULD pause,2025-01-28,14:46:17
2025-01-28,13:15:45,RFAC,RF Acquisition Corp. Class A Common Stock,Nasdaq,LULD pause,2025-01-28,13:25:45
2025-01-28,13:13:00,FATAV,FAT Brands Inc. Class A Common Stock Ex-distribution When-Issued,Nasdaq,LULD pause,2025-01-28,13:24:43
2025-01-28,13:12:58,TECX,"""Tectonic Therapeutic, Inc. Common Stock""",Nasdaq,LULD pause,2025-01-28,13:22:59
2025-01-28,13:05:16,FATAV,FAT Brands Inc. Class A Common Stock Ex-distribution When-Issued,Nasdaq,LULD pause,2025-01-28,13:10:16
2025-01-28,12:57:41,FATAV,FAT Brands Inc. Class A Common Stock Ex-distribution When-Issued,Nasdaq,LULD pause,2025-01-28,13:02:41
2025-01-28,12:52:09,DGNX,Diginex Limited Ordinary Shares,Nasdaq,LULD pause,2025-01-28,13:02:09
2025-01-28,12:45:28,RNAZ,"""TransCode Therapeutics, Inc. Common Stock""",Nasdaq,LULD pause,2025-01-28,12:50:28
2025-01-28,12:45:10,WHLRL,"""Wheeler Real Estate Investment Trust, Inc. 7.00% Senior Subordinated Convertible Notes Due 2031""",Nasdaq,LULD pause,2025-01-28,12:50:10
2025-01-28,12:39:21,TWNPV,Twin Hospitality Group Inc. Class A Common Stock When-Issued,Nasdaq,LULD pause,2025-01-28,13:19:22
2025-01-28,12:33:03,RFAC,RF Acquisition Corp. Class A Common Stock,Nasdaq,LULD pause,2025-01-28,12:43:09
2025-01-28,12:22:35,RFAC,RF Acquisition Corp. Class A Common Stock,Nasdaq,LULD pause,2025-01-28,12:32:35
2025-01-28,11:59:25,RNAZ,"""TransCode Therapeutics, Inc. Common Stock""",Nasdaq,LULD pause,2025-01-28,12:04:25
2025-01-28,11:54:47,RFAC,RF Acquisition Corp. Class A Common Stock,Nasdaq,LULD pause,2025-01-28,12:04:47
2025-01-28,11:50:00,RNAZ,"""TransCode Therapeutics, Inc. Common Stock""",Nasdaq,LULD pause,2025-01-28,11:55:00
2025-01-28,11:49:29,DXF,"""Eason Technology Limited American Depositary Shares (each representing sixty-thousand (60,000) Ordinary Shares)""",NYSE American,LULD pause,2025-01-28,11:59:29
2025-01-28,11:43:23,RFAC,RF Acquisition Corp. Class A Common Stock,Nasdaq,LULD pause,2025-01-28,11:48:23
2025-01-28,11:43:17,TWNPV,Twin Hospitality Group Inc. Class A Common Stock When-Issued,Nasdaq,LULD pause,2025-01-28,12:33:18
2025-01-28,11:41:37,DXF,"""Eason Technology Limited American Depositary Shares (each representing sixty-thousand (60,000) Ordinary Shares)""",NYSE American,LULD pause,2025-01-28,11:46:37
2025-01-28,11:36:00,RFAC,RF Acquisition Corp. Class A Common Stock,Nasdaq,LULD pause,2025-01-28,11:41:00
2025-01-28,11:29:28,RFAC,RF Acquisition Corp. Class A Common Stock,Nasdaq,LULD pause,2025-01-28,11:34:28
2025-01-28,11:23:34,RFAC,RF Acquisition Corp. Class A Common Stock,Nasdaq,LULD pause,2025-01-28,11:28:34
2025-01-28,11:13:13,RFAC,RF Acquisition Corp. Class A Common Stock,Nasdaq,LULD pause,2025-01-28,11:23:13
2025-01-28,11:09:54,RNAZ,"""TransCode Therapeutics, Inc. Common Stock""",Nasdaq,LULD pause,2025-01-28,11:14:54
2025-01-28,10:58:42,MBIO,"""Mustang Bio, Inc.""",Nasdaq,LULD pause,2025-01-28,11:08:42
2025-01-28,10:52:05,MBIO,"""Mustang Bio, Inc.""",Nasdaq,LULD pause,2025-01-28,10:57:05
2025-01-28,10:51:51,RNAZ,"""TransCode Therapeutics, Inc. Common Stock""",Nasdaq,LULD pause,2025-01-28,10:56:51
2025-01-28,10:44:31,MBIO,"""Mustang Bio, Inc.""",Nasdaq,LULD pause,2025-01-28,10:49:31
2025-01-28,10:39:25,DGNX,Diginex Limited Ordinary Shares,Nasdaq,LULD pause,2025-01-28,10:49:25
2025-01-28,10:31:01,RNAZ,"""TransCode Therapeutics, Inc. Common Stock""",Nasdaq,LULD pause,2025-01-28,10:41:01
2025-01-28,10:30:43,DGNX,Diginex Limited Ordinary Shares,Nasdaq,LULD pause,2025-01-28,10:35:43
2025-01-28,10:29:01,JL,J-Long Group Limited Ordinary Shares,Nasdaq,LULD pause,2025-01-28,10:39:01
2025-01-28,10:21:53,SLXN,Silexion Therapeutics Corp Ordinary Shares,Nasdaq,LULD pause,2025-01-28,10:26:53
2025-01-28,10:18:26,JL,J-Long Group Limited Ordinary Shares,Nasdaq,LULD pause,2025-01-28,10:28:26
2025-01-28,10:17:50,DXF,"""Eason Technology Limited American Depositary Shares (each representing sixty-thousand (60,000) Ordinary Shares)""",NYSE American,LULD pause,2025-01-28,10:32:50
2025-01-28,10:13:11,JL,J-Long Group Limited Ordinary Shares,Nasdaq,LULD pause,2025-01-28,10:18:11
2025-01-28,10:09:11,JG,Aurora Mobile Limited American Depositary Shares,Nasdaq,LULD pause,2025-01-28,10:19:11
2025-01-28,10:07:53,DXF,"""Eason Technology Limited American Depositary Shares (each representing sixty-thousand (60,000) Ordinary Shares)""",NYSE American,LULD pause,2025-01-28,10:12:53
2025-01-28,10:07:49,JL,J-Long Group Limited Ordinary Shares,Nasdaq,LULD pause,2025-01-28,10:12:49
2025-01-28,10:07:02,RNAZ,"""TransCode Therapeutics, Inc. Common Stock""",Nasdaq,LULD pause,2025-01-28,10:12:02
2025-01-28,10:06:50,BLBX,Blackboxstocks Inc. Common Stock,Nasdaq,LULD pause,2025-01-28,10:16:50
2025-01-28,10:02:21,JL,J-Long Group Limited Ordinary Shares,Nasdaq,LULD pause,2025-01-28,10:07:21
2025-01-28,09:54:49,RNAZ,"""TransCode Therapeutics, Inc. Common Stock""",Nasdaq,LULD pause,2025-01-28,09:59:49
2025-01-28,09:50:39,BLBX,Blackboxstocks Inc. Common Stock,Nasdaq,LULD pause,2025-01-28,10:00:39
2025-01-28,09:48:04,RNAZ,"""TransCode Therapeutics, Inc. Common Stock""",Nasdaq,LULD pause,2025-01-28,09:53:04
2025-01-28,09:44:21,BLBX,Blackboxstocks Inc. Common Stock,Nasdaq,LULD pause,2025-01-28,09:49:21
2025-01-28,09:43:48,FMTO,Femto Technologies Inc. Common Stock,Nasdaq,LULD pause,2025-01-28,09:48:48
2025-01-28,09:42:28,RNAZ,"""TransCode Therapeutics, Inc. Common Stock""",Nasdaq,LULD pause,2025-01-28,09:47:28
2025-01-28,09:41:00,SLXN,Silexion Therapeutics Corp Ordinary Shares,Nasdaq,LULD pause,2025-01-28,09:46:00
2025-01-28,09:37:44,NVNI,Nvni Group Limited Ordinary Shares,Nasdaq,LULD pause,2025-01-28,09:47:44
2025-01-28,09:37:41,LSE,"""Leishen Energy Holding Co., Ltd. Ordinary Shares""",Nasdaq,LULD pause,2025-01-28,09:42:41
2025-01-28,09:36:43,DXF,"""Eason Technology Limited American Depositary Shares (each representing sixty-thousand (60,000) Ordinary Shares)""",NYSE American,LULD pause,2025-01-28,09:41:43
2025-01-28,09:33:18,FMTO,Femto Technologies Inc. Common Stock,Nasdaq,LULD pause,2025-01-28,09:38:18
2025-01-28,09:33:09,SLXN,Silexion Therapeutics Corp Ordinary Shares,Nasdaq,LULD pause,2025-01-28,09:38:09
2025-01-28,09:32:08,RNAZ,"""TransCode Therapeutics, Inc. Common Stock""",Nasdaq,LULD pause,2025-01-28,09:37:08
2025-01-28,09:31:21,DXF,"""Eason Technology Limited American Depositary Shares (each representing sixty-thousand (60,000) Ordinary Shares)""",NYSE American,LULD pause,2025-01-28,09:36:21
2025-01-28,09:30:27,BQ,Boqii Holding Limited American Depositary Shares (each representing fifteen (150) Class A Ordinary Shares),NYSE American,LULD pause,2025-01-28,09:35:27
2025-01-28,07:10:03,NEP,"""NextEra Energy Partners, LP""",NYSE,News pending,2025-01-28,07:47:38
2025-01-27,19:50:00,WHLRP,"""Wheeler Real Estate Investment Trust, Inc. Preferred Stock""",Nasdaq,News pending,,
2025-01-27,19:50:00,WHLRP,"""Wheeler Real Estate Investment Trust, Inc. Preferred Stock""",Nasdaq,News pending,2025-01-28,09:05:00
2025-01-27,19:50:00,WHLRL,"""Wheeler Real Estate Investment Trust, Inc. 7.00% Senior Subordinated Convertible Notes Due 2031""",Nasdaq,News pending,2025-01-28,09:05:00
2025-01-27,19:50:00,WHLRL,"""Wheeler Real Estate Investment Trust, Inc. 7.00% Senior Subordinated Convertible Notes Due 2031""",Nasdaq,News pending,,
2025-01-27,19:50:00,WHLRD,"""Wheeler Real Estate Investment Trust, Inc. Series D Cumulative Preferred Stock""",Nasdaq,News pending,2025-01-28,09:05:00
2025-01-27,19:50:00,WHLRD,"""Wheeler Real Estate Investment Trust, Inc. Series D Cumulative Preferred Stock""",Nasdaq,News pending,,
2025-01-27,19:50:00,REVBW,"""Revelation Biosciences, Inc. Warrant""",Nasdaq,News pending,2025-01-28,09:05:00
2025-01-27,19:50:00,REVBW,"""Revelation Biosciences, Inc. Warrant""",Nasdaq,News pending,,
2025-01-27,19:50:00,INKT,"""MiNK Therapeutics, Inc. Common Stock""",Nasdaq,News pending,,
2025-01-27,19:50:00,INKT,"""MiNK Therapeutics, Inc. Common Stock""",Nasdaq,News pending,2025-01-28,09:00:00
2025-01-27,19:50:00,WHLR,"""Wheeler Real Estate Investment Trust, Inc""",Nasdaq,News pending,2025-01-28,09:00:00
2025-01-27,19:50:00,WHLR,"""Wheeler Real Estate Investment Trust, Inc""",Nasdaq,News pending,,
2025-01-27,19:50:00,VINC,"""Vincerx Pharma, Inc. Common Stock""",Nasdaq,News pending,,
2025-01-27,19:50:00,VINC,"""Vincerx Pharma, Inc. Common Stock""",Nasdaq,News pending,2025-01-28,09:00:00
2025-01-27,19:50:00,REVB,"""Revelation Biosciences, Inc. Common Stock""",Nasdaq,News pending,,
2025-01-27,19:50:00,REVB,"""Revelation Biosciences, Inc. Common Stock""",Nasdaq,News pending,2025-01-28,09:00:00
2025-01-27,17:51:32,ATHE,Alterity Therapeutics Limited American Depositary Shares,Nasdaq,News pending,2025-01-29,19:00:00
2025-01-27,17:51:32,ATHE,Alterity Therapeutics Limited American Depositary Shares,Nasdaq,News pending,,
2025-01-27,15:25:38,DXF,"""Eason Technology Limited American Depositary Shares (each representing sixty-thousand (60,000) Ordinary Shares)""",NYSE American,LULD pause,2025-01-27,15:30:38
2025-01-27,15:19:00,DXF,"""Eason Technology Limited American Depositary Shares (each representing sixty-thousand (60,000) Ordinary Shares)""",NYSE American,LULD pause,2025-01-27,15:24:00
2025-01-27,15:15:16,PCLA,PicoCELA Inc. American Depositary Shares,Nasdaq,LULD pause,2025-01-27,15:25:16
2025-01-27,15:10:08,DXF,"""Eason Technology Limited American Depositary Shares (each representing sixty-thousand (60,000) Ordinary Shares)""",NYSE American,LULD pause,2025-01-27,15:15:08
2025-01-27,14:57:29,JG,Aurora Mobile Limited American Depositary Shares,Nasdaq,LULD pause,2025-01-27,15:07:29
2025-01-27,14:46:28,DXF,"""Eason Technology Limited American Depositary Shares (each representing sixty-thousand (60,000) Ordinary Shares)""",NYSE American,LULD pause,2025-01-27,14:57:45
2025-01-27,14:14:39,GITS,"""Global Interactive Technologies, Inc. Common Stock""",Nasdaq,LULD pause,2025-01-27,14:24:40
2025-01-27,14:14:11,MSW,Ming Shing Group Holdings Limited Ordinary Shares,Nasdaq,LULD pause,2025-01-27,14:24:11
2025-01-27,14:07:26,MSW,Ming Shing Group Holdings Limited Ordinary Shares,Nasdaq,LULD pause,2025-01-27,14:12:26
2025-01-27,13:54:01,JG,Aurora Mobile Limited American Depositary Shares,Nasdaq,LULD pause,2025-01-27,14:04:01
2025-01-27,13:29:46,TEKX,SPDR Galaxy Transformative Tech Accelerators ETF,Nasdaq,LULD pause,2025-01-27,13:34:46
2025-01-27,13:22:23,TC,TuanChe Limited American Depositary Shares,Nasdaq,LULD pause,2025-01-27,13:27:23
2025-01-27,13:08:46,TC,TuanChe Limited American Depositary Shares,Nasdaq,LULD pause,2025-01-27,13:13:46
2025-01-27,12:55:37,JG,Aurora Mobile Limited American Depositary Shares,Nasdaq,LULD pause,2025-01-27,13:00:37
2025-01-27,12:55:19,ORKT,Orangekloud Technology Inc. Class A Ordinary Shares,Nasdaq,LULD pause,2025-01-27,13:00:19
2025-01-27,12:53:04,YIBO,Planet Image International Limited Class A Ordinary Shares,Nasdaq,LULD pause,2025-01-27,12:58:04
2025-01-27,12:42:40,JL,J-Long Group Limited Ordinary Shares,Nasdaq,LULD pause,2025-01-27,12:52:41
2025-01-27,12:41:58,DWTX,"""Dogwood Therapeutics, Inc. Common Stock""",Nasdaq,LULD pause,2025-01-27,12:46:58
2025-01-27,12:39:33,YIBO,Planet Image International Limited Class A Ordinary Shares,Nasdaq,LULD pause,2025-01-27,12:49:33
2025-01-27,12:33:39,ORKT,Orangekloud Technology Inc. Class A Ordinary Shares,Nasdaq,LULD pause,2025-01-27,12:38:39
2025-01-27,12:32:28,YIBO,Planet Image International Limited Class A Ordinary Shares,Nasdaq,LULD pause,2025-01-27,12:37:28
2025-01-27,12:29:30,DWTX,"""Dogwood Therapeutics, Inc. Common Stock""",Nasdaq,LULD pause,2025-01-27,12:39:31
2025-01-27,12:29:30,RFACU,RF Acquisition Corp. Unit,Nasdaq,LULD pause,2025-01-27,12:34:30
2025-01-27,12:27:36,ORKT,Orangekloud Technology Inc. Class A Ordinary Shares,Nasdaq,LULD pause,2025-01-27,12:32:36
2025-01-27,12:24:55,YIBO,Planet Image International Limited Class A Ordinary Shares,Nasdaq,LULD pause,2025-01-27,12:29:55
2025-01-27,12:20:43,JL,J-Long Group Limited Ordinary Shares,Nasdaq,LULD pause,2025-01-27,12:30:43
2025-01-27,12:18:21,YIBO,Planet Image International Limited Class A Ordinary Shares,Nasdaq,LULD pause,2025-01-27,12:23:21
2025-01-27,12:16:31,TC,TuanChe Limited American Depositary Shares,Nasdaq,LULD pause,2025-01-27,12:26:31
2025-01-27,12:15:05,MTEN,Mingteng International Corporation Inc. Ordinary Shares,Nasdaq,LULD pause,2025-01-27,12:20:05
2025-01-27,12:12:41,JL,J-Long Group Limited Ordinary Shares,Nasdaq,LULD pause,2025-01-27,12:17:41
2025-01-27,12:09:51,ORKT,Orangekloud Technology Inc. Class A Ordinary Shares,Nasdaq,LULD pause,2025-01-27,12:14:51
2025-01-27,12:07:53,YIBO,Planet Image International Limited Class A Ordinary Shares,Nasdaq,LULD pause,2025-01-27,12:17:53
2025-01-27,12:07:13,JL,J-Long Group Limited Ordinary Shares,Nasdaq,LULD pause,2025-01-27,12:12:13
2025-01-27,12:04:26,MTEN,Mingteng International Corporation Inc. Ordinary Shares,Nasdaq,LULD pause,2025-01-27,12:09:26
2025-01-27,12:02:18,JZXN,"""Jiuzi Holdings, Inc. Ordinary Shares""",Nasdaq,LULD pause,2025-01-27,12:07:18
2025-01-27,12:02:13,YIBO,Planet Image International Limited Class A Ordinary Shares,Nasdaq,LULD pause,2025-01-27,12:07:13
2025-01-27,11:59:21,TC,TuanChe Limited American Depositary Shares,Nasdaq,LULD pause,2025-01-27,12:09:22
2025-01-27,11:56:53,JL,J-Long Group Limited Ordinary Shares,Nasdaq,LULD pause,2025-01-27,12:06:53
2025-01-27,11:56:51,YHGJ,Yunhong Green CTI Ltd. Common Stock,Nasdaq,LULD pause,2025-01-27,12:01:51
2025-01-27,11:56:32,YIBO,Planet Image International Limited Class A Ordinary Shares,Nasdaq,LULD pause,2025-01-27,12:01:32
2025-01-27,11:53:10,RGC,Regencell Bioscience Holdings Limited Ordinary Shares,Nasdaq,LULD pause,2025-01-27,11:58:10
2025-01-27,11:51:29,YHGJ,Yunhong Green CTI Ltd. Common Stock,Nasdaq,LULD pause,2025-01-27,11:56:29
2025-01-27,11:46:51,RGC,Regencell Bioscience Holdings Limited Ordinary Shares,Nasdaq,LULD pause,2025-01-27,11:51:51
2025-01-27,11:45:58,YHGJ,Yunhong Green CTI Ltd. Common Stock,Nasdaq,LULD pause,2025-01-27,11:50:58
2025-01-27,11:41:12,RGC,Regencell Bioscience Holdings Limited Ordinary Shares,Nasdaq,LULD pause,2025-01-27,11:46:12
2025-01-27,11:40:26,YHGJ,Yunhong Green CTI Ltd. Common Stock,Nasdaq,LULD pause,2025-01-27,11:45:26
2025-01-27,11:39:56,JL,J-Long Group Limited Ordinary Shares,Nasdaq,LULD pause,2025-01-27,11:56:09
2025-01-27,11:34:27,JL,J-Long Group Limited Ordinary Shares,Nasdaq,LULD pause,2025-01-27,11:39:27
2025-01-27,11:28:51,SPAI,Safe Pro Group Inc. Common Stock,Nasdaq,LULD pause,2025-01-27,11:33:51
2025-01-27,11:25:06,RGC,Regencell Bioscience Holdings Limited Ordinary Shares,Nasdaq,LULD pause,2025-01-27,11:40:07
2025-01-27,11:24:21,WOK,WORK Medical Technology Group LTD Ordinary Shares,Nasdaq,LULD pause,2025-01-27,11:34:21
2025-01-27,11:20:39,RFAC,RF Acquisition Corp. Class A Common Stock,Nasdaq,LULD pause,2025-01-27,11:25:39
2025-01-27,11:19:00,JL,J-Long Group Limited Ordinary Shares,Nasdaq,LULD pause,2025-01-27,11:34:01
2025-01-27,11:18:54,WOK,WORK Medical Technology Group LTD Ordinary Shares,Nasdaq,LULD pause,2025-01-27,11:23:54
2025-01-27,11:17:49,YIBO,Planet Image International Limited Class A Ordinary Shares,Nasdaq,LULD pause,2025-01-27,11:54:10
2025-01-27,11:13:40,JL,J-Long Group Limited Ordinary Shares,Nasdaq,LULD pause,2025-01-27,11:18:40
2025-01-27,11:12:43,WOK,WORK Medical Technology Group LTD Ordinary Shares,Nasdaq,LULD pause,2025-01-27,11:17:43
2025-01-27,11:11:33,DXF,"""Eason Technology Limited American Depositary Shares (each representing sixty-thousand (60,000) Ordinary Shares)""",NYSE American,LULD pause,2025-01-27,11:16:33
2025-01-27,11:09:28,RGC,Regencell Bioscience Holdings Limited Ordinary Shares,Nasdaq,LULD pause,2025-01-27,11:19:29
2025-01-27,11:07:01,JL,J-Long Group Limited Ordinary Shares,Nasdaq,LULD pause,2025-01-27,11:12:01
2025-01-27,11:04:21,YIBO,Planet Image International Limited Class A Ordinary Shares,Nasdaq,LULD pause,2025-01-27,11:09:21
2025-01-27,10:56:41,DWTX,"""Dogwood Therapeutics, Inc. Common Stock""",Nasdaq,LULD pause,2025-01-27,11:01:41
2025-01-27,10:56:29,JL,J-Long Group Limited Ordinary Shares,Nasdaq,LULD pause,2025-01-27,11:06:30
2025-01-27,10:56:06,DXF,"""Eason Technology Limited American Depositary Shares (each representing sixty-thousand (60,000) Ordinary Shares)""",NYSE American,LULD pause,2025-01-27,11:01:06
2025-01-27,10:50:47,YIBO,Planet Image International Limited Class A Ordinary Shares,Nasdaq,LULD pause,2025-01-27,11:00:47
2025-01-27,10:40:24,YIBO,Planet Image International Limited Class A Ordinary Shares,Nasdaq,LULD pause,2025-01-27,10:45:24
2025-01-27,10:35:53,DXF,"""Eason Technology Limited American Depositary Shares (each representing sixty-thousand (60,000) Ordinary Shares)""",NYSE American,LULD pause,2025-01-27,10:40:53
2025-01-27,10:32:05,YIBO,Planet Image International Limited Class A Ordinary Shares,Nasdaq,LULD pause,2025-01-27,10:37:05
2025-01-27,10:26:19,JG,Aurora Mobile Limited American Depositary Shares,Nasdaq,LULD pause,2025-01-27,10:31:19
2025-01-27,10:23:51,DXF,"""Eason Technology Limited American Depositary Shares (each representing sixty-thousand (60,000) Ordinary Shares)""",NYSE American,LULD pause,2025-01-27,10:28:51
2025-01-27,10:23:42,NVNI,Nvni Group Limited Ordinary Shares,Nasdaq,LULD pause,2025-01-27,10:28:42
2025-01-27,10:21:44,YIBO,Planet Image International Limited Class A Ordinary Shares,Nasdaq,LULD pause,2025-01-27,10:26:44
2025-01-27,10:15:54,DGNX,Diginex Limited Ordinary Shares,Nasdaq,LULD pause,2025-01-27,10:20:54
2025-01-27,10:15:18,NVNI,Nvni Group Limited Ordinary Shares,Nasdaq,LULD pause,2025-01-27,10:20:18
2025-01-27,10:10:42,DOGZ,Dogness (International) Corporation Class A Common Stock,Nasdaq,LULD pause,2025-01-27,10:27:15
2025-01-27,10:09:05,YIBO,Planet Image International Limited Class A Ordinary Shares,Nasdaq,LULD pause,2025-01-27,10:19:05
2025-01-27,10:07:37,NVNI,Nvni Group Limited Ordinary Shares,Nasdaq,LULD pause,2025-01-27,10:12:37
2025-01-27,10:04:55,DGNX,Diginex Limited Ordinary Shares,Nasdaq,LULD pause,2025-01-27,10:09:55
2025-01-27,09:58:40,YIBO,Planet Image International Limited Class A Ordinary Shares,Nasdaq,LULD pause,2025-01-27,10:08:40
2025-01-27,09:57:02,DOGZ,Dogness (International) Corporation Class A Common Stock,Nasdaq,LULD pause,2025-01-27,10:07:02
2025-01-27,09:53:19,GMHS,Gamehaus Holdings Inc. Class A Ordinary Shares,Nasdaq,LULD pause,2025-01-27,09:58:19
2025-01-27,09:52:58,GRAL,"""GRAIL, Inc. Common Stock""",Nasdaq,LULD pause,2025-01-27,09:57:58
2025-01-27,09:52:16,YIBO,Planet Image International Limited Class A Ordinary Shares,Nasdaq,LULD pause,2025-01-27,09:57:16
2025-01-27,09:50:39,NVNI,Nvni Group Limited Ordinary Shares,Nasdaq,LULD pause,2025-01-27,10:04:57
2025-01-27,09:47:43,DWTX,"""Dogwood Therapeutics, Inc. Common Stock""",Nasdaq,LULD pause,2025-01-27,09:52:43
2025-01-27,09:41:58,DXF,"""Eason Technology Limited American Depositary Shares (each representing sixty-thousand (60,000) Ordinary Shares)""",NYSE American,LULD pause,2025-01-27,09:51:58
2025-01-27,09:41:10,BZAI,"""Blaize Holdings, Inc. Common Stock""",Nasdaq,LULD pause,2025-01-27,09:46:10
2025-01-27,09:39:00,DWTX,"""Dogwood Therapeutics, Inc. Common Stock""",Nasdaq,LULD pause,2025-01-27,09:44:00
2025-01-27,09:38:45,NEUP,Neuphoria Therapeutics Inc. Common Stock,Nasdaq,LULD pause,2025-01-27,09:43:45
2025-01-27,09:38:26,ONCO,"""Onconetix, Inc. Common Stock""",Nasdaq,LULD pause,2025-01-27,09:43:26
2025-01-27,09:37:37,JG,Aurora Mobile Limited American Depositary Shares,Nasdaq,LULD pause,2025-01-27,09:42:37
2025-01-27,09:37:27,GRAL,"""GRAIL, Inc. Common Stock""",Nasdaq,LULD pause,2025-01-27,09:47:27
2025-01-27,09:36:49,ALUR,"""Allurion Technologies, Inc.""",NYSE,LULD pause,2025-01-27,09:42:05
2025-01-27,09:35:30,NVNI,Nvni Group Limited Ordinary Shares,Nasdaq,LULD pause,2025-01-27,09:40:30
2025-01-27,09:31:32,DXF,"""Eason Technology Limited American Depositary Shares (each representing sixty-thousand (60,000) Ordinary Shares)""",NYSE American,LULD pause,2025-01-27,09:41:32
2025-01-27,09:30:15,DEXC,Dimensional Emerging Markets ex China Core Equity ETF,NYSE Arca,LULD pause,2025-01-27,09:35:15
2025-01-27,09:30:15,SURI,Simplify Propel Opportunities ETF,NYSE Arca,LULD pause,2025-01-27,09:35:15
2025-01-27,09:30:15,IBO,"""Impact BioMedical, Inc.""",NYSE American,LULD pause,2025-01-27,09:35:15
2025-01-27,08:55:41,B,Barnes Group Inc.,NYSE,Merger Effective,,
2025-01-27,06:55:00,ALLK,Allakos Inc.,Nasdaq,News pending,2025-01-27,07:30:00
2025-01-24,19:50:00,CDTTW,Conduit Pharmaceuticals Inc. Warrant,Nasdaq,News pending,,
2025-01-24,19:50:00,CDTTW,Conduit Pharmaceuticals Inc. Warrant,Nasdaq,News pending,2025-01-27,09:05:00
2025-01-24,19:50:00,IVP,"""Inspire Veterinary Partners, Inc. Class A Common Stock""",Nasdaq,News pending,,
2025-01-24,19:50:00,IVP,"""Inspire Veterinary Partners, Inc. Class A Common Stock""",Nasdaq,News pending,2025-01-27,09:00:00
2025-01-24,19:50:00,ENVB,"""Enveric Biosciences, Inc. Common Stock""",Nasdaq,News pending,,
2025-01-24,19:50:00,ENVB,"""Enveric Biosciences, Inc. Common Stock""",Nasdaq,News pending,2025-01-27,09:00:00
2025-01-24,19:50:00,HAO,Haoxi Health Technology Limited Class A Ordinary Shares,Nasdaq,News pending,2025-01-27,09:00:00
2025-01-24,19:50:00,HAO,Haoxi Health Technology Limited Class A Ordinary Shares,Nasdaq,News pending,,
2025-01-24,19:50:00,BNGO,"""Bionano Genomics, Inc. Common Stock""",Nasdaq,News pending,,
2025-01-24,19:50:00,BNGO,"""Bionano Genomics, Inc. Common Stock""",Nasdaq,News pending,2025-01-27,09:00:00
2025-01-24,19:50:00,GITS,"""Global Interactive Technologies, Inc. Common Stock""",Nasdaq,News pending,2025-01-27,09:00:00
2025-01-24,19:50:00,GITS,"""Global Interactive Technologies, Inc. Common Stock""",Nasdaq,News pending,,
2025-01-24,19:50:00,CDT,Conduit Pharmaceuticals Inc. Common Stock,Nasdaq,News pending,2025-01-27,09:00:00
2025-01-24,19:50:00,CDT,Conduit Pharmaceuticals Inc. Common Stock,Nasdaq,News pending,,
2025-01-24,17:35:47,LGTY,"""Logility Supply Chain Solutions, Inc. Common Stock""",Nasdaq,News pending,2025-01-24,18:20:00
2025-01-24,15:56:02,RFAC,RF Acquisition Corp. Class A Common Stock,Nasdaq,LULD pause,2025-01-24,16:00:00
2025-01-24,15:37:00,LSE,"""Leishen Energy Holding Co., Ltd. Ordinary Shares""",Nasdaq,LULD pause,2025-01-24,15:42:00
2025-01-24,15:32:47,DXF,"""Eason Technology Limited American Depositary Shares (each representing sixty-thousand (60,000) Ordinary Shares)""",NYSE American,LULD pause,2025-01-24,15:37:47
2025-01-24,15:26:22,DXF,"""Eason Technology Limited American Depositary Shares (each representing sixty-thousand (60,000) Ordinary Shares)""",NYSE American,LULD pause,2025-01-24,15:31:22
2025-01-24,15:17:17,DXF,"""Eason Technology Limited American Depositary Shares (each representing sixty-thousand (60,000) Ordinary Shares)""",NYSE American,LULD pause,2025-01-24,15:22:17
2025-01-24,15:13:07,LSE,"""Leishen Energy Holding Co., Ltd. Ordinary Shares""",Nasdaq,LULD pause,2025-01-24,15:28:08
2025-01-24,15:02:21,DXF,"""Eason Technology Limited American Depositary Shares (each representing sixty-thousand (60,000) Ordinary Shares)""",NYSE American,LULD pause,2025-01-24,15:12:21
2025-01-24,15:00:42,RFAC,RF Acquisition Corp. Class A Common Stock,Nasdaq,LULD pause,2025-01-24,15:10:42
2025-01-24,14:56:39,DXF,"""Eason Technology Limited American Depositary Shares (each representing sixty-thousand (60,000) Ordinary Shares)""",NYSE American,LULD pause,2025-01-24,15:01:39
2025-01-24,14:49:57,DXF,"""Eason Technology Limited American Depositary Shares (each representing sixty-thousand (60,000) Ordinary Shares)""",NYSE American,LULD pause,2025-01-24,14:54:57
2025-01-24,14:38:40,LSE,"""Leishen Energy Holding Co., Ltd. Ordinary Shares""",Nasdaq,LULD pause,2025-01-24,14:48:40
2025-01-24,14:29:03,CREV,Carbon Revolution Public Limited Ordinary Shares,Nasdaq,LULD pause,2025-01-24,14:39:03
2025-01-24,14:24:37,DXF,"""Eason Technology Limited American Depositary Shares (each representing sixty-thousand (60,000) Ordinary Shares)""",NYSE American,LULD pause,2025-01-24,14:42:33
2025-01-24,14:12:26,PCLA,PicoCELA Inc. American Depositary Shares,Nasdaq,LULD pause,2025-01-24,14:17:26
2025-01-24,14:11:30,CREV,Carbon Revolution Public Limited Ordinary Shares,Nasdaq,LULD pause,2025-01-24,14:21:30
2025-01-24,14:11:25,NXTT,Next Technology Holding Inc. Ordinary Shares,Nasdaq,LULD pause,2025-01-24,14:16:25
2025-01-24,14:08:49,GODN,Golden Star Acquisition Corporation Ordinary Shares,Nasdaq,LULD pause,2025-01-24,14:13:49
2025-01-24,14:05:28,CREV,Carbon Revolution Public Limited Ordinary Shares,Nasdaq,LULD pause,2025-01-24,14:10:28
2025-01-24,14:00:59,GODNU,Golden Star Acquisition Corporation Unit,Nasdaq,LULD pause,2025-01-24,14:11:25
2025-01-24,13:54:33,CREV,Carbon Revolution Public Limited Ordinary Shares,Nasdaq,LULD pause,2025-01-24,13:59:33
2025-01-24,13:47:58,CREV,Carbon Revolution Public Limited Ordinary Shares,Nasdaq,LULD pause,2025-01-24,13:52:58
2025-01-24,13:47:33,NEUP,Neuphoria Therapeutics Inc. Common Stock,Nasdaq,LULD pause,2025-01-24,13:52:33
2025-01-24,13:46:58,NXTT,Next Technology Holding Inc. Ordinary Shares,Nasdaq,LULD pause,2025-01-24,13:51:58
2025-01-24,13:45:18,GODNU,Golden Star Acquisition Corporation Unit,Nasdaq,LULD pause,2025-01-24,14:00:19
2025-01-24,13:37:35,NXTT,Next Technology Holding Inc. Ordinary Shares,Nasdaq,LULD pause,2025-01-24,13:42:35
2025-01-24,13:35:40,NEUP,Neuphoria Therapeutics Inc. Common Stock,Nasdaq,LULD pause,2025-01-24,13:40:40
2025-01-24,13:34:34,PRFX,PainReform Ltd. Ordinary Shares,Nasdaq,LULD pause,2025-01-24,13:44:34
2025-01-24,13:31:41,NXTT,Next Technology Holding Inc. Ordinary Shares,Nasdaq,LULD pause,2025-01-24,13:36:41
2025-01-24,13:25:34,NXTT,Next Technology Holding Inc. Ordinary Shares,Nasdaq,LULD pause,2025-01-24,13:30:34
2025-01-24,13:24:10,GODNU,Golden Star Acquisition Corporation Unit,Nasdaq,LULD pause,2025-01-24,13:44:10
2025-01-24,13:23:32,GODN,Golden Star Acquisition Corporation Ordinary Shares,Nasdaq,LULD pause,2025-01-24,14:08:32
2025-01-24,13:19:31,PRFX,PainReform Ltd. Ordinary Shares,Nasdaq,LULD pause,2025-01-24,13:24:31
2025-01-24,13:15:12,NXTT,Next Technology Holding Inc. Ordinary Shares,Nasdaq,LULD pause,2025-01-24,13:25:12
2025-01-24,13:13:33,NEUP,Neuphoria Therapeutics Inc. Common Stock,Nasdaq,LULD pause,2025-01-24,13:23:33
2025-01-24,13:04:33,NXTT,Next Technology Holding Inc. Ordinary Shares,Nasdaq,LULD pause,2025-01-24,13:14:33
2025-01-24,13:02:47,PRFX,PainReform Ltd. Ordinary Shares,Nasdaq,LULD pause,2025-01-24,13:12:47
2025-01-24,13:02:14,NEUP,Neuphoria Therapeutics Inc. Common Stock,Nasdaq,LULD pause,2025-01-24,13:07:14
2025-01-24,12:56:35,PRFX,PainReform Ltd. Ordinary Shares,Nasdaq,LULD pause,2025-01-24,13:01:35
2025-01-24,12:55:32,NEUP,Neuphoria Therapeutics Inc. Common Stock,Nasdaq,LULD pause,2025-01-24,13:00:32
2025-01-24,12:54:18,NXTT,Next Technology Holding Inc. Ordinary Shares,Nasdaq,LULD pause,2025-01-24,13:04:18
2025-01-24,12:49:02,NXTT,Next Technology Holding Inc. Ordinary Shares,Nasdaq,LULD pause,2025-01-24,12:54:02
2025-01-24,12:48:42,NEUP,Neuphoria Therapeutics Inc. Common Stock,Nasdaq,LULD pause,2025-01-24,12:53:42
2025-01-24,12:43:36,PRFX,PainReform Ltd. Ordinary Shares,Nasdaq,LULD pause,2025-01-24,12:53:36
2025-01-24,12:41:48,NEUP,Neuphoria Therapeutics Inc. Common Stock,Nasdaq,LULD pause,2025-01-24,12:46:48
2025-01-24,12:35:40,NEUP,Neuphoria Therapeutics Inc. Common Stock,Nasdaq,LULD pause,2025-01-24,12:40:40
2025-01-24,12:34:48,PRFX,PainReform Ltd. Ordinary Shares,Nasdaq,LULD pause,2025-01-24,12:39:48
2025-01-24,12:20:34,PRFX,PainReform Ltd. Ordinary Shares,Nasdaq,LULD pause,2025-01-24,12:25:34
2025-01-24,12:15:02,NEUP,Neuphoria Therapeutics Inc. Common Stock,Nasdaq,LULD pause,2025-01-24,12:35:03
2025-01-24,12:03:18,NEUP,Neuphoria Therapeutics Inc. Common Stock,Nasdaq,LULD pause,2025-01-24,12:13:19
2025-01-24,11:57:52,NEUP,Neuphoria Therapeutics Inc. Common Stock,Nasdaq,LULD pause,2025-01-24,12:02:52
2025-01-24,11:46:34,NEUP,Neuphoria Therapeutics Inc. Common Stock,Nasdaq,LULD pause,2025-01-24,11:56:34
2025-01-24,11:45:22,GODNU,Golden Star Acquisition Corporation Unit,Nasdaq,LULD pause,2025-01-24,11:50:22
2025-01-24,11:36:34,NEUP,Neuphoria Therapeutics Inc. Common Stock,Nasdaq,LULD pause,2025-01-24,11:41:34
2025-01-24,11:30:51,NEUP,Neuphoria Therapeutics Inc. Common Stock,Nasdaq,LULD pause,2025-01-24,11:35:51
2025-01-24,11:29:13,GODN,Golden Star Acquisition Corporation Ordinary Shares,Nasdaq,LULD pause,2025-01-24,11:34:13
2025-01-24,11:25:35,GODNU,Golden Star Acquisition Corporation Unit,Nasdaq,LULD pause,2025-01-24,11:30:35
2025-01-24,11:23:55,GODN,Golden Star Acquisition Corporation Ordinary Shares,Nasdaq,LULD pause,2025-01-24,11:28:55
2025-01-24,11:19:17,NEUP,Neuphoria Therapeutics Inc. Common Stock,Nasdaq,LULD pause,2025-01-24,11:24:17
2025-01-24,11:08:39,GODN,Golden Star Acquisition Corporation Ordinary Shares,Nasdaq,LULD pause,2025-01-24,11:23:39
2025-01-24,11:03:09,GODN,Golden Star Acquisition Corporation Ordinary Shares,Nasdaq,LULD pause,2025-01-24,11:08:09
2025-01-24,11:01:57,NEUP,Neuphoria Therapeutics Inc. Common Stock,Nasdaq,LULD pause,2025-01-24,11:06:57
2025-01-24,10:54:22,NEUP,Neuphoria Therapeutics Inc. Common Stock,Nasdaq,LULD pause,2025-01-24,10:59:22
2025-01-24,10:46:56,NEUP,Neuphoria Therapeutics Inc. Common Stock,Nasdaq,LULD pause,2025-01-24,10:51:56
2025-01-24,10:30:25,MMA,Mixed Martial Arts Group Limited,NYSE American,LULD pause,2025-01-24,10:35:25
2025-01-24,10:29:30,NEUP,Neuphoria Therapeutics Inc. Common Stock,Nasdaq,LULD pause,2025-01-24,10:34:30
2025-01-24,10:26:37,RNAZ,"""TransCode Therapeutics, Inc. Common Stock""",Nasdaq,LULD pause,2025-01-24,10:31:37
2025-01-24,10:20:44,EVAX,Evaxion Biotech A/S American Depositary Share,Nasdaq,LULD pause,2025-01-24,10:25:44
2025-01-24,10:19:50,NEUP,Neuphoria Therapeutics Inc. Common Stock,Nasdaq,LULD pause,2025-01-24,10:24:50
2025-01-24,10:16:45,SMX,SMX (Security Matters) Public Limited Company Class A Ordinary Shares,Nasdaq,LULD pause,2025-01-24,10:21:45
2025-01-24,10:14:49,ALUR,"""Allurion Technologies, Inc.""",NYSE,LULD pause,2025-01-24,10:19:49
2025-01-24,10:13:20,EVAX,Evaxion Biotech A/S American Depositary Share,Nasdaq,LULD pause,2025-01-24,10:18:20
2025-01-24,10:02:57,EVAX,Evaxion Biotech A/S American Depositary Share,Nasdaq,LULD pause,2025-01-24,10:07:57
2025-01-24,10:02:38,SMX,SMX (Security Matters) Public Limited Company Class A Ordinary Shares,Nasdaq,LULD pause,2025-01-24,10:12:39
2025-01-24,10:01:52,DGNX,Diginex Limited Ordinary Shares,Nasdaq,LULD pause,2025-01-24,10:06:52
2025-01-24,09:55:13,DGNX,Diginex Limited Ordinary Shares,Nasdaq,LULD pause,2025-01-24,10:00:13
2025-01-24,09:50:59,EVAX,Evaxion Biotech A/S American Depositary Share,Nasdaq,LULD pause,2025-01-24,09:55:59
2025-01-24,09:50:35,ALUR,"""Allurion Technologies, Inc.""",NYSE,LULD pause,2025-01-24,09:55:35
2025-01-24,09:50:13,RNAZ,"""TransCode Therapeutics, Inc. Common Stock""",Nasdaq,LULD pause,2025-01-24,10:00:14
2025-01-24,09:47:21,DGNX,Diginex Limited Ordinary Shares,Nasdaq,LULD pause,2025-01-24,09:52:21
2025-01-24,09:45:02,EVAX,Evaxion Biotech A/S American Depositary Share,Nasdaq,LULD pause,2025-01-24,09:50:02
2025-01-24,09:44:15,RNAZ,"""TransCode Therapeutics, Inc. Common Stock""",Nasdaq,LULD pause,2025-01-24,09:49:15
2025-01-24,09:42:41,ALUR,"""Allurion Technologies, Inc.""",NYSE,LULD pause,2025-01-24,09:47:43
2025-01-24,09:35:37,ALUR,"""Allurion Technologies, Inc.""",NYSE,LULD pause,2025-01-24,09:40:42
2025-01-24,09:30:15,DXF,"""Eason Technology Limited American Depositary Shares (each representing sixty-thousand (60,000) Ordinary Shares)""",NYSE American,LULD pause,2025-01-24,14:24:22
2025-01-23,19:50:00,YI,"""111, Inc. American Depositary Shares""",Nasdaq,News pending,2025-01-24,09:00:00
2025-01-23,19:50:00,YI,"""111, Inc. American Depositary Shares""",Nasdaq,News pending,,
2025-01-23,15:56:19,RNAZ,"""TransCode Therapeutics, Inc. Common Stock""",Nasdaq,LULD pause,2025-01-23,16:00:00
2025-01-23,15:54:10,SKBL,Skyline Builders Group Holding Limited Class A Ordinary Shares,Nasdaq,LULD pause,2025-01-23,16:00:00
2025-01-23,15:48:19,ALUR,"""Allurion Technologies, Inc.""",NYSE,LULD pause,2025-01-23,16:00:33
2025-01-23,15:35:54,RNAZ,"""TransCode Therapeutics, Inc. Common Stock""",Nasdaq,LULD pause,2025-01-23,15:48:27
2025-01-23,15:23:51,RNAZ,"""TransCode Therapeutics, Inc. Common Stock""",Nasdaq,LULD pause,2025-01-23,15:33:52
2025-01-23,15:13:20,RNAZ,"""TransCode Therapeutics, Inc. Common Stock""",Nasdaq,LULD pause,2025-01-23,15:23:20
2025-01-23,15:02:31,RNAZ,"""TransCode Therapeutics, Inc. Common Stock""",Nasdaq,LULD pause,2025-01-23,15:12:31
2025-01-23,14:51:53,RNAZ,"""TransCode Therapeutics, Inc. Common Stock""",Nasdaq,LULD pause,2025-01-23,15:01:54
2025-01-23,14:46:00,RNAZ,"""TransCode Therapeutics, Inc. Common Stock""",Nasdaq,LULD pause,2025-01-23,14:51:00
2025-01-23,14:22:48,RNAZ,"""TransCode Therapeutics, Inc. Common Stock""",Nasdaq,LULD pause,2025-01-23,14:27:48
2025-01-23,14:21:22,SKBL,Skyline Builders Group Holding Limited Class A Ordinary Shares,Nasdaq,LULD pause,2025-01-23,14:26:22
2025-01-23,14:12:51,SKBL,Skyline Builders Group Holding Limited Class A Ordinary Shares,Nasdaq,LULD pause,2025-01-23,14:17:51
2025-01-23,14:05:20,GODNU,Golden Star Acquisition Corporation Unit,Nasdaq,LULD pause,2025-01-23,14:15:20
2025-01-23,13:55:16,SKBL,Skyline Builders Group Holding Limited Class A Ordinary Shares,Nasdaq,LULD pause,2025-01-23,14:05:16
2025-01-23,13:48:45,MBIO,"""Mustang Bio, Inc.""",Nasdaq,LULD pause,2025-01-23,13:53:45
2025-01-23,13:41:50,RNAZ,"""TransCode Therapeutics, Inc. Common Stock""",Nasdaq,LULD pause,2025-01-23,13:51:50
2025-01-23,13:41:04,MCTR,CTRL Group Limited Ordinary Shares,Nasdaq,LULD pause,2025-01-23,13:46:04
2025-01-23,13:39:41,SKBL,Skyline Builders Group Holding Limited Class A Ordinary Shares,Nasdaq,LULD pause,2025-01-23,13:49:41
2025-01-23,13:26:32,SKBL,Skyline Builders Group Holding Limited Class A Ordinary Shares,Nasdaq,LULD pause,2025-01-23,13:31:32
2025-01-23,13:26:04,DGNX,Diginex Limited Ordinary Shares,Nasdaq,LULD pause,2025-01-23,13:36:04
2025-01-23,13:24:30,MCTR,CTRL Group Limited Ordinary Shares,Nasdaq,LULD pause,2025-01-23,13:34:30
2025-01-23,13:18:59,MCTR,CTRL Group Limited Ordinary Shares,Nasdaq,LULD pause,2025-01-23,13:23:59
2025-01-23,13:16:15,GODNU,Golden Star Acquisition Corporation Unit,Nasdaq,LULD pause,2025-01-23,13:21:15
2025-01-23,13:13:21,MCTR,CTRL Group Limited Ordinary Shares,Nasdaq,LULD pause,2025-01-23,13:18:21
2025-01-23,13:07:01,MCTR,CTRL Group Limited Ordinary Shares,Nasdaq,LULD pause,2025-01-23,13:12:01
2025-01-23,13:01:53,CHSN,Chanson International Holding Class A Ordinary Shares,Nasdaq,LULD pause,2025-01-23,13:06:53
2025-01-23,12:59:23,MCTR,CTRL Group Limited Ordinary Shares,Nasdaq,LULD pause,2025-01-23,13:04:23
2025-01-23,12:58:59,PBM,Psyence Biomedical Ltd. Common Shares,Nasdaq,LULD pause,2025-01-23,13:03:59
2025-01-23,12:58:10,DWTX,"""Dogwood Therapeutics, Inc. Common Stock""",Nasdaq,LULD pause,2025-01-23,13:03:10
2025-01-23,12:54:00,MCTR,CTRL Group Limited Ordinary Shares,Nasdaq,LULD pause,2025-01-23,12:59:00
2025-01-23,12:51:59,CHSN,Chanson International Holding Class A Ordinary Shares,Nasdaq,LULD pause,2025-01-23,12:56:59
2025-01-23,12:50:49,DWTX,"""Dogwood Therapeutics, Inc. Common Stock""",Nasdaq,LULD pause,2025-01-23,12:55:49
2025-01-23,12:41:31,DWTX,"""Dogwood Therapeutics, Inc. Common Stock""",Nasdaq,LULD pause,2025-01-23,12:46:31
2025-01-23,12:36:05,MCTR,CTRL Group Limited Ordinary Shares,Nasdaq,LULD pause,2025-01-23,12:41:05
2025-01-23,12:30:30,MCTR,CTRL Group Limited Ordinary Shares,Nasdaq,LULD pause,2025-01-23,12:35:30
2025-01-23,12:24:27,MCTR,CTRL Group Limited Ordinary Shares,Nasdaq,LULD pause,2025-01-23,12:29:27
2025-01-23,12:18:58,MCTR,CTRL Group Limited Ordinary Shares,Nasdaq,LULD pause,2025-01-23,12:23:58
2025-01-23,12:06:21,UPXI,"""Upexi, Inc. Common Stock""",Nasdaq,LULD pause,2025-01-23,12:11:21
2025-01-23,12:00:36,CHSN,Chanson International Holding Class A Ordinary Shares,Nasdaq,LULD pause,2025-01-23,12:05:36
2025-01-23,11:56:07,UPXI,"""Upexi, Inc. Common Stock""",Nasdaq,LULD pause,2025-01-23,12:01:07
2025-01-23,11:53:27,CHSN,Chanson International Holding Class A Ordinary Shares,Nasdaq,LULD pause,2025-01-23,11:58:27
2025-01-23,11:29:19,DWTX,"""Dogwood Therapeutics, Inc. Common Stock""",Nasdaq,LULD pause,2025-01-23,11:34:19
2025-01-23,11:06:27,CHSN,Chanson International Holding Class A Ordinary Shares,Nasdaq,LULD pause,2025-01-23,11:51:28
2025-01-23,10:48:57,DWTX,"""Dogwood Therapeutics, Inc. Common Stock""",Nasdaq,LULD pause,2025-01-23,10:53:57
2025-01-23,10:47:56,CHSN,Chanson International Holding Class A Ordinary Shares,Nasdaq,LULD pause,2025-01-23,11:06:12
2025-01-23,10:47:29,DXST,Decent Holding Inc Ordinary Shares,Nasdaq,LULD pause,2025-01-23,10:52:29
2025-01-23,10:42:41,CHSN,Chanson International Holding Class A Ordinary Shares,Nasdaq,LULD pause,2025-01-23,10:47:41
2025-01-23,10:38:54,JUNS,"""Jupiter Neurosciences, Inc. Common Stock""",Nasdaq,LULD pause,2025-01-23,10:43:54
2025-01-23,10:30:00,DGNX,Diginex Limited Ordinary Shares,Nasdaq,LULD pause,2025-01-23,10:40:00
2025-01-23,10:29:43,JUNS,"""Jupiter Neurosciences, Inc. Common Stock""",Nasdaq,LULD pause,2025-01-23,10:34:43
2025-01-23,10:16:21,JUNS,"""Jupiter Neurosciences, Inc. Common Stock""",Nasdaq,LULD pause,2025-01-23,10:21:21
2025-01-23,10:14:49,ZEO,Zeo Energy Corporation Class A Common Stock,Nasdaq,LULD pause,2025-01-23,10:19:49
2025-01-23,10:11:03,BDMD,Baird Medical Investment Holdings Ltd Ordinary Share,Nasdaq,LULD pause,2025-01-23,10:21:03
2025-01-23,10:09:19,JUNS,"""Jupiter Neurosciences, Inc. Common Stock""",Nasdaq,LULD pause,2025-01-23,10:14:19
2025-01-23,10:03:34,JUNS,"""Jupiter Neurosciences, Inc. Common Stock""",Nasdaq,LULD pause,2025-01-23,10:08:34
2025-01-23,10:01:28,DGNX,Diginex Limited Ordinary Shares,Nasdaq,LULD pause,2025-01-23,10:11:28
2025-01-23,09:59:38,COEP,Coeptis Therapeutics Holdings Inc. Common Stock,Nasdaq,LULD pause,2025-01-23,10:04:38
2025-01-23,09:58:02,JUNS,"""Jupiter Neurosciences, Inc. Common Stock""",Nasdaq,LULD pause,2025-01-23,10:03:02
2025-01-23,09:55:11,DGNX,Diginex Limited Ordinary Shares,Nasdaq,LULD pause,2025-01-23,10:00:11
2025-01-23,09:52:44,JUNS,"""Jupiter Neurosciences, Inc. Common Stock""",Nasdaq,LULD pause,2025-01-23,09:57:44
2025-01-23,09:48:37,DGNX,Diginex Limited Ordinary Shares,Nasdaq,LULD pause,2025-01-23,09:53:37
2025-01-23,09:48:27,UPXI,"""Upexi, Inc. Common Stock""",Nasdaq,LULD pause,2025-01-23,09:58:27
2025-01-23,09:47:14,JUNS,"""Jupiter Neurosciences, Inc. Common Stock""",Nasdaq,LULD pause,2025-01-23,09:52:14
2025-01-23,09:45:41,TOPP,Toppoint Holdings Inc.,NYSE American,LULD pause,2025-01-23,09:50:41
2025-01-23,09:42:41,UPXI,"""Upexi, Inc. Common Stock""",Nasdaq,LULD pause,2025-01-23,09:47:41
2025-01-23,09:41:56,DGNX,Diginex Limited Ordinary Shares,Nasdaq,LULD pause,2025-01-23,09:46:56
2025-01-23,09:41:47,JUNS,"""Jupiter Neurosciences, Inc. Common Stock""",Nasdaq,LULD pause,2025-01-23,09:46:47
2025-01-23,09:40:53,DXST,Decent Holding Inc Ordinary Shares,Nasdaq,LULD pause,2025-01-23,09:50:53
2025-01-23,09:40:51,WHLRL,"""Wheeler Real Estate Investment Trust, Inc. 7.00% Senior Subordinated Convertible Notes Due 2031""",Nasdaq,LULD pause,2025-01-23,09:45:51
2025-01-23,09:39:47,COEP,Coeptis Therapeutics Holdings Inc. Common Stock,Nasdaq,LULD pause,2025-01-23,09:49:47
2025-01-23,09:36:21,JUNS,"""Jupiter Neurosciences, Inc. Common Stock""",Nasdaq,LULD pause,2025-01-23,09:41:21
2025-01-23,09:35:33,WHLRL,"""Wheeler Real Estate Investment Trust, Inc. 7.00% Senior Subordinated Convertible Notes Due 2031""",Nasdaq,LULD pause,2025-01-23,09:40:33
2025-01-23,09:34:02,SGLY,Singularity Future Technology Ltd. Common Stock,Nasdaq,LULD pause,2025-01-23,09:39:02
2025-01-23,09:30:45,DGNX,Diginex Limited Ordinary Shares,Nasdaq,LULD pause,2025-01-23,09:40:45
2025-01-23,09:30:39,JUNS,"""Jupiter Neurosciences, Inc. Common Stock""",Nasdaq,LULD pause,2025-01-23,09:35:39
2025-01-23,09:30:15,WHLRL,"""Wheeler Real Estate Investment Trust, Inc. 7.00% Senior Subordinated Convertible Notes Due 2031""",Nasdaq,LULD pause,2025-01-23,09:35:15
2025-01-22,19:50:00,USAP,Universal Stainless & Alloy,Nasdaq,News pending,,
2025-01-22,15:50:37,DGNX,Diginex Limited Ordinary Shares,Nasdaq,LULD pause,2025-01-22,16:00:00
2025-01-22,15:44:45,DGNX,Diginex Limited Ordinary Shares,Nasdaq,LULD pause,2025-01-22,15:49:45
2025-01-22,15:32:45,DGNX,Diginex Limited Ordinary Shares,Nasdaq,LULD pause,2025-01-22,15:44:29
2025-01-22,15:27:25,DGNX,Diginex Limited Ordinary Shares,Nasdaq,LULD pause,2025-01-22,15:32:25
2025-01-22,13:23:06,CLEU,China Liberal Education Holdings Limited Ordinary Shares,Nasdaq,LULD pause,2025-01-22,13:28:06
2025-01-22,12:50:34,NAMI,Jinxin Technology Holding Company American Depositary Shares,Nasdaq,LULD pause,2025-01-22,13:00:34
2025-01-22,12:41:57,NAMI,Jinxin Technology Holding Company American Depositary Shares,Nasdaq,LULD pause,2025-01-22,12:46:57
2025-01-22,12:27:15,GODN,Golden Star Acquisition Corporation Ordinary Shares,Nasdaq,LULD pause,2025-01-22,12:37:15
2025-01-22,12:18:03,GODN,Golden Star Acquisition Corporation Ordinary Shares,Nasdaq,LULD pause,2025-01-22,12:23:03
2025-01-22,12:17:35,DGNX,Diginex Limited Ordinary Shares,Nasdaq,LULD pause,2025-01-22,12:22:35
2025-01-22,11:47:37,STFS,Star Fashion Culture Holdings Limited Class A Ordinary Shares,Nasdaq,LULD pause,2025-01-22,11:52:37
2025-01-22,11:38:46,STFS,Star Fashion Culture Holdings Limited Class A Ordinary Shares,Nasdaq,LULD pause,2025-01-22,11:43:46
2025-01-22,11:31:42,STFS,Star Fashion Culture Holdings Limited Class A Ordinary Shares,Nasdaq,LULD pause,2025-01-22,11:36:42
2025-01-22,11:23:18,STFS,Star Fashion Culture Holdings Limited Class A Ordinary Shares,Nasdaq,LULD pause,2025-01-22,11:28:18
2025-01-22,11:05:09,STFS,Star Fashion Culture Holdings Limited Class A Ordinary Shares,Nasdaq,LULD pause,2025-01-22,11:15:09
2025-01-22,10:59:40,STFS,Star Fashion Culture Holdings Limited Class A Ordinary Shares,Nasdaq,LULD pause,2025-01-22,11:04:40
2025-01-22,10:55:13,RFACU,RF Acquisition Corp. Unit,Nasdaq,LULD pause,2025-01-22,11:00:13
2025-01-22,10:54:24,STFS,Star Fashion Culture Holdings Limited Class A Ordinary Shares,Nasdaq,LULD pause,2025-01-22,10:59:24
2025-01-22,10:52:04,SGLY,Singularity Future Technology Ltd. Common Stock,Nasdaq,LULD pause,2025-01-22,10:57:04
2025-01-22,10:48:41,STFS,Star Fashion Culture Holdings Limited Class A Ordinary Shares,Nasdaq,LULD pause,2025-01-22,10:53:41
2025-01-22,10:39:11,SGLY,Singularity Future Technology Ltd. Common Stock,Nasdaq,LULD pause,2025-01-22,10:44:11
2025-01-22,10:32:39,STFS,Star Fashion Culture Holdings Limited Class A Ordinary Shares,Nasdaq,LULD pause,2025-01-22,10:37:39
2025-01-22,10:23:39,STFS,Star Fashion Culture Holdings Limited Class A Ordinary Shares,Nasdaq,LULD pause,2025-01-22,10:28:39
2025-01-22,10:22:56,GODN,Golden Star Acquisition Corporation Ordinary Shares,Nasdaq,LULD pause,2025-01-22,10:27:56
2025-01-22,10:13:16,STFS,Star Fashion Culture Holdings Limited Class A Ordinary Shares,Nasdaq,LULD pause,2025-01-22,10:23:16
2025-01-22,10:13:04,NTRB,Nutriband Inc. Common Stock,Nasdaq,LULD pause,2025-01-22,10:18:04
2025-01-22,10:07:42,STFS,Star Fashion Culture Holdings Limited Class A Ordinary Shares,Nasdaq,LULD pause,2025-01-22,10:12:42
2025-01-22,10:02:11,TNMG,TNL Mediagene Ordinary Shares,Nasdaq,LULD pause,2025-01-22,10:07:11
2025-01-22,10:00:50,SGLY,Singularity Future Technology Ltd. Common Stock,Nasdaq,LULD pause,2025-01-22,10:10:50
2025-01-22,09:47:44,STFS,Star Fashion Culture Holdings Limited Class A Ordinary Shares,Nasdaq,LULD pause,2025-01-22,09:57:44
2025-01-22,09:44:37,DATS,"""DatChat, Inc. Common Stock""",Nasdaq,LULD pause,2025-01-22,09:49:37
2025-01-22,09:40:19,BGM,BGM Group Ltd. Class A Ordinary Shares,Nasdaq,LULD pause,2025-01-22,09:45:19
2025-01-22,09:38:52,STFS,Star Fashion Culture Holdings Limited Class A Ordinary Shares,Nasdaq,LULD pause,2025-01-22,09:43:52
2025-01-22,09:37:42,LSTA,"""Lisata Therapeutics, Inc. Common Stock""",Nasdaq,LULD pause,2025-01-22,09:42:42
2025-01-22,09:31:06,STFS,Star Fashion Culture Holdings Limited Class A Ordinary Shares,Nasdaq,LULD pause,2025-01-22,09:36:06
2025-01-22,08:16:59,SMAR,Smartsheet Inc.,NYSE,Merger Effective,,
2025-01-21,14:53:42,SVMH,SRIVARU Holding Limited Ordinary Shares,Nasdaq,LULD pause,2025-01-21,14:58:42
2025-01-21,11:21:46,SPHL,Springview Holdings Ltd Class A Ordinary Shares,Nasdaq,LULD pause,2025-01-21,11:26:46
2025-01-21,10:55:08,BTSGU,"""BrightSpring Health Services, Inc. Tangible Equity Unit""",Nasdaq,LULD pause,2025-01-21,11:00:08
2025-01-21,10:37:34,ASST,Asset Entities Inc. Class B Common Stock,Nasdaq,LULD pause,2025-01-21,10:42:34
2025-01-21,10:31:15,DOGZ,Dogness (International) Corporation Class A Common Stock,Nasdaq,LULD pause,2025-01-21,10:36:15
2025-01-21,10:25:49,DOGZ,Dogness (International) Corporation Class A Common Stock,Nasdaq,LULD pause,2025-01-21,10:30:49
2025-01-21,10:20:52,BQ,Boqii Holding Limited American Depositary Shares (each representing fifteen (150) Class A Ordinary Shares),NYSE American,LULD pause,2025-01-21,10:30:52
2025-01-21,10:19:46,AQUNU,Aquaron Acquisition Corp. Units,Nasdaq,LULD pause,2025-01-21,10:24:46
2025-01-21,10:15:05,DOGZ,Dogness (International) Corporation Class A Common Stock,Nasdaq,LULD pause,2025-01-21,10:25:06
2025-01-21,10:13:06,VATE,INNOVATE Corp.,NYSE,LULD pause,2025-01-21,10:18:06
2025-01-21,10:09:31,DOGZ,Dogness (International) Corporation Class A Common Stock,Nasdaq,LULD pause,2025-01-21,10:14:31
2025-01-21,10:08:04,BQ,Boqii Holding Limited American Depositary Shares (each representing fifteen (150) Class A Ordinary Shares),NYSE American,LULD pause,2025-01-21,10:18:10
2025-01-21,10:04:06,DOGZ,Dogness (International) Corporation Class A Common Stock,Nasdaq,LULD pause,2025-01-21,10:09:06
2025-01-21,09:56:18,ASST,Asset Entities Inc. Class B Common Stock,Nasdaq,LULD pause,2025-01-21,10:01:18
2025-01-21,09:50:47,VATE,INNOVATE Corp.,NYSE,LULD pause,2025-01-21,09:56:20
2025-01-21,09:50:33,WLGS,"""Wang & Lee Group, Inc. Ordinary Shares""",Nasdaq,LULD pause,2025-01-21,09:55:33
2025-01-21,09:47:20,INM,InMed Pharmaceuticals Inc. Common Shares,Nasdaq,LULD pause,2025-01-21,09:52:20
2025-01-21,09:43:16,GOEV,Canoo Inc. Class A Common Stock,Nasdaq,LULD pause,2025-01-21,09:48:16
2025-01-21,09:30:18,LSE,"""Leishen Energy Holding Co., Ltd. Ordinary Shares""",Nasdaq,LULD pause,2025-01-21,09:35:18
2025-01-21,09:30:17,DOGZ,Dogness (International) Corporation Class A Common Stock,Nasdaq,LULD pause,2025-01-21,10:03:51
2025-01-17,19:50:58,BQ,Boqii Holding Limited American Depositary Shares (each representing fifteen (15) Class A Ordinary Shares),NYSE American,Corporate Action,,
2025-01-17,19:50:58,BQ,Boqii Holding Limited American Depositary Shares (each representing fifteen (15) Class A Ordinary Shares),NYSE American,Corporate Action,2025-01-21,09:00:00
2025-01-17,15:45:57,DOGZ,Dogness (International) Corporation Class A Common Stock,Nasdaq,LULD pause,2025-01-17,16:00:00
2025-01-17,15:15:39,DOGZ,Dogness (International) Corporation Class A Common Stock,Nasdaq,LULD pause,2025-01-17,15:45:40
2025-01-17,15:13:29,SCPX,"""Scorpius Holdings, Inc.""",NYSE American,LULD pause,2025-01-17,15:18:29
2025-01-17,15:10:16,ORKT,Orangekloud Technology Inc. Class A Ordinary Shares,Nasdaq,LULD pause,2025-01-17,16:00:00
2025-01-17,15:05:21,DOGZ,Dogness (International) Corporation Class A Common Stock,Nasdaq,LULD pause,2025-01-17,15:15:21
2025-01-17,15:04:59,ORKT,Orangekloud Technology Inc. Class A Ordinary Shares,Nasdaq,LULD pause,2025-01-17,15:09:59
2025-01-17,14:37:37,CHRO,Channel Therapeutics Corporation,NYSE American,LULD pause,2025-01-17,14:42:37
2025-01-17,14:06:05,IONR,ioneer Ltd American Depositary Shares,Nasdaq,LULD pause,2025-01-17,14:11:05
2025-01-17,13:48:15,RHE PRA,"""Regional Health Properties, Inc. Regional Health Properties, Inc. 10.875 percent Series A Cumulative Redeemable Preferred Stock""",NYSE American,LULD pause,2025-01-17,14:03:15
2025-01-17,13:36:53,RHE PRA,"""Regional Health Properties, Inc. Regional Health Properties, Inc. 10.875 percent Series A Cumulative Redeemable Preferred Stock""",NYSE American,LULD pause,2025-01-17,13:41:53
2025-01-17,13:14:15,MFH,Mercurity Fintech Holding Inc. Ordinary Shares,Nasdaq,LULD pause,2025-01-17,13:19:15
2025-01-17,12:57:54,RHE PRA,"""Regional Health Properties, Inc. Regional Health Properties, Inc. 10.875 percent Series A Cumulative Redeemable Preferred Stock""",NYSE American,LULD pause,2025-01-17,13:02:54
2025-01-17,12:43:49,RHE PRA,"""Regional Health Properties, Inc. Regional Health Properties, Inc. 10.875 percent Series A Cumulative Redeemable Preferred Stock""",NYSE American,LULD pause,2025-01-17,12:53:49
2025-01-17,12:33:31,RHE PRA,"""Regional Health Properties, Inc. Regional Health Properties, Inc. 10.875 percent Series A Cumulative Redeemable Preferred Stock""",NYSE American,LULD pause,2025-01-17,12:43:31
2025-01-17,12:21:57,RHE PRA,"""Regional Health Properties, Inc. Regional Health Properties, Inc. 10.875 percent Series A Cumulative Redeemable Preferred Stock""",NYSE American,LULD pause,2025-01-17,12:31:57
2025-01-17,12:11:01,RHE PRA,"""Regional Health Properties, Inc. Regional Health Properties, Inc. 10.875 percent Series A Cumulative Redeemable Preferred Stock""",NYSE American,LULD pause,2025-01-17,12:21:01
2025-01-17,12:04:25,RHE PRA,"""Regional Health Properties, Inc. Regional Health Properties, Inc. 10.875 percent Series A Cumulative Redeemable Preferred Stock""",NYSE American,LULD pause,2025-01-17,12:09:25
2025-01-17,11:26:16,BDMD,Baird Medical Investment Holdings Ltd Ordinary Share,Nasdaq,LULD pause,2025-01-17,11:31:16
2025-01-17,10:58:00,BDMD,Baird Medical Investment Holdings Ltd Ordinary Share,Nasdaq,LULD pause,2025-01-17,11:03:00
2025-01-17,10:48:54,BDMD,Baird Medical Investment Holdings Ltd Ordinary Share,Nasdaq,LULD pause,2025-01-17,10:53:54
2025-01-17,10:40:33,BDMD,Baird Medical Investment Holdings Ltd Ordinary Share,Nasdaq,LULD pause,2025-01-17,10:45:33
2025-01-17,10:35:51,SVMH,SRIVARU Holding Limited Ordinary Shares,Nasdaq,LULD pause,2025-01-17,10:40:51
2025-01-17,10:34:34,BDMD,Baird Medical Investment Holdings Ltd Ordinary Share,Nasdaq,LULD pause,2025-01-17,10:39:34
2025-01-17,10:28:19,BDMD,Baird Medical Investment Holdings Ltd Ordinary Share,Nasdaq,LULD pause,2025-01-17,10:33:19
2025-01-17,10:14:25,SVMH,SRIVARU Holding Limited Ordinary Shares,Nasdaq,LULD pause,2025-01-17,10:19:25
2025-01-17,09:54:20,BZAI,"""Blaize Holdings, Inc. Common Stock""",Nasdaq,LULD pause,2025-01-17,09:59:20
2025-01-17,09:53:24,XCUR,"""Exicure, Inc. Common Stock""",Nasdaq,LULD pause,2025-01-17,09:58:24
2025-01-17,09:49:06,BYFC,Broadway Financial Corp/Del,Nasdaq,LULD pause,2025-01-17,09:54:06
2025-01-17,09:43:02,BZAI,"""Blaize Holdings, Inc. Common Stock""",Nasdaq,LULD pause,2025-01-17,09:48:02
2025-01-17,09:41:35,KBSX,FST Corp. Ordinary Shares,Nasdaq,LULD pause,2025-01-17,09:46:35
2025-01-17,09:37:29,BZAI,"""Blaize Holdings, Inc. Common Stock""",Nasdaq,LULD pause,2025-01-17,09:42:29
2025-01-17,09:30:47,STFS,Star Fashion Culture Holdings Limited Class A Ordinary Shares,Nasdaq,LULD pause,2025-01-17,09:40:47
2025-01-17,09:30:38,BOWNU,Bowen Acquisition Corp Unit,Nasdaq,LULD pause,2025-01-17,09:40:38
2025-01-17,09:26:53,GPRK,GEOPARK LIMITED,NYSE,News pending,2025-01-17,10:16:17
2025-01-16,19:50:18,OUT,OUTFRONT Media Inc.,NYSE,Corporate Action,,
2025-01-16,19:50:18,OUT,OUTFRONT Media Inc.,NYSE,Corporate Action,2025-01-17,09:36:54
2025-01-16,13:10:19,KBSX,FST Corp. Ordinary Shares,Nasdaq,LULD pause,2025-01-16,13:15:19
2025-01-16,13:01:06,PHIO,Phio Pharmaceuticals Corp. Common Stock,Nasdaq,LULD pause,2025-01-16,13:06:06
2025-01-16,12:56:47,KBSX,FST Corp. Ordinary Shares,Nasdaq,LULD pause,2025-01-16,13:01:47
2025-01-16,12:50:05,KBSX,FST Corp. Ordinary Shares,Nasdaq,LULD pause,2025-01-16,12:55:05
2025-01-16,12:38:48,KBSX,FST Corp. Ordinary Shares,Nasdaq,LULD pause,2025-01-16,12:48:48
2025-01-16,12:27:57,KBSX,FST Corp. Ordinary Shares,Nasdaq,LULD pause,2025-01-16,12:37:57
2025-01-16,12:20:30,SNTI,"""Senti Biosciences, Inc. Common Stock""",Nasdaq,LULD pause,2025-01-16,12:30:30
2025-01-16,12:11:28,KBSX,FST Corp. Ordinary Shares,Nasdaq,LULD pause,2025-01-16,12:21:28
2025-01-16,12:06:34,PCLA,PicoCELA Inc. American Depositary Shares,Nasdaq,LULD pause,2025-01-16,12:11:34
2025-01-16,12:02:56,KBSX,FST Corp. Ordinary Shares,Nasdaq,LULD pause,2025-01-16,12:07:56
2025-01-16,11:35:52,KBSX,FST Corp. Ordinary Shares,Nasdaq,LULD pause,2025-01-16,11:40:52
2025-01-16,11:02:50,ORKT,Orangekloud Technology Inc. Class A Ordinary Shares,Nasdaq,LULD pause,2025-01-16,11:07:50
2025-01-16,10:57:27,ORKT,Orangekloud Technology Inc. Class A Ordinary Shares,Nasdaq,LULD pause,2025-01-16,11:02:27
2025-01-16,10:39:44,KBSX,FST Corp. Ordinary Shares,Nasdaq,LULD pause,2025-01-16,11:04:45
2025-01-16,10:29:06,KBSX,FST Corp. Ordinary Shares,Nasdaq,LULD pause,2025-01-16,10:39:06
2025-01-16,10:02:46,BMRA,BIOMERICA INC,Nasdaq,LULD pause,2025-01-16,10:07:46
2025-01-16,10:02:13,KBSX,FST Corp. Ordinary Shares,Nasdaq,LULD pause,2025-01-16,10:07:13
2025-01-16,09:56:53,BOWNU,Bowen Acquisition Corp Unit,Nasdaq,LULD pause,2025-01-16,10:01:53
2025-01-16,09:51:38,BOWNU,Bowen Acquisition Corp Unit,Nasdaq,LULD pause,2025-01-16,09:56:38
2025-01-16,09:48:47,FSI,"""Flexible Solutions International, Inc.""",NYSE American,LULD pause,2025-01-16,09:53:47
2025-01-16,09:45:48,BZAI,"""Blaize Holdings, Inc. Common Stock""",Nasdaq,LULD pause,2025-01-16,09:50:48
2025-01-16,09:45:47,BOWNU,Bowen Acquisition Corp Unit,Nasdaq,LULD pause,2025-01-16,09:50:47
2025-01-16,09:44:13,DATS,"""DatChat, Inc. Common Stock""",Nasdaq,LULD pause,2025-01-16,09:49:13
2025-01-16,09:43:15,CHRO,Channel Therapeutics Corporation,NYSE American,LULD pause,2025-01-16,09:53:15
2025-01-16,09:40:32,BOWNU,Bowen Acquisition Corp Unit,Nasdaq,LULD pause,2025-01-16,09:45:32
2025-01-16,09:39:24,BMRA,BIOMERICA INC,Nasdaq,LULD pause,2025-01-16,09:44:24
2025-01-16,09:33:51,BOWNU,Bowen Acquisition Corp Unit,Nasdaq,LULD pause,2025-01-16,09:38:51
2025-01-16,09:33:38,BC PRB,Brunswick Corporation 6.625% Senior Notes due 2049,NYSE,Corporate Action,,
2025-01-16,09:32:35,BMRA,BIOMERICA INC,Nasdaq,LULD pause,2025-01-16,09:37:35
2025-01-16,09:31:37,PMEC,Primech Holdings Ltd. Ordinary Shares,Nasdaq,LULD pause,2025-01-16,09:36:37
2025-01-16,09:30:32,KBSX,FST Corp. Ordinary Shares,Nasdaq,LULD pause,2025-01-16,09:35:32
2025-01-16,09:30:18,LUXHP,LuxUrban Hotels Inc. 13.00% Series A Cumulative Redeemable Preferred Stock,Nasdaq,LULD pause,2025-01-16,09:40:18
2025-01-16,09:20:11,CSAN,Cosan S.A. American Depositary Shares (each representing four Common Shares),NYSE,News pending,2025-01-16,10:54:21
2025-01-16,08:30:47,GATO,"""Gatos Silver, Inc.""",NYSE,Merger Effective,,
2025-01-16,08:25:00,ATRA,"""Atara Biotherapeutics, Inc""",Nasdaq,News pending,2025-01-16,09:00:00
2025-01-15,19:50:00,ALVR,"""AlloVir, Inc. Common Stock""",Nasdaq,News pending,,
2025-01-15,19:50:00,ALVR,"""AlloVir, Inc. Common Stock""",Nasdaq,News pending,2025-01-16,09:00:00
2025-01-15,19:50:00,MBIO,"""Mustang Bio, Inc.""",Nasdaq,News pending,2025-01-16,09:00:00
2025-01-15,19:50:00,MBIO,"""Mustang Bio, Inc.""",Nasdaq,News pending,,
2025-01-15,15:29:16,PTLE,PTL LTD Ordinary Shares,Nasdaq,LULD pause,2025-01-15,15:34:16
2025-01-15,14:02:40,PTLE,PTL LTD Ordinary Shares,Nasdaq,LULD pause,2025-01-15,14:07:40
2025-01-15,13:46:52,XRTX,XORTX Therapeutics Inc. Common Stock,Nasdaq,LULD pause,2025-01-15,13:51:52
2025-01-15,13:45:14,PTLE,PTL LTD Ordinary Shares,Nasdaq,LULD pause,2025-01-15,13:50:14
2025-01-15,13:31:23,PTLE,PTL LTD Ordinary Shares,Nasdaq,LULD pause,2025-01-15,13:36:23
2025-01-15,13:23:10,PTLE,PTL LTD Ordinary Shares,Nasdaq,LULD pause,2025-01-15,13:28:10
2025-01-15,13:00:37,SPHL,Springview Holdings Ltd Class A Ordinary Shares,Nasdaq,LULD pause,2025-01-15,13:05:37
2025-01-15,12:53:59,SPHL,Springview Holdings Ltd Class A Ordinary Shares,Nasdaq,LULD pause,2025-01-15,12:58:59
2025-01-15,12:30:34,SPHL,Springview Holdings Ltd Class A Ordinary Shares,Nasdaq,LULD pause,2025-01-15,12:40:34
2025-01-15,12:05:26,PTLE,PTL LTD Ordinary Shares,Nasdaq,LULD pause,2025-01-15,12:32:52
2025-01-15,11:56:29,SONM,"""Sonim Technologies, Inc. Common Stock""",Nasdaq,LULD pause,2025-01-15,12:01:29
2025-01-15,11:55:10,PTLE,PTL LTD Ordinary Shares,Nasdaq,LULD pause,2025-01-15,12:05:11
2025-01-15,11:46:29,SONM,"""Sonim Technologies, Inc. Common Stock""",Nasdaq,LULD pause,2025-01-15,11:51:29
2025-01-15,11:44:53,PTLE,PTL LTD Ordinary Shares,Nasdaq,LULD pause,2025-01-15,11:54:53
2025-01-15,11:34:50,SONM,"""Sonim Technologies, Inc. Common Stock""",Nasdaq,LULD pause,2025-01-15,11:44:50
2025-01-15,11:23:07,MYNZ,Mainz Biomed N.V. Ordinary Shares,Nasdaq,LULD pause,2025-01-15,11:28:07
2025-01-15,11:19:29,SONM,"""Sonim Technologies, Inc. Common Stock""",Nasdaq,LULD pause,2025-01-15,11:34:30
2025-01-15,10:18:20,MITQ,"""Moving iMage Technologies, Inc.""",NYSE American,LULD pause,2025-01-15,10:23:20
2025-01-15,10:11:07,JXG,JX Luxventure Limited Common Stock,Nasdaq,LULD pause,2025-01-15,10:21:07
2025-01-15,10:08:52,MITQ,"""Moving iMage Technologies, Inc.""",NYSE American,LULD pause,2025-01-15,10:13:52
2025-01-15,09:57:23,JXG,JX Luxventure Limited Common Stock,Nasdaq,LULD pause,2025-01-15,10:07:23
2025-01-15,09:56:14,MITQ,"""Moving iMage Technologies, Inc.""",NYSE American,LULD pause,2025-01-15,10:01:14
2025-01-15,09:55:46,OSTX,OS Therapies Incorporated,NYSE American,LULD pause,2025-01-15,10:00:46
2025-01-15,09:52:37,PTLE,PTL LTD Ordinary Shares,Nasdaq,LULD pause,2025-01-15,09:57:37
2025-01-15,09:52:00,JXG,JX Luxventure Limited Common Stock,Nasdaq,LULD pause,2025-01-15,09:57:00
2025-01-15,09:45:25,MITQ,"""Moving iMage Technologies, Inc.""",NYSE American,LULD pause,2025-01-15,09:50:25
2025-01-15,09:41:59,PTLE,PTL LTD Ordinary Shares,Nasdaq,LULD pause,2025-01-15,09:51:59
2025-01-15,09:39:31,JXG,JX Luxventure Limited Common Stock,Nasdaq,LULD pause,2025-01-15,09:49:31
2025-01-15,09:38:59,MYNZ,Mainz Biomed N.V. Ordinary Shares,Nasdaq,LULD pause,2025-01-15,09:48:59
2025-01-15,09:38:38,SGBX,Safe & Green Holdings Corp. Common Stock,Nasdaq,LULD pause,2025-01-15,09:43:38
2025-01-15,09:36:45,OSTX,OS Therapies Incorporated,NYSE American,LULD pause,2025-01-15,09:41:45
2025-01-15,09:32:14,MITQ,"""Moving iMage Technologies, Inc.""",NYSE American,LULD pause,2025-01-15,09:37:14
2025-01-15,09:31:39,PTLE,PTL LTD Ordinary Shares,Nasdaq,LULD pause,2025-01-15,09:36:39
2025-01-15,09:31:15,OSTX,OS Therapies Incorporated,NYSE American,LULD pause,2025-01-15,09:36:15
2025-01-15,09:30:35,SGBX,Safe & Green Holdings Corp. Common Stock,Nasdaq,LULD pause,2025-01-15,09:35:35
2025-01-14,19:50:00,SMXWW,SMX (Security Matters) Public Limited Company Warrant,Nasdaq,News pending,,
2025-01-14,19:50:00,SMXWW,SMX (Security Matters) Public Limited Company Warrant,Nasdaq,News pending,2025-01-15,09:05:00
2025-01-14,19:50:00,SVMHW,SRIVARU Holding Limited Warrant,Nasdaq,News pending,2025-01-15,09:05:00
2025-01-14,19:50:00,SVMHW,SRIVARU Holding Limited Warrant,Nasdaq,News pending,,
2025-01-14,19:50:00,SMX,SMX (Security Matters) Public Limited Company Class A Ordinary Shares,Nasdaq,News pending,,
2025-01-14,19:50:00,SMX,SMX (Security Matters) Public Limited Company Class A Ordinary Shares,Nasdaq,News pending,2025-01-15,09:00:00
2025-01-14,19:50:00,SVMH,SRIVARU Holding Limited Ordinary Shares,Nasdaq,News pending,2025-01-15,09:00:00
2025-01-14,19:50:00,SVMH,SRIVARU Holding Limited Ordinary Shares,Nasdaq,News pending,,
2025-01-14,15:50:00,WNW,Meiwu Technology Company Limited Ordinary Shares,Nasdaq,LULD pause,2025-01-14,16:00:00
2025-01-14,15:44:28,WNW,Meiwu Technology Company Limited Ordinary Shares,Nasdaq,LULD pause,2025-01-14,15:49:28
2025-01-14,15:43:07,BOWN,Bowen Acquisition Corp Ordinary Shares,Nasdaq,LULD pause,2025-01-14,16:00:00
2025-01-14,15:20:47,WNW,Meiwu Technology Company Limited Ordinary Shares,Nasdaq,LULD pause,2025-01-14,15:44:06
2025-01-14,15:19:26,NVA,Nova Minerals Limited American Depositary Shares,Nasdaq,LULD pause,2025-01-14,15:24:26
2025-01-14,15:10:32,WNW,Meiwu Technology Company Limited Ordinary Shares,Nasdaq,LULD pause,2025-01-14,15:20:32
2025-01-14,14:03:20,BOWN,Bowen Acquisition Corp Ordinary Shares,Nasdaq,LULD pause,2025-01-14,14:08:20
2025-01-14,13:52:48,BOWN,Bowen Acquisition Corp Ordinary Shares,Nasdaq,LULD pause,2025-01-14,14:02:49
2025-01-14,13:47:23,BOWN,Bowen Acquisition Corp Ordinary Shares,Nasdaq,LULD pause,2025-01-14,13:52:23
2025-01-14,13:41:13,BOWN,Bowen Acquisition Corp Ordinary Shares,Nasdaq,LULD pause,2025-01-14,13:46:13
2025-01-14,12:57:27,BOWNU,Bowen Acquisition Corp Unit,Nasdaq,LULD pause,2025-01-14,13:02:27
2025-01-14,12:10:55,DRIO,DarioHealth Corp. Common Stock,Nasdaq,LULD pause,2025-01-14,12:15:55
2025-01-14,11:35:09,JUNS,"""Jupiter Neurosciences, Inc. Common Stock""",Nasdaq,LULD pause,2025-01-14,11:40:09
2025-01-14,11:29:34,JUNS,"""Jupiter Neurosciences, Inc. Common Stock""",Nasdaq,LULD pause,2025-01-14,11:34:34
2025-01-14,11:23:28,XXII,22nd Century Group Inc.,Nasdaq,LULD pause,2025-01-14,11:28:28
2025-01-14,10:54:24,MGIH,Millennium Group International Holdings Limited Ordinary Shares,Nasdaq,LULD pause,2025-01-14,11:04:25
2025-01-14,10:07:05,ALUR,"""Allurion Technologies, Inc.""",NYSE,LULD pause,2025-01-14,10:12:27
2025-01-14,10:06:37,HTCO,Caravelle International Group Ordinary Shares,Nasdaq,LULD pause,2025-01-14,10:11:37
2025-01-14,09:55:42,XXII,22nd Century Group Inc.,Nasdaq,LULD pause,2025-01-14,10:00:42
2025-01-14,09:48:48,XXII,22nd Century Group Inc.,Nasdaq,LULD pause,2025-01-14,09:53:48
2025-01-14,09:41:17,SNGX,"""Soligenix, Inc. Common Stock""",Nasdaq,LULD pause,2025-01-14,09:46:17
2025-01-14,09:39:11,BZAI,"""Blaize Holdings, Inc. Common Stock""",Nasdaq,LULD pause,2025-01-14,09:44:11
2025-01-14,09:34:08,SNGX,"""Soligenix, Inc. Common Stock""",Nasdaq,LULD pause,2025-01-14,09:39:08
2025-01-14,09:33:54,PHIO,Phio Pharmaceuticals Corp. Common Stock,Nasdaq,LULD pause,2025-01-14,09:38:54
2025-01-14,09:33:16,BZAI,"""Blaize Holdings, Inc. Common Stock""",Nasdaq,LULD pause,2025-01-14,09:38:16
2025-01-14,09:31:49,KAPA,"""Kairos Pharma, Ltd.""",NYSE American,News pending,2025-01-14,10:00:00
2025-01-14,08:39:01,ARCH,"""Arch Resources, Inc.""",NYSE,Merger Effective,,
2025-01-13,19:50:00,EVAX,Evaxion Biotech A/S American Depositary Share,Nasdaq,News pending,2025-01-14,09:00:00
2025-01-13,19:50:00,EVAX,Evaxion Biotech A/S American Depositary Share,Nasdaq,News pending,,
2025-01-13,14:38:45,BOWN,Bowen Acquisition Corp Ordinary Shares,Nasdaq,LULD pause,2025-01-13,14:43:45
2025-01-13,14:10:39,BOWN,Bowen Acquisition Corp Ordinary Shares,Nasdaq,LULD pause,2025-01-13,14:15:39
2025-01-13,14:00:10,XXII,22nd Century Group Inc.,Nasdaq,LULD pause,2025-01-13,14:05:10
2025-01-13,13:57:18,BOWNU,Bowen Acquisition Corp Unit,Nasdaq,LULD pause,2025-01-13,14:02:18
2025-01-13,13:46:47,XXII,22nd Century Group Inc.,Nasdaq,LULD pause,2025-01-13,13:51:47
2025-01-13,13:41:22,XXII,22nd Century Group Inc.,Nasdaq,LULD pause,2025-01-13,13:46:22
2025-01-13,13:26:03,FTIIU,FutureTech II Acquisition Corp. Unit,Nasdaq,LULD pause,2025-01-13,13:31:03
2025-01-13,13:24:10,EHGO,Eshallgo Inc. Class A Ordinary Shares,Nasdaq,LULD pause,2025-01-13,13:29:10
2025-01-13,13:17:11,EHGO,Eshallgo Inc. Class A Ordinary Shares,Nasdaq,LULD pause,2025-01-13,13:22:11
2025-01-13,13:07:32,EHGO,Eshallgo Inc. Class A Ordinary Shares,Nasdaq,LULD pause,2025-01-13,13:12:32
2025-01-13,13:01:57,EHGO,Eshallgo Inc. Class A Ordinary Shares,Nasdaq,LULD pause,2025-01-13,13:06:57
2025-01-13,12:55:22,EHGO,Eshallgo Inc. Class A Ordinary Shares,Nasdaq,LULD pause,2025-01-13,13:00:22
2025-01-13,12:39:37,LATG,Chenghe Acquisition I Co. Class A Ordinary Shares,Nasdaq,LULD pause,2025-01-13,12:44:37
2025-01-13,12:29:32,XXII,22nd Century Group Inc.,Nasdaq,LULD pause,2025-01-13,12:34:32
2025-01-13,12:19:27,EHGO,Eshallgo Inc. Class A Ordinary Shares,Nasdaq,LULD pause,2025-01-13,12:24:27
2025-01-13,12:13:38,EHGO,Eshallgo Inc. Class A Ordinary Shares,Nasdaq,LULD pause,2025-01-13,12:18:38
2025-01-13,12:13:20,OST,"""Ostin Technology Group Co., Ltd. Class A Ordinary Shares""",Nasdaq,LULD pause,2025-01-13,12:18:20
2025-01-13,12:12:45,BDMD,Baird Medical Investment Holdings Ltd Ordinary Share,Nasdaq,LULD pause,2025-01-13,12:17:45
2025-01-13,12:12:13,XXII,22nd Century Group Inc.,Nasdaq,LULD pause,2025-01-13,12:17:13
2025-01-13,12:07:04,EHGO,Eshallgo Inc. Class A Ordinary Shares,Nasdaq,LULD pause,2025-01-13,12:12:04
2025-01-13,12:00:56,EHGO,Eshallgo Inc. Class A Ordinary Shares,Nasdaq,LULD pause,2025-01-13,12:05:56
2025-01-13,11:59:24,XXII,22nd Century Group Inc.,Nasdaq,LULD pause,2025-01-13,12:09:24
2025-01-13,11:55:33,OST,"""Ostin Technology Group Co., Ltd. Class A Ordinary Shares""",Nasdaq,LULD pause,2025-01-13,12:00:33
2025-01-13,11:53:58,XXII,22nd Century Group Inc.,Nasdaq,LULD pause,2025-01-13,11:58:58
2025-01-13,11:52:32,EHGO,Eshallgo Inc. Class A Ordinary Shares,Nasdaq,LULD pause,2025-01-13,11:57:32
2025-01-13,11:48:37,OST,"""Ostin Technology Group Co., Ltd. Class A Ordinary Shares""",Nasdaq,LULD pause,2025-01-13,11:53:37
2025-01-13,11:47:48,XXII,22nd Century Group Inc.,Nasdaq,LULD pause,2025-01-13,11:52:48
2025-01-13,11:43:11,EHGO,Eshallgo Inc. Class A Ordinary Shares,Nasdaq,LULD pause,2025-01-13,11:48:11
2025-01-13,11:37:45,EHGO,Eshallgo Inc. Class A Ordinary Shares,Nasdaq,LULD pause,2025-01-13,11:42:45
2025-01-13,11:33:22,XXII,22nd Century Group Inc.,Nasdaq,LULD pause,2025-01-13,11:38:22
2025-01-13,11:32:09,EHGO,Eshallgo Inc. Class A Ordinary Shares,Nasdaq,LULD pause,2025-01-13,11:37:09
2025-01-13,11:26:15,EHGO,Eshallgo Inc. Class A Ordinary Shares,Nasdaq,LULD pause,2025-01-13,11:31:15
2025-01-13,11:20:22,EHGO,Eshallgo Inc. Class A Ordinary Shares,Nasdaq,LULD pause,2025-01-13,11:25:22
2025-01-13,11:14:45,EHGO,Eshallgo Inc. Class A Ordinary Shares,Nasdaq,LULD pause,2025-01-13,11:19:45
2025-01-13,11:05:10,EHGO,Eshallgo Inc. Class A Ordinary Shares,Nasdaq,LULD pause,2025-01-13,11:10:10
2025-01-13,10:57:00,EHGO,Eshallgo Inc. Class A Ordinary Shares,Nasdaq,LULD pause,2025-01-13,11:02:00
2025-01-13,10:54:18,RHE PRA,"""Regional Health Properties, Inc. Regional Health Properties, Inc. 10.875 percent Series A Cumulative Redeemable Preferred Stock""",NYSE American,LULD pause,2025-01-13,10:59:18
2025-01-13,10:50:42,EHGO,Eshallgo Inc. Class A Ordinary Shares,Nasdaq,LULD pause,2025-01-13,10:55:42
2025-01-13,10:45:06,ATLN,Atlantic International Corp. Common Stock,Nasdaq,LULD pause,2025-01-13,10:50:06
2025-01-13,10:44:03,EHGO,Eshallgo Inc. Class A Ordinary Shares,Nasdaq,LULD pause,2025-01-13,10:49:03
2025-01-13,10:38:19,EHGO,Eshallgo Inc. Class A Ordinary Shares,Nasdaq,LULD pause,2025-01-13,10:43:19
2025-01-13,10:32:05,EHGO,Eshallgo Inc. Class A Ordinary Shares,Nasdaq,LULD pause,2025-01-13,10:37:05
2025-01-13,10:30:00,CMTL,Comtech Telecommunications,Nasdaq,LULD pause,2025-01-13,10:35:00
2025-01-13,10:26:30,SLRX,"""Salarius Pharmaceuticals, Inc. Common Stock""",Nasdaq,LULD pause,2025-01-13,10:31:30
2025-01-13,10:23:45,EHGO,Eshallgo Inc. Class A Ordinary Shares,Nasdaq,LULD pause,2025-01-13,10:28:45
2025-01-13,10:21:12,SLRX,"""Salarius Pharmaceuticals, Inc. Common Stock""",Nasdaq,LULD pause,2025-01-13,10:26:12
2025-01-13,10:09:15,EHGO,Eshallgo Inc. Class A Ordinary Shares,Nasdaq,LULD pause,2025-01-13,10:14:15
2025-01-13,09:55:57,ATPC,Agape ATP Corporation Common Stock,Nasdaq,LULD pause,2025-01-13,10:00:57
2025-01-13,09:51:53,CMTL,Comtech Telecommunications,Nasdaq,LULD pause,2025-01-13,10:01:53
2025-01-13,09:51:42,SCIO,First Trust Structured Credit Income Opportunities ETF,NYSE Arca,LULD pause,2025-01-13,09:56:42
2025-01-13,09:47:04,LATG,Chenghe Acquisition I Co. Class A Ordinary Shares,Nasdaq,LULD pause,2025-01-13,09:52:04
2025-01-13,09:46:06,XTIA,"""XTI Aerospace, Inc. Common Stock""",Nasdaq,LULD pause,2025-01-13,09:51:06
2025-01-13,09:43:45,CMTL,Comtech Telecommunications,Nasdaq,LULD pause,2025-01-13,09:48:45
2025-01-13,09:39:56,ATCH,"""AtlasClear Holdings, Inc.""",NYSE American,LULD pause,2025-01-13,09:44:56
2025-01-13,09:39:18,SLRX,"""Salarius Pharmaceuticals, Inc. Common Stock""",Nasdaq,LULD pause,2025-01-13,09:44:18
2025-01-13,09:38:04,XTIA,"""XTI Aerospace, Inc. Common Stock""",Nasdaq,LULD pause,2025-01-13,09:43:04
2025-01-13,09:35:18,BDCZ,"""ETRACS MarketVector Business Development Companies Liquid Index ETN due April 26, 2041""",NYSE Arca,LULD pause,2025-01-13,09:40:18
2025-01-13,09:31:27,CMTL,Comtech Telecommunications,Nasdaq,LULD pause,2025-01-13,09:41:30
2025-01-13,09:31:23,AIRS,"""AirSculpt Technologies, Inc. Common Stock""",Nasdaq,LULD pause,2025-01-13,09:41:23
2025-01-13,09:30:16,UCIB,"""ETRACS UBS Bloomberg Constant Maturity Commodity Index (CMCI) Total Return ETN Series B due April 5, 2038""",NYSE Arca,LULD pause,2025-01-13,09:35:16
2025-01-13,07:55:00,SLRX,"""Salarius Pharmaceuticals, Inc. Common Stock""",Nasdaq,News pending,2025-01-13,08:30:00
2025-01-13,06:47:04,OBDE,Blue Owl Capital Corporation III,NYSE,Merger Effective,,
2025-01-10,19:50:00,TSDD,GraniteShares ETF Trust GraniteShares 2x Short TSLA Daily ETF,Nasdaq,News pending,2025-01-13,09:00:00
2025-01-10,19:50:00,TSDD,GraniteShares ETF Trust GraniteShares 2x Short TSLA Daily ETF,Nasdaq,News pending,,
2025-01-10,19:50:00,THCH,TH International Limited Ordinary shares,Nasdaq,News pending,2025-01-13,09:00:00
2025-01-10,19:50:00,THCH,TH International Limited Ordinary shares,Nasdaq,News pending,,
2025-01-10,15:37:36,LATG,Chenghe Acquisition I Co. Class A Ordinary Shares,Nasdaq,LULD pause,2025-01-10,15:47:36
2025-01-10,15:17:04,MIMI,Mint Incorporation Limited Class A Ordinary Shares,Nasdaq,LULD pause,2025-01-10,15:22:04
2025-01-10,15:14:45,CYCCP,"""Cyclacel Pharmaceuticals, Inc. 6% Cnvrtbl. Prfrd. Stock""",Nasdaq,LULD pause,2025-01-10,15:24:45
2025-01-10,14:02:32,CHSN,Chanson International Holding Class A Ordinary Shares,Nasdaq,LULD pause,2025-01-10,14:07:32
2025-01-10,13:55:07,RLAY,"""Relay Therapeutics, Inc. Common Stock""",Nasdaq,LULD pause,2025-01-10,14:00:07
2025-01-10,13:49:39,ANNA,"""AleAnna, Inc. Class A Common Stock""",Nasdaq,LULD pause,2025-01-10,13:59:39
2025-01-10,13:49:37,CHSN,Chanson International Holding Class A Ordinary Shares,Nasdaq,LULD pause,2025-01-10,13:54:37
2025-01-10,13:43:57,RLAY,"""Relay Therapeutics, Inc. Common Stock""",Nasdaq,LULD pause,2025-01-10,13:48:57
2025-01-10,13:43:42,CHSN,Chanson International Holding Class A Ordinary Shares,Nasdaq,LULD pause,2025-01-10,13:48:42
2025-01-10,13:31:13,RLAY,"""Relay Therapeutics, Inc. Common Stock""",Nasdaq,LULD pause,2025-01-10,13:41:13
2025-01-10,12:55:32,SPI,"""SPI Energy Co., Ltd. Ordinary Shares""",Nasdaq,LULD pause,2025-01-10,13:00:32
2025-01-10,12:50:41,LATG,Chenghe Acquisition I Co. Class A Ordinary Shares,Nasdaq,LULD pause,2025-01-10,12:55:41
2025-01-10,12:36:08,LATG,Chenghe Acquisition I Co. Class A Ordinary Shares,Nasdaq,LULD pause,2025-01-10,12:46:08
2025-01-10,11:55:58,MSW,Ming Shing Group Holdings Limited Ordinary Shares,Nasdaq,LULD pause,2025-01-10,12:05:58
2025-01-10,11:47:20,ATLN,Atlantic International Corp. Common Stock,Nasdaq,LULD pause,2025-01-10,11:59:17
2025-01-10,11:44:15,MSW,Ming Shing Group Holdings Limited Ordinary Shares,Nasdaq,LULD pause,2025-01-10,11:54:16
2025-01-10,11:36:51,ATLN,Atlantic International Corp. Common Stock,Nasdaq,LULD pause,2025-01-10,11:46:51
2025-01-10,11:33:48,MSW,Ming Shing Group Holdings Limited Ordinary Shares,Nasdaq,LULD pause,2025-01-10,11:43:48
2025-01-10,11:28:23,MSW,Ming Shing Group Holdings Limited Ordinary Shares,Nasdaq,LULD pause,2025-01-10,11:33:23
2025-01-10,11:17:44,MSW,Ming Shing Group Holdings Limited Ordinary Shares,Nasdaq,LULD pause,2025-01-10,11:27:45
2025-01-10,10:41:03,GLXG,Galaxy Payroll Group Limited Ordinary Shares,Nasdaq,LULD pause,2025-01-10,10:46:03
2025-01-10,10:30:27,LSB,"""LakeShore Biopharma Co., Ltd Ordinary Shares""",Nasdaq,LULD pause,2025-01-10,10:35:27
2025-01-10,10:28:41,CDTG,CDT Environmental Technology Investment Holdings Limited ordinary shares,Nasdaq,LULD pause,2025-01-10,10:33:41
2025-01-10,10:25:12,XTIA,"""XTI Aerospace, Inc. Common Stock""",Nasdaq,LULD pause,2025-01-10,10:30:12
2025-01-10,10:23:04,CDTG,CDT Environmental Technology Investment Holdings Limited ordinary shares,Nasdaq,LULD pause,2025-01-10,10:28:04
2025-01-10,10:18:25,GLXG,Galaxy Payroll Group Limited Ordinary Shares,Nasdaq,LULD pause,2025-01-10,10:23:25
2025-01-10,10:17:13,XTIA,"""XTI Aerospace, Inc. Common Stock""",Nasdaq,LULD pause,2025-01-10,10:22:13
2025-01-10,10:12:24,CDTG,CDT Environmental Technology Investment Holdings Limited ordinary shares,Nasdaq,LULD pause,2025-01-10,10:22:24
2025-01-10,10:06:31,XTIA,"""XTI Aerospace, Inc. Common Stock""",Nasdaq,LULD pause,2025-01-10,10:16:32
2025-01-10,10:02:24,CDTG,CDT Environmental Technology Investment Holdings Limited ordinary shares,Nasdaq,LULD pause,2025-01-10,10:07:24
2025-01-10,09:55:38,XTIA,"""XTI Aerospace, Inc. Common Stock""",Nasdaq,LULD pause,2025-01-10,10:05:38
2025-01-10,09:49:08,AIMD,"""Ainos, Inc. Common Stock""",Nasdaq,LULD pause,2025-01-10,09:54:08
2025-01-10,09:44:37,SMSI,Smith Micro Software Inc,Nasdaq,LULD pause,2025-01-10,09:49:37
2025-01-10,09:43:58,MODV,ModivCare Inc. Common Stock,Nasdaq,LULD pause,2025-01-10,09:48:58
2025-01-10,09:40:34,LAES,SEALSQ Corp Ordinary Shares,Nasdaq,LULD pause,2025-01-10,09:45:34
2025-01-10,09:38:06,MODV,ModivCare Inc. Common Stock,Nasdaq,LULD pause,2025-01-10,09:43:06
2025-01-10,09:33:46,OILT,Texas Capital Texas Oil Index ETF,NYSE Arca,LULD pause,2025-01-10,09:38:46
2025-01-10,09:33:44,KNOW,Fundamentals First ETF,Cboe BZX,LULD pause,2025-01-10,09:38:44
2025-01-10,09:32:38,NEHC,New Era Helium Inc Common Stock,Nasdaq,LULD pause,2025-01-10,09:42:38
2025-01-10,09:31:12,XTIA,"""XTI Aerospace, Inc. Common Stock""",Nasdaq,LULD pause,2025-01-10,09:55:23
2025-01-10,09:30:15,DBB,Invesco DB Base Metals Fund,NYSE Arca,LULD pause,2025-01-10,09:35:15
2025-01-10,07:25:00,ESSA,"""ESSA Bancorp, Inc.""",Nasdaq,News pending,2025-01-10,08:00:00
2025-01-10,04:00:59,MESO,Mesoblast Limited American Depositary Shares,Nasdaq,News pending,2025-01-14,07:00:00
2025-01-10,04:00:59,MESO,Mesoblast Limited American Depositary Shares,Nasdaq,News pending,,
2025-01-10,03:58:17,MDRRP,"""Medalist Diversified REIT, Inc. Series A Cumulative Redeemable Preferred Stock""",Nasdaq,News pending,,
2025-01-08,19:50:00,XTIA,"""XTI Aerospace, Inc. Common Stock""",Nasdaq,News pending,,
2025-01-08,19:50:00,XTIA,"""XTI Aerospace, Inc. Common Stock""",Nasdaq,News pending,2025-01-10,09:00:00
2025-01-08,15:51:56,XXII,22nd Century Group Inc.,Nasdaq,LULD pause,2025-01-08,16:00:00
2025-01-08,15:41:13,XXII,22nd Century Group Inc.,Nasdaq,LULD pause,2025-01-08,15:46:13
2025-01-08,14:23:55,IMG,CIMG Inc. Common Stock,Nasdaq,LULD pause,2025-01-08,14:28:55
2025-01-08,14:04:05,IMG,CIMG Inc. Common Stock,Nasdaq,LULD pause,2025-01-08,14:09:05
2025-01-08,13:57:51,MSW,Ming Shing Group Holdings Limited Ordinary Shares,Nasdaq,LULD pause,2025-01-08,14:02:51
2025-01-08,13:46:33,IMG,CIMG Inc. Common Stock,Nasdaq,LULD pause,2025-01-08,13:51:33
2025-01-08,13:36:29,IMG,CIMG Inc. Common Stock,Nasdaq,LULD pause,2025-01-08,13:41:29
2025-01-08,13:31:03,IMG,CIMG Inc. Common Stock,Nasdaq,LULD pause,2025-01-08,13:36:03
2025-01-08,13:20:24,LSB,"""LakeShore Biopharma Co., Ltd Ordinary Shares""",Nasdaq,LULD pause,2025-01-08,13:25:24
2025-01-08,12:25:07,CPRX,Catalyst Pharmaceutical  Inc.,Nasdaq,News pending,2025-01-08,13:00:00
2025-01-08,11:08:43,JXG,JX Luxventure Limited Common Stock,Nasdaq,LULD pause,2025-01-08,11:13:43
2025-01-08,11:02:30,JXG,JX Luxventure Limited Common Stock,Nasdaq,LULD pause,2025-01-08,11:07:30
2025-01-08,10:59:37,HTCO,Caravelle International Group Ordinary Shares,Nasdaq,LULD pause,2025-01-08,11:09:37
2025-01-08,10:49:11,XHG,XChange TEC.INC American Depositary Shares,Nasdaq,LULD pause,2025-01-08,10:54:11
2025-01-08,10:47:31,HTCO,Caravelle International Group Ordinary Shares,Nasdaq,LULD pause,2025-01-08,10:52:31
2025-01-08,10:26:29,XHG,XChange TEC.INC American Depositary Shares,Nasdaq,LULD pause,2025-01-08,10:31:29
2025-01-08,10:25:17,LAES,SEALSQ Corp Ordinary Shares,Nasdaq,LULD pause,2025-01-08,10:30:17
2025-01-08,10:17:02,MTNB,"""Matinas BioPharma Holdings, Inc.""",NYSE American,LULD pause,2025-01-08,10:22:02
2025-01-08,10:14:39,LRHC,La Rosa Holding Corp. Common Stock,Nasdaq,LULD pause,2025-01-08,10:19:39
2025-01-08,10:13:38,CGBS,Crown LNG Holdings Limited Ordinary Shares,Nasdaq,LULD pause,2025-01-08,10:18:38
2025-01-08,10:06:48,BFRI,Biofrontera Inc. Common Stock,Nasdaq,LULD pause,2025-01-08,10:11:48
2025-01-08,10:03:53,LRHC,La Rosa Holding Corp. Common Stock,Nasdaq,LULD pause,2025-01-08,10:08:53
2025-01-08,10:01:40,XHG,XChange TEC.INC American Depositary Shares,Nasdaq,LULD pause,2025-01-08,10:06:40
2025-01-08,09:56:37,LAES,SEALSQ Corp Ordinary Shares,Nasdaq,LULD pause,2025-01-08,10:01:37
2025-01-08,09:55:40,MCVT,"""Mill City Ventures III, Ltd. Common Stock""",Nasdaq,LULD pause,2025-01-08,10:00:40
2025-01-08,09:51:20,LAES,SEALSQ Corp Ordinary Shares,Nasdaq,LULD pause,2025-01-08,09:56:20
2025-01-08,09:50:27,BFRI,Biofrontera Inc. Common Stock,Nasdaq,LULD pause,2025-01-08,09:55:27
2025-01-08,09:45:38,LAES,SEALSQ Corp Ordinary Shares,Nasdaq,LULD pause,2025-01-08,09:50:38
2025-01-08,09:45:27,CERO,"""CERo Therapeutics Holdings, Inc. Common Stock""",Nasdaq,LULD pause,2025-01-08,09:55:27
2025-01-08,09:44:46,XHG,XChange TEC.INC American Depositary Shares,Nasdaq,LULD pause,2025-01-08,09:49:46
2025-01-08,09:42:02,JXG,JX Luxventure Limited Common Stock,Nasdaq,LULD pause,2025-01-08,09:47:02
2025-01-08,09:40:58,MCVT,"""Mill City Ventures III, Ltd. Common Stock""",Nasdaq,LULD pause,2025-01-08,09:50:58
2025-01-08,09:39:29,LAES,SEALSQ Corp Ordinary Shares,Nasdaq,LULD pause,2025-01-08,09:44:29
2025-01-08,09:35:02,ATHE,Alterity Therapeutics Limited American Depositary Shares,Nasdaq,LULD pause,2025-01-08,09:40:02
2025-01-08,09:33:03,IFED,ETRACS IFED Invest with the Fed TR Index ETN,NYSE Arca,LULD pause,2025-01-08,09:38:03
2025-01-08,09:32:31,NRXP,"""NRX Pharmaceuticals, Inc. Common Stock""",Nasdaq,LULD pause,2025-01-08,09:37:31
2025-01-08,09:32:14,CERO,"""CERo Therapeutics Holdings, Inc. Common Stock""",Nasdaq,LULD pause,2025-01-08,09:42:14
2025-01-08,08:25:41,ACCD,"""Accolade, Inc. Common Stock""",Nasdaq,News pending,2025-01-08,09:00:00
2025-01-07,19:50:00,CEROW,"""CERo Therapeutics Holdings, Inc. Warrants""",Nasdaq,News pending,,
2025-01-07,19:50:00,CEROW,"""CERo Therapeutics Holdings, Inc. Warrants""",Nasdaq,News pending,2025-01-08,09:05:00
2025-01-07,19:50:00,JXG,JX Luxventure Limited Common Stock,Nasdaq,News pending,2025-01-08,09:00:00
2025-01-07,19:50:00,JXG,JX Luxventure Limited Common Stock,Nasdaq,News pending,,
2025-01-07,19:50:00,CERO,"""CERo Therapeutics Holdings, Inc. Common Stock""",Nasdaq,News pending,,
2025-01-07,19:50:00,CERO,"""CERo Therapeutics Holdings, Inc. Common Stock""",Nasdaq,News pending,2025-01-08,09:00:00
2025-01-07,19:50:00,PSTX,"""Poseida Therapeutics, Inc. Common Stock""",Nasdaq,News pending,,
2025-01-07,15:53:07,MSSAU,Metal Sky Star Acquisition Corporation Unit,Nasdaq,LULD pause,2025-01-07,16:02:16
2025-01-07,15:08:57,COEP,Coeptis Therapeutics Holdings Inc. Common Stock,Nasdaq,LULD pause,2025-01-07,15:13:57
2025-01-07,14:53:17,COEP,Coeptis Therapeutics Holdings Inc. Common Stock,Nasdaq,LULD pause,2025-01-07,15:03:19
2025-01-07,13:07:18,SPI,"""SPI Energy Co., Ltd. Ordinary Shares""",Nasdaq,LULD pause,2025-01-07,13:12:18
2025-01-07,12:55:53,SPI,"""SPI Energy Co., Ltd. Ordinary Shares""",Nasdaq,LULD pause,2025-01-07,13:00:53
2025-01-07,12:46:59,SPI,"""SPI Energy Co., Ltd. Ordinary Shares""",Nasdaq,LULD pause,2025-01-07,12:51:59
2025-01-07,12:39:23,SPI,"""SPI Energy Co., Ltd. Ordinary Shares""",Nasdaq,LULD pause,2025-01-07,12:44:23
2025-01-07,12:31:35,SPI,"""SPI Energy Co., Ltd. Ordinary Shares""",Nasdaq,LULD pause,2025-01-07,12:36:35
2025-01-07,12:26:16,SPI,"""SPI Energy Co., Ltd. Ordinary Shares""",Nasdaq,LULD pause,2025-01-07,12:31:16
2025-01-07,12:19:22,SPI,"""SPI Energy Co., Ltd. Ordinary Shares""",Nasdaq,LULD pause,2025-01-07,12:24:22
2025-01-07,12:08:25,SPI,"""SPI Energy Co., Ltd. Ordinary Shares""",Nasdaq,LULD pause,2025-01-07,12:13:25
2025-01-07,12:01:44,SPI,"""SPI Energy Co., Ltd. Ordinary Shares""",Nasdaq,LULD pause,2025-01-07,12:06:44
2025-01-07,11:56:22,SPI,"""SPI Energy Co., Ltd. Ordinary Shares""",Nasdaq,LULD pause,2025-01-07,12:01:22
2025-01-07,11:50:24,SPI,"""SPI Energy Co., Ltd. Ordinary Shares""",Nasdaq,LULD pause,2025-01-07,11:55:24
2025-01-07,11:21:46,ZYBT,Zhengye Biotechnology Holding Limited Ordinary Shares,Nasdaq,LULD pause,2025-01-07,11:26:46
2025-01-07,11:13:39,ZYBT,Zhengye Biotechnology Holding Limited Ordinary Shares,Nasdaq,LULD pause,2025-01-07,11:18:39
2025-01-07,10:46:41,ZYBT,Zhengye Biotechnology Holding Limited Ordinary Shares,Nasdaq,LULD pause,2025-01-07,10:56:41
2025-01-07,10:28:22,YSXT,"""YSX Tech. Co., Ltd Class A Ordinary Shares""",Nasdaq,LULD pause,2025-01-07,10:38:22
2025-01-07,10:26:06,WHLR,"""Wheeler Real Estate Investment Trust, Inc""",Nasdaq,LULD pause,2025-01-07,10:31:06
2025-01-07,10:17:15,YSXT,"""YSX Tech. Co., Ltd Class A Ordinary Shares""",Nasdaq,LULD pause,2025-01-07,10:22:15
2025-01-07,09:44:55,PCTTU,"""PureCycle Technologies, Inc. Unit""",Nasdaq,LULD pause,2025-01-07,09:49:55
2025-01-07,09:36:48,ZCMD,Zhongchao Inc. Class A Ordinary Shares,Nasdaq,LULD pause,2025-01-07,09:41:48
2025-01-07,09:31:10,BDCZ,"""ETRACS MarketVector Business Development Companies Liquid Index ETN due April 26, 2041""",NYSE Arca,LULD pause,2025-01-07,09:36:10
2025-01-06,19:50:00,CPTNW,"""Cepton, Inc. Warrant""",Nasdaq,News pending,,
2025-01-06,19:50:00,CPTN,"""Cepton, Inc. Common Stock""",Nasdaq,News pending,,
2025-01-06,15:53:49,RGF,"""The Real Good Food Company, Inc. Class A Common Stock""",Nasdaq,LULD pause,2025-01-06,16:00:00
2025-01-06,15:16:27,NARI,"""Inari Medical, Inc. Common Stock""",Nasdaq,LULD pause,2025-01-06,15:26:27
2025-01-06,15:03:36,BOXL,Boxlight Corporation Class A Common Stock,Nasdaq,LULD pause,2025-01-06,15:08:36
2025-01-06,15:02:09,ZJK,"""ZJK Industrial Co., Ltd. Ordinary Shares""",Nasdaq,LULD pause,2025-01-06,15:07:09
2025-01-06,14:54:10,MSS,Maison Solutions Inc. Class A Common Stock,Nasdaq,LULD pause,2025-01-06,14:59:10
2025-01-06,14:50:55,ZJK,"""ZJK Industrial Co., Ltd. Ordinary Shares""",Nasdaq,LULD pause,2025-01-06,14:55:55
2025-01-06,14:40:34,ZJK,"""ZJK Industrial Co., Ltd. Ordinary Shares""",Nasdaq,LULD pause,2025-01-06,14:50:35
2025-01-06,14:09:43,COEP,Coeptis Therapeutics Holdings Inc. Common Stock,Nasdaq,LULD pause,2025-01-06,14:14:43
2025-01-06,13:52:25,NAOV,"""NanoVibronix, Inc. Common Stock""",Nasdaq,LULD pause,2025-01-06,13:57:25
2025-01-06,13:31:58,NAOV,"""NanoVibronix, Inc. Common Stock""",Nasdaq,LULD pause,2025-01-06,13:36:58
2025-01-06,13:14:19,BOXL,Boxlight Corporation Class A Common Stock,Nasdaq,LULD pause,2025-01-06,13:19:19
2025-01-06,13:02:52,BOXL,Boxlight Corporation Class A Common Stock,Nasdaq,LULD pause,2025-01-06,13:07:52
2025-01-06,12:52:48,BOXL,Boxlight Corporation Class A Common Stock,Nasdaq,LULD pause,2025-01-06,12:57:48
2025-01-06,12:42:42,BOXL,Boxlight Corporation Class A Common Stock,Nasdaq,LULD pause,2025-01-06,12:47:42
2025-01-06,12:40:24,RGF,"""The Real Good Food Company, Inc. Class A Common Stock""",Nasdaq,LULD pause,2025-01-06,12:45:24
2025-01-06,12:28:25,BOXL,Boxlight Corporation Class A Common Stock,Nasdaq,LULD pause,2025-01-06,12:33:25
2025-01-06,12:26:52,RGF,"""The Real Good Food Company, Inc. Class A Common Stock""",Nasdaq,LULD pause,2025-01-06,12:39:21
2025-01-06,12:16:06,RAIN,"""Rain Enhancement Technologies Holdco, Inc. Class A Common Stock""",Nasdaq,LULD pause,2025-01-06,12:21:06
2025-01-06,12:14:01,BOXL,Boxlight Corporation Class A Common Stock,Nasdaq,LULD pause,2025-01-06,12:19:01
2025-01-06,12:05:44,RGF,"""The Real Good Food Company, Inc. Class A Common Stock""",Nasdaq,LULD pause,2025-01-06,12:26:26
2025-01-06,12:05:35,ANNA,"""AleAnna, Inc. Class A Common Stock""",Nasdaq,LULD pause,2025-01-06,12:10:35
2025-01-06,12:00:29,RGF,"""The Real Good Food Company, Inc. Class A Common Stock""",Nasdaq,LULD pause,2025-01-06,12:05:29
2025-01-06,11:19:42,ATLN,Atlantic International Corp. Common Stock,Nasdaq,LULD pause,2025-01-06,11:24:42
2025-01-06,11:11:47,BOXL,Boxlight Corporation Class A Common Stock,Nasdaq,LULD pause,2025-01-06,11:16:47
2025-01-06,10:46:19,BOXL,Boxlight Corporation Class A Common Stock,Nasdaq,LULD pause,2025-01-06,10:51:19
2025-01-06,10:37:31,BOXL,Boxlight Corporation Class A Common Stock,Nasdaq,LULD pause,2025-01-06,10:42:31
2025-01-06,10:31:49,BOXL,Boxlight Corporation Class A Common Stock,Nasdaq,LULD pause,2025-01-06,10:36:49
2025-01-06,10:16:03,SPRC,SciSparc Ltd. Ordinary Shares,Nasdaq,LULD pause,2025-01-06,10:21:03
2025-01-06,10:10:07,SPRC,SciSparc Ltd. Ordinary Shares,Nasdaq,LULD pause,2025-01-06,10:15:07
2025-01-06,10:03:43,PRTG,Portage Biotech Inc. Common Stock,Nasdaq,LULD pause,2025-01-06,10:08:43
2025-01-06,10:03:25,SPRC,SciSparc Ltd. Ordinary Shares,Nasdaq,LULD pause,2025-01-06,10:08:25
2025-01-06,10:02:25,NN,NextNav Inc. Common Stock,Nasdaq,LULD pause,2025-01-06,10:12:25
2025-01-06,09:58:37,BOXL,Boxlight Corporation Class A Common Stock,Nasdaq,LULD pause,2025-01-06,10:03:37
2025-01-06,09:52:13,IDAI,T Stamp Inc. Class A Common Stock,Nasdaq,LULD pause,2025-01-06,10:02:13
2025-01-06,09:45:42,SPRC,SciSparc Ltd. Ordinary Shares,Nasdaq,LULD pause,2025-01-06,09:50:42
2025-01-06,09:41:55,NEHC,New Era Helium Inc Common Stock,Nasdaq,LULD pause,2025-01-06,09:46:55
2025-01-06,09:40:40,PHH,"""Park Ha Biological Technology Co., Ltd. Ordinary Shares""",Nasdaq,LULD pause,2025-01-06,09:45:40
2025-01-06,09:40:22,KELYB,Kelly Services Inc,Nasdaq,LULD pause,2025-01-06,09:45:22
2025-01-06,09:40:00,BDMD,Baird Medical Investment Holdings Ltd Ordinary Share,Nasdaq,LULD pause,2025-01-06,09:50:00
2025-01-06,09:35:17,ZEO,Zeo Energy Corporation Class A Common Stock,Nasdaq,LULD pause,2025-01-06,09:40:17
2025-01-06,09:35:06,MEGL,Magic Empire Global Limited Ordinary Shares,Nasdaq,LULD pause,2025-01-06,09:40:06
2025-01-06,09:34:11,GDTC,CytoMed Therapeutics Limited Ordinary Shares,Nasdaq,LULD pause,2025-01-06,09:39:11
2025-01-06,09:30:45,SDCI,USCF SummerHaven Dynamic Commodity Strategy No K-1 Fund,NYSE Arca,LULD pause,2025-01-06,09:40:45
2025-01-06,09:30:28,SGMT,Sagimet Biosciences Inc. Series A Common Stock,Nasdaq,LULD pause,2025-01-06,09:40:28
2025-01-06,09:30:20,FOXX,Foxx Development Holdings Inc. Common Stock,Nasdaq,LULD pause,2025-01-06,09:35:20
2025-01-06,09:05:00,POAI,Predictive Oncology Inc. Common Stock,Nasdaq,News pending,2025-01-06,09:50:00
2025-01-06,07:55:00,FWRD,Forward Air Corp,Nasdaq,News pending,2025-01-06,08:30:00
2025-01-06,06:55:00,EYEN,"""Eyenovia, Inc. Common Stock""",Nasdaq,News pending,2025-01-06,07:30:00
2025-01-03,19:50:00,RGF,"""The Real Good Food Company, Inc. Class A Common Stock""",Nasdaq,News pending,,
2025-01-03,19:50:00,RGF,"""The Real Good Food Company, Inc. Class A Common Stock""",Nasdaq,News pending,2025-01-06,09:00:00
2025-01-03,19:50:00,IDAI,T Stamp Inc. Class A Common Stock,Nasdaq,News pending,2025-01-06,09:00:00
2025-01-03,19:50:00,IDAI,T Stamp Inc. Class A Common Stock,Nasdaq,News pending,,
2025-01-03,19:50:00,CMCT,Creative Media & Community Trust Corporation Common stock,Nasdaq,News pending,2025-01-06,09:00:00
2025-01-03,19:50:00,CMCT,Creative Media & Community Trust Corporation Common stock,Nasdaq,News pending,,
2025-01-03,15:35:33,PTLE,PTL LTD Ordinary Shares,Nasdaq,LULD pause,2025-01-03,16:00:00
2025-01-03,15:31:11,CCM,Concord Medical Services Holding Limited,NYSE,LULD pause,2025-01-03,15:36:16
2025-01-03,15:25:40,CCM,Concord Medical Services Holding Limited,NYSE,LULD pause,2025-01-03,15:30:43
2025-01-03,15:24:24,NSYS,Nortech Systems Inc,Nasdaq,LULD pause,2025-01-03,15:34:24
2025-01-03,15:03:54,ALUR,"""Allurion Technologies, Inc.""",NYSE,LULD pause,2025-01-03,15:09:19
2025-01-03,14:58:07,ALUR,"""Allurion Technologies, Inc.""",NYSE,LULD pause,2025-01-03,15:03:10
2025-01-03,14:46:47,MSC,"""Studio City International Holdings Limited American depositary shares, each representing four Class A ordinary shares""",NYSE,LULD pause,2025-01-03,14:51:59
2025-01-03,14:44:23,FCUV,Focus Universal Inc. Common Stock,Nasdaq,LULD pause,2025-01-03,14:49:23
2025-01-03,14:40:02,MSC,"""Studio City International Holdings Limited American depositary shares, each representing four Class A ordinary shares""",NYSE,LULD pause,2025-01-03,14:45:02
2025-01-03,14:28:48,STG,"""Sunlands Technology Group, American Depositary Shares,  American Depositary Shares, every two (2) ADSs representing one (1) Class A Ordinary Share""",NYSE,LULD pause,2025-01-03,14:33:55
2025-01-03,13:59:31,QSI,Quantum-Si Incorporated Class A Common Stock,Nasdaq,LULD pause,2025-01-03,14:04:31
2025-01-03,13:58:37,STG,"""Sunlands Technology Group, American Depositary Shares,  American Depositary Shares, every two (2) ADSs representing one (1) Class A Ordinary Share""",NYSE,LULD pause,2025-01-03,14:03:37
2025-01-03,13:44:52,BRLS,Borealis Foods Inc. Class A Common Shares,Nasdaq,LULD pause,2025-01-03,13:54:52
2025-01-03,13:34:07,BRLS,Borealis Foods Inc. Class A Common Shares,Nasdaq,LULD pause,2025-01-03,13:39:07
2025-01-03,13:23:39,BRLS,Borealis Foods Inc. Class A Common Shares,Nasdaq,LULD pause,2025-01-03,13:33:39
2025-01-03,13:14:42,CCM,Concord Medical Services Holding Limited,NYSE,LULD pause,2025-01-03,13:19:43
2025-01-03,11:30:35,APRE,"""Aprea Therapeutics, Inc. Common stock""",Nasdaq,LULD pause,2025-01-03,11:35:35
2025-01-03,11:03:52,ATLN,Atlantic International Corp. Common Stock,Nasdaq,LULD pause,2025-01-03,11:08:52
2025-01-03,10:48:13,SPPL,SIMPPLE LTD. Ordinary Shares,Nasdaq,LULD pause,2025-01-03,10:58:13
2025-01-03,10:26:51,DOGZ,Dogness (International) Corporation Class A Common Stock,Nasdaq,LULD pause,2025-01-03,10:36:51
2025-01-03,10:21:30,DOGZ,Dogness (International) Corporation Class A Common Stock,Nasdaq,LULD pause,2025-01-03,10:26:30
2025-01-03,10:08:14,INTZ,Intrusion Inc New,Nasdaq,LULD pause,2025-01-03,10:13:14
2025-01-03,10:06:42,JUNS,"""Jupiter Neurosciences, Inc. Common Stock""",Nasdaq,LULD pause,2025-01-03,10:16:42
2025-01-03,10:05:52,SYNX,Silynxcom Ltd.,NYSE American,LULD pause,2025-01-03,10:10:52
2025-01-03,10:03:16,HTCO,Caravelle International Group Ordinary Shares,Nasdaq,LULD pause,2025-01-03,10:08:16
2025-01-03,09:59:12,SYNX,Silynxcom Ltd.,NYSE American,LULD pause,2025-01-03,10:04:12
2025-01-03,09:57:40,INLF,INLIF LIMITED Ordinary Shares,Nasdaq,LULD pause,2025-01-03,10:02:40
2025-01-03,09:57:37,INTZ,Intrusion Inc New,Nasdaq,LULD pause,2025-01-03,10:02:37
2025-01-03,09:55:35,CHEK,Check-Cap Ltd.,Nasdaq,LULD pause,2025-01-03,10:00:35
2025-01-03,09:52:29,SYNX,Silynxcom Ltd.,NYSE American,LULD pause,2025-01-03,09:57:29
2025-01-03,09:52:13,HTCO,Caravelle International Group Ordinary Shares,Nasdaq,LULD pause,2025-01-03,09:57:13
2025-01-03,09:49:56,CRIS,Curis Inc,Nasdaq,LULD pause,2025-01-03,09:54:56
2025-01-03,09:45:16,WSO B,"""Watsco, Inc. Class B""",NYSE,LULD pause,2025-01-03,09:50:16
2025-01-03,09:43:54,INLF,INLIF LIMITED Ordinary Shares,Nasdaq,LULD pause,2025-01-03,09:53:54
2025-01-03,09:43:35,LATG,Chenghe Acquisition I Co. Class A Ordinary Shares,Nasdaq,LULD pause,2025-01-03,09:48:35
2025-01-03,09:41:01,MFI,mF International Limited Class A Ordinary Shares,Nasdaq,LULD pause,2025-01-03,09:46:01
2025-01-03,09:39:27,BDMD,Baird Medical Investment Holdings Ltd Ordinary Share,Nasdaq,LULD pause,2025-01-03,09:49:27
2025-01-03,09:33:13,CYCC,"""Cyclacel Pharmaceuticals, Inc""",Nasdaq,LULD pause,2025-01-03,09:38:13
2025-01-03,09:32:33,TXMD,"""TherapeuticsMD, Inc.""",Nasdaq,LULD pause,2025-01-03,09:37:33
2025-01-02,19:50:27,ALUR WS,"""Allurion Technologies, Inc. Warrants, each whole warrant exercisable to purchase 1.420455 shares of common stock at an exercise price of $8.10 per sha""",NYSE,Corporate Action,2025-01-03,09:30:19
2025-01-02,19:50:27,ALUR WS,"""Allurion Technologies, Inc. Warrants, each whole warrant exercisable to purchase 1.420455 shares of common stock at an exercise price of $8.10 per sha""",NYSE,Corporate Action,,
2025-01-02,19:50:27,ALUR,"""Allurion Technologies, Inc.""",NYSE,Corporate Action,2025-01-03,09:30:13
2025-01-02,19:50:27,ALUR,"""Allurion Technologies, Inc.""",NYSE,Corporate Action,,
2025-01-02,19:50:00,PFIE,"""Profire Energy, Inc""",Nasdaq,News pending,,
2025-01-02,15:55:09,RAIN,"""Rain Enhancement Technologies Holdco, Inc. Class A Common Stock""",Nasdaq,LULD pause,2025-01-02,16:00:00
2025-01-02,15:48:42,MKZR,"""MacKenzie Realty Capital, Inc. Common Stock""",Nasdaq,LULD pause,2025-01-02,16:00:00
2025-01-02,15:40:27,MARX,Mars Acquisition Corp. Ordinary Shares,Nasdaq,LULD pause,2025-01-02,15:45:27
2025-01-02,15:29:05,MARX,Mars Acquisition Corp. Ordinary Shares,Nasdaq,LULD pause,2025-01-02,15:39:05
2025-01-02,15:28:38,AEI,Alset Inc. Common Stock (TX),Nasdaq,LULD pause,2025-01-02,15:33:38
2025-01-02,15:16:38,MARX,Mars Acquisition Corp. Ordinary Shares,Nasdaq,LULD pause,2025-01-02,15:26:38
2025-01-02,15:09:14,MARXU,Mars Acquisition Corp. Unit,Nasdaq,LULD pause,2025-01-02,16:00:00
2025-01-02,15:06:18,MARX,Mars Acquisition Corp. Ordinary Shares,Nasdaq,LULD pause,2025-01-02,15:16:18
2025-01-02,15:01:55,ATLN,Atlantic International Corp. Common Stock,Nasdaq,LULD pause,2025-01-02,15:06:55
2025-01-02,14:58:31,RAIN,"""Rain Enhancement Technologies Holdco, Inc. Class A Common Stock""",Nasdaq,LULD pause,2025-01-02,15:03:31
2025-01-02,14:45:55,MARX,Mars Acquisition Corp. Ordinary Shares,Nasdaq,LULD pause,2025-01-02,15:05:56
2025-01-02,14:07:08,KLTO,"""Klotho Neurosciences, Inc. Common Stock""",Nasdaq,LULD pause,2025-01-02,14:12:08
2025-01-02,13:46:16,CCM,Concord Medical Services Holding Limited,NYSE,LULD pause,2025-01-02,13:51:18
2025-01-02,13:01:34,WSO B,"""Watsco, Inc. Class B""",NYSE,LULD pause,2025-01-02,13:09:53
2025-01-02,12:56:35,XPON,Expion360 Inc. Common Stock,Nasdaq,LULD pause,2025-01-02,13:01:35
2025-01-02,12:34:45,MARX,Mars Acquisition Corp. Ordinary Shares,Nasdaq,LULD pause,2025-01-02,12:44:45
2025-01-02,12:05:42,MARX,Mars Acquisition Corp. Ordinary Shares,Nasdaq,LULD pause,2025-01-02,12:10:42
2025-01-02,11:56:27,MARXU,Mars Acquisition Corp. Unit,Nasdaq,LULD pause,2025-01-02,12:01:27
2025-01-02,11:49:51,ATLN,Atlantic International Corp. Common Stock,Nasdaq,LULD pause,2025-01-02,11:54:51
2025-01-02,11:31:47,SPCB,"""SuperCom, Ltd""",Nasdaq,LULD pause,2025-01-02,11:36:47
2025-01-02,11:26:05,RAIN,"""Rain Enhancement Technologies Holdco, Inc. Class A Common Stock""",Nasdaq,LULD pause,2025-01-02,11:36:06
2025-01-02,11:19:26,ATCH,"""AtlasClear Holdings, Inc.""",NYSE American,LULD pause,2025-01-02,11:24:26
2025-01-02,11:13:28,RAIN,"""Rain Enhancement Technologies Holdco, Inc. Class A Common Stock""",Nasdaq,LULD pause,2025-01-02,11:23:29
2025-01-02,11:12:11,ICG,Intchains Group Limited American Depositary Shares,Nasdaq,LULD pause,2025-01-02,11:17:11
2025-01-02,11:02:33,KLTO,"""Klotho Neurosciences, Inc. Common Stock""",Nasdaq,LULD pause,2025-01-02,11:07:33
2025-01-02,10:59:45,ICG,Intchains Group Limited American Depositary Shares,Nasdaq,LULD pause,2025-01-02,11:09:45
2025-01-02,10:58:35,BGLC,BioNexus Gene Lab Corp Common stock,Nasdaq,LULD pause,2025-01-02,11:03:35
2025-01-02,10:55:30,ATCH,"""AtlasClear Holdings, Inc.""",NYSE American,LULD pause,2025-01-02,11:00:30
2025-01-02,10:55:25,APM,Aptorum Group Limited Class A Ordinary Shares,Nasdaq,LULD pause,2025-01-02,11:05:25
2025-01-02,10:54:11,BDMD,Baird Medical Investment Holdings Ltd Ordinary Share,Nasdaq,LULD pause,2025-01-02,10:59:11
2025-01-02,10:49:10,ICG,Intchains Group Limited American Depositary Shares,Nasdaq,LULD pause,2025-01-02,10:59:10
2025-01-02,10:44:40,NITO,"""N2OFF, Inc. Common Stock""",Nasdaq,LULD pause,2025-01-02,10:49:40
2025-01-02,10:44:21,BDMD,Baird Medical Investment Holdings Ltd Ordinary Share,Nasdaq,LULD pause,2025-01-02,10:49:21
2025-01-02,10:41:00,SPCB,"""SuperCom, Ltd""",Nasdaq,LULD pause,2025-01-02,10:46:00
2025-01-02,10:40:57,ICG,Intchains Group Limited American Depositary Shares,Nasdaq,LULD pause,2025-01-02,10:45:57
2025-01-02,10:40:40,RAIN,"""Rain Enhancement Technologies Holdco, Inc. Class A Common Stock""",Nasdaq,LULD pause,2025-01-02,10:45:40
2025-01-02,10:33:13,MARX,Mars Acquisition Corp. Ordinary Shares,Nasdaq,LULD pause,2025-01-02,10:38:13
2025-01-02,10:24:21,ICG,Intchains Group Limited American Depositary Shares,Nasdaq,LULD pause,2025-01-02,10:29:21
2025-01-02,10:19:10,BDMD,Baird Medical Investment Holdings Ltd Ordinary Share,Nasdaq,LULD pause,2025-01-02,10:24:10
2025-01-02,10:16:47,ICG,Intchains Group Limited American Depositary Shares,Nasdaq,LULD pause,2025-01-02,10:21:47
2025-01-02,10:12:20,RAIN,"""Rain Enhancement Technologies Holdco, Inc. Class A Common Stock""",Nasdaq,LULD pause,2025-01-02,10:17:20
2025-01-02,10:06:25,RAIN,"""Rain Enhancement Technologies Holdco, Inc. Class A Common Stock""",Nasdaq,LULD pause,2025-01-02,10:11:25
2025-01-02,10:04:52,ICG,Intchains Group Limited American Depositary Shares,Nasdaq,LULD pause,2025-01-02,10:14:52
2025-01-02,10:04:01,NEHC,New Era Helium Inc Common Stock,Nasdaq,LULD pause,2025-01-02,10:09:01
2025-01-02,10:02:53,SISI,"""Shineco, Inc. Common Stock""",Nasdaq,LULD pause,2025-01-02,10:12:53
2025-01-02,09:59:44,CTCX,Carmell Corporation Common Stock,Nasdaq,LULD pause,2025-01-02,10:04:44
2025-01-02,09:55:04,ATCH,"""AtlasClear Holdings, Inc.""",NYSE American,LULD pause,2025-01-02,10:05:04
2025-01-02,09:54:23,ICG,Intchains Group Limited American Depositary Shares,Nasdaq,LULD pause,2025-01-02,10:04:23
2025-01-02,09:54:19,CTCX,Carmell Corporation Common Stock,Nasdaq,LULD pause,2025-01-02,09:59:19
2025-01-02,09:53:35,RAIN,"""Rain Enhancement Technologies Holdco, Inc. Class A Common Stock""",Nasdaq,LULD pause,2025-01-02,09:58:35
2025-01-02,09:52:50,SPCB,"""SuperCom, Ltd""",Nasdaq,LULD pause,2025-01-02,09:57:50
2025-01-02,09:49:31,NEHC,New Era Helium Inc Common Stock,Nasdaq,LULD pause,2025-01-02,09:54:31
2025-01-02,09:46:37,RAIN,"""Rain Enhancement Technologies Holdco, Inc. Class A Common Stock""",Nasdaq,LULD pause,2025-01-02,09:51:37
2025-01-02,09:44:49,ATCH,"""AtlasClear Holdings, Inc.""",NYSE American,LULD pause,2025-01-02,09:54:49
2025-01-02,09:37:30,NEHC,New Era Helium Inc Common Stock,Nasdaq,LULD pause,2025-01-02,09:47:30
2025-01-02,09:37:24,COEP,Coeptis Therapeutics Holdings Inc. Common Stock,Nasdaq,LULD pause,2025-01-02,09:42:24
2025-01-02,09:36:22,CTCX,Carmell Corporation Common Stock,Nasdaq,LULD pause,2025-01-02,09:41:22
2025-01-02,09:35:20,RAIN,"""Rain Enhancement Technologies Holdco, Inc. Class A Common Stock""",Nasdaq,LULD pause,2025-01-02,09:45:20
2025-01-02,09:35:06,SISI,"""Shineco, Inc. Common Stock""",Nasdaq,LULD pause,2025-01-02,10:01:34
2025-01-02,09:34:42,UCL,uCloudlink Group Inc. American Depositary Shares,Nasdaq,LULD pause,2025-01-02,09:39:42
2025-01-02,09:34:27,NMRA,"""Neumora Therapeutics, Inc. Common Stock""",Nasdaq,LULD pause,2025-01-02,09:39:27
2025-01-02,09:33:37,REVB,"""Revelation Biosciences, Inc. Common Stock""",Nasdaq,LULD pause,2025-01-02,09:38:37
2025-01-02,09:32:32,MARX,Mars Acquisition Corp. Ordinary Shares,Nasdaq,LULD pause,2025-01-02,09:46:55
2025-01-02,09:30:54,CTCX,Carmell Corporation Common Stock,Nasdaq,LULD pause,2025-01-02,09:35:54
2025-01-02,06:55:00,NMRA,"""Neumora Therapeutics, Inc. Common Stock""",Nasdaq,News pending,2025-01-02,07:30:00
