Symbol,Exchange,Underlying,Leverage,Currency,ISIN,Name,Date,Open,High,Low,Close,Volume,Turnover,NAV,FX_Pair,FX_Rate,Open_KRW,High_KRW,Low_KRW,Close_KRW,NAV_KRW
0192L0.KS,KRX,SK Hynix,2x,KRW,KR70192L0007,RISE SK하이닉스단일종목레버리지,2026-05-27,32090.0,32090.0,23085.0,23765.0,2394083,59225649441.0,23886.1,-,1.0,32090.0,32090.0,23085.0,23765.0,23886.1
0192L0.KS,KRX,SK Hynix,2x,KRW,KR70192L0007,RISE SK하이닉스단일종목레버리지,2026-05-28,23020.0,25300.0,21935.0,24890.0,3722373,87516115403.0,25096.1,-,1.0,23020.0,25300.0,21935.0,24890.0,25096.1
0192L0.KS,KRX,SK Hynix,2x,KRW,KR70192L0007,RISE SK하이닉스단일종목레버리지,2026-05-29,26455.0,26970.0,24945.0,25730.0,1434964,37035209791.0,25904.15,-,1.0,26455.0,26970.0,24945.0,25730.0,25904.15
0192L0.KS,KRX,SK Hynix,2x,KRW,KR70192L0007,RISE SK하이닉스단일종목레버리지,2026-06-01,25335.0,27375.0,25000.0,26750.0,2070141,54574391067.0,26217.87,-,1.0,25335.0,27375.0,25000.0,26750.0,26217.87
0192L0.KS,KRX,SK Hynix,2x,KRW,KR70192L0007,RISE SK하이닉스단일종목레버리지,2026-06-02,26905.0,27615.0,24160.0,26190.0,1881995,47946792118.0,25812.31,-,1.0,26905.0,27615.0,24160.0,26190.0,25812.31
0192L0.KS,KRX,SK Hynix,2x,KRW,KR70192L0007,RISE SK하이닉스단일종목레버리지,2026-06-04,24240.0,25540.0,24120.0,24975.0,1142458,28336155129.0,24604.24,-,1.0,24240.0,25540.0,24120.0,24975.0,24604.24
0192L0.KS,KRX,SK Hynix,2x,KRW,KR70192L0007,RISE SK하이닉스단일종목레버리지,2026-06-05,21705.0,22635.0,19950.0,19950.0,920984,19551327939.0,18677.92,-,1.0,21705.0,22635.0,19950.0,19950.0,18677.92
0192L0.KS,KRX,SK Hynix,2x,KRW,KR70192L0007,RISE SK하이닉스단일종목레버리지,2026-06-08,16055.0,20060.0,16055.0,16690.0,1428843,26166764441.0,16294.08,-,1.0,16055.0,20060.0,16055.0,16690.0,16294.08
0192L0.KS,KRX,SK Hynix,2x,KRW,KR70192L0007,RISE SK하이닉스단일종목레버리지,2026-06-09,19080.0,22065.0,18190.0,21935.0,703562,14023615505.0,21960.1,-,1.0,19080.0,22065.0,18190.0,21935.0,21960.1
0192L0.KS,KRX,SK Hynix,2x,KRW,KR70192L0007,RISE SK하이닉스단일종목레버리지,2026-06-10,20415.0,21160.0,17440.0,18540.0,777059,14876497966.0,18740.78,-,1.0,20415.0,21160.0,17440.0,18540.0,18740.78
0192L0.KS,KRX,SK Hynix,2x,KRW,KR70192L0007,RISE SK하이닉스단일종목레버리지,2026-06-11,17365.0,20470.0,16925.0,19490.0,681755,12977264327.0,19528.18,-,1.0,17365.0,20470.0,16925.0,19490.0,19528.18
0192L0.KS,KRX,SK Hynix,2x,KRW,KR70192L0007,RISE SK하이닉스단일종목레버리지,2026-06-12,22955.0,23135.0,20140.0,20140.0,756850,16939902397.0,20126.27,-,1.0,22955.0,23135.0,20140.0,20140.0,20126.27
0192L0.KS,KRX,SK Hynix,2x,KRW,KR70192L0007,RISE SK하이닉스단일종목레버리지,2026-06-15,22575.0,23595.0,22510.0,22780.0,371092,8572406490.0,22795.59,-,1.0,22575.0,23595.0,22510.0,22780.0,22795.59
0192L0.KS,KRX,SK Hynix,2x,KRW,KR70192L0007,RISE SK하이닉스단일종목레버리지,2026-06-16,24530.0,25065.0,22890.0,24750.0,711298,17341835646.0,24823.68,-,1.0,24530.0,25065.0,22890.0,24750.0,24823.68
0192L0.KS,KRX,SK Hynix,2x,KRW,KR70192L0007,RISE SK하이닉스단일종목레버리지,2026-06-17,23940.0,27720.0,23845.0,27565.0,649694,16956972199.0,27828.25,-,1.0,23940.0,27720.0,23845.0,27565.0,27828.25
0192L0.KS,KRX,SK Hynix,2x,KRW,KR70192L0007,RISE SK하이닉스단일종목레버리지,2026-06-18,28445.0,32510.0,28405.0,31220.0,1459539,45040143331.0,31291.34,-,1.0,28445.0,32510.0,28405.0,31220.0,31291.34
0192L0.KS,KRX,SK Hynix,2x,KRW,KR70192L0007,RISE SK하이닉스단일종목레버리지,2026-06-19,34620.0,36040.0,31220.0,33000.0,1278580,42995071027.0,33022.94,-,1.0,34620.0,36040.0,31220.0,33000.0,33022.94
0192L0.KS,KRX,SK Hynix,2x,KRW,KR70192L0007,RISE SK하이닉스단일종목레버리지,2026-06-22,32210.0,37405.0,32210.0,36940.0,1433299,51508872596.0,36825.15,-,1.0,32210.0,37405.0,32210.0,36940.0,36825.15
0192L0.KS,KRX,SK Hynix,2x,KRW,KR70192L0007,RISE SK하이닉스단일종목레버리지,2026-06-23,36655.0,37500.0,27000.0,27640.0,1390543,45096554829.0,27538.24,-,1.0,36655.0,37500.0,27000.0,27640.0,27538.24
0192L0.KS,KRX,SK Hynix,2x,KRW,KR70192L0007,RISE SK하이닉스단일종목레버리지,2026-06-24,28830.0,30720.0,25500.0,28245.0,1287316,36562581962.0,28246.25,-,1.0,28830.0,30720.0,25500.0,28245.0,28246.25
0192L0.KS,KRX,SK Hynix,2x,KRW,KR70192L0007,RISE SK하이닉스단일종목레버리지,2026-06-25,34440.0,37380.0,31895.0,35325.0,1620004,56715708665.0,35349.0,-,1.0,34440.0,37380.0,31895.0,35325.0,35349.0
0192L0.KS,KRX,SK Hynix,2x,KRW,KR70192L0007,RISE SK하이닉스단일종목레버리지,2026-06-26,33880.0,34620.0,27620.0,29130.0,1306471,40032704023.0,29388.22,-,1.0,33880.0,34620.0,27620.0,29130.0,29388.22
0192L0.KS,KRX,SK Hynix,2x,KRW,KR70192L0007,RISE SK하이닉스단일종목레버리지,2026-06-29,28675.0,29580.0,25940.0,28190.0,1620342,44396394167.0,28243.75,-,1.0,28675.0,29580.0,25940.0,28190.0,28243.75
0192L0.KS,KRX,SK Hynix,2x,KRW,KR70192L0007,RISE SK하이닉스단일종목레버리지,2026-06-30,28230.0,30915.0,26550.0,28895.0,644146,18579434419.0,28974.07,-,1.0,28230.0,30915.0,26550.0,28895.0,28974.07
0192L0.KS,KRX,SK Hynix,2x,KRW,KR70192L0007,RISE SK하이닉스단일종목레버리지,2026-07-01,29350.0,30500.0,25600.0,26995.0,620719,17139185413.0,26819.12,-,1.0,29350.0,30500.0,25600.0,26995.0,26819.12
0192L0.KS,KRX,SK Hynix,2x,KRW,KR70192L0007,RISE SK하이닉스단일종목레버리지,2026-07-02,22570.0,24540.0,18225.0,18225.0,1664930,36954907997.0,18855.87,-,1.0,22570.0,24540.0,18225.0,18225.0,18855.87
0192L0.KS,KRX,SK Hynix,2x,KRW,KR70192L0007,RISE SK하이닉스단일종목레버리지,2026-07-03,19025.0,23605.0,16500.0,23210.0,1196052,24893121125.0,22967.27,-,1.0,19025.0,23605.0,16500.0,23210.0,22967.27
0192M0.KS,KRX,Samsung Electronics,2x,KRW,KR70192M0006,RISE 삼성전자단일종목레버리지,2026-05-27,23205.0,23285.0,21010.0,21165.0,1324469,29725793755.0,21416.13,-,1.0,23205.0,23285.0,21010.0,21165.0,21416.13
0192M0.KS,KRX,Samsung Electronics,2x,KRW,KR70192M0006,RISE 삼성전자단일종목레버리지,2026-05-28,20790.0,21070.0,18460.0,20035.0,4871531,97960514769.0,19928.51,-,1.0,20790.0,21070.0,18460.0,20035.0,19928.51
0192M0.KS,KRX,Samsung Electronics,2x,KRW,KR70192M0006,RISE 삼성전자단일종목레버리지,2026-05-29,21485.0,22840.0,21040.0,22670.0,1981701,43689894851.0,22553.38,-,1.0,21485.0,22840.0,21040.0,22670.0,22553.38
0192M0.KS,KRX,Samsung Electronics,2x,KRW,KR70192M0006,RISE 삼성전자단일종목레버리지,2026-06-01,22900.0,27940.0,22850.0,27425.0,1184723,30629257694.0,27692.41,-,1.0,22900.0,27940.0,22850.0,27425.0,27692.41
0192M0.KS,KRX,Samsung Electronics,2x,KRW,KR70192M0006,RISE 삼성전자단일종목레버리지,2026-06-02,29090.0,30460.0,26400.0,29085.0,1769728,49960648879.0,28475.81,-,1.0,29090.0,30460.0,26400.0,29085.0,28475.81
0192M0.KS,KRX,Samsung Electronics,2x,KRW,KR70192M0006,RISE 삼성전자단일종목레버리지,2026-06-04,27000.0,29695.0,26860.0,27370.0,1009756,28661555270.0,27029.29,-,1.0,27000.0,29695.0,26860.0,27370.0,27029.29
0192M0.KS,KRX,Samsung Electronics,2x,KRW,KR70192M0006,RISE 삼성전자단일종목레버리지,2026-06-05,24385.0,25955.0,23190.0,23600.0,1033045,25092647232.0,23279.88,-,1.0,24385.0,25955.0,23190.0,23600.0,23279.88
0192M0.KS,KRX,Samsung Electronics,2x,KRW,KR70192M0006,RISE 삼성전자단일종목레버리지,2026-06-08,18735.0,21700.0,18500.0,18500.0,1123801,22733089825.0,18472.47,-,1.0,18735.0,21700.0,18500.0,18500.0,18472.47
0192M0.KS,KRX,Samsung Electronics,2x,KRW,KR70192M0006,RISE 삼성전자단일종목레버리지,2026-06-09,20695.0,22250.0,19340.0,22250.0,689698,14285778878.0,21944.66,-,1.0,20695.0,22250.0,19340.0,22250.0,21944.66
0192M0.KS,KRX,Samsung Electronics,2x,KRW,KR70192M0006,RISE 삼성전자단일종목레버리지,2026-06-10,20695.0,21075.0,18490.0,19360.0,1088083,21503071055.0,19562.8,-,1.0,20695.0,21075.0,18490.0,19360.0,19562.8
0192M0.KS,KRX,Samsung Electronics,2x,KRW,KR70192M0006,RISE 삼성전자단일종목레버리지,2026-06-11,17880.0,19760.0,17470.0,18820.0,935785,17470395685.0,18861.61,-,1.0,17880.0,19760.0,17470.0,18820.0,18861.61
0192M0.KS,KRX,Samsung Electronics,2x,KRW,KR70192M0006,RISE 삼성전자단일종목레버리지,2026-06-12,22495.0,23900.0,21505.0,21800.0,958470,22003861570.0,21730.42,-,1.0,22495.0,23900.0,21505.0,21800.0,21730.42
0192M0.KS,KRX,Samsung Electronics,2x,KRW,KR70192M0006,RISE 삼성전자단일종목레버리지,2026-06-15,24060.0,24300.0,23305.0,23555.0,481895,11472822722.0,23698.39,-,1.0,24060.0,24300.0,23305.0,23555.0,23698.39
0192M0.KS,KRX,Samsung Electronics,2x,KRW,KR70192M0006,RISE 삼성전자단일종목레버리지,2026-06-16,24625.0,24830.0,23135.0,24405.0,666438,16060767698.0,24507.33,-,1.0,24625.0,24830.0,23135.0,24405.0,24507.33
0192M0.KS,KRX,Samsung Electronics,2x,KRW,KR70192M0006,RISE 삼성전자단일종목레버리지,2026-06-17,23100.0,25195.0,22900.0,25065.0,1051742,25164345632.0,25203.05,-,1.0,23100.0,25195.0,22900.0,25065.0,25203.05
0192M0.KS,KRX,Samsung Electronics,2x,KRW,KR70192M0006,RISE 삼성전자단일종목레버리지,2026-06-18,24950.0,27570.0,24735.0,27485.0,1023992,26653019354.0,27311.53,-,1.0,24950.0,27570.0,24735.0,27485.0,27311.53
0192M0.KS,KRX,Samsung Electronics,2x,KRW,KR70192M0006,RISE 삼성전자단일종목레버리지,2026-06-19,29075.0,29200.0,25100.0,26200.0,1011176,27396419885.0,25912.53,-,1.0,29075.0,29200.0,25100.0,26200.0,25912.53
0192M0.KS,KRX,Samsung Electronics,2x,KRW,KR70192M0006,RISE 삼성전자단일종목레버리지,2026-06-22,24955.0,27450.0,24420.0,25955.0,322541,8431359012.0,26004.7,-,1.0,24955.0,27450.0,24420.0,25955.0,26004.7
0192M0.KS,KRX,Samsung Electronics,2x,KRW,KR70192M0006,RISE 삼성전자단일종목레버리지,2026-06-23,25545.0,25915.0,19500.0,19575.0,1021997,23382016929.0,19643.11,-,1.0,25545.0,25915.0,19500.0,19575.0,19643.11
0192M0.KS,KRX,Samsung Electronics,2x,KRW,KR70192M0006,RISE 삼성전자단일종목레버리지,2026-06-24,20190.0,23540.0,20160.0,23320.0,1444863,31877585076.0,23566.37,-,1.0,20190.0,23540.0,20160.0,23320.0,23566.37
0192M0.KS,KRX,Samsung Electronics,2x,KRW,KR70192M0006,RISE 삼성전자단일종목레버리지,2026-06-25,26020.0,26600.0,25200.0,26045.0,788253,20510422806.0,26117.29,-,1.0,26020.0,26600.0,25200.0,26045.0,26117.29
0192M0.KS,KRX,Samsung Electronics,2x,KRW,KR70192M0006,RISE 삼성전자단일종목레버리지,2026-06-26,25400.0,25800.0,20675.0,23060.0,925360,21436832401.0,23459.6,-,1.0,25400.0,25800.0,20675.0,23060.0,23459.6
0192M0.KS,KRX,Samsung Electronics,2x,KRW,KR70192M0006,RISE 삼성전자단일종목레버리지,2026-06-29,22300.0,22300.0,20015.0,21205.0,1119071,23369021137.0,21065.43,-,1.0,22300.0,22300.0,20015.0,21205.0,21065.43
0192M0.KS,KRX,Samsung Electronics,2x,KRW,KR70192M0006,RISE 삼성전자단일종목레버리지,2026-06-30,21340.0,23750.0,20850.0,22655.0,500285,11168410408.0,22537.13,-,1.0,21340.0,23750.0,20850.0,22655.0,22537.13
0192M0.KS,KRX,Samsung Electronics,2x,KRW,KR70192M0006,RISE 삼성전자단일종목레버리지,2026-07-01,22905.0,23150.0,19470.0,20000.0,1164673,23902814655.0,19872.85,-,1.0,22905.0,23150.0,19470.0,20000.0,19872.85
0192M0.KS,KRX,Samsung Electronics,2x,KRW,KR70192M0006,RISE 삼성전자단일종목레버리지,2026-07-02,17215.0,18405.0,15675.0,16225.0,625423,10618983911.0,16122.7,-,1.0,17215.0,18405.0,15675.0,16225.0,16122.7
0192M0.KS,KRX,Samsung Electronics,2x,KRW,KR70192M0006,RISE 삼성전자단일종목레버리지,2026-07-03,16610.0,19245.0,15945.0,18830.0,402040,7112100853.0,18775.9,-,1.0,16610.0,19245.0,15945.0,18830.0,18775.9
0193K0.KS,KRX,Samsung Electronics,2x,KRW,KR70193K0007,PLUS 삼성전자단일종목레버리지,2026-05-27,24660.0,24900.0,22530.0,22530.0,1300000,31527281238.0,22877.07,-,1.0,24660.0,24900.0,22530.0,22530.0,22877.07
0193K0.KS,KRX,Samsung Electronics,2x,KRW,KR70193K0007,PLUS 삼성전자단일종목레버리지,2026-05-28,22510.0,22645.0,19930.0,21650.0,878948,19217146836.0,21491.89,-,1.0,22510.0,22645.0,19930.0,21650.0,21491.89
0193K0.KS,KRX,Samsung Electronics,2x,KRW,KR70193K0007,PLUS 삼성전자단일종목레버리지,2026-05-29,23050.0,24480.0,22610.0,24475.0,678226,16236056268.0,24158.01,-,1.0,23050.0,24480.0,22610.0,24475.0,24158.01
0193K0.KS,KRX,Samsung Electronics,2x,KRW,KR70193K0007,PLUS 삼성전자단일종목레버리지,2026-06-01,24495.0,29620.0,23500.0,29115.0,682174,19017607777.0,29230.46,-,1.0,24495.0,29620.0,23500.0,29115.0,29230.46
0193K0.KS,KRX,Samsung Electronics,2x,KRW,KR70193K0007,PLUS 삼성전자단일종목레버리지,2026-06-02,30870.0,32415.0,27850.0,30935.0,439495,13220486621.0,30280.45,-,1.0,30870.0,32415.0,27850.0,30935.0,30280.45
0193K0.KS,KRX,Samsung Electronics,2x,KRW,KR70193K0007,PLUS 삼성전자단일종목레버리지,2026-06-04,28865.0,31335.0,28500.0,29265.0,159516,4800805325.0,28779.68,-,1.0,28865.0,31335.0,28500.0,29265.0,28779.68
0193K0.KS,KRX,Samsung Electronics,2x,KRW,KR70193K0007,PLUS 삼성전자단일종목레버리지,2026-06-05,26100.0,27490.0,24590.0,25360.0,445940,11561656542.0,24823.41,-,1.0,26100.0,27490.0,24590.0,25360.0,24823.41
0193K0.KS,KRX,Samsung Electronics,2x,KRW,KR70193K0007,PLUS 삼성전자단일종목레버리지,2026-06-08,20145.0,23355.0,19890.0,19890.0,259276,5604725528.0,19711.43,-,1.0,20145.0,23355.0,19890.0,19890.0,19711.43
0193K0.KS,KRX,Samsung Electronics,2x,KRW,KR70193K0007,PLUS 삼성전자단일종목레버리지,2026-06-09,21800.0,23915.0,20665.0,23915.0,199131,4450592907.0,23414.66,-,1.0,21800.0,23915.0,20665.0,23915.0,23414.66
0193K0.KS,KRX,Samsung Electronics,2x,KRW,KR70193K0007,PLUS 삼성전자단일종목레버리지,2026-06-10,22055.0,22550.0,19745.0,20750.0,202160,4209343584.0,20881.78,-,1.0,22055.0,22550.0,19745.0,20750.0,20881.78
0193K0.KS,KRX,Samsung Electronics,2x,KRW,KR70193K0007,PLUS 삼성전자단일종목레버리지,2026-06-11,19410.0,21155.0,18805.0,20235.0,152507,3043055359.0,20171.17,-,1.0,19410.0,21155.0,18805.0,20235.0,20171.17
0193K0.KS,KRX,Samsung Electronics,2x,KRW,KR70193K0007,PLUS 삼성전자단일종목레버리지,2026-06-12,23760.0,25595.0,23100.0,23230.0,277442,6776511458.0,23255.65,-,1.0,23760.0,25595.0,23100.0,23230.0,23255.65
0193K0.KS,KRX,Samsung Electronics,2x,KRW,KR70193K0007,PLUS 삼성전자단일종목레버리지,2026-06-15,26280.0,26280.0,24970.0,25130.0,148827,3795266928.0,25446.68,-,1.0,26280.0,26280.0,24970.0,25130.0,25446.68
0193K0.KS,KRX,Samsung Electronics,2x,KRW,KR70193K0007,PLUS 삼성전자단일종목레버리지,2026-06-16,26125.0,26655.0,24745.0,26290.0,166341,4292243361.0,26311.21,-,1.0,26125.0,26655.0,24745.0,26290.0,26311.21
0193K0.KS,KRX,Samsung Electronics,2x,KRW,KR70193K0007,PLUS 삼성전자단일종목레버리지,2026-06-17,24375.0,27045.0,24375.0,26920.0,142187,3630127383.0,27050.89,-,1.0,24375.0,27045.0,24375.0,26920.0,27050.89
0193K0.KS,KRX,Samsung Electronics,2x,KRW,KR70193K0007,PLUS 삼성전자단일종목레버리지,2026-06-18,26920.0,29430.0,26605.0,29320.0,190725,5286305257.0,29309.0,-,1.0,26920.0,29430.0,26605.0,29320.0,29309.0
0193K0.KS,KRX,Samsung Electronics,2x,KRW,KR70193K0007,PLUS 삼성전자단일종목레버리지,2026-06-19,30770.0,31315.0,26800.0,28190.0,280725,8265817385.0,27788.13,-,1.0,30770.0,31315.0,26800.0,28190.0,27788.13
0193K0.KS,KRX,Samsung Electronics,2x,KRW,KR70193K0007,PLUS 삼성전자단일종목레버리지,2026-06-22,26465.0,29245.0,26065.0,27905.0,189872,5320837812.0,27892.27,-,1.0,26465.0,29245.0,26065.0,27905.0,27892.27
0193K0.KS,KRX,Samsung Electronics,2x,KRW,KR70193K0007,PLUS 삼성전자단일종목레버리지,2026-06-23,27320.0,27730.0,21095.0,21285.0,218371,5468596729.0,21062.86,-,1.0,27320.0,27730.0,21095.0,21285.0,21062.86
0193K0.KS,KRX,Samsung Electronics,2x,KRW,KR70193K0007,PLUS 삼성전자단일종목레버리지,2026-06-24,21545.0,25335.0,21460.0,25335.0,557778,13285927392.0,25351.92,-,1.0,21545.0,25335.0,21460.0,25335.0,25351.92
0193K0.KS,KRX,Samsung Electronics,2x,KRW,KR70193K0007,PLUS 삼성전자단일종목레버리지,2026-06-25,27500.0,28490.0,27000.0,28065.0,188555,5255999113.0,28071.25,-,1.0,27500.0,28490.0,27000.0,28065.0,28071.25
0193K0.KS,KRX,Samsung Electronics,2x,KRW,KR70193K0007,PLUS 삼성전자단일종목레버리지,2026-06-26,27280.0,27675.0,22400.0,24640.0,255531,6302977042.0,25193.33,-,1.0,27280.0,27675.0,22400.0,24640.0,25193.33
0193K0.KS,KRX,Samsung Electronics,2x,KRW,KR70193K0007,PLUS 삼성전자단일종목레버리지,2026-06-29,23800.0,24000.0,21660.0,22825.0,237605,5406602285.0,22631.27,-,1.0,23800.0,24000.0,21660.0,22825.0,22631.27
0193K0.KS,KRX,Samsung Electronics,2x,KRW,KR70193K0007,PLUS 삼성전자단일종목레버리지,2026-06-30,22955.0,25365.0,22435.0,24300.0,151564,3627885770.0,24208.21,-,1.0,22955.0,25365.0,22435.0,24300.0,24208.21
0193K0.KS,KRX,Samsung Electronics,2x,KRW,KR70193K0007,PLUS 삼성전자단일종목레버리지,2026-07-01,24300.0,24875.0,20975.0,21450.0,261054,5789073462.0,21375.55,-,1.0,24300.0,24875.0,20975.0,21450.0,21375.55
0193K0.KS,KRX,Samsung Electronics,2x,KRW,KR70193K0007,PLUS 삼성전자단일종목레버리지,2026-07-02,18450.0,19890.0,16970.0,17615.0,236150,4370065028.0,17382.3,-,1.0,18450.0,19890.0,16970.0,17615.0,17382.3
0193K0.KS,KRX,Samsung Electronics,2x,KRW,KR70193K0007,PLUS 삼성전자단일종목레버리지,2026-07-03,18000.0,20775.0,17195.0,20390.0,273220,5282944216.0,20214.67,-,1.0,18000.0,20775.0,17195.0,20390.0,20214.67
0193T0.KS,KRX,SK Hynix,2x,KRW,KR70193T0008,KODEX SK하이닉스단일종목레버리지,2026-05-27,28505.0,30650.0,26785.0,27775.0,152369192,4392291588030.0,27797.25,-,1.0,28505.0,30650.0,26785.0,27775.0,27797.25
0193T0.KS,KRX,SK Hynix,2x,KRW,KR70193T0008,KODEX SK하이닉스단일종목레버리지,2026-05-28,26935.0,29435.0,25540.0,28970.0,137360534,3779045416336.0,29096.26,-,1.0,26935.0,29435.0,25540.0,28970.0,29096.26
0193T0.KS,KRX,SK Hynix,2x,KRW,KR70193T0008,KODEX SK하이닉스단일종목레버리지,2026-05-29,30530.0,31355.0,29000.0,29895.0,91577807,2754486569017.0,30117.02,-,1.0,30530.0,31355.0,29000.0,29895.0,30117.02
0193T0.KS,KRX,SK Hynix,2x,KRW,KR70193T0008,KODEX SK하이닉스단일종목레버리지,2026-06-01,29160.0,31840.0,29095.0,31100.0,91477315,2810463474474.0,30596.61,-,1.0,29160.0,31840.0,29095.0,31100.0,30596.61
0193T0.KS,KRX,SK Hynix,2x,KRW,KR70193T0008,KODEX SK하이닉스단일종목레버리지,2026-06-02,31100.0,32000.0,27995.0,30545.0,100087348,2970687802764.0,30279.08,-,1.0,31100.0,32000.0,27995.0,30545.0,30279.08
0193T0.KS,KRX,SK Hynix,2x,KRW,KR70193T0008,KODEX SK하이닉스단일종목레버리지,2026-06-04,28660.0,29795.0,28180.0,29055.0,44136936,1276984784999.0,28772.84,-,1.0,28660.0,29795.0,28180.0,29055.0,28772.84
0193T0.KS,KRX,SK Hynix,2x,KRW,KR70193T0008,KODEX SK하이닉스단일종목레버리지,2026-06-05,25115.0,26290.0,23160.0,23160.0,102947201,2528327871292.0,22100.94,-,1.0,25115.0,26290.0,23160.0,23160.0,22100.94
0193T0.KS,KRX,SK Hynix,2x,KRW,KR70193T0008,KODEX SK하이닉스단일종목레버리지,2026-06-08,18860.0,23255.0,18665.0,19605.0,111654985,2382201470723.0,19069.76,-,1.0,18860.0,23255.0,18665.0,19605.0,19069.76
0193T0.KS,KRX,SK Hynix,2x,KRW,KR70193T0008,KODEX SK하이닉스단일종목레버리지,2026-06-09,22315.0,25940.0,21230.0,25765.0,106676202,2500093631994.0,25794.53,-,1.0,22315.0,25940.0,21230.0,25765.0,25794.53
0193T0.KS,KRX,SK Hynix,2x,KRW,KR70193T0008,KODEX SK하이닉스단일종목레버리지,2026-06-10,23880.0,24945.0,20505.0,21740.0,98148798,2218992443487.0,21996.18,-,1.0,23880.0,24945.0,20505.0,21740.0,21996.18
0193T0.KS,KRX,SK Hynix,2x,KRW,KR70193T0008,KODEX SK하이닉스단일종목레버리지,2026-06-11,20430.0,24195.0,19835.0,22985.0,122661723,2745121040714.0,22960.5,-,1.0,20430.0,24195.0,19835.0,22985.0,22960.5
0193T0.KS,KRX,SK Hynix,2x,KRW,KR70193T0008,KODEX SK하이닉스단일종목레버리지,2026-06-12,27040.0,27285.0,23920.0,23920.0,94598971,2488087218605.0,23723.0,-,1.0,27040.0,27285.0,23920.0,23920.0,23723.0
0193T0.KS,KRX,SK Hynix,2x,KRW,KR70193T0008,KODEX SK하이닉스단일종목레버리지,2026-06-15,26685.0,27815.0,26450.0,26810.0,66805604,1816052513694.0,26901.48,-,1.0,26685.0,27815.0,26450.0,26810.0,26901.48
0193T0.KS,KRX,SK Hynix,2x,KRW,KR70193T0008,KODEX SK하이닉스단일종목레버리지,2026-06-16,28630.0,29510.0,27000.0,29190.0,90856630,2596889775921.0,29317.66,-,1.0,28630.0,29510.0,27000.0,29190.0,29317.66
0193T0.KS,KRX,SK Hynix,2x,KRW,KR70193T0008,KODEX SK하이닉스단일종목레버리지,2026-06-17,28210.0,32775.0,28080.0,32660.0,111032125,3390695534257.0,32903.16,-,1.0,28210.0,32775.0,28080.0,32660.0,32903.16
0193T0.KS,KRX,SK Hynix,2x,KRW,KR70193T0008,KODEX SK하이닉스단일종목레버리지,2026-06-18,33475.0,38425.0,33465.0,36900.0,142814867,5144387380440.0,37094.67,-,1.0,33475.0,38425.0,33465.0,36900.0,37094.67
0193T0.KS,KRX,SK Hynix,2x,KRW,KR70193T0008,KODEX SK하이닉스단일종목레버리지,2026-06-19,41000.0,42675.0,36905.0,39200.0,174518957,6953008378559.0,39155.75,-,1.0,41000.0,42675.0,36905.0,39200.0,39155.75
0193T0.KS,KRX,SK Hynix,2x,KRW,KR70193T0008,KODEX SK하이닉스단일종목레버리지,2026-06-22,38190.0,44330.0,38100.0,44000.0,137471986,5829000525876.0,43626.19,-,1.0,38190.0,44330.0,38100.0,44000.0,43626.19
0193T0.KS,KRX,SK Hynix,2x,KRW,KR70193T0008,KODEX SK하이닉스단일종목레버리지,2026-06-23,44005.0,44385.0,31800.0,32790.0,194888518,7430494910586.0,32469.32,-,1.0,44005.0,44385.0,31800.0,32790.0,32469.32
0193T0.KS,KRX,SK Hynix,2x,KRW,KR70193T0008,KODEX SK하이닉스단일종목레버리지,2026-06-24,34370.0,36260.0,29900.0,33210.0,213031524,7131522103424.0,33331.76,-,1.0,34370.0,36260.0,29900.0,33210.0,33331.76
0193T0.KS,KRX,SK Hynix,2x,KRW,KR70193T0008,KODEX SK하이닉스단일종목레버리지,2026-06-25,40260.0,43980.0,37530.0,41785.0,165926590,6751461755301.0,41909.74,-,1.0,40260.0,43980.0,37530.0,41785.0,41909.74
0193T0.KS,KRX,SK Hynix,2x,KRW,KR70193T0008,KODEX SK하이닉스단일종목레버리지,2026-06-26,39950.0,40860.0,32570.0,34545.0,174889126,6296054984329.0,34941.91,-,1.0,39950.0,40860.0,32570.0,34545.0,34941.91
0193T0.KS,KRX,SK Hynix,2x,KRW,KR70193T0008,KODEX SK하이닉스단일종목레버리지,2026-06-29,34105.0,35180.0,30700.0,33660.0,144984196,4738255502543.0,33478.96,-,1.0,34105.0,35180.0,30700.0,33660.0,33478.96
0193T0.KS,KRX,SK Hynix,2x,KRW,KR70193T0008,KODEX SK하이닉스단일종목레버리지,2026-06-30,33405.0,36630.0,31375.0,34505.0,125584199,4306956071869.0,34312.91,-,1.0,33405.0,36630.0,31375.0,34505.0,34312.91
0193T0.KS,KRX,SK Hynix,2x,KRW,KR70193T0008,KODEX SK하이닉스단일종목레버리지,2026-07-01,34830.0,36165.0,30250.0,31875.0,124789471,4070009165724.0,31759.5,-,1.0,34830.0,36165.0,30250.0,31875.0,31759.5
0193T0.KS,KRX,SK Hynix,2x,KRW,KR70193T0008,KODEX SK하이닉스단일종목레버리지,2026-07-02,26595.0,29000.0,22035.0,22035.0,194637413,5142934754019.0,22253.03,-,1.0,26595.0,29000.0,22035.0,22035.0,22253.03
0193T0.KS,KRX,SK Hynix,2x,KRW,KR70193T0008,KODEX SK하이닉스단일종목레버리지,2026-07-03,22655.0,27880.0,19435.0,27400.0,267083350,6405061800994.0,27164.03,-,1.0,22655.0,27880.0,19435.0,27400.0,27164.03
0193W0.KS,KRX,Samsung Electronics,2x,KRW,KR70193W0003,KODEX 삼성전자단일종목레버리지,2026-05-27,24885.0,25960.0,22670.0,22830.0,80396576,1949485760678.0,22969.08,-,1.0,24885.0,25960.0,22670.0,22830.0,22969.08
0193W0.KS,KRX,Samsung Electronics,2x,KRW,KR70193W0003,KODEX 삼성전자단일종목레버리지,2026-05-28,22435.0,22730.0,19917.0,21700.0,68294620,1469540766831.0,21552.29,-,1.0,22435.0,22730.0,19917.0,21700.0,21552.29
0193W0.KS,KRX,Samsung Electronics,2x,KRW,KR70193W0003,KODEX 삼성전자단일종목레버리지,2026-05-29,23120.0,24515.0,22655.0,24315.0,65054847,1541357696443.0,24254.39,-,1.0,23120.0,24515.0,22655.0,24315.0,24254.39
0193W0.KS,KRX,Samsung Electronics,2x,KRW,KR70193W0003,KODEX 삼성전자단일종목레버리지,2026-06-01,24645.0,30110.0,24615.0,29350.0,84733280,2375334220332.0,29595.54,-,1.0,24645.0,30110.0,24615.0,29350.0,29595.54
0193W0.KS,KRX,Samsung Electronics,2x,KRW,KR70193W0003,KODEX 삼성전자단일종목레버리지,2026-06-02,31170.0,33000.0,28055.0,31325.0,112870987,3439195725577.0,30793.84,-,1.0,31170.0,33000.0,28055.0,31325.0,30793.84
0193W0.KS,KRX,Samsung Electronics,2x,KRW,KR70193W0003,KODEX 삼성전자단일종목레버리지,2026-06-04,29280.0,32015.0,29000.0,29465.0,66210439,2013923876449.0,29259.97,-,1.0,29280.0,32015.0,29000.0,29465.0,29259.97
0193W0.KS,KRX,Samsung Electronics,2x,KRW,KR70193W0003,KODEX 삼성전자단일종목레버리지,2026-06-05,26295.0,28000.0,25040.0,25565.0,79613229,2094403562059.0,25247.34,-,1.0,26295.0,28000.0,25040.0,25565.0,25247.34
0193W0.KS,KRX,Samsung Electronics,2x,KRW,KR70193W0003,KODEX 삼성전자단일종목레버리지,2026-06-08,20200.0,23520.0,20195.0,20270.0,84547164,1848839060269.0,20005.27,-,1.0,20200.0,23520.0,20195.0,20270.0,20005.27
0193W0.KS,KRX,Samsung Electronics,2x,KRW,KR70193W0003,KODEX 삼성전자단일종목레버리지,2026-06-09,22295.0,24135.0,20925.0,24115.0,71869987,1609506998893.0,23795.39,-,1.0,22295.0,24135.0,20925.0,24115.0,23795.39
0193W0.KS,KRX,Samsung Electronics,2x,KRW,KR70193W0003,KODEX 삼성전자단일종목레버리지,2026-06-10,22290.0,22900.0,20050.0,20975.0,64294119,1378953345819.0,21242.95,-,1.0,22290.0,22900.0,20050.0,20975.0,21242.95
0193W0.KS,KRX,Samsung Electronics,2x,KRW,KR70193W0003,KODEX 삼성전자단일종목레버리지,2026-06-11,19580.0,21535.0,18940.0,20435.0,67667876,1377020172863.0,20460.26,-,1.0,19580.0,21535.0,18940.0,20435.0,20460.26
0193W0.KS,KRX,Samsung Electronics,2x,KRW,KR70193W0003,KODEX 삼성전자단일종목레버리지,2026-06-12,24340.0,26000.0,23410.0,23730.0,96747984,2420331912140.0,23619.8,-,1.0,24340.0,26000.0,23410.0,23730.0,23619.8
0193W0.KS,KRX,Samsung Electronics,2x,KRW,KR70193W0003,KODEX 삼성전자단일종목레버리지,2026-06-15,26415.0,26415.0,25405.0,25685.0,48384480,1255738139425.0,25815.71,-,1.0,26415.0,26415.0,25405.0,25685.0,25815.71
0193W0.KS,KRX,Samsung Electronics,2x,KRW,KR70193W0003,KODEX 삼성전자단일종목레버리지,2026-06-16,26620.0,27025.0,25200.0,26660.0,76469053,2007604337041.0,26693.28,-,1.0,26620.0,27025.0,25200.0,26660.0,26693.28
0193W0.KS,KRX,Samsung Electronics,2x,KRW,KR70193W0003,KODEX 삼성전자단일종목레버리지,2026-06-17,25000.0,27480.0,25000.0,27390.0,73489682,1907424483833.0,27433.76,-,1.0,25000.0,27480.0,25000.0,27390.0,27433.76
0193W0.KS,KRX,Samsung Electronics,2x,KRW,KR70193W0003,KODEX 삼성전자단일종목레버리지,2026-06-18,27205.0,29965.0,27035.0,29965.0,95267282,2683677742099.0,29753.38,-,1.0,27205.0,29965.0,27035.0,29965.0,29753.38
0193W0.KS,KRX,Samsung Electronics,2x,KRW,KR70193W0003,KODEX 삼성전자단일종목레버리지,2026-06-19,31695.0,31815.0,27220.0,28435.0,120986089,3623501361082.0,28231.21,-,1.0,31695.0,31815.0,27220.0,28435.0,28231.21
0193W0.KS,KRX,Samsung Electronics,2x,KRW,KR70193W0003,KODEX 삼성전자단일종목레버리지,2026-06-22,26600.0,29910.0,26550.0,28265.0,87190729,2471329207880.0,28354.07,-,1.0,26600.0,29910.0,26550.0,28265.0,28354.07
0193W0.KS,KRX,Samsung Electronics,2x,KRW,KR70193W0003,KODEX 삼성전자단일종목레버리지,2026-06-23,27820.0,28260.0,21270.0,21310.0,99399388,2533098168670.0,21296.63,-,1.0,27820.0,28260.0,21270.0,21310.0,21296.63
0193W0.KS,KRX,Samsung Electronics,2x,KRW,KR70193W0003,KODEX 삼성전자단일종목레버리지,2026-06-24,21905.0,25550.0,21905.0,25285.0,148352356,3577730473083.0,25581.6,-,1.0,21905.0,25550.0,21905.0,25285.0,25581.6
0193W0.KS,KRX,Samsung Electronics,2x,KRW,KR70193W0003,KODEX 삼성전자단일종목레버리지,2026-06-25,28170.0,28880.0,27320.0,28280.0,101739356,2867887656083.0,28349.32,-,1.0,28170.0,28880.0,27320.0,28280.0,28349.32
0193W0.KS,KRX,Samsung Electronics,2x,KRW,KR70193W0003,KODEX 삼성전자단일종목레버리지,2026-06-26,27700.0,28000.0,22380.0,24970.0,100337726,2482207666062.0,25507.66,-,1.0,27700.0,28000.0,22380.0,24970.0,25507.66
0193W0.KS,KRX,Samsung Electronics,2x,KRW,KR70193W0003,KODEX 삼성전자단일종목레버리지,2026-06-29,24135.0,24530.0,21765.0,23055.0,76177079,1742073301003.0,22757.94,-,1.0,24135.0,24530.0,21765.0,23055.0,22757.94
0193W0.KS,KRX,Samsung Electronics,2x,KRW,KR70193W0003,KODEX 삼성전자단일종목레버리지,2026-06-30,23090.0,25645.0,22515.0,24445.0,89822532,2171000631116.0,24379.78,-,1.0,23090.0,25645.0,22515.0,24445.0,24379.78
0193W0.KS,KRX,Samsung Electronics,2x,KRW,KR70193W0003,KODEX 삼성전자단일종목레버리지,2026-07-01,24450.0,25145.0,21010.0,21605.0,64895027,1461209401275.0,21460.87,-,1.0,24450.0,25145.0,21010.0,21605.0,21460.87
0193W0.KS,KRX,Samsung Electronics,2x,KRW,KR70193W0003,KODEX 삼성전자단일종목레버리지,2026-07-02,18525.0,19895.0,17000.0,17600.0,92915932,1724320209933.0,17392.3,-,1.0,18525.0,19895.0,17000.0,17600.0,17392.3
0193W0.KS,KRX,Samsung Electronics,2x,KRW,KR70193W0003,KODEX 삼성전자단일종목레버리지,2026-07-03,18050.0,20770.0,17275.0,20375.0,103175757,1983044778747.0,20257.23,-,1.0,18050.0,20770.0,17275.0,20375.0,20257.23
0194M0.KS,KRX,Samsung Electronics,2x,KRW,KR70194M0004,ACE 삼성전자단일종목레버리지,2026-05-27,22810.0,24065.0,21000.0,21055.0,2639385,59324755334.0,21292.36,-,1.0,22810.0,24065.0,21000.0,21055.0,21292.36
0194M0.KS,KRX,Samsung Electronics,2x,KRW,KR70194M0004,ACE 삼성전자단일종목레버리지,2026-05-28,20875.0,21050.0,18390.0,20050.0,2824758,56582772221.0,19884.1,-,1.0,20875.0,21050.0,18390.0,20050.0,19884.1
0194M0.KS,KRX,Samsung Electronics,2x,KRW,KR70194M0004,ACE 삼성전자단일종목레버리지,2026-05-29,21380.0,22670.0,20995.0,22535.0,1286621,28274745699.0,22502.24,-,1.0,21380.0,22670.0,20995.0,22535.0,22502.24
0194M0.KS,KRX,Samsung Electronics,2x,KRW,KR70194M0004,ACE 삼성전자단일종목레버리지,2026-06-01,23000.0,27770.0,22935.0,27065.0,2369749,61083715376.0,27585.15,-,1.0,23000.0,27770.0,22935.0,27065.0,27585.15
0194M0.KS,KRX,Samsung Electronics,2x,KRW,KR70194M0004,ACE 삼성전자단일종목레버리지,2026-06-02,28645.0,30370.0,26255.0,28995.0,3329461,94074897296.0,28497.56,-,1.0,28645.0,30370.0,26255.0,28995.0,28497.56
0194M0.KS,KRX,Samsung Electronics,2x,KRW,KR70194M0004,ACE 삼성전자단일종목레버리지,2026-06-04,27060.0,29635.0,26690.0,27350.0,995841,28041896609.0,27059.32,-,1.0,27060.0,29635.0,26690.0,27350.0,27059.32
0194M0.KS,KRX,Samsung Electronics,2x,KRW,KR70194M0004,ACE 삼성전자단일종목레버리지,2026-06-05,24500.0,25990.0,23000.0,23500.0,1754166,42718701146.0,23250.19,-,1.0,24500.0,25990.0,23000.0,23500.0,23250.19
0194M0.KS,KRX,Samsung Electronics,2x,KRW,KR70194M0004,ACE 삼성전자단일종목레버리지,2026-06-08,18285.0,21680.0,18230.0,18365.0,1062064,21234589435.0,18358.58,-,1.0,18285.0,21680.0,18230.0,18365.0,18358.58
0194M0.KS,KRX,Samsung Electronics,2x,KRW,KR70194M0004,ACE 삼성전자단일종목레버리지,2026-06-09,20490.0,22295.0,19300.0,22295.0,2204738,45347104155.0,21815.53,-,1.0,20490.0,22295.0,19300.0,22295.0,21815.53
0194M0.KS,KRX,Samsung Electronics,2x,KRW,KR70194M0004,ACE 삼성전자단일종목레버리지,2026-06-10,20450.0,21080.0,18340.0,19115.0,1243964,24680333965.0,19527.66,-,1.0,20450.0,21080.0,18340.0,19115.0,19527.66
0194M0.KS,KRX,Samsung Electronics,2x,KRW,KR70194M0004,ACE 삼성전자단일종목레버리지,2026-06-11,17800.0,19725.0,17425.0,18610.0,1052691,19532487216.0,18762.49,-,1.0,17800.0,19725.0,17425.0,18610.0,18762.49
0194M0.KS,KRX,Samsung Electronics,2x,KRW,KR70194M0004,ACE 삼성전자단일종목레버리지,2026-06-12,22435.0,23825.0,21450.0,21700.0,2365603,54237637498.0,21654.97,-,1.0,22435.0,23825.0,21450.0,21700.0,21654.97
0194M0.KS,KRX,Samsung Electronics,2x,KRW,KR70194M0004,ACE 삼성전자단일종목레버리지,2026-06-15,24340.0,24340.0,23280.0,23500.0,831986,19761456582.0,23687.1,-,1.0,24340.0,24340.0,23280.0,23500.0,23687.1
0194M0.KS,KRX,Samsung Electronics,2x,KRW,KR70194M0004,ACE 삼성전자단일종목레버리지,2026-06-16,24415.0,24835.0,23100.0,24440.0,1063017,25557945277.0,24484.3,-,1.0,24415.0,24835.0,23100.0,24440.0,24484.3
0194M0.KS,KRX,Samsung Electronics,2x,KRW,KR70194M0004,ACE 삼성전자단일종목레버리지,2026-06-17,23020.0,25190.0,22935.0,25065.0,1231695,29125220189.0,25201.35,-,1.0,23020.0,25190.0,22935.0,25065.0,25201.35
0194M0.KS,KRX,Samsung Electronics,2x,KRW,KR70194M0004,ACE 삼성전자단일종목레버리지,2026-06-18,24920.0,27535.0,24800.0,27520.0,1916179,49556137966.0,27322.33,-,1.0,24920.0,27535.0,24800.0,27520.0,27322.33
0194M0.KS,KRX,Samsung Electronics,2x,KRW,KR70194M0004,ACE 삼성전자단일종목레버리지,2026-06-19,28795.0,29235.0,24975.0,26180.0,2089646,57422972462.0,25944.9,-,1.0,28795.0,29235.0,24975.0,26180.0,25944.9
0194M0.KS,KRX,Samsung Electronics,2x,KRW,KR70194M0004,ACE 삼성전자단일종목레버리지,2026-06-22,24735.0,27450.0,24360.0,25980.0,1381468,35810026064.0,26000.63,-,1.0,24735.0,27450.0,24360.0,25980.0,26000.63
0194M0.KS,KRX,Samsung Electronics,2x,KRW,KR70194M0004,ACE 삼성전자단일종목레버리지,2026-06-23,25550.0,25930.0,19400.0,19400.0,2507731,58290233545.0,19610.37,-,1.0,25550.0,25930.0,19400.0,19400.0,19610.37
0194M0.KS,KRX,Samsung Electronics,2x,KRW,KR70194M0004,ACE 삼성전자단일종목레버리지,2026-06-24,20450.0,23475.0,20435.0,23200.0,1316520,29164304930.0,23522.94,-,1.0,20450.0,23475.0,20435.0,23200.0,23522.94
0194M0.KS,KRX,Samsung Electronics,2x,KRW,KR70194M0004,ACE 삼성전자단일종목레버리지,2026-06-25,25905.0,26580.0,25160.0,26005.0,1247843,32340842038.0,26090.0,-,1.0,25905.0,26580.0,25160.0,26005.0,26090.0
0194M0.KS,KRX,Samsung Electronics,2x,KRW,KR70194M0004,ACE 삼성전자단일종목레버리지,2026-06-26,25600.0,25740.0,20650.0,23000.0,1777377,40078688704.0,23423.63,-,1.0,25600.0,25740.0,20650.0,23000.0,23423.63
0194M0.KS,KRX,Samsung Electronics,2x,KRW,KR70194M0004,ACE 삼성전자단일종목레버리지,2026-06-29,22265.0,23000.0,20040.0,21195.0,1080498,22641827085.0,21023.89,-,1.0,22265.0,23000.0,20040.0,21195.0,21023.89
0194M0.KS,KRX,Samsung Electronics,2x,KRW,KR70194M0004,ACE 삼성전자단일종목레버리지,2026-06-30,21270.0,23655.0,20760.0,22545.0,784007,17423489113.0,22519.09,-,1.0,21270.0,23655.0,20760.0,22545.0,22519.09
0194M0.KS,KRX,Samsung Electronics,2x,KRW,KR70194M0004,ACE 삼성전자단일종목레버리지,2026-07-01,22500.0,23175.0,19370.0,20010.0,1044273,21607864558.0,19843.3,-,1.0,22500.0,23175.0,19370.0,20010.0,19843.3
0194M0.KS,KRX,Samsung Electronics,2x,KRW,KR70194M0004,ACE 삼성전자단일종목레버리지,2026-07-02,17235.0,18395.0,15635.0,16205.0,1261852,21532404902.0,16076.74,-,1.0,17235.0,18395.0,15635.0,16205.0,16076.74
0194M0.KS,KRX,Samsung Electronics,2x,KRW,KR70194M0004,ACE 삼성전자단일종목레버리지,2026-07-03,16655.0,19170.0,15895.0,18800.0,1405116,24950121651.0,18717.52,-,1.0,16655.0,19170.0,15895.0,18800.0,18717.52
0194N0.KS,KRX,Samsung Electronics,2x,KRW,KR70194N0003,KIWOOM 삼성전자선물단일종목레버리지,2026-05-27,22785.0,23200.0,21000.0,21085.0,583948,13115208648.0,21387.86,-,1.0,22785.0,23200.0,21000.0,21085.0,21387.86
0194N0.KS,KRX,Samsung Electronics,2x,KRW,KR70194N0003,KIWOOM 삼성전자선물단일종목레버리지,2026-05-28,20710.0,21035.0,18290.0,19965.0,782191,15744888231.0,19808.03,-,1.0,20710.0,21035.0,18290.0,19965.0,19808.03
0194N0.KS,KRX,Samsung Electronics,2x,KRW,KR70194N0003,KIWOOM 삼성전자선물단일종목레버리지,2026-05-29,21400.0,22725.0,21000.0,22430.0,430515,9449743587.0,22460.61,-,1.0,21400.0,22725.0,21000.0,22430.0,22460.61
0194N0.KS,KRX,Samsung Electronics,2x,KRW,KR70194N0003,KIWOOM 삼성전자선물단일종목레버리지,2026-06-01,22730.0,27920.0,22730.0,27370.0,403105,10513012585.0,27830.15,-,1.0,22730.0,27920.0,22730.0,27370.0,27830.15
0194N0.KS,KRX,Samsung Electronics,2x,KRW,KR70194N0003,KIWOOM 삼성전자선물단일종목레버리지,2026-06-02,29805.0,31650.0,26705.0,28810.0,742665,20915019871.0,28294.87,-,1.0,29805.0,31650.0,26705.0,28810.0,28294.87
0194N0.KS,KRX,Samsung Electronics,2x,KRW,KR70194N0003,KIWOOM 삼성전자선물단일종목레버리지,2026-06-04,26910.0,29600.0,25940.0,27245.0,131167,3685849665.0,26859.88,-,1.0,26910.0,29600.0,25940.0,27245.0,26859.88
0194N0.KS,KRX,Samsung Electronics,2x,KRW,KR70194N0003,KIWOOM 삼성전자선물단일종목레버리지,2026-06-05,24475.0,25885.0,23125.0,23285.0,225587,5469811955.0,22937.88,-,1.0,24475.0,25885.0,23125.0,23285.0,22937.88
0194N0.KS,KRX,Samsung Electronics,2x,KRW,KR70194N0003,KIWOOM 삼성전자선물단일종목레버리지,2026-06-08,19050.0,21550.0,18470.0,18675.0,184284,3698468282.0,18083.94,-,1.0,19050.0,21550.0,18470.0,18675.0,18083.94
0194N0.KS,KRX,Samsung Electronics,2x,KRW,KR70194N0003,KIWOOM 삼성전자선물단일종목레버리지,2026-06-09,20590.0,22115.0,19195.0,22105.0,111044,2280716897.0,21587.53,-,1.0,20590.0,22115.0,19195.0,22105.0,21587.53
0194N0.KS,KRX,Samsung Electronics,2x,KRW,KR70194N0003,KIWOOM 삼성전자선물단일종목레버리지,2026-06-10,20565.0,21015.0,18245.0,19045.0,80603,1563285789.0,19541.9,-,1.0,20565.0,21015.0,18245.0,19045.0,19541.9
0194N0.KS,KRX,Samsung Electronics,2x,KRW,KR70194N0003,KIWOOM 삼성전자선물단일종목레버리지,2026-06-11,17510.0,19600.0,17375.0,18425.0,110195,2022572490.0,18619.45,-,1.0,17510.0,19600.0,17375.0,18425.0,18619.45
0194N0.KS,KRX,Samsung Electronics,2x,KRW,KR70194N0003,KIWOOM 삼성전자선물단일종목레버리지,2026-06-12,22055.0,23645.0,21365.0,21560.0,259414,5912486902.0,21455.13,-,1.0,22055.0,23645.0,21365.0,21560.0,21455.13
0194N0.KS,KRX,Samsung Electronics,2x,KRW,KR70194N0003,KIWOOM 삼성전자선물단일종목레버리지,2026-06-15,24105.0,24105.0,23150.0,23380.0,110047,2601572335.0,23518.37,-,1.0,24105.0,24105.0,23150.0,23380.0,23518.37
0194N0.KS,KRX,Samsung Electronics,2x,KRW,KR70194N0003,KIWOOM 삼성전자선물단일종목레버리지,2026-06-16,24495.0,24652.0,22940.0,24165.0,192546,4595919987.0,24282.7,-,1.0,24495.0,24652.0,22940.0,24165.0,24282.7
0194N0.KS,KRX,Samsung Electronics,2x,KRW,KR70194N0003,KIWOOM 삼성전자선물단일종목레버리지,2026-06-17,22730.0,25000.0,22720.0,24990.0,152796,3626384205.0,25124.71,-,1.0,22730.0,25000.0,22720.0,24990.0,25124.71
0194N0.KS,KRX,Samsung Electronics,2x,KRW,KR70194N0003,KIWOOM 삼성전자선물단일종목레버리지,2026-06-18,24785.0,27275.0,24595.0,27275.0,228254,5878733629.0,27062.22,-,1.0,24785.0,27275.0,24595.0,27275.0,27062.22
0194N0.KS,KRX,Samsung Electronics,2x,KRW,KR70194N0003,KIWOOM 삼성전자선물단일종목레버리지,2026-06-19,28990.0,29055.0,24790.0,25920.0,276217,7483677122.0,25586.06,-,1.0,28990.0,29055.0,24790.0,25920.0,25586.06
0194N0.KS,KRX,Samsung Electronics,2x,KRW,KR70194N0003,KIWOOM 삼성전자선물단일종목레버리지,2026-06-22,24790.0,27260.0,24305.0,25810.0,223703,5815857794.0,25852.37,-,1.0,24790.0,27260.0,24305.0,25810.0,25852.37
0194N0.KS,KRX,Samsung Electronics,2x,KRW,KR70194N0003,KIWOOM 삼성전자선물단일종목레버리지,2026-06-23,25550.0,25765.0,19445.0,19500.0,129228,2979209026.0,19430.5,-,1.0,25550.0,25765.0,19445.0,19500.0,19430.5
0194N0.KS,KRX,Samsung Electronics,2x,KRW,KR70194N0003,KIWOOM 삼성전자선물단일종목레버리지,2026-06-24,20295.0,23250.0,20210.0,22990.0,689548,15251712359.0,23408.52,-,1.0,20295.0,23250.0,20210.0,22990.0,23408.52
0194N0.KS,KRX,Samsung Electronics,2x,KRW,KR70194N0003,KIWOOM 삼성전자선물단일종목레버리지,2026-06-25,25675.0,26365.0,24945.0,25795.0,173001,4457316268.0,25979.29,-,1.0,25675.0,26365.0,24945.0,25795.0,25979.29
0194N0.KS,KRX,Samsung Electronics,2x,KRW,KR70194N0003,KIWOOM 삼성전자선물단일종목레버리지,2026-06-26,25205.0,25465.0,20500.0,22985.0,309197,7004841915.0,23492.11,-,1.0,25205.0,25465.0,20500.0,22985.0,23492.11
0194N0.KS,KRX,Samsung Electronics,2x,KRW,KR70194N0003,KIWOOM 삼성전자선물단일종목레버리지,2026-06-29,21995.0,22190.0,19890.0,21160.0,311134,6521102575.0,20762.98,-,1.0,21995.0,22190.0,19890.0,21160.0,20762.98
0194N0.KS,KRX,Samsung Electronics,2x,KRW,KR70194N0003,KIWOOM 삼성전자선물단일종목레버리지,2026-06-30,21180.0,23365.0,20615.0,22380.0,220024,4867557860.0,22299.35,-,1.0,21180.0,23365.0,20615.0,22380.0,22299.35
0194N0.KS,KRX,Samsung Electronics,2x,KRW,KR70194N0003,KIWOOM 삼성전자선물단일종목레버리지,2026-07-01,22250.0,22850.0,19170.0,19760.0,213254,4369523730.0,19584.59,-,1.0,22250.0,22850.0,19170.0,19760.0,19584.59
0194N0.KS,KRX,Samsung Electronics,2x,KRW,KR70194N0003,KIWOOM 삼성전자선물단일종목레버리지,2026-07-02,17075.0,18150.0,15435.0,15830.0,223029,3784260880.0,15781.55,-,1.0,17075.0,18150.0,15435.0,15830.0,15781.55
0194N0.KS,KRX,Samsung Electronics,2x,KRW,KR70194N0003,KIWOOM 삼성전자선물단일종목레버리지,2026-07-03,16370.0,19000.0,15760.0,18465.0,324685,5671995845.0,18428.3,-,1.0,16370.0,19000.0,15760.0,18465.0,18428.3
0194R0.KS,KRX,SK Hynix,2x,KRW,KR70194R0009,KIWOOM SK하이닉스선물단일종목레버리지,2026-05-27,32000.0,32000.0,23000.0,23845.0,490129,12072988540.0,23698.59,-,1.0,32000.0,32000.0,23000.0,23845.0,23698.59
0194R0.KS,KRX,SK Hynix,2x,KRW,KR70194R0009,KIWOOM SK하이닉스선물단일종목레버리지,2026-05-28,23610.0,25185.0,21770.0,24725.0,763365,18073360869.0,24930.74,-,1.0,23610.0,25185.0,21770.0,24725.0,24930.74
0194R0.KS,KRX,SK Hynix,2x,KRW,KR70194R0009,KIWOOM SK하이닉스선물단일종목레버리지,2026-05-29,26290.0,26780.0,24770.0,25440.0,345973,8930839383.0,25729.78,-,1.0,26290.0,26780.0,24770.0,25440.0,25729.78
0194R0.KS,KRX,SK Hynix,2x,KRW,KR70194R0009,KIWOOM SK하이닉스선물단일종목레버리지,2026-06-01,25045.0,27150.0,24830.0,26545.0,282890,7369244907.0,25901.47,-,1.0,25045.0,27150.0,24830.0,26545.0,25901.47
0194R0.KS,KRX,SK Hynix,2x,KRW,KR70194R0009,KIWOOM SK하이닉스선물단일종목레버리지,2026-06-02,26485.0,27260.0,23895.0,25905.0,411406,10472013122.0,25436.43,-,1.0,26485.0,27260.0,23895.0,25905.0,25436.43
0194R0.KS,KRX,SK Hynix,2x,KRW,KR70194R0009,KIWOOM SK하이닉스선물단일종목레버리지,2026-06-04,24145.0,25395.0,23970.0,24785.0,95077,2330272810.0,24233.92,-,1.0,24145.0,25395.0,23970.0,24785.0,24233.92
0194R0.KS,KRX,SK Hynix,2x,KRW,KR70194R0009,KIWOOM SK하이닉스선물단일종목레버리지,2026-06-05,21260.0,22350.0,19605.0,19605.0,229312,4762324929.0,17687.32,-,1.0,21260.0,22350.0,19605.0,19605.0,17687.32
0194R0.KS,KRX,SK Hynix,2x,KRW,KR70194R0009,KIWOOM SK하이닉스선물단일종목레버리지,2026-06-08,15600.0,19465.0,15600.0,16120.0,231420,4113983924.0,15616.45,-,1.0,15600.0,19465.0,15600.0,16120.0,15616.45
0194R0.KS,KRX,SK Hynix,2x,KRW,KR70194R0009,KIWOOM SK하이닉스선물단일종목레버리지,2026-06-09,18760.0,21620.0,17715.0,21570.0,237315,4656322936.0,21486.35,-,1.0,18760.0,21620.0,17715.0,21570.0,21486.35
0194R0.KS,KRX,SK Hynix,2x,KRW,KR70194R0009,KIWOOM SK하이닉스선물단일종목레버리지,2026-06-10,20800.0,20800.0,16980.0,18125.0,444695,8327975553.0,18425.62,-,1.0,20800.0,20800.0,16980.0,18125.0,18425.62
0194R0.KS,KRX,SK Hynix,2x,KRW,KR70194R0009,KIWOOM SK하이닉스선물단일종목레버리지,2026-06-11,16895.0,20000.0,16440.0,19015.0,293303,5465446141.0,19107.54,-,1.0,16895.0,20000.0,16440.0,19015.0,19107.54
0194R0.KS,KRX,SK Hynix,2x,KRW,KR70194R0009,KIWOOM SK하이닉스선물단일종목레버리지,2026-06-12,22480.0,22605.0,19750.0,19750.0,275929,5988047249.0,19513.87,-,1.0,22480.0,22605.0,19750.0,19750.0,19513.87
0194R0.KS,KRX,SK Hynix,2x,KRW,KR70194R0009,KIWOOM SK하이닉스선물단일종목레버리지,2026-06-15,22195.0,23050.0,21965.0,22170.0,292928,6614708800.0,22201.15,-,1.0,22195.0,23050.0,21965.0,22170.0,22201.15
0194R0.KS,KRX,SK Hynix,2x,KRW,KR70194R0009,KIWOOM SK하이닉스선물단일종목레버리지,2026-06-16,23910.0,24417.0,22430.0,24160.0,231946,5491913855.0,24341.96,-,1.0,23910.0,24417.0,22430.0,24160.0,24341.96
0194R0.KS,KRX,SK Hynix,2x,KRW,KR70194R0009,KIWOOM SK하이닉스선물단일종목레버리지,2026-06-17,23450.0,27140.0,23430.0,26960.0,240708,6058164329.0,27417.7,-,1.0,23450.0,27140.0,23430.0,26960.0,27417.7
0194R0.KS,KRX,SK Hynix,2x,KRW,KR70194R0009,KIWOOM SK하이닉스선물단일종목레버리지,2026-06-18,27845.0,31875.0,27745.0,30530.0,333086,9916052307.0,30841.28,-,1.0,27845.0,31875.0,27745.0,30530.0,30841.28
0194R0.KS,KRX,SK Hynix,2x,KRW,KR70194R0009,KIWOOM SK하이닉스선물단일종목레버리지,2026-06-19,36420.0,36420.0,30575.0,32325.0,398566,13137722203.0,32478.75,-,1.0,36420.0,36420.0,30575.0,32325.0,32478.75
0194R0.KS,KRX,SK Hynix,2x,KRW,KR70194R0009,KIWOOM SK하이닉스선물단일종목레버리지,2026-06-22,31815.0,36747.0,31000.0,36225.0,253881,8912895467.0,36204.21,-,1.0,31815.0,36747.0,31000.0,36225.0,36204.21
0194R0.KS,KRX,SK Hynix,2x,KRW,KR70194R0009,KIWOOM SK하이닉스선물단일종목레버리지,2026-06-23,35870.0,36720.0,26265.0,26795.0,433406,13623515638.0,26758.99,-,1.0,35870.0,36720.0,26265.0,26795.0,26758.99
0194R0.KS,KRX,SK Hynix,2x,KRW,KR70194R0009,KIWOOM SK하이닉스선물단일종목레버리지,2026-06-24,27785.0,29885.0,24690.0,27300.0,574984,15798848534.0,27659.42,-,1.0,27785.0,29885.0,24690.0,27300.0,27659.42
0194R0.KS,KRX,SK Hynix,2x,KRW,KR70194R0009,KIWOOM SK하이닉스선물단일종목레버리지,2026-06-25,33140.0,36530.0,30980.0,34515.0,516820,17488317256.0,34632.64,-,1.0,33140.0,36530.0,30980.0,34515.0,34632.64
0194R0.KS,KRX,SK Hynix,2x,KRW,KR70194R0009,KIWOOM SK하이닉스선물단일종목레버리지,2026-06-26,33150.0,33775.0,26950.0,28260.0,695413,21014652716.0,28908.93,-,1.0,33150.0,33775.0,26950.0,28260.0,28908.93
0194R0.KS,KRX,SK Hynix,2x,KRW,KR70194R0009,KIWOOM SK하이닉스선물단일종목레버리지,2026-06-29,27945.0,28990.0,25290.0,27605.0,348555,9400836902.0,27550.96,-,1.0,27945.0,28990.0,25290.0,27605.0,27550.96
0194R0.KS,KRX,SK Hynix,2x,KRW,KR70194R0009,KIWOOM SK하이닉스선물단일종목레버리지,2026-06-30,27525.0,30235.0,25985.0,28225.0,478032,13754595383.0,28413.65,-,1.0,27525.0,30235.0,25985.0,28225.0,28413.65
0194R0.KS,KRX,SK Hynix,2x,KRW,KR70194R0009,KIWOOM SK하이닉스선물단일종목레버리지,2026-07-01,28550.0,29930.0,24875.0,26310.0,267702,7234053069.0,26167.92,-,1.0,28550.0,29930.0,24875.0,26310.0,26167.92
0194R0.KS,KRX,SK Hynix,2x,KRW,KR70194R0009,KIWOOM SK하이닉스선물단일종목레버리지,2026-07-02,21955.0,23880.0,17425.0,17425.0,503115,10922154688.0,18106.6,-,1.0,21955.0,23880.0,17425.0,17425.0,18106.6
0194R0.KS,KRX,SK Hynix,2x,KRW,KR70194R0009,KIWOOM SK하이닉스선물단일종목레버리지,2026-07-03,18670.0,22830.0,15770.0,22580.0,637710,12672355539.0,22172.86,-,1.0,18670.0,22830.0,15770.0,22580.0,22172.86
0194T0.KS,KRX,SK Hynix,2x,KRW,KR70194T0007,ACE SK하이닉스단일종목레버리지,2026-05-27,31985.0,31985.0,23000.0,23720.0,2555851,63812502202.0,23699.54,-,1.0,31985.0,31985.0,23000.0,23720.0,23699.54
0194T0.KS,KRX,SK Hynix,2x,KRW,KR70194T0007,ACE SK하이닉스단일종목레버리지,2026-05-28,22890.0,25130.0,21390.0,24895.0,1827870,43434988043.0,24857.61,-,1.0,22890.0,25130.0,21390.0,24895.0,24857.61
0194T0.KS,KRX,SK Hynix,2x,KRW,KR70194T0007,ACE SK하이닉스단일종목레버리지,2026-05-29,26170.0,26770.0,24755.0,25500.0,1485204,38101299030.0,25763.74,-,1.0,26170.0,26770.0,24755.0,25500.0,25763.74
0194T0.KS,KRX,SK Hynix,2x,KRW,KR70194T0007,ACE SK하이닉스단일종목레버리지,2026-06-01,24985.0,27170.0,24845.0,26645.0,1549458,40536787384.0,26135.86,-,1.0,24985.0,27170.0,24845.0,26645.0,26135.86
0194T0.KS,KRX,SK Hynix,2x,KRW,KR70194T0007,ACE SK하이닉스단일종목레버리지,2026-06-02,26680.0,27300.0,24050.0,25895.0,1306634,33401266842.0,25807.45,-,1.0,26680.0,27300.0,24050.0,25895.0,25807.45
0194T0.KS,KRX,SK Hynix,2x,KRW,KR70194T0007,ACE SK하이닉스단일종목레버리지,2026-06-04,23660.0,25500.0,23635.0,24950.0,402706,9978039761.0,24538.57,-,1.0,23660.0,25500.0,23635.0,24950.0,24538.57
0194T0.KS,KRX,SK Hynix,2x,KRW,KR70194T0007,ACE SK하이닉스단일종목레버리지,2026-06-05,21690.0,22500.0,20020.0,20040.0,991133,20740628488.0,18529.35,-,1.0,21690.0,22500.0,20020.0,20040.0,18529.35
0194T0.KS,KRX,SK Hynix,2x,KRW,KR70194T0007,ACE SK하이닉스단일종목레버리지,2026-06-08,16310.0,30000.0,16010.0,30000.0,1199589,22733747370.0,16141.06,-,1.0,16310.0,30000.0,16010.0,30000.0,16141.06
0194T0.KS,KRX,SK Hynix,2x,KRW,KR70194T0007,ACE SK하이닉스단일종목레버리지,2026-06-09,19050.0,22020.0,18050.0,21890.0,1945577,38487901076.0,21804.51,-,1.0,19050.0,22020.0,18050.0,21890.0,21804.51
0194T0.KS,KRX,SK Hynix,2x,KRW,KR70194T0007,ACE SK하이닉스단일종목레버리지,2026-06-10,20325.0,21105.0,17260.0,18385.0,984577,18693678460.0,18627.96,-,1.0,20325.0,21105.0,17260.0,18385.0,18627.96
0194T0.KS,KRX,SK Hynix,2x,KRW,KR70194T0007,ACE SK하이닉스단일종목레버리지,2026-06-11,17460.0,20400.0,16760.0,19340.0,1532478,28716078555.0,19399.62,-,1.0,17460.0,20400.0,16760.0,19340.0,19399.62
0194T0.KS,KRX,SK Hynix,2x,KRW,KR70194T0007,ACE SK하이닉스단일종목레버리지,2026-06-12,22650.0,23000.0,20280.0,20280.0,1034682,22907251541.0,19969.31,-,1.0,22650.0,23000.0,20280.0,20280.0,19969.31
0194T0.KS,KRX,SK Hynix,2x,KRW,KR70194T0007,ACE SK하이닉스단일종목레버리지,2026-06-15,22655.0,23430.0,22290.0,22635.0,791440,18164264223.0,22675.94,-,1.0,22655.0,23430.0,22290.0,22635.0,22675.94
0194T0.KS,KRX,SK Hynix,2x,KRW,KR70194T0007,ACE SK하이닉스단일종목레버리지,2026-06-16,24210.0,24950.0,22810.0,24560.0,1399432,33772676630.0,24765.3,-,1.0,24210.0,24950.0,22810.0,24560.0,24765.3
0194T0.KS,KRX,SK Hynix,2x,KRW,KR70194T0007,ACE SK하이닉스단일종목레버리지,2026-06-17,23750.0,27635.0,23750.0,27550.0,1692235,43070735451.0,27823.96,-,1.0,23750.0,27635.0,23750.0,27550.0,27823.96
0194T0.KS,KRX,SK Hynix,2x,KRW,KR70194T0007,ACE SK하이닉스단일종목레버리지,2026-06-18,28420.0,32490.0,28300.0,31375.0,1894094,57374780072.0,31287.75,-,1.0,28420.0,32490.0,28300.0,31375.0,31287.75
0194T0.KS,KRX,SK Hynix,2x,KRW,KR70194T0007,ACE SK하이닉스단일종목레버리지,2026-06-19,34420.0,37000.0,31160.0,33075.0,2544480,86019074970.0,33023.84,-,1.0,34420.0,37000.0,31160.0,33075.0,33023.84
0194T0.KS,KRX,SK Hynix,2x,KRW,KR70194T0007,ACE SK하이닉스단일종목레버리지,2026-06-22,31935.0,37405.0,31935.0,36925.0,2612377,93699907207.0,36829.11,-,1.0,31935.0,37405.0,31935.0,36925.0,36829.11
0194T0.KS,KRX,SK Hynix,2x,KRW,KR70194T0007,ACE SK하이닉스단일종목레버리지,2026-06-23,36840.0,37410.0,25710.0,27535.0,2400478,78841172274.0,27453.7,-,1.0,36840.0,37410.0,25710.0,27535.0,27453.7
0194T0.KS,KRX,SK Hynix,2x,KRW,KR70194T0007,ACE SK하이닉스단일종목레버리지,2026-06-24,28365.0,30600.0,25250.0,28255.0,2395132,67824730831.0,28184.31,-,1.0,28365.0,30600.0,25250.0,28255.0,28184.31
0194T0.KS,KRX,SK Hynix,2x,KRW,KR70194T0007,ACE SK하이닉스단일종목레버리지,2026-06-25,34145.0,37170.0,31760.0,35500.0,2518457,87065901493.0,35322.82,-,1.0,34145.0,37170.0,31760.0,35500.0,35322.82
0194T0.KS,KRX,SK Hynix,2x,KRW,KR70194T0007,ACE SK하이닉스단일종목레버리지,2026-06-26,33645.0,34490.0,27555.0,29025.0,2373488,72620141649.0,29357.14,-,1.0,33645.0,34490.0,27555.0,29025.0,29357.14
0194T0.KS,KRX,SK Hynix,2x,KRW,KR70194T0007,ACE SK하이닉스단일종목레버리지,2026-06-29,28840.0,29670.0,25960.0,28295.0,1454286,40063267274.0,28187.65,-,1.0,28840.0,29670.0,25960.0,28295.0,28187.65
0194T0.KS,KRX,SK Hynix,2x,KRW,KR70194T0007,ACE SK하이닉스단일종목레버리지,2026-06-30,28105.0,30940.0,26465.0,28885.0,1088647,31585644830.0,28911.92,-,1.0,28105.0,30940.0,26465.0,28885.0,28911.92
0194T0.KS,KRX,SK Hynix,2x,KRW,KR70194T0007,ACE SK하이닉스단일종목레버리지,2026-07-01,29295.0,30535.0,25560.0,26905.0,1389044,38136705620.0,26805.76,-,1.0,29295.0,30535.0,25560.0,26905.0,26805.76
0194T0.KS,KRX,SK Hynix,2x,KRW,KR70194T0007,ACE SK하이닉스단일종목레버리지,2026-07-02,22600.0,24480.0,18730.0,18730.0,2098752,46228836725.0,18629.94,-,1.0,22600.0,24480.0,18730.0,18730.0,18629.94
0194T0.KS,KRX,SK Hynix,2x,KRW,KR70194T0007,ACE SK하이닉스단일종목레버리지,2026-07-03,18875.0,23515.0,16395.0,23125.0,2907127,59144455123.0,22931.45,-,1.0,18875.0,23515.0,16395.0,23125.0,22931.45
0195R0.KS,KRX,Samsung Electronics,2x,KRW,KR70195R0008,TIGER 삼성전자단일종목레버리지,2026-05-27,23380.0,23390.0,20970.0,21080.0,45209388,1016855506274.0,21229.55,-,1.0,23380.0,23390.0,20970.0,21080.0,21229.55
0195R0.KS,KRX,Samsung Electronics,2x,KRW,KR70195R0008,TIGER 삼성전자단일종목레버리지,2026-05-28,20730.0,21010.0,18395.0,19985.0,49795937,990894428156.0,19897.89,-,1.0,20730.0,21010.0,18395.0,19985.0,19897.89
0195R0.KS,KRX,Samsung Electronics,2x,KRW,KR70195R0008,TIGER 삼성전자단일종목레버리지,2026-05-29,21375.0,22650.0,20985.0,22500.0,45219631,989709837570.0,22414.77,-,1.0,21375.0,22650.0,20985.0,22500.0,22414.77
0195R0.KS,KRX,Samsung Electronics,2x,KRW,KR70195R0008,TIGER 삼성전자단일종목레버리지,2026-06-01,22815.0,27885.0,22720.0,27185.0,55202895,1428884795299.0,27421.35,-,1.0,22815.0,27885.0,22720.0,27185.0,27421.35
0195R0.KS,KRX,Samsung Electronics,2x,KRW,KR70195R0008,TIGER 삼성전자단일종목레버리지,2026-06-02,28815.0,30395.0,26300.0,28950.0,92153646,2600370476185.0,28494.06,-,1.0,28815.0,30395.0,26300.0,28950.0,28494.06
0195R0.KS,KRX,Samsung Electronics,2x,KRW,KR70195R0008,TIGER 삼성전자단일종목레버리지,2026-06-04,27050.0,29675.0,26815.0,27260.0,40548249,1141650206899.0,27058.83,-,1.0,27050.0,29675.0,26815.0,27260.0,27058.83
0195R0.KS,KRX,Samsung Electronics,2x,KRW,KR70195R0008,TIGER 삼성전자단일종목레버리지,2026-06-05,23940.0,25920.0,23110.0,23585.0,56211204,1366146068479.0,23286.93,-,1.0,23940.0,25920.0,23110.0,23585.0,23286.93
0195R0.KS,KRX,Samsung Electronics,2x,KRW,KR70195R0008,TIGER 삼성전자단일종목레버리지,2026-06-08,18625.0,21695.0,18625.0,18705.0,51236678,1036496931309.0,18408.83,-,1.0,18625.0,21695.0,18625.0,18705.0,18408.83
0195R0.KS,KRX,Samsung Electronics,2x,KRW,KR70195R0008,TIGER 삼성전자단일종목레버리지,2026-06-09,20505.0,22245.0,19280.0,22185.0,50310875,1040574076185.0,21912.11,-,1.0,20505.0,22245.0,19280.0,22185.0,21912.11
0195R0.KS,KRX,Samsung Electronics,2x,KRW,KR70195R0008,TIGER 삼성전자단일종목레버리지,2026-06-10,20465.0,21065.0,18420.0,19305.0,44995296,884331863372.0,19546.74,-,1.0,20465.0,21065.0,18420.0,19305.0,19546.74
0195R0.KS,KRX,Samsung Electronics,2x,KRW,KR70195R0008,TIGER 삼성전자단일종목레버리지,2026-06-11,18010.0,19810.0,17475.0,18725.0,48834826,911802026615.0,18823.37,-,1.0,18010.0,19810.0,17475.0,18725.0,18823.37
0195R0.KS,KRX,Samsung Electronics,2x,KRW,KR70195R0008,TIGER 삼성전자단일종목레버리지,2026-06-12,22215.0,23935.0,21550.0,21785.0,65001810,1497357613444.0,21732.71,-,1.0,22215.0,23935.0,21550.0,21785.0,21732.71
0195R0.KS,KRX,Samsung Electronics,2x,KRW,KR70195R0008,TIGER 삼성전자단일종목레버리지,2026-06-15,24305.0,24310.0,23400.0,23675.0,35162872,838874094798.0,23758.06,-,1.0,24305.0,24310.0,23400.0,23675.0,23758.06
0195R0.KS,KRX,Samsung Electronics,2x,KRW,KR70195R0008,TIGER 삼성전자단일종목레버리지,2026-06-16,24535.0,24860.0,23195.0,24510.0,49246599,1189794757326.0,24559.94,-,1.0,24535.0,24860.0,23195.0,24510.0,24559.94
0195R0.KS,KRX,Samsung Electronics,2x,KRW,KR70195R0008,TIGER 삼성전자단일종목레버리지,2026-06-17,22960.0,25265.0,22920.0,25160.0,43304738,1034277761306.0,25256.36,-,1.0,22960.0,25265.0,22920.0,25160.0,25256.36
0195R0.KS,KRX,Samsung Electronics,2x,KRW,KR70195R0008,TIGER 삼성전자단일종목레버리지,2026-06-18,25030.0,27550.0,24910.0,27550.0,64356584,1667650499783.0,27350.59,-,1.0,25030.0,27550.0,24910.0,27550.0,27350.59
0195R0.KS,KRX,Samsung Electronics,2x,KRW,KR70195R0008,TIGER 삼성전자단일종목레버리지,2026-06-19,29035.0,29300.0,25040.0,26195.0,82641304,2266203318279.0,25942.16,-,1.0,29035.0,29300.0,25040.0,26195.0,25942.16
0195R0.KS,KRX,Samsung Electronics,2x,KRW,KR70195R0008,TIGER 삼성전자단일종목레버리지,2026-06-22,24940.0,27540.0,24425.0,26135.0,60804238,1593748755133.0,26066.99,-,1.0,24940.0,27540.0,24425.0,26135.0,26066.99
0195R0.KS,KRX,Samsung Electronics,2x,KRW,KR70195R0008,TIGER 삼성전자단일종목레버리지,2026-06-23,25485.0,26015.0,19555.0,19750.0,70097288,1649989747433.0,19614.46,-,1.0,25485.0,26015.0,19555.0,19750.0,19614.46
0195R0.KS,KRX,Samsung Electronics,2x,KRW,KR70195R0008,TIGER 삼성전자단일종목레버리지,2026-06-24,20640.0,23575.0,20485.0,23405.0,85544142,1896708704956.0,23610.14,-,1.0,20640.0,23575.0,20485.0,23405.0,23610.14
0195R0.KS,KRX,Samsung Electronics,2x,KRW,KR70195R0008,TIGER 삼성전자단일종목레버리지,2026-06-25,26100.0,26650.0,25215.0,26015.0,59483661,1548142977179.0,26165.03,-,1.0,26100.0,26650.0,25215.0,26015.0,26165.03
0195R0.KS,KRX,Samsung Electronics,2x,KRW,KR70195R0008,TIGER 삼성전자단일종목레버리지,2026-06-26,25560.0,25780.0,20635.0,23045.0,57679046,1317007755862.0,23466.82,-,1.0,25560.0,25780.0,20635.0,23045.0,23466.82
0195R0.KS,KRX,Samsung Electronics,2x,KRW,KR70195R0008,TIGER 삼성전자단일종목레버리지,2026-06-29,22100.0,22300.0,20000.0,21145.0,50419664,1058516480573.0,20965.82,-,1.0,22100.0,22300.0,20000.0,21145.0,20965.82
0195R0.KS,KRX,Samsung Electronics,2x,KRW,KR70195R0008,TIGER 삼성전자단일종목레버리지,2026-06-30,21265.0,23655.0,20780.0,22590.0,47579584,1062864573275.0,22468.99,-,1.0,21265.0,23655.0,20780.0,22590.0,22468.99
0195R0.KS,KRX,Samsung Electronics,2x,KRW,KR70195R0008,TIGER 삼성전자단일종목레버리지,2026-07-01,22700.0,23200.0,19300.0,19985.0,38494587,792888758669.0,19761.48,-,1.0,22700.0,23200.0,19300.0,19985.0,19761.48
0195R0.KS,KRX,Samsung Electronics,2x,KRW,KR70195R0008,TIGER 삼성전자단일종목레버리지,2026-07-02,17070.0,18360.0,15525.0,16200.0,50085063,854424870722.0,15999.0,-,1.0,17070.0,18360.0,15525.0,16200.0,15999.0
0195R0.KS,KRX,Samsung Electronics,2x,KRW,KR70195R0008,TIGER 삼성전자단일종목레버리지,2026-07-03,16540.0,19165.0,15900.0,18805.0,55710601,985386650800.0,18646.47,-,1.0,16540.0,19165.0,15900.0,18805.0,18646.47
0195S0.KS,KRX,SK Hynix,2x,KRW,KR70195S0007,TIGER SK하이닉스단일종목레버리지,2026-05-27,24650.0,26930.0,22925.0,23695.0,84336069,2070912474066.0,23693.59,-,1.0,24650.0,26930.0,22925.0,23695.0,23693.59
0195S0.KS,KRX,SK Hynix,2x,KRW,KR70195S0007,TIGER SK하이닉스단일종목레버리지,2026-05-28,22735.0,25115.0,21735.0,24735.0,81633725,1911296159280.0,24820.14,-,1.0,22735.0,25115.0,21735.0,24735.0,24820.14
0195S0.KS,KRX,SK Hynix,2x,KRW,KR70195S0007,TIGER SK하이닉스단일종목레버리지,2026-05-29,26150.0,26770.0,24770.0,25370.0,64929349,1664485609642.0,25707.5,-,1.0,26150.0,26770.0,24770.0,25370.0,25707.5
0195S0.KS,KRX,SK Hynix,2x,KRW,KR70195S0007,TIGER SK하이닉스단일종목레버리지,2026-06-01,25000.0,27195.0,24850.0,26535.0,63765220,1666776798991.0,26087.9,-,1.0,25000.0,27195.0,24850.0,26535.0,26087.9
0195S0.KS,KRX,SK Hynix,2x,KRW,KR70195S0007,TIGER SK하이닉스단일종목레버리지,2026-06-02,26555.0,27275.0,23900.0,26015.0,64729250,1643097448926.0,25792.39,-,1.0,26555.0,27275.0,23900.0,26015.0,25792.39
0195S0.KS,KRX,SK Hynix,2x,KRW,KR70195S0007,TIGER SK하이닉스단일종목레버리지,2026-06-04,24425.0,25370.0,23980.0,24765.0,29954645,738369939627.0,24484.69,-,1.0,24425.0,25370.0,23980.0,24765.0,24484.69
0195S0.KS,KRX,SK Hynix,2x,KRW,KR70195S0007,TIGER SK하이닉스단일종목레버리지,2026-06-05,21530.0,22410.0,19785.0,19785.0,60896331,1271278070969.0,18786.72,-,1.0,21530.0,22410.0,19785.0,19785.0,18786.72
0195S0.KS,KRX,SK Hynix,2x,KRW,KR70195S0007,TIGER SK하이닉스단일종목레버리지,2026-06-08,15665.0,19695.0,15600.0,16475.0,75409051,1363270812123.0,16158.43,-,1.0,15665.0,19695.0,15600.0,16475.0,16158.43
0195S0.KS,KRX,SK Hynix,2x,KRW,KR70195S0007,TIGER SK하이닉스단일종목레버리지,2026-06-09,19010.0,22080.0,18090.0,22065.0,73044787,1457111119196.0,22031.7,-,1.0,19010.0,22080.0,18090.0,22065.0,22031.7
0195S0.KS,KRX,SK Hynix,2x,KRW,KR70195S0007,TIGER SK하이닉스단일종목레버리지,2026-06-10,20450.0,21220.0,17415.0,18500.0,70041586,1345763153403.0,18712.58,-,1.0,20450.0,21220.0,17415.0,18500.0,18712.58
0195S0.KS,KRX,SK Hynix,2x,KRW,KR70195S0007,TIGER SK하이닉스단일종목레버리지,2026-06-11,17380.0,20575.0,16885.0,19540.0,88467368,1686939130981.0,19516.11,-,1.0,17380.0,20575.0,16885.0,19540.0,19516.11
0195S0.KS,KRX,SK Hynix,2x,KRW,KR70195S0007,TIGER SK하이닉스단일종목레버리지,2026-06-12,23155.0,23195.0,20335.0,20335.0,65041391,1457419720554.0,20132.75,-,1.0,23155.0,23195.0,20335.0,20335.0,20132.75
0195S0.KS,KRX,SK Hynix,2x,KRW,KR70195S0007,TIGER SK하이닉스단일종목레버리지,2026-06-15,22780.0,23650.0,22500.0,22950.0,46275417,1069942902829.0,22855.15,-,1.0,22780.0,23650.0,22500.0,22950.0,22855.15
0195S0.KS,KRX,SK Hynix,2x,KRW,KR70195S0007,TIGER SK하이닉스단일종목레버리지,2026-06-16,24800.0,25120.0,22950.0,24775.0,58201675,1414124092448.0,24926.66,-,1.0,24800.0,25120.0,22950.0,24775.0,24926.66
0195S0.KS,KRX,SK Hynix,2x,KRW,KR70195S0007,TIGER SK하이닉스단일종목레버리지,2026-06-17,23975.0,27845.0,23955.0,27740.0,69092124,1802893545955.0,27982.7,-,1.0,23975.0,27845.0,23955.0,27740.0,27982.7
0195S0.KS,KRX,SK Hynix,2x,KRW,KR70195S0007,TIGER SK하이닉스단일종목레버리지,2026-06-18,28500.0,32670.0,28470.0,31325.0,104442087,3201060882611.0,31525.31,-,1.0,28500.0,32670.0,28470.0,31325.0,31525.31
0195S0.KS,KRX,SK Hynix,2x,KRW,KR70195S0007,TIGER SK하이닉스단일종목레버리지,2026-06-19,34780.0,36315.0,31370.0,33290.0,104306269,3543743417623.0,33273.25,-,1.0,34780.0,36315.0,31370.0,33290.0,33273.25
0195S0.KS,KRX,SK Hynix,2x,KRW,KR70195S0007,TIGER SK하이닉스단일종목레버리지,2026-06-22,32410.0,37755.0,32370.0,37420.0,108220037,3912142309125.0,37083.93,-,1.0,32410.0,37755.0,32370.0,37420.0,37083.93
0195S0.KS,KRX,SK Hynix,2x,KRW,KR70195S0007,TIGER SK하이닉스단일종목레버리지,2026-06-23,37400.0,37775.0,27100.0,28085.0,114654287,3758199940313.0,27608.45,-,1.0,37400.0,37775.0,27100.0,28085.0,27608.45
0195S0.KS,KRX,SK Hynix,2x,KRW,KR70195S0007,TIGER SK하이닉스단일종목레버리지,2026-06-24,28680.0,30930.0,25500.0,28260.0,119447145,3396911871639.0,28382.57,-,1.0,28680.0,30930.0,25500.0,28260.0,28382.57
0195S0.KS,KRX,SK Hynix,2x,KRW,KR70195S0007,TIGER SK하이닉스단일종목레버리지,2026-06-25,34215.0,37585.0,32015.0,35710.0,97791304,3397345555088.0,35644.92,-,1.0,34215.0,37585.0,32015.0,35710.0,35644.92
0195S0.KS,KRX,SK Hynix,2x,KRW,KR70195S0007,TIGER SK하이닉스단일종목레버리지,2026-06-26,34075.0,34800.0,27725.0,29225.0,106102067,3261660702702.0,29623.89,-,1.0,34075.0,34800.0,27725.0,29225.0,29623.89
0195S0.KS,KRX,SK Hynix,2x,KRW,KR70195S0007,TIGER SK하이닉스단일종목레버리지,2026-06-29,28730.0,29845.0,26000.0,28515.0,95518674,2636950612069.0,28350.15,-,1.0,28730.0,29845.0,26000.0,28515.0,28350.15
0195S0.KS,KRX,SK Hynix,2x,KRW,KR70195S0007,TIGER SK하이닉스단일종목레버리지,2026-06-30,28320.0,31115.0,26605.0,29140.0,76627860,2229287875578.0,29084.1,-,1.0,28320.0,31115.0,26605.0,29140.0,29084.1
0195S0.KS,KRX,SK Hynix,2x,KRW,KR70195S0007,TIGER SK하이닉스단일종목레버리지,2026-07-01,29415.0,30690.0,25660.0,27030.0,90151330,2492661029958.0,26901.73,-,1.0,29415.0,30690.0,25660.0,27030.0,26901.73
0195S0.KS,KRX,SK Hynix,2x,KRW,KR70195S0007,TIGER SK하이닉스단일종목레버리지,2026-07-02,22700.0,24600.0,18845.0,18845.0,105372337,2346360127171.0,18861.27,-,1.0,22700.0,24600.0,18845.0,18845.0,18861.27
0195S0.KS,KRX,SK Hynix,2x,KRW,KR70195S0007,TIGER SK하이닉스단일종목레버리지,2026-07-03,19040.0,23720.0,16500.0,23390.0,158151106,3216377083568.0,22999.38,-,1.0,19040.0,23720.0,16500.0,23390.0,22999.38
0197W0.KS,KRX,SK Hynix,2x,KRW,KR70197W0009,SOL SK하이닉스단일종목레버리지,2026-05-27,25000.0,25995.0,22900.0,23750.0,2418429,59121389756.0,23699.62,-,1.0,25000.0,25995.0,22900.0,23750.0,23699.62
0197W0.KS,KRX,SK Hynix,2x,KRW,KR70197W0009,SOL SK하이닉스단일종목레버리지,2026-05-28,22690.0,25075.0,21725.0,24745.0,5420674,126826407689.0,24806.18,-,1.0,22690.0,25075.0,21725.0,24745.0,24806.18
0197W0.KS,KRX,SK Hynix,2x,KRW,KR70197W0009,SOL SK하이닉스단일종목레버리지,2026-05-29,26230.0,26705.0,24710.0,25330.0,1780821,45748001098.0,25680.62,-,1.0,26230.0,26705.0,24710.0,25330.0,25680.62
0197W0.KS,KRX,SK Hynix,2x,KRW,KR70197W0009,SOL SK하이닉스단일종목레버리지,2026-06-01,25050.0,27120.0,24795.0,26445.0,1068150,27841478159.0,26102.62,-,1.0,25050.0,27120.0,24795.0,26445.0,26102.62
0197W0.KS,KRX,SK Hynix,2x,KRW,KR70197W0009,SOL SK하이닉스단일종목레버리지,2026-06-02,26445.0,27310.0,23955.0,26020.0,1200134,30584226894.0,25831.46,-,1.0,26445.0,27310.0,23955.0,26020.0,25831.46
0197W0.KS,KRX,SK Hynix,2x,KRW,KR70197W0009,SOL SK하이닉스단일종목레버리지,2026-06-04,24195.0,25355.0,24000.0,24805.0,955993,23756991474.0,24551.94,-,1.0,24195.0,25355.0,24000.0,24805.0,24551.94
0197W0.KS,KRX,SK Hynix,2x,KRW,KR70197W0009,SOL SK하이닉스단일종목레버리지,2026-06-05,21325.0,22420.0,19900.0,19900.0,1292970,26874867856.0,18922.96,-,1.0,21325.0,22420.0,19900.0,19900.0,18922.96
0197W0.KS,KRX,SK Hynix,2x,KRW,KR70197W0009,SOL SK하이닉스단일종목레버리지,2026-06-08,16000.0,19890.0,16000.0,16695.0,1287158,23302579723.0,16370.71,-,1.0,16000.0,19890.0,16000.0,16695.0,16370.71
0197W0.KS,KRX,SK Hynix,2x,KRW,KR70197W0009,SOL SK하이닉스단일종목레버리지,2026-06-09,19105.0,21785.0,18095.0,21675.0,1086822,21495827778.0,21630.63,-,1.0,19105.0,21785.0,18095.0,21675.0,21630.63
0197W0.KS,KRX,SK Hynix,2x,KRW,KR70197W0009,SOL SK하이닉스단일종목레버리지,2026-06-10,19845.0,20870.0,17125.0,18240.0,804234,15441476366.0,18405.9,-,1.0,19845.0,20870.0,17125.0,18240.0,18405.9
0197W0.KS,KRX,SK Hynix,2x,KRW,KR70197W0009,SOL SK하이닉스단일종목레버리지,2026-06-11,17095.0,20200.0,16625.0,19225.0,1009052,18845400640.0,19229.93,-,1.0,17095.0,20200.0,16625.0,19225.0,19229.93
0197W0.KS,KRX,SK Hynix,2x,KRW,KR70197W0009,SOL SK하이닉스단일종목레버리지,2026-06-12,22600.0,22865.0,20045.0,20045.0,820988,18106875098.0,19875.71,-,1.0,22600.0,22865.0,20045.0,20045.0,19875.71
0197W0.KS,KRX,SK Hynix,2x,KRW,KR70197W0009,SOL SK하이닉스단일종목레버리지,2026-06-15,22500.0,23380.0,22245.0,22500.0,538300,12277045852.0,22588.48,-,1.0,22500.0,23380.0,22245.0,22500.0,22588.48
0197W0.KS,KRX,SK Hynix,2x,KRW,KR70197W0009,SOL SK하이닉스단일종목레버리지,2026-06-16,24400.0,24900.0,22650.0,24445.0,600792,14435175014.0,24613.98,-,1.0,24400.0,24900.0,22650.0,24445.0,24613.98
0197W0.KS,KRX,SK Hynix,2x,KRW,KR70197W0009,SOL SK하이닉스단일종목레버리지,2026-06-17,23795.0,27495.0,23765.0,27380.0,581370,14993542984.0,27616.18,-,1.0,23795.0,27495.0,23765.0,27380.0,27616.18
0197W0.KS,KRX,SK Hynix,2x,KRW,KR70197W0009,SOL SK하이닉스단일종목레버리지,2026-06-18,28095.0,32270.0,28035.0,30845.0,1038768,31333552323.0,31135.14,-,1.0,28095.0,32270.0,28035.0,30845.0,31135.14
0197W0.KS,KRX,SK Hynix,2x,KRW,KR70197W0009,SOL SK하이닉스단일종목레버리지,2026-06-19,34390.0,36500.0,31000.0,32845.0,1452068,48425863927.0,32881.19,-,1.0,34390.0,36500.0,31000.0,32845.0,32881.19
0197W0.KS,KRX,SK Hynix,2x,KRW,KR70197W0009,SOL SK하이닉스단일종목레버리지,2026-06-22,31905.0,37275.0,31905.0,36975.0,1505274,53369985632.0,36646.22,-,1.0,31905.0,37275.0,31905.0,36975.0,36646.22
0197W0.KS,KRX,SK Hynix,2x,KRW,KR70197W0009,SOL SK하이닉스단일종목레버리지,2026-06-23,36755.0,37300.0,26895.0,27455.0,2132770,68892104556.0,27299.54,-,1.0,36755.0,37300.0,26895.0,27455.0,27299.54
0197W0.KS,KRX,SK Hynix,2x,KRW,KR70197W0009,SOL SK하이닉스단일종목레버리지,2026-06-24,28165.0,30500.0,25225.0,28905.0,1696551,47969030761.0,28032.25,-,1.0,28165.0,30500.0,25225.0,28905.0,28032.25
0197W0.KS,KRX,SK Hynix,2x,KRW,KR70197W0009,SOL SK하이닉스단일종목레버리지,2026-06-25,33915.0,37050.0,31605.0,35060.0,1759491,60156094836.0,35195.91,-,1.0,33915.0,37050.0,31605.0,35060.0,35195.91
0197W0.KS,KRX,SK Hynix,2x,KRW,KR70197W0009,SOL SK하이닉스단일종목레버리지,2026-06-26,33600.0,34320.0,27400.0,29095.0,2320205,69710737180.0,29248.97,-,1.0,33600.0,34320.0,27400.0,29095.0,29248.97
0197W0.KS,KRX,SK Hynix,2x,KRW,KR70197W0009,SOL SK하이닉스단일종목레버리지,2026-06-29,28540.0,29505.0,25730.0,28100.0,1222881,33548639340.0,28063.82,-,1.0,28540.0,29505.0,25730.0,28100.0,28063.82
0197W0.KS,KRX,SK Hynix,2x,KRW,KR70197W0009,SOL SK하이닉스단일종목레버리지,2026-06-30,28035.0,30780.0,26335.0,28650.0,1294290,37160145272.0,28742.02,-,1.0,28035.0,30780.0,26335.0,28650.0,28742.02
0197W0.KS,KRX,SK Hynix,2x,KRW,KR70197W0009,SOL SK하이닉스단일종목레버리지,2026-07-01,29045.0,30290.0,25370.0,26645.0,1202949,32829825964.0,26622.41,-,1.0,29045.0,30290.0,25370.0,26645.0,26622.41
0197W0.KS,KRX,SK Hynix,2x,KRW,KR70197W0009,SOL SK하이닉스단일종목레버리지,2026-07-02,22580.0,24345.0,18575.0,18575.0,2356370,51775700538.0,18657.89,-,1.0,22580.0,24345.0,18575.0,18575.0,18657.89
0197W0.KS,KRX,SK Hynix,2x,KRW,KR70197W0009,SOL SK하이닉스단일종목레버리지,2026-07-03,19185.0,23360.0,16315.0,22945.0,3531043,71460775526.0,22743.93,-,1.0,19185.0,23360.0,16315.0,22945.0,22743.93
0198B0.KS,KRX,Samsung Electronics,2x,KRW,KR70198B0003,1Q 삼성전자선물단일종목레버리지,2026-05-27,23865.0,25465.0,21995.0,22195.0,809116,18854803406.0,22363.8,-,1.0,23865.0,25465.0,21995.0,22195.0,22363.8
0198B0.KS,KRX,Samsung Electronics,2x,KRW,KR70198B0003,1Q 삼성전자선물단일종목레버리지,2026-05-28,21980.0,22080.0,19295.0,20965.0,817328,17231363871.0,20797.07,-,1.0,21980.0,22080.0,19295.0,20965.0,20797.07
0198B0.KS,KRX,Samsung Electronics,2x,KRW,KR70198B0003,1Q 삼성전자선물단일종목레버리지,2026-05-29,22290.0,24000.0,21940.0,23580.0,397015,9117037277.0,23549.01,-,1.0,22290.0,24000.0,21940.0,23580.0,23549.01
0198B0.KS,KRX,Samsung Electronics,2x,KRW,KR70198B0003,1Q 삼성전자선물단일종목레버리지,2026-06-01,23820.0,29555.0,23820.0,28735.0,681321,18523283856.0,29058.8,-,1.0,23820.0,29555.0,23820.0,28735.0,29058.8
0198B0.KS,KRX,Samsung Electronics,2x,KRW,KR70198B0003,1Q 삼성전자선물단일종목레버리지,2026-06-02,42035.0,42035.0,28095.0,30320.0,609410,18262746057.0,29692.43,-,1.0,42035.0,42035.0,28095.0,30320.0,29692.43
0198B0.KS,KRX,Samsung Electronics,2x,KRW,KR70198B0003,1Q 삼성전자선물단일종목레버리지,2026-06-04,28215.0,30955.0,28125.0,28650.0,335569,9818098877.0,28175.42,-,1.0,28215.0,30955.0,28125.0,28650.0,28175.42
0198B0.KS,KRX,Samsung Electronics,2x,KRW,KR70198B0003,1Q 삼성전자선물단일종목레버리지,2026-06-05,25360.0,26925.0,24095.0,24825.0,304862,7694914848.0,24087.13,-,1.0,25360.0,26925.0,24095.0,24825.0,24087.13
0198B0.KS,KRX,Samsung Electronics,2x,KRW,KR70198B0003,1Q 삼성전자선물단일종목레버리지,2026-06-08,18835.0,22550.0,18835.0,19725.0,365383,7660240615.0,18989.33,-,1.0,18835.0,22550.0,18835.0,19725.0,18989.33
0198B0.KS,KRX,Samsung Electronics,2x,KRW,KR70198B0003,1Q 삼성전자선물단일종목레버리지,2026-06-09,21495.0,23175.0,20010.0,23175.0,322038,7015541957.0,22733.95,-,1.0,21495.0,23175.0,20010.0,23175.0,22733.95
0198B0.KS,KRX,Samsung Electronics,2x,KRW,KR70198B0003,1Q 삼성전자선물단일종목레버리지,2026-06-10,21420.0,21940.0,19150.0,20090.0,219650,4451886687.0,20471.9,-,1.0,21420.0,21940.0,19150.0,20090.0,20471.9
0198B0.KS,KRX,Samsung Electronics,2x,KRW,KR70198B0003,1Q 삼성전자선물단일종목레버리지,2026-06-11,18655.0,20520.0,18205.0,19405.0,157532,3060863162.0,19619.27,-,1.0,18655.0,20520.0,18205.0,19405.0,19619.27
0198B0.KS,KRX,Samsung Electronics,2x,KRW,KR70198B0003,1Q 삼성전자선물단일종목레버리지,2026-06-12,23240.0,24800.0,22475.0,22555.0,290324,6926274590.0,22700.0,-,1.0,23240.0,24800.0,22475.0,22555.0,22700.0
0198B0.KS,KRX,Samsung Electronics,2x,KRW,KR70198B0003,1Q 삼성전자선물단일종목레버리지,2026-06-15,25575.0,25575.0,24460.0,24730.0,209814,5235347743.0,24828.31,-,1.0,25575.0,25575.0,24460.0,24730.0,24828.31
0198B0.KS,KRX,Samsung Electronics,2x,KRW,KR70198B0003,1Q 삼성전자선물단일종목레버리지,2026-06-16,25690.0,25925.0,24255.0,25570.0,302385,7580655359.0,25659.89,-,1.0,25690.0,25925.0,24255.0,25570.0,25659.89
0198B0.KS,KRX,Samsung Electronics,2x,KRW,KR70198B0003,1Q 삼성전자선물단일종목레버리지,2026-06-17,24040.0,26435.0,23995.0,26305.0,358436,8923258202.0,26492.29,-,1.0,24040.0,26435.0,23995.0,26305.0,26492.29
0198B0.KS,KRX,Samsung Electronics,2x,KRW,KR70198B0003,1Q 삼성전자선물단일종목레버리지,2026-06-18,26105.0,28850.0,25970.0,28850.0,564023,15216881860.0,28632.17,-,1.0,26105.0,28850.0,25970.0,28850.0,28632.17
0198B0.KS,KRX,Samsung Electronics,2x,KRW,KR70198B0003,1Q 삼성전자선물단일종목레버리지,2026-06-19,30400.0,30690.0,26230.0,27480.0,478490,13759301534.0,27040.38,-,1.0,30400.0,30690.0,26230.0,27480.0,27040.38
0198B0.KS,KRX,Samsung Electronics,2x,KRW,KR70198B0003,1Q 삼성전자선물단일종목레버리지,2026-06-22,26195.0,28770.0,25605.0,27155.0,296905,8158818597.0,27242.1,-,1.0,26195.0,28770.0,25605.0,27155.0,27242.1
0198B0.KS,KRX,Samsung Electronics,2x,KRW,KR70198B0003,1Q 삼성전자선물단일종목레버리지,2026-06-23,26720.0,27095.0,20325.0,20325.0,511137,12536579445.0,20400.99,-,1.0,26720.0,27095.0,20325.0,20325.0,20400.99
0198B0.KS,KRX,Samsung Electronics,2x,KRW,KR70198B0003,1Q 삼성전자선물단일종목레버리지,2026-06-24,20910.0,24445.0,20885.0,24200.0,517562,11925717665.0,24577.48,-,1.0,20910.0,24445.0,20885.0,24200.0,24577.48
0198B0.KS,KRX,Samsung Electronics,2x,KRW,KR70198B0003,1Q 삼성전자선물단일종목레버리지,2026-06-25,26890.0,27625.0,26155.0,27035.0,477745,12898633208.0,27258.94,-,1.0,26890.0,27625.0,26155.0,27035.0,27258.94
0198B0.KS,KRX,Samsung Electronics,2x,KRW,KR70198B0003,1Q 삼성전자선물단일종목레버리지,2026-06-26,26395.0,27030.0,21395.0,23960.0,653021,15706384497.0,24631.98,-,1.0,26395.0,27030.0,21395.0,23960.0,24631.98
0198B0.KS,KRX,Samsung Electronics,2x,KRW,KR70198B0003,1Q 삼성전자선물단일종목레버리지,2026-06-29,22855.0,23095.0,20840.0,22100.0,410260,8947890245.0,21853.99,-,1.0,22855.0,23095.0,20840.0,22100.0,21853.99
0198B0.KS,KRX,Samsung Electronics,2x,KRW,KR70198B0003,1Q 삼성전자선물단일종목레버리지,2026-06-30,22110.0,24595.0,21575.0,23450.0,375836,8753000700.0,23444.07,-,1.0,22110.0,24595.0,21575.0,23450.0,23444.07
0198B0.KS,KRX,Samsung Electronics,2x,KRW,KR70198B0003,1Q 삼성전자선물단일종목레버리지,2026-07-01,23580.0,24655.0,20090.0,20760.0,264479,5695454657.0,20621.37,-,1.0,23580.0,24655.0,20090.0,20760.0,20621.37
0198B0.KS,KRX,Samsung Electronics,2x,KRW,KR70198B0003,1Q 삼성전자선물단일종목레버리지,2026-07-02,17955.0,19090.0,16160.0,16815.0,487809,8660437266.0,16637.11,-,1.0,17955.0,19090.0,16160.0,16815.0,16637.11
0198B0.KS,KRX,Samsung Electronics,2x,KRW,KR70198B0003,1Q 삼성전자선물단일종목레버리지,2026-07-03,17080.0,20010.0,16530.0,19630.0,438555,8104970236.0,19416.69,-,1.0,17080.0,20010.0,16530.0,19630.0,19416.69
0198D0.KS,KRX,SK Hynix,2x,KRW,KR70198D0001,1Q SK하이닉스선물단일종목레버리지,2026-05-27,35930.0,35930.0,25845.0,26830.0,431931,12118510551.0,26611.26,-,1.0,35930.0,35930.0,25845.0,26830.0,26611.26
0198D0.KS,KRX,SK Hynix,2x,KRW,KR70198D0001,1Q SK하이닉스선물단일종목레버리지,2026-05-28,26830.0,29810.0,24405.0,27640.0,681373,18360265535.0,27960.54,-,1.0,26830.0,29810.0,24405.0,27640.0,27960.54
0198D0.KS,KRX,SK Hynix,2x,KRW,KR70198D0001,1Q SK하이닉스선물단일종목레버리지,2026-05-29,29650.0,30000.0,27640.0,28635.0,359102,10378446067.0,28870.64,-,1.0,29650.0,30000.0,27640.0,28635.0,28870.64
0198D0.KS,KRX,SK Hynix,2x,KRW,KR70198D0001,1Q SK하이닉스선물단일종목레버리지,2026-06-01,28625.0,30505.0,27120.0,29860.0,447082,13137892245.0,29117.1,-,1.0,28625.0,30505.0,27120.0,29860.0,29117.1
0198D0.KS,KRX,SK Hynix,2x,KRW,KR70198D0001,1Q SK하이닉스선물단일종목레버리지,2026-06-02,29960.0,31330.0,26900.0,29185.0,626072,17727601265.0,28620.94,-,1.0,29960.0,31330.0,26900.0,29185.0,28620.94
0198D0.KS,KRX,SK Hynix,2x,KRW,KR70198D0001,1Q SK하이닉스선물단일종목레버리지,2026-06-04,27285.0,28500.0,26995.0,27710.0,137198,3781775224.0,27259.57,-,1.0,27285.0,28500.0,26995.0,27710.0,27259.57
0198D0.KS,KRX,SK Hynix,2x,KRW,KR70198D0001,1Q SK하이닉스선물단일종목레버리지,2026-06-05,24960.0,26035.0,22165.0,22165.0,439768,10235561579.0,20010.19,-,1.0,24960.0,26035.0,22165.0,22165.0,20010.19
0198D0.KS,KRX,SK Hynix,2x,KRW,KR70198D0001,1Q SK하이닉스선물단일종목레버리지,2026-06-08,17670.0,21840.0,17410.0,18285.0,534307,10625494009.0,17467.16,-,1.0,17670.0,21840.0,17410.0,18285.0,17467.16
0198D0.KS,KRX,SK Hynix,2x,KRW,KR70198D0001,1Q SK하이닉스선물단일종목레버리지,2026-06-09,20675.0,23505.0,19450.0,23400.0,505310,10841092136.0,23614.6,-,1.0,20675.0,23505.0,19450.0,23400.0,23614.6
0198D0.KS,KRX,SK Hynix,2x,KRW,KR70198D0001,1Q SK하이닉스선물단일종목레버리지,2026-06-10,21750.0,22725.0,18500.0,19710.0,382299,7917198788.0,19783.45,-,1.0,21750.0,22725.0,18500.0,19710.0,19783.45
0198D0.KS,KRX,SK Hynix,2x,KRW,KR70198D0001,1Q SK하이닉스선물단일종목레버리지,2026-06-11,18145.0,21470.0,17650.0,20545.0,368365,7298216259.0,20650.33,-,1.0,18145.0,21470.0,17650.0,20545.0,20650.33
0198D0.KS,KRX,SK Hynix,2x,KRW,KR70198D0001,1Q SK하이닉스선물단일종목레버리지,2026-06-12,24100.0,24480.0,21525.0,21525.0,376705,8867724368.0,21195.78,-,1.0,24100.0,24480.0,21525.0,21525.0,21195.78
0198D0.KS,KRX,SK Hynix,2x,KRW,KR70198D0001,1Q SK하이닉스선물단일종목레버리지,2026-06-15,24010.0,25055.0,23810.0,24105.0,242789,5951360604.0,24053.91,-,1.0,24010.0,25055.0,23810.0,24105.0,24053.91
0198D0.KS,KRX,SK Hynix,2x,KRW,KR70198D0001,1Q SK하이닉스선물단일종목레버리지,2026-06-16,25880.0,26350.0,24225.0,26050.0,366391,9458289232.0,26268.85,-,1.0,25880.0,26350.0,24225.0,26050.0,26268.85
0198D0.KS,KRX,SK Hynix,2x,KRW,KR70198D0001,1Q SK하이닉스선물단일종목레버리지,2026-06-17,25290.0,29270.0,25220.0,29135.0,279581,7623648601.0,29532.29,-,1.0,25290.0,29270.0,25220.0,29135.0,29532.29
0198D0.KS,KRX,SK Hynix,2x,KRW,KR70198D0001,1Q SK하이닉스선물단일종목레버리지,2026-06-18,30010.0,34385.0,29835.0,33020.0,367153,11812255120.0,33254.12,-,1.0,30010.0,34385.0,29835.0,33020.0,33254.12
0198D0.KS,KRX,SK Hynix,2x,KRW,KR70198D0001,1Q SK하이닉스선물단일종목레버리지,2026-06-19,36255.0,38855.0,32980.0,35070.0,540069,19193190096.0,35101.15,-,1.0,36255.0,38855.0,32980.0,35070.0,35101.15
0198D0.KS,KRX,SK Hynix,2x,KRW,KR70198D0001,1Q SK하이닉스선물단일종목레버리지,2026-06-22,34330.0,39950.0,34240.0,39460.0,356871,13568565953.0,39245.5,-,1.0,34330.0,39950.0,34240.0,39460.0,39245.5
0198D0.KS,KRX,SK Hynix,2x,KRW,KR70198D0001,1Q SK하이닉스선물단일종목레버리지,2026-06-23,39195.0,39900.0,28100.0,29025.0,773448,26715348550.0,28926.31,-,1.0,39195.0,39900.0,28100.0,29025.0,28926.31
0198D0.KS,KRX,SK Hynix,2x,KRW,KR70198D0001,1Q SK하이닉스선물단일종목레버리지,2026-06-24,29935.0,32500.0,26610.0,29660.0,735840,21636636437.0,29826.19,-,1.0,29935.0,32500.0,26610.0,29660.0,29826.19
0198D0.KS,KRX,SK Hynix,2x,KRW,KR70198D0001,1Q SK하이닉스선물단일종목레버리지,2026-06-25,35655.0,39300.0,33300.0,37255.0,698251,25361512115.0,37445.12,-,1.0,35655.0,39300.0,33300.0,37255.0,37445.12
0198D0.KS,KRX,SK Hynix,2x,KRW,KR70198D0001,1Q SK하이닉스선물단일종목레버리지,2026-06-26,35725.0,36480.0,29035.0,30515.0,849855,27443610858.0,31217.44,-,1.0,35725.0,36480.0,29035.0,30515.0,31217.44
0198D0.KS,KRX,SK Hynix,2x,KRW,KR70198D0001,1Q SK하이닉스선물단일종목레버리지,2026-06-29,30280.0,31305.0,27470.0,29940.0,459862,13388701992.0,29858.31,-,1.0,30280.0,31305.0,27470.0,29940.0,29858.31
0198D0.KS,KRX,SK Hynix,2x,KRW,KR70198D0001,1Q SK하이닉스선물단일종목레버리지,2026-06-30,29915.0,32750.0,28300.0,30615.0,291361,9000176860.0,30719.48,-,1.0,29915.0,32750.0,28300.0,30615.0,30719.48
0198D0.KS,KRX,SK Hynix,2x,KRW,KR70198D0001,1Q SK하이닉스선물단일종목레버리지,2026-07-01,31065.0,32440.0,27000.0,28150.0,286231,8346850759.0,28336.19,-,1.0,31065.0,32440.0,27000.0,28150.0,28336.19
0198D0.KS,KRX,SK Hynix,2x,KRW,KR70198D0001,1Q SK하이닉스선물단일종목레버리지,2026-07-02,23970.0,25830.0,19015.0,19015.0,693532,16156722148.0,19757.5,-,1.0,23970.0,25830.0,19015.0,19015.0,19757.5
0198D0.KS,KRX,SK Hynix,2x,KRW,KR70198D0001,1Q SK하이닉스선물단일종목레버리지,2026-07-03,19815.0,24665.0,17000.0,24200.0,867368,17972704834.0,24120.24,-,1.0,19815.0,24665.0,17000.0,24200.0,24120.24
7709.HK,HKEX,SK Hynix,2x,HKD,HK0001205258,CSOP SK Hynix Daily (2x) Leveraged Product,2025-10-16,8.42,9.66,8.42,9.155,1651400,15153118.0,,HKDKRW,182.54,1536.99,1763.34,1536.99,1671.15,
7709.HK,HKEX,SK Hynix,2x,HKD,HK0001205258,CSOP SK Hynix Daily (2x) Leveraged Product,2025-10-17,10.17,10.77,9.275,9.5,4905800,48135677.0,,HKDKRW,183.31,1864.26,1974.25,1700.2,1741.44,
7709.HK,HKEX,SK Hynix,2x,HKD,HK0001205258,CSOP SK Hynix Daily (2x) Leveraged Product,2025-10-20,10.28,11.0,9.955,11.0,3766800,38792978.0,,HKDKRW,183.06,1881.86,2013.66,1822.36,2013.66,
7709.HK,HKEX,SK Hynix,2x,HKD,HK0001205258,CSOP SK Hynix Daily (2x) Leveraged Product,2025-10-21,11.6,13.0,9.96,10.19,11733100,130046608.0,,HKDKRW,184.25,2137.3,2395.25,1835.13,1877.51,
7709.HK,HKEX,SK Hynix,2x,HKD,HK0001205258,CSOP SK Hynix Daily (2x) Leveraged Product,2025-10-22,9.73,10.18,9.505,10.02,4209300,41258177.0,,HKDKRW,184.37,1793.92,1876.89,1752.44,1847.39,
7709.HK,HKEX,SK Hynix,2x,HKD,HK0001205258,CSOP SK Hynix Daily (2x) Leveraged Product,2025-10-23,10.02,10.32,9.83,9.995,2370200,23814447.0,,HKDKRW,184.96,1853.3,1908.79,1818.16,1848.68,
7709.HK,HKEX,SK Hynix,2x,HKD,HK0001205258,CSOP SK Hynix Daily (2x) Leveraged Product,2025-10-24,11.28,11.63,10.8,11.4,8341200,93506296.0,,HKDKRW,185.3,2090.18,2155.04,2001.24,2112.42,
7709.HK,HKEX,SK Hynix,2x,HKD,HK0001205258,CSOP SK Hynix Daily (2x) Leveraged Product,2025-10-27,12.36,12.96,12.0,12.93,22244900,275450627.0,,HKDKRW,184.54,2280.91,2391.64,2214.48,2386.1,
7709.HK,HKEX,SK Hynix,2x,HKD,HK0001205258,CSOP SK Hynix Daily (2x) Leveraged Product,2025-10-28,11.9,11.94,11.21,11.83,21558900,251445215.0,,HKDKRW,184.63,2197.1,2204.48,2069.7,2184.17,
7709.HK,HKEX,SK Hynix,2x,HKD,HK0001205258,CSOP SK Hynix Daily (2x) Leveraged Product,2025-10-30,13.6,14.28,13.11,13.94,20252100,278265391.0,,HKDKRW,184.12,2504.03,2629.23,2413.81,2566.63,
7709.HK,HKEX,SK Hynix,2x,HKD,HK0001205258,CSOP SK Hynix Daily (2x) Leveraged Product,2025-10-31,13.64,13.8,13.23,13.36,12618700,170614059.0,,HKDKRW,184.17,2512.08,2541.55,2436.57,2460.51,
7709.HK,HKEX,SK Hynix,2x,HKD,HK0001205258,CSOP SK Hynix Daily (2x) Leveraged Product,2025-11-03,15.1,16.95,14.88,16.77,25210997,401306352.0,,HKDKRW,184.1,2779.91,3120.5,2739.41,3087.36,
7709.HK,HKEX,SK Hynix,2x,HKD,HK0001205258,CSOP SK Hynix Daily (2x) Leveraged Product,2025-11-04,15.38,15.84,14.34,14.81,41408000,617661856.0,,HKDKRW,185.74,2856.68,2942.12,2663.51,2750.81,
7709.HK,HKEX,SK Hynix,2x,HKD,HK0001205258,CSOP SK Hynix Daily (2x) Leveraged Product,2025-11-05,12.59,14.45,11.77,13.9,75195000,979519870.0,,HKDKRW,185.34,2333.43,2678.16,2181.45,2576.23,
7709.HK,HKEX,SK Hynix,2x,HKD,HK0001205258,CSOP SK Hynix Daily (2x) Leveraged Product,2025-11-06,14.53,15.4,14.45,14.62,34022922,504250275.0,,HKDKRW,186.37,2707.96,2870.1,2693.05,2724.73,
7709.HK,HKEX,SK Hynix,2x,HKD,HK0001205258,CSOP SK Hynix Daily (2x) Leveraged Product,2025-11-07,14.4,14.42,13.49,14.08,27446800,386021918.0,,HKDKRW,187.73,2703.31,2707.07,2532.48,2643.24,
7709.HK,HKEX,SK Hynix,2x,HKD,HK0001205258,CSOP SK Hynix Daily (2x) Leveraged Product,2025-11-10,15.21,15.84,15.12,15.68,35692000,553883084.0,,HKDKRW,187.41,2850.51,2968.57,2833.64,2938.59,
7709.HK,HKEX,SK Hynix,2x,HKD,HK0001205258,CSOP SK Hynix Daily (2x) Leveraged Product,2025-11-11,16.8,17.06,15.2,15.97,42691100,691850800.0,,HKDKRW,188.08,3159.74,3208.64,2858.82,3003.64,
7709.HK,HKEX,SK Hynix,2x,HKD,HK0001205258,CSOP SK Hynix Daily (2x) Leveraged Product,2025-11-12,15.62,16.11,15.18,16.01,18081100,284063107.0,,HKDKRW,189.09,2953.59,3046.24,2870.39,3027.33,
7709.HK,HKEX,SK Hynix,2x,HKD,HK0001205258,CSOP SK Hynix Daily (2x) Leveraged Product,2025-11-13,16.12,16.22,15.0,15.19,29183600,452051315.0,,HKDKRW,189.28,3051.19,3070.12,2839.2,2875.16,
7709.HK,HKEX,SK Hynix,2x,HKD,HK0001205258,CSOP SK Hynix Daily (2x) Leveraged Product,2025-11-14,13.46,13.77,12.6,12.9,43080196,572131679.0,,HKDKRW,187.25,2520.39,2578.43,2359.35,2415.52,
7709.HK,HKEX,SK Hynix,2x,HKD,HK0001205258,CSOP SK Hynix Daily (2x) Leveraged Product,2025-11-17,14.31,14.99,14.1,14.81,32551000,471443065.0,,HKDKRW,188.11,2691.85,2819.77,2652.35,2785.91,
7709.HK,HKEX,SK Hynix,2x,HKD,HK0001205258,CSOP SK Hynix Daily (2x) Leveraged Product,2025-11-18,13.77,13.83,12.93,13.18,32368700,432387239.0,,HKDKRW,187.67,2584.22,2595.48,2426.57,2473.49,
7709.HK,HKEX,SK Hynix,2x,HKD,HK0001205258,CSOP SK Hynix Daily (2x) Leveraged Product,2025-11-19,12.66,13.16,12.38,13.14,30925100,395622573.0,,HKDKRW,188.62,2387.93,2482.24,2335.12,2478.47,
7709.HK,HKEX,SK Hynix,2x,HKD,HK0001205258,CSOP SK Hynix Daily (2x) Leveraged Product,2025-11-20,13.55,13.88,13.01,13.05,30496400,412875802.0,,HKDKRW,189.49,2567.59,2630.12,2465.26,2472.84,
7709.HK,HKEX,SK Hynix,2x,HKD,HK0001205258,CSOP SK Hynix Daily (2x) Leveraged Product,2025-11-21,11.1,11.18,10.53,10.57,54892277,598468483.0,,HKDKRW,189.11,2099.12,2114.25,1991.33,1998.89,
7709.HK,HKEX,SK Hynix,2x,HKD,HK0001205258,CSOP SK Hynix Daily (2x) Leveraged Product,2025-11-24,11.4,11.56,10.67,10.92,27705911,310102125.0,,HKDKRW,189.57,2161.1,2191.43,2022.71,2070.1,
7709.HK,HKEX,SK Hynix,2x,HKD,HK0001205258,CSOP SK Hynix Daily (2x) Leveraged Product,2025-11-25,11.31,11.39,10.54,10.59,41949700,460451770.0,,HKDKRW,188.57,2132.73,2147.81,1987.53,1996.96,
7709.HK,HKEX,SK Hynix,2x,HKD,HK0001205258,CSOP SK Hynix Daily (2x) Leveraged Product,2025-11-26,10.33,11.03,10.31,10.96,20724119,223010929.0,,HKDKRW,189.05,1952.89,2085.22,1949.11,2071.99,
7709.HK,HKEX,SK Hynix,2x,HKD,HK0001205258,CSOP SK Hynix Daily (2x) Leveraged Product,2025-11-27,12.0,12.07,11.42,11.55,23691300,277517844.0,,HKDKRW,188.08,2256.96,2270.13,2147.87,2172.32,
7709.HK,HKEX,SK Hynix,2x,HKD,HK0001205258,CSOP SK Hynix Daily (2x) Leveraged Product,2025-11-28,11.4,11.64,11.06,11.31,12903200,146436329.0,,HKDKRW,188.87,2153.12,2198.45,2088.9,2136.12,
7709.HK,HKEX,SK Hynix,2x,HKD,HK0001205258,CSOP SK Hynix Daily (2x) Leveraged Product,2025-12-01,11.13,11.69,11.06,11.5,14416410,163653043.0,,HKDKRW,188.86,2102.01,2207.77,2088.79,2171.89,
7709.HK,HKEX,SK Hynix,2x,HKD,HK0001205258,CSOP SK Hynix Daily (2x) Leveraged Product,2025-12-02,12.14,12.31,11.97,12.26,14264100,173693244.0,,HKDKRW,188.77,2291.67,2323.76,2259.58,2314.32,
7709.HK,HKEX,SK Hynix,2x,HKD,HK0001205258,CSOP SK Hynix Daily (2x) Leveraged Product,2025-12-03,12.23,12.28,11.94,12.01,6236600,75508006.0,,HKDKRW,188.47,2304.99,2314.41,2250.33,2263.52,
7709.HK,HKEX,SK Hynix,2x,HKD,HK0001205258,CSOP SK Hynix Daily (2x) Leveraged Product,2025-12-04,11.27,11.6,11.12,11.5,13694600,155001815.0,,HKDKRW,189.54,2136.12,2198.66,2107.68,2179.71,
7709.HK,HKEX,SK Hynix,2x,HKD,HK0001205258,CSOP SK Hynix Daily (2x) Leveraged Product,2025-12-05,11.49,11.7,11.12,11.5,11316500,129047243.0,,HKDKRW,189.47,2177.01,2216.8,2106.91,2178.91,
7709.HK,HKEX,SK Hynix,2x,HKD,HK0001205258,CSOP SK Hynix Daily (2x) Leveraged Product,2025-12-08,11.56,13.15,11.41,12.95,29233610,364838160.0,,HKDKRW,188.86,2183.22,2483.51,2154.89,2445.74,
7709.HK,HKEX,SK Hynix,2x,HKD,HK0001205258,CSOP SK Hynix Daily (2x) Leveraged Product,2025-12-09,12.77,12.77,12.43,12.53,12134400,152084246.0,,HKDKRW,189.0,2413.53,2413.53,2349.27,2368.17,
7709.HK,HKEX,SK Hynix,2x,HKD,HK0001205258,CSOP SK Hynix Daily (2x) Leveraged Product,2025-12-10,13.14,13.56,13.05,13.35,19985513,265633388.0,,HKDKRW,188.49,2476.76,2555.92,2459.79,2516.34,
7709.HK,HKEX,SK Hynix,2x,HKD,HK0001205258,CSOP SK Hynix Daily (2x) Leveraged Product,2025-12-11,13.52,13.52,12.32,12.5,19027200,244560170.0,,HKDKRW,189.22,2558.25,2558.25,2331.19,2365.25,
7709.HK,HKEX,SK Hynix,2x,HKD,HK0001205258,CSOP SK Hynix Daily (2x) Leveraged Product,2025-12-12,12.88,13.07,12.45,12.85,13237600,169090446.0,,HKDKRW,189.81,2444.75,2480.82,2363.13,2439.06,
7709.HK,HKEX,SK Hynix,2x,HKD,HK0001205258,CSOP SK Hynix Daily (2x) Leveraged Product,2025-12-15,12.03,12.3,11.73,11.93,12532210,149701759.0,,HKDKRW,189.0,2273.67,2324.7,2216.97,2254.77,
7709.HK,HKEX,SK Hynix,2x,HKD,HK0001205258,CSOP SK Hynix Daily (2x) Leveraged Product,2025-12-16,11.6,11.6,10.8,10.92,16118800,179456541.0,,HKDKRW,189.51,2198.32,2198.32,2046.71,2069.45,
7709.HK,HKEX,SK Hynix,2x,HKD,HK0001205258,CSOP SK Hynix Daily (2x) Leveraged Product,2025-12-17,11.18,11.8,10.95,11.79,14931200,169428049.0,,HKDKRW,190.03,2124.54,2242.35,2080.83,2240.45,
7709.HK,HKEX,SK Hynix,2x,HKD,HK0001205258,CSOP SK Hynix Daily (2x) Leveraged Product,2025-12-18,11.8,12.12,11.68,11.83,13967500,165850696.0,,HKDKRW,189.77,2239.29,2300.01,2216.51,2244.98,
7709.HK,HKEX,SK Hynix,2x,HKD,HK0001205258,CSOP SK Hynix Daily (2x) Leveraged Product,2025-12-19,12.2,12.43,11.6,11.82,18110877,219906074.0,,HKDKRW,190.29,2321.54,2365.3,2207.36,2249.23,
7709.HK,HKEX,SK Hynix,2x,HKD,HK0001205258,CSOP SK Hynix Daily (2x) Leveraged Product,2025-12-22,12.6,13.13,12.6,12.99,20459300,262820418.0,,HKDKRW,190.33,2398.16,2499.03,2398.16,2472.39,
7709.HK,HKEX,SK Hynix,2x,HKD,HK0001205258,CSOP SK Hynix Daily (2x) Leveraged Product,2025-12-23,13.33,13.4,13.0,13.08,10186400,133948019.0,,HKDKRW,190.54,2539.9,2553.24,2477.02,2492.26,
7709.HK,HKEX,SK Hynix,2x,HKD,HK0001205258,CSOP SK Hynix Daily (2x) Leveraged Product,2025-12-24,13.35,13.49,13.3,13.46,13662000,183441460.0,,HKDKRW,186.49,2489.64,2515.75,2480.32,2510.16,
7709.HK,HKEX,SK Hynix,2x,HKD,HK0001205258,CSOP SK Hynix Daily (2x) Leveraged Product,2025-12-29,15.32,15.67,14.83,15.3,29340300,446192062.0,,HKDKRW,184.53,2827.0,2891.59,2736.58,2823.31,
7709.HK,HKEX,SK Hynix,2x,HKD,HK0001205258,CSOP SK Hynix Daily (2x) Leveraged Product,2025-12-30,16.5,16.58,15.86,16.3,18221700,295578921.0,,HKDKRW,185.23,3056.29,3071.11,2937.75,3019.25,
7709.HK,HKEX,SK Hynix,2x,HKD,HK0001205258,CSOP SK Hynix Daily (2x) Leveraged Product,2025-12-31,16.3,16.3,15.9,16.15,4071000,65540786.0,,HKDKRW,185.93,3030.66,3030.66,2956.29,3002.77,
7709.HK,HKEX,SK Hynix,2x,HKD,HK0001205258,CSOP SK Hynix Daily (2x) Leveraged Product,2026-01-02,16.15,17.62,16.15,17.5,12153800,207033850.0,,HKDKRW,185.67,2998.57,3271.51,2998.57,3249.22,
7709.HK,HKEX,SK Hynix,2x,HKD,HK0001205258,CSOP SK Hynix Daily (2x) Leveraged Product,2026-01-05,18.0,18.64,18.0,18.57,22820000,418150868.0,,HKDKRW,185.84,3345.12,3464.06,3345.12,3451.05,
7709.HK,HKEX,SK Hynix,2x,HKD,HK0001205258,CSOP SK Hynix Daily (2x) Leveraged Product,2026-01-06,17.75,19.99,17.55,19.57,18717436,351936191.0,,HKDKRW,186.05,3302.39,3719.14,3265.18,3641.0,
7709.HK,HKEX,SK Hynix,2x,HKD,HK0001205258,CSOP SK Hynix Daily (2x) Leveraged Product,2026-01-07,21.38,21.8,20.22,20.8,22116800,466574660.0,,HKDKRW,186.27,3982.45,4060.69,3766.38,3874.42,
7709.HK,HKEX,SK Hynix,2x,HKD,HK0001205258,CSOP SK Hynix Daily (2x) Leveraged Product,2026-01-08,23.0,23.34,21.22,21.68,31851657,709554254.0,,HKDKRW,186.47,4288.81,4352.21,3956.89,4042.67,
7709.HK,HKEX,SK Hynix,2x,HKD,HK0001205258,CSOP SK Hynix Daily (2x) Leveraged Product,2026-01-09,20.22,21.5,20.22,20.94,20705460,430986725.0,,HKDKRW,187.3,3787.21,4026.95,3787.21,3922.06,
7709.HK,HKEX,SK Hynix,2x,HKD,HK0001205258,CSOP SK Hynix Daily (2x) Leveraged Product,2026-01-12,21.64,21.76,20.26,21.28,30080330,638938080.0,,HKDKRW,188.3,4074.81,4097.41,3814.96,4007.02,
7709.HK,HKEX,SK Hynix,2x,HKD,HK0001205258,CSOP SK Hynix Daily (2x) Leveraged Product,2026-01-13,21.0,21.0,19.8,20.56,27920272,565992235.0,,HKDKRW,189.53,3980.13,3980.13,3752.69,3896.74,
7709.HK,HKEX,SK Hynix,2x,HKD,HK0001205258,CSOP SK Hynix Daily (2x) Leveraged Product,2026-01-14,20.7,20.9,19.9,20.74,21719135,441166515.0,,HKDKRW,188.08,3893.26,3930.87,3742.79,3900.78,
7709.HK,HKEX,SK Hynix,2x,HKD,HK0001205258,CSOP SK Hynix Daily (2x) Leveraged Product,2026-01-15,20.6,21.66,20.04,21.48,23791828,494740479.0,,HKDKRW,188.57,3884.54,4084.43,3778.94,4050.48,
7709.HK,HKEX,SK Hynix,2x,HKD,HK0001205258,CSOP SK Hynix Daily (2x) Leveraged Product,2026-01-16,21.8,22.0,21.12,21.92,22152210,476840782.0,,HKDKRW,189.24,4125.43,4163.28,3996.75,4148.14,
7709.HK,HKEX,SK Hynix,2x,HKD,HK0001205258,CSOP SK Hynix Daily (2x) Leveraged Product,2026-01-19,21.56,22.5,21.56,21.92,25289600,556530079.0,,HKDKRW,189.12,4077.43,4255.2,4077.43,4145.51,
7709.HK,HKEX,SK Hynix,2x,HKD,HK0001205258,CSOP SK Hynix Daily (2x) Leveraged Product,2026-01-20,20.58,21.56,20.44,20.56,25691022,536289166.0,,HKDKRW,189.73,3904.64,4090.58,3878.08,3900.85,
7709.HK,HKEX,SK Hynix,2x,HKD,HK0001205258,CSOP SK Hynix Daily (2x) Leveraged Product,2026-01-21,21.12,21.38,20.1,20.56,30170115,622940907.0,,HKDKRW,188.23,3975.42,4024.36,3783.42,3870.01,
7709.HK,HKEX,SK Hynix,2x,HKD,HK0001205258,CSOP SK Hynix Daily (2x) Leveraged Product,2026-01-22,21.7,22.08,21.1,21.52,32936200,715327736.0,,HKDKRW,187.91,4077.65,4149.05,3964.9,4043.82,
7709.HK,HKEX,SK Hynix,2x,HKD,HK0001205258,CSOP SK Hynix Daily (2x) Leveraged Product,2026-01-23,21.24,22.5,20.68,21.92,24287250,520460589.0,,HKDKRW,186.66,3964.66,4199.85,3860.13,4091.59,
7709.HK,HKEX,SK Hynix,2x,HKD,HK0001205258,CSOP SK Hynix Daily (2x) Leveraged Product,2026-01-26,20.9,21.22,20.14,20.62,36273780,749226808.0,,HKDKRW,185.7,3881.13,3940.55,3740.0,3829.13,
7709.HK,HKEX,SK Hynix,2x,HKD,HK0001205258,CSOP SK Hynix Daily (2x) Leveraged Product,2026-01-27,21.78,23.94,21.68,23.48,34440518,782716090.0,,HKDKRW,184.06,4008.83,4406.4,3990.42,4321.73,
7709.HK,HKEX,SK Hynix,2x,HKD,HK0001205258,CSOP SK Hynix Daily (2x) Leveraged Product,2026-01-28,25.78,28.4,24.9,28.4,42861871,1128739289.0,,HKDKRW,183.74,4736.82,5218.22,4575.13,5218.22,
7709.HK,HKEX,SK Hynix,2x,HKD,HK0001205258,CSOP SK Hynix Daily (2x) Leveraged Product,2026-01-29,25.2,28.14,25.18,27.3,56381547,1508842104.0,,HKDKRW,183.84,4632.77,5173.26,4629.09,5018.83,
7709.HK,HKEX,SK Hynix,2x,HKD,HK0001205258,CSOP SK Hynix Daily (2x) Leveraged Product,2026-01-30,31.06,31.64,29.44,29.6,48307401,1469652326.0,,HKDKRW,185.86,5772.81,5880.61,5471.72,5501.46,
7709.HK,HKEX,SK Hynix,2x,HKD,HK0001205258,CSOP SK Hynix Daily (2x) Leveraged Product,2026-02-02,28.34,28.42,24.3,25.9,72267956,1898672230.0,,HKDKRW,186.1,5274.07,5288.96,4522.23,4819.99,
7709.HK,HKEX,SK Hynix,2x,HKD,HK0001205258,CSOP SK Hynix Daily (2x) Leveraged Product,2026-02-03,29.06,30.16,28.2,29.6,43798257,1275991460.0,,HKDKRW,185.72,5397.02,5601.32,5237.3,5497.31,
7709.HK,HKEX,SK Hynix,2x,HKD,HK0001205258,CSOP SK Hynix Daily (2x) Leveraged Product,2026-02-04,28.46,29.6,28.46,29.28,21487490,623480767.0,,HKDKRW,186.95,5320.6,5533.72,5320.6,5473.9,
7709.HK,HKEX,SK Hynix,2x,HKD,HK0001205258,CSOP SK Hynix Daily (2x) Leveraged Product,2026-02-05,27.1,27.5,25.0,25.94,58889106,1545298148.0,,HKDKRW,188.01,5095.07,5170.27,4700.25,4876.98,
7709.HK,HKEX,SK Hynix,2x,HKD,HK0001205258,CSOP SK Hynix Daily (2x) Leveraged Product,2026-02-06,23.46,25.86,22.82,25.04,45838463,1117477277.0,,HKDKRW,187.56,4400.16,4850.3,4280.12,4696.5,
7709.HK,HKEX,SK Hynix,2x,HKD,HK0001205258,CSOP SK Hynix Daily (2x) Leveraged Product,2026-02-09,27.92,28.2,27.14,27.84,25255500,701858556.0,,HKDKRW,186.76,5214.34,5266.63,5068.67,5199.4,
7709.HK,HKEX,SK Hynix,2x,HKD,HK0001205258,CSOP SK Hynix Daily (2x) Leveraged Product,2026-02-10,28.06,28.36,27.28,27.6,21243123,591910251.0,,HKDKRW,186.62,5236.56,5292.54,5090.99,5150.71,
7709.HK,HKEX,SK Hynix,2x,HKD,HK0001205258,CSOP SK Hynix Daily (2x) Leveraged Product,2026-02-11,26.8,27.0,26.1,26.78,23203985,617723189.0,,HKDKRW,185.23,4964.16,5001.21,4834.5,4960.46,
7709.HK,HKEX,SK Hynix,2x,HKD,HK0001205258,CSOP SK Hynix Daily (2x) Leveraged Product,2026-02-12,27.94,29.28,27.28,28.5,44363342,1250679364.0,,HKDKRW,184.55,5156.33,5403.62,5034.52,5259.68,
7709.HK,HKEX,SK Hynix,2x,HKD,HK0001205258,CSOP SK Hynix Daily (2x) Leveraged Product,2026-02-13,27.6,28.68,27.12,27.6,25919424,719291568.0,,HKDKRW,185.94,5131.94,5332.76,5042.69,5131.94,
7709.HK,HKEX,SK Hynix,2x,HKD,HK0001205258,CSOP SK Hynix Daily (2x) Leveraged Product,2026-02-16,27.6,28.64,27.02,28.42,10315015,290442570.0,,HKDKRW,185.94,5131.94,5325.32,5024.1,5284.41,
7709.HK,HKEX,SK Hynix,2x,HKD,HK0001205258,CSOP SK Hynix Daily (2x) Leveraged Product,2026-02-20,28.2,32.0,27.9,31.78,51327389,1563382134.0,,HKDKRW,185.3,5225.46,5929.6,5169.87,5888.83,
7709.HK,HKEX,SK Hynix,2x,HKD,HK0001205258,CSOP SK Hynix Daily (2x) Leveraged Product,2026-02-23,33.12,33.12,31.04,32.16,39940810,1284228270.0,,HKDKRW,184.92,6124.55,6124.55,5739.92,5947.03,
7709.HK,HKEX,SK Hynix,2x,HKD,HK0001205258,CSOP SK Hynix Daily (2x) Leveraged Product,2026-02-24,33.62,35.64,33.62,35.32,43546585,1518649532.0,,HKDKRW,184.39,6199.19,6571.66,6199.19,6512.65,
7709.HK,HKEX,SK Hynix,2x,HKD,HK0001205258,CSOP SK Hynix Daily (2x) Leveraged Product,2026-02-25,36.62,37.76,35.9,37.4,50133631,1852671977.0,,HKDKRW,182.55,6684.98,6893.09,6553.54,6827.37,
7709.HK,HKEX,SK Hynix,2x,HKD,HK0001205258,CSOP SK Hynix Daily (2x) Leveraged Product,2026-02-26,37.74,43.06,36.88,42.8,60932844,2419070719.0,,HKDKRW,183.11,6910.57,7884.72,6753.1,7837.11,
7709.HK,HKEX,SK Hynix,2x,HKD,HK0001205258,CSOP SK Hynix Daily (2x) Leveraged Product,2026-02-27,38.78,42.0,38.32,39.74,59412837,2357613951.0,,HKDKRW,187.49,7270.86,7874.58,7184.62,7450.85,
7709.HK,HKEX,SK Hynix,2x,HKD,HK0001205258,CSOP SK Hynix Daily (2x) Leveraged Product,2026-03-02,37.7,39.52,36.5,36.6,35997213,1367471428.0,,HKDKRW,187.49,7068.37,7409.6,6843.38,6862.13,
7709.HK,HKEX,SK Hynix,2x,HKD,HK0001205258,CSOP SK Hynix Daily (2x) Leveraged Product,2026-03-03,36.8,37.12,28.42,31.18,108637796,3552980772.0,,HKDKRW,189.63,6978.38,7039.07,5389.28,5912.66,
7709.HK,HKEX,SK Hynix,2x,HKD,HK0001205258,CSOP SK Hynix Daily (2x) Leveraged Product,2026-03-04,28.26,29.68,24.32,25.08,231468222,6109268091.0,,HKDKRW,187.2,5290.27,5556.1,4552.7,4694.98,
7709.HK,HKEX,SK Hynix,2x,HKD,HK0001205258,CSOP SK Hynix Daily (2x) Leveraged Product,2026-03-05,28.84,31.76,28.84,29.86,145480860,4417165321.0,,HKDKRW,189.14,5454.8,6007.09,5454.8,5647.72,
7709.HK,HKEX,SK Hynix,2x,HKD,HK0001205258,CSOP SK Hynix Daily (2x) Leveraged Product,2026-03-06,26.8,28.92,26.42,28.46,75610122,2102172577.0,,HKDKRW,189.83,5087.44,5489.88,5015.31,5402.56,
7709.HK,HKEX,SK Hynix,2x,HKD,HK0001205258,CSOP SK Hynix Daily (2x) Leveraged Product,2026-03-09,24.2,24.56,17.0,23.68,213731957,4853675487.0,,HKDKRW,187.66,4541.37,4608.93,3190.22,4443.79,
7709.HK,HKEX,SK Hynix,2x,HKD,HK0001205258,CSOP SK Hynix Daily (2x) Leveraged Product,2026-03-10,27.22,29.2,26.94,28.9,136259419,3865482596.0,,HKDKRW,188.59,5133.42,5506.83,5080.61,5450.25,
7709.HK,HKEX,SK Hynix,2x,HKD,HK0001205258,CSOP SK Hynix Daily (2x) Leveraged Product,2026-03-11,30.0,31.24,28.4,28.72,83437687,2512009714.0,,HKDKRW,189.0,5670.0,5904.36,5367.6,5428.08,
7709.HK,HKEX,SK Hynix,2x,HKD,HK0001205258,CSOP SK Hynix Daily (2x) Leveraged Product,2026-03-12,28.78,29.54,27.44,28.5,59089277,1677506404.0,,HKDKRW,190.5,5482.59,5627.37,5227.32,5429.25,
7709.HK,HKEX,SK Hynix,2x,HKD,HK0001205258,CSOP SK Hynix Daily (2x) Leveraged Product,2026-03-13,26.8,27.74,26.22,26.4,71692640,1922569106.0,,HKDKRW,191.5,5132.2,5312.21,5021.13,5055.6,
7709.HK,HKEX,SK Hynix,2x,HKD,HK0001205258,CSOP SK Hynix Daily (2x) Leveraged Product,2026-03-16,28.4,30.58,27.62,29.96,92027488,2672688978.0,,HKDKRW,190.49,5409.92,5825.18,5261.33,5707.08,
7709.HK,HKEX,SK Hynix,2x,HKD,HK0001205258,CSOP SK Hynix Daily (2x) Leveraged Product,2026-03-17,31.64,32.18,29.6,30.1,64445301,2006705977.0,,HKDKRW,189.89,6008.12,6110.66,5620.74,5715.69,
7709.HK,HKEX,SK Hynix,2x,HKD,HK0001205258,CSOP SK Hynix Daily (2x) Leveraged Product,2026-03-18,32.66,35.82,32.18,35.42,90890971,3094977399.0,,HKDKRW,191.98,6270.07,6876.72,6177.92,6799.93,
7709.HK,HKEX,SK Hynix,2x,HKD,HK0001205258,CSOP SK Hynix Daily (2x) Leveraged Product,2026-03-19,32.5,34.68,31.96,32.22,91080050,2992624445.0,,HKDKRW,190.34,6186.05,6600.99,6083.27,6132.75,
7709.HK,HKEX,SK Hynix,2x,HKD,HK0001205258,CSOP SK Hynix Daily (2x) Leveraged Product,2026-03-20,32.56,33.32,31.48,31.76,70583961,2288012042.0,,HKDKRW,192.29,6260.96,6407.1,6053.29,6107.13,
7709.HK,HKEX,SK Hynix,2x,HKD,HK0001205258,CSOP SK Hynix Daily (2x) Leveraged Product,2026-03-23,28.12,28.94,26.66,27.12,101120107,2809869732.0,,HKDKRW,190.13,5346.46,5502.36,5068.87,5156.33,
7709.HK,HKEX,SK Hynix,2x,HKD,HK0001205258,CSOP SK Hynix Daily (2x) Leveraged Product,2026-03-24,28.56,31.06,27.64,30.92,98123648,2890251113.0,,HKDKRW,191.26,5462.39,5940.54,5286.43,5913.76,
7709.HK,HKEX,SK Hynix,2x,HKD,HK0001205258,CSOP SK Hynix Daily (2x) Leveraged Product,2026-03-25,33.54,33.86,30.54,31.28,92361194,2974712303.0,,HKDKRW,192.44,6454.44,6516.02,5877.12,6019.52,
7709.HK,HKEX,SK Hynix,2x,HKD,HK0001205258,CSOP SK Hynix Daily (2x) Leveraged Product,2026-03-26,28.52,28.72,26.8,27.38,92989621,2567922610.0,,HKDKRW,192.7,5495.8,5534.34,5164.36,5276.13,
7709.HK,HKEX,SK Hynix,2x,HKD,HK0001205258,CSOP SK Hynix Daily (2x) Leveraged Product,2026-03-27,25.0,27.14,24.58,26.2,112274292,2876899501.0,,HKDKRW,192.65,4816.25,5228.52,4735.34,5047.43,
7709.HK,HKEX,SK Hynix,2x,HKD,HK0001205258,CSOP SK Hynix Daily (2x) Leveraged Product,2026-03-30,23.18,24.18,23.1,23.46,122017231,2883073754.0,,HKDKRW,193.67,4489.27,4682.94,4473.78,4543.5,
7709.HK,HKEX,SK Hynix,2x,HKD,HK0001205258,CSOP SK Hynix Daily (2x) Leveraged Product,2026-03-31,20.78,22.46,19.84,20.32,145890661,3073557237.0,,HKDKRW,192.7,4004.31,4328.04,3823.17,3915.66,
7709.HK,HKEX,SK Hynix,2x,HKD,HK0001205258,CSOP SK Hynix Daily (2x) Leveraged Product,2026-04-01,23.36,24.84,23.22,24.0,127047521,3032887954.0,,HKDKRW,193.04,4509.41,4795.11,4482.39,4632.96,
7709.HK,HKEX,SK Hynix,2x,HKD,HK0001205258,CSOP SK Hynix Daily (2x) Leveraged Product,2026-04-02,23.2,23.2,20.1,21.24,118828965,2546465726.0,,HKDKRW,192.98,4477.14,4477.14,3878.9,4098.9,
7709.HK,HKEX,SK Hynix,2x,HKD,HK0001205258,CSOP SK Hynix Daily (2x) Leveraged Product,2026-04-08,24.42,32.26,24.42,31.06,213513326,6417804580.0,,HKDKRW,189.09,4617.58,6100.04,4617.58,5873.14,
7709.HK,HKEX,SK Hynix,2x,HKD,HK0001205258,CSOP SK Hynix Daily (2x) Leveraged Product,2026-04-09,29.5,30.0,28.4,28.74,69118908,2013490836.0,,HKDKRW,188.41,5558.1,5652.3,5350.84,5414.9,
7709.HK,HKEX,SK Hynix,2x,HKD,HK0001205258,CSOP SK Hynix Daily (2x) Leveraged Product,2026-04-10,31.14,31.58,30.04,30.18,56723134,1752776267.0,,HKDKRW,190.15,5921.27,6004.94,5712.11,5738.73,
7709.HK,HKEX,SK Hynix,2x,HKD,HK0001205258,CSOP SK Hynix Daily (2x) Leveraged Product,2026-04-13,30.7,31.46,30.3,31.1,52436335,1613559341.0,,HKDKRW,189.06,5804.14,5947.83,5728.52,5879.77,
7709.HK,HKEX,SK Hynix,2x,HKD,HK0001205258,CSOP SK Hynix Daily (2x) Leveraged Product,2026-04-14,35.76,36.32,34.74,35.44,69896939,2493414202.0,,HKDKRW,188.1,6726.46,6831.79,6534.59,6666.26,
7709.HK,HKEX,SK Hynix,2x,HKD,HK0001205258,CSOP SK Hynix Daily (2x) Leveraged Product,2026-04-15,39.4,39.42,36.8,36.9,73381699,2787585162.0,,HKDKRW,188.47,7425.72,7429.49,6935.7,6954.54,
7709.HK,HKEX,SK Hynix,2x,HKD,HK0001205258,CSOP SK Hynix Daily (2x) Leveraged Product,2026-04-16,38.48,38.94,37.54,38.48,35307308,1351985726.0,,HKDKRW,189.3,7284.26,7371.34,7106.32,7284.26,
7709.HK,HKEX,SK Hynix,2x,HKD,HK0001205258,CSOP SK Hynix Daily (2x) Leveraged Product,2026-04-17,37.78,37.94,36.1,37.0,33566759,1242077240.0,,HKDKRW,188.93,7137.78,7168.0,6820.37,6990.41,
7709.HK,HKEX,SK Hynix,2x,HKD,HK0001205258,CSOP SK Hynix Daily (2x) Leveraged Product,2026-04-20,38.72,39.6,38.66,39.02,39878186,1556898088.0,,HKDKRW,188.03,7280.52,7445.99,7269.24,7336.93,
7709.HK,HKEX,SK Hynix,2x,HKD,HK0001205258,CSOP SK Hynix Daily (2x) Leveraged Product,2026-04-21,42.62,43.14,41.44,42.72,48480119,2058314863.0,,HKDKRW,189.25,8065.83,8164.24,7842.52,8084.76,
7709.HK,HKEX,SK Hynix,2x,HKD,HK0001205258,CSOP SK Hynix Daily (2x) Leveraged Product,2026-04-22,41.82,43.22,40.74,43.22,35713010,1505707129.0,,HKDKRW,188.87,7898.54,8162.96,7694.56,8162.96,
7709.HK,HKEX,SK Hynix,2x,HKD,HK0001205258,CSOP SK Hynix Daily (2x) Leveraged Product,2026-04-23,43.36,44.0,39.84,42.5,76251209,3222793710.0,,HKDKRW,189.47,8215.42,8336.68,7548.48,8052.48,
7709.HK,HKEX,SK Hynix,2x,HKD,HK0001205258,CSOP SK Hynix Daily (2x) Leveraged Product,2026-04-24,42.46,43.12,40.9,42.68,33375151,1410914858.0,,HKDKRW,188.63,8009.23,8133.73,7714.97,8050.73,
7709.HK,HKEX,SK Hynix,2x,HKD,HK0001205258,CSOP SK Hynix Daily (2x) Leveraged Product,2026-04-27,46.6,49.0,46.6,47.06,45201527,2153431273.0,,HKDKRW,188.2,8770.12,9221.8,8770.12,8856.69,
7709.HK,HKEX,SK Hynix,2x,HKD,HK0001205258,CSOP SK Hynix Daily (2x) Leveraged Product,2026-04-28,49.82,50.1,47.06,47.06,32313490,1571679000.0,,HKDKRW,188.17,9374.63,9427.32,8855.28,8855.28,
7709.HK,HKEX,SK Hynix,2x,HKD,HK0001205258,CSOP SK Hynix Daily (2x) Leveraged Product,2026-04-29,48.0,48.4,46.88,47.4,33023081,1574576724.0,,HKDKRW,189.87,9113.76,9189.71,8901.11,8999.84,
7709.HK,HKEX,SK Hynix,2x,HKD,HK0001205258,CSOP SK Hynix Daily (2x) Leveraged Product,2026-04-30,48.52,48.98,46.6,47.6,27658415,1326470385.0,,HKDKRW,188.33,9137.77,9224.4,8776.18,8964.51,
7709.HK,HKEX,SK Hynix,2x,HKD,HK0001205258,CSOP SK Hynix Daily (2x) Leveraged Product,2026-05-04,52.76,59.2,52.76,58.54,58431031,3321265466.0,,HKDKRW,187.47,9890.92,11098.22,9890.92,10974.49,
7709.HK,HKEX,SK Hynix,2x,HKD,HK0001205258,CSOP SK Hynix Daily (2x) Leveraged Product,2026-05-05,58.54,60.6,58.4,60.0,20834304,1241480147.0,,HKDKRW,187.47,10974.49,11360.68,10948.25,11248.2,
7709.HK,HKEX,SK Hynix,2x,HKD,HK0001205258,CSOP SK Hynix Daily (2x) Leveraged Product,2026-05-06,69.0,72.84,69.0,71.9,70704920,5029347012.0,,HKDKRW,184.93,12760.17,13470.3,12760.17,13296.47,
7709.HK,HKEX,SK Hynix,2x,HKD,HK0001205258,CSOP SK Hynix Daily (2x) Leveraged Product,2026-05-07,69.58,77.62,68.1,76.88,54793939,4032855709.0,,HKDKRW,186.14,12951.62,14448.19,12676.13,14310.44,
7709.HK,HKEX,SK Hynix,2x,HKD,HK0001205258,CSOP SK Hynix Daily (2x) Leveraged Product,2026-05-08,76.42,79.76,72.76,78.48,69466508,5272303578.0,,HKDKRW,187.0,14290.54,14915.12,13606.12,14675.76,
7709.HK,HKEX,SK Hynix,2x,HKD,HK0001205258,CSOP SK Hynix Daily (2x) Leveraged Product,2026-05-11,90.24,103.7,90.24,97.0,95071872,9348315490.0,,HKDKRW,188.41,17002.12,19538.12,17002.12,18275.77,
7709.HK,HKEX,SK Hynix,2x,HKD,HK0001205258,CSOP SK Hynix Daily (2x) Leveraged Product,2026-05-12,99.0,99.98,87.82,91.98,91029297,8502045408.0,,HKDKRW,190.58,18867.42,19054.19,16736.74,17529.55,
7709.HK,HKEX,SK Hynix,2x,HKD,HK0001205258,CSOP SK Hynix Daily (2x) Leveraged Product,2026-05-13,95.04,106.85,95.04,105.6,75586612,7595172742.0,,HKDKRW,190.23,18079.46,20326.08,18079.46,20088.29,
7709.HK,HKEX,SK Hynix,2x,HKD,HK0001205258,CSOP SK Hynix Daily (2x) Leveraged Product,2026-05-14,106.0,106.2,101.5,105.0,40863947,4244218971.0,,HKDKRW,190.68,20212.08,20250.22,19354.02,20021.4,
7709.HK,HKEX,SK Hynix,2x,HKD,HK0001205258,CSOP SK Hynix Daily (2x) Leveraged Product,2026-05-15,103.8,104.0,83.76,90.92,113990364,10461104080.0,,HKDKRW,191.29,19855.9,19894.16,16022.45,17392.09,
7709.HK,HKEX,SK Hynix,2x,HKD,HK0001205258,CSOP SK Hynix Daily (2x) Leveraged Product,2026-05-18,86.0,95.94,86.0,90.54,64158715,5795332312.0,,HKDKRW,190.53,16385.58,18279.45,16385.58,17250.59,
7709.HK,HKEX,SK Hynix,2x,HKD,HK0001205258,CSOP SK Hynix Daily (2x) Leveraged Product,2026-05-19,83.5,85.12,78.68,81.14,82652774,6714637403.0,,HKDKRW,192.49,16072.92,16384.75,15145.11,15618.64,
7709.HK,HKEX,SK Hynix,2x,HKD,HK0001205258,CSOP SK Hynix Daily (2x) Leveraged Product,2026-05-20,79.2,82.66,76.28,81.82,84548873,6731854596.0,,HKDKRW,191.29,15150.17,15812.03,14591.6,15651.35,
7709.HK,HKEX,SK Hynix,2x,HKD,HK0001205258,CSOP SK Hynix Daily (2x) Leveraged Product,2026-05-21,93.62,98.88,92.04,93.06,97177020,9318141620.0,,HKDKRW,192.18,17991.89,19002.76,17688.25,17884.27,
7709.HK,HKEX,SK Hynix,2x,HKD,HK0001205258,CSOP SK Hynix Daily (2x) Leveraged Product,2026-05-22,96.0,98.48,95.3,97.02,43923315,4263868811.0,,HKDKRW,192.99,18527.04,19005.66,18391.95,18723.89,
7709.HK,HKEX,SK Hynix,2x,HKD,HK0001205258,CSOP SK Hynix Daily (2x) Leveraged Product,2026-05-26,110.55,112.5,107.35,108.6,65103597,7168894243.0,,HKDKRW,192.38,21267.61,21642.75,20651.99,20892.47,
7709.HK,HKEX,SK Hynix,2x,HKD,HK0001205258,CSOP SK Hynix Daily (2x) Leveraged Product,2026-05-27,124.85,141.9,124.85,132.5,95114009,12798976870.0,,HKDKRW,191.72,23936.24,27205.07,23936.24,25402.9,
7709.HK,HKEX,SK Hynix,2x,HKD,HK0001205258,CSOP SK Hynix Daily (2x) Leveraged Product,2026-05-28,134.45,137.4,121.3,133.55,70008022,9070586240.0,,HKDKRW,191.03,25683.98,26247.52,23171.94,25512.06,
7709.HK,HKEX,SK Hynix,2x,HKD,HK0001205258,CSOP SK Hynix Daily (2x) Leveraged Product,2026-05-29,142.0,142.0,135.6,137.65,51932190,7207980269.0,,HKDKRW,192.36,27315.12,27315.12,26084.02,26478.35,
7709.HK,HKEX,SK Hynix,2x,HKD,HK0001205258,CSOP SK Hynix Daily (2x) Leveraged Product,2026-06-01,141.8,148.65,141.1,144.3,52019899,7527124293.0,,HKDKRW,193.24,27401.43,28725.13,27266.16,27884.53,
7709.HK,HKEX,SK Hynix,2x,HKD,HK0001205258,CSOP SK Hynix Daily (2x) Leveraged Product,2026-06-02,136.75,142.55,129.8,139.05,85245332,11640213430.0,,HKDKRW,195.87,26785.22,27921.27,25423.93,27235.72,
7709.HK,HKEX,SK Hynix,2x,HKD,HK0001205258,CSOP SK Hynix Daily (2x) Leveraged Product,2026-06-03,144.6,147.95,142.2,146.2,31994663,4648618910.0,,HKDKRW,195.87,28322.8,28978.97,27852.71,28636.19,
7709.HK,HKEX,SK Hynix,2x,HKD,HK0001205258,CSOP SK Hynix Daily (2x) Leveraged Product,2026-06-04,131.95,136.4,130.3,132.5,62706688,8358048523.0,,HKDKRW,195.78,25833.17,26704.39,25510.13,25940.85,
7709.HK,HKEX,SK Hynix,2x,HKD,HK0001205258,CSOP SK Hynix Daily (2x) Leveraged Product,2026-06-05,112.65,123.0,104.5,106.9,129608322,14631253340.0,,HKDKRW,199.06,22424.11,24484.38,20801.77,21279.51,
7709.HK,HKEX,SK Hynix,2x,HKD,HK0001205258,CSOP SK Hynix Daily (2x) Leveraged Product,2026-06-08,95.66,106.7,85.7,98.6,203997813,19583743650.0,,HKDKRW,194.95,18648.92,20801.16,16707.22,19222.07,
7709.HK,HKEX,SK Hynix,2x,HKD,HK0001205258,CSOP SK Hynix Daily (2x) Leveraged Product,2026-06-09,99.94,119.6,99.94,113.75,114030205,12591436190.0,,HKDKRW,194.53,19441.33,23265.79,19441.33,22127.79,
7709.HK,HKEX,SK Hynix,2x,HKD,HK0001205258,CSOP SK Hynix Daily (2x) Leveraged Product,2026-06-10,110.0,110.0,93.96,98.34,121725245,12283129510.0,,HKDKRW,194.54,21399.4,21399.4,18278.98,19131.06,
7709.HK,HKEX,SK Hynix,2x,HKD,HK0001205258,CSOP SK Hynix Daily (2x) Leveraged Product,2026-06-11,106.65,107.65,96.6,106.0,85403229,8765609970.0,,HKDKRW,193.84,20673.04,20866.88,18724.94,20547.04,
7709.HK,HKEX,SK Hynix,2x,HKD,HK0001205258,CSOP SK Hynix Daily (2x) Leveraged Product,2026-06-12,121.85,122.0,98.2,106.55,130366315,14646069650.0,,HKDKRW,193.32,23556.04,23585.04,18984.02,20598.25,
7709.HK,HKEX,SK Hynix,2x,HKD,HK0001205258,CSOP SK Hynix Daily (2x) Leveraged Product,2026-06-15,122.0,123.4,117.55,121.2,66027054,7927025244.0,,HKDKRW,193.44,23599.68,23870.5,22738.87,23444.93,
7709.HK,HKEX,SK Hynix,2x,HKD,HK0001205258,CSOP SK Hynix Daily (2x) Leveraged Product,2026-06-16,123.0,130.6,123.0,128.45,57353181,7320556512.0,,HKDKRW,192.89,23725.47,25191.43,23725.47,24776.72,
7709.HK,HKEX,SK Hynix,2x,HKD,HK0001205258,CSOP SK Hynix Daily (2x) Leveraged Product,2026-06-17,130.2,145.4,129.5,144.8,64527354,8954383990.0,,HKDKRW,194.69,25348.64,28307.93,25212.36,28191.11,
7709.HK,HKEX,SK Hynix,2x,HKD,HK0001205258,CSOP SK Hynix Daily (2x) Leveraged Product,2026-06-18,152.8,169.45,152.1,161.0,80703358,12990872500.0,,HKDKRW,196.25,29987.0,33254.56,29849.62,31596.25,
7709.HK,HKEX,SK Hynix,2x,HKD,HK0001205258,CSOP SK Hynix Daily (2x) Leveraged Product,2026-06-22,185.15,191.5,180.8,187.65,75444096,14078380210.0,,HKDKRW,196.24,36333.84,37579.96,35480.19,36824.44,
7709.HK,HKEX,SK Hynix,2x,HKD,HK0001205258,CSOP SK Hynix Daily (2x) Leveraged Product,2026-06-23,179.0,179.2,134.85,143.8,169051421,26126277560.0,,HKDKRW,195.57,35007.03,35046.14,26372.61,28122.97,
7709.HK,HKEX,SK Hynix,2x,HKD,HK0001205258,CSOP SK Hynix Daily (2x) Leveraged Product,2026-06-24,149.55,157.4,130.0,154.0,158055489,22879385590.0,,HKDKRW,196.88,29443.4,30988.91,25594.4,30319.52,
7709.HK,HKEX,SK Hynix,2x,HKD,HK0001205258,CSOP SK Hynix Daily (2x) Leveraged Product,2026-06-25,167.3,193.65,165.2,182.4,108305209,19531216050.0,,HKDKRW,197.06,32968.14,38160.67,32554.31,35943.74,
7709.HK,HKEX,SK Hynix,2x,HKD,HK0001205258,CSOP SK Hynix Daily (2x) Leveraged Product,2026-06-26,169.1,169.1,144.4,157.0,153265199,23544667170.0,,HKDKRW,196.07,33155.44,33155.44,28312.51,30782.99,
7709.HK,HKEX,SK Hynix,2x,HKD,HK0001205258,CSOP SK Hynix Daily (2x) Leveraged Product,2026-06-29,141.1,154.1,136.6,146.8,94731474,13724197410.0,,HKDKRW,196.59,27738.85,30294.52,26854.19,28859.41,
7709.HK,HKEX,SK Hynix,2x,HKD,HK0001205258,CSOP SK Hynix Daily (2x) Leveraged Product,2026-06-30,142.4,159.2,142.1,149.0,65974790,9948427310.0,,HKDKRW,197.39,28108.34,31424.49,28049.12,29411.11,
7709.HK,HKEX,SK Hynix,2x,HKD,HK0001205258,CSOP SK Hynix Daily (2x) Leveraged Product,2026-07-02,126.65,128.05,103.45,109.6,175241517,20420082560.0,,HKDKRW,196.68,24909.52,25184.87,20346.55,21556.13,
7709.HK,HKEX,SK Hynix,2x,HKD,HK0001205258,CSOP SK Hynix Daily (2x) Leveraged Product,2026-07-03,102.5,122.95,102.5,116.8,193721814,22144221190.0,,HKDKRW,195.08,19995.7,23985.09,19995.7,22785.34,
7747.HK,HKEX,Samsung Electronics,2x,HKD,HK0001121349,CSOP Samsung Electronics Daily (2x) Leveraged Product,2025-05-28,8.21,8.48,8.21,8.48,199800,1656429.0,,HKDKRW,175.47,1440.61,1487.99,1440.61,1487.99,
7747.HK,HKEX,Samsung Electronics,2x,HKD,HK0001121349,CSOP Samsung Electronics Daily (2x) Leveraged Product,2025-05-29,8.5,8.515,8.35,8.515,330500,2793618.0,,HKDKRW,174.98,1487.33,1489.95,1461.08,1489.95,
7747.HK,HKEX,Samsung Electronics,2x,HKD,HK0001121349,CSOP Samsung Electronics Daily (2x) Leveraged Product,2025-05-30,8.67,8.7,8.48,8.49,140500,1205598.0,,HKDKRW,176.45,1529.82,1535.11,1496.3,1498.06,
7747.HK,HKEX,Samsung Electronics,2x,HKD,HK0001121349,CSOP Samsung Electronics Daily (2x) Leveraged Product,2025-06-02,8.66,8.7,8.6,8.695,45300,393095.0,,HKDKRW,175.78,1522.25,1529.29,1511.71,1528.41,
7747.HK,HKEX,Samsung Electronics,2x,HKD,HK0001121349,CSOP Samsung Electronics Daily (2x) Leveraged Product,2025-06-03,8.7,8.81,8.7,8.795,407400,3565916.0,,HKDKRW,175.78,1529.29,1548.62,1529.29,1545.99,
7747.HK,HKEX,Samsung Electronics,2x,HKD,HK0001121349,CSOP Samsung Electronics Daily (2x) Leveraged Product,2025-06-04,9.07,9.07,8.93,9.025,712300,6394644.0,,HKDKRW,173.81,1576.46,1576.46,1552.12,1568.64,
7747.HK,HKEX,Samsung Electronics,2x,HKD,HK0001121349,CSOP Samsung Electronics Daily (2x) Leveraged Product,2025-06-05,9.635,9.655,9.255,9.455,294700,2810405.0,,HKDKRW,173.67,1673.31,1676.78,1607.32,1642.05,
7747.HK,HKEX,Samsung Electronics,2x,HKD,HK0001121349,CSOP Samsung Electronics Daily (2x) Leveraged Product,2025-06-06,9.455,9.5,9.435,9.5,118600,1121344.0,,HKDKRW,173.67,1642.05,1649.86,1638.58,1649.86,
7747.HK,HKEX,Samsung Electronics,2x,HKD,HK0001121349,CSOP Samsung Electronics Daily (2x) Leveraged Product,2025-06-09,9.77,9.815,9.55,9.63,116100,1127265.0,,HKDKRW,172.69,1687.18,1694.95,1649.19,1663.0,
7747.HK,HKEX,Samsung Electronics,2x,HKD,HK0001121349,CSOP Samsung Electronics Daily (2x) Leveraged Product,2025-06-10,9.72,9.72,9.35,9.38,100600,950124.0,,HKDKRW,174.22,1693.42,1693.42,1628.96,1634.18,
7747.HK,HKEX,Samsung Electronics,2x,HKD,HK0001121349,CSOP Samsung Electronics Daily (2x) Leveraged Product,2025-06-11,9.52,9.665,9.51,9.595,237000,2266805.0,,HKDKRW,174.62,1662.38,1687.7,1660.64,1675.48,
7747.HK,HKEX,Samsung Electronics,2x,HKD,HK0001121349,CSOP Samsung Electronics Daily (2x) Leveraged Product,2025-06-12,9.605,9.605,9.4,9.46,163900,1552221.0,,HKDKRW,172.81,1659.84,1659.84,1624.41,1634.78,
7747.HK,HKEX,Samsung Electronics,2x,HKD,HK0001121349,CSOP Samsung Electronics Daily (2x) Leveraged Product,2025-06-13,9.155,9.185,8.98,9.06,57100,518590.0,,HKDKRW,174.35,1596.17,1601.4,1565.66,1579.61,
7747.HK,HKEX,Samsung Electronics,2x,HKD,HK0001121349,CSOP Samsung Electronics Daily (2x) Leveraged Product,2025-06-16,9.06,9.06,8.71,8.83,282300,2489507.0,,HKDKRW,173.13,1568.56,1568.56,1507.96,1528.74,
7747.HK,HKEX,Samsung Electronics,2x,HKD,HK0001121349,CSOP Samsung Electronics Daily (2x) Leveraged Product,2025-06-17,9.15,9.285,9.01,9.03,68800,630422.0,,HKDKRW,175.74,1608.02,1631.75,1583.42,1586.93,
7747.HK,HKEX,Samsung Electronics,2x,HKD,HK0001121349,CSOP Samsung Electronics Daily (2x) Leveraged Product,2025-06-18,9.365,9.55,9.36,9.56,8100,77080.0,,HKDKRW,175.11,1639.91,1672.3,1639.03,1674.05,
7747.HK,HKEX,Samsung Electronics,2x,HKD,HK0001121349,CSOP Samsung Electronics Daily (2x) Leveraged Product,2025-06-19,9.555,9.555,9.41,9.43,100000,945145.0,,HKDKRW,175.53,1677.19,1677.19,1651.74,1655.25,
7747.HK,HKEX,Samsung Electronics,2x,HKD,HK0001121349,CSOP Samsung Electronics Daily (2x) Leveraged Product,2025-06-20,9.47,9.57,9.42,9.475,50200,477110.0,,HKDKRW,175.36,1660.66,1678.2,1651.89,1661.54,
7747.HK,HKEX,Samsung Electronics,2x,HKD,HK0001121349,CSOP Samsung Electronics Daily (2x) Leveraged Product,2025-06-23,8.995,9.08,8.96,9.11,335500,3025829.0,,HKDKRW,174.85,1572.78,1587.64,1566.66,1592.88,
7747.HK,HKEX,Samsung Electronics,2x,HKD,HK0001121349,CSOP Samsung Electronics Daily (2x) Leveraged Product,2025-06-24,9.625,9.79,9.55,9.78,83200,808085.0,,HKDKRW,173.13,1666.38,1694.94,1653.39,1693.21,
7747.HK,HKEX,Samsung Electronics,2x,HKD,HK0001121349,CSOP Samsung Electronics Daily (2x) Leveraged Product,2025-06-25,9.78,10.07,9.755,10.01,58700,581860.0,,HKDKRW,173.39,1695.75,1746.04,1691.42,1735.63,
7747.HK,HKEX,Samsung Electronics,2x,HKD,HK0001121349,CSOP Samsung Electronics Daily (2x) Leveraged Product,2025-06-26,10.01,10.01,9.6,9.625,118700,1145676.0,,HKDKRW,173.07,1732.43,1732.43,1661.47,1665.8,
7747.HK,HKEX,Samsung Electronics,2x,HKD,HK0001121349,CSOP Samsung Electronics Daily (2x) Leveraged Product,2025-06-27,9.745,10.17,9.745,9.92,318100,3227015.0,,HKDKRW,173.77,1693.39,1767.24,1693.39,1723.8,
7747.HK,HKEX,Samsung Electronics,2x,HKD,HK0001121349,CSOP Samsung Electronics Daily (2x) Leveraged Product,2025-06-30,9.88,9.88,9.6,9.815,45600,445069.0,,HKDKRW,172.49,1704.2,1704.2,1655.9,1692.99,
7747.HK,HKEX,Samsung Electronics,2x,HKD,HK0001121349,CSOP Samsung Electronics Daily (2x) Leveraged Product,2025-07-02,9.815,9.91,9.69,9.925,115600,1128997.0,,HKDKRW,172.74,1695.44,1711.85,1673.85,1714.44,
7747.HK,HKEX,Samsung Electronics,2x,HKD,HK0001121349,CSOP Samsung Electronics Daily (2x) Leveraged Product,2025-07-03,10.44,11.11,10.39,10.93,265700,2840300.0,,HKDKRW,173.75,1813.95,1930.36,1805.26,1899.09,
7747.HK,HKEX,Samsung Electronics,2x,HKD,HK0001121349,CSOP Samsung Electronics Daily (2x) Leveraged Product,2025-07-04,10.98,11.0,10.7,10.72,88200,962258.0,,HKDKRW,174.08,1911.4,1914.88,1862.66,1866.14,
7747.HK,HKEX,Samsung Electronics,2x,HKD,HK0001121349,CSOP Samsung Electronics Daily (2x) Leveraged Product,2025-07-07,10.98,10.98,10.19,10.19,82100,851498.0,,HKDKRW,175.29,1924.68,1924.68,1786.21,1786.21,
7747.HK,HKEX,Samsung Electronics,2x,HKD,HK0001121349,CSOP Samsung Electronics Daily (2x) Leveraged Product,2025-07-08,10.19,10.19,9.93,10.13,175500,1769546.0,,HKDKRW,174.72,1780.4,1780.4,1734.97,1769.91,
7747.HK,HKEX,Samsung Electronics,2x,HKD,HK0001121349,CSOP Samsung Electronics Daily (2x) Leveraged Product,2025-07-09,9.755,9.81,9.75,9.76,31300,305726.0,,HKDKRW,175.14,1708.49,1718.12,1707.61,1709.37,
7747.HK,HKEX,Samsung Electronics,2x,HKD,HK0001121349,CSOP Samsung Electronics Daily (2x) Leveraged Product,2025-07-10,9.905,9.975,9.85,9.94,153200,1519161.0,,HKDKRW,174.84,1731.79,1744.03,1722.17,1737.91,
7747.HK,HKEX,Samsung Electronics,2x,HKD,HK0001121349,CSOP Samsung Electronics Daily (2x) Leveraged Product,2025-07-11,10.49,10.5,10.3,10.3,171900,1799860.0,,HKDKRW,175.7,1843.09,1844.85,1809.71,1809.71,
7747.HK,HKEX,Samsung Electronics,2x,HKD,HK0001121349,CSOP Samsung Electronics Daily (2x) Leveraged Product,2025-07-14,10.25,10.41,10.15,10.41,97400,1000303.0,,HKDKRW,176.2,1806.05,1834.24,1788.43,1834.24,
7747.HK,HKEX,Samsung Electronics,2x,HKD,HK0001121349,CSOP Samsung Electronics Daily (2x) Leveraged Product,2025-07-15,10.65,10.75,10.59,10.75,152800,1634432.0,,HKDKRW,176.77,1882.6,1900.28,1871.99,1900.28,
7747.HK,HKEX,Samsung Electronics,2x,HKD,HK0001121349,CSOP Samsung Electronics Daily (2x) Leveraged Product,2025-07-16,10.91,11.03,10.82,10.97,154900,1705078.0,,HKDKRW,176.7,1927.8,1949.0,1911.89,1938.4,
7747.HK,HKEX,Samsung Electronics,2x,HKD,HK0001121349,CSOP Samsung Electronics Daily (2x) Leveraged Product,2025-07-17,11.33,11.82,11.32,11.74,426200,4924384.0,,HKDKRW,177.29,2008.7,2095.57,2006.92,2081.38,
7747.HK,HKEX,Samsung Electronics,2x,HKD,HK0001121349,CSOP Samsung Electronics Daily (2x) Leveraged Product,2025-07-18,11.84,12.0,11.6,11.71,140600,1662967.0,,HKDKRW,177.38,2100.18,2128.56,2057.61,2077.12,
7747.HK,HKEX,Samsung Electronics,2x,HKD,HK0001121349,CSOP Samsung Electronics Daily (2x) Leveraged Product,2025-07-21,12.07,12.21,12.07,12.18,155500,1893342.0,,HKDKRW,176.22,2126.98,2151.65,2126.98,2146.36,
7747.HK,HKEX,Samsung Electronics,2x,HKD,HK0001121349,CSOP Samsung Electronics Daily (2x) Leveraged Product,2025-07-22,11.9,11.97,11.4,11.54,116300,1346630.0,,HKDKRW,176.0,2094.4,2106.72,2006.4,2031.04,
7747.HK,HKEX,Samsung Electronics,2x,HKD,HK0001121349,CSOP Samsung Electronics Daily (2x) Leveraged Product,2025-07-23,11.34,11.64,11.34,11.63,93500,1080295.0,,HKDKRW,175.36,1988.58,2041.19,1988.58,2039.44,
7747.HK,HKEX,Samsung Electronics,2x,HKD,HK0001121349,CSOP Samsung Electronics Daily (2x) Leveraged Product,2025-07-24,11.62,11.76,11.48,11.51,25800,298260.0,,HKDKRW,175.01,2033.62,2058.12,2009.11,2014.37,
7747.HK,HKEX,Samsung Electronics,2x,HKD,HK0001121349,CSOP Samsung Electronics Daily (2x) Leveraged Product,2025-07-25,11.5,11.51,11.4,11.4,73400,843761.0,,HKDKRW,176.39,2028.48,2030.25,2010.85,2010.85,
7747.HK,HKEX,Samsung Electronics,2x,HKD,HK0001121349,CSOP Samsung Electronics Daily (2x) Leveraged Product,2025-07-28,12.19,12.97,11.98,12.97,97000,1233986.0,,HKDKRW,177.07,2158.48,2296.6,2121.3,2296.6,
7747.HK,HKEX,Samsung Electronics,2x,HKD,HK0001121349,CSOP Samsung Electronics Daily (2x) Leveraged Product,2025-07-29,12.88,13.11,12.8,12.92,232500,3000611.0,,HKDKRW,176.94,2278.99,2319.68,2264.83,2286.06,
7747.HK,HKEX,Samsung Electronics,2x,HKD,HK0001121349,CSOP Samsung Electronics Daily (2x) Leveraged Product,2025-07-30,13.4,14.15,13.4,13.7,109600,1529557.0,,HKDKRW,177.47,2378.1,2511.2,2378.1,2431.34,
7747.HK,HKEX,Samsung Electronics,2x,HKD,HK0001121349,CSOP Samsung Electronics Daily (2x) Leveraged Product,2025-07-31,13.49,13.63,13.14,13.31,153500,2055035.0,,HKDKRW,177.72,2397.44,2422.32,2335.24,2365.45,
7747.HK,HKEX,Samsung Electronics,2x,HKD,HK0001121349,CSOP Samsung Electronics Daily (2x) Leveraged Product,2025-08-01,13.31,13.31,12.36,12.37,272200,3495253.0,,HKDKRW,177.21,2358.67,2358.67,2190.32,2192.09,
7747.HK,HKEX,Samsung Electronics,2x,HKD,HK0001121349,CSOP Samsung Electronics Daily (2x) Leveraged Product,2025-08-04,12.69,12.82,12.65,12.81,51400,653766.0,,HKDKRW,176.57,2240.67,2263.63,2233.61,2261.86,
7747.HK,HKEX,Samsung Electronics,2x,HKD,HK0001121349,CSOP Samsung Electronics Daily (2x) Leveraged Product,2025-08-05,12.78,12.9,12.7,12.74,54100,690942.0,,HKDKRW,176.78,2259.25,2280.46,2245.11,2252.18,
7747.HK,HKEX,Samsung Electronics,2x,HKD,HK0001121349,CSOP Samsung Electronics Daily (2x) Leveraged Product,2025-08-06,12.33,12.46,12.3,12.41,46800,579965.0,,HKDKRW,176.52,2176.49,2199.44,2171.2,2190.61,
7747.HK,HKEX,Samsung Electronics,2x,HKD,HK0001121349,CSOP Samsung Electronics Daily (2x) Leveraged Product,2025-08-07,13.02,13.03,12.81,12.96,76000,987049.0,,HKDKRW,176.44,2297.25,2299.01,2260.2,2286.66,
7747.HK,HKEX,Samsung Electronics,2x,HKD,HK0001121349,CSOP Samsung Electronics Daily (2x) Leveraged Product,2025-08-08,13.49,13.65,13.2,13.31,64900,875135.0,,HKDKRW,177.27,2391.37,2419.74,2339.96,2359.46,
7747.HK,HKEX,Samsung Electronics,2x,HKD,HK0001121349,CSOP Samsung Electronics Daily (2x) Leveraged Product,2025-08-11,13.25,13.26,13.03,13.19,49600,654832.0,,HKDKRW,177.4,2350.55,2352.32,2311.52,2339.91,
7747.HK,HKEX,Samsung Electronics,2x,HKD,HK0001121349,CSOP Samsung Electronics Daily (2x) Leveraged Product,2025-08-12,13.53,13.57,13.1,13.1,120600,1607134.0,,HKDKRW,176.52,2388.32,2395.38,2312.41,2312.41,
7747.HK,HKEX,Samsung Electronics,2x,HKD,HK0001121349,CSOP Samsung Electronics Daily (2x) Leveraged Product,2025-08-13,13.4,13.48,13.31,13.43,35800,478633.0,,HKDKRW,175.82,2355.99,2370.05,2340.16,2361.26,
7747.HK,HKEX,Samsung Electronics,2x,HKD,HK0001121349,CSOP Samsung Electronics Daily (2x) Leveraged Product,2025-08-14,13.43,13.43,13.15,13.15,28900,381393.0,,HKDKRW,177.61,2385.3,2385.3,2335.57,2335.57,
7747.HK,HKEX,Samsung Electronics,2x,HKD,HK0001121349,CSOP Samsung Electronics Daily (2x) Leveraged Product,2025-08-15,13.13,13.15,13.01,13.11,59200,773867.0,,HKDKRW,177.61,2332.02,2335.57,2310.71,2328.47,
7747.HK,HKEX,Samsung Electronics,2x,HKD,HK0001121349,CSOP Samsung Electronics Daily (2x) Leveraged Product,2025-08-18,12.68,12.76,12.62,12.62,26600,337497.0,,HKDKRW,177.6,2251.97,2266.18,2241.31,2241.31,
7747.HK,HKEX,Samsung Electronics,2x,HKD,HK0001121349,CSOP Samsung Electronics Daily (2x) Leveraged Product,2025-08-19,12.72,12.72,12.49,12.56,17700,223851.0,,HKDKRW,178.64,2272.3,2272.3,2231.21,2243.72,
7747.HK,HKEX,Samsung Electronics,2x,HKD,HK0001121349,CSOP Samsung Electronics Daily (2x) Leveraged Product,2025-08-20,12.63,12.7,12.49,12.69,22100,278150.0,,HKDKRW,178.89,2259.38,2271.9,2234.34,2270.11,
7747.HK,HKEX,Samsung Electronics,2x,HKD,HK0001121349,CSOP Samsung Electronics Daily (2x) Leveraged Product,2025-08-21,13.21,13.21,12.86,12.85,15000,195541.0,,HKDKRW,179.36,2369.35,2369.35,2306.57,2304.78,
7747.HK,HKEX,Samsung Electronics,2x,HKD,HK0001121349,CSOP Samsung Electronics Daily (2x) Leveraged Product,2025-08-22,13.11,13.11,12.98,13.07,7200,93647.0,,HKDKRW,177.35,2325.06,2325.06,2302.0,2317.96,
7747.HK,HKEX,Samsung Electronics,2x,HKD,HK0001121349,CSOP Samsung Electronics Daily (2x) Leveraged Product,2025-08-25,12.94,13.15,12.94,13.12,47200,616622.0,,HKDKRW,178.13,2305.0,2342.41,2305.0,2337.07,
7747.HK,HKEX,Samsung Electronics,2x,HKD,HK0001121349,CSOP Samsung Electronics Daily (2x) Leveraged Product,2025-08-26,12.7,12.92,12.6,12.61,29900,380637.0,,HKDKRW,179.0,2273.3,2312.68,2255.4,2257.19,
7747.HK,HKEX,Samsung Electronics,2x,HKD,HK0001121349,CSOP Samsung Electronics Daily (2x) Leveraged Product,2025-08-27,12.66,12.91,12.66,12.7,43800,563554.0,,HKDKRW,179.01,2266.27,2311.02,2266.27,2273.43,
7747.HK,HKEX,Samsung Electronics,2x,HKD,HK0001121349,CSOP Samsung Electronics Daily (2x) Leveraged Product,2025-08-28,12.64,12.65,12.46,12.56,10600,132748.0,,HKDKRW,177.73,2246.51,2248.28,2214.52,2232.29,
7747.HK,HKEX,Samsung Electronics,2x,HKD,HK0001121349,CSOP Samsung Electronics Daily (2x) Leveraged Product,2025-08-29,12.55,12.63,12.49,12.54,24800,310561.0,,HKDKRW,178.52,2240.43,2254.71,2229.71,2238.64,
7747.HK,HKEX,Samsung Electronics,2x,HKD,HK0001121349,CSOP Samsung Electronics Daily (2x) Leveraged Product,2025-09-01,12.07,12.07,11.62,11.63,32200,377977.0,,HKDKRW,178.73,2157.27,2157.27,2076.84,2078.63,
7747.HK,HKEX,Samsung Electronics,2x,HKD,HK0001121349,CSOP Samsung Electronics Daily (2x) Leveraged Product,2025-09-02,12.13,12.22,12.13,12.1,16100,196334.0,,HKDKRW,178.85,2169.45,2185.55,2169.45,2164.08,
7747.HK,HKEX,Samsung Electronics,2x,HKD,HK0001121349,CSOP Samsung Electronics Daily (2x) Leveraged Product,2025-09-03,12.1,12.38,12.1,12.31,7600,93343.0,,HKDKRW,178.32,2157.67,2207.6,2157.67,2195.12,
7747.HK,HKEX,Samsung Electronics,2x,HKD,HK0001121349,CSOP Samsung Electronics Daily (2x) Leveraged Product,2025-09-04,12.45,12.61,12.37,12.38,8900,110242.0,,HKDKRW,178.71,2224.94,2253.53,2210.64,2212.43,
7747.HK,HKEX,Samsung Electronics,2x,HKD,HK0001121349,CSOP Samsung Electronics Daily (2x) Leveraged Product,2025-09-05,12.4,12.42,12.38,12.38,3300,40875.0,,HKDKRW,178.38,2211.91,2215.48,2208.34,2208.34,
7747.HK,HKEX,Samsung Electronics,2x,HKD,HK0001121349,CSOP Samsung Electronics Daily (2x) Leveraged Product,2025-09-08,12.7,12.7,12.42,12.53,26300,329318.0,,HKDKRW,177.91,2259.46,2259.46,2209.64,2229.21,
7747.HK,HKEX,Samsung Electronics,2x,HKD,HK0001121349,CSOP Samsung Electronics Daily (2x) Leveraged Product,2025-09-09,12.6,12.95,12.6,12.95,42700,546365.0,,HKDKRW,178.46,2248.6,2311.06,2248.6,2311.06,
7747.HK,HKEX,Samsung Electronics,2x,HKD,HK0001121349,CSOP Samsung Electronics Daily (2x) Leveraged Product,2025-09-10,13.37,13.62,13.36,13.46,182200,2444767.0,,HKDKRW,178.42,2385.48,2430.08,2383.69,2401.53,
7747.HK,HKEX,Samsung Electronics,2x,HKD,HK0001121349,CSOP Samsung Electronics Daily (2x) Leveraged Product,2025-09-11,13.5,13.58,13.18,13.58,175100,2356423.0,,HKDKRW,178.51,2409.88,2424.17,2352.76,2424.17,
7747.HK,HKEX,Samsung Electronics,2x,HKD,HK0001121349,CSOP Samsung Electronics Daily (2x) Leveraged Product,2025-09-12,14.2,14.51,14.2,14.46,155400,2236437.0,,HKDKRW,179.17,2544.21,2599.76,2544.21,2590.8,
7747.HK,HKEX,Samsung Electronics,2x,HKD,HK0001121349,CSOP Samsung Electronics Daily (2x) Leveraged Product,2025-09-15,15.0,15.0,14.62,14.63,197500,2915389.0,,HKDKRW,178.22,2673.3,2673.3,2605.58,2607.36,
7747.HK,HKEX,Samsung Electronics,2x,HKD,HK0001121349,CSOP Samsung Electronics Daily (2x) Leveraged Product,2025-09-16,15.27,15.95,15.25,15.8,162000,2537862.0,,HKDKRW,177.35,2708.13,2828.73,2704.59,2802.13,
7747.HK,HKEX,Samsung Electronics,2x,HKD,HK0001121349,CSOP Samsung Electronics Daily (2x) Leveraged Product,2025-09-17,15.22,15.55,15.01,15.33,60200,919737.0,,HKDKRW,177.56,2702.46,2761.06,2665.18,2721.99,
7747.HK,HKEX,Samsung Electronics,2x,HKD,HK0001121349,CSOP Samsung Electronics Daily (2x) Leveraged Product,2025-09-18,16.1,16.35,15.98,16.21,44600,719459.0,,HKDKRW,178.52,2874.17,2918.8,2852.75,2893.81,
7747.HK,HKEX,Samsung Electronics,2x,HKD,HK0001121349,CSOP Samsung Electronics Daily (2x) Leveraged Product,2025-09-19,16.21,16.21,16.0,16.0,21200,340517.0,,HKDKRW,179.94,2916.83,2916.83,2879.04,2879.04,
7747.HK,HKEX,Samsung Electronics,2x,HKD,HK0001121349,CSOP Samsung Electronics Daily (2x) Leveraged Product,2025-09-22,17.51,17.74,17.29,17.37,241900,4216760.0,,HKDKRW,179.15,3136.92,3178.12,3097.5,3111.84,
7747.HK,HKEX,Samsung Electronics,2x,HKD,HK0001121349,CSOP Samsung Electronics Daily (2x) Leveraged Product,2025-09-23,17.57,18.02,17.57,18.02,82100,1464097.0,,HKDKRW,179.47,3153.29,3234.05,3153.29,3234.05,
7747.HK,HKEX,Samsung Electronics,2x,HKD,HK0001121349,CSOP Samsung Electronics Daily (2x) Leveraged Product,2025-09-24,18.03,18.28,17.47,18.22,166000,2955204.0,,HKDKRW,180.62,3256.58,3301.73,3155.43,3290.9,
7747.HK,HKEX,Samsung Electronics,2x,HKD,HK0001121349,CSOP Samsung Electronics Daily (2x) Leveraged Product,2025-09-25,18.49,18.49,18.22,18.51,13500,247818.0,,HKDKRW,181.02,3347.06,3347.06,3298.18,3350.68,
7747.HK,HKEX,Samsung Electronics,2x,HKD,HK0001121349,CSOP Samsung Electronics Daily (2x) Leveraged Product,2025-09-26,18.5,18.5,16.9,17.26,190800,3287337.0,,HKDKRW,181.31,3354.24,3354.24,3064.14,3129.41,
7747.HK,HKEX,Samsung Electronics,2x,HKD,HK0001121349,CSOP Samsung Electronics Daily (2x) Leveraged Product,2025-09-29,18.09,18.1,17.9,17.93,43000,774484.0,,HKDKRW,179.92,3254.75,3256.55,3220.57,3225.97,
7747.HK,HKEX,Samsung Electronics,2x,HKD,HK0001121349,CSOP Samsung Electronics Daily (2x) Leveraged Product,2025-09-30,17.93,18.01,17.3,17.34,77500,1364631.0,,HKDKRW,180.66,3239.23,3253.69,3125.42,3132.64,
7747.HK,HKEX,Samsung Electronics,2x,HKD,HK0001121349,CSOP Samsung Electronics Daily (2x) Leveraged Product,2025-10-02,18.95,20.24,18.95,20.1,194800,3917541.0,,HKDKRW,183.09,3469.56,3705.74,3469.56,3680.11,
7747.HK,HKEX,Samsung Electronics,2x,HKD,HK0001121349,CSOP Samsung Electronics Daily (2x) Leveraged Product,2025-10-03,20.1,23.0,20.1,20.28,92800,1927394.0,,HKDKRW,183.09,3680.11,4211.07,3680.11,3713.07,
7747.HK,HKEX,Samsung Electronics,2x,HKD,HK0001121349,CSOP Samsung Electronics Daily (2x) Leveraged Product,2025-10-06,20.58,20.8,20.46,20.5,194500,4000128.0,,HKDKRW,183.09,3767.99,3808.27,3746.02,3753.34,
7747.HK,HKEX,Samsung Electronics,2x,HKD,HK0001121349,CSOP Samsung Electronics Daily (2x) Leveraged Product,2025-10-08,20.5,21.14,20.3,20.56,85000,1755982.0,,HKDKRW,183.09,3753.34,3870.52,3716.73,3764.33,
7747.HK,HKEX,Samsung Electronics,2x,HKD,HK0001121349,CSOP Samsung Electronics Daily (2x) Leveraged Product,2025-10-09,21.0,22.2,20.68,22.12,573300,12124156.0,,HKDKRW,183.09,3844.89,4064.6,3786.3,4049.95,
7747.HK,HKEX,Samsung Electronics,2x,HKD,HK0001121349,CSOP Samsung Electronics Daily (2x) Leveraged Product,2025-10-10,22.52,23.5,21.46,22.1,713500,15615878.0,,HKDKRW,184.52,4155.39,4336.22,3959.8,4077.89,
7747.HK,HKEX,Samsung Electronics,2x,HKD,HK0001121349,CSOP Samsung Electronics Daily (2x) Leveraged Product,2025-10-13,20.14,21.98,20.14,21.58,201500,4246966.0,,HKDKRW,183.43,3694.28,4031.79,3694.28,3958.42,
7747.HK,HKEX,Samsung Electronics,2x,HKD,HK0001121349,CSOP Samsung Electronics Daily (2x) Leveraged Product,2025-10-14,21.96,21.96,20.2,20.7,321600,6843374.0,,HKDKRW,184.01,4040.86,4040.86,3717.0,3809.01,
7747.HK,HKEX,Samsung Electronics,2x,HKD,HK0001121349,CSOP Samsung Electronics Daily (2x) Leveraged Product,2025-10-15,20.7,22.48,20.7,22.42,213200,4723230.0,,HKDKRW,182.96,3787.27,4112.94,3787.27,4101.96,
7747.HK,HKEX,Samsung Electronics,2x,HKD,HK0001121349,CSOP Samsung Electronics Daily (2x) Leveraged Product,2025-10-16,22.34,23.66,22.34,23.2,234800,5502424.0,,HKDKRW,182.54,4077.94,4318.9,4077.94,4234.93,
7747.HK,HKEX,Samsung Electronics,2x,HKD,HK0001121349,CSOP Samsung Electronics Daily (2x) Leveraged Product,2025-10-17,23.2,24.76,22.88,23.2,595100,13975536.0,,HKDKRW,183.31,4252.79,4538.76,4194.13,4252.79,
7747.HK,HKEX,Samsung Electronics,2x,HKD,HK0001121349,CSOP Samsung Electronics Daily (2x) Leveraged Product,2025-10-20,23.52,24.0,22.94,23.7,162000,3790576.0,,HKDKRW,183.06,4305.57,4393.44,4199.4,4338.52,
7747.HK,HKEX,Samsung Electronics,2x,HKD,HK0001121349,CSOP Samsung Electronics Daily (2x) Leveraged Product,2025-10-21,24.5,24.5,23.24,23.24,270800,6491990.0,,HKDKRW,184.25,4514.12,4514.12,4281.97,4281.97,
7747.HK,HKEX,Samsung Electronics,2x,HKD,HK0001121349,CSOP Samsung Electronics Daily (2x) Leveraged Product,2025-10-22,23.24,23.92,22.82,23.92,78100,1816200.0,,HKDKRW,184.37,4284.76,4410.13,4207.32,4410.13,
7747.HK,HKEX,Samsung Electronics,2x,HKD,HK0001121349,CSOP Samsung Electronics Daily (2x) Leveraged Product,2025-10-23,23.92,23.92,22.72,22.94,219900,5131526.0,,HKDKRW,184.96,4424.24,4424.24,4202.29,4242.98,
7747.HK,HKEX,Samsung Electronics,2x,HKD,HK0001121349,CSOP Samsung Electronics Daily (2x) Leveraged Product,2025-10-24,23.7,24.22,23.5,24.12,373500,8959178.0,,HKDKRW,185.3,4391.61,4487.97,4354.55,4469.44,
7747.HK,HKEX,Samsung Electronics,2x,HKD,HK0001121349,CSOP Samsung Electronics Daily (2x) Leveraged Product,2025-10-27,25.24,25.74,25.04,25.6,658400,16848842.0,,HKDKRW,184.54,4657.79,4750.06,4620.88,4724.22,
7747.HK,HKEX,Samsung Electronics,2x,HKD,HK0001121349,CSOP Samsung Electronics Daily (2x) Leveraged Product,2025-10-28,25.6,25.6,24.02,24.46,468100,11380384.0,,HKDKRW,184.63,4726.53,4726.53,4434.81,4516.05,
7747.HK,HKEX,Samsung Electronics,2x,HKD,HK0001121349,CSOP Samsung Electronics Daily (2x) Leveraged Product,2025-10-30,26.76,27.22,26.0,26.56,1029400,27320972.0,,HKDKRW,184.12,4927.05,5011.75,4787.12,4890.23,
7747.HK,HKEX,Samsung Electronics,2x,HKD,HK0001121349,CSOP Samsung Electronics Daily (2x) Leveraged Product,2025-10-31,26.66,28.9,26.62,28.2,718100,20038988.0,,HKDKRW,184.17,4909.97,5322.51,4902.61,5193.59,
7747.HK,HKEX,Samsung Electronics,2x,HKD,HK0001121349,CSOP Samsung Electronics Daily (2x) Leveraged Product,2025-11-03,29.58,30.56,29.04,30.34,1633000,48961084.0,,HKDKRW,184.1,5445.68,5626.1,5346.26,5585.59,
7747.HK,HKEX,Samsung Electronics,2x,HKD,HK0001121349,CSOP Samsung Electronics Daily (2x) Leveraged Product,2025-11-04,30.32,30.32,26.54,26.82,1396700,39040353.0,,HKDKRW,185.74,5631.64,5631.64,4929.54,4981.55,
7747.HK,HKEX,Samsung Electronics,2x,HKD,HK0001121349,CSOP Samsung Electronics Daily (2x) Leveraged Product,2025-11-05,24.2,25.5,22.48,24.66,1273900,30428039.0,,HKDKRW,185.34,4485.23,4726.17,4166.44,4570.48,
7747.HK,HKEX,Samsung Electronics,2x,HKD,HK0001121349,CSOP Samsung Electronics Daily (2x) Leveraged Product,2025-11-06,24.66,24.72,23.78,23.88,1419800,34518816.0,,HKDKRW,186.37,4595.88,4607.07,4431.88,4450.52,
7747.HK,HKEX,Samsung Electronics,2x,HKD,HK0001121349,CSOP Samsung Electronics Daily (2x) Leveraged Product,2025-11-07,23.88,23.88,22.5,23.3,964300,22287040.0,,HKDKRW,187.73,4482.99,4482.99,4223.92,4374.11,
7747.HK,HKEX,Samsung Electronics,2x,HKD,HK0001121349,CSOP Samsung Electronics Daily (2x) Leveraged Product,2025-11-10,25.5,25.5,23.8,25.1,1719600,42079366.0,,HKDKRW,187.41,4778.96,4778.96,4460.36,4703.99,
7747.HK,HKEX,Samsung Electronics,2x,HKD,HK0001121349,CSOP Samsung Electronics Daily (2x) Leveraged Product,2025-11-11,28.0,28.1,25.2,26.44,2600600,69353476.0,,HKDKRW,188.08,5266.24,5285.05,4739.62,4972.84,
7747.HK,HKEX,Samsung Electronics,2x,HKD,HK0001121349,CSOP Samsung Electronics Daily (2x) Leveraged Product,2025-11-12,26.66,26.66,25.4,25.96,1363403,35299521.0,,HKDKRW,189.09,5041.14,5041.14,4802.89,4908.78,
7747.HK,HKEX,Samsung Electronics,2x,HKD,HK0001121349,CSOP Samsung Electronics Daily (2x) Leveraged Product,2025-11-13,25.96,26.36,25.08,25.14,1444400,36716450.0,,HKDKRW,189.28,4913.71,4989.42,4747.14,4758.5,
7747.HK,HKEX,Samsung Electronics,2x,HKD,HK0001121349,CSOP Samsung Electronics Daily (2x) Leveraged Product,2025-11-14,23.54,23.8,22.28,22.48,1302700,29957516.0,,HKDKRW,187.25,4407.86,4456.55,4171.93,4209.38,
7747.HK,HKEX,Samsung Electronics,2x,HKD,HK0001121349,CSOP Samsung Electronics Daily (2x) Leveraged Product,2025-11-17,24.0,24.4,23.9,24.4,364100,8782562.0,,HKDKRW,188.11,4514.64,4589.88,4495.83,4589.88,
7747.HK,HKEX,Samsung Electronics,2x,HKD,HK0001121349,CSOP Samsung Electronics Daily (2x) Leveraged Product,2025-11-18,23.84,23.84,22.56,22.78,601800,13947874.0,,HKDKRW,187.67,4474.05,4474.05,4233.84,4275.12,
7747.HK,HKEX,Samsung Electronics,2x,HKD,HK0001121349,CSOP Samsung Electronics Daily (2x) Leveraged Product,2025-11-19,22.78,23.7,21.0,22.4,401500,8928080.0,,HKDKRW,188.62,4296.76,4470.29,3961.02,4225.09,
7747.HK,HKEX,Samsung Electronics,2x,HKD,HK0001121349,CSOP Samsung Electronics Daily (2x) Leveraged Product,2025-11-20,23.7,25.04,23.7,23.98,794800,19344030.0,,HKDKRW,189.49,4490.91,4744.83,4490.91,4543.97,
7747.HK,HKEX,Samsung Electronics,2x,HKD,HK0001121349,CSOP Samsung Electronics Daily (2x) Leveraged Product,2025-11-21,20.66,21.76,20.66,21.08,1028200,21853147.0,,HKDKRW,189.11,3907.01,4115.03,3907.01,3986.44,
7747.HK,HKEX,Samsung Electronics,2x,HKD,HK0001121349,CSOP Samsung Electronics Daily (2x) Leveraged Product,2025-11-24,23.0,23.22,21.86,22.28,403000,9129536.0,,HKDKRW,189.57,4360.11,4401.82,4144.0,4223.62,
7747.HK,HKEX,Samsung Electronics,2x,HKD,HK0001121349,CSOP Samsung Electronics Daily (2x) Leveraged Product,2025-11-25,23.5,23.5,22.58,23.2,613000,14185854.0,,HKDKRW,188.57,4431.39,4431.39,4257.91,4374.82,
7747.HK,HKEX,Samsung Electronics,2x,HKD,HK0001121349,CSOP Samsung Electronics Daily (2x) Leveraged Product,2025-11-26,23.5,25.0,23.5,24.96,625100,15300018.0,,HKDKRW,189.05,4442.68,4726.25,4442.68,4718.69,
7747.HK,HKEX,Samsung Electronics,2x,HKD,HK0001121349,CSOP Samsung Electronics Daily (2x) Leveraged Product,2025-11-27,25.58,26.28,25.04,25.48,649600,16492858.0,,HKDKRW,188.08,4811.09,4942.74,4709.52,4792.28,
7747.HK,HKEX,Samsung Electronics,2x,HKD,HK0001121349,CSOP Samsung Electronics Daily (2x) Leveraged Product,2025-11-28,25.48,25.48,23.94,24.8,460800,11239014.0,,HKDKRW,188.87,4812.41,4812.41,4521.55,4683.98,
7747.HK,HKEX,Samsung Electronics,2x,HKD,HK0001121349,CSOP Samsung Electronics Daily (2x) Leveraged Product,2025-12-01,24.7,24.7,23.54,23.72,400200,9565206.0,,HKDKRW,188.86,4664.84,4664.84,4445.76,4479.76,
7747.HK,HKEX,Samsung Electronics,2x,HKD,HK0001121349,CSOP Samsung Electronics Daily (2x) Leveraged Product,2025-12-02,24.8,25.2,24.6,25.06,272300,6800074.0,,HKDKRW,188.77,4681.5,4757.0,4643.74,4730.58,
7747.HK,HKEX,Samsung Electronics,2x,HKD,HK0001121349,CSOP Samsung Electronics Daily (2x) Leveraged Product,2025-12-03,25.5,26.38,25.5,25.92,565400,14607120.0,,HKDKRW,188.47,4805.98,4971.84,4805.98,4885.14,
7747.HK,HKEX,Samsung Electronics,2x,HKD,HK0001121349,CSOP Samsung Electronics Daily (2x) Leveraged Product,2025-12-04,25.92,26.04,25.06,25.96,268100,6858582.0,,HKDKRW,189.54,4912.88,4935.62,4749.87,4920.46,
7747.HK,HKEX,Samsung Electronics,2x,HKD,HK0001121349,CSOP Samsung Electronics Daily (2x) Leveraged Product,2025-12-05,26.64,27.5,26.64,27.24,574000,15497142.0,,HKDKRW,189.47,5047.48,5210.42,5047.48,5161.16,
7747.HK,HKEX,Samsung Electronics,2x,HKD,HK0001121349,CSOP Samsung Electronics Daily (2x) Leveraged Product,2025-12-08,27.8,28.6,27.52,28.14,740900,20817302.0,,HKDKRW,188.86,5250.31,5401.4,5197.43,5314.52,
7747.HK,HKEX,Samsung Electronics,2x,HKD,HK0001121349,CSOP Samsung Electronics Daily (2x) Leveraged Product,2025-12-09,28.14,28.14,27.04,27.48,420500,11523210.0,,HKDKRW,189.0,5318.46,5318.46,5110.56,5193.72,
7747.HK,HKEX,Samsung Electronics,2x,HKD,HK0001121349,CSOP Samsung Electronics Daily (2x) Leveraged Product,2025-12-10,27.4,27.86,26.22,27.7,794700,21539538.0,,HKDKRW,188.49,5164.63,5251.33,4942.21,5221.17,
7747.HK,HKEX,Samsung Electronics,2x,HKD,HK0001121349,CSOP Samsung Electronics Daily (2x) Leveraged Product,2025-12-11,28.0,28.2,26.8,27.0,419800,11397420.0,,HKDKRW,189.22,5298.16,5336.0,5071.1,5108.94,
7747.HK,HKEX,Samsung Electronics,2x,HKD,HK0001121349,CSOP Samsung Electronics Daily (2x) Leveraged Product,2025-12-12,27.5,27.68,26.86,27.62,244300,6674046.0,,HKDKRW,189.81,5219.77,5253.94,5098.3,5242.55,
7747.HK,HKEX,Samsung Electronics,2x,HKD,HK0001121349,CSOP Samsung Electronics Daily (2x) Leveraged Product,2025-12-15,27.0,27.0,25.52,25.68,236040,6099976.0,,HKDKRW,189.0,5103.0,5103.0,4823.28,4853.52,
7747.HK,HKEX,Samsung Electronics,2x,HKD,HK0001121349,CSOP Samsung Electronics Daily (2x) Leveraged Product,2025-12-16,25.68,25.68,24.4,24.5,271900,6731844.0,,HKDKRW,189.51,4866.62,4866.62,4624.04,4643.0,
7747.HK,HKEX,Samsung Electronics,2x,HKD,HK0001121349,CSOP Samsung Electronics Daily (2x) Leveraged Product,2025-12-17,24.5,26.96,24.5,26.8,339000,8884978.0,,HKDKRW,190.03,4655.73,5123.21,4655.73,5092.8,
7747.HK,HKEX,Samsung Electronics,2x,HKD,HK0001121349,CSOP Samsung Electronics Daily (2x) Leveraged Product,2025-12-18,26.3,27.08,25.76,27.06,486700,12904618.0,,HKDKRW,189.77,4990.95,5138.97,4888.48,5135.18,
7747.HK,HKEX,Samsung Electronics,2x,HKD,HK0001121349,CSOP Samsung Electronics Daily (2x) Leveraged Product,2025-12-19,27.04,27.18,26.24,26.62,1082100,28837538.0,,HKDKRW,190.29,5145.44,5172.08,4993.21,5065.52,
7747.HK,HKEX,Samsung Electronics,2x,HKD,HK0001121349,CSOP Samsung Electronics Daily (2x) Leveraged Product,2025-12-22,27.7,28.4,27.7,28.4,453900,12767532.0,,HKDKRW,190.33,5272.14,5405.37,5272.14,5405.37,
7747.HK,HKEX,Samsung Electronics,2x,HKD,HK0001121349,CSOP Samsung Electronics Daily (2x) Leveraged Product,2025-12-23,28.8,29.24,28.58,28.8,355400,10285210.0,,HKDKRW,190.54,5487.55,5571.39,5445.63,5487.55,
7747.HK,HKEX,Samsung Electronics,2x,HKD,HK0001121349,CSOP Samsung Electronics Daily (2x) Leveraged Product,2025-12-24,28.98,28.98,28.7,28.72,115500,3321102.0,,HKDKRW,186.49,5404.48,5404.48,5352.26,5355.99,
7747.HK,HKEX,Samsung Electronics,2x,HKD,HK0001121349,CSOP Samsung Electronics Daily (2x) Leveraged Product,2025-12-29,32.94,33.2,32.28,32.98,897103,29398843.0,,HKDKRW,184.53,6078.42,6126.4,5956.63,6085.8,
7747.HK,HKEX,Samsung Electronics,2x,HKD,HK0001121349,CSOP Samsung Electronics Daily (2x) Leveraged Product,2025-12-30,34.0,34.06,33.16,33.44,482300,16253558.0,,HKDKRW,185.23,6297.82,6308.93,6142.23,6194.09,
7747.HK,HKEX,Samsung Electronics,2x,HKD,HK0001121349,CSOP Samsung Electronics Daily (2x) Leveraged Product,2025-12-31,33.44,33.58,33.18,33.5,183100,6114190.0,,HKDKRW,185.93,6217.5,6243.53,6169.16,6228.66,
7747.HK,HKEX,Samsung Electronics,2x,HKD,HK0001121349,CSOP Samsung Electronics Daily (2x) Leveraged Product,2026-01-02,35.0,38.14,35.0,38.12,1329400,48102132.0,,HKDKRW,185.67,6498.45,7081.45,6498.45,7077.74,
7747.HK,HKEX,Samsung Electronics,2x,HKD,HK0001121349,CSOP Samsung Electronics Daily (2x) Leveraged Product,2026-01-05,41.18,44.24,41.18,44.24,1621400,69414734.0,,HKDKRW,185.84,7652.89,8221.56,7652.89,8221.56,
7747.HK,HKEX,Samsung Electronics,2x,HKD,HK0001121349,CSOP Samsung Electronics Daily (2x) Leveraged Product,2026-01-06,41.22,44.7,41.18,44.58,3290080,142904486.0,,HKDKRW,186.05,7668.98,8316.44,7661.54,8294.11,
7747.HK,HKEX,Samsung Electronics,2x,HKD,HK0001121349,CSOP Samsung Electronics Daily (2x) Leveraged Product,2026-01-07,46.36,46.78,43.74,45.22,3697640,169014495.0,,HKDKRW,186.27,8635.48,8713.71,8147.45,8423.13,
7747.HK,HKEX,Samsung Electronics,2x,HKD,HK0001121349,CSOP Samsung Electronics Daily (2x) Leveraged Product,2026-01-08,46.0,47.18,43.96,44.46,2546600,116069471.0,,HKDKRW,186.47,8577.62,8797.65,8197.22,8290.46,
7747.HK,HKEX,Samsung Electronics,2x,HKD,HK0001121349,CSOP Samsung Electronics Daily (2x) Leveraged Product,2026-01-09,42.3,45.16,42.26,44.4,1577300,69109274.0,,HKDKRW,187.3,7922.79,8458.47,7915.3,8316.12,
7747.HK,HKEX,Samsung Electronics,2x,HKD,HK0001121349,CSOP Samsung Electronics Daily (2x) Leveraged Product,2026-01-12,45.08,45.38,42.62,43.98,1900600,84714736.0,,HKDKRW,188.3,8488.56,8545.05,8025.35,8281.43,
7747.HK,HKEX,Samsung Electronics,2x,HKD,HK0001121349,CSOP Samsung Electronics Daily (2x) Leveraged Product,2026-01-13,44.02,44.02,42.56,43.2,1088400,46935010.0,,HKDKRW,189.53,8343.11,8343.11,8066.4,8187.7,
7747.HK,HKEX,Samsung Electronics,2x,HKD,HK0001121349,CSOP Samsung Electronics Daily (2x) Leveraged Product,2026-01-14,43.92,44.78,43.5,44.62,726200,32090968.0,,HKDKRW,188.08,8260.47,8422.22,8181.48,8392.13,
7747.HK,HKEX,Samsung Electronics,2x,HKD,HK0001121349,CSOP Samsung Electronics Daily (2x) Leveraged Product,2026-01-15,45.0,47.56,44.3,47.36,2309600,106465454.0,,HKDKRW,188.57,8485.65,8968.39,8353.65,8930.68,
7747.HK,HKEX,Samsung Electronics,2x,HKD,HK0001121349,CSOP Samsung Electronics Daily (2x) Leveraged Product,2026-01-16,50.04,51.28,49.46,51.26,1750000,88387518.0,,HKDKRW,189.24,9469.57,9704.23,9359.81,9700.44,
7747.HK,HKEX,Samsung Electronics,2x,HKD,HK0001121349,CSOP Samsung Electronics Daily (2x) Leveraged Product,2026-01-19,50.9,51.42,49.8,50.54,3769300,190132508.0,,HKDKRW,189.12,9626.21,9724.55,9418.18,9558.12,
7747.HK,HKEX,Samsung Electronics,2x,HKD,HK0001121349,CSOP Samsung Electronics Daily (2x) Leveraged Product,2026-01-20,48.0,49.58,47.2,47.2,2673000,128630920.0,,HKDKRW,189.73,9107.04,9406.81,8955.26,8955.26,
7747.HK,HKEX,Samsung Electronics,2x,HKD,HK0001121349,CSOP Samsung Electronics Daily (2x) Leveraged Product,2026-01-21,50.42,50.76,48.34,50.7,2455300,122377818.0,,HKDKRW,188.23,9490.56,9554.55,9099.04,9543.26,
7747.HK,HKEX,Samsung Electronics,2x,HKD,HK0001121349,CSOP Samsung Electronics Daily (2x) Leveraged Product,2026-01-22,53.9,54.92,51.42,53.18,4097100,221212217.0,,HKDKRW,187.91,10128.35,10320.02,9662.33,9993.05,
7747.HK,HKEX,Samsung Electronics,2x,HKD,HK0001121349,CSOP Samsung Electronics Daily (2x) Leveraged Product,2026-01-23,54.08,54.6,50.7,52.8,3321400,174864354.0,,HKDKRW,186.66,10094.57,10191.64,9463.66,9855.65,
7747.HK,HKEX,Samsung Electronics,2x,HKD,HK0001121349,CSOP Samsung Electronics Daily (2x) Leveraged Product,2026-01-26,52.88,53.16,51.8,52.66,3476300,182086332.0,,HKDKRW,185.7,9819.82,9871.81,9619.26,9778.96,
7747.HK,HKEX,Samsung Electronics,2x,HKD,HK0001121349,CSOP Samsung Electronics Daily (2x) Leveraged Product,2026-01-27,53.24,58.06,53.14,57.62,4574100,253793276.0,,HKDKRW,184.06,9799.35,10686.52,9780.95,10605.54,
7747.HK,HKEX,Samsung Electronics,2x,HKD,HK0001121349,CSOP Samsung Electronics Daily (2x) Leveraged Product,2026-01-28,60.0,62.64,57.82,62.64,6191076,366900473.0,,HKDKRW,183.74,11024.4,11509.47,10623.85,11509.47,
7747.HK,HKEX,Samsung Electronics,2x,HKD,HK0001121349,CSOP Samsung Electronics Daily (2x) Leveraged Product,2026-01-29,56.56,59.68,56.56,58.54,5934715,345083288.0,,HKDKRW,183.84,10397.99,10971.57,10397.99,10761.99,
7747.HK,HKEX,Samsung Electronics,2x,HKD,HK0001121349,CSOP Samsung Electronics Daily (2x) Leveraged Product,2026-01-30,61.9,62.22,58.04,58.28,6685205,398743632.0,,HKDKRW,185.86,11504.73,11564.21,10787.31,10831.92,
7747.HK,HKEX,Samsung Electronics,2x,HKD,HK0001121349,CSOP Samsung Electronics Daily (2x) Leveraged Product,2026-02-02,56.18,56.2,49.74,51.44,8827576,465811572.0,,HKDKRW,186.1,10455.1,10458.82,9256.61,9572.98,
7747.HK,HKEX,Samsung Electronics,2x,HKD,HK0001121349,CSOP Samsung Electronics Daily (2x) Leveraged Product,2026-02-03,58.0,62.66,56.38,61.4,5137565,303947746.0,,HKDKRW,185.72,10771.76,11637.22,10470.89,11403.21,
7747.HK,HKEX,Samsung Electronics,2x,HKD,HK0001121349,CSOP Samsung Electronics Daily (2x) Leveraged Product,2026-02-04,59.6,63.7,59.6,63.2,2634184,163754132.0,,HKDKRW,186.95,11142.22,11908.72,11142.22,11815.24,
7747.HK,HKEX,Samsung Electronics,2x,HKD,HK0001121349,CSOP Samsung Electronics Daily (2x) Leveraged Product,2026-02-05,60.14,60.14,55.4,57.34,5750925,329315376.0,,HKDKRW,188.01,11306.92,11306.92,10415.75,10780.49,
7747.HK,HKEX,Samsung Electronics,2x,HKD,HK0001121349,CSOP Samsung Electronics Daily (2x) Leveraged Product,2026-02-06,51.9,56.6,51.32,55.1,7479855,405171964.0,,HKDKRW,187.56,9734.36,10615.9,9625.58,10334.56,
7747.HK,HKEX,Samsung Electronics,2x,HKD,HK0001121349,CSOP Samsung Electronics Daily (2x) Leveraged Product,2026-02-09,60.96,61.84,60.0,60.86,3956800,241513896.0,,HKDKRW,186.76,11384.89,11549.24,11205.6,11366.21,
7747.HK,HKEX,Samsung Electronics,2x,HKD,HK0001121349,CSOP Samsung Electronics Daily (2x) Leveraged Product,2026-02-10,61.38,61.48,60.28,60.82,2786820,170199452.0,,HKDKRW,186.62,11454.74,11473.4,11249.45,11350.23,
7747.HK,HKEX,Samsung Electronics,2x,HKD,HK0001121349,CSOP Samsung Electronics Daily (2x) Leveraged Product,2026-02-11,60.38,62.36,59.92,61.62,2301800,140840946.0,,HKDKRW,185.23,11184.19,11550.94,11098.98,11413.87,
7747.HK,HKEX,Samsung Electronics,2x,HKD,HK0001121349,CSOP Samsung Electronics Daily (2x) Leveraged Product,2026-02-12,66.76,71.0,66.52,70.5,3969950,274601148.0,,HKDKRW,184.55,12320.56,13103.05,12276.27,13010.78,
7747.HK,HKEX,Samsung Electronics,2x,HKD,HK0001121349,CSOP Samsung Electronics Daily (2x) Leveraged Product,2026-02-13,71.4,74.12,70.3,72.2,2784165,199708231.0,,HKDKRW,185.94,13276.12,13781.87,13071.58,13424.87,
7747.HK,HKEX,Samsung Electronics,2x,HKD,HK0001121349,CSOP Samsung Electronics Daily (2x) Leveraged Product,2026-02-16,72.24,75.78,71.28,75.6,1927751,143970908.0,,HKDKRW,185.94,13432.31,14090.53,13253.8,14057.06,
7747.HK,HKEX,Samsung Electronics,2x,HKD,HK0001121349,CSOP Samsung Electronics Daily (2x) Leveraged Product,2026-02-20,79.2,79.78,77.5,79.68,5343085,419769689.0,,HKDKRW,185.3,14675.76,14783.23,14360.75,14764.7,
7747.HK,HKEX,Samsung Electronics,2x,HKD,HK0001121349,CSOP Samsung Electronics Daily (2x) Leveraged Product,2026-02-23,82.54,83.04,78.82,81.64,3864370,313723609.0,,HKDKRW,184.92,15263.3,15355.76,14575.39,15096.87,
7747.HK,HKEX,Samsung Electronics,2x,HKD,HK0001121349,CSOP Samsung Electronics Daily (2x) Leveraged Product,2026-02-24,82.56,88.38,82.56,88.28,5092172,438120087.0,,HKDKRW,184.39,15223.24,16296.39,15223.24,16277.95,
7747.HK,HKEX,Samsung Electronics,2x,HKD,HK0001121349,CSOP Samsung Electronics Daily (2x) Leveraged Product,2026-02-25,89.1,92.58,89.1,91.56,6331183,573475727.0,,HKDKRW,182.55,16265.2,16900.48,16265.2,16714.28,
7747.HK,HKEX,Samsung Electronics,2x,HKD,HK0001121349,CSOP Samsung Electronics Daily (2x) Leveraged Product,2026-02-26,99.5,106.15,97.22,106.0,7061048,713029544.0,,HKDKRW,183.11,18219.44,19437.13,17801.95,19409.66,
7747.HK,HKEX,Samsung Electronics,2x,HKD,HK0001121349,CSOP Samsung Electronics Daily (2x) Leveraged Product,2026-02-27,99.5,107.55,97.04,104.6,10214846,1037282168.0,,HKDKRW,187.49,18655.26,20164.55,18194.03,19611.45,
7747.HK,HKEX,Samsung Electronics,2x,HKD,HK0001121349,CSOP Samsung Electronics Daily (2x) Leveraged Product,2026-03-02,100.35,103.75,97.2,97.98,5931372,594990114.0,,HKDKRW,187.49,18814.62,19452.09,18224.03,18370.27,
7747.HK,HKEX,Samsung Electronics,2x,HKD,HK0001121349,CSOP Samsung Electronics Daily (2x) Leveraged Product,2026-03-03,96.96,97.02,79.94,82.32,20564046,1781009419.0,,HKDKRW,189.63,18386.52,18397.9,15159.02,15610.34,
7747.HK,HKEX,Samsung Electronics,2x,HKD,HK0001121349,CSOP Samsung Electronics Daily (2x) Leveraged Product,2026-03-04,77.8,77.8,61.0,67.0,35350991,2401066093.0,,HKDKRW,187.2,14564.16,14564.16,11419.2,12542.4,
7747.HK,HKEX,Samsung Electronics,2x,HKD,HK0001121349,CSOP Samsung Electronics Daily (2x) Leveraged Product,2026-03-05,77.04,81.48,73.52,76.6,21527868,1661127881.0,,HKDKRW,189.14,14571.35,15411.13,13905.57,14488.12,
7747.HK,HKEX,Samsung Electronics,2x,HKD,HK0001121349,CSOP Samsung Electronics Daily (2x) Leveraged Product,2026-03-06,69.64,74.38,68.22,72.5,8613639,616735926.0,,HKDKRW,189.83,13219.76,14119.56,12950.2,13762.68,
7747.HK,HKEX,Samsung Electronics,2x,HKD,HK0001121349,CSOP Samsung Electronics Daily (2x) Leveraged Product,2026-03-09,61.64,64.08,57.0,63.34,26830205,1614440762.0,,HKDKRW,187.66,11567.36,12025.25,10696.62,11886.38,
7747.HK,HKEX,Samsung Electronics,2x,HKD,HK0001121349,CSOP Samsung Electronics Daily (2x) Leveraged Product,2026-03-10,72.84,74.72,69.18,72.2,16657843,1202263101.0,,HKDKRW,188.59,13736.9,14091.44,13046.66,13616.2,
7747.HK,HKEX,Samsung Electronics,2x,HKD,HK0001121349,CSOP Samsung Electronics Daily (2x) Leveraged Product,2026-03-11,75.04,76.7,71.32,72.2,10879971,808714580.0,,HKDKRW,189.0,14182.56,14496.3,13479.48,13645.8,
7747.HK,HKEX,Samsung Electronics,2x,HKD,HK0001121349,CSOP Samsung Electronics Daily (2x) Leveraged Product,2026-03-12,71.64,72.4,69.9,72.18,6218612,442743044.0,,HKDKRW,190.5,13647.42,13792.2,13315.95,13750.29,
7747.HK,HKEX,Samsung Electronics,2x,HKD,HK0001121349,CSOP Samsung Electronics Daily (2x) Leveraged Product,2026-03-13,68.48,70.18,67.64,68.16,7426782,508445005.0,,HKDKRW,191.5,13113.92,13439.47,12953.06,13052.64,
7747.HK,HKEX,Samsung Electronics,2x,HKD,HK0001121349,CSOP Samsung Electronics Daily (2x) Leveraged Product,2026-03-16,69.78,73.12,68.22,73.12,15730494,1111905340.0,,HKDKRW,190.49,13292.39,13928.63,12995.23,13928.63,
7747.HK,HKEX,Samsung Electronics,2x,HKD,HK0001121349,CSOP Samsung Electronics Daily (2x) Leveraged Product,2026-03-17,77.64,78.68,74.26,74.5,11293354,866812630.0,,HKDKRW,189.89,14743.06,14940.55,14101.23,14146.8,
7747.HK,HKEX,Samsung Electronics,2x,HKD,HK0001121349,CSOP Samsung Electronics Daily (2x) Leveraged Product,2026-03-18,84.56,87.88,83.34,86.94,11008844,940853858.0,,HKDKRW,191.98,16233.83,16871.2,15999.61,16690.74,
7747.HK,HKEX,Samsung Electronics,2x,HKD,HK0001121349,CSOP Samsung Electronics Daily (2x) Leveraged Product,2026-03-19,80.68,84.26,79.62,80.3,12065550,985180789.0,,HKDKRW,190.34,15356.63,16038.05,15154.87,15284.3,
7747.HK,HKEX,Samsung Electronics,2x,HKD,HK0001121349,CSOP Samsung Electronics Daily (2x) Leveraged Product,2026-03-20,80.64,81.88,78.5,79.12,7557030,606618452.0,,HKDKRW,192.29,15506.27,15744.71,15094.76,15213.98,
7747.HK,HKEX,Samsung Electronics,2x,HKD,HK0001121349,CSOP Samsung Electronics Daily (2x) Leveraged Product,2026-03-23,71.04,72.5,67.6,67.88,10067844,707653453.0,,HKDKRW,190.13,13506.84,13784.42,12852.79,12906.02,
7747.HK,HKEX,Samsung Electronics,2x,HKD,HK0001121349,CSOP Samsung Electronics Daily (2x) Leveraged Product,2026-03-24,69.0,74.08,68.24,73.24,12281849,874560969.0,,HKDKRW,191.26,13196.94,14168.54,13051.58,14007.88,
7747.HK,HKEX,Samsung Electronics,2x,HKD,HK0001121349,CSOP Samsung Electronics Daily (2x) Leveraged Product,2026-03-25,76.0,76.48,70.5,71.96,7953579,585867567.0,,HKDKRW,192.44,14625.44,14717.81,13567.02,13847.98,
7747.HK,HKEX,Samsung Electronics,2x,HKD,HK0001121349,CSOP Samsung Electronics Daily (2x) Leveraged Product,2026-03-26,66.4,66.6,63.18,64.44,6468683,419260881.0,,HKDKRW,192.7,12795.28,12833.82,12174.79,12417.59,
7747.HK,HKEX,Samsung Electronics,2x,HKD,HK0001121349,CSOP Samsung Electronics Daily (2x) Leveraged Product,2026-03-27,59.5,65.2,58.64,63.2,9960047,616561707.0,,HKDKRW,192.65,11462.68,12560.78,11297.0,12175.48,
7747.HK,HKEX,Samsung Electronics,2x,HKD,HK0001121349,CSOP Samsung Electronics Daily (2x) Leveraged Product,2026-03-30,59.0,61.88,58.62,61.42,7068579,425941352.0,,HKDKRW,193.67,11426.53,11984.3,11352.94,11895.21,
7747.HK,HKEX,Samsung Electronics,2x,HKD,HK0001121349,CSOP Samsung Electronics Daily (2x) Leveraged Product,2026-03-31,56.96,60.3,54.12,55.06,21535945,1234551621.0,,HKDKRW,192.7,10976.19,11619.81,10428.92,10610.06,
7747.HK,HKEX,Samsung Electronics,2x,HKD,HK0001121349,CSOP Samsung Electronics Daily (2x) Leveraged Product,2026-04-01,63.3,70.96,63.3,69.14,12715922,859200811.0,,HKDKRW,193.04,12219.43,13698.12,12219.43,13346.79,
7747.HK,HKEX,Samsung Electronics,2x,HKD,HK0001121349,CSOP Samsung Electronics Daily (2x) Leveraged Product,2026-04-02,69.42,69.42,59.44,62.7,11016883,689757928.0,,HKDKRW,192.98,13396.67,13396.67,11470.73,12099.85,
7747.HK,HKEX,Samsung Electronics,2x,HKD,HK0001121349,CSOP Samsung Electronics Daily (2x) Leveraged Product,2026-04-08,72.1,87.0,72.1,84.48,17709537,1486379959.0,,HKDKRW,189.09,13633.39,16450.83,13633.39,15974.32,
7747.HK,HKEX,Samsung Electronics,2x,HKD,HK0001121349,CSOP Samsung Electronics Daily (2x) Leveraged Product,2026-04-09,79.62,80.12,77.9,79.0,8225136,650664650.0,,HKDKRW,188.41,15001.2,15095.41,14677.14,14884.39,
7747.HK,HKEX,Samsung Electronics,2x,HKD,HK0001121349,CSOP Samsung Electronics Daily (2x) Leveraged Product,2026-04-10,83.7,84.36,80.16,80.94,9986082,822437012.0,,HKDKRW,190.15,15915.56,16041.05,15242.42,15390.74,
7747.HK,HKEX,Samsung Electronics,2x,HKD,HK0001121349,CSOP Samsung Electronics Daily (2x) Leveraged Product,2026-04-13,78.4,78.44,75.9,77.48,8131460,626302750.0,,HKDKRW,189.06,14822.3,14829.87,14349.65,14648.37,
7747.HK,HKEX,Samsung Electronics,2x,HKD,HK0001121349,CSOP Samsung Electronics Daily (2x) Leveraged Product,2026-04-14,82.32,83.7,80.5,81.6,9618351,790161584.0,,HKDKRW,188.1,15484.39,15743.97,15142.05,15348.96,
7747.HK,HKEX,Samsung Electronics,2x,HKD,HK0001121349,CSOP Samsung Electronics Daily (2x) Leveraged Product,2026-04-15,87.68,87.7,82.76,83.16,8563858,732638674.0,,HKDKRW,188.47,16525.05,16528.82,15597.78,15673.17,
7747.HK,HKEX,Samsung Electronics,2x,HKD,HK0001121349,CSOP Samsung Electronics Daily (2x) Leveraged Product,2026-04-16,85.18,90.0,85.18,89.76,7476118,662674215.0,,HKDKRW,189.3,16124.57,17037.0,16124.57,16991.57,
7747.HK,HKEX,Samsung Electronics,2x,HKD,HK0001121349,CSOP Samsung Electronics Daily (2x) Leveraged Product,2026-04-17,88.48,89.96,87.2,88.54,4329712,383732230.0,,HKDKRW,188.93,16716.53,16996.14,16474.7,16727.86,
7747.HK,HKEX,Samsung Electronics,2x,HKD,HK0001121349,CSOP Samsung Electronics Daily (2x) Leveraged Product,2026-04-20,88.52,90.48,86.68,87.38,5066307,448528169.0,,HKDKRW,188.03,16644.42,17012.95,16298.44,16430.06,
7747.HK,HKEX,Samsung Electronics,2x,HKD,HK0001121349,CSOP Samsung Electronics Daily (2x) Leveraged Product,2026-04-21,90.0,90.78,88.16,90.4,5333047,478365757.0,,HKDKRW,189.25,17032.5,17180.12,16684.28,17108.2,
7747.HK,HKEX,Samsung Electronics,2x,HKD,HK0001121349,CSOP Samsung Electronics Daily (2x) Leveraged Product,2026-04-22,89.98,89.98,87.54,89.0,4218602,374556516.0,,HKDKRW,188.87,16994.52,16994.52,16533.68,16809.43,
7747.HK,HKEX,Samsung Electronics,2x,HKD,HK0001121349,CSOP Samsung Electronics Daily (2x) Leveraged Product,2026-04-23,97.88,98.26,87.72,92.76,14310330,1340964088.0,,HKDKRW,189.47,18545.32,18617.32,16620.31,17575.24,
7747.HK,HKEX,Samsung Electronics,2x,HKD,HK0001121349,CSOP Samsung Electronics Daily (2x) Leveraged Product,2026-04-24,90.8,91.62,88.2,90.58,4579824,412827368.0,,HKDKRW,188.63,17127.6,17282.28,16637.17,17086.11,
7747.HK,HKEX,Samsung Electronics,2x,HKD,HK0001121349,CSOP Samsung Electronics Daily (2x) Leveraged Product,2026-04-27,93.6,95.92,92.32,93.4,7480743,703043354.0,,HKDKRW,188.2,17615.52,18052.14,17374.62,17577.88,
7747.HK,HKEX,Samsung Electronics,2x,HKD,HK0001121349,CSOP Samsung Electronics Daily (2x) Leveraged Product,2026-04-28,95.14,95.56,91.3,91.3,6119954,569702569.0,,HKDKRW,188.17,17902.49,17981.53,17179.92,17179.92,
7747.HK,HKEX,Samsung Electronics,2x,HKD,HK0001121349,CSOP Samsung Electronics Daily (2x) Leveraged Product,2026-04-29,90.36,96.9,89.6,94.92,8872218,830298043.0,,HKDKRW,189.87,17156.65,18398.4,17012.35,18022.46,
7747.HK,HKEX,Samsung Electronics,2x,HKD,HK0001121349,CSOP Samsung Electronics Daily (2x) Leveraged Product,2026-04-30,96.64,96.64,90.68,92.24,6166123,579674443.0,,HKDKRW,188.33,18200.21,18200.21,17077.76,17371.56,
7747.HK,HKEX,Samsung Electronics,2x,HKD,HK0001121349,CSOP Samsung Electronics Daily (2x) Leveraged Product,2026-05-04,96.2,102.85,96.2,100.85,22172662,2198871026.0,,HKDKRW,187.47,18034.61,19281.29,18034.61,18906.35,
7747.HK,HKEX,Samsung Electronics,2x,HKD,HK0001121349,CSOP Samsung Electronics Daily (2x) Leveraged Product,2026-05-05,100.15,103.8,99.1,103.8,5565205,568179383.0,,HKDKRW,187.47,18775.12,19459.39,18578.28,19459.39,
7747.HK,HKEX,Samsung Electronics,2x,HKD,HK0001121349,CSOP Samsung Electronics Daily (2x) Leveraged Product,2026-05-06,119.35,133.45,119.35,130.0,19413760,2491415684.0,,HKDKRW,184.93,22071.4,24678.91,22071.4,24040.9,
7747.HK,HKEX,Samsung Electronics,2x,HKD,HK0001121349,CSOP Samsung Electronics Daily (2x) Leveraged Product,2026-05-07,127.0,139.0,124.1,138.5,17766757,2348258932.0,,HKDKRW,186.14,23639.78,25873.46,23099.97,25780.39,
7747.HK,HKEX,Samsung Electronics,2x,HKD,HK0001121349,CSOP Samsung Electronics Daily (2x) Leveraged Product,2026-05-08,132.0,138.95,125.65,138.95,20428697,2649026721.0,,HKDKRW,187.0,24684.0,25983.65,23496.55,25983.65,
7747.HK,HKEX,Samsung Electronics,2x,HKD,HK0001121349,CSOP Samsung Electronics Daily (2x) Leveraged Product,2026-05-11,147.55,151.6,146.15,147.1,26052875,3886529930.0,,HKDKRW,188.41,27799.9,28562.96,27536.12,27715.11,
7747.HK,HKEX,Samsung Electronics,2x,HKD,HK0001121349,CSOP Samsung Electronics Daily (2x) Leveraged Product,2026-05-12,147.0,147.0,128.3,140.2,27316887,3781813782.0,,HKDKRW,190.58,28015.26,28015.26,24451.41,26719.32,
7747.HK,HKEX,Samsung Electronics,2x,HKD,HK0001121349,CSOP Samsung Electronics Daily (2x) Leveraged Product,2026-05-13,136.45,149.8,136.45,149.4,16390960,2348877473.0,,HKDKRW,190.23,25956.88,28496.45,25956.88,28420.36,
7747.HK,HKEX,Samsung Electronics,2x,HKD,HK0001121349,CSOP Samsung Electronics Daily (2x) Leveraged Product,2026-05-14,162.0,162.0,151.7,155.6,12199839,1915347899.0,,HKDKRW,190.68,30890.16,30890.16,28926.16,29669.81,
7747.HK,HKEX,Samsung Electronics,2x,HKD,HK0001121349,CSOP Samsung Electronics Daily (2x) Leveraged Product,2026-05-15,151.0,152.25,125.8,136.55,19872299,2747214775.0,,HKDKRW,191.29,28884.79,29123.9,24064.28,26120.65,
7747.HK,HKEX,Samsung Electronics,2x,HKD,HK0001121349,CSOP Samsung Electronics Daily (2x) Leveraged Product,2026-05-18,136.0,147.7,135.0,141.9,19647916,2786173516.0,,HKDKRW,190.53,25912.08,28141.28,25721.55,27036.21,
7747.HK,HKEX,Samsung Electronics,2x,HKD,HK0001121349,CSOP Samsung Electronics Daily (2x) Leveraged Product,2026-05-19,129.9,140.9,125.25,138.35,19763193,2618952095.0,,HKDKRW,192.49,25004.45,27121.84,24109.37,26630.99,
7747.HK,HKEX,Samsung Electronics,2x,HKD,HK0001121349,CSOP Samsung Electronics Daily (2x) Leveraged Product,2026-05-20,136.05,141.9,124.4,138.85,18159542,2396453771.0,,HKDKRW,191.29,26025.0,27144.05,23796.48,26560.62,
7747.HK,HKEX,Samsung Electronics,2x,HKD,HK0001121349,CSOP Samsung Electronics Daily (2x) Leveraged Product,2026-05-21,152.65,158.9,150.0,153.9,18409796,2830529990.0,,HKDKRW,192.18,29336.28,30537.4,28827.0,29576.5,
7747.HK,HKEX,Samsung Electronics,2x,HKD,HK0001121349,CSOP Samsung Electronics Daily (2x) Leveraged Product,2026-05-22,153.7,154.65,149.7,152.1,9155865,1392837631.0,,HKDKRW,192.99,29662.56,29845.9,28890.6,29353.78,
7747.HK,HKEX,Samsung Electronics,2x,HKD,HK0001121349,CSOP Samsung Electronics Daily (2x) Leveraged Product,2026-05-26,164.0,164.0,156.6,157.4,10611451,1685968027.0,,HKDKRW,192.38,31550.32,31550.32,30126.71,30280.61,
7747.HK,HKEX,Samsung Electronics,2x,HKD,HK0001121349,CSOP Samsung Electronics Daily (2x) Leveraged Product,2026-05-27,177.45,182.7,165.15,167.6,22035850,3857075033.0,,HKDKRW,191.72,34020.71,35027.24,31662.56,32132.27,
7747.HK,HKEX,Samsung Electronics,2x,HKD,HK0001121349,CSOP Samsung Electronics Daily (2x) Leveraged Product,2026-05-28,162.0,162.5,146.6,158.45,13910174,2172300591.0,,HKDKRW,191.03,30946.86,31042.38,28005.0,30268.7,
7747.HK,HKEX,Samsung Electronics,2x,HKD,HK0001121349,CSOP Samsung Electronics Daily (2x) Leveraged Product,2026-05-29,170.1,181.1,168.7,177.15,19489374,3408958029.0,,HKDKRW,192.36,32720.44,34836.4,32451.13,34076.57,
7747.HK,HKEX,Samsung Electronics,2x,HKD,HK0001121349,CSOP Samsung Electronics Daily (2x) Leveraged Product,2026-06-01,201.3,219.3,201.3,218.6,15966525,3377247513.0,,HKDKRW,193.24,38899.21,42377.53,38899.21,42242.26,
7747.HK,HKEX,Samsung Electronics,2x,HKD,HK0001121349,CSOP Samsung Electronics Daily (2x) Leveraged Product,2026-06-02,222.7,231.5,208.9,225.3,18772941,4126536101.0,,HKDKRW,195.87,43620.25,45343.9,40917.24,44129.51,
7747.HK,HKEX,Samsung Electronics,2x,HKD,HK0001121349,CSOP Samsung Electronics Daily (2x) Leveraged Product,2026-06-03,236.0,243.1,233.4,238.5,8737459,2086628228.0,,HKDKRW,195.87,46225.32,47616.0,45716.06,46715.0,
7747.HK,HKEX,Samsung Electronics,2x,HKD,HK0001121349,CSOP Samsung Electronics Daily (2x) Leveraged Product,2026-06-04,225.0,225.3,212.5,214.8,19136670,4176326832.0,,HKDKRW,195.78,44050.5,44109.23,41603.25,42053.54,
7747.HK,HKEX,Samsung Electronics,2x,HKD,HK0001121349,CSOP Samsung Electronics Daily (2x) Leveraged Product,2026-06-05,182.6,205.2,179.45,185.9,27894772,5317106915.0,,HKDKRW,199.06,36348.36,40847.11,35721.32,37005.25,
7747.HK,HKEX,Samsung Electronics,2x,HKD,HK0001121349,CSOP Samsung Electronics Daily (2x) Leveraged Product,2026-06-08,159.95,169.75,140.05,154.3,49834680,7691415686.0,,HKDKRW,194.95,31182.25,33092.76,27302.75,30080.78,
7747.HK,HKEX,Samsung Electronics,2x,HKD,HK0001121349,CSOP Samsung Electronics Daily (2x) Leveraged Product,2026-06-09,151.5,176.25,151.5,168.8,29943338,4858339736.0,,HKDKRW,194.53,29471.3,34285.91,29471.3,32836.66,
7747.HK,HKEX,Samsung Electronics,2x,HKD,HK0001121349,CSOP Samsung Electronics Daily (2x) Leveraged Product,2026-06-10,156.85,156.85,141.2,148.5,26793312,4000986941.0,,HKDKRW,194.54,30513.6,30513.6,27469.05,28889.19,
7747.HK,HKEX,Samsung Electronics,2x,HKD,HK0001121349,CSOP Samsung Electronics Daily (2x) Leveraged Product,2026-06-11,147.25,152.1,139.6,147.4,21328518,3075523977.0,,HKDKRW,193.84,28542.94,29483.06,27060.06,28572.02,
7747.HK,HKEX,Samsung Electronics,2x,HKD,HK0001121349,CSOP Samsung Electronics Daily (2x) Leveraged Product,2026-06-12,169.5,181.8,156.3,166.0,30801775,5298160527.0,,HKDKRW,193.32,32767.74,35145.58,30215.92,32091.12,
7747.HK,HKEX,Samsung Electronics,2x,HKD,HK0001121349,CSOP Samsung Electronics Daily (2x) Leveraged Product,2026-06-15,182.8,187.0,179.15,187.0,12743569,2325330014.0,,HKDKRW,193.44,35360.83,36173.28,34654.78,36173.28,
7747.HK,HKEX,Samsung Electronics,2x,HKD,HK0001121349,CSOP Samsung Electronics Daily (2x) Leveraged Product,2026-06-16,180.5,189.65,180.5,187.5,11356148,2104057241.0,,HKDKRW,192.89,34816.64,36581.59,34816.64,36166.88,
7747.HK,HKEX,Samsung Electronics,2x,HKD,HK0001121349,CSOP Samsung Electronics Daily (2x) Leveraged Product,2026-06-17,180.0,196.5,178.0,193.0,15023655,2824396754.0,,HKDKRW,194.69,35044.2,38256.58,34654.82,37575.17,
7747.HK,HKEX,Samsung Electronics,2x,HKD,HK0001121349,CSOP Samsung Electronics Daily (2x) Leveraged Product,2026-06-18,197.55,213.3,193.0,209.1,17530532,3543391205.0,,HKDKRW,196.25,38769.19,41860.12,37876.25,41035.88,
7747.HK,HKEX,Samsung Electronics,2x,HKD,HK0001121349,CSOP Samsung Electronics Daily (2x) Leveraged Product,2026-06-22,211.4,212.3,194.0,203.5,24818324,5036101145.0,,HKDKRW,196.24,41485.14,41661.75,38070.56,39934.84,
7747.HK,HKEX,Samsung Electronics,2x,HKD,HK0001121349,CSOP Samsung Electronics Daily (2x) Leveraged Product,2026-06-23,187.35,187.35,143.95,154.1,37487903,6186741467.0,,HKDKRW,195.57,36640.04,36640.04,28152.3,30137.34,
7747.HK,HKEX,Samsung Electronics,2x,HKD,HK0001121349,CSOP Samsung Electronics Daily (2x) Leveraged Product,2026-06-24,167.1,179.55,155.55,179.55,33190582,5622070777.0,,HKDKRW,196.88,32898.65,35349.8,30624.68,35349.8,
7747.HK,HKEX,Samsung Electronics,2x,HKD,HK0001121349,CSOP Samsung Electronics Daily (2x) Leveraged Product,2026-06-25,198.0,202.5,193.3,197.25,17459942,3465816614.0,,HKDKRW,197.06,39017.88,39904.65,38091.7,38870.08,
7747.HK,HKEX,Samsung Electronics,2x,HKD,HK0001121349,CSOP Samsung Electronics Daily (2x) Leveraged Product,2026-06-26,185.85,185.85,156.35,176.35,21895678,3723264846.0,,HKDKRW,196.07,36439.61,36439.61,30655.54,34576.94,
7747.HK,HKEX,Samsung Electronics,2x,HKD,HK0001121349,CSOP Samsung Electronics Daily (2x) Leveraged Product,2026-06-29,159.95,168.35,151.7,158.0,15845595,2532954747.0,,HKDKRW,196.59,31444.57,33095.93,29822.7,31061.22,
7747.HK,HKEX,Samsung Electronics,2x,HKD,HK0001121349,CSOP Samsung Electronics Daily (2x) Leveraged Product,2026-06-30,162.15,177.45,161.6,167.5,10010780,1696194092.0,,HKDKRW,197.39,32006.79,35026.86,31898.22,33062.82,
7747.HK,HKEX,Samsung Electronics,2x,HKD,HK0001121349,CSOP Samsung Electronics Daily (2x) Leveraged Product,2026-07-02,142.4,142.4,115.7,123.0,31547054,3997245578.0,,HKDKRW,196.68,28007.23,28007.23,22755.88,24191.64,
7747.HK,HKEX,Samsung Electronics,2x,HKD,HK0001121349,CSOP Samsung Electronics Daily (2x) Leveraged Product,2026-07-03,127.5,141.7,127.0,137.25,27934488,3785777667.0,,HKDKRW,195.08,24872.7,27642.84,24775.16,26774.73,
9747.HK,HKEX,Samsung Electronics,2x,USD,HK0001121349,CSOP Samsung Electronics Daily (2x) Leveraged Product,2025-05-28,1.048,1.08,1.048,1.072,246200,260054.0,,USDKRW,1375.0,1441.0,1485.0,1441.0,1474.0,
9747.HK,HKEX,Samsung Electronics,2x,USD,HK0001121349,CSOP Samsung Electronics Daily (2x) Leveraged Product,2025-05-29,1.072,1.086,1.072,1.086,153000,165019.0,,USDKRW,1372.0,1470.78,1489.99,1470.78,1489.99,
9747.HK,HKEX,Samsung Electronics,2x,USD,HK0001121349,CSOP Samsung Electronics Daily (2x) Leveraged Product,2025-05-30,1.108,1.11,1.08,1.082,37800,41551.0,,USDKRW,1383.6,1533.03,1535.8,1494.29,1497.06,
9747.HK,HKEX,Samsung Electronics,2x,USD,HK0001121349,CSOP Samsung Electronics Daily (2x) Leveraged Product,2025-06-02,1.114,1.114,1.1,1.11,27800,30698.0,,USDKRW,1379.0,1536.21,1536.21,1516.9,1530.69,
9747.HK,HKEX,Samsung Electronics,2x,USD,HK0001121349,CSOP Samsung Electronics Daily (2x) Leveraged Product,2025-06-03,1.112,1.124,1.11,1.122,234000,261245.0,,USDKRW,1379.0,1533.45,1550.0,1530.69,1547.24,
9747.HK,HKEX,Samsung Electronics,2x,USD,HK0001121349,CSOP Samsung Electronics Daily (2x) Leveraged Product,2025-06-04,1.14,1.15,1.138,1.15,245300,280476.0,,USDKRW,1363.5,1554.39,1568.02,1551.66,1568.02,
9747.HK,HKEX,Samsung Electronics,2x,USD,HK0001121349,CSOP Samsung Electronics Daily (2x) Leveraged Product,2025-06-05,1.152,1.232,1.152,1.198,153400,184092.0,,USDKRW,1362.7,1569.83,1678.85,1569.83,1632.51,
9747.HK,HKEX,Samsung Electronics,2x,USD,HK0001121349,CSOP Samsung Electronics Daily (2x) Leveraged Product,2025-06-06,1.2,1.212,1.2,1.212,4900,5927.0,,USDKRW,1362.7,1635.24,1651.59,1635.24,1651.59,
9747.HK,HKEX,Samsung Electronics,2x,USD,HK0001121349,CSOP Samsung Electronics Daily (2x) Leveraged Product,2025-06-09,1.212,1.254,1.21,1.226,105000,129686.0,,USDKRW,1355.2,1642.5,1699.42,1639.79,1661.48,
9747.HK,HKEX,Samsung Electronics,2x,USD,HK0001121349,CSOP Samsung Electronics Daily (2x) Leveraged Product,2025-06-10,1.202,1.204,1.182,1.198,105000,125437.0,,USDKRW,1367.3,1643.49,1646.23,1616.15,1638.03,
9747.HK,HKEX,Samsung Electronics,2x,USD,HK0001121349,CSOP Samsung Electronics Daily (2x) Leveraged Product,2025-06-11,1.21,1.236,1.21,1.236,14400,17591.0,,USDKRW,1370.5,1658.3,1693.94,1658.3,1693.94,
9747.HK,HKEX,Samsung Electronics,2x,USD,HK0001121349,CSOP Samsung Electronics Daily (2x) Leveraged Product,2025-06-12,1.236,1.236,1.202,1.206,22200,26801.0,,USDKRW,1356.4,1676.51,1676.51,1630.39,1635.82,
9747.HK,HKEX,Samsung Electronics,2x,USD,HK0001121349,CSOP Samsung Electronics Daily (2x) Leveraged Product,2025-06-13,1.174,1.174,1.138,1.15,8000,9202.0,,USDKRW,1368.5,1606.62,1606.62,1557.35,1573.78,
9747.HK,HKEX,Samsung Electronics,2x,USD,HK0001121349,CSOP Samsung Electronics Daily (2x) Leveraged Product,2025-06-16,1.112,1.128,1.112,1.126,12900,14492.0,,USDKRW,1359.0,1511.21,1532.95,1511.21,1530.23,
9747.HK,HKEX,Samsung Electronics,2x,USD,HK0001121349,CSOP Samsung Electronics Daily (2x) Leveraged Product,2025-06-17,1.2,1.2,1.15,1.15,39000,45877.0,,USDKRW,1379.5,1655.4,1655.4,1586.42,1586.42,
9747.HK,HKEX,Samsung Electronics,2x,USD,HK0001121349,CSOP Samsung Electronics Daily (2x) Leveraged Product,2025-06-18,1.204,1.222,1.194,1.222,43700,52753.0,,USDKRW,1374.5,1654.9,1679.64,1641.15,1679.64,
9747.HK,HKEX,Samsung Electronics,2x,USD,HK0001121349,CSOP Samsung Electronics Daily (2x) Leveraged Product,2025-06-19,1.222,1.222,1.198,1.198,13600,16407.0,,USDKRW,1377.8,1683.67,1683.67,1650.6,1650.6,
9747.HK,HKEX,Samsung Electronics,2x,USD,HK0001121349,CSOP Samsung Electronics Daily (2x) Leveraged Product,2025-06-20,1.21,1.22,1.192,1.208,19000,22918.0,,USDKRW,1376.5,1665.56,1679.33,1640.79,1662.81,
9747.HK,HKEX,Samsung Electronics,2x,USD,HK0001121349,CSOP Samsung Electronics Daily (2x) Leveraged Product,2025-06-23,1.2,1.2,1.146,1.16,23000,27078.0,,USDKRW,1372.5,1647.0,1647.0,1572.88,1592.1,
9747.HK,HKEX,Samsung Electronics,2x,USD,HK0001121349,CSOP Samsung Electronics Daily (2x) Leveraged Product,2025-06-24,1.24,1.24,1.228,1.236,20600,25495.0,,USDKRW,1359.0,1685.16,1685.16,1668.85,1679.72,
9747.HK,HKEX,Samsung Electronics,2x,USD,HK0001121349,CSOP Samsung Electronics Daily (2x) Leveraged Product,2025-06-25,1.24,1.284,1.24,1.268,74700,94917.0,,USDKRW,1361.0,1687.64,1747.52,1687.64,1725.75,
9747.HK,HKEX,Samsung Electronics,2x,USD,HK0001121349,CSOP Samsung Electronics Daily (2x) Leveraged Product,2025-06-26,1.24,1.24,1.226,1.236,20000,24675.0,,USDKRW,1358.5,1684.54,1684.54,1665.52,1679.11,
9747.HK,HKEX,Samsung Electronics,2x,USD,HK0001121349,CSOP Samsung Electronics Daily (2x) Leveraged Product,2025-06-27,1.268,1.296,1.26,1.268,308000,395698.0,,USDKRW,1364.0,1729.55,1767.74,1718.64,1729.55,
9747.HK,HKEX,Samsung Electronics,2x,USD,HK0001121349,CSOP Samsung Electronics Daily (2x) Leveraged Product,2025-06-30,1.252,1.252,1.24,1.242,13900,17268.0,,USDKRW,1354.0,1695.21,1695.21,1678.96,1681.67,
9747.HK,HKEX,Samsung Electronics,2x,USD,HK0001121349,CSOP Samsung Electronics Daily (2x) Leveraged Product,2025-07-02,1.248,1.266,1.248,1.266,13200,16543.0,,USDKRW,1356.0,1692.29,1716.7,1692.29,1716.7,
9747.HK,HKEX,Samsung Electronics,2x,USD,HK0001121349,CSOP Samsung Electronics Daily (2x) Leveraged Product,2025-07-03,1.322,1.392,1.32,1.392,77900,104586.0,,USDKRW,1363.5,1802.55,1897.99,1799.82,1897.99,
9747.HK,HKEX,Samsung Electronics,2x,USD,HK0001121349,CSOP Samsung Electronics Daily (2x) Leveraged Product,2025-07-04,1.394,1.394,1.362,1.368,118000,161079.0,,USDKRW,1366.5,1904.9,1904.9,1861.17,1869.37,
9747.HK,HKEX,Samsung Electronics,2x,USD,HK0001121349,CSOP Samsung Electronics Daily (2x) Leveraged Product,2025-07-07,1.35,1.352,1.306,1.306,9800,12953.0,,USDKRW,1376.0,1857.6,1860.35,1797.06,1797.06,
9747.HK,HKEX,Samsung Electronics,2x,USD,HK0001121349,CSOP Samsung Electronics Daily (2x) Leveraged Product,2025-07-08,1.306,1.306,1.266,1.276,62100,80121.0,,USDKRW,1371.5,1791.18,1791.18,1736.32,1750.03,
9747.HK,HKEX,Samsung Electronics,2x,USD,HK0001121349,CSOP Samsung Electronics Daily (2x) Leveraged Product,2025-07-09,1.276,1.276,1.24,1.24,13100,16307.0,,USDKRW,1374.8,1754.24,1754.24,1704.75,1704.75,
9747.HK,HKEX,Samsung Electronics,2x,USD,HK0001121349,CSOP Samsung Electronics Daily (2x) Leveraged Product,2025-07-10,1.24,1.266,1.24,1.266,4500,5624.0,,USDKRW,1372.5,1701.9,1737.58,1701.9,1737.58,
9747.HK,HKEX,Samsung Electronics,2x,USD,HK0001121349,CSOP Samsung Electronics Daily (2x) Leveraged Product,2025-07-11,1.336,1.344,1.328,1.33,89900,120297.0,,USDKRW,1379.2,1842.61,1853.64,1831.58,1834.34,
9747.HK,HKEX,Samsung Electronics,2x,USD,HK0001121349,CSOP Samsung Electronics Daily (2x) Leveraged Product,2025-07-14,1.312,1.324,1.29,1.322,44600,57947.0,,USDKRW,1383.2,1814.76,1831.36,1784.33,1828.59,
9747.HK,HKEX,Samsung Electronics,2x,USD,HK0001121349,CSOP Samsung Electronics Daily (2x) Leveraged Product,2025-07-15,1.328,1.362,1.328,1.362,6000,8132.0,,USDKRW,1387.5,1842.6,1889.78,1842.6,1889.78,
9747.HK,HKEX,Samsung Electronics,2x,USD,HK0001121349,CSOP Samsung Electronics Daily (2x) Leveraged Product,2025-07-16,1.394,1.416,1.394,1.402,28800,40558.0,,USDKRW,1387.0,1933.48,1963.99,1933.48,1944.57,
9747.HK,HKEX,Samsung Electronics,2x,USD,HK0001121349,CSOP Samsung Electronics Daily (2x) Leveraged Product,2025-07-17,1.46,1.502,1.446,1.498,57100,83879.0,,USDKRW,1391.5,2031.59,2090.03,2012.11,2084.47,
9747.HK,HKEX,Samsung Electronics,2x,USD,HK0001121349,CSOP Samsung Electronics Daily (2x) Leveraged Product,2025-07-18,1.538,1.538,1.496,1.514,46100,70025.0,,USDKRW,1392.1,2141.05,2141.05,2082.58,2107.64,
9747.HK,HKEX,Samsung Electronics,2x,USD,HK0001121349,CSOP Samsung Electronics Daily (2x) Leveraged Product,2025-07-21,1.554,1.556,1.53,1.53,26400,40836.0,,USDKRW,1383.3,2149.65,2152.41,2116.45,2116.45,
9747.HK,HKEX,Samsung Electronics,2x,USD,HK0001121349,CSOP Samsung Electronics Daily (2x) Leveraged Product,2025-07-22,1.516,1.52,1.45,1.47,30400,45298.0,,USDKRW,1381.5,2094.35,2099.88,2003.18,2030.8,
9747.HK,HKEX,Samsung Electronics,2x,USD,HK0001121349,CSOP Samsung Electronics Daily (2x) Leveraged Product,2025-07-23,1.448,1.484,1.448,1.482,13900,20352.0,,USDKRW,1376.5,1993.17,2042.73,1993.17,2039.97,
9747.HK,HKEX,Samsung Electronics,2x,USD,HK0001121349,CSOP Samsung Electronics Daily (2x) Leveraged Product,2025-07-24,1.48,1.498,1.464,1.466,18500,27400.0,,USDKRW,1373.7,2033.08,2057.8,2011.1,2013.84,
9747.HK,HKEX,Samsung Electronics,2x,USD,HK0001121349,CSOP Samsung Electronics Daily (2x) Leveraged Product,2025-07-25,1.476,1.476,1.45,1.45,5600,8156.0,,USDKRW,1384.5,2043.52,2043.52,2007.52,2007.52,
9747.HK,HKEX,Samsung Electronics,2x,USD,HK0001121349,CSOP Samsung Electronics Daily (2x) Leveraged Product,2025-07-28,1.534,1.654,1.534,1.65,66200,107737.0,,USDKRW,1390.0,2132.26,2299.06,2132.26,2293.5,
9747.HK,HKEX,Samsung Electronics,2x,USD,HK0001121349,CSOP Samsung Electronics Daily (2x) Leveraged Product,2025-07-29,1.64,1.678,1.634,1.662,42200,69512.0,,USDKRW,1389.0,2277.96,2330.74,2269.63,2308.52,
9747.HK,HKEX,Samsung Electronics,2x,USD,HK0001121349,CSOP Samsung Electronics Daily (2x) Leveraged Product,2025-07-30,1.724,1.812,1.724,1.758,86700,152287.0,,USDKRW,1393.0,2401.53,2524.12,2401.53,2448.89,
9747.HK,HKEX,Samsung Electronics,2x,USD,HK0001121349,CSOP Samsung Electronics Daily (2x) Leveraged Product,2025-07-31,1.722,1.722,1.674,1.7,112200,188907.0,,USDKRW,1395.0,2402.19,2402.19,2335.23,2371.5,
9747.HK,HKEX,Samsung Electronics,2x,USD,HK0001121349,CSOP Samsung Electronics Daily (2x) Leveraged Product,2025-08-01,1.636,1.636,1.566,1.57,73000,118042.0,,USDKRW,1391.0,2275.68,2275.68,2178.31,2183.87,
9747.HK,HKEX,Samsung Electronics,2x,USD,HK0001121349,CSOP Samsung Electronics Daily (2x) Leveraged Product,2025-08-04,1.628,1.634,1.614,1.62,73400,119689.0,,USDKRW,1386.0,2256.41,2264.72,2237.0,2245.32,
9747.HK,HKEX,Samsung Electronics,2x,USD,HK0001121349,CSOP Samsung Electronics Daily (2x) Leveraged Product,2025-08-05,1.644,1.648,1.618,1.63,22800,37392.0,,USDKRW,1387.7,2281.38,2286.93,2245.3,2261.95,
9747.HK,HKEX,Samsung Electronics,2x,USD,HK0001121349,CSOP Samsung Electronics Daily (2x) Leveraged Product,2025-08-06,1.588,1.592,1.566,1.582,34700,55087.0,,USDKRW,1385.5,2200.17,2205.72,2169.69,2191.86,
9747.HK,HKEX,Samsung Electronics,2x,USD,HK0001121349,CSOP Samsung Electronics Daily (2x) Leveraged Product,2025-08-07,1.648,1.662,1.63,1.64,62600,103773.0,,USDKRW,1385.0,2282.48,2301.87,2257.55,2271.4,
9747.HK,HKEX,Samsung Electronics,2x,USD,HK0001121349,CSOP Samsung Electronics Daily (2x) Leveraged Product,2025-08-08,1.706,1.72,1.69,1.716,22900,39375.0,,USDKRW,1391.5,2373.9,2393.38,2351.63,2387.81,
9747.HK,HKEX,Samsung Electronics,2x,USD,HK0001121349,CSOP Samsung Electronics Daily (2x) Leveraged Product,2025-08-11,1.688,1.688,1.67,1.682,41000,69017.0,,USDKRW,1392.5,2350.54,2350.54,2325.48,2342.18,
9747.HK,HKEX,Samsung Electronics,2x,USD,HK0001121349,CSOP Samsung Electronics Daily (2x) Leveraged Product,2025-08-12,1.722,1.726,1.67,1.67,33500,57386.0,,USDKRW,1385.5,2385.83,2391.37,2313.78,2313.78,
9747.HK,HKEX,Samsung Electronics,2x,USD,HK0001121349,CSOP Samsung Electronics Daily (2x) Leveraged Product,2025-08-13,1.704,1.708,1.684,1.7,1800,3062.0,,USDKRW,1380.0,2351.52,2357.04,2323.92,2346.0,
9747.HK,HKEX,Samsung Electronics,2x,USD,HK0001121349,CSOP Samsung Electronics Daily (2x) Leveraged Product,2025-08-14,1.68,1.694,1.68,1.68,7300,12274.0,,USDKRW,1390.0,2335.2,2354.66,2335.2,2335.2,
9747.HK,HKEX,Samsung Electronics,2x,USD,HK0001121349,CSOP Samsung Electronics Daily (2x) Leveraged Product,2025-08-15,1.68,1.68,1.67,1.68,300,503.0,,USDKRW,1390.0,2335.2,2335.2,2321.3,2335.2,
9747.HK,HKEX,Samsung Electronics,2x,USD,HK0001121349,CSOP Samsung Electronics Daily (2x) Leveraged Product,2025-08-18,1.626,1.636,1.608,1.61,32900,53510.0,,USDKRW,1388.8,2258.19,2272.08,2233.19,2235.97,
9747.HK,HKEX,Samsung Electronics,2x,USD,HK0001121349,CSOP Samsung Electronics Daily (2x) Leveraged Product,2025-08-19,1.632,1.634,1.632,1.634,4300,7026.0,,USDKRW,1393.2,2273.7,2276.49,2273.7,2276.49,
9747.HK,HKEX,Samsung Electronics,2x,USD,HK0001121349,CSOP Samsung Electronics Daily (2x) Leveraged Product,2025-08-20,1.62,1.636,1.604,1.636,50500,81917.0,,USDKRW,1397.5,2263.95,2286.31,2241.59,2286.31,
9747.HK,HKEX,Samsung Electronics,2x,USD,HK0001121349,CSOP Samsung Electronics Daily (2x) Leveraged Product,2025-08-21,1.692,1.696,1.634,1.644,6800,11476.0,,USDKRW,1401.5,2371.34,2376.94,2290.05,2304.07,
9747.HK,HKEX,Samsung Electronics,2x,USD,HK0001121349,CSOP Samsung Electronics Daily (2x) Leveraged Product,2025-08-22,1.678,1.678,1.664,1.674,10600,17715.0,,USDKRW,1385.9,2325.54,2325.54,2306.14,2320.0,
9747.HK,HKEX,Samsung Electronics,2x,USD,HK0001121349,CSOP Samsung Electronics Daily (2x) Leveraged Product,2025-08-25,1.672,1.682,1.67,1.678,8500,14228.0,,USDKRW,1391.5,2326.59,2340.5,2323.8,2334.94,
9747.HK,HKEX,Samsung Electronics,2x,USD,HK0001121349,CSOP Samsung Electronics Daily (2x) Leveraged Product,2025-08-26,1.646,1.648,1.62,1.624,12300,20077.0,,USDKRW,1395.0,2296.17,2298.96,2259.9,2265.48,
9747.HK,HKEX,Samsung Electronics,2x,USD,HK0001121349,CSOP Samsung Electronics Daily (2x) Leveraged Product,2025-08-27,1.632,1.65,1.632,1.646,400,654.0,,USDKRW,1394.0,2275.01,2300.1,2275.01,2294.52,
9747.HK,HKEX,Samsung Electronics,2x,USD,HK0001121349,CSOP Samsung Electronics Daily (2x) Leveraged Product,2025-08-28,1.62,1.624,1.6,1.6,7000,11269.0,,USDKRW,1385.5,2244.51,2250.05,2216.8,2216.8,
9747.HK,HKEX,Samsung Electronics,2x,USD,HK0001121349,CSOP Samsung Electronics Daily (2x) Leveraged Product,2025-08-29,1.616,1.62,1.608,1.608,3200,5149.0,,USDKRW,1391.5,2248.66,2254.23,2237.53,2237.53,
9747.HK,HKEX,Samsung Electronics,2x,USD,HK0001121349,CSOP Samsung Electronics Daily (2x) Leveraged Product,2025-09-01,1.538,1.538,1.494,1.494,66900,100610.0,,USDKRW,1393.5,2143.2,2143.2,2081.89,2081.89,
9747.HK,HKEX,Samsung Electronics,2x,USD,HK0001121349,CSOP Samsung Electronics Daily (2x) Leveraged Product,2025-09-02,1.568,1.568,1.56,1.562,5000,7833.0,,USDKRW,1396.0,2188.93,2188.93,2177.76,2180.55,
9747.HK,HKEX,Samsung Electronics,2x,USD,HK0001121349,CSOP Samsung Electronics Daily (2x) Leveraged Product,2025-09-03,1.568,1.6,1.568,1.582,3100,4911.0,,USDKRW,1391.0,2181.09,2225.6,2181.09,2200.56,
9747.HK,HKEX,Samsung Electronics,2x,USD,HK0001121349,CSOP Samsung Electronics Daily (2x) Leveraged Product,2025-09-04,1.584,1.604,1.584,1.604,2800,4481.0,,USDKRW,1394.0,2208.1,2235.98,2208.1,2235.98,
9747.HK,HKEX,Samsung Electronics,2x,USD,HK0001121349,CSOP Samsung Electronics Daily (2x) Leveraged Product,2025-09-05,1.596,1.598,1.584,1.59,3700,5880.0,,USDKRW,1391.0,2220.04,2222.82,2203.34,2211.69,
9747.HK,HKEX,Samsung Electronics,2x,USD,HK0001121349,CSOP Samsung Electronics Daily (2x) Leveraged Product,2025-09-08,1.61,1.63,1.592,1.63,4400,7041.0,,USDKRW,1386.5,2232.27,2260.0,2207.31,2260.0,
9747.HK,HKEX,Samsung Electronics,2x,USD,HK0001121349,CSOP Samsung Electronics Daily (2x) Leveraged Product,2025-09-09,1.634,1.68,1.63,1.674,16200,26569.0,,USDKRW,1390.0,2271.26,2335.2,2265.7,2326.86,
9747.HK,HKEX,Samsung Electronics,2x,USD,HK0001121349,CSOP Samsung Electronics Daily (2x) Leveraged Product,2025-09-10,1.704,1.732,1.704,1.726,63500,109355.0,,USDKRW,1389.9,2368.39,2407.31,2368.39,2398.97,
9747.HK,HKEX,Samsung Electronics,2x,USD,HK0001121349,CSOP Samsung Electronics Daily (2x) Leveraged Product,2025-09-11,1.72,1.764,1.688,1.76,522100,899669.0,,USDKRW,1390.4,2391.49,2452.67,2347.0,2447.1,
9747.HK,HKEX,Samsung Electronics,2x,USD,HK0001121349,CSOP Samsung Electronics Daily (2x) Leveraged Product,2025-09-12,1.848,1.858,1.82,1.85,56600,104676.0,,USDKRW,1394.0,2576.11,2590.05,2537.08,2578.9,
9747.HK,HKEX,Samsung Electronics,2x,USD,HK0001121349,CSOP Samsung Electronics Daily (2x) Leveraged Product,2025-09-15,1.904,1.922,1.884,1.896,47500,90301.0,,USDKRW,1386.5,2639.9,2664.85,2612.17,2628.8,
9747.HK,HKEX,Samsung Electronics,2x,USD,HK0001121349,CSOP Samsung Electronics Daily (2x) Leveraged Product,2025-09-16,1.968,2.046,1.946,2.04,17200,34341.0,,USDKRW,1379.8,2715.45,2823.07,2685.09,2814.79,
9747.HK,HKEX,Samsung Electronics,2x,USD,HK0001121349,CSOP Samsung Electronics Daily (2x) Leveraged Product,2025-09-17,2.04,2.04,1.924,1.958,218900,423312.0,,USDKRW,1381.0,2817.24,2817.24,2657.04,2704.0,
9747.HK,HKEX,Samsung Electronics,2x,USD,HK0001121349,CSOP Samsung Electronics Daily (2x) Leveraged Product,2025-09-18,2.06,2.092,2.05,2.088,183800,380410.0,,USDKRW,1388.5,2860.31,2904.74,2846.42,2899.19,
9747.HK,HKEX,Samsung Electronics,2x,USD,HK0001121349,CSOP Samsung Electronics Daily (2x) Leveraged Product,2025-09-19,2.06,2.092,2.058,2.064,16000,33020.0,,USDKRW,1399.0,2881.94,2926.71,2879.14,2887.54,
9747.HK,HKEX,Samsung Electronics,2x,USD,HK0001121349,CSOP Samsung Electronics Daily (2x) Leveraged Product,2025-09-22,2.25,2.276,2.226,2.238,17000,38405.0,,USDKRW,1392.0,3132.0,3168.19,3098.59,3115.3,
9747.HK,HKEX,Samsung Electronics,2x,USD,HK0001121349,CSOP Samsung Electronics Daily (2x) Leveraged Product,2025-09-23,2.264,2.334,2.264,2.298,9600,22154.0,,USDKRW,1395.5,3159.41,3257.1,3159.41,3206.86,
9747.HK,HKEX,Samsung Electronics,2x,USD,HK0001121349,CSOP Samsung Electronics Daily (2x) Leveraged Product,2025-09-24,2.298,2.356,2.264,2.32,18900,43835.0,,USDKRW,1405.0,3228.69,3310.18,3180.92,3259.6,
9747.HK,HKEX,Samsung Electronics,2x,USD,HK0001121349,CSOP Samsung Electronics Daily (2x) Leveraged Product,2025-09-25,2.37,2.4,2.354,2.4,3300,7808.0,,USDKRW,1409.0,3339.33,3381.6,3316.79,3381.6,
9747.HK,HKEX,Samsung Electronics,2x,USD,HK0001121349,CSOP Samsung Electronics Daily (2x) Leveraged Product,2025-09-26,2.262,2.262,2.158,2.218,189600,421848.0,,USDKRW,1410.5,3190.55,3190.55,3043.86,3128.49,
9747.HK,HKEX,Samsung Electronics,2x,USD,HK0001121349,CSOP Samsung Electronics Daily (2x) Leveraged Product,2025-09-29,2.31,2.326,2.31,2.318,166600,386184.0,,USDKRW,1400.5,3235.16,3257.56,3235.16,3246.36,
9747.HK,HKEX,Samsung Electronics,2x,USD,HK0001121349,CSOP Samsung Electronics Daily (2x) Leveraged Product,2025-09-30,2.308,2.308,2.26,2.256,2700,6165.0,,USDKRW,1406.0,3245.05,3245.05,3177.56,3171.94,
9747.HK,HKEX,Samsung Electronics,2x,USD,HK0001121349,CSOP Samsung Electronics Daily (2x) Leveraged Product,2025-10-02,2.36,2.38,2.36,2.412,7800,18525.0,,USDKRW,1424.7,3362.29,3390.79,3362.29,3436.38,
9747.HK,HKEX,Samsung Electronics,2x,USD,HK0001121349,CSOP Samsung Electronics Daily (2x) Leveraged Product,2025-10-03,2.41,2.63,2.41,2.55,5900,15255.0,,USDKRW,1424.7,3433.53,3746.96,3433.53,3632.98,
9747.HK,HKEX,Samsung Electronics,2x,USD,HK0001121349,CSOP Samsung Electronics Daily (2x) Leveraged Product,2025-10-06,2.644,2.654,2.614,2.632,18800,49537.0,,USDKRW,1424.7,3766.91,3781.15,3724.17,3749.81,
9747.HK,HKEX,Samsung Electronics,2x,USD,HK0001121349,CSOP Samsung Electronics Daily (2x) Leveraged Product,2025-10-08,2.64,2.71,2.636,2.638,22800,60359.0,,USDKRW,1424.7,3761.21,3860.94,3755.51,3758.36,
9747.HK,HKEX,Samsung Electronics,2x,USD,HK0001121349,CSOP Samsung Electronics Daily (2x) Leveraged Product,2025-10-09,2.668,2.82,2.656,2.82,48300,130857.0,,USDKRW,1424.7,3801.1,4017.65,3784.0,4017.65,
9747.HK,HKEX,Samsung Electronics,2x,USD,HK0001121349,CSOP Samsung Electronics Daily (2x) Leveraged Product,2025-10-10,2.82,2.87,2.77,2.86,160100,448070.0,,USDKRW,1436.0,4049.52,4121.32,3977.72,4106.96,
9747.HK,HKEX,Samsung Electronics,2x,USD,HK0001121349,CSOP Samsung Electronics Daily (2x) Leveraged Product,2025-10-13,2.824,2.824,2.666,2.76,37100,101019.0,,USDKRW,1427.0,4029.85,4029.85,3804.38,3938.52,
9747.HK,HKEX,Samsung Electronics,2x,USD,HK0001121349,CSOP Samsung Electronics Daily (2x) Leveraged Product,2025-10-14,2.76,2.804,2.642,2.694,110600,295391.0,,USDKRW,1430.5,3948.18,4011.12,3779.38,3853.77,
9747.HK,HKEX,Samsung Electronics,2x,USD,HK0001121349,CSOP Samsung Electronics Daily (2x) Leveraged Product,2025-10-15,2.772,2.884,2.752,2.878,67800,189656.0,,USDKRW,1422.5,3943.17,4102.49,3914.72,4093.96,
9747.HK,HKEX,Samsung Electronics,2x,USD,HK0001121349,CSOP Samsung Electronics Daily (2x) Leveraged Product,2025-10-16,2.978,3.016,2.97,3.016,13400,40187.0,,USDKRW,1418.5,4224.29,4278.2,4212.95,4278.2,
9747.HK,HKEX,Samsung Electronics,2x,USD,HK0001121349,CSOP Samsung Electronics Daily (2x) Leveraged Product,2025-10-17,3.0,3.078,2.968,2.952,41300,124407.0,,USDKRW,1423.8,4271.4,4382.46,4225.84,4203.06,
9747.HK,HKEX,Samsung Electronics,2x,USD,HK0001121349,CSOP Samsung Electronics Daily (2x) Leveraged Product,2025-10-20,2.986,3.026,2.972,3.026,8600,25745.0,,USDKRW,1422.0,4246.09,4302.97,4226.18,4302.97,
9747.HK,HKEX,Samsung Electronics,2x,USD,HK0001121349,CSOP Samsung Electronics Daily (2x) Leveraged Product,2025-10-21,3.142,3.142,3.026,3.02,31800,99129.0,,USDKRW,1432.0,4499.34,4499.34,4333.23,4324.64,
9747.HK,HKEX,Samsung Electronics,2x,USD,HK0001121349,CSOP Samsung Electronics Daily (2x) Leveraged Product,2025-10-22,3.01,3.048,2.938,3.046,5800,17426.0,,USDKRW,1432.8,4312.73,4367.17,4209.57,4364.31,
9747.HK,HKEX,Samsung Electronics,2x,USD,HK0001121349,CSOP Samsung Electronics Daily (2x) Leveraged Product,2025-10-23,3.044,3.048,2.926,2.958,7400,22318.0,,USDKRW,1437.5,4375.75,4381.5,4206.12,4252.12,
9747.HK,HKEX,Samsung Electronics,2x,USD,HK0001121349,CSOP Samsung Electronics Daily (2x) Leveraged Product,2025-10-24,3.06,3.116,3.06,3.09,1300,4020.0,,USDKRW,1439.7,4405.48,4486.11,4405.48,4448.67,
9747.HK,HKEX,Samsung Electronics,2x,USD,HK0001121349,CSOP Samsung Electronics Daily (2x) Leveraged Product,2025-10-27,3.268,3.31,3.268,3.274,34200,112630.0,,USDKRW,1433.5,4684.68,4744.88,4684.68,4693.28,
9747.HK,HKEX,Samsung Electronics,2x,USD,HK0001121349,CSOP Samsung Electronics Daily (2x) Leveraged Product,2025-10-28,3.134,3.178,3.128,3.15,27700,87359.0,,USDKRW,1434.5,4495.72,4558.84,4487.12,4518.68,
9747.HK,HKEX,Samsung Electronics,2x,USD,HK0001121349,CSOP Samsung Electronics Daily (2x) Leveraged Product,2025-10-30,3.366,3.492,3.354,3.38,158400,535287.0,,USDKRW,1430.5,4815.06,4995.31,4797.9,4835.09,
9747.HK,HKEX,Samsung Electronics,2x,USD,HK0001121349,CSOP Samsung Electronics Daily (2x) Leveraged Product,2025-10-31,3.468,3.662,3.468,3.65,20500,73461.0,,USDKRW,1431.2,4963.4,5241.05,4963.4,5223.88,
9747.HK,HKEX,Samsung Electronics,2x,USD,HK0001121349,CSOP Samsung Electronics Daily (2x) Leveraged Product,2025-11-03,3.776,3.934,3.77,3.894,121900,469144.0,,USDKRW,1431.0,5403.46,5629.55,5394.87,5572.31,
9747.HK,HKEX,Samsung Electronics,2x,USD,HK0001121349,CSOP Samsung Electronics Daily (2x) Leveraged Product,2025-11-04,3.89,3.89,3.452,3.484,136000,483671.0,,USDKRW,1444.0,5617.16,5617.16,4984.69,5030.9,
9747.HK,HKEX,Samsung Electronics,2x,USD,HK0001121349,CSOP Samsung Electronics Daily (2x) Leveraged Product,2025-11-05,3.1,3.25,2.924,3.178,123500,380471.0,,USDKRW,1441.0,4467.1,4683.25,4213.48,4579.5,
9747.HK,HKEX,Samsung Electronics,2x,USD,HK0001121349,CSOP Samsung Electronics Daily (2x) Leveraged Product,2025-11-06,3.118,3.172,3.056,3.07,25200,78561.0,,USDKRW,1449.0,4517.98,4596.23,4428.14,4448.43,
9747.HK,HKEX,Samsung Electronics,2x,USD,HK0001121349,CSOP Samsung Electronics Daily (2x) Leveraged Product,2025-11-07,3.07,3.07,2.908,2.992,83400,247219.0,,USDKRW,1460.0,4482.2,4482.2,4245.68,4368.32,
9747.HK,HKEX,Samsung Electronics,2x,USD,HK0001121349,CSOP Samsung Electronics Daily (2x) Leveraged Product,2025-11-10,3.106,3.19,3.106,3.19,119400,377851.0,,USDKRW,1456.8,4524.82,4647.19,4524.82,4647.19,
9747.HK,HKEX,Samsung Electronics,2x,USD,HK0001121349,CSOP Samsung Electronics Daily (2x) Leveraged Product,2025-11-11,3.484,3.484,3.258,3.376,87200,291543.0,,USDKRW,1461.8,5092.91,5092.91,4762.54,4935.04,
9747.HK,HKEX,Samsung Electronics,2x,USD,HK0001121349,CSOP Samsung Electronics Daily (2x) Leveraged Product,2025-11-12,3.296,3.372,3.296,3.336,27200,90656.0,,USDKRW,1469.5,4843.47,4955.15,4843.47,4902.25,
9747.HK,HKEX,Samsung Electronics,2x,USD,HK0001121349,CSOP Samsung Electronics Daily (2x) Leveraged Product,2025-11-13,3.258,3.356,3.256,3.27,72000,239165.0,,USDKRW,1471.0,4792.52,4936.68,4789.58,4810.17,
9747.HK,HKEX,Samsung Electronics,2x,USD,HK0001121349,CSOP Samsung Electronics Daily (2x) Leveraged Product,2025-11-14,3.014,3.044,2.9,2.9,32400,95927.0,,USDKRW,1455.5,4386.88,4430.54,4220.95,4220.95,
9747.HK,HKEX,Samsung Electronics,2x,USD,HK0001121349,CSOP Samsung Electronics Daily (2x) Leveraged Product,2025-11-17,3.132,3.134,3.082,3.126,90100,278488.0,,USDKRW,1462.5,4580.55,4583.47,4507.42,4571.77,
9747.HK,HKEX,Samsung Electronics,2x,USD,HK0001121349,CSOP Samsung Electronics Daily (2x) Leveraged Product,2025-11-18,3.036,3.036,2.91,2.92,43100,129494.0,,USDKRW,1461.0,4435.6,4435.6,4251.51,4266.12,
9747.HK,HKEX,Samsung Electronics,2x,USD,HK0001121349,CSOP Samsung Electronics Daily (2x) Leveraged Product,2025-11-19,2.842,2.884,2.836,2.85,15800,45070.0,,USDKRW,1469.5,4176.32,4238.04,4167.5,4188.08,
9747.HK,HKEX,Samsung Electronics,2x,USD,HK0001121349,CSOP Samsung Electronics Daily (2x) Leveraged Product,2025-11-20,3.078,3.21,3.078,3.102,45900,143948.0,,USDKRW,1475.0,4540.05,4734.75,4540.05,4575.45,
9747.HK,HKEX,Samsung Electronics,2x,USD,HK0001121349,CSOP Samsung Electronics Daily (2x) Leveraged Product,2025-11-21,2.784,2.794,2.716,2.724,113600,312301.0,,USDKRW,1472.0,4098.05,4112.77,3997.95,4009.73,
9747.HK,HKEX,Samsung Electronics,2x,USD,HK0001121349,CSOP Samsung Electronics Daily (2x) Leveraged Product,2025-11-24,2.952,2.962,2.84,2.84,25200,73003.0,,USDKRW,1475.2,4354.79,4369.54,4189.57,4189.57,
9747.HK,HKEX,Samsung Electronics,2x,USD,HK0001121349,CSOP Samsung Electronics Daily (2x) Leveraged Product,2025-11-25,2.984,2.998,2.956,2.992,27700,82319.0,,USDKRW,1466.2,4375.14,4395.67,4334.09,4386.87,
9747.HK,HKEX,Samsung Electronics,2x,USD,HK0001121349,CSOP Samsung Electronics Daily (2x) Leveraged Product,2025-11-26,3.126,3.21,3.088,3.206,126700,399595.0,,USDKRW,1470.5,4596.78,4720.3,4540.9,4714.42,
9747.HK,HKEX,Samsung Electronics,2x,USD,HK0001121349,CSOP Samsung Electronics Daily (2x) Leveraged Product,2025-11-27,3.26,3.328,3.226,3.258,168700,550914.0,,USDKRW,1463.0,4769.38,4868.86,4719.64,4766.45,
9747.HK,HKEX,Samsung Electronics,2x,USD,HK0001121349,CSOP Samsung Electronics Daily (2x) Leveraged Product,2025-11-28,3.122,3.15,3.09,3.112,24900,77793.0,,USDKRW,1470.5,4590.9,4632.08,4543.84,4576.2,
9747.HK,HKEX,Samsung Electronics,2x,USD,HK0001121349,CSOP Samsung Electronics Daily (2x) Leveraged Product,2025-12-01,3.122,3.126,3.05,3.06,17800,54941.0,,USDKRW,1470.9,4592.15,4598.03,4486.24,4500.95,
9747.HK,HKEX,Samsung Electronics,2x,USD,HK0001121349,CSOP Samsung Electronics Daily (2x) Leveraged Product,2025-12-02,3.168,3.224,3.168,3.22,24900,79719.0,,USDKRW,1469.5,4655.38,4737.67,4655.38,4731.79,
9747.HK,HKEX,Samsung Electronics,2x,USD,HK0001121349,CSOP Samsung Electronics Daily (2x) Leveraged Product,2025-12-03,3.334,3.348,3.3,3.32,35200,116801.0,,USDKRW,1467.0,4890.98,4911.52,4841.1,4870.44,
9747.HK,HKEX,Samsung Electronics,2x,USD,HK0001121349,CSOP Samsung Electronics Daily (2x) Leveraged Product,2025-12-04,3.294,3.352,3.252,3.35,2000,6592.0,,USDKRW,1475.0,4858.65,4944.2,4796.7,4941.25,
9747.HK,HKEX,Samsung Electronics,2x,USD,HK0001121349,CSOP Samsung Electronics Daily (2x) Leveraged Product,2025-12-05,3.478,3.534,3.446,3.534,30800,107499.0,,USDKRW,1475.0,5130.05,5212.65,5082.85,5212.65,
9747.HK,HKEX,Samsung Electronics,2x,USD,HK0001121349,CSOP Samsung Electronics Daily (2x) Leveraged Product,2025-12-08,3.55,3.652,3.55,3.606,93800,340502.0,,USDKRW,1469.5,5216.72,5366.61,5216.72,5299.02,
9747.HK,HKEX,Samsung Electronics,2x,USD,HK0001121349,CSOP Samsung Electronics Daily (2x) Leveraged Product,2025-12-09,3.528,3.56,3.482,3.538,34100,120095.0,,USDKRW,1470.8,5188.98,5236.05,5121.33,5203.69,
9747.HK,HKEX,Samsung Electronics,2x,USD,HK0001121349,CSOP Samsung Electronics Daily (2x) Leveraged Product,2025-12-10,3.524,3.896,3.47,3.532,24100,86846.0,,USDKRW,1466.6,5168.3,5713.87,5089.1,5180.03,
9747.HK,HKEX,Samsung Electronics,2x,USD,HK0001121349,CSOP Samsung Electronics Daily (2x) Leveraged Product,2025-12-11,3.55,3.576,3.458,3.476,77700,274331.0,,USDKRW,1472.5,5227.38,5265.66,5091.91,5118.41,
9747.HK,HKEX,Samsung Electronics,2x,USD,HK0001121349,CSOP Samsung Electronics Daily (2x) Leveraged Product,2025-12-12,3.548,3.552,3.5,3.506,45200,159222.0,,USDKRW,1477.5,5242.17,5248.08,5171.25,5180.12,
9747.HK,HKEX,Samsung Electronics,2x,USD,HK0001121349,CSOP Samsung Electronics Daily (2x) Leveraged Product,2025-12-15,3.444,3.444,3.29,3.29,64100,212839.0,,USDKRW,1470.8,5065.44,5065.44,4838.93,4838.93,
9747.HK,HKEX,Samsung Electronics,2x,USD,HK0001121349,CSOP Samsung Electronics Daily (2x) Leveraged Product,2025-12-16,3.22,3.232,3.146,3.15,155400,497278.0,,USDKRW,1474.5,4747.89,4765.58,4638.78,4644.68,
9747.HK,HKEX,Samsung Electronics,2x,USD,HK0001121349,CSOP Samsung Electronics Daily (2x) Leveraged Product,2025-12-17,3.296,3.472,3.296,3.468,61200,203980.0,,USDKRW,1478.5,4873.14,5133.35,4873.14,5127.44,
9747.HK,HKEX,Samsung Electronics,2x,USD,HK0001121349,CSOP Samsung Electronics Daily (2x) Leveraged Product,2025-12-18,3.378,3.444,3.36,3.444,6600,22560.0,,USDKRW,1476.5,4987.62,5085.07,4961.04,5085.07,
9747.HK,HKEX,Samsung Electronics,2x,USD,HK0001121349,CSOP Samsung Electronics Daily (2x) Leveraged Product,2025-12-19,3.41,3.442,3.38,3.38,127200,434443.0,,USDKRW,1481.0,5050.21,5097.6,5005.78,5005.78,
9747.HK,HKEX,Samsung Electronics,2x,USD,HK0001121349,CSOP Samsung Electronics Daily (2x) Leveraged Product,2025-12-22,3.602,3.656,3.594,3.65,104000,375841.0,,USDKRW,1480.8,5333.84,5413.8,5322.0,5404.92,
9747.HK,HKEX,Samsung Electronics,2x,USD,HK0001121349,CSOP Samsung Electronics Daily (2x) Leveraged Product,2025-12-23,3.76,3.766,3.67,3.69,47300,176608.0,,USDKRW,1482.0,5572.32,5581.21,5438.94,5468.58,
9747.HK,HKEX,Samsung Electronics,2x,USD,HK0001121349,CSOP Samsung Electronics Daily (2x) Leveraged Product,2025-12-24,3.692,3.726,3.678,3.7,13400,49486.0,,USDKRW,1450.0,5353.4,5402.7,5333.1,5365.0,
9747.HK,HKEX,Samsung Electronics,2x,USD,HK0001121349,CSOP Samsung Electronics Daily (2x) Leveraged Product,2025-12-29,3.96,4.252,3.96,4.252,96700,406943.0,,USDKRW,1434.5,5680.62,6099.49,5680.62,6099.49,
9747.HK,HKEX,Samsung Electronics,2x,USD,HK0001121349,CSOP Samsung Electronics Daily (2x) Leveraged Product,2025-12-30,4.35,4.39,4.274,4.3,436700,1892867.0,,USDKRW,1441.0,6268.35,6325.99,6158.83,6196.3,
9747.HK,HKEX,Samsung Electronics,2x,USD,HK0001121349,CSOP Samsung Electronics Daily (2x) Leveraged Product,2025-12-31,4.3,4.318,4.274,4.276,97200,417798.0,,USDKRW,1447.0,6222.1,6248.15,6184.48,6187.37,
9747.HK,HKEX,Samsung Electronics,2x,USD,HK0001121349,CSOP Samsung Electronics Daily (2x) Leveraged Product,2026-01-02,4.52,4.886,4.52,4.886,719900,3370721.0,,USDKRW,1446.7,6539.08,7068.58,6539.08,7068.58,
9747.HK,HKEX,Samsung Electronics,2x,USD,HK0001121349,CSOP Samsung Electronics Daily (2x) Leveraged Product,2026-01-05,5.4,5.65,5.35,5.625,140300,769447.0,,USDKRW,1446.8,7812.72,8174.42,7740.38,8138.25,
9747.HK,HKEX,Samsung Electronics,2x,USD,HK0001121349,CSOP Samsung Electronics Daily (2x) Leveraged Product,2026-01-06,5.4,5.73,5.33,5.73,421000,2321879.0,,USDKRW,1449.0,7824.6,8302.77,7723.17,8302.77,
9747.HK,HKEX,Samsung Electronics,2x,USD,HK0001121349,CSOP Samsung Electronics Daily (2x) Leveraged Product,2026-01-07,5.925,5.99,5.615,5.82,167500,979162.0,,USDKRW,1450.5,8594.21,8688.5,8144.56,8441.91,
9747.HK,HKEX,Samsung Electronics,2x,USD,HK0001121349,CSOP Samsung Electronics Daily (2x) Leveraged Product,2026-01-08,6.04,6.055,5.635,5.69,683100,4063073.0,,USDKRW,1453.0,8776.12,8797.91,8187.66,8267.57,
9747.HK,HKEX,Samsung Electronics,2x,USD,HK0001121349,CSOP Samsung Electronics Daily (2x) Leveraged Product,2026-01-09,5.46,5.765,5.435,5.7,339700,1923132.0,,USDKRW,1459.9,7971.05,8416.32,7934.56,8321.43,
9747.HK,HKEX,Samsung Electronics,2x,USD,HK0001121349,CSOP Samsung Electronics Daily (2x) Leveraged Product,2026-01-12,5.83,5.83,5.5,5.62,235200,1331238.0,,USDKRW,1468.0,8558.44,8558.44,8074.0,8250.16,
9747.HK,HKEX,Samsung Electronics,2x,USD,HK0001121349,CSOP Samsung Electronics Daily (2x) Leveraged Product,2026-01-13,5.62,5.62,5.46,5.52,46800,259599.0,,USDKRW,1478.5,8309.17,8309.17,8072.61,8161.32,
9747.HK,HKEX,Samsung Electronics,2x,USD,HK0001121349,CSOP Samsung Electronics Daily (2x) Leveraged Product,2026-01-14,5.715,5.755,5.595,5.76,78600,445391.0,,USDKRW,1466.5,8381.05,8439.71,8205.07,8447.04,
9747.HK,HKEX,Samsung Electronics,2x,USD,HK0001121349,CSOP Samsung Electronics Daily (2x) Leveraged Product,2026-01-15,5.75,6.065,5.685,6.065,224500,1325180.0,,USDKRW,1470.3,8454.22,8917.37,8358.66,8917.37,
9747.HK,HKEX,Samsung Electronics,2x,USD,HK0001121349,CSOP Samsung Electronics Daily (2x) Leveraged Product,2026-01-16,6.465,6.56,6.395,6.555,45800,296414.0,,USDKRW,1475.5,9539.11,9679.28,9435.82,9671.9,
9747.HK,HKEX,Samsung Electronics,2x,USD,HK0001121349,CSOP Samsung Electronics Daily (2x) Leveraged Product,2026-01-19,6.41,6.565,6.39,6.485,164500,1061125.0,,USDKRW,1474.5,9451.54,9680.09,9422.06,9562.13,
9747.HK,HKEX,Samsung Electronics,2x,USD,HK0001121349,CSOP Samsung Electronics Daily (2x) Leveraged Product,2026-01-20,6.17,6.36,6.05,6.08,179600,1110045.0,,USDKRW,1479.8,9130.37,9411.53,8952.79,8997.18,
9747.HK,HKEX,Samsung Electronics,2x,USD,HK0001121349,CSOP Samsung Electronics Daily (2x) Leveraged Product,2026-01-21,6.47,6.495,6.2,6.475,222200,1428017.0,,USDKRW,1467.7,9496.02,9532.71,9099.74,9503.36,
9747.HK,HKEX,Samsung Electronics,2x,USD,HK0001121349,CSOP Samsung Electronics Daily (2x) Leveraged Product,2026-01-22,6.81,7.02,6.625,6.815,116500,800475.0,,USDKRW,1465.0,9976.65,10284.3,9705.62,9983.98,
9747.HK,HKEX,Samsung Electronics,2x,USD,HK0001121349,CSOP Samsung Electronics Daily (2x) Leveraged Product,2026-01-23,6.925,6.98,6.53,6.735,37500,254386.0,,USDKRW,1455.3,10077.95,10157.99,9503.11,9801.45,
9747.HK,HKEX,Samsung Electronics,2x,USD,HK0001121349,CSOP Samsung Electronics Daily (2x) Leveraged Product,2026-01-26,6.73,6.78,6.66,6.73,120100,805513.0,,USDKRW,1448.0,9745.04,9817.44,9643.68,9745.04,
9747.HK,HKEX,Samsung Electronics,2x,USD,HK0001121349,CSOP Samsung Electronics Daily (2x) Leveraged Product,2026-01-27,6.835,7.44,6.835,7.41,95200,671726.0,,USDKRW,1435.5,9811.64,10680.12,9811.64,10637.06,
9747.HK,HKEX,Samsung Electronics,2x,USD,HK0001121349,CSOP Samsung Electronics Daily (2x) Leveraged Product,2026-01-28,7.555,7.955,7.43,7.95,342400,2628626.0,,USDKRW,1433.5,10830.09,11403.49,10650.9,11396.32,
9747.HK,HKEX,Samsung Electronics,2x,USD,HK0001121349,CSOP Samsung Electronics Daily (2x) Leveraged Product,2026-01-29,7.65,7.65,7.275,7.525,195700,1458280.0,,USDKRW,1435.0,10977.75,10977.75,10439.62,10798.38,
9747.HK,HKEX,Samsung Electronics,2x,USD,HK0001121349,CSOP Samsung Electronics Daily (2x) Leveraged Product,2026-01-30,7.945,7.945,7.43,7.45,267200,2037748.0,,USDKRW,1452.0,11536.14,11536.14,10788.36,10817.4,
9747.HK,HKEX,Samsung Electronics,2x,USD,HK0001121349,CSOP Samsung Electronics Daily (2x) Leveraged Product,2026-02-02,7.155,7.16,6.41,6.565,211000,1428596.0,,USDKRW,1453.5,10399.79,10407.06,9316.94,9542.23,
9747.HK,HKEX,Samsung Electronics,2x,USD,HK0001121349,CSOP Samsung Electronics Daily (2x) Leveraged Product,2026-02-03,6.71,7.98,6.71,7.88,226000,1699324.0,,USDKRW,1451.0,9736.21,11578.98,9736.21,11433.88,
9747.HK,HKEX,Samsung Electronics,2x,USD,HK0001121349,CSOP Samsung Electronics Daily (2x) Leveraged Product,2026-02-04,7.82,8.145,7.8,8.03,187400,1510528.0,,USDKRW,1460.5,11421.11,11895.77,11391.9,11727.81,
9747.HK,HKEX,Samsung Electronics,2x,USD,HK0001121349,CSOP Samsung Electronics Daily (2x) Leveraged Product,2026-02-05,7.555,7.565,7.125,7.305,166600,1226312.0,,USDKRW,1469.0,11098.3,11112.98,10466.62,10731.04,
9747.HK,HKEX,Samsung Electronics,2x,USD,HK0001121349,CSOP Samsung Electronics Daily (2x) Leveraged Product,2026-02-06,7.05,7.19,6.575,7.04,136500,924221.0,,USDKRW,1465.5,10331.78,10536.94,9635.66,10317.12,
9747.HK,HKEX,Samsung Electronics,2x,USD,HK0001121349,CSOP Samsung Electronics Daily (2x) Leveraged Product,2026-02-09,7.5,7.895,7.5,7.77,117300,918328.0,,USDKRW,1459.5,10946.25,11522.75,10946.25,11340.31,
9747.HK,HKEX,Samsung Electronics,2x,USD,HK0001121349,CSOP Samsung Electronics Daily (2x) Leveraged Product,2026-02-10,8.0,8.0,7.72,7.745,55600,433972.0,,USDKRW,1459.0,11672.0,11672.0,11263.48,11299.96,
9747.HK,HKEX,Samsung Electronics,2x,USD,HK0001121349,CSOP Samsung Electronics Daily (2x) Leveraged Product,2026-02-11,7.73,7.935,7.675,7.88,67600,529245.0,,USDKRW,1448.0,11193.04,11489.88,11113.4,11410.24,
9747.HK,HKEX,Samsung Electronics,2x,USD,HK0001121349,CSOP Samsung Electronics Daily (2x) Leveraged Product,2026-02-12,8.53,9.12,8.525,9.07,253400,2230822.0,,USDKRW,1442.5,12304.52,13155.6,12297.31,13083.48,
9747.HK,HKEX,Samsung Electronics,2x,USD,HK0001121349,CSOP Samsung Electronics Daily (2x) Leveraged Product,2026-02-13,9.085,9.48,9.035,9.185,155100,1427621.0,,USDKRW,1453.0,13200.5,13774.44,13127.86,13345.8,
9747.HK,HKEX,Samsung Electronics,2x,USD,HK0001121349,CSOP Samsung Electronics Daily (2x) Leveraged Product,2026-02-16,9.3,9.695,9.12,9.665,28800,274045.0,,USDKRW,1453.0,13512.9,14086.84,13251.36,14043.24,
9747.HK,HKEX,Samsung Electronics,2x,USD,HK0001121349,CSOP Samsung Electronics Daily (2x) Leveraged Product,2026-02-20,10.04,10.2,9.94,10.2,103000,1033295.0,,USDKRW,1448.0,14537.92,14769.6,14393.12,14769.6,
9747.HK,HKEX,Samsung Electronics,2x,USD,HK0001121349,CSOP Samsung Electronics Daily (2x) Leveraged Product,2026-02-23,10.49,10.62,10.09,10.45,121500,1272195.0,,USDKRW,1446.0,15168.54,15356.52,14590.14,15110.7,
9747.HK,HKEX,Samsung Electronics,2x,USD,HK0001121349,CSOP Samsung Electronics Daily (2x) Leveraged Product,2026-02-24,10.7,11.24,10.68,11.22,106300,1168414.0,,USDKRW,1442.5,15434.75,16213.7,15405.9,16184.85,
9747.HK,HKEX,Samsung Electronics,2x,USD,HK0001121349,CSOP Samsung Electronics Daily (2x) Leveraged Product,2026-02-25,11.55,11.84,11.35,11.76,237100,2735212.0,,USDKRW,1427.5,16487.62,16901.6,16202.12,16787.4,
9747.HK,HKEX,Samsung Electronics,2x,USD,HK0001121349,CSOP Samsung Electronics Daily (2x) Leveraged Product,2026-02-26,12.49,13.59,12.49,13.54,224300,2909830.0,,USDKRW,1432.5,17891.92,19467.68,17891.92,19396.05,
9747.HK,HKEX,Samsung Electronics,2x,USD,HK0001121349,CSOP Samsung Electronics Daily (2x) Leveraged Product,2026-02-27,13.53,13.63,12.41,13.37,192800,2479405.0,,USDKRW,1466.5,19841.74,19988.4,18199.26,19607.1,
9747.HK,HKEX,Samsung Electronics,2x,USD,HK0001121349,CSOP Samsung Electronics Daily (2x) Leveraged Product,2026-03-02,12.97,13.0,12.35,12.39,212700,2711098.0,,USDKRW,1466.5,19020.5,19064.5,18111.27,18169.94,
9747.HK,HKEX,Samsung Electronics,2x,USD,HK0001121349,CSOP Samsung Electronics Daily (2x) Leveraged Product,2026-03-03,12.39,12.39,10.11,10.45,552200,6117418.0,,USDKRW,1480.0,18337.2,18337.2,14962.8,15466.0,
9747.HK,HKEX,Samsung Electronics,2x,USD,HK0001121349,CSOP Samsung Electronics Daily (2x) Leveraged Product,2026-03-04,9.28,9.5,7.87,8.47,653200,5668047.0,,USDKRW,1463.5,13581.28,13903.25,11517.74,12395.84,
9747.HK,HKEX,Samsung Electronics,2x,USD,HK0001121349,CSOP Samsung Electronics Daily (2x) Leveraged Product,2026-03-05,10.26,10.27,9.47,9.7,330700,3242830.0,,USDKRW,1479.0,15174.54,15189.33,14006.13,14346.3,
9747.HK,HKEX,Samsung Electronics,2x,USD,HK0001121349,CSOP Samsung Electronics Daily (2x) Leveraged Product,2026-03-06,8.82,9.495,8.82,9.32,123700,1127602.0,,USDKRW,1485.0,13097.7,14100.08,13097.7,13840.2,
9747.HK,HKEX,Samsung Electronics,2x,USD,HK0001121349,CSOP Samsung Electronics Daily (2x) Leveraged Product,2026-03-09,7.455,8.135,7.3,8.085,1169200,8880324.0,,USDKRW,1467.5,10940.21,11938.11,10712.75,11864.74,
9747.HK,HKEX,Samsung Electronics,2x,USD,HK0001121349,CSOP Samsung Electronics Daily (2x) Leveraged Product,2026-03-10,9.385,9.5,8.945,9.245,249100,2319363.0,,USDKRW,1475.5,13847.57,14017.25,13198.35,13641.0,
9747.HK,HKEX,Samsung Electronics,2x,USD,HK0001121349,CSOP Samsung Electronics Daily (2x) Leveraged Product,2026-03-11,9.59,9.795,9.155,9.21,170400,1631204.0,,USDKRW,1479.0,14183.61,14486.8,13540.24,13621.59,
9747.HK,HKEX,Samsung Electronics,2x,USD,HK0001121349,CSOP Samsung Electronics Daily (2x) Leveraged Product,2026-03-12,9.135,9.255,8.93,9.255,64800,589572.0,,USDKRW,1491.0,13620.28,13799.21,13314.63,13799.21,
9747.HK,HKEX,Samsung Electronics,2x,USD,HK0001121349,CSOP Samsung Electronics Daily (2x) Leveraged Product,2026-03-13,8.79,8.95,8.66,8.68,83000,726876.0,,USDKRW,1499.0,13176.21,13416.05,12981.34,13011.32,
9747.HK,HKEX,Samsung Electronics,2x,USD,HK0001121349,CSOP Samsung Electronics Daily (2x) Leveraged Product,2026-03-16,8.83,9.31,8.76,9.31,95500,859572.0,,USDKRW,1491.5,13169.94,13885.87,13065.54,13885.87,
9747.HK,HKEX,Samsung Electronics,2x,USD,HK0001121349,CSOP Samsung Electronics Daily (2x) Leveraged Product,2026-03-17,9.925,10.03,9.5,9.62,173300,1705979.0,,USDKRW,1488.0,14768.4,14924.64,14136.0,14314.56,
9747.HK,HKEX,Samsung Electronics,2x,USD,HK0001121349,CSOP Samsung Electronics Daily (2x) Leveraged Product,2026-03-18,10.6,11.2,10.6,11.04,118100,1295409.0,,USDKRW,1505.0,15953.0,16856.0,15953.0,16615.2,
9747.HK,HKEX,Samsung Electronics,2x,USD,HK0001121349,CSOP Samsung Electronics Daily (2x) Leveraged Product,2026-03-19,11.5,11.5,10.18,10.25,179000,1859065.0,,USDKRW,1491.0,17146.5,17146.5,15178.38,15282.75,
9747.HK,HKEX,Samsung Electronics,2x,USD,HK0001121349,CSOP Samsung Electronics Daily (2x) Leveraged Product,2026-03-20,10.3,10.41,10.05,10.09,225400,2326799.0,,USDKRW,1506.5,15516.95,15682.66,15140.32,15200.58,
9747.HK,HKEX,Samsung Electronics,2x,USD,HK0001121349,CSOP Samsung Electronics Daily (2x) Leveraged Product,2026-03-23,9.095,9.235,8.65,8.695,500600,4532191.0,,USDKRW,1489.5,13547.0,13755.53,12884.18,12951.2,
9747.HK,HKEX,Samsung Electronics,2x,USD,HK0001121349,CSOP Samsung Electronics Daily (2x) Leveraged Product,2026-03-24,9.065,9.45,8.765,9.36,487400,4410124.0,,USDKRW,1497.0,13570.3,14146.65,13121.21,14011.92,
9747.HK,HKEX,Samsung Electronics,2x,USD,HK0001121349,CSOP Samsung Electronics Daily (2x) Leveraged Product,2026-03-25,9.695,9.735,8.985,9.13,306900,2916799.0,,USDKRW,1504.5,14586.13,14646.31,13517.93,13736.08,
9747.HK,HKEX,Samsung Electronics,2x,USD,HK0001121349,CSOP Samsung Electronics Daily (2x) Leveraged Product,2026-03-26,8.455,8.455,8.1,8.21,188700,1567177.0,,USDKRW,1508.0,12750.14,12750.14,12214.8,12380.68,
9747.HK,HKEX,Samsung Electronics,2x,USD,HK0001121349,CSOP Samsung Electronics Daily (2x) Leveraged Product,2026-03-27,7.75,8.285,7.49,8.1,296400,2347509.0,,USDKRW,1509.0,11694.75,12502.06,11302.41,12222.9,
9747.HK,HKEX,Samsung Electronics,2x,USD,HK0001121349,CSOP Samsung Electronics Daily (2x) Leveraged Product,2026-03-30,7.49,7.87,7.49,7.81,341000,2592797.0,,USDKRW,1517.5,11366.08,11942.72,11366.08,11851.68,
9747.HK,HKEX,Samsung Electronics,2x,USD,HK0001121349,CSOP Samsung Electronics Daily (2x) Leveraged Product,2026-03-31,7.37,7.69,6.915,6.97,222400,1616856.0,,USDKRW,1510.5,11132.38,11615.74,10445.11,10528.18,
9747.HK,HKEX,Samsung Electronics,2x,USD,HK0001121349,CSOP Samsung Electronics Daily (2x) Leveraged Product,2026-04-01,7.85,9.035,7.85,8.875,90400,777725.0,,USDKRW,1513.0,11877.05,13669.96,11877.05,13427.88,
9747.HK,HKEX,Samsung Electronics,2x,USD,HK0001121349,CSOP Samsung Electronics Daily (2x) Leveraged Product,2026-04-02,8.7,8.7,7.595,8.04,228800,1818230.0,,USDKRW,1512.5,13158.75,13158.75,11487.44,12160.5,
9747.HK,HKEX,Samsung Electronics,2x,USD,HK0001121349,CSOP Samsung Electronics Daily (2x) Leveraged Product,2026-04-08,10.8,11.0,10.58,10.77,165900,1777152.0,,USDKRW,1481.0,15994.8,16291.0,15668.98,15950.37,
9747.HK,HKEX,Samsung Electronics,2x,USD,HK0001121349,CSOP Samsung Electronics Daily (2x) Leveraged Product,2026-04-09,10.7,10.7,9.975,10.1,112900,1136961.0,,USDKRW,1476.0,15793.2,15793.2,14723.1,14907.6,
9747.HK,HKEX,Samsung Electronics,2x,USD,HK0001121349,CSOP Samsung Electronics Daily (2x) Leveraged Product,2026-04-10,10.75,10.76,10.25,10.25,355100,3738994.0,,USDKRW,1489.2,16008.9,16023.79,15264.3,15264.3,
9747.HK,HKEX,Samsung Electronics,2x,USD,HK0001121349,CSOP Samsung Electronics Daily (2x) Leveraged Product,2026-04-13,9.87,9.935,9.69,9.875,192000,1885814.0,,USDKRW,1480.5,14612.53,14708.77,14346.04,14619.94,
9747.HK,HKEX,Samsung Electronics,2x,USD,HK0001121349,CSOP Samsung Electronics Daily (2x) Leveraged Product,2026-04-14,10.47,10.67,10.28,10.32,433700,4542605.0,,USDKRW,1473.5,15427.54,15722.24,15147.58,15206.52,
9747.HK,HKEX,Samsung Electronics,2x,USD,HK0001121349,CSOP Samsung Electronics Daily (2x) Leveraged Product,2026-04-15,11.0,11.14,10.64,10.65,401200,4414251.0,,USDKRW,1476.5,16241.5,16448.21,15709.96,15724.72,
9747.HK,HKEX,Samsung Electronics,2x,USD,HK0001121349,CSOP Samsung Electronics Daily (2x) Leveraged Product,2026-04-16,11.2,11.49,11.15,11.48,209200,2366116.0,,USDKRW,1480.8,16584.96,17014.39,16510.92,16999.58,
9747.HK,HKEX,Samsung Electronics,2x,USD,HK0001121349,CSOP Samsung Electronics Daily (2x) Leveraged Product,2026-04-17,11.45,11.46,11.15,11.2,301400,3412016.0,,USDKRW,1479.3,16937.98,16952.78,16494.2,16568.16,
9747.HK,HKEX,Samsung Electronics,2x,USD,HK0001121349,CSOP Samsung Electronics Daily (2x) Leveraged Product,2026-04-20,11.34,11.5,11.08,11.09,208700,2363435.0,,USDKRW,1472.3,16695.88,16931.45,16313.08,16327.81,
9747.HK,HKEX,Samsung Electronics,2x,USD,HK0001121349,CSOP Samsung Electronics Daily (2x) Leveraged Product,2026-04-21,11.47,11.59,11.29,11.55,171300,1958772.0,,USDKRW,1482.0,16998.54,17176.38,16731.78,17117.1,
9747.HK,HKEX,Samsung Electronics,2x,USD,HK0001121349,CSOP Samsung Electronics Daily (2x) Leveraged Product,2026-04-22,11.25,11.44,11.19,11.3,219800,2497188.0,,USDKRW,1479.5,16644.38,16925.48,16555.6,16718.35,
9747.HK,HKEX,Samsung Electronics,2x,USD,HK0001121349,CSOP Samsung Electronics Daily (2x) Leveraged Product,2026-04-23,12.5,12.5,11.22,11.9,473800,5645684.0,,USDKRW,1484.0,18550.0,18550.0,16650.48,17659.6,
9747.HK,HKEX,Samsung Electronics,2x,USD,HK0001121349,CSOP Samsung Electronics Daily (2x) Leveraged Product,2026-04-24,11.55,11.71,11.28,11.52,91900,1053629.0,,USDKRW,1478.0,17070.9,17307.38,16671.84,17026.56,
9747.HK,HKEX,Samsung Electronics,2x,USD,HK0001121349,CSOP Samsung Electronics Daily (2x) Leveraged Product,2026-04-27,12.0,12.21,11.81,11.92,214600,2582916.0,,USDKRW,1475.0,17700.0,18009.75,17419.75,17582.0,
9747.HK,HKEX,Samsung Electronics,2x,USD,HK0001121349,CSOP Samsung Electronics Daily (2x) Leveraged Product,2026-04-28,12.18,12.18,11.67,11.67,105400,1251811.0,,USDKRW,1474.5,17959.41,17959.41,17207.42,17207.42,
9747.HK,HKEX,Samsung Electronics,2x,USD,HK0001121349,CSOP Samsung Electronics Daily (2x) Leveraged Product,2026-04-29,11.48,12.36,11.48,12.14,401100,4773568.0,,USDKRW,1488.0,17082.24,18391.68,17082.24,18064.32,
9747.HK,HKEX,Samsung Electronics,2x,USD,HK0001121349,CSOP Samsung Electronics Daily (2x) Leveraged Product,2026-04-30,12.14,12.28,11.58,11.76,216200,2577200.0,,USDKRW,1475.5,17912.57,18119.14,17086.29,17351.88,
9747.HK,HKEX,Samsung Electronics,2x,USD,HK0001121349,CSOP Samsung Electronics Daily (2x) Leveraged Product,2026-05-04,12.0,13.15,12.0,12.98,402700,5066201.0,,USDKRW,1469.0,17628.0,19317.35,17628.0,19067.62,
9747.HK,HKEX,Samsung Electronics,2x,USD,HK0001121349,CSOP Samsung Electronics Daily (2x) Leveraged Product,2026-05-05,12.98,13.15,12.76,13.16,115000,1483912.0,,USDKRW,1469.0,19067.62,19317.35,18744.44,19332.04,
9747.HK,HKEX,Samsung Electronics,2x,USD,HK0001121349,CSOP Samsung Electronics Daily (2x) Leveraged Product,2026-05-06,15.7,17.01,15.7,16.62,481100,7924771.0,,USDKRW,1449.0,22749.3,24647.49,22749.3,24082.38,
9747.HK,HKEX,Samsung Electronics,2x,USD,HK0001121349,CSOP Samsung Electronics Daily (2x) Leveraged Product,2026-05-07,16.27,17.74,15.84,17.74,476800,8017143.0,,USDKRW,1458.0,23721.66,25864.92,23094.72,25864.92,
9747.HK,HKEX,Samsung Electronics,2x,USD,HK0001121349,CSOP Samsung Electronics Daily (2x) Leveraged Product,2026-05-08,16.51,17.75,16.06,17.29,181700,3051107.0,,USDKRW,1464.0,24170.64,25986.0,23511.84,25312.56,
9747.HK,HKEX,Samsung Electronics,2x,USD,HK0001121349,CSOP Samsung Electronics Daily (2x) Leveraged Product,2026-05-11,18.9,19.36,18.72,18.74,200600,3820788.0,,USDKRW,1475.0,27877.5,28556.0,27612.0,27641.5,
9747.HK,HKEX,Samsung Electronics,2x,USD,HK0001121349,CSOP Samsung Electronics Daily (2x) Leveraged Product,2026-05-12,18.16,18.48,16.36,17.81,437100,7769343.0,,USDKRW,1492.0,27094.72,27572.16,24409.12,26572.52,
9747.HK,HKEX,Samsung Electronics,2x,USD,HK0001121349,CSOP Samsung Electronics Daily (2x) Leveraged Product,2026-05-13,17.8,19.1,17.63,19.0,121600,2221580.0,,USDKRW,1489.5,26513.1,28449.45,26259.88,28300.5,
9747.HK,HKEX,Samsung Electronics,2x,USD,HK0001121349,CSOP Samsung Electronics Daily (2x) Leveraged Product,2026-05-14,19.9,20.68,19.42,19.81,73200,1464018.0,,USDKRW,1493.5,29720.65,30885.58,29003.77,29586.23,
9747.HK,HKEX,Samsung Electronics,2x,USD,HK0001121349,CSOP Samsung Electronics Daily (2x) Leveraged Product,2026-05-15,19.22,19.39,16.08,17.49,477200,8393593.0,,USDKRW,1498.0,28791.56,29046.22,24087.84,26200.02,
9747.HK,HKEX,Samsung Electronics,2x,USD,HK0001121349,CSOP Samsung Electronics Daily (2x) Leveraged Product,2026-05-18,17.3,18.87,17.3,18.05,475700,8626161.0,,USDKRW,1492.0,25811.6,28154.04,25811.6,26930.6,
9747.HK,HKEX,Samsung Electronics,2x,USD,HK0001121349,CSOP Samsung Electronics Daily (2x) Leveraged Product,2026-05-19,16.6,17.95,15.99,17.68,237500,3981357.0,,USDKRW,1507.8,25029.48,27065.01,24109.72,26657.9,
9747.HK,HKEX,Samsung Electronics,2x,USD,HK0001121349,CSOP Samsung Electronics Daily (2x) Leveraged Product,2026-05-20,17.03,18.07,15.86,17.7,106700,1780041.0,,USDKRW,1498.5,25519.46,27077.9,23766.21,26523.45,
9747.HK,HKEX,Samsung Electronics,2x,USD,HK0001121349,CSOP Samsung Electronics Daily (2x) Leveraged Product,2026-05-21,19.8,20.26,19.15,19.69,94300,1857788.0,,USDKRW,1505.5,29808.9,30501.43,28830.32,29643.3,
9747.HK,HKEX,Samsung Electronics,2x,USD,HK0001121349,CSOP Samsung Electronics Daily (2x) Leveraged Product,2026-05-22,19.36,19.74,19.11,19.25,53700,1043582.0,,USDKRW,1512.0,29272.32,29846.88,28894.32,29106.0,
9747.HK,HKEX,Samsung Electronics,2x,USD,HK0001121349,CSOP Samsung Electronics Daily (2x) Leveraged Product,2026-05-26,20.42,20.54,19.99,20.1,116480,2356653.0,,USDKRW,1507.5,30783.15,30964.05,30134.92,30300.75,
9747.HK,HKEX,Samsung Electronics,2x,USD,HK0001121349,CSOP Samsung Electronics Daily (2x) Leveraged Product,2026-05-27,21.9,23.3,21.18,21.36,217400,4880418.0,,USDKRW,1502.0,32893.8,34996.6,31812.36,32082.72,
9747.HK,HKEX,Samsung Electronics,2x,USD,HK0001121349,CSOP Samsung Electronics Daily (2x) Leveraged Product,2026-05-28,21.5,21.5,18.77,20.04,85200,1695750.0,,USDKRW,1496.5,32174.75,32174.75,28089.3,29989.86,
9747.HK,HKEX,Samsung Electronics,2x,USD,HK0001121349,CSOP Samsung Electronics Daily (2x) Leveraged Product,2026-05-29,21.82,22.88,21.66,22.56,61600,1358818.0,,USDKRW,1507.5,32893.65,34491.6,32652.45,34009.2,
9747.HK,HKEX,Samsung Electronics,2x,USD,HK0001121349,CSOP Samsung Electronics Daily (2x) Leveraged Product,2026-06-01,25.0,27.9,25.0,27.74,116500,3144256.0,,USDKRW,1514.5,37862.5,42254.55,37862.5,42012.23,
9747.HK,HKEX,Samsung Electronics,2x,USD,HK0001121349,CSOP Samsung Electronics Daily (2x) Leveraged Product,2026-06-02,27.8,29.5,26.78,28.8,107705,3008178.0,,USDKRW,1535.0,42673.0,45282.5,41107.3,44208.0,
9747.HK,HKEX,Samsung Electronics,2x,USD,HK0001121349,CSOP Samsung Electronics Daily (2x) Leveraged Product,2026-06-03,29.78,31.0,29.78,30.82,58300,1765784.0,,USDKRW,1535.0,45712.3,47585.0,45712.3,47308.7,
9747.HK,HKEX,Samsung Electronics,2x,USD,HK0001121349,CSOP Samsung Electronics Daily (2x) Leveraged Product,2026-06-04,29.0,30.8,27.18,27.18,188000,5293280.0,,USDKRW,1534.0,44486.0,47247.2,41694.12,41694.12,
9747.HK,HKEX,Samsung Electronics,2x,USD,HK0001121349,CSOP Samsung Electronics Daily (2x) Leveraged Product,2026-06-05,23.82,26.16,22.9,23.58,184310,4390031.0,,USDKRW,1559.5,37147.29,40796.52,35712.55,36773.01,
9747.HK,HKEX,Samsung Electronics,2x,USD,HK0001121349,CSOP Samsung Electronics Daily (2x) Leveraged Product,2026-06-08,20.5,23.6,17.98,19.7,192300,3776342.0,,USDKRW,1527.8,31319.9,36056.08,27469.84,30097.66,
9747.HK,HKEX,Samsung Electronics,2x,USD,HK0001121349,CSOP Samsung Electronics Daily (2x) Leveraged Product,2026-06-09,21.0,22.12,19.41,21.46,160600,3337330.0,,USDKRW,1524.5,32014.5,33721.94,29590.54,32715.77,
9747.HK,HKEX,Samsung Electronics,2x,USD,HK0001121349,CSOP Samsung Electronics Daily (2x) Leveraged Product,2026-06-10,21.0,21.0,18.05,19.0,193200,3645278.0,,USDKRW,1524.5,32014.5,32014.5,27517.22,28965.5,
9747.HK,HKEX,Samsung Electronics,2x,USD,HK0001121349,CSOP Samsung Electronics Daily (2x) Leveraged Product,2026-06-11,19.28,19.28,17.85,18.79,184500,3379919.0,,USDKRW,1519.0,29286.32,29286.32,27114.15,28542.01,
9747.HK,HKEX,Samsung Electronics,2x,USD,HK0001121349,CSOP Samsung Electronics Daily (2x) Leveraged Product,2026-06-12,22.6,23.14,20.22,21.14,97300,2148716.0,,USDKRW,1514.7,34232.22,35050.16,30627.23,32020.76,
9747.HK,HKEX,Samsung Electronics,2x,USD,HK0001121349,CSOP Samsung Electronics Daily (2x) Leveraged Product,2026-06-15,22.9,23.84,22.86,23.62,49918,1170428.0,,USDKRW,1515.5,34704.95,36129.52,34644.33,35796.11,
9747.HK,HKEX,Samsung Electronics,2x,USD,HK0001121349,CSOP Samsung Electronics Daily (2x) Leveraged Product,2026-06-16,23.14,24.12,23.14,23.68,150927,3560538.0,,USDKRW,1511.0,34964.54,36445.32,34964.54,35780.48,
9747.HK,HKEX,Samsung Electronics,2x,USD,HK0001121349,CSOP Samsung Electronics Daily (2x) Leveraged Product,2026-06-17,22.98,24.88,22.78,24.62,62300,1496094.0,,USDKRW,1525.5,35055.99,37954.44,34750.89,37557.81,
9747.HK,HKEX,Samsung Electronics,2x,USD,HK0001121349,CSOP Samsung Electronics Daily (2x) Leveraged Product,2026-06-18,24.64,27.16,24.64,26.74,127400,3295144.0,,USDKRW,1538.0,37896.32,41772.08,37896.32,41126.12,
9747.HK,HKEX,Samsung Electronics,2x,USD,HK0001121349,CSOP Samsung Electronics Daily (2x) Leveraged Product,2026-06-22,26.7,27.0,24.74,25.68,140420,3623180.0,,USDKRW,1538.5,41077.95,41539.5,38062.49,39508.68,
9747.HK,HKEX,Samsung Electronics,2x,USD,HK0001121349,CSOP Samsung Electronics Daily (2x) Leveraged Product,2026-06-23,25.66,25.66,18.6,19.6,281800,5860168.0,,USDKRW,1533.5,39349.61,39349.61,28523.1,30056.6,
9747.HK,HKEX,Samsung Electronics,2x,USD,HK0001121349,CSOP Samsung Electronics Daily (2x) Leveraged Product,2026-06-24,21.98,22.8,19.9,22.66,207400,4458896.0,,USDKRW,1543.5,33926.13,35191.8,30715.65,34975.71,
9747.HK,HKEX,Samsung Electronics,2x,USD,HK0001121349,CSOP Samsung Electronics Daily (2x) Leveraged Product,2026-06-25,25.36,25.82,24.8,25.32,78400,1990110.0,,USDKRW,1545.0,39181.2,39891.9,38316.0,39119.4,
9747.HK,HKEX,Samsung Electronics,2x,USD,HK0001121349,CSOP Samsung Electronics Daily (2x) Leveraged Product,2026-06-26,25.0,25.0,20.0,22.62,207500,4525512.0,,USDKRW,1537.5,38437.5,38437.5,30750.0,34778.25,
9747.HK,HKEX,Samsung Electronics,2x,USD,HK0001121349,CSOP Samsung Electronics Daily (2x) Leveraged Product,2026-06-29,20.08,21.16,19.5,20.32,275400,5570115.0,,USDKRW,1541.5,30953.32,32618.14,30059.25,31323.28,
9747.HK,HKEX,Samsung Electronics,2x,USD,HK0001121349,CSOP Samsung Electronics Daily (2x) Leveraged Product,2026-06-30,20.5,22.52,20.5,21.46,116000,2456644.0,,USDKRW,1548.0,31734.0,34860.96,31734.0,33220.08,
9747.HK,HKEX,Samsung Electronics,2x,USD,HK0001121349,CSOP Samsung Electronics Daily (2x) Leveraged Product,2026-07-02,18.99,18.99,14.73,15.68,348700,5543135.0,,USDKRW,1542.5,29292.07,29292.07,22721.02,24186.4,
9747.HK,HKEX,Samsung Electronics,2x,USD,HK0001121349,CSOP Samsung Electronics Daily (2x) Leveraged Product,2026-07-03,16.0,18.08,16.0,17.48,199800,3404328.0,,USDKRW,1530.0,24480.0,27662.4,24480.0,26744.4,
HNX3.L,LSE,SK Hynix,3x,USD,,,2026-06-12,11.57,13.0,11.135,12.725,,452138.26,,USDKRW,1514.7,17525.08,19691.1,16866.18,19274.56,
HNX3.L,LSE,SK Hynix,3x,USD,,,2026-06-15,13.71,16.665,13.7,16.5675,,2609859.635,,USDKRW,1515.5,20777.5,25255.81,20762.35,25108.05,
HNX3.L,LSE,SK Hynix,3x,USD,,,2026-06-16,17.5,22.71,15.965,15.91,,1619692.805,,USDKRW,1511.0,26442.5,34314.81,24123.12,24040.01,
HNX3.L,LSE,SK Hynix,3x,USD,,,2026-06-17,18.595,20.005,17.5,19.1475,,2497944.955,,USDKRW,1525.5,28366.67,30517.63,26696.25,29209.51,
HNX3.L,LSE,SK Hynix,3x,USD,,,2026-06-18,22.165,28.53,22.0,28.065,,1354995.645,,USDKRW,1538.0,34089.77,43879.14,33836.0,43163.97,
HNX3.L,LSE,SK Hynix,3x,USD,,,2026-06-19,26.02,27.91,24.5,26.145,,1633465.18,,USDKRW,1533.0,39888.66,42786.03,37558.5,40080.28,
HNX3.L,LSE,SK Hynix,3x,USD,,,2026-06-22,28.5,36.38,28.5,32.405,,8367290.74,,USDKRW,1538.5,43847.25,55970.63,43847.25,49855.09,
HNX3.L,LSE,SK Hynix,3x,USD,,,2026-06-23,20.0,20.79,17.0,18.68,,15774524.025,,USDKRW,1533.5,30670.0,31881.46,26069.5,28645.78,
HNX3.L,LSE,SK Hynix,3x,USD,,,2026-06-24,18.96,19.605,16.65,17.4625,,4768004.475,,USDKRW,1543.5,29264.76,30260.32,25699.28,26953.37,
HNX3.L,LSE,SK Hynix,3x,USD,,,2026-06-25,24.51,24.99,20.3,22.33,,11797549.215,,USDKRW,1545.0,37867.95,38609.55,31363.5,34499.85,
HNX3.L,LSE,SK Hynix,3x,USD,,,2026-06-26,21.45,21.45,16.53,18.02,,12361394.445,,USDKRW,1537.5,32979.38,32979.38,25414.88,27705.75,
HNX3.L,LSE,SK Hynix,3x,USD,,,2026-06-29,18.25,18.25,13.9,15.2,,3688796.905,,USDKRW,1541.5,28132.38,28132.38,21426.85,23430.8,
HNX3.L,LSE,SK Hynix,3x,USD,,,2026-06-30,16.99,18.25,16.85,17.5,,2654786.535,,USDKRW,1548.0,26300.52,28251.0,26083.8,27090.0,
HNX3.L,LSE,SK Hynix,3x,USD,,,2026-07-01,15.14,15.68,13.12,13.6975,,5375279.985,,USDKRW,1552.5,23504.85,24343.2,20368.8,21265.37,
HNX3.L,LSE,SK Hynix,3x,USD,,,2026-07-02,9.1,11.17,8.2225,8.8225,,10346244.275,,USDKRW,1542.5,14036.75,17229.72,12683.21,13608.71,
HNX3.L,LSE,SK Hynix,3x,USD,,,2026-07-03,10.91,11.52,10.845,11.3475,,1607304.6,,USDKRW,1530.0,16692.3,17625.6,16592.85,17361.68,
SMG3.L,LSE,Samsung Electronics,3x,USD,,,2026-06-12,11.52,12.515,11.0,12.195,,63323.62,,USDKRW,1514.7,17449.34,18956.47,16661.7,18471.77,
SMG3.L,LSE,Samsung Electronics,3x,USD,,,2026-06-15,13.205,14.5,13.17,14.6425,,383952.15,,USDKRW,1515.5,20012.18,21974.75,19959.13,22190.71,
SMG3.L,LSE,Samsung Electronics,3x,USD,,,2026-06-16,15.0,17.4,12.605,12.6825,,1425668.68,,USDKRW,1511.0,22665.0,26291.4,19046.16,19163.26,
SMG3.L,LSE,Samsung Electronics,3x,USD,,,2026-06-17,15.0,15.5,13.2,13.5,,121210.78,,USDKRW,1525.5,22882.5,23645.25,20136.6,20594.25,
SMG3.L,LSE,Samsung Electronics,3x,USD,,,2026-06-18,16.22,18.17,15.8,18.235,,190204.58,,USDKRW,1538.0,24946.36,27945.46,24300.4,28045.43,
SMG3.L,LSE,Samsung Electronics,3x,USD,,,2026-06-19,16.1,16.195,15.385,15.9975,,384789.54,,USDKRW,1533.0,24681.3,24826.94,23585.2,24524.17,
SMG3.L,LSE,Samsung Electronics,3x,USD,,,2026-06-22,16.205,17.8,15.3,16.6575,,543440.81,,USDKRW,1538.5,24931.39,27385.3,23539.05,25627.56,
SMG3.L,LSE,Samsung Electronics,3x,USD,,,2026-06-23,15.0,15.0,9.76,9.8875,,635777.92,,USDKRW,1533.5,23002.5,23002.5,14966.96,15162.48,
SMG3.L,LSE,Samsung Electronics,3x,USD,,,2026-06-24,12.59,12.7,11.2,11.5925,,340088.87,,USDKRW,1543.5,19432.66,19602.45,17287.2,17893.02,
SMG3.L,LSE,Samsung Electronics,3x,USD,,,2026-06-25,14.8,14.8,11.815,12.38,,1073532.265,,USDKRW,1545.0,22866.0,22866.0,18254.18,19127.1,
SMG3.L,LSE,Samsung Electronics,3x,USD,,,2026-06-26,12.08,12.265,10.895,11.975,,305260.97,,USDKRW,1537.5,18573.0,18857.44,16751.06,18411.56,
SMG3.L,LSE,Samsung Electronics,3x,USD,,,2026-06-29,11.97,11.97,8.785,9.72375,,339459.13,,USDKRW,1541.5,18451.76,18451.76,13542.08,14989.16,
SMG3.L,LSE,Samsung Electronics,3x,USD,,,2026-06-30,10.995,11.73,10.85,11.315,,224664.74,,USDKRW,1548.0,17020.26,18158.04,16795.8,17515.62,
SMG3.L,LSE,Samsung Electronics,3x,USD,,,2026-07-01,11.445,11.445,8.5,8.605,,304486.68,,USDKRW,1552.5,17768.36,17768.36,13196.25,13359.26,
SMG3.L,LSE,Samsung Electronics,3x,USD,,,2026-07-02,6.6025,8.2,6.19,6.26,,352440.5075,,USDKRW,1542.5,10184.36,12648.5,9548.08,9656.05,
SMG3.L,LSE,Samsung Electronics,3x,USD,,,2026-07-03,7.9525,8.8,7.885,8.31625,,212538.67,,USDKRW,1530.0,12167.32,13464.0,12064.05,12723.86,
