Date,국가명,ISIN,종목명,보관잔고금액
2025-05-26,홍콩,CNE100000296,BYD CO LTD-H,390832614
2025-05-26,홍콩,KYG875721634,TENCENT HOLDINGS LTD,234655997
2025-05-26,홍콩,KYG9830T1067,XIAOMI CORP,221172064
2025-05-26,홍콩,KYG017191142,ALIBABA GROUP HOLDING LTD,192828238
2025-05-26,홍콩,KYG8020E1199,SEMICONDUCTOR MANUFACTURING INTL CORP,93708553
2025-05-26,홍콩,KYG319891092,ESR CAYMAN LTD,93652183
2025-05-26,홍콩,KYG7170M1033,POP MART INTL GROUP LTD,71570311
2025-05-26,홍콩,CNE100006WS8,CATL ORD H,64870813
2025-05-26,홍콩,CNE100000593,PICC PROPERTY AND CASUALTY CO LTD-H,46212949
2025-05-26,홍콩,CNE100005F09,TIANQI LITHIUM CORP,44483441
2025-05-26,홍콩,CNE1000031W9,GANFENGLITHIUM ORD H,44061841
2025-05-26,홍콩,KYG596691041,MEITUAN,36643112
2025-05-26,홍콩,KYG1146Y1017,BEIGENE LTD,35396101
2025-05-26,홍콩,HK0000748381,YESASIA HOLDINGS LTD,33951890
2025-05-26,홍콩,HK0000562642,GLOBAL X CHINA ELECTRIC VEHICLE AND BATTERY ETF (USD),33950385
2025-05-26,홍콩,CNE100004YZ4,CTG DUTY-FREE,33449901
2025-05-26,홍콩,HK0001025037,GLOBAL X US Treasury 3-5 Year ETF,30831168
2025-05-26,홍콩,KYG982AW1003,XPENG INC,27655236
2025-05-26,홍콩,KYG3777B1032,GEELY AUTOMOBILE HOLDINGS LTD,27631874
2025-05-26,홍콩,HK0000921236,A GX USD MM,25799278
2025-05-26,홍콩,KYG392AS1011,GLOBAL NEW MATERIAL INTL HOLDINGS LTD,23998682
2025-05-26,홍콩,HK0000859063,SAMSUNG BLOCKCHAIN TECHNOLOGIES ETF,23367963
2025-05-26,홍콩,KYG4602S1057,HORIZONROBOT-W,21972230
2025-05-26,홍콩,HK0000562659,GLOBAL X CHINA ELECTRIC VEHICLE AND BATTERY ETF (HKD),21650462
2025-05-26,홍콩,HK0000921228,Global X HANG SENG TECH ETF,20460024
2025-05-26,홍콩,CNE100006CQ4,Ubtech Robotics Ord Shs H,19005553
2025-05-26,홍콩,KYG070341048,BAIDU INC CL A,18091128
2025-05-26,홍콩,HK0941009539,CHINA MOBILE LTD,17615246
2025-05-26,홍콩,KYG8208B1014,JD.COM INC CL A,15685228
2025-05-26,홍콩,CNE1000003X6,PING AN INSURANCE GROUP CO OF CHINA LTD-H,14659379
2025-05-26,홍콩,HK0000562626,GLOBAL X CHINA CONSUMER BRAND ETF (USD),13102955
2025-05-26,홍콩,HK0000642568,CSOP HANG SENG TECH INDEX ETF (HKD),11810748
2025-05-26,홍콩,KYG3887G1091,GIANT BIOGENE,11734838
2025-05-26,홍콩,KYG3774X1088,GCL TECHNOLOGY HOLDINGS LTD,11166747
2025-05-26,홍콩,HKX566362888,PING AN SECURITIE HKD0.01 HKD0.01 CHAN 009837742 BMG7115B1211,10757142
2025-05-26,홍콩,HK0000716081,GLOBAL X CHINA GLOBAL LEADERS ETF (HKD),10735685
2025-05-26,홍콩,HK0000637824,GLOBAL X CHINA SEMICONDUCTOR ETF (USD),10600847
2025-05-26,홍콩,CNE1000002H1,CHINA CONSTRUCTION BANK CORP-H,10542328
2025-05-26,홍콩,HK0000516705,GLOBAL X CHINA CLOUD COMPUTING ETF (USD),10399949
2025-05-26,홍콩,IT0003874101,PRADA SPA,9976314
2025-05-26,홍콩,KYG532631028,KUAISHOU TECHNOLOGY,9695745
2025-05-26,홍콩,CNE1000002L3,CHINA LIFE INSURANCE CO LTD-H,9133664
2025-05-26,홍콩,KYG970081173,WUXI BIOLOGICS CAYMAN INC,9114134
2025-05-26,홍콩,HKX601342549,CHINA BRIGHT CULTURE GROUP USD0.00001 (Delisted/BL398Y0) CHAN 970928502 KYG2153C1078,8631000
2025-05-26,홍콩,HK0000123577,CHINAAMC CSI 300 INDEX ETF HKD,8601977
2025-05-26,홍콩,CNE1000048K8,HAIER SMART HOME CO LTD-H MRGR 006942845 BMG423131256,8562604
2025-05-26,홍콩,CNE1000003G1,INDUSTRIAL AND COMMERCIAL BANK OF CHINA LTD-H,8393059
2025-05-26,홍콩,HK1126010854,DREAM INTERNATIONAL LTD,8366779
2025-05-26,홍콩,KYG9066F1019,TRIP.COM GROUP LTD,8324994
2025-05-26,홍콩,HK0000516697,GLOBAL X CHINA BIOTECH ETF (HKD),8081539
2025-05-27,홍콩,CNE100000296,BYD CO LTD-H,389046461
2025-05-27,홍콩,KYG875721634,TENCENT HOLDINGS LTD,234894361
2025-05-27,홍콩,KYG9830T1067,XIAOMI CORP,223969617
2025-05-27,홍콩,KYG017191142,ALIBABA GROUP HOLDING LTD,194617410
2025-05-27,홍콩,KYG8020E1199,SEMICONDUCTOR MANUFACTURING INTL CORP,92589392
2025-05-27,홍콩,KYG319891092,ESR CAYMAN LTD,91959623
2025-05-27,홍콩,KYG7170M1033,POP MART INTL GROUP LTD,75367779
2025-05-27,홍콩,CNE100006WS8,CATL ORD H,66498162
2025-05-27,홍콩,CNE100000593,PICC PROPERTY AND CASUALTY CO LTD-H,46057848
2025-05-27,홍콩,CNE100005F09,TIANQI LITHIUM CORP,44546540
2025-05-27,홍콩,CNE1000031W9,GANFENGLITHIUM ORD H,43931338
2025-05-27,홍콩,KYG596691041,MEITUAN,37723699
2025-05-27,홍콩,KYG1146Y1017,BEIGENE LTD,35985409
2025-05-27,홍콩,HK0000748381,YESASIA HOLDINGS LTD,34263904
2025-05-27,홍콩,CNE100004YZ4,CTG DUTY-FREE,33738032
2025-05-27,홍콩,HK0000562642,GLOBAL X CHINA ELECTRIC VEHICLE AND BATTERY ETF (USD),33510134
2025-05-27,홍콩,HK0001025037,GLOBAL X US Treasury 3-5 Year ETF,30868703
2025-05-27,홍콩,KYG982AW1003,XPENG INC,27825446
2025-05-27,홍콩,KYG3777B1032,GEELY AUTOMOBILE HOLDINGS LTD,27084432
2025-05-27,홍콩,HK0000921236,A GX USD MM,25786781
2025-05-27,홍콩,KYG4602S1057,HORIZONROBOT-W,24749928
2025-05-27,홍콩,KYG392AS1011,GLOBAL NEW MATERIAL INTL HOLDINGS LTD,23924270
2025-05-27,홍콩,HK0000859063,SAMSUNG BLOCKCHAIN TECHNOLOGIES ETF,23613775
2025-05-27,홍콩,HK0000562659,GLOBAL X CHINA ELECTRIC VEHICLE AND BATTERY ETF (HKD),21433513
2025-05-27,홍콩,HK0000921228,Global X HANG SENG TECH ETF,20402224
2025-05-27,홍콩,KYG070341048,BAIDU INC CL A,18113523
2025-05-27,홍콩,HK0941009539,CHINA MOBILE LTD,17704220
2025-05-27,홍콩,CNE100006CQ4,Ubtech Robotics Ord Shs H,17535304
2025-05-27,홍콩,KYG8208B1014,JD.COM INC CL A,15536616
2025-05-27,홍콩,CNE1000003X6,PING AN INSURANCE GROUP CO OF CHINA LTD-H,14796477
2025-05-27,홍콩,HK0000562626,GLOBAL X CHINA CONSUMER BRAND ETF (USD),13100497
2025-05-27,홍콩,HK0000642568,CSOP HANG SENG TECH INDEX ETF (HKD),11895465
2025-05-27,홍콩,KYG3774X1088,GCL TECHNOLOGY HOLDINGS LTD,10904723
2025-05-27,홍콩,HK0000716081,GLOBAL X CHINA GLOBAL LEADERS ETF (HKD),10864019
2025-05-27,홍콩,HKX566362888,PING AN SECURITIE HKD0.01 HKD0.01 CHAN 009837742 BMG7115B1211,10750937
2025-05-27,홍콩,CNE1000002H1,CHINA CONSTRUCTION BANK CORP-H,10678842
2025-05-27,홍콩,KYG3887G1091,GIANT BIOGENE,10548885
2025-05-27,홍콩,HK0000637824,GLOBAL X CHINA SEMICONDUCTOR ETF (USD),10483220
2025-05-27,홍콩,HK0000516705,GLOBAL X CHINA CLOUD COMPUTING ETF (USD),10376264
2025-05-27,홍콩,IT0003874101,PRADA SPA,10232459
2025-05-27,홍콩,KYG532631028,KUAISHOU TECHNOLOGY,9940134
2025-05-27,홍콩,CNE1000002L3,CHINA LIFE INSURANCE CO LTD-H,9358911
2025-05-27,홍콩,KYG970081173,WUXI BIOLOGICS CAYMAN INC,9353032
2025-05-27,홍콩,HKX601342549,CHINA BRIGHT CULTURE GROUP USD0.00001 (Delisted/BL398Y0) CHAN 970928502 KYG2153C1078,8631000
2025-05-27,홍콩,HK0000123577,CHINAAMC CSI 300 INDEX ETF HKD,8415578
2025-05-27,홍콩,CNE1000003G1,INDUSTRIAL AND COMMERCIAL BANK OF CHINA LTD-H,8395491
2025-05-27,홍콩,CNE1000048K8,HAIER SMART HOME CO LTD-H MRGR 006942845 BMG423131256,8358121
2025-05-27,홍콩,KYG9066F1019,TRIP.COM GROUP LTD,8335269
2025-05-27,홍콩,HK0000516697,GLOBAL X CHINA BIOTECH ETF (HKD),8229036
2025-05-27,홍콩,HK1126010854,DREAM INTERNATIONAL LTD,8119370
2025-05-28,홍콩,CNE100000296,BYD CO LTD-H,382836019
2025-05-28,홍콩,KYG875721634,TENCENT HOLDINGS LTD,231745782
2025-05-28,홍콩,KYG9830T1067,XIAOMI CORP,202633376
2025-05-28,홍콩,KYG017191142,ALIBABA GROUP HOLDING LTD,189847504
2025-05-28,홍콩,KYG319891092,ESR CAYMAN LTD,91006189
2025-05-28,홍콩,KYG8020E1199,SEMICONDUCTOR MANUFACTURING INTL CORP,87858459
2025-05-28,홍콩,KYG7170M1033,POP MART INTL GROUP LTD,74518356
2025-05-28,홍콩,CNE100006WS8,CATL ORD H,67965869
2025-05-28,홍콩,CNE100000593,PICC PROPERTY AND CASUALTY CO LTD-H,46599784
2025-05-28,홍콩,CNE100005F09,TIANQI LITHIUM CORP,44077528
2025-05-28,홍콩,CNE1000031W9,GANFENGLITHIUM ORD H,43371182
2025-05-28,홍콩,KYG596691041,MEITUAN,37522625
2025-05-28,홍콩,HK0000748381,YESASIA HOLDINGS LTD,34488337
2025-05-28,홍콩,CNE100004YZ4,CTG DUTY-FREE,34070300
2025-05-28,홍콩,HK0000562642,GLOBAL X CHINA ELECTRIC VEHICLE AND BATTERY ETF (USD),32929696
2025-05-28,홍콩,HK0001025037,GLOBAL X US Treasury 3-5 Year ETF,30872495
2025-05-28,홍콩,KYG982AW1003,XPENG INC,27691870
2025-05-28,홍콩,KYG1146Y1017,BEIGENE LTD,27275643
2025-05-28,홍콩,KYG3777B1032,GEELY AUTOMOBILE HOLDINGS LTD,26374064
2025-05-28,홍콩,HK0000921236,A GX USD MM,25805760
2025-05-28,홍콩,HK0000859063,SAMSUNG BLOCKCHAIN TECHNOLOGIES ETF,23710415
2025-05-28,홍콩,KYG392AS1011,GLOBAL NEW MATERIAL INTL HOLDINGS LTD,23555315
2025-05-28,홍콩,KYG4602S1057,HORIZONROBOT-W,23197517
2025-05-28,홍콩,HK0000562659,GLOBAL X CHINA ELECTRIC VEHICLE AND BATTERY ETF (HKD),21169019
2025-05-28,홍콩,HK0000921228,Global X HANG SENG TECH ETF,20328239
2025-05-28,홍콩,KYG070341048,BAIDU INC CL A,18299928
2025-05-28,홍콩,HK0941009539,CHINA MOBILE LTD,17685988
2025-05-28,홍콩,CNE100006CQ4,Ubtech Robotics Ord Shs H,16735998
2025-05-28,홍콩,KYG8208B1014,JD.COM INC CL A,15313228
2025-05-28,홍콩,CNE1000003X6,PING AN INSURANCE GROUP CO OF CHINA LTD-H,14664915
2025-05-28,홍콩,HK0000562626,GLOBAL X CHINA CONSUMER BRAND ETF (USD),12923329
2025-05-28,홍콩,HK0000642568,CSOP HANG SENG TECH INDEX ETF (HKD),11763187
2025-05-28,홍콩,HKX566362888,PING AN SECURITIE HKD0.01 HKD0.01 CHAN 009837742 BMG7115B1211,10748405
2025-05-28,홍콩,IT0003874101,PRADA SPA,10704278
2025-05-28,홍콩,CNE1000002H1,CHINA CONSTRUCTION BANK CORP-H,10652449
2025-05-28,홍콩,KYG3774X1088,GCL TECHNOLOGY HOLDINGS LTD,10645406
2025-05-28,홍콩,KYG532631028,KUAISHOU TECHNOLOGY,10539171
2025-05-28,홍콩,KYG3887G1091,GIANT BIOGENE,10478436
2025-05-28,홍콩,HK0000637824,GLOBAL X CHINA SEMICONDUCTOR ETF (USD),10355413
2025-05-28,홍콩,HK0000516705,GLOBAL X CHINA CLOUD COMPUTING ETF (USD),10280867
2025-05-28,홍콩,CNE1000002L3,CHINA LIFE INSURANCE CO LTD-H,9321735
2025-05-28,홍콩,KYG970081173,WUXI BIOLOGICS CAYMAN INC,9199625
2025-05-28,홍콩,HK0000716081,GLOBAL X CHINA GLOBAL LEADERS ETF (HKD),9188833
2025-05-28,홍콩,HKX601342549,CHINA BRIGHT CULTURE GROUP USD0.00001 (Delisted/BL398Y0) CHAN 970928502 KYG2153C1078,8631000
2025-05-28,홍콩,HK0000123577,CHINAAMC CSI 300 INDEX ETF HKD,8500155
2025-05-28,홍콩,KYG9066F1019,TRIP.COM GROUP LTD,8447324
2025-05-28,홍콩,CNE1000048K8,HAIER SMART HOME CO LTD-H MRGR 006942845 BMG423131256,8409123
2025-05-28,홍콩,CNE1000003G1,INDUSTRIAL AND COMMERCIAL BANK OF CHINA LTD-H,8406910
2025-05-28,홍콩,HK0000516697,GLOBAL X CHINA BIOTECH ETF (HKD),8217556
2025-05-28,홍콩,HK1126010854,DREAM INTERNATIONAL LTD,8175130
2025-05-29,홍콩,CNE100000296,BYD CO LTD-H,380416589
2025-05-29,홍콩,KYG875721634,TENCENT HOLDINGS LTD,232905977
2025-05-29,홍콩,KYG9830T1067,XIAOMI CORP,208884577
2025-05-29,홍콩,KYG017191142,ALIBABA GROUP HOLDING LTD,189291028
2025-05-29,홍콩,KYG319891092,ESR CAYMAN LTD,89850494
2025-05-29,홍콩,KYG8020E1199,SEMICONDUCTOR MANUFACTURING INTL CORP,87599583
2025-05-29,홍콩,KYG7170M1033,POP MART INTL GROUP LTD,77675608
2025-05-29,홍콩,CNE100006WS8,CATL ORD H,67743209
2025-05-29,홍콩,CNE100000593,PICC PROPERTY AND CASUALTY CO LTD-H,45891715
2025-05-29,홍콩,CNE100005F09,TIANQI LITHIUM CORP,45558787
2025-05-29,홍콩,CNE1000031W9,GANFENGLITHIUM ORD H,44383794
2025-05-29,홍콩,KYG596691041,MEITUAN,39915316
2025-05-29,홍콩,HK0000748381,YESASIA HOLDINGS LTD,35992620
2025-05-29,홍콩,CNE100004YZ4,CTG DUTY-FREE,34378674
2025-05-29,홍콩,HK0000562642,GLOBAL X CHINA ELECTRIC VEHICLE AND BATTERY ETF (USD),33056063
2025-05-29,홍콩,HK0001025037,GLOBAL X US Treasury 3-5 Year ETF,30814248
2025-05-29,홍콩,KYG982AW1003,XPENG INC,28828672
2025-05-29,홍콩,KYG3777B1032,GEELY AUTOMOBILE HOLDINGS LTD,26536253
2025-05-29,홍콩,HK0000921236,A GX USD MM,25812563
2025-05-29,홍콩,KYG392AS1011,GLOBAL NEW MATERIAL INTL HOLDINGS LTD,23743234
2025-05-29,홍콩,HK0000859063,SAMSUNG BLOCKCHAIN TECHNOLOGIES ETF,23716666
2025-05-29,홍콩,KYG4602S1057,HORIZONROBOT-W,23608737
2025-05-29,홍콩,KYG1146Y1017,BEIGENE LTD,21891123
2025-05-29,홍콩,HK0000562659,GLOBAL X CHINA ELECTRIC VEHICLE AND BATTERY ETF (HKD),21128863
2025-05-29,홍콩,HK0000921228,Global X HANG SENG TECH ETF,20942980
2025-05-29,홍콩,KYG070341048,BAIDU INC CL A,18784648
2025-05-29,홍콩,HK0941009539,CHINA MOBILE LTD,17704886
2025-05-29,홍콩,CNE100006CQ4,Ubtech Robotics Ord Shs H,17094080
2025-05-29,홍콩,KYG8208B1014,JD.COM INC CL A,15945208
2025-05-29,홍콩,CNE1000003X6,PING AN INSURANCE GROUP CO OF CHINA LTD-H,14860949
2025-05-29,홍콩,HK0000562626,GLOBAL X CHINA CONSUMER BRAND ETF (USD),13026414
2025-05-29,홍콩,HK0000642568,CSOP HANG SENG TECH INDEX ETF (HKD),12092153
2025-05-29,홍콩,IT0003874101,PRADA SPA,11220806
2025-05-29,홍콩,KYG532631028,KUAISHOU TECHNOLOGY,11077209
2025-05-29,홍콩,KYG3774X1088,GCL TECHNOLOGY HOLDINGS LTD,10777147
2025-05-29,홍콩,HKX566362888,PING AN SECURITIE HKD0.01 HKD0.01 CHAN 009837742 BMG7115B1211,10751239
2025-05-29,홍콩,CNE1000002H1,CHINA CONSTRUCTION BANK CORP-H,10692736
2025-05-29,홍콩,KYG970081173,WUXI BIOLOGICS CAYMAN INC,10679895
2025-05-29,홍콩,HK0000516705,GLOBAL X CHINA CLOUD COMPUTING ETF (USD),10567058
2025-05-29,홍콩,HK0000637824,GLOBAL X CHINA SEMICONDUCTOR ETF (USD),10497501
2025-05-29,홍콩,KYG3887G1091,GIANT BIOGENE,9992934
2025-05-29,홍콩,CNE1000002L3,CHINA LIFE INSURANCE CO LTD-H,9393950
2025-05-29,홍콩,HK0000716081,GLOBAL X CHINA GLOBAL LEADERS ETF (HKD),9281676
2025-05-29,홍콩,KYG9066F1019,TRIP.COM GROUP LTD,8765481
2025-05-29,홍콩,HKX601342549,CHINA BRIGHT CULTURE GROUP USD0.00001 (Delisted/BL398Y0) CHAN 970928502 KYG2153C1078,8631000
2025-05-29,홍콩,CNE1000048K8,HAIER SMART HOME CO LTD-H MRGR 006942845 BMG423131256,8573153
2025-05-29,홍콩,HK0000516697,GLOBAL X CHINA BIOTECH ETF (HKD),8517164
2025-05-29,홍콩,HK0000123577,CHINAAMC CSI 300 INDEX ETF HKD,8407479
2025-05-29,홍콩,CNE1000003G1,INDUSTRIAL AND COMMERCIAL BANK OF CHINA LTD-H,8395154
2025-05-29,홍콩,HK1126010854,DREAM INTERNATIONAL LTD,8234569
2025-05-30,홍콩,CNE100000296,BYD CO LTD-H,366306611
2025-05-30,홍콩,KYG875721634,TENCENT HOLDINGS LTD,226602829
2025-05-30,홍콩,KYG9830T1067,XIAOMI CORP,207115400
2025-05-30,홍콩,KYG017191142,ALIBABA GROUP HOLDING LTD,181609211
2025-05-30,홍콩,KYG319891092,ESR CAYMAN LTD,87689642
2025-05-30,홍콩,KYG8020E1199,SEMICONDUCTOR MANUFACTURING INTL CORP,86532085
2025-05-30,홍콩,KYG7170M1033,POP MART INTL GROUP LTD,79161176
2025-05-30,홍콩,CNE100006WS8,CATL ORD H,67621233
2025-05-30,홍콩,CNE100000593,PICC PROPERTY AND CASUALTY CO LTD-H,45553938
2025-05-30,홍콩,CNE100005F09,TIANQI LITHIUM CORP,44980154
2025-05-30,홍콩,CNE1000031W9,GANFENGLITHIUM ORD H,43808358
2025-05-30,홍콩,KYG596691041,MEITUAN,39434374
2025-05-30,홍콩,HK0000748381,YESASIA HOLDINGS LTD,35479379
2025-05-30,홍콩,CNE100004YZ4,CTG DUTY-FREE,33582798
2025-05-30,홍콩,HK0000562642,GLOBAL X CHINA ELECTRIC VEHICLE AND BATTERY ETF (USD),32643057
2025-05-30,홍콩,HK0001025037,GLOBAL X US Treasury 3-5 Year ETF,30939157
2025-05-30,홍콩,KYG3777B1032,GEELY AUTOMOBILE HOLDINGS LTD,26418142
2025-05-30,홍콩,KYG982AW1003,XPENG INC,26203906
2025-05-30,홍콩,HK0000921236,A GX USD MM,25803936
2025-05-30,홍콩,KYG392AS1011,GLOBAL NEW MATERIAL INTL HOLDINGS LTD,23728717
2025-05-30,홍콩,HK0000859063,SAMSUNG BLOCKCHAIN TECHNOLOGIES ETF,22974243
2025-05-30,홍콩,KYG4602S1057,HORIZONROBOT-W,22183656
2025-05-30,홍콩,KYG1146Y1017,BEIGENE LTD,22097469
2025-05-30,홍콩,HK0000562659,GLOBAL X CHINA ELECTRIC VEHICLE AND BATTERY ETF (HKD),20907354
2025-05-30,홍콩,HK0000921228,Global X HANG SENG TECH ETF,20335544
2025-05-30,홍콩,KYG070341048,BAIDU INC CL A,18092993
2025-05-30,홍콩,HK0941009539,CHINA MOBILE LTD,17493862
2025-05-30,홍콩,CNE100006CQ4,Ubtech Robotics Ord Shs H,16583411
2025-05-30,홍콩,KYG8208B1014,JD.COM INC CL A,15585471
2025-05-30,홍콩,CNE1000003X6,PING AN INSURANCE GROUP CO OF CHINA LTD-H,14780671
2025-05-30,홍콩,HK0000562626,GLOBAL X CHINA CONSUMER BRAND ETF (USD),12886360
2025-05-30,홍콩,HK0000642568,CSOP HANG SENG TECH INDEX ETF (HKD),11843671
2025-05-30,홍콩,IT0003874101,PRADA SPA,11034855
2025-05-30,홍콩,KYG532631028,KUAISHOU TECHNOLOGY,10867882
2025-05-30,홍콩,HKX566362888,PING AN SECURITIE HKD0.01 HKD0.01 CHAN 009837742 BMG7115B1211,10744665
2025-05-30,홍콩,CNE1000002H1,CHINA CONSTRUCTION BANK CORP-H,10712501
2025-05-30,홍콩,KYG3774X1088,GCL TECHNOLOGY HOLDINGS LTD,10514011
2025-05-30,홍콩,KYG3887G1091,GIANT BIOGENE,10421569
2025-05-30,홍콩,HK0000637824,GLOBAL X CHINA SEMICONDUCTOR ETF (USD),10382270
2025-05-30,홍콩,KYG970081173,WUXI BIOLOGICS CAYMAN INC,10360858
2025-05-30,홍콩,HK0000516705,GLOBAL X CHINA CLOUD COMPUTING ETF (USD),10276360
2025-05-30,홍콩,CNE1000002L3,CHINA LIFE INSURANCE CO LTD-H,9281597
2025-05-30,홍콩,HK0000716081,GLOBAL X CHINA GLOBAL LEADERS ETF (HKD),9074147
2025-05-30,홍콩,HKX601342549,CHINA BRIGHT CULTURE GROUP USD0.00001 (Delisted/BL398Y0) CHAN 970928502 KYG2153C1078,8631000
2025-05-30,홍콩,KYG9066F1019,TRIP.COM GROUP LTD,8476984
2025-05-30,홍콩,HK0000516697,GLOBAL X CHINA BIOTECH ETF (HKD),8450141
2025-05-30,홍콩,HK0000123577,CHINAAMC CSI 300 INDEX ETF HKD,8414057
2025-05-30,홍콩,CNE1000003G1,INDUSTRIAL AND COMMERCIAL BANK OF CHINA LTD-H,8392206
2025-05-30,홍콩,CNE1000048K8,HAIER SMART HOME CO LTD-H MRGR 006942845 BMG423131256,8376229
2025-05-30,홍콩,HK1126010854,DREAM INTERNATIONAL LTD,8157973
2025-06-02,홍콩,CNE100000296,BYD CO LTD-H,357786778
2025-06-02,홍콩,KYG875721634,TENCENT HOLDINGS LTD,225908069
2025-06-02,홍콩,KYG9830T1067,XIAOMI CORP,209474300
2025-06-02,홍콩,KYG017191142,ALIBABA GROUP HOLDING LTD,181195449
2025-06-02,홍콩,KYG8020E1199,SEMICONDUCTOR MANUFACTURING INTL CORP,85979156
2025-06-02,홍콩,KYG319891092,ESR CAYMAN LTD,85965333
2025-06-02,홍콩,KYG7170M1033,POP MART INTL GROUP LTD,82450551
2025-06-02,홍콩,CNE100006WS8,CATL ORD H,69254587
2025-06-02,홍콩,CNE100000593,PICC PROPERTY AND CASUALTY CO LTD-H,45778210
2025-06-02,홍콩,CNE100005F09,TIANQI LITHIUM CORP,44976812
2025-06-02,홍콩,CNE1000031W9,GANFENGLITHIUM ORD H,42607110
2025-06-02,홍콩,KYG596691041,MEITUAN,38688383
2025-06-02,홍콩,HK0000748381,YESASIA HOLDINGS LTD,37930659
2025-06-02,홍콩,CNE100004YZ4,CTG DUTY-FREE,33220827
2025-06-02,홍콩,HK0000562642,GLOBAL X CHINA ELECTRIC VEHICLE AND BATTERY ETF (USD),32142584
2025-06-02,홍콩,HK0001025037,GLOBAL X US Treasury 3-5 Year ETF,30715722
2025-06-02,홍콩,KYG3777B1032,GEELY AUTOMOBILE HOLDINGS LTD,26178531
2025-06-02,홍콩,HK0000921236,A GX USD MM,25816327
2025-06-02,홍콩,KYG982AW1003,XPENG INC,25481830
2025-06-02,홍콩,KYG392AS1011,GLOBAL NEW MATERIAL INTL HOLDINGS LTD,23848009
2025-06-02,홍콩,KYG4602S1057,HORIZONROBOT-W,21886786
2025-06-02,홍콩,KYG1146Y1017,BEIGENE LTD,21596653
2025-06-02,홍콩,HK0000921228,Global X HANG SENG TECH ETF,20446758
2025-06-02,홍콩,HK0000562659,GLOBAL X CHINA ELECTRIC VEHICLE AND BATTERY ETF (HKD),19705584
2025-06-02,홍콩,KYG070341048,BAIDU INC CL A,18076220
2025-06-02,홍콩,HK0941009539,CHINA MOBILE LTD,17502501
2025-06-02,홍콩,CNE100006CQ4,Ubtech Robotics Ord Shs H,16292224
2025-06-02,홍콩,HK0000859063,SAMSUNG BLOCKCHAIN TECHNOLOGIES ETF,16000422
2025-06-02,홍콩,KYG8208B1014,JD.COM INC CL A,15867762
2025-06-02,홍콩,CNE1000003X6,PING AN INSURANCE GROUP CO OF CHINA LTD-H,14615065
2025-06-02,홍콩,HK0000562626,GLOBAL X CHINA CONSUMER BRAND ETF (USD),12736398
2025-06-02,홍콩,HK0000642568,CSOP HANG SENG TECH INDEX ETF (HKD),11794809
2025-06-02,홍콩,KYG532631028,KUAISHOU TECHNOLOGY,10998435
2025-06-02,홍콩,IT0003874101,PRADA SPA,10994873
2025-06-02,홍콩,KYG970081173,WUXI BIOLOGICS CAYMAN INC,10805542
2025-06-02,홍콩,HKX566362888,PING AN SECURITIE HKD0.01 HKD0.01 CHAN 009837742 BMG7115B1211,10743867
2025-06-02,홍콩,CNE1000002H1,CHINA CONSTRUCTION BANK CORP-H,10533709
2025-06-02,홍콩,KYG3774X1088,GCL TECHNOLOGY HOLDINGS LTD,10256606
2025-06-02,홍콩,HK0000637824,GLOBAL X CHINA SEMICONDUCTOR ETF (USD),10189908
2025-06-02,홍콩,HK0000516705,GLOBAL X CHINA CLOUD COMPUTING ETF (USD),10116189
2025-06-02,홍콩,KYG3887G1091,GIANT BIOGENE,9987579
2025-06-02,홍콩,HK0000716081,GLOBAL X CHINA GLOBAL LEADERS ETF (HKD),9560450
2025-06-02,홍콩,CNE1000002L3,CHINA LIFE INSURANCE CO LTD-H,9207168
2025-06-02,홍콩,HKX601342549,CHINA BRIGHT CULTURE GROUP USD0.00001 (Delisted/BL398Y0) CHAN 970928502 KYG2153C1078,8631000
2025-06-02,홍콩,KYG9066F1019,TRIP.COM GROUP LTD,8536526
2025-06-02,홍콩,HK1126010854,DREAM INTERNATIONAL LTD,8486524
2025-06-02,홍콩,HK0000123577,CHINAAMC CSI 300 INDEX ETF HKD,8370466
2025-06-02,홍콩,HK0000516697,GLOBAL X CHINA BIOTECH ETF (HKD),8303625
2025-06-02,홍콩,CNE1000003G1,INDUSTRIAL AND COMMERCIAL BANK OF CHINA LTD-H,8272576
2025-06-02,홍콩,CNE1000048K8,HAIER SMART HOME CO LTD-H MRGR 006942845 BMG423131256,8193528
2025-06-03,홍콩,CNE100000296,BYD CO LTD-H,372615864
2025-06-03,홍콩,KYG875721634,TENCENT HOLDINGS LTD,228761616
2025-06-03,홍콩,KYG9830T1067,XIAOMI CORP,214361217
2025-06-03,홍콩,KYG017191142,ALIBABA GROUP HOLDING LTD,183538287
2025-06-03,홍콩,KYG8020E1199,SEMICONDUCTOR MANUFACTURING INTL CORP,85375143
2025-06-03,홍콩,KYG7170M1033,POP MART INTL GROUP LTD,84135142
2025-06-03,홍콩,KYG319891092,ESR CAYMAN LTD,83859407
2025-06-03,홍콩,CNE100006WS8,CATL ORD H,68997945
2025-06-03,홍콩,CNE100000593,PICC PROPERTY AND CASUALTY CO LTD-H,47551120
2025-06-03,홍콩,CNE100005F09,TIANQI LITHIUM CORP,46261864
2025-06-03,홍콩,CNE1000031W9,GANFENGLITHIUM ORD H,42861325
2025-06-03,홍콩,KYG596691041,MEITUAN,39852573
2025-06-03,홍콩,HK0000748381,YESASIA HOLDINGS LTD,38347611
2025-06-03,홍콩,CNE100004YZ4,CTG DUTY-FREE,33422801
2025-06-03,홍콩,HK0000562642,GLOBAL X CHINA ELECTRIC VEHICLE AND BATTERY ETF (USD),32635483
2025-06-03,홍콩,HK0001025037,GLOBAL X US Treasury 3-5 Year ETF,30616211
2025-06-03,홍콩,KYG3777B1032,GEELY AUTOMOBILE HOLDINGS LTD,26654905
2025-06-03,홍콩,KYG982AW1003,XPENG INC,25951360
2025-06-03,홍콩,HK0000921236,A GX USD MM,25816327
2025-06-03,홍콩,KYG392AS1011,GLOBAL NEW MATERIAL INTL HOLDINGS LTD,24211177
2025-06-03,홍콩,KYG1146Y1017,BEIGENE LTD,22251870
2025-06-03,홍콩,KYG4602S1057,HORIZONROBOT-W,21396297
2025-06-03,홍콩,HK0000921228,Global X HANG SENG TECH ETF,20694005
2025-06-03,홍콩,HK0000562659,GLOBAL X CHINA ELECTRIC VEHICLE AND BATTERY ETF (HKD),19881568
2025-06-03,홍콩,KYG070341048,BAIDU INC CL A,18228526
2025-06-03,홍콩,HK0941009539,CHINA MOBILE LTD,17705209
2025-06-03,홍콩,HK0000859063,SAMSUNG BLOCKCHAIN TECHNOLOGIES ETF,16537049
2025-06-03,홍콩,CNE100006CQ4,Ubtech Robotics Ord Shs H,16169772
2025-06-03,홍콩,KYG8208B1014,JD.COM INC CL A,15540498
2025-06-03,홍콩,CNE1000003X6,PING AN INSURANCE GROUP CO OF CHINA LTD-H,14905266
2025-06-03,홍콩,HK0000562626,GLOBAL X CHINA CONSUMER BRAND ETF (USD),12807735
2025-06-03,홍콩,HK0000642568,CSOP HANG SENG TECH INDEX ETF (HKD),11961324
2025-06-03,홍콩,IT0003874101,PRADA SPA,11205565
2025-06-03,홍콩,CNE1000002H1,CHINA CONSTRUCTION BANK CORP-H,10903088
2025-06-03,홍콩,KYG532631028,KUAISHOU TECHNOLOGY,10748763
2025-06-03,홍콩,HKX566362888,PING AN SECURITIE HKD0.01 HKD0.01 CHAN 009837742 BMG7115B1211,10743867
2025-06-03,홍콩,HK0000637824,GLOBAL X CHINA SEMICONDUCTOR ETF (USD),10696146
2025-06-03,홍콩,KYG970081173,WUXI BIOLOGICS CAYMAN INC,10665771
2025-06-03,홍콩,KYG3774X1088,GCL TECHNOLOGY HOLDINGS LTD,10383780
2025-06-03,홍콩,HK0000516705,GLOBAL X CHINA CLOUD COMPUTING ETF (USD),10313542
2025-06-03,홍콩,HK0000716081,GLOBAL X CHINA GLOBAL LEADERS ETF (HKD),9691696
2025-06-03,홍콩,KYG3887G1091,GIANT BIOGENE,9524274
2025-06-03,홍콩,CNE1000002L3,CHINA LIFE INSURANCE CO LTD-H,9334884
2025-06-03,홍콩,KYG9066F1019,TRIP.COM GROUP LTD,8738143
2025-06-03,홍콩,HK1126010854,DREAM INTERNATIONAL LTD,8659801
2025-06-03,홍콩,HKX601342549,CHINA BRIGHT CULTURE GROUP USD0.00001 (Delisted/BL398Y0) CHAN 970928502 KYG2153C1078,8631000
2025-06-03,홍콩,CNE1000003G1,INDUSTRIAL AND COMMERCIAL BANK OF CHINA LTD-H,8522370
2025-06-03,홍콩,HK0000516697,GLOBAL X CHINA BIOTECH ETF (HKD),8500924
2025-06-03,홍콩,HK0000123577,CHINAAMC CSI 300 INDEX ETF HKD,8487645
2025-06-03,홍콩,CNE1000048K8,HAIER SMART HOME CO LTD-H MRGR 006942845 BMG423131256,8303356
2025-06-04,홍콩,CNE100000296,BYD CO LTD-H,375993226
2025-06-04,홍콩,KYG875721634,TENCENT HOLDINGS LTD,223508929
2025-06-04,홍콩,KYG9830T1067,XIAOMI CORP,213411439
2025-06-04,홍콩,KYG017191142,ALIBABA GROUP HOLDING LTD,182028059
2025-06-04,홍콩,KYG7170M1033,POP MART INTL GROUP LTD,89361192
2025-06-04,홍콩,KYG8020E1199,SEMICONDUCTOR MANUFACTURING INTL CORP,85204425
2025-06-04,홍콩,KYG319891092,ESR CAYMAN LTD,80944337
2025-06-04,홍콩,CNE100006WS8,CATL ORD H,69221093
2025-06-04,홍콩,CNE100005F09,TIANQI LITHIUM CORP,48533638
2025-06-04,홍콩,CNE100000593,PICC PROPERTY AND CASUALTY CO LTD-H,45403031
2025-06-04,홍콩,CNE1000031W9,GANFENGLITHIUM ORD H,44781465
2025-06-04,홍콩,KYG596691041,MEITUAN,41933499
2025-06-04,홍콩,HK0000748381,YESASIA HOLDINGS LTD,38357974
2025-06-04,홍콩,CNE100004YZ4,CTG DUTY-FREE,33672766
2025-06-04,홍콩,HK0000562642,GLOBAL X CHINA ELECTRIC VEHICLE AND BATTERY ETF (USD),32842718
2025-06-04,홍콩,HK0001025037,GLOBAL X US Treasury 3-5 Year ETF,30568283
2025-06-04,홍콩,KYG3777B1032,GEELY AUTOMOBILE HOLDINGS LTD,27327758
2025-06-04,홍콩,HK0000921236,A GX USD MM,25804119
2025-06-04,홍콩,KYG392AS1011,GLOBAL NEW MATERIAL INTL HOLDINGS LTD,24260228
2025-06-04,홍콩,KYG1146Y1017,BEIGENE LTD,22917555
2025-06-04,홍콩,KYG4602S1057,HORIZONROBOT-W,21887583
2025-06-04,홍콩,KYG982AW1003,XPENG INC,21422651
2025-06-04,홍콩,HK0000921228,Global X HANG SENG TECH ETF,20732741
2025-06-04,홍콩,HK0000562659,GLOBAL X CHINA ELECTRIC VEHICLE AND BATTERY ETF (HKD),19745631
2025-06-04,홍콩,KYG070341048,BAIDU INC CL A,18517540
2025-06-04,홍콩,HK0941009539,CHINA MOBILE LTD,17647159
2025-06-04,홍콩,HK0000859063,SAMSUNG BLOCKCHAIN TECHNOLOGIES ETF,16904690
2025-06-04,홍콩,CNE100006CQ4,Ubtech Robotics Ord Shs H,16334376
2025-06-04,홍콩,CNE1000003X6,PING AN INSURANCE GROUP CO OF CHINA LTD-H,14631359
2025-06-04,홍콩,KYG8208B1014,JD.COM INC CL A,13890679
2025-06-04,홍콩,HK0000562626,GLOBAL X CHINA CONSUMER BRAND ETF (USD),12859581
2025-06-04,홍콩,HK0000642568,CSOP HANG SENG TECH INDEX ETF (HKD),11999078
2025-06-04,홍콩,KYG970081173,WUXI BIOLOGICS CAYMAN INC,11131900
2025-06-04,홍콩,IT0003874101,PRADA SPA,11069278
2025-06-04,홍콩,CNE1000002H1,CHINA CONSTRUCTION BANK CORP-H,11030165
2025-06-04,홍콩,HK0000637824,GLOBAL X CHINA SEMICONDUCTOR ETF (USD),10769696
2025-06-04,홍콩,HKX566362888,PING AN SECURITIE HKD0.01 HKD0.01 CHAN 009837742 BMG7115B1211,10738786
2025-06-04,홍콩,KYG3774X1088,GCL TECHNOLOGY HOLDINGS LTD,10505186
2025-06-04,홍콩,HK0000516705,GLOBAL X CHINA CLOUD COMPUTING ETF (USD),10354280
2025-06-04,홍콩,KYG3887G1091,GIANT BIOGENE,9733534
2025-06-04,홍콩,HK0000716081,GLOBAL X CHINA GLOBAL LEADERS ETF (HKD),9707949
2025-06-04,홍콩,CNE1000002L3,CHINA LIFE INSURANCE CO LTD-H,9542128
2025-06-04,홍콩,KYG532631028,KUAISHOU TECHNOLOGY,9004972
2025-06-04,홍콩,HKX601342549,CHINA BRIGHT CULTURE GROUP USD0.00001 (Delisted/BL398Y0) CHAN 970928502 KYG2153C1078,8631000
2025-06-04,홍콩,CNE1000003G1,INDUSTRIAL AND COMMERCIAL BANK OF CHINA LTD-H,8552164
2025-06-04,홍콩,HK0000123577,CHINAAMC CSI 300 INDEX ETF HKD,8518769
2025-06-04,홍콩,HK1126010854,DREAM INTERNATIONAL LTD,8426795
2025-06-04,홍콩,CNE1000048K8,HAIER SMART HOME CO LTD-H MRGR 006942845 BMG423131256,8331161
2025-06-04,홍콩,HK0000516697,GLOBAL X CHINA BIOTECH ETF (HKD),8238256
2025-06-04,홍콩,HK0000516689,GLOBAL X CHINA BIOTECH ETF (USD),8156507
2025-06-05,홍콩,CNE100000296,BYD CO LTD-H,381653042
2025-06-05,홍콩,KYG875721634,TENCENT HOLDINGS LTD,224456908
2025-06-05,홍콩,KYG9830T1067,XIAOMI CORP,217120859
2025-06-05,홍콩,KYG017191142,ALIBABA GROUP HOLDING LTD,188191445
2025-06-05,홍콩,KYG8020E1199,SEMICONDUCTOR MANUFACTURING INTL CORP,88983153
2025-06-05,홍콩,KYG7170M1033,POP MART INTL GROUP LTD,88742589
2025-06-05,홍콩,KYG319891092,ESR CAYMAN LTD,80955962
2025-06-05,홍콩,CNE100006WS8,CATL ORD H,70208496
2025-06-05,홍콩,CNE100005F09,TIANQI LITHIUM CORP,48357090
2025-06-05,홍콩,CNE100000593,PICC PROPERTY AND CASUALTY CO LTD-H,46990737
2025-06-05,홍콩,CNE1000031W9,GANFENGLITHIUM ORD H,45471658
2025-06-05,홍콩,KYG596691041,MEITUAN,43038727
2025-06-05,홍콩,HK0000748381,YESASIA HOLDINGS LTD,38450066
2025-06-05,홍콩,CNE100004YZ4,CTG DUTY-FREE,33737910
2025-06-05,홍콩,HK0000562642,GLOBAL X CHINA ELECTRIC VEHICLE AND BATTERY ETF (USD),32961822
2025-06-05,홍콩,HK0001025037,GLOBAL X US Treasury 3-5 Year ETF,30683203
2025-06-05,홍콩,KYG3777B1032,GEELY AUTOMOBILE HOLDINGS LTD,27158594
2025-06-05,홍콩,HK0000921236,A GX USD MM,25818553
2025-06-05,홍콩,KYG392AS1011,GLOBAL NEW MATERIAL INTL HOLDINGS LTD,24745690
2025-06-05,홍콩,KYG1146Y1017,BEIGENE LTD,22773824
2025-06-05,홍콩,KYG982AW1003,XPENG INC,21662276
2025-06-05,홍콩,KYG4602S1057,HORIZONROBOT-W,21467487
2025-06-05,홍콩,HK0000921228,Global X HANG SENG TECH ETF,21123740
2025-06-05,홍콩,HK0000562659,GLOBAL X CHINA ELECTRIC VEHICLE AND BATTERY ETF (HKD),19844400
2025-06-05,홍콩,KYG070341048,BAIDU INC CL A,18705381
2025-06-05,홍콩,HK0941009539,CHINA MOBILE LTD,17724906
2025-06-05,홍콩,HK0000859063,SAMSUNG BLOCKCHAIN TECHNOLOGIES ETF,17068053
2025-06-05,홍콩,CNE100006CQ4,Ubtech Robotics Ord Shs H,16887355
2025-06-05,홍콩,CNE1000003X6,PING AN INSURANCE GROUP CO OF CHINA LTD-H,14700294
2025-06-05,홍콩,KYG8208B1014,JD.COM INC CL A,14117535
2025-06-05,홍콩,HK0000562626,GLOBAL X CHINA CONSUMER BRAND ETF (USD),12805091
2025-06-05,홍콩,HK0000642568,CSOP HANG SENG TECH INDEX ETF (HKD),12261415
2025-06-05,홍콩,IT0003874101,PRADA SPA,11262313
2025-06-05,홍콩,CNE1000002H1,CHINA CONSTRUCTION BANK CORP-H,11153985
2025-06-05,홍콩,KYG970081173,WUXI BIOLOGICS CAYMAN INC,11005719
2025-06-05,홍콩,HK0000637824,GLOBAL X CHINA SEMICONDUCTOR ETF (USD),10968807
2025-06-05,홍콩,KYG3774X1088,GCL TECHNOLOGY HOLDINGS LTD,10749355
2025-06-05,홍콩,HKX566362888,PING AN SECURITIE HKD0.01 HKD0.01 CHAN 009837742 BMG7115B1211,10740329
2025-06-05,홍콩,HK0000516705,GLOBAL X CHINA CLOUD COMPUTING ETF (USD),10587780
2025-06-05,홍콩,HK0000716081,GLOBAL X CHINA GLOBAL LEADERS ETF (HKD),9833894
2025-06-05,홍콩,CNE1000002L3,CHINA LIFE INSURANCE CO LTD-H,9753246
2025-06-05,홍콩,KYG532631028,KUAISHOU TECHNOLOGY,9454667
2025-06-05,홍콩,HK1126010854,DREAM INTERNATIONAL LTD,8986056
2025-06-05,홍콩,KYG3887G1091,GIANT BIOGENE,8864508
2025-06-05,홍콩,CNE1000003G1,INDUSTRIAL AND COMMERCIAL BANK OF CHINA LTD-H,8664948
2025-06-05,홍콩,HKX601342549,CHINA BRIGHT CULTURE GROUP USD0.00001 (Delisted/BL398Y0) CHAN 970928502 KYG2153C1078,8631000
2025-06-05,홍콩,HK0000123577,CHINAAMC CSI 300 INDEX ETF HKD,8527801
2025-06-05,홍콩,CNE1000048K8,HAIER SMART HOME CO LTD-H MRGR 006942845 BMG423131256,8313673
2025-06-05,홍콩,HK0000516689,GLOBAL X CHINA BIOTECH ETF (USD),8156507
2025-06-05,홍콩,HK0000516697,GLOBAL X CHINA BIOTECH ETF (HKD),8148593
2025-06-06,홍콩,CNE100000296,BYD CO LTD-H,376610291
2025-06-06,홍콩,KYG875721634,TENCENT HOLDINGS LTD,224439444
2025-06-06,홍콩,KYG9830T1067,XIAOMI CORP,212980850
2025-06-06,홍콩,KYG017191142,ALIBABA GROUP HOLDING LTD,187650592
2025-06-06,홍콩,KYG7170M1033,POP MART INTL GROUP LTD,89986662
2025-06-06,홍콩,KYG8020E1199,SEMICONDUCTOR MANUFACTURING INTL CORP,84824500
2025-06-06,홍콩,KYG319891092,ESR CAYMAN LTD,80376086
2025-06-06,홍콩,CNE100006WS8,CATL ORD H,69330754
2025-06-06,홍콩,CNE100005F09,TIANQI LITHIUM CORP,48447503
2025-06-06,홍콩,CNE1000031W9,GANFENGLITHIUM ORD H,46187958
2025-06-06,홍콩,CNE100000593,PICC PROPERTY AND CASUALTY CO LTD-H,46136627
2025-06-06,홍콩,KYG596691041,MEITUAN,41996977
2025-06-06,홍콩,HK0000748381,YESASIA HOLDINGS LTD,37860412
2025-06-06,홍콩,CNE100004YZ4,CTG DUTY-FREE,33737910
2025-06-06,홍콩,HK0000562642,GLOBAL X CHINA ELECTRIC VEHICLE AND BATTERY ETF (USD),32714823
2025-06-06,홍콩,HK0001025037,GLOBAL X US Treasury 3-5 Year ETF,30704636
2025-06-06,홍콩,KYG3777B1032,GEELY AUTOMOBILE HOLDINGS LTD,26916231
2025-06-06,홍콩,HK0000921236,A GX USD MM,25840009
2025-06-06,홍콩,KYG392AS1011,GLOBAL NEW MATERIAL INTL HOLDINGS LTD,24624684
2025-06-06,홍콩,KYG1146Y1017,BEIGENE LTD,22892309
2025-06-06,홍콩,KYG982AW1003,XPENG INC,21400007
2025-06-06,홍콩,HK0000921228,Global X HANG SENG TECH ETF,20997268
2025-06-06,홍콩,KYG4602S1057,HORIZONROBOT-W,20901288
2025-06-06,홍콩,HK0000562659,GLOBAL X CHINA ELECTRIC VEHICLE AND BATTERY ETF (HKD),19669808
2025-06-06,홍콩,KYG070341048,BAIDU INC CL A,18676955
2025-06-06,홍콩,HK0941009539,CHINA MOBILE LTD,17464454
2025-06-06,홍콩,HK0000859063,SAMSUNG BLOCKCHAIN TECHNOLOGIES ETF,16967284
2025-06-06,홍콩,CNE100006CQ4,Ubtech Robotics Ord Shs H,16641240
2025-06-06,홍콩,CNE1000003X6,PING AN INSURANCE GROUP CO OF CHINA LTD-H,14610248
2025-06-06,홍콩,KYG8208B1014,JD.COM INC CL A,13496664
2025-06-06,홍콩,HK0000562626,GLOBAL X CHINA CONSUMER BRAND ETF (USD),12785410
2025-06-06,홍콩,HK0000642568,CSOP HANG SENG TECH INDEX ETF (HKD),12361267
2025-06-06,홍콩,CNE1000002H1,CHINA CONSTRUCTION BANK CORP-H,11153831
2025-06-06,홍콩,IT0003874101,PRADA SPA,11065266
2025-06-06,홍콩,KYG970081173,WUXI BIOLOGICS CAYMAN INC,11058631
2025-06-06,홍콩,HK0000637824,GLOBAL X CHINA SEMICONDUCTOR ETF (USD),10910865
2025-06-06,홍콩,HKX566362888,PING AN SECURITIE HKD0.01 HKD0.01 CHAN 009837742 BMG7115B1211,10740329
2025-06-06,홍콩,HK0000516705,GLOBAL X CHINA CLOUD COMPUTING ETF (USD),10526659
2025-06-06,홍콩,KYG3774X1088,GCL TECHNOLOGY HOLDINGS LTD,10485891
2025-06-06,홍콩,HK0000716081,GLOBAL X CHINA GLOBAL LEADERS ETF (HKD),10086616
2025-06-06,홍콩,KYG532631028,KUAISHOU TECHNOLOGY,9952693
2025-06-06,홍콩,CNE1000002L3,CHINA LIFE INSURANCE CO LTD-H,9718288
2025-06-06,홍콩,HK1126010854,DREAM INTERNATIONAL LTD,8714185
2025-06-06,홍콩,KYG3887G1091,GIANT BIOGENE,8682255
2025-06-06,홍콩,HKX601342549,CHINA BRIGHT CULTURE GROUP USD0.00001 (Delisted/BL398Y0) CHAN 970928502 KYG2153C1078,8631000
2025-06-06,홍콩,CNE1000003G1,INDUSTRIAL AND COMMERCIAL BANK OF CHINA LTD-H,8615335
2025-06-06,홍콩,HK0000123577,CHINAAMC CSI 300 INDEX ETF HKD,8504965
2025-06-06,홍콩,CNE1000048K8,HAIER SMART HOME CO LTD-H MRGR 006942845 BMG423131256,8440145
2025-06-06,홍콩,HK0000516697,GLOBAL X CHINA BIOTECH ETF (HKD),8156914
2025-06-06,홍콩,HK0000516689,GLOBAL X CHINA BIOTECH ETF (USD),8094571
2025-06-09,홍콩,CNE100000296,BYD CO LTD-H,365259332
2025-06-09,홍콩,KYG875721634,TENCENT HOLDINGS LTD,223512652
2025-06-09,홍콩,KYG9830T1067,XIAOMI CORP,216065603
2025-06-09,홍콩,KYG017191142,ALIBABA GROUP HOLDING LTD,197720204
2025-06-09,홍콩,KYG7170M1033,POP MART INTL GROUP LTD,92222505
2025-06-09,홍콩,KYG8020E1199,SEMICONDUCTOR MANUFACTURING INTL CORP,89319514
2025-06-09,홍콩,KYG319891092,ESR CAYMAN LTD,78587839
2025-06-09,홍콩,CNE100006WS8,CATL ORD H,68914358
2025-06-09,홍콩,CNE100005F09,TIANQI LITHIUM CORP,47512595
2025-06-09,홍콩,CNE1000031W9,GANFENGLITHIUM ORD H,46512595
2025-06-09,홍콩,CNE100000593,PICC PROPERTY AND CASUALTY CO LTD-H,45853203
2025-06-09,홍콩,KYG596691041,MEITUAN,43802479
2025-06-09,홍콩,HK0000748381,YESASIA HOLDINGS LTD,38533915
2025-06-09,홍콩,CNE100004YZ4,CTG DUTY-FREE,34193548
2025-06-09,홍콩,HK0000562642,GLOBAL X CHINA ELECTRIC VEHICLE AND BATTERY ETF (USD),32433833
2025-06-09,홍콩,HK0001025037,GLOBAL X US Treasury 3-5 Year ETF,30516654
2025-06-09,홍콩,KYG3777B1032,GEELY AUTOMOBILE HOLDINGS LTD,26327535
2025-06-09,홍콩,HK0000921236,A GX USD MM,25840114
2025-06-09,홍콩,KYG392AS1011,GLOBAL NEW MATERIAL INTL HOLDINGS LTD,25578003
2025-06-09,홍콩,KYG1146Y1017,BEIGENE LTD,22866191
2025-06-09,홍콩,HK0000921228,Global X HANG SENG TECH ETF,21762681
2025-06-09,홍콩,KYG982AW1003,XPENG INC,21745878
2025-06-09,홍콩,KYG4602S1057,HORIZONROBOT-W,21556381
2025-06-09,홍콩,HK0000562659,GLOBAL X CHINA ELECTRIC VEHICLE AND BATTERY ETF (HKD),19493775
2025-06-09,홍콩,KYG070341048,BAIDU INC CL A,17610751
2025-06-09,홍콩,HK0941009539,CHINA MOBILE LTD,17398498
2025-06-09,홍콩,HK0000859063,SAMSUNG BLOCKCHAIN TECHNOLOGIES ETF,17363227
2025-06-09,홍콩,CNE100006CQ4,Ubtech Robotics Ord Shs H,17007162
2025-06-09,홍콩,CNE1000003X6,PING AN INSURANCE GROUP CO OF CHINA LTD-H,15138428
2025-06-09,홍콩,KYG8208B1014,JD.COM INC CL A,14043792
2025-06-09,홍콩,HK0000562626,GLOBAL X CHINA CONSUMER BRAND ETF (USD),12821467
2025-06-09,홍콩,HK0000642568,CSOP HANG SENG TECH INDEX ETF (HKD),12725640
2025-06-09,홍콩,KYG970081173,WUXI BIOLOGICS CAYMAN INC,11669960
2025-06-09,홍콩,CNE1000002H1,CHINA CONSTRUCTION BANK CORP-H,11404687
2025-06-09,홍콩,KYG3774X1088,GCL TECHNOLOGY HOLDINGS LTD,11121438
2025-06-09,홍콩,IT0003874101,PRADA SPA,11067434
2025-06-09,홍콩,HK0000637824,GLOBAL X CHINA SEMICONDUCTOR ETF (USD),10893639
2025-06-09,홍콩,HKX566362888,PING AN SECURITIE HKD0.01 HKD0.01 CHAN 009837742 BMG7115B1211,10736410
2025-06-09,홍콩,HK0000516705,GLOBAL X CHINA CLOUD COMPUTING ETF (USD),10721879
2025-06-09,홍콩,KYG532631028,KUAISHOU TECHNOLOGY,10617674
2025-06-09,홍콩,HK0000716081,GLOBAL X CHINA GLOBAL LEADERS ETF (HKD),10102047
2025-06-09,홍콩,CNE1000002L3,CHINA LIFE INSURANCE CO LTD-H,9891632
2025-06-09,홍콩,KYG3887G1091,GIANT BIOGENE,8974637
2025-06-09,홍콩,HK1126010854,DREAM INTERNATIONAL LTD,8839740
2025-06-09,홍콩,CNE1000003G1,INDUSTRIAL AND COMMERCIAL BANK OF CHINA LTD-H,8716235
2025-06-09,홍콩,HKX601342549,CHINA BRIGHT CULTURE GROUP USD0.00001 (Delisted/BL398Y0) CHAN 970928502 KYG2153C1078,8631000
2025-06-09,홍콩,CNE1000048K8,HAIER SMART HOME CO LTD-H MRGR 006942845 BMG423131256,8468593
2025-06-09,홍콩,HK0000516697,GLOBAL X CHINA BIOTECH ETF (HKD),8467159
2025-06-09,홍콩,HK0000516689,GLOBAL X CHINA BIOTECH ETF (USD),8399925
2025-06-09,홍콩,HK0000562667,GLOBAL X CHINA CLEAN ENERGY ETF (USD),7448693
2025-06-10,홍콩,KYG875721634,TENCENT HOLDINGS LTD,221476885
2025-06-10,홍콩,KYG9830T1067,XIAOMI CORP,213305747
2025-06-10,홍콩,KYG017191142,ALIBABA GROUP HOLDING LTD,198196516
2025-06-10,홍콩,CNE100000296,BYD CO LTD-H,125001580
2025-06-10,홍콩,KYG7170M1033,POP MART INTL GROUP LTD,95207494
2025-06-10,홍콩,KYG8020E1199,SEMICONDUCTOR MANUFACTURING INTL CORP,87669702
2025-06-10,홍콩,KYG319891092,ESR CAYMAN LTD,78495387
2025-06-10,홍콩,CNE100006WS8,CATL ORD H,68346503
2025-06-10,홍콩,CNE100005F09,TIANQI LITHIUM CORP,47507861
2025-06-10,홍콩,CNE1000031W9,GANFENGLITHIUM ORD H,46852549
2025-06-10,홍콩,CNE100000593,PICC PROPERTY AND CASUALTY CO LTD-H,46638392
2025-06-10,홍콩,KYG596691041,MEITUAN,42554459
2025-06-10,홍콩,HK0000748381,YESASIA HOLDINGS LTD,38626582
2025-06-10,홍콩,CNE100004YZ4,CTG DUTY-FREE,34223562
2025-06-10,홍콩,HK0000562642,GLOBAL X CHINA ELECTRIC VEHICLE AND BATTERY ETF (USD),32166031
2025-06-10,홍콩,HK0001025037,GLOBAL X US Treasury 3-5 Year ETF,30590947
2025-06-10,홍콩,KYG392AS1011,GLOBAL NEW MATERIAL INTL HOLDINGS LTD,27933475
2025-06-10,홍콩,KYG3777B1032,GEELY AUTOMOBILE HOLDINGS LTD,26262714
2025-06-10,홍콩,HK0000921236,A GX USD MM,25943577
2025-06-10,홍콩,KYG982AW1003,XPENG INC,21956744
2025-06-10,홍콩,KYG4602S1057,HORIZONROBOT-W,21643668
2025-06-10,홍콩,HK0000921228,Global X HANG SENG TECH ETF,21616231
2025-06-10,홍콩,KYG1146Y1017,BEIGENE LTD,20380824
2025-06-10,홍콩,HK0000562659,GLOBAL X CHINA ELECTRIC VEHICLE AND BATTERY ETF (HKD),19276664
2025-06-10,홍콩,HK0000859063,SAMSUNG BLOCKCHAIN TECHNOLOGIES ETF,17638495
2025-06-10,홍콩,KYG070341048,BAIDU INC CL A,17526050
2025-06-10,홍콩,HK0941009539,CHINA MOBILE LTD,17388055
2025-06-10,홍콩,CNE100006CQ4,Ubtech Robotics Ord Shs H,16817635
2025-06-10,홍콩,CNE1000003X6,PING AN INSURANCE GROUP CO OF CHINA LTD-H,15223140
2025-06-10,홍콩,KYG8208B1014,JD.COM INC CL A,13826527
2025-06-10,홍콩,HK0000562626,GLOBAL X CHINA CONSUMER BRAND ETF (USD),12810611
2025-06-10,홍콩,HK0000642568,CSOP HANG SENG TECH INDEX ETF (HKD),12632250
2025-06-10,홍콩,KYG970081173,WUXI BIOLOGICS CAYMAN INC,11917329
2025-06-10,홍콩,CNE1000002H1,CHINA CONSTRUCTION BANK CORP-H,11480187
2025-06-10,홍콩,IT0003874101,PRADA SPA,11088173
2025-06-10,홍콩,KYG3774X1088,GCL TECHNOLOGY HOLDINGS LTD,10992619
2025-06-10,홍콩,HKX566362888,PING AN SECURITIE HKD0.01 HKD0.01 CHAN 009837742 BMG7115B1211,10735340
2025-06-10,홍콩,HK0000637824,GLOBAL X CHINA SEMICONDUCTOR ETF (USD),10653645
2025-06-10,홍콩,HK0000516705,GLOBAL X CHINA CLOUD COMPUTING ETF (USD),10546341
2025-06-10,홍콩,KYG532631028,KUAISHOU TECHNOLOGY,10462708
2025-06-10,홍콩,HK0000716081,GLOBAL X CHINA GLOBAL LEADERS ETF (HKD),10042093
2025-06-10,홍콩,CNE1000002L3,CHINA LIFE INSURANCE CO LTD-H,10024554
2025-06-10,홍콩,HK1126010854,DREAM INTERNATIONAL LTD,8938976
2025-06-10,홍콩,CNE1000048K8,HAIER SMART HOME CO LTD-H MRGR 006942845 BMG423131256,8902252
2025-06-10,홍콩,KYG3887G1091,GIANT BIOGENE,8876498
2025-06-10,홍콩,CNE1000003G1,INDUSTRIAL AND COMMERCIAL BANK OF CHINA LTD-H,8826338
2025-06-10,홍콩,HKX601342549,CHINA BRIGHT CULTURE GROUP USD0.00001 (Delisted/BL398Y0) CHAN 970928502 KYG2153C1078,8631000
2025-06-10,홍콩,HK0000516697,GLOBAL X CHINA BIOTECH ETF (HKD),8607393
2025-06-10,홍콩,HK0000516689,GLOBAL X CHINA BIOTECH ETF (USD),8523138
2025-06-10,홍콩,HK0000562667,GLOBAL X CHINA CLEAN ENERGY ETF (USD),7392748
2025-06-11,홍콩,KYG875721634,TENCENT HOLDINGS LTD,223166623
2025-06-11,홍콩,KYG9830T1067,XIAOMI CORP,217539784
2025-06-11,홍콩,KYG017191142,ALIBABA GROUP HOLDING LTD,189795854
2025-06-11,홍콩,CNE100000296,BYD CO LTD-H,118559251
2025-06-11,홍콩,KYG7170M1033,POP MART INTL GROUP LTD,99332434
2025-06-11,홍콩,KYG8020E1199,SEMICONDUCTOR MANUFACTURING INTL CORP,88258768
2025-06-11,홍콩,KYG319891092,ESR CAYMAN LTD,77098292
2025-06-11,홍콩,CNE100006WS8,CATL ORD H,69533624
2025-06-11,홍콩,CNE100005F09,TIANQI LITHIUM CORP,48881476
2025-06-11,홍콩,CNE1000031W9,GANFENGLITHIUM ORD H,48398226
2025-06-11,홍콩,CNE100000593,PICC PROPERTY AND CASUALTY CO LTD-H,46687826
2025-06-11,홍콩,HK0000748381,YESASIA HOLDINGS LTD,43383305
2025-06-11,홍콩,KYG596691041,MEITUAN,42250695
2025-06-11,홍콩,CNE100004YZ4,CTG DUTY-FREE,34418595
2025-06-11,홍콩,HK0000562642,GLOBAL X CHINA ELECTRIC VEHICLE AND BATTERY ETF (USD),32673611
2025-06-11,홍콩,HK0001025037,GLOBAL X US Treasury 3-5 Year ETF,30134693
2025-06-11,홍콩,KYG392AS1011,GLOBAL NEW MATERIAL INTL HOLDINGS LTD,29135325
2025-06-11,홍콩,HK0000921236,A GX USD MM,25845963
2025-06-11,홍콩,KYG3777B1032,GEELY AUTOMOBILE HOLDINGS LTD,25800144
2025-06-11,홍콩,KYG982AW1003,XPENG INC,22101429
2025-06-11,홍콩,HK0000921228,Global X HANG SENG TECH ETF,21838646
2025-06-11,홍콩,KYG4602S1057,HORIZONROBOT-W,21742664
2025-06-11,홍콩,KYG1146Y1017,BEIGENE LTD,20364161
2025-06-11,홍콩,HK0000562659,GLOBAL X CHINA ELECTRIC VEHICLE AND BATTERY ETF (HKD),19497360
2025-06-11,홍콩,HK0000859063,SAMSUNG BLOCKCHAIN TECHNOLOGIES ETF,17610934
2025-06-11,홍콩,HK0941009539,CHINA MOBILE LTD,17557531
2025-06-11,홍콩,KYG070341048,BAIDU INC CL A,17539248
2025-06-11,홍콩,CNE100006CQ4,Ubtech Robotics Ord Shs H,17202191
2025-06-11,홍콩,CNE1000003X6,PING AN INSURANCE GROUP CO OF CHINA LTD-H,15580530
2025-06-11,홍콩,KYG8208B1014,JD.COM INC CL A,14075621
2025-06-11,홍콩,HK0000642568,CSOP HANG SENG TECH INDEX ETF (HKD),12924817
2025-06-11,홍콩,HK1126010854,DREAM INTERNATIONAL LTD,12871573
2025-06-11,홍콩,HK0000562626,GLOBAL X CHINA CONSUMER BRAND ETF (USD),12738485
2025-06-11,홍콩,KYG970081173,WUXI BIOLOGICS CAYMAN INC,11956609
2025-06-11,홍콩,CNE1000002H1,CHINA CONSTRUCTION BANK CORP-H,11706840
2025-06-11,홍콩,KYG3774X1088,GCL TECHNOLOGY HOLDINGS LTD,11492172
2025-06-11,홍콩,IT0003874101,PRADA SPA,10923193
2025-06-11,홍콩,HKX566362888,PING AN SECURITIE HKD0.01 HKD0.01 CHAN 009837742 BMG7115B1211,10734880
2025-06-11,홍콩,HK0000637824,GLOBAL X CHINA SEMICONDUCTOR ETF (USD),10650071
2025-06-11,홍콩,HK0000516705,GLOBAL X CHINA CLOUD COMPUTING ETF (USD),10603881
2025-06-11,홍콩,CNE1000002L3,CHINA LIFE INSURANCE CO LTD-H,10481247
2025-06-11,홍콩,HK0000716081,GLOBAL X CHINA GLOBAL LEADERS ETF (HKD),10214408
2025-06-11,홍콩,KYG532631028,KUAISHOU TECHNOLOGY,9790447
2025-06-11,홍콩,CNE1000003G1,INDUSTRIAL AND COMMERCIAL BANK OF CHINA LTD-H,9428750
2025-06-11,홍콩,CNE1000048K8,HAIER SMART HOME CO LTD-H MRGR 006942845 BMG423131256,9044173
2025-06-11,홍콩,HKX601342549,CHINA BRIGHT CULTURE GROUP USD0.00001 (Delisted/BL398Y0) CHAN 970928502 KYG2153C1078,8631000
2025-06-11,홍콩,HK0000516697,GLOBAL X CHINA BIOTECH ETF (HKD),8625783
2025-06-11,홍콩,HK0000516689,GLOBAL X CHINA BIOTECH ETF (USD),8523498
2025-06-11,홍콩,HK0000562667,GLOBAL X CHINA CLEAN ENERGY ETF (USD),7305150
2025-06-11,홍콩,KYG7611S1075,ROBOSENSE,7251254
2025-06-12,홍콩,KYG875721634,TENCENT HOLDINGS LTD,218753505
2025-06-12,홍콩,KYG9830T1067,XIAOMI CORP,209827247
2025-06-12,홍콩,KYG017191142,ALIBABA GROUP HOLDING LTD,182790197
2025-06-12,홍콩,CNE100000296,BYD CO LTD-H,127236203
2025-06-12,홍콩,KYG7170M1033,POP MART INTL GROUP LTD,100640328
2025-06-12,홍콩,KYG8020E1199,SEMICONDUCTOR MANUFACTURING INTL CORP,86640345
2025-06-12,홍콩,KYG319891092,ESR CAYMAN LTD,75570925
2025-06-12,홍콩,CNE100006WS8,CATL ORD H,69483591
2025-06-12,홍콩,CNE100005F09,TIANQI LITHIUM CORP,49152647
2025-06-12,홍콩,CNE1000031W9,GANFENGLITHIUM ORD H,48966412
2025-06-12,홍콩,CNE100000593,PICC PROPERTY AND CASUALTY CO LTD-H,45743265
2025-06-12,홍콩,HK0000748381,YESASIA HOLDINGS LTD,42676786
2025-06-12,홍콩,KYG596691041,MEITUAN,42267570
2025-06-12,홍콩,CNE100004YZ4,CTG DUTY-FREE,34616109
2025-06-12,홍콩,HK0000562642,GLOBAL X CHINA ELECTRIC VEHICLE AND BATTERY ETF (USD),32212753
2025-06-12,홍콩,HK0001025037,GLOBAL X US Treasury 3-5 Year ETF,30208522
2025-06-12,홍콩,KYG392AS1011,GLOBAL NEW MATERIAL INTL HOLDINGS LTD,28273078
2025-06-12,홍콩,HK0000921236,A GX USD MM,25848217
2025-06-12,홍콩,KYG3777B1032,GEELY AUTOMOBILE HOLDINGS LTD,24990142
2025-06-12,홍콩,HK0000921228,Global X HANG SENG TECH ETF,21276348
2025-06-12,홍콩,KYG4602S1057,HORIZONROBOT-W,20918081
2025-06-12,홍콩,KYG982AW1003,XPENG INC,20623348
2025-06-12,홍콩,KYG1146Y1017,BEIGENE LTD,20396072
2025-06-12,홍콩,HK0000562659,GLOBAL X CHINA ELECTRIC VEHICLE AND BATTERY ETF (HKD),19282017
2025-06-12,홍콩,KYG070341048,BAIDU INC CL A,17605410
2025-06-12,홍콩,HK0000859063,SAMSUNG BLOCKCHAIN TECHNOLOGIES ETF,17484435
2025-06-12,홍콩,HK0941009539,CHINA MOBILE LTD,17178035
2025-06-12,홍콩,CNE100006CQ4,Ubtech Robotics Ord Shs H,17063692
2025-06-12,홍콩,CNE1000003X6,PING AN INSURANCE GROUP CO OF CHINA LTD-H,15589590
2025-06-12,홍콩,KYG8208B1014,JD.COM INC CL A,13723981
2025-06-12,홍콩,HK0000642568,CSOP HANG SENG TECH INDEX ETF (HKD),12940247
2025-06-12,홍콩,HK1126010854,DREAM INTERNATIONAL LTD,12727531
2025-06-12,홍콩,HK0000562626,GLOBAL X CHINA CONSUMER BRAND ETF (USD),12527046
2025-06-12,홍콩,KYG970081173,WUXI BIOLOGICS CAYMAN INC,12454428
2025-06-12,홍콩,CNE1000002H1,CHINA CONSTRUCTION BANK CORP-H,11759708
2025-06-12,홍콩,KYG3774X1088,GCL TECHNOLOGY HOLDINGS LTD,11104547
2025-06-12,홍콩,HKX566362888,PING AN SECURITIE HKD0.01 HKD0.01 CHAN 009837742 BMG7115B1211,10734015
2025-06-12,홍콩,IT0003874101,PRADA SPA,10663976
2025-06-12,홍콩,HK0000637824,GLOBAL X CHINA SEMICONDUCTOR ETF (USD),10529332
2025-06-12,홍콩,CNE1000002L3,CHINA LIFE INSURANCE CO LTD-H,10524266
2025-06-12,홍콩,HK0000516705,GLOBAL X CHINA CLOUD COMPUTING ETF (USD),10504934
2025-06-12,홍콩,HK0000716081,GLOBAL X CHINA GLOBAL LEADERS ETF (HKD),9970051
2025-06-12,홍콩,CNE1000003G1,INDUSTRIAL AND COMMERCIAL BANK OF CHINA LTD-H,9942015
2025-06-12,홍콩,KYG532631028,KUAISHOU TECHNOLOGY,9418095
2025-06-12,홍콩,CNE1000048K8,HAIER SMART HOME CO LTD-H MRGR 006942845 BMG423131256,8910283
2025-06-12,홍콩,HK0000516697,GLOBAL X CHINA BIOTECH ETF (HKD),8854753
2025-06-12,홍콩,HK0000516689,GLOBAL X CHINA BIOTECH ETF (USD),8828069
2025-06-12,홍콩,HKX601342549,CHINA BRIGHT CULTURE GROUP USD0.00001 (Delisted/BL398Y0) CHAN 970928502 KYG2153C1078,8631000
2025-06-12,홍콩,CNE1000003W8,PETROCHINA CO LTD-H,7524862
2025-06-12,홍콩,HK0000562667,GLOBAL X CHINA CLEAN ENERGY ETF (USD),7254501
2025-06-13,홍콩,KYG875721634,TENCENT HOLDINGS LTD,217996370
2025-06-13,홍콩,KYG9830T1067,XIAOMI CORP,210479581
2025-06-13,홍콩,KYG017191142,ALIBABA GROUP HOLDING LTD,179508807
2025-06-13,홍콩,CNE100000296,BYD CO LTD-H,127749042
2025-06-13,홍콩,KYG7170M1033,POP MART INTL GROUP LTD,104441704
2025-06-13,홍콩,KYG8020E1199,SEMICONDUCTOR MANUFACTURING INTL CORP,85337518
2025-06-13,홍콩,KYG319891092,ESR CAYMAN LTD,72509864
2025-06-13,홍콩,CNE100006WS8,CATL ORD H,70752893
2025-06-13,홍콩,CNE100005F09,TIANQI LITHIUM CORP,48598764
2025-06-13,홍콩,CNE1000031W9,GANFENGLITHIUM ORD H,48339740
2025-06-13,홍콩,CNE100000593,PICC PROPERTY AND CASUALTY CO LTD-H,46055905
2025-06-13,홍콩,KYG596691041,MEITUAN,41503272
2025-06-13,홍콩,HK0000748381,YESASIA HOLDINGS LTD,40885897
2025-06-13,홍콩,CNE100004YZ4,CTG DUTY-FREE,33581619
2025-06-13,홍콩,HK0000562642,GLOBAL X CHINA ELECTRIC VEHICLE AND BATTERY ETF (USD),31679540
2025-06-13,홍콩,HK0001025037,GLOBAL X US Treasury 3-5 Year ETF,30359588
2025-06-13,홍콩,KYG392AS1011,GLOBAL NEW MATERIAL INTL HOLDINGS LTD,28628754
2025-06-13,홍콩,HK0000921236,A GX USD MM,25841028
2025-06-13,홍콩,KYG3777B1032,GEELY AUTOMOBILE HOLDINGS LTD,24408498
2025-06-13,홍콩,CH1391448177,BEIGENE,24329433
2025-06-13,홍콩,HK0000921228,Global X HANG SENG TECH ETF,20824474
2025-06-13,홍콩,KYG4602S1057,HORIZONROBOT-W,20293401
2025-06-13,홍콩,KYG982AW1003,XPENG INC,19406028
2025-06-13,홍콩,HK0000562659,GLOBAL X CHINA ELECTRIC VEHICLE AND BATTERY ETF (HKD),19114501
2025-06-13,홍콩,KYG070341048,BAIDU INC CL A,17605764
2025-06-13,홍콩,HK0941009539,CHINA MOBILE LTD,17206981
2025-06-13,홍콩,HK0000859063,SAMSUNG BLOCKCHAIN TECHNOLOGIES ETF,16804627
2025-06-13,홍콩,CNE100006CQ4,Ubtech Robotics Ord Shs H,16471103
2025-06-13,홍콩,CNE1000003X6,PING AN INSURANCE GROUP CO OF CHINA LTD-H,15334153
2025-06-13,홍콩,HK1126010854,DREAM INTERNATIONAL LTD,14858029
2025-06-13,홍콩,KYG8208B1014,JD.COM INC CL A,13548583
2025-06-13,홍콩,KYG970081173,WUXI BIOLOGICS CAYMAN INC,12717643
2025-06-13,홍콩,HK0000642568,CSOP HANG SENG TECH INDEX ETF (HKD),12703949
2025-06-13,홍콩,HK0000562626,GLOBAL X CHINA CONSUMER BRAND ETF (USD),12259900
2025-06-13,홍콩,CNE1000002H1,CHINA CONSTRUCTION BANK CORP-H,12115481
2025-06-13,홍콩,KYG3774X1088,GCL TECHNOLOGY HOLDINGS LTD,10976824
2025-06-13,홍콩,HKX566362888,PING AN SECURITIE HKD0.01 HKD0.01 CHAN 009837742 BMG7115B1211,10733504
2025-06-13,홍콩,CNE1000002L3,CHINA LIFE INSURANCE CO LTD-H,10591231
2025-06-13,홍콩,HK0000637824,GLOBAL X CHINA SEMICONDUCTOR ETF (USD),10485156
2025-06-13,홍콩,HK0000516705,GLOBAL X CHINA CLOUD COMPUTING ETF (USD),10306036
2025-06-13,홍콩,IT0003874101,PRADA SPA,9993067
2025-06-13,홍콩,CNE1000003G1,INDUSTRIAL AND COMMERCIAL BANK OF CHINA LTD-H,9872373
2025-06-13,홍콩,HK0000716081,GLOBAL X CHINA GLOBAL LEADERS ETF (HKD),9825164
2025-06-13,홍콩,KYG532631028,KUAISHOU TECHNOLOGY,9759033
2025-06-13,홍콩,HK0000516697,GLOBAL X CHINA BIOTECH ETF (HKD),8715510
2025-06-13,홍콩,CNE1000048K8,HAIER SMART HOME CO LTD-H MRGR 006942845 BMG423131256,8714808
2025-06-13,홍콩,HKX601342549,CHINA BRIGHT CULTURE GROUP USD0.00001 (Delisted/BL398Y0) CHAN 970928502 KYG2153C1078,8631000
2025-06-13,홍콩,HK0000516689,GLOBAL X CHINA BIOTECH ETF (USD),8623130
2025-06-13,홍콩,CNE1000003W8,PETROCHINA CO LTD-H,7655283
2025-06-13,홍콩,HK0000562667,GLOBAL X CHINA CLEAN ENERGY ETF (USD),7237523
2025-06-16,홍콩,KYG875721634,TENCENT HOLDINGS LTD,217504149
2025-06-16,홍콩,KYG9830T1067,XIAOMI CORP,217117382
2025-06-16,홍콩,KYG017191142,ALIBABA GROUP HOLDING LTD,188204912
2025-06-16,홍콩,CNE100000296,BYD CO LTD-H,128411200
2025-06-16,홍콩,KYG7170M1033,POP MART INTL GROUP LTD,106926624
2025-06-16,홍콩,KYG8020E1199,SEMICONDUCTOR MANUFACTURING INTL CORP,84260593
2025-06-16,홍콩,KYG319891092,ESR CAYMAN LTD,72619240
2025-06-16,홍콩,CNE100006WS8,CATL ORD H,70193588
2025-06-16,홍콩,CNE100005F09,TIANQI LITHIUM CORP,48320425
2025-06-16,홍콩,CNE1000031W9,GANFENGLITHIUM ORD H,47596616
2025-06-16,홍콩,CNE100000593,PICC PROPERTY AND CASUALTY CO LTD-H,45672291
2025-06-16,홍콩,HK0000748381,YESASIA HOLDINGS LTD,41397974
2025-06-16,홍콩,KYG596691041,MEITUAN,41100429
2025-06-16,홍콩,CNE100004YZ4,CTG DUTY-FREE,33847333
2025-06-16,홍콩,CNE1000003G1,INDUSTRIAL AND COMMERCIAL BANK OF CHINA LTD-H,31896626
2025-06-16,홍콩,HK0000562642,GLOBAL X CHINA ELECTRIC VEHICLE AND BATTERY ETF (USD),31560517
2025-06-16,홍콩,HK0001025037,GLOBAL X US Treasury 3-5 Year ETF,30216782
2025-06-16,홍콩,KYG392AS1011,GLOBAL NEW MATERIAL INTL HOLDINGS LTD,28502020
2025-06-16,홍콩,HK0000921236,A GX USD MM,25861453
2025-06-16,홍콩,KYG3777B1032,GEELY AUTOMOBILE HOLDINGS LTD,24100284
2025-06-16,홍콩,CH1391448177,BEIGENE,23741536
2025-06-16,홍콩,HK0000921228,Global X HANG SENG TECH ETF,20830279
2025-06-16,홍콩,KYG4602S1057,HORIZONROBOT-W,20328222
2025-06-16,홍콩,KYG982AW1003,XPENG INC,19954440
2025-06-16,홍콩,HK0000562659,GLOBAL X CHINA ELECTRIC VEHICLE AND BATTERY ETF (HKD),18985377
2025-06-16,홍콩,KYG070341048,BAIDU INC CL A,17508206
2025-06-16,홍콩,HK0000859063,SAMSUNG BLOCKCHAIN TECHNOLOGIES ETF,17491845
2025-06-16,홍콩,HK0941009539,CHINA MOBILE LTD,17125129
2025-06-16,홍콩,CNE100006CQ4,Ubtech Robotics Ord Shs H,16382920
2025-06-16,홍콩,CNE1000003X6,PING AN INSURANCE GROUP CO OF CHINA LTD-H,15462868
2025-06-16,홍콩,HK1126010854,DREAM INTERNATIONAL LTD,14098476
2025-06-16,홍콩,KYG8208B1014,JD.COM INC CL A,13825660
2025-06-16,홍콩,HK0000642568,CSOP HANG SENG TECH INDEX ETF (HKD),12845312
2025-06-16,홍콩,KYG970081173,WUXI BIOLOGICS CAYMAN INC,12343090
2025-06-16,홍콩,CNE1000002H1,CHINA CONSTRUCTION BANK CORP-H,12341611
2025-06-16,홍콩,HK0000562626,GLOBAL X CHINA CONSUMER BRAND ETF (USD),12301452
2025-06-16,홍콩,KYG3774X1088,GCL TECHNOLOGY HOLDINGS LTD,11111227
2025-06-16,홍콩,CNE1000002L3,CHINA LIFE INSURANCE CO LTD-H,10898479
2025-06-16,홍콩,HKX566362888,PING AN SECURITIE HKD0.01 HKD0.01 CHAN 009837742 BMG7115B1211,10733080
2025-06-16,홍콩,HK0000637824,GLOBAL X CHINA SEMICONDUCTOR ETF (USD),10536205
2025-06-16,홍콩,HK0000516705,GLOBAL X CHINA CLOUD COMPUTING ETF (USD),10513014
2025-06-16,홍콩,KYG532631028,KUAISHOU TECHNOLOGY,10190213
2025-06-16,홍콩,IT0003874101,PRADA SPA,10124545
2025-06-16,홍콩,HK0000716081,GLOBAL X CHINA GLOBAL LEADERS ETF (HKD),9907817
2025-06-16,홍콩,HK0000516697,GLOBAL X CHINA BIOTECH ETF (HKD),8768886
2025-06-16,홍콩,CNE1000048K8,HAIER SMART HOME CO LTD-H MRGR 006942845 BMG423131256,8714463
2025-06-16,홍콩,HKX601342549,CHINA BRIGHT CULTURE GROUP USD0.00001 (Delisted/BL398Y0) CHAN 970928502 KYG2153C1078,8631000
2025-06-16,홍콩,HK0000516689,GLOBAL X CHINA BIOTECH ETF (USD),8551076
2025-06-16,홍콩,HK0000562667,GLOBAL X CHINA CLEAN ENERGY ETF (USD),7241300
2025-06-16,홍콩,HK0000562634,GLOBAL X CHINA CONSUMER BRAND ETF (HKD),6989572
2025-06-17,홍콩,KYG9830T1067,XIAOMI CORP,220022052
2025-06-17,홍콩,KYG875721634,TENCENT HOLDINGS LTD,218973518
2025-06-17,홍콩,KYG017191142,ALIBABA GROUP HOLDING LTD,191481934
2025-06-17,홍콩,CNE100000296,BYD CO LTD-H,121597594
2025-06-17,홍콩,KYG7170M1033,POP MART INTL GROUP LTD,99003469
2025-06-17,홍콩,KYG8020E1199,SEMICONDUCTOR MANUFACTURING INTL CORP,82910959
2025-06-17,홍콩,KYG319891092,ESR CAYMAN LTD,72614089
2025-06-17,홍콩,CNE100006WS8,CATL ORD H,70355298
2025-06-17,홍콩,CNE100005F09,TIANQI LITHIUM CORP,48316998
2025-06-17,홍콩,CNE1000031W9,GANFENGLITHIUM ORD H,47226834
2025-06-17,홍콩,CNE100000593,PICC PROPERTY AND CASUALTY CO LTD-H,45357503
2025-06-17,홍콩,HK0000748381,YESASIA HOLDINGS LTD,42439222
2025-06-17,홍콩,KYG596691041,MEITUAN,40872622
2025-06-17,홍콩,CNE100004YZ4,CTG DUTY-FREE,34424038
2025-06-17,홍콩,CNE1000003G1,INDUSTRIAL AND COMMERCIAL BANK OF CHINA LTD-H,31583199
2025-06-17,홍콩,HK0000562642,GLOBAL X CHINA ELECTRIC VEHICLE AND BATTERY ETF (USD),31471621
2025-06-17,홍콩,HK0001025037,GLOBAL X US Treasury 3-5 Year ETF,30214639
2025-06-17,홍콩,KYG392AS1011,GLOBAL NEW MATERIAL INTL HOLDINGS LTD,28482562
2025-06-17,홍콩,HK0000921236,A GX USD MM,25871533
2025-06-17,홍콩,KYG3777B1032,GEELY AUTOMOBILE HOLDINGS LTD,23993844
2025-06-17,홍콩,CH1391448177,BEIGENE,23014002
2025-06-17,홍콩,HK0000921228,Global X HANG SENG TECH ETF,20655928
2025-06-17,홍콩,KYG982AW1003,XPENG INC,19992225
2025-06-17,홍콩,HK0000562659,GLOBAL X CHINA ELECTRIC VEHICLE AND BATTERY ETF (HKD),18811777
2025-06-17,홍콩,HK0000859063,SAMSUNG BLOCKCHAIN TECHNOLOGIES ETF,17490604
2025-06-17,홍콩,KYG4602S1057,HORIZONROBOT-W,17444863
2025-06-17,홍콩,KYG070341048,BAIDU INC CL A,17444720
2025-06-17,홍콩,HK0941009539,CHINA MOBILE LTD,16992686
2025-06-17,홍콩,CNE100006CQ4,Ubtech Robotics Ord Shs H,16754426
2025-06-17,홍콩,CNE1000003X6,PING AN INSURANCE GROUP CO OF CHINA LTD-H,15349380
2025-06-17,홍콩,KYG8208B1014,JD.COM INC CL A,13847205
2025-06-17,홍콩,HK0000642568,CSOP HANG SENG TECH INDEX ETF (HKD),12771979
2025-06-17,홍콩,HK1126010854,DREAM INTERNATIONAL LTD,12735012
2025-06-17,홍콩,CNE1000002H1,CHINA CONSTRUCTION BANK CORP-H,12496510
2025-06-17,홍콩,HK0000562626,GLOBAL X CHINA CONSUMER BRAND ETF (USD),12244184
2025-06-17,홍콩,KYG970081173,WUXI BIOLOGICS CAYMAN INC,12038372
2025-06-17,홍콩,KYG3774X1088,GCL TECHNOLOGY HOLDINGS LTD,11112434
2025-06-17,홍콩,CNE1000002L3,CHINA LIFE INSURANCE CO LTD-H,10997084
2025-06-17,홍콩,HKX566362888,PING AN SECURITIE HKD0.01 HKD0.01 CHAN 009837742 BMG7115B1211,10732319
2025-06-17,홍콩,HK0000637824,GLOBAL X CHINA SEMICONDUCTOR ETF (USD),10488323
2025-06-17,홍콩,HK0000516705,GLOBAL X CHINA CLOUD COMPUTING ETF (USD),10414319
2025-06-17,홍콩,IT0003874101,PRADA SPA,10207668
2025-06-17,홍콩,KYG532631028,KUAISHOU TECHNOLOGY,10101738
2025-06-17,홍콩,HK0000716081,GLOBAL X CHINA GLOBAL LEADERS ETF (HKD),9878788
2025-06-17,홍콩,CNE1000048K8,HAIER SMART HOME CO LTD-H MRGR 006942845 BMG423131256,8825045
2025-06-17,홍콩,HKX601342549,CHINA BRIGHT CULTURE GROUP USD0.00001 (Delisted/BL398Y0) CHAN 970928502 KYG2153C1078,8631000
2025-06-17,홍콩,HK0000516689,GLOBAL X CHINA BIOTECH ETF (USD),8344188
2025-06-17,홍콩,HK0000516697,GLOBAL X CHINA BIOTECH ETF (HKD),8335297
2025-06-17,홍콩,HK0000562667,GLOBAL X CHINA CLEAN ENERGY ETF (USD),7229627
2025-06-17,홍콩,HK0000562634,GLOBAL X CHINA CONSUMER BRAND ETF (HKD),6938166
2025-06-18,홍콩,KYG9830T1067,XIAOMI CORP,218230528
2025-06-18,홍콩,KYG875721634,TENCENT HOLDINGS LTD,216532383
2025-06-18,홍콩,KYG017191142,ALIBABA GROUP HOLDING LTD,195852911
2025-06-18,홍콩,CNE100000296,BYD CO LTD-H,120770171
2025-06-18,홍콩,KYG7170M1033,POP MART INTL GROUP LTD,102353410
2025-06-18,홍콩,KYG8020E1199,SEMICONDUCTOR MANUFACTURING INTL CORP,81492114
2025-06-18,홍콩,KYG319891092,ESR CAYMAN LTD,72532522
2025-06-18,홍콩,CNE100006WS8,CATL ORD H,69258050
2025-06-18,홍콩,CNE100005F09,TIANQI LITHIUM CORP,46850620
2025-06-18,홍콩,CNE1000031W9,GANFENGLITHIUM ORD H,46431784
2025-06-18,홍콩,CNE100000593,PICC PROPERTY AND CASUALTY CO LTD-H,44590755
2025-06-18,홍콩,HK0000748381,YESASIA HOLDINGS LTD,42254678
2025-06-18,홍콩,KYG596691041,MEITUAN,39583352
2025-06-18,홍콩,CNE100004YZ4,CTG DUTY-FREE,34398807
2025-06-18,홍콩,CNE1000003G1,INDUSTRIAL AND COMMERCIAL BANK OF CHINA LTD-H,31473662
2025-06-18,홍콩,HK0000562642,GLOBAL X CHINA ELECTRIC VEHICLE AND BATTERY ETF (USD),31379106
2025-06-18,홍콩,HK0001025037,GLOBAL X US Treasury 3-5 Year ETF,30225887
2025-06-18,홍콩,KYG392AS1011,GLOBAL NEW MATERIAL INTL HOLDINGS LTD,28603587
2025-06-18,홍콩,HK0000921236,A GX USD MM,25863498
2025-06-18,홍콩,KYG3777B1032,GEELY AUTOMOBILE HOLDINGS LTD,23742499
2025-06-18,홍콩,CH1391448177,BEIGENE,22838982
2025-06-18,홍콩,HK0000921228,Global X HANG SENG TECH ETF,20333753
2025-06-18,홍콩,KYG982AW1003,XPENG INC,20185983
2025-06-18,홍콩,HK0000562659,GLOBAL X CHINA ELECTRIC VEHICLE AND BATTERY ETF (HKD),18803876
2025-06-18,홍콩,KYG4602S1057,HORIZONROBOT-W,17665865
2025-06-18,홍콩,HK0000859063,SAMSUNG BLOCKCHAIN TECHNOLOGIES ETF,17365748
2025-06-18,홍콩,KYG070341048,BAIDU INC CL A,17014713
2025-06-18,홍콩,HK0941009539,CHINA MOBILE LTD,16928798
2025-06-18,홍콩,CNE100006CQ4,Ubtech Robotics Ord Shs H,16687192
2025-06-18,홍콩,CNE1000003X6,PING AN INSURANCE GROUP CO OF CHINA LTD-H,15096733
2025-06-18,홍콩,KYG8208B1014,JD.COM INC CL A,13674334
2025-06-18,홍콩,HK0000642568,CSOP HANG SENG TECH INDEX ETF (HKD),12506407
2025-06-18,홍콩,CNE1000002H1,CHINA CONSTRUCTION BANK CORP-H,12491048
2025-06-18,홍콩,HK1126010854,DREAM INTERNATIONAL LTD,12485560
2025-06-18,홍콩,HK0000562626,GLOBAL X CHINA CONSUMER BRAND ETF (USD),12126628
2025-06-18,홍콩,KYG970081173,WUXI BIOLOGICS CAYMAN INC,11768564
2025-06-18,홍콩,KYG3774X1088,GCL TECHNOLOGY HOLDINGS LTD,11109683
2025-06-18,홍콩,CNE1000002L3,CHINA LIFE INSURANCE CO LTD-H,10800398
2025-06-18,홍콩,HKX566362888,PING AN SECURITIE HKD0.01 HKD0.01 CHAN 009837742 BMG7115B1211,10732445
2025-06-18,홍콩,HK0000637824,GLOBAL X CHINA SEMICONDUCTOR ETF (USD),10508375
2025-06-18,홍콩,HK0000516705,GLOBAL X CHINA CLOUD COMPUTING ETF (USD),10354795
2025-06-18,홍콩,IT0003874101,PRADA SPA,10348495
2025-06-18,홍콩,KYG532631028,KUAISHOU TECHNOLOGY,9765302
2025-06-18,홍콩,HK0000716081,GLOBAL X CHINA GLOBAL LEADERS ETF (HKD),9761596
2025-06-18,홍콩,CNE1000048K8,HAIER SMART HOME CO LTD-H MRGR 006942845 BMG423131256,8768090
2025-06-18,홍콩,HKX601342549,CHINA BRIGHT CULTURE GROUP USD0.00001 (Delisted/BL398Y0) CHAN 970928502 KYG2153C1078,8631000
2025-06-18,홍콩,HK0000516697,GLOBAL X CHINA BIOTECH ETF (HKD),8250289
2025-06-18,홍콩,HK0000516689,GLOBAL X CHINA BIOTECH ETF (USD),8199106
2025-06-18,홍콩,HK0000562667,GLOBAL X CHINA CLEAN ENERGY ETF (USD),7256090
2025-06-18,홍콩,HK0000562634,GLOBAL X CHINA CONSUMER BRAND ETF (HKD),6913135
2025-06-19,홍콩,KYG9830T1067,XIAOMI CORP,215181915
2025-06-19,홍콩,KYG875721634,TENCENT HOLDINGS LTD,212094034
2025-06-19,홍콩,KYG017191142,ALIBABA GROUP HOLDING LTD,182748286
2025-06-19,홍콩,CNE100000296,BYD CO LTD-H,117681949
2025-06-19,홍콩,KYG7170M1033,POP MART INTL GROUP LTD,84934246
2025-06-19,홍콩,KYG8020E1199,SEMICONDUCTOR MANUFACTURING INTL CORP,80449121
2025-06-19,홍콩,KYG319891092,ESR CAYMAN LTD,72534590
2025-06-19,홍콩,CNE100006WS8,CATL ORD H,67292007
2025-06-19,홍콩,CNE100005F09,TIANQI LITHIUM CORP,46675067
2025-06-19,홍콩,CNE1000031W9,GANFENGLITHIUM ORD H,46316939
2025-06-19,홍콩,CNE100000593,PICC PROPERTY AND CASUALTY CO LTD-H,44682321
2025-06-19,홍콩,HK0000748381,YESASIA HOLDINGS LTD,44557075
2025-06-19,홍콩,KYG596691041,MEITUAN,38098858
2025-06-19,홍콩,CNE100004YZ4,CTG DUTY-FREE,34933785
2025-06-19,홍콩,CNE1000003G1,INDUSTRIAL AND COMMERCIAL BANK OF CHINA LTD-H,31267917
2025-06-19,홍콩,HK0000562642,GLOBAL X CHINA ELECTRIC VEHICLE AND BATTERY ETF (USD),31029303
2025-06-19,홍콩,HK0001025037,GLOBAL X US Treasury 3-5 Year ETF,30237641
2025-06-19,홍콩,KYG392AS1011,GLOBAL NEW MATERIAL INTL HOLDINGS LTD,28966484
2025-06-19,홍콩,HK0000921236,A GX USD MM,25852321
2025-06-19,홍콩,KYG3777B1032,GEELY AUTOMOBILE HOLDINGS LTD,23135278
2025-06-19,홍콩,CH1391448177,BEIGENE,21808981
2025-06-19,홍콩,HK0000921228,Global X HANG SENG TECH ETF,19789091
2025-06-19,홍콩,KYG982AW1003,XPENG INC,19578712
2025-06-19,홍콩,HK0000562659,GLOBAL X CHINA ELECTRIC VEHICLE AND BATTERY ETF (HKD),18602541
2025-06-19,홍콩,HK0000859063,SAMSUNG BLOCKCHAIN TECHNOLOGIES ETF,17410910
2025-06-19,홍콩,KYG4602S1057,HORIZONROBOT-W,17355092
2025-06-19,홍콩,HK0941009539,CHINA MOBILE LTD,16743888
2025-06-19,홍콩,KYG070341048,BAIDU INC CL A,16721564
2025-06-19,홍콩,CNE100006CQ4,Ubtech Robotics Ord Shs H,16023888
2025-06-19,홍콩,CNE1000003X6,PING AN INSURANCE GROUP CO OF CHINA LTD-H,14733874
2025-06-19,홍콩,KYG8208B1014,JD.COM INC CL A,13175654
2025-06-19,홍콩,HK1126010854,DREAM INTERNATIONAL LTD,12761279
2025-06-19,홍콩,HK0000642568,CSOP HANG SENG TECH INDEX ETF (HKD),12256351
2025-06-19,홍콩,CNE1000002H1,CHINA CONSTRUCTION BANK CORP-H,12211268
2025-06-19,홍콩,HK0000562626,GLOBAL X CHINA CONSUMER BRAND ETF (USD),11844506
2025-06-19,홍콩,KYG970081173,WUXI BIOLOGICS CAYMAN INC,11352296
2025-06-19,홍콩,KYG3774X1088,GCL TECHNOLOGY HOLDINGS LTD,11109889
2025-06-19,홍콩,HKX566362888,PING AN SECURITIE HKD0.01 HKD0.01 CHAN 009837742 BMG7115B1211,10732751
2025-06-19,홍콩,CNE1000002L3,CHINA LIFE INSURANCE CO LTD-H,10516165
2025-06-19,홍콩,HK0000637824,GLOBAL X CHINA SEMICONDUCTOR ETF (USD),10498469
2025-06-19,홍콩,IT0003874101,PRADA SPA,10172972
2025-06-19,홍콩,HK0000516705,GLOBAL X CHINA CLOUD COMPUTING ETF (USD),10143229
2025-06-19,홍콩,HK0000716081,GLOBAL X CHINA GLOBAL LEADERS ETF (HKD),9582859
2025-06-19,홍콩,KYG532631028,KUAISHOU TECHNOLOGY,9452016
2025-06-19,홍콩,HKX601342549,CHINA BRIGHT CULTURE GROUP USD0.00001 (Delisted/BL398Y0) CHAN 970928502 KYG2153C1078,8631000
2025-06-19,홍콩,CNE1000048K8,HAIER SMART HOME CO LTD-H MRGR 006942845 BMG423131256,8559690
2025-06-19,홍콩,HK0000516689,GLOBAL X CHINA BIOTECH ETF (USD),8103273
2025-06-19,홍콩,HK0000516697,GLOBAL X CHINA BIOTECH ETF (HKD),8066048
2025-06-19,홍콩,HK0000562667,GLOBAL X CHINA CLEAN ENERGY ETF (USD),7175743
2025-06-19,홍콩,HK0000562634,GLOBAL X CHINA CONSUMER BRAND ETF (HKD),6730675
2025-06-20,홍콩,KYG9830T1067,XIAOMI CORP,218957757
2025-06-20,홍콩,KYG875721634,TENCENT HOLDINGS LTD,214599470
2025-06-20,홍콩,KYG017191142,ALIBABA GROUP HOLDING LTD,183845197
2025-06-20,홍콩,CNE100000296,BYD CO LTD-H,112929483
2025-06-20,홍콩,KYG7170M1033,POP MART INTL GROUP LTD,81911852
2025-06-20,홍콩,KYG8020E1199,SEMICONDUCTOR MANUFACTURING INTL CORP,75812121
2025-06-20,홍콩,KYG319891092,ESR CAYMAN LTD,72532389
2025-06-20,홍콩,CNE100006WS8,CATL ORD H,67582753
2025-06-20,홍콩,CNE100005F09,TIANQI LITHIUM CORP,46490257
2025-06-20,홍콩,CNE1000031W9,GANFENGLITHIUM ORD H,46085940
2025-06-20,홍콩,CNE100000593,PICC PROPERTY AND CASUALTY CO LTD-H,45251572
2025-06-20,홍콩,HK0000748381,YESASIA HOLDINGS LTD,44615149
2025-06-20,홍콩,KYG596691041,MEITUAN,38685258
2025-06-20,홍콩,CNE100004YZ4,CTG DUTY-FREE,35700061
2025-06-20,홍콩,CNE1000003G1,INDUSTRIAL AND COMMERCIAL BANK OF CHINA LTD-H,32156357
2025-06-20,홍콩,HK0000562642,GLOBAL X CHINA ELECTRIC VEHICLE AND BATTERY ETF (USD),30860746
2025-06-20,홍콩,HK0001025037,GLOBAL X US Treasury 3-5 Year ETF,30356538
2025-06-20,홍콩,KYG392AS1011,GLOBAL NEW MATERIAL INTL HOLDINGS LTD,26672495
2025-06-20,홍콩,HK0000921236,A GX USD MM,25852366
2025-06-20,홍콩,KYG3777B1032,GEELY AUTOMOBILE HOLDINGS LTD,23637335
2025-06-20,홍콩,CH1391448177,BEIGENE,21978319
2025-06-20,홍콩,HK0000921228,Global X HANG SENG TECH ETF,19900339
2025-06-20,홍콩,KYG982AW1003,XPENG INC,19898338
2025-06-20,홍콩,HK0000562659,GLOBAL X CHINA ELECTRIC VEHICLE AND BATTERY ETF (HKD),18425552
2025-06-20,홍콩,HK0000859063,SAMSUNG BLOCKCHAIN TECHNOLOGIES ETF,17535443
2025-06-20,홍콩,KYG4602S1057,HORIZONROBOT-W,17247836
2025-06-20,홍콩,HK0941009539,CHINA MOBILE LTD,16875380
2025-06-20,홍콩,KYG070341048,BAIDU INC CL A,16862625
2025-06-20,홍콩,CNE100006CQ4,Ubtech Robotics Ord Shs H,15586894
2025-06-20,홍콩,CNE1000003X6,PING AN INSURANCE GROUP CO OF CHINA LTD-H,14800884
2025-06-20,홍콩,HK1126010854,DREAM INTERNATIONAL LTD,13803912
2025-06-20,홍콩,CNE1000002H1,CHINA CONSTRUCTION BANK CORP-H,12617109
2025-06-20,홍콩,HK0000642568,CSOP HANG SENG TECH INDEX ETF (HKD),12344020
2025-06-20,홍콩,KYG8208B1014,JD.COM INC CL A,12181083
2025-06-20,홍콩,HK0000562626,GLOBAL X CHINA CONSUMER BRAND ETF (USD),11872325
2025-06-20,홍콩,KYG970081173,WUXI BIOLOGICS CAYMAN INC,11361162
2025-06-20,홍콩,KYG3774X1088,GCL TECHNOLOGY HOLDINGS LTD,11109552
2025-06-20,홍콩,HKX566362888,PING AN SECURITIE HKD0.01 HKD0.01 CHAN 009837742 BMG7115B1211,10732425
2025-06-20,홍콩,HK0000637824,GLOBAL X CHINA SEMICONDUCTOR ETF (USD),10398302
2025-06-20,홍콩,IT0003874101,PRADA SPA,10291935
2025-06-20,홍콩,HK0000516705,GLOBAL X CHINA CLOUD COMPUTING ETF (USD),10077695
2025-06-20,홍콩,CNE1000002L3,CHINA LIFE INSURANCE CO LTD-H,9714326
2025-06-20,홍콩,HK0000716081,GLOBAL X CHINA GLOBAL LEADERS ETF (HKD),9605439
2025-06-20,홍콩,KYG532631028,KUAISHOU TECHNOLOGY,9474301
2025-06-20,홍콩,CNE1000048K8,HAIER SMART HOME CO LTD-H MRGR 006942845 BMG423131256,8654535
2025-06-20,홍콩,HKX601342549,CHINA BRIGHT CULTURE GROUP USD0.00001 (Delisted/BL398Y0) CHAN 970928502 KYG2153C1078,8631000
2025-06-20,홍콩,HK0000516697,GLOBAL X CHINA BIOTECH ETF (HKD),8089560
2025-06-20,홍콩,HK0000516689,GLOBAL X CHINA BIOTECH ETF (USD),8021691
2025-06-20,홍콩,HK0000562667,GLOBAL X CHINA CLEAN ENERGY ETF (USD),7169278
2025-06-20,홍콩,HK0000562634,GLOBAL X CHINA CONSUMER BRAND ETF (HKD),6780161
2025-06-23,홍콩,KYG9830T1067,XIAOMI CORP,250558744
2025-06-23,홍콩,KYG875721634,TENCENT HOLDINGS LTD,214103969
2025-06-23,홍콩,KYG017191142,ALIBABA GROUP HOLDING LTD,169061982
2025-06-23,홍콩,CNE100000296,BYD CO LTD-H,104440678
2025-06-23,홍콩,KYG7170M1033,POP MART INTL GROUP LTD,84714713
2025-06-23,홍콩,KYG8020E1199,SEMICONDUCTOR MANUFACTURING INTL CORP,79286906
2025-06-23,홍콩,KYG319891092,ESR CAYMAN LTD,72536297
2025-06-23,홍콩,CNE100006WS8,CATL ORD H,66578233
2025-06-23,홍콩,CNE100005F09,TIANQI LITHIUM CORP,47134674
2025-06-23,홍콩,CNE1000031W9,GANFENGLITHIUM ORD H,47102808
2025-06-23,홍콩,CNE100000593,PICC PROPERTY AND CASUALTY CO LTD-H,46281972
2025-06-23,홍콩,HK0000748381,YESASIA HOLDINGS LTD,43697096
2025-06-23,홍콩,KYG596691041,MEITUAN,37581236
2025-06-23,홍콩,CNE100004YZ4,CTG DUTY-FREE,35167949
2025-06-23,홍콩,CNE1000003G1,INDUSTRIAL AND COMMERCIAL BANK OF CHINA LTD-H,32524228
2025-06-23,홍콩,HK0000562642,GLOBAL X CHINA ELECTRIC VEHICLE AND BATTERY ETF (USD),30947174
2025-06-23,홍콩,HK0001025037,GLOBAL X US Treasury 3-5 Year ETF,30325495
2025-06-23,홍콩,KYG392AS1011,GLOBAL NEW MATERIAL INTL HOLDINGS LTD,27880897
2025-06-23,홍콩,HK0000921236,A GX USD MM,25887540
2025-06-23,홍콩,KYG3777B1032,GEELY AUTOMOBILE HOLDINGS LTD,24058005
2025-06-23,홍콩,CH1391448177,BEIGENE,22998271
2025-06-23,홍콩,CNE100006Z79,SANHUA INTELLIGENT,20959087
2025-06-23,홍콩,KYG982AW1003,XPENG INC,20216674
2025-06-23,홍콩,HK0000921228,Global X HANG SENG TECH ETF,20215186
2025-06-23,홍콩,HK0000562659,GLOBAL X CHINA ELECTRIC VEHICLE AND BATTERY ETF (HKD),18529757
2025-06-23,홍콩,HK0000859063,SAMSUNG BLOCKCHAIN TECHNOLOGIES ETF,17161182
2025-06-23,홍콩,KYG4602S1057,HORIZONROBOT-W,17159476
2025-06-23,홍콩,KYG070341048,BAIDU INC CL A,16920849
2025-06-23,홍콩,HK0941009539,CHINA MOBILE LTD,16823176
2025-06-23,홍콩,CNE100006CQ4,Ubtech Robotics Ord Shs H,16001661
2025-06-23,홍콩,CNE1000003X6,PING AN INSURANCE GROUP CO OF CHINA LTD-H,14851598
2025-06-23,홍콩,HK1126010854,DREAM INTERNATIONAL LTD,13933430
2025-06-23,홍콩,CNE1000002H1,CHINA CONSTRUCTION BANK CORP-H,12876148
2025-06-23,홍콩,CNE1000048K8,HAIER SMART HOME CO LTD-H MRGR 006942845 BMG423131256,12506477
2025-06-23,홍콩,HK0000642568,CSOP HANG SENG TECH INDEX ETF (HKD),12394539
2025-06-23,홍콩,KYG8208B1014,JD.COM INC CL A,12161402
2025-06-23,홍콩,HK0000562626,GLOBAL X CHINA CONSUMER BRAND ETF (USD),11922252
2025-06-23,홍콩,KYG970081173,WUXI BIOLOGICS CAYMAN INC,11528503
2025-06-23,홍콩,KYG3774X1088,GCL TECHNOLOGY HOLDINGS LTD,10983653
2025-06-23,홍콩,HKX566362888,PING AN SECURITIE HKD0.01 HKD0.01 CHAN 009837742 BMG7115B1211,10733004
2025-06-23,홍콩,HK0000637824,GLOBAL X CHINA SEMICONDUCTOR ETF (USD),10524635
2025-06-23,홍콩,IT0003874101,PRADA SPA,10321374
2025-06-23,홍콩,HK0000516705,GLOBAL X CHINA CLOUD COMPUTING ETF (USD),9989041
2025-06-23,홍콩,CNE1000002L3,CHINA LIFE INSURANCE CO LTD-H,9706756
2025-06-23,홍콩,KYG532631028,KUAISHOU TECHNOLOGY,9680543
2025-06-23,홍콩,HK0000716081,GLOBAL X CHINA GLOBAL LEADERS ETF (HKD),9646218
2025-06-23,홍콩,HKX601342549,CHINA BRIGHT CULTURE GROUP USD0.00001 (Delisted/BL398Y0) CHAN 970928502 KYG2153C1078,8631000
2025-06-23,홍콩,HK0000516697,GLOBAL X CHINA BIOTECH ETF (HKD),8214847
2025-06-23,홍콩,HK0000516689,GLOBAL X CHINA BIOTECH ETF (USD),8148167
2025-06-23,홍콩,HK0000562667,GLOBAL X CHINA CLEAN ENERGY ETF (USD),7190251
2025-06-24,홍콩,KYG9830T1067,XIAOMI CORP,254955782
2025-06-24,홍콩,KYG875721634,TENCENT HOLDINGS LTD,216716279
2025-06-24,홍콩,KYG017191142,ALIBABA GROUP HOLDING LTD,169810455
2025-06-24,홍콩,CNE100000296,BYD CO LTD-H,105562494
2025-06-24,홍콩,KYG8020E1199,SEMICONDUCTOR MANUFACTURING INTL CORP,80688526
2025-06-24,홍콩,KYG7170M1033,POP MART INTL GROUP LTD,76853857
2025-06-24,홍콩,KYG319891092,ESR CAYMAN LTD,72535273
2025-06-24,홍콩,CNE100006WS8,CATL ORD H,67835896
2025-06-24,홍콩,CNE1000031W9,GANFENGLITHIUM ORD H,49932800
2025-06-24,홍콩,CNE100005F09,TIANQI LITHIUM CORP,49794012
2025-06-24,홍콩,CNE100000593,PICC PROPERTY AND CASUALTY CO LTD-H,48261040
2025-06-24,홍콩,HK0000748381,YESASIA HOLDINGS LTD,43879745
2025-06-24,홍콩,KYG596691041,MEITUAN,37427982
2025-06-24,홍콩,CNE100004YZ4,CTG DUTY-FREE,35713078
2025-06-24,홍콩,CNE1000003G1,INDUSTRIAL AND COMMERCIAL BANK OF CHINA LTD-H,33133012
2025-06-24,홍콩,HK0000562642,GLOBAL X CHINA ELECTRIC VEHICLE AND BATTERY ETF (USD),31790442
2025-06-24,홍콩,HK0001025037,GLOBAL X US Treasury 3-5 Year ETF,30346852
2025-06-24,홍콩,KYG392AS1011,GLOBAL NEW MATERIAL INTL HOLDINGS LTD,28060361
2025-06-24,홍콩,HK0000921236,A GX USD MM,25890748
2025-06-24,홍콩,KYG3777B1032,GEELY AUTOMOBILE HOLDINGS LTD,24753960
2025-06-24,홍콩,CH1391448177,BEIGENE,23389313
2025-06-24,홍콩,CNE100006Z79,SANHUA INTELLIGENT,23147821
2025-06-24,홍콩,HK0000921228,Global X HANG SENG TECH ETF,20672086
2025-06-24,홍콩,HK0000562659,GLOBAL X CHINA ELECTRIC VEHICLE AND BATTERY ETF (HKD),19078867
2025-06-24,홍콩,KYG982AW1003,XPENG INC,18216131
2025-06-24,홍콩,KYG4602S1057,HORIZONROBOT-W,17533294
2025-06-24,홍콩,HK0000859063,SAMSUNG BLOCKCHAIN TECHNOLOGIES ETF,17500407
2025-06-24,홍콩,KYG070341048,BAIDU INC CL A,17074718
2025-06-24,홍콩,HK0941009539,CHINA MOBILE LTD,16998788
2025-06-24,홍콩,CNE100006CQ4,Ubtech Robotics Ord Shs H,16969928
2025-06-24,홍콩,CNE1000003X6,PING AN INSURANCE GROUP CO OF CHINA LTD-H,15614225
2025-06-24,홍콩,HK1126010854,DREAM INTERNATIONAL LTD,13374567
2025-06-24,홍콩,CNE1000002H1,CHINA CONSTRUCTION BANK CORP-H,13219416
2025-06-24,홍콩,CNE1000048K8,HAIER SMART HOME CO LTD-H MRGR 006942845 BMG423131256,12698873
2025-06-24,홍콩,HK0000642568,CSOP HANG SENG TECH INDEX ETF (HKD),12683947
2025-06-24,홍콩,KYG8208B1014,JD.COM INC CL A,12342859
2025-06-24,홍콩,KYG970081173,WUXI BIOLOGICS CAYMAN INC,12181578
2025-06-24,홍콩,HK0000562626,GLOBAL X CHINA CONSUMER BRAND ETF (USD),12152492
2025-06-24,홍콩,KYG3774X1088,GCL TECHNOLOGY HOLDINGS LTD,11236461
2025-06-24,홍콩,HKX566362888,PING AN SECURITIE HKD0.01 HKD0.01 CHAN 009837742 BMG7115B1211,10732852
2025-06-24,홍콩,HK0000637824,GLOBAL X CHINA SEMICONDUCTOR ETF (USD),10668833
2025-06-24,홍콩,IT0003874101,PRADA SPA,10374933
2025-06-24,홍콩,HK0000516705,GLOBAL X CHINA CLOUD COMPUTING ETF (USD),10224697
2025-06-24,홍콩,CNE1000002L3,CHINA LIFE INSURANCE CO LTD-H,10078257
2025-06-24,홍콩,KYG532631028,KUAISHOU TECHNOLOGY,10001826
2025-06-24,홍콩,HK0000716081,GLOBAL X CHINA GLOBAL LEADERS ETF (HKD),9716727
2025-06-24,홍콩,HKX601342549,CHINA BRIGHT CULTURE GROUP USD0.00001 (Delisted/BL398Y0) CHAN 970928502 KYG2153C1078,8631000
2025-06-24,홍콩,HK0000516697,GLOBAL X CHINA BIOTECH ETF (HKD),8429052
2025-06-24,홍콩,HK0000516689,GLOBAL X CHINA BIOTECH ETF (USD),8343318
2025-06-24,홍콩,KYG9066F1019,TRIP.COM GROUP LTD,7374148
2025-06-25,홍콩,KYG9830T1067,XIAOMI CORP,254239903
2025-06-25,홍콩,KYG875721634,TENCENT HOLDINGS LTD,217966464
2025-06-25,홍콩,KYG017191142,ALIBABA GROUP HOLDING LTD,173550453
2025-06-25,홍콩,CNE100000296,BYD CO LTD-H,105186202
2025-06-25,홍콩,KYG8020E1199,SEMICONDUCTOR MANUFACTURING INTL CORP,84724444
2025-06-25,홍콩,KYG7170M1033,POP MART INTL GROUP LTD,78142670
2025-06-25,홍콩,KYG319891092,ESR CAYMAN LTD,72532357
2025-06-25,홍콩,CNE100006WS8,CATL ORD H,71329779
2025-06-25,홍콩,CNE1000031W9,GANFENGLITHIUM ORD H,50941534
2025-06-25,홍콩,CNE100005F09,TIANQI LITHIUM CORP,50433896
2025-06-25,홍콩,CNE100000593,PICC PROPERTY AND CASUALTY CO LTD-H,48821199
2025-06-25,홍콩,HK0000748381,YESASIA HOLDINGS LTD,42687485
2025-06-25,홍콩,KYG596691041,MEITUAN,37929847
2025-06-25,홍콩,CNE100004YZ4,CTG DUTY-FREE,35676935
2025-06-25,홍콩,CNE1000003G1,INDUSTRIAL AND COMMERCIAL BANK OF CHINA LTD-H,33595941
2025-06-25,홍콩,HK0000562642,GLOBAL X CHINA ELECTRIC VEHICLE AND BATTERY ETF (USD),32117021
2025-06-25,홍콩,HK0001025037,GLOBAL X US Treasury 3-5 Year ETF,30400093
2025-06-25,홍콩,KYG392AS1011,GLOBAL NEW MATERIAL INTL HOLDINGS LTD,28421288
2025-06-25,홍콩,HK0000921236,A GX USD MM,25895663
2025-06-25,홍콩,CNE100006Z79,SANHUA INTELLIGENT,24544087
2025-06-25,홍콩,KYG3777B1032,GEELY AUTOMOBILE HOLDINGS LTD,24438212
2025-06-25,홍콩,CH1391448177,BEIGENE,23687399
2025-06-25,홍콩,HK0000921228,Global X HANG SENG TECH ETF,20851512
2025-06-25,홍콩,HK0000562659,GLOBAL X CHINA ELECTRIC VEHICLE AND BATTERY ETF (HKD),18940700
2025-06-25,홍콩,KYG982AW1003,XPENG INC,18131678
2025-06-25,홍콩,HK0000859063,SAMSUNG BLOCKCHAIN TECHNOLOGIES ETF,17999950
2025-06-25,홍콩,KYG4602S1057,HORIZONROBOT-W,17331400
2025-06-25,홍콩,CNE100006CQ4,Ubtech Robotics Ord Shs H,17322289
2025-06-25,홍콩,HK0941009539,CHINA MOBILE LTD,17076257
2025-06-25,홍콩,KYG070341048,BAIDU INC CL A,16898436
2025-06-25,홍콩,CNE1000003X6,PING AN INSURANCE GROUP CO OF CHINA LTD-H,16062811
2025-06-25,홍콩,CNE1000002H1,CHINA CONSTRUCTION BANK CORP-H,13527705
2025-06-25,홍콩,HK1126010854,DREAM INTERNATIONAL LTD,13502873
2025-06-25,홍콩,KYG8208B1014,JD.COM INC CL A,13456205
2025-06-25,홍콩,CNE1000048K8,HAIER SMART HOME CO LTD-H MRGR 006942845 BMG423131256,12890346
2025-06-25,홍콩,HK0000642568,CSOP HANG SENG TECH INDEX ETF (HKD),12765908
2025-06-25,홍콩,KYG970081173,WUXI BIOLOGICS CAYMAN INC,12311863
2025-06-25,홍콩,HK0000562626,GLOBAL X CHINA CONSUMER BRAND ETF (USD),12243525
2025-06-25,홍콩,KYG3774X1088,GCL TECHNOLOGY HOLDINGS LTD,11612912
2025-06-25,홍콩,CNE1000002L3,CHINA LIFE INSURANCE CO LTD-H,10931768
2025-06-25,홍콩,HK0000637824,GLOBAL X CHINA SEMICONDUCTOR ETF (USD),10906147
2025-06-25,홍콩,HKX566362888,PING AN SECURITIE HKD0.01 HKD0.01 CHAN 009837742 BMG7115B1211,10732421
2025-06-25,홍콩,HK0000516705,GLOBAL X CHINA CLOUD COMPUTING ETF (USD),10490983
2025-06-25,홍콩,IT0003874101,PRADA SPA,10444323
2025-06-25,홍콩,KYG532631028,KUAISHOU TECHNOLOGY,10077400
2025-06-25,홍콩,HK0000716081,GLOBAL X CHINA GLOBAL LEADERS ETF (HKD),9726373
2025-06-25,홍콩,HKX601342549,CHINA BRIGHT CULTURE GROUP USD0.00001 (Delisted/BL398Y0) CHAN 970928502 KYG2153C1078,8631000
2025-06-25,홍콩,HK0000516697,GLOBAL X CHINA BIOTECH ETF (HKD),8468212
2025-06-25,홍콩,HK0000516689,GLOBAL X CHINA BIOTECH ETF (USD),8422741
2025-06-25,홍콩,KYG9066F1019,TRIP.COM GROUP LTD,7507687
2025-06-26,홍콩,KYG9830T1067,XIAOMI CORP,255585107
2025-06-26,홍콩,KYG875721634,TENCENT HOLDINGS LTD,217693054
2025-06-26,홍콩,KYG017191142,ALIBABA GROUP HOLDING LTD,168313117
2025-06-26,홍콩,CNE100000296,BYD CO LTD-H,102809396
2025-06-26,홍콩,KYG8020E1199,SEMICONDUCTOR MANUFACTURING INTL CORP,85992890
2025-06-26,홍콩,KYG7170M1033,POP MART INTL GROUP LTD,80510211
2025-06-26,홍콩,CNE100006WS8,CATL ORD H,73765715
2025-06-26,홍콩,KYG319891092,ESR CAYMAN LTD,72537506
2025-06-26,홍콩,CNE1000031W9,GANFENGLITHIUM ORD H,51132991
2025-06-26,홍콩,CNE100005F09,TIANQI LITHIUM CORP,50070659
2025-06-26,홍콩,CNE100000593,PICC PROPERTY AND CASUALTY CO LTD-H,48004902
2025-06-26,홍콩,HK0000748381,YESASIA HOLDINGS LTD,42362152
2025-06-26,홍콩,KYG596691041,MEITUAN,37514031
2025-06-26,홍콩,CNE100004YZ4,CTG DUTY-FREE,36008105
2025-06-26,홍콩,CNE1000003G1,INDUSTRIAL AND COMMERCIAL BANK OF CHINA LTD-H,33595861
2025-06-26,홍콩,HK0000562642,GLOBAL X CHINA ELECTRIC VEHICLE AND BATTERY ETF (USD),31731359
2025-06-26,홍콩,HK0001025037,GLOBAL X US Treasury 3-5 Year ETF,30434930
2025-06-26,홍콩,KYG392AS1011,GLOBAL NEW MATERIAL INTL HOLDINGS LTD,29630240
2025-06-26,홍콩,HK0000921236,A GX USD MM,25934430
2025-06-26,홍콩,KYG3777B1032,GEELY AUTOMOBILE HOLDINGS LTD,23324407
2025-06-26,홍콩,CNE100006Z79,SANHUA INTELLIGENT,23288263
2025-06-26,홍콩,HK0000921228,Global X HANG SENG TECH ETF,20789167
2025-06-26,홍콩,HK0000562659,GLOBAL X CHINA ELECTRIC VEHICLE AND BATTERY ETF (HKD),18675705
2025-06-26,홍콩,KYG982AW1003,XPENG INC,18198642
2025-06-26,홍콩,HK0000859063,SAMSUNG BLOCKCHAIN TECHNOLOGIES ETF,18117365
2025-06-26,홍콩,CNE100006CQ4,Ubtech Robotics Ord Shs H,17480724
2025-06-26,홍콩,KYG4602S1057,HORIZONROBOT-W,17069331
2025-06-26,홍콩,HK0941009539,CHINA MOBILE LTD,16974236
2025-06-26,홍콩,KYG070341048,BAIDU INC CL A,16939399
2025-06-26,홍콩,CNE1000003X6,PING AN INSURANCE GROUP CO OF CHINA LTD-H,15919550
2025-06-26,홍콩,HK1126010854,DREAM INTERNATIONAL LTD,13658456
2025-06-26,홍콩,CNE1000002H1,CHINA CONSTRUCTION BANK CORP-H,13550520
2025-06-26,홍콩,KYG8208B1014,JD.COM INC CL A,13269077
2025-06-26,홍콩,HK0000642568,CSOP HANG SENG TECH INDEX ETF (HKD),12829479
2025-06-26,홍콩,CNE1000048K8,HAIER SMART HOME CO LTD-H MRGR 006942845 BMG423131256,12692997
2025-06-26,홍콩,HK0000562626,GLOBAL X CHINA CONSUMER BRAND ETF (USD),12243274
2025-06-26,홍콩,KYG970081173,WUXI BIOLOGICS CAYMAN INC,12168473
2025-06-26,홍콩,KYG3774X1088,GCL TECHNOLOGY HOLDINGS LTD,11586769
2025-06-26,홍콩,KYG532631028,KUAISHOU TECHNOLOGY,10901584
2025-06-26,홍콩,CNE1000002L3,CHINA LIFE INSURANCE CO LTD-H,10819409
2025-06-26,홍콩,HK0000637824,GLOBAL X CHINA SEMICONDUCTOR ETF (USD),10800263
2025-06-26,홍콩,HKX566362888,PING AN SECURITIE HKD0.01 HKD0.01 CHAN 009837742 BMG7115B1211,10733183
2025-06-26,홍콩,HK0000516705,GLOBAL X CHINA CLOUD COMPUTING ETF (USD),10414948
2025-06-26,홍콩,IT0003874101,PRADA SPA,10326968
2025-06-26,홍콩,HK0000716081,GLOBAL X CHINA GLOBAL LEADERS ETF (HKD),9584646
2025-06-26,홍콩,HKX601342549,CHINA BRIGHT CULTURE GROUP USD0.00001 (Delisted/BL398Y0) CHAN 970928502 KYG2153C1078,8631000
2025-06-26,홍콩,HK0000516697,GLOBAL X CHINA BIOTECH ETF (HKD),8236695
2025-06-26,홍콩,HK0000516689,GLOBAL X CHINA BIOTECH ETF (USD),8147875
2025-06-26,홍콩,KYG9066F1019,TRIP.COM GROUP LTD,7740749
2025-06-26,홍콩,HK0000562667,GLOBAL X CHINA CLEAN ENERGY ETF (USD),7264781
2025-06-27,홍콩,KYG9830T1067,XIAOMI CORP,265278758
2025-06-27,홍콩,KYG875721634,TENCENT HOLDINGS LTD,218145007
2025-06-27,홍콩,KYG017191142,ALIBABA GROUP HOLDING LTD,166576893
2025-06-27,홍콩,CNE100000296,BYD CO LTD-H,101838743
2025-06-27,홍콩,KYG8020E1199,SEMICONDUCTOR MANUFACTURING INTL CORP,88976743
2025-06-27,홍콩,KYG7170M1033,POP MART INTL GROUP LTD,82215237
2025-06-27,홍콩,CNE100006WS8,CATL ORD H,77527469
2025-06-27,홍콩,KYG319891092,ESR CAYMAN LTD,72537684
2025-06-27,홍콩,CNE100005F09,TIANQI LITHIUM CORP,53464599
2025-06-27,홍콩,CNE1000031W9,GANFENGLITHIUM ORD H,52090994
2025-06-27,홍콩,CNE100000593,PICC PROPERTY AND CASUALTY CO LTD-H,46896688
2025-06-27,홍콩,HK0000748381,YESASIA HOLDINGS LTD,40575722
2025-06-27,홍콩,KYG596691041,MEITUAN,37322649
2025-06-27,홍콩,CNE100004YZ4,CTG DUTY-FREE,34820631
2025-06-27,홍콩,CNE1000003G1,INDUSTRIAL AND COMMERCIAL BANK OF CHINA LTD-H,32840713
2025-06-27,홍콩,HK0000562642,GLOBAL X CHINA ELECTRIC VEHICLE AND BATTERY ETF (USD),31589459
2025-06-27,홍콩,HK0001025037,GLOBAL X US Treasury 3-5 Year ETF,30533042
2025-06-27,홍콩,KYG392AS1011,GLOBAL NEW MATERIAL INTL HOLDINGS LTD,29388925
2025-06-27,홍콩,HK0941009539,CHINA MOBILE LTD,26767837
2025-06-27,홍콩,HK0000921236,A GX USD MM,25936876
2025-06-27,홍콩,KYG3777B1032,GEELY AUTOMOBILE HOLDINGS LTD,23279675
2025-06-27,홍콩,CNE100006Z79,SANHUA INTELLIGENT,22376815
2025-06-27,홍콩,HK0000921228,Global X HANG SENG TECH ETF,20773827
2025-06-27,홍콩,HK0000859063,SAMSUNG BLOCKCHAIN TECHNOLOGIES ETF,18724896
2025-06-27,홍콩,HK0000562659,GLOBAL X CHINA ELECTRIC VEHICLE AND BATTERY ETF (HKD),18473093
2025-06-27,홍콩,CNE100006CQ4,Ubtech Robotics Ord Shs H,17889857
2025-06-27,홍콩,KYG982AW1003,XPENG INC,17703336
2025-06-27,홍콩,KYG4602S1057,HORIZONROBOT-W,17117473
2025-06-27,홍콩,HK0000642568,CSOP HANG SENG TECH INDEX ETF (HKD),17027711
2025-06-27,홍콩,KYG070341048,BAIDU INC CL A,16599359
2025-06-27,홍콩,CNE1000003X6,PING AN INSURANCE GROUP CO OF CHINA LTD-H,15713681
2025-06-27,홍콩,BMG2109G1033,CHINA GAS HOLDINGS LTD,14486039
2025-06-27,홍콩,CNE1000002H1,CHINA CONSTRUCTION BANK CORP-H,13516194
2025-06-27,홍콩,KYG8208B1014,JD.COM INC CL A,13286022
2025-06-27,홍콩,HK1126010854,DREAM INTERNATIONAL LTD,12717857
2025-06-27,홍콩,KYG970081173,WUXI BIOLOGICS CAYMAN INC,12323219
2025-06-27,홍콩,HK0000562626,GLOBAL X CHINA CONSUMER BRAND ETF (USD),12243274
2025-06-27,홍콩,KYG3774X1088,GCL TECHNOLOGY HOLDINGS LTD,11844059
2025-06-27,홍콩,KYG532631028,KUAISHOU TECHNOLOGY,11138700
2025-06-27,홍콩,HK0000637824,GLOBAL X CHINA SEMICONDUCTOR ETF (USD),10763548
2025-06-27,홍콩,HKX566362888,PING AN SECURITIE HKD0.01 HKD0.01 CHAN 009837742 BMG7115B1211,10733209
2025-06-27,홍콩,CNE1000002L3,CHINA LIFE INSURANCE CO LTD-H,10498286
2025-06-27,홍콩,HK0000516705,GLOBAL X CHINA CLOUD COMPUTING ETF (USD),10402746
2025-06-27,홍콩,IT0003874101,PRADA SPA,10099488
2025-06-27,홍콩,CNE1000048K8,HAIER SMART HOME CO LTD-H MRGR 006942845 BMG423131256,10017972
2025-06-27,홍콩,HK0000716081,GLOBAL X CHINA GLOBAL LEADERS ETF (HKD),9550743
2025-06-27,홍콩,HKX601342549,CHINA BRIGHT CULTURE GROUP USD0.00001 (Delisted/BL398Y0) CHAN 970928502 KYG2153C1078,8631000
2025-06-27,홍콩,HK0000516697,GLOBAL X CHINA BIOTECH ETF (HKD),8246771
2025-06-27,홍콩,HK0000516689,GLOBAL X CHINA BIOTECH ETF (USD),8034871
2025-06-27,홍콩,KYG9066F1019,TRIP.COM GROUP LTD,7501564
2025-06-30,홍콩,KYG9830T1067,XIAOMI CORP,269867071
2025-06-30,홍콩,KYG875721634,TENCENT HOLDINGS LTD,213899877
2025-06-30,홍콩,KYG017191142,ALIBABA GROUP HOLDING LTD,163899412
2025-06-30,홍콩,KYG8020E1199,SEMICONDUCTOR MANUFACTURING INTL CORP,88772318
2025-06-30,홍콩,KYG7170M1033,POP MART INTL GROUP LTD,85928380
2025-06-30,홍콩,CNE100006WS8,CATL ORD H,77974549
2025-06-30,홍콩,CNE100000296,BYD CO LTD-H,77382789
2025-06-30,홍콩,KYG319891092,ESR CAYMAN LTD,72534695
2025-06-30,홍콩,CNE100005F09,TIANQI LITHIUM CORP,53091162
2025-06-30,홍콩,CNE1000031W9,GANFENGLITHIUM ORD H,51521570
2025-06-30,홍콩,CNE100000593,PICC PROPERTY AND CASUALTY CO LTD-H,46013534
2025-06-30,홍콩,HK0000748381,YESASIA HOLDINGS LTD,41289505
2025-06-30,홍콩,KYG596691041,MEITUAN,36070443
2025-06-30,홍콩,CNE100004YZ4,CTG DUTY-FREE,34686044
2025-06-30,홍콩,CNE1000003G1,INDUSTRIAL AND COMMERCIAL BANK OF CHINA LTD-H,32314996
2025-06-30,홍콩,HK0000562642,GLOBAL X CHINA ELECTRIC VEHICLE AND BATTERY ETF (USD),31589459
2025-06-30,홍콩,HK0001025037,GLOBAL X US Treasury 3-5 Year ETF,30531784
2025-06-30,홍콩,KYG392AS1011,GLOBAL NEW MATERIAL INTL HOLDINGS LTD,28177852
2025-06-30,홍콩,HK0941009539,CHINA MOBILE LTD,26999219
2025-06-30,홍콩,HK0000921236,A GX USD MM,25935808
2025-06-30,홍콩,KYG3777B1032,GEELY AUTOMOBILE HOLDINGS LTD,23200784
2025-06-30,홍콩,CNE100006Z79,SANHUA INTELLIGENT,23158268
2025-06-30,홍콩,HK0000921228,Global X HANG SENG TECH ETF,20639087
2025-06-30,홍콩,HK0000859063,SAMSUNG BLOCKCHAIN TECHNOLOGIES ETF,18822391
2025-06-30,홍콩,HK0000562659,GLOBAL X CHINA ELECTRIC VEHICLE AND BATTERY ETF (HKD),18425423
2025-06-30,홍콩,CNE100006CQ4,Ubtech Robotics Ord Shs H,17836485
2025-06-30,홍콩,KYG982AW1003,XPENG INC,17150408
2025-06-30,홍콩,HK0000642568,CSOP HANG SENG TECH INDEX ETF (HKD),16843828
2025-06-30,홍콩,KYG4602S1057,HORIZONROBOT-W,16835139
2025-06-30,홍콩,KYG070341048,BAIDU INC CL A,16481752
2025-06-30,홍콩,CNE1000003X6,PING AN INSURANCE GROUP CO OF CHINA LTD-H,15557439
2025-06-30,홍콩,BMG2109G1033,CHINA GAS HOLDINGS LTD,14454303
2025-06-30,홍콩,CNE1000002H1,CHINA CONSTRUCTION BANK CORP-H,13382958
2025-06-30,홍콩,KYG8208B1014,JD.COM INC CL A,13045315
2025-06-30,홍콩,KYG3774X1088,GCL TECHNOLOGY HOLDINGS LTD,12720755
2025-06-30,홍콩,HK1126010854,DREAM INTERNATIONAL LTD,12580574
2025-06-30,홍콩,KYG970081173,WUXI BIOLOGICS CAYMAN INC,12572597
2025-06-30,홍콩,HK0000562626,GLOBAL X CHINA CONSUMER BRAND ETF (USD),12243274
2025-06-30,홍콩,KYG532631028,KUAISHOU TECHNOLOGY,11243856
2025-06-30,홍콩,HK0000637824,GLOBAL X CHINA SEMICONDUCTOR ETF (USD),10763548
2025-06-30,홍콩,HKX566362888,PING AN SECURITIE HKD0.01 HKD0.01 CHAN 009837742 BMG7115B1211,10732767
2025-06-30,홍콩,CNE1000002L3,CHINA LIFE INSURANCE CO LTD-H,10431411
2025-06-30,홍콩,HK0000516705,GLOBAL X CHINA CLOUD COMPUTING ETF (USD),10402746
2025-06-30,홍콩,IT0003874101,PRADA SPA,10339279
2025-06-30,홍콩,HK0000716081,GLOBAL X CHINA GLOBAL LEADERS ETF (HKD),9570802
2025-06-30,홍콩,KYG9066F1019,TRIP.COM GROUP LTD,8811253
2025-06-30,홍콩,HKX601342549,CHINA BRIGHT CULTURE GROUP USD0.00001 (Delisted/BL398Y0) CHAN 970928502 KYG2153C1078,8631000
2025-06-30,홍콩,HK0000516697,GLOBAL X CHINA BIOTECH ETF (HKD),8282807
2025-06-30,홍콩,CNE1000048K8,HAIER SMART HOME CO LTD-H MRGR 006942845 BMG423131256,8053613
2025-06-30,홍콩,HK0000516689,GLOBAL X CHINA BIOTECH ETF (USD),8034871
2025-07-01,홍콩,KYG9830T1067,XIAOMI CORP,270485884
2025-07-01,홍콩,KYG875721634,TENCENT HOLDINGS LTD,213921426
2025-07-01,홍콩,KYG017191142,ALIBABA GROUP HOLDING LTD,164055745
2025-07-01,홍콩,KYG8020E1199,SEMICONDUCTOR MANUFACTURING INTL CORP,88770623
2025-07-01,홍콩,KYG7170M1033,POP MART INTL GROUP LTD,85926740
2025-07-01,홍콩,CNE100006WS8,CATL ORD H,77973061
2025-07-01,홍콩,CNE100000296,BYD CO LTD-H,77685624
2025-07-01,홍콩,KYG319891092,ESR CAYMAN LTD,72533311
2025-07-01,홍콩,CNE100005F09,TIANQI LITHIUM CORP,53090148
2025-07-01,홍콩,CNE1000031W9,GANFENGLITHIUM ORD H,51520587
2025-07-01,홍콩,HK0000562659,GLOBAL X CHINA ELECTRIC VEHICLE AND BATTERY ETF (HKD),49609458
2025-07-01,홍콩,CNE100000593,PICC PROPERTY AND CASUALTY CO LTD-H,46012656
2025-07-01,홍콩,HK0000748381,YESASIA HOLDINGS LTD,41288717
2025-07-01,홍콩,KYG596691041,MEITUAN,36092102
2025-07-01,홍콩,CNE100004YZ4,CTG DUTY-FREE,34685382
2025-07-01,홍콩,CNE1000003G1,INDUSTRIAL AND COMMERCIAL BANK OF CHINA LTD-H,32314379
2025-07-01,홍콩,HK0001025037,GLOBAL X US Treasury 3-5 Year ETF,30531201
2025-07-01,홍콩,KYG392AS1011,GLOBAL NEW MATERIAL INTL HOLDINGS LTD,28177314
2025-07-01,홍콩,HK0941009539,CHINA MOBILE LTD,26998704
2025-07-01,홍콩,HK0000921236,A GX USD MM,25935313
2025-07-01,홍콩,KYG3777B1032,GEELY AUTOMOBILE HOLDINGS LTD,23208474
2025-07-01,홍콩,CNE100006Z79,SANHUA INTELLIGENT,23157826
2025-07-01,홍콩,HK0000921228,Global X HANG SENG TECH ETF,20638693
2025-07-01,홍콩,HK0000562634,GLOBAL X CHINA CONSUMER BRAND ETF (HKD),19229499
2025-07-01,홍콩,HK0000859063,SAMSUNG BLOCKCHAIN TECHNOLOGIES ETF,18822032
2025-07-01,홍콩,CNE100006CQ4,Ubtech Robotics Ord Shs H,17836145
2025-07-01,홍콩,KYG982AW1003,XPENG INC,17150081
2025-07-01,홍콩,HK0000642568,CSOP HANG SENG TECH INDEX ETF (HKD),16843507
2025-07-01,홍콩,KYG4602S1057,HORIZONROBOT-W,16834818
2025-07-01,홍콩,KYG070341048,BAIDU INC CL A,16534061
2025-07-01,홍콩,HK0000637832,GLOBAL X CHINA SEMICONDUCTOR ETF (HKD),16419577
2025-07-01,홍콩,HK0000516697,GLOBAL X CHINA BIOTECH ETF (HKD),16292568
2025-07-01,홍콩,HK0000516713,GLOBAL X CHINA CLOUD COMPUTING ETF (HKD),16023916
2025-07-01,홍콩,CNE1000003X6,PING AN INSURANCE GROUP CO OF CHINA LTD-H,15588895
2025-07-01,홍콩,BMG2109G1033,CHINA GAS HOLDINGS LTD,14454028
2025-07-01,홍콩,CNE1000002H1,CHINA CONSTRUCTION BANK CORP-H,13382703
2025-07-01,홍콩,KYG8208B1014,JD.COM INC CL A,13045066
2025-07-01,홍콩,HK0000562675,GLOBAL X CHINA CLEAN ENERGY ETF (HKD),12901956
2025-07-01,홍콩,KYG3774X1088,GCL TECHNOLOGY HOLDINGS LTD,12720512
2025-07-01,홍콩,HK1126010854,DREAM INTERNATIONAL LTD,12580334
2025-07-01,홍콩,KYG970081173,WUXI BIOLOGICS CAYMAN INC,12572357
2025-07-01,홍콩,KYG532631028,KUAISHOU TECHNOLOGY,11244448
2025-07-01,홍콩,HKX566362888,PING AN SECURITIE HKD0.01 HKD0.01 CHAN 009837742 BMG7115B1211,10732562
2025-07-01,홍콩,CNE1000002L3,CHINA LIFE INSURANCE CO LTD-H,10431212
2025-07-01,홍콩,IT0003874101,PRADA SPA,10339081
2025-07-01,홍콩,HK0000716081,GLOBAL X CHINA GLOBAL LEADERS ETF (HKD),9570620
2025-07-01,홍콩,KYG9066F1019,TRIP.COM GROUP LTD,8811085
2025-07-01,홍콩,HKX601342549,CHINA BRIGHT CULTURE GROUP USD0.00001 (Delisted/BL398Y0) CHAN 970928502 KYG2153C1078,8631000
2025-07-01,홍콩,CNE1000048K8,HAIER SMART HOME CO LTD-H MRGR 006942845 BMG423131256,8053459
2025-07-01,홍콩,HK0000637857,GLOBAL X CHINA ROBOTICS AND AI ETF (HKD),7701770
2025-07-02,홍콩,KYG9830T1067,XIAOMI CORP,267740989
2025-07-02,홍콩,KYG875721634,TENCENT HOLDINGS LTD,213382381
2025-07-02,홍콩,KYG017191142,ALIBABA GROUP HOLDING LTD,163528112
2025-07-02,홍콩,KYG8020E1199,SEMICONDUCTOR MANUFACTURING INTL CORP,86112144
2025-07-02,홍콩,KYG7170M1033,POP MART INTL GROUP LTD,82278551
2025-07-02,홍콩,CNE100006WS8,CATL ORD H,79912701
2025-07-02,홍콩,KYG319891092,ESR CAYMAN LTD,72544842
2025-07-02,홍콩,CNE100000296,BYD CO LTD-H,68361906
2025-07-02,홍콩,CNE100005F09,TIANQI LITHIUM CORP,53648833
2025-07-02,홍콩,CNE1000031W9,GANFENGLITHIUM ORD H,53560392
2025-07-02,홍콩,HK0000562659,GLOBAL X CHINA ELECTRIC VEHICLE AND BATTERY ETF (HKD),49173694
2025-07-02,홍콩,CNE100000593,PICC PROPERTY AND CASUALTY CO LTD-H,46808288
2025-07-02,홍콩,HK0000748381,YESASIA HOLDINGS LTD,41574310
2025-07-02,홍콩,KYG596691041,MEITUAN,36375375
2025-07-02,홍콩,CNE100004YZ4,CTG DUTY-FREE,35479053
2025-07-02,홍콩,CNE1000003G1,INDUSTRIAL AND COMMERCIAL BANK OF CHINA LTD-H,32488251
2025-07-02,홍콩,HK0001025037,GLOBAL X US Treasury 3-5 Year ETF,30492479
2025-07-02,홍콩,KYG392AS1011,GLOBAL NEW MATERIAL INTL HOLDINGS LTD,29268030
2025-07-02,홍콩,HK0941009539,CHINA MOBILE LTD,26421038
2025-07-02,홍콩,HK0000921236,A GX USD MM,25956115
2025-07-02,홍콩,KYG3777B1032,GEELY AUTOMOBILE HOLDINGS LTD,23717031
2025-07-02,홍콩,CNE100006Z79,SANHUA INTELLIGENT,22287853
2025-07-02,홍콩,HK0000921228,Global X HANG SENG TECH ETF,20512128
2025-07-02,홍콩,HK0000562634,GLOBAL X CHINA CONSUMER BRAND ETF (HKD),19255116
2025-07-02,홍콩,HK0000859063,SAMSUNG BLOCKCHAIN TECHNOLOGIES ETF,19030518
2025-07-02,홍콩,CNE100006CQ4,Ubtech Robotics Ord Shs H,17274898
2025-07-02,홍콩,KYG070341048,BAIDU INC CL A,16672436
2025-07-02,홍콩,HK0000642568,CSOP HANG SENG TECH INDEX ETF (HKD),16669981
2025-07-02,홍콩,HK0000516697,GLOBAL X CHINA BIOTECH ETF (HKD),16486991
2025-07-02,홍콩,KYG4602S1057,HORIZONROBOT-W,16412878
2025-07-02,홍콩,HK0000637832,GLOBAL X CHINA SEMICONDUCTOR ETF (HKD),15979914
2025-07-02,홍콩,CNE1000003X6,PING AN INSURANCE GROUP CO OF CHINA LTD-H,15719681
2025-07-02,홍콩,HK0000516713,GLOBAL X CHINA CLOUD COMPUTING ETF (HKD),15687431
2025-07-02,홍콩,HK2800008867,TRACKER FUND OF HONG KONG ETF,15041552
2025-07-02,홍콩,BMG2109G1033,CHINA GAS HOLDINGS LTD,14756559
2025-07-02,홍콩,KYG982AW1003,XPENG INC,14303599
2025-07-02,홍콩,KYG3774X1088,GCL TECHNOLOGY HOLDINGS LTD,13849785
2025-07-02,홍콩,CNE1000002H1,CHINA CONSTRUCTION BANK CORP-H,13323354
2025-07-02,홍콩,KYG8208B1014,JD.COM INC CL A,13053802
2025-07-02,홍콩,HK0000562675,GLOBAL X CHINA CLEAN ENERGY ETF (HKD),13049722
2025-07-02,홍콩,KYG970081173,WUXI BIOLOGICS CAYMAN INC,12190347
2025-07-02,홍콩,HK1126010854,DREAM INTERNATIONAL LTD,12167393
2025-07-02,홍콩,HKX566362888,PING AN SECURITIE HKD0.01 HKD0.01 CHAN 009837742 BMG7115B1211,10734268
2025-07-02,홍콩,KYG532631028,KUAISHOU TECHNOLOGY,10527057
2025-07-02,홍콩,IT0003874101,PRADA SPA,10414922
2025-07-02,홍콩,CNE1000048K8,HAIER SMART HOME CO LTD-H MRGR 006942845 BMG423131256,10352926
2025-07-02,홍콩,CNE1000002L3,CHINA LIFE INSURANCE CO LTD-H,10222441
2025-07-02,홍콩,HK0000716081,GLOBAL X CHINA GLOBAL LEADERS ETF (HKD),9541997
2025-07-02,홍콩,KYG9066F1019,TRIP.COM GROUP LTD,9107978
2025-07-02,홍콩,CNE100006JG0,LAOPU GOLD,8736412
2025-07-03,홍콩,KYG9830T1067,XIAOMI CORP,260786860
2025-07-03,홍콩,KYG875721634,TENCENT HOLDINGS LTD,213175295
2025-07-03,홍콩,KYG017191142,ALIBABA GROUP HOLDING LTD,158563258
2025-07-03,홍콩,KYG8020E1199,SEMICONDUCTOR MANUFACTURING INTL CORP,85356529
2025-07-03,홍콩,CNE100006WS8,CATL ORD H,81905211
2025-07-03,홍콩,KYG7170M1033,POP MART INTL GROUP LTD,80533913
2025-07-03,홍콩,KYG319891092,ESR CAYMAN LTD,72533779
2025-07-03,홍콩,CNE100000296,BYD CO LTD-H,68672186
2025-07-03,홍콩,CNE1000031W9,GANFENGLITHIUM ORD H,56489943
2025-07-03,홍콩,CNE100005F09,TIANQI LITHIUM CORP,54558344
2025-07-03,홍콩,HK0000562659,GLOBAL X CHINA ELECTRIC VEHICLE AND BATTERY ETF (HKD),49931239
2025-07-03,홍콩,CNE100000593,PICC PROPERTY AND CASUALTY CO LTD-H,47551335
2025-07-03,홍콩,HK0000748381,YESASIA HOLDINGS LTD,43332445
2025-07-03,홍콩,KYG596691041,MEITUAN,36030298
2025-07-03,홍콩,CNE100004YZ4,CTG DUTY-FREE,35806416
2025-07-03,홍콩,KYG392AS1011,GLOBAL NEW MATERIAL INTL HOLDINGS LTD,30949741
2025-07-03,홍콩,HK0001025037,GLOBAL X US Treasury 3-5 Year ETF,30910986
2025-07-03,홍콩,CNE1000003G1,INDUSTRIAL AND COMMERCIAL BANK OF CHINA LTD-H,30585622
2025-07-03,홍콩,HK0000921236,A GX USD MM,25950965
2025-07-03,홍콩,HK0941009539,CHINA MOBILE LTD,25744119
2025-07-03,홍콩,KYG3777B1032,GEELY AUTOMOBILE HOLDINGS LTD,23906354
2025-07-03,홍콩,CNE100006Z79,SANHUA INTELLIGENT,22376539
2025-07-03,홍콩,HK0000921228,Global X HANG SENG TECH ETF,20326214
2025-07-03,홍콩,HK0000859063,SAMSUNG BLOCKCHAIN TECHNOLOGIES ETF,19563605
2025-07-03,홍콩,HK0000562634,GLOBAL X CHINA CONSUMER BRAND ETF (HKD),19092209
2025-07-03,홍콩,HK0000516697,GLOBAL X CHINA BIOTECH ETF (HKD),16954798
2025-07-03,홍콩,CNE100006CQ4,Ubtech Robotics Ord Shs H,16880552
2025-07-03,홍콩,KYG070341048,BAIDU INC CL A,16801043
2025-07-03,홍콩,HK0000642568,CSOP HANG SENG TECH INDEX ETF (HKD),16468171
2025-07-03,홍콩,KYG4602S1057,HORIZONROBOT-W,16306034
2025-07-03,홍콩,HK0000637832,GLOBAL X CHINA SEMICONDUCTOR ETF (HKD),16046701
2025-07-03,홍콩,CNE1000003X6,PING AN INSURANCE GROUP CO OF CHINA LTD-H,15750147
2025-07-03,홍콩,HK0000516713,GLOBAL X CHINA CLOUD COMPUTING ETF (HKD),15637894
2025-07-03,홍콩,CNE100006JG0,LAOPU GOLD,15006332
2025-07-03,홍콩,HK2800008867,TRACKER FUND OF HONG KONG ETF,14978222
2025-07-03,홍콩,BMG2109G1033,CHINA GAS HOLDINGS LTD,14896354
2025-07-03,홍콩,KYG982AW1003,XPENG INC,14275725
2025-07-03,홍콩,KYG3774X1088,GCL TECHNOLOGY HOLDINGS LTD,13283455
2025-07-03,홍콩,HK0000562675,GLOBAL X CHINA CLEAN ENERGY ETF (HKD),13072994
2025-07-03,홍콩,CNE1000002H1,CHINA CONSTRUCTION BANK CORP-H,12964941
2025-07-03,홍콩,HK1126010854,DREAM INTERNATIONAL LTD,12938913
2025-07-03,홍콩,KYG8208B1014,JD.COM INC CL A,12777968
2025-07-03,홍콩,KYG970081173,WUXI BIOLOGICS CAYMAN INC,12254835
2025-07-03,홍콩,HKX566362888,PING AN SECURITIE HKD0.01 HKD0.01 CHAN 009837742 BMG7115B1211,10732631
2025-07-03,홍콩,IT0003874101,PRADA SPA,10691699
2025-07-03,홍콩,CNE1000048K8,HAIER SMART HOME CO LTD-H MRGR 006942845 BMG423131256,10554111
2025-07-03,홍콩,KYG532631028,KUAISHOU TECHNOLOGY,10384601
2025-07-03,홍콩,CNE1000002L3,CHINA LIFE INSURANCE CO LTD-H,10240672
2025-07-03,홍콩,KYG9066F1019,TRIP.COM GROUP LTD,9228341
2025-07-03,홍콩,HKX601342549,CHINA BRIGHT CULTURE GROUP USD0.00001 (Delisted/BL398Y0) CHAN 970928502 KYG2153C1078,8631000
2025-07-04,홍콩,KYG9830T1067,XIAOMI CORP,257625777
2025-07-04,홍콩,KYG875721634,TENCENT HOLDINGS LTD,211009809
2025-07-04,홍콩,KYG017191142,ALIBABA GROUP HOLDING LTD,156057306
2025-07-04,홍콩,KYG8020E1199,SEMICONDUCTOR MANUFACTURING INTL CORP,88021101
2025-07-04,홍콩,CNE100006WS8,CATL ORD H,84772143
2025-07-04,홍콩,KYG7170M1033,POP MART INTL GROUP LTD,81328309
2025-07-04,홍콩,KYG319891092,ESR CAYMAN LTD,72557094
2025-07-04,홍콩,CNE100000296,BYD CO LTD-H,65833696
2025-07-04,홍콩,CNE1000031W9,GANFENGLITHIUM ORD H,55830003
2025-07-04,홍콩,CNE100005F09,TIANQI LITHIUM CORP,53016570
2025-07-04,홍콩,HK0000562659,GLOBAL X CHINA ELECTRIC VEHICLE AND BATTERY ETF (HKD),49792761
2025-07-04,홍콩,CNE100000593,PICC PROPERTY AND CASUALTY CO LTD-H,47339700
2025-07-04,홍콩,HK0000748381,YESASIA HOLDINGS LTD,45114819
2025-07-04,홍콩,CNE100004YZ4,CTG DUTY-FREE,35917790
2025-07-04,홍콩,KYG596691041,MEITUAN,35238759
2025-07-04,홍콩,KYG392AS1011,GLOBAL NEW MATERIAL INTL HOLDINGS LTD,31077765
2025-07-04,홍콩,HK0001025037,GLOBAL X US Treasury 3-5 Year ETF,30854639
2025-07-04,홍콩,CNE1000003G1,INDUSTRIAL AND COMMERCIAL BANK OF CHINA LTD-H,30787035
2025-07-04,홍콩,HK0000921236,A GX USD MM,25960498
2025-07-04,홍콩,HK0941009539,CHINA MOBILE LTD,25596296
2025-07-04,홍콩,KYG3777B1032,GEELY AUTOMOBILE HOLDINGS LTD,23650404
2025-07-04,홍콩,CNE100006JG0,LAOPU GOLD,23444989
2025-07-04,홍콩,CNE100006Z79,SANHUA INTELLIGENT,21278362
2025-07-04,홍콩,HK0000921228,Global X HANG SENG TECH ETF,20270927
2025-07-04,홍콩,HK0000859063,SAMSUNG BLOCKCHAIN TECHNOLOGIES ETF,19614573
2025-07-04,홍콩,HK0000562634,GLOBAL X CHINA CONSUMER BRAND ETF (HKD),19197892
2025-07-04,홍콩,HK0000516697,GLOBAL X CHINA BIOTECH ETF (HKD),17154663
2025-07-04,홍콩,KYG070341048,BAIDU INC CL A,17086364
2025-07-04,홍콩,CNE100006CQ4,Ubtech Robotics Ord Shs H,16959355
2025-07-04,홍콩,KYG4602S1057,HORIZONROBOT-W,16742547
2025-07-04,홍콩,HK0000642568,CSOP HANG SENG TECH INDEX ETF (HKD),16463354
2025-07-04,홍콩,HK0000637832,GLOBAL X CHINA SEMICONDUCTOR ETF (HKD),16040140
2025-07-04,홍콩,CNE1000003X6,PING AN INSURANCE GROUP CO OF CHINA LTD-H,15752242
2025-07-04,홍콩,HK0000516713,GLOBAL X CHINA CLOUD COMPUTING ETF (HKD),15604499
2025-07-04,홍콩,BMG2109G1033,CHINA GAS HOLDINGS LTD,15332729
2025-07-04,홍콩,HK2800008867,TRACKER FUND OF HONG KONG ETF,14906887
2025-07-04,홍콩,HK1126010854,DREAM INTERNATIONAL LTD,14872954
2025-07-04,홍콩,KYG3774X1088,GCL TECHNOLOGY HOLDINGS LTD,14020026
2025-07-04,홍콩,KYG982AW1003,XPENG INC,13101582
2025-07-04,홍콩,HK0000562675,GLOBAL X CHINA CLEAN ENERGY ETF (HKD),13053806
2025-07-04,홍콩,CNE1000002H1,CHINA CONSTRUCTION BANK CORP-H,13048893
2025-07-04,홍콩,KYG8208B1014,JD.COM INC CL A,12648147
2025-07-04,홍콩,KYG970081173,WUXI BIOLOGICS CAYMAN INC,12432139
2025-07-04,홍콩,HKX566362888,PING AN SECURITIE HKD0.01 HKD0.01 CHAN 009837742 BMG7115B1211,10736081
2025-07-04,홍콩,IT0003874101,PRADA SPA,10696423
2025-07-04,홍콩,CNE1000048K8,HAIER SMART HOME CO LTD-H MRGR 006942845 BMG423131256,10508747
2025-07-04,홍콩,KYG532631028,KUAISHOU TECHNOLOGY,10489243
2025-07-04,홍콩,CNE1000002L3,CHINA LIFE INSURANCE CO LTD-H,10219462
2025-07-04,홍콩,KYG9066F1019,TRIP.COM GROUP LTD,9167067
2025-07-04,홍콩,HKX601342549,CHINA BRIGHT CULTURE GROUP USD0.00001 (Delisted/BL398Y0) CHAN 970928502 KYG2153C1078,8631000
2025-07-07,홍콩,KYG9830T1067,XIAOMI CORP,256755554
2025-07-07,홍콩,KYG875721634,TENCENT HOLDINGS LTD,211554879
2025-07-07,홍콩,KYG017191142,ALIBABA GROUP HOLDING LTD,153935838
2025-07-07,홍콩,KYG8020E1199,SEMICONDUCTOR MANUFACTURING INTL CORP,88647646
2025-07-07,홍콩,CNE100006WS8,CATL ORD H,83319503
2025-07-07,홍콩,KYG7170M1033,POP MART INTL GROUP LTD,82503688
2025-07-07,홍콩,KYG319891092,ESR CAYMAN LTD,72533156
2025-07-07,홍콩,CNE100000296,BYD CO LTD-H,65650522
2025-07-07,홍콩,CNE1000031W9,GANFENGLITHIUM ORD H,55683202
2025-07-07,홍콩,CNE100005F09,TIANQI LITHIUM CORP,52999078
2025-07-07,홍콩,HK0000562659,GLOBAL X CHINA ELECTRIC VEHICLE AND BATTERY ETF (HKD),49073988
2025-07-07,홍콩,CNE100000593,PICC PROPERTY AND CASUALTY CO LTD-H,48009288
2025-07-07,홍콩,HK0000748381,YESASIA HOLDINGS LTD,46788008
2025-07-07,홍콩,CNE100004YZ4,CTG DUTY-FREE,35516246
2025-07-07,홍콩,KYG596691041,MEITUAN,33906351
2025-07-07,홍콩,KYG392AS1011,GLOBAL NEW MATERIAL INTL HOLDINGS LTD,32327514
2025-07-07,홍콩,HK0001025037,GLOBAL X US Treasury 3-5 Year ETF,30811329
2025-07-07,홍콩,CNE1000003G1,INDUSTRIAL AND COMMERCIAL BANK OF CHINA LTD-H,30783125
2025-07-07,홍콩,HK0000921236,A GX USD MM,25951933
2025-07-07,홍콩,HK0941009539,CHINA MOBILE LTD,25608220
2025-07-07,홍콩,CNE100006JG0,LAOPU GOLD,24985975
2025-07-07,홍콩,KYG3777B1032,GEELY AUTOMOBILE HOLDINGS LTD,23748516
2025-07-07,홍콩,CNE100006Z79,SANHUA INTELLIGENT,21133509
2025-07-07,홍콩,HK0000921228,Global X HANG SENG TECH ETF,20103562
2025-07-07,홍콩,HK0000859063,SAMSUNG BLOCKCHAIN TECHNOLOGIES ETF,19572370
2025-07-07,홍콩,HK0000562634,GLOBAL X CHINA CONSUMER BRAND ETF (HKD),19131841
2025-07-07,홍콩,KYG4602S1057,HORIZONROBOT-W,17599707
2025-07-07,홍콩,KYG070341048,BAIDU INC CL A,17054464
2025-07-07,홍콩,HK0000516697,GLOBAL X CHINA BIOTECH ETF (HKD),16845570
2025-07-07,홍콩,HK0000642568,CSOP HANG SENG TECH INDEX ETF (HKD),16416005
2025-07-07,홍콩,CNE100006CQ4,Ubtech Robotics Ord Shs H,16185030
2025-07-07,홍콩,HK0000637832,GLOBAL X CHINA SEMICONDUCTOR ETF (HKD),15923368
2025-07-07,홍콩,HK1126010854,DREAM INTERNATIONAL LTD,15816674
2025-07-07,홍콩,CNE1000003X6,PING AN INSURANCE GROUP CO OF CHINA LTD-H,15617931
2025-07-07,홍콩,HK0000516713,GLOBAL X CHINA CLOUD COMPUTING ETF (HKD),15561008
2025-07-07,홍콩,BMG2109G1033,CHINA GAS HOLDINGS LTD,15519674
2025-07-07,홍콩,HK2800008867,TRACKER FUND OF HONG KONG ETF,14877539
2025-07-07,홍콩,KYG3774X1088,GCL TECHNOLOGY HOLDINGS LTD,13891536
2025-07-07,홍콩,KYG982AW1003,XPENG INC,13327697
2025-07-07,홍콩,CNE1000002H1,CHINA CONSTRUCTION BANK CORP-H,13027262
2025-07-07,홍콩,HK0000562675,GLOBAL X CHINA CLEAN ENERGY ETF (HKD),13019485
2025-07-07,홍콩,CNE1000048K8,HAIER SMART HOME CO LTD-H MRGR 006942845 BMG423131256,12988288
2025-07-07,홍콩,KYG8208B1014,JD.COM INC CL A,12692067
2025-07-07,홍콩,KYG970081173,WUXI BIOLOGICS CAYMAN INC,11863384
2025-07-07,홍콩,HKX566362888,PING AN SECURITIE HKD0.01 HKD0.01 CHAN 009837742 BMG7115B1211,10732539
2025-07-07,홍콩,KYG532631028,KUAISHOU TECHNOLOGY,10694971
2025-07-07,홍콩,IT0003874101,PRADA SPA,10480523
2025-07-07,홍콩,CNE1000002L3,CHINA LIFE INSURANCE CO LTD-H,10105407
2025-07-07,홍콩,KYG9066F1019,TRIP.COM GROUP LTD,9293507
2025-07-07,홍콩,BMG0171K1018,ALIBABA HEALTH INFORMATION TECHNOLOGY LTD CHAN 39413205067 BMG2154E1021,8988874
2025-07-08,홍콩,KYG9830T1067,XIAOMI CORP,262229148
2025-07-08,홍콩,KYG875721634,TENCENT HOLDINGS LTD,212508686
2025-07-08,홍콩,KYG017191142,ALIBABA GROUP HOLDING LTD,156295602
2025-07-08,홍콩,KYG8020E1199,SEMICONDUCTOR MANUFACTURING INTL CORP,91506006
2025-07-08,홍콩,KYG7170M1033,POP MART INTL GROUP LTD,85595831
2025-07-08,홍콩,CNE100006WS8,CATL ORD H,83007717
2025-07-08,홍콩,KYG319891092,ESR CAYMAN LTD,72530763
2025-07-08,홍콩,CNE100000296,BYD CO LTD-H,66288326
2025-07-08,홍콩,CNE1000031W9,GANFENGLITHIUM ORD H,57147956
2025-07-08,홍콩,CNE100005F09,TIANQI LITHIUM CORP,56389892
2025-07-08,홍콩,HK0000562659,GLOBAL X CHINA ELECTRIC VEHICLE AND BATTERY ETF (HKD),49364255
2025-07-08,홍콩,CNE100000593,PICC PROPERTY AND CASUALTY CO LTD-H,47507428
2025-07-08,홍콩,HK0000748381,YESASIA HOLDINGS LTD,46703152
2025-07-08,홍콩,CNE100004YZ4,CTG DUTY-FREE,35811457
2025-07-08,홍콩,KYG596691041,MEITUAN,35074198
2025-07-08,홍콩,KYG392AS1011,GLOBAL NEW MATERIAL INTL HOLDINGS LTD,32628000
2025-07-08,홍콩,CNE1000003G1,INDUSTRIAL AND COMMERCIAL BANK OF CHINA LTD-H,30887241
2025-07-08,홍콩,HK0001025037,GLOBAL X US Treasury 3-5 Year ETF,30810312
2025-07-08,홍콩,CNE100006JG0,LAOPU GOLD,26133526
2025-07-08,홍콩,HK0000921236,A GX USD MM,25968944
2025-07-08,홍콩,HK0941009539,CHINA MOBILE LTD,25638705
2025-07-08,홍콩,KYG3777B1032,GEELY AUTOMOBILE HOLDINGS LTD,24034188
2025-07-08,홍콩,CNE100006Z79,SANHUA INTELLIGENT,21179145
2025-07-08,홍콩,HK0000921228,Global X HANG SENG TECH ETF,20515849
2025-07-08,홍콩,HK0000562634,GLOBAL X CHINA CONSUMER BRAND ETF (HKD),19296599
2025-07-08,홍콩,HK0000859063,SAMSUNG BLOCKCHAIN TECHNOLOGIES ETF,19276942
2025-07-08,홍콩,KYG070341048,BAIDU INC CL A,17606167
2025-07-08,홍콩,HK0000516697,GLOBAL X CHINA BIOTECH ETF (HKD),16843061
2025-07-08,홍콩,KYG4602S1057,HORIZONROBOT-W,16746743
2025-07-08,홍콩,HK0000642568,CSOP HANG SENG TECH INDEX ETF (HKD),16734874
2025-07-08,홍콩,CNE100006CQ4,Ubtech Robotics Ord Shs H,16491612
2025-07-08,홍콩,HK0000637832,GLOBAL X CHINA SEMICONDUCTOR ETF (HKD),16187820
2025-07-08,홍콩,CNE1000003X6,PING AN INSURANCE GROUP CO OF CHINA LTD-H,15934879
2025-07-08,홍콩,HK1126010854,DREAM INTERNATIONAL LTD,15841869
2025-07-08,홍콩,HK0000516713,GLOBAL X CHINA CLOUD COMPUTING ETF (HKD),15730161
2025-07-08,홍콩,KYG3774X1088,GCL TECHNOLOGY HOLDINGS LTD,15183950
2025-07-08,홍콩,BMG2109G1033,CHINA GAS HOLDINGS LTD,15169482
2025-07-08,홍콩,HK2800008867,TRACKER FUND OF HONG KONG ETF,15048049
2025-07-08,홍콩,HK0000562675,GLOBAL X CHINA CLEAN ENERGY ETF (HKD),13353333
2025-07-08,홍콩,KYG982AW1003,XPENG INC,13262483
2025-07-08,홍콩,KYG8208B1014,JD.COM INC CL A,13012090
2025-07-08,홍콩,CNE1000048K8,HAIER SMART HOME CO LTD-H MRGR 006942845 BMG423131256,12907635
2025-07-08,홍콩,KYG970081173,WUXI BIOLOGICS CAYMAN INC,12385256
2025-07-08,홍콩,CNE1000002H1,CHINA CONSTRUCTION BANK CORP-H,12055411
2025-07-08,홍콩,KYG532631028,KUAISHOU TECHNOLOGY,11247092
2025-07-08,홍콩,HKX566362888,PING AN SECURITIE HKD0.01 HKD0.01 CHAN 009837742 BMG7115B1211,10732185
2025-07-08,홍콩,IT0003874101,PRADA SPA,10527404
2025-07-08,홍콩,CNE1000002L3,CHINA LIFE INSURANCE CO LTD-H,10160414
2025-07-08,홍콩,KYG9066F1019,TRIP.COM GROUP LTD,9341869
2025-07-08,홍콩,HKX601342549,CHINA BRIGHT CULTURE GROUP USD0.00001 (Delisted/BL398Y0) CHAN 970928502 KYG2153C1078,8631000
2025-07-09,홍콩,KYG9830T1067,XIAOMI CORP,256751630
2025-07-09,홍콩,KYG875721634,TENCENT HOLDINGS LTD,209596735
2025-07-09,홍콩,KYG017191142,ALIBABA GROUP HOLDING LTD,149843805
2025-07-09,홍콩,KYG8020E1199,SEMICONDUCTOR MANUFACTURING INTL CORP,94891703
2025-07-09,홍콩,CNE100006WS8,CATL ORD H,89035535
2025-07-09,홍콩,KYG7170M1033,POP MART INTL GROUP LTD,84585303
2025-07-09,홍콩,KYG319891092,ESR CAYMAN LTD,72531452
2025-07-09,홍콩,CNE100000296,BYD CO LTD-H,65539927
2025-07-09,홍콩,CNE1000031W9,GANFENGLITHIUM ORD H,56360103
2025-07-09,홍콩,CNE100005F09,TIANQI LITHIUM CORP,55106743
2025-07-09,홍콩,HK0000562659,GLOBAL X CHINA ELECTRIC VEHICLE AND BATTERY ETF (HKD),49412540
2025-07-09,홍콩,CNE100000593,PICC PROPERTY AND CASUALTY CO LTD-H,46310488
2025-07-09,홍콩,HK0000748381,YESASIA HOLDINGS LTD,45647025
2025-07-09,홍콩,CNE100004YZ4,CTG DUTY-FREE,35612843
2025-07-09,홍콩,KYG596691041,MEITUAN,34917518
2025-07-09,홍콩,KYG392AS1011,GLOBAL NEW MATERIAL INTL HOLDINGS LTD,32447377
2025-07-09,홍콩,HK0001025037,GLOBAL X US Treasury 3-5 Year ETF,30765992
2025-07-09,홍콩,CNE1000003G1,INDUSTRIAL AND COMMERCIAL BANK OF CHINA LTD-H,30651958
2025-07-09,홍콩,CNE100006JG0,LAOPU GOLD,26401905
2025-07-09,홍콩,HK0000921236,A GX USD MM,25967999
2025-07-09,홍콩,HK0941009539,CHINA MOBILE LTD,25637412
2025-07-09,홍콩,KYG3777B1032,GEELY AUTOMOBILE HOLDINGS LTD,24666031
2025-07-09,홍콩,CNE100006Z79,SANHUA INTELLIGENT,21823935
2025-07-09,홍콩,HK0000921228,Global X HANG SENG TECH ETF,20121309
2025-07-09,홍콩,HK0000562634,GLOBAL X CHINA CONSUMER BRAND ETF (HKD),19221285
2025-07-09,홍콩,HK0000859063,SAMSUNG BLOCKCHAIN TECHNOLOGIES ETF,19125267
2025-07-09,홍콩,HK2800008867,TRACKER FUND OF HONG KONG ETF,18926914
2025-07-09,홍콩,HK0000516697,GLOBAL X CHINA BIOTECH ETF (HKD),17545893
2025-07-09,홍콩,KYG070341048,BAIDU INC CL A,17357903
2025-07-09,홍콩,KYG4602S1057,HORIZONROBOT-W,16773007
2025-07-09,홍콩,HK0000642568,CSOP HANG SENG TECH INDEX ETF (HKD),16463702
2025-07-09,홍콩,HK0000637832,GLOBAL X CHINA SEMICONDUCTOR ETF (HKD),16012827
2025-07-09,홍콩,CNE100006CQ4,Ubtech Robotics Ord Shs H,15650512
2025-07-09,홍콩,HK1126010854,DREAM INTERNATIONAL LTD,15640274
2025-07-09,홍콩,HK0000516713,GLOBAL X CHINA CLOUD COMPUTING ETF (HKD),15634954
2025-07-09,홍콩,CNE1000003X6,PING AN INSURANCE GROUP CO OF CHINA LTD-H,15564176
2025-07-09,홍콩,KYG3774X1088,GCL TECHNOLOGY HOLDINGS LTD,14983249
2025-07-09,홍콩,HK0000562675,GLOBAL X CHINA CLEAN ENERGY ETF (HKD),13332244
2025-07-09,홍콩,KYG982AW1003,XPENG INC,12877055
2025-07-09,홍콩,KYG8208B1014,JD.COM INC CL A,12763224
2025-07-09,홍콩,CNE1000048K8,HAIER SMART HOME CO LTD-H MRGR 006942845 BMG423131256,12762694
2025-07-09,홍콩,KYG970081173,WUXI BIOLOGICS CAYMAN INC,12275544
2025-07-09,홍콩,CNE1000002H1,CHINA CONSTRUCTION BANK CORP-H,12119531
2025-07-09,홍콩,KYG532631028,KUAISHOU TECHNOLOGY,11033137
2025-07-09,홍콩,HKX566362888,PING AN SECURITIE HKD0.01 HKD0.01 CHAN 009837742 BMG7115B1211,10732287
2025-07-09,홍콩,IT0003874101,PRADA SPA,10338075
2025-07-09,홍콩,CNE1000002L3,CHINA LIFE INSURANCE CO LTD-H,10005992
2025-07-09,홍콩,KYG9066F1019,TRIP.COM GROUP LTD,9359781
2025-07-09,홍콩,HKX601342549,CHINA BRIGHT CULTURE GROUP USD0.00001 (Delisted/BL398Y0) CHAN 970928502 KYG2153C1078,8631000
2025-07-09,홍콩,HK2828013055,HANG SENG CHINA ENTERPRISES INDEX ETF (HKD),8286691
2025-07-10,홍콩,KYG9830T1067,XIAOMI CORP,255263878
2025-07-10,홍콩,KYG875721634,TENCENT HOLDINGS LTD,209216353
2025-07-10,홍콩,KYG017191142,ALIBABA GROUP HOLDING LTD,150565981
2025-07-10,홍콩,KYG8020E1199,SEMICONDUCTOR MANUFACTURING INTL CORP,91064560
2025-07-10,홍콩,CNE100006WS8,CATL ORD H,87104928
2025-07-10,홍콩,KYG7170M1033,POP MART INTL GROUP LTD,83704646
2025-07-10,홍콩,KYG319891092,ESR CAYMAN LTD,72531922
2025-07-10,홍콩,CNE100000296,BYD CO LTD-H,64592262
2025-07-10,홍콩,CNE1000031W9,GANFENGLITHIUM ORD H,55771010
2025-07-10,홍콩,CNE100005F09,TIANQI LITHIUM CORP,55382948
2025-07-10,홍콩,HK0000562659,GLOBAL X CHINA ELECTRIC VEHICLE AND BATTERY ETF (HKD),49080778
2025-07-10,홍콩,CNE100000593,PICC PROPERTY AND CASUALTY CO LTD-H,47723347
2025-07-10,홍콩,HK0000748381,YESASIA HOLDINGS LTD,46930477
2025-07-10,홍콩,CNE100004YZ4,CTG DUTY-FREE,35913577
2025-07-10,홍콩,KYG596691041,MEITUAN,34293516
2025-07-10,홍콩,KYG392AS1011,GLOBAL NEW MATERIAL INTL HOLDINGS LTD,31601891
2025-07-10,홍콩,CNE1000003G1,INDUSTRIAL AND COMMERCIAL BANK OF CHINA LTD-H,31506397
2025-07-10,홍콩,HK0001025037,GLOBAL X US Treasury 3-5 Year ETF,30865224
2025-07-10,홍콩,HK0000921236,A GX USD MM,25968168
2025-07-10,홍콩,HK0941009539,CHINA MOBILE LTD,25683834
2025-07-10,홍콩,KYG3777B1032,GEELY AUTOMOBILE HOLDINGS LTD,25541246
2025-07-10,홍콩,CNE100006JG0,LAOPU GOLD,24966938
2025-07-10,홍콩,CNE100006Z79,SANHUA INTELLIGENT,21455738
2025-07-10,홍콩,HK0000921228,Global X HANG SENG TECH ETF,19973633
2025-07-10,홍콩,HK0000859063,SAMSUNG BLOCKCHAIN TECHNOLOGIES ETF,19366580
2025-07-10,홍콩,HK0000562634,GLOBAL X CHINA CONSUMER BRAND ETF (HKD),19272497
2025-07-10,홍콩,HK2800008867,TRACKER FUND OF HONG KONG ETF,19034162
2025-07-10,홍콩,HK0000516697,GLOBAL X CHINA BIOTECH ETF (HKD),17430195
2025-07-10,홍콩,KYG070341048,BAIDU INC CL A,17071632
2025-07-10,홍콩,HK1126010854,DREAM INTERNATIONAL LTD,16802733
2025-07-10,홍콩,KYG4602S1057,HORIZONROBOT-W,16477588
2025-07-10,홍콩,HK0000642568,CSOP HANG SENG TECH INDEX ETF (HKD),16271201
2025-07-10,홍콩,CNE1000003X6,PING AN INSURANCE GROUP CO OF CHINA LTD-H,16246881
2025-07-10,홍콩,HK0000637832,GLOBAL X CHINA SEMICONDUCTOR ETF (HKD),15939215
2025-07-10,홍콩,HK0000516713,GLOBAL X CHINA CLOUD COMPUTING ETF (HKD),15558495
2025-07-10,홍콩,KYG3774X1088,GCL TECHNOLOGY HOLDINGS LTD,15522672
2025-07-10,홍콩,CNE100006CQ4,Ubtech Robotics Ord Shs H,15325640
2025-07-10,홍콩,HK0000562675,GLOBAL X CHINA CLEAN ENERGY ETF (HKD),13440539
2025-07-10,홍콩,CNE1000048K8,HAIER SMART HOME CO LTD-H MRGR 006942845 BMG423131256,12927958
2025-07-10,홍콩,KYG8208B1014,JD.COM INC CL A,12658824
2025-07-10,홍콩,CNE1000002H1,CHINA CONSTRUCTION BANK CORP-H,12542749
2025-07-10,홍콩,KYG982AW1003,XPENG INC,12458249
2025-07-10,홍콩,KYG970081173,WUXI BIOLOGICS CAYMAN INC,12166099
2025-07-10,홍콩,KYG532631028,KUAISHOU TECHNOLOGY,10946555
2025-07-10,홍콩,HKX566362888,PING AN SECURITIE HKD0.01 HKD0.01 CHAN 009837742 BMG7115B1211,10732356
2025-07-10,홍콩,IT0003874101,PRADA SPA,10547840
2025-07-10,홍콩,CNE1000002L3,CHINA LIFE INSURANCE CO LTD-H,10305995
2025-07-10,홍콩,KYG9066F1019,TRIP.COM GROUP LTD,9156981
2025-07-10,홍콩,HKX601342549,CHINA BRIGHT CULTURE GROUP USD0.00001 (Delisted/BL398Y0) CHAN 970928502 KYG2153C1078,8631000
2025-07-10,홍콩,HK2828013055,HANG SENG CHINA ENTERPRISES INDEX ETF (HKD),8358313
2025-07-11,홍콩,KYG9830T1067,XIAOMI CORP,257444387
2025-07-11,홍콩,KYG875721634,TENCENT HOLDINGS LTD,209080728
2025-07-11,홍콩,KYG017191142,ALIBABA GROUP HOLDING LTD,152369114
2025-07-11,홍콩,KYG8020E1199,SEMICONDUCTOR MANUFACTURING INTL CORP,93041729
2025-07-11,홍콩,CNE100006WS8,CATL ORD H,85942905
2025-07-11,홍콩,KYG7170M1033,POP MART INTL GROUP LTD,80919957
2025-07-11,홍콩,KYG319891092,ESR CAYMAN LTD,72532716
2025-07-11,홍콩,CNE100000296,BYD CO LTD-H,64827169
2025-07-11,홍콩,CNE1000031W9,GANFENGLITHIUM ORD H,55886817
2025-07-11,홍콩,CNE100005F09,TIANQI LITHIUM CORP,54833386
2025-07-11,홍콩,HK0000562659,GLOBAL X CHINA ELECTRIC VEHICLE AND BATTERY ETF (HKD),49311252
2025-07-11,홍콩,CNE100000593,PICC PROPERTY AND CASUALTY CO LTD-H,49169348
2025-07-11,홍콩,HK0000748381,YESASIA HOLDINGS LTD,47965740
2025-07-11,홍콩,CNE100004YZ4,CTG DUTY-FREE,36181347
2025-07-11,홍콩,KYG596691041,MEITUAN,34750839
2025-07-11,홍콩,KYG392AS1011,GLOBAL NEW MATERIAL INTL HOLDINGS LTD,31240379
2025-07-11,홍콩,CNE1000003G1,INDUSTRIAL AND COMMERCIAL BANK OF CHINA LTD-H,31210780
2025-07-11,홍콩,HK0001025037,GLOBAL X US Treasury 3-5 Year ETF,30864521
2025-07-11,홍콩,HK0000921236,A GX USD MM,25979172
2025-07-11,홍콩,HK0941009539,CHINA MOBILE LTD,25959694
2025-07-11,홍콩,KYG3777B1032,GEELY AUTOMOBILE HOLDINGS LTD,25519220
2025-07-11,홍콩,CNE100006JG0,LAOPU GOLD,21954161
2025-07-11,홍콩,CNE100006Z79,SANHUA INTELLIGENT,21409930
2025-07-11,홍콩,HK0000921228,Global X HANG SENG TECH ETF,20222451
2025-07-11,홍콩,HK0000859063,SAMSUNG BLOCKCHAIN TECHNOLOGIES ETF,20072500
2025-07-11,홍콩,HK0000562634,GLOBAL X CHINA CONSUMER BRAND ETF (HKD),19247424
2025-07-11,홍콩,HK2800008867,TRACKER FUND OF HONG KONG ETF,19082202
2025-07-11,홍콩,HK0000516697,GLOBAL X CHINA BIOTECH ETF (HKD),17703042
2025-07-11,홍콩,KYG070341048,BAIDU INC CL A,17029051
2025-07-11,홍콩,HK1126010854,DREAM INTERNATIONAL LTD,16883343
2025-07-11,홍콩,CNE1000003X6,PING AN INSURANCE GROUP CO OF CHINA LTD-H,16644729
2025-07-11,홍콩,KYG4602S1057,HORIZONROBOT-W,16571930
2025-07-11,홍콩,HK0000642568,CSOP HANG SENG TECH INDEX ETF (HKD),16342091
2025-07-11,홍콩,HK0000637832,GLOBAL X CHINA SEMICONDUCTOR ETF (HKD),16110596
2025-07-11,홍콩,HK0000516713,GLOBAL X CHINA CLOUD COMPUTING ETF (HKD),15733334
2025-07-11,홍콩,CNE100006CQ4,Ubtech Robotics Ord Shs H,15508199
2025-07-11,홍콩,KYG3774X1088,GCL TECHNOLOGY HOLDINGS LTD,15045215
2025-07-11,홍콩,HK0000562675,GLOBAL X CHINA CLEAN ENERGY ETF (HKD),13423215
2025-07-11,홍콩,CNE1000048K8,HAIER SMART HOME CO LTD-H MRGR 006942845 BMG423131256,13123093
2025-07-11,홍콩,KYG8208B1014,JD.COM INC CL A,12659871
2025-07-11,홍콩,KYG970081173,WUXI BIOLOGICS CAYMAN INC,12598981
2025-07-11,홍콩,KYG982AW1003,XPENG INC,12574890
2025-07-11,홍콩,CNE1000002H1,CHINA CONSTRUCTION BANK CORP-H,12375213
2025-07-11,홍콩,HKX566362888,PING AN SECURITIE HKD0.01 HKD0.01 CHAN 009837742 BMG7115B1211,10732474
2025-07-11,홍콩,KYG532631028,KUAISHOU TECHNOLOGY,10501494
2025-07-11,홍콩,IT0003874101,PRADA SPA,10492689
2025-07-11,홍콩,CNE1000002L3,CHINA LIFE INSURANCE CO LTD-H,10463823
2025-07-11,홍콩,KYG9066F1019,TRIP.COM GROUP LTD,9191263
2025-07-11,홍콩,HKX601342549,CHINA BRIGHT CULTURE GROUP USD0.00001 (Delisted/BL398Y0) CHAN 970928502 KYG2153C1078,8631000
2025-07-11,홍콩,HK2828013055,HANG SENG CHINA ENTERPRISES INDEX ETF (HKD),8419459
2025-07-14,홍콩,KYG9830T1067,XIAOMI CORP,256131203
2025-07-14,홍콩,KYG875721634,TENCENT HOLDINGS LTD,209980816
2025-07-14,홍콩,KYG017191142,ALIBABA GROUP HOLDING LTD,153222497
2025-07-14,홍콩,KYG8020E1199,SEMICONDUCTOR MANUFACTURING INTL CORP,93867194
2025-07-14,홍콩,CNE100006WS8,CATL ORD H,84705695
2025-07-14,홍콩,KYG7170M1033,POP MART INTL GROUP LTD,82952674
2025-07-14,홍콩,CNE100000296,BYD CO LTD-H,64479975
2025-07-14,홍콩,CNE1000031W9,GANFENGLITHIUM ORD H,58129627
2025-07-14,홍콩,CNE100005F09,TIANQI LITHIUM CORP,56298388
2025-07-14,홍콩,CNE100000593,PICC PROPERTY AND CASUALTY CO LTD-H,49545013
2025-07-14,홍콩,HK0000562659,GLOBAL X CHINA ELECTRIC VEHICLE AND BATTERY ETF (HKD),49298983
2025-07-14,홍콩,HK0000748381,YESASIA HOLDINGS LTD,47267954
2025-07-14,홍콩,CNE100004YZ4,CTG DUTY-FREE,36115053
2025-07-14,홍콩,KYG596691041,MEITUAN,34903519
2025-07-14,홍콩,KYG392AS1011,GLOBAL NEW MATERIAL INTL HOLDINGS LTD,34194268
2025-07-14,홍콩,CNE1000003G1,INDUSTRIAL AND COMMERCIAL BANK OF CHINA LTD-H,30971453
2025-07-14,홍콩,HK0001025037,GLOBAL X US Treasury 3-5 Year ETF,30831987
2025-07-14,홍콩,KYG3777B1032,GEELY AUTOMOBILE HOLDINGS LTD,26096593
2025-07-14,홍콩,HK0000921236,A GX USD MM,25986536
2025-07-14,홍콩,HK0941009539,CHINA MOBILE LTD,25839370
2025-07-14,홍콩,CNE100006JG0,LAOPU GOLD,21546462
2025-07-14,홍콩,CNE100006Z79,SANHUA INTELLIGENT,21178921
2025-07-14,홍콩,HK0000921228,Global X HANG SENG TECH ETF,20426917
2025-07-14,홍콩,HK0000859063,SAMSUNG BLOCKCHAIN TECHNOLOGIES ETF,19821632
2025-07-14,홍콩,HK0000562634,GLOBAL X CHINA CONSUMER BRAND ETF (HKD),19214790
2025-07-14,홍콩,HK2800008867,TRACKER FUND OF HONG KONG ETF,19141917
2025-07-14,홍콩,HK0000516697,GLOBAL X CHINA BIOTECH ETF (HKD),17990177
2025-07-14,홍콩,KYG4602S1057,HORIZONROBOT-W,17590553
2025-07-14,홍콩,HK1126010854,DREAM INTERNATIONAL LTD,17389743
2025-07-14,홍콩,CNE1000003X6,PING AN INSURANCE GROUP CO OF CHINA LTD-H,16734123
2025-07-14,홍콩,KYG070341048,BAIDU INC CL A,16522912
2025-07-14,홍콩,HK0000642568,CSOP HANG SENG TECH INDEX ETF (HKD),16339347
2025-07-14,홍콩,HK0000637832,GLOBAL X CHINA SEMICONDUCTOR ETF (HKD),16063472
2025-07-14,홍콩,CNE100006CQ4,Ubtech Robotics Ord Shs H,16044578
2025-07-14,홍콩,KYG3774X1088,GCL TECHNOLOGY HOLDINGS LTD,15867078
2025-07-14,홍콩,HK0000516713,GLOBAL X CHINA CLOUD COMPUTING ETF (HKD),15652298
2025-07-14,홍콩,HK0000562675,GLOBAL X CHINA CLEAN ENERGY ETF (HKD),13456140
2025-07-14,홍콩,CNE1000048K8,HAIER SMART HOME CO LTD-H MRGR 006942845 BMG423131256,13156067
2025-07-14,홍콩,KYG970081173,WUXI BIOLOGICS CAYMAN INC,12633856
2025-07-14,홍콩,KYG982AW1003,XPENG INC,12557272
2025-07-14,홍콩,KYG8208B1014,JD.COM INC CL A,12512294
2025-07-14,홍콩,CNE1000002H1,CHINA CONSTRUCTION BANK CORP-H,12458313
2025-07-14,홍콩,KYG532631028,KUAISHOU TECHNOLOGY,10819900
2025-07-14,홍콩,HKX566362888,PING AN SECURITIE HKD0.01 HKD0.01 CHAN 009837742 BMG7115B1211,10732071
2025-07-14,홍콩,CNE1000002L3,CHINA LIFE INSURANCE CO LTD-H,10582698
2025-07-14,홍콩,IT0003874101,PRADA SPA,10367647
2025-07-14,홍콩,KYG9066F1019,TRIP.COM GROUP LTD,9403260
2025-07-14,홍콩,HKX601342549,CHINA BRIGHT CULTURE GROUP USD0.00001 (Delisted/BL398Y0) CHAN 970928502 KYG2153C1078,8631000
2025-07-14,홍콩,HK2828013055,HANG SENG CHINA ENTERPRISES INDEX ETF (HKD),8430449
2025-07-14,홍콩,HK0000637857,GLOBAL X CHINA ROBOTICS AND AI ETF (HKD),7653570
2025-07-15,홍콩,KYG9830T1067,XIAOMI CORP,257712458
2025-07-15,홍콩,KYG875721634,TENCENT HOLDINGS LTD,217350664
2025-07-15,홍콩,KYG017191142,ALIBABA GROUP HOLDING LTD,166024181
2025-07-15,홍콩,KYG8020E1199,SEMICONDUCTOR MANUFACTURING INTL CORP,91029698
2025-07-15,홍콩,CNE100006WS8,CATL ORD H,83816373
2025-07-15,홍콩,KYG7170M1033,POP MART INTL GROUP LTD,83337818
2025-07-15,홍콩,CNE100000296,BYD CO LTD-H,66055900
2025-07-15,홍콩,CNE1000031W9,GANFENGLITHIUM ORD H,55917826
2025-07-15,홍콩,CNE100005F09,TIANQI LITHIUM CORP,55752446
2025-07-15,홍콩,HK0000562659,GLOBAL X CHINA ELECTRIC VEHICLE AND BATTERY ETF (HKD),49162862
2025-07-15,홍콩,CNE100000593,PICC PROPERTY AND CASUALTY CO LTD-H,48882226
2025-07-15,홍콩,HK0000748381,YESASIA HOLDINGS LTD,47938457
2025-07-15,홍콩,KYG596691041,MEITUAN,36458108
2025-07-15,홍콩,CNE100004YZ4,CTG DUTY-FREE,35553839
2025-07-15,홍콩,KYG392AS1011,GLOBAL NEW MATERIAL INTL HOLDINGS LTD,34496969
2025-07-15,홍콩,CNE1000003G1,INDUSTRIAL AND COMMERCIAL BANK OF CHINA LTD-H,30826063
2025-07-15,홍콩,HK0001025037,GLOBAL X US Treasury 3-5 Year ETF,30787632
2025-07-15,홍콩,KYG3777B1032,GEELY AUTOMOBILE HOLDINGS LTD,26586391
2025-07-15,홍콩,HK0941009539,CHINA MOBILE LTD,26050866
2025-07-15,홍콩,HK0000921236,A GX USD MM,25980266
2025-07-15,홍콩,CNE100006JG0,LAOPU GOLD,25111645
2025-07-15,홍콩,CNE100006Z79,SANHUA INTELLIGENT,22008709
2025-07-15,홍콩,HK0000921228,Global X HANG SENG TECH ETF,20936131
2025-07-15,홍콩,HK0000859063,SAMSUNG BLOCKCHAIN TECHNOLOGIES ETF,19670440
2025-07-15,홍콩,HK2800008867,TRACKER FUND OF HONG KONG ETF,19433869
2025-07-15,홍콩,HK0000562634,GLOBAL X CHINA CONSUMER BRAND ETF (HKD),18793559
2025-07-15,홍콩,HK1126010854,DREAM INTERNATIONAL LTD,18414170
2025-07-15,홍콩,HK0000516697,GLOBAL X CHINA BIOTECH ETF (HKD),18197062
2025-07-15,홍콩,KYG4602S1057,HORIZONROBOT-W,18036017
2025-07-15,홍콩,KYG070341048,BAIDU INC CL A,17273606
2025-07-15,홍콩,HK0000642568,CSOP HANG SENG TECH INDEX ETF (HKD),16759708
2025-07-15,홍콩,CNE1000003X6,PING AN INSURANCE GROUP CO OF CHINA LTD-H,16612837
2025-07-15,홍콩,CNE100006CQ4,Ubtech Robotics Ord Shs H,16386023
2025-07-15,홍콩,HK0000516713,GLOBAL X CHINA CLOUD COMPUTING ETF (HKD),16306166
2025-07-15,홍콩,HK0000637832,GLOBAL X CHINA SEMICONDUCTOR ETF (HKD),15961036
2025-07-15,홍콩,KYG3774X1088,GCL TECHNOLOGY HOLDINGS LTD,15261909
2025-07-15,홍콩,CNE1000048K8,HAIER SMART HOME CO LTD-H MRGR 006942845 BMG423131256,13485996
2025-07-15,홍콩,HK0000562675,GLOBAL X CHINA CLEAN ENERGY ETF (HKD),13365176
2025-07-15,홍콩,KYG8208B1014,JD.COM INC CL A,12965967
2025-07-15,홍콩,KYG970081173,WUXI BIOLOGICS CAYMAN INC,12958392
2025-07-15,홍콩,KYG982AW1003,XPENG INC,12815050
2025-07-15,홍콩,CNE1000002H1,CHINA CONSTRUCTION BANK CORP-H,12473548
2025-07-15,홍콩,KYG532631028,KUAISHOU TECHNOLOGY,11277725
2025-07-15,홍콩,HKX566362888,PING AN SECURITIE HKD0.01 HKD0.01 CHAN 009837742 BMG7115B1211,10732433
2025-07-15,홍콩,IT0003874101,PRADA SPA,10506330
2025-07-15,홍콩,CNE1000002L3,CHINA LIFE INSURANCE CO LTD-H,10424184
2025-07-15,홍콩,HKX601342549,CHINA BRIGHT CULTURE GROUP USD0.00001 (Delisted/BL398Y0) CHAN 970928502 KYG2153C1078,8631000
2025-07-15,홍콩,HK2828013055,HANG SENG CHINA ENTERPRISES INDEX ETF (HKD),8569744
2025-07-15,홍콩,KYG9066F1019,TRIP.COM GROUP LTD,8260191
2025-07-15,홍콩,HK0000637857,GLOBAL X CHINA ROBOTICS AND AI ETF (HKD),7727213
2025-07-16,홍콩,KYG9830T1067,XIAOMI CORP,255738459
2025-07-16,홍콩,KYG875721634,TENCENT HOLDINGS LTD,217017302
2025-07-16,홍콩,KYG017191142,ALIBABA GROUP HOLDING LTD,165974541
2025-07-16,홍콩,KYG8020E1199,SEMICONDUCTOR MANUFACTURING INTL CORP,90806668
2025-07-16,홍콩,CNE100006WS8,CATL ORD H,83138768
2025-07-16,홍콩,KYG7170M1033,POP MART INTL GROUP LTD,80324866
2025-07-16,홍콩,CNE100000296,BYD CO LTD-H,65394384
2025-07-16,홍콩,CNE100005F09,TIANQI LITHIUM CORP,54378504
2025-07-16,홍콩,CNE1000031W9,GANFENGLITHIUM ORD H,53830951
2025-07-16,홍콩,CNE100000593,PICC PROPERTY AND CASUALTY CO LTD-H,49088995
2025-07-16,홍콩,HK0000562659,GLOBAL X CHINA ELECTRIC VEHICLE AND BATTERY ETF (HKD),49020231
2025-07-16,홍콩,HK0000748381,YESASIA HOLDINGS LTD,45952448
2025-07-16,홍콩,KYG596691041,MEITUAN,35679975
2025-07-16,홍콩,CNE100004YZ4,CTG DUTY-FREE,34991882
2025-07-16,홍콩,KYG392AS1011,GLOBAL NEW MATERIAL INTL HOLDINGS LTD,34437628
2025-07-16,홍콩,CNE1000003G1,INDUSTRIAL AND COMMERCIAL BANK OF CHINA LTD-H,31190484
2025-07-16,홍콩,HK0001025037,GLOBAL X US Treasury 3-5 Year ETF,30744325
2025-07-16,홍콩,KYG3777B1032,GEELY AUTOMOBILE HOLDINGS LTD,26406929
2025-07-16,홍콩,HK0941009539,CHINA MOBILE LTD,26171032
2025-07-16,홍콩,HK0000921236,A GX USD MM,25972658
2025-07-16,홍콩,CNE100006JG0,LAOPU GOLD,25588636
2025-07-16,홍콩,CNE100006Z79,SANHUA INTELLIGENT,23851113
2025-07-16,홍콩,HK0000921228,Global X HANG SENG TECH ETF,20675723
2025-07-16,홍콩,HK0000859063,SAMSUNG BLOCKCHAIN TECHNOLOGIES ETF,19653127
2025-07-16,홍콩,HK2800008867,TRACKER FUND OF HONG KONG ETF,19358517
2025-07-16,홍콩,HK0000562634,GLOBAL X CHINA CONSUMER BRAND ETF (HKD),18713767
2025-07-16,홍콩,HK1126010854,DREAM INTERNATIONAL LTD,18700911
2025-07-16,홍콩,HK0000516697,GLOBAL X CHINA BIOTECH ETF (HKD),18314225
2025-07-16,홍콩,KYG4602S1057,HORIZONROBOT-W,18050950
2025-07-16,홍콩,KYG070341048,BAIDU INC CL A,17339987
2025-07-16,홍콩,HK0000642568,CSOP HANG SENG TECH INDEX ETF (HKD),16771225
2025-07-16,홍콩,CNE100006CQ4,Ubtech Robotics Ord Shs H,16551441
2025-07-16,홍콩,CNE1000003X6,PING AN INSURANCE GROUP CO OF CHINA LTD-H,16396239
2025-07-16,홍콩,HK0000516713,GLOBAL X CHINA CLOUD COMPUTING ETF (HKD),16278957
2025-07-16,홍콩,HK0000637832,GLOBAL X CHINA SEMICONDUCTOR ETF (HKD),15883628
2025-07-16,홍콩,KYG3774X1088,GCL TECHNOLOGY HOLDINGS LTD,15388448
2025-07-16,홍콩,CNE1000048K8,HAIER SMART HOME CO LTD-H MRGR 006942845 BMG423131256,13455259
2025-07-16,홍콩,HK0000562675,GLOBAL X CHINA CLEAN ENERGY ETF (HKD),13264394
2025-07-16,홍콩,KYG8208B1014,JD.COM INC CL A,12879357
2025-07-16,홍콩,KYG970081173,WUXI BIOLOGICS CAYMAN INC,12843718
2025-07-16,홍콩,KYG982AW1003,XPENG INC,12667588
2025-07-16,홍콩,CNE1000002H1,CHINA CONSTRUCTION BANK CORP-H,12434509
2025-07-16,홍콩,KYG532631028,KUAISHOU TECHNOLOGY,11496924
2025-07-16,홍콩,HKX566362888,PING AN SECURITIE HKD0.01 HKD0.01 CHAN 009837742 BMG7115B1211,10732735
2025-07-16,홍콩,IT0003874101,PRADA SPA,10398105
2025-07-16,홍콩,CNE1000002L3,CHINA LIFE INSURANCE CO LTD-H,10368969
2025-07-16,홍콩,HKX601342549,CHINA BRIGHT CULTURE GROUP USD0.00001 (Delisted/BL398Y0) CHAN 970928502 KYG2153C1078,8631000
2025-07-16,홍콩,HK2828013055,HANG SENG CHINA ENTERPRISES INDEX ETF (HKD),8567141
2025-07-16,홍콩,KYG9066F1019,TRIP.COM GROUP LTD,8391808
2025-07-16,홍콩,HK0000637857,GLOBAL X CHINA ROBOTICS AND AI ETF (HKD),7728775
2025-07-17,홍콩,KYG9830T1067,XIAOMI CORP,250660565
2025-07-17,홍콩,KYG875721634,TENCENT HOLDINGS LTD,217246481
2025-07-17,홍콩,KYG017191142,ALIBABA GROUP HOLDING LTD,176009098
2025-07-17,홍콩,KYG8020E1199,SEMICONDUCTOR MANUFACTURING INTL CORP,92352886
2025-07-17,홍콩,CNE100006WS8,CATL ORD H,83331329
2025-07-17,홍콩,KYG7170M1033,POP MART INTL GROUP LTD,80218375
2025-07-17,홍콩,CNE100000296,BYD CO LTD-H,66556530
2025-07-17,홍콩,CNE100005F09,TIANQI LITHIUM CORP,56763336
2025-07-17,홍콩,CNE1000031W9,GANFENGLITHIUM ORD H,56521683
2025-07-17,홍콩,HK0000562659,GLOBAL X CHINA ELECTRIC VEHICLE AND BATTERY ETF (HKD),49952524
2025-07-17,홍콩,CNE100000593,PICC PROPERTY AND CASUALTY CO LTD-H,48854535
2025-07-17,홍콩,HK0000748381,YESASIA HOLDINGS LTD,45151724
2025-07-17,홍콩,KYG596691041,MEITUAN,36190378
2025-07-17,홍콩,CNE100004YZ4,CTG DUTY-FREE,35290000
2025-07-17,홍콩,KYG392AS1011,GLOBAL NEW MATERIAL INTL HOLDINGS LTD,34015346
2025-07-17,홍콩,HK0001025037,GLOBAL X US Treasury 3-5 Year ETF,30810490
2025-07-17,홍콩,KYG3777B1032,GEELY AUTOMOBILE HOLDINGS LTD,27394467
2025-07-17,홍콩,CNE100006JG0,LAOPU GOLD,26830607
2025-07-17,홍콩,HK0941009539,CHINA MOBILE LTD,26092505
2025-07-17,홍콩,HK0000921236,A GX USD MM,25904681
2025-07-17,홍콩,CNE100006Z79,SANHUA INTELLIGENT,25646774
2025-07-17,홍콩,HK0000921228,Global X HANG SENG TECH ETF,20967930
2025-07-17,홍콩,HK0000859063,SAMSUNG BLOCKCHAIN TECHNOLOGIES ETF,20099727
2025-07-17,홍콩,CNE1000003G1,INDUSTRIAL AND COMMERCIAL BANK OF CHINA LTD-H,19837545
2025-07-17,홍콩,HK2800008867,TRACKER FUND OF HONG KONG ETF,19373956
2025-07-17,홍콩,HK1126010854,DREAM INTERNATIONAL LTD,19232010
2025-07-17,홍콩,HK0000516697,GLOBAL X CHINA BIOTECH ETF (HKD),19030591
2025-07-17,홍콩,KYG4602S1057,HORIZONROBOT-W,18969278
2025-07-17,홍콩,HK0000562634,GLOBAL X CHINA CONSUMER BRAND ETF (HKD),18820711
2025-07-17,홍콩,CNE100006CQ4,Ubtech Robotics Ord Shs H,17640249
2025-07-17,홍콩,HK0000642568,CSOP HANG SENG TECH INDEX ETF (HKD),16976591
2025-07-17,홍콩,KYG070341048,BAIDU INC CL A,16597596
2025-07-17,홍콩,CNE1000003X6,PING AN INSURANCE GROUP CO OF CHINA LTD-H,16299616
2025-07-17,홍콩,HK0000516713,GLOBAL X CHINA CLOUD COMPUTING ETF (HKD),16183430
2025-07-17,홍콩,HK0000637832,GLOBAL X CHINA SEMICONDUCTOR ETF (HKD),15686592
2025-07-17,홍콩,KYG3774X1088,GCL TECHNOLOGY HOLDINGS LTD,15316000
2025-07-17,홍콩,CNE1000048K8,HAIER SMART HOME CO LTD-H MRGR 006942845 BMG423131256,13491034
2025-07-17,홍콩,KYG970081173,WUXI BIOLOGICS CAYMAN INC,13400948
2025-07-17,홍콩,HK0000562675,GLOBAL X CHINA CLEAN ENERGY ETF (HKD),13264729
2025-07-17,홍콩,KYG8208B1014,JD.COM INC CL A,12817312
2025-07-17,홍콩,KYG982AW1003,XPENG INC,12812609
2025-07-17,홍콩,CNE1000002H1,CHINA CONSTRUCTION BANK CORP-H,12344021
2025-07-17,홍콩,KYG532631028,KUAISHOU TECHNOLOGY,11444879
2025-07-17,홍콩,HKX566362888,PING AN SECURITIE HKD0.01 HKD0.01 CHAN 009837742 BMG7115B1211,10732702
2025-07-17,홍콩,CNE1000002L3,CHINA LIFE INSURANCE CO LTD-H,10377656
2025-07-17,홍콩,IT0003874101,PRADA SPA,10346185
2025-07-17,홍콩,HKX601342549,CHINA BRIGHT CULTURE GROUP USD0.00001 (Delisted/BL398Y0) CHAN 970928502 KYG2153C1078,8631000
2025-07-17,홍콩,HK2828013055,HANG SENG CHINA ENTERPRISES INDEX ETF (HKD),8593173
2025-07-17,홍콩,KYG9066F1019,TRIP.COM GROUP LTD,8327104
2025-07-17,홍콩,HK0000637857,GLOBAL X CHINA ROBOTICS AND AI ETF (HKD),7747967
2025-07-18,홍콩,KYG9830T1067,XIAOMI CORP,254394876
2025-07-18,홍콩,KYG875721634,TENCENT HOLDINGS LTD,218290241
2025-07-18,홍콩,KYG017191142,ALIBABA GROUP HOLDING LTD,182638442
2025-07-18,홍콩,KYG8020E1199,SEMICONDUCTOR MANUFACTURING INTL CORP,93780761
2025-07-18,홍콩,CNE100006WS8,CATL ORD H,87732677
2025-07-18,홍콩,KYG7170M1033,POP MART INTL GROUP LTD,75650615
2025-07-18,홍콩,CNE100000296,BYD CO LTD-H,68201412
2025-07-18,홍콩,CNE100005F09,TIANQI LITHIUM CORP,60074305
2025-07-18,홍콩,CNE1000031W9,GANFENGLITHIUM ORD H,57973295
2025-07-18,홍콩,HK0000562659,GLOBAL X CHINA ELECTRIC VEHICLE AND BATTERY ETF (HKD),50298850
2025-07-18,홍콩,CNE100000593,PICC PROPERTY AND CASUALTY CO LTD-H,49347270
2025-07-18,홍콩,HK0000748381,YESASIA HOLDINGS LTD,43527169
2025-07-18,홍콩,KYG596691041,MEITUAN,36913764
2025-07-18,홍콩,CNE100004YZ4,CTG DUTY-FREE,35694088
2025-07-18,홍콩,KYG392AS1011,GLOBAL NEW MATERIAL INTL HOLDINGS LTD,33835593
2025-07-18,홍콩,HK0001025037,GLOBAL X US Treasury 3-5 Year ETF,30812711
2025-07-18,홍콩,KYG3777B1032,GEELY AUTOMOBILE HOLDINGS LTD,27204217
2025-07-18,홍콩,CNE100006JG0,LAOPU GOLD,27155834
2025-07-18,홍콩,HK0000921236,A GX USD MM,25982734
2025-07-18,홍콩,CNE100006Z79,SANHUA INTELLIGENT,25881179
2025-07-18,홍콩,HK0941009539,CHINA MOBILE LTD,25326130
2025-07-18,홍콩,HK0000921228,Global X HANG SENG TECH ETF,21538968
2025-07-18,홍콩,HK0000859063,SAMSUNG BLOCKCHAIN TECHNOLOGIES ETF,20639055
2025-07-18,홍콩,CNE1000003G1,INDUSTRIAL AND COMMERCIAL BANK OF CHINA LTD-H,19985758
2025-07-18,홍콩,HK2800008867,TRACKER FUND OF HONG KONG ETF,19626728
2025-07-18,홍콩,HK0000516697,GLOBAL X CHINA BIOTECH ETF (HKD),19159020
2025-07-18,홍콩,KYG4602S1057,HORIZONROBOT-W,18965479
2025-07-18,홍콩,HK0000562634,GLOBAL X CHINA CONSUMER BRAND ETF (HKD),18839315
2025-07-18,홍콩,HK1126010854,DREAM INTERNATIONAL LTD,18499210
2025-07-18,홍콩,CNE100006CQ4,Ubtech Robotics Ord Shs H,17706860
2025-07-18,홍콩,KYG070341048,BAIDU INC CL A,16779758
2025-07-18,홍콩,CNE1000003X6,PING AN INSURANCE GROUP CO OF CHINA LTD-H,16729591
2025-07-18,홍콩,HK0000516713,GLOBAL X CHINA CLOUD COMPUTING ETF (HKD),16378283
2025-07-18,홍콩,HK0000637832,GLOBAL X CHINA SEMICONDUCTOR ETF (HKD),15746149
2025-07-18,홍콩,KYG3774X1088,GCL TECHNOLOGY HOLDINGS LTD,14943088
2025-07-18,홍콩,CNE1000048K8,HAIER SMART HOME CO LTD-H MRGR 006942845 BMG423131256,13606186
2025-07-18,홍콩,KYG8208B1014,JD.COM INC CL A,13530453
2025-07-18,홍콩,KYG970081173,WUXI BIOLOGICS CAYMAN INC,13368731
2025-07-18,홍콩,HK0000562675,GLOBAL X CHINA CLEAN ENERGY ETF (HKD),13237342
2025-07-18,홍콩,KYG982AW1003,XPENG INC,12975213
2025-07-18,홍콩,CNE1000002H1,CHINA CONSTRUCTION BANK CORP-H,12602119
2025-07-18,홍콩,HK0000642568,CSOP HANG SENG TECH INDEX ETF (HKD),12198308
2025-07-18,홍콩,KYG532631028,KUAISHOU TECHNOLOGY,11715495
2025-07-18,홍콩,CNE1000002L3,CHINA LIFE INSURANCE CO LTD-H,10912176
2025-07-18,홍콩,HKX566362888,PING AN SECURITIE HKD0.01 HKD0.01 CHAN 009837742 BMG7115B1211,10734437
2025-07-18,홍콩,IT0003874101,PRADA SPA,10296579
2025-07-18,홍콩,HK2828013055,HANG SENG CHINA ENTERPRISES INDEX ETF (HKD),8646339
2025-07-18,홍콩,HKX601342549,CHINA BRIGHT CULTURE GROUP USD0.00001 (Delisted/BL398Y0) CHAN 970928502 KYG2153C1078,8631000
2025-07-18,홍콩,KYG9066F1019,TRIP.COM GROUP LTD,8423844
2025-07-18,홍콩,HK0000637857,GLOBAL X CHINA ROBOTICS AND AI ETF (HKD),7685572
2025-07-21,홍콩,KYG9830T1067,XIAOMI CORP,256659173
2025-07-21,홍콩,KYG875721634,TENCENT HOLDINGS LTD,217800627
2025-07-21,홍콩,KYG017191142,ALIBABA GROUP HOLDING LTD,188097949
2025-07-21,홍콩,CNE100006WS8,CATL ORD H,93450324
2025-07-21,홍콩,KYG8020E1199,SEMICONDUCTOR MANUFACTURING INTL CORP,93275018
2025-07-21,홍콩,KYG7170M1033,POP MART INTL GROUP LTD,75208507
2025-07-21,홍콩,CNE100000296,BYD CO LTD-H,70133105
2025-07-21,홍콩,CNE100005F09,TIANQI LITHIUM CORP,61358281
2025-07-21,홍콩,CNE1000031W9,GANFENGLITHIUM ORD H,59174378
2025-07-21,홍콩,HK0000562659,GLOBAL X CHINA ELECTRIC VEHICLE AND BATTERY ETF (HKD),49850868
2025-07-21,홍콩,CNE100000593,PICC PROPERTY AND CASUALTY CO LTD-H,49148984
2025-07-21,홍콩,HK0000748381,YESASIA HOLDINGS LTD,42287572
2025-07-21,홍콩,KYG596691041,MEITUAN,38279810
2025-07-21,홍콩,CNE100004YZ4,CTG DUTY-FREE,37479408
2025-07-21,홍콩,KYG392AS1011,GLOBAL NEW MATERIAL INTL HOLDINGS LTD,34799100
2025-07-21,홍콩,HK0001025037,GLOBAL X US Treasury 3-5 Year ETF,30834772
2025-07-21,홍콩,CNE100006JG0,LAOPU GOLD,26770865
2025-07-21,홍콩,KYG3777B1032,GEELY AUTOMOBILE HOLDINGS LTD,26387148
2025-07-21,홍콩,HK0000921236,A GX USD MM,25986285
2025-07-21,홍콩,CNE100006Z79,SANHUA INTELLIGENT,25503998
2025-07-21,홍콩,HK0941009539,CHINA MOBILE LTD,25175605
2025-07-21,홍콩,HK0000921228,Global X HANG SENG TECH ETF,21692745
2025-07-21,홍콩,HK0000859063,SAMSUNG BLOCKCHAIN TECHNOLOGIES ETF,20826665
2025-07-21,홍콩,HK2800008867,TRACKER FUND OF HONG KONG ETF,19743341
2025-07-21,홍콩,HK0000516697,GLOBAL X CHINA BIOTECH ETF (HKD),18906967
2025-07-21,홍콩,CNE100006CQ4,Ubtech Robotics Ord Shs H,18840178
2025-07-21,홍콩,HK0000562634,GLOBAL X CHINA CONSUMER BRAND ETF (HKD),18793960
2025-07-21,홍콩,KYG4602S1057,HORIZONROBOT-W,18735615
2025-07-21,홍콩,HK1126010854,DREAM INTERNATIONAL LTD,18082315
2025-07-21,홍콩,CNE1000003X6,PING AN INSURANCE GROUP CO OF CHINA LTD-H,16910482
2025-07-21,홍콩,KYG070341048,BAIDU INC CL A,16481734
2025-07-21,홍콩,HK0000516713,GLOBAL X CHINA CLOUD COMPUTING ETF (HKD),16314465
2025-07-21,홍콩,HK0000637832,GLOBAL X CHINA SEMICONDUCTOR ETF (HKD),15676322
2025-07-21,홍콩,KYG3774X1088,GCL TECHNOLOGY HOLDINGS LTD,14896792
2025-07-21,홍콩,KYG8208B1014,JD.COM INC CL A,14469910
2025-07-21,홍콩,CNE1000048K8,HAIER SMART HOME CO LTD-H MRGR 006942845 BMG423131256,13753130
2025-07-21,홍콩,HK0000562675,GLOBAL X CHINA CLEAN ENERGY ETF (HKD),13386192
2025-07-21,홍콩,KYG970081173,WUXI BIOLOGICS CAYMAN INC,13246749
2025-07-21,홍콩,KYG982AW1003,XPENG INC,12989206
2025-07-21,홍콩,CNE1000002H1,CHINA CONSTRUCTION BANK CORP-H,12444643
2025-07-21,홍콩,HK0000642568,CSOP HANG SENG TECH INDEX ETF (HKD),12425442
2025-07-21,홍콩,KYG532631028,KUAISHOU TECHNOLOGY,11481456
2025-07-21,홍콩,CNE1000002L3,CHINA LIFE INSURANCE CO LTD-H,11148703
2025-07-21,홍콩,HKX566362888,PING AN SECURITIE HKD0.01 HKD0.01 CHAN 009837742 BMG7115B1211,10734428
2025-07-21,홍콩,IT0003874101,PRADA SPA,10318209
2025-07-21,홍콩,CNE1000003G1,INDUSTRIAL AND COMMERCIAL BANK OF CHINA LTD-H,8870081
2025-07-21,홍콩,HK2828013055,HANG SENG CHINA ENTERPRISES INDEX ETF (HKD),8705081
2025-07-21,홍콩,HKX601342549,CHINA BRIGHT CULTURE GROUP USD0.00001 (Delisted/BL398Y0) CHAN 970928502 KYG2153C1078,8631000
2025-07-21,홍콩,KYG9066F1019,TRIP.COM GROUP LTD,8414111
2025-07-21,홍콩,HK0000637857,GLOBAL X CHINA ROBOTICS AND AI ETF (HKD),7660116
2025-07-22,홍콩,KYG9830T1067,XIAOMI CORP,256745652
2025-07-22,홍콩,KYG875721634,TENCENT HOLDINGS LTD,219309646
2025-07-22,홍콩,KYG017191142,ALIBABA GROUP HOLDING LTD,189326567
2025-07-22,홍콩,CNE100006WS8,CATL ORD H,95859531
2025-07-22,홍콩,KYG8020E1199,SEMICONDUCTOR MANUFACTURING INTL CORP,93627870
2025-07-22,홍콩,KYG7170M1033,POP MART INTL GROUP LTD,76547373
2025-07-22,홍콩,CNE100000296,BYD CO LTD-H,73271870
2025-07-22,홍콩,CNE100005F09,TIANQI LITHIUM CORP,65566852
2025-07-22,홍콩,CNE1000031W9,GANFENGLITHIUM ORD H,64428255
2025-07-22,홍콩,HK0000562659,GLOBAL X CHINA ELECTRIC VEHICLE AND BATTERY ETF (HKD),50080102
2025-07-22,홍콩,CNE100000593,PICC PROPERTY AND CASUALTY CO LTD-H,49937928
2025-07-22,홍콩,HK0000748381,YESASIA HOLDINGS LTD,42754978
2025-07-22,홍콩,CNE100004YZ4,CTG DUTY-FREE,38699395
2025-07-22,홍콩,KYG596691041,MEITUAN,37957434
2025-07-22,홍콩,KYG392AS1011,GLOBAL NEW MATERIAL INTL HOLDINGS LTD,32502157
2025-07-22,홍콩,HK0001025037,GLOBAL X US Treasury 3-5 Year ETF,30851974
2025-07-22,홍콩,KYG3777B1032,GEELY AUTOMOBILE HOLDINGS LTD,26917198
2025-07-22,홍콩,CNE100006JG0,LAOPU GOLD,26142452
2025-07-22,홍콩,HK0000921236,A GX USD MM,25982170
2025-07-22,홍콩,CNE100006Z79,SANHUA INTELLIGENT,25363352
2025-07-22,홍콩,HK0941009539,CHINA MOBILE LTD,25157127
2025-07-22,홍콩,HK0000921228,Global X HANG SENG TECH ETF,21715616
2025-07-22,홍콩,HK0000859063,SAMSUNG BLOCKCHAIN TECHNOLOGIES ETF,20421371
2025-07-22,홍콩,HK2800008867,TRACKER FUND OF HONG KONG ETF,19848762
2025-07-22,홍콩,HK0000562634,GLOBAL X CHINA CONSUMER BRAND ETF (HKD),18899698
2025-07-22,홍콩,HK0000516697,GLOBAL X CHINA BIOTECH ETF (HKD),18841254
2025-07-22,홍콩,CNE100006CQ4,Ubtech Robotics Ord Shs H,17631636
2025-07-22,홍콩,HK1126010854,DREAM INTERNATIONAL LTD,17574379
2025-07-22,홍콩,KYG4602S1057,HORIZONROBOT-W,17486508
2025-07-22,홍콩,CNE1000003X6,PING AN INSURANCE GROUP CO OF CHINA LTD-H,16908796
2025-07-22,홍콩,KYG070341048,BAIDU INC CL A,16690831
2025-07-22,홍콩,HK0000516713,GLOBAL X CHINA CLOUD COMPUTING ETF (HKD),16110500
2025-07-22,홍콩,KYG3774X1088,GCL TECHNOLOGY HOLDINGS LTD,15699869
2025-07-22,홍콩,HK0000637832,GLOBAL X CHINA SEMICONDUCTOR ETF (HKD),15603027
2025-07-22,홍콩,KYG8208B1014,JD.COM INC CL A,14651223
2025-07-22,홍콩,CNE1000048K8,HAIER SMART HOME CO LTD-H MRGR 006942845 BMG423131256,13896054
2025-07-22,홍콩,HK0000562675,GLOBAL X CHINA CLEAN ENERGY ETF (HKD),13603770
2025-07-22,홍콩,KYG970081173,WUXI BIOLOGICS CAYMAN INC,13342746
2025-07-22,홍콩,KYG982AW1003,XPENG INC,12991745
2025-07-22,홍콩,HK0000642568,CSOP HANG SENG TECH INDEX ETF (HKD),12536025
2025-07-22,홍콩,CNE1000002H1,CHINA CONSTRUCTION BANK CORP-H,12283612
2025-07-22,홍콩,KYG532631028,KUAISHOU TECHNOLOGY,11964914
2025-07-22,홍콩,CNE1000002L3,CHINA LIFE INSURANCE CO LTD-H,11583629
2025-07-22,홍콩,HKX566362888,PING AN SECURITIE HKD0.01 HKD0.01 CHAN 009837742 BMG7115B1211,10732728
2025-07-22,홍콩,IT0003874101,PRADA SPA,10033462
2025-07-22,홍콩,HK2828013055,HANG SENG CHINA ENTERPRISES INDEX ETF (HKD),8833169
2025-07-22,홍콩,CNE1000003G1,INDUSTRIAL AND COMMERCIAL BANK OF CHINA LTD-H,8758001
2025-07-22,홍콩,HKX601342549,CHINA BRIGHT CULTURE GROUP USD0.00001 (Delisted/BL398Y0) CHAN 970928502 KYG2153C1078,8631000
2025-07-22,홍콩,KYG9066F1019,TRIP.COM GROUP LTD,8460341
2025-07-22,홍콩,HK0000637857,GLOBAL X CHINA ROBOTICS AND AI ETF (HKD),7578824
2025-07-23,홍콩,KYG9830T1067,XIAOMI CORP,256565192
2025-07-23,홍콩,KYG875721634,TENCENT HOLDINGS LTD,230204365
2025-07-23,홍콩,KYG017191142,ALIBABA GROUP HOLDING LTD,190604814
2025-07-23,홍콩,CNE100006WS8,CATL ORD H,102729978
2025-07-23,홍콩,KYG8020E1199,SEMICONDUCTOR MANUFACTURING INTL CORP,93369412
2025-07-23,홍콩,CNE100000296,BYD CO LTD-H,75788519
2025-07-23,홍콩,KYG7170M1033,POP MART INTL GROUP LTD,73211504
2025-07-23,홍콩,CNE100005F09,TIANQI LITHIUM CORP,63729746
2025-07-23,홍콩,CNE1000031W9,GANFENGLITHIUM ORD H,63010454
2025-07-23,홍콩,CNE100000593,PICC PROPERTY AND CASUALTY CO LTD-H,50701275
2025-07-23,홍콩,HK0000562659,GLOBAL X CHINA ELECTRIC VEHICLE AND BATTERY ETF (HKD),49914926
2025-07-23,홍콩,HK0000748381,YESASIA HOLDINGS LTD,41078073
2025-07-23,홍콩,KYG596691041,MEITUAN,39126959
2025-07-23,홍콩,CNE100004YZ4,CTG DUTY-FREE,37041672
2025-07-23,홍콩,KYG392AS1011,GLOBAL NEW MATERIAL INTL HOLDINGS LTD,32078507
2025-07-23,홍콩,HK0001025037,GLOBAL X US Treasury 3-5 Year ETF,30916739
2025-07-23,홍콩,KYG3777B1032,GEELY AUTOMOBILE HOLDINGS LTD,27097595
2025-07-23,홍콩,HK0941009539,CHINA MOBILE LTD,26199948
2025-07-23,홍콩,CNE100006Z79,SANHUA INTELLIGENT,25954429
2025-07-23,홍콩,HK0000921236,A GX USD MM,25918980
2025-07-23,홍콩,CNE100006JG0,LAOPU GOLD,24664918
2025-07-23,홍콩,HK0000921228,Global X HANG SENG TECH ETF,22259951
2025-07-23,홍콩,HK2800008867,TRACKER FUND OF HONG KONG ETF,22071424
2025-07-23,홍콩,HK0000859063,SAMSUNG BLOCKCHAIN TECHNOLOGIES ETF,20733036
2025-07-23,홍콩,CNE100006CQ4,Ubtech Robotics Ord Shs H,19767238
2025-07-23,홍콩,HK0000562634,GLOBAL X CHINA CONSUMER BRAND ETF (HKD),18956033
2025-07-23,홍콩,HK0000516697,GLOBAL X CHINA BIOTECH ETF (HKD),18824155
2025-07-23,홍콩,KYG4602S1057,HORIZONROBOT-W,17972766
2025-07-23,홍콩,KYG070341048,BAIDU INC CL A,17558497
2025-07-23,홍콩,CNE1000003X6,PING AN INSURANCE GROUP CO OF CHINA LTD-H,17323367
2025-07-23,홍콩,HK1126010854,DREAM INTERNATIONAL LTD,16903786
2025-07-23,홍콩,HK0000516713,GLOBAL X CHINA CLOUD COMPUTING ETF (HKD),16500914
2025-07-23,홍콩,HK0000637832,GLOBAL X CHINA SEMICONDUCTOR ETF (HKD),15691772
2025-07-23,홍콩,KYG3774X1088,GCL TECHNOLOGY HOLDINGS LTD,15479224
2025-07-23,홍콩,KYG8208B1014,JD.COM INC CL A,14942504
2025-07-23,홍콩,CNE1000048K8,HAIER SMART HOME CO LTD-H MRGR 006942845 BMG423131256,13993935
2025-07-23,홍콩,KYG970081173,WUXI BIOLOGICS CAYMAN INC,13726949
2025-07-23,홍콩,HK0000562675,GLOBAL X CHINA CLEAN ENERGY ETF (HKD),13479506
2025-07-23,홍콩,KYG982AW1003,XPENG INC,13445483
2025-07-23,홍콩,HK0000642568,CSOP HANG SENG TECH INDEX ETF (HKD),12860251
2025-07-23,홍콩,KYG532631028,KUAISHOU TECHNOLOGY,12740314
2025-07-23,홍콩,CNE1000002H1,CHINA CONSTRUCTION BANK CORP-H,12383492
2025-07-23,홍콩,CNE1000002L3,CHINA LIFE INSURANCE CO LTD-H,11873566
2025-07-23,홍콩,HKX566362888,PING AN SECURITIE HKD0.01 HKD0.01 CHAN 009837742 BMG7115B1211,10732211
2025-07-23,홍콩,IT0003874101,PRADA SPA,9848326
2025-07-23,홍콩,HK2828013055,HANG SENG CHINA ENTERPRISES INDEX ETF (HKD),9812144
2025-07-23,홍콩,CNE1000003G1,INDUSTRIAL AND COMMERCIAL BANK OF CHINA LTD-H,8867808
2025-07-23,홍콩,HKX601342549,CHINA BRIGHT CULTURE GROUP USD0.00001 (Delisted/BL398Y0) CHAN 970928502 KYG2153C1078,8631000
2025-07-23,홍콩,KYG9066F1019,TRIP.COM GROUP LTD,8558881
2025-07-23,홍콩,CNE1000003W8,PETROCHINA CO LTD-H,7681946
2025-07-24,홍콩,KYG9830T1067,XIAOMI CORP,258339528
2025-07-24,홍콩,KYG875721634,TENCENT HOLDINGS LTD,232644290
2025-07-24,홍콩,KYG017191142,ALIBABA GROUP HOLDING LTD,188437413
2025-07-24,홍콩,CNE100006WS8,CATL ORD H,109597759
2025-07-24,홍콩,KYG8020E1199,SEMICONDUCTOR MANUFACTURING INTL CORP,94528585
2025-07-24,홍콩,CNE100000296,BYD CO LTD-H,75599965
2025-07-24,홍콩,KYG7170M1033,POP MART INTL GROUP LTD,74456495
2025-07-24,홍콩,CNE100005F09,TIANQI LITHIUM CORP,72715040
2025-07-24,홍콩,CNE1000031W9,GANFENGLITHIUM ORD H,68905159
2025-07-24,홍콩,CNE100000593,PICC PROPERTY AND CASUALTY CO LTD-H,52183590
2025-07-24,홍콩,HK0000562659,GLOBAL X CHINA ELECTRIC VEHICLE AND BATTERY ETF (HKD),50477514
2025-07-24,홍콩,CNE100004YZ4,CTG DUTY-FREE,42630754
2025-07-24,홍콩,HK0000748381,YESASIA HOLDINGS LTD,42408642
2025-07-24,홍콩,KYG596691041,MEITUAN,39524768
2025-07-24,홍콩,KYG392AS1011,GLOBAL NEW MATERIAL INTL HOLDINGS LTD,32142160
2025-07-24,홍콩,HK0001025037,GLOBAL X US Treasury 3-5 Year ETF,30862796
2025-07-24,홍콩,KYG3777B1032,GEELY AUTOMOBILE HOLDINGS LTD,27259900
2025-07-24,홍콩,HK0941009539,CHINA MOBILE LTD,26307227
2025-07-24,홍콩,CNE100006Z79,SANHUA INTELLIGENT,25955130
2025-07-24,홍콩,HK0000921236,A GX USD MM,25920043
2025-07-24,홍콩,CNE100006JG0,LAOPU GOLD,24299786
2025-07-24,홍콩,HK2800008867,TRACKER FUND OF HONG KONG ETF,22246077
2025-07-24,홍콩,HK0000921228,Global X HANG SENG TECH ETF,22133958
2025-07-24,홍콩,CNE100006CQ4,Ubtech Robotics Ord Shs H,21230708
2025-07-24,홍콩,HK0000859063,SAMSUNG BLOCKCHAIN TECHNOLOGIES ETF,20528424
2025-07-24,홍콩,HK0000516697,GLOBAL X CHINA BIOTECH ETF (HKD),19243046
2025-07-24,홍콩,HK0000562634,GLOBAL X CHINA CONSUMER BRAND ETF (HKD),19073809
2025-07-24,홍콩,KYG4602S1057,HORIZONROBOT-W,18944845
2025-07-24,홍콩,CNE1000003X6,PING AN INSURANCE GROUP CO OF CHINA LTD-H,17441283
2025-07-24,홍콩,HK1126010854,DREAM INTERNATIONAL LTD,16958790
2025-07-24,홍콩,KYG070341048,BAIDU INC CL A,16903217
2025-07-24,홍콩,HK0000516713,GLOBAL X CHINA CLOUD COMPUTING ETF (HKD),16569002
2025-07-24,홍콩,KYG3774X1088,GCL TECHNOLOGY HOLDINGS LTD,16078517
2025-07-24,홍콩,HK0000637832,GLOBAL X CHINA SEMICONDUCTOR ETF (HKD),16018186
2025-07-24,홍콩,KYG8208B1014,JD.COM INC CL A,14851134
2025-07-24,홍콩,KYG970081173,WUXI BIOLOGICS CAYMAN INC,14170980
2025-07-24,홍콩,CNE1000048K8,HAIER SMART HOME CO LTD-H MRGR 006942845 BMG423131256,13914387
2025-07-24,홍콩,KYG982AW1003,XPENG INC,13899923
2025-07-24,홍콩,HK0000562675,GLOBAL X CHINA CLEAN ENERGY ETF (HKD),13616313
2025-07-24,홍콩,HK0000642568,CSOP HANG SENG TECH INDEX ETF (HKD),13054747
2025-07-24,홍콩,KYG532631028,KUAISHOU TECHNOLOGY,12563180
2025-07-24,홍콩,CNE1000002H1,CHINA CONSTRUCTION BANK CORP-H,12437224
2025-07-24,홍콩,CNE1000002L3,CHINA LIFE INSURANCE CO LTD-H,12220957
2025-07-24,홍콩,HKX566362888,PING AN SECURITIE HKD0.01 HKD0.01 CHAN 009837742 BMG7115B1211,10732651
2025-07-24,홍콩,IT0003874101,PRADA SPA,9947073
2025-07-24,홍콩,HK2828013055,HANG SENG CHINA ENTERPRISES INDEX ETF (HKD),9823131
2025-07-24,홍콩,CNE1000003G1,INDUSTRIAL AND COMMERCIAL BANK OF CHINA LTD-H,8857992
2025-07-24,홍콩,HKX601342549,CHINA BRIGHT CULTURE GROUP USD0.00001 (Delisted/BL398Y0) CHAN 970928502 KYG2153C1078,8631000
2025-07-24,홍콩,KYG9066F1019,TRIP.COM GROUP LTD,8559747
2025-07-24,홍콩,HK0000637857,GLOBAL X CHINA ROBOTICS AND AI ETF (HKD),7784565
2025-07-25,홍콩,KYG9830T1067,XIAOMI CORP,254967125
2025-07-25,홍콩,KYG875721634,TENCENT HOLDINGS LTD,230205941
2025-07-25,홍콩,KYG017191142,ALIBABA GROUP HOLDING LTD,204481680
2025-07-25,홍콩,CNE100006WS8,CATL ORD H,112736006
2025-07-25,홍콩,KYG8020E1199,SEMICONDUCTOR MANUFACTURING INTL CORP,98907222
2025-07-25,홍콩,CNE100000296,BYD CO LTD-H,77137123
2025-07-25,홍콩,CNE100005F09,TIANQI LITHIUM CORP,73721543
2025-07-25,홍콩,KYG7170M1033,POP MART INTL GROUP LTD,71365488
2025-07-25,홍콩,CNE1000031W9,GANFENGLITHIUM ORD H,68956507
2025-07-25,홍콩,CNE100000593,PICC PROPERTY AND CASUALTY CO LTD-H,52109800
2025-07-25,홍콩,HK0000562659,GLOBAL X CHINA ELECTRIC VEHICLE AND BATTERY ETF (HKD),49700393
2025-07-25,홍콩,HK0000748381,YESASIA HOLDINGS LTD,42874682
2025-07-25,홍콩,CNE100004YZ4,CTG DUTY-FREE,40604017
2025-07-25,홍콩,KYG596691041,MEITUAN,38710590
2025-07-25,홍콩,KYG392AS1011,GLOBAL NEW MATERIAL INTL HOLDINGS LTD,31839708
2025-07-25,홍콩,HK0001025037,GLOBAL X US Treasury 3-5 Year ETF,30839810
2025-07-25,홍콩,KYG3777B1032,GEELY AUTOMOBILE HOLDINGS LTD,27486776
2025-07-25,홍콩,HK0941009539,CHINA MOBILE LTD,26096997
2025-07-25,홍콩,HK0000921236,A GX USD MM,26005048
2025-07-25,홍콩,CNE100006Z79,SANHUA INTELLIGENT,24497284
2025-07-25,홍콩,CNE100006JG0,LAOPU GOLD,23127976
2025-07-25,홍콩,HK0000921228,Global X HANG SENG TECH ETF,21831099
2025-07-25,홍콩,CNE100006CQ4,Ubtech Robotics Ord Shs H,21553952
2025-07-25,홍콩,HK0000859063,SAMSUNG BLOCKCHAIN TECHNOLOGIES ETF,20268769
2025-07-25,홍콩,HK0000516697,GLOBAL X CHINA BIOTECH ETF (HKD),19512212
2025-07-25,홍콩,KYG4602S1057,HORIZONROBOT-W,19179432
2025-07-25,홍콩,HK0000562634,GLOBAL X CHINA CONSUMER BRAND ETF (HKD),18834250
2025-07-25,홍콩,HK1126010854,DREAM INTERNATIONAL LTD,17223257
2025-07-25,홍콩,CNE1000003X6,PING AN INSURANCE GROUP CO OF CHINA LTD-H,17160911
2025-07-25,홍콩,KYG070341048,BAIDU INC CL A,16792130
2025-07-25,홍콩,HK0000516713,GLOBAL X CHINA CLOUD COMPUTING ETF (HKD),16610000
2025-07-25,홍콩,HK2800008867,TRACKER FUND OF HONG KONG ETF,16517365
2025-07-25,홍콩,HK0000637832,GLOBAL X CHINA SEMICONDUCTOR ETF (HKD),16325056
2025-07-25,홍콩,KYG3774X1088,GCL TECHNOLOGY HOLDINGS LTD,15365487
2025-07-25,홍콩,KYG982AW1003,XPENG INC,15173843
2025-07-25,홍콩,KYG970081173,WUXI BIOLOGICS CAYMAN INC,15066223
2025-07-25,홍콩,KYG8208B1014,JD.COM INC CL A,14691188
2025-07-25,홍콩,CNE1000048K8,HAIER SMART HOME CO LTD-H MRGR 006942845 BMG423131256,13709357
2025-07-25,홍콩,HK0000562675,GLOBAL X CHINA CLEAN ENERGY ETF (HKD),13483403
2025-07-25,홍콩,HK0000642568,CSOP HANG SENG TECH INDEX ETF (HKD),12962535
2025-07-25,홍콩,CNE1000002L3,CHINA LIFE INSURANCE CO LTD-H,12430619
2025-07-25,홍콩,CNE1000002H1,CHINA CONSTRUCTION BANK CORP-H,12258556
2025-07-25,홍콩,KYG532631028,KUAISHOU TECHNOLOGY,11906629
2025-07-25,홍콩,HKX566362888,PING AN SECURITIE HKD0.01 HKD0.01 CHAN 009837742 BMG7115B1211,10732338
2025-07-25,홍콩,IT0003874101,PRADA SPA,9803610
2025-07-25,홍콩,HK2828013055,HANG SENG CHINA ENTERPRISES INDEX ETF (HKD),9557496
2025-07-25,홍콩,CNE1000003G1,INDUSTRIAL AND COMMERCIAL BANK OF CHINA LTD-H,8774419
2025-07-25,홍콩,HKX601342549,CHINA BRIGHT CULTURE GROUP USD0.00001 (Delisted/BL398Y0) CHAN 970928502 KYG2153C1078,8631000
2025-07-25,홍콩,KYG9066F1019,TRIP.COM GROUP LTD,8510081
2025-07-25,홍콩,HK0000637857,GLOBAL X CHINA ROBOTICS AND AI ETF (HKD),7864206
2025-07-28,홍콩,KYG9830T1067,XIAOMI CORP,252019173
2025-07-28,홍콩,KYG875721634,TENCENT HOLDINGS LTD,231850698
2025-07-28,홍콩,KYG017191142,ALIBABA GROUP HOLDING LTD,200530284
2025-07-28,홍콩,CNE100006WS8,CATL ORD H,119670096
2025-07-28,홍콩,KYG8020E1199,SEMICONDUCTOR MANUFACTURING INTL CORP,99589479
2025-07-28,홍콩,CNE100000296,BYD CO LTD-H,78044295
2025-07-28,홍콩,KYG7170M1033,POP MART INTL GROUP LTD,71806845
2025-07-28,홍콩,CNE100005F09,TIANQI LITHIUM CORP,69138911
2025-07-28,홍콩,CNE1000031W9,GANFENGLITHIUM ORD H,64303164
2025-07-28,홍콩,CNE100000593,PICC PROPERTY AND CASUALTY CO LTD-H,52626177
2025-07-28,홍콩,HK0000562659,GLOBAL X CHINA ELECTRIC VEHICLE AND BATTERY ETF (HKD),49860237
2025-07-28,홍콩,KYG596691041,MEITUAN,39607302
2025-07-28,홍콩,CNE100004YZ4,CTG DUTY-FREE,38272976
2025-07-28,홍콩,HK0000748381,YESASIA HOLDINGS LTD,34935068
2025-07-28,홍콩,KYG392AS1011,GLOBAL NEW MATERIAL INTL HOLDINGS LTD,32082757
2025-07-28,홍콩,HK0001025037,GLOBAL X US Treasury 3-5 Year ETF,30819493
2025-07-28,홍콩,KYG3777B1032,GEELY AUTOMOBILE HOLDINGS LTD,26868934
2025-07-28,홍콩,HK0941009539,CHINA MOBILE LTD,26173878
2025-07-28,홍콩,HK0000921236,A GX USD MM,26016068
2025-07-28,홍콩,CNE100006Z79,SANHUA INTELLIGENT,24271005
2025-07-28,홍콩,CNE100006JG0,LAOPU GOLD,22279017
2025-07-28,홍콩,HK0000921228,Global X HANG SENG TECH ETF,21814093
2025-07-28,홍콩,CNE100006CQ4,Ubtech Robotics Ord Shs H,21073400
2025-07-28,홍콩,HK0000859063,SAMSUNG BLOCKCHAIN TECHNOLOGIES ETF,20698735
2025-07-28,홍콩,HK0000516697,GLOBAL X CHINA BIOTECH ETF (HKD),20237826
2025-07-28,홍콩,KYG4602S1057,HORIZONROBOT-W,19119721
2025-07-28,홍콩,HK0000562634,GLOBAL X CHINA CONSUMER BRAND ETF (HKD),18600391
2025-07-28,홍콩,HK1126010854,DREAM INTERNATIONAL LTD,18119655
2025-07-28,홍콩,CNE1000003X6,PING AN INSURANCE GROUP CO OF CHINA LTD-H,17767384
2025-07-28,홍콩,KYG070341048,BAIDU INC CL A,16919490
2025-07-28,홍콩,HK2800008867,TRACKER FUND OF HONG KONG ETF,16767659
2025-07-28,홍콩,HK0000516713,GLOBAL X CHINA CLOUD COMPUTING ETF (HKD),16456210
2025-07-28,홍콩,KYG982AW1003,XPENG INC,16089435
2025-07-28,홍콩,HK0000637832,GLOBAL X CHINA SEMICONDUCTOR ETF (HKD),15525859
2025-07-28,홍콩,KYG970081173,WUXI BIOLOGICS CAYMAN INC,15314400
2025-07-28,홍콩,KYG3774X1088,GCL TECHNOLOGY HOLDINGS LTD,14674120
2025-07-28,홍콩,KYG8208B1014,JD.COM INC CL A,14284241
2025-07-28,홍콩,CNE1000048K8,HAIER SMART HOME CO LTD-H MRGR 006942845 BMG423131256,13752972
2025-07-28,홍콩,HK0000562675,GLOBAL X CHINA CLEAN ENERGY ETF (HKD),13446252
2025-07-28,홍콩,HK0000642568,CSOP HANG SENG TECH INDEX ETF (HKD),12980592
2025-07-28,홍콩,CNE1000002L3,CHINA LIFE INSURANCE CO LTD-H,12641056
2025-07-28,홍콩,CNE1000002H1,CHINA CONSTRUCTION BANK CORP-H,12317564
2025-07-28,홍콩,KYG532631028,KUAISHOU TECHNOLOGY,11954042
2025-07-28,홍콩,HKX566362888,PING AN SECURITIE HKD0.01 HKD0.01 CHAN 009837742 BMG7115B1211,10732953
2025-07-28,홍콩,IT0003874101,PRADA SPA,9795193
2025-07-28,홍콩,HK2828013055,HANG SENG CHINA ENTERPRISES INDEX ETF (HKD),9595500
2025-07-28,홍콩,CNE1000003G1,INDUSTRIAL AND COMMERCIAL BANK OF CHINA LTD-H,8812690
2025-07-28,홍콩,HKX601342549,CHINA BRIGHT CULTURE GROUP USD0.00001 (Delisted/BL398Y0) CHAN 970928502 KYG2153C1078,8631000
2025-07-28,홍콩,HK0000637857,GLOBAL X CHINA ROBOTICS AND AI ETF (HKD),7884405
2025-07-28,홍콩,CNE1000003W8,PETROCHINA CO LTD-H,7497407
2025-07-29,홍콩,KYG9830T1067,XIAOMI CORP,245100739
2025-07-29,홍콩,KYG875721634,TENCENT HOLDINGS LTD,231210027
2025-07-29,홍콩,KYG017191142,ALIBABA GROUP HOLDING LTD,200600185
2025-07-29,홍콩,CNE100006WS8,CATL ORD H,120542462
2025-07-29,홍콩,KYG8020E1199,SEMICONDUCTOR MANUFACTURING INTL CORP,99735608
2025-07-29,홍콩,CNE100000296,BYD CO LTD-H,78503695
2025-07-29,홍콩,KYG7170M1033,POP MART INTL GROUP LTD,76168526
2025-07-29,홍콩,CNE100005F09,TIANQI LITHIUM CORP,69689630
2025-07-29,홍콩,CNE1000031W9,GANFENGLITHIUM ORD H,63347648
2025-07-29,홍콩,CNE100000593,PICC PROPERTY AND CASUALTY CO LTD-H,52196972
2025-07-29,홍콩,HK0000562659,GLOBAL X CHINA ELECTRIC VEHICLE AND BATTERY ETF (HKD),50003504
2025-07-29,홍콩,KYG596691041,MEITUAN,39228543
2025-07-29,홍콩,CNE100004YZ4,CTG DUTY-FREE,38388698
2025-07-29,홍콩,HK0000748381,YESASIA HOLDINGS LTD,36166913
2025-07-29,홍콩,KYG392AS1011,GLOBAL NEW MATERIAL INTL HOLDINGS LTD,31902087
2025-07-29,홍콩,HK0001025037,GLOBAL X US Treasury 3-5 Year ETF,30817876
2025-07-29,홍콩,KYG3777B1032,GEELY AUTOMOBILE HOLDINGS LTD,26802454
2025-07-29,홍콩,HK0941009539,CHINA MOBILE LTD,26094638
2025-07-29,홍콩,HK0000921236,A GX USD MM,26016270
2025-07-29,홍콩,CNE100006Z79,SANHUA INTELLIGENT,24224979
2025-07-29,홍콩,CNE100006JG0,LAOPU GOLD,22212532
2025-07-29,홍콩,HK0000921228,Global X HANG SENG TECH ETF,21687689
2025-07-29,홍콩,CNE100006CQ4,Ubtech Robotics Ord Shs H,21190676
2025-07-29,홍콩,HK0000516697,GLOBAL X CHINA BIOTECH ETF (HKD),20960916
2025-07-29,홍콩,HK0000859063,SAMSUNG BLOCKCHAIN TECHNOLOGIES ETF,20314756
2025-07-29,홍콩,HK0000642568,CSOP HANG SENG TECH INDEX ETF (HKD),19896551
2025-07-29,홍콩,KYG4602S1057,HORIZONROBOT-W,19339752
2025-07-29,홍콩,HK0000562634,GLOBAL X CHINA CONSUMER BRAND ETF (HKD),18673307
2025-07-29,홍콩,HK1126010854,DREAM INTERNATIONAL LTD,18487669
2025-07-29,홍콩,CNE1000003X6,PING AN INSURANCE GROUP CO OF CHINA LTD-H,17763930
2025-07-29,홍콩,HK2800008867,TRACKER FUND OF HONG KONG ETF,16748682
2025-07-29,홍콩,KYG070341048,BAIDU INC CL A,16659059
2025-07-29,홍콩,HK0000516713,GLOBAL X CHINA CLOUD COMPUTING ETF (HKD),16484948
2025-07-29,홍콩,KYG982AW1003,XPENG INC,16339060
2025-07-29,홍콩,KYG970081173,WUXI BIOLOGICS CAYMAN INC,15949686
2025-07-29,홍콩,KYG3774X1088,GCL TECHNOLOGY HOLDINGS LTD,15813937
2025-07-29,홍콩,HK0000637832,GLOBAL X CHINA SEMICONDUCTOR ETF (HKD),15742506
2025-07-29,홍콩,KYG8208B1014,JD.COM INC CL A,14267225
2025-07-29,홍콩,CNE1000048K8,HAIER SMART HOME CO LTD-H MRGR 006942845 BMG423131256,13684230
2025-07-29,홍콩,HK0000562675,GLOBAL X CHINA CLEAN ENERGY ETF (HKD),13488230
2025-07-29,홍콩,CNE1000002L3,CHINA LIFE INSURANCE CO LTD-H,12501724
2025-07-29,홍콩,CNE1000002H1,CHINA CONSTRUCTION BANK CORP-H,12094760
2025-07-29,홍콩,KYG532631028,KUAISHOU TECHNOLOGY,11850957
2025-07-29,홍콩,HKX566362888,PING AN SECURITIE HKD0.01 HKD0.01 CHAN 009837742 BMG7115B1211,10733036
2025-07-29,홍콩,IT0003874101,PRADA SPA,9694446
2025-07-29,홍콩,HK2828013055,HANG SENG CHINA ENTERPRISES INDEX ETF (HKD),9573448
2025-07-29,홍콩,CNE1000003G1,INDUSTRIAL AND COMMERCIAL BANK OF CHINA LTD-H,8739213
2025-07-29,홍콩,HKX601342549,CHINA BRIGHT CULTURE GROUP USD0.00001 (Delisted/BL398Y0) CHAN 970928502 KYG2153C1078,8631000
2025-07-29,홍콩,CNE1000003W8,PETROCHINA CO LTD-H,8437830
2025-07-29,홍콩,HK0000637857,GLOBAL X CHINA ROBOTICS AND AI ETF (HKD),7883196
2025-07-30,홍콩,CNE100000296,BYD CO LTD-H,275877227
2025-07-30,홍콩,KYG9830T1067,XIAOMI CORP,242500774
2025-07-30,홍콩,KYG875721634,TENCENT HOLDINGS LTD,228555649
2025-07-30,홍콩,KYG017191142,ALIBABA GROUP HOLDING LTD,195867874
2025-07-30,홍콩,CNE100006WS8,CATL ORD H,111248824
2025-07-30,홍콩,KYG8020E1199,SEMICONDUCTOR MANUFACTURING INTL CORP,96164336
2025-07-30,홍콩,KYG7170M1033,POP MART INTL GROUP LTD,74362367
2025-07-30,홍콩,CNE100005F09,TIANQI LITHIUM CORP,66842936
2025-07-30,홍콩,CNE1000031W9,GANFENGLITHIUM ORD H,61099062
2025-07-30,홍콩,CNE100000593,PICC PROPERTY AND CASUALTY CO LTD-H,52419757
2025-07-30,홍콩,HK0000562659,GLOBAL X CHINA ELECTRIC VEHICLE AND BATTERY ETF (HKD),48284193
2025-07-30,홍콩,KYG596691041,MEITUAN,38892113
2025-07-30,홍콩,CNE100004YZ4,CTG DUTY-FREE,38649844
2025-07-30,홍콩,HK0000748381,YESASIA HOLDINGS LTD,34185479
2025-07-30,홍콩,KYG392AS1011,GLOBAL NEW MATERIAL INTL HOLDINGS LTD,31296673
2025-07-30,홍콩,HK0001025037,GLOBAL X US Treasury 3-5 Year ETF,30936478
2025-07-30,홍콩,HK0941009539,CHINA MOBILE LTD,26237962
2025-07-30,홍콩,HK0000921236,A GX USD MM,26026228
2025-07-30,홍콩,KYG3777B1032,GEELY AUTOMOBILE HOLDINGS LTD,25654557
2025-07-30,홍콩,CNE100006Z79,SANHUA INTELLIGENT,23494644
2025-07-30,홍콩,CNE100006JG0,LAOPU GOLD,22986656
2025-07-30,홍콩,HK0000921228,Global X HANG SENG TECH ETF,21116881
2025-07-30,홍콩,CNE100006CQ4,Ubtech Robotics Ord Shs H,21028595
2025-07-30,홍콩,HK0000516697,GLOBAL X CHINA BIOTECH ETF (HKD),20608896
2025-07-30,홍콩,HK0000859063,SAMSUNG BLOCKCHAIN TECHNOLOGIES ETF,19899062
2025-07-30,홍콩,HK0000642568,CSOP HANG SENG TECH INDEX ETF (HKD),19359170
2025-07-30,홍콩,KYG4602S1057,HORIZONROBOT-W,18862553
2025-07-30,홍콩,HK0000562634,GLOBAL X CHINA CONSUMER BRAND ETF (HKD),18502997
2025-07-30,홍콩,HK1126010854,DREAM INTERNATIONAL LTD,18056417
2025-07-30,홍콩,CNE1000003X6,PING AN INSURANCE GROUP CO OF CHINA LTD-H,17820752
2025-07-30,홍콩,HK2800008867,TRACKER FUND OF HONG KONG ETF,16512447
2025-07-30,홍콩,KYG070341048,BAIDU INC CL A,16369443
2025-07-30,홍콩,HK0000516713,GLOBAL X CHINA CLOUD COMPUTING ETF (HKD),16124201
2025-07-30,홍콩,KYG970081173,WUXI BIOLOGICS CAYMAN INC,15908869
2025-07-30,홍콩,KYG3774X1088,GCL TECHNOLOGY HOLDINGS LTD,15687570
2025-07-30,홍콩,HK0000637832,GLOBAL X CHINA SEMICONDUCTOR ETF (HKD),15557181
2025-07-30,홍콩,KYG982AW1003,XPENG INC,15518091
2025-07-30,홍콩,KYG8208B1014,JD.COM INC CL A,14201838
2025-07-30,홍콩,CNE1000048K8,HAIER SMART HOME CO LTD-H MRGR 006942845 BMG423131256,13641574
2025-07-30,홍콩,HK0000562675,GLOBAL X CHINA CLEAN ENERGY ETF (HKD),13421759
2025-07-30,홍콩,CNE1000002L3,CHINA LIFE INSURANCE CO LTD-H,12682959
2025-07-30,홍콩,CNE1000002H1,CHINA CONSTRUCTION BANK CORP-H,12090722
2025-07-30,홍콩,KYG532631028,KUAISHOU TECHNOLOGY,11911364
2025-07-30,홍콩,HKX566362888,PING AN SECURITIE HKD0.01 HKD0.01 CHAN 009837742 BMG7115B1211,10732230
2025-07-30,홍콩,IT0003874101,PRADA SPA,9618232
2025-07-30,홍콩,HK0883013259,CNOOC LTD,9505926
2025-07-30,홍콩,CNE1000003G1,INDUSTRIAL AND COMMERCIAL BANK OF CHINA LTD-H,8711305
2025-07-30,홍콩,HKX601342549,CHINA BRIGHT CULTURE GROUP USD0.00001 (Delisted/BL398Y0) CHAN 970928502 KYG2153C1078,8631000
2025-07-30,홍콩,HK0000637857,GLOBAL X CHINA ROBOTICS AND AI ETF (HKD),7743960
2025-07-30,홍콩,HK0000860996,A SS ASIA META,6889234
2025-07-31,홍콩,CNE100000296,BYD CO LTD-H,261013406
2025-07-31,홍콩,KYG9830T1067,XIAOMI CORP,232260482
2025-07-31,홍콩,KYG875721634,TENCENT HOLDINGS LTD,228102026
2025-07-31,홍콩,KYG017191142,ALIBABA GROUP HOLDING LTD,192815345
2025-07-31,홍콩,CNE100006WS8,CATL ORD H,119624342
2025-07-31,홍콩,KYG8020E1199,SEMICONDUCTOR MANUFACTURING INTL CORP,97286824
2025-07-31,홍콩,KYG7170M1033,POP MART INTL GROUP LTD,73031929
2025-07-31,홍콩,CNE100005F09,TIANQI LITHIUM CORP,64646148
2025-07-31,홍콩,CNE1000031W9,GANFENGLITHIUM ORD H,58434263
2025-07-31,홍콩,CNE100000593,PICC PROPERTY AND CASUALTY CO LTD-H,51866836
2025-07-31,홍콩,HK0000562659,GLOBAL X CHINA ELECTRIC VEHICLE AND BATTERY ETF (HKD),46975237
2025-07-31,홍콩,CNE100004YZ4,CTG DUTY-FREE,37592589
2025-07-31,홍콩,KYG596691041,MEITUAN,37150007
2025-07-31,홍콩,HK0000748381,YESASIA HOLDINGS LTD,32988958
2025-07-31,홍콩,KYG392AS1011,GLOBAL NEW MATERIAL INTL HOLDINGS LTD,31057724
2025-07-31,홍콩,HK0001025037,GLOBAL X US Treasury 3-5 Year ETF,30828312
2025-07-31,홍콩,HK0000921236,A GX USD MM,26025738
2025-07-31,홍콩,HK0941009539,CHINA MOBILE LTD,25968423
2025-07-31,홍콩,KYG3777B1032,GEELY AUTOMOBILE HOLDINGS LTD,24724117
2025-07-31,홍콩,CNE100006Z79,SANHUA INTELLIGENT,23815102
2025-07-31,홍콩,CNE100006CQ4,Ubtech Robotics Ord Shs H,21403749
2025-07-31,홍콩,HK0000921228,Global X HANG SENG TECH ETF,21000078
2025-07-31,홍콩,CNE100006JG0,LAOPU GOLD,20867797
2025-07-31,홍콩,HK0000516697,GLOBAL X CHINA BIOTECH ETF (HKD),20334162
2025-07-31,홍콩,HK0000859063,SAMSUNG BLOCKCHAIN TECHNOLOGIES ETF,19900509
2025-07-31,홍콩,KYG4602S1057,HORIZONROBOT-W,18776326
2025-07-31,홍콩,HK0000562634,GLOBAL X CHINA CONSUMER BRAND ETF (HKD),18068049
2025-07-31,홍콩,HK1126010854,DREAM INTERNATIONAL LTD,17372558
2025-07-31,홍콩,CNE1000003X6,PING AN INSURANCE GROUP CO OF CHINA LTD-H,17078144
2025-07-31,홍콩,KYG070341048,BAIDU INC CL A,16528117
2025-07-31,홍콩,KYG970081173,WUXI BIOLOGICS CAYMAN INC,16320896
2025-07-31,홍콩,HK0000516713,GLOBAL X CHINA CLOUD COMPUTING ETF (HKD),16186027
2025-07-31,홍콩,KYG982AW1003,XPENG INC,15764580
2025-07-31,홍콩,HK0000637832,GLOBAL X CHINA SEMICONDUCTOR ETF (HKD),15314164
2025-07-31,홍콩,KYG3774X1088,GCL TECHNOLOGY HOLDINGS LTD,14670026
2025-07-31,홍콩,CNE1000048K8,HAIER SMART HOME CO LTD-H MRGR 006942845 BMG423131256,13183669
2025-07-31,홍콩,HK0000642568,CSOP HANG SENG TECH INDEX ETF (HKD),13111991
2025-07-31,홍콩,HK0000562675,GLOBAL X CHINA CLEAN ENERGY ETF (HKD),13027768
2025-07-31,홍콩,KYG532631028,KUAISHOU TECHNOLOGY,12750839
2025-07-31,홍콩,KYG8208B1014,JD.COM INC CL A,12570801
2025-07-31,홍콩,CNE1000002L3,CHINA LIFE INSURANCE CO LTD-H,12411110
2025-07-31,홍콩,CNE1000002H1,CHINA CONSTRUCTION BANK CORP-H,11902616
2025-07-31,홍콩,HKX566362888,PING AN SECURITIE HKD0.01 HKD0.01 CHAN 009837742 BMG7115B1211,10733011
2025-07-31,홍콩,HK0883013259,CNOOC LTD,9344002
2025-07-31,홍콩,IT0003874101,PRADA SPA,8839215
2025-07-31,홍콩,CNE1000003G1,INDUSTRIAL AND COMMERCIAL BANK OF CHINA LTD-H,8667205
2025-07-31,홍콩,HKX601342549,CHINA BRIGHT CULTURE GROUP USD0.00001 (Delisted/BL398Y0) CHAN 970928502 KYG2153C1078,8631000
2025-07-31,홍콩,HK0000637857,GLOBAL X CHINA ROBOTICS AND AI ETF (HKD),7718348
2025-07-31,홍콩,HK0000860996,A SS ASIA META,6889735
2025-07-31,홍콩,KYG4818G1010,INNOVENT BIOLOGICS INC,6790706
2025-08-01,홍콩,CNE100000296,BYD CO LTD-H,246940244
2025-08-01,홍콩,KYG9830T1067,XIAOMI CORP,232813880
2025-08-01,홍콩,KYG875721634,TENCENT HOLDINGS LTD,220795199
2025-08-01,홍콩,KYG017191142,ALIBABA GROUP HOLDING LTD,194597556
2025-08-01,홍콩,CNE100006WS8,CATL ORD H,105833628
2025-08-01,홍콩,KYG8020E1199,SEMICONDUCTOR MANUFACTURING INTL CORP,92562222
2025-08-01,홍콩,KYG7170M1033,POP MART INTL GROUP LTD,72006341
2025-08-01,홍콩,CNE100005F09,TIANQI LITHIUM CORP,65010919
2025-08-01,홍콩,CNE1000031W9,GANFENGLITHIUM ORD H,58911436
2025-08-01,홍콩,CNE100000593,PICC PROPERTY AND CASUALTY CO LTD-H,51544639
2025-08-01,홍콩,HK0000562659,GLOBAL X CHINA ELECTRIC VEHICLE AND BATTERY ETF (HKD),46533035
2025-08-01,홍콩,KYG596691041,MEITUAN,37289781
2025-08-01,홍콩,CNE100004YZ4,CTG DUTY-FREE,37202201
2025-08-01,홍콩,HK0000748381,YESASIA HOLDINGS LTD,31739507
2025-08-01,홍콩,KYG392AS1011,GLOBAL NEW MATERIAL INTL HOLDINGS LTD,30816194
2025-08-01,홍콩,HK0001025037,GLOBAL X US Treasury 3-5 Year ETF,30805273
2025-08-01,홍콩,HK0000921236,A GX USD MM,26018976
2025-08-01,홍콩,HK0941009539,CHINA MOBILE LTD,25918241
2025-08-01,홍콩,KYG3777B1032,GEELY AUTOMOBILE HOLDINGS LTD,24706632
2025-08-01,홍콩,CNE100006Z79,SANHUA INTELLIGENT,23813364
2025-08-01,홍콩,CNE100006CQ4,Ubtech Robotics Ord Shs H,21060782
2025-08-01,홍콩,CNE100006JG0,LAOPU GOLD,20814532
2025-08-01,홍콩,HK0000921228,Global X HANG SENG TECH ETF,20778704
2025-08-01,홍콩,HK0000516697,GLOBAL X CHINA BIOTECH ETF (HKD),19858753
2025-08-01,홍콩,HK0000859063,SAMSUNG BLOCKCHAIN TECHNOLOGIES ETF,19336941
2025-08-01,홍콩,KYG4602S1057,HORIZONROBOT-W,18226793
2025-08-01,홍콩,HK0000562634,GLOBAL X CHINA CONSUMER BRAND ETF (HKD),17964809
2025-08-01,홍콩,HK1126010854,DREAM INTERNATIONAL LTD,17375490
2025-08-01,홍콩,KYG070341048,BAIDU INC CL A,16798193
2025-08-01,홍콩,CNE1000003X6,PING AN INSURANCE GROUP CO OF CHINA LTD-H,16748612
2025-08-01,홍콩,KYG982AW1003,XPENG INC,16415618
2025-08-01,홍콩,HK0000516713,GLOBAL X CHINA CLOUD COMPUTING ETF (HKD),15980129
2025-08-01,홍콩,KYG970081173,WUXI BIOLOGICS CAYMAN INC,15803705
2025-08-01,홍콩,HK0000637832,GLOBAL X CHINA SEMICONDUCTOR ETF (HKD),14994917
2025-08-01,홍콩,KYG3774X1088,GCL TECHNOLOGY HOLDINGS LTD,14537126
2025-08-01,홍콩,HK0000562675,GLOBAL X CHINA CLEAN ENERGY ETF (HKD),13122555
2025-08-01,홍콩,CNE1000048K8,HAIER SMART HOME CO LTD-H MRGR 006942845 BMG423131256,12969766
2025-08-01,홍콩,HK0000642568,CSOP HANG SENG TECH INDEX ETF (HKD),12956791
2025-08-01,홍콩,KYG8208B1014,JD.COM INC CL A,12592863
2025-08-01,홍콩,KYG532631028,KUAISHOU TECHNOLOGY,12399054
2025-08-01,홍콩,CNE1000002L3,CHINA LIFE INSURANCE CO LTD-H,12080588
2025-08-01,홍콩,CNE1000002H1,CHINA CONSTRUCTION BANK CORP-H,11581733
2025-08-01,홍콩,HKX566362888,PING AN SECURITIE HKD0.01 HKD0.01 CHAN 009837742 BMG7115B1211,10732678
2025-08-01,홍콩,HKX601342549,CHINA BRIGHT CULTURE GROUP USD0.00001 (Delisted/BL398Y0) CHAN 970928502 KYG2153C1078,8631000
2025-08-01,홍콩,CNE1000003G1,INDUSTRIAL AND COMMERCIAL BANK OF CHINA LTD-H,8610111
2025-08-01,홍콩,IT0003874101,PRADA SPA,8426608
2025-08-01,홍콩,HK0883013259,CNOOC LTD,7710346
2025-08-01,홍콩,HK0000637857,GLOBAL X CHINA ROBOTICS AND AI ETF (HKD),7597563
2025-08-01,홍콩,KYG4818G1010,INNOVENT BIOLOGICS INC,6920321
2025-08-01,홍콩,HK0000860996,A SS ASIA META,6743781
2025-08-04,홍콩,KYG9830T1067,XIAOMI CORP,236428698
2025-08-04,홍콩,KYG875721634,TENCENT HOLDINGS LTD,228434655
2025-08-04,홍콩,CNE100000296,BYD CO LTD-H,227079101
2025-08-04,홍콩,KYG017191142,ALIBABA GROUP HOLDING LTD,193680656
2025-08-04,홍콩,CNE100006WS8,CATL ORD H,99734032
2025-08-04,홍콩,KYG8020E1199,SEMICONDUCTOR MANUFACTURING INTL CORP,95517356
2025-08-04,홍콩,KYG7170M1033,POP MART INTL GROUP LTD,74307770
2025-08-04,홍콩,CNE100005F09,TIANQI LITHIUM CORP,65944785
2025-08-04,홍콩,CNE1000031W9,GANFENGLITHIUM ORD H,58652151
2025-08-04,홍콩,CNE100000593,PICC PROPERTY AND CASUALTY CO LTD-H,51920127
2025-08-04,홍콩,HK0000562659,GLOBAL X CHINA ELECTRIC VEHICLE AND BATTERY ETF (HKD),46914484
2025-08-04,홍콩,CNE100004YZ4,CTG DUTY-FREE,37566277
2025-08-04,홍콩,KYG596691041,MEITUAN,36017492
2025-08-04,홍콩,HK0000748381,YESASIA HOLDINGS LTD,32747030
2025-08-04,홍콩,HK0001025037,GLOBAL X US Treasury 3-5 Year ETF,31047517
2025-08-04,홍콩,KYG392AS1011,GLOBAL NEW MATERIAL INTL HOLDINGS LTD,30937451
2025-08-04,홍콩,HK0000921236,A GX USD MM,26019610
2025-08-04,홍콩,HK0941009539,CHINA MOBILE LTD,25818783
2025-08-04,홍콩,KYG3777B1032,GEELY AUTOMOBILE HOLDINGS LTD,25222508
2025-08-04,홍콩,CNE100006Z79,SANHUA INTELLIGENT,24641524
2025-08-04,홍콩,CNE100006CQ4,Ubtech Robotics Ord Shs H,22688484
2025-08-04,홍콩,CNE100006JG0,LAOPU GOLD,22297953
2025-08-04,홍콩,HK0000921228,Global X HANG SENG TECH ETF,21059195
2025-08-04,홍콩,KYG4602S1057,HORIZONROBOT-W,20741409
2025-08-04,홍콩,HK0000516697,GLOBAL X CHINA BIOTECH ETF (HKD),19893342
2025-08-04,홍콩,HK0000859063,SAMSUNG BLOCKCHAIN TECHNOLOGIES ETF,18988040
2025-08-04,홍콩,HK0000562634,GLOBAL X CHINA CONSUMER BRAND ETF (HKD),18145868
2025-08-04,홍콩,HK1126010854,DREAM INTERNATIONAL LTD,17512080
2025-08-04,홍콩,KYG070341048,BAIDU INC CL A,16973846
2025-08-04,홍콩,CNE1000003X6,PING AN INSURANCE GROUP CO OF CHINA LTD-H,16958367
2025-08-04,홍콩,HK0000516713,GLOBAL X CHINA CLOUD COMPUTING ETF (HKD),16276639
2025-08-04,홍콩,KYG982AW1003,XPENG INC,16242617
2025-08-04,홍콩,KYG970081173,WUXI BIOLOGICS CAYMAN INC,15781584
2025-08-04,홍콩,HK0000637832,GLOBAL X CHINA SEMICONDUCTOR ETF (HKD),15200817
2025-08-04,홍콩,KYG3774X1088,GCL TECHNOLOGY HOLDINGS LTD,14776476
2025-08-04,홍콩,HK0000562675,GLOBAL X CHINA CLEAN ENERGY ETF (HKD),13163998
2025-08-04,홍콩,HK0000642568,CSOP HANG SENG TECH INDEX ETF (HKD),13126680
2025-08-04,홍콩,KYG532631028,KUAISHOU TECHNOLOGY,12973262
2025-08-04,홍콩,CNE1000048K8,HAIER SMART HOME CO LTD-H MRGR 006942845 BMG423131256,12960820
2025-08-04,홍콩,KYG8208B1014,JD.COM INC CL A,12662618
2025-08-04,홍콩,CNE1000002H1,CHINA CONSTRUCTION BANK CORP-H,11484269
2025-08-04,홍콩,HKX566362888,PING AN SECURITIE HKD0.01 HKD0.01 CHAN 009837742 BMG7115B1211,10732448
2025-08-04,홍콩,CNE1000002L3,CHINA LIFE INSURANCE CO LTD-H,9466208
2025-08-04,홍콩,CNE1000003G1,INDUSTRIAL AND COMMERCIAL BANK OF CHINA LTD-H,8725109
2025-08-04,홍콩,HKX601342549,CHINA BRIGHT CULTURE GROUP USD0.00001 (Delisted/BL398Y0) CHAN 970928502 KYG2153C1078,8631000
2025-08-04,홍콩,HK0000637857,GLOBAL X CHINA ROBOTICS AND AI ETF (HKD),7737981
2025-08-04,홍콩,IT0003874101,PRADA SPA,7546141
2025-08-04,홍콩,HK0883013259,CNOOC LTD,6952260
2025-08-04,홍콩,KYG4818G1010,INNOVENT BIOLOGICS INC,6918649
2025-08-04,홍콩,KYG9066F1019,TRIP.COM GROUP LTD,6830961
2025-08-05,홍콩,KYG9830T1067,XIAOMI CORP,242345250
2025-08-05,홍콩,KYG875721634,TENCENT HOLDINGS LTD,225064957
2025-08-05,홍콩,CNE100000296,BYD CO LTD-H,212054465
2025-08-05,홍콩,KYG017191142,ALIBABA GROUP HOLDING LTD,189015547
2025-08-05,홍콩,CNE100006WS8,CATL ORD H,97847881
2025-08-05,홍콩,KYG8020E1199,SEMICONDUCTOR MANUFACTURING INTL CORP,94524038
2025-08-05,홍콩,KYG7170M1033,POP MART INTL GROUP LTD,67481559
2025-08-05,홍콩,CNE100005F09,TIANQI LITHIUM CORP,66203191
2025-08-05,홍콩,CNE1000031W9,GANFENGLITHIUM ORD H,58737147
2025-08-05,홍콩,CNE100000593,PICC PROPERTY AND CASUALTY CO LTD-H,52425243
2025-08-05,홍콩,HK0000562659,GLOBAL X CHINA ELECTRIC VEHICLE AND BATTERY ETF (HKD),46919079
2025-08-05,홍콩,CNE100004YZ4,CTG DUTY-FREE,38029060
2025-08-05,홍콩,KYG596691041,MEITUAN,35886752
2025-08-05,홍콩,HK0000748381,YESASIA HOLDINGS LTD,34383133
2025-08-05,홍콩,HK0001025037,GLOBAL X US Treasury 3-5 Year ETF,31080392
2025-08-05,홍콩,KYG392AS1011,GLOBAL NEW MATERIAL INTL HOLDINGS LTD,30366561
2025-08-05,홍콩,HK0000921236,A GX USD MM,26022771
2025-08-05,홍콩,HK0941009539,CHINA MOBILE LTD,25855085
2025-08-05,홍콩,KYG3777B1032,GEELY AUTOMOBILE HOLDINGS LTD,25329995
2025-08-05,홍콩,CNE100006Z79,SANHUA INTELLIGENT,24405376
2025-08-05,홍콩,CNE100006JG0,LAOPU GOLD,23690320
2025-08-05,홍콩,CNE100006CQ4,Ubtech Robotics Ord Shs H,22522148
2025-08-05,홍콩,KYG4602S1057,HORIZONROBOT-W,21736367
2025-08-05,홍콩,HK0000921228,Global X HANG SENG TECH ETF,20705271
2025-08-05,홍콩,HK0000516697,GLOBAL X CHINA BIOTECH ETF (HKD),20410271
2025-08-05,홍콩,HK0000859063,SAMSUNG BLOCKCHAIN TECHNOLOGIES ETF,19211914
2025-08-05,홍콩,HK0000562634,GLOBAL X CHINA CONSUMER BRAND ETF (HKD),18343438
2025-08-05,홍콩,HK1126010854,DREAM INTERNATIONAL LTD,17170806
2025-08-05,홍콩,CNE1000003X6,PING AN INSURANCE GROUP CO OF CHINA LTD-H,17068020
2025-08-05,홍콩,KYG070341048,BAIDU INC CL A,16926073
2025-08-05,홍콩,HK0000516713,GLOBAL X CHINA CLOUD COMPUTING ETF (HKD),16231803
2025-08-05,홍콩,KYG970081173,WUXI BIOLOGICS CAYMAN INC,16142037
2025-08-05,홍콩,HK0000637832,GLOBAL X CHINA SEMICONDUCTOR ETF (HKD),15265256
2025-08-05,홍콩,KYG3774X1088,GCL TECHNOLOGY HOLDINGS LTD,14774894
2025-08-05,홍콩,HK0000642568,CSOP HANG SENG TECH INDEX ETF (HKD),13225760
2025-08-05,홍콩,HK0000562675,GLOBAL X CHINA CLEAN ENERGY ETF (HKD),13203661
2025-08-05,홍콩,KYG982AW1003,XPENG INC,12514796
2025-08-05,홍콩,CNE1000002H1,CHINA CONSTRUCTION BANK CORP-H,11593247
2025-08-05,홍콩,HKX566362888,PING AN SECURITIE HKD0.01 HKD0.01 CHAN 009837742 BMG7115B1211,10732719
2025-08-05,홍콩,BMG4404N1149,CHINA RUYI HOLDINGS LTD PARI 007868791 BMG4404N1222,10485432
2025-08-05,홍콩,CNE1000048K8,HAIER SMART HOME CO LTD-H MRGR 006942845 BMG423131256,9952846
2025-08-05,홍콩,CNE1000002L3,CHINA LIFE INSURANCE CO LTD-H,9730112
2025-08-05,홍콩,KYG532631028,KUAISHOU TECHNOLOGY,9645977
2025-08-05,홍콩,KYG8208B1014,JD.COM INC CL A,9456050
2025-08-05,홍콩,CNE1000003G1,INDUSTRIAL AND COMMERCIAL BANK OF CHINA LTD-H,8852047
2025-08-05,홍콩,HKX601342549,CHINA BRIGHT CULTURE GROUP USD0.00001 (Delisted/BL398Y0) CHAN 970928502 KYG2153C1078,8631000
2025-08-05,홍콩,HK0000637857,GLOBAL X CHINA ROBOTICS AND AI ETF (HKD),7845546
2025-08-05,홍콩,IT0003874101,PRADA SPA,7503856
2025-08-05,홍콩,KYG4818G1010,INNOVENT BIOLOGICS INC,7316767
2025-08-05,홍콩,KYG9066F1019,TRIP.COM GROUP LTD,6896148
2025-08-06,홍콩,KYG9830T1067,XIAOMI CORP,241557079
2025-08-06,홍콩,KYG875721634,TENCENT HOLDINGS LTD,230247403
2025-08-06,홍콩,CNE100000296,BYD CO LTD-H,210193746
2025-08-06,홍콩,KYG017191142,ALIBABA GROUP HOLDING LTD,192252433
2025-08-06,홍콩,KYG8020E1199,SEMICONDUCTOR MANUFACTURING INTL CORP,97600444
2025-08-06,홍콩,CNE100006WS8,CATL ORD H,96078825
2025-08-06,홍콩,KYG7170M1033,POP MART INTL GROUP LTD,71413713
2025-08-06,홍콩,CNE100005F09,TIANQI LITHIUM CORP,67781537
2025-08-06,홍콩,CNE1000031W9,GANFENGLITHIUM ORD H,59005991
2025-08-06,홍콩,CNE100000593,PICC PROPERTY AND CASUALTY CO LTD-H,51874167
2025-08-06,홍콩,HK0000562659,GLOBAL X CHINA ELECTRIC VEHICLE AND BATTERY ETF (HKD),46686931
2025-08-06,홍콩,CNE100004YZ4,CTG DUTY-FREE,38295006
2025-08-06,홍콩,HK0000748381,YESASIA HOLDINGS LTD,35592280
2025-08-06,홍콩,KYG596691041,MEITUAN,35345524
2025-08-06,홍콩,HK0001025037,GLOBAL X US Treasury 3-5 Year ETF,31080513
2025-08-06,홍콩,KYG392AS1011,GLOBAL NEW MATERIAL INTL HOLDINGS LTD,30064787
2025-08-06,홍콩,HK0000921236,A GX USD MM,25994281
2025-08-06,홍콩,HK0941009539,CHINA MOBILE LTD,25823735
2025-08-06,홍콩,KYG3777B1032,GEELY AUTOMOBILE HOLDINGS LTD,25568947
2025-08-06,홍콩,CNE100006Z79,SANHUA INTELLIGENT,25388975
2025-08-06,홍콩,CNE100006JG0,LAOPU GOLD,25115067
2025-08-06,홍콩,KYG4602S1057,HORIZONROBOT-W,22544563
2025-08-06,홍콩,CNE100006CQ4,Ubtech Robotics Ord Shs H,22398147
2025-08-06,홍콩,HK0000921228,Global X HANG SENG TECH ETF,20766388
2025-08-06,홍콩,HK0000516697,GLOBAL X CHINA BIOTECH ETF (HKD),20437949
2025-08-06,홍콩,HK0000859063,SAMSUNG BLOCKCHAIN TECHNOLOGIES ETF,19194117
2025-08-06,홍콩,HK0000562634,GLOBAL X CHINA CONSUMER BRAND ETF (HKD),18246575
2025-08-06,홍콩,HK1126010854,DREAM INTERNATIONAL LTD,17621875
2025-08-06,홍콩,CNE1000003X6,PING AN INSURANCE GROUP CO OF CHINA LTD-H,17004930
2025-08-06,홍콩,KYG070341048,BAIDU INC CL A,16941048
2025-08-06,홍콩,HK0000516713,GLOBAL X CHINA CLOUD COMPUTING ETF (HKD),16323199
2025-08-06,홍콩,KYG970081173,WUXI BIOLOGICS CAYMAN INC,16046686
2025-08-06,홍콩,HK0000637832,GLOBAL X CHINA SEMICONDUCTOR ETF (HKD),15378983
2025-08-06,홍콩,KYG3774X1088,GCL TECHNOLOGY HOLDINGS LTD,14655554
2025-08-06,홍콩,HK0000642568,CSOP HANG SENG TECH INDEX ETF (HKD),13253672
2025-08-06,홍콩,HK0000562675,GLOBAL X CHINA CLEAN ENERGY ETF (HKD),13246473
2025-08-06,홍콩,KYG982AW1003,XPENG INC,12978670
2025-08-06,홍콩,CNE1000002H1,CHINA CONSTRUCTION BANK CORP-H,11490471
2025-08-06,홍콩,HKX566362888,PING AN SECURITIE HKD0.01 HKD0.01 CHAN 009837742 BMG7115B1211,10732761
2025-08-06,홍콩,KYG532631028,KUAISHOU TECHNOLOGY,10467481
2025-08-06,홍콩,BMG4404N1149,CHINA RUYI HOLDINGS LTD PARI 007868791 BMG4404N1222,10210444
2025-08-06,홍콩,CNE1000048K8,HAIER SMART HOME CO LTD-H MRGR 006942845 BMG423131256,10102723
2025-08-06,홍콩,CNE1000003G1,INDUSTRIAL AND COMMERCIAL BANK OF CHINA LTD-H,9852072
2025-08-06,홍콩,CNE1000002L3,CHINA LIFE INSURANCE CO LTD-H,9645096
2025-08-06,홍콩,KYG8208B1014,JD.COM INC CL A,9434348
2025-08-06,홍콩,HKX601342549,CHINA BRIGHT CULTURE GROUP USD0.00001 (Delisted/BL398Y0) CHAN 970928502 KYG2153C1078,8631000
2025-08-06,홍콩,HK0000123577,CHINAAMC CSI 300 INDEX ETF HKD,8052717
2025-08-06,홍콩,HK0000637857,GLOBAL X CHINA ROBOTICS AND AI ETF (HKD),7930736
2025-08-06,홍콩,IT0003874101,PRADA SPA,7819736
2025-08-06,홍콩,KYG4818G1010,INNOVENT BIOLOGICS INC,7283667
2025-08-07,홍콩,KYG9830T1067,XIAOMI CORP,238255251
2025-08-07,홍콩,KYG875721634,TENCENT HOLDINGS LTD,229164520
2025-08-07,홍콩,CNE100000296,BYD CO LTD-H,203322985
2025-08-07,홍콩,KYG017191142,ALIBABA GROUP HOLDING LTD,196343820
2025-08-07,홍콩,KYG8020E1199,SEMICONDUCTOR MANUFACTURING INTL CORP,99416440
2025-08-07,홍콩,CNE100006WS8,CATL ORD H,83605129
2025-08-07,홍콩,CNE100005F09,TIANQI LITHIUM CORP,72916844
2025-08-07,홍콩,KYG7170M1033,POP MART INTL GROUP LTD,71119010
2025-08-07,홍콩,CNE1000031W9,GANFENGLITHIUM ORD H,61434466
2025-08-07,홍콩,CNE100000593,PICC PROPERTY AND CASUALTY CO LTD-H,52940237
2025-08-07,홍콩,HK0000562659,GLOBAL X CHINA ELECTRIC VEHICLE AND BATTERY ETF (HKD),46666995
2025-08-07,홍콩,CNE100004YZ4,CTG DUTY-FREE,38361802
2025-08-07,홍콩,KYG596691041,MEITUAN,35634499
2025-08-07,홍콩,HK0000748381,YESASIA HOLDINGS LTD,35018177
2025-08-07,홍콩,HK0001025037,GLOBAL X US Treasury 3-5 Year ETF,31125256
2025-08-07,홍콩,KYG392AS1011,GLOBAL NEW MATERIAL INTL HOLDINGS LTD,30185849
2025-08-07,홍콩,CNE100006JG0,LAOPU GOLD,28553087
2025-08-07,홍콩,HK0000921236,A GX USD MM,25994764
2025-08-07,홍콩,CNE100006Z79,SANHUA INTELLIGENT,25662648
2025-08-07,홍콩,KYG3777B1032,GEELY AUTOMOBILE HOLDINGS LTD,25580667
2025-08-07,홍콩,CNE100006CQ4,Ubtech Robotics Ord Shs H,22718924
2025-08-07,홍콩,KYG4602S1057,HORIZONROBOT-W,21906807
2025-08-07,홍콩,HK0000921228,Global X HANG SENG TECH ETF,20865539
2025-08-07,홍콩,HK0000516697,GLOBAL X CHINA BIOTECH ETF (HKD),19816841
2025-08-07,홍콩,HK0000859063,SAMSUNG BLOCKCHAIN TECHNOLOGIES ETF,19248089
2025-08-07,홍콩,HK0000562634,GLOBAL X CHINA CONSUMER BRAND ETF (HKD),18334170
2025-08-07,홍콩,KYG070341048,BAIDU INC CL A,17222177
2025-08-07,홍콩,CNE1000003X6,PING AN INSURANCE GROUP CO OF CHINA LTD-H,17221220
2025-08-07,홍콩,HK1126010854,DREAM INTERNATIONAL LTD,17168665
2025-08-07,홍콩,HK0941009539,CHINA MOBILE LTD,16808899
2025-08-07,홍콩,HK0000516713,GLOBAL X CHINA CLOUD COMPUTING ETF (HKD),16454263
2025-08-07,홍콩,KYG970081173,WUXI BIOLOGICS CAYMAN INC,16378517
2025-08-07,홍콩,HK0000637832,GLOBAL X CHINA SEMICONDUCTOR ETF (HKD),15527543
2025-08-07,홍콩,KYG3774X1088,GCL TECHNOLOGY HOLDINGS LTD,14503732
2025-08-07,홍콩,HK0000562675,GLOBAL X CHINA CLEAN ENERGY ETF (HKD),13183171
2025-08-07,홍콩,KYG982AW1003,XPENG INC,12970142
2025-08-07,홍콩,HK0000642568,CSOP HANG SENG TECH INDEX ETF (HKD),12593833
2025-08-07,홍콩,KYG532631028,KUAISHOU TECHNOLOGY,11676283
2025-08-07,홍콩,HK0000123577,CHINAAMC CSI 300 INDEX ETF HKD,11642946
2025-08-07,홍콩,CNE1000002H1,CHINA CONSTRUCTION BANK CORP-H,11640702
2025-08-07,홍콩,HKX566362888,PING AN SECURITIE HKD0.01 HKD0.01 CHAN 009837742 BMG7115B1211,10732960
2025-08-07,홍콩,CNE1000048K8,HAIER SMART HOME CO LTD-H MRGR 006942845 BMG423131256,10098600
2025-08-07,홍콩,CNE1000003G1,INDUSTRIAL AND COMMERCIAL BANK OF CHINA LTD-H,9989480
2025-08-07,홍콩,CNE1000002L3,CHINA LIFE INSURANCE CO LTD-H,9719139
2025-08-07,홍콩,KYG8208B1014,JD.COM INC CL A,9606770
2025-08-07,홍콩,HKX601342549,CHINA BRIGHT CULTURE GROUP USD0.00001 (Delisted/BL398Y0) CHAN 970928502 KYG2153C1078,8631000
2025-08-07,홍콩,IT0003874101,PRADA SPA,8049284
2025-08-07,홍콩,HK0000637857,GLOBAL X CHINA ROBOTICS AND AI ETF (HKD),7917426
2025-08-07,홍콩,KYG4818G1010,INNOVENT BIOLOGICS INC,7511737
2025-08-07,홍콩,HK0000860996,A SS ASIA META,6989073
2025-08-08,홍콩,KYG9830T1067,XIAOMI CORP,238559645
2025-08-08,홍콩,KYG875721634,TENCENT HOLDINGS LTD,226669734
2025-08-08,홍콩,KYG017191142,ALIBABA GROUP HOLDING LTD,192448877
2025-08-08,홍콩,CNE100000296,BYD CO LTD-H,186385647
2025-08-08,홍콩,KYG8020E1199,SEMICONDUCTOR MANUFACTURING INTL CORP,91152379
2025-08-08,홍콩,CNE100006WS8,CATL ORD H,84678990
2025-08-08,홍콩,CNE100005F09,TIANQI LITHIUM CORP,75225546
2025-08-08,홍콩,KYG7170M1033,POP MART INTL GROUP LTD,68384326
2025-08-08,홍콩,CNE1000031W9,GANFENGLITHIUM ORD H,62945871
2025-08-08,홍콩,CNE100000593,PICC PROPERTY AND CASUALTY CO LTD-H,52901391
2025-08-08,홍콩,HK0000562659,GLOBAL X CHINA ELECTRIC VEHICLE AND BATTERY ETF (HKD),46321837
2025-08-08,홍콩,CNE100004YZ4,CTG DUTY-FREE,38833668
2025-08-08,홍콩,KYG596691041,MEITUAN,35388777
2025-08-08,홍콩,HK0000748381,YESASIA HOLDINGS LTD,34568865
2025-08-08,홍콩,HK0001025037,GLOBAL X US Treasury 3-5 Year ETF,31082398
2025-08-08,홍콩,KYG392AS1011,GLOBAL NEW MATERIAL INTL HOLDINGS LTD,30239523
2025-08-08,홍콩,CNE100006JG0,LAOPU GOLD,28850240
2025-08-08,홍콩,HK0000921236,A GX USD MM,25998823
2025-08-08,홍콩,KYG3777B1032,GEELY AUTOMOBILE HOLDINGS LTD,25526029
2025-08-08,홍콩,CNE100006Z79,SANHUA INTELLIGENT,25044115
2025-08-08,홍콩,CNE100006CQ4,Ubtech Robotics Ord Shs H,21861873
2025-08-08,홍콩,KYG4602S1057,HORIZONROBOT-W,21777012
2025-08-08,홍콩,HK0000921228,Global X HANG SENG TECH ETF,20570685
2025-08-08,홍콩,HK0000516697,GLOBAL X CHINA BIOTECH ETF (HKD),19457531
2025-08-08,홍콩,HK0000859063,SAMSUNG BLOCKCHAIN TECHNOLOGIES ETF,19372667
2025-08-08,홍콩,HK0000562634,GLOBAL X CHINA CONSUMER BRAND ETF (HKD),18245953
2025-08-08,홍콩,HK1126010854,DREAM INTERNATIONAL LTD,17721826
2025-08-08,홍콩,CNE1000003X6,PING AN INSURANCE GROUP CO OF CHINA LTD-H,17134979
2025-08-08,홍콩,KYG070341048,BAIDU INC CL A,17033328
2025-08-08,홍콩,HK0941009539,CHINA MOBILE LTD,16999760
2025-08-08,홍콩,HK0000516713,GLOBAL X CHINA CLOUD COMPUTING ETF (HKD),16105368
2025-08-08,홍콩,KYG970081173,WUXI BIOLOGICS CAYMAN INC,15836590
2025-08-08,홍콩,HK0000637832,GLOBAL X CHINA SEMICONDUCTOR ETF (HKD),15298144
2025-08-08,홍콩,KYG3774X1088,GCL TECHNOLOGY HOLDINGS LTD,14666570
2025-08-08,홍콩,HK0000562675,GLOBAL X CHINA CLEAN ENERGY ETF (HKD),13315381
2025-08-08,홍콩,KYG982AW1003,XPENG INC,13182239
2025-08-08,홍콩,HK0000642568,CSOP HANG SENG TECH INDEX ETF (HKD),12406048
2025-08-08,홍콩,CNE1000002H1,CHINA CONSTRUCTION BANK CORP-H,11513017
2025-08-08,홍콩,KYG532631028,KUAISHOU TECHNOLOGY,11483664
2025-08-08,홍콩,HKX566362888,PING AN SECURITIE HKD0.01 HKD0.01 CHAN 009837742 BMG7115B1211,10732669
2025-08-08,홍콩,CNE1000048K8,HAIER SMART HOME CO LTD-H MRGR 006942845 BMG423131256,10090208
2025-08-08,홍콩,CNE1000003G1,INDUSTRIAL AND COMMERCIAL BANK OF CHINA LTD-H,9924762
2025-08-08,홍콩,CNE1000002L3,CHINA LIFE INSURANCE CO LTD-H,9557178
2025-08-08,홍콩,KYG8208B1014,JD.COM INC CL A,9502115
2025-08-08,홍콩,HKX601342549,CHINA BRIGHT CULTURE GROUP USD0.00001 (Delisted/BL398Y0) CHAN 970928502 KYG2153C1078,8631000
2025-08-08,홍콩,IT0003874101,PRADA SPA,7911386
2025-08-08,홍콩,HK0000637857,GLOBAL X CHINA ROBOTICS AND AI ETF (HKD),7778384
2025-08-08,홍콩,KYG4818G1010,INNOVENT BIOLOGICS INC,7185337
2025-08-08,홍콩,HK0000860996,A SS ASIA META,6988883
2025-08-08,홍콩,KYG9066F1019,TRIP.COM GROUP LTD,6742135
2025-08-11,홍콩,KYG9830T1067,XIAOMI CORP,235119043
2025-08-11,홍콩,KYG875721634,TENCENT HOLDINGS LTD,226282329
2025-08-11,홍콩,KYG017191142,ALIBABA GROUP HOLDING LTD,196441366
2025-08-11,홍콩,CNE100000296,BYD CO LTD-H,186876346
2025-08-11,홍콩,KYG8020E1199,SEMICONDUCTOR MANUFACTURING INTL CORP,91848974
2025-08-11,홍콩,CNE100005F09,TIANQI LITHIUM CORP,88907835
2025-08-11,홍콩,CNE100006WS8,CATL ORD H,86359212
2025-08-11,홍콩,CNE1000031W9,GANFENGLITHIUM ORD H,75601613
2025-08-11,홍콩,KYG7170M1033,POP MART INTL GROUP LTD,66380200
2025-08-11,홍콩,CNE100000593,PICC PROPERTY AND CASUALTY CO LTD-H,52351078
2025-08-11,홍콩,HK0000562659,GLOBAL X CHINA ELECTRIC VEHICLE AND BATTERY ETF (HKD),47235056
2025-08-11,홍콩,CNE100004YZ4,CTG DUTY-FREE,40123097
2025-08-11,홍콩,KYG596691041,MEITUAN,34472048
2025-08-11,홍콩,HK0000748381,YESASIA HOLDINGS LTD,33050729
2025-08-11,홍콩,HK0001025037,GLOBAL X US Treasury 3-5 Year ETF,31049394
2025-08-11,홍콩,KYG392AS1011,GLOBAL NEW MATERIAL INTL HOLDINGS LTD,30119164
2025-08-11,홍콩,CNE100006JG0,LAOPU GOLD,27462461
2025-08-11,홍콩,KYG3777B1032,GEELY AUTOMOBILE HOLDINGS LTD,26103837
2025-08-11,홍콩,HK0000921236,A GX USD MM,25975099
2025-08-11,홍콩,CNE100006Z79,SANHUA INTELLIGENT,25044212
2025-08-11,홍콩,CNE100006CQ4,Ubtech Robotics Ord Shs H,22522429
2025-08-11,홍콩,KYG4602S1057,HORIZONROBOT-W,21897147
2025-08-11,홍콩,HK0000921228,Global X HANG SENG TECH ETF,20560771
2025-08-11,홍콩,HK0000859063,SAMSUNG BLOCKCHAIN TECHNOLOGIES ETF,19926760
2025-08-11,홍콩,HK0000516697,GLOBAL X CHINA BIOTECH ETF (HKD),19131693
2025-08-11,홍콩,HK0000562634,GLOBAL X CHINA CONSUMER BRAND ETF (HKD),18175030
2025-08-11,홍콩,HK1126010854,DREAM INTERNATIONAL LTD,17734691
2025-08-11,홍콩,CNE1000003X6,PING AN INSURANCE GROUP CO OF CHINA LTD-H,17261155
2025-08-11,홍콩,HK0941009539,CHINA MOBILE LTD,17117202
2025-08-11,홍콩,KYG070341048,BAIDU INC CL A,16803079
2025-08-11,홍콩,HK0000516713,GLOBAL X CHINA CLOUD COMPUTING ETF (HKD),16271468
2025-08-11,홍콩,KYG970081173,WUXI BIOLOGICS CAYMAN INC,16170923
2025-08-11,홍콩,KYG3774X1088,GCL TECHNOLOGY HOLDINGS LTD,15444517
2025-08-11,홍콩,HK0000637832,GLOBAL X CHINA SEMICONDUCTOR ETF (HKD),15334538
2025-08-11,홍콩,KYG982AW1003,XPENG INC,13786093
2025-08-11,홍콩,HK0000562675,GLOBAL X CHINA CLEAN ENERGY ETF (HKD),13431666
2025-08-11,홍콩,HK0000642568,CSOP HANG SENG TECH INDEX ETF (HKD),12375968
2025-08-11,홍콩,KYG532631028,KUAISHOU TECHNOLOGY,12167124
2025-08-11,홍콩,CNE1000002H1,CHINA CONSTRUCTION BANK CORP-H,11498695
2025-08-11,홍콩,HKX566362888,PING AN SECURITIE HKD0.01 HKD0.01 CHAN 009837742 BMG7115B1211,10732711
2025-08-11,홍콩,CNE1000048K8,HAIER SMART HOME CO LTD-H MRGR 006942845 BMG423131256,10132743
2025-08-11,홍콩,CNE1000003G1,INDUSTRIAL AND COMMERCIAL BANK OF CHINA LTD-H,9659584
2025-08-11,홍콩,CNE1000002L3,CHINA LIFE INSURANCE CO LTD-H,9341657
2025-08-11,홍콩,KYG8208B1014,JD.COM INC CL A,9311457
2025-08-11,홍콩,HKX601342549,CHINA BRIGHT CULTURE GROUP USD0.00001 (Delisted/BL398Y0) CHAN 970928502 KYG2153C1078,8631000
2025-08-11,홍콩,IT0003874101,PRADA SPA,7946758
2025-08-11,홍콩,HK0000637857,GLOBAL X CHINA ROBOTICS AND AI ETF (HKD),7910223
2025-08-11,홍콩,HK0000860996,A SS ASIA META,7048532
2025-08-11,홍콩,KYG4818G1010,INNOVENT BIOLOGICS INC,6983303
2025-08-11,홍콩,CNE100001T80,CGN POWER CO LTD-H,6895362
2025-08-12,홍콩,KYG9830T1067,XIAOMI CORP,238933879
2025-08-12,홍콩,KYG875721634,TENCENT HOLDINGS LTD,225652073
2025-08-12,홍콩,CNE100000296,BYD CO LTD-H,186218943
2025-08-12,홍콩,KYG017191142,ALIBABA GROUP HOLDING LTD,182154592
2025-08-12,홍콩,KYG8020E1199,SEMICONDUCTOR MANUFACTURING INTL CORP,91808363
2025-08-12,홍콩,CNE100006WS8,CATL ORD H,86074397
2025-08-12,홍콩,CNE100005F09,TIANQI LITHIUM CORP,83924530
2025-08-12,홍콩,CNE1000031W9,GANFENGLITHIUM ORD H,74808937
2025-08-12,홍콩,KYG7170M1033,POP MART INTL GROUP LTD,65248639
2025-08-12,홍콩,CNE100000593,PICC PROPERTY AND CASUALTY CO LTD-H,54278784
2025-08-12,홍콩,HK0000562659,GLOBAL X CHINA ELECTRIC VEHICLE AND BATTERY ETF (HKD),47073434
2025-08-12,홍콩,CNE100004YZ4,CTG DUTY-FREE,39702541
2025-08-12,홍콩,KYG596691041,MEITUAN,34504354
2025-08-12,홍콩,HK0000748381,YESASIA HOLDINGS LTD,32345549
2025-08-12,홍콩,HK0001025037,GLOBAL X US Treasury 3-5 Year ETF,31093032
2025-08-12,홍콩,KYG392AS1011,GLOBAL NEW MATERIAL INTL HOLDINGS LTD,29817465
2025-08-12,홍콩,CNE100006JG0,LAOPU GOLD,27354511
2025-08-12,홍콩,KYG3777B1032,GEELY AUTOMOBILE HOLDINGS LTD,26645995
2025-08-12,홍콩,HK0000921236,A GX USD MM,25975848
2025-08-12,홍콩,CNE100006Z79,SANHUA INTELLIGENT,24825222
2025-08-12,홍콩,CNE100006CQ4,Ubtech Robotics Ord Shs H,22701346
2025-08-12,홍콩,KYG4602S1057,HORIZONROBOT-W,21539114
2025-08-12,홍콩,HK0000921228,Global X HANG SENG TECH ETF,20216134
2025-08-12,홍콩,HK0000859063,SAMSUNG BLOCKCHAIN TECHNOLOGIES ETF,19560061
2025-08-12,홍콩,HK0000516697,GLOBAL X CHINA BIOTECH ETF (HKD),18915863
2025-08-12,홍콩,CNE1000003X6,PING AN INSURANCE GROUP CO OF CHINA LTD-H,18346228
2025-08-12,홍콩,HK0000562634,GLOBAL X CHINA CONSUMER BRAND ETF (HKD),18315444
2025-08-12,홍콩,HK1126010854,DREAM INTERNATIONAL LTD,17622739
2025-08-12,홍콩,HK0941009539,CHINA MOBILE LTD,17245286
2025-08-12,홍콩,KYG070341048,BAIDU INC CL A,16618020
2025-08-12,홍콩,HK0000516713,GLOBAL X CHINA CLOUD COMPUTING ETF (HKD),16201404
2025-08-12,홍콩,KYG970081173,WUXI BIOLOGICS CAYMAN INC,16008277
2025-08-12,홍콩,HK0000637832,GLOBAL X CHINA SEMICONDUCTOR ETF (HKD),15644297
2025-08-12,홍콩,KYG3774X1088,GCL TECHNOLOGY HOLDINGS LTD,15192202
2025-08-12,홍콩,HK0000562675,GLOBAL X CHINA CLEAN ENERGY ETF (HKD),13462014
2025-08-12,홍콩,KYG982AW1003,XPENG INC,13294287
2025-08-12,홍콩,HK0000642568,CSOP HANG SENG TECH INDEX ETF (HKD),12352238
2025-08-12,홍콩,CNE1000002H1,CHINA CONSTRUCTION BANK CORP-H,11525474
2025-08-12,홍콩,KYG532631028,KUAISHOU TECHNOLOGY,11044856
2025-08-12,홍콩,HKX566362888,PING AN SECURITIE HKD0.01 HKD0.01 CHAN 009837742 BMG7115B1211,10732528
2025-08-12,홍콩,CNE1000048K8,HAIER SMART HOME CO LTD-H MRGR 006942845 BMG423131256,10303718
2025-08-12,홍콩,CNE1000003G1,INDUSTRIAL AND COMMERCIAL BANK OF CHINA LTD-H,9739375
2025-08-12,홍콩,CNE1000002L3,CHINA LIFE INSURANCE CO LTD-H,9630761
2025-08-12,홍콩,KYG8208B1014,JD.COM INC CL A,9350146
2025-08-12,홍콩,HKX601342549,CHINA BRIGHT CULTURE GROUP USD0.00001 (Delisted/BL398Y0) CHAN 970928502 KYG2153C1078,8631000
2025-08-12,홍콩,HK0000637857,GLOBAL X CHINA ROBOTICS AND AI ETF (HKD),7898110
2025-08-12,홍콩,IT0003874101,PRADA SPA,7829228
2025-08-12,홍콩,CNE100001T80,CGN POWER CO LTD-H,7144743
2025-08-12,홍콩,HK0000860996,A SS ASIA META,7048412
2025-08-12,홍콩,CNE1000003W8,PETROCHINA CO LTD-H,6789587
2025-08-13,홍콩,KYG9830T1067,XIAOMI CORP,245234886
2025-08-13,홍콩,KYG875721634,TENCENT HOLDINGS LTD,235994783
2025-08-13,홍콩,KYG017191142,ALIBABA GROUP HOLDING LTD,192032192
2025-08-13,홍콩,CNE100000296,BYD CO LTD-H,190279654
2025-08-13,홍콩,KYG8020E1199,SEMICONDUCTOR MANUFACTURING INTL CORP,92193142
2025-08-13,홍콩,CNE100006WS8,CATL ORD H,88664680
2025-08-13,홍콩,CNE100005F09,TIANQI LITHIUM CORP,82501839
2025-08-13,홍콩,CNE1000031W9,GANFENGLITHIUM ORD H,74021879
2025-08-13,홍콩,KYG7170M1033,POP MART INTL GROUP LTD,62181173
2025-08-13,홍콩,CNE100000593,PICC PROPERTY AND CASUALTY CO LTD-H,55407370
2025-08-13,홍콩,HK0000562659,GLOBAL X CHINA ELECTRIC VEHICLE AND BATTERY ETF (HKD),47734469
2025-08-13,홍콩,CNE100004YZ4,CTG DUTY-FREE,39741924
2025-08-13,홍콩,KYG596691041,MEITUAN,35750988
2025-08-13,홍콩,HK0000748381,YESASIA HOLDINGS LTD,31959095
2025-08-13,홍콩,HK0001025037,GLOBAL X US Treasury 3-5 Year ETF,31097931
2025-08-13,홍콩,KYG392AS1011,GLOBAL NEW MATERIAL INTL HOLDINGS LTD,29579514
2025-08-13,홍콩,CNE100006JG0,LAOPU GOLD,27726143
2025-08-13,홍콩,KYG3777B1032,GEELY AUTOMOBILE HOLDINGS LTD,26509132
2025-08-13,홍콩,HK0000921236,A GX USD MM,26058305
2025-08-13,홍콩,CNE100006Z79,SANHUA INTELLIGENT,25310006
2025-08-13,홍콩,CNE100006CQ4,Ubtech Robotics Ord Shs H,23076823
2025-08-13,홍콩,KYG4602S1057,HORIZONROBOT-W,21852469
2025-08-13,홍콩,HK0000921228,Global X HANG SENG TECH ETF,20634299
2025-08-13,홍콩,HK0000859063,SAMSUNG BLOCKCHAIN TECHNOLOGIES ETF,19696092
2025-08-13,홍콩,HK0000516697,GLOBAL X CHINA BIOTECH ETF (HKD),19635471
2025-08-13,홍콩,CNE1000003X6,PING AN INSURANCE GROUP CO OF CHINA LTD-H,18632640
2025-08-13,홍콩,HK0000562634,GLOBAL X CHINA CONSUMER BRAND ETF (HKD),18364970
2025-08-13,홍콩,HK1126010854,DREAM INTERNATIONAL LTD,18050493
2025-08-13,홍콩,KYG070341048,BAIDU INC CL A,17356291
2025-08-13,홍콩,HK0941009539,CHINA MOBILE LTD,17339039
2025-08-13,홍콩,KYG970081173,WUXI BIOLOGICS CAYMAN INC,16701113
2025-08-13,홍콩,HK0000516713,GLOBAL X CHINA CLOUD COMPUTING ETF (HKD),16530275
2025-08-13,홍콩,HK0000637832,GLOBAL X CHINA SEMICONDUCTOR ETF (HKD),15745087
2025-08-13,홍콩,KYG3774X1088,GCL TECHNOLOGY HOLDINGS LTD,15180362
2025-08-13,홍콩,HK0000562675,GLOBAL X CHINA CLEAN ENERGY ETF (HKD),13558133
2025-08-13,홍콩,KYG982AW1003,XPENG INC,12824035
2025-08-13,홍콩,HK0000642568,CSOP HANG SENG TECH INDEX ETF (HKD),12775846
2025-08-13,홍콩,CNE1000002H1,CHINA CONSTRUCTION BANK CORP-H,11617840
2025-08-13,홍콩,KYG532631028,KUAISHOU TECHNOLOGY,11573238
2025-08-13,홍콩,HKX566362888,PING AN SECURITIE HKD0.01 HKD0.01 CHAN 009837742 BMG7115B1211,10733616
2025-08-13,홍콩,CNE1000048K8,HAIER SMART HOME CO LTD-H MRGR 006942845 BMG423131256,10379148
2025-08-13,홍콩,CNE1000003G1,INDUSTRIAL AND COMMERCIAL BANK OF CHINA LTD-H,9844017
2025-08-13,홍콩,KYG8208B1014,JD.COM INC CL A,9716395
2025-08-13,홍콩,CNE1000002L3,CHINA LIFE INSURANCE CO LTD-H,9699806
2025-08-13,홍콩,HKX601342549,CHINA BRIGHT CULTURE GROUP USD0.00001 (Delisted/BL398Y0) CHAN 970928502 KYG2153C1078,8631000
2025-08-13,홍콩,HK0000637857,GLOBAL X CHINA ROBOTICS AND AI ETF (HKD),8006293
2025-08-13,홍콩,IT0003874101,PRADA SPA,7980112
2025-08-13,홍콩,HK0000860996,A SS ASIA META,7314131
2025-08-13,홍콩,CNE100001T80,CGN POWER CO LTD-H,7269488
2025-08-13,홍콩,KYG4818G1010,INNOVENT BIOLOGICS INC,7176274
2025-08-14,홍콩,KYG9830T1067,XIAOMI CORP,244209834
2025-08-14,홍콩,KYG875721634,TENCENT HOLDINGS LTD,236817123
2025-08-14,홍콩,CNE100000296,BYD CO LTD-H,187209891
2025-08-14,홍콩,KYG017191142,ALIBABA GROUP HOLDING LTD,186048320
2025-08-14,홍콩,KYG8020E1199,SEMICONDUCTOR MANUFACTURING INTL CORP,92797133
2025-08-14,홍콩,CNE100006WS8,CATL ORD H,88267461
2025-08-14,홍콩,CNE100005F09,TIANQI LITHIUM CORP,80660754
2025-08-14,홍콩,CNE1000031W9,GANFENGLITHIUM ORD H,72440889
2025-08-14,홍콩,KYG7170M1033,POP MART INTL GROUP LTD,63339226
2025-08-14,홍콩,CNE100000593,PICC PROPERTY AND CASUALTY CO LTD-H,57818349
2025-08-14,홍콩,HK0000562659,GLOBAL X CHINA ELECTRIC VEHICLE AND BATTERY ETF (HKD),47205069
2025-08-14,홍콩,CNE100004YZ4,CTG DUTY-FREE,39080393
2025-08-14,홍콩,KYG596691041,MEITUAN,35804254
2025-08-14,홍콩,HK0000748381,YESASIA HOLDINGS LTD,31985646
2025-08-14,홍콩,HK0001025037,GLOBAL X US Treasury 3-5 Year ETF,31130237
2025-08-14,홍콩,KYG392AS1011,GLOBAL NEW MATERIAL INTL HOLDINGS LTD,29096807
2025-08-14,홍콩,CNE100006JG0,LAOPU GOLD,27322878
2025-08-14,홍콩,HK0000921236,A GX USD MM,26051668
2025-08-14,홍콩,KYG3777B1032,GEELY AUTOMOBILE HOLDINGS LTD,25885275
2025-08-14,홍콩,CNE100006Z79,SANHUA INTELLIGENT,24715552
2025-08-14,홍콩,KYG4602S1057,HORIZONROBOT-W,22651077
2025-08-14,홍콩,CNE100006CQ4,Ubtech Robotics Ord Shs H,22322002
2025-08-14,홍콩,HK0000921228,Global X HANG SENG TECH ETF,20346204
2025-08-14,홍콩,HK0000859063,SAMSUNG BLOCKCHAIN TECHNOLOGIES ETF,19749195
2025-08-14,홍콩,HK0000516697,GLOBAL X CHINA BIOTECH ETF (HKD),19565813
2025-08-14,홍콩,CNE1000003X6,PING AN INSURANCE GROUP CO OF CHINA LTD-H,18985611
2025-08-14,홍콩,HK0000562634,GLOBAL X CHINA CONSUMER BRAND ETF (HKD),18448110
2025-08-14,홍콩,HK1126010854,DREAM INTERNATIONAL LTD,17714955
2025-08-14,홍콩,HK0941009539,CHINA MOBILE LTD,17260485
2025-08-14,홍콩,KYG070341048,BAIDU INC CL A,17220096
2025-08-14,홍콩,KYG970081173,WUXI BIOLOGICS CAYMAN INC,16711522
2025-08-14,홍콩,HK0000516713,GLOBAL X CHINA CLOUD COMPUTING ETF (HKD),16374797
2025-08-14,홍콩,HK0000637832,GLOBAL X CHINA SEMICONDUCTOR ETF (HKD),15797619
2025-08-14,홍콩,KYG3774X1088,GCL TECHNOLOGY HOLDINGS LTD,14792862
2025-08-14,홍콩,HK0000562675,GLOBAL X CHINA CLEAN ENERGY ETF (HKD),13146331
2025-08-14,홍콩,HK0000642568,CSOP HANG SENG TECH INDEX ETF (HKD),12582750
2025-08-14,홍콩,KYG982AW1003,XPENG INC,12463360
2025-08-14,홍콩,KYG532631028,KUAISHOU TECHNOLOGY,11251927
2025-08-14,홍콩,CNE1000048K8,HAIER SMART HOME CO LTD-H MRGR 006942845 BMG423131256,11011598
2025-08-14,홍콩,HKX566362888,PING AN SECURITIE HKD0.01 HKD0.01 CHAN 009837742 BMG7115B1211,10733336
2025-08-14,홍콩,CNE1000002H1,CHINA CONSTRUCTION BANK CORP-H,10648917
2025-08-14,홍콩,CNE1000002L3,CHINA LIFE INSURANCE CO LTD-H,10048396
2025-08-14,홍콩,CNE1000003G1,INDUSTRIAL AND COMMERCIAL BANK OF CHINA LTD-H,9823870
2025-08-14,홍콩,KYG8208B1014,JD.COM INC CL A,9498799
2025-08-14,홍콩,HKX601342549,CHINA BRIGHT CULTURE GROUP USD0.00001 (Delisted/BL398Y0) CHAN 970928502 KYG2153C1078,8631000
2025-08-14,홍콩,IT0003874101,PRADA SPA,8201210
2025-08-14,홍콩,HK0000637857,GLOBAL X CHINA ROBOTICS AND AI ETF (HKD),7943444
2025-08-14,홍콩,HK0000860996,A SS ASIA META,7287440
2025-08-14,홍콩,CNE100001T80,CGN POWER CO LTD-H,7255116
2025-08-14,홍콩,KYG4818G1010,INNOVENT BIOLOGICS INC,7190472
2025-08-15,홍콩,KYG9830T1067,XIAOMI CORP,258672434
2025-08-15,홍콩,KYG875721634,TENCENT HOLDINGS LTD,255949285
2025-08-15,홍콩,CNE100000296,BYD CO LTD-H,193777860
2025-08-15,홍콩,KYG017191142,ALIBABA GROUP HOLDING LTD,186370938
2025-08-15,홍콩,KYG8020E1199,SEMICONDUCTOR MANUFACTURING INTL CORP,94160795
2025-08-15,홍콩,CNE100006WS8,CATL ORD H,87368147
2025-08-15,홍콩,CNE100005F09,TIANQI LITHIUM CORP,83189412
2025-08-15,홍콩,CNE1000031W9,GANFENGLITHIUM ORD H,75892376
2025-08-15,홍콩,KYG7170M1033,POP MART INTL GROUP LTD,62677947
2025-08-15,홍콩,CNE100000593,PICC PROPERTY AND CASUALTY CO LTD-H,57618446
2025-08-15,홍콩,HK0000562659,GLOBAL X CHINA ELECTRIC VEHICLE AND BATTERY ETF (HKD),47479605
2025-08-15,홍콩,CNE100004YZ4,CTG DUTY-FREE,39099892
2025-08-15,홍콩,KYG596691041,MEITUAN,35189675
2025-08-15,홍콩,HK0000748381,YESASIA HOLDINGS LTD,31758043
2025-08-15,홍콩,HK0001025037,GLOBAL X US Treasury 3-5 Year ETF,30953612
2025-08-15,홍콩,KYG392AS1011,GLOBAL NEW MATERIAL INTL HOLDINGS LTD,29458258
2025-08-15,홍콩,CNE100006JG0,LAOPU GOLD,28190271
2025-08-15,홍콩,KYG3777B1032,GEELY AUTOMOBILE HOLDINGS LTD,26254445
2025-08-15,홍콩,HK0000921236,A GX USD MM,25952784
2025-08-15,홍콩,CNE100006Z79,SANHUA INTELLIGENT,25826192
2025-08-15,홍콩,CNE100006CQ4,Ubtech Robotics Ord Shs H,22772778
2025-08-15,홍콩,KYG4602S1057,HORIZONROBOT-W,22092302
2025-08-15,홍콩,KYG970081173,WUXI BIOLOGICS CAYMAN INC,20789247
2025-08-15,홍콩,HK0000921228,Global X HANG SENG TECH ETF,20196873
2025-08-15,홍콩,HK0000859063,SAMSUNG BLOCKCHAIN TECHNOLOGIES ETF,19892176
2025-08-15,홍콩,HK0000516697,GLOBAL X CHINA BIOTECH ETF (HKD),19753728
2025-08-15,홍콩,HK1126010854,DREAM INTERNATIONAL LTD,18986830
2025-08-15,홍콩,CNE1000003X6,PING AN INSURANCE GROUP CO OF CHINA LTD-H,18883571
2025-08-15,홍콩,HK0000562634,GLOBAL X CHINA CONSUMER BRAND ETF (HKD),18295435
2025-08-15,홍콩,KYG070341048,BAIDU INC CL A,17417229
2025-08-15,홍콩,HK0941009539,CHINA MOBILE LTD,17231197
2025-08-15,홍콩,HK0000516713,GLOBAL X CHINA CLOUD COMPUTING ETF (HKD),16447600
2025-08-15,홍콩,KYG3774X1088,GCL TECHNOLOGY HOLDINGS LTD,16079166
2025-08-15,홍콩,HK0000637832,GLOBAL X CHINA SEMICONDUCTOR ETF (HKD),15973587
2025-08-15,홍콩,HK0000562675,GLOBAL X CHINA CLEAN ENERGY ETF (HKD),13349974
2025-08-15,홍콩,HK0000642568,CSOP HANG SENG TECH INDEX ETF (HKD),12607922
2025-08-15,홍콩,KYG982AW1003,XPENG INC,12398680
2025-08-15,홍콩,KYG532631028,KUAISHOU TECHNOLOGY,11184453
2025-08-15,홍콩,CNE1000048K8,HAIER SMART HOME CO LTD-H MRGR 006942845 BMG423131256,10947310
2025-08-15,홍콩,HKX566362888,PING AN SECURITIE HKD0.01 HKD0.01 CHAN 009837742 BMG7115B1211,10733336
2025-08-15,홍콩,CNE1000002H1,CHINA CONSTRUCTION BANK CORP-H,10406728
2025-08-15,홍콩,CNE1000002L3,CHINA LIFE INSURANCE CO LTD-H,10343809
2025-08-15,홍콩,CNE1000003G1,INDUSTRIAL AND COMMERCIAL BANK OF CHINA LTD-H,9501385
2025-08-15,홍콩,KYG8208B1014,JD.COM INC CL A,9210162
2025-08-15,홍콩,HKX601342549,CHINA BRIGHT CULTURE GROUP USD0.00001 (Delisted/BL398Y0) CHAN 970928502 KYG2153C1078,8631000
2025-08-15,홍콩,IT0003874101,PRADA SPA,8139975
2025-08-15,홍콩,HK0000637857,GLOBAL X CHINA ROBOTICS AND AI ETF (HKD),7931799
2025-08-15,홍콩,KYG4818G1010,INNOVENT BIOLOGICS INC,7793483
2025-08-15,홍콩,CNE100001T80,CGN POWER CO LTD-H,7330612
2025-08-15,홍콩,HK0000860996,A SS ASIA META,7280815
2025-08-18,홍콩,KYG9830T1067,XIAOMI CORP,260881222
2025-08-18,홍콩,KYG875721634,TENCENT HOLDINGS LTD,255224980
2025-08-18,홍콩,CNE100000296,BYD CO LTD-H,195474505
2025-08-18,홍콩,KYG017191142,ALIBABA GROUP HOLDING LTD,187613332
2025-08-18,홍콩,KYG8020E1199,SEMICONDUCTOR MANUFACTURING INTL CORP,91730198
2025-08-18,홍콩,CNE100006WS8,CATL ORD H,86895002
2025-08-18,홍콩,CNE100005F09,TIANQI LITHIUM CORP,82606559
2025-08-18,홍콩,CNE1000031W9,GANFENGLITHIUM ORD H,75605876
2025-08-18,홍콩,KYG7170M1033,POP MART INTL GROUP LTD,66055381
2025-08-18,홍콩,CNE100000593,PICC PROPERTY AND CASUALTY CO LTD-H,58928706
2025-08-18,홍콩,HK0000562659,GLOBAL X CHINA ELECTRIC VEHICLE AND BATTERY ETF (HKD),48050924
2025-08-18,홍콩,CNE100004YZ4,CTG DUTY-FREE,39766047
2025-08-18,홍콩,KYG596691041,MEITUAN,35081628
2025-08-18,홍콩,HK0000748381,YESASIA HOLDINGS LTD,32309196
2025-08-18,홍콩,HK0001025037,GLOBAL X US Treasury 3-5 Year ETF,31075388
2025-08-18,홍콩,KYG392AS1011,GLOBAL NEW MATERIAL INTL HOLDINGS LTD,29844615
2025-08-18,홍콩,CNE100006JG0,LAOPU GOLD,27384102
2025-08-18,홍콩,KYG3777B1032,GEELY AUTOMOBILE HOLDINGS LTD,27058976
2025-08-18,홍콩,HK0000921236,A GX USD MM,25998366
2025-08-18,홍콩,CNE100006Z79,SANHUA INTELLIGENT,25988339
2025-08-18,홍콩,CNE100006CQ4,Ubtech Robotics Ord Shs H,23201973
2025-08-18,홍콩,KYG4602S1057,HORIZONROBOT-W,21656353
2025-08-18,홍콩,HK1126010854,DREAM INTERNATIONAL LTD,20801369
2025-08-18,홍콩,KYG970081173,WUXI BIOLOGICS CAYMAN INC,20427728
2025-08-18,홍콩,HK0000921228,Global X HANG SENG TECH ETF,20425336
2025-08-18,홍콩,HK0000516697,GLOBAL X CHINA BIOTECH ETF (HKD),20374873
2025-08-18,홍콩,HK0000859063,SAMSUNG BLOCKCHAIN TECHNOLOGIES ETF,19653350
2025-08-18,홍콩,CNE1000003X6,PING AN INSURANCE GROUP CO OF CHINA LTD-H,18961092
2025-08-18,홍콩,HK0000562634,GLOBAL X CHINA CONSUMER BRAND ETF (HKD),18495152
2025-08-18,홍콩,KYG070341048,BAIDU INC CL A,17611228
2025-08-18,홍콩,HK0941009539,CHINA MOBILE LTD,17319661
2025-08-18,홍콩,HK0000516713,GLOBAL X CHINA CLOUD COMPUTING ETF (HKD),16964750
2025-08-18,홍콩,KYG3774X1088,GCL TECHNOLOGY HOLDINGS LTD,16276389
2025-08-18,홍콩,HK0000637832,GLOBAL X CHINA SEMICONDUCTOR ETF (HKD),16236072
2025-08-18,홍콩,HK0000562675,GLOBAL X CHINA CLEAN ENERGY ETF (HKD),13491103
2025-08-18,홍콩,HK0000642568,CSOP HANG SENG TECH INDEX ETF (HKD),12818200
2025-08-18,홍콩,KYG982AW1003,XPENG INC,12650986
2025-08-18,홍콩,KYG532631028,KUAISHOU TECHNOLOGY,11051506
2025-08-18,홍콩,CNE1000048K8,HAIER SMART HOME CO LTD-H MRGR 006942845 BMG423131256,11000036
2025-08-18,홍콩,HKX566362888,PING AN SECURITIE HKD0.01 HKD0.01 CHAN 009837742 BMG7115B1211,10764046
2025-08-18,홍콩,CNE1000002L3,CHINA LIFE INSURANCE CO LTD-H,10658684
2025-08-18,홍콩,CNE1000002H1,CHINA CONSTRUCTION BANK CORP-H,10317068
2025-08-18,홍콩,KYG8208B1014,JD.COM INC CL A,9516710
2025-08-18,홍콩,CNE1000003G1,INDUSTRIAL AND COMMERCIAL BANK OF CHINA LTD-H,9398417
2025-08-18,홍콩,HKX601342549,CHINA BRIGHT CULTURE GROUP USD0.00001 (Delisted/BL398Y0) CHAN 970928502 KYG2153C1078,8631000
2025-08-18,홍콩,HK0000637857,GLOBAL X CHINA ROBOTICS AND AI ETF (HKD),8224390
2025-08-18,홍콩,IT0003874101,PRADA SPA,8152039
2025-08-18,홍콩,KYG4818G1010,INNOVENT BIOLOGICS INC,8064338
2025-08-18,홍콩,CNE100001T80,CGN POWER CO LTD-H,7395102
2025-08-18,홍콩,HK0000860996,A SS ASIA META,7301647
2025-08-19,홍콩,KYG9830T1067,XIAOMI CORP,257948851
2025-08-19,홍콩,KYG875721634,TENCENT HOLDINGS LTD,257945869
2025-08-19,홍콩,CNE100000296,BYD CO LTD-H,196069728
2025-08-19,홍콩,KYG017191142,ALIBABA GROUP HOLDING LTD,188059443
2025-08-19,홍콩,KYG8020E1199,SEMICONDUCTOR MANUFACTURING INTL CORP,88767694
2025-08-19,홍콩,CNE100006WS8,CATL ORD H,85016806
2025-08-19,홍콩,CNE100005F09,TIANQI LITHIUM CORP,81025097
2025-08-19,홍콩,CNE1000031W9,GANFENGLITHIUM ORD H,74724749
2025-08-19,홍콩,KYG7170M1033,POP MART INTL GROUP LTD,65295685
2025-08-19,홍콩,CNE100000593,PICC PROPERTY AND CASUALTY CO LTD-H,58650152
2025-08-19,홍콩,HK0000562659,GLOBAL X CHINA ELECTRIC VEHICLE AND BATTERY ETF (HKD),47949701
2025-08-19,홍콩,CNE100004YZ4,CTG DUTY-FREE,40068228
2025-08-19,홍콩,KYG596691041,MEITUAN,34922783
2025-08-19,홍콩,HK0000748381,YESASIA HOLDINGS LTD,32007442
2025-08-19,홍콩,HK0001025037,GLOBAL X US Treasury 3-5 Year ETF,30971196
2025-08-19,홍콩,KYG392AS1011,GLOBAL NEW MATERIAL INTL HOLDINGS LTD,29811785
2025-08-19,홍콩,KYG3777B1032,GEELY AUTOMOBILE HOLDINGS LTD,27814667
2025-08-19,홍콩,CNE100006Z79,SANHUA INTELLIGENT,27572953
2025-08-19,홍콩,CNE100006JG0,LAOPU GOLD,26084370
2025-08-19,홍콩,HK0000921236,A GX USD MM,25917206
2025-08-19,홍콩,CNE100006CQ4,Ubtech Robotics Ord Shs H,22705568
2025-08-19,홍콩,KYG4602S1057,HORIZONROBOT-W,22109486
2025-08-19,홍콩,HK1126010854,DREAM INTERNATIONAL LTD,20600052
2025-08-19,홍콩,HK0000921228,Global X HANG SENG TECH ETF,20280667
2025-08-19,홍콩,HK0000859063,SAMSUNG BLOCKCHAIN TECHNOLOGIES ETF,19859925
2025-08-19,홍콩,HK0000516697,GLOBAL X CHINA BIOTECH ETF (HKD),19841161
2025-08-19,홍콩,KYG970081173,WUXI BIOLOGICS CAYMAN INC,19638164
2025-08-19,홍콩,CNE1000003X6,PING AN INSURANCE GROUP CO OF CHINA LTD-H,18819775
2025-08-19,홍콩,HK0000562634,GLOBAL X CHINA CONSUMER BRAND ETF (HKD),18543845
2025-08-19,홍콩,KYG070341048,BAIDU INC CL A,17637093
2025-08-19,홍콩,HK0941009539,CHINA MOBILE LTD,17255836
2025-08-19,홍콩,HK0000516713,GLOBAL X CHINA CLOUD COMPUTING ETF (HKD),16872615
2025-08-19,홍콩,HK0000637832,GLOBAL X CHINA SEMICONDUCTOR ETF (HKD),16002153
2025-08-19,홍콩,KYG3774X1088,GCL TECHNOLOGY HOLDINGS LTD,15371316
2025-08-19,홍콩,HK0000562675,GLOBAL X CHINA CLEAN ENERGY ETF (HKD),13342923
2025-08-19,홍콩,HK0000642568,CSOP HANG SENG TECH INDEX ETF (HKD),12749102
2025-08-19,홍콩,KYG982AW1003,XPENG INC,12415996
2025-08-19,홍콩,KYG532631028,KUAISHOU TECHNOLOGY,11106768
2025-08-19,홍콩,CNE1000048K8,HAIER SMART HOME CO LTD-H MRGR 006942845 BMG423131256,10949632
2025-08-19,홍콩,HKX566362888,PING AN SECURITIE HKD0.01 HKD0.01 CHAN 009837742 BMG7115B1211,10774015
2025-08-19,홍콩,CNE1000002L3,CHINA LIFE INSURANCE CO LTD-H,10331081
2025-08-19,홍콩,CNE1000002H1,CHINA CONSTRUCTION BANK CORP-H,10326623
2025-08-19,홍콩,KYG8208B1014,JD.COM INC CL A,9550718
2025-08-19,홍콩,CNE1000003G1,INDUSTRIAL AND COMMERCIAL BANK OF CHINA LTD-H,9412384
2025-08-19,홍콩,HKX601342549,CHINA BRIGHT CULTURE GROUP USD0.00001 (Delisted/BL398Y0) CHAN 970928502 KYG2153C1078,8631000
2025-08-19,홍콩,IT0003874101,PRADA SPA,8265736
2025-08-19,홍콩,HK0000637857,GLOBAL X CHINA ROBOTICS AND AI ETF (HKD),8250909
2025-08-19,홍콩,KYG4818G1010,INNOVENT BIOLOGICS INC,7749323
2025-08-19,홍콩,CNE100001T80,CGN POWER CO LTD-H,7448075
2025-08-19,홍콩,HK0000860996,A SS ASIA META,7275159
2025-08-20,홍콩,KYG9830T1067,XIAOMI CORP,260926520
2025-08-20,홍콩,KYG875721634,TENCENT HOLDINGS LTD,257296259
2025-08-20,홍콩,CNE100000296,BYD CO LTD-H,193115803
2025-08-20,홍콩,KYG017191142,ALIBABA GROUP HOLDING LTD,188013970
2025-08-20,홍콩,KYG8020E1199,SEMICONDUCTOR MANUFACTURING INTL CORP,91732478
2025-08-20,홍콩,CNE100006WS8,CATL ORD H,85816841
2025-08-20,홍콩,CNE100005F09,TIANQI LITHIUM CORP,77983437
2025-08-20,홍콩,KYG7170M1033,POP MART INTL GROUP LTD,74285411
2025-08-20,홍콩,CNE1000031W9,GANFENGLITHIUM ORD H,71090944
2025-08-20,홍콩,CNE100000593,PICC PROPERTY AND CASUALTY CO LTD-H,58131660
2025-08-20,홍콩,HK0000562659,GLOBAL X CHINA ELECTRIC VEHICLE AND BATTERY ETF (HKD),48705306
2025-08-20,홍콩,CNE100004YZ4,CTG DUTY-FREE,40674361
2025-08-20,홍콩,KYG596691041,MEITUAN,34452021
2025-08-20,홍콩,HK0000748381,YESASIA HOLDINGS LTD,31216238
2025-08-20,홍콩,HK0001025037,GLOBAL X US Treasury 3-5 Year ETF,31142992
2025-08-20,홍콩,KYG392AS1011,GLOBAL NEW MATERIAL INTL HOLDINGS LTD,29164008
2025-08-20,홍콩,CNE100006JG0,LAOPU GOLD,28455441
2025-08-20,홍콩,KYG3777B1032,GEELY AUTOMOBILE HOLDINGS LTD,27157144
2025-08-20,홍콩,CNE100006Z79,SANHUA INTELLIGENT,26759779
2025-08-20,홍콩,HK0000921236,A GX USD MM,26068125
2025-08-20,홍콩,HK1126010854,DREAM INTERNATIONAL LTD,24278717
2025-08-20,홍콩,CNE100006CQ4,Ubtech Robotics Ord Shs H,22547639
2025-08-20,홍콩,KYG4602S1057,HORIZONROBOT-W,21916314
2025-08-20,홍콩,HK0000921228,Global X HANG SENG TECH ETF,20300179
2025-08-20,홍콩,KYG970081173,WUXI BIOLOGICS CAYMAN INC,20206886
2025-08-20,홍콩,HK0000516697,GLOBAL X CHINA BIOTECH ETF (HKD),19935495
2025-08-20,홍콩,CNE1000003X6,PING AN INSURANCE GROUP CO OF CHINA LTD-H,19705566
2025-08-20,홍콩,HK0000859063,SAMSUNG BLOCKCHAIN TECHNOLOGIES ETF,19373441
2025-08-20,홍콩,HK0000562634,GLOBAL X CHINA CONSUMER BRAND ETF (HKD),18867697
2025-08-20,홍콩,HK0941009539,CHINA MOBILE LTD,17360495
2025-08-20,홍콩,KYG070341048,BAIDU INC CL A,17005890
2025-08-20,홍콩,HK0000516713,GLOBAL X CHINA CLOUD COMPUTING ETF (HKD),16970179
2025-08-20,홍콩,HK0000637832,GLOBAL X CHINA SEMICONDUCTOR ETF (HKD),16685865
2025-08-20,홍콩,KYG3774X1088,GCL TECHNOLOGY HOLDINGS LTD,15265397
2025-08-20,홍콩,HK0000642568,CSOP HANG SENG TECH INDEX ETF (HKD),13866105
2025-08-20,홍콩,HK0000562675,GLOBAL X CHINA CLEAN ENERGY ETF (HKD),13510567
2025-08-20,홍콩,KYG982AW1003,XPENG INC,13013026
2025-08-20,홍콩,CNE1000003G1,INDUSTRIAL AND COMMERCIAL BANK OF CHINA LTD-H,10942048
2025-08-20,홍콩,CNE1000048K8,HAIER SMART HOME CO LTD-H MRGR 006942845 BMG423131256,10890224
2025-08-20,홍콩,KYG532631028,KUAISHOU TECHNOLOGY,10845359
2025-08-20,홍콩,HKX566362888,PING AN SECURITIE HKD0.01 HKD0.01 CHAN 009837742 BMG7115B1211,10802857
2025-08-20,홍콩,CNE1000002L3,CHINA LIFE INSURANCE CO LTD-H,10512454
2025-08-20,홍콩,CNE1000002H1,CHINA CONSTRUCTION BANK CORP-H,10409215
2025-08-20,홍콩,KYG8208B1014,JD.COM INC CL A,9530583
2025-08-20,홍콩,CNE100002FK9,GUOTAI JUNAN SECURITIES CO LTD-H,8717932
2025-08-20,홍콩,HKX601342549,CHINA BRIGHT CULTURE GROUP USD0.00001 (Delisted/BL398Y0) CHAN 970928502 KYG2153C1078,8631000
2025-08-20,홍콩,HK0000637857,GLOBAL X CHINA ROBOTICS AND AI ETF (HKD),8325466
2025-08-20,홍콩,IT0003874101,PRADA SPA,8266332
2025-08-20,홍콩,CNE100001T80,CGN POWER CO LTD-H,7446968
2025-08-20,홍콩,CNE1000003W8,PETROCHINA CO LTD-H,7297689
2025-08-21,홍콩,KYG875721634,TENCENT HOLDINGS LTD,257662334
2025-08-21,홍콩,KYG9830T1067,XIAOMI CORP,254968985
2025-08-21,홍콩,CNE100000296,BYD CO LTD-H,189390886
2025-08-21,홍콩,KYG017191142,ALIBABA GROUP HOLDING LTD,184910458
2025-08-21,홍콩,KYG8020E1199,SEMICONDUCTOR MANUFACTURING INTL CORP,91661379
2025-08-21,홍콩,CNE100006WS8,CATL ORD H,85646077
2025-08-21,홍콩,CNE100005F09,TIANQI LITHIUM CORP,76924986
2025-08-21,홍콩,KYG7170M1033,POP MART INTL GROUP LTD,75646906
2025-08-21,홍콩,CNE1000031W9,GANFENGLITHIUM ORD H,69840716
2025-08-21,홍콩,CNE100000593,PICC PROPERTY AND CASUALTY CO LTD-H,57510305
2025-08-21,홍콩,HK0000562659,GLOBAL X CHINA ELECTRIC VEHICLE AND BATTERY ETF (HKD),48478434
2025-08-21,홍콩,CNE100004YZ4,CTG DUTY-FREE,40451940
2025-08-21,홍콩,KYG596691041,MEITUAN,33553390
2025-08-21,홍콩,HK0000748381,YESASIA HOLDINGS LTD,32450166
2025-08-21,홍콩,HK0001025037,GLOBAL X US Treasury 3-5 Year ETF,31100444
2025-08-21,홍콩,KYG392AS1011,GLOBAL NEW MATERIAL INTL HOLDINGS LTD,28871666
2025-08-21,홍콩,CNE100006JG0,LAOPU GOLD,27299571
2025-08-21,홍콩,CNE100006Z79,SANHUA INTELLIGENT,27204167
2025-08-21,홍콩,KYG3777B1032,GEELY AUTOMOBILE HOLDINGS LTD,26527926
2025-08-21,홍콩,HK0000921236,A GX USD MM,25999286
2025-08-21,홍콩,HK1126010854,DREAM INTERNATIONAL LTD,22535163
2025-08-21,홍콩,CNE100006CQ4,Ubtech Robotics Ord Shs H,22353163
2025-08-21,홍콩,KYG4602S1057,HORIZONROBOT-W,21941876
2025-08-21,홍콩,KYG970081173,WUXI BIOLOGICS CAYMAN INC,20759523
2025-08-21,홍콩,HK0000516697,GLOBAL X CHINA BIOTECH ETF (HKD),20311524
2025-08-21,홍콩,HK0000921228,Global X HANG SENG TECH ETF,20241233
2025-08-21,홍콩,CNE1000003X6,PING AN INSURANCE GROUP CO OF CHINA LTD-H,19710099
2025-08-21,홍콩,HK0000859063,SAMSUNG BLOCKCHAIN TECHNOLOGIES ETF,19340072
2025-08-21,홍콩,HK0000562634,GLOBAL X CHINA CONSUMER BRAND ETF (HKD),18870959
2025-08-21,홍콩,HK0941009539,CHINA MOBILE LTD,17526641
2025-08-21,홍콩,HK0000516713,GLOBAL X CHINA CLOUD COMPUTING ETF (HKD),16869663
2025-08-21,홍콩,HK0000637832,GLOBAL X CHINA SEMICONDUCTOR ETF (HKD),16753418
2025-08-21,홍콩,KYG070341048,BAIDU INC CL A,16532823
2025-08-21,홍콩,KYG3774X1088,GCL TECHNOLOGY HOLDINGS LTD,15276111
2025-08-21,홍콩,HK0000562675,GLOBAL X CHINA CLEAN ENERGY ETF (HKD),13498515
2025-08-21,홍콩,KYG982AW1003,XPENG INC,13042565
2025-08-21,홍콩,HK0000642568,CSOP HANG SENG TECH INDEX ETF (HKD),12580543
2025-08-21,홍콩,CNE1000048K8,HAIER SMART HOME CO LTD-H MRGR 006942845 BMG423131256,11019094
2025-08-21,홍콩,CNE1000003G1,INDUSTRIAL AND COMMERCIAL BANK OF CHINA LTD-H,10947439
2025-08-21,홍콩,KYG532631028,KUAISHOU TECHNOLOGY,10872058
2025-08-21,홍콩,HKX566362888,PING AN SECURITIE HKD0.01 HKD0.01 CHAN 009837742 BMG7115B1211,10784251
2025-08-21,홍콩,CNE1000002L3,CHINA LIFE INSURANCE CO LTD-H,10491196
2025-08-21,홍콩,CNE1000002H1,CHINA CONSTRUCTION BANK CORP-H,10381191
2025-08-21,홍콩,KYG8208B1014,JD.COM INC CL A,9414922
2025-08-21,홍콩,HK0000637857,GLOBAL X CHINA ROBOTICS AND AI ETF (HKD),9269772
2025-08-21,홍콩,CNE100002FK9,GUOTAI JUNAN SECURITIES CO LTD-H,8697924
2025-08-21,홍콩,HKX601342549,CHINA BRIGHT CULTURE GROUP USD0.00001 (Delisted/BL398Y0) CHAN 970928502 KYG2153C1078,8631000
2025-08-21,홍콩,IT0003874101,PRADA SPA,8173353
2025-08-21,홍콩,KYG4818G1010,INNOVENT BIOLOGICS INC,7491992
2025-08-21,홍콩,CNE100001T80,CGN POWER CO LTD-H,7387239
2025-08-22,홍콩,KYG9830T1067,XIAOMI CORP,263155597
2025-08-22,홍콩,KYG875721634,TENCENT HOLDINGS LTD,258928786
2025-08-22,홍콩,CNE100000296,BYD CO LTD-H,194280955
2025-08-22,홍콩,KYG017191142,ALIBABA GROUP HOLDING LTD,188394858
2025-08-22,홍콩,KYG8020E1199,SEMICONDUCTOR MANUFACTURING INTL CORP,100264504
2025-08-22,홍콩,CNE100006WS8,CATL ORD H,88871234
2025-08-22,홍콩,CNE100005F09,TIANQI LITHIUM CORP,77754850
2025-08-22,홍콩,KYG7170M1033,POP MART INTL GROUP LTD,76351252
2025-08-22,홍콩,CNE1000031W9,GANFENGLITHIUM ORD H,68921763
2025-08-22,홍콩,CNE100000593,PICC PROPERTY AND CASUALTY CO LTD-H,58574378
2025-08-22,홍콩,HK0000562659,GLOBAL X CHINA ELECTRIC VEHICLE AND BATTERY ETF (HKD),49537879
2025-08-22,홍콩,CNE100004YZ4,CTG DUTY-FREE,40242632
2025-08-22,홍콩,KYG596691041,MEITUAN,33893908
2025-08-22,홍콩,HK0000748381,YESASIA HOLDINGS LTD,31530667
2025-08-22,홍콩,HK0001025037,GLOBAL X US Treasury 3-5 Year ETF,31103399
2025-08-22,홍콩,CNE100006JG0,LAOPU GOLD,30110673
2025-08-22,홍콩,KYG392AS1011,GLOBAL NEW MATERIAL INTL HOLDINGS LTD,28864116
2025-08-22,홍콩,CNE100006Z79,SANHUA INTELLIGENT,27307776
2025-08-22,홍콩,KYG3777B1032,GEELY AUTOMOBILE HOLDINGS LTD,26547731
2025-08-22,홍콩,HK0000921236,A GX USD MM,25998470
2025-08-22,홍콩,CNE100006CQ4,Ubtech Robotics Ord Shs H,23816625
2025-08-22,홍콩,KYG4602S1057,HORIZONROBOT-W,22946437
2025-08-22,홍콩,KYG970081173,WUXI BIOLOGICS CAYMAN INC,21786945
2025-08-22,홍콩,HK1126010854,DREAM INTERNATIONAL LTD,20983486
2025-08-22,홍콩,HK0000921228,Global X HANG SENG TECH ETF,20703897
2025-08-22,홍콩,HK0000516697,GLOBAL X CHINA BIOTECH ETF (HKD),20699992
2025-08-22,홍콩,CNE1000003X6,PING AN INSURANCE GROUP CO OF CHINA LTD-H,19736651
2025-08-22,홍콩,HK0000859063,SAMSUNG BLOCKCHAIN TECHNOLOGIES ETF,19487612
2025-08-22,홍콩,HK0000562634,GLOBAL X CHINA CONSUMER BRAND ETF (HKD),18935399
2025-08-22,홍콩,HK0000637832,GLOBAL X CHINA SEMICONDUCTOR ETF (HKD),18083777
2025-08-22,홍콩,HK0941009539,CHINA MOBILE LTD,17606202
2025-08-22,홍콩,HK0000516713,GLOBAL X CHINA CLOUD COMPUTING ETF (HKD),17459071
2025-08-22,홍콩,KYG070341048,BAIDU INC CL A,16595705
2025-08-22,홍콩,KYG3774X1088,GCL TECHNOLOGY HOLDINGS LTD,15399104
2025-08-22,홍콩,KYG982AW1003,XPENG INC,14718006
2025-08-22,홍콩,HK0000562675,GLOBAL X CHINA CLEAN ENERGY ETF (HKD),13726285
2025-08-22,홍콩,HK0000642568,CSOP HANG SENG TECH INDEX ETF (HKD),12863628
2025-08-22,홍콩,KYG532631028,KUAISHOU TECHNOLOGY,10988889
2025-08-22,홍콩,CNE1000048K8,HAIER SMART HOME CO LTD-H MRGR 006942845 BMG423131256,10981814
2025-08-22,홍콩,CNE1000003G1,INDUSTRIAL AND COMMERCIAL BANK OF CHINA LTD-H,10974388
2025-08-22,홍콩,HKX566362888,PING AN SECURITIE HKD0.01 HKD0.01 CHAN 009837742 BMG7115B1211,10781430
2025-08-22,홍콩,CNE1000002L3,CHINA LIFE INSURANCE CO LTD-H,10550256
2025-08-22,홍콩,CNE1000002H1,CHINA CONSTRUCTION BANK CORP-H,10395357
2025-08-22,홍콩,HK0000637857,GLOBAL X CHINA ROBOTICS AND AI ETF (HKD),9507053
2025-08-22,홍콩,KYG8208B1014,JD.COM INC CL A,9489205
2025-08-22,홍콩,CNE100002FK9,GUOTAI JUNAN SECURITIES CO LTD-H,8667438
2025-08-22,홍콩,HKX601342549,CHINA BRIGHT CULTURE GROUP USD0.00001 (Delisted/BL398Y0) CHAN 970928502 KYG2153C1078,8631000
2025-08-22,홍콩,IT0003874101,PRADA SPA,8094180
2025-08-22,홍콩,KYG4818G1010,INNOVENT BIOLOGICS INC,7673161
2025-08-22,홍콩,KYG7611S1075,ROBOSENSE,7442611
2025-08-25,홍콩,KYG9830T1067,XIAOMI CORP,267588225
2025-08-25,홍콩,KYG875721634,TENCENT HOLDINGS LTD,265051578
2025-08-25,홍콩,KYG017191142,ALIBABA GROUP HOLDING LTD,201064119
2025-08-25,홍콩,CNE100000296,BYD CO LTD-H,196997428
2025-08-25,홍콩,KYG8020E1199,SEMICONDUCTOR MANUFACTURING INTL CORP,102267578
2025-08-25,홍콩,CNE100006WS8,CATL ORD H,88517692
2025-08-25,홍콩,KYG7170M1033,POP MART INTL GROUP LTD,80711257
2025-08-25,홍콩,CNE100005F09,TIANQI LITHIUM CORP,77918640
2025-08-25,홍콩,CNE1000031W9,GANFENGLITHIUM ORD H,69312172
2025-08-25,홍콩,CNE100000593,PICC PROPERTY AND CASUALTY CO LTD-H,55896338
2025-08-25,홍콩,HK0000562659,GLOBAL X CHINA ELECTRIC VEHICLE AND BATTERY ETF (HKD),50056165
2025-08-25,홍콩,CNE100004YZ4,CTG DUTY-FREE,41525053
2025-08-25,홍콩,HK0000748381,YESASIA HOLDINGS LTD,35610941
2025-08-25,홍콩,KYG596691041,MEITUAN,34990740
2025-08-25,홍콩,HK0001025037,GLOBAL X US Treasury 3-5 Year ETF,31096422
2025-08-25,홍콩,CNE100006JG0,LAOPU GOLD,30638813
2025-08-25,홍콩,KYG392AS1011,GLOBAL NEW MATERIAL INTL HOLDINGS LTD,29220630
2025-08-25,홍콩,CNE100006Z79,SANHUA INTELLIGENT,27160752
2025-08-25,홍콩,KYG3777B1032,GEELY AUTOMOBILE HOLDINGS LTD,26175537
2025-08-25,홍콩,HK0000921236,A GX USD MM,26057245
2025-08-25,홍콩,CNE100006CQ4,Ubtech Robotics Ord Shs H,24499531
2025-08-25,홍콩,KYG970081173,WUXI BIOLOGICS CAYMAN INC,23227403
2025-08-25,홍콩,KYG4602S1057,HORIZONROBOT-W,23183595
2025-08-25,홍콩,HK0000921228,Global X HANG SENG TECH ETF,21378333
2025-08-25,홍콩,CNE1000003X6,PING AN INSURANCE GROUP CO OF CHINA LTD-H,21048485
2025-08-25,홍콩,HK0000516697,GLOBAL X CHINA BIOTECH ETF (HKD),21035414
2025-08-25,홍콩,HK1126010854,DREAM INTERNATIONAL LTD,19904256
2025-08-25,홍콩,HK0000859063,SAMSUNG BLOCKCHAIN TECHNOLOGIES ETF,19590932
2025-08-25,홍콩,HK0000562634,GLOBAL X CHINA CONSUMER BRAND ETF (HKD),19347369
2025-08-25,홍콩,HK0000637832,GLOBAL X CHINA SEMICONDUCTOR ETF (HKD),18611554
2025-08-25,홍콩,HK0000516713,GLOBAL X CHINA CLOUD COMPUTING ETF (HKD),17906187
2025-08-25,홍콩,HK0941009539,CHINA MOBILE LTD,17710061
2025-08-25,홍콩,KYG070341048,BAIDU INC CL A,17664468
2025-08-25,홍콩,KYG3774X1088,GCL TECHNOLOGY HOLDINGS LTD,16037607
2025-08-25,홍콩,KYG982AW1003,XPENG INC,14692803
2025-08-25,홍콩,HK0000562675,GLOBAL X CHINA CLEAN ENERGY ETF (HKD),13960405
2025-08-25,홍콩,HK0000642568,CSOP HANG SENG TECH INDEX ETF (HKD),13050535
2025-08-25,홍콩,KYG532631028,KUAISHOU TECHNOLOGY,11679451
2025-08-25,홍콩,CNE1000048K8,HAIER SMART HOME CO LTD-H MRGR 006942845 BMG423131256,11210587
2025-08-25,홍콩,CNE1000003G1,INDUSTRIAL AND COMMERCIAL BANK OF CHINA LTD-H,10935107
2025-08-25,홍콩,HKX566362888,PING AN SECURITIE HKD0.01 HKD0.01 CHAN 009837742 BMG7115B1211,10779012
2025-08-25,홍콩,CNE1000002L3,CHINA LIFE INSURANCE CO LTD-H,10540359
2025-08-25,홍콩,CNE1000002H1,CHINA CONSTRUCTION BANK CORP-H,10362546
2025-08-25,홍콩,KYG8208B1014,JD.COM INC CL A,9979161
2025-08-25,홍콩,HK0000637857,GLOBAL X CHINA ROBOTICS AND AI ETF (HKD),9825777
2025-08-25,홍콩,CNE100002FK9,GUOTAI JUNAN SECURITIES CO LTD-H,8808865
2025-08-25,홍콩,HKX601342549,CHINA BRIGHT CULTURE GROUP USD0.00001 (Delisted/BL398Y0) CHAN 970928502 KYG2153C1078,8631000
2025-08-25,홍콩,IT0003874101,PRADA SPA,7939819
2025-08-25,홍콩,KYG4818G1010,INNOVENT BIOLOGICS INC,7652463
2025-08-25,홍콩,KYG9066F1019,TRIP.COM GROUP LTD,7453349
2025-08-26,홍콩,KYG9830T1067,XIAOMI CORP,268427719
2025-08-26,홍콩,KYG875721634,TENCENT HOLDINGS LTD,262754152
2025-08-26,홍콩,CNE100000296,BYD CO LTD-H,199959032
2025-08-26,홍콩,KYG017191142,ALIBABA GROUP HOLDING LTD,198481621
2025-08-26,홍콩,KYG8020E1199,SEMICONDUCTOR MANUFACTURING INTL CORP,99109341
2025-08-26,홍콩,CNE100006WS8,CATL ORD H,87998105
2025-08-26,홍콩,KYG7170M1033,POP MART INTL GROUP LTD,83176988
2025-08-26,홍콩,CNE100005F09,TIANQI LITHIUM CORP,76996595
2025-08-26,홍콩,CNE1000031W9,GANFENGLITHIUM ORD H,67433574
2025-08-26,홍콩,CNE100000593,PICC PROPERTY AND CASUALTY CO LTD-H,56541584
2025-08-26,홍콩,HK0000562659,GLOBAL X CHINA ELECTRIC VEHICLE AND BATTERY ETF (HKD),50020802
2025-08-26,홍콩,CNE100004YZ4,CTG DUTY-FREE,43016200
2025-08-26,홍콩,HK0000748381,YESASIA HOLDINGS LTD,38480805
2025-08-26,홍콩,KYG596691041,MEITUAN,34432278
2025-08-26,홍콩,HK0001025037,GLOBAL X US Treasury 3-5 Year ETF,31134364
2025-08-26,홍콩,CNE100006JG0,LAOPU GOLD,31125409
2025-08-26,홍콩,KYG392AS1011,GLOBAL NEW MATERIAL INTL HOLDINGS LTD,29235438
2025-08-26,홍콩,CNE100006Z79,SANHUA INTELLIGENT,27415569
2025-08-26,홍콩,CNE100006CQ4,Ubtech Robotics Ord Shs H,26533456
2025-08-26,홍콩,HK0000921236,A GX USD MM,26065662
2025-08-26,홍콩,KYG3777B1032,GEELY AUTOMOBILE HOLDINGS LTD,25726385
2025-08-26,홍콩,KYG4602S1057,HORIZONROBOT-W,23423306
2025-08-26,홍콩,KYG970081173,WUXI BIOLOGICS CAYMAN INC,22412929
2025-08-26,홍콩,HK0000921228,Global X HANG SENG TECH ETF,21222873
2025-08-26,홍콩,HK0000516697,GLOBAL X CHINA BIOTECH ETF (HKD),20716579
2025-08-26,홍콩,CNE1000003X6,PING AN INSURANCE GROUP CO OF CHINA LTD-H,20603689
2025-08-26,홍콩,HK1126010854,DREAM INTERNATIONAL LTD,20016730
2025-08-26,홍콩,HK0000859063,SAMSUNG BLOCKCHAIN TECHNOLOGIES ETF,19600860
2025-08-26,홍콩,HK0000562634,GLOBAL X CHINA CONSUMER BRAND ETF (HKD),19419837
2025-08-26,홍콩,HK0000637832,GLOBAL X CHINA SEMICONDUCTOR ETF (HKD),18978843
2025-08-26,홍콩,HK0000516713,GLOBAL X CHINA CLOUD COMPUTING ETF (HKD),17808497
2025-08-26,홍콩,HK0941009539,CHINA MOBILE LTD,17714449
2025-08-26,홍콩,KYG070341048,BAIDU INC CL A,17368981
2025-08-26,홍콩,KYG3774X1088,GCL TECHNOLOGY HOLDINGS LTD,16168576
2025-08-26,홍콩,KYG982AW1003,XPENG INC,14453485
2025-08-26,홍콩,HK0000562675,GLOBAL X CHINA CLEAN ENERGY ETF (HKD),13782607
2025-08-26,홍콩,HK0000642568,CSOP HANG SENG TECH INDEX ETF (HKD),13004283
2025-08-26,홍콩,KYG532631028,KUAISHOU TECHNOLOGY,11710077
2025-08-26,홍콩,CNE1000048K8,HAIER SMART HOME CO LTD-H MRGR 006942845 BMG423131256,11222240
2025-08-26,홍콩,HKX566362888,PING AN SECURITIE HKD0.01 HKD0.01 CHAN 009837742 BMG7115B1211,10784474
2025-08-26,홍콩,CNE1000003G1,INDUSTRIAL AND COMMERCIAL BANK OF CHINA LTD-H,10774336
2025-08-26,홍콩,CNE1000002H1,CHINA CONSTRUCTION BANK CORP-H,10119550
2025-08-26,홍콩,CNE1000002L3,CHINA LIFE INSURANCE CO LTD-H,10077826
2025-08-26,홍콩,KYG8208B1014,JD.COM INC CL A,9827724
2025-08-26,홍콩,HK0000637857,GLOBAL X CHINA ROBOTICS AND AI ETF (HKD),9738501
2025-08-26,홍콩,CNE100002FK9,GUOTAI JUNAN SECURITIES CO LTD-H,8692159
2025-08-26,홍콩,HKX601342549,CHINA BRIGHT CULTURE GROUP USD0.00001 (Delisted/BL398Y0) CHAN 970928502 KYG2153C1078,8631000
2025-08-26,홍콩,IT0003874101,PRADA SPA,8225073
2025-08-26,홍콩,KYG8586D1097,SUNNY OPTICAL TECHNOLOGY (GROUP) CO LTD,7433696
2025-08-26,홍콩,KYG4818G1010,INNOVENT BIOLOGICS INC,7426541
2025-08-27,홍콩,KYG9830T1067,XIAOMI CORP,270785092
2025-08-27,홍콩,KYG875721634,TENCENT HOLDINGS LTD,258466356
2025-08-27,홍콩,KYG017191142,ALIBABA GROUP HOLDING LTD,197866719
2025-08-27,홍콩,CNE100000296,BYD CO LTD-H,177221439
2025-08-27,홍콩,KYG8020E1199,SEMICONDUCTOR MANUFACTURING INTL CORP,99597031
2025-08-27,홍콩,CNE100006WS8,CATL ORD H,87623894
2025-08-27,홍콩,KYG7170M1033,POP MART INTL GROUP LTD,80874134
2025-08-27,홍콩,CNE100005F09,TIANQI LITHIUM CORP,75729408
2025-08-27,홍콩,CNE1000031W9,GANFENGLITHIUM ORD H,68457423
2025-08-27,홍콩,CNE100000593,PICC PROPERTY AND CASUALTY CO LTD-H,56330960
2025-08-27,홍콩,HK0000562659,GLOBAL X CHINA ELECTRIC VEHICLE AND BATTERY ETF (HKD),49106898
2025-08-27,홍콩,HK0000748381,YESASIA HOLDINGS LTD,45025823
2025-08-27,홍콩,CNE100004YZ4,CTG DUTY-FREE,40896013
2025-08-27,홍콩,KYG596691041,MEITUAN,33320346
2025-08-27,홍콩,HK0001025037,GLOBAL X US Treasury 3-5 Year ETF,31150937
2025-08-27,홍콩,CNE100006JG0,LAOPU GOLD,30366144
2025-08-27,홍콩,KYG392AS1011,GLOBAL NEW MATERIAL INTL HOLDINGS LTD,28817844
2025-08-27,홍콩,CNE100006CQ4,Ubtech Robotics Ord Shs H,28690975
2025-08-27,홍콩,CNE100006Z79,SANHUA INTELLIGENT,27946038
2025-08-27,홍콩,HK0000921236,A GX USD MM,26060084
2025-08-27,홍콩,KYG3777B1032,GEELY AUTOMOBILE HOLDINGS LTD,25534312
2025-08-27,홍콩,KYG4602S1057,HORIZONROBOT-W,23908193
2025-08-27,홍콩,KYG970081173,WUXI BIOLOGICS CAYMAN INC,22072091
2025-08-27,홍콩,HK0000921228,Global X HANG SENG TECH ETF,21046986
2025-08-27,홍콩,CNE1000003X6,PING AN INSURANCE GROUP CO OF CHINA LTD-H,20234442
2025-08-27,홍콩,HK0000516697,GLOBAL X CHINA BIOTECH ETF (HKD),20113785
2025-08-27,홍콩,HK0000859063,SAMSUNG BLOCKCHAIN TECHNOLOGIES ETF,19979277
2025-08-27,홍콩,HK0000637832,GLOBAL X CHINA SEMICONDUCTOR ETF (HKD),19047499
2025-08-27,홍콩,HK0000562634,GLOBAL X CHINA CONSUMER BRAND ETF (HKD),18837989
2025-08-27,홍콩,HK1126010854,DREAM INTERNATIONAL LTD,18347829
2025-08-27,홍콩,HK0941009539,CHINA MOBILE LTD,17565467
2025-08-27,홍콩,HK0000516713,GLOBAL X CHINA CLOUD COMPUTING ETF (HKD),17501849
2025-08-27,홍콩,KYG070341048,BAIDU INC CL A,16588698
2025-08-27,홍콩,KYG3774X1088,GCL TECHNOLOGY HOLDINGS LTD,15284430
2025-08-27,홍콩,KYG982AW1003,XPENG INC,15054386
2025-08-27,홍콩,HK0000562675,GLOBAL X CHINA CLEAN ENERGY ETF (HKD),13505936
2025-08-27,홍콩,HK0000642568,CSOP HANG SENG TECH INDEX ETF (HKD),12866327
2025-08-27,홍콩,KYG532631028,KUAISHOU TECHNOLOGY,11410101
2025-08-27,홍콩,CNE1000048K8,HAIER SMART HOME CO LTD-H MRGR 006942845 BMG423131256,10936760
2025-08-27,홍콩,HKX566362888,PING AN SECURITIE HKD0.01 HKD0.01 CHAN 009837742 BMG7115B1211,10809470
2025-08-27,홍콩,CNE1000003G1,INDUSTRIAL AND COMMERCIAL BANK OF CHINA LTD-H,10640520
2025-08-27,홍콩,CNE1000002H1,CHINA CONSTRUCTION BANK CORP-H,10058351
2025-08-27,홍콩,CNE1000002L3,CHINA LIFE INSURANCE CO LTD-H,9773754
2025-08-27,홍콩,KYG8208B1014,JD.COM INC CL A,9556317
2025-08-27,홍콩,HK0000637857,GLOBAL X CHINA ROBOTICS AND AI ETF (HKD),8962794
2025-08-27,홍콩,HKX601342549,CHINA BRIGHT CULTURE GROUP USD0.00001 (Delisted/BL398Y0) CHAN 970928502 KYG2153C1078,8631000
2025-08-27,홍콩,IT0003874101,PRADA SPA,8555400
2025-08-27,홍콩,HK0000860996,A SS ASIA META,7332460
2025-08-27,홍콩,CNE1000003W8,PETROCHINA CO LTD-H,7301186
2025-08-27,홍콩,KYG9066F1019,TRIP.COM GROUP LTD,7229728
2025-08-28,홍콩,KYG9830T1067,XIAOMI CORP,271348159
2025-08-28,홍콩,KYG875721634,TENCENT HOLDINGS LTD,256326469
2025-08-28,홍콩,KYG017191142,ALIBABA GROUP HOLDING LTD,188109318
2025-08-28,홍콩,CNE100000296,BYD CO LTD-H,173270523
2025-08-28,홍콩,KYG8020E1199,SEMICONDUCTOR MANUFACTURING INTL CORP,111425321
2025-08-28,홍콩,CNE100006WS8,CATL ORD H,87030295
2025-08-28,홍콩,KYG7170M1033,POP MART INTL GROUP LTD,81346519
2025-08-28,홍콩,CNE100005F09,TIANQI LITHIUM CORP,74058543
2025-08-28,홍콩,CNE1000031W9,GANFENGLITHIUM ORD H,68028973
2025-08-28,홍콩,CNE100000593,PICC PROPERTY AND CASUALTY CO LTD-H,58154060
2025-08-28,홍콩,HK0000562659,GLOBAL X CHINA ELECTRIC VEHICLE AND BATTERY ETF (HKD),49037012
2025-08-28,홍콩,HK0000748381,YESASIA HOLDINGS LTD,44184448
2025-08-28,홍콩,CNE100004YZ4,CTG DUTY-FREE,41545054
2025-08-28,홍콩,HK0001025037,GLOBAL X US Treasury 3-5 Year ETF,31247733
2025-08-28,홍콩,CNE100006CQ4,Ubtech Robotics Ord Shs H,29623630
2025-08-28,홍콩,CNE100006JG0,LAOPU GOLD,29370535
2025-08-28,홍콩,CNE100006Z79,SANHUA INTELLIGENT,29275522
2025-08-28,홍콩,KYG596691041,MEITUAN,29210532
2025-08-28,홍콩,KYG392AS1011,GLOBAL NEW MATERIAL INTL HOLDINGS LTD,28967078
2025-08-28,홍콩,KYG4602S1057,HORIZONROBOT-W,27553805
2025-08-28,홍콩,HK0000921236,A GX USD MM,26132043
2025-08-28,홍콩,KYG3777B1032,GEELY AUTOMOBILE HOLDINGS LTD,25542609
2025-08-28,홍콩,KYG970081173,WUXI BIOLOGICS CAYMAN INC,21502815
2025-08-28,홍콩,HK0000921228,Global X HANG SENG TECH ETF,20807302
2025-08-28,홍콩,HK0000637832,GLOBAL X CHINA SEMICONDUCTOR ETF (HKD),20395564
2025-08-28,홍콩,HK0000516697,GLOBAL X CHINA BIOTECH ETF (HKD),20303424
2025-08-28,홍콩,CNE1000003X6,PING AN INSURANCE GROUP CO OF CHINA LTD-H,20230437
2025-08-28,홍콩,HK0000859063,SAMSUNG BLOCKCHAIN TECHNOLOGIES ETF,20124653
2025-08-28,홍콩,HK0000562634,GLOBAL X CHINA CONSUMER BRAND ETF (HKD),18726247
2025-08-28,홍콩,HK0000516713,GLOBAL X CHINA CLOUD COMPUTING ETF (HKD),17950672
2025-08-28,홍콩,HK1126010854,DREAM INTERNATIONAL LTD,17930931
2025-08-28,홍콩,HK0941009539,CHINA MOBILE LTD,17657174
2025-08-28,홍콩,KYG070341048,BAIDU INC CL A,16384742
2025-08-28,홍콩,KYG3774X1088,GCL TECHNOLOGY HOLDINGS LTD,15409102
2025-08-28,홍콩,KYG982AW1003,XPENG INC,14036885
2025-08-28,홍콩,HK0000562675,GLOBAL X CHINA CLEAN ENERGY ETF (HKD),13769093
2025-08-28,홍콩,HK0000642568,CSOP HANG SENG TECH INDEX ETF (HKD),12927432
2025-08-28,홍콩,KYG532631028,KUAISHOU TECHNOLOGY,11415209
2025-08-28,홍콩,HKX566362888,PING AN SECURITIE HKD0.01 HKD0.01 CHAN 009837742 BMG7115B1211,10819889
2025-08-28,홍콩,CNE1000003G1,INDUSTRIAL AND COMMERCIAL BANK OF CHINA LTD-H,10686951
2025-08-28,홍콩,CNE1000048K8,HAIER SMART HOME CO LTD-H MRGR 006942845 BMG423131256,10224219
2025-08-28,홍콩,CNE1000002H1,CHINA CONSTRUCTION BANK CORP-H,10118914
2025-08-28,홍콩,CNE1000002L3,CHINA LIFE INSURANCE CO LTD-H,9695113
2025-08-28,홍콩,HK0000637857,GLOBAL X CHINA ROBOTICS AND AI ETF (HKD),9182269
2025-08-28,홍콩,KYG8208B1014,JD.COM INC CL A,9094035
2025-08-28,홍콩,IT0003874101,PRADA SPA,8849069
2025-08-28,홍콩,HKX601342549,CHINA BRIGHT CULTURE GROUP USD0.00001 (Delisted/BL398Y0) CHAN 970928502 KYG2153C1078,8631000
2025-08-28,홍콩,KYG7611S1075,ROBOSENSE,7455384
2025-08-28,홍콩,HK0000860996,A SS ASIA META,7332849
2025-08-28,홍콩,CNE1000003W8,PETROCHINA CO LTD-H,7298334
2025-08-29,홍콩,KYG9830T1067,XIAOMI CORP,271297196
2025-08-29,홍콩,KYG875721634,TENCENT HOLDINGS LTD,257088619
2025-08-29,홍콩,KYG017191142,ALIBABA GROUP HOLDING LTD,188586208
2025-08-29,홍콩,CNE100000296,BYD CO LTD-H,176760461
2025-08-29,홍콩,KYG8020E1199,SEMICONDUCTOR MANUFACTURING INTL CORP,108408988
2025-08-29,홍콩,CNE100006WS8,CATL ORD H,90308076
2025-08-29,홍콩,KYG7170M1033,POP MART INTL GROUP LTD,80549914
2025-08-29,홍콩,CNE100005F09,TIANQI LITHIUM CORP,75073354
2025-08-29,홍콩,CNE1000031W9,GANFENGLITHIUM ORD H,70920485
2025-08-29,홍콩,CNE100000593,PICC PROPERTY AND CASUALTY CO LTD-H,58005800
2025-08-29,홍콩,HK0000562659,GLOBAL X CHINA ELECTRIC VEHICLE AND BATTERY ETF (HKD),51473948
2025-08-29,홍콩,HK0000748381,YESASIA HOLDINGS LTD,45704009
2025-08-29,홍콩,CNE100004YZ4,CTG DUTY-FREE,41732938
2025-08-29,홍콩,HK0001025037,GLOBAL X US Treasury 3-5 Year ETF,31275572
2025-08-29,홍콩,CNE100006CQ4,Ubtech Robotics Ord Shs H,29797041
2025-08-29,홍콩,CNE100006JG0,LAOPU GOLD,29596685
2025-08-29,홍콩,KYG596691041,MEITUAN,29535906
2025-08-29,홍콩,CNE100006Z79,SANHUA INTELLIGENT,28642877
2025-08-29,홍콩,KYG392AS1011,GLOBAL NEW MATERIAL INTL HOLDINGS LTD,28454797
2025-08-29,홍콩,KYG4602S1057,HORIZONROBOT-W,28364119
2025-08-29,홍콩,HK0000921236,A GX USD MM,26108870
2025-08-29,홍콩,KYG3777B1032,GEELY AUTOMOBILE HOLDINGS LTD,25953836
2025-08-29,홍콩,KYG970081173,WUXI BIOLOGICS CAYMAN INC,23061698
2025-08-29,홍콩,HK0000516697,GLOBAL X CHINA BIOTECH ETF (HKD),21261339
2025-08-29,홍콩,HK0000637832,GLOBAL X CHINA SEMICONDUCTOR ETF (HKD),21136473
2025-08-29,홍콩,HK0000921228,Global X HANG SENG TECH ETF,20849981
2025-08-29,홍콩,CNE1000003X6,PING AN INSURANCE GROUP CO OF CHINA LTD-H,20270135
2025-08-29,홍콩,HK0000859063,SAMSUNG BLOCKCHAIN TECHNOLOGIES ETF,19971801
2025-08-29,홍콩,HK0000562634,GLOBAL X CHINA CONSUMER BRAND ETF (HKD),19144526
2025-08-29,홍콩,HK1126010854,DREAM INTERNATIONAL LTD,18341890
2025-08-29,홍콩,HK0000516713,GLOBAL X CHINA CLOUD COMPUTING ETF (HKD),18076026
2025-08-29,홍콩,HK0941009539,CHINA MOBILE LTD,17631661
2025-08-29,홍콩,KYG070341048,BAIDU INC CL A,16880576
2025-08-29,홍콩,KYG3774X1088,GCL TECHNOLOGY HOLDINGS LTD,16172962
2025-08-29,홍콩,KYG982AW1003,XPENG INC,14602085
2025-08-29,홍콩,HK0000562675,GLOBAL X CHINA CLEAN ENERGY ETF (HKD),13854067
2025-08-29,홍콩,HK0000642568,CSOP HANG SENG TECH INDEX ETF (HKD),12989618
2025-08-29,홍콩,KYG532631028,KUAISHOU TECHNOLOGY,11274824
2025-08-29,홍콩,HKX566362888,PING AN SECURITIE HKD0.01 HKD0.01 CHAN 009837742 BMG7115B1211,10810295
2025-08-29,홍콩,CNE1000003G1,INDUSTRIAL AND COMMERCIAL BANK OF CHINA LTD-H,10646515
2025-08-29,홍콩,CNE1000002H1,CHINA CONSTRUCTION BANK CORP-H,10083088
2025-08-29,홍콩,CNE1000002L3,CHINA LIFE INSURANCE CO LTD-H,9723929
2025-08-29,홍콩,CNE1000048K8,HAIER SMART HOME CO LTD-H MRGR 006942845 BMG423131256,9672804
2025-08-29,홍콩,HK0000637857,GLOBAL X CHINA ROBOTICS AND AI ETF (HKD),9387953
2025-08-29,홍콩,KYG8208B1014,JD.COM INC CL A,9302570
2025-08-29,홍콩,IT0003874101,PRADA SPA,9070231
2025-08-29,홍콩,HKX601342549,CHINA BRIGHT CULTURE GROUP USD0.00001 (Delisted/BL398Y0) CHAN 970928502 KYG2153C1078,8631000
2025-08-29,홍콩,KYG7611S1075,ROBOSENSE,7749336
2025-08-29,홍콩,HK0000123577,CHINAAMC CSI 300 INDEX ETF HKD,7423459
2025-08-29,홍콩,CNE1000003W8,PETROCHINA CO LTD-H,7418383
2025-09-01,홍콩,KYG9830T1067,XIAOMI CORP,273163042
2025-09-01,홍콩,KYG875721634,TENCENT HOLDINGS LTD,260336240
2025-09-01,홍콩,KYG017191142,ALIBABA GROUP HOLDING LTD,215778349
2025-09-01,홍콩,CNE100000296,BYD CO LTD-H,166801293
2025-09-01,홍콩,KYG8020E1199,SEMICONDUCTOR MANUFACTURING INTL CORP,121653644
2025-09-01,홍콩,CNE100006WS8,CATL ORD H,89156158
2025-09-01,홍콩,KYG7170M1033,POP MART INTL GROUP LTD,76977439
2025-09-01,홍콩,CNE100005F09,TIANQI LITHIUM CORP,73799369
2025-09-01,홍콩,CNE1000031W9,GANFENGLITHIUM ORD H,71756870
2025-09-01,홍콩,CNE100000593,PICC PROPERTY AND CASUALTY CO LTD-H,57582333
2025-09-01,홍콩,HK0000562659,GLOBAL X CHINA ELECTRIC VEHICLE AND BATTERY ETF (HKD),51215710
2025-09-01,홍콩,HK0000748381,YESASIA HOLDINGS LTD,46521294
2025-09-01,홍콩,CNE100004YZ4,CTG DUTY-FREE,41854571
2025-09-01,홍콩,CNE100006CQ4,Ubtech Robotics Ord Shs H,31217470
2025-09-01,홍콩,HK0001025037,GLOBAL X US Treasury 3-5 Year ETF,30922575
2025-09-01,홍콩,CNE100006JG0,LAOPU GOLD,30878560
2025-09-01,홍콩,KYG392AS1011,GLOBAL NEW MATERIAL INTL HOLDINGS LTD,29539492
2025-09-01,홍콩,CNE100006Z79,SANHUA INTELLIGENT,28323260
2025-09-01,홍콩,KYG596691041,MEITUAN,28187216
2025-09-01,홍콩,HK0000921236,A GX USD MM,26019569
2025-09-01,홍콩,KYG3777B1032,GEELY AUTOMOBILE HOLDINGS LTD,25356306
2025-09-01,홍콩,KYG970081173,WUXI BIOLOGICS CAYMAN INC,25046523
2025-09-01,홍콩,KYG4602S1057,HORIZONROBOT-W,25035406
2025-09-01,홍콩,HK0000516697,GLOBAL X CHINA BIOTECH ETF (HKD),22196548
2025-09-01,홍콩,HK0000921228,Global X HANG SENG TECH ETF,21308004
2025-09-01,홍콩,CNE1000003X6,PING AN INSURANCE GROUP CO OF CHINA LTD-H,20408680
2025-09-01,홍콩,HK0000637832,GLOBAL X CHINA SEMICONDUCTOR ETF (HKD),20301080
2025-09-01,홍콩,HK0000859063,SAMSUNG BLOCKCHAIN TECHNOLOGIES ETF,19894824
2025-09-01,홍콩,HK0000562634,GLOBAL X CHINA CONSUMER BRAND ETF (HKD),19177666
2025-09-01,홍콩,HK0000516713,GLOBAL X CHINA CLOUD COMPUTING ETF (HKD),18498235
2025-09-01,홍콩,HK1126010854,DREAM INTERNATIONAL LTD,17909025
2025-09-01,홍콩,KYG070341048,BAIDU INC CL A,17563358
2025-09-01,홍콩,HK0941009539,CHINA MOBILE LTD,17050220
2025-09-01,홍콩,KYG3774X1088,GCL TECHNOLOGY HOLDINGS LTD,16556972
2025-09-01,홍콩,KYG982AW1003,XPENG INC,15059418
2025-09-01,홍콩,HK0000562675,GLOBAL X CHINA CLEAN ENERGY ETF (HKD),13765058
2025-09-01,홍콩,HK0000642568,CSOP HANG SENG TECH INDEX ETF (HKD),13241531
2025-09-01,홍콩,KYG532631028,KUAISHOU TECHNOLOGY,10996042
2025-09-01,홍콩,HKX566362888,PING AN SECURITIE HKD0.01 HKD0.01 CHAN 009837742 BMG7115B1211,10807592
2025-09-01,홍콩,CNE1000003G1,INDUSTRIAL AND COMMERCIAL BANK OF CHINA LTD-H,10570801
2025-09-01,홍콩,CNE1000002H1,CHINA CONSTRUCTION BANK CORP-H,10120699
2025-09-01,홍콩,HK0000637857,GLOBAL X CHINA ROBOTICS AND AI ETF (HKD),9977187
2025-09-01,홍콩,KYG8208B1014,JD.COM INC CL A,9726774
2025-09-01,홍콩,CNE1000048K8,HAIER SMART HOME CO LTD-H MRGR 006942845 BMG423131256,9640903
2025-09-01,홍콩,CNE1000002L3,CHINA LIFE INSURANCE CO LTD-H,9266206
2025-09-01,홍콩,IT0003874101,PRADA SPA,8927526
2025-09-01,홍콩,HKX601342549,CHINA BRIGHT CULTURE GROUP USD0.00001 (Delisted/BL398Y0) CHAN 970928502 KYG2153C1078,8631000
2025-09-01,홍콩,KYG7611S1075,ROBOSENSE,7777014
2025-09-01,홍콩,KYG4818G1010,INNOVENT BIOLOGICS INC,7773380
2025-09-01,홍콩,CNE1000003W8,PETROCHINA CO LTD-H,7535034
2025-09-02,홍콩,KYG9830T1067,XIAOMI CORP,282924837
2025-09-02,홍콩,KYG875721634,TENCENT HOLDINGS LTD,258392183
2025-09-02,홍콩,KYG017191142,ALIBABA GROUP HOLDING LTD,212195296
2025-09-02,홍콩,CNE100000296,BYD CO LTD-H,171100860
2025-09-02,홍콩,KYG8020E1199,SEMICONDUCTOR MANUFACTURING INTL CORP,120591233
2025-09-02,홍콩,CNE100006WS8,CATL ORD H,88986346
2025-09-02,홍콩,KYG7170M1033,POP MART INTL GROUP LTD,77422113
2025-09-02,홍콩,CNE100005F09,TIANQI LITHIUM CORP,71722714
2025-09-02,홍콩,CNE1000031W9,GANFENGLITHIUM ORD H,69256255
2025-09-02,홍콩,CNE100000593,PICC PROPERTY AND CASUALTY CO LTD-H,58589317
2025-09-02,홍콩,HK0000562659,GLOBAL X CHINA ELECTRIC VEHICLE AND BATTERY ETF (HKD),51331198
2025-09-02,홍콩,HK0000748381,YESASIA HOLDINGS LTD,47345358
2025-09-02,홍콩,CNE100004YZ4,CTG DUTY-FREE,40491781
2025-09-02,홍콩,CNE100006CQ4,Ubtech Robotics Ord Shs H,33072758
2025-09-02,홍콩,CNE100006JG0,LAOPU GOLD,31487061
2025-09-02,홍콩,HK0001025037,GLOBAL X US Treasury 3-5 Year ETF,31005778
2025-09-02,홍콩,KYG392AS1011,GLOBAL NEW MATERIAL INTL HOLDINGS LTD,29958559
2025-09-02,홍콩,CNE100006Z79,SANHUA INTELLIGENT,28565436
2025-09-02,홍콩,KYG596691041,MEITUAN,27502531
2025-09-02,홍콩,HK0000921236,A GX USD MM,26120318
2025-09-02,홍콩,KYG3777B1032,GEELY AUTOMOBILE HOLDINGS LTD,25017321
2025-09-02,홍콩,KYG970081173,WUXI BIOLOGICS CAYMAN INC,24434455
2025-09-02,홍콩,KYG4602S1057,HORIZONROBOT-W,23171298
2025-09-02,홍콩,HK0000516697,GLOBAL X CHINA BIOTECH ETF (HKD),21859518
2025-09-02,홍콩,HK0000921228,Global X HANG SENG TECH ETF,20868975
2025-09-02,홍콩,CNE1000003X6,PING AN INSURANCE GROUP CO OF CHINA LTD-H,20347526
2025-09-02,홍콩,HK0000637832,GLOBAL X CHINA SEMICONDUCTOR ETF (HKD),20232541
2025-09-02,홍콩,HK0000859063,SAMSUNG BLOCKCHAIN TECHNOLOGIES ETF,20017106
2025-09-02,홍콩,HK0000562634,GLOBAL X CHINA CONSUMER BRAND ETF (HKD),19226393
2025-09-02,홍콩,HK1126010854,DREAM INTERNATIONAL LTD,17964564
2025-09-02,홍콩,HK0000516713,GLOBAL X CHINA CLOUD COMPUTING ETF (HKD),17831751
2025-09-02,홍콩,HK0941009539,CHINA MOBILE LTD,16909368
2025-09-02,홍콩,KYG3774X1088,GCL TECHNOLOGY HOLDINGS LTD,16521782
2025-09-02,홍콩,KYG070341048,BAIDU INC CL A,16344090
2025-09-02,홍콩,KYG982AW1003,XPENG INC,15984517
2025-09-02,홍콩,HK0000562675,GLOBAL X CHINA CLEAN ENERGY ETF (HKD),14102673
2025-09-02,홍콩,HK0000642568,CSOP HANG SENG TECH INDEX ETF (HKD),13053094
2025-09-02,홍콩,KYG532631028,KUAISHOU TECHNOLOGY,10847355
2025-09-02,홍콩,HKX566362888,PING AN SECURITIE HKD0.01 HKD0.01 CHAN 009837742 BMG7115B1211,10805599
2025-09-02,홍콩,CNE1000003G1,INDUSTRIAL AND COMMERCIAL BANK OF CHINA LTD-H,10717155
2025-09-02,홍콩,HK0000637857,GLOBAL X CHINA ROBOTICS AND AI ETF (HKD),10515146
2025-09-02,홍콩,CNE1000002H1,CHINA CONSTRUCTION BANK CORP-H,10332297
2025-09-02,홍콩,KYG8208B1014,JD.COM INC CL A,9570557
2025-09-02,홍콩,CNE1000048K8,HAIER SMART HOME CO LTD-H MRGR 006942845 BMG423131256,9545981
2025-09-02,홍콩,CNE1000002L3,CHINA LIFE INSURANCE CO LTD-H,8794932
2025-09-02,홍콩,IT0003874101,PRADA SPA,8725489
2025-09-02,홍콩,HKX601342549,CHINA BRIGHT CULTURE GROUP USD0.00001 (Delisted/BL398Y0) CHAN 970928502 KYG2153C1078,8631000
2025-09-02,홍콩,CNE1000003W8,PETROCHINA CO LTD-H,7547562
2025-09-02,홍콩,KYG7611S1075,ROBOSENSE,7444600
2025-09-02,홍콩,HK0000123577,CHINAAMC CSI 300 INDEX ETF HKD,7392830
2025-09-03,홍콩,KYG9830T1067,XIAOMI CORP,283012424
2025-09-03,홍콩,KYG875721634,TENCENT HOLDINGS LTD,259122752
2025-09-03,홍콩,KYG017191142,ALIBABA GROUP HOLDING LTD,183119572
2025-09-03,홍콩,CNE100000296,BYD CO LTD-H,167605171
2025-09-03,홍콩,KYG8020E1199,SEMICONDUCTOR MANUFACTURING INTL CORP,124867278
2025-09-03,홍콩,CNE100006WS8,CATL ORD H,90089285
2025-09-03,홍콩,KYG7170M1033,POP MART INTL GROUP LTD,81070920
2025-09-03,홍콩,CNE100005F09,TIANQI LITHIUM CORP,70515707
2025-09-03,홍콩,CNE1000031W9,GANFENGLITHIUM ORD H,69005178
2025-09-03,홍콩,CNE100000593,PICC PROPERTY AND CASUALTY CO LTD-H,58128932
2025-09-03,홍콩,HK0000562659,GLOBAL X CHINA ELECTRIC VEHICLE AND BATTERY ETF (HKD),51381234
2025-09-03,홍콩,HK0000748381,YESASIA HOLDINGS LTD,43147588
2025-09-03,홍콩,CNE100004YZ4,CTG DUTY-FREE,39267280
2025-09-03,홍콩,CNE100006JG0,LAOPU GOLD,35655436
2025-09-03,홍콩,CNE100006CQ4,Ubtech Robotics Ord Shs H,33205240
2025-09-03,홍콩,HK0001025037,GLOBAL X US Treasury 3-5 Year ETF,30961420
2025-09-03,홍콩,KYG392AS1011,GLOBAL NEW MATERIAL INTL HOLDINGS LTD,29610589
2025-09-03,홍콩,KYG596691041,MEITUAN,27519911
2025-09-03,홍콩,CNE100006Z79,SANHUA INTELLIGENT,27462008
2025-09-03,홍콩,KYG970081173,WUXI BIOLOGICS CAYMAN INC,26980678
2025-09-03,홍콩,HK0000921236,A GX USD MM,26108264
2025-09-03,홍콩,KYG3777B1032,GEELY AUTOMOBILE HOLDINGS LTD,24789146
2025-09-03,홍콩,KYG4602S1057,HORIZONROBOT-W,23051417
2025-09-03,홍콩,HK0000516697,GLOBAL X CHINA BIOTECH ETF (HKD),21947879
2025-09-03,홍콩,CNE1000003X6,PING AN INSURANCE GROUP CO OF CHINA LTD-H,20948761
2025-09-03,홍콩,HK0000921228,Global X HANG SENG TECH ETF,20682577
2025-09-03,홍콩,HK0000637832,GLOBAL X CHINA SEMICONDUCTOR ETF (HKD),19975204
2025-09-03,홍콩,HK0000859063,SAMSUNG BLOCKCHAIN TECHNOLOGIES ETF,19907741
2025-09-03,홍콩,HK0000562634,GLOBAL X CHINA CONSUMER BRAND ETF (HKD),19290258
2025-09-03,홍콩,HK0000516713,GLOBAL X CHINA CLOUD COMPUTING ETF (HKD),17623233
2025-09-03,홍콩,HK1126010854,DREAM INTERNATIONAL LTD,16971321
2025-09-03,홍콩,HK0941009539,CHINA MOBILE LTD,16905008
2025-09-03,홍콩,KYG070341048,BAIDU INC CL A,16671158
2025-09-03,홍콩,KYG3774X1088,GCL TECHNOLOGY HOLDINGS LTD,16334825
2025-09-03,홍콩,KYG982AW1003,XPENG INC,15900197
2025-09-03,홍콩,HK0000562675,GLOBAL X CHINA CLEAN ENERGY ETF (HKD),14356060
2025-09-03,홍콩,HK0000642568,CSOP HANG SENG TECH INDEX ETF (HKD),12978569
2025-09-03,홍콩,CNE1000003G1,INDUSTRIAL AND COMMERCIAL BANK OF CHINA LTD-H,11292679
2025-09-03,홍콩,KYG532631028,KUAISHOU TECHNOLOGY,10880711
2025-09-03,홍콩,HKX566362888,PING AN SECURITIE HKD0.01 HKD0.01 CHAN 009837742 BMG7115B1211,10790208
2025-09-03,홍콩,HK0000637857,GLOBAL X CHINA ROBOTICS AND AI ETF (HKD),10366595
2025-09-03,홍콩,CNE1000002H1,CHINA CONSTRUCTION BANK CORP-H,10203264
2025-09-03,홍콩,KYG8208B1014,JD.COM INC CL A,9663667
2025-09-03,홍콩,CNE1000048K8,HAIER SMART HOME CO LTD-H MRGR 006942845 BMG423131256,9362617
2025-09-03,홍콩,IT0003874101,PRADA SPA,8720047
2025-09-03,홍콩,CNE1000002L3,CHINA LIFE INSURANCE CO LTD-H,8711707
2025-09-03,홍콩,CNE1000003W8,PETROCHINA CO LTD-H,8686138
2025-09-03,홍콩,HKX601342549,CHINA BRIGHT CULTURE GROUP USD0.00001 (Delisted/BL398Y0) CHAN 970928502 KYG2153C1078,8631000
2025-09-03,홍콩,KYG711391022,PING AN HEALTHCARE AND TECHNOLOGY CO LTD,8105889
2025-09-03,홍콩,KYG7611S1075,ROBOSENSE,7984717
2025-09-04,홍콩,KYG9830T1067,XIAOMI CORP,280560586
2025-09-04,홍콩,KYG875721634,TENCENT HOLDINGS LTD,256599159
2025-09-04,홍콩,KYG017191142,ALIBABA GROUP HOLDING LTD,181339144
2025-09-04,홍콩,CNE100000296,BYD CO LTD-H,161999601
2025-09-04,홍콩,KYG8020E1199,SEMICONDUCTOR MANUFACTURING INTL CORP,120050275
2025-09-04,홍콩,CNE100006WS8,CATL ORD H,90289373
2025-09-04,홍콩,KYG7170M1033,POP MART INTL GROUP LTD,80134449
2025-09-04,홍콩,CNE100005F09,TIANQI LITHIUM CORP,72532311
2025-09-04,홍콩,CNE1000031W9,GANFENGLITHIUM ORD H,70589725
2025-09-04,홍콩,CNE100000593,PICC PROPERTY AND CASUALTY CO LTD-H,57368971
2025-09-04,홍콩,HK0000562659,GLOBAL X CHINA ELECTRIC VEHICLE AND BATTERY ETF (HKD),51876143
2025-09-04,홍콩,HK0000748381,YESASIA HOLDINGS LTD,42188863
2025-09-04,홍콩,CNE100004YZ4,CTG DUTY-FREE,39226895
2025-09-04,홍콩,CNE100006JG0,LAOPU GOLD,35467679
2025-09-04,홍콩,CNE100006CQ4,Ubtech Robotics Ord Shs H,33943302
2025-09-04,홍콩,HK0001025037,GLOBAL X US Treasury 3-5 Year ETF,30988317
2025-09-04,홍콩,KYG392AS1011,GLOBAL NEW MATERIAL INTL HOLDINGS LTD,28302980
2025-09-04,홍콩,KYG596691041,MEITUAN,27425094
2025-09-04,홍콩,KYG970081173,WUXI BIOLOGICS CAYMAN INC,26354221
2025-09-04,홍콩,HK0000921236,A GX USD MM,26061418
2025-09-04,홍콩,CNE100006Z79,SANHUA INTELLIGENT,26054012
2025-09-04,홍콩,KYG3777B1032,GEELY AUTOMOBILE HOLDINGS LTD,24263716
2025-09-04,홍콩,KYG4602S1057,HORIZONROBOT-W,21257177
2025-09-04,홍콩,HK0000516697,GLOBAL X CHINA BIOTECH ETF (HKD),21047677
2025-09-04,홍콩,CNE1000003X6,PING AN INSURANCE GROUP CO OF CHINA LTD-H,20658660
2025-09-04,홍콩,HK0000921228,Global X HANG SENG TECH ETF,20344397
2025-09-04,홍콩,HK0000859063,SAMSUNG BLOCKCHAIN TECHNOLOGIES ETF,19772180
2025-09-04,홍콩,HK0000562634,GLOBAL X CHINA CONSUMER BRAND ETF (HKD),19165059
2025-09-04,홍콩,HK0000637832,GLOBAL X CHINA SEMICONDUCTOR ETF (HKD),18805473
2025-09-04,홍콩,HK0000516713,GLOBAL X CHINA CLOUD COMPUTING ETF (HKD),16941173
2025-09-04,홍콩,KYG070341048,BAIDU INC CL A,16902825
2025-09-04,홍콩,HK0941009539,CHINA MOBILE LTD,16860464
2025-09-04,홍콩,KYG3774X1088,GCL TECHNOLOGY HOLDINGS LTD,16564973
2025-09-04,홍콩,HK1126010854,DREAM INTERNATIONAL LTD,16244203
2025-09-04,홍콩,KYG982AW1003,XPENG INC,15777949
2025-09-04,홍콩,HK0000562675,GLOBAL X CHINA CLEAN ENERGY ETF (HKD),14393655
2025-09-04,홍콩,HK0000642568,CSOP HANG SENG TECH INDEX ETF (HKD),12780564
2025-09-04,홍콩,CNE1000003G1,INDUSTRIAL AND COMMERCIAL BANK OF CHINA LTD-H,11285737
2025-09-04,홍콩,HKX566362888,PING AN SECURITIE HKD0.01 HKD0.01 CHAN 009837742 BMG7115B1211,10799581
2025-09-04,홍콩,KYG532631028,KUAISHOU TECHNOLOGY,10489202
2025-09-04,홍콩,CNE1000002H1,CHINA CONSTRUCTION BANK CORP-H,10157618
2025-09-04,홍콩,HK0000637857,GLOBAL X CHINA ROBOTICS AND AI ETF (HKD),9927806
2025-09-04,홍콩,KYG8208B1014,JD.COM INC CL A,9598283
2025-09-04,홍콩,CNE1000048K8,HAIER SMART HOME CO LTD-H MRGR 006942845 BMG423131256,9276348
2025-09-04,홍콩,HKX601342549,CHINA BRIGHT CULTURE GROUP USD0.00001 (Delisted/BL398Y0) CHAN 970928502 KYG2153C1078,8631000
2025-09-04,홍콩,CNE1000003W8,PETROCHINA CO LTD-H,8583823
2025-09-04,홍콩,IT0003874101,PRADA SPA,8574809
2025-09-04,홍콩,CNE1000002L3,CHINA LIFE INSURANCE CO LTD-H,8433150
2025-09-04,홍콩,KYG711391022,PING AN HEALTHCARE AND TECHNOLOGY CO LTD,7934885
2025-09-04,홍콩,KYG7611S1075,ROBOSENSE,7865076
2025-09-05,홍콩,KYG9830T1067,XIAOMI CORP,282777107
2025-09-05,홍콩,KYG875721634,TENCENT HOLDINGS LTD,261695325
2025-09-05,홍콩,KYG017191142,ALIBABA GROUP HOLDING LTD,184573495
2025-09-05,홍콩,CNE100000296,BYD CO LTD-H,164538788
2025-09-05,홍콩,KYG8020E1199,SEMICONDUCTOR MANUFACTURING INTL CORP,127287637
2025-09-05,홍콩,CNE100006WS8,CATL ORD H,92899126
2025-09-05,홍콩,CNE100005F09,TIANQI LITHIUM CORP,82198831
2025-09-05,홍콩,KYG7170M1033,POP MART INTL GROUP LTD,80831687
2025-09-05,홍콩,CNE1000031W9,GANFENGLITHIUM ORD H,79725074
2025-09-05,홍콩,CNE100000593,PICC PROPERTY AND CASUALTY CO LTD-H,57215445
2025-09-05,홍콩,HK0000562659,GLOBAL X CHINA ELECTRIC VEHICLE AND BATTERY ETF (HKD),53546545
2025-09-05,홍콩,HK0000748381,YESASIA HOLDINGS LTD,42107637
2025-09-05,홍콩,CNE100004YZ4,CTG DUTY-FREE,40753721
2025-09-05,홍콩,CNE100006JG0,LAOPU GOLD,37217837
2025-09-05,홍콩,CNE100006CQ4,Ubtech Robotics Ord Shs H,36468578
2025-09-05,홍콩,HK0001025037,GLOBAL X US Treasury 3-5 Year ETF,30999742
2025-09-05,홍콩,KYG392AS1011,GLOBAL NEW MATERIAL INTL HOLDINGS LTD,28424353
2025-09-05,홍콩,KYG596691041,MEITUAN,27831323
2025-09-05,홍콩,KYG970081173,WUXI BIOLOGICS CAYMAN INC,27582798
2025-09-05,홍콩,CNE100006Z79,SANHUA INTELLIGENT,26725001
2025-09-05,홍콩,HK0000921236,A GX USD MM,26060366
2025-09-05,홍콩,KYG3777B1032,GEELY AUTOMOBILE HOLDINGS LTD,24828398
2025-09-05,홍콩,KYG4602S1057,HORIZONROBOT-W,22702265
2025-09-05,홍콩,HK0000516697,GLOBAL X CHINA BIOTECH ETF (HKD),21570711
2025-09-05,홍콩,HK0000921228,Global X HANG SENG TECH ETF,20749925
2025-09-05,홍콩,CNE1000003X6,PING AN INSURANCE GROUP CO OF CHINA LTD-H,20580978
2025-09-05,홍콩,HK0000859063,SAMSUNG BLOCKCHAIN TECHNOLOGIES ETF,19808257
2025-09-05,홍콩,HK0000637832,GLOBAL X CHINA SEMICONDUCTOR ETF (HKD),19590380
2025-09-05,홍콩,HK0000562634,GLOBAL X CHINA CONSUMER BRAND ETF (HKD),19330972
2025-09-05,홍콩,KYG3774X1088,GCL TECHNOLOGY HOLDINGS LTD,18590279
2025-09-05,홍콩,HK0000516713,GLOBAL X CHINA CLOUD COMPUTING ETF (HKD),17355481
2025-09-05,홍콩,KYG070341048,BAIDU INC CL A,17151734
2025-09-05,홍콩,HK0941009539,CHINA MOBILE LTD,16943901
2025-09-05,홍콩,KYG982AW1003,XPENG INC,16315588
2025-09-05,홍콩,HK1126010854,DREAM INTERNATIONAL LTD,16161381
2025-09-05,홍콩,HK0000562675,GLOBAL X CHINA CLEAN ENERGY ETF (HKD),15256857
2025-09-05,홍콩,HK0000642568,CSOP HANG SENG TECH INDEX ETF (HKD),12957043
2025-09-05,홍콩,CNE1000003G1,INDUSTRIAL AND COMMERCIAL BANK OF CHINA LTD-H,11394171
2025-09-05,홍콩,KYG532631028,KUAISHOU TECHNOLOGY,11018953
2025-09-05,홍콩,HKX566362888,PING AN SECURITIE HKD0.01 HKD0.01 CHAN 009837742 BMG7115B1211,10799642
2025-09-05,홍콩,HK0000637857,GLOBAL X CHINA ROBOTICS AND AI ETF (HKD),10405597
2025-09-05,홍콩,CNE1000002H1,CHINA CONSTRUCTION BANK CORP-H,10263756
2025-09-05,홍콩,KYG8208B1014,JD.COM INC CL A,9827941
2025-09-05,홍콩,CNE1000048K8,HAIER SMART HOME CO LTD-H MRGR 006942845 BMG423131256,9464621
2025-09-05,홍콩,CNE1000003W8,PETROCHINA CO LTD-H,8651372
2025-09-05,홍콩,HKX601342549,CHINA BRIGHT CULTURE GROUP USD0.00001 (Delisted/BL398Y0) CHAN 970928502 KYG2153C1078,8631000
2025-09-05,홍콩,CNE1000002L3,CHINA LIFE INSURANCE CO LTD-H,8500965
2025-09-05,홍콩,KYG7611S1075,ROBOSENSE,8446702
2025-09-05,홍콩,HK0000761400,PREMIA CHINA STAR50 ETF HKD,8370650
2025-09-05,홍콩,IT0003874101,PRADA SPA,8304295
2025-09-08,홍콩,KYG9830T1067,XIAOMI CORP,287339184
2025-09-08,홍콩,KYG875721634,TENCENT HOLDINGS LTD,255940914
2025-09-08,홍콩,KYG017191142,ALIBABA GROUP HOLDING LTD,191327987
2025-09-08,홍콩,CNE100000296,BYD CO LTD-H,163938005
2025-09-08,홍콩,KYG8020E1199,SEMICONDUCTOR MANUFACTURING INTL CORP,121068403
2025-09-08,홍콩,CNE100006WS8,CATL ORD H,92617873
2025-09-08,홍콩,CNE1000031W9,GANFENGLITHIUM ORD H,83840881
2025-09-08,홍콩,CNE100005F09,TIANQI LITHIUM CORP,83558764
2025-09-08,홍콩,KYG7170M1033,POP MART INTL GROUP LTD,72076359
2025-09-08,홍콩,CNE100000593,PICC PROPERTY AND CASUALTY CO LTD-H,57399006
2025-09-08,홍콩,HK0000562659,GLOBAL X CHINA ELECTRIC VEHICLE AND BATTERY ETF (HKD),54428823
2025-09-08,홍콩,HK0000748381,YESASIA HOLDINGS LTD,42139828
2025-09-08,홍콩,CNE100004YZ4,CTG DUTY-FREE,40922043
2025-09-08,홍콩,CNE100006JG0,LAOPU GOLD,37330920
2025-09-08,홍콩,CNE100006CQ4,Ubtech Robotics Ord Shs H,36776941
2025-09-08,홍콩,HK0001025037,GLOBAL X US Treasury 3-5 Year ETF,31144433
2025-09-08,홍콩,CNE100006Z79,SANHUA INTELLIGENT,30783309
2025-09-08,홍콩,KYG392AS1011,GLOBAL NEW MATERIAL INTL HOLDINGS LTD,28434767
2025-09-08,홍콩,KYG596691041,MEITUAN,27156573
2025-09-08,홍콩,HK0000921236,A GX USD MM,26045931
2025-09-08,홍콩,KYG970081173,WUXI BIOLOGICS CAYMAN INC,24540036
2025-09-08,홍콩,KYG3777B1032,GEELY AUTOMOBILE HOLDINGS LTD,24291527
2025-09-08,홍콩,KYG4602S1057,HORIZONROBOT-W,24288574
2025-09-08,홍콩,HK0000516697,GLOBAL X CHINA BIOTECH ETF (HKD),22224699
2025-09-08,홍콩,CNE1000003X6,PING AN INSURANCE GROUP CO OF CHINA LTD-H,20721574
2025-09-08,홍콩,HK0000921228,Global X HANG SENG TECH ETF,20669631
2025-09-08,홍콩,HK0000637832,GLOBAL X CHINA SEMICONDUCTOR ETF (HKD),19758473
2025-09-08,홍콩,HK0000859063,SAMSUNG BLOCKCHAIN TECHNOLOGIES ETF,19698583
2025-09-08,홍콩,HK0000562634,GLOBAL X CHINA CONSUMER BRAND ETF (HKD),19501441
2025-09-08,홍콩,KYG532631028,KUAISHOU TECHNOLOGY,19175769
2025-09-08,홍콩,KYG3774X1088,GCL TECHNOLOGY HOLDINGS LTD,18407574
2025-09-08,홍콩,KYG070341048,BAIDU INC CL A,17827298
2025-09-08,홍콩,HK0000516713,GLOBAL X CHINA CLOUD COMPUTING ETF (HKD),17819276
2025-09-08,홍콩,HK0941009539,CHINA MOBILE LTD,16894876
2025-09-08,홍콩,HK1126010854,DREAM INTERNATIONAL LTD,16545858
2025-09-08,홍콩,KYG982AW1003,XPENG INC,16149145
2025-09-08,홍콩,HK0000562675,GLOBAL X CHINA CLEAN ENERGY ETF (HKD),15429186
2025-09-08,홍콩,HK0000642568,CSOP HANG SENG TECH INDEX ETF (HKD),13107562
2025-09-08,홍콩,CNE1000003G1,INDUSTRIAL AND COMMERCIAL BANK OF CHINA LTD-H,11437854
2025-09-08,홍콩,HK0000637857,GLOBAL X CHINA ROBOTICS AND AI ETF (HKD),10873241
2025-09-08,홍콩,HKX566362888,PING AN SECURITIE HKD0.01 HKD0.01 CHAN 009837742 BMG7115B1211,10803599
2025-09-08,홍콩,CNE1000002H1,CHINA CONSTRUCTION BANK CORP-H,10215081
2025-09-08,홍콩,KYG8208B1014,JD.COM INC CL A,9974783
2025-09-08,홍콩,CNE1000048K8,HAIER SMART HOME CO LTD-H MRGR 006942845 BMG423131256,9468089
2025-09-08,홍콩,HK0000761400,PREMIA CHINA STAR50 ETF HKD,8931105
2025-09-08,홍콩,CNE1000003W8,PETROCHINA CO LTD-H,8771081
2025-09-08,홍콩,KYG7611S1075,ROBOSENSE,8710406
2025-09-08,홍콩,HKX601342549,CHINA BRIGHT CULTURE GROUP USD0.00001 (Delisted/BL398Y0) CHAN 970928502 KYG2153C1078,8631000
2025-09-08,홍콩,CNE1000002L3,CHINA LIFE INSURANCE CO LTD-H,8468179
2025-09-08,홍콩,IT0003874101,PRADA SPA,8332394
2025-09-09,홍콩,KYG9830T1067,XIAOMI CORP,296216225
2025-09-09,홍콩,KYG875721634,TENCENT HOLDINGS LTD,259167440
2025-09-09,홍콩,KYG017191142,ALIBABA GROUP HOLDING LTD,199272331
2025-09-09,홍콩,CNE100000296,BYD CO LTD-H,163749314
2025-09-09,홍콩,KYG8020E1199,SEMICONDUCTOR MANUFACTURING INTL CORP,122580641
2025-09-09,홍콩,CNE100006WS8,CATL ORD H,92776863
2025-09-09,홍콩,CNE1000031W9,GANFENGLITHIUM ORD H,82189426
2025-09-09,홍콩,CNE100005F09,TIANQI LITHIUM CORP,80170010
2025-09-09,홍콩,KYG7170M1033,POP MART INTL GROUP LTD,73842770
2025-09-09,홍콩,CNE100000593,PICC PROPERTY AND CASUALTY CO LTD-H,58013753
2025-09-09,홍콩,HK0000562659,GLOBAL X CHINA ELECTRIC VEHICLE AND BATTERY ETF (HKD),53941323
2025-09-09,홍콩,HK0000748381,YESASIA HOLDINGS LTD,41459466
2025-09-09,홍콩,CNE100004YZ4,CTG DUTY-FREE,40519173
2025-09-09,홍콩,CNE100006JG0,LAOPU GOLD,39208275
2025-09-09,홍콩,CNE100006CQ4,Ubtech Robotics Ord Shs H,37738341
2025-09-09,홍콩,HK0001025037,GLOBAL X US Treasury 3-5 Year ETF,31130212
2025-09-09,홍콩,KYG392AS1011,GLOBAL NEW MATERIAL INTL HOLDINGS LTD,29301556
2025-09-09,홍콩,CNE100006Z79,SANHUA INTELLIGENT,29229623
2025-09-09,홍콩,KYG596691041,MEITUAN,26547640
2025-09-09,홍콩,HK0000921236,A GX USD MM,26121927
2025-09-09,홍콩,KYG3777B1032,GEELY AUTOMOBILE HOLDINGS LTD,25040963
2025-09-09,홍콩,KYG970081173,WUXI BIOLOGICS CAYMAN INC,23741724
2025-09-09,홍콩,KYG4602S1057,HORIZONROBOT-W,21982519
2025-09-09,홍콩,HK0000516697,GLOBAL X CHINA BIOTECH ETF (HKD),21901201
2025-09-09,홍콩,CNE1000003X6,PING AN INSURANCE GROUP CO OF CHINA LTD-H,21205546
2025-09-09,홍콩,HK0000921228,Global X HANG SENG TECH ETF,20988187
2025-09-09,홍콩,HK0000859063,SAMSUNG BLOCKCHAIN TECHNOLOGIES ETF,20133699
2025-09-09,홍콩,HK0000637832,GLOBAL X CHINA SEMICONDUCTOR ETF (HKD),19597489
2025-09-09,홍콩,HK0000562634,GLOBAL X CHINA CONSUMER BRAND ETF (HKD),19397048
2025-09-09,홍콩,HK1126010854,DREAM INTERNATIONAL LTD,18360139
2025-09-09,홍콩,HK0000516713,GLOBAL X CHINA CLOUD COMPUTING ETF (HKD),17691591
2025-09-09,홍콩,KYG3774X1088,GCL TECHNOLOGY HOLDINGS LTD,17622917
2025-09-09,홍콩,KYG070341048,BAIDU INC CL A,17536233
2025-09-09,홍콩,HK0941009539,CHINA MOBILE LTD,17188027
2025-09-09,홍콩,KYG982AW1003,XPENG INC,16861873
2025-09-09,홍콩,KYG532631028,KUAISHOU TECHNOLOGY,16410304
2025-09-09,홍콩,HK0000562675,GLOBAL X CHINA CLEAN ENERGY ETF (HKD),15110262
2025-09-09,홍콩,HK0000642568,CSOP HANG SENG TECH INDEX ETF (HKD),13314223
2025-09-09,홍콩,CNE1000003G1,INDUSTRIAL AND COMMERCIAL BANK OF CHINA LTD-H,11670511
2025-09-09,홍콩,HKX566362888,PING AN SECURITIE HKD0.01 HKD0.01 CHAN 009837742 BMG7115B1211,10810236
2025-09-09,홍콩,HK0000637857,GLOBAL X CHINA ROBOTICS AND AI ETF (HKD),10720462
2025-09-09,홍콩,CNE1000002H1,CHINA CONSTRUCTION BANK CORP-H,10508845
2025-09-09,홍콩,KYG8208B1014,JD.COM INC CL A,10335417
2025-09-09,홍콩,CNE1000048K8,HAIER SMART HOME CO LTD-H MRGR 006942845 BMG423131256,10233635
2025-09-09,홍콩,HK0000761400,PREMIA CHINA STAR50 ETF HKD,9219914
2025-09-09,홍콩,HKX601342549,CHINA BRIGHT CULTURE GROUP USD0.00001 (Delisted/BL398Y0) CHAN 970928502 KYG2153C1078,8631000
2025-09-09,홍콩,IT0003874101,PRADA SPA,8623212
2025-09-09,홍콩,KYG7611S1075,ROBOSENSE,8498366
2025-09-09,홍콩,CNE1000003W8,PETROCHINA CO LTD-H,8340988
2025-09-09,홍콩,CNE1000002L3,CHINA LIFE INSURANCE CO LTD-H,8145603
2025-09-10,홍콩,KYG9830T1067,XIAOMI CORP,290599546
2025-09-10,홍콩,KYG875721634,TENCENT HOLDINGS LTD,262804316
2025-09-10,홍콩,KYG017191142,ALIBABA GROUP HOLDING LTD,201492798
2025-09-10,홍콩,CNE100000296,BYD CO LTD-H,163033176
2025-09-10,홍콩,KYG8020E1199,SEMICONDUCTOR MANUFACTURING INTL CORP,129034678
2025-09-10,홍콩,CNE100006WS8,CATL ORD H,92406619
2025-09-10,홍콩,CNE1000031W9,GANFENGLITHIUM ORD H,76005958
2025-09-10,홍콩,CNE100005F09,TIANQI LITHIUM CORP,73838496
2025-09-10,홍콩,KYG7170M1033,POP MART INTL GROUP LTD,69392427
2025-09-10,홍콩,CNE100000593,PICC PROPERTY AND CASUALTY CO LTD-H,60051437
2025-09-10,홍콩,HK0000562659,GLOBAL X CHINA ELECTRIC VEHICLE AND BATTERY ETF (HKD),53232263
2025-09-10,홍콩,HK0000748381,YESASIA HOLDINGS LTD,41285737
2025-09-10,홍콩,CNE100004YZ4,CTG DUTY-FREE,40444063
2025-09-10,홍콩,CNE100006CQ4,Ubtech Robotics Ord Shs H,38188638
2025-09-10,홍콩,CNE100006JG0,LAOPU GOLD,36277265
2025-09-10,홍콩,HK0001025037,GLOBAL X US Treasury 3-5 Year ETF,31050660
2025-09-10,홍콩,KYG392AS1011,GLOBAL NEW MATERIAL INTL HOLDINGS LTD,28956688
2025-09-10,홍콩,CNE100006Z79,SANHUA INTELLIGENT,28472721
2025-09-10,홍콩,KYG970081173,WUXI BIOLOGICS CAYMAN INC,28122570
2025-09-10,홍콩,KYG596691041,MEITUAN,27163358
2025-09-10,홍콩,HK0000921236,A GX USD MM,26136791
2025-09-10,홍콩,KYG3777B1032,GEELY AUTOMOBILE HOLDINGS LTD,25027484
2025-09-10,홍콩,HK0000516697,GLOBAL X CHINA BIOTECH ETF (HKD),21539325
2025-09-10,홍콩,HK0000921228,Global X HANG SENG TECH ETF,21522991
2025-09-10,홍콩,CNE1000003X6,PING AN INSURANCE GROUP CO OF CHINA LTD-H,20982047
2025-09-10,홍콩,KYG4602S1057,HORIZONROBOT-W,20849793
2025-09-10,홍콩,HK0000859063,SAMSUNG BLOCKCHAIN TECHNOLOGIES ETF,20804463
2025-09-10,홍콩,HK0000637832,GLOBAL X CHINA SEMICONDUCTOR ETF (HKD),19935126
2025-09-10,홍콩,HK0000562634,GLOBAL X CHINA CONSUMER BRAND ETF (HKD),19520051
2025-09-10,홍콩,KYG070341048,BAIDU INC CL A,18446036
2025-09-10,홍콩,HK0000516713,GLOBAL X CHINA CLOUD COMPUTING ETF (HKD),17998080
2025-09-10,홍콩,HK1126010854,DREAM INTERNATIONAL LTD,17335071
2025-09-10,홍콩,HK0941009539,CHINA MOBILE LTD,17258867
2025-09-10,홍콩,KYG3774X1088,GCL TECHNOLOGY HOLDINGS LTD,16982484
2025-09-10,홍콩,KYG982AW1003,XPENG INC,16940964
2025-09-10,홍콩,HK0000562675,GLOBAL X CHINA CLEAN ENERGY ETF (HKD),14934597
2025-09-10,홍콩,HK0000642568,CSOP HANG SENG TECH INDEX ETF (HKD),13562501
2025-09-10,홍콩,CNE1000003G1,INDUSTRIAL AND COMMERCIAL BANK OF CHINA LTD-H,11915584
2025-09-10,홍콩,CNE1000048K8,HAIER SMART HOME CO LTD-H MRGR 006942845 BMG423131256,10941785
2025-09-10,홍콩,CNE1000002H1,CHINA CONSTRUCTION BANK CORP-H,10822515
2025-09-10,홍콩,HKX566362888,PING AN SECURITIE HKD0.01 HKD0.01 CHAN 009837742 BMG7115B1211,10817381
2025-09-10,홍콩,KYG8208B1014,JD.COM INC CL A,10812842
2025-09-10,홍콩,HK0000637857,GLOBAL X CHINA ROBOTICS AND AI ETF (HKD),10716470
2025-09-10,홍콩,KYG532631028,KUAISHOU TECHNOLOGY,9954167
2025-09-10,홍콩,HK0000761400,PREMIA CHINA STAR50 ETF HKD,9396984
2025-09-10,홍콩,KYG7611S1075,ROBOSENSE,8754824
2025-09-10,홍콩,IT0003874101,PRADA SPA,8689248
2025-09-10,홍콩,HKX601342549,CHINA BRIGHT CULTURE GROUP USD0.00001 (Delisted/BL398Y0) CHAN 970928502 KYG2153C1078,8631000
2025-09-10,홍콩,CNE1000003W8,PETROCHINA CO LTD-H,8423833
2025-09-10,홍콩,HK0000123577,CHINAAMC CSI 300 INDEX ETF HKD,8318267
2025-09-11,홍콩,KYG9830T1067,XIAOMI CORP,289123631
2025-09-11,홍콩,KYG875721634,TENCENT HOLDINGS LTD,261241383
2025-09-11,홍콩,KYG017191142,ALIBABA GROUP HOLDING LTD,202849315
2025-09-11,홍콩,CNE100000296,BYD CO LTD-H,163290237
2025-09-11,홍콩,KYG8020E1199,SEMICONDUCTOR MANUFACTURING INTL CORP,136981225
2025-09-11,홍콩,CNE100006WS8,CATL ORD H,95740030
2025-09-11,홍콩,CNE1000031W9,GANFENGLITHIUM ORD H,76337937
2025-09-11,홍콩,CNE100005F09,TIANQI LITHIUM CORP,74145841
2025-09-11,홍콩,KYG7170M1033,POP MART INTL GROUP LTD,67779528
2025-09-11,홍콩,CNE100000593,PICC PROPERTY AND CASUALTY CO LTD-H,59087307
2025-09-11,홍콩,HK0000562659,GLOBAL X CHINA ELECTRIC VEHICLE AND BATTERY ETF (HKD),54042194
2025-09-11,홍콩,HK0000748381,YESASIA HOLDINGS LTD,41587873
2025-09-11,홍콩,CNE100004YZ4,CTG DUTY-FREE,40901067
2025-09-11,홍콩,CNE100006CQ4,Ubtech Robotics Ord Shs H,39926868
2025-09-11,홍콩,CNE100006JG0,LAOPU GOLD,34725299
2025-09-11,홍콩,HK0001025037,GLOBAL X US Treasury 3-5 Year ETF,31077336
2025-09-11,홍콩,CNE100006Z79,SANHUA INTELLIGENT,29381588
2025-09-11,홍콩,KYG392AS1011,GLOBAL NEW MATERIAL INTL HOLDINGS LTD,28950447
2025-09-11,홍콩,KYG970081173,WUXI BIOLOGICS CAYMAN INC,27111851
2025-09-11,홍콩,HK0000921236,A GX USD MM,26097545
2025-09-11,홍콩,KYG596691041,MEITUAN,25664549
2025-09-11,홍콩,KYG3777B1032,GEELY AUTOMOBILE HOLDINGS LTD,24718546
2025-09-11,홍콩,CNE1000003X6,PING AN INSURANCE GROUP CO OF CHINA LTD-H,21970399
2025-09-11,홍콩,HK0000921228,Global X HANG SENG TECH ETF,21882770
2025-09-11,홍콩,HK0000637832,GLOBAL X CHINA SEMICONDUCTOR ETF (HKD),21033858
2025-09-11,홍콩,HK0000859063,SAMSUNG BLOCKCHAIN TECHNOLOGIES ETF,20953053
2025-09-11,홍콩,HK0000516697,GLOBAL X CHINA BIOTECH ETF (HKD),20871326
2025-09-11,홍콩,KYG4602S1057,HORIZONROBOT-W,20353409
2025-09-11,홍콩,HK0000562634,GLOBAL X CHINA CONSUMER BRAND ETF (HKD),19267035
2025-09-11,홍콩,HK0000516713,GLOBAL X CHINA CLOUD COMPUTING ETF (HKD),18427703
2025-09-11,홍콩,KYG070341048,BAIDU INC CL A,17928050
2025-09-11,홍콩,HK1126010854,DREAM INTERNATIONAL LTD,17880206
2025-09-11,홍콩,KYG982AW1003,XPENG INC,17314491
2025-09-11,홍콩,HK0941009539,CHINA MOBILE LTD,17299099
2025-09-11,홍콩,KYG3774X1088,GCL TECHNOLOGY HOLDINGS LTD,16696962
2025-09-11,홍콩,HK0000562675,GLOBAL X CHINA CLEAN ENERGY ETF (HKD),14732570
2025-09-11,홍콩,HK0000642568,CSOP HANG SENG TECH INDEX ETF (HKD),13539108
2025-09-11,홍콩,CNE1000003G1,INDUSTRIAL AND COMMERCIAL BANK OF CHINA LTD-H,12650902
2025-09-11,홍콩,HK0000637857,GLOBAL X CHINA ROBOTICS AND AI ETF (HKD),11104845
2025-09-11,홍콩,CNE1000048K8,HAIER SMART HOME CO LTD-H MRGR 006942845 BMG423131256,10973747
2025-09-11,홍콩,HKX566362888,PING AN SECURITIE HKD0.01 HKD0.01 CHAN 009837742 BMG7115B1211,10815049
2025-09-11,홍콩,CNE1000002H1,CHINA CONSTRUCTION BANK CORP-H,10704128
2025-09-11,홍콩,KYG8208B1014,JD.COM INC CL A,10562486
2025-09-11,홍콩,KYG532631028,KUAISHOU TECHNOLOGY,10148791
2025-09-11,홍콩,KYG7611S1075,ROBOSENSE,9124652
2025-09-11,홍콩,HK0000123577,CHINAAMC CSI 300 INDEX ETF HKD,8724141
2025-09-11,홍콩,HKX601342549,CHINA BRIGHT CULTURE GROUP USD0.00001 (Delisted/BL398Y0) CHAN 970928502 KYG2153C1078,8631000
2025-09-11,홍콩,IT0003874101,PRADA SPA,8535718
2025-09-11,홍콩,BMG0171K1018,ALIBABA HEALTH INFORMATION TECHNOLOGY LTD CHAN 39413205067 BMG2154E1021,8527441
2025-09-11,홍콩,CNE1000003W8,PETROCHINA CO LTD-H,8425843
2025-09-12,홍콩,KYG9830T1067,XIAOMI CORP,292198269
2025-09-12,홍콩,KYG875721634,TENCENT HOLDINGS LTD,266713293
2025-09-12,홍콩,KYG017191142,ALIBABA GROUP HOLDING LTD,208601123
2025-09-12,홍콩,CNE100000296,BYD CO LTD-H,162474179
2025-09-12,홍콩,KYG8020E1199,SEMICONDUCTOR MANUFACTURING INTL CORP,136153003
2025-09-12,홍콩,CNE100006WS8,CATL ORD H,96789390
2025-09-12,홍콩,CNE1000031W9,GANFENGLITHIUM ORD H,77108607
2025-09-12,홍콩,CNE100005F09,TIANQI LITHIUM CORP,73529723
2025-09-12,홍콩,KYG7170M1033,POP MART INTL GROUP LTD,64411491
2025-09-12,홍콩,CNE100000593,PICC PROPERTY AND CASUALTY CO LTD-H,59366794
2025-09-12,홍콩,HK0000562659,GLOBAL X CHINA ELECTRIC VEHICLE AND BATTERY ETF (HKD),53587879
2025-09-12,홍콩,CNE100006CQ4,Ubtech Robotics Ord Shs H,41210297
2025-09-12,홍콩,CNE100004YZ4,CTG DUTY-FREE,40675978
2025-09-12,홍콩,HK0000748381,YESASIA HOLDINGS LTD,39226885
2025-09-12,홍콩,CNE100006JG0,LAOPU GOLD,35077852
2025-09-12,홍콩,HK0001025037,GLOBAL X US Treasury 3-5 Year ETF,31092798
2025-09-12,홍콩,KYG392AS1011,GLOBAL NEW MATERIAL INTL HOLDINGS LTD,29319358
2025-09-12,홍콩,CNE100006Z79,SANHUA INTELLIGENT,29079980
2025-09-12,홍콩,KYG970081173,WUXI BIOLOGICS CAYMAN INC,27632363
2025-09-12,홍콩,HK0000921236,A GX USD MM,26181668
2025-09-12,홍콩,KYG596691041,MEITUAN,25790296
2025-09-12,홍콩,KYG3777B1032,GEELY AUTOMOBILE HOLDINGS LTD,24437075
2025-09-12,홍콩,CNE1000003X6,PING AN INSURANCE GROUP CO OF CHINA LTD-H,22268789
2025-09-12,홍콩,HK0000921228,Global X HANG SENG TECH ETF,21831649
2025-09-12,홍콩,HK0000637832,GLOBAL X CHINA SEMICONDUCTOR ETF (HKD),21276489
2025-09-12,홍콩,HK0000516697,GLOBAL X CHINA BIOTECH ETF (HKD),21244673
2025-09-12,홍콩,HK0000859063,SAMSUNG BLOCKCHAIN TECHNOLOGIES ETF,21019492
2025-09-12,홍콩,KYG4602S1057,HORIZONROBOT-W,20039818
2025-09-12,홍콩,HK0000562634,GLOBAL X CHINA CONSUMER BRAND ETF (HKD),19318560
2025-09-12,홍콩,KYG070341048,BAIDU INC CL A,19262157
2025-09-12,홍콩,HK0000516713,GLOBAL X CHINA CLOUD COMPUTING ETF (HKD),18847907
2025-09-12,홍콩,HK1126010854,DREAM INTERNATIONAL LTD,17990997
2025-09-12,홍콩,KYG982AW1003,XPENG INC,17626510
2025-09-12,홍콩,HK0941009539,CHINA MOBILE LTD,17467305
2025-09-12,홍콩,KYG3774X1088,GCL TECHNOLOGY HOLDINGS LTD,16065476
2025-09-12,홍콩,HK0000562675,GLOBAL X CHINA CLEAN ENERGY ETF (HKD),14525209
2025-09-12,홍콩,HK0000642568,CSOP HANG SENG TECH INDEX ETF (HKD),13841454
2025-09-12,홍콩,CNE1000003G1,INDUSTRIAL AND COMMERCIAL BANK OF CHINA LTD-H,13257688
2025-09-12,홍콩,HK0000637857,GLOBAL X CHINA ROBOTICS AND AI ETF (HKD),11279040
2025-09-12,홍콩,CNE1000048K8,HAIER SMART HOME CO LTD-H MRGR 006942845 BMG423131256,10965674
2025-09-12,홍콩,HKX566362888,PING AN SECURITIE HKD0.01 HKD0.01 CHAN 009837742 BMG7115B1211,10816804
2025-09-12,홍콩,CNE1000002H1,CHINA CONSTRUCTION BANK CORP-H,10718746
2025-09-12,홍콩,KYG8208B1014,JD.COM INC CL A,10631585
2025-09-12,홍콩,KYG532631028,KUAISHOU TECHNOLOGY,10623912
2025-09-12,홍콩,KYG7611S1075,ROBOSENSE,10322626
2025-09-12,홍콩,HK0000123577,CHINAAMC CSI 300 INDEX ETF HKD,8836852
2025-09-12,홍콩,HKX601342549,CHINA BRIGHT CULTURE GROUP USD0.00001 (Delisted/BL398Y0) CHAN 970928502 KYG2153C1078,8631000
2025-09-12,홍콩,HK0000761400,PREMIA CHINA STAR50 ETF HKD,8360630
2025-09-12,홍콩,CNE1000003W8,PETROCHINA CO LTD-H,8353646
2025-09-12,홍콩,CNE1000002L3,CHINA LIFE INSURANCE CO LTD-H,8314394
2025-09-15,홍콩,KYG9830T1067,XIAOMI CORP,299270742
2025-09-15,홍콩,KYG875721634,TENCENT HOLDINGS LTD,267890416
2025-09-15,홍콩,KYG017191142,ALIBABA GROUP HOLDING LTD,217535915
2025-09-15,홍콩,CNE100000296,BYD CO LTD-H,168534020
2025-09-15,홍콩,KYG8020E1199,SEMICONDUCTOR MANUFACTURING INTL CORP,135189144
2025-09-15,홍콩,CNE100006WS8,CATL ORD H,118188831
2025-09-15,홍콩,CNE1000031W9,GANFENGLITHIUM ORD H,79157690
2025-09-15,홍콩,CNE100005F09,TIANQI LITHIUM CORP,75347555
2025-09-15,홍콩,CNE100000593,PICC PROPERTY AND CASUALTY CO LTD-H,58639350
2025-09-15,홍콩,KYG7170M1033,POP MART INTL GROUP LTD,58136508
2025-09-15,홍콩,HK0000562659,GLOBAL X CHINA ELECTRIC VEHICLE AND BATTERY ETF (HKD),55739383
2025-09-15,홍콩,KYG596691041,MEITUAN,48695859
2025-09-15,홍콩,KYG4602S1057,HORIZONROBOT-W,44579317
2025-09-15,홍콩,CNE100006CQ4,Ubtech Robotics Ord Shs H,41867708
2025-09-15,홍콩,CNE100006JG0,LAOPU GOLD,39694855
2025-09-15,홍콩,CNE100004YZ4,CTG DUTY-FREE,39680856
2025-09-15,홍콩,HK0000748381,YESASIA HOLDINGS LTD,38923467
2025-09-15,홍콩,CNE1000003X6,PING AN INSURANCE GROUP CO OF CHINA LTD-H,36305766
2025-09-15,홍콩,HK0001025037,GLOBAL X US Treasury 3-5 Year ETF,31103637
2025-09-15,홍콩,CNE100006Z79,SANHUA INTELLIGENT,29852128
2025-09-15,홍콩,KYG392AS1011,GLOBAL NEW MATERIAL INTL HOLDINGS LTD,29472115
2025-09-15,홍콩,KYG970081173,WUXI BIOLOGICS CAYMAN INC,28781925
2025-09-15,홍콩,HK0000921236,A GX USD MM,26113191
2025-09-15,홍콩,KYG3777B1032,GEELY AUTOMOBILE HOLDINGS LTD,24482513
2025-09-15,홍콩,HK0000921228,Global X HANG SENG TECH ETF,22082458
2025-09-15,홍콩,HK0000637832,GLOBAL X CHINA SEMICONDUCTOR ETF (HKD),21490153
2025-09-15,홍콩,HK0000516697,GLOBAL X CHINA BIOTECH ETF (HKD),21456218
2025-09-15,홍콩,HK0000859063,SAMSUNG BLOCKCHAIN TECHNOLOGIES ETF,21294306
2025-09-15,홍콩,HK0000562634,GLOBAL X CHINA CONSUMER BRAND ETF (HKD),19272340
2025-09-15,홍콩,HK0000516713,GLOBAL X CHINA CLOUD COMPUTING ETF (HKD),18764519
2025-09-15,홍콩,KYG070341048,BAIDU INC CL A,18731313
2025-09-15,홍콩,HK1126010854,DREAM INTERNATIONAL LTD,17940077
2025-09-15,홍콩,HK0941009539,CHINA MOBILE LTD,17445479
2025-09-15,홍콩,KYG982AW1003,XPENG INC,17293569
2025-09-15,홍콩,KYG3774X1088,GCL TECHNOLOGY HOLDINGS LTD,16012146
2025-09-15,홍콩,HK0000562675,GLOBAL X CHINA CLEAN ENERGY ETF (HKD),14757347
2025-09-15,홍콩,HK0000642568,CSOP HANG SENG TECH INDEX ETF (HKD),14232882
2025-09-15,홍콩,CNE1000009Q7,CHINA PACIFIC INSURANCE GROUP CO LTD-H,13481533
2025-09-15,홍콩,CNE1000003G1,INDUSTRIAL AND COMMERCIAL BANK OF CHINA LTD-H,13434878
2025-09-15,홍콩,HK0000637857,GLOBAL X CHINA ROBOTICS AND AI ETF (HKD),11156006
2025-09-15,홍콩,CNE1000048K8,HAIER SMART HOME CO LTD-H MRGR 006942845 BMG423131256,10951603
2025-09-15,홍콩,HKX566362888,PING AN SECURITIE HKD0.01 HKD0.01 CHAN 009837742 BMG7115B1211,10828323
2025-09-15,홍콩,KYG532631028,KUAISHOU TECHNOLOGY,10706664
2025-09-15,홍콩,KYG8208B1014,JD.COM INC CL A,10682212
2025-09-15,홍콩,CNE1000002H1,CHINA CONSTRUCTION BANK CORP-H,10569402
2025-09-15,홍콩,KYG7611S1075,ROBOSENSE,10305314
2025-09-15,홍콩,CNE100003F19,WUXI APPTEC CO LTD-H,10060748
2025-09-15,홍콩,CNE100005MX1,Chicmax Cosmetic,9453909
2025-09-15,홍콩,HK0000123577,CHINAAMC CSI 300 INDEX ETF HKD,8722025
2025-09-15,홍콩,HKX601342549,CHINA BRIGHT CULTURE GROUP USD0.00001 (Delisted/BL398Y0) CHAN 970928502 KYG2153C1078,8631000
2025-09-16,홍콩,KYG9830T1067,XIAOMI CORP,297385239
2025-09-16,홍콩,KYG875721634,TENCENT HOLDINGS LTD,294729887
2025-09-16,홍콩,CNE100000296,BYD CO LTD-H,214608319
2025-09-16,홍콩,KYG017191142,ALIBABA GROUP HOLDING LTD,210488679
2025-09-16,홍콩,KYG8020E1199,SEMICONDUCTOR MANUFACTURING INTL CORP,136748861
2025-09-16,홍콩,CNE100006WS8,CATL ORD H,113790783
2025-09-16,홍콩,CNE1000031W9,GANFENGLITHIUM ORD H,75195532
2025-09-16,홍콩,CNE100005F09,TIANQI LITHIUM CORP,73759971
2025-09-16,홍콩,CNE100000593,PICC PROPERTY AND CASUALTY CO LTD-H,57200951
2025-09-16,홍콩,KYG7170M1033,POP MART INTL GROUP LTD,56592881
2025-09-16,홍콩,HK0000562659,GLOBAL X CHINA ELECTRIC VEHICLE AND BATTERY ETF (HKD),56123986
2025-09-16,홍콩,KYG596691041,MEITUAN,49685915
2025-09-16,홍콩,KYG4602S1057,HORIZONROBOT-W,44165143
2025-09-16,홍콩,CNE100006CQ4,Ubtech Robotics Ord Shs H,44039859
2025-09-16,홍콩,CNE100004YZ4,CTG DUTY-FREE,40508582
2025-09-16,홍콩,CNE100006JG0,LAOPU GOLD,39761242
2025-09-16,홍콩,HK0000748381,YESASIA HOLDINGS LTD,38198215
2025-09-16,홍콩,CNE1000003X6,PING AN INSURANCE GROUP CO OF CHINA LTD-H,33866913
2025-09-16,홍콩,CNE100006Z79,SANHUA INTELLIGENT,33683493
2025-09-16,홍콩,HK0001025037,GLOBAL X US Treasury 3-5 Year ETF,31104887
2025-09-16,홍콩,KYG392AS1011,GLOBAL NEW MATERIAL INTL HOLDINGS LTD,29047911
2025-09-16,홍콩,KYG970081173,WUXI BIOLOGICS CAYMAN INC,28753689
2025-09-16,홍콩,HK0000921236,A GX USD MM,26210602
2025-09-16,홍콩,KYG8208B1014,JD.COM INC CL A,26179143
2025-09-16,홍콩,KYG3777B1032,GEELY AUTOMOBILE HOLDINGS LTD,25226836
2025-09-16,홍콩,HK0000637832,GLOBAL X CHINA SEMICONDUCTOR ETF (HKD),22311932
2025-09-16,홍콩,HK0000921228,Global X HANG SENG TECH ETF,22149956
2025-09-16,홍콩,HK0000516697,GLOBAL X CHINA BIOTECH ETF (HKD),21368095
2025-09-16,홍콩,HK0000859063,SAMSUNG BLOCKCHAIN TECHNOLOGIES ETF,21358272
2025-09-16,홍콩,HK0000562634,GLOBAL X CHINA CONSUMER BRAND ETF (HKD),19184259
2025-09-16,홍콩,HK0000516713,GLOBAL X CHINA CLOUD COMPUTING ETF (HKD),18855697
2025-09-16,홍콩,KYG070341048,BAIDU INC CL A,18691581
2025-09-16,홍콩,HK0941009539,CHINA MOBILE LTD,17331108
2025-09-16,홍콩,HK1126010854,DREAM INTERNATIONAL LTD,17160176
2025-09-16,홍콩,KYG982AW1003,XPENG INC,17044991
2025-09-16,홍콩,KYG3774X1088,GCL TECHNOLOGY HOLDINGS LTD,16604944
2025-09-16,홍콩,HK0000562675,GLOBAL X CHINA CLEAN ENERGY ETF (HKD),14727932
2025-09-16,홍콩,HK0000642568,CSOP HANG SENG TECH INDEX ETF (HKD),14451474
2025-09-16,홍콩,CNE1000003G1,INDUSTRIAL AND COMMERCIAL BANK OF CHINA LTD-H,13392702
2025-09-16,홍콩,CNE1000009Q7,CHINA PACIFIC INSURANCE GROUP CO LTD-H,12102901
2025-09-16,홍콩,HK0000637857,GLOBAL X CHINA ROBOTICS AND AI ETF (HKD),11460738
2025-09-16,홍콩,HK2800008867,TRACKER FUND OF HONG KONG ETF,11033100
2025-09-16,홍콩,CNE1000048K8,HAIER SMART HOME CO LTD-H MRGR 006942845 BMG423131256,10921684
2025-09-16,홍콩,HKX566362888,PING AN SECURITIE HKD0.01 HKD0.01 CHAN 009837742 BMG7115B1211,10828758
2025-09-16,홍콩,KYG532631028,KUAISHOU TECHNOLOGY,10680627
2025-09-16,홍콩,CNE1000002H1,CHINA CONSTRUCTION BANK CORP-H,10598210
2025-09-16,홍콩,CNE100005MX1,Chicmax Cosmetic,9644562
2025-09-16,홍콩,KYG7611S1075,ROBOSENSE,9533876
2025-09-16,홍콩,HK0000123577,CHINAAMC CSI 300 INDEX ETF HKD,9525682
2025-09-16,홍콩,HK0000651213,ISHARES HS TECH ETF HKD,8798318
2025-09-17,홍콩,KYG9830T1067,XIAOMI CORP,304196500
2025-09-17,홍콩,KYG875721634,TENCENT HOLDINGS LTD,302456717
2025-09-17,홍콩,KYG017191142,ALIBABA GROUP HOLDING LTD,221248510
2025-09-17,홍콩,CNE100000296,BYD CO LTD-H,220699308
2025-09-17,홍콩,KYG8020E1199,SEMICONDUCTOR MANUFACTURING INTL CORP,147782873
2025-09-17,홍콩,CNE100006WS8,CATL ORD H,119489806
2025-09-17,홍콩,CNE1000031W9,GANFENGLITHIUM ORD H,77893945
2025-09-17,홍콩,CNE100005F09,TIANQI LITHIUM CORP,74459860
2025-09-17,홍콩,HK0000562659,GLOBAL X CHINA ELECTRIC VEHICLE AND BATTERY ETF (HKD),58118625
2025-09-17,홍콩,CNE100000593,PICC PROPERTY AND CASUALTY CO LTD-H,57158524
2025-09-17,홍콩,KYG7170M1033,POP MART INTL GROUP LTD,51692854
2025-09-17,홍콩,KYG596691041,MEITUAN,50994797
2025-09-17,홍콩,CNE100006CQ4,Ubtech Robotics Ord Shs H,47292981
2025-09-17,홍콩,KYG4602S1057,HORIZONROBOT-W,45021592
2025-09-17,홍콩,CNE100004YZ4,CTG DUTY-FREE,41100988
2025-09-17,홍콩,HK0000748381,YESASIA HOLDINGS LTD,37682862
2025-09-17,홍콩,CNE100006JG0,LAOPU GOLD,36547805
2025-09-17,홍콩,CNE100006Z79,SANHUA INTELLIGENT,35308889
2025-09-17,홍콩,CNE1000003X6,PING AN INSURANCE GROUP CO OF CHINA LTD-H,31213190
2025-09-17,홍콩,HK0001025037,GLOBAL X US Treasury 3-5 Year ETF,31104974
2025-09-17,홍콩,KYG970081173,WUXI BIOLOGICS CAYMAN INC,28801811
2025-09-17,홍콩,KYG392AS1011,GLOBAL NEW MATERIAL INTL HOLDINGS LTD,28378719
2025-09-17,홍콩,KYG8208B1014,JD.COM INC CL A,27125855
2025-09-17,홍콩,HK0000921236,A GX USD MM,26209932
2025-09-17,홍콩,KYG3777B1032,GEELY AUTOMOBILE HOLDINGS LTD,26183599
2025-09-17,홍콩,HK0000921228,Global X HANG SENG TECH ETF,23047441
2025-09-17,홍콩,HK0000637832,GLOBAL X CHINA SEMICONDUCTOR ETF (HKD),22678639
2025-09-17,홍콩,KYG070341048,BAIDU INC CL A,21921456
2025-09-17,홍콩,HK0000859063,SAMSUNG BLOCKCHAIN TECHNOLOGIES ETF,21664253
2025-09-17,홍콩,HK0000516697,GLOBAL X CHINA BIOTECH ETF (HKD),21320803
2025-09-17,홍콩,HK0000516713,GLOBAL X CHINA CLOUD COMPUTING ETF (HKD),19489621
2025-09-17,홍콩,HK0000562634,GLOBAL X CHINA CONSUMER BRAND ETF (HKD),19293424
2025-09-17,홍콩,KYG532631028,KUAISHOU TECHNOLOGY,18888142
2025-09-17,홍콩,KYG3774X1088,GCL TECHNOLOGY HOLDINGS LTD,17633543
2025-09-17,홍콩,KYG982AW1003,XPENG INC,17446146
2025-09-17,홍콩,HK1126010854,DREAM INTERNATIONAL LTD,17314562
2025-09-17,홍콩,HK0941009539,CHINA MOBILE LTD,17236743
2025-09-17,홍콩,HK0000642568,CSOP HANG SENG TECH INDEX ETF (HKD),15096080
2025-09-17,홍콩,HK0000562675,GLOBAL X CHINA CLEAN ENERGY ETF (HKD),14910312
2025-09-17,홍콩,CNE1000003G1,INDUSTRIAL AND COMMERCIAL BANK OF CHINA LTD-H,13462958
2025-09-17,홍콩,CNE1000009Q7,CHINA PACIFIC INSURANCE GROUP CO LTD-H,12226745
2025-09-17,홍콩,HK0000637857,GLOBAL X CHINA ROBOTICS AND AI ETF (HKD),11849034
2025-09-17,홍콩,CNE1000048K8,HAIER SMART HOME CO LTD-H MRGR 006942845 BMG423131256,11741494
2025-09-17,홍콩,HK2800008867,TRACKER FUND OF HONG KONG ETF,11222136
2025-09-17,홍콩,HKX566362888,PING AN SECURITIE HKD0.01 HKD0.01 CHAN 009837742 BMG7115B1211,10828481
2025-09-17,홍콩,CNE1000002H1,CHINA CONSTRUCTION BANK CORP-H,10686417
2025-09-17,홍콩,HK0000123577,CHINAAMC CSI 300 INDEX ETF HKD,9787318
2025-09-17,홍콩,CNE100005MX1,Chicmax Cosmetic,9695347
2025-09-17,홍콩,HK0000651213,ISHARES HS TECH ETF HKD,9180222
2025-09-17,홍콩,HKX601342549,CHINA BRIGHT CULTURE GROUP USD0.00001 (Delisted/BL398Y0) CHAN 970928502 KYG2153C1078,8631000
2025-09-18,홍콩,KYG9830T1067,XIAOMI CORP,299555440
2025-09-18,홍콩,KYG875721634,TENCENT HOLDINGS LTD,268303012
2025-09-18,홍콩,KYG017191142,ALIBABA GROUP HOLDING LTD,214891175
2025-09-18,홍콩,CNE100000296,BYD CO LTD-H,176825682
2025-09-18,홍콩,KYG8020E1199,SEMICONDUCTOR MANUFACTURING INTL CORP,151907124
2025-09-18,홍콩,CNE100006WS8,CATL ORD H,124635032
2025-09-18,홍콩,CNE1000031W9,GANFENGLITHIUM ORD H,77993250
2025-09-18,홍콩,CNE100005F09,TIANQI LITHIUM CORP,72744158
2025-09-18,홍콩,HK0000562659,GLOBAL X CHINA ELECTRIC VEHICLE AND BATTERY ETF (HKD),57332493
2025-09-18,홍콩,CNE100000593,PICC PROPERTY AND CASUALTY CO LTD-H,55057399
2025-09-18,홍콩,KYG7170M1033,POP MART INTL GROUP LTD,50082081
2025-09-18,홍콩,CNE100006CQ4,Ubtech Robotics Ord Shs H,47459244
2025-09-18,홍콩,CNE100004YZ4,CTG DUTY-FREE,42119167
2025-09-18,홍콩,HK0000748381,YESASIA HOLDINGS LTD,39108052
2025-09-18,홍콩,CNE100006Z79,SANHUA INTELLIGENT,36800412
2025-09-18,홍콩,CNE100006JG0,LAOPU GOLD,31889304
2025-09-18,홍콩,HK0001025037,GLOBAL X US Treasury 3-5 Year ETF,31081308
2025-09-18,홍콩,KYG970081173,WUXI BIOLOGICS CAYMAN INC,28633289
2025-09-18,홍콩,KYG392AS1011,GLOBAL NEW MATERIAL INTL HOLDINGS LTD,28326831
2025-09-18,홍콩,KYG596691041,MEITUAN,27821469
2025-09-18,홍콩,HK0000921236,A GX USD MM,26157907
2025-09-18,홍콩,KYG3777B1032,GEELY AUTOMOBILE HOLDINGS LTD,25039532
2025-09-18,홍콩,HK0000637832,GLOBAL X CHINA SEMICONDUCTOR ETF (HKD),23973547
2025-09-18,홍콩,HK0000921228,Global X HANG SENG TECH ETF,22721434
2025-09-18,홍콩,KYG070341048,BAIDU INC CL A,22590760
2025-09-18,홍콩,HK0000859063,SAMSUNG BLOCKCHAIN TECHNOLOGIES ETF,22022761
2025-09-18,홍콩,HK0000516697,GLOBAL X CHINA BIOTECH ETF (HKD),21542445
2025-09-18,홍콩,CNE1000003X6,PING AN INSURANCE GROUP CO OF CHINA LTD-H,21178858
2025-09-18,홍콩,KYG4602S1057,HORIZONROBOT-W,19585319
2025-09-18,홍콩,HK0000562634,GLOBAL X CHINA CONSUMER BRAND ETF (HKD),19301153
2025-09-18,홍콩,HK0000516713,GLOBAL X CHINA CLOUD COMPUTING ETF (HKD),19278825
2025-09-18,홍콩,KYG532631028,KUAISHOU TECHNOLOGY,18211821
2025-09-18,홍콩,HK1126010854,DREAM INTERNATIONAL LTD,17818950
2025-09-18,홍콩,KYG3774X1088,GCL TECHNOLOGY HOLDINGS LTD,17248966
2025-09-18,홍콩,HK0941009539,CHINA MOBILE LTD,17151425
2025-09-18,홍콩,KYG982AW1003,XPENG INC,16770010
2025-09-18,홍콩,HK0000642568,CSOP HANG SENG TECH INDEX ETF (HKD),14937145
2025-09-18,홍콩,HK0000562675,GLOBAL X CHINA CLEAN ENERGY ETF (HKD),14805901
2025-09-18,홍콩,CNE1000003G1,INDUSTRIAL AND COMMERCIAL BANK OF CHINA LTD-H,12589947
2025-09-18,홍콩,CNE1000009Q7,CHINA PACIFIC INSURANCE GROUP CO LTD-H,11915199
2025-09-18,홍콩,HK0000637857,GLOBAL X CHINA ROBOTICS AND AI ETF (HKD),11843612
2025-09-18,홍콩,CNE1000048K8,HAIER SMART HOME CO LTD-H MRGR 006942845 BMG423131256,11379021
2025-09-18,홍콩,KYG8208B1014,JD.COM INC CL A,11367604
2025-09-18,홍콩,HK2800008867,TRACKER FUND OF HONG KONG ETF,11104440
2025-09-18,홍콩,HKX566362888,PING AN SECURITIE HKD0.01 HKD0.01 CHAN 009837742 BMG7115B1211,10831876
2025-09-18,홍콩,CNE1000002H1,CHINA CONSTRUCTION BANK CORP-H,10432800
2025-09-18,홍콩,CNE100005MX1,Chicmax Cosmetic,10079590
2025-09-18,홍콩,HK0000123577,CHINAAMC CSI 300 INDEX ETF HKD,10067339
2025-09-18,홍콩,HK0000651213,ISHARES HS TECH ETF HKD,9082552
2025-09-18,홍콩,KYG7611S1075,ROBOSENSE,9000817
2025-09-19,홍콩,KYG9830T1067,XIAOMI CORP,300023629
2025-09-19,홍콩,KYG875721634,TENCENT HOLDINGS LTD,268162722
2025-09-19,홍콩,KYG017191142,ALIBABA GROUP HOLDING LTD,215302841
2025-09-19,홍콩,CNE100000296,BYD CO LTD-H,178332893
2025-09-19,홍콩,KYG8020E1199,SEMICONDUCTOR MANUFACTURING INTL CORP,152175776
2025-09-19,홍콩,CNE100006WS8,CATL ORD H,121572002
2025-09-19,홍콩,CNE1000031W9,GANFENGLITHIUM ORD H,85426157
2025-09-19,홍콩,CNE100005F09,TIANQI LITHIUM CORP,76262933
2025-09-19,홍콩,HK0000562659,GLOBAL X CHINA ELECTRIC VEHICLE AND BATTERY ETF (HKD),57094492
2025-09-19,홍콩,CNE100000593,PICC PROPERTY AND CASUALTY CO LTD-H,56858783
2025-09-19,홍콩,CNE100006CQ4,Ubtech Robotics Ord Shs H,49588438
2025-09-19,홍콩,CNE100004YZ4,CTG DUTY-FREE,43835468
2025-09-19,홍콩,KYG7170M1033,POP MART INTL GROUP LTD,39373434
2025-09-19,홍콩,HK0000748381,YESASIA HOLDINGS LTD,37373301
2025-09-19,홍콩,CNE100006Z79,SANHUA INTELLIGENT,34594276
2025-09-19,홍콩,HK0001025037,GLOBAL X US Treasury 3-5 Year ETF,31071663
2025-09-19,홍콩,KYG596691041,MEITUAN,28631922
2025-09-19,홍콩,KYG392AS1011,GLOBAL NEW MATERIAL INTL HOLDINGS LTD,28085034
2025-09-19,홍콩,KYG970081173,WUXI BIOLOGICS CAYMAN INC,27858801
2025-09-19,홍콩,CNE100006JG0,LAOPU GOLD,27633212
2025-09-19,홍콩,HK0000921236,A GX USD MM,26156756
2025-09-19,홍콩,KYG3777B1032,GEELY AUTOMOBILE HOLDINGS LTD,25230156
2025-09-19,홍콩,HK0000637832,GLOBAL X CHINA SEMICONDUCTOR ETF (HKD),23005825
2025-09-19,홍콩,HK0000921228,Global X HANG SENG TECH ETF,22744427
2025-09-19,홍콩,KYG532631028,KUAISHOU TECHNOLOGY,22546261
2025-09-19,홍콩,HK0000859063,SAMSUNG BLOCKCHAIN TECHNOLOGIES ETF,22095971
2025-09-19,홍콩,KYG070341048,BAIDU INC CL A,21538813
2025-09-19,홍콩,HK0000516697,GLOBAL X CHINA BIOTECH ETF (HKD),21309208
2025-09-19,홍콩,CNE1000003X6,PING AN INSURANCE GROUP CO OF CHINA LTD-H,21031538
2025-09-19,홍콩,HK0000562634,GLOBAL X CHINA CONSUMER BRAND ETF (HKD),19570335
2025-09-19,홍콩,HK0000516713,GLOBAL X CHINA CLOUD COMPUTING ETF (HKD),19154206
2025-09-19,홍콩,KYG4602S1057,HORIZONROBOT-W,18694381
2025-09-19,홍콩,HK1126010854,DREAM INTERNATIONAL LTD,17759720
2025-09-19,홍콩,KYG982AW1003,XPENG INC,17537403
2025-09-19,홍콩,HK0941009539,CHINA MOBILE LTD,17096979
2025-09-19,홍콩,KYG3774X1088,GCL TECHNOLOGY HOLDINGS LTD,16861761
2025-09-19,홍콩,HK0000562675,GLOBAL X CHINA CLEAN ENERGY ETF (HKD),14760305
2025-09-19,홍콩,HK0000642568,CSOP HANG SENG TECH INDEX ETF (HKD),14665161
2025-09-19,홍콩,CNE1000003G1,INDUSTRIAL AND COMMERCIAL BANK OF CHINA LTD-H,12442721
2025-09-19,홍콩,KYG8208B1014,JD.COM INC CL A,11917859
2025-09-19,홍콩,HK0000637857,GLOBAL X CHINA ROBOTICS AND AI ETF (HKD),11853753
2025-09-19,홍콩,CNE1000048K8,HAIER SMART HOME CO LTD-H MRGR 006942845 BMG423131256,11451203
2025-09-19,홍콩,HK0000123577,CHINAAMC CSI 300 INDEX ETF HKD,11319515
2025-09-19,홍콩,HKX566362888,PING AN SECURITIE HKD0.01 HKD0.01 CHAN 009837742 BMG7115B1211,10832398
2025-09-19,홍콩,CNE1000002H1,CHINA CONSTRUCTION BANK CORP-H,10374834
2025-09-19,홍콩,KYG7611S1075,ROBOSENSE,8967316
2025-09-19,홍콩,HK0000218211,HUA HONG SEMICONDUCTOR LTD,8780449
2025-09-19,홍콩,HKX601342549,CHINA BRIGHT CULTURE GROUP USD0.00001 (Delisted/BL398Y0) CHAN 970928502 KYG2153C1078,8631000
2025-09-19,홍콩,IT0003874101,PRADA SPA,8339611
2025-09-19,홍콩,CNE1000003W8,PETROCHINA CO LTD-H,8208521
2025-09-22,홍콩,KYG9830T1067,XIAOMI CORP,285305454
2025-09-22,홍콩,KYG875721634,TENCENT HOLDINGS LTD,255557995
2025-09-22,홍콩,KYG017191142,ALIBABA GROUP HOLDING LTD,214720448
2025-09-22,홍콩,CNE100000296,BYD CO LTD-H,172286289
2025-09-22,홍콩,KYG8020E1199,SEMICONDUCTOR MANUFACTURING INTL CORP,161165627
2025-09-22,홍콩,CNE100006WS8,CATL ORD H,120832782
2025-09-22,홍콩,CNE1000031W9,GANFENGLITHIUM ORD H,84531856
2025-09-22,홍콩,CNE100005F09,TIANQI LITHIUM CORP,74920071
2025-09-22,홍콩,HK0000562659,GLOBAL X CHINA ELECTRIC VEHICLE AND BATTERY ETF (HKD),57025407
2025-09-22,홍콩,CNE100000593,PICC PROPERTY AND CASUALTY CO LTD-H,55433843
2025-09-22,홍콩,CNE100006CQ4,Ubtech Robotics Ord Shs H,54267391
2025-09-22,홍콩,CNE100004YZ4,CTG DUTY-FREE,43136848
2025-09-22,홍콩,KYG7170M1033,POP MART INTL GROUP LTD,40061094
2025-09-22,홍콩,HK0000748381,YESASIA HOLDINGS LTD,39350458
2025-09-22,홍콩,CNE100006Z79,SANHUA INTELLIGENT,35890365
2025-09-22,홍콩,HK0001025037,GLOBAL X US Treasury 3-5 Year ETF,31038259
2025-09-22,홍콩,KYG970081173,WUXI BIOLOGICS CAYMAN INC,29503305
2025-09-22,홍콩,KYG596691041,MEITUAN,28776454
2025-09-22,홍콩,KYG392AS1011,GLOBAL NEW MATERIAL INTL HOLDINGS LTD,27669196
2025-09-22,홍콩,CNE100006JG0,LAOPU GOLD,27457056
2025-09-22,홍콩,HK0000921236,A GX USD MM,26146636
2025-09-22,홍콩,KYG3777B1032,GEELY AUTOMOBILE HOLDINGS LTD,24791144
2025-09-22,홍콩,HK0000921228,Global X HANG SENG TECH ETF,22953731
2025-09-22,홍콩,HK0000637832,GLOBAL X CHINA SEMICONDUCTOR ETF (HKD),22765653
2025-09-22,홍콩,KYG070341048,BAIDU INC CL A,22495894
2025-09-22,홍콩,KYG532631028,KUAISHOU TECHNOLOGY,21977733
2025-09-22,홍콩,HK0000859063,SAMSUNG BLOCKCHAIN TECHNOLOGIES ETF,21697728
2025-09-22,홍콩,HK0000516697,GLOBAL X CHINA BIOTECH ETF (HKD),21519662
2025-09-22,홍콩,CNE1000003X6,PING AN INSURANCE GROUP CO OF CHINA LTD-H,20649448
2025-09-22,홍콩,HK0000562634,GLOBAL X CHINA CONSUMER BRAND ETF (HKD),19699887
2025-09-22,홍콩,HK0000516713,GLOBAL X CHINA CLOUD COMPUTING ETF (HKD),19264901
2025-09-22,홍콩,KYG4602S1057,HORIZONROBOT-W,18444475
2025-09-22,홍콩,HK1126010854,DREAM INTERNATIONAL LTD,17873232
2025-09-22,홍콩,KYG982AW1003,XPENG INC,17443722
2025-09-22,홍콩,HK0941009539,CHINA MOBILE LTD,16982543
2025-09-22,홍콩,KYG3774X1088,GCL TECHNOLOGY HOLDINGS LTD,16358261
2025-09-22,홍콩,HK0000562675,GLOBAL X CHINA CLEAN ENERGY ETF (HKD),14680822
2025-09-22,홍콩,HK0000642568,CSOP HANG SENG TECH INDEX ETF (HKD),14584010
2025-09-22,홍콩,CNE1000003G1,INDUSTRIAL AND COMMERCIAL BANK OF CHINA LTD-H,12158843
2025-09-22,홍콩,HK0000123577,CHINAAMC CSI 300 INDEX ETF HKD,11979719
2025-09-22,홍콩,KYG8208B1014,JD.COM INC CL A,11463299
2025-09-22,홍콩,CNE1000048K8,HAIER SMART HOME CO LTD-H MRGR 006942845 BMG423131256,11168314
2025-09-22,홍콩,HK0000637857,GLOBAL X CHINA ROBOTICS AND AI ETF (HKD),11138157
2025-09-22,홍콩,HKX566362888,PING AN SECURITIE HKD0.01 HKD0.01 CHAN 009837742 BMG7115B1211,10836194
2025-09-22,홍콩,CNE1000002H1,CHINA CONSTRUCTION BANK CORP-H,10169073
2025-09-22,홍콩,KYG7611S1075,ROBOSENSE,8995634
2025-09-22,홍콩,HKX601342549,CHINA BRIGHT CULTURE GROUP USD0.00001 (Delisted/BL398Y0) CHAN 970928502 KYG2153C1078,8631000
2025-09-22,홍콩,IT0003874101,PRADA SPA,8392014
2025-09-22,홍콩,KYG248141163,COWELL E HOLDINGS INC,8106797
2025-09-22,홍콩,KYG8586D1097,SUNNY OPTICAL TECHNOLOGY (GROUP) CO LTD,8100674
2025-09-23,홍콩,KYG9830T1067,XIAOMI CORP,283321883
2025-09-23,홍콩,KYG875721634,TENCENT HOLDINGS LTD,253715150
2025-09-23,홍콩,KYG017191142,ALIBABA GROUP HOLDING LTD,215118098
2025-09-23,홍콩,CNE100000296,BYD CO LTD-H,166570816
2025-09-23,홍콩,KYG8020E1199,SEMICONDUCTOR MANUFACTURING INTL CORP,160857007
2025-09-23,홍콩,CNE100006WS8,CATL ORD H,118309959
2025-09-23,홍콩,CNE1000031W9,GANFENGLITHIUM ORD H,81832218
2025-09-23,홍콩,CNE100005F09,TIANQI LITHIUM CORP,72594980
2025-09-23,홍콩,HK0000562659,GLOBAL X CHINA ELECTRIC VEHICLE AND BATTERY ETF (HKD),57304753
2025-09-23,홍콩,CNE100000593,PICC PROPERTY AND CASUALTY CO LTD-H,55243873
2025-09-23,홍콩,CNE100006CQ4,Ubtech Robotics Ord Shs H,53593944
2025-09-23,홍콩,CNE100004YZ4,CTG DUTY-FREE,42039672
2025-09-23,홍콩,KYG7170M1033,POP MART INTL GROUP LTD,39484923
2025-09-23,홍콩,HK0000748381,YESASIA HOLDINGS LTD,39165785
2025-09-23,홍콩,CNE100006Z79,SANHUA INTELLIGENT,36112147
2025-09-23,홍콩,HK0001025037,GLOBAL X US Treasury 3-5 Year ETF,31012443
2025-09-23,홍콩,KYG596691041,MEITUAN,28542142
2025-09-23,홍콩,KYG970081173,WUXI BIOLOGICS CAYMAN INC,27764939
2025-09-23,홍콩,CNE100006JG0,LAOPU GOLD,27398796
2025-09-23,홍콩,KYG392AS1011,GLOBAL NEW MATERIAL INTL HOLDINGS LTD,26529830
2025-09-23,홍콩,HK0000921236,A GX USD MM,26172115
2025-09-23,홍콩,KYG3777B1032,GEELY AUTOMOBILE HOLDINGS LTD,24187766
2025-09-23,홍콩,HK0000637832,GLOBAL X CHINA SEMICONDUCTOR ETF (HKD),23028061
2025-09-23,홍콩,HK0000921228,Global X HANG SENG TECH ETF,22804642
2025-09-23,홍콩,HK0000859063,SAMSUNG BLOCKCHAIN TECHNOLOGIES ETF,22433054
2025-09-23,홍콩,KYG532631028,KUAISHOU TECHNOLOGY,22029723
2025-09-23,홍콩,KYG070341048,BAIDU INC CL A,21471300
2025-09-23,홍콩,HK0000516697,GLOBAL X CHINA BIOTECH ETF (HKD),21450380
2025-09-23,홍콩,CNE1000003X6,PING AN INSURANCE GROUP CO OF CHINA LTD-H,20270322
2025-09-23,홍콩,HK0000562634,GLOBAL X CHINA CONSUMER BRAND ETF (HKD),19818734
2025-09-23,홍콩,HK0000516713,GLOBAL X CHINA CLOUD COMPUTING ETF (HKD),18934795
2025-09-23,홍콩,KYG4602S1057,HORIZONROBOT-W,18351410
2025-09-23,홍콩,KYG982AW1003,XPENG INC,17672627
2025-09-23,홍콩,HK1126010854,DREAM INTERNATIONAL LTD,17517186
2025-09-23,홍콩,HK0941009539,CHINA MOBILE LTD,16937600
2025-09-23,홍콩,KYG3774X1088,GCL TECHNOLOGY HOLDINGS LTD,15976969
2025-09-23,홍콩,HK0000562675,GLOBAL X CHINA CLEAN ENERGY ETF (HKD),14786436
2025-09-23,홍콩,HK0000642568,CSOP HANG SENG TECH INDEX ETF (HKD),14749188
2025-09-23,홍콩,CNE1000003G1,INDUSTRIAL AND COMMERCIAL BANK OF CHINA LTD-H,12229413
2025-09-23,홍콩,HK0000123577,CHINAAMC CSI 300 INDEX ETF HKD,12132550
2025-09-23,홍콩,KYG8208B1014,JD.COM INC CL A,11417425
2025-09-23,홍콩,CNE1000048K8,HAIER SMART HOME CO LTD-H MRGR 006942845 BMG423131256,11010154
2025-09-23,홍콩,HKX566362888,PING AN SECURITIE HKD0.01 HKD0.01 CHAN 009837742 BMG7115B1211,10842754
2025-09-23,홍콩,HK0000637857,GLOBAL X CHINA ROBOTICS AND AI ETF (HKD),10757068
2025-09-23,홍콩,CNE1000002H1,CHINA CONSTRUCTION BANK CORP-H,10246416
2025-09-23,홍콩,KYG7611S1075,ROBOSENSE,8849931
2025-09-23,홍콩,HKX601342549,CHINA BRIGHT CULTURE GROUP USD0.00001 (Delisted/BL398Y0) CHAN 970928502 KYG2153C1078,8631000
2025-09-23,홍콩,IT0003874101,PRADA SPA,8370356
2025-09-23,홍콩,HK0000218211,HUA HONG SEMICONDUCTOR LTD,8298577
2025-09-23,홍콩,CNE1000003W8,PETROCHINA CO LTD-H,8045669
2025-09-24,홍콩,KYG9830T1067,XIAOMI CORP,290876213
2025-09-24,홍콩,KYG875721634,TENCENT HOLDINGS LTD,259816827
2025-09-24,홍콩,KYG017191142,ALIBABA GROUP HOLDING LTD,218905507
2025-09-24,홍콩,KYG8020E1199,SEMICONDUCTOR MANUFACTURING INTL CORP,167989618
2025-09-24,홍콩,CNE100000296,BYD CO LTD-H,164705505
2025-09-24,홍콩,CNE100006WS8,CATL ORD H,120343722
2025-09-24,홍콩,CNE1000031W9,GANFENGLITHIUM ORD H,84677559
2025-09-24,홍콩,CNE100005F09,TIANQI LITHIUM CORP,72914819
2025-09-24,홍콩,HK0000562659,GLOBAL X CHINA ELECTRIC VEHICLE AND BATTERY ETF (HKD),58551978
2025-09-24,홍콩,CNE100006CQ4,Ubtech Robotics Ord Shs H,56114790
2025-09-24,홍콩,CNE100000593,PICC PROPERTY AND CASUALTY CO LTD-H,55319867
2025-09-24,홍콩,CNE100004YZ4,CTG DUTY-FREE,41877814
2025-09-24,홍콩,HK0000748381,YESASIA HOLDINGS LTD,39097231
2025-09-24,홍콩,KYG7170M1033,POP MART INTL GROUP LTD,38500639
2025-09-24,홍콩,CNE100006Z79,SANHUA INTELLIGENT,35698705
2025-09-24,홍콩,HK0001025037,GLOBAL X US Treasury 3-5 Year ETF,31062400
2025-09-24,홍콩,KYG596691041,MEITUAN,28958149
2025-09-24,홍콩,KYG970081173,WUXI BIOLOGICS CAYMAN INC,27879343
2025-09-24,홍콩,KYG392AS1011,GLOBAL NEW MATERIAL INTL HOLDINGS LTD,27241126
2025-09-24,홍콩,CNE100006JG0,LAOPU GOLD,26938235
2025-09-24,홍콩,HK0000921236,A GX USD MM,26153985
2025-09-24,홍콩,HK0000637832,GLOBAL X CHINA SEMICONDUCTOR ETF (HKD),24279234
2025-09-24,홍콩,KYG3777B1032,GEELY AUTOMOBILE HOLDINGS LTD,24057145
2025-09-24,홍콩,HK0000921228,Global X HANG SENG TECH ETF,23171978
2025-09-24,홍콩,HK0000859063,SAMSUNG BLOCKCHAIN TECHNOLOGIES ETF,22381431
2025-09-24,홍콩,KYG532631028,KUAISHOU TECHNOLOGY,21726929
2025-09-24,홍콩,CNE1000003X6,PING AN INSURANCE GROUP CO OF CHINA LTD-H,21666147
2025-09-24,홍콩,KYG070341048,BAIDU INC CL A,21555179
2025-09-24,홍콩,HK0000516697,GLOBAL X CHINA BIOTECH ETF (HKD),21464462
2025-09-24,홍콩,HK0000562634,GLOBAL X CHINA CONSUMER BRAND ETF (HKD),19930695
2025-09-24,홍콩,HK0000516713,GLOBAL X CHINA CLOUD COMPUTING ETF (HKD),19546368
2025-09-24,홍콩,KYG4602S1057,HORIZONROBOT-W,18255326
2025-09-24,홍콩,KYG982AW1003,XPENG INC,17426955
2025-09-24,홍콩,HK1126010854,DREAM INTERNATIONAL LTD,17249843
2025-09-24,홍콩,HK0941009539,CHINA MOBILE LTD,17010395
2025-09-24,홍콩,KYG3774X1088,GCL TECHNOLOGY HOLDINGS LTD,16499006
2025-09-24,홍콩,HK0000562675,GLOBAL X CHINA CLEAN ENERGY ETF (HKD),15318913
2025-09-24,홍콩,HK0000642568,CSOP HANG SENG TECH INDEX ETF (HKD),15133001
2025-09-24,홍콩,CNE1000003G1,INDUSTRIAL AND COMMERCIAL BANK OF CHINA LTD-H,12624366
2025-09-24,홍콩,HK0000123577,CHINAAMC CSI 300 INDEX ETF HKD,12375501
2025-09-24,홍콩,KYG8208B1014,JD.COM INC CL A,12063073
2025-09-24,홍콩,CNE1000048K8,HAIER SMART HOME CO LTD-H MRGR 006942845 BMG423131256,11170791
2025-09-24,홍콩,HK0000637857,GLOBAL X CHINA ROBOTICS AND AI ETF (HKD),11099737
2025-09-24,홍콩,HKX566362888,PING AN SECURITIE HKD0.01 HKD0.01 CHAN 009837742 BMG7115B1211,10835243
2025-09-24,홍콩,CNE1000002H1,CHINA CONSTRUCTION BANK CORP-H,10199085
2025-09-24,홍콩,KYG7611S1075,ROBOSENSE,9427351
2025-09-24,홍콩,HK0000218211,HUA HONG SEMICONDUCTOR LTD,8808398
2025-09-24,홍콩,HKX601342549,CHINA BRIGHT CULTURE GROUP USD0.00001 (Delisted/BL398Y0) CHAN 970928502 KYG2153C1078,8631000
2025-09-24,홍콩,IT0003874101,PRADA SPA,8495954
2025-09-24,홍콩,CNE1000001Z5,BANK OF CHINA LTD-H,8297156
2025-09-25,홍콩,KYG9830T1067,XIAOMI CORP,303051016
2025-09-25,홍콩,KYG875721634,TENCENT HOLDINGS LTD,260130901
2025-09-25,홍콩,KYG017191142,ALIBABA GROUP HOLDING LTD,216454394
2025-09-25,홍콩,CNE100000296,BYD CO LTD-H,167623284
2025-09-25,홍콩,KYG8020E1199,SEMICONDUCTOR MANUFACTURING INTL CORP,163012195
2025-09-25,홍콩,CNE100006WS8,CATL ORD H,126743493
2025-09-25,홍콩,CNE1000031W9,GANFENGLITHIUM ORD H,86000399
2025-09-25,홍콩,CNE100005F09,TIANQI LITHIUM CORP,74065571
2025-09-25,홍콩,HK0000562659,GLOBAL X CHINA ELECTRIC VEHICLE AND BATTERY ETF (HKD),59467272
2025-09-25,홍콩,CNE100000593,PICC PROPERTY AND CASUALTY CO LTD-H,54905359
2025-09-25,홍콩,CNE100006CQ4,Ubtech Robotics Ord Shs H,53974469
2025-09-25,홍콩,CNE100004YZ4,CTG DUTY-FREE,41484823
2025-09-25,홍콩,KYG7170M1033,POP MART INTL GROUP LTD,38518653
2025-09-25,홍콩,HK0000748381,YESASIA HOLDINGS LTD,38139283
2025-09-25,홍콩,CNE100006Z79,SANHUA INTELLIGENT,35336531
2025-09-25,홍콩,HK0001025037,GLOBAL X US Treasury 3-5 Year ETF,31013897
2025-09-25,홍콩,KYG596691041,MEITUAN,28770675
2025-09-25,홍콩,CNE100006JG0,LAOPU GOLD,26451863
2025-09-25,홍콩,KYG392AS1011,GLOBAL NEW MATERIAL INTL HOLDINGS LTD,26317078
2025-09-25,홍콩,HK0000921236,A GX USD MM,26154155
2025-09-25,홍콩,KYG3777B1032,GEELY AUTOMOBILE HOLDINGS LTD,24262678
2025-09-25,홍콩,HK0000637832,GLOBAL X CHINA SEMICONDUCTOR ETF (HKD),23509117
2025-09-25,홍콩,HK0000921228,Global X HANG SENG TECH ETF,23162163
2025-09-25,홍콩,KYG970081173,WUXI BIOLOGICS CAYMAN INC,23014666
2025-09-25,홍콩,KYG532631028,KUAISHOU TECHNOLOGY,22096114
2025-09-25,홍콩,HK0000859063,SAMSUNG BLOCKCHAIN TECHNOLOGIES ETF,22073704
2025-09-25,홍콩,KYG070341048,BAIDU INC CL A,21847529
2025-09-25,홍콩,CNE1000003X6,PING AN INSURANCE GROUP CO OF CHINA LTD-H,21597048
2025-09-25,홍콩,HK0000516697,GLOBAL X CHINA BIOTECH ETF (HKD),21442467
2025-09-25,홍콩,HK0000516713,GLOBAL X CHINA CLOUD COMPUTING ETF (HKD),19770262
2025-09-25,홍콩,HK0000562634,GLOBAL X CHINA CONSUMER BRAND ETF (HKD),19766326
2025-09-25,홍콩,KYG4602S1057,HORIZONROBOT-W,18838359
2025-09-25,홍콩,KYG982AW1003,XPENG INC,17952162
2025-09-25,홍콩,HK1126010854,DREAM INTERNATIONAL LTD,16950773
2025-09-25,홍콩,HK0941009539,CHINA MOBILE LTD,16883631
2025-09-25,홍콩,KYG3774X1088,GCL TECHNOLOGY HOLDINGS LTD,16234342
2025-09-25,홍콩,HK0000562675,GLOBAL X CHINA CLEAN ENERGY ETF (HKD),15477969
2025-09-25,홍콩,HK0000642568,CSOP HANG SENG TECH INDEX ETF (HKD),15404247
2025-09-25,홍콩,KYG8208B1014,JD.COM INC CL A,12679764
2025-09-25,홍콩,CNE1000003G1,INDUSTRIAL AND COMMERCIAL BANK OF CHINA LTD-H,12343725
2025-09-25,홍콩,HK0000637857,GLOBAL X CHINA ROBOTICS AND AI ETF (HKD),11546187
2025-09-25,홍콩,HKX566362888,PING AN SECURITIE HKD0.01 HKD0.01 CHAN 009837742 BMG7115B1211,10830323
2025-09-25,홍콩,CNE1000048K8,HAIER SMART HOME CO LTD-H MRGR 006942845 BMG423131256,10624746
2025-09-25,홍콩,HK0000123577,CHINAAMC CSI 300 INDEX ETF HKD,10091169
2025-09-25,홍콩,CNE1000002H1,CHINA CONSTRUCTION BANK CORP-H,9963311
2025-09-25,홍콩,HK0000218211,HUA HONG SEMICONDUCTOR LTD,9709085
2025-09-25,홍콩,KYG7611S1075,ROBOSENSE,9661839
2025-09-25,홍콩,HKX601342549,CHINA BRIGHT CULTURE GROUP USD0.00001 (Delisted/BL398Y0) CHAN 970928502 KYG2153C1078,8631000
2025-09-25,홍콩,IT0003874101,PRADA SPA,8380535
2025-09-25,홍콩,HK0000761400,PREMIA CHINA STAR50 ETF HKD,8231011
2025-09-26,홍콩,KYG9830T1067,XIAOMI CORP,277415852
2025-09-26,홍콩,KYG875721634,TENCENT HOLDINGS LTD,257959258
2025-09-26,홍콩,KYG017191142,ALIBABA GROUP HOLDING LTD,208577139
2025-09-26,홍콩,CNE100000296,BYD CO LTD-H,166639778
2025-09-26,홍콩,KYG8020E1199,SEMICONDUCTOR MANUFACTURING INTL CORP,159161125
2025-09-26,홍콩,CNE100006WS8,CATL ORD H,127777221
2025-09-26,홍콩,CNE1000031W9,GANFENGLITHIUM ORD H,83983406
2025-09-26,홍콩,CNE100005F09,TIANQI LITHIUM CORP,74440652
2025-09-26,홍콩,HK0000562659,GLOBAL X CHINA ELECTRIC VEHICLE AND BATTERY ETF (HKD),57966430
2025-09-26,홍콩,CNE100000593,PICC PROPERTY AND CASUALTY CO LTD-H,55599491
2025-09-26,홍콩,CNE100006CQ4,Ubtech Robotics Ord Shs H,55590539
2025-09-26,홍콩,CNE100004YZ4,CTG DUTY-FREE,41236229
2025-09-26,홍콩,KYG7170M1033,POP MART INTL GROUP LTD,37962456
2025-09-26,홍콩,HK0000748381,YESASIA HOLDINGS LTD,36382513
2025-09-26,홍콩,CNE100006Z79,SANHUA INTELLIGENT,34177825
2025-09-26,홍콩,HK0001025037,GLOBAL X US Treasury 3-5 Year ETF,31030325
2025-09-26,홍콩,KYG596691041,MEITUAN,28289885
2025-09-26,홍콩,KYG392AS1011,GLOBAL NEW MATERIAL INTL HOLDINGS LTD,27095597
2025-09-26,홍콩,HK0000921236,A GX USD MM,26155003
2025-09-26,홍콩,CNE100006JG0,LAOPU GOLD,25918021
2025-09-26,홍콩,KYG3777B1032,GEELY AUTOMOBILE HOLDINGS LTD,23906886
2025-09-26,홍콩,HK0000637832,GLOBAL X CHINA SEMICONDUCTOR ETF (HKD),23208883
2025-09-26,홍콩,HK0000921228,Global X HANG SENG TECH ETF,23198249
2025-09-26,홍콩,KYG970081173,WUXI BIOLOGICS CAYMAN INC,22549529
2025-09-26,홍콩,KYG532631028,KUAISHOU TECHNOLOGY,21900599
2025-09-26,홍콩,KYG070341048,BAIDU INC CL A,21704507
2025-09-26,홍콩,CNE1000003X6,PING AN INSURANCE GROUP CO OF CHINA LTD-H,21653793
2025-09-26,홍콩,HK0000859063,SAMSUNG BLOCKCHAIN TECHNOLOGIES ETF,21397282
2025-09-26,홍콩,HK0000516697,GLOBAL X CHINA BIOTECH ETF (HKD),20828204
2025-09-26,홍콩,HK0000562634,GLOBAL X CHINA CONSUMER BRAND ETF (HKD),19711449
2025-09-26,홍콩,KYG982AW1003,XPENG INC,19373624
2025-09-26,홍콩,HK0000516713,GLOBAL X CHINA CLOUD COMPUTING ETF (HKD),18903294
2025-09-26,홍콩,KYG4602S1057,HORIZONROBOT-W,17219282
2025-09-26,홍콩,HK0941009539,CHINA MOBILE LTD,16840190
2025-09-26,홍콩,HK1126010854,DREAM INTERNATIONAL LTD,16541029
2025-09-26,홍콩,KYG3774X1088,GCL TECHNOLOGY HOLDINGS LTD,15976917
2025-09-26,홍콩,HK0000562675,GLOBAL X CHINA CLEAN ENERGY ETF (HKD),15517230
2025-09-26,홍콩,HK0000642568,CSOP HANG SENG TECH INDEX ETF (HKD),14924173
2025-09-26,홍콩,CNE1000003G1,INDUSTRIAL AND COMMERCIAL BANK OF CHINA LTD-H,12379555
2025-09-26,홍콩,KYG8208B1014,JD.COM INC CL A,12240638
2025-09-26,홍콩,HK0000637857,GLOBAL X CHINA ROBOTICS AND AI ETF (HKD),11004540
2025-09-26,홍콩,HKX566362888,PING AN SECURITIE HKD0.01 HKD0.01 CHAN 009837742 BMG7115B1211,10825687
2025-09-26,홍콩,CNE1000048K8,HAIER SMART HOME CO LTD-H MRGR 006942845 BMG423131256,10398012
2025-09-26,홍콩,HK0000218211,HUA HONG SEMICONDUCTOR LTD,10217037
2025-09-26,홍콩,HK0000123577,CHINAAMC CSI 300 INDEX ETF HKD,10091832
2025-09-26,홍콩,CNE1000002H1,CHINA CONSTRUCTION BANK CORP-H,10045540
2025-09-26,홍콩,KYG7611S1075,ROBOSENSE,9006672
2025-09-26,홍콩,HKX601342549,CHINA BRIGHT CULTURE GROUP USD0.00001 (Delisted/BL398Y0) CHAN 970928502 KYG2153C1078,8631000
2025-09-26,홍콩,IT0003874101,PRADA SPA,8240930
2025-09-26,홍콩,CNE1000001Z5,BANK OF CHINA LTD-H,8132352
2025-09-29,홍콩,KYG9830T1067,XIAOMI CORP,271316749
2025-09-29,홍콩,KYG875721634,TENCENT HOLDINGS LTD,264319741
2025-09-29,홍콩,KYG017191142,ALIBABA GROUP HOLDING LTD,215653745
2025-09-29,홍콩,KYG8020E1199,SEMICONDUCTOR MANUFACTURING INTL CORP,167115455
2025-09-29,홍콩,CNE100000296,BYD CO LTD-H,154527248
2025-09-29,홍콩,CNE100006WS8,CATL ORD H,133293656
2025-09-29,홍콩,CNE1000031W9,GANFENGLITHIUM ORD H,88833595
2025-09-29,홍콩,CNE100005F09,TIANQI LITHIUM CORP,78789371
2025-09-29,홍콩,CNE100006CQ4,Ubtech Robotics Ord Shs H,60723931
2025-09-29,홍콩,HK0000562659,GLOBAL X CHINA ELECTRIC VEHICLE AND BATTERY ETF (HKD),60404669
2025-09-29,홍콩,CNE100000593,PICC PROPERTY AND CASUALTY CO LTD-H,56220857
2025-09-29,홍콩,CNE100004YZ4,CTG DUTY-FREE,42538400
2025-09-29,홍콩,KYG7170M1033,POP MART INTL GROUP LTD,37374188
2025-09-29,홍콩,CNE100006Z79,SANHUA INTELLIGENT,37132191
2025-09-29,홍콩,HK0000748381,YESASIA HOLDINGS LTD,36076560
2025-09-29,홍콩,HK0001025037,GLOBAL X US Treasury 3-5 Year ETF,30972147
2025-09-29,홍콩,KYG392AS1011,GLOBAL NEW MATERIAL INTL HOLDINGS LTD,29047810
2025-09-29,홍콩,KYG596691041,MEITUAN,28962420
2025-09-29,홍콩,CNE100006JG0,LAOPU GOLD,26436165
2025-09-29,홍콩,HK0000921236,A GX USD MM,26162330
2025-09-29,홍콩,KYG3777B1032,GEELY AUTOMOBILE HOLDINGS LTD,24323350
2025-09-29,홍콩,HK0000637832,GLOBAL X CHINA SEMICONDUCTOR ETF (HKD),23556299
2025-09-29,홍콩,HK0000921228,Global X HANG SENG TECH ETF,23183114
2025-09-29,홍콩,KYG970081173,WUXI BIOLOGICS CAYMAN INC,23178859
2025-09-29,홍콩,KYG532631028,KUAISHOU TECHNOLOGY,22866955
2025-09-29,홍콩,KYG070341048,BAIDU INC CL A,22519003
2025-09-29,홍콩,CNE1000003X6,PING AN INSURANCE GROUP CO OF CHINA LTD-H,22094175
2025-09-29,홍콩,HK0000859063,SAMSUNG BLOCKCHAIN TECHNOLOGIES ETF,21682763
2025-09-29,홍콩,HK0000516697,GLOBAL X CHINA BIOTECH ETF (HKD),21041883
2025-09-29,홍콩,KYG982AW1003,XPENG INC,20811643
2025-09-29,홍콩,HK0000562634,GLOBAL X CHINA CONSUMER BRAND ETF (HKD),19816257
2025-09-29,홍콩,HK0000516713,GLOBAL X CHINA CLOUD COMPUTING ETF (HKD),19238649
2025-09-29,홍콩,HK0000642568,CSOP HANG SENG TECH INDEX ETF (HKD),17324343
2025-09-29,홍콩,KYG4602S1057,HORIZONROBOT-W,17096577
2025-09-29,홍콩,HK0941009539,CHINA MOBILE LTD,16825090
2025-09-29,홍콩,HK1126010854,DREAM INTERNATIONAL LTD,16639865
2025-09-29,홍콩,HK0000562675,GLOBAL X CHINA CLEAN ENERGY ETF (HKD),16427279
2025-09-29,홍콩,KYG3774X1088,GCL TECHNOLOGY HOLDINGS LTD,16367871
2025-09-29,홍콩,KYG8208B1014,JD.COM INC CL A,13033671
2025-09-29,홍콩,CNE1000003G1,INDUSTRIAL AND COMMERCIAL BANK OF CHINA LTD-H,12451142
2025-09-29,홍콩,HK0000637857,GLOBAL X CHINA ROBOTICS AND AI ETF (HKD),11220144
2025-09-29,홍콩,HKX566362888,PING AN SECURITIE HKD0.01 HKD0.01 CHAN 009837742 BMG7115B1211,10828720
2025-09-29,홍콩,HK0000218211,HUA HONG SEMICONDUCTOR LTD,10694465
2025-09-29,홍콩,CNE1000048K8,HAIER SMART HOME CO LTD-H MRGR 006942845 BMG423131256,10636906
2025-09-29,홍콩,KYG7611S1075,ROBOSENSE,10423291
2025-09-29,홍콩,CNE1000002H1,CHINA CONSTRUCTION BANK CORP-H,10188571
2025-09-29,홍콩,HK0000123577,CHINAAMC CSI 300 INDEX ETF HKD,9606808
2025-09-29,홍콩,HKX601342549,CHINA BRIGHT CULTURE GROUP USD0.00001 (Delisted/BL398Y0) CHAN 970928502 KYG2153C1078,8631000
2025-09-29,홍콩,HK0001149431,Global X China C,8433256
2025-09-29,홍콩,IT0003874101,PRADA SPA,8415834
2025-09-30,홍콩,KYG9830T1067,XIAOMI CORP,274621696
2025-09-30,홍콩,KYG875721634,TENCENT HOLDINGS LTD,265051745
2025-09-30,홍콩,KYG017191142,ALIBABA GROUP HOLDING LTD,219156699
2025-09-30,홍콩,KYG8020E1199,SEMICONDUCTOR MANUFACTURING INTL CORP,174198116
2025-09-30,홍콩,CNE100000296,BYD CO LTD-H,156119393
2025-09-30,홍콩,CNE100006WS8,CATL ORD H,138559521
2025-09-30,홍콩,CNE1000031W9,GANFENGLITHIUM ORD H,96502738
2025-09-30,홍콩,CNE100005F09,TIANQI LITHIUM CORP,83077219
2025-09-30,홍콩,CNE100006CQ4,Ubtech Robotics Ord Shs H,66136471
2025-09-30,홍콩,HK0000562659,GLOBAL X CHINA ELECTRIC VEHICLE AND BATTERY ETF (HKD),61405776
2025-09-30,홍콩,CNE100000593,PICC PROPERTY AND CASUALTY CO LTD-H,55820702
2025-09-30,홍콩,CNE100004YZ4,CTG DUTY-FREE,44243657
2025-09-30,홍콩,HK0000637832,GLOBAL X CHINA SEMICONDUCTOR ETF (HKD),42157812
2025-09-30,홍콩,CNE100006Z79,SANHUA INTELLIGENT,39566572
2025-09-30,홍콩,KYG7170M1033,POP MART INTL GROUP LTD,37878746
2025-09-30,홍콩,HK0000748381,YESASIA HOLDINGS LTD,36435647
2025-09-30,홍콩,HK0001025037,GLOBAL X US Treasury 3-5 Year ETF,31014074
2025-09-30,홍콩,KYG596691041,MEITUAN,29337818
2025-09-30,홍콩,KYG392AS1011,GLOBAL NEW MATERIAL INTL HOLDINGS LTD,28305728
2025-09-30,홍콩,CNE100006JG0,LAOPU GOLD,26709260
2025-09-30,홍콩,HK0000921236,A GX USD MM,26162500
2025-09-30,홍콩,KYG3777B1032,GEELY AUTOMOBILE HOLDINGS LTD,25535528
2025-09-30,홍콩,KYG532631028,KUAISHOU TECHNOLOGY,24305172
2025-09-30,홍콩,KYG970081173,WUXI BIOLOGICS CAYMAN INC,23983622
2025-09-30,홍콩,HK0000921228,Global X HANG SENG TECH ETF,23689808
2025-09-30,홍콩,KYG070341048,BAIDU INC CL A,22732178
2025-09-30,홍콩,HK0000859063,SAMSUNG BLOCKCHAIN TECHNOLOGIES ETF,22339784
2025-09-30,홍콩,CNE1000003X6,PING AN INSURANCE GROUP CO OF CHINA LTD-H,21911816
2025-09-30,홍콩,HK0000516697,GLOBAL X CHINA BIOTECH ETF (HKD),21624355
2025-09-30,홍콩,KYG982AW1003,XPENG INC,21508750
2025-09-30,홍콩,HK0000562634,GLOBAL X CHINA CONSUMER BRAND ETF (HKD),19900232
2025-09-30,홍콩,HK0000516713,GLOBAL X CHINA CLOUD COMPUTING ETF (HKD),19475820
2025-09-30,홍콩,HK0000642568,CSOP HANG SENG TECH INDEX ETF (HKD),17612724
2025-09-30,홍콩,HK0941009539,CHINA MOBILE LTD,16749079
2025-09-30,홍콩,KYG3774X1088,GCL TECHNOLOGY HOLDINGS LTD,16617461
2025-09-30,홍콩,HK1126010854,DREAM INTERNATIONAL LTD,16314174
2025-09-30,홍콩,KYG4602S1057,HORIZONROBOT-W,16297599
2025-09-30,홍콩,HK0000562675,GLOBAL X CHINA CLEAN ENERGY ETF (HKD),15973536
2025-09-30,홍콩,KYG8208B1014,JD.COM INC CL A,13268111
2025-09-30,홍콩,CNE1000003G1,INDUSTRIAL AND COMMERCIAL BANK OF CHINA LTD-H,12470163
2025-09-30,홍콩,HK0000218211,HUA HONG SEMICONDUCTOR LTD,11728687
2025-09-30,홍콩,HK0000637857,GLOBAL X CHINA ROBOTICS AND AI ETF (HKD),11671652
2025-09-30,홍콩,CNE1000048K8,HAIER SMART HOME CO LTD-H MRGR 006942845 BMG423131256,11199290
2025-09-30,홍콩,HKX566362888,PING AN SECURITIE HKD0.01 HKD0.01 CHAN 009837742 BMG7115B1211,10823807
2025-09-30,홍콩,KYG7611S1075,ROBOSENSE,10658834
2025-09-30,홍콩,CNE1000002H1,CHINA CONSTRUCTION BANK CORP-H,10204741
2025-09-30,홍콩,HK0000123577,CHINAAMC CSI 300 INDEX ETF HKD,9803989
2025-09-30,홍콩,HK0001200002,02259,9274881
2025-09-30,홍콩,HK0001149431,Global X China C,8803609
2025-09-30,홍콩,HKX601342549,CHINA BRIGHT CULTURE GROUP USD0.00001 (Delisted/BL398Y0) CHAN 970928502 KYG2153C1078,8631000
2025-10-01,홍콩,KYG9830T1067,XIAOMI CORP,274654483
2025-10-01,홍콩,KYG875721634,TENCENT HOLDINGS LTD,265083389
2025-10-01,홍콩,KYG017191142,ALIBABA GROUP HOLDING LTD,219182864
2025-10-01,홍콩,KYG8020E1199,SEMICONDUCTOR MANUFACTURING INTL CORP,174218913
2025-10-01,홍콩,CNE100000296,BYD CO LTD-H,156138032
2025-10-01,홍콩,CNE100006WS8,CATL ORD H,138576064
2025-10-01,홍콩,CNE1000031W9,GANFENGLITHIUM ORD H,96514259
2025-10-01,홍콩,CNE100005F09,TIANQI LITHIUM CORP,83087137
2025-10-01,홍콩,CNE100006CQ4,Ubtech Robotics Ord Shs H,66144367
2025-10-01,홍콩,HK0000562659,GLOBAL X CHINA ELECTRIC VEHICLE AND BATTERY ETF (HKD),61413107
2025-10-01,홍콩,CNE100000593,PICC PROPERTY AND CASUALTY CO LTD-H,55827366
2025-10-01,홍콩,CNE100004YZ4,CTG DUTY-FREE,44248940
2025-10-01,홍콩,HK0000637832,GLOBAL X CHINA SEMICONDUCTOR ETF (HKD),42162845
2025-10-01,홍콩,CNE100006Z79,SANHUA INTELLIGENT,39571296
2025-10-01,홍콩,KYG7170M1033,POP MART INTL GROUP LTD,37883268
2025-10-01,홍콩,HK0000748381,YESASIA HOLDINGS LTD,36439997
2025-10-01,홍콩,HK0001025037,GLOBAL X US Treasury 3-5 Year ETF,31017776
2025-10-01,홍콩,KYG596691041,MEITUAN,29341321
2025-10-01,홍콩,KYG392AS1011,GLOBAL NEW MATERIAL INTL HOLDINGS LTD,28309108
2025-10-01,홍콩,CNE100006JG0,LAOPU GOLD,26712449
2025-10-01,홍콩,HK0000921236,A GX USD MM,26165623
2025-10-01,홍콩,KYG3777B1032,GEELY AUTOMOBILE HOLDINGS LTD,25538576
2025-10-01,홍콩,KYG532631028,KUAISHOU TECHNOLOGY,24308074
2025-10-01,홍콩,KYG970081173,WUXI BIOLOGICS CAYMAN INC,23986485
2025-10-01,홍콩,HK0000921228,Global X HANG SENG TECH ETF,23692636
2025-10-01,홍콩,KYG070341048,BAIDU INC CL A,22734892
2025-10-01,홍콩,HK0000859063,SAMSUNG BLOCKCHAIN TECHNOLOGIES ETF,22342451
2025-10-01,홍콩,CNE1000003X6,PING AN INSURANCE GROUP CO OF CHINA LTD-H,21914432
2025-10-01,홍콩,HK0000516697,GLOBAL X CHINA BIOTECH ETF (HKD),21626937
2025-10-01,홍콩,KYG982AW1003,XPENG INC,21511318
2025-10-01,홍콩,HK0000562634,GLOBAL X CHINA CONSUMER BRAND ETF (HKD),19902608
2025-10-01,홍콩,HK0000516713,GLOBAL X CHINA CLOUD COMPUTING ETF (HKD),19478145
2025-10-01,홍콩,HK0000642568,CSOP HANG SENG TECH INDEX ETF (HKD),17614827
2025-10-01,홍콩,HK0941009539,CHINA MOBILE LTD,16751078
2025-10-01,홍콩,KYG3774X1088,GCL TECHNOLOGY HOLDINGS LTD,16619445
2025-10-01,홍콩,HK1126010854,DREAM INTERNATIONAL LTD,16316122
2025-10-01,홍콩,KYG4602S1057,HORIZONROBOT-W,16299544
2025-10-01,홍콩,HK0000562675,GLOBAL X CHINA CLEAN ENERGY ETF (HKD),15975443
2025-10-01,홍콩,KYG8208B1014,JD.COM INC CL A,13269695
2025-10-01,홍콩,CNE1000003G1,INDUSTRIAL AND COMMERCIAL BANK OF CHINA LTD-H,12471652
2025-10-01,홍콩,HK0000218211,HUA HONG SEMICONDUCTOR LTD,11730088
2025-10-01,홍콩,HK0000637857,GLOBAL X CHINA ROBOTICS AND AI ETF (HKD),11673046
2025-10-01,홍콩,CNE1000048K8,HAIER SMART HOME CO LTD-H MRGR 006942845 BMG423131256,11200627
2025-10-01,홍콩,HKX566362888,PING AN SECURITIE HKD0.01 HKD0.01 CHAN 009837742 BMG7115B1211,10825099
2025-10-01,홍콩,KYG7611S1075,ROBOSENSE,10660107
2025-10-01,홍콩,CNE1000002H1,CHINA CONSTRUCTION BANK CORP-H,10205960
2025-10-01,홍콩,HK0000123577,CHINAAMC CSI 300 INDEX ETF HKD,9805160
2025-10-01,홍콩,HK0001200002,02259,9275988
2025-10-01,홍콩,HK0001149431,Global X China C,8804660
2025-10-01,홍콩,HKX601342549,CHINA BRIGHT CULTURE GROUP USD0.00001 (Delisted/BL398Y0) CHAN 970928502 KYG2153C1078,8631000
2025-10-02,홍콩,KYG9830T1067,XIAOMI CORP,285578952
2025-10-02,홍콩,KYG875721634,TENCENT HOLDINGS LTD,270886801
2025-10-02,홍콩,KYG017191142,ALIBABA GROUP HOLDING LTD,229780382
2025-10-02,홍콩,KYG8020E1199,SEMICONDUCTOR MANUFACTURING INTL CORP,195841342
2025-10-02,홍콩,CNE100000296,BYD CO LTD-H,163484325
2025-10-02,홍콩,CNE100006WS8,CATL ORD H,146837089
2025-10-02,홍콩,CNE1000031W9,GANFENGLITHIUM ORD H,107419334
2025-10-02,홍콩,CNE100005F09,TIANQI LITHIUM CORP,93844629
2025-10-02,홍콩,CNE100006CQ4,Ubtech Robotics Ord Shs H,69599736
2025-10-02,홍콩,HK0000562659,GLOBAL X CHINA ELECTRIC VEHICLE AND BATTERY ETF (HKD),62807660
2025-10-02,홍콩,CNE100000593,PICC PROPERTY AND CASUALTY CO LTD-H,56815168
2025-10-02,홍콩,HK0000637832,GLOBAL X CHINA SEMICONDUCTOR ETF (HKD),44144853
2025-10-02,홍콩,CNE100004YZ4,CTG DUTY-FREE,43006645
2025-10-02,홍콩,CNE100006Z79,SANHUA INTELLIGENT,41380621
2025-10-02,홍콩,HK0000748381,YESASIA HOLDINGS LTD,36493367
2025-10-02,홍콩,KYG7170M1033,POP MART INTL GROUP LTD,36052228
2025-10-02,홍콩,HK0001025037,GLOBAL X US Treasury 3-5 Year ETF,31122494
2025-10-02,홍콩,KYG596691041,MEITUAN,30263642
2025-10-02,홍콩,KYG392AS1011,GLOBAL NEW MATERIAL INTL HOLDINGS LTD,28374603
2025-10-02,홍콩,KYG532631028,KUAISHOU TECHNOLOGY,26932531
2025-10-02,홍콩,CNE100006JG0,LAOPU GOLD,26327294
2025-10-02,홍콩,HK0000921236,A GX USD MM,26182044
2025-10-02,홍콩,KYG3777B1032,GEELY AUTOMOBILE HOLDINGS LTD,25801239
2025-10-02,홍콩,KYG970081173,WUXI BIOLOGICS CAYMAN INC,25034640
2025-10-02,홍콩,HK0000921228,Global X HANG SENG TECH ETF,24404813
2025-10-02,홍콩,KYG070341048,BAIDU INC CL A,24210188
2025-10-02,홍콩,HK0000859063,SAMSUNG BLOCKCHAIN TECHNOLOGIES ETF,22778870
2025-10-02,홍콩,HK0000516697,GLOBAL X CHINA BIOTECH ETF (HKD),22200667
2025-10-02,홍콩,CNE1000003X6,PING AN INSURANCE GROUP CO OF CHINA LTD-H,22187819
2025-10-02,홍콩,KYG982AW1003,XPENG INC,21150000
2025-10-02,홍콩,HK0000562634,GLOBAL X CHINA CONSUMER BRAND ETF (HKD),19992872
2025-10-02,홍콩,HK0000516713,GLOBAL X CHINA CLOUD COMPUTING ETF (HKD),19890285
2025-10-02,홍콩,HK0000642568,CSOP HANG SENG TECH INDEX ETF (HKD),18111383
2025-10-02,홍콩,KYG3774X1088,GCL TECHNOLOGY HOLDINGS LTD,16878735
2025-10-02,홍콩,HK0941009539,CHINA MOBILE LTD,16843103
2025-10-02,홍콩,HK0000562675,GLOBAL X CHINA CLEAN ENERGY ETF (HKD),16317266
2025-10-02,홍콩,KYG4602S1057,HORIZONROBOT-W,16013834
2025-10-02,홍콩,HK1126010854,DREAM INTERNATIONAL LTD,15890092
2025-10-02,홍콩,KYG8208B1014,JD.COM INC CL A,13719606
2025-10-02,홍콩,CNE1000003G1,INDUSTRIAL AND COMMERCIAL BANK OF CHINA LTD-H,12454216
2025-10-02,홍콩,HK0000218211,HUA HONG SEMICONDUCTOR LTD,11962210
2025-10-02,홍콩,HK0000637857,GLOBAL X CHINA ROBOTICS AND AI ETF (HKD),11833048
2025-10-02,홍콩,CNE1000048K8,HAIER SMART HOME CO LTD-H MRGR 006942845 BMG423131256,11316786
2025-10-02,홍콩,KYG7611S1075,ROBOSENSE,10870112
2025-10-02,홍콩,HKX566362888,PING AN SECURITIE HKD0.01 HKD0.01 CHAN 009837742 BMG7115B1211,10826910
2025-10-02,홍콩,CNE1000002H1,CHINA CONSTRUCTION BANK CORP-H,10654816
2025-10-02,홍콩,HK0001200002,02259,10577626
2025-10-02,홍콩,HK0000123577,CHINAAMC CSI 300 INDEX ETF HKD,10063674
2025-10-02,홍콩,HK0001149431,Global X China C,9228521
2025-10-02,홍콩,KYG9066F1019,TRIP.COM GROUP LTD,9063144
2025-10-03,홍콩,KYG9830T1067,XIAOMI CORP,282346016
2025-10-03,홍콩,KYG875721634,TENCENT HOLDINGS LTD,269569979
2025-10-03,홍콩,KYG017191142,ALIBABA GROUP HOLDING LTD,233347974
2025-10-03,홍콩,KYG8020E1199,SEMICONDUCTOR MANUFACTURING INTL CORP,200283375
2025-10-03,홍콩,CNE100000296,BYD CO LTD-H,155369994
2025-10-03,홍콩,CNE100006WS8,CATL ORD H,147054775
2025-10-03,홍콩,CNE1000031W9,GANFENGLITHIUM ORD H,105096819
2025-10-03,홍콩,CNE100005F09,TIANQI LITHIUM CORP,93190947
2025-10-03,홍콩,CNE100006CQ4,Ubtech Robotics Ord Shs H,68744232
2025-10-03,홍콩,HK0000562659,GLOBAL X CHINA ELECTRIC VEHICLE AND BATTERY ETF (HKD),61696562
2025-10-03,홍콩,CNE100000593,PICC PROPERTY AND CASUALTY CO LTD-H,56454464
2025-10-03,홍콩,HK0000637832,GLOBAL X CHINA SEMICONDUCTOR ETF (HKD),43775329
2025-10-03,홍콩,CNE100004YZ4,CTG DUTY-FREE,42430040
2025-10-03,홍콩,CNE100006Z79,SANHUA INTELLIGENT,40519543
2025-10-03,홍콩,KYG7170M1033,POP MART INTL GROUP LTD,36198524
2025-10-03,홍콩,HK0000748381,YESASIA HOLDINGS LTD,35569353
2025-10-03,홍콩,HK0001025037,GLOBAL X US Treasury 3-5 Year ETF,31089065
2025-10-03,홍콩,KYG596691041,MEITUAN,29769315
2025-10-03,홍콩,KYG392AS1011,GLOBAL NEW MATERIAL INTL HOLDINGS LTD,28435362
2025-10-03,홍콩,CNE100006JG0,LAOPU GOLD,26239071
2025-10-03,홍콩,HK0000921236,A GX USD MM,26182044
2025-10-03,홍콩,KYG532631028,KUAISHOU TECHNOLOGY,26088798
2025-10-03,홍콩,KYG3777B1032,GEELY AUTOMOBILE HOLDINGS LTD,25180717
2025-10-03,홍콩,KYG970081173,WUXI BIOLOGICS CAYMAN INC,25123947
2025-10-03,홍콩,KYG070341048,BAIDU INC CL A,24194333
2025-10-03,홍콩,HK0000921228,Global X HANG SENG TECH ETF,24111297
2025-10-03,홍콩,HK0000859063,SAMSUNG BLOCKCHAIN TECHNOLOGIES ETF,23346765
2025-10-03,홍콩,CNE1000003X6,PING AN INSURANCE GROUP CO OF CHINA LTD-H,22107315
2025-10-03,홍콩,HK0000516697,GLOBAL X CHINA BIOTECH ETF (HKD),22054796
2025-10-03,홍콩,KYG982AW1003,XPENG INC,21407283
2025-10-03,홍콩,HK0000562634,GLOBAL X CHINA CONSUMER BRAND ETF (HKD),19686127
2025-10-03,홍콩,HK0000516713,GLOBAL X CHINA CLOUD COMPUTING ETF (HKD),19453207
2025-10-03,홍콩,HK0000642568,CSOP HANG SENG TECH INDEX ETF (HKD),18087667
2025-10-03,홍콩,KYG3774X1088,GCL TECHNOLOGY HOLDINGS LTD,17062806
2025-10-03,홍콩,HK0941009539,CHINA MOBILE LTD,16757362
2025-10-03,홍콩,KYG4602S1057,HORIZONROBOT-W,16511839
2025-10-03,홍콩,HK0000562675,GLOBAL X CHINA CLEAN ENERGY ETF (HKD),16235298
2025-10-03,홍콩,HK1126010854,DREAM INTERNATIONAL LTD,15210500
2025-10-03,홍콩,KYG8208B1014,JD.COM INC CL A,13450188
2025-10-03,홍콩,HK0000218211,HUA HONG SEMICONDUCTOR LTD,12552943
2025-10-03,홍콩,CNE1000003G1,INDUSTRIAL AND COMMERCIAL BANK OF CHINA LTD-H,12375005
2025-10-03,홍콩,HK0000637857,GLOBAL X CHINA ROBOTICS AND AI ETF (HKD),11811299
2025-10-03,홍콩,CNE1000048K8,HAIER SMART HOME CO LTD-H MRGR 006942845 BMG423131256,11376260
2025-10-03,홍콩,KYG7611S1075,ROBOSENSE,10886164
2025-10-03,홍콩,HKX566362888,PING AN SECURITIE HKD0.01 HKD0.01 CHAN 009837742 BMG7115B1211,10826910
2025-10-03,홍콩,CNE1000002H1,CHINA CONSTRUCTION BANK CORP-H,10650835
2025-10-03,홍콩,HK0001200002,02259,10490198
2025-10-03,홍콩,HK0000123577,CHINAAMC CSI 300 INDEX ETF HKD,10385722
2025-10-03,홍콩,HK0001149431,Global X China C,9454865
2025-10-03,홍콩,KYG9066F1019,TRIP.COM GROUP LTD,8896563
2025-10-06,홍콩,KYG9830T1067,XIAOMI CORP,276474314
2025-10-06,홍콩,KYG875721634,TENCENT HOLDINGS LTD,270156387
2025-10-06,홍콩,KYG017191142,ALIBABA GROUP HOLDING LTD,229483779
2025-10-06,홍콩,KYG8020E1199,SEMICONDUCTOR MANUFACTURING INTL CORP,201380301
2025-10-06,홍콩,CNE100000296,BYD CO LTD-H,152793094
2025-10-06,홍콩,CNE100006WS8,CATL ORD H,143843954
2025-10-06,홍콩,CNE1000031W9,GANFENGLITHIUM ORD H,105652037
2025-10-06,홍콩,CNE100005F09,TIANQI LITHIUM CORP,89565610
2025-10-06,홍콩,CNE100006CQ4,Ubtech Robotics Ord Shs H,70589558
2025-10-06,홍콩,HK0000562659,GLOBAL X CHINA ELECTRIC VEHICLE AND BATTERY ETF (HKD),60141004
2025-10-06,홍콩,CNE100000593,PICC PROPERTY AND CASUALTY CO LTD-H,56560067
2025-10-06,홍콩,HK0000637832,GLOBAL X CHINA SEMICONDUCTOR ETF (HKD),43899412
2025-10-06,홍콩,CNE100004YZ4,CTG DUTY-FREE,41097700
2025-10-06,홍콩,CNE100006Z79,SANHUA INTELLIGENT,40385364
2025-10-06,홍콩,KYG7170M1033,POP MART INTL GROUP LTD,36057308
2025-10-06,홍콩,HK0000748381,YESASIA HOLDINGS LTD,34718589
2025-10-06,홍콩,HK0001025037,GLOBAL X US Treasury 3-5 Year ETF,31044493
2025-10-06,홍콩,KYG596691041,MEITUAN,30733274
2025-10-06,홍콩,KYG392AS1011,GLOBAL NEW MATERIAL INTL HOLDINGS LTD,27776406
2025-10-06,홍콩,HK0000921236,A GX USD MM,26225399
2025-10-06,홍콩,CNE100006JG0,LAOPU GOLD,25229231
2025-10-06,홍콩,KYG970081173,WUXI BIOLOGICS CAYMAN INC,25219713
2025-10-06,홍콩,KYG3777B1032,GEELY AUTOMOBILE HOLDINGS LTD,24724048
2025-10-06,홍콩,KYG070341048,BAIDU INC CL A,24508041
2025-10-06,홍콩,KYG532631028,KUAISHOU TECHNOLOGY,24322481
2025-10-06,홍콩,HK0000859063,SAMSUNG BLOCKCHAIN TECHNOLOGIES ETF,23662262
2025-10-06,홍콩,HK0000921228,Global X HANG SENG TECH ETF,23238598
2025-10-06,홍콩,CNE1000003X6,PING AN INSURANCE GROUP CO OF CHINA LTD-H,22256924
2025-10-06,홍콩,HK0000516697,GLOBAL X CHINA BIOTECH ETF (HKD),22008517
2025-10-06,홍콩,KYG982AW1003,XPENG INC,20929335
2025-10-06,홍콩,HK0000562634,GLOBAL X CHINA CONSUMER BRAND ETF (HKD),19463994
2025-10-06,홍콩,HK0000516713,GLOBAL X CHINA CLOUD COMPUTING ETF (HKD),19266364
2025-10-06,홍콩,HK0000642568,CSOP HANG SENG TECH INDEX ETF (HKD),18060033
2025-10-06,홍콩,KYG3774X1088,GCL TECHNOLOGY HOLDINGS LTD,16804862
2025-10-06,홍콩,HK0941009539,CHINA MOBILE LTD,16634789
2025-10-06,홍콩,KYG4602S1057,HORIZONROBOT-W,15875952
2025-10-06,홍콩,HK0000562675,GLOBAL X CHINA CLEAN ENERGY ETF (HKD),15291415
2025-10-06,홍콩,HK1126010854,DREAM INTERNATIONAL LTD,14937491
2025-10-06,홍콩,HK0000218211,HUA HONG SEMICONDUCTOR LTD,13452774
2025-10-06,홍콩,KYG8208B1014,JD.COM INC CL A,13177510
2025-10-06,홍콩,CNE1000003G1,INDUSTRIAL AND COMMERCIAL BANK OF CHINA LTD-H,12279434
2025-10-06,홍콩,HK0000637857,GLOBAL X CHINA ROBOTICS AND AI ETF (HKD),11897074
2025-10-06,홍콩,HK0001200002,02259,11407065
2025-10-06,홍콩,CNE1000048K8,HAIER SMART HOME CO LTD-H MRGR 006942845 BMG423131256,11084581
2025-10-06,홍콩,HKX566362888,PING AN SECURITIE HKD0.01 HKD0.01 CHAN 009837742 BMG7115B1211,10826910
2025-10-06,홍콩,HK0000123577,CHINAAMC CSI 300 INDEX ETF HKD,10735323
2025-10-06,홍콩,KYG7611S1075,ROBOSENSE,10562476
2025-10-06,홍콩,CNE1000002H1,CHINA CONSTRUCTION BANK CORP-H,10532821
2025-10-06,홍콩,HK0001149431,Global X China C,9402633
2025-10-06,홍콩,KYG9066F1019,TRIP.COM GROUP LTD,8704003
2025-10-07,홍콩,KYG9830T1067,XIAOMI CORP,276474314
2025-10-07,홍콩,KYG875721634,TENCENT HOLDINGS LTD,270156387
2025-10-07,홍콩,KYG017191142,ALIBABA GROUP HOLDING LTD,229483779
2025-10-07,홍콩,KYG8020E1199,SEMICONDUCTOR MANUFACTURING INTL CORP,201380301
2025-10-07,홍콩,CNE100000296,BYD CO LTD-H,152793094
2025-10-07,홍콩,CNE100006WS8,CATL ORD H,143843954
2025-10-07,홍콩,CNE1000031W9,GANFENGLITHIUM ORD H,105652037
2025-10-07,홍콩,CNE100005F09,TIANQI LITHIUM CORP,89565610
2025-10-07,홍콩,CNE100006CQ4,Ubtech Robotics Ord Shs H,70589558
2025-10-07,홍콩,HK0000562659,GLOBAL X CHINA ELECTRIC VEHICLE AND BATTERY ETF (HKD),60141004
2025-10-07,홍콩,CNE100000593,PICC PROPERTY AND CASUALTY CO LTD-H,56560067
2025-10-07,홍콩,HK0000637832,GLOBAL X CHINA SEMICONDUCTOR ETF (HKD),43899412
2025-10-07,홍콩,CNE100004YZ4,CTG DUTY-FREE,41097700
2025-10-07,홍콩,CNE100006Z79,SANHUA INTELLIGENT,40385364
2025-10-07,홍콩,KYG7170M1033,POP MART INTL GROUP LTD,36057308
2025-10-07,홍콩,HK0000748381,YESASIA HOLDINGS LTD,34718589
2025-10-07,홍콩,HK0001025037,GLOBAL X US Treasury 3-5 Year ETF,31044493
2025-10-07,홍콩,KYG596691041,MEITUAN,30733274
2025-10-07,홍콩,KYG392AS1011,GLOBAL NEW MATERIAL INTL HOLDINGS LTD,27776406
2025-10-07,홍콩,HK0000921236,A GX USD MM,26225399
2025-10-07,홍콩,CNE100006JG0,LAOPU GOLD,25229231
2025-10-07,홍콩,KYG970081173,WUXI BIOLOGICS CAYMAN INC,25219713
2025-10-07,홍콩,KYG3777B1032,GEELY AUTOMOBILE HOLDINGS LTD,24724048
2025-10-07,홍콩,KYG070341048,BAIDU INC CL A,24508041
2025-10-07,홍콩,KYG532631028,KUAISHOU TECHNOLOGY,24322481
2025-10-07,홍콩,HK0000859063,SAMSUNG BLOCKCHAIN TECHNOLOGIES ETF,23662262
2025-10-07,홍콩,HK0000921228,Global X HANG SENG TECH ETF,23238598
2025-10-07,홍콩,CNE1000003X6,PING AN INSURANCE GROUP CO OF CHINA LTD-H,22256924
2025-10-07,홍콩,HK0000516697,GLOBAL X CHINA BIOTECH ETF (HKD),22008517
2025-10-07,홍콩,KYG982AW1003,XPENG INC,20929335
2025-10-07,홍콩,HK0000562634,GLOBAL X CHINA CONSUMER BRAND ETF (HKD),19463994
2025-10-07,홍콩,HK0000516713,GLOBAL X CHINA CLOUD COMPUTING ETF (HKD),19266364
2025-10-07,홍콩,HK0000642568,CSOP HANG SENG TECH INDEX ETF (HKD),18060033
2025-10-07,홍콩,KYG3774X1088,GCL TECHNOLOGY HOLDINGS LTD,16804862
2025-10-07,홍콩,HK0941009539,CHINA MOBILE LTD,16634789
2025-10-07,홍콩,KYG4602S1057,HORIZONROBOT-W,15875952
2025-10-07,홍콩,HK0000562675,GLOBAL X CHINA CLEAN ENERGY ETF (HKD),15291415
2025-10-07,홍콩,HK1126010854,DREAM INTERNATIONAL LTD,14937491
2025-10-07,홍콩,HK0000218211,HUA HONG SEMICONDUCTOR LTD,13452774
2025-10-07,홍콩,KYG8208B1014,JD.COM INC CL A,13177510
2025-10-07,홍콩,CNE1000003G1,INDUSTRIAL AND COMMERCIAL BANK OF CHINA LTD-H,12279434
2025-10-07,홍콩,HK0000637857,GLOBAL X CHINA ROBOTICS AND AI ETF (HKD),11897074
2025-10-07,홍콩,HK0001200002,02259,11407065
2025-10-07,홍콩,CNE1000048K8,HAIER SMART HOME CO LTD-H MRGR 006942845 BMG423131256,11084581
2025-10-07,홍콩,HKX566362888,PING AN SECURITIE HKD0.01 HKD0.01 CHAN 009837742 BMG7115B1211,10826910
2025-10-07,홍콩,HK0000123577,CHINAAMC CSI 300 INDEX ETF HKD,10735323
2025-10-07,홍콩,KYG7611S1075,ROBOSENSE,10562476
2025-10-07,홍콩,CNE1000002H1,CHINA CONSTRUCTION BANK CORP-H,10532821
2025-10-07,홍콩,HK0001149431,Global X China C,9402633
2025-10-07,홍콩,KYG9066F1019,TRIP.COM GROUP LTD,8704003
2025-10-08,홍콩,KYG9830T1067,XIAOMI CORP,274542123
2025-10-08,홍콩,KYG875721634,TENCENT HOLDINGS LTD,269194198
2025-10-08,홍콩,KYG017191142,ALIBABA GROUP HOLDING LTD,226212156
2025-10-08,홍콩,KYG8020E1199,SEMICONDUCTOR MANUFACTURING INTL CORP,198239630
2025-10-08,홍콩,CNE100000296,BYD CO LTD-H,154029682
2025-10-08,홍콩,CNE100006WS8,CATL ORD H,140233114
2025-10-08,홍콩,CNE1000031W9,GANFENGLITHIUM ORD H,110023883
2025-10-08,홍콩,CNE100005F09,TIANQI LITHIUM CORP,90527090
2025-10-08,홍콩,CNE100006CQ4,Ubtech Robotics Ord Shs H,69362099
2025-10-08,홍콩,HK0000562659,GLOBAL X CHINA ELECTRIC VEHICLE AND BATTERY ETF (HKD),59942695
2025-10-08,홍콩,CNE100000593,PICC PROPERTY AND CASUALTY CO LTD-H,56696206
2025-10-08,홍콩,HK0000637832,GLOBAL X CHINA SEMICONDUCTOR ETF (HKD),43338279
2025-10-08,홍콩,CNE100004YZ4,CTG DUTY-FREE,41333159
2025-10-08,홍콩,CNE100006Z79,SANHUA INTELLIGENT,40767723
2025-10-08,홍콩,KYG7170M1033,POP MART INTL GROUP LTD,35635830
2025-10-08,홍콩,HK0000748381,YESASIA HOLDINGS LTD,33932058
2025-10-08,홍콩,HK0001025037,GLOBAL X US Treasury 3-5 Year ETF,31122494
2025-10-08,홍콩,KYG596691041,MEITUAN,30098880
2025-10-08,홍콩,KYG392AS1011,GLOBAL NEW MATERIAL INTL HOLDINGS LTD,28019526
2025-10-08,홍콩,CNE100006JG0,LAOPU GOLD,26729094
2025-10-08,홍콩,HK0000921236,A GX USD MM,26254303
2025-10-08,홍콩,KYG3777B1032,GEELY AUTOMOBILE HOLDINGS LTD,25553018
2025-10-08,홍콩,KYG970081173,WUXI BIOLOGICS CAYMAN INC,25246701
2025-10-08,홍콩,HK0000859063,SAMSUNG BLOCKCHAIN TECHNOLOGIES ETF,23923673
2025-10-08,홍콩,KYG532631028,KUAISHOU TECHNOLOGY,23863222
2025-10-08,홍콩,KYG070341048,BAIDU INC CL A,23848381
2025-10-08,홍콩,HK0000921228,Global X HANG SENG TECH ETF,23110090
2025-10-08,홍콩,CNE1000003X6,PING AN INSURANCE GROUP CO OF CHINA LTD-H,22081835
2025-10-08,홍콩,HK0000516697,GLOBAL X CHINA BIOTECH ETF (HKD),22041797
2025-10-08,홍콩,KYG982AW1003,XPENG INC,21107492
2025-10-08,홍콩,HK0000562634,GLOBAL X CHINA CONSUMER BRAND ETF (HKD),19355514
2025-10-08,홍콩,HK0000516713,GLOBAL X CHINA CLOUD COMPUTING ETF (HKD),18984949
2025-10-08,홍콩,KYG3774X1088,GCL TECHNOLOGY HOLDINGS LTD,16940858
2025-10-08,홍콩,HK0941009539,CHINA MOBILE LTD,16463068
2025-10-08,홍콩,KYG4602S1057,HORIZONROBOT-W,15744379
2025-10-08,홍콩,HK0000642568,CSOP HANG SENG TECH INDEX ETF (HKD),15647006
2025-10-08,홍콩,HK0000562675,GLOBAL X CHINA CLEAN ENERGY ETF (HKD),15198859
2025-10-08,홍콩,HK1126010854,DREAM INTERNATIONAL LTD,14712011
2025-10-08,홍콩,HK0000218211,HUA HONG SEMICONDUCTOR LTD,13655740
2025-10-08,홍콩,KYG8208B1014,JD.COM INC CL A,13033421
2025-10-08,홍콩,CNE1000003G1,INDUSTRIAL AND COMMERCIAL BANK OF CHINA LTD-H,12155021
2025-10-08,홍콩,HK0000637857,GLOBAL X CHINA ROBOTICS AND AI ETF (HKD),11711893
2025-10-08,홍콩,HK0001200002,02259,11358468
2025-10-08,홍콩,CNE1000048K8,HAIER SMART HOME CO LTD-H MRGR 006942845 BMG423131256,11190484
2025-10-08,홍콩,HKX566362888,PING AN SECURITIE HKD0.01 HKD0.01 CHAN 009837742 BMG7115B1211,10826910
2025-10-08,홍콩,HK0000123577,CHINAAMC CSI 300 INDEX ETF HKD,10698572
2025-10-08,홍콩,CNE1000002H1,CHINA CONSTRUCTION BANK CORP-H,10522115
2025-10-08,홍콩,KYG7611S1075,ROBOSENSE,10344898
2025-10-08,홍콩,HK0001149431,Global X China C,9341011
2025-10-08,홍콩,HKX601342549,CHINA BRIGHT CULTURE GROUP USD0.00001 (Delisted/BL398Y0) CHAN 970928502 KYG2153C1078,8631000
2025-10-09,홍콩,KYG9830T1067,XIAOMI CORP,271763989
2025-10-09,홍콩,KYG875721634,TENCENT HOLDINGS LTD,269445688
2025-10-09,홍콩,KYG017191142,ALIBABA GROUP HOLDING LTD,221015792
2025-10-09,홍콩,KYG8020E1199,SEMICONDUCTOR MANUFACTURING INTL CORP,185198779
2025-10-09,홍콩,CNE100000296,BYD CO LTD-H,154502304
2025-10-09,홍콩,CNE100006WS8,CATL ORD H,141363972
2025-10-09,홍콩,CNE1000031W9,GANFENGLITHIUM ORD H,113851467
2025-10-09,홍콩,CNE100005F09,TIANQI LITHIUM CORP,89861450
2025-10-09,홍콩,CNE100006CQ4,Ubtech Robotics Ord Shs H,62762872
2025-10-09,홍콩,HK0000562659,GLOBAL X CHINA ELECTRIC VEHICLE AND BATTERY ETF (HKD),60862123
2025-10-09,홍콩,CNE100000593,PICC PROPERTY AND CASUALTY CO LTD-H,58373954
2025-10-09,홍콩,HK0000637832,GLOBAL X CHINA SEMICONDUCTOR ETF (HKD),44228017
2025-10-09,홍콩,CNE100004YZ4,CTG DUTY-FREE,40506496
2025-10-09,홍콩,CNE100006Z79,SANHUA INTELLIGENT,39032926
2025-10-09,홍콩,KYG7170M1033,POP MART INTL GROUP LTD,36233388
2025-10-09,홍콩,HK0000748381,YESASIA HOLDINGS LTD,33304872
2025-10-09,홍콩,HK0001025037,GLOBAL X US Treasury 3-5 Year ETF,31089065
2025-10-09,홍콩,KYG596691041,MEITUAN,30089826
2025-10-09,홍콩,KYG392AS1011,GLOBAL NEW MATERIAL INTL HOLDINGS LTD,28019526
2025-10-09,홍콩,HK0000921236,A GX USD MM,26254303
2025-10-09,홍콩,CNE100006JG0,LAOPU GOLD,25992470
2025-10-09,홍콩,KYG3777B1032,GEELY AUTOMOBILE HOLDINGS LTD,25656944
2025-10-09,홍콩,KYG532631028,KUAISHOU TECHNOLOGY,24694883
2025-10-09,홍콩,HK0000859063,SAMSUNG BLOCKCHAIN TECHNOLOGIES ETF,24653823
2025-10-09,홍콩,KYG970081173,WUXI BIOLOGICS CAYMAN INC,24634705
2025-10-09,홍콩,KYG070341048,BAIDU INC CL A,23627148
2025-10-09,홍콩,HK0000921228,Global X HANG SENG TECH ETF,22952631
2025-10-09,홍콩,CNE1000003X6,PING AN INSURANCE GROUP CO OF CHINA LTD-H,22394419
2025-10-09,홍콩,HK0000516697,GLOBAL X CHINA BIOTECH ETF (HKD),21439017
2025-10-09,홍콩,KYG982AW1003,XPENG INC,20788704
2025-10-09,홍콩,HK0000562634,GLOBAL X CHINA CONSUMER BRAND ETF (HKD),19347827
2025-10-09,홍콩,HK0000516713,GLOBAL X CHINA CLOUD COMPUTING ETF (HKD),19195835
2025-10-09,홍콩,KYG3774X1088,GCL TECHNOLOGY HOLDINGS LTD,17192308
2025-10-09,홍콩,HK0941009539,CHINA MOBILE LTD,16706883
2025-10-09,홍콩,HK0000562675,GLOBAL X CHINA CLEAN ENERGY ETF (HKD),15578602
2025-10-09,홍콩,HK0000642568,CSOP HANG SENG TECH INDEX ETF (HKD),15517540
2025-10-09,홍콩,KYG4602S1057,HORIZONROBOT-W,15286306
2025-10-09,홍콩,HK1126010854,DREAM INTERNATIONAL LTD,14740898
2025-10-09,홍콩,KYG8208B1014,JD.COM INC CL A,13062215
2025-10-09,홍콩,HK0000218211,HUA HONG SEMICONDUCTOR LTD,12581265
2025-10-09,홍콩,CNE1000003G1,INDUSTRIAL AND COMMERCIAL BANK OF CHINA LTD-H,12264274
2025-10-09,홍콩,HK0000637857,GLOBAL X CHINA ROBOTICS AND AI ETF (HKD),11963452
2025-10-09,홍콩,CNE1000048K8,HAIER SMART HOME CO LTD-H MRGR 006942845 BMG423131256,11384641
2025-10-09,홍콩,HK0001200002,02259,10969827
2025-10-09,홍콩,HK0000123577,CHINAAMC CSI 300 INDEX ETF HKD,10865992
2025-10-09,홍콩,HKX566362888,PING AN SECURITIE HKD0.01 HKD0.01 CHAN 009837742 BMG7115B1211,10826910
2025-10-09,홍콩,CNE1000002H1,CHINA CONSTRUCTION BANK CORP-H,10536569
2025-10-09,홍콩,KYG7611S1075,ROBOSENSE,9883675
2025-10-09,홍콩,HK0001149431,Global X China C,9267347
2025-10-09,홍콩,KYG9066F1019,TRIP.COM GROUP LTD,8674096
2025-10-10,홍콩,KYG9830T1067,XIAOMI CORP,265633552
2025-10-10,홍콩,KYG875721634,TENCENT HOLDINGS LTD,260021041
2025-10-10,홍콩,KYG017191142,ALIBABA GROUP HOLDING LTD,212561907
2025-10-10,홍콩,KYG8020E1199,SEMICONDUCTOR MANUFACTURING INTL CORP,172373150
2025-10-10,홍콩,CNE100000296,BYD CO LTD-H,152084902
2025-10-10,홍콩,CNE100006WS8,CATL ORD H,131226160
2025-10-10,홍콩,CNE1000031W9,GANFENGLITHIUM ORD H,101626071
2025-10-10,홍콩,CNE100005F09,TIANQI LITHIUM CORP,80943381
2025-10-10,홍콩,CNE100006CQ4,Ubtech Robotics Ord Shs H,61009284
2025-10-10,홍콩,CNE100000593,PICC PROPERTY AND CASUALTY CO LTD-H,58292729
2025-10-10,홍콩,HK0000562659,GLOBAL X CHINA ELECTRIC VEHICLE AND BATTERY ETF (HKD),57820466
2025-10-10,홍콩,HK0000637832,GLOBAL X CHINA SEMICONDUCTOR ETF (HKD),42615551
2025-10-10,홍콩,CNE100004YZ4,CTG DUTY-FREE,39115618
2025-10-10,홍콩,CNE100006Z79,SANHUA INTELLIGENT,36322249
2025-10-10,홍콩,KYG7170M1033,POP MART INTL GROUP LTD,35684019
2025-10-10,홍콩,HK0000748381,YESASIA HOLDINGS LTD,31672244
2025-10-10,홍콩,HK0001025037,GLOBAL X US Treasury 3-5 Year ETF,31053379
2025-10-10,홍콩,KYG596691041,MEITUAN,29571125
2025-10-10,홍콩,KYG392AS1011,GLOBAL NEW MATERIAL INTL HOLDINGS LTD,27774388
2025-10-10,홍콩,CNE100006JG0,LAOPU GOLD,26700245
2025-10-10,홍콩,HK0000921236,A GX USD MM,26252395
2025-10-10,홍콩,HK0000859063,SAMSUNG BLOCKCHAIN TECHNOLOGIES ETF,24688085
2025-10-10,홍콩,KYG3777B1032,GEELY AUTOMOBILE HOLDINGS LTD,24618489
2025-10-10,홍콩,KYG532631028,KUAISHOU TECHNOLOGY,23356395
2025-10-10,홍콩,KYG970081173,WUXI BIOLOGICS CAYMAN INC,22744281
2025-10-10,홍콩,CNE1000003X6,PING AN INSURANCE GROUP CO OF CHINA LTD-H,22560214
2025-10-10,홍콩,KYG070341048,BAIDU INC CL A,22276418
2025-10-10,홍콩,HK0000921228,Global X HANG SENG TECH ETF,22046952
2025-10-10,홍콩,HK0000516697,GLOBAL X CHINA BIOTECH ETF (HKD),20812288
2025-10-10,홍콩,KYG982AW1003,XPENG INC,19924435
2025-10-10,홍콩,HK0000562634,GLOBAL X CHINA CONSUMER BRAND ETF (HKD),19313809
2025-10-10,홍콩,HK0000516713,GLOBAL X CHINA CLOUD COMPUTING ETF (HKD),18330840
2025-10-10,홍콩,HK0941009539,CHINA MOBILE LTD,16811137
2025-10-10,홍콩,KYG3774X1088,GCL TECHNOLOGY HOLDINGS LTD,16422773
2025-10-10,홍콩,KYG4602S1057,HORIZONROBOT-W,15086485
2025-10-10,홍콩,HK1126010854,DREAM INTERNATIONAL LTD,15064493
2025-10-10,홍콩,HK0000642568,CSOP HANG SENG TECH INDEX ETF (HKD),15040212
2025-10-10,홍콩,HK0000562675,GLOBAL X CHINA CLEAN ENERGY ETF (HKD),15034482
2025-10-10,홍콩,HK0000218211,HUA HONG SEMICONDUCTOR LTD,12806300
2025-10-10,홍콩,KYG8208B1014,JD.COM INC CL A,12649930
2025-10-10,홍콩,CNE1000003G1,INDUSTRIAL AND COMMERCIAL BANK OF CHINA LTD-H,12287269
2025-10-10,홍콩,HK0000637857,GLOBAL X CHINA ROBOTICS AND AI ETF (HKD),11476339
2025-10-10,홍콩,CNE1000048K8,HAIER SMART HOME CO LTD-H MRGR 006942845 BMG423131256,11212878
2025-10-10,홍콩,HKX566362888,PING AN SECURITIE HKD0.01 HKD0.01 CHAN 009837742 BMG7115B1211,10826123
2025-10-10,홍콩,HK0000123577,CHINAAMC CSI 300 INDEX ETF HKD,10673295
2025-10-10,홍콩,CNE1000002H1,CHINA CONSTRUCTION BANK CORP-H,10607122
2025-10-10,홍콩,HK0001200002,02259,10135656
2025-10-10,홍콩,KYG7611S1075,ROBOSENSE,9644519
2025-10-10,홍콩,HK0001149431,Global X China C,8871609
2025-10-10,홍콩,KYG9066F1019,TRIP.COM GROUP LTD,8800807
2025-10-13,홍콩,KYG875721634,TENCENT HOLDINGS LTD,254746968
2025-10-13,홍콩,KYG9830T1067,XIAOMI CORP,250385458
2025-10-13,홍콩,KYG017191142,ALIBABA GROUP HOLDING LTD,209231842
2025-10-13,홍콩,KYG8020E1199,SEMICONDUCTOR MANUFACTURING INTL CORP,178713926
2025-10-13,홍콩,CNE100000296,BYD CO LTD-H,149217452
2025-10-13,홍콩,CNE100006WS8,CATL ORD H,132320363
2025-10-13,홍콩,CNE1000031W9,GANFENGLITHIUM ORD H,110148430
2025-10-13,홍콩,CNE100005F09,TIANQI LITHIUM CORP,84852349
2025-10-13,홍콩,CNE100006CQ4,Ubtech Robotics Ord Shs H,61216092
2025-10-13,홍콩,HK0000562659,GLOBAL X CHINA ELECTRIC VEHICLE AND BATTERY ETF (HKD),56989276
2025-10-13,홍콩,CNE100000593,PICC PROPERTY AND CASUALTY CO LTD-H,56849308
2025-10-13,홍콩,HK0000637832,GLOBAL X CHINA SEMICONDUCTOR ETF (HKD),42696111
2025-10-13,홍콩,CNE100004YZ4,CTG DUTY-FREE,38709911
2025-10-13,홍콩,KYG7170M1033,POP MART INTL GROUP LTD,35720186
2025-10-13,홍콩,CNE100006Z79,SANHUA INTELLIGENT,34247071
2025-10-13,홍콩,HK0000748381,YESASIA HOLDINGS LTD,32833101
2025-10-13,홍콩,HK0001025037,GLOBAL X US Treasury 3-5 Year ETF,31107355
2025-10-13,홍콩,KYG596691041,MEITUAN,29005506
2025-10-13,홍콩,KYG392AS1011,GLOBAL NEW MATERIAL INTL HOLDINGS LTD,28745192
2025-10-13,홍콩,CNE100006JG0,LAOPU GOLD,26564565
2025-10-13,홍콩,HK0000921236,A GX USD MM,26202764
2025-10-13,홍콩,KYG3777B1032,GEELY AUTOMOBILE HOLDINGS LTD,24428914
2025-10-13,홍콩,HK0000859063,SAMSUNG BLOCKCHAIN TECHNOLOGIES ETF,23821457
2025-10-13,홍콩,CNE1000003X6,PING AN INSURANCE GROUP CO OF CHINA LTD-H,21948713
2025-10-13,홍콩,KYG070341048,BAIDU INC CL A,21803804
2025-10-13,홍콩,HK0000921228,Global X HANG SENG TECH ETF,21803524
2025-10-13,홍콩,KYG970081173,WUXI BIOLOGICS CAYMAN INC,21708064
2025-10-13,홍콩,KYG532631028,KUAISHOU TECHNOLOGY,20559801
2025-10-13,홍콩,HK0000516697,GLOBAL X CHINA BIOTECH ETF (HKD),20270019
2025-10-13,홍콩,KYG982AW1003,XPENG INC,19190391
2025-10-13,홍콩,HK0000562634,GLOBAL X CHINA CONSUMER BRAND ETF (HKD),19016233
2025-10-13,홍콩,HK0000516713,GLOBAL X CHINA CLOUD COMPUTING ETF (HKD),18279419
2025-10-13,홍콩,HK0941009539,CHINA MOBILE LTD,16824569
2025-10-13,홍콩,KYG3774X1088,GCL TECHNOLOGY HOLDINGS LTD,15430617
2025-10-13,홍콩,KYG4602S1057,HORIZONROBOT-W,15111749
2025-10-13,홍콩,HK0000562675,GLOBAL X CHINA CLEAN ENERGY ETF (HKD),14903998
2025-10-13,홍콩,HK1126010854,DREAM INTERNATIONAL LTD,14726019
2025-10-13,홍콩,HK0000642568,CSOP HANG SENG TECH INDEX ETF (HKD),14711948
2025-10-13,홍콩,HK0000218211,HUA HONG SEMICONDUCTOR LTD,14001793
2025-10-13,홍콩,CNE1000048K8,HAIER SMART HOME CO LTD-H MRGR 006942845 BMG423131256,12979315
2025-10-13,홍콩,CNE1000003G1,INDUSTRIAL AND COMMERCIAL BANK OF CHINA LTD-H,12282948
2025-10-13,홍콩,KYG8208B1014,JD.COM INC CL A,12188555
2025-10-13,홍콩,HK0000637857,GLOBAL X CHINA ROBOTICS AND AI ETF (HKD),11215848
2025-10-13,홍콩,HK0001200002,02259,11069597
2025-10-13,홍콩,HKX566362888,PING AN SECURITIE HKD0.01 HKD0.01 CHAN 009837742 BMG7115B1211,10825520
2025-10-13,홍콩,HK0000123577,CHINAAMC CSI 300 INDEX ETF HKD,10591042
2025-10-13,홍콩,CNE1000002H1,CHINA CONSTRUCTION BANK CORP-H,10573867
2025-10-13,홍콩,KYG7611S1075,ROBOSENSE,9544609
2025-10-13,홍콩,HK0001149431,Global X China C,8732080
2025-10-13,홍콩,HKX601342549,CHINA BRIGHT CULTURE GROUP USD0.00001 (Delisted/BL398Y0) CHAN 970928502 KYG2153C1078,8631000
2025-10-14,홍콩,KYG875721634,TENCENT HOLDINGS LTD,247822034
2025-10-14,홍콩,KYG9830T1067,XIAOMI CORP,244806997
2025-10-14,홍콩,KYG017191142,ALIBABA GROUP HOLDING LTD,202981309
2025-10-14,홍콩,KYG8020E1199,SEMICONDUCTOR MANUFACTURING INTL CORP,161170596
2025-10-14,홍콩,CNE100000296,BYD CO LTD-H,149440460
2025-10-14,홍콩,CNE100006WS8,CATL ORD H,128552386
2025-10-14,홍콩,CNE1000031W9,GANFENGLITHIUM ORD H,105362325
2025-10-14,홍콩,CNE100005F09,TIANQI LITHIUM CORP,79262698
2025-10-14,홍콩,CNE100006CQ4,Ubtech Robotics Ord Shs H,63353862
2025-10-14,홍콩,CNE100000593,PICC PROPERTY AND CASUALTY CO LTD-H,57376187
2025-10-14,홍콩,HK0000562659,GLOBAL X CHINA ELECTRIC VEHICLE AND BATTERY ETF (HKD),54638996
2025-10-14,홍콩,HK0000637832,GLOBAL X CHINA SEMICONDUCTOR ETF (HKD),41483687
2025-10-14,홍콩,CNE100004YZ4,CTG DUTY-FREE,38301137
2025-10-14,홍콩,KYG7170M1033,POP MART INTL GROUP LTD,35918725
2025-10-14,홍콩,HK0000748381,YESASIA HOLDINGS LTD,31862816
2025-10-14,홍콩,CNE100006Z79,SANHUA INTELLIGENT,31619230
2025-10-14,홍콩,HK0001025037,GLOBAL X US Treasury 3-5 Year ETF,31221908
2025-10-14,홍콩,KYG392AS1011,GLOBAL NEW MATERIAL INTL HOLDINGS LTD,28147413
2025-10-14,홍콩,KYG596691041,MEITUAN,27811230
2025-10-14,홍콩,HK0000921236,A GX USD MM,26204795
2025-10-14,홍콩,CNE100006JG0,LAOPU GOLD,25822835
2025-10-14,홍콩,KYG3777B1032,GEELY AUTOMOBILE HOLDINGS LTD,23796124
2025-10-14,홍콩,HK0000859063,SAMSUNG BLOCKCHAIN TECHNOLOGIES ETF,23442177
2025-10-14,홍콩,CNE1000003X6,PING AN INSURANCE GROUP CO OF CHINA LTD-H,22281017
2025-10-14,홍콩,HK0000921228,Global X HANG SENG TECH ETF,21730549
2025-10-14,홍콩,KYG070341048,BAIDU INC CL A,20954786
2025-10-14,홍콩,KYG970081173,WUXI BIOLOGICS CAYMAN INC,20819176
2025-10-14,홍콩,HK0000516697,GLOBAL X CHINA BIOTECH ETF (HKD),20414653
2025-10-14,홍콩,HK0000562634,GLOBAL X CHINA CONSUMER BRAND ETF (HKD),18782183
2025-10-14,홍콩,KYG982AW1003,XPENG INC,18637295
2025-10-14,홍콩,KYG532631028,KUAISHOU TECHNOLOGY,18204131
2025-10-14,홍콩,HK0000516713,GLOBAL X CHINA CLOUD COMPUTING ETF (HKD),17518047
2025-10-14,홍콩,HK0941009539,CHINA MOBILE LTD,16763647
2025-10-14,홍콩,KYG4602S1057,HORIZONROBOT-W,16576900
2025-10-14,홍콩,KYG3774X1088,GCL TECHNOLOGY HOLDINGS LTD,15537109
2025-10-14,홍콩,HK0000562675,GLOBAL X CHINA CLEAN ENERGY ETF (HKD),14718621
2025-10-14,홍콩,HK1126010854,DREAM INTERNATIONAL LTD,14487270
2025-10-14,홍콩,HK0000642568,CSOP HANG SENG TECH INDEX ETF (HKD),14246533
2025-10-14,홍콩,CNE1000048K8,HAIER SMART HOME CO LTD-H MRGR 006942845 BMG423131256,12803743
2025-10-14,홍콩,CNE1000003G1,INDUSTRIAL AND COMMERCIAL BANK OF CHINA LTD-H,12506532
2025-10-14,홍콩,KYG8208B1014,JD.COM INC CL A,12152123
2025-10-14,홍콩,HK0000218211,HUA HONG SEMICONDUCTOR LTD,11828910
2025-10-14,홍콩,CNE1000002H1,CHINA CONSTRUCTION BANK CORP-H,10963908
2025-10-14,홍콩,HK0000637857,GLOBAL X CHINA ROBOTICS AND AI ETF (HKD),10891844
2025-10-14,홍콩,HKX566362888,PING AN SECURITIE HKD0.01 HKD0.01 CHAN 009837742 BMG7115B1211,10829345
2025-10-14,홍콩,HK0001200002,02259,10691756
2025-10-14,홍콩,HK0000123577,CHINAAMC CSI 300 INDEX ETF HKD,9981121
2025-10-14,홍콩,KYG7611S1075,ROBOSENSE,9228631
2025-10-14,홍콩,HKX601342549,CHINA BRIGHT CULTURE GROUP USD0.00001 (Delisted/BL398Y0) CHAN 970928502 KYG2153C1078,8631000
2025-10-14,홍콩,HK0001149431,Global X China C,8392191
2025-10-15,홍콩,KYG875721634,TENCENT HOLDINGS LTD,250313306
2025-10-15,홍콩,KYG9830T1067,XIAOMI CORP,246208286
2025-10-15,홍콩,KYG017191142,ALIBABA GROUP HOLDING LTD,213628346
2025-10-15,홍콩,KYG8020E1199,SEMICONDUCTOR MANUFACTURING INTL CORP,172224568
2025-10-15,홍콩,CNE100000296,BYD CO LTD-H,151726021
2025-10-15,홍콩,CNE100006WS8,CATL ORD H,129485654
2025-10-15,홍콩,CNE1000031W9,GANFENGLITHIUM ORD H,102100790
2025-10-15,홍콩,CNE100005F09,TIANQI LITHIUM CORP,80318177
2025-10-15,홍콩,CNE100006CQ4,Ubtech Robotics Ord Shs H,67356046
2025-10-15,홍콩,CNE100000593,PICC PROPERTY AND CASUALTY CO LTD-H,59359960
2025-10-15,홍콩,HK0000562659,GLOBAL X CHINA ELECTRIC VEHICLE AND BATTERY ETF (HKD),56063640
2025-10-15,홍콩,HK0000637832,GLOBAL X CHINA SEMICONDUCTOR ETF (HKD),40897284
2025-10-15,홍콩,CNE100004YZ4,CTG DUTY-FREE,39154204
2025-10-15,홍콩,CNE100006Z79,SANHUA INTELLIGENT,35856763
2025-10-15,홍콩,KYG7170M1033,POP MART INTL GROUP LTD,35295146
2025-10-15,홍콩,HK0000748381,YESASIA HOLDINGS LTD,32209442
2025-10-15,홍콩,HK0001025037,GLOBAL X US Treasury 3-5 Year ETF,31243824
2025-10-15,홍콩,KYG392AS1011,GLOBAL NEW MATERIAL INTL HOLDINGS LTD,28228182
2025-10-15,홍콩,CNE100006JG0,LAOPU GOLD,28199227
2025-10-15,홍콩,KYG596691041,MEITUAN,27005297
2025-10-15,홍콩,HK0000921236,A GX USD MM,26223352
2025-10-15,홍콩,KYG3777B1032,GEELY AUTOMOBILE HOLDINGS LTD,24768896
2025-10-15,홍콩,HK0000859063,SAMSUNG BLOCKCHAIN TECHNOLOGIES ETF,24424196
2025-10-15,홍콩,CNE1000003X6,PING AN INSURANCE GROUP CO OF CHINA LTD-H,23059236
2025-10-15,홍콩,HK0000921228,Global X HANG SENG TECH ETF,22335426
2025-10-15,홍콩,KYG970081173,WUXI BIOLOGICS CAYMAN INC,21591761
2025-10-15,홍콩,KYG070341048,BAIDU INC CL A,21504283
2025-10-15,홍콩,HK0000516697,GLOBAL X CHINA BIOTECH ETF (HKD),20674748
2025-10-15,홍콩,KYG982AW1003,XPENG INC,19424104
2025-10-15,홍콩,HK0000562634,GLOBAL X CHINA CONSUMER BRAND ETF (HKD),19114385
2025-10-15,홍콩,KYG4602S1057,HORIZONROBOT-W,17301176
2025-10-15,홍콩,HK0000516713,GLOBAL X CHINA CLOUD COMPUTING ETF (HKD),17127271
2025-10-15,홍콩,HK0941009539,CHINA MOBILE LTD,16792086
2025-10-15,홍콩,KYG3774X1088,GCL TECHNOLOGY HOLDINGS LTD,16441493
2025-10-15,홍콩,KYG532631028,KUAISHOU TECHNOLOGY,16340543
2025-10-15,홍콩,HK0000562675,GLOBAL X CHINA CLEAN ENERGY ETF (HKD),15062159
2025-10-15,홍콩,HK1126010854,DREAM INTERNATIONAL LTD,14698377
2025-10-15,홍콩,HK0000642568,CSOP HANG SENG TECH INDEX ETF (HKD),14696782
2025-10-15,홍콩,CNE1000048K8,HAIER SMART HOME CO LTD-H MRGR 006942845 BMG423131256,12892875
2025-10-15,홍콩,CNE1000003G1,INDUSTRIAL AND COMMERCIAL BANK OF CHINA LTD-H,12514648
2025-10-15,홍콩,KYG8208B1014,JD.COM INC CL A,12422717
2025-10-15,홍콩,HK0000218211,HUA HONG SEMICONDUCTOR LTD,12043475
2025-10-15,홍콩,HK0001200002,02259,11075795
2025-10-15,홍콩,HK0000637857,GLOBAL X CHINA ROBOTICS AND AI ETF (HKD),10996483
2025-10-15,홍콩,CNE1000002H1,CHINA CONSTRUCTION BANK CORP-H,10971241
2025-10-15,홍콩,HKX566362888,PING AN SECURITIE HKD0.01 HKD0.01 CHAN 009837742 BMG7115B1211,10837013
2025-10-15,홍콩,HK0000123577,CHINAAMC CSI 300 INDEX ETF HKD,10172429
2025-10-15,홍콩,KYG7611S1075,ROBOSENSE,9649726
2025-10-15,홍콩,HK0001149431,Global X China C,8713928
2025-10-15,홍콩,HKX601342549,CHINA BRIGHT CULTURE GROUP USD0.00001 (Delisted/BL398Y0) CHAN 970928502 KYG2153C1078,8631000
2025-10-16,홍콩,KYG875721634,TENCENT HOLDINGS LTD,247214651
2025-10-16,홍콩,KYG9830T1067,XIAOMI CORP,235400931
2025-10-16,홍콩,KYG017191142,ALIBABA GROUP HOLDING LTD,215163691
2025-10-16,홍콩,KYG8020E1199,SEMICONDUCTOR MANUFACTURING INTL CORP,166047271
2025-10-16,홍콩,CNE100000296,BYD CO LTD-H,152116779
2025-10-16,홍콩,CNE100006WS8,CATL ORD H,127956324
2025-10-16,홍콩,CNE1000031W9,GANFENGLITHIUM ORD H,101293625
2025-10-16,홍콩,CNE100005F09,TIANQI LITHIUM CORP,82158548
2025-10-16,홍콩,CNE100006CQ4,Ubtech Robotics Ord Shs H,65098855
2025-10-16,홍콩,CNE100000593,PICC PROPERTY AND CASUALTY CO LTD-H,59601741
2025-10-16,홍콩,HK0000562659,GLOBAL X CHINA ELECTRIC VEHICLE AND BATTERY ETF (HKD),55923062
2025-10-16,홍콩,HK0000637832,GLOBAL X CHINA SEMICONDUCTOR ETF (HKD),44013324
2025-10-16,홍콩,CNE100004YZ4,CTG DUTY-FREE,40373980
2025-10-16,홍콩,KYG7170M1033,POP MART INTL GROUP LTD,36536019
2025-10-16,홍콩,CNE100006Z79,SANHUA INTELLIGENT,33665306
2025-10-16,홍콩,HK0000748381,YESASIA HOLDINGS LTD,33027194
2025-10-16,홍콩,HK0001025037,GLOBAL X US Treasury 3-5 Year ETF,31194779
2025-10-16,홍콩,CNE100006JG0,LAOPU GOLD,29947032
2025-10-16,홍콩,KYG392AS1011,GLOBAL NEW MATERIAL INTL HOLDINGS LTD,28344716
2025-10-16,홍콩,KYG596691041,MEITUAN,26701968
2025-10-16,홍콩,HK0000921236,A GX USD MM,26217296
2025-10-16,홍콩,KYG3777B1032,GEELY AUTOMOBILE HOLDINGS LTD,24836618
2025-10-16,홍콩,HK0000859063,SAMSUNG BLOCKCHAIN TECHNOLOGIES ETF,24556121
2025-10-16,홍콩,CNE1000003X6,PING AN INSURANCE GROUP CO OF CHINA LTD-H,23382575
2025-10-16,홍콩,HK0000921228,Global X HANG SENG TECH ETF,22194212
2025-10-16,홍콩,KYG970081173,WUXI BIOLOGICS CAYMAN INC,22004753
2025-10-16,홍콩,KYG070341048,BAIDU INC CL A,21056738
2025-10-16,홍콩,HK0000516697,GLOBAL X CHINA BIOTECH ETF (HKD),21000848
2025-10-16,홍콩,HK0000562634,GLOBAL X CHINA CONSUMER BRAND ETF (HKD),19243110
2025-10-16,홍콩,KYG982AW1003,XPENG INC,18345113
2025-10-16,홍콩,HK0000516713,GLOBAL X CHINA CLOUD COMPUTING ETF (HKD),17569477
2025-10-16,홍콩,KYG3774X1088,GCL TECHNOLOGY HOLDINGS LTD,17052609
2025-10-16,홍콩,HK0941009539,CHINA MOBILE LTD,16947959
2025-10-16,홍콩,KYG532631028,KUAISHOU TECHNOLOGY,16204116
2025-10-16,홍콩,HK0000562675,GLOBAL X CHINA CLEAN ENERGY ETF (HKD),15178646
2025-10-16,홍콩,HK1126010854,DREAM INTERNATIONAL LTD,14718067
2025-10-16,홍콩,KYG4602S1057,HORIZONROBOT-W,14574919
2025-10-16,홍콩,HK0000642568,CSOP HANG SENG TECH INDEX ETF (HKD),14520029
2025-10-16,홍콩,CNE1000003G1,INDUSTRIAL AND COMMERCIAL BANK OF CHINA LTD-H,12769056
2025-10-16,홍콩,KYG8208B1014,JD.COM INC CL A,12337546
2025-10-16,홍콩,HK0001200002,02259,11495389
2025-10-16,홍콩,HK0000218211,HUA HONG SEMICONDUCTOR LTD,11264990
2025-10-16,홍콩,HK0000123577,CHINAAMC CSI 300 INDEX ETF HKD,11228257
2025-10-16,홍콩,CNE1000002H1,CHINA CONSTRUCTION BANK CORP-H,11187553
2025-10-16,홍콩,HKX566362888,PING AN SECURITIE HKD0.01 HKD0.01 CHAN 009837742 BMG7115B1211,10835507
2025-10-16,홍콩,HK0000637857,GLOBAL X CHINA ROBOTICS AND AI ETF (HKD),10406874
2025-10-16,홍콩,CNE1000048K8,HAIER SMART HOME CO LTD-H MRGR 006942845 BMG423131256,10216855
2025-10-16,홍콩,KYG7611S1075,ROBOSENSE,9700163
2025-10-16,홍콩,HKX601342549,CHINA BRIGHT CULTURE GROUP USD0.00001 (Delisted/BL398Y0) CHAN 970928502 KYG2153C1078,8631000
2025-10-16,홍콩,CNE1000001Z5,BANK OF CHINA LTD-H,8386624
2025-10-17,홍콩,KYG875721634,TENCENT HOLDINGS LTD,242455346
2025-10-17,홍콩,KYG9830T1067,XIAOMI CORP,223397526
2025-10-17,홍콩,KYG017191142,ALIBABA GROUP HOLDING LTD,208135778
2025-10-17,홍콩,KYG8020E1199,SEMICONDUCTOR MANUFACTURING INTL CORP,156193311
2025-10-17,홍콩,CNE100000296,BYD CO LTD-H,145574764
2025-10-17,홍콩,CNE100006WS8,CATL ORD H,125552904
2025-10-17,홍콩,CNE1000031W9,GANFENGLITHIUM ORD H,96802434
2025-10-17,홍콩,CNE100005F09,TIANQI LITHIUM CORP,80172175
2025-10-17,홍콩,CNE100006CQ4,Ubtech Robotics Ord Shs H,63997829
2025-10-17,홍콩,CNE100000593,PICC PROPERTY AND CASUALTY CO LTD-H,59157833
2025-10-17,홍콩,HK0000562659,GLOBAL X CHINA ELECTRIC VEHICLE AND BATTERY ETF (HKD),53679854
2025-10-17,홍콩,HK0000637832,GLOBAL X CHINA SEMICONDUCTOR ETF (HKD),47704719
2025-10-17,홍콩,CNE100004YZ4,CTG DUTY-FREE,41222662
2025-10-17,홍콩,KYG7170M1033,POP MART INTL GROUP LTD,35069640
2025-10-17,홍콩,CNE100006Z79,SANHUA INTELLIGENT,32780276
2025-10-17,홍콩,HK0000748381,YESASIA HOLDINGS LTD,31799327
2025-10-17,홍콩,CNE100006JG0,LAOPU GOLD,31634112
2025-10-17,홍콩,HK0001025037,GLOBAL X US Treasury 3-5 Year ETF,31311770
2025-10-17,홍콩,KYG392AS1011,GLOBAL NEW MATERIAL INTL HOLDINGS LTD,28421364
2025-10-17,홍콩,HK0000921236,A GX USD MM,26231899
2025-10-17,홍콩,KYG596691041,MEITUAN,25512813
2025-10-17,홍콩,KYG3777B1032,GEELY AUTOMOBILE HOLDINGS LTD,23687131
2025-10-17,홍콩,HK0000859063,SAMSUNG BLOCKCHAIN TECHNOLOGIES ETF,22692313
2025-10-17,홍콩,CNE1000003X6,PING AN INSURANCE GROUP CO OF CHINA LTD-H,22617148
2025-10-17,홍콩,HK0000921228,Global X HANG SENG TECH ETF,21472682
2025-10-17,홍콩,KYG970081173,WUXI BIOLOGICS CAYMAN INC,21330940
2025-10-17,홍콩,KYG070341048,BAIDU INC CL A,20488492
2025-10-17,홍콩,HK0000516697,GLOBAL X CHINA BIOTECH ETF (HKD),20320133
2025-10-17,홍콩,HK0000562634,GLOBAL X CHINA CONSUMER BRAND ETF (HKD),18850405
2025-10-17,홍콩,KYG982AW1003,XPENG INC,17691808
2025-10-17,홍콩,HK0000516713,GLOBAL X CHINA CLOUD COMPUTING ETF (HKD),16884276
2025-10-17,홍콩,HK0941009539,CHINA MOBILE LTD,16817351
2025-10-17,홍콩,KYG3774X1088,GCL TECHNOLOGY HOLDINGS LTD,15911715
2025-10-17,홍콩,KYG532631028,KUAISHOU TECHNOLOGY,15579587
2025-10-17,홍콩,HK0000562675,GLOBAL X CHINA CLEAN ENERGY ETF (HKD),14392314
2025-10-17,홍콩,HK1126010854,DREAM INTERNATIONAL LTD,14312436
2025-10-17,홍콩,HK0000642568,CSOP HANG SENG TECH INDEX ETF (HKD),13348024
2025-10-17,홍콩,KYG4602S1057,HORIZONROBOT-W,13337792
2025-10-17,홍콩,KYG8208B1014,JD.COM INC CL A,12900248
2025-10-17,홍콩,CNE1000003G1,INDUSTRIAL AND COMMERCIAL BANK OF CHINA LTD-H,12593723
2025-10-17,홍콩,HK0001200002,02259,11533005
2025-10-17,홍콩,CNE1000002H1,CHINA CONSTRUCTION BANK CORP-H,11189698
2025-10-17,홍콩,HK0000123577,CHINAAMC CSI 300 INDEX ETF HKD,10921353
2025-10-17,홍콩,HKX566362888,PING AN SECURITIE HKD0.01 HKD0.01 CHAN 009837742 BMG7115B1211,10841542
2025-10-17,홍콩,HK0000218211,HUA HONG SEMICONDUCTOR LTD,10791684
2025-10-17,홍콩,HK0000637857,GLOBAL X CHINA ROBOTICS AND AI ETF (HKD),10472182
2025-10-17,홍콩,CNE1000048K8,HAIER SMART HOME CO LTD-H MRGR 006942845 BMG423131256,10091817
2025-10-17,홍콩,KYG7611S1075,ROBOSENSE,8917538
2025-10-17,홍콩,HKX601342549,CHINA BRIGHT CULTURE GROUP USD0.00001 (Delisted/BL398Y0) CHAN 970928502 KYG2153C1078,8631000
2025-10-17,홍콩,IT0003874101,PRADA SPA,8490641
2025-10-20,홍콩,KYG875721634,TENCENT HOLDINGS LTD,250031397
2025-10-20,홍콩,KYG9830T1067,XIAOMI CORP,226075422
2025-10-20,홍콩,KYG017191142,ALIBABA GROUP HOLDING LTD,219155400
2025-10-20,홍콩,KYG8020E1199,SEMICONDUCTOR MANUFACTURING INTL CORP,164296767
2025-10-20,홍콩,CNE100000296,BYD CO LTD-H,145222869
2025-10-20,홍콩,CNE100006WS8,CATL ORD H,127330626
2025-10-20,홍콩,CNE1000031W9,GANFENGLITHIUM ORD H,95866200
2025-10-20,홍콩,CNE100005F09,TIANQI LITHIUM CORP,78201755
2025-10-20,홍콩,CNE100006CQ4,Ubtech Robotics Ord Shs H,74612094
2025-10-20,홍콩,CNE100000593,PICC PROPERTY AND CASUALTY CO LTD-H,59287007
2025-10-20,홍콩,HK0000562659,GLOBAL X CHINA ELECTRIC VEHICLE AND BATTERY ETF (HKD),54658017
2025-10-20,홍콩,HK0000637832,GLOBAL X CHINA SEMICONDUCTOR ETF (HKD),48523396
2025-10-20,홍콩,CNE100004YZ4,CTG DUTY-FREE,40681258
2025-10-20,홍콩,CNE100006Z79,SANHUA INTELLIGENT,35433298
2025-10-20,홍콩,KYG7170M1033,POP MART INTL GROUP LTD,34120376
2025-10-20,홍콩,HK0001025037,GLOBAL X US Treasury 3-5 Year ETF,31247141
2025-10-20,홍콩,HK0000748381,YESASIA HOLDINGS LTD,30963669
2025-10-20,홍콩,CNE100006JG0,LAOPU GOLD,30462099
2025-10-20,홍콩,KYG392AS1011,GLOBAL NEW MATERIAL INTL HOLDINGS LTD,28311810
2025-10-20,홍콩,HK0000921236,A GX USD MM,26228698
2025-10-20,홍콩,KYG596691041,MEITUAN,26117956
2025-10-20,홍콩,KYG3777B1032,GEELY AUTOMOBILE HOLDINGS LTD,24625042
2025-10-20,홍콩,HK0000859063,SAMSUNG BLOCKCHAIN TECHNOLOGIES ETF,23767638
2025-10-20,홍콩,CNE1000003X6,PING AN INSURANCE GROUP CO OF CHINA LTD-H,22848227
2025-10-20,홍콩,HK0000921228,Global X HANG SENG TECH ETF,22128148
2025-10-20,홍콩,KYG970081173,WUXI BIOLOGICS CAYMAN INC,21827978
2025-10-20,홍콩,KYG070341048,BAIDU INC CL A,21305048
2025-10-20,홍콩,HK0000516697,GLOBAL X CHINA BIOTECH ETF (HKD),20515720
2025-10-20,홍콩,HK0000562634,GLOBAL X CHINA CONSUMER BRAND ETF (HKD),19148260
2025-10-20,홍콩,KYG982AW1003,XPENG INC,18140091
2025-10-20,홍콩,HK0000516713,GLOBAL X CHINA CLOUD COMPUTING ETF (HKD),17310854
2025-10-20,홍콩,HK0941009539,CHINA MOBILE LTD,17030421
2025-10-20,홍콩,KYG3774X1088,GCL TECHNOLOGY HOLDINGS LTD,15577087
2025-10-20,홍콩,HK0000562675,GLOBAL X CHINA CLEAN ENERGY ETF (HKD),14394818
2025-10-20,홍콩,KYG532631028,KUAISHOU TECHNOLOGY,13939290
2025-10-20,홍콩,HK0000642568,CSOP HANG SENG TECH INDEX ETF (HKD),13838868
2025-10-20,홍콩,HK1126010854,DREAM INTERNATIONAL LTD,13698621
2025-10-20,홍콩,KYG4602S1057,HORIZONROBOT-W,13691586
2025-10-20,홍콩,KYG8208B1014,JD.COM INC CL A,13273217
2025-10-20,홍콩,CNE1000003G1,INDUSTRIAL AND COMMERCIAL BANK OF CHINA LTD-H,12816751
2025-10-20,홍콩,CNE1000002H1,CHINA CONSTRUCTION BANK CORP-H,11385490
2025-10-20,홍콩,HK0000218211,HUA HONG SEMICONDUCTOR LTD,11175662
2025-10-20,홍콩,HK0000123577,CHINAAMC CSI 300 INDEX ETF HKD,11020508
2025-10-20,홍콩,HK0001200002,02259,10905041
2025-10-20,홍콩,HKX566362888,PING AN SECURITIE HKD0.01 HKD0.01 CHAN 009837742 BMG7115B1211,10846203
2025-10-20,홍콩,HK0000637857,GLOBAL X CHINA ROBOTICS AND AI ETF (HKD),10712319
2025-10-20,홍콩,KYG7611S1075,ROBOSENSE,9342470
2025-10-20,홍콩,HK0001149431,Global X China C,8808829
2025-10-20,홍콩,HKX601342549,CHINA BRIGHT CULTURE GROUP USD0.00001 (Delisted/BL398Y0) CHAN 970928502 KYG2153C1078,8631000
2025-10-20,홍콩,CNE1000048K8,HAIER SMART HOME CO LTD-H MRGR 006942845 BMG423131256,8584542
2025-10-21,홍콩,KYG875721634,TENCENT HOLDINGS LTD,250913581
2025-10-21,홍콩,KYG017191142,ALIBABA GROUP HOLDING LTD,223695309
2025-10-21,홍콩,KYG9830T1067,XIAOMI CORP,221609839
2025-10-21,홍콩,KYG8020E1199,SEMICONDUCTOR MANUFACTURING INTL CORP,171495365
2025-10-21,홍콩,CNE100000296,BYD CO LTD-H,135872688
2025-10-21,홍콩,CNE100006WS8,CATL ORD H,130334228
2025-10-21,홍콩,CNE1000031W9,GANFENGLITHIUM ORD H,95745692
2025-10-21,홍콩,CNE100005F09,TIANQI LITHIUM CORP,77966640
2025-10-21,홍콩,CNE100006CQ4,Ubtech Robotics Ord Shs H,73993147
2025-10-21,홍콩,CNE100000593,PICC PROPERTY AND CASUALTY CO LTD-H,60158927
2025-10-21,홍콩,HK0000562659,GLOBAL X CHINA ELECTRIC VEHICLE AND BATTERY ETF (HKD),55185194
2025-10-21,홍콩,HK0000637832,GLOBAL X CHINA SEMICONDUCTOR ETF (HKD),50714828
2025-10-21,홍콩,CNE100004YZ4,CTG DUTY-FREE,40883572
2025-10-21,홍콩,CNE100006Z79,SANHUA INTELLIGENT,36296885
2025-10-21,홍콩,HK0001025037,GLOBAL X US Treasury 3-5 Year ETF,31208531
2025-10-21,홍콩,HK0000748381,YESASIA HOLDINGS LTD,30797506
2025-10-21,홍콩,KYG7170M1033,POP MART INTL GROUP LTD,30424803
2025-10-21,홍콩,CNE100006JG0,LAOPU GOLD,29402259
2025-10-21,홍콩,KYG392AS1011,GLOBAL NEW MATERIAL INTL HOLDINGS LTD,27820142
2025-10-21,홍콩,KYG596691041,MEITUAN,26478442
2025-10-21,홍콩,HK0000921236,A GX USD MM,26308817
2025-10-21,홍콩,KYG3777B1032,GEELY AUTOMOBILE HOLDINGS LTD,25378637
2025-10-21,홍콩,HK0000859063,SAMSUNG BLOCKCHAIN TECHNOLOGIES ETF,23655377
2025-10-21,홍콩,CNE1000003X6,PING AN INSURANCE GROUP CO OF CHINA LTD-H,23510401
2025-10-21,홍콩,HK0000921228,Global X HANG SENG TECH ETF,22431347
2025-10-21,홍콩,KYG970081173,WUXI BIOLOGICS CAYMAN INC,21761111
2025-10-21,홍콩,KYG070341048,BAIDU INC CL A,21110375
2025-10-21,홍콩,HK0000516697,GLOBAL X CHINA BIOTECH ETF (HKD),20740495
2025-10-21,홍콩,HK0000562634,GLOBAL X CHINA CONSUMER BRAND ETF (HKD),19192427
2025-10-21,홍콩,KYG982AW1003,XPENG INC,18436862
2025-10-21,홍콩,HK0000516713,GLOBAL X CHINA CLOUD COMPUTING ETF (HKD),17535407
2025-10-21,홍콩,HK0941009539,CHINA MOBILE LTD,16763703
2025-10-21,홍콩,KYG3774X1088,GCL TECHNOLOGY HOLDINGS LTD,15667629
2025-10-21,홍콩,HK0000562675,GLOBAL X CHINA CLEAN ENERGY ETF (HKD),14700403
2025-10-21,홍콩,KYG532631028,KUAISHOU TECHNOLOGY,14209715
2025-10-21,홍콩,KYG4602S1057,HORIZONROBOT-W,13959509
2025-10-21,홍콩,HK1126010854,DREAM INTERNATIONAL LTD,13642785
2025-10-21,홍콩,HK0000642568,CSOP HANG SENG TECH INDEX ETF (HKD),13493883
2025-10-21,홍콩,KYG8208B1014,JD.COM INC CL A,13384249
2025-10-21,홍콩,CNE1000003G1,INDUSTRIAL AND COMMERCIAL BANK OF CHINA LTD-H,12868438
2025-10-21,홍콩,CNE1000002H1,CHINA CONSTRUCTION BANK CORP-H,11495494
2025-10-21,홍콩,HK0000123577,CHINAAMC CSI 300 INDEX ETF HKD,11297370
2025-10-21,홍콩,HK0000637857,GLOBAL X CHINA ROBOTICS AND AI ETF (HKD),10946056
2025-10-21,홍콩,HK0000218211,HUA HONG SEMICONDUCTOR LTD,10935259
2025-10-21,홍콩,HKX566362888,PING AN SECURITIE HKD0.01 HKD0.01 CHAN 009837742 BMG7115B1211,10844416
2025-10-21,홍콩,HK0001200002,02259,10440800
2025-10-21,홍콩,KYG7611S1075,ROBOSENSE,9506134
2025-10-21,홍콩,CNE1000048K8,HAIER SMART HOME CO LTD-H MRGR 006942845 BMG423131256,8748085
2025-10-21,홍콩,HKX601342549,CHINA BRIGHT CULTURE GROUP USD0.00001 (Delisted/BL398Y0) CHAN 970928502 KYG2153C1078,8631000
2025-10-21,홍콩,CNE1000003W8,PETROCHINA CO LTD-H,8585097
2025-10-22,홍콩,KYG875721634,TENCENT HOLDINGS LTD,247198096
2025-10-22,홍콩,KYG017191142,ALIBABA GROUP HOLDING LTD,221042570
2025-10-22,홍콩,KYG9830T1067,XIAOMI CORP,220933087
2025-10-22,홍콩,KYG8020E1199,SEMICONDUCTOR MANUFACTURING INTL CORP,175130575
2025-10-22,홍콩,CNE100000296,BYD CO LTD-H,133203431
2025-10-22,홍콩,CNE100006WS8,CATL ORD H,131634216
2025-10-22,홍콩,CNE1000031W9,GANFENGLITHIUM ORD H,94809212
2025-10-22,홍콩,CNE100005F09,TIANQI LITHIUM CORP,78343905
2025-10-22,홍콩,CNE100006CQ4,Ubtech Robotics Ord Shs H,74971905
2025-10-22,홍콩,CNE100000593,PICC PROPERTY AND CASUALTY CO LTD-H,60167438
2025-10-22,홍콩,HK0000562659,GLOBAL X CHINA ELECTRIC VEHICLE AND BATTERY ETF (HKD),54587138
2025-10-22,홍콩,HK0000637832,GLOBAL X CHINA SEMICONDUCTOR ETF (HKD),50415074
2025-10-22,홍콩,CNE100004YZ4,CTG DUTY-FREE,40312659
2025-10-22,홍콩,CNE100006Z79,SANHUA INTELLIGENT,36778252
2025-10-22,홍콩,HK0000748381,YESASIA HOLDINGS LTD,31331061
2025-10-22,홍콩,HK0001025037,GLOBAL X US Treasury 3-5 Year ETF,31273262
2025-10-22,홍콩,KYG7170M1033,POP MART INTL GROUP LTD,31194629
2025-10-22,홍콩,KYG392AS1011,GLOBAL NEW MATERIAL INTL HOLDINGS LTD,27079210
2025-10-22,홍콩,CNE100006JG0,LAOPU GOLD,26886240
2025-10-22,홍콩,KYG596691041,MEITUAN,26364759
2025-10-22,홍콩,HK0000921236,A GX USD MM,26298692
2025-10-22,홍콩,KYG3777B1032,GEELY AUTOMOBILE HOLDINGS LTD,24967421
2025-10-22,홍콩,CNE1000003X6,PING AN INSURANCE GROUP CO OF CHINA LTD-H,23330265
2025-10-22,홍콩,HK0000859063,SAMSUNG BLOCKCHAIN TECHNOLOGIES ETF,23158908
2025-10-22,홍콩,HK0000921228,Global X HANG SENG TECH ETF,22134450
2025-10-22,홍콩,KYG970081173,WUXI BIOLOGICS CAYMAN INC,21574343
2025-10-22,홍콩,KYG070341048,BAIDU INC CL A,21359897
2025-10-22,홍콩,HK0000516697,GLOBAL X CHINA BIOTECH ETF (HKD),20441414
2025-10-22,홍콩,HK0000562634,GLOBAL X CHINA CONSUMER BRAND ETF (HKD),19121841
2025-10-22,홍콩,KYG982AW1003,XPENG INC,18157401
2025-10-22,홍콩,HK0000516713,GLOBAL X CHINA CLOUD COMPUTING ETF (HKD),17192294
2025-10-22,홍콩,HK0941009539,CHINA MOBILE LTD,16604308
2025-10-22,홍콩,KYG3774X1088,GCL TECHNOLOGY HOLDINGS LTD,15418833
2025-10-22,홍콩,HK1126010854,DREAM INTERNATIONAL LTD,14640521
2025-10-22,홍콩,KYG532631028,KUAISHOU TECHNOLOGY,14633008
2025-10-22,홍콩,HK0000562675,GLOBAL X CHINA CLEAN ENERGY ETF (HKD),14485979
2025-10-22,홍콩,KYG4602S1057,HORIZONROBOT-W,14045730
2025-10-22,홍콩,HK0000642568,CSOP HANG SENG TECH INDEX ETF (HKD),13389959
2025-10-22,홍콩,KYG8208B1014,JD.COM INC CL A,13171013
2025-10-22,홍콩,CNE1000003G1,INDUSTRIAL AND COMMERCIAL BANK OF CHINA LTD-H,12885872
2025-10-22,홍콩,CNE1000002H1,CHINA CONSTRUCTION BANK CORP-H,11476453
2025-10-22,홍콩,HK0000123577,CHINAAMC CSI 300 INDEX ETF HKD,11208594
2025-10-22,홍콩,HK0000637857,GLOBAL X CHINA ROBOTICS AND AI ETF (HKD),10904474
2025-10-22,홍콩,HKX566362888,PING AN SECURITIE HKD0.01 HKD0.01 CHAN 009837742 BMG7115B1211,10840243
2025-10-22,홍콩,HK0000218211,HUA HONG SEMICONDUCTOR LTD,10459568
2025-10-22,홍콩,HK0001200002,02259,10217231
2025-10-22,홍콩,KYG7611S1075,ROBOSENSE,8959010
2025-10-22,홍콩,CNE1000048K8,HAIER SMART HOME CO LTD-H MRGR 006942845 BMG423131256,8852797
2025-10-22,홍콩,HK0001149431,Global X China C,8788730
2025-10-22,홍콩,CNE1000003W8,PETROCHINA CO LTD-H,8680814
2025-10-23,홍콩,KYG875721634,TENCENT HOLDINGS LTD,251721224
2025-10-23,홍콩,KYG017191142,ALIBABA GROUP HOLDING LTD,226209206
2025-10-23,홍콩,KYG9830T1067,XIAOMI CORP,223875864
2025-10-23,홍콩,KYG8020E1199,SEMICONDUCTOR MANUFACTURING INTL CORP,171903101
2025-10-23,홍콩,CNE100000296,BYD CO LTD-H,134249512
2025-10-23,홍콩,CNE100006WS8,CATL ORD H,129844157
2025-10-23,홍콩,CNE1000031W9,GANFENGLITHIUM ORD H,102344601
2025-10-23,홍콩,CNE100005F09,TIANQI LITHIUM CORP,82345464
2025-10-23,홍콩,CNE100006CQ4,Ubtech Robotics Ord Shs H,72129741
2025-10-23,홍콩,CNE100000593,PICC PROPERTY AND CASUALTY CO LTD-H,60695527
2025-10-23,홍콩,HK0000562659,GLOBAL X CHINA ELECTRIC VEHICLE AND BATTERY ETF (HKD),55055647
2025-10-23,홍콩,HK0000637832,GLOBAL X CHINA SEMICONDUCTOR ETF (HKD),50056959
2025-10-23,홍콩,CNE100004YZ4,CTG DUTY-FREE,40280958
2025-10-23,홍콩,CNE100006Z79,SANHUA INTELLIGENT,35727062
2025-10-23,홍콩,HK0001025037,GLOBAL X US Treasury 3-5 Year ETF,31240918
2025-10-23,홍콩,HK0000748381,YESASIA HOLDINGS LTD,30543588
2025-10-23,홍콩,KYG7170M1033,POP MART INTL GROUP LTD,28353445
2025-10-23,홍콩,KYG596691041,MEITUAN,27388368
2025-10-23,홍콩,KYG392AS1011,GLOBAL NEW MATERIAL INTL HOLDINGS LTD,27201875
2025-10-23,홍콩,CNE100006JG0,LAOPU GOLD,26446695
2025-10-23,홍콩,HK0000921236,A GX USD MM,26298415
2025-10-23,홍콩,KYG3777B1032,GEELY AUTOMOBILE HOLDINGS LTD,24670669
2025-10-23,홍콩,CNE1000003X6,PING AN INSURANCE GROUP CO OF CHINA LTD-H,23380801
2025-10-23,홍콩,HK0000859063,SAMSUNG BLOCKCHAIN TECHNOLOGIES ETF,22455728
2025-10-23,홍콩,HK0000921228,Global X HANG SENG TECH ETF,22226078
2025-10-23,홍콩,KYG070341048,BAIDU INC CL A,21826591
2025-10-23,홍콩,KYG970081173,WUXI BIOLOGICS CAYMAN INC,21421191
2025-10-23,홍콩,KYG4602S1057,HORIZONROBOT-W,21277077
2025-10-23,홍콩,HK0000516697,GLOBAL X CHINA BIOTECH ETF (HKD),20291589
2025-10-23,홍콩,KYG982AW1003,XPENG INC,19785798
2025-10-23,홍콩,HK0000562634,GLOBAL X CHINA CONSUMER BRAND ETF (HKD),19099927
2025-10-23,홍콩,HK0000516713,GLOBAL X CHINA CLOUD COMPUTING ETF (HKD),17231118
2025-10-23,홍콩,HK0941009539,CHINA MOBILE LTD,16721750
2025-10-23,홍콩,KYG3774X1088,GCL TECHNOLOGY HOLDINGS LTD,15782157
2025-10-23,홍콩,KYG532631028,KUAISHOU TECHNOLOGY,14645167
2025-10-23,홍콩,HK0000562675,GLOBAL X CHINA CLEAN ENERGY ETF (HKD),14577892
2025-10-23,홍콩,HK0000642568,CSOP HANG SENG TECH INDEX ETF (HKD),13786112
2025-10-23,홍콩,KYG8208B1014,JD.COM INC CL A,13383582
2025-10-23,홍콩,HK1126010854,DREAM INTERNATIONAL LTD,13170428
2025-10-23,홍콩,CNE1000003G1,INDUSTRIAL AND COMMERCIAL BANK OF CHINA LTD-H,13114237
2025-10-23,홍콩,CNE1000002H1,CHINA CONSTRUCTION BANK CORP-H,11595043
2025-10-23,홍콩,HK0000123577,CHINAAMC CSI 300 INDEX ETF HKD,11088341
2025-10-23,홍콩,HK0000637857,GLOBAL X CHINA ROBOTICS AND AI ETF (HKD),10944631
2025-10-23,홍콩,HKX566362888,PING AN SECURITIE HKD0.01 HKD0.01 CHAN 009837742 BMG7115B1211,10840626
2025-10-23,홍콩,HK0001200002,02259,10104204
2025-10-23,홍콩,HK0000218211,HUA HONG SEMICONDUCTOR LTD,10034044
2025-10-23,홍콩,HK0001149431,Global X China C,9078875
2025-10-23,홍콩,CNE1000048K8,HAIER SMART HOME CO LTD-H MRGR 006942845 BMG423131256,8860862
2025-10-23,홍콩,CNE1000003W8,PETROCHINA CO LTD-H,8710083
2025-10-23,홍콩,HKX601342549,CHINA BRIGHT CULTURE GROUP USD0.00001 (Delisted/BL398Y0) CHAN 970928502 KYG2153C1078,8631000
2025-10-24,홍콩,KYG875721634,TENCENT HOLDINGS LTD,253048816
2025-10-24,홍콩,KYG017191142,ALIBABA GROUP HOLDING LTD,231438642
2025-10-24,홍콩,KYG9830T1067,XIAOMI CORP,220906996
2025-10-24,홍콩,KYG8020E1199,SEMICONDUCTOR MANUFACTURING INTL CORP,188980665
2025-10-24,홍콩,CNE100006WS8,CATL ORD H,134735401
2025-10-24,홍콩,CNE100000296,BYD CO LTD-H,134442508
2025-10-24,홍콩,CNE1000031W9,GANFENGLITHIUM ORD H,104195102
2025-10-24,홍콩,CNE100005F09,TIANQI LITHIUM CORP,85563751
2025-10-24,홍콩,CNE100006CQ4,Ubtech Robotics Ord Shs H,78050683
2025-10-24,홍콩,CNE100000593,PICC PROPERTY AND CASUALTY CO LTD-H,60826458
2025-10-24,홍콩,HK0000562659,GLOBAL X CHINA ELECTRIC VEHICLE AND BATTERY ETF (HKD),55505939
2025-10-24,홍콩,HK0000637832,GLOBAL X CHINA SEMICONDUCTOR ETF (HKD),52573804
2025-10-24,홍콩,CNE100004YZ4,CTG DUTY-FREE,40376585
2025-10-24,홍콩,CNE100006Z79,SANHUA INTELLIGENT,36465666
2025-10-24,홍콩,HK0000748381,YESASIA HOLDINGS LTD,31501269
2025-10-24,홍콩,HK0001025037,GLOBAL X US Treasury 3-5 Year ETF,31239837
2025-10-24,홍콩,KYG596691041,MEITUAN,27519966
2025-10-24,홍콩,KYG392AS1011,GLOBAL NEW MATERIAL INTL HOLDINGS LTD,27260056
2025-10-24,홍콩,KYG7170M1033,POP MART INTL GROUP LTD,26875194
2025-10-24,홍콩,CNE100006JG0,LAOPU GOLD,26432914
2025-10-24,홍콩,HK0000921236,A GX USD MM,26296300
2025-10-24,홍콩,KYG3777B1032,GEELY AUTOMOBILE HOLDINGS LTD,24726318
2025-10-24,홍콩,CNE1000003X6,PING AN INSURANCE GROUP CO OF CHINA LTD-H,23420662
2025-10-24,홍콩,HK0000859063,SAMSUNG BLOCKCHAIN TECHNOLOGIES ETF,23176975
2025-10-24,홍콩,HK0000921228,Global X HANG SENG TECH ETF,22751982
2025-10-24,홍콩,KYG070341048,BAIDU INC CL A,22218688
2025-10-24,홍콩,KYG970081173,WUXI BIOLOGICS CAYMAN INC,21844036
2025-10-24,홍콩,HK0000516697,GLOBAL X CHINA BIOTECH ETF (HKD),20391906
2025-10-24,홍콩,KYG982AW1003,XPENG INC,20063401
2025-10-24,홍콩,HK0000562634,GLOBAL X CHINA CONSUMER BRAND ETF (HKD),19229295
2025-10-24,홍콩,HK0000516713,GLOBAL X CHINA CLOUD COMPUTING ETF (HKD),17485544
2025-10-24,홍콩,HK0941009539,CHINA MOBILE LTD,16835061
2025-10-24,홍콩,KYG3774X1088,GCL TECHNOLOGY HOLDINGS LTD,15785760
2025-10-24,홍콩,KYG4602S1057,HORIZONROBOT-W,15572768
2025-10-24,홍콩,KYG532631028,KUAISHOU TECHNOLOGY,14955307
2025-10-24,홍콩,HK0000562675,GLOBAL X CHINA CLEAN ENERGY ETF (HKD),14820467
2025-10-24,홍콩,HK0000642568,CSOP HANG SENG TECH INDEX ETF (HKD),14057664
2025-10-24,홍콩,KYG8208B1014,JD.COM INC CL A,13444977
2025-10-24,홍콩,HK1126010854,DREAM INTERNATIONAL LTD,13250379
2025-10-24,홍콩,CNE1000003G1,INDUSTRIAL AND COMMERCIAL BANK OF CHINA LTD-H,13131518
2025-10-24,홍콩,CNE1000002H1,CHINA CONSTRUCTION BANK CORP-H,11606832
2025-10-24,홍콩,HK0000218211,HUA HONG SEMICONDUCTOR LTD,11379846
2025-10-24,홍콩,HK0000637857,GLOBAL X CHINA ROBOTICS AND AI ETF (HKD),11170797
2025-10-24,홍콩,HK0000123577,CHINAAMC CSI 300 INDEX ETF HKD,11166280
2025-10-24,홍콩,HKX566362888,PING AN SECURITIE HKD0.01 HKD0.01 CHAN 009837742 BMG7115B1211,10840251
2025-10-24,홍콩,HK0001200002,02259,10082169
2025-10-24,홍콩,HK0001149431,Global X China C,9320418
2025-10-24,홍콩,CNE1000048K8,HAIER SMART HOME CO LTD-H MRGR 006942845 BMG423131256,8978195
2025-10-24,홍콩,IT0003874101,PRADA SPA,8933130
2025-10-24,홍콩,KYG7611S1075,ROBOSENSE,8759529
2025-10-27,홍콩,KYG875721634,TENCENT HOLDINGS LTD,260557585
2025-10-27,홍콩,KYG017191142,ALIBABA GROUP HOLDING LTD,238714981
2025-10-27,홍콩,KYG9830T1067,XIAOMI CORP,217922172
2025-10-27,홍콩,KYG8020E1199,SEMICONDUCTOR MANUFACTURING INTL CORP,195902946
2025-10-27,홍콩,CNE100006WS8,CATL ORD H,136730215
2025-10-27,홍콩,CNE100000296,BYD CO LTD-H,135059220
2025-10-27,홍콩,CNE1000031W9,GANFENGLITHIUM ORD H,109291881
2025-10-27,홍콩,CNE100005F09,TIANQI LITHIUM CORP,87736967
2025-10-27,홍콩,CNE100006CQ4,Ubtech Robotics Ord Shs H,78299639
2025-10-27,홍콩,CNE100000593,PICC PROPERTY AND CASUALTY CO LTD-H,61155104
2025-10-27,홍콩,HK0000562659,GLOBAL X CHINA ELECTRIC VEHICLE AND BATTERY ETF (HKD),55758166
2025-10-27,홍콩,HK0000637832,GLOBAL X CHINA SEMICONDUCTOR ETF (HKD),54154074
2025-10-27,홍콩,CNE100004YZ4,CTG DUTY-FREE,39825206
2025-10-27,홍콩,CNE100006Z79,SANHUA INTELLIGENT,36532570
2025-10-27,홍콩,HK0001025037,GLOBAL X US Treasury 3-5 Year ETF,31206897
2025-10-27,홍콩,HK0000748381,YESASIA HOLDINGS LTD,28870196
2025-10-27,홍콩,KYG596691041,MEITUAN,28694379
2025-10-27,홍콩,KYG392AS1011,GLOBAL NEW MATERIAL INTL HOLDINGS LTD,27755002
2025-10-27,홍콩,HK0000921236,A GX USD MM,26294383
2025-10-27,홍콩,CNE100006JG0,LAOPU GOLD,26281989
2025-10-27,홍콩,KYG7170M1033,POP MART INTL GROUP LTD,25851258
2025-10-27,홍콩,HK0000859063,SAMSUNG BLOCKCHAIN TECHNOLOGIES ETF,24781739
2025-10-27,홍콩,KYG3777B1032,GEELY AUTOMOBILE HOLDINGS LTD,24234499
2025-10-27,홍콩,KYG070341048,BAIDU INC CL A,23735344
2025-10-27,홍콩,CNE1000003X6,PING AN INSURANCE GROUP CO OF CHINA LTD-H,23560476
2025-10-27,홍콩,HK0000921228,Global X HANG SENG TECH ETF,23307827
2025-10-27,홍콩,KYG970081173,WUXI BIOLOGICS CAYMAN INC,22201210
2025-10-27,홍콩,HK0000516697,GLOBAL X CHINA BIOTECH ETF (HKD),20762272
2025-10-27,홍콩,KYG982AW1003,XPENG INC,19668301
2025-10-27,홍콩,HK0000562634,GLOBAL X CHINA CONSUMER BRAND ETF (HKD),19271646
2025-10-27,홍콩,HK0000516713,GLOBAL X CHINA CLOUD COMPUTING ETF (HKD),17888387
2025-10-27,홍콩,HK0941009539,CHINA MOBILE LTD,16800573
2025-10-27,홍콩,KYG3774X1088,GCL TECHNOLOGY HOLDINGS LTD,16182086
2025-10-27,홍콩,KYG4602S1057,HORIZONROBOT-W,15928753
2025-10-27,홍콩,KYG532631028,KUAISHOU TECHNOLOGY,15195117
2025-10-27,홍콩,HK0000562675,GLOBAL X CHINA CLEAN ENERGY ETF (HKD),15068964
2025-10-27,홍콩,KYG8208B1014,JD.COM INC CL A,14600132
2025-10-27,홍콩,HK0000642568,CSOP HANG SENG TECH INDEX ETF (HKD),14352415
2025-10-27,홍콩,CNE1000003G1,INDUSTRIAL AND COMMERCIAL BANK OF CHINA LTD-H,13196930
2025-10-27,홍콩,HK1126010854,DREAM INTERNATIONAL LTD,13189367
2025-10-27,홍콩,CNE1000002H1,CHINA CONSTRUCTION BANK CORP-H,11596544
2025-10-27,홍콩,HK0000637857,GLOBAL X CHINA ROBOTICS AND AI ETF (HKD),11358155
2025-10-27,홍콩,HK0000123577,CHINAAMC CSI 300 INDEX ETF HKD,11349110
2025-10-27,홍콩,HK0000218211,HUA HONG SEMICONDUCTOR LTD,11093899
2025-10-27,홍콩,HKX566362888,PING AN SECURITIE HKD0.01 HKD0.01 CHAN 009837742 BMG7115B1211,10843438
2025-10-27,홍콩,HK0001149431,Global X China C,10626440
2025-10-27,홍콩,HK0001200002,02259,9938808
2025-10-27,홍콩,IT0003874101,PRADA SPA,9101941
2025-10-27,홍콩,KYG7611S1075,ROBOSENSE,9086929
2025-10-27,홍콩,CNE1000048K8,HAIER SMART HOME CO LTD-H MRGR 006942845 BMG423131256,9002167
2025-10-28,홍콩,KYG875721634,TENCENT HOLDINGS LTD,256446725
2025-10-28,홍콩,KYG017191142,ALIBABA GROUP HOLDING LTD,234474566
2025-10-28,홍콩,KYG9830T1067,XIAOMI CORP,212156172
2025-10-28,홍콩,KYG8020E1199,SEMICONDUCTOR MANUFACTURING INTL CORP,190735750
2025-10-28,홍콩,CNE100006WS8,CATL ORD H,136969869
2025-10-28,홍콩,CNE100000296,BYD CO LTD-H,133876798
2025-10-28,홍콩,CNE1000031W9,GANFENGLITHIUM ORD H,105504773
2025-10-28,홍콩,CNE100005F09,TIANQI LITHIUM CORP,84493130
2025-10-28,홍콩,CNE100006CQ4,Ubtech Robotics Ord Shs H,77387715
2025-10-28,홍콩,CNE100000593,PICC PROPERTY AND CASUALTY CO LTD-H,61080444
2025-10-28,홍콩,HK0000562659,GLOBAL X CHINA ELECTRIC VEHICLE AND BATTERY ETF (HKD),56038081
2025-10-28,홍콩,HK0000637832,GLOBAL X CHINA SEMICONDUCTOR ETF (HKD),54391656
2025-10-28,홍콩,CNE100004YZ4,CTG DUTY-FREE,39922270
2025-10-28,홍콩,CNE100006Z79,SANHUA INTELLIGENT,38406371
2025-10-28,홍콩,HK0001025037,GLOBAL X US Treasury 3-5 Year ETF,31257132
2025-10-28,홍콩,HK0000748381,YESASIA HOLDINGS LTD,28612662
2025-10-28,홍콩,KYG596691041,MEITUAN,28127797
2025-10-28,홍콩,KYG392AS1011,GLOBAL NEW MATERIAL INTL HOLDINGS LTD,27394760
2025-10-28,홍콩,HK0000921236,A GX USD MM,26250884
2025-10-28,홍콩,CNE100006JG0,LAOPU GOLD,25246620
2025-10-28,홍콩,HK0000859063,SAMSUNG BLOCKCHAIN TECHNOLOGIES ETF,24127062
2025-10-28,홍콩,KYG3777B1032,GEELY AUTOMOBILE HOLDINGS LTD,23950880
2025-10-28,홍콩,KYG7170M1033,POP MART INTL GROUP LTD,23852165
2025-10-28,홍콩,KYG070341048,BAIDU INC CL A,23850858
2025-10-28,홍콩,CNE1000003X6,PING AN INSURANCE GROUP CO OF CHINA LTD-H,23602545
2025-10-28,홍콩,HK0000921228,Global X HANG SENG TECH ETF,23077898
2025-10-28,홍콩,KYG970081173,WUXI BIOLOGICS CAYMAN INC,21857639
2025-10-28,홍콩,KYG982AW1003,XPENG INC,21792837
2025-10-28,홍콩,HK0000516697,GLOBAL X CHINA BIOTECH ETF (HKD),20528471
2025-10-28,홍콩,HK0000562634,GLOBAL X CHINA CONSUMER BRAND ETF (HKD),18963411
2025-10-28,홍콩,HK0000516713,GLOBAL X CHINA CLOUD COMPUTING ETF (HKD),17697794
2025-10-28,홍콩,HK0941009539,CHINA MOBILE LTD,16859591
2025-10-28,홍콩,KYG4602S1057,HORIZONROBOT-W,16398158
2025-10-28,홍콩,KYG3774X1088,GCL TECHNOLOGY HOLDINGS LTD,16179066
2025-10-28,홍콩,KYG8208B1014,JD.COM INC CL A,15525142
2025-10-28,홍콩,KYG532631028,KUAISHOU TECHNOLOGY,15185508
2025-10-28,홍콩,HK0000562675,GLOBAL X CHINA CLEAN ENERGY ETF (HKD),14946213
2025-10-28,홍콩,HK0000642568,CSOP HANG SENG TECH INDEX ETF (HKD),14189495
2025-10-28,홍콩,CNE1000003G1,INDUSTRIAL AND COMMERCIAL BANK OF CHINA LTD-H,13133275
2025-10-28,홍콩,HK1126010854,DREAM INTERNATIONAL LTD,12984009
2025-10-28,홍콩,CNE1000002H1,CHINA CONSTRUCTION BANK CORP-H,11621784
2025-10-28,홍콩,HK0000637857,GLOBAL X CHINA ROBOTICS AND AI ETF (HKD),11616323
2025-10-28,홍콩,HKX566362888,PING AN SECURITIE HKD0.01 HKD0.01 CHAN 009837742 BMG7115B1211,10845400
2025-10-28,홍콩,HK0000123577,CHINAAMC CSI 300 INDEX ETF HKD,10807863
2025-10-28,홍콩,HK0001149431,Global X China C,10556550
2025-10-28,홍콩,HK0000218211,HUA HONG SEMICONDUCTOR LTD,9723539
2025-10-28,홍콩,HK0001200002,02259,9518349
2025-10-28,홍콩,KYG7611S1075,ROBOSENSE,8925812
2025-10-28,홍콩,CNE1000048K8,HAIER SMART HOME CO LTD-H MRGR 006942845 BMG423131256,8861556
2025-10-28,홍콩,CNE1000003W8,PETROCHINA CO LTD-H,8818385
2025-10-29,홍콩,KYG875721634,TENCENT HOLDINGS LTD,256416559
2025-10-29,홍콩,KYG017191142,ALIBABA GROUP HOLDING LTD,234446985
2025-10-29,홍콩,KYG9830T1067,XIAOMI CORP,212131216
2025-10-29,홍콩,KYG8020E1199,SEMICONDUCTOR MANUFACTURING INTL CORP,190713314
2025-10-29,홍콩,CNE100006WS8,CATL ORD H,136953757
2025-10-29,홍콩,CNE100000296,BYD CO LTD-H,133861050
2025-10-29,홍콩,CNE1000031W9,GANFENGLITHIUM ORD H,105492363
2025-10-29,홍콩,CNE100005F09,TIANQI LITHIUM CORP,84483191
2025-10-29,홍콩,CNE100006CQ4,Ubtech Robotics Ord Shs H,77378612
2025-10-29,홍콩,CNE100000593,PICC PROPERTY AND CASUALTY CO LTD-H,61073259
2025-10-29,홍콩,HK0000562659,GLOBAL X CHINA ELECTRIC VEHICLE AND BATTERY ETF (HKD),56031490
2025-10-29,홍콩,HK0000637832,GLOBAL X CHINA SEMICONDUCTOR ETF (HKD),54385258
2025-10-29,홍콩,CNE100004YZ4,CTG DUTY-FREE,39917574
2025-10-29,홍콩,CNE100006Z79,SANHUA INTELLIGENT,38401853
2025-10-29,홍콩,HK0001025037,GLOBAL X US Treasury 3-5 Year ETF,31253455
2025-10-29,홍콩,HK0000748381,YESASIA HOLDINGS LTD,28609296
2025-10-29,홍콩,KYG596691041,MEITUAN,28124488
2025-10-29,홍콩,KYG392AS1011,GLOBAL NEW MATERIAL INTL HOLDINGS LTD,27391537
2025-10-29,홍콩,HK0000921236,A GX USD MM,26247796
2025-10-29,홍콩,CNE100006JG0,LAOPU GOLD,25243650
2025-10-29,홍콩,HK0000859063,SAMSUNG BLOCKCHAIN TECHNOLOGIES ETF,24124224
2025-10-29,홍콩,KYG3777B1032,GEELY AUTOMOBILE HOLDINGS LTD,23948063
2025-10-29,홍콩,KYG7170M1033,POP MART INTL GROUP LTD,23849360
2025-10-29,홍콩,KYG070341048,BAIDU INC CL A,23848052
2025-10-29,홍콩,CNE1000003X6,PING AN INSURANCE GROUP CO OF CHINA LTD-H,23599768
2025-10-29,홍콩,HK0000921228,Global X HANG SENG TECH ETF,23075183
2025-10-29,홍콩,KYG970081173,WUXI BIOLOGICS CAYMAN INC,21855068
2025-10-29,홍콩,KYG982AW1003,XPENG INC,21790274
2025-10-29,홍콩,HK0000516697,GLOBAL X CHINA BIOTECH ETF (HKD),20526056
2025-10-29,홍콩,HK0000562634,GLOBAL X CHINA CONSUMER BRAND ETF (HKD),18961181
2025-10-29,홍콩,HK0000516713,GLOBAL X CHINA CLOUD COMPUTING ETF (HKD),17695712
2025-10-29,홍콩,HK0941009539,CHINA MOBILE LTD,16857608
2025-10-29,홍콩,KYG4602S1057,HORIZONROBOT-W,16396229
2025-10-29,홍콩,KYG3774X1088,GCL TECHNOLOGY HOLDINGS LTD,16177163
2025-10-29,홍콩,KYG8208B1014,JD.COM INC CL A,15523315
2025-10-29,홍콩,KYG532631028,KUAISHOU TECHNOLOGY,15183722
2025-10-29,홍콩,HK0000562675,GLOBAL X CHINA CLEAN ENERGY ETF (HKD),14944455
2025-10-29,홍콩,HK0000642568,CSOP HANG SENG TECH INDEX ETF (HKD),14187826
2025-10-29,홍콩,CNE1000003G1,INDUSTRIAL AND COMMERCIAL BANK OF CHINA LTD-H,13131730
2025-10-29,홍콩,HK1126010854,DREAM INTERNATIONAL LTD,12982481
2025-10-29,홍콩,CNE1000002H1,CHINA CONSTRUCTION BANK CORP-H,11620417
2025-10-29,홍콩,HK0000637857,GLOBAL X CHINA ROBOTICS AND AI ETF (HKD),11614957
2025-10-29,홍콩,HKX566362888,PING AN SECURITIE HKD0.01 HKD0.01 CHAN 009837742 BMG7115B1211,10844124
2025-10-29,홍콩,HK0000123577,CHINAAMC CSI 300 INDEX ETF HKD,10806592
2025-10-29,홍콩,HK0001149431,Global X China C,10555308
2025-10-29,홍콩,HK0000218211,HUA HONG SEMICONDUCTOR LTD,9722395
2025-10-29,홍콩,HK0001200002,02259,9517230
2025-10-29,홍콩,KYG7611S1075,ROBOSENSE,8924763
2025-10-29,홍콩,CNE1000048K8,HAIER SMART HOME CO LTD-H MRGR 006942845 BMG423131256,8860513
2025-10-29,홍콩,CNE1000003W8,PETROCHINA CO LTD-H,8817347
2025-10-30,홍콩,KYG875721634,TENCENT HOLDINGS LTD,260376266
2025-10-30,홍콩,KYG017191142,ALIBABA GROUP HOLDING LTD,238043109
2025-10-30,홍콩,KYG9830T1067,XIAOMI CORP,203981457
2025-10-30,홍콩,KYG8020E1199,SEMICONDUCTOR MANUFACTURING INTL CORP,187920419
2025-10-30,홍콩,CNE100006WS8,CATL ORD H,140903954
2025-10-30,홍콩,CNE100000296,BYD CO LTD-H,133513094
2025-10-30,홍콩,CNE1000031W9,GANFENGLITHIUM ORD H,121160801
2025-10-30,홍콩,CNE100005F09,TIANQI LITHIUM CORP,92165726
2025-10-30,홍콩,CNE100006CQ4,Ubtech Robotics Ord Shs H,78549468
2025-10-30,홍콩,CNE100000593,PICC PROPERTY AND CASUALTY CO LTD-H,60018138
2025-10-30,홍콩,HK0000562659,GLOBAL X CHINA ELECTRIC VEHICLE AND BATTERY ETF (HKD),57040410
2025-10-30,홍콩,HK0000637832,GLOBAL X CHINA SEMICONDUCTOR ETF (HKD),54369714
2025-10-30,홍콩,CNE100004YZ4,CTG DUTY-FREE,41794556
2025-10-30,홍콩,CNE100006Z79,SANHUA INTELLIGENT,37943444
2025-10-30,홍콩,HK0001025037,GLOBAL X US Treasury 3-5 Year ETF,31145935
2025-10-30,홍콩,KYG596691041,MEITUAN,29596875
2025-10-30,홍콩,KYG392AS1011,GLOBAL NEW MATERIAL INTL HOLDINGS LTD,28419753
2025-10-30,홍콩,HK0000748381,YESASIA HOLDINGS LTD,27515619
2025-10-30,홍콩,HK0000921236,A GX USD MM,26265844
2025-10-30,홍콩,CNE100006JG0,LAOPU GOLD,26031810
2025-10-30,홍콩,CNE1000003X6,PING AN INSURANCE GROUP CO OF CHINA LTD-H,24533600
2025-10-30,홍콩,KYG3777B1032,GEELY AUTOMOBILE HOLDINGS LTD,23935918
2025-10-30,홍콩,HK0000859063,SAMSUNG BLOCKCHAIN TECHNOLOGIES ETF,23631216
2025-10-30,홍콩,KYG7170M1033,POP MART INTL GROUP LTD,23165247
2025-10-30,홍콩,HK0000921228,Global X HANG SENG TECH ETF,23017425
2025-10-30,홍콩,KYG982AW1003,XPENG INC,22718468
2025-10-30,홍콩,KYG070341048,BAIDU INC CL A,22637928
2025-10-30,홍콩,KYG970081173,WUXI BIOLOGICS CAYMAN INC,21884243
2025-10-30,홍콩,HK0000516697,GLOBAL X CHINA BIOTECH ETF (HKD),20238218
2025-10-30,홍콩,HK0000562634,GLOBAL X CHINA CONSUMER BRAND ETF (HKD),18567463
2025-10-30,홍콩,HK0941009539,CHINA MOBILE LTD,17762787
2025-10-30,홍콩,HK0000516713,GLOBAL X CHINA CLOUD COMPUTING ETF (HKD),17585646
2025-10-30,홍콩,KYG3774X1088,GCL TECHNOLOGY HOLDINGS LTD,16911915
2025-10-30,홍콩,KYG4602S1057,HORIZONROBOT-W,16673415
2025-10-30,홍콩,KYG8208B1014,JD.COM INC CL A,16024600
2025-10-30,홍콩,HK0000562675,GLOBAL X CHINA CLEAN ENERGY ETF (HKD),15858820
2025-10-30,홍콩,KYG532631028,KUAISHOU TECHNOLOGY,15723486
2025-10-30,홍콩,HK0000642568,CSOP HANG SENG TECH INDEX ETF (HKD),14158193
2025-10-30,홍콩,CNE1000003G1,INDUSTRIAL AND COMMERCIAL BANK OF CHINA LTD-H,13886369
2025-10-30,홍콩,CNE1000002H1,CHINA CONSTRUCTION BANK CORP-H,12889012
2025-10-30,홍콩,HK1126010854,DREAM INTERNATIONAL LTD,12748375
2025-10-30,홍콩,HK0000637857,GLOBAL X CHINA ROBOTICS AND AI ETF (HKD),11644473
2025-10-30,홍콩,HK0001149431,Global X China C,11299773
2025-10-30,홍콩,HKX566362888,PING AN SECURITIE HKD0.01 HKD0.01 CHAN 009837742 BMG7115B1211,10841616
2025-10-30,홍콩,HK0000123577,CHINAAMC CSI 300 INDEX ETF HKD,10648816
2025-10-30,홍콩,HK0001200002,02259,10342100
2025-10-30,홍콩,HK0000218211,HUA HONG SEMICONDUCTOR LTD,9709060
2025-10-30,홍콩,CNE1000001Z5,BANK OF CHINA LTD-H,9194889
2025-10-30,홍콩,CNE1000003W8,PETROCHINA CO LTD-H,9046866
2025-10-30,홍콩,KYG7611S1075,ROBOSENSE,9024973
2025-10-31,홍콩,KYG875721634,TENCENT HOLDINGS LTD,251369724
2025-10-31,홍콩,KYG017191142,ALIBABA GROUP HOLDING LTD,228921900
2025-10-31,홍콩,KYG9830T1067,XIAOMI CORP,198610007
2025-10-31,홍콩,KYG8020E1199,SEMICONDUCTOR MANUFACTURING INTL CORP,174278494
2025-10-31,홍콩,CNE100006WS8,CATL ORD H,138293568
2025-10-31,홍콩,CNE100000296,BYD CO LTD-H,130251383
2025-10-31,홍콩,CNE1000031W9,GANFENGLITHIUM ORD H,114614611
2025-10-31,홍콩,CNE100005F09,TIANQI LITHIUM CORP,88324883
2025-10-31,홍콩,CNE100006CQ4,Ubtech Robotics Ord Shs H,76056197
2025-10-31,홍콩,CNE100000593,PICC PROPERTY AND CASUALTY CO LTD-H,58066396
2025-10-31,홍콩,HK0000562659,GLOBAL X CHINA ELECTRIC VEHICLE AND BATTERY ETF (HKD),55614202
2025-10-31,홍콩,HK0000637832,GLOBAL X CHINA SEMICONDUCTOR ETF (HKD),52026088
2025-10-31,홍콩,CNE100004YZ4,CTG DUTY-FREE,44207601
2025-10-31,홍콩,CNE100006Z79,SANHUA INTELLIGENT,37202660
2025-10-31,홍콩,HK0001025037,GLOBAL X US Treasury 3-5 Year ETF,31116096
2025-10-31,홍콩,KYG392AS1011,GLOBAL NEW MATERIAL INTL HOLDINGS LTD,30370651
2025-10-31,홍콩,KYG596691041,MEITUAN,29456034
2025-10-31,홍콩,HK0000748381,YESASIA HOLDINGS LTD,27705192
2025-10-31,홍콩,HK0000921236,A GX USD MM,26268876
2025-10-31,홍콩,CNE100006JG0,LAOPU GOLD,25901179
2025-10-31,홍콩,CNE1000003X6,PING AN INSURANCE GROUP CO OF CHINA LTD-H,24134603
2025-10-31,홍콩,KYG3777B1032,GEELY AUTOMOBILE HOLDINGS LTD,23419432
2025-10-31,홍콩,HK0000859063,SAMSUNG BLOCKCHAIN TECHNOLOGIES ETF,23137432
2025-10-31,홍콩,KYG982AW1003,XPENG INC,22377869
2025-10-31,홍콩,KYG7170M1033,POP MART INTL GROUP LTD,22312695
2025-10-31,홍콩,KYG070341048,BAIDU INC CL A,22131832
2025-10-31,홍콩,HK0000921228,Global X HANG SENG TECH ETF,22066867
2025-10-31,홍콩,KYG970081173,WUXI BIOLOGICS CAYMAN INC,21675712
2025-10-31,홍콩,HK0000516697,GLOBAL X CHINA BIOTECH ETF (HKD),20792270
2025-10-31,홍콩,HK0000562634,GLOBAL X CHINA CONSUMER BRAND ETF (HKD),18481996
2025-10-31,홍콩,HK0941009539,CHINA MOBILE LTD,17630412
2025-10-31,홍콩,HK0000516713,GLOBAL X CHINA CLOUD COMPUTING ETF (HKD),17445453
2025-10-31,홍콩,KYG4602S1057,HORIZONROBOT-W,17107894
2025-10-31,홍콩,KYG3774X1088,GCL TECHNOLOGY HOLDINGS LTD,16674165
2025-10-31,홍콩,KYG8208B1014,JD.COM INC CL A,15621831
2025-10-31,홍콩,HK0000562675,GLOBAL X CHINA CLEAN ENERGY ETF (HKD),15504488
2025-10-31,홍콩,KYG532631028,KUAISHOU TECHNOLOGY,15246934
2025-10-31,홍콩,HK0000642568,CSOP HANG SENG TECH INDEX ETF (HKD),13848027
2025-10-31,홍콩,CNE1000003G1,INDUSTRIAL AND COMMERCIAL BANK OF CHINA LTD-H,13821431
2025-10-31,홍콩,HK1126010854,DREAM INTERNATIONAL LTD,12632995
2025-10-31,홍콩,CNE1000002H1,CHINA CONSTRUCTION BANK CORP-H,12626534
2025-10-31,홍콩,CNE1000048K8,HAIER SMART HOME CO LTD-H MRGR 006942845 BMG423131256,11655182
2025-10-31,홍콩,HK0000637857,GLOBAL X CHINA ROBOTICS AND AI ETF (HKD),11468841
2025-10-31,홍콩,HK0001149431,Global X China C,10980386
2025-10-31,홍콩,HKX566362888,PING AN SECURITIE HKD0.01 HKD0.01 CHAN 009837742 BMG7115B1211,10842867
2025-10-31,홍콩,HK0001200002,02259,10235944
2025-10-31,홍콩,HK0000123577,CHINAAMC CSI 300 INDEX ETF HKD,10122574
2025-10-31,홍콩,CNE1000003W8,PETROCHINA CO LTD-H,9112931
2025-10-31,홍콩,HK0000218211,HUA HONG SEMICONDUCTOR LTD,9081290
2025-10-31,홍콩,CNE1000001Z5,BANK OF CHINA LTD-H,8844588
2025-11-03,홍콩,KYG875721634,TENCENT HOLDINGS LTD,251344453
2025-11-03,홍콩,KYG017191142,ALIBABA GROUP HOLDING LTD,227028230
2025-11-03,홍콩,KYG9830T1067,XIAOMI CORP,192452124
2025-11-03,홍콩,KYG8020E1199,SEMICONDUCTOR MANUFACTURING INTL CORP,171593283
2025-11-03,홍콩,CNE100006WS8,CATL ORD H,137289788
2025-11-03,홍콩,CNE100000296,BYD CO LTD-H,128385061
2025-11-03,홍콩,CNE1000031W9,GANFENGLITHIUM ORD H,112442827
2025-11-03,홍콩,CNE100005F09,TIANQI LITHIUM CORP,86235464
2025-11-03,홍콩,CNE100006CQ4,Ubtech Robotics Ord Shs H,76438381
2025-11-03,홍콩,CNE100000593,PICC PROPERTY AND CASUALTY CO LTD-H,59380143
2025-11-03,홍콩,HK0000562659,GLOBAL X CHINA ELECTRIC VEHICLE AND BATTERY ETF (HKD),54798209
2025-11-03,홍콩,HK0000637832,GLOBAL X CHINA SEMICONDUCTOR ETF (HKD),51477345
2025-11-03,홍콩,CNE100004YZ4,CTG DUTY-FREE,44699147
2025-11-03,홍콩,KYG392AS1011,GLOBAL NEW MATERIAL INTL HOLDINGS LTD,37485390
2025-11-03,홍콩,CNE100006Z79,SANHUA INTELLIGENT,35461228
2025-11-03,홍콩,HK0001025037,GLOBAL X US Treasury 3-5 Year ETF,31144350
2025-11-03,홍콩,KYG596691041,MEITUAN,30220829
2025-11-03,홍콩,HK0000748381,YESASIA HOLDINGS LTD,26676266
2025-11-03,홍콩,HK0000921236,A GX USD MM,26287420
2025-11-03,홍콩,CNE1000003X6,PING AN INSURANCE GROUP CO OF CHINA LTD-H,24728221
2025-11-03,홍콩,CNE100006JG0,LAOPU GOLD,24027013
2025-11-03,홍콩,HK0000859063,SAMSUNG BLOCKCHAIN TECHNOLOGIES ETF,22980143
2025-11-03,홍콩,KYG7170M1033,POP MART INTL GROUP LTD,22911808
2025-11-03,홍콩,KYG982AW1003,XPENG INC,22871202
2025-11-03,홍콩,KYG3777B1032,GEELY AUTOMOBILE HOLDINGS LTD,22785310
2025-11-03,홍콩,KYG070341048,BAIDU INC CL A,22107652
2025-11-03,홍콩,HK0000921228,Global X HANG SENG TECH ETF,22073479
2025-11-03,홍콩,HK0000516697,GLOBAL X CHINA BIOTECH ETF (HKD),20895044
2025-11-03,홍콩,HK0941009539,CHINA MOBILE LTD,18650295
2025-11-03,홍콩,HK0000562634,GLOBAL X CHINA CONSUMER BRAND ETF (HKD),17449639
2025-11-03,홍콩,HK0000516713,GLOBAL X CHINA CLOUD COMPUTING ETF (HKD),17439148
2025-11-03,홍콩,KYG4602S1057,HORIZONROBOT-W,16908480
2025-11-03,홍콩,KYG3774X1088,GCL TECHNOLOGY HOLDINGS LTD,16479110
2025-11-03,홍콩,KYG8208B1014,JD.COM INC CL A,15917294
2025-11-03,홍콩,KYG532631028,KUAISHOU TECHNOLOGY,15848955
2025-11-03,홍콩,HK0000562675,GLOBAL X CHINA CLEAN ENERGY ETF (HKD),15825639
2025-11-03,홍콩,CNE1000003G1,INDUSTRIAL AND COMMERCIAL BANK OF CHINA LTD-H,14959809
2025-11-03,홍콩,CNE1000002H1,CHINA CONSTRUCTION BANK CORP-H,14356687
2025-11-03,홍콩,KYG970081173,WUXI BIOLOGICS CAYMAN INC,14067022
2025-11-03,홍콩,HK0000642568,CSOP HANG SENG TECH INDEX ETF (HKD),13902508
2025-11-03,홍콩,HK1126010854,DREAM INTERNATIONAL LTD,12594446
2025-11-03,홍콩,HK0000637857,GLOBAL X CHINA ROBOTICS AND AI ETF (HKD),11432730
2025-11-03,홍콩,HK0001149431,Global X China C,11340973
2025-11-03,홍콩,HKX566362888,PING AN SECURITIE HKD0.01 HKD0.01 CHAN 009837742 BMG7115B1211,10841064
2025-11-03,홍콩,HK0000123577,CHINAAMC CSI 300 INDEX ETF HKD,10727597
2025-11-03,홍콩,CNE1000048K8,HAIER SMART HOME CO LTD-H MRGR 006942845 BMG423131256,10509837
2025-11-03,홍콩,HK0001205258,XL2CSOPHYNIX,10292745
2025-11-03,홍콩,HK0001200002,02259,10119084
2025-11-03,홍콩,CNE1000003W8,PETROCHINA CO LTD-H,9629379
2025-11-03,홍콩,CNE1000001Z5,BANK OF CHINA LTD-H,9567362
2025-11-04,홍콩,KYG875721634,TENCENT HOLDINGS LTD,251161428
2025-11-04,홍콩,KYG017191142,ALIBABA GROUP HOLDING LTD,218856073
2025-11-04,홍콩,KYG9830T1067,XIAOMI CORP,177772047
2025-11-04,홍콩,KYG8020E1199,SEMICONDUCTOR MANUFACTURING INTL CORP,168488331
2025-11-04,홍콩,CNE100006WS8,CATL ORD H,135475662
2025-11-04,홍콩,CNE100000296,BYD CO LTD-H,125336768
2025-11-04,홍콩,CNE1000031W9,GANFENGLITHIUM ORD H,105761296
2025-11-04,홍콩,CNE100005F09,TIANQI LITHIUM CORP,82185682
2025-11-04,홍콩,CNE100006CQ4,Ubtech Robotics Ord Shs H,73433524
2025-11-04,홍콩,HK0000637832,GLOBAL X CHINA SEMICONDUCTOR ETF (HKD),59426772
2025-11-04,홍콩,CNE100000593,PICC PROPERTY AND CASUALTY CO LTD-H,58121426
2025-11-04,홍콩,HK0000562659,GLOBAL X CHINA ELECTRIC VEHICLE AND BATTERY ETF (HKD),53349450
2025-11-04,홍콩,CNE100004YZ4,CTG DUTY-FREE,42512585
2025-11-04,홍콩,KYG392AS1011,GLOBAL NEW MATERIAL INTL HOLDINGS LTD,36629841
2025-11-04,홍콩,CNE100006Z79,SANHUA INTELLIGENT,33348164
2025-11-04,홍콩,HK0001025037,GLOBAL X US Treasury 3-5 Year ETF,31130780
2025-11-04,홍콩,KYG596691041,MEITUAN,29484185
2025-11-04,홍콩,HK0000921236,A GX USD MM,26283718
2025-11-04,홍콩,CNE1000003X6,PING AN INSURANCE GROUP CO OF CHINA LTD-H,24809328
2025-11-04,홍콩,HK0000748381,YESASIA HOLDINGS LTD,24579609
2025-11-04,홍콩,CNE100006JG0,LAOPU GOLD,23648706
2025-11-04,홍콩,KYG982AW1003,XPENG INC,23188020
2025-11-04,홍콩,HK0000859063,SAMSUNG BLOCKCHAIN TECHNOLOGIES ETF,23112278
2025-11-04,홍콩,KYG070341048,BAIDU INC CL A,22617995
2025-11-04,홍콩,KYG3777B1032,GEELY AUTOMOBILE HOLDINGS LTD,22487340
2025-11-04,홍콩,KYG7170M1033,POP MART INTL GROUP LTD,21771501
2025-11-04,홍콩,HK0000921228,Global X HANG SENG TECH ETF,21692509
2025-11-04,홍콩,HK0000516697,GLOBAL X CHINA BIOTECH ETF (HKD),20117246
2025-11-04,홍콩,HK0941009539,CHINA MOBILE LTD,18761412
2025-11-04,홍콩,HK0000562634,GLOBAL X CHINA CONSUMER BRAND ETF (HKD),17281062
2025-11-04,홍콩,HK0000516713,GLOBAL X CHINA CLOUD COMPUTING ETF (HKD),17181431
2025-11-04,홍콩,KYG3774X1088,GCL TECHNOLOGY HOLDINGS LTD,15887720
2025-11-04,홍콩,KYG970081173,WUXI BIOLOGICS CAYMAN INC,15811953
2025-11-04,홍콩,HK0000562675,GLOBAL X CHINA CLEAN ENERGY ETF (HKD),15444369
2025-11-04,홍콩,KYG8208B1014,JD.COM INC CL A,15388574
2025-11-04,홍콩,KYG532631028,KUAISHOU TECHNOLOGY,15348118
2025-11-04,홍콩,CNE1000003G1,INDUSTRIAL AND COMMERCIAL BANK OF CHINA LTD-H,15112950
2025-11-04,홍콩,KYG4602S1057,HORIZONROBOT-W,14592655
2025-11-04,홍콩,CNE1000002H1,CHINA CONSTRUCTION BANK CORP-H,14533692
2025-11-04,홍콩,HK0000642568,CSOP HANG SENG TECH INDEX ETF (HKD),13664163
2025-11-04,홍콩,HK1126010854,DREAM INTERNATIONAL LTD,12457911
2025-11-04,홍콩,HK0000637857,GLOBAL X CHINA ROBOTICS AND AI ETF (HKD),11139094
2025-11-04,홍콩,HK0001149431,Global X China C,11116014
2025-11-04,홍콩,HKX566362888,PING AN SECURITIE HKD0.01 HKD0.01 CHAN 009837742 BMG7115B1211,10839538
2025-11-04,홍콩,CNE1000048K8,HAIER SMART HOME CO LTD-H MRGR 006942845 BMG423131256,10650276
2025-11-04,홍콩,HK0000123577,CHINAAMC CSI 300 INDEX ETF HKD,10640211
2025-11-04,홍콩,HK0001200002,02259,9890150
2025-11-04,홍콩,CNE1000003W8,PETROCHINA CO LTD-H,9672336
2025-11-04,홍콩,CNE1000001Z5,BANK OF CHINA LTD-H,9584318
2025-11-04,홍콩,HK0001205258,XL2CSOPHYNIX,9556870
2025-11-05,홍콩,KYG875721634,TENCENT HOLDINGS LTD,250894443
2025-11-05,홍콩,KYG017191142,ALIBABA GROUP HOLDING LTD,217384824
2025-11-05,홍콩,KYG8020E1199,SEMICONDUCTOR MANUFACTURING INTL CORP,163790700
2025-11-05,홍콩,KYG9830T1067,XIAOMI CORP,151963116
2025-11-05,홍콩,CNE100006WS8,CATL ORD H,134847995
2025-11-05,홍콩,CNE100000296,BYD CO LTD-H,122782806
2025-11-05,홍콩,CNE1000031W9,GANFENGLITHIUM ORD H,106661069
2025-11-05,홍콩,CNE100005F09,TIANQI LITHIUM CORP,86017510
2025-11-05,홍콩,CNE100006CQ4,Ubtech Robotics Ord Shs H,74330543
2025-11-05,홍콩,HK0000637832,GLOBAL X CHINA SEMICONDUCTOR ETF (HKD),69612522
2025-11-05,홍콩,CNE100000593,PICC PROPERTY AND CASUALTY CO LTD-H,58520571
2025-11-05,홍콩,HK0000562659,GLOBAL X CHINA ELECTRIC VEHICLE AND BATTERY ETF (HKD),57754275
2025-11-05,홍콩,CNE100004YZ4,CTG DUTY-FREE,44207188
2025-11-05,홍콩,KYG392AS1011,GLOBAL NEW MATERIAL INTL HOLDINGS LTD,37214639
2025-11-05,홍콩,CNE100006Z79,SANHUA INTELLIGENT,33148241
2025-11-05,홍콩,HK0001025037,GLOBAL X US Treasury 3-5 Year ETF,31168726
2025-11-05,홍콩,KYG596691041,MEITUAN,29828766
2025-11-05,홍콩,HK0000921236,A GX USD MM,26279330
2025-11-05,홍콩,CNE1000076H5,09927,25282110
2025-11-05,홍콩,CNE1000003X6,PING AN INSURANCE GROUP CO OF CHINA LTD-H,24561639
2025-11-05,홍콩,CNE100006JG0,LAOPU GOLD,23945094
2025-11-05,홍콩,HK0000748381,YESASIA HOLDINGS LTD,23341989
2025-11-05,홍콩,KYG982AW1003,XPENG INC,22844205
2025-11-05,홍콩,HK0000859063,SAMSUNG BLOCKCHAIN TECHNOLOGIES ETF,22439672
2025-11-05,홍콩,KYG3777B1032,GEELY AUTOMOBILE HOLDINGS LTD,22380246
2025-11-05,홍콩,KYG070341048,BAIDU INC CL A,22378427
2025-11-05,홍콩,HK0000921228,Global X HANG SENG TECH ETF,22103006
2025-11-05,홍콩,HK0000642568,CSOP HANG SENG TECH INDEX ETF (HKD),20522906
2025-11-05,홍콩,KYG7170M1033,POP MART INTL GROUP LTD,20178429
2025-11-05,홍콩,HK0000516697,GLOBAL X CHINA BIOTECH ETF (HKD),20161435
2025-11-05,홍콩,HK0941009539,CHINA MOBILE LTD,18735455
2025-11-05,홍콩,HK0000562634,GLOBAL X CHINA CONSUMER BRAND ETF (HKD),17187087
2025-11-05,홍콩,HK0000516713,GLOBAL X CHINA CLOUD COMPUTING ETF (HKD),16859827
2025-11-05,홍콩,KYG3774X1088,GCL TECHNOLOGY HOLDINGS LTD,16184973
2025-11-05,홍콩,KYG970081173,WUXI BIOLOGICS CAYMAN INC,15861172
2025-11-05,홍콩,HK0000562675,GLOBAL X CHINA CLEAN ENERGY ETF (HKD),15838809
2025-11-05,홍콩,KYG8208B1014,JD.COM INC CL A,15300635
2025-11-05,홍콩,KYG532631028,KUAISHOU TECHNOLOGY,15280794
2025-11-05,홍콩,CNE1000003G1,INDUSTRIAL AND COMMERCIAL BANK OF CHINA LTD-H,15119476
2025-11-05,홍콩,CNE1000002H1,CHINA CONSTRUCTION BANK CORP-H,14472169
2025-11-05,홍콩,KYG4602S1057,HORIZONROBOT-W,14305209
2025-11-05,홍콩,HK1126010854,DREAM INTERNATIONAL LTD,12455259
2025-11-05,홍콩,CNE1000048K8,HAIER SMART HOME CO LTD-H MRGR 006942845 BMG423131256,12185400
2025-11-05,홍콩,HK0000637857,GLOBAL X CHINA ROBOTICS AND AI ETF (HKD),10978299
2025-11-05,홍콩,HK0001149431,Global X China C,10896970
2025-11-05,홍콩,HKX566362888,PING AN SECURITIE HKD0.01 HKD0.01 CHAN 009837742 BMG7115B1211,10837231
2025-11-05,홍콩,HK0000123577,CHINAAMC CSI 300 INDEX ETF HKD,10607922
2025-11-05,홍콩,HK0001205258,XL2CSOPHYNIX,10112800
2025-11-05,홍콩,HK0001200002,02259,9880259
2025-11-05,홍콩,CNE1000003W8,PETROCHINA CO LTD-H,9683596
2025-11-06,홍콩,KYG875721634,TENCENT HOLDINGS LTD,258237027
2025-11-06,홍콩,KYG017191142,ALIBABA GROUP HOLDING LTD,227985841
2025-11-06,홍콩,KYG8020E1199,SEMICONDUCTOR MANUFACTURING INTL CORP,176367144
2025-11-06,홍콩,KYG9830T1067,XIAOMI CORP,151851327
2025-11-06,홍콩,CNE100006WS8,CATL ORD H,136046587
2025-11-06,홍콩,CNE100000296,BYD CO LTD-H,126269170
2025-11-06,홍콩,CNE1000031W9,GANFENGLITHIUM ORD H,113219472
2025-11-06,홍콩,HK0000637832,GLOBAL X CHINA SEMICONDUCTOR ETF (HKD),97395719
2025-11-06,홍콩,CNE100005F09,TIANQI LITHIUM CORP,90451105
2025-11-06,홍콩,CNE100006CQ4,Ubtech Robotics Ord Shs H,74127030
2025-11-06,홍콩,CNE100000593,PICC PROPERTY AND CASUALTY CO LTD-H,60374019
2025-11-06,홍콩,HK0000562659,GLOBAL X CHINA ELECTRIC VEHICLE AND BATTERY ETF (HKD),58946598
2025-11-06,홍콩,CNE100004YZ4,CTG DUTY-FREE,44760160
2025-11-06,홍콩,KYG392AS1011,GLOBAL NEW MATERIAL INTL HOLDINGS LTD,36539453
2025-11-06,홍콩,CNE100006Z79,SANHUA INTELLIGENT,35568388
2025-11-06,홍콩,HK0001025037,GLOBAL X US Treasury 3-5 Year ETF,31075746
2025-11-06,홍콩,KYG596691041,MEITUAN,30434470
2025-11-06,홍콩,HK0000921236,A GX USD MM,26277026
2025-11-06,홍콩,CNE1000003X6,PING AN INSURANCE GROUP CO OF CHINA LTD-H,25336719
2025-11-06,홍콩,CNE1000076H5,09927,23818850
2025-11-06,홍콩,HK0000748381,YESASIA HOLDINGS LTD,23582672
2025-11-06,홍콩,KYG070341048,BAIDU INC CL A,23389359
2025-11-06,홍콩,CNE100006JG0,LAOPU GOLD,23379763
2025-11-06,홍콩,KYG982AW1003,XPENG INC,23311430
2025-11-06,홍콩,KYG3777B1032,GEELY AUTOMOBILE HOLDINGS LTD,22814358
2025-11-06,홍콩,HK0000921228,Global X HANG SENG TECH ETF,22801898
2025-11-06,홍콩,HK0000859063,SAMSUNG BLOCKCHAIN TECHNOLOGIES ETF,22690321
2025-11-06,홍콩,HK0000642568,CSOP HANG SENG TECH INDEX ETF (HKD),21073249
2025-11-06,홍콩,HK0000516697,GLOBAL X CHINA BIOTECH ETF (HKD),20271153
2025-11-06,홍콩,KYG7170M1033,POP MART INTL GROUP LTD,19388866
2025-11-06,홍콩,HK0941009539,CHINA MOBILE LTD,18847518
2025-11-06,홍콩,HK0000562634,GLOBAL X CHINA CONSUMER BRAND ETF (HKD),17189761
2025-11-06,홍콩,HK0000516713,GLOBAL X CHINA CLOUD COMPUTING ETF (HKD),17082703
2025-11-06,홍콩,KYG3774X1088,GCL TECHNOLOGY HOLDINGS LTD,16260857
2025-11-06,홍콩,HK0000562675,GLOBAL X CHINA CLEAN ENERGY ETF (HKD),16157976
2025-11-06,홍콩,KYG970081173,WUXI BIOLOGICS CAYMAN INC,15803323
2025-11-06,홍콩,KYG8208B1014,JD.COM INC CL A,15742297
2025-11-06,홍콩,KYG532631028,KUAISHOU TECHNOLOGY,15684941
2025-11-06,홍콩,CNE1000003G1,INDUSTRIAL AND COMMERCIAL BANK OF CHINA LTD-H,15283576
2025-11-06,홍콩,KYG4602S1057,HORIZONROBOT-W,14798606
2025-11-06,홍콩,CNE1000002H1,CHINA CONSTRUCTION BANK CORP-H,14728473
2025-11-06,홍콩,HK0001205258,XL2CSOPHYNIX,12741285
2025-11-06,홍콩,CNE1000048K8,HAIER SMART HOME CO LTD-H MRGR 006942845 BMG423131256,12436983
2025-11-06,홍콩,HK1126010854,DREAM INTERNATIONAL LTD,12116867
2025-11-06,홍콩,HK0001149431,Global X China C,11093310
2025-11-06,홍콩,HK0000637857,GLOBAL X CHINA ROBOTICS AND AI ETF (HKD),11085877
2025-11-06,홍콩,HKX566362888,PING AN SECURITIE HKD0.01 HKD0.01 CHAN 009837742 BMG7115B1211,10836281
2025-11-06,홍콩,HK0000123577,CHINAAMC CSI 300 INDEX ETF HKD,10833167
2025-11-06,홍콩,HK0001200002,02259,10735763
2025-11-06,홍콩,CNE1000003W8,PETROCHINA CO LTD-H,9810899
2025-11-07,홍콩,KYG875721634,TENCENT HOLDINGS LTD,254711713
2025-11-07,홍콩,KYG017191142,ALIBABA GROUP HOLDING LTD,220128244
2025-11-07,홍콩,KYG8020E1199,SEMICONDUCTOR MANUFACTURING INTL CORP,170440807
2025-11-07,홍콩,KYG9830T1067,XIAOMI CORP,145313276
2025-11-07,홍콩,CNE100006WS8,CATL ORD H,134736252
2025-11-07,홍콩,CNE100000296,BYD CO LTD-H,126738699
2025-11-07,홍콩,CNE1000031W9,GANFENGLITHIUM ORD H,117406690
2025-11-07,홍콩,CNE100005F09,TIANQI LITHIUM CORP,97226690
2025-11-07,홍콩,HK0000637832,GLOBAL X CHINA SEMICONDUCTOR ETF (HKD),96028175
2025-11-07,홍콩,CNE100006CQ4,Ubtech Robotics Ord Shs H,71335354
2025-11-07,홍콩,CNE100000593,PICC PROPERTY AND CASUALTY CO LTD-H,61076846
2025-11-07,홍콩,HK0000562659,GLOBAL X CHINA ELECTRIC VEHICLE AND BATTERY ETF (HKD),54568708
2025-11-07,홍콩,CNE100004YZ4,CTG DUTY-FREE,46716549
2025-11-07,홍콩,KYG392AS1011,GLOBAL NEW MATERIAL INTL HOLDINGS LTD,40727942
2025-11-07,홍콩,CNE100006Z79,SANHUA INTELLIGENT,34691568
2025-11-07,홍콩,HK0001025037,GLOBAL X US Treasury 3-5 Year ETF,31115275
2025-11-07,홍콩,KYG596691041,MEITUAN,29762052
2025-11-07,홍콩,HK0000921236,A GX USD MM,26284849
2025-11-07,홍콩,KYG070341048,BAIDU INC CL A,25709336
2025-11-07,홍콩,CNE1000003X6,PING AN INSURANCE GROUP CO OF CHINA LTD-H,25351009
2025-11-07,홍콩,HK0000748381,YESASIA HOLDINGS LTD,23486560
2025-11-07,홍콩,CNE100006JG0,LAOPU GOLD,22687923
2025-11-07,홍콩,KYG3777B1032,GEELY AUTOMOBILE HOLDINGS LTD,22538716
2025-11-07,홍콩,HK0000921228,Global X HANG SENG TECH ETF,22486644
2025-11-07,홍콩,KYG982AW1003,XPENG INC,22385947
2025-11-07,홍콩,HK0000859063,SAMSUNG BLOCKCHAIN TECHNOLOGIES ETF,22055231
2025-11-07,홍콩,HK0000642568,CSOP HANG SENG TECH INDEX ETF (HKD),20606834
2025-11-07,홍콩,HK0000516697,GLOBAL X CHINA BIOTECH ETF (HKD),19885734
2025-11-07,홍콩,CNE1000076H5,09927,18979950
2025-11-07,홍콩,HK0941009539,CHINA MOBILE LTD,18850089
2025-11-07,홍콩,HK0000562634,GLOBAL X CHINA CONSUMER BRAND ETF (HKD),17001748
2025-11-07,홍콩,KYG3774X1088,GCL TECHNOLOGY HOLDINGS LTD,16883864
2025-11-07,홍콩,HK0000516713,GLOBAL X CHINA CLOUD COMPUTING ETF (HKD),16700521
2025-11-07,홍콩,HK0000562675,GLOBAL X CHINA CLEAN ENERGY ETF (HKD),16184466
2025-11-07,홍콩,KYG7170M1033,POP MART INTL GROUP LTD,16154162
2025-11-07,홍콩,KYG8208B1014,JD.COM INC CL A,15374615
2025-11-07,홍콩,CNE1000003G1,INDUSTRIAL AND COMMERCIAL BANK OF CHINA LTD-H,15341761
2025-11-07,홍콩,KYG970081173,WUXI BIOLOGICS CAYMAN INC,15276075
2025-11-07,홍콩,HK0001205258,XL2CSOPHYNIX,14872372
2025-11-07,홍콩,KYG532631028,KUAISHOU TECHNOLOGY,14787554
2025-11-07,홍콩,CNE1000002H1,CHINA CONSTRUCTION BANK CORP-H,14773436
2025-11-07,홍콩,KYG4602S1057,HORIZONROBOT-W,14308286
2025-11-07,홍콩,CNE1000048K8,HAIER SMART HOME CO LTD-H MRGR 006942845 BMG423131256,12411605
2025-11-07,홍콩,HK0001149431,Global X China C,11241624
2025-11-07,홍콩,HKX566362888,PING AN SECURITIE HKD0.01 HKD0.01 CHAN 009837742 BMG7115B1211,10834537
2025-11-07,홍콩,HK0001200002,02259,10819658
2025-11-07,홍콩,HK1126010854,DREAM INTERNATIONAL LTD,10688107
2025-11-07,홍콩,HK0000637857,GLOBAL X CHINA ROBOTICS AND AI ETF (HKD),10394057
2025-11-07,홍콩,CNE1000003W8,PETROCHINA CO LTD-H,9965048
2025-11-07,홍콩,HK0000123577,CHINAAMC CSI 300 INDEX ETF HKD,9949912
2025-11-10,홍콩,KYG875721634,TENCENT HOLDINGS LTD,261855897
2025-11-10,홍콩,KYG017191142,ALIBABA GROUP HOLDING LTD,223367730
2025-11-10,홍콩,KYG8020E1199,SEMICONDUCTOR MANUFACTURING INTL CORP,171718678
2025-11-10,홍콩,KYG9830T1067,XIAOMI CORP,146188276
2025-11-10,홍콩,CNE100000296,BYD CO LTD-H,132257063
2025-11-10,홍콩,CNE100006WS8,CATL ORD H,129612585
2025-11-10,홍콩,CNE1000031W9,GANFENGLITHIUM ORD H,120480588
2025-11-10,홍콩,CNE100005F09,TIANQI LITHIUM CORP,100170749
2025-11-10,홍콩,HK0000637832,GLOBAL X CHINA SEMICONDUCTOR ETF (HKD),96761781
2025-11-10,홍콩,CNE100006CQ4,Ubtech Robotics Ord Shs H,73453899
2025-11-10,홍콩,CNE100000593,PICC PROPERTY AND CASUALTY CO LTD-H,60669409
2025-11-10,홍콩,CNE100004YZ4,CTG DUTY-FREE,53870032
2025-11-10,홍콩,HK0000562659,GLOBAL X CHINA ELECTRIC VEHICLE AND BATTERY ETF (HKD),53700674
2025-11-10,홍콩,KYG392AS1011,GLOBAL NEW MATERIAL INTL HOLDINGS LTD,42424034
2025-11-10,홍콩,CNE100006Z79,SANHUA INTELLIGENT,33491460
2025-11-10,홍콩,HK0001025037,GLOBAL X US Treasury 3-5 Year ETF,31163730
2025-11-10,홍콩,KYG596691041,MEITUAN,30572442
2025-11-10,홍콩,KYG070341048,BAIDU INC CL A,28415164
2025-11-10,홍콩,HK0000921236,A GX USD MM,26280593
2025-11-10,홍콩,CNE1000003X6,PING AN INSURANCE GROUP CO OF CHINA LTD-H,26205743
2025-11-10,홍콩,HK0000748381,YESASIA HOLDINGS LTD,24003272
2025-11-10,홍콩,CNE100006JG0,LAOPU GOLD,23863899
2025-11-10,홍콩,KYG3777B1032,GEELY AUTOMOBILE HOLDINGS LTD,22889760
2025-11-10,홍콩,KYG982AW1003,XPENG INC,22743082
2025-11-10,홍콩,HK0000921228,Global X HANG SENG TECH ETF,22651587
2025-11-10,홍콩,HK0000859063,SAMSUNG BLOCKCHAIN TECHNOLOGIES ETF,22367329
2025-11-10,홍콩,HK0000642568,CSOP HANG SENG TECH INDEX ETF (HKD),20815536
2025-11-10,홍콩,HK0000516697,GLOBAL X CHINA BIOTECH ETF (HKD),19900762
2025-11-10,홍콩,HK0941009539,CHINA MOBILE LTD,19416611
2025-11-10,홍콩,CNE1000076H5,09927,19243219
2025-11-10,홍콩,HK0000562634,GLOBAL X CHINA CONSUMER BRAND ETF (HKD),17429295
2025-11-10,홍콩,HK0001205258,XL2CSOPHYNIX,17289592
2025-11-10,홍콩,KYG7170M1033,POP MART INTL GROUP LTD,16931194
2025-11-10,홍콩,HK0000516713,GLOBAL X CHINA CLOUD COMPUTING ETF (HKD),16924559
2025-11-10,홍콩,KYG3774X1088,GCL TECHNOLOGY HOLDINGS LTD,16704777
2025-11-10,홍콩,CNE1000003G1,INDUSTRIAL AND COMMERCIAL BANK OF CHINA LTD-H,16057908
2025-11-10,홍콩,HK0000562675,GLOBAL X CHINA CLEAN ENERGY ETF (HKD),16047885
2025-11-10,홍콩,CNE1000002H1,CHINA CONSTRUCTION BANK CORP-H,15774865
2025-11-10,홍콩,KYG8208B1014,JD.COM INC CL A,15605514
2025-11-10,홍콩,KYG532631028,KUAISHOU TECHNOLOGY,15331855
2025-11-10,홍콩,KYG4602S1057,HORIZONROBOT-W,14232592
2025-11-10,홍콩,KYG970081173,WUXI BIOLOGICS CAYMAN INC,13383186
2025-11-10,홍콩,CNE1000048K8,HAIER SMART HOME CO LTD-H MRGR 006942845 BMG423131256,12683603
2025-11-10,홍콩,HK1126010854,DREAM INTERNATIONAL LTD,11531070
2025-11-10,홍콩,HK0001149431,Global X China C,11337791
2025-11-10,홍콩,HK0001200002,02259,11174833
2025-11-10,홍콩,HKX566362888,PING AN SECURITIE HKD0.01 HKD0.01 CHAN 009837742 BMG7115B1211,10832783
2025-11-10,홍콩,CNE1000003W8,PETROCHINA CO LTD-H,10476904
2025-11-10,홍콩,HK0000637857,GLOBAL X CHINA ROBOTICS AND AI ETF (HKD),10400542
2025-11-10,홍콩,CNE1000001Z5,BANK OF CHINA LTD-H,10061299
2025-11-11,홍콩,KYG875721634,TENCENT HOLDINGS LTD,262453098
2025-11-11,홍콩,KYG017191142,ALIBABA GROUP HOLDING LTD,219564061
2025-11-11,홍콩,KYG8020E1199,SEMICONDUCTOR MANUFACTURING INTL CORP,168711849
2025-11-11,홍콩,KYG9830T1067,XIAOMI CORP,145773101
2025-11-11,홍콩,CNE100000296,BYD CO LTD-H,134723244
2025-11-11,홍콩,CNE100006WS8,CATL ORD H,128588981
2025-11-11,홍콩,CNE1000031W9,GANFENGLITHIUM ORD H,121464985
2025-11-11,홍콩,CNE100005F09,TIANQI LITHIUM CORP,95769959
2025-11-11,홍콩,HK0000637832,GLOBAL X CHINA SEMICONDUCTOR ETF (HKD),95503294
2025-11-11,홍콩,CNE100006CQ4,Ubtech Robotics Ord Shs H,73896000
2025-11-11,홍콩,CNE100000593,PICC PROPERTY AND CASUALTY CO LTD-H,56190593
2025-11-11,홍콩,HK0000562659,GLOBAL X CHINA ELECTRIC VEHICLE AND BATTERY ETF (HKD),53490887
2025-11-11,홍콩,CNE100004YZ4,CTG DUTY-FREE,53239314
2025-11-11,홍콩,KYG392AS1011,GLOBAL NEW MATERIAL INTL HOLDINGS LTD,43414747
2025-11-11,홍콩,CNE100006Z79,SANHUA INTELLIGENT,33111936
2025-11-11,홍콩,HK0001025037,GLOBAL X US Treasury 3-5 Year ETF,31366118
2025-11-11,홍콩,KYG596691041,MEITUAN,30456758
2025-11-11,홍콩,KYG070341048,BAIDU INC CL A,29363870
2025-11-11,홍콩,KYG982AW1003,XPENG INC,27557655
2025-11-11,홍콩,CNE1000003X6,PING AN INSURANCE GROUP CO OF CHINA LTD-H,26590524
2025-11-11,홍콩,HK0000921236,A GX USD MM,26291641
2025-11-11,홍콩,CNE100006JG0,LAOPU GOLD,24413559
2025-11-11,홍콩,KYG3777B1032,GEELY AUTOMOBILE HOLDINGS LTD,23330294
2025-11-11,홍콩,HK0000921228,Global X HANG SENG TECH ETF,22658483
2025-11-11,홍콩,HK0000748381,YESASIA HOLDINGS LTD,22374781
2025-11-11,홍콩,HK0000859063,SAMSUNG BLOCKCHAIN TECHNOLOGIES ETF,22078976
2025-11-11,홍콩,HK0000642568,CSOP HANG SENG TECH INDEX ETF (HKD),20796535
2025-11-11,홍콩,HK0941009539,CHINA MOBILE LTD,19966709
2025-11-11,홍콩,HK0000516697,GLOBAL X CHINA BIOTECH ETF (HKD),19249594
2025-11-11,홍콩,CNE1000076H5,09927,18320134
2025-11-11,홍콩,HK0000562634,GLOBAL X CHINA CONSUMER BRAND ETF (HKD),17495350
2025-11-11,홍콩,HK0001205258,XL2CSOPHYNIX,17483026
2025-11-11,홍콩,HK0000516713,GLOBAL X CHINA CLOUD COMPUTING ETF (HKD),16727444
2025-11-11,홍콩,CNE1000003G1,INDUSTRIAL AND COMMERCIAL BANK OF CHINA LTD-H,16547483
2025-11-11,홍콩,CNE1000002H1,CHINA CONSTRUCTION BANK CORP-H,16499443
2025-11-11,홍콩,HK0000562675,GLOBAL X CHINA CLEAN ENERGY ETF (HKD),15982315
2025-11-11,홍콩,KYG3774X1088,GCL TECHNOLOGY HOLDINGS LTD,15979155
2025-11-11,홍콩,KYG8208B1014,JD.COM INC CL A,15605890
2025-11-11,홍콩,KYG532631028,KUAISHOU TECHNOLOGY,15422707
2025-11-11,홍콩,KYG7170M1033,POP MART INTL GROUP LTD,15140844
2025-11-11,홍콩,KYG4602S1057,HORIZONROBOT-W,14255110
2025-11-11,홍콩,KYG970081173,WUXI BIOLOGICS CAYMAN INC,13135120
2025-11-11,홍콩,CNE1000048K8,HAIER SMART HOME CO LTD-H MRGR 006942845 BMG423131256,12511218
2025-11-11,홍콩,HK0001149431,Global X China C,11234092
2025-11-11,홍콩,HK0001200002,02259,11179531
2025-11-11,홍콩,HK1126010854,DREAM INTERNATIONAL LTD,11138067
2025-11-11,홍콩,HKX566362888,PING AN SECURITIE HKD0.01 HKD0.01 CHAN 009837742 BMG7115B1211,10837336
2025-11-11,홍콩,CNE1000003W8,PETROCHINA CO LTD-H,10682441
2025-11-11,홍콩,CNE1000001Z5,BANK OF CHINA LTD-H,10427817
2025-11-11,홍콩,HK0000637857,GLOBAL X CHINA ROBOTICS AND AI ETF (HKD),10333458
2025-11-12,홍콩,KYG875721634,TENCENT HOLDINGS LTD,265073701
2025-11-12,홍콩,KYG017191142,ALIBABA GROUP HOLDING LTD,216546805
2025-11-12,홍콩,KYG8020E1199,SEMICONDUCTOR MANUFACTURING INTL CORP,161135395
2025-11-12,홍콩,KYG9830T1067,XIAOMI CORP,148195681
2025-11-12,홍콩,CNE100000296,BYD CO LTD-H,133754088
2025-11-12,홍콩,CNE100006WS8,CATL ORD H,130871801
2025-11-12,홍콩,CNE1000031W9,GANFENGLITHIUM ORD H,118918521
2025-11-12,홍콩,HK0000637832,GLOBAL X CHINA SEMICONDUCTOR ETF (HKD),97686987
2025-11-12,홍콩,CNE100005F09,TIANQI LITHIUM CORP,95289338
2025-11-12,홍콩,CNE100006CQ4,Ubtech Robotics Ord Shs H,72288157
2025-11-12,홍콩,CNE100000593,PICC PROPERTY AND CASUALTY CO LTD-H,57871917
2025-11-12,홍콩,HK0000562659,GLOBAL X CHINA ELECTRIC VEHICLE AND BATTERY ETF (HKD),53057329
2025-11-12,홍콩,CNE100004YZ4,CTG DUTY-FREE,52058779
2025-11-12,홍콩,KYG392AS1011,GLOBAL NEW MATERIAL INTL HOLDINGS LTD,44136034
2025-11-12,홍콩,CNE100006Z79,SANHUA INTELLIGENT,32863029
2025-11-12,홍콩,HK0001025037,GLOBAL X US Treasury 3-5 Year ETF,31218184
2025-11-12,홍콩,KYG596691041,MEITUAN,30949540
2025-11-12,홍콩,KYG070341048,BAIDU INC CL A,28877260
2025-11-12,홍콩,CNE1000003X6,PING AN INSURANCE GROUP CO OF CHINA LTD-H,26999433
2025-11-12,홍콩,KYG982AW1003,XPENG INC,26814287
2025-11-12,홍콩,HK0000921236,A GX USD MM,26322454
2025-11-12,홍콩,CNE100006JG0,LAOPU GOLD,24531454
2025-11-12,홍콩,HK0000921228,Global X HANG SENG TECH ETF,23285440
2025-11-12,홍콩,KYG3777B1032,GEELY AUTOMOBILE HOLDINGS LTD,22647562
2025-11-12,홍콩,HK0000748381,YESASIA HOLDINGS LTD,22207728
2025-11-12,홍콩,HK0000859063,SAMSUNG BLOCKCHAIN TECHNOLOGIES ETF,21768719
2025-11-12,홍콩,HK0000642568,CSOP HANG SENG TECH INDEX ETF (HKD),20844127
2025-11-12,홍콩,HK0001205258,XL2CSOPHYNIX,20206406
2025-11-12,홍콩,HK0941009539,CHINA MOBILE LTD,20062212
2025-11-12,홍콩,HK0000516697,GLOBAL X CHINA BIOTECH ETF (HKD),19843354
2025-11-12,홍콩,CNE1000076H5,09927,19241041
2025-11-12,홍콩,HK0000562634,GLOBAL X CHINA CONSUMER BRAND ETF (HKD),17605219
2025-11-12,홍콩,CNE1000003G1,INDUSTRIAL AND COMMERCIAL BANK OF CHINA LTD-H,16780382
2025-11-12,홍콩,CNE1000002H1,CHINA CONSTRUCTION BANK CORP-H,16643413
2025-11-12,홍콩,HK0000516713,GLOBAL X CHINA CLOUD COMPUTING ETF (HKD),16046830
2025-11-12,홍콩,KYG8208B1014,JD.COM INC CL A,15818757
2025-11-12,홍콩,KYG532631028,KUAISHOU TECHNOLOGY,15493450
2025-11-12,홍콩,HK0000562675,GLOBAL X CHINA CLEAN ENERGY ETF (HKD),15356317
2025-11-12,홍콩,KYG7170M1033,POP MART INTL GROUP LTD,15012494
2025-11-12,홍콩,KYG3774X1088,GCL TECHNOLOGY HOLDINGS LTD,14837095
2025-11-12,홍콩,KYG4602S1057,HORIZONROBOT-W,14217674
2025-11-12,홍콩,KYG970081173,WUXI BIOLOGICS CAYMAN INC,13155851
2025-11-12,홍콩,CNE1000048K8,HAIER SMART HOME CO LTD-H MRGR 006942845 BMG423131256,12900355
2025-11-12,홍콩,HK0001149431,Global X China C,11323667
2025-11-12,홍콩,CNE1000003W8,PETROCHINA CO LTD-H,10955352
2025-11-12,홍콩,HK1126010854,DREAM INTERNATIONAL LTD,10907719
2025-11-12,홍콩,HK0001200002,02259,10900626
2025-11-12,홍콩,HKX566362888,PING AN SECURITIE HKD0.01 HKD0.01 CHAN 009837742 BMG7115B1211,10840097
2025-11-12,홍콩,CNE1000001Z5,BANK OF CHINA LTD-H,10530116
2025-11-12,홍콩,HK0000637857,GLOBAL X CHINA ROBOTICS AND AI ETF (HKD),10281787
2025-11-13,홍콩,KYG875721634,TENCENT HOLDINGS LTD,264772160
2025-11-13,홍콩,KYG017191142,ALIBABA GROUP HOLDING LTD,222566141
2025-11-13,홍콩,KYG8020E1199,SEMICONDUCTOR MANUFACTURING INTL CORP,166213169
2025-11-13,홍콩,KYG9830T1067,XIAOMI CORP,147369028
2025-11-13,홍콩,CNE100000296,BYD CO LTD-H,136051676
2025-11-13,홍콩,CNE100006WS8,CATL ORD H,135157707
2025-11-13,홍콩,CNE1000031W9,GANFENGLITHIUM ORD H,133288626
2025-11-13,홍콩,CNE100005F09,TIANQI LITHIUM CORP,105022900
2025-11-13,홍콩,HK0000637832,GLOBAL X CHINA SEMICONDUCTOR ETF (HKD),96964630
2025-11-13,홍콩,CNE100006CQ4,Ubtech Robotics Ord Shs H,73049637
2025-11-13,홍콩,CNE100000593,PICC PROPERTY AND CASUALTY CO LTD-H,57309700
2025-11-13,홍콩,HK0000562659,GLOBAL X CHINA ELECTRIC VEHICLE AND BATTERY ETF (HKD),55120754
2025-11-13,홍콩,CNE100004YZ4,CTG DUTY-FREE,52935961
2025-11-13,홍콩,KYG392AS1011,GLOBAL NEW MATERIAL INTL HOLDINGS LTD,44434894
2025-11-13,홍콩,CNE100006Z79,SANHUA INTELLIGENT,33037720
2025-11-13,홍콩,HK0001025037,GLOBAL X US Treasury 3-5 Year ETF,31122875
2025-11-13,홍콩,KYG596691041,MEITUAN,30953988
2025-11-13,홍콩,KYG070341048,BAIDU INC CL A,28783297
2025-11-13,홍콩,CNE1000003X6,PING AN INSURANCE GROUP CO OF CHINA LTD-H,27264069
2025-11-13,홍콩,HK0000921236,A GX USD MM,26349119
2025-11-13,홍콩,KYG982AW1003,XPENG INC,25327317
2025-11-13,홍콩,CNE100006JG0,LAOPU GOLD,25073646
2025-11-13,홍콩,HK0000921228,Global X HANG SENG TECH ETF,22891294
2025-11-13,홍콩,KYG3777B1032,GEELY AUTOMOBILE HOLDINGS LTD,22729458
2025-11-13,홍콩,HK0000748381,YESASIA HOLDINGS LTD,21983241
2025-11-13,홍콩,HK0000859063,SAMSUNG BLOCKCHAIN TECHNOLOGIES ETF,21509070
2025-11-13,홍콩,HK0000642568,CSOP HANG SENG TECH INDEX ETF (HKD),21017850
2025-11-13,홍콩,HK0000516697,GLOBAL X CHINA BIOTECH ETF (HKD),20483297
2025-11-13,홍콩,HK0001205258,XL2CSOPHYNIX,20270690
2025-11-13,홍콩,CNE1000076H5,09927,19925984
2025-11-13,홍콩,HK0941009539,CHINA MOBILE LTD,19836366
2025-11-13,홍콩,HK0000562634,GLOBAL X CHINA CONSUMER BRAND ETF (HKD),17613252
2025-11-13,홍콩,CNE1000003G1,INDUSTRIAL AND COMMERCIAL BANK OF CHINA LTD-H,16701212
2025-11-13,홍콩,HK0000516713,GLOBAL X CHINA CLOUD COMPUTING ETF (HKD),16688764
2025-11-13,홍콩,CNE1000002H1,CHINA CONSTRUCTION BANK CORP-H,16680478
2025-11-13,홍콩,KYG8208B1014,JD.COM INC CL A,15814964
2025-11-13,홍콩,HK0000562675,GLOBAL X CHINA CLEAN ENERGY ETF (HKD),15590344
2025-11-13,홍콩,KYG532631028,KUAISHOU TECHNOLOGY,15372856
2025-11-13,홍콩,KYG7170M1033,POP MART INTL GROUP LTD,14984522
2025-11-13,홍콩,KYG3774X1088,GCL TECHNOLOGY HOLDINGS LTD,14947863
2025-11-13,홍콩,KYG4602S1057,HORIZONROBOT-W,14421804
2025-11-13,홍콩,KYG970081173,WUXI BIOLOGICS CAYMAN INC,13516765
2025-11-13,홍콩,CNE1000048K8,HAIER SMART HOME CO LTD-H MRGR 006942845 BMG423131256,12924348
2025-11-13,홍콩,HK0001149431,Global X China C,11506831
2025-11-13,홍콩,HK1126010854,DREAM INTERNATIONAL LTD,11304636
2025-11-13,홍콩,HK0001200002,02259,11133112
2025-11-13,홍콩,CNE1000003W8,PETROCHINA CO LTD-H,10867348
2025-11-13,홍콩,HKX566362888,PING AN SECURITIE HKD0.01 HKD0.01 CHAN 009837742 BMG7115B1211,10841146
2025-11-13,홍콩,CNE1000001Z5,BANK OF CHINA LTD-H,10636463
2025-11-13,홍콩,CNE1000002L3,CHINA LIFE INSURANCE CO LTD-H,10274915
2025-11-14,홍콩,KYG875721634,TENCENT HOLDINGS LTD,258427622
2025-11-14,홍콩,KYG017191142,ALIBABA GROUP HOLDING LTD,212213433
2025-11-14,홍콩,KYG8020E1199,SEMICONDUCTOR MANUFACTURING INTL CORP,161562032
2025-11-14,홍콩,KYG9830T1067,XIAOMI CORP,145519414
2025-11-14,홍콩,CNE100000296,BYD CO LTD-H,131523222
2025-11-14,홍콩,CNE100006WS8,CATL ORD H,129279317
2025-11-14,홍콩,CNE1000031W9,GANFENGLITHIUM ORD H,128120815
2025-11-14,홍콩,CNE100005F09,TIANQI LITHIUM CORP,99935054
2025-11-14,홍콩,HK0000637832,GLOBAL X CHINA SEMICONDUCTOR ETF (HKD),93317555
2025-11-14,홍콩,CNE100006CQ4,Ubtech Robotics Ord Shs H,71119871
2025-11-14,홍콩,CNE100000593,PICC PROPERTY AND CASUALTY CO LTD-H,55836454
2025-11-14,홍콩,HK0000562659,GLOBAL X CHINA ELECTRIC VEHICLE AND BATTERY ETF (HKD),53663967
2025-11-14,홍콩,CNE100004YZ4,CTG DUTY-FREE,51691643
2025-11-14,홍콩,KYG392AS1011,GLOBAL NEW MATERIAL INTL HOLDINGS LTD,41575967
2025-11-14,홍콩,HK0001025037,GLOBAL X US Treasury 3-5 Year ETF,31151547
2025-11-14,홍콩,CNE100006Z79,SANHUA INTELLIGENT,31124998
2025-11-14,홍콩,KYG596691041,MEITUAN,30281318
2025-11-14,홍콩,CNE1000003X6,PING AN INSURANCE GROUP CO OF CHINA LTD-H,26805939
2025-11-14,홍콩,HK0000921236,A GX USD MM,26350663
2025-11-14,홍콩,KYG070341048,BAIDU INC CL A,25038898
2025-11-14,홍콩,CNE100006JG0,LAOPU GOLD,24719712
2025-11-14,홍콩,KYG982AW1003,XPENG INC,23798526
2025-11-14,홍콩,HK0000748381,YESASIA HOLDINGS LTD,22411647
2025-11-14,홍콩,KYG3777B1032,GEELY AUTOMOBILE HOLDINGS LTD,22403845
2025-11-14,홍콩,HK0000921228,Global X HANG SENG TECH ETF,22312962
2025-11-14,홍콩,HK0000642568,CSOP HANG SENG TECH INDEX ETF (HKD),20498065
2025-11-14,홍콩,HK0000516697,GLOBAL X CHINA BIOTECH ETF (HKD),20375399
2025-11-14,홍콩,HK0000859063,SAMSUNG BLOCKCHAIN TECHNOLOGIES ETF,20093158
2025-11-14,홍콩,CNE1000076H5,09927,20043782
2025-11-14,홍콩,HK0941009539,CHINA MOBILE LTD,19741604
2025-11-14,홍콩,HK0001205258,XL2CSOPHYNIX,17521540
2025-11-14,홍콩,HK0000562634,GLOBAL X CHINA CONSUMER BRAND ETF (HKD),17267709
2025-11-14,홍콩,CNE1000003G1,INDUSTRIAL AND COMMERCIAL BANK OF CHINA LTD-H,16891781
2025-11-14,홍콩,CNE1000002H1,CHINA CONSTRUCTION BANK CORP-H,16543381
2025-11-14,홍콩,HK0000516713,GLOBAL X CHINA CLOUD COMPUTING ETF (HKD),16202463
2025-11-14,홍콩,HK0000562675,GLOBAL X CHINA CLEAN ENERGY ETF (HKD),15324415
2025-11-14,홍콩,KYG532631028,KUAISHOU TECHNOLOGY,14942343
2025-11-14,홍콩,KYG8208B1014,JD.COM INC CL A,14883843
2025-11-14,홍콩,KYG3774X1088,GCL TECHNOLOGY HOLDINGS LTD,14778567
2025-11-14,홍콩,KYG7170M1033,POP MART INTL GROUP LTD,14754565
2025-11-14,홍콩,KYG4602S1057,HORIZONROBOT-W,14022801
2025-11-14,홍콩,KYG970081173,WUXI BIOLOGICS CAYMAN INC,13075655
2025-11-14,홍콩,CNE1000048K8,HAIER SMART HOME CO LTD-H MRGR 006942845 BMG423131256,12637082
2025-11-14,홍콩,HK0001200002,02259,11011188
2025-11-14,홍콩,HKX566362888,PING AN SECURITIE HKD0.01 HKD0.01 CHAN 009837742 BMG7115B1211,10841781
2025-11-14,홍콩,CNE1000003W8,PETROCHINA CO LTD-H,10754541
2025-11-14,홍콩,HK1126010854,DREAM INTERNATIONAL LTD,10643335
2025-11-14,홍콩,CNE1000001Z5,BANK OF CHINA LTD-H,10627503
2025-11-14,홍콩,HK0001149431,Global X China C,10259060
2025-11-14,홍콩,CNE1000002L3,CHINA LIFE INSURANCE CO LTD-H,9973184
2025-11-17,홍콩,KYG875721634,TENCENT HOLDINGS LTD,264710243
2025-11-17,홍콩,KYG017191142,ALIBABA GROUP HOLDING LTD,213330903
2025-11-17,홍콩,KYG8020E1199,SEMICONDUCTOR MANUFACTURING INTL CORP,160622609
2025-11-17,홍콩,KYG9830T1067,XIAOMI CORP,146905615
2025-11-17,홍콩,CNE1000031W9,GANFENGLITHIUM ORD H,139525876
2025-11-17,홍콩,CNE100000296,BYD CO LTD-H,131868171
2025-11-17,홍콩,CNE100006WS8,CATL ORD H,126145141
2025-11-17,홍콩,CNE100005F09,TIANQI LITHIUM CORP,105561250
2025-11-17,홍콩,HK0000637832,GLOBAL X CHINA SEMICONDUCTOR ETF (HKD),92152231
2025-11-17,홍콩,CNE100006CQ4,Ubtech Robotics Ord Shs H,72120460
2025-11-17,홍콩,HK0000562659,GLOBAL X CHINA ELECTRIC VEHICLE AND BATTERY ETF (HKD),57378617
2025-11-17,홍콩,CNE100000593,PICC PROPERTY AND CASUALTY CO LTD-H,56528440
2025-11-17,홍콩,CNE100004YZ4,CTG DUTY-FREE,52003115
2025-11-17,홍콩,KYG392AS1011,GLOBAL NEW MATERIAL INTL HOLDINGS LTD,39503921
2025-11-17,홍콩,HK0001025037,GLOBAL X US Treasury 3-5 Year ETF,31085510
2025-11-17,홍콩,CNE100006Z79,SANHUA INTELLIGENT,30908497
2025-11-17,홍콩,KYG596691041,MEITUAN,30344947
2025-11-17,홍콩,KYG982AW1003,XPENG INC,29791976
2025-11-17,홍콩,CNE1000003X6,PING AN INSURANCE GROUP CO OF CHINA LTD-H,26608541
2025-11-17,홍콩,HK0000921236,A GX USD MM,26344429
2025-11-17,홍콩,CNE100006JG0,LAOPU GOLD,24862854
2025-11-17,홍콩,KYG070341048,BAIDU INC CL A,24305956
2025-11-17,홍콩,HK0000748381,YESASIA HOLDINGS LTD,24106993
2025-11-17,홍콩,HK0000921228,Global X HANG SENG TECH ETF,21975974
2025-11-17,홍콩,KYG3777B1032,GEELY AUTOMOBILE HOLDINGS LTD,21961313
2025-11-17,홍콩,HK0001205258,XL2CSOPHYNIX,20545879
2025-11-17,홍콩,HK0000642568,CSOP HANG SENG TECH INDEX ETF (HKD),20270204
2025-11-17,홍콩,HK0000516697,GLOBAL X CHINA BIOTECH ETF (HKD),20149798
2025-11-17,홍콩,HK0000859063,SAMSUNG BLOCKCHAIN TECHNOLOGIES ETF,20088404
2025-11-17,홍콩,CNE1000076H5,09927,20005725
2025-11-17,홍콩,HK0941009539,CHINA MOBILE LTD,19578921
2025-11-17,홍콩,KYG532631028,KUAISHOU TECHNOLOGY,18117706
2025-11-17,홍콩,CNE1000003G1,INDUSTRIAL AND COMMERCIAL BANK OF CHINA LTD-H,17144806
2025-11-17,홍콩,HK0000562634,GLOBAL X CHINA CONSUMER BRAND ETF (HKD),17070188
2025-11-17,홍콩,KYG8208B1014,JD.COM INC CL A,16955976
2025-11-17,홍콩,CNE1000002H1,CHINA CONSTRUCTION BANK CORP-H,16364699
2025-11-17,홍콩,HK0000516713,GLOBAL X CHINA CLOUD COMPUTING ETF (HKD),16211731
2025-11-17,홍콩,HK0000562675,GLOBAL X CHINA CLEAN ENERGY ETF (HKD),15221516
2025-11-17,홍콩,KYG7170M1033,POP MART INTL GROUP LTD,14768893
2025-11-17,홍콩,KYG3774X1088,GCL TECHNOLOGY HOLDINGS LTD,14308237
2025-11-17,홍콩,KYG4602S1057,HORIZONROBOT-W,13434993
2025-11-17,홍콩,KYG970081173,WUXI BIOLOGICS CAYMAN INC,12739636
2025-11-17,홍콩,CNE1000048K8,HAIER SMART HOME CO LTD-H MRGR 006942845 BMG423131256,12508716
2025-11-17,홍콩,HK1126010854,DREAM INTERNATIONAL LTD,10887372
2025-11-17,홍콩,HK0001200002,02259,10847114
2025-11-17,홍콩,HKX566362888,PING AN SECURITIE HKD0.01 HKD0.01 CHAN 009837742 BMG7115B1211,10839216
2025-11-17,홍콩,CNE1000003W8,PETROCHINA CO LTD-H,10827666
2025-11-17,홍콩,CNE1000001Z5,BANK OF CHINA LTD-H,10580157
2025-11-17,홍콩,HK0001149431,Global X China C,10132681
2025-11-17,홍콩,CNE1000002L3,CHINA LIFE INSURANCE CO LTD-H,9814745
2025-11-18,홍콩,KYG875721634,TENCENT HOLDINGS LTD,259120104
2025-11-18,홍콩,KYG017191142,ALIBABA GROUP HOLDING LTD,213384600
2025-11-18,홍콩,KYG8020E1199,SEMICONDUCTOR MANUFACTURING INTL CORP,162853242
2025-11-18,홍콩,KYG9830T1067,XIAOMI CORP,142838338
2025-11-18,홍콩,CNE1000031W9,GANFENGLITHIUM ORD H,130264238
2025-11-18,홍콩,CNE100000296,BYD CO LTD-H,126936474
2025-11-18,홍콩,CNE100006WS8,CATL ORD H,119459730
2025-11-18,홍콩,CNE100005F09,TIANQI LITHIUM CORP,98222860
2025-11-18,홍콩,HK0000637832,GLOBAL X CHINA SEMICONDUCTOR ETF (HKD),92358830
2025-11-18,홍콩,CNE100006CQ4,Ubtech Robotics Ord Shs H,69183447
2025-11-18,홍콩,CNE100000593,PICC PROPERTY AND CASUALTY CO LTD-H,54805442
2025-11-18,홍콩,HK0000562659,GLOBAL X CHINA ELECTRIC VEHICLE AND BATTERY ETF (HKD),52013993
2025-11-18,홍콩,CNE100004YZ4,CTG DUTY-FREE,48911838
2025-11-18,홍콩,KYG392AS1011,GLOBAL NEW MATERIAL INTL HOLDINGS LTD,39028477
2025-11-18,홍콩,HK0001025037,GLOBAL X US Treasury 3-5 Year ETF,31229396
2025-11-18,홍콩,CNE100006Z79,SANHUA INTELLIGENT,30553240
2025-11-18,홍콩,KYG596691041,MEITUAN,29108517
2025-11-18,홍콩,KYG982AW1003,XPENG INC,27018406
2025-11-18,홍콩,HK0000921236,A GX USD MM,26338213
2025-11-18,홍콩,CNE1000003X6,PING AN INSURANCE GROUP CO OF CHINA LTD-H,25988334
2025-11-18,홍콩,CNE100006JG0,LAOPU GOLD,24223926
2025-11-18,홍콩,KYG070341048,BAIDU INC CL A,24115488
2025-11-18,홍콩,HK0000748381,YESASIA HOLDINGS LTD,22627959
2025-11-18,홍콩,KYG3777B1032,GEELY AUTOMOBILE HOLDINGS LTD,21689894
2025-11-18,홍콩,HK0000921228,Global X HANG SENG TECH ETF,21508171
2025-11-18,홍콩,HK0000516697,GLOBAL X CHINA BIOTECH ETF (HKD),19898641
2025-11-18,홍콩,HK0000642568,CSOP HANG SENG TECH INDEX ETF (HKD),19822059
2025-11-18,홍콩,HK0941009539,CHINA MOBILE LTD,19585583
2025-11-18,홍콩,CNE1000076H5,09927,19101709
2025-11-18,홍콩,HK0000859063,SAMSUNG BLOCKCHAIN TECHNOLOGIES ETF,19028054
2025-11-18,홍콩,HK0001205258,XL2CSOPHYNIX,18328756
2025-11-18,홍콩,KYG532631028,KUAISHOU TECHNOLOGY,16959213
2025-11-18,홍콩,CNE1000003G1,INDUSTRIAL AND COMMERCIAL BANK OF CHINA LTD-H,16913580
2025-11-18,홍콩,HK0000562634,GLOBAL X CHINA CONSUMER BRAND ETF (HKD),16877974
2025-11-18,홍콩,KYG8208B1014,JD.COM INC CL A,16756499
2025-11-18,홍콩,CNE1000002H1,CHINA CONSTRUCTION BANK CORP-H,16163723
2025-11-18,홍콩,HK0000516713,GLOBAL X CHINA CLOUD COMPUTING ETF (HKD),16027292
2025-11-18,홍콩,HK0000562675,GLOBAL X CHINA CLEAN ENERGY ETF (HKD),14936428
2025-11-18,홍콩,KYG7170M1033,POP MART INTL GROUP LTD,14189307
2025-11-18,홍콩,KYG3774X1088,GCL TECHNOLOGY HOLDINGS LTD,13838082
2025-11-18,홍콩,KYG4602S1057,HORIZONROBOT-W,12942228
2025-11-18,홍콩,KYG970081173,WUXI BIOLOGICS CAYMAN INC,12483771
2025-11-18,홍콩,CNE1000048K8,HAIER SMART HOME CO LTD-H MRGR 006942845 BMG423131256,12196568
2025-11-18,홍콩,HKX566362888,PING AN SECURITIE HKD0.01 HKD0.01 CHAN 009837742 BMG7115B1211,10836659
2025-11-18,홍콩,CNE1000003W8,PETROCHINA CO LTD-H,10803783
2025-11-18,홍콩,HK1126010854,DREAM INTERNATIONAL LTD,10690200
2025-11-18,홍콩,CNE1000001Z5,BANK OF CHINA LTD-H,10420789
2025-11-18,홍콩,HK0001200002,02259,10293566
2025-11-18,홍콩,HK0001149431,Global X China C,10014484
2025-11-18,홍콩,HK0000637857,GLOBAL X CHINA ROBOTICS AND AI ETF (HKD),9597298
2025-11-19,홍콩,KYG875721634,TENCENT HOLDINGS LTD,257754815
2025-11-19,홍콩,KYG017191142,ALIBABA GROUP HOLDING LTD,215394628
2025-11-19,홍콩,KYG8020E1199,SEMICONDUCTOR MANUFACTURING INTL CORP,162007573
2025-11-19,홍콩,KYG9830T1067,XIAOMI CORP,135920206
2025-11-19,홍콩,CNE1000031W9,GANFENGLITHIUM ORD H,131834411
2025-11-19,홍콩,CNE100000296,BYD CO LTD-H,125654119
2025-11-19,홍콩,CNE100006WS8,CATL ORD H,120986052
2025-11-19,홍콩,CNE100005F09,TIANQI LITHIUM CORP,100867474
2025-11-19,홍콩,HK0000637832,GLOBAL X CHINA SEMICONDUCTOR ETF (HKD),91394246
2025-11-19,홍콩,CNE100006CQ4,Ubtech Robotics Ord Shs H,68805797
2025-11-19,홍콩,CNE100000593,PICC PROPERTY AND CASUALTY CO LTD-H,54616419
2025-11-19,홍콩,HK0000562659,GLOBAL X CHINA ELECTRIC VEHICLE AND BATTERY ETF (HKD),52264909
2025-11-19,홍콩,CNE100004YZ4,CTG DUTY-FREE,47592231
2025-11-19,홍콩,KYG392AS1011,GLOBAL NEW MATERIAL INTL HOLDINGS LTD,42257976
2025-11-19,홍콩,HK0001025037,GLOBAL X US Treasury 3-5 Year ETF,31221734
2025-11-19,홍콩,CNE100006Z79,SANHUA INTELLIGENT,29881934
2025-11-19,홍콩,KYG596691041,MEITUAN,28836861
2025-11-19,홍콩,KYG982AW1003,XPENG INC,27145533
2025-11-19,홍콩,HK0000921236,A GX USD MM,26416779
2025-11-19,홍콩,CNE1000003X6,PING AN INSURANCE GROUP CO OF CHINA LTD-H,25928032
2025-11-19,홍콩,CNE100006JG0,LAOPU GOLD,24471034
2025-11-19,홍콩,KYG070341048,BAIDU INC CL A,24116285
2025-11-19,홍콩,HK0000748381,YESASIA HOLDINGS LTD,22954917
2025-11-19,홍콩,KYG3777B1032,GEELY AUTOMOBILE HOLDINGS LTD,21714563
2025-11-19,홍콩,HK0000921228,Global X HANG SENG TECH ETF,21364836
2025-11-19,홍콩,HK0000516697,GLOBAL X CHINA BIOTECH ETF (HKD),19785596
2025-11-19,홍콩,HK0000642568,CSOP HANG SENG TECH INDEX ETF (HKD),19678074
2025-11-19,홍콩,HK0941009539,CHINA MOBILE LTD,19469546
2025-11-19,홍콩,CNE1000076H5,09927,19409255
2025-11-19,홍콩,HK0000859063,SAMSUNG BLOCKCHAIN TECHNOLOGIES ETF,19408533
2025-11-19,홍콩,HK0001205258,XL2CSOPHYNIX,18805315
2025-11-19,홍콩,CNE1000003G1,INDUSTRIAL AND COMMERCIAL BANK OF CHINA LTD-H,16945562
2025-11-19,홍콩,HK0000562634,GLOBAL X CHINA CONSUMER BRAND ETF (HKD),16761868
2025-11-19,홍콩,KYG8208B1014,JD.COM INC CL A,16597914
2025-11-19,홍콩,CNE1000002H1,CHINA CONSTRUCTION BANK CORP-H,16104968
2025-11-19,홍콩,HK0000516713,GLOBAL X CHINA CLOUD COMPUTING ETF (HKD),15772467
2025-11-19,홍콩,KYG532631028,KUAISHOU TECHNOLOGY,15757129
2025-11-19,홍콩,HK0000562675,GLOBAL X CHINA CLEAN ENERGY ETF (HKD),14929173
2025-11-19,홍콩,KYG3774X1088,GCL TECHNOLOGY HOLDINGS LTD,13839720
2025-11-19,홍콩,KYG7170M1033,POP MART INTL GROUP LTD,13774603
2025-11-19,홍콩,KYG970081173,WUXI BIOLOGICS CAYMAN INC,12321424
2025-11-19,홍콩,KYG4602S1057,HORIZONROBOT-W,12241816
2025-11-19,홍콩,CNE1000003W8,PETROCHINA CO LTD-H,11021496
2025-11-19,홍콩,HK0001200002,02259,10916245
2025-11-19,홍콩,HKX566362888,PING AN SECURITIE HKD0.01 HKD0.01 CHAN 009837742 BMG7115B1211,10822425
2025-11-19,홍콩,HK1126010854,DREAM INTERNATIONAL LTD,10807954
2025-11-19,홍콩,CNE1000048K8,HAIER SMART HOME CO LTD-H MRGR 006942845 BMG423131256,10797599
2025-11-19,홍콩,CNE1000001Z5,BANK OF CHINA LTD-H,10428285
2025-11-19,홍콩,HK0001149431,Global X China C,9953663
2025-11-19,홍콩,CNE1000002L3,CHINA LIFE INSURANCE CO LTD-H,9694004
2025-11-20,홍콩,KYG875721634,TENCENT HOLDINGS LTD,265836542
2025-11-20,홍콩,KYG017191142,ALIBABA GROUP HOLDING LTD,213334575
2025-11-20,홍콩,KYG8020E1199,SEMICONDUCTOR MANUFACTURING INTL CORP,162508589
2025-11-20,홍콩,KYG9830T1067,XIAOMI CORP,131153629
2025-11-20,홍콩,CNE1000031W9,GANFENGLITHIUM ORD H,129203714
2025-11-20,홍콩,CNE100000296,BYD CO LTD-H,124210916
2025-11-20,홍콩,CNE100006WS8,CATL ORD H,113822169
2025-11-20,홍콩,CNE100005F09,TIANQI LITHIUM CORP,99036622
2025-11-20,홍콩,HK0000637832,GLOBAL X CHINA SEMICONDUCTOR ETF (HKD),90557204
2025-11-20,홍콩,CNE100006CQ4,Ubtech Robotics Ord Shs H,65940592
2025-11-20,홍콩,CNE100000593,PICC PROPERTY AND CASUALTY CO LTD-H,54591028
2025-11-20,홍콩,HK0000562659,GLOBAL X CHINA ELECTRIC VEHICLE AND BATTERY ETF (HKD),50704874
2025-11-20,홍콩,CNE100004YZ4,CTG DUTY-FREE,48966175
2025-11-20,홍콩,KYG392AS1011,GLOBAL NEW MATERIAL INTL HOLDINGS LTD,41526619
2025-11-20,홍콩,HK0001025037,GLOBAL X US Treasury 3-5 Year ETF,31169463
2025-11-20,홍콩,KYG982AW1003,XPENG INC,30248034
2025-11-20,홍콩,CNE100006Z79,SANHUA INTELLIGENT,29428137
2025-11-20,홍콩,KYG596691041,MEITUAN,28971315
2025-11-20,홍콩,KYG070341048,BAIDU INC CL A,26449610
2025-11-20,홍콩,HK0000921236,A GX USD MM,26381484
2025-11-20,홍콩,CNE1000003X6,PING AN INSURANCE GROUP CO OF CHINA LTD-H,25936168
2025-11-20,홍콩,CNE100006JG0,LAOPU GOLD,23853249
2025-11-20,홍콩,HK0000748381,YESASIA HOLDINGS LTD,23605356
2025-11-20,홍콩,KYG3777B1032,GEELY AUTOMOBILE HOLDINGS LTD,21639145
2025-11-20,홍콩,HK0000921228,Global X HANG SENG TECH ETF,21217745
2025-11-20,홍콩,HK0000859063,SAMSUNG BLOCKCHAIN TECHNOLOGIES ETF,19810974
2025-11-20,홍콩,HK0000516697,GLOBAL X CHINA BIOTECH ETF (HKD),19779317
2025-11-20,홍콩,HK0000642568,CSOP HANG SENG TECH INDEX ETF (HKD),19553334
2025-11-20,홍콩,HK0001205258,XL2CSOPHYNIX,19498505
2025-11-20,홍콩,HK0941009539,CHINA MOBILE LTD,19491521
2025-11-20,홍콩,CNE1000076H5,09927,19059403
2025-11-20,홍콩,KYG532631028,KUAISHOU TECHNOLOGY,18206764
2025-11-20,홍콩,CNE1000003G1,INDUSTRIAL AND COMMERCIAL BANK OF CHINA LTD-H,17141966
2025-11-20,홍콩,HK0000562634,GLOBAL X CHINA CONSUMER BRAND ETF (HKD),16660466
2025-11-20,홍콩,KYG8208B1014,JD.COM INC CL A,16583301
2025-11-20,홍콩,CNE1000002H1,CHINA CONSTRUCTION BANK CORP-H,16272922
2025-11-20,홍콩,HK0000516713,GLOBAL X CHINA CLOUD COMPUTING ETF (HKD),15657422
2025-11-20,홍콩,HK0000562675,GLOBAL X CHINA CLEAN ENERGY ETF (HKD),14588892
2025-11-20,홍콩,CNE1000048K8,HAIER SMART HOME CO LTD-H MRGR 006942845 BMG423131256,13570943
2025-11-20,홍콩,KYG3774X1088,GCL TECHNOLOGY HOLDINGS LTD,13495043
2025-11-20,홍콩,KYG7170M1033,POP MART INTL GROUP LTD,13197385
2025-11-20,홍콩,KYG970081173,WUXI BIOLOGICS CAYMAN INC,12314475
2025-11-20,홍콩,KYG4602S1057,HORIZONROBOT-W,12169862
2025-11-20,홍콩,HK1126010854,DREAM INTERNATIONAL LTD,11195016
2025-11-20,홍콩,HKX566362888,PING AN SECURITIE HKD0.01 HKD0.01 CHAN 009837742 BMG7115B1211,10815852
2025-11-20,홍콩,HK0001200002,02259,10630478
2025-11-20,홍콩,CNE1000001Z5,BANK OF CHINA LTD-H,10620184
2025-11-20,홍콩,CNE1000003W8,PETROCHINA CO LTD-H,10606156
2025-11-20,홍콩,CNE1000002L3,CHINA LIFE INSURANCE CO LTD-H,9768003
2025-11-20,홍콩,HK0001149431,Global X China C,9394471
2025-11-21,홍콩,KYG875721634,TENCENT HOLDINGS LTD,261231358
2025-11-21,홍콩,KYG017191142,ALIBABA GROUP HOLDING LTD,202758388
2025-11-21,홍콩,KYG8020E1199,SEMICONDUCTOR MANUFACTURING INTL CORP,152225376
2025-11-21,홍콩,KYG9830T1067,XIAOMI CORP,130686796
2025-11-21,홍콩,CNE100000296,BYD CO LTD-H,121058130
2025-11-21,홍콩,CNE1000031W9,GANFENGLITHIUM ORD H,113154877
2025-11-21,홍콩,CNE100006WS8,CATL ORD H,109604348
2025-11-21,홍콩,CNE100005F09,TIANQI LITHIUM CORP,87279580
2025-11-21,홍콩,HK0000637832,GLOBAL X CHINA SEMICONDUCTOR ETF (HKD),86285758
2025-11-21,홍콩,CNE100006CQ4,Ubtech Robotics Ord Shs H,64192196
2025-11-21,홍콩,CNE100000593,PICC PROPERTY AND CASUALTY CO LTD-H,51440790
2025-11-21,홍콩,HK0000562659,GLOBAL X CHINA ELECTRIC VEHICLE AND BATTERY ETF (HKD),48652305
2025-11-21,홍콩,CNE100004YZ4,CTG DUTY-FREE,46972982
2025-11-21,홍콩,KYG392AS1011,GLOBAL NEW MATERIAL INTL HOLDINGS LTD,39313182
2025-11-21,홍콩,HK0001025037,GLOBAL X US Treasury 3-5 Year ETF,31267718
2025-11-21,홍콩,KYG982AW1003,XPENG INC,29232740
2025-11-21,홍콩,CNE100006Z79,SANHUA INTELLIGENT,29161007
2025-11-21,홍콩,KYG596691041,MEITUAN,28133031
2025-11-21,홍콩,HK0000921236,A GX USD MM,26393951
2025-11-21,홍콩,CNE1000003X6,PING AN INSURANCE GROUP CO OF CHINA LTD-H,25340705
2025-11-21,홍콩,KYG070341048,BAIDU INC CL A,25064937
2025-11-21,홍콩,CNE100006JG0,LAOPU GOLD,23552855
2025-11-21,홍콩,HK0000748381,YESASIA HOLDINGS LTD,22919517
2025-11-21,홍콩,KYG3777B1032,GEELY AUTOMOBILE HOLDINGS LTD,21267135
2025-11-21,홍콩,HK0000921228,Global X HANG SENG TECH ETF,20513667
2025-11-21,홍콩,HK0941009539,CHINA MOBILE LTD,19391549
2025-11-21,홍콩,HK0000516697,GLOBAL X CHINA BIOTECH ETF (HKD),19106376
2025-11-21,홍콩,HK0000642568,CSOP HANG SENG TECH INDEX ETF (HKD),18853183
2025-11-21,홍콩,CNE1000076H5,09927,18128228
2025-11-21,홍콩,HK0000859063,SAMSUNG BLOCKCHAIN TECHNOLOGIES ETF,18093862
2025-11-21,홍콩,KYG532631028,KUAISHOU TECHNOLOGY,17933303
2025-11-21,홍콩,CNE1000003G1,INDUSTRIAL AND COMMERCIAL BANK OF CHINA LTD-H,16814174
2025-11-21,홍콩,HK0000562634,GLOBAL X CHINA CONSUMER BRAND ETF (HKD),16458925
2025-11-21,홍콩,HK0001205258,XL2CSOPHYNIX,16455311
2025-11-21,홍콩,CNE1000002H1,CHINA CONSTRUCTION BANK CORP-H,16026057
2025-11-21,홍콩,KYG8208B1014,JD.COM INC CL A,15962650
2025-11-21,홍콩,HK0000516713,GLOBAL X CHINA CLOUD COMPUTING ETF (HKD),15107836
2025-11-21,홍콩,HK0000562675,GLOBAL X CHINA CLEAN ENERGY ETF (HKD),13992404
2025-11-21,홍콩,CNE1000048K8,HAIER SMART HOME CO LTD-H MRGR 006942845 BMG423131256,13456236
2025-11-21,홍콩,KYG7170M1033,POP MART INTL GROUP LTD,13032487
2025-11-21,홍콩,KYG3774X1088,GCL TECHNOLOGY HOLDINGS LTD,12715722
2025-11-21,홍콩,KYG4602S1057,HORIZONROBOT-W,11847722
2025-11-21,홍콩,KYG970081173,WUXI BIOLOGICS CAYMAN INC,11683157
2025-11-21,홍콩,HKX566362888,PING AN SECURITIE HKD0.01 HKD0.01 CHAN 009837742 BMG7115B1211,10822937
2025-11-21,홍콩,HK1126010854,DREAM INTERNATIONAL LTD,10790068
2025-11-21,홍콩,CNE1000001Z5,BANK OF CHINA LTD-H,10446738
2025-11-21,홍콩,HK0001200002,02259,10303809
2025-11-21,홍콩,CNE1000003W8,PETROCHINA CO LTD-H,10261569
2025-11-21,홍콩,HK0001149431,Global X China C,9028222
2025-11-21,홍콩,HK0000637857,GLOBAL X CHINA ROBOTICS AND AI ETF (HKD),8937160
2025-11-24,홍콩,KYG875721634,TENCENT HOLDINGS LTD,266360503
2025-11-24,홍콩,KYG017191142,ALIBABA GROUP HOLDING LTD,211714316
2025-11-24,홍콩,KYG8020E1199,SEMICONDUCTOR MANUFACTURING INTL CORP,150992586
2025-11-24,홍콩,KYG9830T1067,XIAOMI CORP,129608074
2025-11-24,홍콩,CNE100000296,BYD CO LTD-H,123620581
2025-11-24,홍콩,CNE1000031W9,GANFENGLITHIUM ORD H,106751927
2025-11-24,홍콩,CNE100006WS8,CATL ORD H,98945169
2025-11-24,홍콩,HK0000637832,GLOBAL X CHINA SEMICONDUCTOR ETF (HKD),87264445
2025-11-24,홍콩,CNE100005F09,TIANQI LITHIUM CORP,84696430
2025-11-24,홍콩,CNE100006CQ4,Ubtech Robotics Ord Shs H,61176907
2025-11-24,홍콩,CNE100000593,PICC PROPERTY AND CASUALTY CO LTD-H,51170420
2025-11-24,홍콩,HK0000562659,GLOBAL X CHINA ELECTRIC VEHICLE AND BATTERY ETF (HKD),48584659
2025-11-24,홍콩,CNE100004YZ4,CTG DUTY-FREE,46911364
2025-11-24,홍콩,KYG392AS1011,GLOBAL NEW MATERIAL INTL HOLDINGS LTD,40531222
2025-11-24,홍콩,HK0001025037,GLOBAL X US Treasury 3-5 Year ETF,31226133
2025-11-24,홍콩,KYG982AW1003,XPENG INC,29934189
2025-11-24,홍콩,CNE100006Z79,SANHUA INTELLIGENT,29208074
2025-11-24,홍콩,KYG596691041,MEITUAN,28774237
2025-11-24,홍콩,HK0000921236,A GX USD MM,26331381
2025-11-24,홍콩,KYG070341048,BAIDU INC CL A,26185334
2025-11-24,홍콩,CNE1000003X6,PING AN INSURANCE GROUP CO OF CHINA LTD-H,25184127
2025-11-24,홍콩,CNE100006JG0,LAOPU GOLD,23268127
2025-11-24,홍콩,HK0000748381,YESASIA HOLDINGS LTD,22485135
2025-11-24,홍콩,KYG3777B1032,GEELY AUTOMOBILE HOLDINGS LTD,21317867
2025-11-24,홍콩,HK0000921228,Global X HANG SENG TECH ETF,21055320
2025-11-24,홍콩,HK0941009539,CHINA MOBILE LTD,19652860
2025-11-24,홍콩,HK0000516697,GLOBAL X CHINA BIOTECH ETF (HKD),19567406
2025-11-24,홍콩,HK0000642568,CSOP HANG SENG TECH INDEX ETF (HKD),19405723
2025-11-24,홍콩,HK0000859063,SAMSUNG BLOCKCHAIN TECHNOLOGIES ETF,18853867
2025-11-24,홍콩,CNE1000076H5,09927,18245807
2025-11-24,홍콩,HK0001205258,XL2CSOPHYNIX,17863055
2025-11-24,홍콩,KYG532631028,KUAISHOU TECHNOLOGY,17514743
2025-11-24,홍콩,CNE1000003G1,INDUSTRIAL AND COMMERCIAL BANK OF CHINA LTD-H,17050536
2025-11-24,홍콩,HK0000562634,GLOBAL X CHINA CONSUMER BRAND ETF (HKD),16543215
2025-11-24,홍콩,KYG8208B1014,JD.COM INC CL A,16370673
2025-11-24,홍콩,CNE1000002H1,CHINA CONSTRUCTION BANK CORP-H,16269482
2025-11-24,홍콩,HK0000516713,GLOBAL X CHINA CLOUD COMPUTING ETF (HKD),15583683
2025-11-24,홍콩,HK0000562675,GLOBAL X CHINA CLEAN ENERGY ETF (HKD),14129780
2025-11-24,홍콩,CNE1000048K8,HAIER SMART HOME CO LTD-H MRGR 006942845 BMG423131256,13688964
2025-11-24,홍콩,KYG3774X1088,GCL TECHNOLOGY HOLDINGS LTD,12620621
2025-11-24,홍콩,KYG4602S1057,HORIZONROBOT-W,12395968
2025-11-24,홍콩,KYG970081173,WUXI BIOLOGICS CAYMAN INC,12225751
2025-11-24,홍콩,KYG7170M1033,POP MART INTL GROUP LTD,11457626
2025-11-24,홍콩,HK1126010854,DREAM INTERNATIONAL LTD,11050157
2025-11-24,홍콩,HKX566362888,PING AN SECURITIE HKD0.01 HKD0.01 CHAN 009837742 BMG7115B1211,10823940
2025-11-24,홍콩,HK0001200002,02259,10787646
2025-11-24,홍콩,CNE1000001Z5,BANK OF CHINA LTD-H,10587077
2025-11-24,홍콩,CNE1000003W8,PETROCHINA CO LTD-H,10185084
2025-11-24,홍콩,HK0000637857,GLOBAL X CHINA ROBOTICS AND AI ETF (HKD),9150860
2025-11-24,홍콩,CNE1000002Q2,CHINA PETROLEUM AND CHEMICAL CORP-H,9103766
2025-11-25,홍콩,KYG875721634,TENCENT HOLDINGS LTD,266409410
2025-11-25,홍콩,KYG017191142,ALIBABA GROUP HOLDING LTD,212632791
2025-11-25,홍콩,KYG8020E1199,SEMICONDUCTOR MANUFACTURING INTL CORP,149874821
2025-11-25,홍콩,KYG9830T1067,XIAOMI CORP,134921082
2025-11-25,홍콩,CNE100000296,BYD CO LTD-H,124413762
2025-11-25,홍콩,CNE1000031W9,GANFENGLITHIUM ORD H,110492067
2025-11-25,홍콩,CNE100005F09,TIANQI LITHIUM CORP,88785855
2025-11-25,홍콩,HK0000637832,GLOBAL X CHINA SEMICONDUCTOR ETF (HKD),88052663
2025-11-25,홍콩,CNE100006WS8,CATL ORD H,87113256
2025-11-25,홍콩,CNE100006CQ4,Ubtech Robotics Ord Shs H,59764490
2025-11-25,홍콩,CNE100000593,PICC PROPERTY AND CASUALTY CO LTD-H,51687224
2025-11-25,홍콩,HK0000562659,GLOBAL X CHINA ELECTRIC VEHICLE AND BATTERY ETF (HKD),49347810
2025-11-25,홍콩,CNE100004YZ4,CTG DUTY-FREE,48008538
2025-11-25,홍콩,KYG392AS1011,GLOBAL NEW MATERIAL INTL HOLDINGS LTD,39416980
2025-11-25,홍콩,HK0001025037,GLOBAL X US Treasury 3-5 Year ETF,31287896
2025-11-25,홍콩,CNE100006Z79,SANHUA INTELLIGENT,30086855
2025-11-25,홍콩,KYG982AW1003,XPENG INC,29590638
2025-11-25,홍콩,KYG596691041,MEITUAN,28245940
2025-11-25,홍콩,KYG070341048,BAIDU INC CL A,27477613
2025-11-25,홍콩,HK0000921236,A GX USD MM,26336567
2025-11-25,홍콩,CNE1000003X6,PING AN INSURANCE GROUP CO OF CHINA LTD-H,25631448
2025-11-25,홍콩,CNE100006JG0,LAOPU GOLD,23150022
2025-11-25,홍콩,HK0000748381,YESASIA HOLDINGS LTD,22036071
2025-11-25,홍콩,KYG3777B1032,GEELY AUTOMOBILE HOLDINGS LTD,21241169
2025-11-25,홍콩,HK0000921228,Global X HANG SENG TECH ETF,21218220
2025-11-25,홍콩,HK0000516697,GLOBAL X CHINA BIOTECH ETF (HKD),19652641
2025-11-25,홍콩,HK0941009539,CHINA MOBILE LTD,19583799
2025-11-25,홍콩,HK0000859063,SAMSUNG BLOCKCHAIN TECHNOLOGIES ETF,19309112
2025-11-25,홍콩,CNE1000076H5,09927,18944931
2025-11-25,홍콩,HK0000642568,CSOP HANG SENG TECH INDEX ETF (HKD),18936195
2025-11-25,홍콩,KYG532631028,KUAISHOU TECHNOLOGY,18048336
2025-11-25,홍콩,HK0001205258,XL2CSOPHYNIX,17627806
2025-11-25,홍콩,CNE1000003G1,INDUSTRIAL AND COMMERCIAL BANK OF CHINA LTD-H,17081841
2025-11-25,홍콩,HK0000562634,GLOBAL X CHINA CONSUMER BRAND ETF (HKD),16567449
2025-11-25,홍콩,KYG8208B1014,JD.COM INC CL A,16335649
2025-11-25,홍콩,CNE1000002H1,CHINA CONSTRUCTION BANK CORP-H,16282354
2025-11-25,홍콩,HK0000516713,GLOBAL X CHINA CLOUD COMPUTING ETF (HKD),15727846
2025-11-25,홍콩,HK0000562675,GLOBAL X CHINA CLEAN ENERGY ETF (HKD),14382114
2025-11-25,홍콩,CNE1000048K8,HAIER SMART HOME CO LTD-H MRGR 006942845 BMG423131256,13744951
2025-11-25,홍콩,KYG3774X1088,GCL TECHNOLOGY HOLDINGS LTD,12998614
2025-11-25,홍콩,KYG4602S1057,HORIZONROBOT-W,12316705
2025-11-25,홍콩,KYG970081173,WUXI BIOLOGICS CAYMAN INC,12216431
2025-11-25,홍콩,KYG7170M1033,POP MART INTL GROUP LTD,11433204
2025-11-25,홍콩,HK1126010854,DREAM INTERNATIONAL LTD,10956345
2025-11-25,홍콩,HKX566362888,PING AN SECURITIE HKD0.01 HKD0.01 CHAN 009837742 BMG7115B1211,10826072
2025-11-25,홍콩,HK0001200002,02259,10752738
2025-11-25,홍콩,CNE1000001Z5,BANK OF CHINA LTD-H,10633271
2025-11-25,홍콩,CNE1000003W8,PETROCHINA CO LTD-H,10239343
2025-11-25,홍콩,CNE1000002Q2,CHINA PETROLEUM AND CHEMICAL CORP-H,9284636
2025-11-25,홍콩,HK0000637857,GLOBAL X CHINA ROBOTICS AND AI ETF (HKD),9272628
2025-11-26,홍콩,KYG875721634,TENCENT HOLDINGS LTD,264176600
2025-11-26,홍콩,KYG017191142,ALIBABA GROUP HOLDING LTD,207477644
2025-11-26,홍콩,KYG8020E1199,SEMICONDUCTOR MANUFACTURING INTL CORP,139081369
2025-11-26,홍콩,KYG9830T1067,XIAOMI CORP,133555310
2025-11-26,홍콩,CNE100000296,BYD CO LTD-H,127984971
2025-11-26,홍콩,CNE1000031W9,GANFENGLITHIUM ORD H,109806197
2025-11-26,홍콩,CNE100005F09,TIANQI LITHIUM CORP,89110868
2025-11-26,홍콩,HK0000637832,GLOBAL X CHINA SEMICONDUCTOR ETF (HKD),88625531
2025-11-26,홍콩,CNE100006WS8,CATL ORD H,86779861
2025-11-26,홍콩,CNE100006CQ4,Ubtech Robotics Ord Shs H,59741980
2025-11-26,홍콩,CNE100000593,PICC PROPERTY AND CASUALTY CO LTD-H,52940324
2025-11-26,홍콩,CNE100004YZ4,CTG DUTY-FREE,49649963
2025-11-26,홍콩,HK0000562659,GLOBAL X CHINA ELECTRIC VEHICLE AND BATTERY ETF (HKD),49233187
2025-11-26,홍콩,KYG392AS1011,GLOBAL NEW MATERIAL INTL HOLDINGS LTD,40080798
2025-11-26,홍콩,HK0001025037,GLOBAL X US Treasury 3-5 Year ETF,31299899
2025-11-26,홍콩,CNE100006Z79,SANHUA INTELLIGENT,31299731
2025-11-26,홍콩,KYG596691041,MEITUAN,29882851
2025-11-26,홍콩,KYG982AW1003,XPENG INC,29322026
2025-11-26,홍콩,KYG070341048,BAIDU INC CL A,27039403
2025-11-26,홍콩,HK0000921236,A GX USD MM,26341578
2025-11-26,홍콩,CNE1000003X6,PING AN INSURANCE GROUP CO OF CHINA LTD-H,25631749
2025-11-26,홍콩,CNE100006JG0,LAOPU GOLD,23349270
2025-11-26,홍콩,HK0000748381,YESASIA HOLDINGS LTD,22739690
2025-11-26,홍콩,KYG3777B1032,GEELY AUTOMOBILE HOLDINGS LTD,21375357
2025-11-26,홍콩,HK0000921228,Global X HANG SENG TECH ETF,21351889
2025-11-26,홍콩,HK0000516697,GLOBAL X CHINA BIOTECH ETF (HKD),19889850
2025-11-26,홍콩,HK0000859063,SAMSUNG BLOCKCHAIN TECHNOLOGIES ETF,19747385
2025-11-26,홍콩,HK0941009539,CHINA MOBILE LTD,19682523
2025-11-26,홍콩,HK0000642568,CSOP HANG SENG TECH INDEX ETF (HKD),18930328
2025-11-26,홍콩,CNE1000076H5,09927,18892648
2025-11-26,홍콩,HK0001205258,XL2CSOPHYNIX,18392210
2025-11-26,홍콩,KYG532631028,KUAISHOU TECHNOLOGY,17584475
2025-11-26,홍콩,CNE1000003G1,INDUSTRIAL AND COMMERCIAL BANK OF CHINA LTD-H,17150476
2025-11-26,홍콩,KYG8208B1014,JD.COM INC CL A,16950316
2025-11-26,홍콩,HK0000562634,GLOBAL X CHINA CONSUMER BRAND ETF (HKD),16663380
2025-11-26,홍콩,CNE1000002H1,CHINA CONSTRUCTION BANK CORP-H,16358443
2025-11-26,홍콩,HK0000516713,GLOBAL X CHINA CLOUD COMPUTING ETF (HKD),15635940
2025-11-26,홍콩,HK0000562675,GLOBAL X CHINA CLEAN ENERGY ETF (HKD),14431600
2025-11-26,홍콩,CNE1000048K8,HAIER SMART HOME CO LTD-H MRGR 006942845 BMG423131256,13944321
2025-11-26,홍콩,KYG970081173,WUXI BIOLOGICS CAYMAN INC,13159798
2025-11-26,홍콩,KYG3774X1088,GCL TECHNOLOGY HOLDINGS LTD,13020499
2025-11-26,홍콩,KYG4602S1057,HORIZONROBOT-W,12355589
2025-11-26,홍콩,KYG7170M1033,POP MART INTL GROUP LTD,11577353
2025-11-26,홍콩,HK1126010854,DREAM INTERNATIONAL LTD,10990459
2025-11-26,홍콩,HKX566362888,PING AN SECURITIE HKD0.01 HKD0.01 CHAN 009837742 BMG7115B1211,10834076
2025-11-26,홍콩,HK0001200002,02259,10685455
2025-11-26,홍콩,CNE1000001Z5,BANK OF CHINA LTD-H,10674730
2025-11-26,홍콩,CNE1000003W8,PETROCHINA CO LTD-H,10265418
2025-11-26,홍콩,HK0001121349,XL2CSOPSMSN,9731855
2025-11-26,홍콩,CNE1000002Q2,CHINA PETROLEUM AND CHEMICAL CORP-H,9315981
2025-11-27,홍콩,KYG875721634,TENCENT HOLDINGS LTD,252219558
2025-11-27,홍콩,KYG017191142,ALIBABA GROUP HOLDING LTD,195151953
2025-11-27,홍콩,KYG8020E1199,SEMICONDUCTOR MANUFACTURING INTL CORP,135976012
2025-11-27,홍콩,CNE100000296,BYD CO LTD-H,126016007
2025-11-27,홍콩,KYG9830T1067,XIAOMI CORP,109637776
2025-11-27,홍콩,CNE1000031W9,GANFENGLITHIUM ORD H,106902233
2025-11-27,홍콩,HK0000637832,GLOBAL X CHINA SEMICONDUCTOR ETF (HKD),88719522
2025-11-27,홍콩,CNE100005F09,TIANQI LITHIUM CORP,88127875
2025-11-27,홍콩,CNE100006WS8,CATL ORD H,86785344
2025-11-27,홍콩,CNE100006CQ4,Ubtech Robotics Ord Shs H,58729820
2025-11-27,홍콩,CNE100000593,PICC PROPERTY AND CASUALTY CO LTD-H,52903995
2025-11-27,홍콩,CNE100004YZ4,CTG DUTY-FREE,49350386
2025-11-27,홍콩,HK0000562659,GLOBAL X CHINA ELECTRIC VEHICLE AND BATTERY ETF (HKD),49153345
2025-11-27,홍콩,KYG392AS1011,GLOBAL NEW MATERIAL INTL HOLDINGS LTD,40343731
2025-11-27,홍콩,CNE100006Z79,SANHUA INTELLIGENT,31538743
2025-11-27,홍콩,HK0001025037,GLOBAL X US Treasury 3-5 Year ETF,31281925
2025-11-27,홍콩,KYG596691041,MEITUAN,29790407
2025-11-27,홍콩,HK0000921236,A GX USD MM,26350275
2025-11-27,홍콩,KYG982AW1003,XPENG INC,25619775
2025-11-27,홍콩,CNE1000003X6,PING AN INSURANCE GROUP CO OF CHINA LTD-H,25552018
2025-11-27,홍콩,CNE100006JG0,LAOPU GOLD,24029167
2025-11-27,홍콩,KYG070341048,BAIDU INC CL A,23644588
2025-11-27,홍콩,HK0000748381,YESASIA HOLDINGS LTD,23150113
2025-11-27,홍콩,KYG3777B1032,GEELY AUTOMOBILE HOLDINGS LTD,21590639
2025-11-27,홍콩,HK0000921228,Global X HANG SENG TECH ETF,21361831
2025-11-27,홍콩,CNE1000076H5,09927,20744230
2025-11-27,홍콩,HK0000859063,SAMSUNG BLOCKCHAIN TECHNOLOGIES ETF,20482642
2025-11-27,홍콩,HK0000516697,GLOBAL X CHINA BIOTECH ETF (HKD),19922569
2025-11-27,홍콩,HK0941009539,CHINA MOBILE LTD,19655690
2025-11-27,홍콩,HK0001205258,XL2CSOPHYNIX,19547055
2025-11-27,홍콩,HK0000642568,CSOP HANG SENG TECH INDEX ETF (HKD),18889162
2025-11-27,홍콩,CNE1000003G1,INDUSTRIAL AND COMMERCIAL BANK OF CHINA LTD-H,17087803
2025-11-27,홍콩,HK0000562634,GLOBAL X CHINA CONSUMER BRAND ETF (HKD),16753374
2025-11-27,홍콩,CNE1000002H1,CHINA CONSTRUCTION BANK CORP-H,16395765
2025-11-27,홍콩,KYG532631028,KUAISHOU TECHNOLOGY,16108652
2025-11-27,홍콩,HK0000516713,GLOBAL X CHINA CLOUD COMPUTING ETF (HKD),15434282
2025-11-27,홍콩,HK0000562675,GLOBAL X CHINA CLEAN ENERGY ETF (HKD),14393128
2025-11-27,홍콩,KYG3774X1088,GCL TECHNOLOGY HOLDINGS LTD,13120856
2025-11-27,홍콩,KYG970081173,WUXI BIOLOGICS CAYMAN INC,12915420
2025-11-27,홍콩,KYG4602S1057,HORIZONROBOT-W,12366300
2025-11-27,홍콩,CNE1000048K8,HAIER SMART HOME CO LTD-H MRGR 006942845 BMG423131256,12339164
2025-11-27,홍콩,KYG7170M1033,POP MART INTL GROUP LTD,12305010
2025-11-27,홍콩,KYG8208B1014,JD.COM INC CL A,11951566
2025-11-27,홍콩,HK1126010854,DREAM INTERNATIONAL LTD,11391167
2025-11-27,홍콩,HKX566362888,PING AN SECURITIE HKD0.01 HKD0.01 CHAN 009837742 BMG7115B1211,10831707
2025-11-27,홍콩,HK0001200002,02259,10718386
2025-11-27,홍콩,CNE1000001Z5,BANK OF CHINA LTD-H,10617121
2025-11-27,홍콩,CNE1000003W8,PETROCHINA CO LTD-H,10310360
2025-11-27,홍콩,HK0001121349,XL2CSOPSMSN,10016949
2025-11-27,홍콩,CNE1000002Q2,CHINA PETROLEUM AND CHEMICAL CORP-H,9433098
2025-11-28,홍콩,KYG875721634,TENCENT HOLDINGS LTD,242657239
2025-11-28,홍콩,KYG017191142,ALIBABA GROUP HOLDING LTD,195800920
2025-11-28,홍콩,KYG8020E1199,SEMICONDUCTOR MANUFACTURING INTL CORP,136405631
2025-11-28,홍콩,CNE100000296,BYD CO LTD-H,126699140
2025-11-28,홍콩,CNE1000031W9,GANFENGLITHIUM ORD H,109150355
2025-11-28,홍콩,KYG9830T1067,XIAOMI CORP,109052439
2025-11-28,홍콩,CNE100005F09,TIANQI LITHIUM CORP,91269520
2025-11-28,홍콩,HK0000637832,GLOBAL X CHINA SEMICONDUCTOR ETF (HKD),89492094
2025-11-28,홍콩,CNE100006WS8,CATL ORD H,79439180
2025-11-28,홍콩,CNE100006CQ4,Ubtech Robotics Ord Shs H,61268905
2025-11-28,홍콩,CNE100000593,PICC PROPERTY AND CASUALTY CO LTD-H,52353983
2025-11-28,홍콩,HK0000562659,GLOBAL X CHINA ELECTRIC VEHICLE AND BATTERY ETF (HKD),49587529
2025-11-28,홍콩,CNE100004YZ4,CTG DUTY-FREE,48745077
2025-11-28,홍콩,KYG392AS1011,GLOBAL NEW MATERIAL INTL HOLDINGS LTD,40782384
2025-11-28,홍콩,CNE100006Z79,SANHUA INTELLIGENT,32296193
2025-11-28,홍콩,HK0001025037,GLOBAL X US Treasury 3-5 Year ETF,30909091
2025-11-28,홍콩,KYG596691041,MEITUAN,28879161
2025-11-28,홍콩,HK0000921236,A GX USD MM,26356993
2025-11-28,홍콩,CNE1000003X6,PING AN INSURANCE GROUP CO OF CHINA LTD-H,25343943
2025-11-28,홍콩,CNE100006JG0,LAOPU GOLD,24115171
2025-11-28,홍콩,HK0000748381,YESASIA HOLDINGS LTD,23048190
2025-11-28,홍콩,KYG070341048,BAIDU INC CL A,21857584
2025-11-28,홍콩,KYG3777B1032,GEELY AUTOMOBILE HOLDINGS LTD,21529574
2025-11-28,홍콩,HK0000921228,Global X HANG SENG TECH ETF,21297652
2025-11-28,홍콩,HK0000859063,SAMSUNG BLOCKCHAIN TECHNOLOGIES ETF,20507522
2025-11-28,홍콩,HK0001205258,XL2CSOPHYNIX,19981721
2025-11-28,홍콩,HK0000516697,GLOBAL X CHINA BIOTECH ETF (HKD),19900827
2025-11-28,홍콩,HK0941009539,CHINA MOBILE LTD,19760261
2025-11-28,홍콩,CNE1000076H5,09927,19052182
2025-11-28,홍콩,HK0000642568,CSOP HANG SENG TECH INDEX ETF (HKD),18956742
2025-11-28,홍콩,KYG982AW1003,XPENG INC,17721777
2025-11-28,홍콩,CNE1000003G1,INDUSTRIAL AND COMMERCIAL BANK OF CHINA LTD-H,17070262
2025-11-28,홍콩,HK0000562634,GLOBAL X CHINA CONSUMER BRAND ETF (HKD),16807121
2025-11-28,홍콩,CNE1000002H1,CHINA CONSTRUCTION BANK CORP-H,16465661
2025-11-28,홍콩,KYG532631028,KUAISHOU TECHNOLOGY,16022308
2025-11-28,홍콩,HK0000516713,GLOBAL X CHINA CLOUD COMPUTING ETF (HKD),15477222
2025-11-28,홍콩,HK0000562675,GLOBAL X CHINA CLEAN ENERGY ETF (HKD),14444613
2025-11-28,홍콩,KYG3774X1088,GCL TECHNOLOGY HOLDINGS LTD,13116630
2025-11-28,홍콩,KYG970081173,WUXI BIOLOGICS CAYMAN INC,12966803
2025-11-28,홍콩,KYG4602S1057,HORIZONROBOT-W,12914509
2025-11-28,홍콩,KYG7170M1033,POP MART INTL GROUP LTD,12633389
2025-11-28,홍콩,KYG8208B1014,JD.COM INC CL A,11871159
2025-11-28,홍콩,HK1126010854,DREAM INTERNATIONAL LTD,11323267
2025-11-28,홍콩,HKX566362888,PING AN SECURITIE HKD0.01 HKD0.01 CHAN 009837742 BMG7115B1211,10830557
2025-11-28,홍콩,HK0001200002,02259,10802614
2025-11-28,홍콩,CNE1000001Z5,BANK OF CHINA LTD-H,10576573
2025-11-28,홍콩,CNE1000003W8,PETROCHINA CO LTD-H,10274200
2025-11-28,홍콩,HK0001121349,XL2CSOPSMSN,10213745
2025-11-28,홍콩,CNE1000048K8,HAIER SMART HOME CO LTD-H MRGR 006942845 BMG423131256,9490855
2025-11-28,홍콩,CNE1000002Q2,CHINA PETROLEUM AND CHEMICAL CORP-H,9363318
2025-12-01,홍콩,KYG875721634,TENCENT HOLDINGS LTD,245538984
2025-12-01,홍콩,KYG017191142,ALIBABA GROUP HOLDING LTD,208820851
2025-12-01,홍콩,KYG8020E1199,SEMICONDUCTOR MANUFACTURING INTL CORP,137242198
2025-12-01,홍콩,CNE100000296,BYD CO LTD-H,127215459
2025-12-01,홍콩,CNE1000031W9,GANFENGLITHIUM ORD H,108247810
2025-12-01,홍콩,KYG9830T1067,XIAOMI CORP,107210492
2025-12-01,홍콩,HK0000637832,GLOBAL X CHINA SEMICONDUCTOR ETF (HKD),91816696
2025-12-01,홍콩,CNE100005F09,TIANQI LITHIUM CORP,90154137
2025-12-01,홍콩,CNE100006WS8,CATL ORD H,80848652
2025-12-01,홍콩,CNE100006CQ4,Ubtech Robotics Ord Shs H,62059209
2025-12-01,홍콩,CNE100004YZ4,CTG DUTY-FREE,51332136
2025-12-01,홍콩,CNE100000593,PICC PROPERTY AND CASUALTY CO LTD-H,50883793
2025-12-01,홍콩,HK0000562659,GLOBAL X CHINA ELECTRIC VEHICLE AND BATTERY ETF (HKD),49963463
2025-12-01,홍콩,KYG392AS1011,GLOBAL NEW MATERIAL INTL HOLDINGS LTD,43337930
2025-12-01,홍콩,CNE100006Z79,SANHUA INTELLIGENT,32508267
2025-12-01,홍콩,HK0001025037,GLOBAL X US Treasury 3-5 Year ETF,30641003
2025-12-01,홍콩,KYG596691041,MEITUAN,27989929
2025-12-01,홍콩,HK0000921236,A GX USD MM,26358490
2025-12-01,홍콩,CNE1000003X6,PING AN INSURANCE GROUP CO OF CHINA LTD-H,25477221
2025-12-01,홍콩,CNE100006JG0,LAOPU GOLD,24463649
2025-12-01,홍콩,HK0000748381,YESASIA HOLDINGS LTD,23191050
2025-12-01,홍콩,KYG070341048,BAIDU INC CL A,22275611
2025-12-01,홍콩,KYG3777B1032,GEELY AUTOMOBILE HOLDINGS LTD,21652558
2025-12-01,홍콩,HK0000921228,Global X HANG SENG TECH ETF,21338775
2025-12-01,홍콩,HK0001205258,XL2CSOPHYNIX,20475924
2025-12-01,홍콩,HK0000859063,SAMSUNG BLOCKCHAIN TECHNOLOGIES ETF,20246673
2025-12-01,홍콩,CNE1000076H5,09927,20029039
2025-12-01,홍콩,HK0000516697,GLOBAL X CHINA BIOTECH ETF (HKD),19964223
2025-12-01,홍콩,HK0941009539,CHINA MOBILE LTD,19849468
2025-12-01,홍콩,HK0000642568,CSOP HANG SENG TECH INDEX ETF (HKD),19032945
2025-12-01,홍콩,KYG982AW1003,XPENG INC,17222236
2025-12-01,홍콩,CNE1000003G1,INDUSTRIAL AND COMMERCIAL BANK OF CHINA LTD-H,17116744
2025-12-01,홍콩,HK0000562634,GLOBAL X CHINA CONSUMER BRAND ETF (HKD),16737275
2025-12-01,홍콩,CNE1000002H1,CHINA CONSTRUCTION BANK CORP-H,16409355
2025-12-01,홍콩,KYG532631028,KUAISHOU TECHNOLOGY,16150738
2025-12-01,홍콩,HK0000516713,GLOBAL X CHINA CLOUD COMPUTING ETF (HKD),15701952
2025-12-01,홍콩,HK0000562675,GLOBAL X CHINA CLEAN ENERGY ETF (HKD),14416764
2025-12-01,홍콩,KYG970081173,WUXI BIOLOGICS CAYMAN INC,13325024
2025-12-01,홍콩,KYG3774X1088,GCL TECHNOLOGY HOLDINGS LTD,13217922
2025-12-01,홍콩,KYG4602S1057,HORIZONROBOT-W,13142883
2025-12-01,홍콩,KYG7170M1033,POP MART INTL GROUP LTD,11995072
2025-12-01,홍콩,KYG8208B1014,JD.COM INC CL A,11931163
2025-12-01,홍콩,HK1126010854,DREAM INTERNATIONAL LTD,11573352
2025-12-01,홍콩,HK0001200002,02259,11111269
2025-12-01,홍콩,HKX566362888,PING AN SECURITIE HKD0.01 HKD0.01 CHAN 009837742 BMG7115B1211,10821280
2025-12-01,홍콩,CNE1000001Z5,BANK OF CHINA LTD-H,10544334
2025-12-01,홍콩,CNE1000003W8,PETROCHINA CO LTD-H,10383665
2025-12-01,홍콩,HK0001121349,XL2CSOPSMSN,10207849
2025-12-01,홍콩,CNE1000048K8,HAIER SMART HOME CO LTD-H MRGR 006942845 BMG423131256,9525537
2025-12-01,홍콩,CNE1000002Q2,CHINA PETROLEUM AND CHEMICAL CORP-H,9411574
2025-12-02,홍콩,KYG875721634,TENCENT HOLDINGS LTD,244350059
2025-12-02,홍콩,KYG017191142,ALIBABA GROUP HOLDING LTD,210625247
2025-12-02,홍콩,KYG8020E1199,SEMICONDUCTOR MANUFACTURING INTL CORP,135420717
2025-12-02,홍콩,CNE100000296,BYD CO LTD-H,129646167
2025-12-02,홍콩,KYG9830T1067,XIAOMI CORP,108125320
2025-12-02,홍콩,CNE1000031W9,GANFENGLITHIUM ORD H,106613266
2025-12-02,홍콩,HK0000637832,GLOBAL X CHINA SEMICONDUCTOR ETF (HKD),90484583
2025-12-02,홍콩,CNE100005F09,TIANQI LITHIUM CORP,87456550
2025-12-02,홍콩,CNE100006WS8,CATL ORD H,73837793
2025-12-02,홍콩,CNE100006CQ4,Ubtech Robotics Ord Shs H,62284380
2025-12-02,홍콩,CNE100000593,PICC PROPERTY AND CASUALTY CO LTD-H,53215442
2025-12-02,홍콩,CNE100004YZ4,CTG DUTY-FREE,50813010
2025-12-02,홍콩,HK0000562659,GLOBAL X CHINA ELECTRIC VEHICLE AND BATTERY ETF (HKD),49453638
2025-12-02,홍콩,KYG392AS1011,GLOBAL NEW MATERIAL INTL HOLDINGS LTD,43634819
2025-12-02,홍콩,CNE100006Z79,SANHUA INTELLIGENT,31321349
2025-12-02,홍콩,HK0001025037,GLOBAL X US Treasury 3-5 Year ETF,30629470
2025-12-02,홍콩,KYG596691041,MEITUAN,27427626
2025-12-02,홍콩,HK0000921236,A GX USD MM,26348568
2025-12-02,홍콩,CNE1000003X6,PING AN INSURANCE GROUP CO OF CHINA LTD-H,25667658
2025-12-02,홍콩,CNE100006JG0,LAOPU GOLD,23723659
2025-12-02,홍콩,HK0000748381,YESASIA HOLDINGS LTD,23209489
2025-12-02,홍콩,KYG070341048,BAIDU INC CL A,22261976
2025-12-02,홍콩,HK0001205258,XL2CSOPHYNIX,21975639
2025-12-02,홍콩,KYG3777B1032,GEELY AUTOMOBILE HOLDINGS LTD,21722807
2025-12-02,홍콩,HK0000921228,Global X HANG SENG TECH ETF,21127563
2025-12-02,홍콩,HK0000859063,SAMSUNG BLOCKCHAIN TECHNOLOGIES ETF,20329123
2025-12-02,홍콩,HK0941009539,CHINA MOBILE LTD,19853303
2025-12-02,홍콩,HK0000516697,GLOBAL X CHINA BIOTECH ETF (HKD),19600431
2025-12-02,홍콩,CNE1000076H5,09927,19392725
2025-12-02,홍콩,HK0000642568,CSOP HANG SENG TECH INDEX ETF (HKD),18963693
2025-12-02,홍콩,CNE1000003G1,INDUSTRIAL AND COMMERCIAL BANK OF CHINA LTD-H,17031667
2025-12-02,홍콩,HK0000562634,GLOBAL X CHINA CONSUMER BRAND ETF (HKD),16676180
2025-12-02,홍콩,CNE1000002H1,CHINA CONSTRUCTION BANK CORP-H,16472685
2025-12-02,홍콩,KYG982AW1003,XPENG INC,16382926
2025-12-02,홍콩,KYG532631028,KUAISHOU TECHNOLOGY,16262267
2025-12-02,홍콩,HK0000516713,GLOBAL X CHINA CLOUD COMPUTING ETF (HKD),15625227
2025-12-02,홍콩,HK0000562675,GLOBAL X CHINA CLEAN ENERGY ETF (HKD),14297339
2025-12-02,홍콩,KYG970081173,WUXI BIOLOGICS CAYMAN INC,13205437
2025-12-02,홍콩,KYG3774X1088,GCL TECHNOLOGY HOLDINGS LTD,12988413
2025-12-02,홍콩,KYG4602S1057,HORIZONROBOT-W,12967439
2025-12-02,홍콩,KYG7170M1033,POP MART INTL GROUP LTD,12286661
2025-12-02,홍콩,HK1126010854,DREAM INTERNATIONAL LTD,12075382
2025-12-02,홍콩,KYG8208B1014,JD.COM INC CL A,11520952
2025-12-02,홍콩,HK0001121349,XL2CSOPSMSN,11142765
2025-12-02,홍콩,HK0001200002,02259,10859057
2025-12-02,홍콩,HKX566362888,PING AN SECURITIE HKD0.01 HKD0.01 CHAN 009837742 BMG7115B1211,10817207
2025-12-02,홍콩,CNE1000003W8,PETROCHINA CO LTD-H,10460124
2025-12-02,홍콩,CNE1000001Z5,BANK OF CHINA LTD-H,10314074
2025-12-02,홍콩,CNE1000002Q2,CHINA PETROLEUM AND CHEMICAL CORP-H,9714091
2025-12-02,홍콩,CNE1000048K8,HAIER SMART HOME CO LTD-H MRGR 006942845 BMG423131256,9557615
2025-12-03,홍콩,KYG875721634,TENCENT HOLDINGS LTD,242313646
2025-12-03,홍콩,KYG017191142,ALIBABA GROUP HOLDING LTD,207356316
2025-12-03,홍콩,KYG8020E1199,SEMICONDUCTOR MANUFACTURING INTL CORP,132492289
2025-12-03,홍콩,CNE100000296,BYD CO LTD-H,127122000
2025-12-03,홍콩,KYG9830T1067,XIAOMI CORP,107125561
2025-12-03,홍콩,CNE1000031W9,GANFENGLITHIUM ORD H,105653015
2025-12-03,홍콩,HK0000637832,GLOBAL X CHINA SEMICONDUCTOR ETF (HKD),90256770
2025-12-03,홍콩,CNE100005F09,TIANQI LITHIUM CORP,86024951
2025-12-03,홍콩,CNE100006WS8,CATL ORD H,73181100
2025-12-03,홍콩,CNE100006CQ4,Ubtech Robotics Ord Shs H,62123581
2025-12-03,홍콩,CNE100000593,PICC PROPERTY AND CASUALTY CO LTD-H,51089210
2025-12-03,홍콩,CNE100004YZ4,CTG DUTY-FREE,50640678
2025-12-03,홍콩,HK0000562659,GLOBAL X CHINA ELECTRIC VEHICLE AND BATTERY ETF (HKD),48689385
2025-12-03,홍콩,KYG392AS1011,GLOBAL NEW MATERIAL INTL HOLDINGS LTD,44205592
2025-12-03,홍콩,HK0001025037,GLOBAL X US Treasury 3-5 Year ETF,30657628
2025-12-03,홍콩,CNE100006Z79,SANHUA INTELLIGENT,30115550
2025-12-03,홍콩,KYG596691041,MEITUAN,27184654
2025-12-03,홍콩,HK0000921236,A GX USD MM,26363342
2025-12-03,홍콩,CNE1000003X6,PING AN INSURANCE GROUP CO OF CHINA LTD-H,25205644
2025-12-03,홍콩,CNE100006JG0,LAOPU GOLD,24191927
2025-12-03,홍콩,HK0000748381,YESASIA HOLDINGS LTD,22225830
2025-12-03,홍콩,KYG070341048,BAIDU INC CL A,22047229
2025-12-03,홍콩,HK0001205258,XL2CSOPHYNIX,21596990
2025-12-03,홍콩,KYG3777B1032,GEELY AUTOMOBILE HOLDINGS LTD,21407840
2025-12-03,홍콩,HK0000921228,Global X HANG SENG TECH ETF,20891961
2025-12-03,홍콩,HK0000859063,SAMSUNG BLOCKCHAIN TECHNOLOGIES ETF,20385582
2025-12-03,홍콩,HK0941009539,CHINA MOBILE LTD,19649500
2025-12-03,홍콩,HK0000516697,GLOBAL X CHINA BIOTECH ETF (HKD),19371667
2025-12-03,홍콩,CNE1000076H5,09927,19286210
2025-12-03,홍콩,HK0000642568,CSOP HANG SENG TECH INDEX ETF (HKD),18595912
2025-12-03,홍콩,CNE1000003G1,INDUSTRIAL AND COMMERCIAL BANK OF CHINA LTD-H,16749688
2025-12-03,홍콩,HK0000562634,GLOBAL X CHINA CONSUMER BRAND ETF (HKD),16618124
2025-12-03,홍콩,KYG532631028,KUAISHOU TECHNOLOGY,15905603
2025-12-03,홍콩,CNE1000002H1,CHINA CONSTRUCTION BANK CORP-H,15835572
2025-12-03,홍콩,KYG982AW1003,XPENG INC,15703514
2025-12-03,홍콩,HK0000516713,GLOBAL X CHINA CLOUD COMPUTING ETF (HKD),15288036
2025-12-03,홍콩,HK0000562675,GLOBAL X CHINA CLEAN ENERGY ETF (HKD),13604162
2025-12-03,홍콩,KYG970081173,WUXI BIOLOGICS CAYMAN INC,13273852
2025-12-03,홍콩,KYG3774X1088,GCL TECHNOLOGY HOLDINGS LTD,13099015
2025-12-03,홍콩,KYG4602S1057,HORIZONROBOT-W,12572237
2025-12-03,홍콩,HK0001121349,XL2CSOPSMSN,11703446
2025-12-03,홍콩,HK1126010854,DREAM INTERNATIONAL LTD,11635497
2025-12-03,홍콩,KYG8208B1014,JD.COM INC CL A,11474579
2025-12-03,홍콩,HK0001200002,02259,11239260
2025-12-03,홍콩,KYG7170M1033,POP MART INTL GROUP LTD,10981845
2025-12-03,홍콩,HKX566362888,PING AN SECURITIE HKD0.01 HKD0.01 CHAN 009837742 BMG7115B1211,10823272
2025-12-03,홍콩,CNE1000003W8,PETROCHINA CO LTD-H,10383208
2025-12-03,홍콩,CNE1000001Z5,BANK OF CHINA LTD-H,10140794
2025-12-03,홍콩,CNE1000048K8,HAIER SMART HOME CO LTD-H MRGR 006942845 BMG423131256,9648612
2025-12-03,홍콩,CNE1000002Q2,CHINA PETROLEUM AND CHEMICAL CORP-H,9634091
2025-12-04,홍콩,KYG875721634,TENCENT HOLDINGS LTD,242604322
2025-12-04,홍콩,KYG017191142,ALIBABA GROUP HOLDING LTD,208826640
2025-12-04,홍콩,KYG8020E1199,SEMICONDUCTOR MANUFACTURING INTL CORP,136452322
2025-12-04,홍콩,CNE100000296,BYD CO LTD-H,127373452
2025-12-04,홍콩,KYG9830T1067,XIAOMI CORP,111642538
2025-12-04,홍콩,CNE1000031W9,GANFENGLITHIUM ORD H,105578723
2025-12-04,홍콩,HK0000637832,GLOBAL X CHINA SEMICONDUCTOR ETF (HKD),91876800
2025-12-04,홍콩,CNE100005F09,TIANQI LITHIUM CORP,86138566
2025-12-04,홍콩,CNE100006WS8,CATL ORD H,74635821
2025-12-04,홍콩,CNE100006CQ4,Ubtech Robotics Ord Shs H,64639184
2025-12-04,홍콩,CNE100000593,PICC PROPERTY AND CASUALTY CO LTD-H,50956797
2025-12-04,홍콩,CNE100004YZ4,CTG DUTY-FREE,50107607
2025-12-04,홍콩,HK0000562659,GLOBAL X CHINA ELECTRIC VEHICLE AND BATTERY ETF (HKD),49163948
2025-12-04,홍콩,KYG392AS1011,GLOBAL NEW MATERIAL INTL HOLDINGS LTD,46447095
2025-12-04,홍콩,CNE100006Z79,SANHUA INTELLIGENT,32446732
2025-12-04,홍콩,HK0001025037,GLOBAL X US Treasury 3-5 Year ETF,30603618
2025-12-04,홍콩,KYG596691041,MEITUAN,27055423
2025-12-04,홍콩,HK0000921236,A GX USD MM,26364127
2025-12-04,홍콩,CNE1000003X6,PING AN INSURANCE GROUP CO OF CHINA LTD-H,25279618
2025-12-04,홍콩,CNE100006JG0,LAOPU GOLD,24299616
2025-12-04,홍콩,KYG070341048,BAIDU INC CL A,22298838
2025-12-04,홍콩,HK0000748381,YESASIA HOLDINGS LTD,22110318
2025-12-04,홍콩,KYG3777B1032,GEELY AUTOMOBILE HOLDINGS LTD,22021646
2025-12-04,홍콩,HK0000921228,Global X HANG SENG TECH ETF,21148046
2025-12-04,홍콩,HK0001205258,XL2CSOPHYNIX,20834154
2025-12-04,홍콩,HK0000859063,SAMSUNG BLOCKCHAIN TECHNOLOGIES ETF,20665576
2025-12-04,홍콩,HK0000516697,GLOBAL X CHINA BIOTECH ETF (HKD),19733711
2025-12-04,홍콩,HK0941009539,CHINA MOBILE LTD,19684024
2025-12-04,홍콩,CNE1000076H5,09927,19170899
2025-12-04,홍콩,HK0000642568,CSOP HANG SENG TECH INDEX ETF (HKD),18853853
2025-12-04,홍콩,HK0000562634,GLOBAL X CHINA CONSUMER BRAND ETF (HKD),16530564
2025-12-04,홍콩,CNE1000003G1,INDUSTRIAL AND COMMERCIAL BANK OF CHINA LTD-H,16448886
2025-12-04,홍콩,CNE1000002H1,CHINA CONSTRUCTION BANK CORP-H,15835546
2025-12-04,홍콩,KYG982AW1003,XPENG INC,15557332
2025-12-04,홍콩,KYG532631028,KUAISHOU TECHNOLOGY,15408541
2025-12-04,홍콩,HK0000516713,GLOBAL X CHINA CLOUD COMPUTING ETF (HKD),15259986
2025-12-04,홍콩,KYG970081173,WUXI BIOLOGICS CAYMAN INC,14244634
2025-12-04,홍콩,HK0000562675,GLOBAL X CHINA CLEAN ENERGY ETF (HKD),13604962
2025-12-04,홍콩,KYG4602S1057,HORIZONROBOT-W,13382180
2025-12-04,홍콩,KYG3774X1088,GCL TECHNOLOGY HOLDINGS LTD,12987661
2025-12-04,홍콩,HK1126010854,DREAM INTERNATIONAL LTD,11783698
2025-12-04,홍콩,HK0001121349,XL2CSOPSMSN,11782556
2025-12-04,홍콩,KYG8208B1014,JD.COM INC CL A,11532652
2025-12-04,홍콩,HK0001200002,02259,11216325
2025-12-04,홍콩,KYG7170M1033,POP MART INTL GROUP LTD,10968271
2025-12-04,홍콩,HKX566362888,PING AN SECURITIE HKD0.01 HKD0.01 CHAN 009837742 BMG7115B1211,10823595
2025-12-04,홍콩,CNE1000003W8,PETROCHINA CO LTD-H,10407170
2025-12-04,홍콩,CNE1000001Z5,BANK OF CHINA LTD-H,10185829
2025-12-04,홍콩,CNE1000048K8,HAIER SMART HOME CO LTD-H MRGR 006942845 BMG423131256,9741678
2025-12-04,홍콩,CNE1000002Q2,CHINA PETROLEUM AND CHEMICAL CORP-H,9613016
2025-12-05,홍콩,KYG875721634,TENCENT HOLDINGS LTD,241422026
2025-12-05,홍콩,KYG017191142,ALIBABA GROUP HOLDING LTD,211409076
2025-12-05,홍콩,KYG8020E1199,SEMICONDUCTOR MANUFACTURING INTL CORP,138695850
2025-12-05,홍콩,CNE100000296,BYD CO LTD-H,128100709
2025-12-05,홍콩,KYG9830T1067,XIAOMI CORP,113515136
2025-12-05,홍콩,CNE1000031W9,GANFENGLITHIUM ORD H,106704625
2025-12-05,홍콩,HK0000637832,GLOBAL X CHINA SEMICONDUCTOR ETF (HKD),92520015
2025-12-05,홍콩,CNE100005F09,TIANQI LITHIUM CORP,86629076
2025-12-05,홍콩,CNE100006WS8,CATL ORD H,75009697
2025-12-05,홍콩,CNE100006CQ4,Ubtech Robotics Ord Shs H,65351213
2025-12-05,홍콩,CNE100000593,PICC PROPERTY AND CASUALTY CO LTD-H,52264139
2025-12-05,홍콩,CNE100004YZ4,CTG DUTY-FREE,49677798
2025-12-05,홍콩,HK0000562659,GLOBAL X CHINA ELECTRIC VEHICLE AND BATTERY ETF (HKD),49310962
2025-12-05,홍콩,KYG392AS1011,GLOBAL NEW MATERIAL INTL HOLDINGS LTD,45236766
2025-12-05,홍콩,CNE100006Z79,SANHUA INTELLIGENT,33323382
2025-12-05,홍콩,HK0001025037,GLOBAL X US Treasury 3-5 Year ETF,30595914
2025-12-05,홍콩,KYG596691041,MEITUAN,27336138
2025-12-05,홍콩,CNE1000003X6,PING AN INSURANCE GROUP CO OF CHINA LTD-H,26974347
2025-12-05,홍콩,HK0000921236,A GX USD MM,26366954
2025-12-05,홍콩,CNE100006JG0,LAOPU GOLD,24159582
2025-12-05,홍콩,HK0000748381,YESASIA HOLDINGS LTD,23352169
2025-12-05,홍콩,KYG070341048,BAIDU INC CL A,23104171
2025-12-05,홍콩,KYG3777B1032,GEELY AUTOMOBILE HOLDINGS LTD,21914716
2025-12-05,홍콩,HK0000921228,Global X HANG SENG TECH ETF,21353390
2025-12-05,홍콩,HK0000859063,SAMSUNG BLOCKCHAIN TECHNOLOGIES ETF,20992276
2025-12-05,홍콩,HK0001205258,XL2CSOPHYNIX,20766201
2025-12-05,홍콩,HK0941009539,CHINA MOBILE LTD,19720020
2025-12-05,홍콩,HK0000516697,GLOBAL X CHINA BIOTECH ETF (HKD),19717447
2025-12-05,홍콩,CNE1000076H5,09927,18974271
2025-12-05,홍콩,HK0000642568,CSOP HANG SENG TECH INDEX ETF (HKD),18633395
2025-12-05,홍콩,CNE1000003G1,INDUSTRIAL AND COMMERCIAL BANK OF CHINA LTD-H,16744831
2025-12-05,홍콩,HK0000562634,GLOBAL X CHINA CONSUMER BRAND ETF (HKD),16469529
2025-12-05,홍콩,CNE1000002H1,CHINA CONSTRUCTION BANK CORP-H,15958248
2025-12-05,홍콩,KYG532631028,KUAISHOU TECHNOLOGY,15796524
2025-12-05,홍콩,HK0000516713,GLOBAL X CHINA CLOUD COMPUTING ETF (HKD),15375412
2025-12-05,홍콩,KYG982AW1003,XPENG INC,15047970
2025-12-05,홍콩,HK0000562675,GLOBAL X CHINA CLEAN ENERGY ETF (HKD),13758834
2025-12-05,홍콩,KYG4602S1057,HORIZONROBOT-W,13564440
2025-12-05,홍콩,KYG3774X1088,GCL TECHNOLOGY HOLDINGS LTD,13101704
2025-12-05,홍콩,KYG970081173,WUXI BIOLOGICS CAYMAN INC,12770551
2025-12-05,홍콩,HK0001121349,XL2CSOPSMSN,12569241
2025-12-05,홍콩,KYG8208B1014,JD.COM INC CL A,11628575
2025-12-05,홍콩,HK1126010854,DREAM INTERNATIONAL LTD,11564075
2025-12-05,홍콩,HK0001200002,02259,11442499
2025-12-05,홍콩,HKX566362888,PING AN SECURITIE HKD0.01 HKD0.01 CHAN 009837742 BMG7115B1211,10824755
2025-12-05,홍콩,CNE1000003W8,PETROCHINA CO LTD-H,10441499
2025-12-05,홍콩,CNE1000001Z5,BANK OF CHINA LTD-H,10270255
2025-12-05,홍콩,CNE1000002Q2,CHINA PETROLEUM AND CHEMICAL CORP-H,9659456
2025-12-05,홍콩,CNE1000048K8,HAIER SMART HOME CO LTD-H MRGR 006942845 BMG423131256,9657072
2025-12-05,홍콩,HK0000637857,GLOBAL X CHINA ROBOTICS AND AI ETF (HKD),9552140
2025-12-08,홍콩,KYG875721634,TENCENT HOLDINGS LTD,238820568
2025-12-08,홍콩,KYG017191142,ALIBABA GROUP HOLDING LTD,208436877
2025-12-08,홍콩,KYG8020E1199,SEMICONDUCTOR MANUFACTURING INTL CORP,143433016
2025-12-08,홍콩,CNE100000296,BYD CO LTD-H,127918417
2025-12-08,홍콩,CNE1000031W9,GANFENGLITHIUM ORD H,114085937
2025-12-08,홍콩,KYG9830T1067,XIAOMI CORP,111075704
2025-12-08,홍콩,HK0000637832,GLOBAL X CHINA SEMICONDUCTOR ETF (HKD),93877516
2025-12-08,홍콩,CNE100005F09,TIANQI LITHIUM CORP,89346377
2025-12-08,홍콩,CNE100006WS8,CATL ORD H,77290345
2025-12-08,홍콩,CNE100006CQ4,Ubtech Robotics Ord Shs H,65008710
2025-12-08,홍콩,CNE100000593,PICC PROPERTY AND CASUALTY CO LTD-H,52099764
2025-12-08,홍콩,CNE100004YZ4,CTG DUTY-FREE,50234373
2025-12-08,홍콩,HK0000562659,GLOBAL X CHINA ELECTRIC VEHICLE AND BATTERY ETF (HKD),49806295
2025-12-08,홍콩,KYG392AS1011,GLOBAL NEW MATERIAL INTL HOLDINGS LTD,47394013
2025-12-08,홍콩,CNE100006Z79,SANHUA INTELLIGENT,34318830
2025-12-08,홍콩,HK0001025037,GLOBAL X US Treasury 3-5 Year ETF,30500430
2025-12-08,홍콩,CNE1000003X6,PING AN INSURANCE GROUP CO OF CHINA LTD-H,27435078
2025-12-08,홍콩,KYG596691041,MEITUAN,27270235
2025-12-08,홍콩,HK0000921236,A GX USD MM,26360390
2025-12-08,홍콩,KYG070341048,BAIDU INC CL A,23815427
2025-12-08,홍콩,HK0001205258,XL2CSOPHYNIX,23717582
2025-12-08,홍콩,HK0000748381,YESASIA HOLDINGS LTD,23252497
2025-12-08,홍콩,CNE100006JG0,LAOPU GOLD,22547682
2025-12-08,홍콩,KYG3777B1032,GEELY AUTOMOBILE HOLDINGS LTD,22286645
2025-12-08,홍콩,HK0000921228,Global X HANG SENG TECH ETF,21232875
2025-12-08,홍콩,HK0000859063,SAMSUNG BLOCKCHAIN TECHNOLOGIES ETF,20851881
2025-12-08,홍콩,HK0941009539,CHINA MOBILE LTD,19492741
2025-12-08,홍콩,HK0000516697,GLOBAL X CHINA BIOTECH ETF (HKD),19467431
2025-12-08,홍콩,CNE1000076H5,09927,19035758
2025-12-08,홍콩,HK0000642568,CSOP HANG SENG TECH INDEX ETF (HKD),18624628
2025-12-08,홍콩,HK0000562634,GLOBAL X CHINA CONSUMER BRAND ETF (HKD),16261377
2025-12-08,홍콩,CNE1000003G1,INDUSTRIAL AND COMMERCIAL BANK OF CHINA LTD-H,16154958
2025-12-08,홍콩,KYG532631028,KUAISHOU TECHNOLOGY,15523805
2025-12-08,홍콩,HK0000516713,GLOBAL X CHINA CLOUD COMPUTING ETF (HKD),15507622
2025-12-08,홍콩,CNE1000002H1,CHINA CONSTRUCTION BANK CORP-H,15142059
2025-12-08,홍콩,KYG982AW1003,XPENG INC,14862500
2025-12-08,홍콩,KYG4602S1057,HORIZONROBOT-W,14399249
2025-12-08,홍콩,HK0000562675,GLOBAL X CHINA CLEAN ENERGY ETF (HKD),13549383
2025-12-08,홍콩,HK0001121349,XL2CSOPSMSN,13168897
2025-12-08,홍콩,KYG3774X1088,GCL TECHNOLOGY HOLDINGS LTD,12986116
2025-12-08,홍콩,KYG970081173,WUXI BIOLOGICS CAYMAN INC,12848190
2025-12-08,홍콩,KYG8208B1014,JD.COM INC CL A,11523604
2025-12-08,홍콩,HK1126010854,DREAM INTERNATIONAL LTD,11122831
2025-12-08,홍콩,HK0001200002,02259,10965517
2025-12-08,홍콩,HKX566362888,PING AN SECURITIE HKD0.01 HKD0.01 CHAN 009837742 BMG7115B1211,10822060
2025-12-08,홍콩,CNE1000003W8,PETROCHINA CO LTD-H,10491258
2025-12-08,홍콩,CNE1000001Z5,BANK OF CHINA LTD-H,9996902
2025-12-08,홍콩,CNE1000002Q2,CHINA PETROLEUM AND CHEMICAL CORP-H,9628766
2025-12-08,홍콩,HK0000637857,GLOBAL X CHINA ROBOTICS AND AI ETF (HKD),9591385
2025-12-08,홍콩,CNE1000048K8,HAIER SMART HOME CO LTD-H MRGR 006942845 BMG423131256,9480678
2025-12-09,홍콩,KYG875721634,TENCENT HOLDINGS LTD,238421946
2025-12-09,홍콩,KYG017191142,ALIBABA GROUP HOLDING LTD,202759793
2025-12-09,홍콩,KYG8020E1199,SEMICONDUCTOR MANUFACTURING INTL CORP,137708799
2025-12-09,홍콩,CNE100000296,BYD CO LTD-H,125649861
2025-12-09,홍콩,CNE1000031W9,GANFENGLITHIUM ORD H,110639632
2025-12-09,홍콩,KYG9830T1067,XIAOMI CORP,107511972
2025-12-09,홍콩,HK0000637832,GLOBAL X CHINA SEMICONDUCTOR ETF (HKD),93807875
2025-12-09,홍콩,CNE100005F09,TIANQI LITHIUM CORP,86021862
2025-12-09,홍콩,CNE100006WS8,CATL ORD H,75803968
2025-12-09,홍콩,CNE100006CQ4,Ubtech Robotics Ord Shs H,63693951
2025-12-09,홍콩,CNE100000593,PICC PROPERTY AND CASUALTY CO LTD-H,50969856
2025-12-09,홍콩,HK0000562659,GLOBAL X CHINA ELECTRIC VEHICLE AND BATTERY ETF (HKD),49233301
2025-12-09,홍콩,CNE100004YZ4,CTG DUTY-FREE,48366738
2025-12-09,홍콩,KYG392AS1011,GLOBAL NEW MATERIAL INTL HOLDINGS LTD,45245366
2025-12-09,홍콩,CNE100006Z79,SANHUA INTELLIGENT,33729816
2025-12-09,홍콩,HK0001025037,GLOBAL X US Treasury 3-5 Year ETF,30582238
2025-12-09,홍콩,CNE1000003X6,PING AN INSURANCE GROUP CO OF CHINA LTD-H,26848983
2025-12-09,홍콩,KYG596691041,MEITUAN,26383824
2025-12-09,홍콩,HK0000921236,A GX USD MM,26374109
2025-12-09,홍콩,HK0001205258,XL2CSOPHYNIX,23228759
2025-12-09,홍콩,KYG070341048,BAIDU INC CL A,22917184
2025-12-09,홍콩,HK0000748381,YESASIA HOLDINGS LTD,22898826
2025-12-09,홍콩,KYG3777B1032,GEELY AUTOMOBILE HOLDINGS LTD,22059083
2025-12-09,홍콩,CNE100006JG0,LAOPU GOLD,21899055
2025-12-09,홍콩,HK0000921228,Global X HANG SENG TECH ETF,20810552
2025-12-09,홍콩,HK0000859063,SAMSUNG BLOCKCHAIN TECHNOLOGIES ETF,20736512
2025-12-09,홍콩,HK0000516697,GLOBAL X CHINA BIOTECH ETF (HKD),19356384
2025-12-09,홍콩,HK0941009539,CHINA MOBILE LTD,19341820
2025-12-09,홍콩,CNE1000076H5,09927,18383208
2025-12-09,홍콩,HK0000642568,CSOP HANG SENG TECH INDEX ETF (HKD),18299385
2025-12-09,홍콩,CNE1000003G1,INDUSTRIAL AND COMMERCIAL BANK OF CHINA LTD-H,16087567
2025-12-09,홍콩,HK0000562634,GLOBAL X CHINA CONSUMER BRAND ETF (HKD),15897238
2025-12-09,홍콩,HK0000516713,GLOBAL X CHINA CLOUD COMPUTING ETF (HKD),15390583
2025-12-09,홍콩,CNE1000002H1,CHINA CONSTRUCTION BANK CORP-H,15023436
2025-12-09,홍콩,KYG982AW1003,XPENG INC,14927944
2025-12-09,홍콩,KYG4602S1057,HORIZONROBOT-W,14770548
2025-12-09,홍콩,KYG532631028,KUAISHOU TECHNOLOGY,14481421
2025-12-09,홍콩,HK0000562675,GLOBAL X CHINA CLEAN ENERGY ETF (HKD),13702705
2025-12-09,홍콩,KYG3774X1088,GCL TECHNOLOGY HOLDINGS LTD,13301791
2025-12-09,홍콩,KYG970081173,WUXI BIOLOGICS CAYMAN INC,13103302
2025-12-09,홍콩,HK0001121349,XL2CSOPSMSN,13035898
2025-12-09,홍콩,KYG8208B1014,JD.COM INC CL A,11241717
2025-12-09,홍콩,HKX566362888,PING AN SECURITIE HKD0.01 HKD0.01 CHAN 009837742 BMG7115B1211,10827693
2025-12-09,홍콩,HK1126010854,DREAM INTERNATIONAL LTD,10712597
2025-12-09,홍콩,HK0001200002,02259,10622069
2025-12-09,홍콩,CNE1000003W8,PETROCHINA CO LTD-H,10134685
2025-12-09,홍콩,CNE1000001Z5,BANK OF CHINA LTD-H,9872731
2025-12-09,홍콩,HK0000637857,GLOBAL X CHINA ROBOTICS AND AI ETF (HKD),9510416
2025-12-09,홍콩,CNE1000002Q2,CHINA PETROLEUM AND CHEMICAL CORP-H,9330746
2025-12-09,홍콩,CNE1000048K8,HAIER SMART HOME CO LTD-H MRGR 006942845 BMG423131256,9292903
2025-12-10,홍콩,KYG875721634,TENCENT HOLDINGS LTD,238419147
2025-12-10,홍콩,KYG017191142,ALIBABA GROUP HOLDING LTD,205747228
2025-12-10,홍콩,KYG8020E1199,SEMICONDUCTOR MANUFACTURING INTL CORP,137460403
2025-12-10,홍콩,CNE100000296,BYD CO LTD-H,124447502
2025-12-10,홍콩,CNE1000031W9,GANFENGLITHIUM ORD H,113452646
2025-12-10,홍콩,KYG9830T1067,XIAOMI CORP,109824846
2025-12-10,홍콩,HK0000637832,GLOBAL X CHINA SEMICONDUCTOR ETF (HKD),93747573
2025-12-10,홍콩,CNE100005F09,TIANQI LITHIUM CORP,88632296
2025-12-10,홍콩,CNE100006WS8,CATL ORD H,77683738
2025-12-10,홍콩,CNE100006CQ4,Ubtech Robotics Ord Shs H,65254550
2025-12-10,홍콩,CNE100000593,PICC PROPERTY AND CASUALTY CO LTD-H,50382553
2025-12-10,홍콩,CNE100004YZ4,CTG DUTY-FREE,49863473
2025-12-10,홍콩,HK0000562659,GLOBAL X CHINA ELECTRIC VEHICLE AND BATTERY ETF (HKD),48772470
2025-12-10,홍콩,KYG392AS1011,GLOBAL NEW MATERIAL INTL HOLDINGS LTD,43805469
2025-12-10,홍콩,CNE100006Z79,SANHUA INTELLIGENT,34131004
2025-12-10,홍콩,HK0001025037,GLOBAL X US Treasury 3-5 Year ETF,30531830
2025-12-10,홍콩,CNE1000003X6,PING AN INSURANCE GROUP CO OF CHINA LTD-H,27044264
2025-12-10,홍콩,KYG596691041,MEITUAN,26855282
2025-12-10,홍콩,HK0001205258,XL2CSOPHYNIX,26771311
2025-12-10,홍콩,HK0000921236,A GX USD MM,26368537
2025-12-10,홍콩,KYG070341048,BAIDU INC CL A,23242588
2025-12-10,홍콩,KYG3777B1032,GEELY AUTOMOBILE HOLDINGS LTD,22241281
2025-12-10,홍콩,CNE100006JG0,LAOPU GOLD,22223616
2025-12-10,홍콩,HK0000748381,YESASIA HOLDINGS LTD,21766417
2025-12-10,홍콩,HK0000859063,SAMSUNG BLOCKCHAIN TECHNOLOGIES ETF,21092689
2025-12-10,홍콩,HK0000921228,Global X HANG SENG TECH ETF,20926596
2025-12-10,홍콩,HK0941009539,CHINA MOBILE LTD,19259033
2025-12-10,홍콩,HK0000516697,GLOBAL X CHINA BIOTECH ETF (HKD),19138303
2025-12-10,홍콩,CNE1000076H5,09927,18379324
2025-12-10,홍콩,HK0000642568,CSOP HANG SENG TECH INDEX ETF (HKD),18128368
2025-12-10,홍콩,HK0000562634,GLOBAL X CHINA CONSUMER BRAND ETF (HKD),15897828
2025-12-10,홍콩,CNE1000003G1,INDUSTRIAL AND COMMERCIAL BANK OF CHINA LTD-H,15614197
2025-12-10,홍콩,HK0000516713,GLOBAL X CHINA CLOUD COMPUTING ETF (HKD),15410726
2025-12-10,홍콩,KYG4602S1057,HORIZONROBOT-W,15271779
2025-12-10,홍콩,KYG982AW1003,XPENG INC,14709063
2025-12-10,홍콩,KYG532631028,KUAISHOU TECHNOLOGY,14586001
2025-12-10,홍콩,CNE1000002H1,CHINA CONSTRUCTION BANK CORP-H,13738800
2025-12-10,홍콩,HK0001121349,XL2CSOPSMSN,13601977
2025-12-10,홍콩,HK0000562675,GLOBAL X CHINA CLEAN ENERGY ETF (HKD),13589193
2025-12-10,홍콩,KYG970081173,WUXI BIOLOGICS CAYMAN INC,13190324
2025-12-10,홍콩,KYG3774X1088,GCL TECHNOLOGY HOLDINGS LTD,12718766
2025-12-10,홍콩,KYG8208B1014,JD.COM INC CL A,11148679
2025-12-10,홍콩,HK0001200002,02259,11085266
2025-12-10,홍콩,HK1126010854,DREAM INTERNATIONAL LTD,10858676
2025-12-10,홍콩,HKX566362888,PING AN SECURITIE HKD0.01 HKD0.01 CHAN 009837742 BMG7115B1211,10825405
2025-12-10,홍콩,CNE1000003W8,PETROCHINA CO LTD-H,10304194
2025-12-10,홍콩,CNE1000001Z5,BANK OF CHINA LTD-H,9848776
2025-12-10,홍콩,HK0000637857,GLOBAL X CHINA ROBOTICS AND AI ETF (HKD),9618816
2025-12-10,홍콩,CNE1000048K8,HAIER SMART HOME CO LTD-H MRGR 006942845 BMG423131256,9308993
2025-12-10,홍콩,CNE1000002Q2,CHINA PETROLEUM AND CHEMICAL CORP-H,9216947
2025-12-11,홍콩,KYG875721634,TENCENT HOLDINGS LTD,237739382
2025-12-11,홍콩,KYG017191142,ALIBABA GROUP HOLDING LTD,193830005
2025-12-11,홍콩,KYG8020E1199,SEMICONDUCTOR MANUFACTURING INTL CORP,134039196
2025-12-11,홍콩,CNE100000296,BYD CO LTD-H,123558213
2025-12-11,홍콩,CNE1000031W9,GANFENGLITHIUM ORD H,115051873
2025-12-11,홍콩,KYG9830T1067,XIAOMI CORP,110613778
2025-12-11,홍콩,HK0000637832,GLOBAL X CHINA SEMICONDUCTOR ETF (HKD),92324194
2025-12-11,홍콩,CNE100005F09,TIANQI LITHIUM CORP,89252993
2025-12-11,홍콩,CNE100006WS8,CATL ORD H,79048487
2025-12-11,홍콩,CNE100006CQ4,Ubtech Robotics Ord Shs H,63743439
2025-12-11,홍콩,HK0000562659,GLOBAL X CHINA ELECTRIC VEHICLE AND BATTERY ETF (HKD),50687364
2025-12-11,홍콩,CNE100000593,PICC PROPERTY AND CASUALTY CO LTD-H,50325783
2025-12-11,홍콩,CNE100004YZ4,CTG DUTY-FREE,47500912
2025-12-11,홍콩,KYG392AS1011,GLOBAL NEW MATERIAL INTL HOLDINGS LTD,42409155
2025-12-11,홍콩,CNE100006Z79,SANHUA INTELLIGENT,33837226
2025-12-11,홍콩,HK0001025037,GLOBAL X US Treasury 3-5 Year ETF,30596476
2025-12-11,홍콩,KYG596691041,MEITUAN,27236878
2025-12-11,홍콩,CNE1000003X6,PING AN INSURANCE GROUP CO OF CHINA LTD-H,27179330
2025-12-11,홍콩,HK0000921236,A GX USD MM,26376910
2025-12-11,홍콩,HK0001205258,XL2CSOPHYNIX,24909722
2025-12-11,홍콩,KYG070341048,BAIDU INC CL A,23266903
2025-12-11,홍콩,CNE100006JG0,LAOPU GOLD,22822727
2025-12-11,홍콩,KYG3777B1032,GEELY AUTOMOBILE HOLDINGS LTD,21774494
2025-12-11,홍콩,HK0000748381,YESASIA HOLDINGS LTD,20979411
2025-12-11,홍콩,HK0000921228,Global X HANG SENG TECH ETF,20865572
2025-12-11,홍콩,HK0000859063,SAMSUNG BLOCKCHAIN TECHNOLOGIES ETF,20738714
2025-12-11,홍콩,HK0941009539,CHINA MOBILE LTD,19248635
2025-12-11,홍콩,HK0000516697,GLOBAL X CHINA BIOTECH ETF (HKD),19132158
2025-12-11,홍콩,HK0000642568,CSOP HANG SENG TECH INDEX ETF (HKD),18233129
2025-12-11,홍콩,CNE1000076H5,09927,18202965
2025-12-11,홍콩,HK0000562634,GLOBAL X CHINA CONSUMER BRAND ETF (HKD),15812457
2025-12-11,홍콩,CNE1000003G1,INDUSTRIAL AND COMMERCIAL BANK OF CHINA LTD-H,15697009
2025-12-11,홍콩,HK0000516713,GLOBAL X CHINA CLOUD COMPUTING ETF (HKD),15168662
2025-12-11,홍콩,KYG4602S1057,HORIZONROBOT-W,14706695
2025-12-11,홍콩,KYG532631028,KUAISHOU TECHNOLOGY,14514702
2025-12-11,홍콩,KYG982AW1003,XPENG INC,14376058
2025-12-11,홍콩,CNE1000002H1,CHINA CONSTRUCTION BANK CORP-H,13689430
2025-12-11,홍콩,HK0000562675,GLOBAL X CHINA CLEAN ENERGY ETF (HKD),13460906
2025-12-11,홍콩,HK0001121349,XL2CSOPSMSN,13437021
2025-12-11,홍콩,KYG970081173,WUXI BIOLOGICS CAYMAN INC,13011056
2025-12-11,홍콩,KYG3774X1088,GCL TECHNOLOGY HOLDINGS LTD,11808039
2025-12-11,홍콩,KYG8208B1014,JD.COM INC CL A,11135351
2025-12-11,홍콩,HK0001200002,02259,11011189
2025-12-11,홍콩,HK1126010854,DREAM INTERNATIONAL LTD,10914158
2025-12-11,홍콩,HKX566362888,PING AN SECURITIE HKD0.01 HKD0.01 CHAN 009837742 BMG7115B1211,10828843
2025-12-11,홍콩,CNE1000003W8,PETROCHINA CO LTD-H,10289276
2025-12-11,홍콩,CNE1000001Z5,BANK OF CHINA LTD-H,9851903
2025-12-11,홍콩,HK0000637857,GLOBAL X CHINA ROBOTICS AND AI ETF (HKD),9447892
2025-12-11,홍콩,CNE1000048K8,HAIER SMART HOME CO LTD-H MRGR 006942845 BMG423131256,9262000
2025-12-11,홍콩,CNE1000002Q2,CHINA PETROLEUM AND CHEMICAL CORP-H,9196368
2025-12-12,홍콩,KYG875721634,TENCENT HOLDINGS LTD,243121753
2025-12-12,홍콩,KYG017191142,ALIBABA GROUP HOLDING LTD,206638427
2025-12-12,홍콩,KYG8020E1199,SEMICONDUCTOR MANUFACTURING INTL CORP,134349395
2025-12-12,홍콩,CNE100000296,BYD CO LTD-H,124618654
2025-12-12,홍콩,CNE1000031W9,GANFENGLITHIUM ORD H,112444353
2025-12-12,홍콩,KYG9830T1067,XIAOMI CORP,112179602
2025-12-12,홍콩,HK0000637832,GLOBAL X CHINA SEMICONDUCTOR ETF (HKD),94017176
2025-12-12,홍콩,CNE100005F09,TIANQI LITHIUM CORP,87085767
2025-12-12,홍콩,CNE100006WS8,CATL ORD H,79923067
2025-12-12,홍콩,CNE100006CQ4,Ubtech Robotics Ord Shs H,65433480
2025-12-12,홍콩,HK0000562659,GLOBAL X CHINA ELECTRIC VEHICLE AND BATTERY ETF (HKD),50963292
2025-12-12,홍콩,CNE100000593,PICC PROPERTY AND CASUALTY CO LTD-H,50923786
2025-12-12,홍콩,CNE100004YZ4,CTG DUTY-FREE,47824674
2025-12-12,홍콩,KYG392AS1011,GLOBAL NEW MATERIAL INTL HOLDINGS LTD,42805739
2025-12-12,홍콩,CNE100006Z79,SANHUA INTELLIGENT,33878090
2025-12-12,홍콩,HK0001025037,GLOBAL X US Treasury 3-5 Year ETF,30589297
2025-12-12,홍콩,CNE1000003X6,PING AN INSURANCE GROUP CO OF CHINA LTD-H,28135562
2025-12-12,홍콩,HK0001205258,XL2CSOPHYNIX,28012258
2025-12-12,홍콩,KYG596691041,MEITUAN,27267962
2025-12-12,홍콩,HK0000921236,A GX USD MM,26394804
2025-12-12,홍콩,KYG070341048,BAIDU INC CL A,23665909
2025-12-12,홍콩,CNE100006JG0,LAOPU GOLD,23602518
2025-12-12,홍콩,KYG3777B1032,GEELY AUTOMOBILE HOLDINGS LTD,22301547
2025-12-12,홍콩,HK0000921228,Global X HANG SENG TECH ETF,21259677
2025-12-12,홍콩,HK0000859063,SAMSUNG BLOCKCHAIN TECHNOLOGIES ETF,21211628
2025-12-12,홍콩,HK0000748381,YESASIA HOLDINGS LTD,20831789
2025-12-12,홍콩,HK0941009539,CHINA MOBILE LTD,19425084
2025-12-12,홍콩,HK0000516697,GLOBAL X CHINA BIOTECH ETF (HKD),19165689
2025-12-12,홍콩,HK0000642568,CSOP HANG SENG TECH INDEX ETF (HKD),18506177
2025-12-12,홍콩,CNE1000076H5,09927,18480202
2025-12-12,홍콩,HK0000562634,GLOBAL X CHINA CONSUMER BRAND ETF (HKD),15973709
2025-12-12,홍콩,CNE1000003G1,INDUSTRIAL AND COMMERCIAL BANK OF CHINA LTD-H,15757849
2025-12-12,홍콩,HK0000516713,GLOBAL X CHINA CLOUD COMPUTING ETF (HKD),15397022
2025-12-12,홍콩,KYG4602S1057,HORIZONROBOT-W,15223335
2025-12-12,홍콩,KYG532631028,KUAISHOU TECHNOLOGY,14625727
2025-12-12,홍콩,KYG982AW1003,XPENG INC,14465629
2025-12-12,홍콩,HK0001121349,XL2CSOPSMSN,13942178
2025-12-12,홍콩,CNE1000002H1,CHINA CONSTRUCTION BANK CORP-H,13753329
2025-12-12,홍콩,HK0000562675,GLOBAL X CHINA CLEAN ENERGY ETF (HKD),13589655
2025-12-12,홍콩,KYG970081173,WUXI BIOLOGICS CAYMAN INC,13186552
2025-12-12,홍콩,KYG3774X1088,GCL TECHNOLOGY HOLDINGS LTD,12025374
2025-12-12,홍콩,HK0001200002,02259,11404263
2025-12-12,홍콩,KYG8208B1014,JD.COM INC CL A,11076905
2025-12-12,홍콩,HK1126010854,DREAM INTERNATIONAL LTD,10838382
2025-12-12,홍콩,HKX566362888,PING AN SECURITIE HKD0.01 HKD0.01 CHAN 009837742 BMG7115B1211,10826302
2025-12-12,홍콩,CNE1000003W8,PETROCHINA CO LTD-H,10257718
2025-12-12,홍콩,CNE1000001Z5,BANK OF CHINA LTD-H,9916901
2025-12-12,홍콩,CNE1000048K8,HAIER SMART HOME CO LTD-H MRGR 006942845 BMG423131256,9524328
2025-12-12,홍콩,HK0000637857,GLOBAL X CHINA ROBOTICS AND AI ETF (HKD),9495299
2025-12-12,홍콩,CNE1000002Q2,CHINA PETROLEUM AND CHEMICAL CORP-H,9296907
2025-12-15,홍콩,KYG875721634,TENCENT HOLDINGS LTD,238296280
2025-12-15,홍콩,KYG017191142,ALIBABA GROUP HOLDING LTD,199288271
2025-12-15,홍콩,KYG8020E1199,SEMICONDUCTOR MANUFACTURING INTL CORP,128620104
2025-12-15,홍콩,CNE100000296,BYD CO LTD-H,120995164
2025-12-15,홍콩,CNE1000031W9,GANFENGLITHIUM ORD H,111632273
2025-12-15,홍콩,KYG9830T1067,XIAOMI CORP,109074682
2025-12-15,홍콩,HK0000637832,GLOBAL X CHINA SEMICONDUCTOR ETF (HKD),91661332
2025-12-15,홍콩,CNE100005F09,TIANQI LITHIUM CORP,86764093
2025-12-15,홍콩,CNE100006WS8,CATL ORD H,80510836
2025-12-15,홍콩,CNE100006CQ4,Ubtech Robotics Ord Shs H,64660508
2025-12-15,홍콩,CNE100000593,PICC PROPERTY AND CASUALTY CO LTD-H,50921322
2025-12-15,홍콩,HK0000562659,GLOBAL X CHINA ELECTRIC VEHICLE AND BATTERY ETF (HKD),49713056
2025-12-15,홍콩,CNE100004YZ4,CTG DUTY-FREE,48412368
2025-12-15,홍콩,KYG392AS1011,GLOBAL NEW MATERIAL INTL HOLDINGS LTD,43181238
2025-12-15,홍콩,CNE100006Z79,SANHUA INTELLIGENT,31304636
2025-12-15,홍콩,HK0001025037,GLOBAL X US Treasury 3-5 Year ETF,30646228
2025-12-15,홍콩,CNE1000003X6,PING AN INSURANCE GROUP CO OF CHINA LTD-H,28847871
2025-12-15,홍콩,KYG596691041,MEITUAN,26765190
2025-12-15,홍콩,HK0001205258,XL2CSOPHYNIX,26589909
2025-12-15,홍콩,HK0000921236,A GX USD MM,26387060
2025-12-15,홍콩,CNE100006JG0,LAOPU GOLD,23587082
2025-12-15,홍콩,KYG070341048,BAIDU INC CL A,22287485
2025-12-15,홍콩,KYG3777B1032,GEELY AUTOMOBILE HOLDINGS LTD,21596826
2025-12-15,홍콩,HK0000859063,SAMSUNG BLOCKCHAIN TECHNOLOGIES ETF,20448391
2025-12-15,홍콩,HK0000748381,YESASIA HOLDINGS LTD,20334600
2025-12-15,홍콩,HK0000921228,Global X HANG SENG TECH ETF,20048125
2025-12-15,홍콩,HK0941009539,CHINA MOBILE LTD,19039487
2025-12-15,홍콩,HK0000516697,GLOBAL X CHINA BIOTECH ETF (HKD),18518206
2025-12-15,홍콩,CNE1000076H5,09927,18292681
2025-12-15,홍콩,HK0000642568,CSOP HANG SENG TECH INDEX ETF (HKD),18057866
2025-12-15,홍콩,HK0000562634,GLOBAL X CHINA CONSUMER BRAND ETF (HKD),15805612
2025-12-15,홍콩,CNE1000003G1,INDUSTRIAL AND COMMERCIAL BANK OF CHINA LTD-H,15624942
2025-12-15,홍콩,HK0000516713,GLOBAL X CHINA CLOUD COMPUTING ETF (HKD),15072798
2025-12-15,홍콩,KYG4602S1057,HORIZONROBOT-W,14888517
2025-12-15,홍콩,KYG982AW1003,XPENG INC,14031329
2025-12-15,홍콩,KYG532631028,KUAISHOU TECHNOLOGY,13983780
2025-12-15,홍콩,CNE1000002H1,CHINA CONSTRUCTION BANK CORP-H,13587447
2025-12-15,홍콩,HK0001121349,XL2CSOPSMSN,13494200
2025-12-15,홍콩,HK0000562675,GLOBAL X CHINA CLEAN ENERGY ETF (HKD),13458486
2025-12-15,홍콩,KYG970081173,WUXI BIOLOGICS CAYMAN INC,13302461
2025-12-15,홍콩,HK0001200002,02259,12295245
2025-12-15,홍콩,KYG3774X1088,GCL TECHNOLOGY HOLDINGS LTD,12070094
2025-12-15,홍콩,HK1126010854,DREAM INTERNATIONAL LTD,10952269
2025-12-15,홍콩,KYG8208B1014,JD.COM INC CL A,10873758
2025-12-15,홍콩,HKX566362888,PING AN SECURITIE HKD0.01 HKD0.01 CHAN 009837742 BMG7115B1211,10823125
2025-12-15,홍콩,CNE1000003W8,PETROCHINA CO LTD-H,10130259
2025-12-15,홍콩,CNE1000001Z5,BANK OF CHINA LTD-H,9866306
2025-12-15,홍콩,CNE1000048K8,HAIER SMART HOME CO LTD-H MRGR 006942845 BMG423131256,9593706
2025-12-15,홍콩,CNE1000002Q2,CHINA PETROLEUM AND CHEMICAL CORP-H,9463837
2025-12-15,홍콩,HK0000637857,GLOBAL X CHINA ROBOTICS AND AI ETF (HKD),9240245
2025-12-16,홍콩,KYG875721634,TENCENT HOLDINGS LTD,234774050
2025-12-16,홍콩,KYG017191142,ALIBABA GROUP HOLDING LTD,193581350
2025-12-16,홍콩,KYG8020E1199,SEMICONDUCTOR MANUFACTURING INTL CORP,126360456
2025-12-16,홍콩,CNE100000296,BYD CO LTD-H,118899252
2025-12-16,홍콩,CNE1000031W9,GANFENGLITHIUM ORD H,109133600
2025-12-16,홍콩,KYG9830T1067,XIAOMI CORP,106294946
2025-12-16,홍콩,HK0000637832,GLOBAL X CHINA SEMICONDUCTOR ETF (HKD),90281093
2025-12-16,홍콩,CNE100005F09,TIANQI LITHIUM CORP,86301947
2025-12-16,홍콩,CNE100006WS8,CATL ORD H,78421582
2025-12-16,홍콩,CNE100006CQ4,Ubtech Robotics Ord Shs H,61355803
2025-12-16,홍콩,HK0000562659,GLOBAL X CHINA ELECTRIC VEHICLE AND BATTERY ETF (HKD),55709325
2025-12-16,홍콩,CNE100000593,PICC PROPERTY AND CASUALTY CO LTD-H,49112876
2025-12-16,홍콩,CNE100004YZ4,CTG DUTY-FREE,47890679
2025-12-16,홍콩,KYG392AS1011,GLOBAL NEW MATERIAL INTL HOLDINGS LTD,41848222
2025-12-16,홍콩,HK0001025037,GLOBAL X US Treasury 3-5 Year ETF,30554539
2025-12-16,홍콩,CNE100006Z79,SANHUA INTELLIGENT,30287574
2025-12-16,홍콩,CNE1000003X6,PING AN INSURANCE GROUP CO OF CHINA LTD-H,26619402
2025-12-16,홍콩,HK0000921236,A GX USD MM,26393254
2025-12-16,홍콩,KYG596691041,MEITUAN,26305388
2025-12-16,홍콩,HK0001205258,XL2CSOPHYNIX,24414106
2025-12-16,홍콩,CNE100006JG0,LAOPU GOLD,23478147
2025-12-16,홍콩,KYG070341048,BAIDU INC CL A,21839138
2025-12-16,홍콩,HK0000748381,YESASIA HOLDINGS LTD,21273142
2025-12-16,홍콩,KYG3777B1032,GEELY AUTOMOBILE HOLDINGS LTD,20998294
2025-12-16,홍콩,HK0000921228,Global X HANG SENG TECH ETF,20008236
2025-12-16,홍콩,HK0000859063,SAMSUNG BLOCKCHAIN TECHNOLOGIES ETF,19200218
2025-12-16,홍콩,HK0941009539,CHINA MOBILE LTD,18859513
2025-12-16,홍콩,HK0000516697,GLOBAL X CHINA BIOTECH ETF (HKD),18205685
2025-12-16,홍콩,CNE1000076H5,09927,18015483
2025-12-16,홍콩,HK0000642568,CSOP HANG SENG TECH INDEX ETF (HKD),17535183
2025-12-16,홍콩,HK0000562634,GLOBAL X CHINA CONSUMER BRAND ETF (HKD),15624593
2025-12-16,홍콩,CNE1000003G1,INDUSTRIAL AND COMMERCIAL BANK OF CHINA LTD-H,15352467
2025-12-16,홍콩,KYG4602S1057,HORIZONROBOT-W,14972366
2025-12-16,홍콩,HK0000516713,GLOBAL X CHINA CLOUD COMPUTING ETF (HKD),14727001
2025-12-16,홍콩,KYG982AW1003,XPENG INC,13629794
2025-12-16,홍콩,KYG532631028,KUAISHOU TECHNOLOGY,13413777
2025-12-16,홍콩,KYG970081173,WUXI BIOLOGICS CAYMAN INC,13316569
2025-12-16,홍콩,CNE1000002H1,CHINA CONSTRUCTION BANK CORP-H,13306561
2025-12-16,홍콩,HK0000562675,GLOBAL X CHINA CLEAN ENERGY ETF (HKD),13152112
2025-12-16,홍콩,HK0001121349,XL2CSOPSMSN,13016942
2025-12-16,홍콩,KYG3774X1088,GCL TECHNOLOGY HOLDINGS LTD,11937758
2025-12-16,홍콩,HK0001200002,02259,11560553
2025-12-16,홍콩,HKX566362888,PING AN SECURITIE HKD0.01 HKD0.01 CHAN 009837742 BMG7115B1211,10825666
2025-12-16,홍콩,HK1126010854,DREAM INTERNATIONAL LTD,10819732
2025-12-16,홍콩,KYG8208B1014,JD.COM INC CL A,10362629
2025-12-16,홍콩,CNE1000001Z5,BANK OF CHINA LTD-H,9689747
2025-12-16,홍콩,CNE1000048K8,HAIER SMART HOME CO LTD-H MRGR 006942845 BMG423131256,9539597
2025-12-16,홍콩,CNE1000002Q2,CHINA PETROLEUM AND CHEMICAL CORP-H,9358976
2025-12-16,홍콩,HK0000637857,GLOBAL X CHINA ROBOTICS AND AI ETF (HKD),9111429
2025-12-16,홍콩,CNE1000002L3,CHINA LIFE INSURANCE CO LTD-H,8691773
2025-12-17,홍콩,KYG875721634,TENCENT HOLDINGS LTD,237694495
2025-12-17,홍콩,KYG017191142,ALIBABA GROUP HOLDING LTD,187170552
2025-12-17,홍콩,KYG8020E1199,SEMICONDUCTOR MANUFACTURING INTL CORP,130642568
2025-12-17,홍콩,CNE100000296,BYD CO LTD-H,119329264
2025-12-17,홍콩,CNE1000031W9,GANFENGLITHIUM ORD H,115445862
2025-12-17,홍콩,KYG9830T1067,XIAOMI CORP,106932092
2025-12-17,홍콩,HK0000637832,GLOBAL X CHINA SEMICONDUCTOR ETF (HKD),91835504
2025-12-17,홍콩,CNE100005F09,TIANQI LITHIUM CORP,91370196
2025-12-17,홍콩,CNE100006WS8,CATL ORD H,79216742
2025-12-17,홍콩,CNE100006CQ4,Ubtech Robotics Ord Shs H,61803084
2025-12-17,홍콩,CNE100000593,PICC PROPERTY AND CASUALTY CO LTD-H,49324183
2025-12-17,홍콩,HK0000562659,GLOBAL X CHINA ELECTRIC VEHICLE AND BATTERY ETF (HKD),48122310
2025-12-17,홍콩,CNE100004YZ4,CTG DUTY-FREE,47045974
2025-12-17,홍콩,KYG392AS1011,GLOBAL NEW MATERIAL INTL HOLDINGS LTD,41781802
2025-12-17,홍콩,CNE100006Z79,SANHUA INTELLIGENT,31375937
2025-12-17,홍콩,HK0001025037,GLOBAL X US Treasury 3-5 Year ETF,30664511
2025-12-17,홍콩,CNE1000003X6,PING AN INSURANCE GROUP CO OF CHINA LTD-H,28656303
2025-12-17,홍콩,HK0001205258,XL2CSOPHYNIX,27240313
2025-12-17,홍콩,KYG596691041,MEITUAN,26744622
2025-12-17,홍콩,HK0000921236,A GX USD MM,26405211
2025-12-17,홍콩,CNE100006JG0,LAOPU GOLD,23851112
2025-12-17,홍콩,KYG070341048,BAIDU INC CL A,22243118
2025-12-17,홍콩,HK0000748381,YESASIA HOLDINGS LTD,21264739
2025-12-17,홍콩,KYG3777B1032,GEELY AUTOMOBILE HOLDINGS LTD,20691361
2025-12-17,홍콩,HK0000921228,Global X HANG SENG TECH ETF,20064386
2025-12-17,홍콩,HK0000859063,SAMSUNG BLOCKCHAIN TECHNOLOGIES ETF,19360461
2025-12-17,홍콩,HK0941009539,CHINA MOBILE LTD,18905334
2025-12-17,홍콩,HK0000516697,GLOBAL X CHINA BIOTECH ETF (HKD),18308278
2025-12-17,홍콩,CNE1000076H5,09927,17911608
2025-12-17,홍콩,HK0000642568,CSOP HANG SENG TECH INDEX ETF (HKD),17747912
2025-12-17,홍콩,HK0000562634,GLOBAL X CHINA CONSUMER BRAND ETF (HKD),15796569
2025-12-17,홍콩,CNE1000003G1,INDUSTRIAL AND COMMERCIAL BANK OF CHINA LTD-H,15483332
2025-12-17,홍콩,HK0000516713,GLOBAL X CHINA CLOUD COMPUTING ETF (HKD),14880026
2025-12-17,홍콩,KYG4602S1057,HORIZONROBOT-W,14681252
2025-12-17,홍콩,HK0001121349,XL2CSOPSMSN,14410142
2025-12-17,홍콩,KYG532631028,KUAISHOU TECHNOLOGY,13654987
2025-12-17,홍콩,KYG982AW1003,XPENG INC,13575000
2025-12-17,홍콩,KYG970081173,WUXI BIOLOGICS CAYMAN INC,13516483
2025-12-17,홍콩,CNE1000002H1,CHINA CONSTRUCTION BANK CORP-H,13379995
2025-12-17,홍콩,HK0000562675,GLOBAL X CHINA CLEAN ENERGY ETF (HKD),13261676
2025-12-17,홍콩,KYG3774X1088,GCL TECHNOLOGY HOLDINGS LTD,12276137
2025-12-17,홍콩,HK0001200002,02259,11630718
2025-12-17,홍콩,HKX566362888,PING AN SECURITIE HKD0.01 HKD0.01 CHAN 009837742 BMG7115B1211,10829582
2025-12-17,홍콩,HK1126010854,DREAM INTERNATIONAL LTD,10719448
2025-12-17,홍콩,KYG8208B1014,JD.COM INC CL A,10469411
2025-12-17,홍콩,CNE1000003W8,PETROCHINA CO LTD-H,10001389
2025-12-17,홍콩,CNE1000048K8,HAIER SMART HOME CO LTD-H MRGR 006942845 BMG423131256,9836204
2025-12-17,홍콩,CNE1000001Z5,BANK OF CHINA LTD-H,9737571
2025-12-17,홍콩,CNE1000002Q2,CHINA PETROLEUM AND CHEMICAL CORP-H,9648161
2025-12-17,홍콩,HK0000637857,GLOBAL X CHINA ROBOTICS AND AI ETF (HKD),9226502
2025-12-18,홍콩,KYG875721634,TENCENT HOLDINGS LTD,237137395
2025-12-18,홍콩,KYG017191142,ALIBABA GROUP HOLDING LTD,184289545
2025-12-18,홍콩,KYG8020E1199,SEMICONDUCTOR MANUFACTURING INTL CORP,129655124
2025-12-18,홍콩,CNE100000296,BYD CO LTD-H,117204758
2025-12-18,홍콩,CNE1000031W9,GANFENGLITHIUM ORD H,112750878
2025-12-18,홍콩,KYG9830T1067,XIAOMI CORP,103774825
2025-12-18,홍콩,HK0000637832,GLOBAL X CHINA SEMICONDUCTOR ETF (HKD),91217947
2025-12-18,홍콩,CNE100005F09,TIANQI LITHIUM CORP,90584327
2025-12-18,홍콩,CNE100006WS8,CATL ORD H,74471914
2025-12-18,홍콩,CNE100006CQ4,Ubtech Robotics Ord Shs H,60399838
2025-12-18,홍콩,CNE100000593,PICC PROPERTY AND CASUALTY CO LTD-H,49156941
2025-12-18,홍콩,HK0000562659,GLOBAL X CHINA ELECTRIC VEHICLE AND BATTERY ETF (HKD),47092552
2025-12-18,홍콩,CNE100004YZ4,CTG DUTY-FREE,44326122
2025-12-18,홍콩,KYG392AS1011,GLOBAL NEW MATERIAL INTL HOLDINGS LTD,41946222
2025-12-18,홍콩,CNE100006Z79,SANHUA INTELLIGENT,30986746
2025-12-18,홍콩,HK0001025037,GLOBAL X US Treasury 3-5 Year ETF,30661771
2025-12-18,홍콩,CNE1000003X6,PING AN INSURANCE GROUP CO OF CHINA LTD-H,28683529
2025-12-18,홍콩,KYG596691041,MEITUAN,28319154
2025-12-18,홍콩,HK0000921236,A GX USD MM,26402852
2025-12-18,홍콩,HK0001205258,XL2CSOPHYNIX,25787688
2025-12-18,홍콩,CNE100006JG0,LAOPU GOLD,23826966
2025-12-18,홍콩,KYG070341048,BAIDU INC CL A,22163188
2025-12-18,홍콩,HK0000748381,YESASIA HOLDINGS LTD,21033026
2025-12-18,홍콩,KYG3777B1032,GEELY AUTOMOBILE HOLDINGS LTD,20793429
2025-12-18,홍콩,HK0000921228,Global X HANG SENG TECH ETF,19925071
2025-12-18,홍콩,HK0000859063,SAMSUNG BLOCKCHAIN TECHNOLOGIES ETF,19268565
2025-12-18,홍콩,HK0941009539,CHINA MOBILE LTD,18814107
2025-12-18,홍콩,HK0000516697,GLOBAL X CHINA BIOTECH ETF (HKD),18334435
2025-12-18,홍콩,HK0000642568,CSOP HANG SENG TECH INDEX ETF (HKD),17551262
2025-12-18,홍콩,CNE1000076H5,09927,17396400
2025-12-18,홍콩,KYG4602S1057,HORIZONROBOT-W,16045809
2025-12-18,홍콩,CNE1000003G1,INDUSTRIAL AND COMMERCIAL BANK OF CHINA LTD-H,15709876
2025-12-18,홍콩,HK0000562634,GLOBAL X CHINA CONSUMER BRAND ETF (HKD),15514427
2025-12-18,홍콩,HK0000516713,GLOBAL X CHINA CLOUD COMPUTING ETF (HKD),14686088
2025-12-18,홍콩,HK0001121349,XL2CSOPSMSN,14475601
2025-12-18,홍콩,KYG970081173,WUXI BIOLOGICS CAYMAN INC,13762590
2025-12-18,홍콩,KYG532631028,KUAISHOU TECHNOLOGY,13675973
2025-12-18,홍콩,CNE1000002H1,CHINA CONSTRUCTION BANK CORP-H,13536678
2025-12-18,홍콩,KYG982AW1003,XPENG INC,13107365
2025-12-18,홍콩,HK0000562675,GLOBAL X CHINA CLEAN ENERGY ETF (HKD),13101372
2025-12-18,홍콩,KYG3774X1088,GCL TECHNOLOGY HOLDINGS LTD,12262711
2025-12-18,홍콩,HK0001200002,02259,11581044
2025-12-18,홍콩,CNE1000002Q2,CHINA PETROLEUM AND CHEMICAL CORP-H,10835721
2025-12-18,홍콩,HKX566362888,PING AN SECURITIE HKD0.01 HKD0.01 CHAN 009837742 BMG7115B1211,10828615
2025-12-18,홍콩,HK1126010854,DREAM INTERNATIONAL LTD,10588253
2025-12-18,홍콩,KYG8208B1014,JD.COM INC CL A,10424615
2025-12-18,홍콩,CNE1000003W8,PETROCHINA CO LTD-H,10077262
2025-12-18,홍콩,CNE1000001Z5,BANK OF CHINA LTD-H,9830381
2025-12-18,홍콩,CNE1000048K8,HAIER SMART HOME CO LTD-H MRGR 006942845 BMG423131256,9769501
2025-12-18,홍콩,HK0000637857,GLOBAL X CHINA ROBOTICS AND AI ETF (HKD),9293856
2025-12-19,홍콩,KYG875721634,TENCENT HOLDINGS LTD,240487222
2025-12-19,홍콩,KYG017191142,ALIBABA GROUP HOLDING LTD,185609708
2025-12-19,홍콩,KYG8020E1199,SEMICONDUCTOR MANUFACTURING INTL CORP,130670263
2025-12-19,홍콩,CNE100000296,BYD CO LTD-H,115982087
2025-12-19,홍콩,CNE1000031W9,GANFENGLITHIUM ORD H,114814588
2025-12-19,홍콩,KYG9830T1067,XIAOMI CORP,104269486
2025-12-19,홍콩,CNE100005F09,TIANQI LITHIUM CORP,92194220
2025-12-19,홍콩,HK0000637832,GLOBAL X CHINA SEMICONDUCTOR ETF (HKD),91216929
2025-12-19,홍콩,CNE100006WS8,CATL ORD H,76364763
2025-12-19,홍콩,CNE100006CQ4,Ubtech Robotics Ord Shs H,63456690
2025-12-19,홍콩,HK0000562659,GLOBAL X CHINA ELECTRIC VEHICLE AND BATTERY ETF (HKD),52174382
2025-12-19,홍콩,CNE100000593,PICC PROPERTY AND CASUALTY CO LTD-H,49599895
2025-12-19,홍콩,CNE100004YZ4,CTG DUTY-FREE,47398402
2025-12-19,홍콩,KYG392AS1011,GLOBAL NEW MATERIAL INTL HOLDINGS LTD,42836109
2025-12-19,홍콩,CNE100006Z79,SANHUA INTELLIGENT,32386365
2025-12-19,홍콩,HK0001025037,GLOBAL X US Treasury 3-5 Year ETF,30656918
2025-12-19,홍콩,CNE1000003X6,PING AN INSURANCE GROUP CO OF CHINA LTD-H,28788955
2025-12-19,홍콩,KYG596691041,MEITUAN,28559357
2025-12-19,홍콩,HK0001205258,XL2CSOPHYNIX,27187723
2025-12-19,홍콩,HK0000921236,A GX USD MM,26396265
2025-12-19,홍콩,CNE100006JG0,LAOPU GOLD,23388615
2025-12-19,홍콩,KYG070341048,BAIDU INC CL A,22390379
2025-12-19,홍콩,KYG3777B1032,GEELY AUTOMOBILE HOLDINGS LTD,20978844
2025-12-19,홍콩,HK0000748381,YESASIA HOLDINGS LTD,20944472
2025-12-19,홍콩,HK0000921228,Global X HANG SENG TECH ETF,19824970
2025-12-19,홍콩,HK0000859063,SAMSUNG BLOCKCHAIN TECHNOLOGIES ETF,19427789
2025-12-19,홍콩,HK0941009539,CHINA MOBILE LTD,18777558
2025-12-19,홍콩,HK0000516697,GLOBAL X CHINA BIOTECH ETF (HKD),18436466
2025-12-19,홍콩,CNE1000076H5,09927,17923739
2025-12-19,홍콩,HK0000642568,CSOP HANG SENG TECH INDEX ETF (HKD),17682176
2025-12-19,홍콩,CNE1000003G1,INDUSTRIAL AND COMMERCIAL BANK OF CHINA LTD-H,15708962
2025-12-19,홍콩,HK0000562634,GLOBAL X CHINA CONSUMER BRAND ETF (HKD),15457460
2025-12-19,홍콩,KYG4602S1057,HORIZONROBOT-W,15429031
2025-12-19,홍콩,HK0000516713,GLOBAL X CHINA CLOUD COMPUTING ETF (HKD),14915937
2025-12-19,홍콩,KYG970081173,WUXI BIOLOGICS CAYMAN INC,14348444
2025-12-19,홍콩,KYG982AW1003,XPENG INC,14314311
2025-12-19,홍콩,HK0001121349,XL2CSOPSMSN,14284840
2025-12-19,홍콩,KYG532631028,KUAISHOU TECHNOLOGY,13845866
2025-12-19,홍콩,CNE1000002H1,CHINA CONSTRUCTION BANK CORP-H,13471131
2025-12-19,홍콩,HK0000562675,GLOBAL X CHINA CLEAN ENERGY ETF (HKD),13158866
2025-12-19,홍콩,KYG3774X1088,GCL TECHNOLOGY HOLDINGS LTD,12258025
2025-12-19,홍콩,CNE1000002Q2,CHINA PETROLEUM AND CHEMICAL CORP-H,11722861
2025-12-19,홍콩,HK0001200002,02259,11355722
2025-12-19,홍콩,HK1126010854,DREAM INTERNATIONAL LTD,11120464
2025-12-19,홍콩,HKX566362888,PING AN SECURITIE HKD0.01 HKD0.01 CHAN 009837742 BMG7115B1211,10826901
2025-12-19,홍콩,KYG8208B1014,JD.COM INC CL A,10266782
2025-12-19,홍콩,CNE1000003W8,PETROCHINA CO LTD-H,10071545
2025-12-19,홍콩,CNE1000001Z5,BANK OF CHINA LTD-H,9918018
2025-12-19,홍콩,CNE1000048K8,HAIER SMART HOME CO LTD-H MRGR 006942845 BMG423131256,9690656
2025-12-19,홍콩,HK0000637857,GLOBAL X CHINA ROBOTICS AND AI ETF (HKD),9379373
2025-12-22,홍콩,KYG875721634,TENCENT HOLDINGS LTD,240447173
2025-12-22,홍콩,KYG017191142,ALIBABA GROUP HOLDING LTD,186689999
2025-12-22,홍콩,KYG8020E1199,SEMICONDUCTOR MANUFACTURING INTL CORP,138229028
2025-12-22,홍콩,CNE1000031W9,GANFENGLITHIUM ORD H,119873486
2025-12-22,홍콩,CNE100000296,BYD CO LTD-H,116309622
2025-12-22,홍콩,KYG9830T1067,XIAOMI CORP,102225133
2025-12-22,홍콩,CNE100005F09,TIANQI LITHIUM CORP,96174765
2025-12-22,홍콩,HK0000637832,GLOBAL X CHINA SEMICONDUCTOR ETF (HKD),93487166
2025-12-22,홍콩,CNE100006WS8,CATL ORD H,76839385
2025-12-22,홍콩,CNE100006CQ4,Ubtech Robotics Ord Shs H,63215717
2025-12-22,홍콩,CNE100004YZ4,CTG DUTY-FREE,54788390
2025-12-22,홍콩,HK0000562659,GLOBAL X CHINA ELECTRIC VEHICLE AND BATTERY ETF (HKD),52264193
2025-12-22,홍콩,CNE100000593,PICC PROPERTY AND CASUALTY CO LTD-H,49567552
2025-12-22,홍콩,KYG392AS1011,GLOBAL NEW MATERIAL INTL HOLDINGS LTD,43057845
2025-12-22,홍콩,CNE100006Z79,SANHUA INTELLIGENT,32987164
2025-12-22,홍콩,HK0001025037,GLOBAL X US Treasury 3-5 Year ETF,30688734
2025-12-22,홍콩,HK0001205258,XL2CSOPHYNIX,30484408
2025-12-22,홍콩,CNE1000003X6,PING AN INSURANCE GROUP CO OF CHINA LTD-H,28696059
2025-12-22,홍콩,KYG596691041,MEITUAN,28384884
2025-12-22,홍콩,HK0000921236,A GX USD MM,26407318
2025-12-22,홍콩,CNE100006JG0,LAOPU GOLD,24897446
2025-12-22,홍콩,KYG070341048,BAIDU INC CL A,22601123
2025-12-22,홍콩,HK0000748381,YESASIA HOLDINGS LTD,20770142
2025-12-22,홍콩,KYG3777B1032,GEELY AUTOMOBILE HOLDINGS LTD,20751670
2025-12-22,홍콩,HK0000921228,Global X HANG SENG TECH ETF,20332236
2025-12-22,홍콩,HK0000859063,SAMSUNG BLOCKCHAIN TECHNOLOGIES ETF,19832731
2025-12-22,홍콩,HK0941009539,CHINA MOBILE LTD,18706054
2025-12-22,홍콩,HK0000516697,GLOBAL X CHINA BIOTECH ETF (HKD),18205574
2025-12-22,홍콩,HK0000642568,CSOP HANG SENG TECH INDEX ETF (HKD),17863086
2025-12-22,홍콩,CNE1000076H5,09927,17740856
2025-12-22,홍콩,CNE1000003G1,INDUSTRIAL AND COMMERCIAL BANK OF CHINA LTD-H,15746647
2025-12-22,홍콩,HK0000562634,GLOBAL X CHINA CONSUMER BRAND ETF (HKD),15332322
2025-12-22,홍콩,KYG4602S1057,HORIZONROBOT-W,15322455
2025-12-22,홍콩,HK0001121349,XL2CSOPSMSN,15286169
2025-12-22,홍콩,HK0000516713,GLOBAL X CHINA CLOUD COMPUTING ETF (HKD),14949662
2025-12-22,홍콩,KYG982AW1003,XPENG INC,14290155
2025-12-22,홍콩,KYG532631028,KUAISHOU TECHNOLOGY,13913502
2025-12-22,홍콩,KYG970081173,WUXI BIOLOGICS CAYMAN INC,13900134
2025-12-22,홍콩,CNE1000002H1,CHINA CONSTRUCTION BANK CORP-H,13547410
2025-12-22,홍콩,HK0000562675,GLOBAL X CHINA CLEAN ENERGY ETF (HKD),13324150
2025-12-22,홍콩,KYG3774X1088,GCL TECHNOLOGY HOLDINGS LTD,12378361
2025-12-22,홍콩,CNE1000002Q2,CHINA PETROLEUM AND CHEMICAL CORP-H,11948863
2025-12-22,홍콩,HK0001200002,02259,11806089
2025-12-22,홍콩,HK1126010854,DREAM INTERNATIONAL LTD,11510682
2025-12-22,홍콩,HKX566362888,PING AN SECURITIE HKD0.01 HKD0.01 CHAN 009837742 BMG7115B1211,10826496
2025-12-22,홍콩,KYG8208B1014,JD.COM INC CL A,10370458
2025-12-22,홍콩,CNE1000003W8,PETROCHINA CO LTD-H,10058719
2025-12-22,홍콩,CNE1000001Z5,BANK OF CHINA LTD-H,9872205
2025-12-22,홍콩,CNE1000048K8,HAIER SMART HOME CO LTD-H MRGR 006942845 BMG423131256,9558050
2025-12-22,홍콩,HK0000637857,GLOBAL X CHINA ROBOTICS AND AI ETF (HKD),9529079
2025-12-23,홍콩,KYG875721634,TENCENT HOLDINGS LTD,236100832
2025-12-23,홍콩,KYG017191142,ALIBABA GROUP HOLDING LTD,187581723
2025-12-23,홍콩,KYG8020E1199,SEMICONDUCTOR MANUFACTURING INTL CORP,138400404
2025-12-23,홍콩,CNE1000031W9,GANFENGLITHIUM ORD H,124766403
2025-12-23,홍콩,CNE100000296,BYD CO LTD-H,115529937
2025-12-23,홍콩,KYG9830T1067,XIAOMI CORP,99727069
2025-12-23,홍콩,CNE100005F09,TIANQI LITHIUM CORP,98134773
2025-12-23,홍콩,HK0000637832,GLOBAL X CHINA SEMICONDUCTOR ETF (HKD),94162142
2025-12-23,홍콩,CNE100006WS8,CATL ORD H,77720278
2025-12-23,홍콩,CNE100006CQ4,Ubtech Robotics Ord Shs H,62305328
2025-12-23,홍콩,CNE100004YZ4,CTG DUTY-FREE,52288975
2025-12-23,홍콩,CNE100000593,PICC PROPERTY AND CASUALTY CO LTD-H,49391503
2025-12-23,홍콩,HK0000562659,GLOBAL X CHINA ELECTRIC VEHICLE AND BATTERY ETF (HKD),47853034
2025-12-23,홍콩,KYG392AS1011,GLOBAL NEW MATERIAL INTL HOLDINGS LTD,43055412
2025-12-23,홍콩,HK0001205258,XL2CSOPHYNIX,33204982
2025-12-23,홍콩,CNE100006Z79,SANHUA INTELLIGENT,30832011
2025-12-23,홍콩,HK0001025037,GLOBAL X US Treasury 3-5 Year ETF,30638412
2025-12-23,홍콩,CNE1000003X6,PING AN INSURANCE GROUP CO OF CHINA LTD-H,29003042
2025-12-23,홍콩,KYG596691041,MEITUAN,28516285
2025-12-23,홍콩,HK0000921236,A GX USD MM,26411298
2025-12-23,홍콩,CNE100006JG0,LAOPU GOLD,24629780
2025-12-23,홍콩,KYG070341048,BAIDU INC CL A,22536754
2025-12-23,홍콩,KYG3777B1032,GEELY AUTOMOBILE HOLDINGS LTD,20754518
2025-12-23,홍콩,HK0000921228,Global X HANG SENG TECH ETF,20296148
2025-12-23,홍콩,HK0000748381,YESASIA HOLDINGS LTD,20248489
2025-12-23,홍콩,HK0000859063,SAMSUNG BLOCKCHAIN TECHNOLOGIES ETF,19979980
2025-12-23,홍콩,HK0941009539,CHINA MOBILE LTD,18534851
2025-12-23,홍콩,HK0000516697,GLOBAL X CHINA BIOTECH ETF (HKD),18060538
2025-12-23,홍콩,CNE1000076H5,09927,17544722
2025-12-23,홍콩,HK0000642568,CSOP HANG SENG TECH INDEX ETF (HKD),17518671
2025-12-23,홍콩,HK0001121349,XL2CSOPSMSN,16408476
2025-12-23,홍콩,CNE1000003G1,INDUSTRIAL AND COMMERCIAL BANK OF CHINA LTD-H,15827679
2025-12-23,홍콩,HK0000562634,GLOBAL X CHINA CONSUMER BRAND ETF (HKD),15228656
2025-12-23,홍콩,HK0000516713,GLOBAL X CHINA CLOUD COMPUTING ETF (HKD),14872344
2025-12-23,홍콩,KYG4602S1057,HORIZONROBOT-W,14589459
2025-12-23,홍콩,CNE1000002H1,CHINA CONSTRUCTION BANK CORP-H,13685036
2025-12-23,홍콩,KYG982AW1003,XPENG INC,13643821
2025-12-23,홍콩,KYG532631028,KUAISHOU TECHNOLOGY,13373495
2025-12-23,홍콩,HK0000562675,GLOBAL X CHINA CLEAN ENERGY ETF (HKD),13289322
2025-12-23,홍콩,KYG970081173,WUXI BIOLOGICS CAYMAN INC,12803866
2025-12-23,홍콩,KYG3774X1088,GCL TECHNOLOGY HOLDINGS LTD,12234896
2025-12-23,홍콩,CNE1000002Q2,CHINA PETROLEUM AND CHEMICAL CORP-H,12060719
2025-12-23,홍콩,HK0001200002,02259,11942107
2025-12-23,홍콩,HK1126010854,DREAM INTERNATIONAL LTD,11421255
2025-12-23,홍콩,HKX566362888,PING AN SECURITIE HKD0.01 HKD0.01 CHAN 009837742 BMG7115B1211,10828127
2025-12-23,홍콩,KYG8208B1014,JD.COM INC CL A,10416127
2025-12-23,홍콩,CNE1000003W8,PETROCHINA CO LTD-H,10120399
2025-12-23,홍콩,CNE1000001Z5,BANK OF CHINA LTD-H,9941013
2025-12-23,홍콩,CNE1000048K8,HAIER SMART HOME CO LTD-H MRGR 006942845 BMG423131256,9559491
2025-12-23,홍콩,HK0000637857,GLOBAL X CHINA ROBOTICS AND AI ETF (HKD),9537968
2025-12-24,홍콩,KYG875721634,TENCENT HOLDINGS LTD,236581869
2025-12-24,홍콩,KYG017191142,ALIBABA GROUP HOLDING LTD,186122418
2025-12-24,홍콩,KYG8020E1199,SEMICONDUCTOR MANUFACTURING INTL CORP,142772754
2025-12-24,홍콩,CNE1000031W9,GANFENGLITHIUM ORD H,124590989
2025-12-24,홍콩,CNE100000296,BYD CO LTD-H,116194032
2025-12-24,홍콩,KYG9830T1067,XIAOMI CORP,99815434
2025-12-24,홍콩,CNE100005F09,TIANQI LITHIUM CORP,97615951
2025-12-24,홍콩,HK0000637832,GLOBAL X CHINA SEMICONDUCTOR ETF (HKD),94815098
2025-12-24,홍콩,CNE100006WS8,CATL ORD H,76768171
2025-12-24,홍콩,CNE100006CQ4,Ubtech Robotics Ord Shs H,61876667
2025-12-24,홍콩,CNE100004YZ4,CTG DUTY-FREE,50771113
2025-12-24,홍콩,CNE100000593,PICC PROPERTY AND CASUALTY CO LTD-H,49350600
2025-12-24,홍콩,HK0000562659,GLOBAL X CHINA ELECTRIC VEHICLE AND BATTERY ETF (HKD),47758479
2025-12-24,홍콩,KYG392AS1011,GLOBAL NEW MATERIAL INTL HOLDINGS LTD,47069248
2025-12-24,홍콩,HK0001205258,XL2CSOPHYNIX,34182489
2025-12-24,홍콩,CNE100006Z79,SANHUA INTELLIGENT,31179052
2025-12-24,홍콩,HK0001025037,GLOBAL X US Treasury 3-5 Year ETF,30649922
2025-12-24,홍콩,CNE1000003X6,PING AN INSURANCE GROUP CO OF CHINA LTD-H,29123922
2025-12-24,홍콩,KYG596691041,MEITUAN,28526998
2025-12-24,홍콩,HK0000921236,A GX USD MM,26413991
2025-12-24,홍콩,CNE100006JG0,LAOPU GOLD,23981281
2025-12-24,홍콩,KYG070341048,BAIDU INC CL A,22488764
2025-12-24,홍콩,KYG3777B1032,GEELY AUTOMOBILE HOLDINGS LTD,20713347
2025-12-24,홍콩,HK0000921228,Global X HANG SENG TECH ETF,20333830
2025-12-24,홍콩,HK0000748381,YESASIA HOLDINGS LTD,20307119
2025-12-24,홍콩,HK0000859063,SAMSUNG BLOCKCHAIN TECHNOLOGIES ETF,19843172
2025-12-24,홍콩,HK0941009539,CHINA MOBILE LTD,18530624
2025-12-24,홍콩,HK0000516697,GLOBAL X CHINA BIOTECH ETF (HKD),18072510
2025-12-24,홍콩,HK0000642568,CSOP HANG SENG TECH INDEX ETF (HKD),17557888
2025-12-24,홍콩,CNE1000076H5,09927,17352431
2025-12-24,홍콩,HK0001121349,XL2CSOPSMSN,16369044
2025-12-24,홍콩,CNE1000003G1,INDUSTRIAL AND COMMERCIAL BANK OF CHINA LTD-H,15756513
2025-12-24,홍콩,HK0000562634,GLOBAL X CHINA CONSUMER BRAND ETF (HKD),15149378
2025-12-24,홍콩,HK0000516713,GLOBAL X CHINA CLOUD COMPUTING ETF (HKD),14827169
2025-12-24,홍콩,KYG4602S1057,HORIZONROBOT-W,14578279
2025-12-24,홍콩,CNE1000002H1,CHINA CONSTRUCTION BANK CORP-H,13600229
2025-12-24,홍콩,KYG982AW1003,XPENG INC,13586459
2025-12-24,홍콩,KYG532631028,KUAISHOU TECHNOLOGY,13430494
2025-12-24,홍콩,HK0000562675,GLOBAL X CHINA CLEAN ENERGY ETF (HKD),13294315
2025-12-24,홍콩,KYG970081173,WUXI BIOLOGICS CAYMAN INC,12722816
2025-12-24,홍콩,KYG3774X1088,GCL TECHNOLOGY HOLDINGS LTD,12239493
2025-12-24,홍콩,CNE1000002Q2,CHINA PETROLEUM AND CHEMICAL CORP-H,12065249
2025-12-24,홍콩,HK0001200002,02259,11946594
2025-12-24,홍콩,HK1126010854,DREAM INTERNATIONAL LTD,11178014
2025-12-24,홍콩,HKX566362888,PING AN SECURITIE HKD0.01 HKD0.01 CHAN 009837742 BMG7115B1211,10832195
2025-12-24,홍콩,KYG8208B1014,JD.COM INC CL A,10420040
2025-12-24,홍콩,CNE1000003W8,PETROCHINA CO LTD-H,10136654
2025-12-24,홍콩,CNE1000001Z5,BANK OF CHINA LTD-H,9944748
2025-12-24,홍콩,HK0000637857,GLOBAL X CHINA ROBOTICS AND AI ETF (HKD),9534824
2025-12-24,홍콩,CNE1000048K8,HAIER SMART HOME CO LTD-H MRGR 006942845 BMG423131256,9341372
2025-12-25,홍콩,KYG875721634,TENCENT HOLDINGS LTD,236581869
2025-12-25,홍콩,KYG017191142,ALIBABA GROUP HOLDING LTD,186122418
2025-12-25,홍콩,KYG8020E1199,SEMICONDUCTOR MANUFACTURING INTL CORP,142772754
2025-12-25,홍콩,CNE1000031W9,GANFENGLITHIUM ORD H,124590989
2025-12-25,홍콩,CNE100000296,BYD CO LTD-H,116194032
2025-12-25,홍콩,KYG9830T1067,XIAOMI CORP,99815434
2025-12-25,홍콩,CNE100005F09,TIANQI LITHIUM CORP,97615951
2025-12-25,홍콩,HK0000637832,GLOBAL X CHINA SEMICONDUCTOR ETF (HKD),94148759
2025-12-25,홍콩,CNE100006WS8,CATL ORD H,76768171
2025-12-25,홍콩,CNE100006CQ4,Ubtech Robotics Ord Shs H,61876667
2025-12-25,홍콩,CNE100004YZ4,CTG DUTY-FREE,50771113
2025-12-25,홍콩,CNE100000593,PICC PROPERTY AND CASUALTY CO LTD-H,49350600
2025-12-25,홍콩,HK0000562659,GLOBAL X CHINA ELECTRIC VEHICLE AND BATTERY ETF (HKD),47988044
2025-12-25,홍콩,KYG392AS1011,GLOBAL NEW MATERIAL INTL HOLDINGS LTD,47069248
2025-12-25,홍콩,HK0001205258,XL2CSOPHYNIX,34182489
2025-12-25,홍콩,CNE100006Z79,SANHUA INTELLIGENT,31179052
2025-12-25,홍콩,HK0001025037,GLOBAL X US Treasury 3-5 Year ETF,30589457
2025-12-25,홍콩,CNE1000003X6,PING AN INSURANCE GROUP CO OF CHINA LTD-H,29123922
2025-12-25,홍콩,KYG596691041,MEITUAN,28526998
2025-12-25,홍콩,HK0000921236,A GX USD MM,26411822
2025-12-25,홍콩,CNE100006JG0,LAOPU GOLD,23981281
2025-12-25,홍콩,KYG070341048,BAIDU INC CL A,22488764
2025-12-25,홍콩,KYG3777B1032,GEELY AUTOMOBILE HOLDINGS LTD,20713347
2025-12-25,홍콩,HK0000748381,YESASIA HOLDINGS LTD,20307119
2025-12-25,홍콩,HK0000859063,SAMSUNG BLOCKCHAIN TECHNOLOGIES ETF,19843172
2025-12-25,홍콩,HK0941009539,CHINA MOBILE LTD,18530624
2025-12-25,홍콩,HK0000921228,Global X HANG SENG TECH ETF,18335013
2025-12-25,홍콩,HK0000516697,GLOBAL X CHINA BIOTECH ETF (HKD),18114009
2025-12-25,홍콩,HK0000642568,CSOP HANG SENG TECH INDEX ETF (HKD),17557888
2025-12-25,홍콩,CNE1000076H5,09927,17352431
2025-12-25,홍콩,HK0001121349,XL2CSOPSMSN,16369044
2025-12-25,홍콩,CNE1000003G1,INDUSTRIAL AND COMMERCIAL BANK OF CHINA LTD-H,15756513
2025-12-25,홍콩,HK0000562634,GLOBAL X CHINA CONSUMER BRAND ETF (HKD),15296491
2025-12-25,홍콩,HK0000516713,GLOBAL X CHINA CLOUD COMPUTING ETF (HKD),14921771
2025-12-25,홍콩,KYG4602S1057,HORIZONROBOT-W,14578279
2025-12-25,홍콩,CNE1000002H1,CHINA CONSTRUCTION BANK CORP-H,13600229
2025-12-25,홍콩,KYG982AW1003,XPENG INC,13586459
2025-12-25,홍콩,KYG532631028,KUAISHOU TECHNOLOGY,13430494
2025-12-25,홍콩,HK0000562675,GLOBAL X CHINA CLEAN ENERGY ETF (HKD),13355677
2025-12-25,홍콩,KYG970081173,WUXI BIOLOGICS CAYMAN INC,12722816
2025-12-25,홍콩,KYG3774X1088,GCL TECHNOLOGY HOLDINGS LTD,12239493
2025-12-25,홍콩,CNE1000002Q2,CHINA PETROLEUM AND CHEMICAL CORP-H,12065249
2025-12-25,홍콩,HK0001200002,02259,11946594
2025-12-25,홍콩,HK1126010854,DREAM INTERNATIONAL LTD,11178014
2025-12-25,홍콩,HKX566362888,PING AN SECURITIE HKD0.01 HKD0.01 CHAN 009837742 BMG7115B1211,10832195
2025-12-25,홍콩,KYG8208B1014,JD.COM INC CL A,10420040
2025-12-25,홍콩,CNE1000003W8,PETROCHINA CO LTD-H,10136654
2025-12-25,홍콩,CNE1000001Z5,BANK OF CHINA LTD-H,9944748
2025-12-25,홍콩,HK0000637857,GLOBAL X CHINA ROBOTICS AND AI ETF (HKD),9482694
2025-12-25,홍콩,CNE1000048K8,HAIER SMART HOME CO LTD-H MRGR 006942845 BMG423131256,9341372
2025-12-26,홍콩,KYG875721634,TENCENT HOLDINGS LTD,236634197
2025-12-26,홍콩,KYG017191142,ALIBABA GROUP HOLDING LTD,186163586
2025-12-26,홍콩,KYG8020E1199,SEMICONDUCTOR MANUFACTURING INTL CORP,142804333
2025-12-26,홍콩,CNE1000031W9,GANFENGLITHIUM ORD H,124618546
2025-12-26,홍콩,CNE100000296,BYD CO LTD-H,116219733
2025-12-26,홍콩,KYG9830T1067,XIAOMI CORP,99837512
2025-12-26,홍콩,CNE100005F09,TIANQI LITHIUM CORP,97637542
2025-12-26,홍콩,HK0000637832,GLOBAL X CHINA SEMICONDUCTOR ETF (HKD),94169584
2025-12-26,홍콩,CNE100006WS8,CATL ORD H,76785151
2025-12-26,홍콩,CNE100006CQ4,Ubtech Robotics Ord Shs H,61890354
2025-12-26,홍콩,CNE100004YZ4,CTG DUTY-FREE,50782343
2025-12-26,홍콩,CNE100000593,PICC PROPERTY AND CASUALTY CO LTD-H,49361515
2025-12-26,홍콩,HK0000562659,GLOBAL X CHINA ELECTRIC VEHICLE AND BATTERY ETF (HKD),47998658
2025-12-26,홍콩,KYG392AS1011,GLOBAL NEW MATERIAL INTL HOLDINGS LTD,47079659
2025-12-26,홍콩,HK0001205258,XL2CSOPHYNIX,34190049
2025-12-26,홍콩,CNE100006Z79,SANHUA INTELLIGENT,31185949
2025-12-26,홍콩,HK0001025037,GLOBAL X US Treasury 3-5 Year ETF,30596223
2025-12-26,홍콩,CNE1000003X6,PING AN INSURANCE GROUP CO OF CHINA LTD-H,29130364
2025-12-26,홍콩,KYG596691041,MEITUAN,28533307
2025-12-26,홍콩,HK0000921236,A GX USD MM,26417664
2025-12-26,홍콩,CNE100006JG0,LAOPU GOLD,23986585
2025-12-26,홍콩,KYG070341048,BAIDU INC CL A,22493738
2025-12-26,홍콩,KYG3777B1032,GEELY AUTOMOBILE HOLDINGS LTD,20717928
2025-12-26,홍콩,HK0000748381,YESASIA HOLDINGS LTD,20311610
2025-12-26,홍콩,HK0000859063,SAMSUNG BLOCKCHAIN TECHNOLOGIES ETF,19847561
2025-12-26,홍콩,HK0941009539,CHINA MOBILE LTD,18534723
2025-12-26,홍콩,HK0000921228,Global X HANG SENG TECH ETF,18339068
2025-12-26,홍콩,HK0000516697,GLOBAL X CHINA BIOTECH ETF (HKD),18118015
2025-12-26,홍콩,HK0000642568,CSOP HANG SENG TECH INDEX ETF (HKD),17561771
2025-12-26,홍콩,CNE1000076H5,09927,17356269
2025-12-26,홍콩,HK0001121349,XL2CSOPSMSN,16372664
2025-12-26,홍콩,CNE1000003G1,INDUSTRIAL AND COMMERCIAL BANK OF CHINA LTD-H,15759998
2025-12-26,홍콩,HK0000562634,GLOBAL X CHINA CONSUMER BRAND ETF (HKD),15299875
2025-12-26,홍콩,HK0000516713,GLOBAL X CHINA CLOUD COMPUTING ETF (HKD),14925071
2025-12-26,홍콩,KYG4602S1057,HORIZONROBOT-W,14581504
2025-12-26,홍콩,CNE1000002H1,CHINA CONSTRUCTION BANK CORP-H,13603237
2025-12-26,홍콩,KYG982AW1003,XPENG INC,13589464
2025-12-26,홍콩,KYG532631028,KUAISHOU TECHNOLOGY,13433465
2025-12-26,홍콩,HK0000562675,GLOBAL X CHINA CLEAN ENERGY ETF (HKD),13358631
2025-12-26,홍콩,KYG970081173,WUXI BIOLOGICS CAYMAN INC,12725630
2025-12-26,홍콩,KYG3774X1088,GCL TECHNOLOGY HOLDINGS LTD,12242200
2025-12-26,홍콩,CNE1000002Q2,CHINA PETROLEUM AND CHEMICAL CORP-H,12067918
2025-12-26,홍콩,HK0001200002,02259,11949236
2025-12-26,홍콩,HK1126010854,DREAM INTERNATIONAL LTD,11180486
2025-12-26,홍콩,HKX566362888,PING AN SECURITIE HKD0.01 HKD0.01 CHAN 009837742 BMG7115B1211,10834591
2025-12-26,홍콩,KYG8208B1014,JD.COM INC CL A,10422345
2025-12-26,홍콩,CNE1000003W8,PETROCHINA CO LTD-H,10138896
2025-12-26,홍콩,CNE1000001Z5,BANK OF CHINA LTD-H,9946947
2025-12-26,홍콩,HK0000637857,GLOBAL X CHINA ROBOTICS AND AI ETF (HKD),9484791
2025-12-26,홍콩,CNE1000048K8,HAIER SMART HOME CO LTD-H MRGR 006942845 BMG423131256,9343438
2025-12-29,홍콩,KYG875721634,TENCENT HOLDINGS LTD,234457117
2025-12-29,홍콩,KYG017191142,ALIBABA GROUP HOLDING LTD,183241689
2025-12-29,홍콩,KYG8020E1199,SEMICONDUCTOR MANUFACTURING INTL CORP,139592516
2025-12-29,홍콩,CNE1000031W9,GANFENGLITHIUM ORD H,121988363
2025-12-29,홍콩,CNE100000296,BYD CO LTD-H,120230992
2025-12-29,홍콩,KYG9830T1067,XIAOMI CORP,96841328
2025-12-29,홍콩,HK0000637832,GLOBAL X CHINA SEMICONDUCTOR ETF (HKD),94865961
2025-12-29,홍콩,CNE100005F09,TIANQI LITHIUM CORP,94545744
2025-12-29,홍콩,CNE100006WS8,CATL ORD H,75234616
2025-12-29,홍콩,CNE100006CQ4,Ubtech Robotics Ord Shs H,67412712
2025-12-29,홍콩,CNE100004YZ4,CTG DUTY-FREE,52423687
2025-12-29,홍콩,CNE100000593,PICC PROPERTY AND CASUALTY CO LTD-H,48703411
2025-12-29,홍콩,HK0000562659,GLOBAL X CHINA ELECTRIC VEHICLE AND BATTERY ETF (HKD),48131790
2025-12-29,홍콩,KYG392AS1011,GLOBAL NEW MATERIAL INTL HOLDINGS LTD,46705804
2025-12-29,홍콩,HK0001205258,XL2CSOPHYNIX,39366671
2025-12-29,홍콩,CNE100006Z79,SANHUA INTELLIGENT,31858730
2025-12-29,홍콩,HK0001025037,GLOBAL X US Treasury 3-5 Year ETF,30697460
2025-12-29,홍콩,CNE1000003X6,PING AN INSURANCE GROUP CO OF CHINA LTD-H,29198931
2025-12-29,홍콩,KYG596691041,MEITUAN,28721889
2025-12-29,홍콩,HK0000921236,A GX USD MM,26431172
2025-12-29,홍콩,CNE100006JG0,LAOPU GOLD,23648548
2025-12-29,홍콩,KYG070341048,BAIDU INC CL A,22433691
2025-12-29,홍콩,KYG3777B1032,GEELY AUTOMOBILE HOLDINGS LTD,21389430
2025-12-29,홍콩,HK0000921228,Global X HANG SENG TECH ETF,20180131
2025-12-29,홍콩,HK0000859063,SAMSUNG BLOCKCHAIN TECHNOLOGIES ETF,19931919
2025-12-29,홍콩,HK0000748381,YESASIA HOLDINGS LTD,19776758
2025-12-29,홍콩,HK0001121349,XL2CSOPSMSN,19263412
2025-12-29,홍콩,HK0941009539,CHINA MOBILE LTD,18322075
2025-12-29,홍콩,HK0000516697,GLOBAL X CHINA BIOTECH ETF (HKD),17830180
2025-12-29,홍콩,CNE1000076H5,09927,17715220
2025-12-29,홍콩,HK0000642568,CSOP HANG SENG TECH INDEX ETF (HKD),17511658
2025-12-29,홍콩,CNE1000003G1,INDUSTRIAL AND COMMERCIAL BANK OF CHINA LTD-H,16026091
2025-12-29,홍콩,HK0000562634,GLOBAL X CHINA CONSUMER BRAND ETF (HKD),14944446
2025-12-29,홍콩,HK0000516713,GLOBAL X CHINA CLOUD COMPUTING ETF (HKD),14698575
2025-12-29,홍콩,KYG982AW1003,XPENG INC,14448375
2025-12-29,홍콩,KYG4602S1057,HORIZONROBOT-W,13996224
2025-12-29,홍콩,CNE1000002H1,CHINA CONSTRUCTION BANK CORP-H,13724486
2025-12-29,홍콩,HK0000562675,GLOBAL X CHINA CLEAN ENERGY ETF (HKD),13441787
2025-12-29,홍콩,KYG532631028,KUAISHOU TECHNOLOGY,13233893
2025-12-29,홍콩,CNE1000002Q2,CHINA PETROLEUM AND CHEMICAL CORP-H,12549467
2025-12-29,홍콩,KYG3774X1088,GCL TECHNOLOGY HOLDINGS LTD,12470883
2025-12-29,홍콩,KYG970081173,WUXI BIOLOGICS CAYMAN INC,12163843
2025-12-29,홍콩,HK0001200002,02259,11251791
2025-12-29,홍콩,HK1126010854,DREAM INTERNATIONAL LTD,11135170
2025-12-29,홍콩,HKX566362888,PING AN SECURITIE HKD0.01 HKD0.01 CHAN 009837742 BMG7115B1211,10841219
2025-12-29,홍콩,CNE1000003W8,PETROCHINA CO LTD-H,10296783
2025-12-29,홍콩,KYG8208B1014,JD.COM INC CL A,10145805
2025-12-29,홍콩,CNE1000001Z5,BANK OF CHINA LTD-H,9975500
2025-12-29,홍콩,HK0000637857,GLOBAL X CHINA ROBOTICS AND AI ETF (HKD),9584332
2025-12-29,홍콩,CNE1000048K8,HAIER SMART HOME CO LTD-H MRGR 006942845 BMG423131256,9078642
2025-12-30,홍콩,KYG875721634,TENCENT HOLDINGS LTD,235415470
2025-12-30,홍콩,KYG017191142,ALIBABA GROUP HOLDING LTD,182829533
2025-12-30,홍콩,KYG8020E1199,SEMICONDUCTOR MANUFACTURING INTL CORP,142738813
2025-12-30,홍콩,CNE1000031W9,GANFENGLITHIUM ORD H,121515766
2025-12-30,홍콩,CNE100000296,BYD CO LTD-H,119136582
2025-12-30,홍콩,CNE100005F09,TIANQI LITHIUM CORP,97612620
2025-12-30,홍콩,HK0000637832,GLOBAL X CHINA SEMICONDUCTOR ETF (HKD),96238753
2025-12-30,홍콩,KYG9830T1067,XIAOMI CORP,96089158
2025-12-30,홍콩,CNE100006CQ4,Ubtech Robotics Ord Shs H,72119762
2025-12-30,홍콩,CNE100006WS8,CATL ORD H,68561347
2025-12-30,홍콩,CNE100004YZ4,CTG DUTY-FREE,52152565
2025-12-30,홍콩,CNE100000593,PICC PROPERTY AND CASUALTY CO LTD-H,48837087
2025-12-30,홍콩,HK0000562659,GLOBAL X CHINA ELECTRIC VEHICLE AND BATTERY ETF (HKD),48719985
2025-12-30,홍콩,KYG392AS1011,GLOBAL NEW MATERIAL INTL HOLDINGS LTD,45670562
2025-12-30,홍콩,HK0001205258,XL2CSOPHYNIX,42824111
2025-12-30,홍콩,HK0001025037,GLOBAL X US Treasury 3-5 Year ETF,30687634
2025-12-30,홍콩,CNE1000003X6,PING AN INSURANCE GROUP CO OF CHINA LTD-H,28942184
2025-12-30,홍콩,KYG596691041,MEITUAN,27777085
2025-12-30,홍콩,HK0000921236,A GX USD MM,26446820
2025-12-30,홍콩,KYG070341048,BAIDU INC CL A,24377440
2025-12-30,홍콩,CNE100006JG0,LAOPU GOLD,22214662
2025-12-30,홍콩,KYG3777B1032,GEELY AUTOMOBILE HOLDINGS LTD,21962317
2025-12-30,홍콩,HK0000748381,YESASIA HOLDINGS LTD,20408102
2025-12-30,홍콩,HK0000921228,Global X HANG SENG TECH ETF,19966845
2025-12-30,홍콩,HK0001121349,XL2CSOPSMSN,19569291
2025-12-30,홍콩,HK0000859063,SAMSUNG BLOCKCHAIN TECHNOLOGIES ETF,19546521
2025-12-30,홍콩,HK0941009539,CHINA MOBILE LTD,18369908
2025-12-30,홍콩,CNE1000076H5,09927,17958279
2025-12-30,홍콩,HK0000642568,CSOP HANG SENG TECH INDEX ETF (HKD),17885001
2025-12-30,홍콩,HK0000516697,GLOBAL X CHINA BIOTECH ETF (HKD),17686549
2025-12-30,홍콩,CNE100006Z79,SANHUA INTELLIGENT,17048399
2025-12-30,홍콩,CNE1000003G1,INDUSTRIAL AND COMMERCIAL BANK OF CHINA LTD-H,16183974
2025-12-30,홍콩,HK0000516713,GLOBAL X CHINA CLOUD COMPUTING ETF (HKD),14754516
2025-12-30,홍콩,KYG982AW1003,XPENG INC,14673729
2025-12-30,홍콩,HK0000562634,GLOBAL X CHINA CONSUMER BRAND ETF (HKD),14655947
2025-12-30,홍콩,KYG4602S1057,HORIZONROBOT-W,14146505
2025-12-30,홍콩,CNE1000002H1,CHINA CONSTRUCTION BANK CORP-H,13888791
2025-12-30,홍콩,KYG532631028,KUAISHOU TECHNOLOGY,13240076
2025-12-30,홍콩,HK0000562675,GLOBAL X CHINA CLEAN ENERGY ETF (HKD),13196838
2025-12-30,홍콩,CNE1000002Q2,CHINA PETROLEUM AND CHEMICAL CORP-H,13029850
2025-12-30,홍콩,KYG970081173,WUXI BIOLOGICS CAYMAN INC,12340890
2025-12-30,홍콩,KYG3774X1088,GCL TECHNOLOGY HOLDINGS LTD,12055416
2025-12-30,홍콩,HK0001200002,02259,11209269
2025-12-30,홍콩,HKX566362888,PING AN SECURITIE HKD0.01 HKD0.01 CHAN 009837742 BMG7115B1211,10837749
2025-12-30,홍콩,HK1126010854,DREAM INTERNATIONAL LTD,10696339
2025-12-30,홍콩,CNE1000003W8,PETROCHINA CO LTD-H,10540548
2025-12-30,홍콩,CNE1000001Z5,BANK OF CHINA LTD-H,10086340
2025-12-30,홍콩,KYG8208B1014,JD.COM INC CL A,10080828
2025-12-30,홍콩,HK0000637857,GLOBAL X CHINA ROBOTICS AND AI ETF (HKD),9824254
2025-12-30,홍콩,CNE1000048K8,HAIER SMART HOME CO LTD-H MRGR 006942845 BMG423131256,9144996
2025-12-31,홍콩,KYG875721634,TENCENT HOLDINGS LTD,235187639
2025-12-31,홍콩,KYG017191142,ALIBABA GROUP HOLDING LTD,182652593
2025-12-31,홍콩,KYG8020E1199,SEMICONDUCTOR MANUFACTURING INTL CORP,142600672
2025-12-31,홍콩,CNE1000031W9,GANFENGLITHIUM ORD H,121398165
2025-12-31,홍콩,CNE100000296,BYD CO LTD-H,119021284
2025-12-31,홍콩,CNE100005F09,TIANQI LITHIUM CORP,97518152
2025-12-31,홍콩,HK0000637832,GLOBAL X CHINA SEMICONDUCTOR ETF (HKD),96145614
2025-12-31,홍콩,KYG9830T1067,XIAOMI CORP,95996164
2025-12-31,홍콩,CNE100006CQ4,Ubtech Robotics Ord Shs H,72049965
2025-12-31,홍콩,CNE100006WS8,CATL ORD H,68494994
2025-12-31,홍콩,CNE100004YZ4,CTG DUTY-FREE,52102093
2025-12-31,홍콩,CNE100000593,PICC PROPERTY AND CASUALTY CO LTD-H,48789823
2025-12-31,홍콩,HK0000562659,GLOBAL X CHINA ELECTRIC VEHICLE AND BATTERY ETF (HKD),48672834
2025-12-31,홍콩,KYG392AS1011,GLOBAL NEW MATERIAL INTL HOLDINGS LTD,45626363
2025-12-31,홍콩,HK0001205258,XL2CSOPHYNIX,42782666
2025-12-31,홍콩,HK0001025037,GLOBAL X US Treasury 3-5 Year ETF,30657935
2025-12-31,홍콩,CNE1000003X6,PING AN INSURANCE GROUP CO OF CHINA LTD-H,28914174
2025-12-31,홍콩,KYG596691041,MEITUAN,27750203
2025-12-31,홍콩,HK0000921236,A GX USD MM,26421225
2025-12-31,홍콩,KYG070341048,BAIDU INC CL A,24353848
2025-12-31,홍콩,CNE100006JG0,LAOPU GOLD,22193163
2025-12-31,홍콩,KYG3777B1032,GEELY AUTOMOBILE HOLDINGS LTD,21941062
2025-12-31,홍콩,HK0000748381,YESASIA HOLDINGS LTD,20388351
2025-12-31,홍콩,HK0000921228,Global X HANG SENG TECH ETF,19947521
2025-12-31,홍콩,HK0001121349,XL2CSOPSMSN,19550352
2025-12-31,홍콩,HK0000859063,SAMSUNG BLOCKCHAIN TECHNOLOGIES ETF,19527604
2025-12-31,홍콩,HK0941009539,CHINA MOBILE LTD,18352130
2025-12-31,홍콩,CNE1000076H5,09927,17940899
2025-12-31,홍콩,HK0000642568,CSOP HANG SENG TECH INDEX ETF (HKD),17867692
2025-12-31,홍콩,HK0000516697,GLOBAL X CHINA BIOTECH ETF (HKD),17669432
2025-12-31,홍콩,CNE100006Z79,SANHUA INTELLIGENT,17031899
2025-12-31,홍콩,CNE1000003G1,INDUSTRIAL AND COMMERCIAL BANK OF CHINA LTD-H,16168311
2025-12-31,홍콩,HK0000516713,GLOBAL X CHINA CLOUD COMPUTING ETF (HKD),14740237
2025-12-31,홍콩,KYG982AW1003,XPENG INC,14659528
2025-12-31,홍콩,HK0000562634,GLOBAL X CHINA CONSUMER BRAND ETF (HKD),14641763
2025-12-31,홍콩,KYG4602S1057,HORIZONROBOT-W,14132814
2025-12-31,홍콩,CNE1000002H1,CHINA CONSTRUCTION BANK CORP-H,13875350
2025-12-31,홍콩,KYG532631028,KUAISHOU TECHNOLOGY,13227263
2025-12-31,홍콩,HK0000562675,GLOBAL X CHINA CLEAN ENERGY ETF (HKD),13184066
2025-12-31,홍콩,CNE1000002Q2,CHINA PETROLEUM AND CHEMICAL CORP-H,13017240
2025-12-31,홍콩,KYG970081173,WUXI BIOLOGICS CAYMAN INC,12328946
2025-12-31,홍콩,KYG3774X1088,GCL TECHNOLOGY HOLDINGS LTD,12043749
2025-12-31,홍콩,HK0001200002,02259,11198421
2025-12-31,홍콩,HKX566362888,PING AN SECURITIE HKD0.01 HKD0.01 CHAN 009837742 BMG7115B1211,10827260
2025-12-31,홍콩,HK1126010854,DREAM INTERNATIONAL LTD,10685987
2025-12-31,홍콩,CNE1000003W8,PETROCHINA CO LTD-H,10530347
2025-12-31,홍콩,CNE1000001Z5,BANK OF CHINA LTD-H,10076579
2025-12-31,홍콩,KYG8208B1014,JD.COM INC CL A,10071072
2025-12-31,홍콩,HK0000637857,GLOBAL X CHINA ROBOTICS AND AI ETF (HKD),9814747
2025-12-31,홍콩,CNE1000048K8,HAIER SMART HOME CO LTD-H MRGR 006942845 BMG423131256,9136145
2026-01-01,홍콩,KYG875721634,TENCENT HOLDINGS LTD,234795659
2026-01-01,홍콩,KYG017191142,ALIBABA GROUP HOLDING LTD,180503739
2026-01-01,홍콩,KYG8020E1199,SEMICONDUCTOR MANUFACTURING INTL CORP,140535421
2026-01-01,홍콩,CNE100000296,BYD CO LTD-H,116277453
2026-01-01,홍콩,CNE1000031W9,GANFENGLITHIUM ORD H,115506129
2026-01-01,홍콩,HK0000637832,GLOBAL X CHINA SEMICONDUCTOR ETF (HKD),96048235
2026-01-01,홍콩,KYG9830T1067,XIAOMI CORP,95849828
2026-01-01,홍콩,CNE100005F09,TIANQI LITHIUM CORP,94554637
2026-01-01,홍콩,CNE100006CQ4,Ubtech Robotics Ord Shs H,70323884
2026-01-01,홍콩,CNE100006WS8,CATL ORD H,68835426
2026-01-01,홍콩,CNE100004YZ4,CTG DUTY-FREE,52805270
2026-01-01,홍콩,HK0000562659,GLOBAL X CHINA ELECTRIC VEHICLE AND BATTERY ETF (HKD),48748296
2026-01-01,홍콩,CNE100000593,PICC PROPERTY AND CASUALTY CO LTD-H,48552403
2026-01-01,홍콩,KYG392AS1011,GLOBAL NEW MATERIAL INTL HOLDINGS LTD,43202985
2026-01-01,홍콩,HK0001205258,XL2CSOPHYNIX,42388961
2026-01-01,홍콩,HK0001025037,GLOBAL X US Treasury 3-5 Year ETF,30696395
2026-01-01,홍콩,CNE1000003X6,PING AN INSURANCE GROUP CO OF CHINA LTD-H,28563433
2026-01-01,홍콩,KYG596691041,MEITUAN,27484141
2026-01-01,홍콩,HK0000921236,A GX USD MM,26432545
2026-01-01,홍콩,KYG070341048,BAIDU INC CL A,24691835
2026-01-01,홍콩,KYG3777B1032,GEELY AUTOMOBILE HOLDINGS LTD,21794951
2026-01-01,홍콩,CNE100006JG0,LAOPU GOLD,21787728
2026-01-01,홍콩,HK0000748381,YESASIA HOLDINGS LTD,19979562
2026-01-01,홍콩,HK0001121349,XL2CSOPSMSN,19585431
2026-01-01,홍콩,HK0000859063,SAMSUNG BLOCKCHAIN TECHNOLOGIES ETF,19338278
2026-01-01,홍콩,HK0941009539,CHINA MOBILE LTD,18262717
2026-01-01,홍콩,HK0000921228,Global X HANG SENG TECH ETF,17954224
2026-01-01,홍콩,CNE1000076H5,09927,17742108
2026-01-01,홍콩,HK0000516697,GLOBAL X CHINA BIOTECH ETF (HKD),17654041
2026-01-01,홍콩,HK0000642568,CSOP HANG SENG TECH INDEX ETF (HKD),17638619
2026-01-01,홍콩,CNE100006Z79,SANHUA INTELLIGENT,16978730
2026-01-01,홍콩,CNE1000003G1,INDUSTRIAL AND COMMERCIAL BANK OF CHINA LTD-H,16219885
2026-01-01,홍콩,HK0000516713,GLOBAL X CHINA CLOUD COMPUTING ETF (HKD),14785163
2026-01-01,홍콩,HK0000562634,GLOBAL X CHINA CONSUMER BRAND ETF (HKD),14644928
2026-01-01,홍콩,KYG982AW1003,XPENG INC,14522266
2026-01-01,홍콩,KYG4602S1057,HORIZONROBOT-W,14067836
2026-01-01,홍콩,CNE1000002H1,CHINA CONSTRUCTION BANK CORP-H,13821430
2026-01-01,홍콩,HK0000562675,GLOBAL X CHINA CLEAN ENERGY ETF (HKD),13228360
2026-01-01,홍콩,KYG532631028,KUAISHOU TECHNOLOGY,13114472
2026-01-01,홍콩,CNE1000002Q2,CHINA PETROLEUM AND CHEMICAL CORP-H,12989425
2026-01-01,홍콩,KYG970081173,WUXI BIOLOGICS CAYMAN INC,12090520
2026-01-01,홍콩,KYG3774X1088,GCL TECHNOLOGY HOLDINGS LTD,11820716
2026-01-01,홍콩,HK0001200002,02259,11353954
2026-01-01,홍콩,HKX566362888,PING AN SECURITIE HKD0.01 HKD0.01 CHAN 009837742 BMG7115B1211,10827260
2026-01-01,홍콩,HK1126010854,DREAM INTERNATIONAL LTD,10699019
2026-01-01,홍콩,CNE1000003W8,PETROCHINA CO LTD-H,10430769
2026-01-01,홍콩,CNE1000001Z5,BANK OF CHINA LTD-H,10009252
2026-01-01,홍콩,KYG8208B1014,JD.COM INC CL A,9893764
2026-01-01,홍콩,HK0000637857,GLOBAL X CHINA ROBOTICS AND AI ETF (HKD),9773017
2026-01-01,홍콩,CNE1000048K8,HAIER SMART HOME CO LTD-H MRGR 006942845 BMG423131256,8959031
2026-01-02,홍콩,KYG875721634,TENCENT HOLDINGS LTD,243657261
2026-01-02,홍콩,KYG017191142,ALIBABA GROUP HOLDING LTD,186346050
2026-01-02,홍콩,KYG8020E1199,SEMICONDUCTOR MANUFACTURING INTL CORP,147779223
2026-01-02,홍콩,CNE1000031W9,GANFENGLITHIUM ORD H,120218453
2026-01-02,홍콩,CNE100000296,BYD CO LTD-H,119699793
2026-01-02,홍콩,KYG9830T1067,XIAOMI CORP,97512381
2026-01-02,홍콩,CNE100005F09,TIANQI LITHIUM CORP,96908568
2026-01-02,홍콩,HK0000637832,GLOBAL X CHINA SEMICONDUCTOR ETF (HKD),96888560
2026-01-02,홍콩,CNE100006CQ4,Ubtech Robotics Ord Shs H,72586280
2026-01-02,홍콩,CNE100006WS8,CATL ORD H,69481082
2026-01-02,홍콩,CNE100004YZ4,CTG DUTY-FREE,53962456
2026-01-02,홍콩,CNE100000593,PICC PROPERTY AND CASUALTY CO LTD-H,48946393
2026-01-02,홍콩,HK0000562659,GLOBAL X CHINA ELECTRIC VEHICLE AND BATTERY ETF (HKD),48735614
2026-01-02,홍콩,HK0001205258,XL2CSOPHYNIX,45480313
2026-01-02,홍콩,KYG392AS1011,GLOBAL NEW MATERIAL INTL HOLDINGS LTD,40573360
2026-01-02,홍콩,HK0001025037,GLOBAL X US Treasury 3-5 Year ETF,30751136
2026-01-02,홍콩,CNE1000003X6,PING AN INSURANCE GROUP CO OF CHINA LTD-H,29239456
2026-01-02,홍콩,KYG596691041,MEITUAN,27539378
2026-01-02,홍콩,KYG070341048,BAIDU INC CL A,26923971
2026-01-02,홍콩,HK0000921236,A GX USD MM,26539293
2026-01-02,홍콩,HK0001121349,XL2CSOPSMSN,22499617
2026-01-02,홍콩,KYG3777B1032,GEELY AUTOMOBILE HOLDINGS LTD,22082755
2026-01-02,홍콩,CNE100006JG0,LAOPU GOLD,21261722
2026-01-02,홍콩,HK0000748381,YESASIA HOLDINGS LTD,20972949
2026-01-02,홍콩,HK0000642568,CSOP HANG SENG TECH INDEX ETF (HKD),20862180
2026-01-02,홍콩,HK0000921228,Global X HANG SENG TECH ETF,20504013
2026-01-02,홍콩,HK0000859063,SAMSUNG BLOCKCHAIN TECHNOLOGIES ETF,19291242
2026-01-02,홍콩,HK0000516697,GLOBAL X CHINA BIOTECH ETF (HKD),18699374
2026-01-02,홍콩,HK0941009539,CHINA MOBILE LTD,18638426
2026-01-02,홍콩,CNE1000076H5,09927,17749044
2026-01-02,홍콩,CNE100006Z79,SANHUA INTELLIGENT,17744061
2026-01-02,홍콩,CNE1000003G1,INDUSTRIAL AND COMMERCIAL BANK OF CHINA LTD-H,16337510
2026-01-02,홍콩,HK0000516713,GLOBAL X CHINA CLOUD COMPUTING ETF (HKD),15192090
2026-01-02,홍콩,KYG4602S1057,HORIZONROBOT-W,14562039
2026-01-02,홍콩,KYG982AW1003,XPENG INC,14541463
2026-01-02,홍콩,HK0000562634,GLOBAL X CHINA CONSUMER BRAND ETF (HKD),14479252
2026-01-02,홍콩,CNE1000002H1,CHINA CONSTRUCTION BANK CORP-H,13980515
2026-01-02,홍콩,KYG532631028,KUAISHOU TECHNOLOGY,13540941
2026-01-02,홍콩,HK0000562675,GLOBAL X CHINA CLEAN ENERGY ETF (HKD),13086639
2026-01-02,홍콩,CNE1000002Q2,CHINA PETROLEUM AND CHEMICAL CORP-H,13000580
2026-01-02,홍콩,KYG970081173,WUXI BIOLOGICS CAYMAN INC,12519288
2026-01-02,홍콩,KYG3774X1088,GCL TECHNOLOGY HOLDINGS LTD,12314611
2026-01-02,홍콩,HK0001200002,02259,11468365
2026-01-02,홍콩,HK1126010854,DREAM INTERNATIONAL LTD,11136054
2026-01-02,홍콩,HKX566362888,PING AN SECURITIE HKD0.01 HKD0.01 CHAN 009837742 BMG7115B1211,10821389
2026-01-02,홍콩,CNE1000003W8,PETROCHINA CO LTD-H,10594902
2026-01-02,홍콩,KYG8208B1014,JD.COM INC CL A,10219942
2026-01-02,홍콩,CNE1000001Z5,BANK OF CHINA LTD-H,10161417
2026-01-02,홍콩,HK0000637857,GLOBAL X CHINA ROBOTICS AND AI ETF (HKD),10057950
2026-01-02,홍콩,CNE1000048K8,HAIER SMART HOME CO LTD-H MRGR 006942845 BMG423131256,9323837
2026-01-05,홍콩,KYG875721634,TENCENT HOLDINGS LTD,243945710
2026-01-05,홍콩,KYG017191142,ALIBABA GROUP HOLDING LTD,190998883
2026-01-05,홍콩,KYG8020E1199,SEMICONDUCTOR MANUFACTURING INTL CORP,150906456
2026-01-05,홍콩,CNE1000031W9,GANFENGLITHIUM ORD H,117936852
2026-01-05,홍콩,CNE100000296,BYD CO LTD-H,115922498
2026-01-05,홍콩,HK0000637832,GLOBAL X CHINA SEMICONDUCTOR ETF (HKD),99558082
2026-01-05,홍콩,CNE100005F09,TIANQI LITHIUM CORP,97478849
2026-01-05,홍콩,KYG9830T1067,XIAOMI CORP,95144051
2026-01-05,홍콩,CNE100006CQ4,Ubtech Robotics Ord Shs H,70325734
2026-01-05,홍콩,CNE100006WS8,CATL ORD H,69450597
2026-01-05,홍콩,CNE100004YZ4,CTG DUTY-FREE,51183367
2026-01-05,홍콩,CNE100000593,PICC PROPERTY AND CASUALTY CO LTD-H,50099581
2026-01-05,홍콩,HK0000562659,GLOBAL X CHINA ELECTRIC VEHICLE AND BATTERY ETF (HKD),49042830
2026-01-05,홍콩,HK0001205258,XL2CSOPHYNIX,48024362
2026-01-05,홍콩,KYG392AS1011,GLOBAL NEW MATERIAL INTL HOLDINGS LTD,34950377
2026-01-05,홍콩,HK0001025037,GLOBAL X US Treasury 3-5 Year ETF,30836833
2026-01-05,홍콩,CNE1000003X6,PING AN INSURANCE GROUP CO OF CHINA LTD-H,30003869
2026-01-05,홍콩,KYG070341048,BAIDU INC CL A,26734239
2026-01-05,홍콩,HK0000921236,A GX USD MM,26517341
2026-01-05,홍콩,HK0001121349,XL2CSOPSMSN,26102205
2026-01-05,홍콩,KYG596691041,MEITUAN,25939901
2026-01-05,홍콩,KYG3777B1032,GEELY AUTOMOBILE HOLDINGS LTD,21335797
2026-01-05,홍콩,CNE100006JG0,LAOPU GOLD,21116406
2026-01-05,홍콩,HK0000642568,CSOP HANG SENG TECH INDEX ETF (HKD),20929192
2026-01-05,홍콩,HK0000921228,Global X HANG SENG TECH ETF,20698541
2026-01-05,홍콩,HK0000748381,YESASIA HOLDINGS LTD,20171676
2026-01-05,홍콩,HK0000859063,SAMSUNG BLOCKCHAIN TECHNOLOGIES ETF,20031382
2026-01-05,홍콩,HK0000516697,GLOBAL X CHINA BIOTECH ETF (HKD),19327371
2026-01-05,홍콩,HK0941009539,CHINA MOBILE LTD,18371957
2026-01-05,홍콩,CNE100006Z79,SANHUA INTELLIGENT,17632376
2026-01-05,홍콩,CNE1000076H5,09927,17520095
2026-01-05,홍콩,KYG4602S1057,HORIZONROBOT-W,16329807
2026-01-05,홍콩,CNE1000003G1,INDUSTRIAL AND COMMERCIAL BANK OF CHINA LTD-H,15992143
2026-01-05,홍콩,HK0000516713,GLOBAL X CHINA CLOUD COMPUTING ETF (HKD),15315810
2026-01-05,홍콩,KYG532631028,KUAISHOU TECHNOLOGY,15032402
2026-01-05,홍콩,HK0000562634,GLOBAL X CHINA CONSUMER BRAND ETF (HKD),14456995
2026-01-05,홍콩,CNE1000002H1,CHINA CONSTRUCTION BANK CORP-H,13733805
2026-01-05,홍콩,KYG982AW1003,XPENG INC,13483231
2026-01-05,홍콩,HK0000562675,GLOBAL X CHINA CLEAN ENERGY ETF (HKD),13210053
2026-01-05,홍콩,KYG970081173,WUXI BIOLOGICS CAYMAN INC,12881943
2026-01-05,홍콩,CNE1000002Q2,CHINA PETROLEUM AND CHEMICAL CORP-H,12874199
2026-01-05,홍콩,KYG3774X1088,GCL TECHNOLOGY HOLDINGS LTD,12529885
2026-01-05,홍콩,HK0001200002,02259,11154765
2026-01-05,홍콩,HK1126010854,DREAM INTERNATIONAL LTD,11075290
2026-01-05,홍콩,HKX566362888,PING AN SECURITIE HKD0.01 HKD0.01 CHAN 009837742 BMG7115B1211,10812928
2026-01-05,홍콩,HK0000637857,GLOBAL X CHINA ROBOTICS AND AI ETF (HKD),10274660
2026-01-05,홍콩,CNE1000003W8,PETROCHINA CO LTD-H,10215960
2026-01-05,홍콩,HK0000123577,CHINAAMC CSI 300 INDEX ETF HKD,10143004
2026-01-05,홍콩,KYG8208B1014,JD.COM INC CL A,10124660
2026-01-05,홍콩,CNE1000001Z5,BANK OF CHINA LTD-H,9995430
2026-01-06,홍콩,KYG875721634,TENCENT HOLDINGS LTD,248056334
2026-01-06,홍콩,KYG017191142,ALIBABA GROUP HOLDING LTD,188866687
2026-01-06,홍콩,KYG8020E1199,SEMICONDUCTOR MANUFACTURING INTL CORP,148739141
2026-01-06,홍콩,CNE1000031W9,GANFENGLITHIUM ORD H,125779173
2026-01-06,홍콩,CNE100000296,BYD CO LTD-H,119923835
2026-01-06,홍콩,HK0000637832,GLOBAL X CHINA SEMICONDUCTOR ETF (HKD),102790150
2026-01-06,홍콩,CNE100005F09,TIANQI LITHIUM CORP,101309973
2026-01-06,홍콩,KYG9830T1067,XIAOMI CORP,93983025
2026-01-06,홍콩,CNE100006CQ4,Ubtech Robotics Ord Shs H,72874547
2026-01-06,홍콩,CNE100006WS8,CATL ORD H,68984787
2026-01-06,홍콩,CNE100004YZ4,CTG DUTY-FREE,53192402
2026-01-06,홍콩,CNE100000593,PICC PROPERTY AND CASUALTY CO LTD-H,51481447
2026-01-06,홍콩,HK0000562659,GLOBAL X CHINA ELECTRIC VEHICLE AND BATTERY ETF (HKD),49649578
2026-01-06,홍콩,HK0001205258,XL2CSOPHYNIX,48811432
2026-01-06,홍콩,KYG392AS1011,GLOBAL NEW MATERIAL INTL HOLDINGS LTD,35476973
2026-01-06,홍콩,CNE1000003X6,PING AN INSURANCE GROUP CO OF CHINA LTD-H,31529703
2026-01-06,홍콩,HK0001025037,GLOBAL X US Treasury 3-5 Year ETF,31047910
2026-01-06,홍콩,HK0001121349,XL2CSOPSMSN,28662774
2026-01-06,홍콩,HK0000921236,A GX USD MM,26539503
2026-01-06,홍콩,KYG070341048,BAIDU INC CL A,26458131
2026-01-06,홍콩,KYG596691041,MEITUAN,26097791
2026-01-06,홍콩,KYG3777B1032,GEELY AUTOMOBILE HOLDINGS LTD,21624830
2026-01-06,홍콩,CNE100006JG0,LAOPU GOLD,21337191
2026-01-06,홍콩,HK0000642568,CSOP HANG SENG TECH INDEX ETF (HKD),20995252
2026-01-06,홍콩,HK0000921228,Global X HANG SENG TECH ETF,20940889
2026-01-06,홍콩,HK0000859063,SAMSUNG BLOCKCHAIN TECHNOLOGIES ETF,20929003
2026-01-06,홍콩,HK0000748381,YESASIA HOLDINGS LTD,20692448
2026-01-06,홍콩,HK0000516697,GLOBAL X CHINA BIOTECH ETF (HKD),19360001
2026-01-06,홍콩,HK0941009539,CHINA MOBILE LTD,18379975
2026-01-06,홍콩,CNE1000076H5,09927,17961215
2026-01-06,홍콩,CNE100006Z79,SANHUA INTELLIGENT,17840447
2026-01-06,홍콩,CNE1000003G1,INDUSTRIAL AND COMMERCIAL BANK OF CHINA LTD-H,15992020
2026-01-06,홍콩,HK0000516713,GLOBAL X CHINA CLOUD COMPUTING ETF (HKD),15527717
2026-01-06,홍콩,KYG532631028,KUAISHOU TECHNOLOGY,15439443
2026-01-06,홍콩,KYG4602S1057,HORIZONROBOT-W,14961771
2026-01-06,홍콩,HK0000562634,GLOBAL X CHINA CONSUMER BRAND ETF (HKD),14637802
2026-01-06,홍콩,KYG982AW1003,XPENG INC,14249336
2026-01-06,홍콩,CNE1000002H1,CHINA CONSTRUCTION BANK CORP-H,13854165
2026-01-06,홍콩,HK0000562675,GLOBAL X CHINA CLEAN ENERGY ETF (HKD),13502003
2026-01-06,홍콩,CNE1000002Q2,CHINA PETROLEUM AND CHEMICAL CORP-H,13437769
2026-01-06,홍콩,KYG970081173,WUXI BIOLOGICS CAYMAN INC,13102058
2026-01-06,홍콩,KYG3774X1088,GCL TECHNOLOGY HOLDINGS LTD,12866296
2026-01-06,홍콩,HK0001200002,02259,11614165
2026-01-06,홍콩,HK1126010854,DREAM INTERNATIONAL LTD,11110093
2026-01-06,홍콩,HKX566362888,PING AN SECURITIE HKD0.01 HKD0.01 CHAN 009837742 BMG7115B1211,10821474
2026-01-06,홍콩,HK0000637857,GLOBAL X CHINA ROBOTICS AND AI ETF (HKD),10410125
2026-01-06,홍콩,HK0000123577,CHINAAMC CSI 300 INDEX ETF HKD,10296569
2026-01-06,홍콩,KYG8208B1014,JD.COM INC CL A,10295522
2026-01-06,홍콩,CNE1000003W8,PETROCHINA CO LTD-H,10275909
2026-01-06,홍콩,CNE1000001Z5,BANK OF CHINA LTD-H,9959181
2026-01-07,홍콩,KYG875721634,TENCENT HOLDINGS LTD,244779848
2026-01-07,홍콩,KYG017191142,ALIBABA GROUP HOLDING LTD,182727609
2026-01-07,홍콩,KYG8020E1199,SEMICONDUCTOR MANUFACTURING INTL CORP,148976153
2026-01-07,홍콩,CNE1000031W9,GANFENGLITHIUM ORD H,126732961
2026-01-07,홍콩,CNE100000296,BYD CO LTD-H,114440776
2026-01-07,홍콩,HK0000637832,GLOBAL X CHINA SEMICONDUCTOR ETF (HKD),104766028
2026-01-07,홍콩,CNE100005F09,TIANQI LITHIUM CORP,100774738
2026-01-07,홍콩,KYG9830T1067,XIAOMI CORP,92211451
2026-01-07,홍콩,CNE100006CQ4,Ubtech Robotics Ord Shs H,72735011
2026-01-07,홍콩,CNE100006WS8,CATL ORD H,66799715
2026-01-07,홍콩,CNE100004YZ4,CTG DUTY-FREE,56363216
2026-01-07,홍콩,HK0001205258,XL2CSOPHYNIX,51498316
2026-01-07,홍콩,CNE100000593,PICC PROPERTY AND CASUALTY CO LTD-H,50379622
2026-01-07,홍콩,HK0000562659,GLOBAL X CHINA ELECTRIC VEHICLE AND BATTERY ETF (HKD),49063387
2026-01-07,홍콩,KYG392AS1011,GLOBAL NEW MATERIAL INTL HOLDINGS LTD,34572005
2026-01-07,홍콩,CNE1000003X6,PING AN INSURANCE GROUP CO OF CHINA LTD-H,31106648
2026-01-07,홍콩,HK0001025037,GLOBAL X US Treasury 3-5 Year ETF,30664803
2026-01-07,홍콩,HK0001121349,XL2CSOPSMSN,29707285
2026-01-07,홍콩,HK0000921236,A GX USD MM,26531113
2026-01-07,홍콩,KYG070341048,BAIDU INC CL A,26329071
2026-01-07,홍콩,KYG596691041,MEITUAN,25713873
2026-01-07,홍콩,KYG3777B1032,GEELY AUTOMOBILE HOLDINGS LTD,21259239
2026-01-07,홍콩,HK0000859063,SAMSUNG BLOCKCHAIN TECHNOLOGIES ETF,20940377
2026-01-07,홍콩,CNE100006JG0,LAOPU GOLD,20838745
2026-01-07,홍콩,HK0000642568,CSOP HANG SENG TECH INDEX ETF (HKD),20692513
2026-01-07,홍콩,HK0000921228,Global X HANG SENG TECH ETF,20601735
2026-01-07,홍콩,HK0000516697,GLOBAL X CHINA BIOTECH ETF (HKD),20036296
2026-01-07,홍콩,HK0000748381,YESASIA HOLDINGS LTD,19142104
2026-01-07,홍콩,HK0941009539,CHINA MOBILE LTD,18195340
2026-01-07,홍콩,CNE1000076H5,09927,18135912
2026-01-07,홍콩,CNE100006Z79,SANHUA INTELLIGENT,17736126
2026-01-07,홍콩,HK0000123577,CHINAAMC CSI 300 INDEX ETF HKD,16958953
2026-01-07,홍콩,CNE1000003G1,INDUSTRIAL AND COMMERCIAL BANK OF CHINA LTD-H,15797296
2026-01-07,홍콩,HK0000516713,GLOBAL X CHINA CLOUD COMPUTING ETF (HKD),15348208
2026-01-07,홍콩,KYG532631028,KUAISHOU TECHNOLOGY,15038084
2026-01-07,홍콩,KYG4602S1057,HORIZONROBOT-W,14978629
2026-01-07,홍콩,HK0000562634,GLOBAL X CHINA CONSUMER BRAND ETF (HKD),14663900
2026-01-07,홍콩,KYG982AW1003,XPENG INC,14059728
2026-01-07,홍콩,KYG970081173,WUXI BIOLOGICS CAYMAN INC,13952653
2026-01-07,홍콩,HK0000562675,GLOBAL X CHINA CLEAN ENERGY ETF (HKD),13676351
2026-01-07,홍콩,CNE1000002H1,CHINA CONSTRUCTION BANK CORP-H,13674501
2026-01-07,홍콩,CNE1000002Q2,CHINA PETROLEUM AND CHEMICAL CORP-H,13544196
2026-01-07,홍콩,KYG3774X1088,GCL TECHNOLOGY HOLDINGS LTD,13029898
2026-01-07,홍콩,HK0001200002,02259,11433760
2026-01-07,홍콩,HK1126010854,DREAM INTERNATIONAL LTD,11415616
2026-01-07,홍콩,HKX566362888,PING AN SECURITIE HKD0.01 HKD0.01 CHAN 009837742 BMG7115B1211,10818053
2026-01-07,홍콩,HK0000637857,GLOBAL X CHINA ROBOTICS AND AI ETF (HKD),10408700
2026-01-07,홍콩,KYG8208B1014,JD.COM INC CL A,10168160
2026-01-07,홍콩,CNE1000001Z5,BANK OF CHINA LTD-H,9953747
2026-01-07,홍콩,CNE1000003W8,PETROCHINA CO LTD-H,9924749
2026-01-08,홍콩,KYG875721634,TENCENT HOLDINGS LTD,241512242
2026-01-08,홍콩,KYG017191142,ALIBABA GROUP HOLDING LTD,179461376
2026-01-08,홍콩,KYG8020E1199,SEMICONDUCTOR MANUFACTURING INTL CORP,148907980
2026-01-08,홍콩,CNE1000031W9,GANFENGLITHIUM ORD H,123773651
2026-01-08,홍콩,CNE100000296,BYD CO LTD-H,113626537
2026-01-08,홍콩,HK0000637832,GLOBAL X CHINA SEMICONDUCTOR ETF (HKD),104738265
2026-01-08,홍콩,CNE100005F09,TIANQI LITHIUM CORP,99409072
2026-01-08,홍콩,KYG9830T1067,XIAOMI CORP,91915973
2026-01-08,홍콩,CNE100006CQ4,Ubtech Robotics Ord Shs H,71994788
2026-01-08,홍콩,CNE100006WS8,CATL ORD H,66279527
2026-01-08,홍콩,CNE100004YZ4,CTG DUTY-FREE,55040005
2026-01-08,홍콩,HK0001205258,XL2CSOPHYNIX,52583407
2026-01-08,홍콩,CNE100000593,PICC PROPERTY AND CASUALTY CO LTD-H,48701989
2026-01-08,홍콩,HK0000562659,GLOBAL X CHINA ELECTRIC VEHICLE AND BATTERY ETF (HKD),48358521
2026-01-08,홍콩,KYG392AS1011,GLOBAL NEW MATERIAL INTL HOLDINGS LTD,34573912
2026-01-08,홍콩,HK0001025037,GLOBAL X US Treasury 3-5 Year ETF,30727471
2026-01-08,홍콩,CNE1000003X6,PING AN INSURANCE GROUP CO OF CHINA LTD-H,30719705
2026-01-08,홍콩,HK0001121349,XL2CSOPSMSN,28805732
2026-01-08,홍콩,HK0000921236,A GX USD MM,26514162
2026-01-08,홍콩,KYG070341048,BAIDU INC CL A,25406840
2026-01-08,홍콩,KYG596691041,MEITUAN,24892466
2026-01-08,홍콩,KYG3777B1032,GEELY AUTOMOBILE HOLDINGS LTD,21088578
2026-01-08,홍콩,CNE100006JG0,LAOPU GOLD,20841213
2026-01-08,홍콩,HK0000123577,CHINAAMC CSI 300 INDEX ETF HKD,20694433
2026-01-08,홍콩,HK0000642568,CSOP HANG SENG TECH INDEX ETF (HKD),20434212
2026-01-08,홍콩,HK0000859063,SAMSUNG BLOCKCHAIN TECHNOLOGIES ETF,20375459
2026-01-08,홍콩,HK0000921228,Global X HANG SENG TECH ETF,20026027
2026-01-08,홍콩,HK0000516697,GLOBAL X CHINA BIOTECH ETF (HKD),19906374
2026-01-08,홍콩,HK0000748381,YESASIA HOLDINGS LTD,19140571
2026-01-08,홍콩,HK0941009539,CHINA MOBILE LTD,18096322
2026-01-08,홍콩,CNE1000076H5,09927,17825902
2026-01-08,홍콩,CNE100006Z79,SANHUA INTELLIGENT,17449116
2026-01-08,홍콩,CNE1000003G1,INDUSTRIAL AND COMMERCIAL BANK OF CHINA LTD-H,15696527
2026-01-08,홍콩,KYG4602S1057,HORIZONROBOT-W,15508067
2026-01-08,홍콩,HK0000516713,GLOBAL X CHINA CLOUD COMPUTING ETF (HKD),15383011
2026-01-08,홍콩,KYG532631028,KUAISHOU TECHNOLOGY,14672692
2026-01-08,홍콩,KYG982AW1003,XPENG INC,14585144
2026-01-08,홍콩,HK0000562634,GLOBAL X CHINA CONSUMER BRAND ETF (HKD),14557753
2026-01-08,홍콩,HK0000562675,GLOBAL X CHINA CLEAN ENERGY ETF (HKD),14399694
2026-01-08,홍콩,KYG970081173,WUXI BIOLOGICS CAYMAN INC,14128961
2026-01-08,홍콩,CNE1000002H1,CHINA CONSTRUCTION BANK CORP-H,13657801
2026-01-08,홍콩,CNE1000002Q2,CHINA PETROLEUM AND CHEMICAL CORP-H,13389954
2026-01-08,홍콩,KYG3774X1088,GCL TECHNOLOGY HOLDINGS LTD,12573341
2026-01-08,홍콩,HK0001200002,02259,11384138
2026-01-08,홍콩,HK1126010854,DREAM INTERNATIONAL LTD,11095708
2026-01-08,홍콩,HKX566362888,PING AN SECURITIE HKD0.01 HKD0.01 CHAN 009837742 BMG7115B1211,10818992
2026-01-08,홍콩,HK0000637857,GLOBAL X CHINA ROBOTICS AND AI ETF (HKD),10483370
2026-01-08,홍콩,KYG8208B1014,JD.COM INC CL A,9954841
2026-01-08,홍콩,CNE1000001Z5,BANK OF CHINA LTD-H,9887501
2026-01-08,홍콩,CNE1000003W8,PETROCHINA CO LTD-H,9843260
2026-01-09,홍콩,KYG875721634,TENCENT HOLDINGS LTD,239392567
2026-01-09,홍콩,KYG017191142,ALIBABA GROUP HOLDING LTD,182320187
2026-01-09,홍콩,KYG8020E1199,SEMICONDUCTOR MANUFACTURING INTL CORP,147512056
2026-01-09,홍콩,CNE1000031W9,GANFENGLITHIUM ORD H,124895064
2026-01-09,홍콩,CNE100000296,BYD CO LTD-H,111414285
2026-01-09,홍콩,HK0000637832,GLOBAL X CHINA SEMICONDUCTOR ETF (HKD),104454958
2026-01-09,홍콩,CNE100005F09,TIANQI LITHIUM CORP,97435439
2026-01-09,홍콩,KYG9830T1067,XIAOMI CORP,89086025
2026-01-09,홍콩,CNE100006CQ4,Ubtech Robotics Ord Shs H,71132908
2026-01-09,홍콩,CNE100006WS8,CATL ORD H,65309723
2026-01-09,홍콩,CNE100004YZ4,CTG DUTY-FREE,58599611
2026-01-09,홍콩,HK0001205258,XL2CSOPHYNIX,50295977
2026-01-09,홍콩,CNE100000593,PICC PROPERTY AND CASUALTY CO LTD-H,48849188
2026-01-09,홍콩,HK0000562659,GLOBAL X CHINA ELECTRIC VEHICLE AND BATTERY ETF (HKD),48708542
2026-01-09,홍콩,KYG6181S1093,00100,41757935
2026-01-09,홍콩,KYG392AS1011,GLOBAL NEW MATERIAL INTL HOLDINGS LTD,35852544
2026-01-09,홍콩,HK0001025037,GLOBAL X US Treasury 3-5 Year ETF,30720091
2026-01-09,홍콩,CNE1000003X6,PING AN INSURANCE GROUP CO OF CHINA LTD-H,30613991
2026-01-09,홍콩,HK0001121349,XL2CSOPSMSN,28427701
2026-01-09,홍콩,HK0000921236,A GX USD MM,26559159
2026-01-09,홍콩,KYG070341048,BAIDU INC CL A,24766257
2026-01-09,홍콩,KYG596691041,MEITUAN,24304508
2026-01-09,홍콩,CNE100006JG0,LAOPU GOLD,21996339
2026-01-09,홍콩,HK0000642568,CSOP HANG SENG TECH INDEX ETF (HKD),20880154
2026-01-09,홍콩,KYG3777B1032,GEELY AUTOMOBILE HOLDINGS LTD,20824756
2026-01-09,홍콩,HK0000859063,SAMSUNG BLOCKCHAIN TECHNOLOGIES ETF,20534098
2026-01-09,홍콩,HK0000516697,GLOBAL X CHINA BIOTECH ETF (HKD),20000884
2026-01-09,홍콩,HK0000748381,YESASIA HOLDINGS LTD,19739264
2026-01-09,홍콩,HK0000921228,Global X HANG SENG TECH ETF,18480768
2026-01-09,홍콩,HK0941009539,CHINA MOBILE LTD,18121867
2026-01-09,홍콩,CNE1000076H5,09927,17667742
2026-01-09,홍콩,CNE100006Z79,SANHUA INTELLIGENT,16742026
2026-01-09,홍콩,KYG4602S1057,HORIZONROBOT-W,16240458
2026-01-09,홍콩,CNE1000003G1,INDUSTRIAL AND COMMERCIAL BANK OF CHINA LTD-H,15765867
2026-01-09,홍콩,HK0000516713,GLOBAL X CHINA CLOUD COMPUTING ETF (HKD),15693049
2026-01-09,홍콩,KYG532631028,KUAISHOU TECHNOLOGY,15228181
2026-01-09,홍콩,KYG982AW1003,XPENG INC,14852290
2026-01-09,홍콩,HK0000562634,GLOBAL X CHINA CONSUMER BRAND ETF (HKD),14603464
2026-01-09,홍콩,KYG970081173,WUXI BIOLOGICS CAYMAN INC,14346497
2026-01-09,홍콩,CNE1000002H1,CHINA CONSTRUCTION BANK CORP-H,13607698
2026-01-09,홍콩,HK0000562675,GLOBAL X CHINA CLEAN ENERGY ETF (HKD),13470362
2026-01-09,홍콩,CNE1000002Q2,CHINA PETROLEUM AND CHEMICAL CORP-H,13438056
2026-01-09,홍콩,HK0001200002,02259,11703509
2026-01-09,홍콩,KYG3774X1088,GCL TECHNOLOGY HOLDINGS LTD,11565539
2026-01-09,홍콩,HK1126010854,DREAM INTERNATIONAL LTD,10958769
2026-01-09,홍콩,HKX566362888,PING AN SECURITIE HKD0.01 HKD0.01 CHAN 009837742 BMG7115B1211,10812525
2026-01-09,홍콩,HK0000637857,GLOBAL X CHINA ROBOTICS AND AI ETF (HKD),10695561
2026-01-09,홍콩,KYG8208B1014,JD.COM INC CL A,10138530
2026-01-09,홍콩,CNE1000003W8,PETROCHINA CO LTD-H,10029022
2026-01-09,홍콩,CNE1000001Z5,BANK OF CHINA LTD-H,9815084
2026-01-12,홍콩,KYG875721634,TENCENT HOLDINGS LTD,243510508
2026-01-12,홍콩,KYG017191142,ALIBABA GROUP HOLDING LTD,191619275
2026-01-12,홍콩,KYG8020E1199,SEMICONDUCTOR MANUFACTURING INTL CORP,149418900
2026-01-12,홍콩,CNE1000031W9,GANFENGLITHIUM ORD H,130690995
2026-01-12,홍콩,CNE100000296,BYD CO LTD-H,112745585
2026-01-12,홍콩,HK0000637832,GLOBAL X CHINA SEMICONDUCTOR ETF (HKD),106956489
2026-01-12,홍콩,CNE100005F09,TIANQI LITHIUM CORP,101773567
2026-01-12,홍콩,KYG9830T1067,XIAOMI CORP,90694507
2026-01-12,홍콩,CNE100006CQ4,Ubtech Robotics Ord Shs H,72449822
2026-01-12,홍콩,CNE100006WS8,CATL ORD H,63246858
2026-01-12,홍콩,CNE100004YZ4,CTG DUTY-FREE,60888703
2026-01-12,홍콩,HK0001205258,XL2CSOPHYNIX,50792211
2026-01-12,홍콩,HK0000562659,GLOBAL X CHINA ELECTRIC VEHICLE AND BATTERY ETF (HKD),48585690
2026-01-12,홍콩,KYG6181S1093,00100,48150087
2026-01-12,홍콩,CNE100000593,PICC PROPERTY AND CASUALTY CO LTD-H,47885207
2026-01-12,홍콩,KYG392AS1011,GLOBAL NEW MATERIAL INTL HOLDINGS LTD,36322556
2026-01-12,홍콩,HK0001025037,GLOBAL X US Treasury 3-5 Year ETF,30705529
2026-01-12,홍콩,CNE1000003X6,PING AN INSURANCE GROUP CO OF CHINA LTD-H,29934215
2026-01-12,홍콩,HK0001121349,XL2CSOPSMSN,28483953
2026-01-12,홍콩,HK0000921236,A GX USD MM,26462409
2026-01-12,홍콩,KYG070341048,BAIDU INC CL A,26018667
2026-01-12,홍콩,KYG596691041,MEITUAN,26009977
2026-01-12,홍콩,CNE100006JG0,LAOPU GOLD,22778687
2026-01-12,홍콩,HK0000642568,CSOP HANG SENG TECH INDEX ETF (HKD),21509177
2026-01-12,홍콩,HK0000859063,SAMSUNG BLOCKCHAIN TECHNOLOGIES ETF,20695101
2026-01-12,홍콩,KYG3777B1032,GEELY AUTOMOBILE HOLDINGS LTD,20513996
2026-01-12,홍콩,HK0000516697,GLOBAL X CHINA BIOTECH ETF (HKD),20011214
2026-01-12,홍콩,HK0000921228,Global X HANG SENG TECH ETF,19040174
2026-01-12,홍콩,HK0000748381,YESASIA HOLDINGS LTD,18909382
2026-01-12,홍콩,HK0941009539,CHINA MOBILE LTD,18179901
2026-01-12,홍콩,CNE1000076H5,09927,17593841
2026-01-12,홍콩,CNE100006Z79,SANHUA INTELLIGENT,16639243
2026-01-12,홍콩,HK0000516713,GLOBAL X CHINA CLOUD COMPUTING ETF (HKD),16423172
2026-01-12,홍콩,KYG532631028,KUAISHOU TECHNOLOGY,16363728
2026-01-12,홍콩,CNE1000003G1,INDUSTRIAL AND COMMERCIAL BANK OF CHINA LTD-H,16031969
2026-01-12,홍콩,KYG4602S1057,HORIZONROBOT-W,15469750
2026-01-12,홍콩,KYG982AW1003,XPENG INC,15050407
2026-01-12,홍콩,HK0000562634,GLOBAL X CHINA CONSUMER BRAND ETF (HKD),14673599
2026-01-12,홍콩,KYG970081173,WUXI BIOLOGICS CAYMAN INC,14490282
2026-01-12,홍콩,CNE1000002H1,CHINA CONSTRUCTION BANK CORP-H,13822256
2026-01-12,홍콩,HK0000562675,GLOBAL X CHINA CLEAN ENERGY ETF (HKD),13512480
2026-01-12,홍콩,CNE1000002Q2,CHINA PETROLEUM AND CHEMICAL CORP-H,13223746
2026-01-12,홍콩,KYG3774X1088,GCL TECHNOLOGY HOLDINGS LTD,12000434
2026-01-12,홍콩,HK0001200002,02259,11878460
2026-01-12,홍콩,HK0000637857,GLOBAL X CHINA ROBOTICS AND AI ETF (HKD),11155803
2026-01-12,홍콩,HK1126010854,DREAM INTERNATIONAL LTD,10962744
2026-01-12,홍콩,HKX566362888,PING AN SECURITIE HKD0.01 HKD0.01 CHAN 009837742 BMG7115B1211,10807400
2026-01-12,홍콩,KYG8208B1014,JD.COM INC CL A,10321870
2026-01-12,홍콩,CNE1000003W8,PETROCHINA CO LTD-H,10038724
2026-01-12,홍콩,HK0000218211,HUA HONG SEMICONDUCTOR LTD,10021206
2026-01-13,홍콩,KYG875721634,TENCENT HOLDINGS LTD,246169188
2026-01-13,홍콩,KYG017191142,ALIBABA GROUP HOLDING LTD,198721566
2026-01-13,홍콩,KYG8020E1199,SEMICONDUCTOR MANUFACTURING INTL CORP,147446678
2026-01-13,홍콩,CNE1000031W9,GANFENGLITHIUM ORD H,135876230
2026-01-13,홍콩,CNE100000296,BYD CO LTD-H,114661394
2026-01-13,홍콩,HK0000637832,GLOBAL X CHINA SEMICONDUCTOR ETF (HKD),104463736
2026-01-13,홍콩,CNE100005F09,TIANQI LITHIUM CORP,102584282
2026-01-13,홍콩,KYG9830T1067,XIAOMI CORP,88954268
2026-01-13,홍콩,CNE100006CQ4,Ubtech Robotics Ord Shs H,72262149
2026-01-13,홍콩,CNE100004YZ4,CTG DUTY-FREE,58788466
2026-01-13,홍콩,CNE100006WS8,CATL ORD H,49914504
2026-01-13,홍콩,HK0001205258,XL2CSOPHYNIX,49821504
2026-01-13,홍콩,CNE100000593,PICC PROPERTY AND CASUALTY CO LTD-H,48712584
2026-01-13,홍콩,HK0000562659,GLOBAL X CHINA ELECTRIC VEHICLE AND BATTERY ETF (HKD),47886386
2026-01-13,홍콩,KYG6181S1093,00100,44659758
2026-01-13,홍콩,KYG392AS1011,GLOBAL NEW MATERIAL INTL HOLDINGS LTD,35022461
2026-01-13,홍콩,CNE1000003X6,PING AN INSURANCE GROUP CO OF CHINA LTD-H,30735639
2026-01-13,홍콩,HK0001025037,GLOBAL X US Treasury 3-5 Year ETF,30693310
2026-01-13,홍콩,HK0001121349,XL2CSOPSMSN,28337854
2026-01-13,홍콩,HK0000921236,A GX USD MM,26485388
2026-01-13,홍콩,KYG596691041,MEITUAN,26028658
2026-01-13,홍콩,KYG070341048,BAIDU INC CL A,25696864
2026-01-13,홍콩,CNE100006JG0,LAOPU GOLD,22109966
2026-01-13,홍콩,HK0000642568,CSOP HANG SENG TECH INDEX ETF (HKD),21518766
2026-01-13,홍콩,KYG3777B1032,GEELY AUTOMOBILE HOLDINGS LTD,20807449
2026-01-13,홍콩,HK0000859063,SAMSUNG BLOCKCHAIN TECHNOLOGIES ETF,20802097
2026-01-13,홍콩,HK0000516697,GLOBAL X CHINA BIOTECH ETF (HKD),20367113
2026-01-13,홍콩,HK0000921228,Global X HANG SENG TECH ETF,19005821
2026-01-13,홍콩,HK0000748381,YESASIA HOLDINGS LTD,18894867
2026-01-13,홍콩,HK0941009539,CHINA MOBILE LTD,18149940
2026-01-13,홍콩,CNE1000076H5,09927,17594509
2026-01-13,홍콩,HK0000516713,GLOBAL X CHINA CLOUD COMPUTING ETF (HKD),16441904
2026-01-13,홍콩,KYG4602S1057,HORIZONROBOT-W,16318634
2026-01-13,홍콩,CNE1000003G1,INDUSTRIAL AND COMMERCIAL BANK OF CHINA LTD-H,16162842
2026-01-13,홍콩,KYG982AW1003,XPENG INC,15616646
2026-01-13,홍콩,CNE100006Z79,SANHUA INTELLIGENT,15391805
2026-01-13,홍콩,KYG970081173,WUXI BIOLOGICS CAYMAN INC,15281819
2026-01-13,홍콩,KYG532631028,KUAISHOU TECHNOLOGY,15160158
2026-01-13,홍콩,HK0000562634,GLOBAL X CHINA CONSUMER BRAND ETF (HKD),14002418
2026-01-13,홍콩,CNE1000002H1,CHINA CONSTRUCTION BANK CORP-H,13962439
2026-01-13,홍콩,HK0000562675,GLOBAL X CHINA CLEAN ENERGY ETF (HKD),13440292
2026-01-13,홍콩,CNE1000002Q2,CHINA PETROLEUM AND CHEMICAL CORP-H,13310271
2026-01-13,홍콩,HK0001200002,02259,12481462
2026-01-13,홍콩,KYG3774X1088,GCL TECHNOLOGY HOLDINGS LTD,11792258
2026-01-13,홍콩,KYG8208B1014,JD.COM INC CL A,11728488
2026-01-13,홍콩,HK0000637857,GLOBAL X CHINA ROBOTICS AND AI ETF (HKD),11009614
2026-01-13,홍콩,HK1126010854,DREAM INTERNATIONAL LTD,10858024
2026-01-13,홍콩,HKX566362888,PING AN SECURITIE HKD0.01 HKD0.01 CHAN 009837742 BMG7115B1211,10806964
2026-01-13,홍콩,CNE1000003W8,PETROCHINA CO LTD-H,10170257
2026-01-13,홍콩,CNE1000001Z5,BANK OF CHINA LTD-H,10013969
2026-01-14,홍콩,KYG875721634,TENCENT HOLDINGS LTD,248045336
2026-01-14,홍콩,KYG017191142,ALIBABA GROUP HOLDING LTD,211492396
2026-01-14,홍콩,KYG8020E1199,SEMICONDUCTOR MANUFACTURING INTL CORP,150220707
2026-01-14,홍콩,CNE1000031W9,GANFENGLITHIUM ORD H,136975703
2026-01-14,홍콩,CNE100000296,BYD CO LTD-H,115120235
2026-01-14,홍콩,HK0000637832,GLOBAL X CHINA SEMICONDUCTOR ETF (HKD),105269937
2026-01-14,홍콩,CNE100005F09,TIANQI LITHIUM CORP,100836155
2026-01-14,홍콩,KYG9830T1067,XIAOMI CORP,90246222
2026-01-14,홍콩,CNE100006CQ4,Ubtech Robotics Ord Shs H,71217582
2026-01-14,홍콩,CNE100004YZ4,CTG DUTY-FREE,57099305
2026-01-14,홍콩,HK0001205258,XL2CSOPHYNIX,49641351
2026-01-14,홍콩,CNE100000593,PICC PROPERTY AND CASUALTY CO LTD-H,48669064
2026-01-14,홍콩,CNE100006WS8,CATL ORD H,48361442
2026-01-14,홍콩,HK0000562659,GLOBAL X CHINA ELECTRIC VEHICLE AND BATTERY ETF (HKD),47451550
2026-01-14,홍콩,KYG6181S1093,00100,44535789
2026-01-14,홍콩,KYG392AS1011,GLOBAL NEW MATERIAL INTL HOLDINGS LTD,31796929
2026-01-14,홍콩,HK0001025037,GLOBAL X US Treasury 3-5 Year ETF,30707388
2026-01-14,홍콩,CNE1000003X6,PING AN INSURANCE GROUP CO OF CHINA LTD-H,30125633
2026-01-14,홍콩,HK0001121349,XL2CSOPSMSN,29921764
2026-01-14,홍콩,HK0000921236,A GX USD MM,26481140
2026-01-14,홍콩,KYG070341048,BAIDU INC CL A,26105701
2026-01-14,홍콩,KYG596691041,MEITUAN,25211183
2026-01-14,홍콩,CNE100006JG0,LAOPU GOLD,22846267
2026-01-14,홍콩,HK0000642568,CSOP HANG SENG TECH INDEX ETF (HKD),21593688
2026-01-14,홍콩,HK0000859063,SAMSUNG BLOCKCHAIN TECHNOLOGIES ETF,21238337
2026-01-14,홍콩,KYG3777B1032,GEELY AUTOMOBILE HOLDINGS LTD,20575709
2026-01-14,홍콩,HK0000516697,GLOBAL X CHINA BIOTECH ETF (HKD),20257885
2026-01-14,홍콩,HK0000921228,Global X HANG SENG TECH ETF,19068205
2026-01-14,홍콩,HK0000748381,YESASIA HOLDINGS LTD,18975038
2026-01-14,홍콩,HK0941009539,CHINA MOBILE LTD,18105184
2026-01-14,홍콩,CNE1000076H5,09927,17501845
2026-01-14,홍콩,HK0000516713,GLOBAL X CHINA CLOUD COMPUTING ETF (HKD),16401998
2026-01-14,홍콩,CNE1000003G1,INDUSTRIAL AND COMMERCIAL BANK OF CHINA LTD-H,16005480
2026-01-14,홍콩,KYG532631028,KUAISHOU TECHNOLOGY,15783805
2026-01-14,홍콩,KYG982AW1003,XPENG INC,15610260
2026-01-14,홍콩,CNE100006Z79,SANHUA INTELLIGENT,15421459
2026-01-14,홍콩,KYG970081173,WUXI BIOLOGICS CAYMAN INC,15092811
2026-01-14,홍콩,KYG4602S1057,HORIZONROBOT-W,14553785
2026-01-14,홍콩,HK0000562634,GLOBAL X CHINA CONSUMER BRAND ETF (HKD),13912172
2026-01-14,홍콩,CNE1000002H1,CHINA CONSTRUCTION BANK CORP-H,13878704
2026-01-14,홍콩,CNE1000002Q2,CHINA PETROLEUM AND CHEMICAL CORP-H,13788411
2026-01-14,홍콩,HK0000562675,GLOBAL X CHINA CLEAN ENERGY ETF (HKD),13393185
2026-01-14,홍콩,HK0001200002,02259,12706650
2026-01-14,홍콩,KYG3774X1088,GCL TECHNOLOGY HOLDINGS LTD,11879900
2026-01-14,홍콩,KYG8208B1014,JD.COM INC CL A,11601880
2026-01-14,홍콩,HK1126010854,DREAM INTERNATIONAL LTD,11268216
2026-01-14,홍콩,HK0000637857,GLOBAL X CHINA ROBOTICS AND AI ETF (HKD),11001097
2026-01-14,홍콩,HKX566362888,PING AN SECURITIE HKD0.01 HKD0.01 CHAN 009837742 BMG7115B1211,10800328
2026-01-14,홍콩,CNE1000003W8,PETROCHINA CO LTD-H,10211354
2026-01-14,홍콩,HK0000218211,HUA HONG SEMICONDUCTOR LTD,10015433
2026-01-15,홍콩,KYG875721634,TENCENT HOLDINGS LTD,243315046
2026-01-15,홍콩,KYG017191142,ALIBABA GROUP HOLDING LTD,206438935
2026-01-15,홍콩,KYG8020E1199,SEMICONDUCTOR MANUFACTURING INTL CORP,152564728
2026-01-15,홍콩,CNE1000031W9,GANFENGLITHIUM ORD H,147494250
2026-01-15,홍콩,CNE100000296,BYD CO LTD-H,116195067
2026-01-15,홍콩,HK0000637832,GLOBAL X CHINA SEMICONDUCTOR ETF (HKD),107782311
2026-01-15,홍콩,CNE100005F09,TIANQI LITHIUM CORP,105710401
2026-01-15,홍콩,KYG9830T1067,XIAOMI CORP,87325828
2026-01-15,홍콩,CNE100006CQ4,Ubtech Robotics Ord Shs H,72476595
2026-01-15,홍콩,CNE100004YZ4,CTG DUTY-FREE,56780020
2026-01-15,홍콩,HK0001205258,XL2CSOPHYNIX,52101067
2026-01-15,홍콩,CNE100006WS8,CATL ORD H,49367685
2026-01-15,홍콩,HK0000562659,GLOBAL X CHINA ELECTRIC VEHICLE AND BATTERY ETF (HKD),47915670
2026-01-15,홍콩,CNE100000593,PICC PROPERTY AND CASUALTY CO LTD-H,45875033
2026-01-15,홍콩,KYG6181S1093,00100,43544507
2026-01-15,홍콩,KYG392AS1011,GLOBAL NEW MATERIAL INTL HOLDINGS LTD,31769360
2026-01-15,홍콩,HK0001121349,XL2CSOPSMSN,31698678
2026-01-15,홍콩,HK0001025037,GLOBAL X US Treasury 3-5 Year ETF,30719947
2026-01-15,홍콩,CNE1000003X6,PING AN INSURANCE GROUP CO OF CHINA LTD-H,30145128
2026-01-15,홍콩,HK0000921236,A GX USD MM,26491970
2026-01-15,홍콩,KYG070341048,BAIDU INC CL A,26415505
2026-01-15,홍콩,KYG596691041,MEITUAN,24272528
2026-01-15,홍콩,CNE100006JG0,LAOPU GOLD,22838940
2026-01-15,홍콩,HK0000859063,SAMSUNG BLOCKCHAIN TECHNOLOGIES ETF,21390766
2026-01-15,홍콩,HK0000642568,CSOP HANG SENG TECH INDEX ETF (HKD),21365310
2026-01-15,홍콩,KYG3777B1032,GEELY AUTOMOBILE HOLDINGS LTD,20757270
2026-01-15,홍콩,HK0000516697,GLOBAL X CHINA BIOTECH ETF (HKD),19928774
2026-01-15,홍콩,HK0000748381,YESASIA HOLDINGS LTD,18884757
2026-01-15,홍콩,HK0000921228,Global X HANG SENG TECH ETF,18557742
2026-01-15,홍콩,CNE1000076H5,09927,17607276
2026-01-15,홍콩,HK0941009539,CHINA MOBILE LTD,17374403
2026-01-15,홍콩,HK0000516713,GLOBAL X CHINA CLOUD COMPUTING ETF (HKD),16180928
2026-01-15,홍콩,CNE1000003G1,INDUSTRIAL AND COMMERCIAL BANK OF CHINA LTD-H,15586432
2026-01-15,홍콩,KYG982AW1003,XPENG INC,15491289
2026-01-15,홍콩,KYG532631028,KUAISHOU TECHNOLOGY,14994209
2026-01-15,홍콩,KYG4602S1057,HORIZONROBOT-W,14945414
2026-01-15,홍콩,KYG970081173,WUXI BIOLOGICS CAYMAN INC,14898664
2026-01-15,홍콩,HK0000562634,GLOBAL X CHINA CONSUMER BRAND ETF (HKD),13673997
2026-01-15,홍콩,HK0000562675,GLOBAL X CHINA CLEAN ENERGY ETF (HKD),13522499
2026-01-15,홍콩,CNE1000002H1,CHINA CONSTRUCTION BANK CORP-H,13051778
2026-01-15,홍콩,HK0001200002,02259,12814671
2026-01-15,홍콩,CNE1000002Q2,CHINA PETROLEUM AND CHEMICAL CORP-H,12571381
2026-01-15,홍콩,KYG3774X1088,GCL TECHNOLOGY HOLDINGS LTD,11911620
2026-01-15,홍콩,KYG8208B1014,JD.COM INC CL A,11626211
2026-01-15,홍콩,HK1126010854,DREAM INTERNATIONAL LTD,11272824
2026-01-15,홍콩,HK0000637857,GLOBAL X CHINA ROBOTICS AND AI ETF (HKD),10936782
2026-01-15,홍콩,HKX566362888,PING AN SECURITIE HKD0.01 HKD0.01 CHAN 009837742 BMG7115B1211,10804745
2026-01-15,홍콩,CNE1000003W8,PETROCHINA CO LTD-H,10035073
2026-01-15,홍콩,HK0000218211,HUA HONG SEMICONDUCTOR LTD,9856668
2026-01-15,홍콩,CNE1000001Z5,BANK OF CHINA LTD-H,9686826
2026-01-16,홍콩,KYG875721634,TENCENT HOLDINGS LTD,240200243
2026-01-16,홍콩,KYG017191142,ALIBABA GROUP HOLDING LTD,206998072
2026-01-16,홍콩,KYG8020E1199,SEMICONDUCTOR MANUFACTURING INTL CORP,155867499
2026-01-16,홍콩,CNE1000031W9,GANFENGLITHIUM ORD H,140227718
2026-01-16,홍콩,CNE100000296,BYD CO LTD-H,115972227
2026-01-16,홍콩,HK0000637832,GLOBAL X CHINA SEMICONDUCTOR ETF (HKD),111531238
2026-01-16,홍콩,CNE100005F09,TIANQI LITHIUM CORP,102557907
2026-01-16,홍콩,KYG9830T1067,XIAOMI CORP,84423592
2026-01-16,홍콩,CNE100006CQ4,Ubtech Robotics Ord Shs H,75409278
2026-01-16,홍콩,CNE100004YZ4,CTG DUTY-FREE,56753857
2026-01-16,홍콩,KYG6181S1093,00100,53295988
2026-01-16,홍콩,HK0001205258,XL2CSOPHYNIX,53057365
2026-01-16,홍콩,CNE100006WS8,CATL ORD H,48895126
2026-01-16,홍콩,HK0000562659,GLOBAL X CHINA ELECTRIC VEHICLE AND BATTERY ETF (HKD),47873774
2026-01-16,홍콩,CNE100000593,PICC PROPERTY AND CASUALTY CO LTD-H,45130417
2026-01-16,홍콩,HK0001121349,XL2CSOPSMSN,34940299
2026-01-16,홍콩,KYG392AS1011,GLOBAL NEW MATERIAL INTL HOLDINGS LTD,31362016
2026-01-16,홍콩,HK0001025037,GLOBAL X US Treasury 3-5 Year ETF,30685080
2026-01-16,홍콩,CNE1000003X6,PING AN INSURANCE GROUP CO OF CHINA LTD-H,28897290
2026-01-16,홍콩,HK0000921236,A GX USD MM,26502634
2026-01-16,홍콩,KYG070341048,BAIDU INC CL A,26120913
2026-01-16,홍콩,KYG596691041,MEITUAN,23322941
2026-01-16,홍콩,CNE100006JG0,LAOPU GOLD,21804237
2026-01-16,홍콩,HK0000859063,SAMSUNG BLOCKCHAIN TECHNOLOGIES ETF,21686126
2026-01-16,홍콩,HK0000642568,CSOP HANG SENG TECH INDEX ETF (HKD),21379849
2026-01-16,홍콩,KYG3777B1032,GEELY AUTOMOBILE HOLDINGS LTD,20490034
2026-01-16,홍콩,HK0000516697,GLOBAL X CHINA BIOTECH ETF (HKD),19311017
2026-01-16,홍콩,HK0000921228,Global X HANG SENG TECH ETF,18477881
2026-01-16,홍콩,HK0000748381,YESASIA HOLDINGS LTD,17957423
2026-01-16,홍콩,CNE1000076H5,09927,17637750
2026-01-16,홍콩,HK0941009539,CHINA MOBILE LTD,16587764
2026-01-16,홍콩,HK0000516713,GLOBAL X CHINA CLOUD COMPUTING ETF (HKD),15779753
2026-01-16,홍콩,KYG982AW1003,XPENG INC,15366960
2026-01-16,홍콩,CNE1000003G1,INDUSTRIAL AND COMMERCIAL BANK OF CHINA LTD-H,14926979
2026-01-16,홍콩,KYG4602S1057,HORIZONROBOT-W,14897714
2026-01-16,홍콩,KYG970081173,WUXI BIOLOGICS CAYMAN INC,14728531
2026-01-16,홍콩,KYG532631028,KUAISHOU TECHNOLOGY,14442378
2026-01-16,홍콩,HK0000562675,GLOBAL X CHINA CLEAN ENERGY ETF (HKD),13796099
2026-01-16,홍콩,HK0000562634,GLOBAL X CHINA CONSUMER BRAND ETF (HKD),13547267
2026-01-16,홍콩,HK0001200002,02259,12860499
2026-01-16,홍콩,CNE1000002H1,CHINA CONSTRUCTION BANK CORP-H,12029558
2026-01-16,홍콩,KYG3774X1088,GCL TECHNOLOGY HOLDINGS LTD,11906994
2026-01-16,홍콩,CNE1000002Q2,CHINA PETROLEUM AND CHEMICAL CORP-H,11552571
2026-01-16,홍콩,HK1126010854,DREAM INTERNATIONAL LTD,11519846
2026-01-16,홍콩,HK0000637857,GLOBAL X CHINA ROBOTICS AND AI ETF (HKD),11034941
2026-01-16,홍콩,HKX566362888,PING AN SECURITIE HKD0.01 HKD0.01 CHAN 009837742 BMG7115B1211,10804192
2026-01-16,홍콩,HK0000218211,HUA HONG SEMICONDUCTOR LTD,10351499
2026-01-16,홍콩,KYG8208B1014,JD.COM INC CL A,9818078
2026-01-16,홍콩,CNE1000003W8,PETROCHINA CO LTD-H,9724065
2026-01-16,홍콩,CNE1000048K8,HAIER SMART HOME CO LTD-H MRGR 006942845 BMG423131256,9476279
2026-01-19,홍콩,KYG875721634,TENCENT HOLDINGS LTD,236781200
2026-01-19,홍콩,KYG017191142,ALIBABA GROUP HOLDING LTD,200771470
2026-01-19,홍콩,KYG8020E1199,SEMICONDUCTOR MANUFACTURING INTL CORP,151987270
2026-01-19,홍콩,CNE1000031W9,GANFENGLITHIUM ORD H,134350883
2026-01-19,홍콩,CNE100000296,BYD CO LTD-H,117305675
2026-01-19,홍콩,HK0000637832,GLOBAL X CHINA SEMICONDUCTOR ETF (HKD),111990947
2026-01-19,홍콩,CNE100005F09,TIANQI LITHIUM CORP,100147430
2026-01-19,홍콩,KYG9830T1067,XIAOMI CORP,83005900
2026-01-19,홍콩,CNE100006CQ4,Ubtech Robotics Ord Shs H,81204180
2026-01-19,홍콩,CNE100004YZ4,CTG DUTY-FREE,60495605
2026-01-19,홍콩,HK0001205258,XL2CSOPHYNIX,53287497
2026-01-19,홍콩,CNE100006WS8,CATL ORD H,48268063
2026-01-19,홍콩,HK0000562659,GLOBAL X CHINA ELECTRIC VEHICLE AND BATTERY ETF (HKD),47875224
2026-01-19,홍콩,KYG6181S1093,00100,46026347
2026-01-19,홍콩,CNE100000593,PICC PROPERTY AND CASUALTY CO LTD-H,44690419
2026-01-19,홍콩,HK0001121349,XL2CSOPSMSN,34476708
2026-01-19,홍콩,KYG392AS1011,GLOBAL NEW MATERIAL INTL HOLDINGS LTD,32577907
2026-01-19,홍콩,HK0001025037,GLOBAL X US Treasury 3-5 Year ETF,30672912
2026-01-19,홍콩,CNE1000003X6,PING AN INSURANCE GROUP CO OF CHINA LTD-H,28798571
2026-01-19,홍콩,HK0000921236,A GX USD MM,26490789
2026-01-19,홍콩,KYG070341048,BAIDU INC CL A,26312044
2026-01-19,홍콩,KYG596691041,MEITUAN,22883533
2026-01-19,홍콩,CNE100006JG0,LAOPU GOLD,22770209
2026-01-19,홍콩,HK0000859063,SAMSUNG BLOCKCHAIN TECHNOLOGIES ETF,21361893
2026-01-19,홍콩,HK0000642568,CSOP HANG SENG TECH INDEX ETF (HKD),21089613
2026-01-19,홍콩,KYG3777B1032,GEELY AUTOMOBILE HOLDINGS LTD,20347790
2026-01-19,홍콩,HK0000516697,GLOBAL X CHINA BIOTECH ETF (HKD),18659925
2026-01-19,홍콩,HK0000921228,Global X HANG SENG TECH ETF,18296360
2026-01-19,홍콩,HK0000748381,YESASIA HOLDINGS LTD,17708292
2026-01-19,홍콩,CNE1000076H5,09927,17702570
2026-01-19,홍콩,HK0941009539,CHINA MOBILE LTD,16426541
2026-01-19,홍콩,HK0000516713,GLOBAL X CHINA CLOUD COMPUTING ETF (HKD),15471450
2026-01-19,홍콩,KYG982AW1003,XPENG INC,15282051
2026-01-19,홍콩,KYG4602S1057,HORIZONROBOT-W,14900914
2026-01-19,홍콩,CNE1000003G1,INDUSTRIAL AND COMMERCIAL BANK OF CHINA LTD-H,14894764
2026-01-19,홍콩,KYG970081173,WUXI BIOLOGICS CAYMAN INC,14696825
2026-01-19,홍콩,KYG532631028,KUAISHOU TECHNOLOGY,14210205
2026-01-19,홍콩,HK0000562675,GLOBAL X CHINA CLEAN ENERGY ETF (HKD),14123808
2026-01-19,홍콩,HK0000562634,GLOBAL X CHINA CONSUMER BRAND ETF (HKD),13499162
2026-01-19,홍콩,HK0001200002,02259,13177627
2026-01-19,홍콩,CNE1000002H1,CHINA CONSTRUCTION BANK CORP-H,11968000
2026-01-19,홍콩,CNE1000002Q2,CHINA PETROLEUM AND CHEMICAL CORP-H,11925303
2026-01-19,홍콩,KYG3774X1088,GCL TECHNOLOGY HOLDINGS LTD,11908471
2026-01-19,홍콩,HK1126010854,DREAM INTERNATIONAL LTD,11402120
2026-01-19,홍콩,HK0000637857,GLOBAL X CHINA ROBOTICS AND AI ETF (HKD),11364300
2026-01-19,홍콩,HKX566362888,PING AN SECURITIE HKD0.01 HKD0.01 CHAN 009837742 BMG7115B1211,10803774
2026-01-19,홍콩,CNE1000003W8,PETROCHINA CO LTD-H,9720306
2026-01-19,홍콩,KYG8208B1014,JD.COM INC CL A,9674125
2026-01-19,홍콩,CNE1000048K8,HAIER SMART HOME CO LTD-H MRGR 006942845 BMG423131256,9463358
2026-01-19,홍콩,CNE1000001Z5,BANK OF CHINA LTD-H,9206521
2026-01-20,홍콩,KYG875721634,TENCENT HOLDINGS LTD,231979633
2026-01-20,홍콩,KYG017191142,ALIBABA GROUP HOLDING LTD,199823626
2026-01-20,홍콩,KYG8020E1199,SEMICONDUCTOR MANUFACTURING INTL CORP,146067950
2026-01-20,홍콩,CNE1000031W9,GANFENGLITHIUM ORD H,137050951
2026-01-20,홍콩,CNE100000296,BYD CO LTD-H,113004930
2026-01-20,홍콩,HK0000637832,GLOBAL X CHINA SEMICONDUCTOR ETF (HKD),111508011
2026-01-20,홍콩,CNE100005F09,TIANQI LITHIUM CORP,100701909
2026-01-20,홍콩,KYG9830T1067,XIAOMI CORP,80340482
2026-01-20,홍콩,CNE100006CQ4,Ubtech Robotics Ord Shs H,77820805
2026-01-20,홍콩,CNE100004YZ4,CTG DUTY-FREE,62754179
2026-01-20,홍콩,HK0001205258,XL2CSOPHYNIX,51077331
2026-01-20,홍콩,KYG6181S1093,00100,47632386
2026-01-20,홍콩,HK0000562659,GLOBAL X CHINA ELECTRIC VEHICLE AND BATTERY ETF (HKD),47516456
2026-01-20,홍콩,CNE100006WS8,CATL ORD H,46687156
2026-01-20,홍콩,CNE100000593,PICC PROPERTY AND CASUALTY CO LTD-H,44947273
2026-01-20,홍콩,HK0001121349,XL2CSOPSMSN,32860944
2026-01-20,홍콩,KYG392AS1011,GLOBAL NEW MATERIAL INTL HOLDINGS LTD,32623168
2026-01-20,홍콩,HK0001025037,GLOBAL X US Treasury 3-5 Year ETF,30616935
2026-01-20,홍콩,CNE1000003X6,PING AN INSURANCE GROUP CO OF CHINA LTD-H,29044270
2026-01-20,홍콩,HK0000921236,A GX USD MM,26488348
2026-01-20,홍콩,KYG070341048,BAIDU INC CL A,26486382
2026-01-20,홍콩,CNE100006JG0,LAOPU GOLD,23173603
2026-01-20,홍콩,KYG596691041,MEITUAN,22599603
2026-01-20,홍콩,HK0000859063,SAMSUNG BLOCKCHAIN TECHNOLOGIES ETF,21140354
2026-01-20,홍콩,HK0000642568,CSOP HANG SENG TECH INDEX ETF (HKD),21062482
2026-01-20,홍콩,KYG3777B1032,GEELY AUTOMOBILE HOLDINGS LTD,20031415
2026-01-20,홍콩,HK0000516697,GLOBAL X CHINA BIOTECH ETF (HKD),18548848
2026-01-20,홍콩,HK0000748381,YESASIA HOLDINGS LTD,18442891
2026-01-20,홍콩,CNE1000076H5,09927,17526326
2026-01-20,홍콩,HK0941009539,CHINA MOBILE LTD,16428903
2026-01-20,홍콩,HK0000921228,Global X HANG SENG TECH ETF,16238842
2026-01-20,홍콩,HK0000516713,GLOBAL X CHINA CLOUD COMPUTING ETF (HKD),15518610
2026-01-20,홍콩,KYG982AW1003,XPENG INC,14930143
2026-01-20,홍콩,CNE1000003G1,INDUSTRIAL AND COMMERCIAL BANK OF CHINA LTD-H,14821628
2026-01-20,홍콩,KYG4602S1057,HORIZONROBOT-W,14620920
2026-01-20,홍콩,HK0000562675,GLOBAL X CHINA CLEAN ENERGY ETF (HKD),14279397
2026-01-20,홍콩,KYG532631028,KUAISHOU TECHNOLOGY,14061372
2026-01-20,홍콩,KYG970081173,WUXI BIOLOGICS CAYMAN INC,14044618
2026-01-20,홍콩,HK0001200002,02259,13900095
2026-01-20,홍콩,HK0000562634,GLOBAL X CHINA CONSUMER BRAND ETF (HKD),13553158
2026-01-20,홍콩,CNE1000002H1,CHINA CONSTRUCTION BANK CORP-H,11890264
2026-01-20,홍콩,CNE1000002Q2,CHINA PETROLEUM AND CHEMICAL CORP-H,11854733
2026-01-20,홍콩,HK1126010854,DREAM INTERNATIONAL LTD,11703516
2026-01-20,홍콩,KYG3774X1088,GCL TECHNOLOGY HOLDINGS LTD,11691012
2026-01-20,홍콩,HK0000637857,GLOBAL X CHINA ROBOTICS AND AI ETF (HKD),11230712
2026-01-20,홍콩,HKX566362888,PING AN SECURITIE HKD0.01 HKD0.01 CHAN 009837742 BMG7115B1211,10805327
2026-01-20,홍콩,CNE1000003W8,PETROCHINA CO LTD-H,9680393
2026-01-20,홍콩,CNE1000048K8,HAIER SMART HOME CO LTD-H MRGR 006942845 BMG423131256,9548237
2026-01-20,홍콩,KYG8208B1014,JD.COM INC CL A,9482825
2026-01-20,홍콩,CNE1000001Z5,BANK OF CHINA LTD-H,9171416
2026-01-21,홍콩,KYG875721634,TENCENT HOLDINGS LTD,230141080
2026-01-21,홍콩,KYG017191142,ALIBABA GROUP HOLDING LTD,202572940
2026-01-21,홍콩,KYG8020E1199,SEMICONDUCTOR MANUFACTURING INTL CORP,150609030
2026-01-21,홍콩,CNE1000031W9,GANFENGLITHIUM ORD H,144558239
2026-01-21,홍콩,HK0000637832,GLOBAL X CHINA SEMICONDUCTOR ETF (HKD),114846791
2026-01-21,홍콩,CNE100000296,BYD CO LTD-H,114541578
2026-01-21,홍콩,CNE100005F09,TIANQI LITHIUM CORP,105482173
2026-01-21,홍콩,KYG9830T1067,XIAOMI CORP,78798336
2026-01-21,홍콩,CNE100006CQ4,Ubtech Robotics Ord Shs H,78752927
2026-01-21,홍콩,CNE100004YZ4,CTG DUTY-FREE,63253782
2026-01-21,홍콩,HK0001205258,XL2CSOPHYNIX,51496392
2026-01-21,홍콩,KYG6181S1093,00100,49666171
2026-01-21,홍콩,CNE100006WS8,CATL ORD H,47676285
2026-01-21,홍콩,HK0000562659,GLOBAL X CHINA ELECTRIC VEHICLE AND BATTERY ETF (HKD),47208347
2026-01-21,홍콩,CNE100000593,PICC PROPERTY AND CASUALTY CO LTD-H,44491394
2026-01-21,홍콩,HK0001121349,XL2CSOPSMSN,35404881
2026-01-21,홍콩,KYG392AS1011,GLOBAL NEW MATERIAL INTL HOLDINGS LTD,33465357
2026-01-21,홍콩,HK0001025037,GLOBAL X US Treasury 3-5 Year ETF,30646290
2026-01-21,홍콩,KYG070341048,BAIDU INC CL A,28210708
2026-01-21,홍콩,CNE1000003X6,PING AN INSURANCE GROUP CO OF CHINA LTD-H,28143662
2026-01-21,홍콩,HK0000921236,A GX USD MM,26532421
2026-01-21,홍콩,CNE100006JG0,LAOPU GOLD,23732773
2026-01-21,홍콩,KYG596691041,MEITUAN,21771783
2026-01-21,홍콩,HK0000859063,SAMSUNG BLOCKCHAIN TECHNOLOGIES ETF,21035297
2026-01-21,홍콩,HK0000642568,CSOP HANG SENG TECH INDEX ETF (HKD),21025746
2026-01-21,홍콩,KYG3777B1032,GEELY AUTOMOBILE HOLDINGS LTD,19763211
2026-01-21,홍콩,HK0000748381,YESASIA HOLDINGS LTD,18548547
2026-01-21,홍콩,HK0000921228,Global X HANG SENG TECH ETF,18344882
2026-01-21,홍콩,HK0000516697,GLOBAL X CHINA BIOTECH ETF (HKD),18299095
2026-01-21,홍콩,CNE1000076H5,09927,17259139
2026-01-21,홍콩,HK0941009539,CHINA MOBILE LTD,15484202
2026-01-21,홍콩,HK0000516713,GLOBAL X CHINA CLOUD COMPUTING ETF (HKD),15471496
2026-01-21,홍콩,KYG4602S1057,HORIZONROBOT-W,15436808
2026-01-21,홍콩,KYG970081173,WUXI BIOLOGICS CAYMAN INC,14539057
2026-01-21,홍콩,HK0001200002,02259,14525795
2026-01-21,홍콩,KYG982AW1003,XPENG INC,14510949
2026-01-21,홍콩,KYG532631028,KUAISHOU TECHNOLOGY,14193153
2026-01-21,홍콩,HK0000562675,GLOBAL X CHINA CLEAN ENERGY ETF (HKD),13872029
2026-01-21,홍콩,CNE1000003G1,INDUSTRIAL AND COMMERCIAL BANK OF CHINA LTD-H,13712127
2026-01-21,홍콩,HK0000562634,GLOBAL X CHINA CONSUMER BRAND ETF (HKD),13447561
2026-01-21,홍콩,CNE1000002Q2,CHINA PETROLEUM AND CHEMICAL CORP-H,11809299
2026-01-21,홍콩,KYG3774X1088,GCL TECHNOLOGY HOLDINGS LTD,11684153
2026-01-21,홍콩,HK1126010854,DREAM INTERNATIONAL LTD,11560713
2026-01-21,홍콩,HK0000637857,GLOBAL X CHINA ROBOTICS AND AI ETF (HKD),11441882
2026-01-21,홍콩,HKX566362888,PING AN SECURITIE HKD0.01 HKD0.01 CHAN 009837742 BMG7115B1211,10802129
2026-01-21,홍콩,CNE1000002H1,CHINA CONSTRUCTION BANK CORP-H,10593900
2026-01-21,홍콩,HK0000218211,HUA HONG SEMICONDUCTOR LTD,10047924
2026-01-21,홍콩,CNE1000003W8,PETROCHINA CO LTD-H,9623613
2026-01-21,홍콩,HK0000651213,ISHARES HS TECH ETF HKD,9486223
2026-01-21,홍콩,CNE1000048K8,HAIER SMART HOME CO LTD-H MRGR 006942845 BMG423131256,9421961
2026-01-22,홍콩,KYG875721634,TENCENT HOLDINGS LTD,226183488
2026-01-22,홍콩,KYG017191142,ALIBABA GROUP HOLDING LTD,203136090
2026-01-22,홍콩,KYG8020E1199,SEMICONDUCTOR MANUFACTURING INTL CORP,151313593
2026-01-22,홍콩,CNE1000031W9,GANFENGLITHIUM ORD H,143383248
2026-01-22,홍콩,HK0000637832,GLOBAL X CHINA SEMICONDUCTOR ETF (HKD),115054075
2026-01-22,홍콩,CNE100000296,BYD CO LTD-H,114705615
2026-01-22,홍콩,CNE100005F09,TIANQI LITHIUM CORP,102838091
2026-01-22,홍콩,CNE100006CQ4,Ubtech Robotics Ord Shs H,77576359
2026-01-22,홍콩,KYG9830T1067,XIAOMI CORP,77381527
2026-01-22,홍콩,CNE100004YZ4,CTG DUTY-FREE,62312985
2026-01-22,홍콩,HK0001205258,XL2CSOPHYNIX,53197973
2026-01-22,홍콩,KYG6181S1093,00100,48479270
2026-01-22,홍콩,HK0000562659,GLOBAL X CHINA ELECTRIC VEHICLE AND BATTERY ETF (HKD),46561767
2026-01-22,홍콩,CNE100006WS8,CATL ORD H,46394977
2026-01-22,홍콩,CNE100000593,PICC PROPERTY AND CASUALTY CO LTD-H,43492226
2026-01-22,홍콩,HK0001121349,XL2CSOPSMSN,38026780
2026-01-22,홍콩,KYG392AS1011,GLOBAL NEW MATERIAL INTL HOLDINGS LTD,35908425
2026-01-22,홍콩,HK0001025037,GLOBAL X US Treasury 3-5 Year ETF,30610247
2026-01-22,홍콩,KYG070341048,BAIDU INC CL A,28842077
2026-01-22,홍콩,CNE1000003X6,PING AN INSURANCE GROUP CO OF CHINA LTD-H,26779106
2026-01-22,홍콩,HK0000921236,A GX USD MM,26515198
2026-01-22,홍콩,CNE100006JG0,LAOPU GOLD,24634135
2026-01-22,홍콩,HK0000642568,CSOP HANG SENG TECH INDEX ETF (HKD),21088632
2026-01-22,홍콩,HK0000859063,SAMSUNG BLOCKCHAIN TECHNOLOGIES ETF,21076638
2026-01-22,홍콩,KYG596691041,MEITUAN,20814505
2026-01-22,홍콩,KYG3777B1032,GEELY AUTOMOBILE HOLDINGS LTD,19536775
2026-01-22,홍콩,HK0000748381,YESASIA HOLDINGS LTD,19224834
2026-01-22,홍콩,HK0000921228,Global X HANG SENG TECH ETF,18353393
2026-01-22,홍콩,HK0000516697,GLOBAL X CHINA BIOTECH ETF (HKD),18123911
2026-01-22,홍콩,CNE1000076H5,09927,16788580
2026-01-22,홍콩,HK0000516713,GLOBAL X CHINA CLOUD COMPUTING ETF (HKD),15564170
2026-01-22,홍콩,KYG4602S1057,HORIZONROBOT-W,14990063
2026-01-22,홍콩,KYG970081173,WUXI BIOLOGICS CAYMAN INC,14722396
2026-01-22,홍콩,HK0001200002,02259,14715059
2026-01-22,홍콩,HK0941009539,CHINA MOBILE LTD,14694240
2026-01-22,홍콩,KYG982AW1003,XPENG INC,13834859
2026-01-22,홍콩,KYG532631028,KUAISHOU TECHNOLOGY,13828887
2026-01-22,홍콩,HK0000562675,GLOBAL X CHINA CLEAN ENERGY ETF (HKD),13803108
2026-01-22,홍콩,HK0000562634,GLOBAL X CHINA CONSUMER BRAND ETF (HKD),13441543
2026-01-22,홍콩,CNE1000003G1,INDUSTRIAL AND COMMERCIAL BANK OF CHINA LTD-H,12821744
2026-01-22,홍콩,CNE1000002Q2,CHINA PETROLEUM AND CHEMICAL CORP-H,12022700
2026-01-22,홍콩,KYG3774X1088,GCL TECHNOLOGY HOLDINGS LTD,11799497
2026-01-22,홍콩,HK1126010854,DREAM INTERNATIONAL LTD,11746199
2026-01-22,홍콩,HK0000637857,GLOBAL X CHINA ROBOTICS AND AI ETF (HKD),11415000
2026-01-22,홍콩,HK0000218211,HUA HONG SEMICONDUCTOR LTD,11051662
2026-01-22,홍콩,HKX566362888,PING AN SECURITIE HKD0.01 HKD0.01 CHAN 009837742 BMG7115B1211,10804904
2026-01-22,홍콩,BMG0171K1018,ALIBABA HEALTH INFORMATION TECHNOLOGY LTD CHAN 39413205067 BMG2154E1021,10124094
2026-01-22,홍콩,CNE1000003W8,PETROCHINA CO LTD-H,9570712
2026-01-22,홍콩,HK0000651213,ISHARES HS TECH ETF HKD,9511044
2026-01-22,홍콩,CNE1000002H1,CHINA CONSTRUCTION BANK CORP-H,9353153
2026-01-23,홍콩,KYG875721634,TENCENT HOLDINGS LTD,223772631
2026-01-23,홍콩,KYG017191142,ALIBABA GROUP HOLDING LTD,205824276
2026-01-23,홍콩,CNE1000031W9,GANFENGLITHIUM ORD H,154068918
2026-01-23,홍콩,KYG8020E1199,SEMICONDUCTOR MANUFACTURING INTL CORP,151281248
2026-01-23,홍콩,HK0000637832,GLOBAL X CHINA SEMICONDUCTOR ETF (HKD),117860468
2026-01-23,홍콩,CNE100000296,BYD CO LTD-H,113857949
2026-01-23,홍콩,CNE100005F09,TIANQI LITHIUM CORP,107378888
2026-01-23,홍콩,CNE100006CQ4,Ubtech Robotics Ord Shs H,79150095
2026-01-23,홍콩,KYG9830T1067,XIAOMI CORP,78198621
2026-01-23,홍콩,CNE100004YZ4,CTG DUTY-FREE,63709065
2026-01-23,홍콩,HK0001205258,XL2CSOPHYNIX,53538913
2026-01-23,홍콩,HK0000562659,GLOBAL X CHINA ELECTRIC VEHICLE AND BATTERY ETF (HKD),47212744
2026-01-23,홍콩,KYG6181S1093,00100,46174976
2026-01-23,홍콩,CNE100006WS8,CATL ORD H,46159064
2026-01-23,홍콩,CNE100000593,PICC PROPERTY AND CASUALTY CO LTD-H,43562722
2026-01-23,홍콩,HK0001121349,XL2CSOPSMSN,37763345
2026-01-23,홍콩,KYG392AS1011,GLOBAL NEW MATERIAL INTL HOLDINGS LTD,34896714
2026-01-23,홍콩,HK0001025037,GLOBAL X US Treasury 3-5 Year ETF,30601593
2026-01-23,홍콩,KYG070341048,BAIDU INC CL A,28536067
2026-01-23,홍콩,HK0000921236,A GX USD MM,26506394
2026-01-23,홍콩,CNE100006JG0,LAOPU GOLD,26305113
2026-01-23,홍콩,CNE1000003X6,PING AN INSURANCE GROUP CO OF CHINA LTD-H,26116887
2026-01-23,홍콩,HK0000642568,CSOP HANG SENG TECH INDEX ETF (HKD),21127801
2026-01-23,홍콩,HK0000859063,SAMSUNG BLOCKCHAIN TECHNOLOGIES ETF,21078240
2026-01-23,홍콩,KYG596691041,MEITUAN,20145537
2026-01-23,홍콩,KYG3777B1032,GEELY AUTOMOBILE HOLDINGS LTD,19594915
2026-01-23,홍콩,HK0000748381,YESASIA HOLDINGS LTD,19312795
2026-01-23,홍콩,HK0000921228,Global X HANG SENG TECH ETF,18525956
2026-01-23,홍콩,HK0000516697,GLOBAL X CHINA BIOTECH ETF (HKD),18307908
2026-01-23,홍콩,CNE1000076H5,09927,17116122
2026-01-23,홍콩,HK0001200002,02259,15969938
2026-01-23,홍콩,HK0000516713,GLOBAL X CHINA CLOUD COMPUTING ETF (HKD),15602013
2026-01-23,홍콩,KYG4602S1057,HORIZONROBOT-W,15298619
2026-01-23,홍콩,KYG970081173,WUXI BIOLOGICS CAYMAN INC,14758698
2026-01-23,홍콩,HK0000562675,GLOBAL X CHINA CLEAN ENERGY ETF (HKD),14389542
2026-01-23,홍콩,HK0941009539,CHINA MOBILE LTD,13955845
2026-01-23,홍콩,KYG532631028,KUAISHOU TECHNOLOGY,13842810
2026-01-23,홍콩,HK0000562634,GLOBAL X CHINA CONSUMER BRAND ETF (HKD),13518138
2026-01-23,홍콩,KYG982AW1003,XPENG INC,13492738
2026-01-23,홍콩,KYG3774X1088,GCL TECHNOLOGY HOLDINGS LTD,12901734
2026-01-23,홍콩,CNE1000003G1,INDUSTRIAL AND COMMERCIAL BANK OF CHINA LTD-H,11982993
2026-01-23,홍콩,HK1126010854,DREAM INTERNATIONAL LTD,11760130
2026-01-23,홍콩,CNE1000002Q2,CHINA PETROLEUM AND CHEMICAL CORP-H,11748020
2026-01-23,홍콩,HK0000637857,GLOBAL X CHINA ROBOTICS AND AI ETF (HKD),11613667
2026-01-23,홍콩,HKX566362888,PING AN SECURITIE HKD0.01 HKD0.01 CHAN 009837742 BMG7115B1211,10805725
2026-01-23,홍콩,HK0000218211,HUA HONG SEMICONDUCTOR LTD,10747067
2026-01-23,홍콩,BMG0171K1018,ALIBABA HEALTH INFORMATION TECHNOLOGY LTD CHAN 39413205067 BMG2154E1021,9952499
2026-01-23,홍콩,HK0000651213,ISHARES HS TECH ETF HKD,9559789
2026-01-23,홍콩,CNE100000304,DONGFANG ELECTRIC CORP LTD-H,9289752
2026-01-23,홍콩,CNE1000003W8,PETROCHINA CO LTD-H,9157273
2026-01-26,홍콩,KYG875721634,TENCENT HOLDINGS LTD,221239126
2026-01-26,홍콩,KYG017191142,ALIBABA GROUP HOLDING LTD,200034033
2026-01-26,홍콩,CNE1000031W9,GANFENGLITHIUM ORD H,152845522
2026-01-26,홍콩,KYG8020E1199,SEMICONDUCTOR MANUFACTURING INTL CORP,146482495
2026-01-26,홍콩,HK0000637832,GLOBAL X CHINA SEMICONDUCTOR ETF (HKD),114363613
2026-01-26,홍콩,CNE100000296,BYD CO LTD-H,113612843
2026-01-26,홍콩,CNE100005F09,TIANQI LITHIUM CORP,106179184
2026-01-26,홍콩,CNE100006CQ4,Ubtech Robotics Ord Shs H,77043725
2026-01-26,홍콩,KYG9830T1067,XIAOMI CORP,76202443
2026-01-26,홍콩,CNE100004YZ4,CTG DUTY-FREE,64302058
2026-01-26,홍콩,HK0001205258,XL2CSOPHYNIX,51063777
2026-01-26,홍콩,KYG6181S1093,00100,47398078
2026-01-26,홍콩,HK0000562659,GLOBAL X CHINA ELECTRIC VEHICLE AND BATTERY ETF (HKD),46286535
2026-01-26,홍콩,CNE100006WS8,CATL ORD H,45888267
2026-01-26,홍콩,CNE100000593,PICC PROPERTY AND CASUALTY CO LTD-H,42963019
2026-01-26,홍콩,HK0001121349,XL2CSOPSMSN,38417116
2026-01-26,홍콩,KYG392AS1011,GLOBAL NEW MATERIAL INTL HOLDINGS LTD,37616194
2026-01-26,홍콩,HK0001025037,GLOBAL X US Treasury 3-5 Year ETF,30690072
2026-01-26,홍콩,CNE100006JG0,LAOPU GOLD,28271535
2026-01-26,홍콩,KYG070341048,BAIDU INC CL A,27261729
2026-01-26,홍콩,HK0000921236,A GX USD MM,26543009
2026-01-26,홍콩,CNE1000003X6,PING AN INSURANCE GROUP CO OF CHINA LTD-H,25815014
2026-01-26,홍콩,HK0000859063,SAMSUNG BLOCKCHAIN TECHNOLOGIES ETF,20889994
2026-01-26,홍콩,KYG596691041,MEITUAN,19297545
2026-01-26,홍콩,KYG3777B1032,GEELY AUTOMOBILE HOLDINGS LTD,19107271
2026-01-26,홍콩,HK0000748381,YESASIA HOLDINGS LTD,18265810
2026-01-26,홍콩,HK0000642568,CSOP HANG SENG TECH INDEX ETF (HKD),18037222
2026-01-26,홍콩,HK0000516697,GLOBAL X CHINA BIOTECH ETF (HKD),18033593
2026-01-26,홍콩,HK0000921228,Global X HANG SENG TECH ETF,17387854
2026-01-26,홍콩,CNE1000076H5,09927,16560875
2026-01-26,홍콩,HK0001200002,02259,16200395
2026-01-26,홍콩,HK0000516713,GLOBAL X CHINA CLOUD COMPUTING ETF (HKD),15443189
2026-01-26,홍콩,KYG4602S1057,HORIZONROBOT-W,14926870
2026-01-26,홍콩,KYG970081173,WUXI BIOLOGICS CAYMAN INC,14424550
2026-01-26,홍콩,HK0000562675,GLOBAL X CHINA CLEAN ENERGY ETF (HKD),14246110
2026-01-26,홍콩,KYG532631028,KUAISHOU TECHNOLOGY,13796851
2026-01-26,홍콩,HK0000562634,GLOBAL X CHINA CONSUMER BRAND ETF (HKD),13361690
2026-01-26,홍콩,HK0941009539,CHINA MOBILE LTD,13065099
2026-01-26,홍콩,KYG982AW1003,XPENG INC,12655153
2026-01-26,홍콩,KYG3774X1088,GCL TECHNOLOGY HOLDINGS LTD,12458009
2026-01-26,홍콩,HK1126010854,DREAM INTERNATIONAL LTD,12112403
2026-01-26,홍콩,CNE1000002Q2,CHINA PETROLEUM AND CHEMICAL CORP-H,11946991
2026-01-26,홍콩,HK0000637857,GLOBAL X CHINA ROBOTICS AND AI ETF (HKD),11667468
2026-01-26,홍콩,HK0000218211,HUA HONG SEMICONDUCTOR LTD,11426319
2026-01-26,홍콩,CNE1000003G1,INDUSTRIAL AND COMMERCIAL BANK OF CHINA LTD-H,11353433
2026-01-26,홍콩,HKX566362888,PING AN SECURITIE HKD0.01 HKD0.01 CHAN 009837742 BMG7115B1211,10805950
2026-01-26,홍콩,BMG0171K1018,ALIBABA HEALTH INFORMATION TECHNOLOGY LTD CHAN 39413205067 BMG2154E1021,10101419
2026-01-26,홍콩,HK0000651213,ISHARES HS TECH ETF HKD,9453457
2026-01-26,홍콩,CNE100000304,DONGFANG ELECTRIC CORP LTD-H,9168521
2026-01-26,홍콩,CNE1000003W8,PETROCHINA CO LTD-H,9136295
2026-01-27,홍콩,KYG875721634,TENCENT HOLDINGS LTD,224045902
2026-01-27,홍콩,KYG017191142,ALIBABA GROUP HOLDING LTD,205329682
2026-01-27,홍콩,CNE1000031W9,GANFENGLITHIUM ORD H,152186283
2026-01-27,홍콩,KYG8020E1199,SEMICONDUCTOR MANUFACTURING INTL CORP,148645820
2026-01-27,홍콩,HK0000637832,GLOBAL X CHINA SEMICONDUCTOR ETF (HKD),116121101
2026-01-27,홍콩,CNE100000296,BYD CO LTD-H,112926973
2026-01-27,홍콩,CNE100005F09,TIANQI LITHIUM CORP,105860508
2026-01-27,홍콩,CNE100006CQ4,Ubtech Robotics Ord Shs H,78715522
2026-01-27,홍콩,KYG9830T1067,XIAOMI CORP,77223386
2026-01-27,홍콩,CNE100004YZ4,CTG DUTY-FREE,62489190
2026-01-27,홍콩,KYG6181S1093,00100,59883326
2026-01-27,홍콩,HK0001205258,XL2CSOPHYNIX,58340801
2026-01-27,홍콩,HK0000562659,GLOBAL X CHINA ELECTRIC VEHICLE AND BATTERY ETF (HKD),45676509
2026-01-27,홍콩,CNE100006WS8,CATL ORD H,45454626
2026-01-27,홍콩,CNE100000593,PICC PROPERTY AND CASUALTY CO LTD-H,42810293
2026-01-27,홍콩,HK0001121349,XL2CSOPSMSN,42268183
2026-01-27,홍콩,KYG392AS1011,GLOBAL NEW MATERIAL INTL HOLDINGS LTD,37165746
2026-01-27,홍콩,HK0001025037,GLOBAL X US Treasury 3-5 Year ETF,30686699
2026-01-27,홍콩,CNE100006JG0,LAOPU GOLD,27311154
2026-01-27,홍콩,KYG070341048,BAIDU INC CL A,27142449
2026-01-27,홍콩,HK0000921236,A GX USD MM,26495451
2026-01-27,홍콩,CNE1000003X6,PING AN INSURANCE GROUP CO OF CHINA LTD-H,26402987
2026-01-27,홍콩,HK0000642568,CSOP HANG SENG TECH INDEX ETF (HKD),24943830
2026-01-27,홍콩,HK0000859063,SAMSUNG BLOCKCHAIN TECHNOLOGIES ETF,21067377
2026-01-27,홍콩,KYG596691041,MEITUAN,19264771
2026-01-27,홍콩,KYG3777B1032,GEELY AUTOMOBILE HOLDINGS LTD,18916914
2026-01-27,홍콩,HK0001200002,02259,18096958
2026-01-27,홍콩,HK0000516697,GLOBAL X CHINA BIOTECH ETF (HKD),18030832
2026-01-27,홍콩,HK0000748381,YESASIA HOLDINGS LTD,17956543
2026-01-27,홍콩,HK0000921228,Global X HANG SENG TECH ETF,17681766
2026-01-27,홍콩,CNE1000076H5,09927,16157772
2026-01-27,홍콩,HK0000516713,GLOBAL X CHINA CLOUD COMPUTING ETF (HKD),15467872
2026-01-27,홍콩,KYG4602S1057,HORIZONROBOT-W,14897633
2026-01-27,홍콩,KYG970081173,WUXI BIOLOGICS CAYMAN INC,14382783
2026-01-27,홍콩,HK0000562675,GLOBAL X CHINA CLEAN ENERGY ETF (HKD),14153242
2026-01-27,홍콩,KYG532631028,KUAISHOU TECHNOLOGY,13806970
2026-01-27,홍콩,HK0000562634,GLOBAL X CHINA CONSUMER BRAND ETF (HKD),13394822
2026-01-27,홍콩,HK0941009539,CHINA MOBILE LTD,13144657
2026-01-27,홍콩,KYG982AW1003,XPENG INC,12370238
2026-01-27,홍콩,KYG3774X1088,GCL TECHNOLOGY HOLDINGS LTD,12318538
2026-01-27,홍콩,HK1126010854,DREAM INTERNATIONAL LTD,11941595
2026-01-27,홍콩,CNE1000002Q2,CHINA PETROLEUM AND CHEMICAL CORP-H,11937178
2026-01-27,홍콩,HK0000637857,GLOBAL X CHINA ROBOTICS AND AI ETF (HKD),11729879
2026-01-27,홍콩,CNE1000003G1,INDUSTRIAL AND COMMERCIAL BANK OF CHINA LTD-H,11715686
2026-01-27,홍콩,HK0000218211,HUA HONG SEMICONDUCTOR LTD,11542350
2026-01-27,홍콩,HKX566362888,PING AN SECURITIE HKD0.01 HKD0.01 CHAN 009837742 BMG7115B1211,10804762
2026-01-27,홍콩,HK0000651213,ISHARES HS TECH ETF HKD,9500896
2026-01-27,홍콩,CNE1000003W8,PETROCHINA CO LTD-H,9345552
2026-01-27,홍콩,CNE100000304,DONGFANG ELECTRIC CORP LTD-H,9264593
2026-01-27,홍콩,BMG0171K1018,ALIBABA HEALTH INFORMATION TECHNOLOGY LTD CHAN 39413205067 BMG2154E1021,9088147
2026-01-28,홍콩,KYG875721634,TENCENT HOLDINGS LTD,227797988
2026-01-28,홍콩,KYG017191142,ALIBABA GROUP HOLDING LTD,208012089
2026-01-28,홍콩,KYG8020E1199,SEMICONDUCTOR MANUFACTURING INTL CORP,152344580
2026-01-28,홍콩,CNE1000031W9,GANFENGLITHIUM ORD H,151064035
2026-01-28,홍콩,HK0000637832,GLOBAL X CHINA SEMICONDUCTOR ETF (HKD),118375014
2026-01-28,홍콩,CNE100000296,BYD CO LTD-H,117515592
2026-01-28,홍콩,CNE100005F09,TIANQI LITHIUM CORP,105370155
2026-01-28,홍콩,CNE100006CQ4,Ubtech Robotics Ord Shs H,80443090
2026-01-28,홍콩,KYG9830T1067,XIAOMI CORP,76493688
2026-01-28,홍콩,HK0001205258,XL2CSOPHYNIX,71501860
2026-01-28,홍콩,CNE100004YZ4,CTG DUTY-FREE,62130640
2026-01-28,홍콩,KYG6181S1093,00100,59726466
2026-01-28,홍콩,CNE100006WS8,CATL ORD H,46101416
2026-01-28,홍콩,HK0001121349,XL2CSOPSMSN,45725618
2026-01-28,홍콩,HK0000562659,GLOBAL X CHINA ELECTRIC VEHICLE AND BATTERY ETF (HKD),45433693
2026-01-28,홍콩,CNE100000593,PICC PROPERTY AND CASUALTY CO LTD-H,44214400
2026-01-28,홍콩,KYG392AS1011,GLOBAL NEW MATERIAL INTL HOLDINGS LTD,36831339
2026-01-28,홍콩,HK0001025037,GLOBAL X US Treasury 3-5 Year ETF,30678523
2026-01-28,홍콩,CNE100006JG0,LAOPU GOLD,27420135
2026-01-28,홍콩,KYG070341048,BAIDU INC CL A,27109440
2026-01-28,홍콩,HK0000921236,A GX USD MM,26499533
2026-01-28,홍콩,CNE1000003X6,PING AN INSURANCE GROUP CO OF CHINA LTD-H,26230486
2026-01-28,홍콩,HK0000642568,CSOP HANG SENG TECH INDEX ETF (HKD),25546935
2026-01-28,홍콩,HK0000859063,SAMSUNG BLOCKCHAIN TECHNOLOGIES ETF,21394082
2026-01-28,홍콩,HK0001200002,02259,19670379
2026-01-28,홍콩,KYG3777B1032,GEELY AUTOMOBILE HOLDINGS LTD,19012622
2026-01-28,홍콩,KYG596691041,MEITUAN,18837177
2026-01-28,홍콩,HK0000921228,Global X HANG SENG TECH ETF,18086048
2026-01-28,홍콩,HK0000748381,YESASIA HOLDINGS LTD,18036455
2026-01-28,홍콩,HK0000516697,GLOBAL X CHINA BIOTECH ETF (HKD),18021394
2026-01-28,홍콩,CNE1000076H5,09927,15924224
2026-01-28,홍콩,HK0000516713,GLOBAL X CHINA CLOUD COMPUTING ETF (HKD),15366755
2026-01-28,홍콩,KYG4602S1057,HORIZONROBOT-W,14949087
2026-01-28,홍콩,KYG970081173,WUXI BIOLOGICS CAYMAN INC,14373188
2026-01-28,홍콩,KYG532631028,KUAISHOU TECHNOLOGY,14060625
2026-01-28,홍콩,HK0000562675,GLOBAL X CHINA CLEAN ENERGY ETF (HKD),13976063
2026-01-28,홍콩,HK0000562634,GLOBAL X CHINA CONSUMER BRAND ETF (HKD),13502363
2026-01-28,홍콩,HK0941009539,CHINA MOBILE LTD,12713106
2026-01-28,홍콩,KYG982AW1003,XPENG INC,12611128
2026-01-28,홍콩,KYG3774X1088,GCL TECHNOLOGY HOLDINGS LTD,12480125
2026-01-28,홍콩,HK0000218211,HUA HONG SEMICONDUCTOR LTD,12350893
2026-01-28,홍콩,CNE1000002Q2,CHINA PETROLEUM AND CHEMICAL CORP-H,12105826
2026-01-28,홍콩,HK1126010854,DREAM INTERNATIONAL LTD,11782015
2026-01-28,홍콩,HK0000637857,GLOBAL X CHINA ROBOTICS AND AI ETF (HKD),11588417
2026-01-28,홍콩,CNE1000003G1,INDUSTRIAL AND COMMERCIAL BANK OF CHINA LTD-H,11425532
2026-01-28,홍콩,HKX566362888,PING AN SECURITIE HKD0.01 HKD0.01 CHAN 009837742 BMG7115B1211,10801884
2026-01-28,홍콩,HK0000651213,ISHARES HS TECH ETF HKD,9724428
2026-01-28,홍콩,CNE1000003W8,PETROCHINA CO LTD-H,9532279
2026-01-28,홍콩,BMG0171K1018,ALIBABA HEALTH INFORMATION TECHNOLOGY LTD CHAN 39413205067 BMG2154E1021,9304976
2026-01-28,홍콩,CNE100000304,DONGFANG ELECTRIC CORP LTD-H,9275281
2026-01-29,홍콩,KYG875721634,TENCENT HOLDINGS LTD,226800655
2026-01-29,홍콩,KYG017191142,ALIBABA GROUP HOLDING LTD,206791188
2026-01-29,홍콩,CNE1000031W9,GANFENGLITHIUM ORD H,149241717
2026-01-29,홍콩,KYG8020E1199,SEMICONDUCTOR MANUFACTURING INTL CORP,147600192
2026-01-29,홍콩,CNE100000296,BYD CO LTD-H,114207301
2026-01-29,홍콩,HK0000637832,GLOBAL X CHINA SEMICONDUCTOR ETF (HKD),113463271
2026-01-29,홍콩,CNE100005F09,TIANQI LITHIUM CORP,101824436
2026-01-29,홍콩,CNE100006CQ4,Ubtech Robotics Ord Shs H,78178250
2026-01-29,홍콩,KYG9830T1067,XIAOMI CORP,75962367
2026-01-29,홍콩,HK0001205258,XL2CSOPHYNIX,69112301
2026-01-29,홍콩,CNE100004YZ4,CTG DUTY-FREE,67041526
2026-01-29,홍콩,KYG6181S1093,00100,61226365
2026-01-29,홍콩,CNE100006WS8,CATL ORD H,46286312
2026-01-29,홍콩,HK0000562659,GLOBAL X CHINA ELECTRIC VEHICLE AND BATTERY ETF (HKD),44790863
2026-01-29,홍콩,CNE100000593,PICC PROPERTY AND CASUALTY CO LTD-H,44211195
2026-01-29,홍콩,HK0001121349,XL2CSOPSMSN,43252955
2026-01-29,홍콩,KYG392AS1011,GLOBAL NEW MATERIAL INTL HOLDINGS LTD,35886622
2026-01-29,홍콩,HK0001025037,GLOBAL X US Treasury 3-5 Year ETF,30624579
2026-01-29,홍콩,KYG070341048,BAIDU INC CL A,26745636
2026-01-29,홍콩,HK0000921236,A GX USD MM,26550782
2026-01-29,홍콩,CNE1000003X6,PING AN INSURANCE GROUP CO OF CHINA LTD-H,26429965
2026-01-29,홍콩,CNE100006JG0,LAOPU GOLD,26149339
2026-01-29,홍콩,HK0000642568,CSOP HANG SENG TECH INDEX ETF (HKD),25261433
2026-01-29,홍콩,HK0000859063,SAMSUNG BLOCKCHAIN TECHNOLOGIES ETF,21414007
2026-01-29,홍콩,HK0000748381,YESASIA HOLDINGS LTD,19178208
2026-01-29,홍콩,HK0001200002,02259,18989610
2026-01-29,홍콩,KYG3777B1032,GEELY AUTOMOBILE HOLDINGS LTD,18889328
2026-01-29,홍콩,HK0000516697,GLOBAL X CHINA BIOTECH ETF (HKD),17948035
2026-01-29,홍콩,HK0000921228,Global X HANG SENG TECH ETF,17812740
2026-01-29,홍콩,KYG596691041,MEITUAN,17681471
2026-01-29,홍콩,CNE1000076H5,09927,16017220
2026-01-29,홍콩,HK0000516713,GLOBAL X CHINA CLOUD COMPUTING ETF (HKD),15239901
2026-01-29,홍콩,KYG970081173,WUXI BIOLOGICS CAYMAN INC,15119539
2026-01-29,홍콩,KYG532631028,KUAISHOU TECHNOLOGY,14402531
2026-01-29,홍콩,KYG4602S1057,HORIZONROBOT-W,14054958
2026-01-29,홍콩,HK0000562675,GLOBAL X CHINA CLEAN ENERGY ETF (HKD),13725696
2026-01-29,홍콩,HK0000562634,GLOBAL X CHINA CONSUMER BRAND ETF (HKD),13677902
2026-01-29,홍콩,KYG3774X1088,GCL TECHNOLOGY HOLDINGS LTD,12346391
2026-01-29,홍콩,KYG982AW1003,XPENG INC,12085870
2026-01-29,홍콩,HK0941009539,CHINA MOBILE LTD,12055673
2026-01-29,홍콩,CNE1000002Q2,CHINA PETROLEUM AND CHEMICAL CORP-H,11932810
2026-01-29,홍콩,HK0000218211,HUA HONG SEMICONDUCTOR LTD,11788766
2026-01-29,홍콩,HK1126010854,DREAM INTERNATIONAL LTD,11492083
2026-01-29,홍콩,HK0000637857,GLOBAL X CHINA ROBOTICS AND AI ETF (HKD),11353673
2026-01-29,홍콩,HKX566362888,PING AN SECURITIE HKD0.01 HKD0.01 CHAN 009837742 BMG7115B1211,10798344
2026-01-29,홍콩,CNE1000003G1,INDUSTRIAL AND COMMERCIAL BANK OF CHINA LTD-H,10763754
2026-01-29,홍콩,HK0000651213,ISHARES HS TECH ETF HKD,9625676
2026-01-29,홍콩,CNE1000003W8,PETROCHINA CO LTD-H,9406191
2026-01-29,홍콩,BMG0171K1018,ALIBABA HEALTH INFORMATION TECHNOLOGY LTD CHAN 39413205067 BMG2154E1021,9034831
2026-01-29,홍콩,CNE100000304,DONGFANG ELECTRIC CORP LTD-H,8722530
2026-01-30,홍콩,KYG875721634,TENCENT HOLDINGS LTD,220593905
2026-01-30,홍콩,KYG017191142,ALIBABA GROUP HOLDING LTD,200860894
2026-01-30,홍콩,KYG8020E1199,SEMICONDUCTOR MANUFACTURING INTL CORP,142763930
2026-01-30,홍콩,CNE1000031W9,GANFENGLITHIUM ORD H,132867475
2026-01-30,홍콩,HK0000637832,GLOBAL X CHINA SEMICONDUCTOR ETF (HKD),113474425
2026-01-30,홍콩,CNE100000296,BYD CO LTD-H,111274532
2026-01-30,홍콩,CNE100005F09,TIANQI LITHIUM CORP,91310827
2026-01-30,홍콩,CNE100006CQ4,Ubtech Robotics Ord Shs H,76656249
2026-01-30,홍콩,KYG9830T1067,XIAOMI CORP,75456572
2026-01-30,홍콩,HK0001205258,XL2CSOPHYNIX,73398223
2026-01-30,홍콩,CNE100004YZ4,CTG DUTY-FREE,62758640
2026-01-30,홍콩,KYG6181S1093,00100,57884023
2026-01-30,홍콩,HK0000562659,GLOBAL X CHINA ELECTRIC VEHICLE AND BATTERY ETF (HKD),43817079
2026-01-30,홍콩,HK0001121349,XL2CSOPSMSN,43658939
2026-01-30,홍콩,CNE100000593,PICC PROPERTY AND CASUALTY CO LTD-H,43612243
2026-01-30,홍콩,CNE100006WS8,CATL ORD H,42970810
2026-01-30,홍콩,KYG392AS1011,GLOBAL NEW MATERIAL INTL HOLDINGS LTD,35867998
2026-01-30,홍콩,HK0001025037,GLOBAL X US Treasury 3-5 Year ETF,30630620
2026-01-30,홍콩,HK0000921236,A GX USD MM,26501062
2026-01-30,홍콩,CNE1000003X6,PING AN INSURANCE GROUP CO OF CHINA LTD-H,26118450
2026-01-30,홍콩,CNE100006JG0,LAOPU GOLD,25860347
2026-01-30,홍콩,KYG070341048,BAIDU INC CL A,24750139
2026-01-30,홍콩,HK0000642568,CSOP HANG SENG TECH INDEX ETF (HKD),24707494
2026-01-30,홍콩,HK0000859063,SAMSUNG BLOCKCHAIN TECHNOLOGIES ETF,20406784
2026-01-30,홍콩,KYG3777B1032,GEELY AUTOMOBILE HOLDINGS LTD,18003312
2026-01-30,홍콩,HK0000748381,YESASIA HOLDINGS LTD,17950006
2026-01-30,홍콩,HK0000516697,GLOBAL X CHINA BIOTECH ETF (HKD),17694456
2026-01-30,홍콩,HK0000921228,Global X HANG SENG TECH ETF,17434707
2026-01-30,홍콩,KYG596691041,MEITUAN,17382594
2026-01-30,홍콩,HK0001200002,02259,16968029
2026-01-30,홍콩,CNE1000076H5,09927,15673514
2026-01-30,홍콩,HK0000516713,GLOBAL X CHINA CLOUD COMPUTING ETF (HKD),14857030
2026-01-30,홍콩,KYG532631028,KUAISHOU TECHNOLOGY,14652632
2026-01-30,홍콩,KYG4602S1057,HORIZONROBOT-W,13755100
2026-01-30,홍콩,KYG970081173,WUXI BIOLOGICS CAYMAN INC,13694811
2026-01-30,홍콩,HK0000562675,GLOBAL X CHINA CLEAN ENERGY ETF (HKD),13363463
2026-01-30,홍콩,HK0000562634,GLOBAL X CHINA CONSUMER BRAND ETF (HKD),13315137
2026-01-30,홍콩,KYG982AW1003,XPENG INC,11973917
2026-01-30,홍콩,HK0941009539,CHINA MOBILE LTD,11921361
2026-01-30,홍콩,HK0000218211,HUA HONG SEMICONDUCTOR LTD,11872229
2026-01-30,홍콩,KYG3774X1088,GCL TECHNOLOGY HOLDINGS LTD,11857763
2026-01-30,홍콩,CNE1000002Q2,CHINA PETROLEUM AND CHEMICAL CORP-H,11724083
2026-01-30,홍콩,HK1126010854,DREAM INTERNATIONAL LTD,11564256
2026-01-30,홍콩,HK0000637857,GLOBAL X CHINA ROBOTICS AND AI ETF (HKD),11199222
2026-01-30,홍콩,HKX566362888,PING AN SECURITIE HKD0.01 HKD0.01 CHAN 009837742 BMG7115B1211,10792740
2026-01-30,홍콩,CNE1000003G1,INDUSTRIAL AND COMMERCIAL BANK OF CHINA LTD-H,10515137
2026-01-30,홍콩,HK0000651213,ISHARES HS TECH ETF HKD,9419418
2026-01-30,홍콩,CNE1000003W8,PETROCHINA CO LTD-H,9300687
2026-01-30,홍콩,HKX601342549,CHINA BRIGHT CULTURE GROUP USD0.00001 (Delisted/BL398Y0) CHAN 970928502 KYG2153C1078,8631000
2026-01-30,홍콩,CNE1000048K8,HAIER SMART HOME CO LTD-H MRGR 006942845 BMG423131256,8468239
2026-02-02,홍콩,KYG875721634,TENCENT HOLDINGS LTD,217293614
2026-02-02,홍콩,KYG017191142,ALIBABA GROUP HOLDING LTD,193577688
2026-02-02,홍콩,KYG8020E1199,SEMICONDUCTOR MANUFACTURING INTL CORP,136273163
2026-02-02,홍콩,CNE1000031W9,GANFENGLITHIUM ORD H,129465777
2026-02-02,홍콩,HK0000637832,GLOBAL X CHINA SEMICONDUCTOR ETF (HKD),108543357
2026-02-02,홍콩,CNE100000296,BYD CO LTD-H,103723905
2026-02-02,홍콩,CNE100005F09,TIANQI LITHIUM CORP,88945912
2026-02-02,홍콩,KYG9830T1067,XIAOMI CORP,74885013
2026-02-02,홍콩,CNE100006CQ4,Ubtech Robotics Ord Shs H,71136837
2026-02-02,홍콩,HK0001205258,XL2CSOPHYNIX,65360021
2026-02-02,홍콩,KYG6181S1093,00100,64110071
2026-02-02,홍콩,CNE100004YZ4,CTG DUTY-FREE,62201900
2026-02-02,홍콩,CNE100006WS8,CATL ORD H,42539766
2026-02-02,홍콩,CNE100000593,PICC PROPERTY AND CASUALTY CO LTD-H,42491443
2026-02-02,홍콩,HK0000562659,GLOBAL X CHINA ELECTRIC VEHICLE AND BATTERY ETF (HKD),41982536
2026-02-02,홍콩,HK0001121349,XL2CSOPSMSN,38865773
2026-02-02,홍콩,KYG392AS1011,GLOBAL NEW MATERIAL INTL HOLDINGS LTD,35473794
2026-02-02,홍콩,HK0001025037,GLOBAL X US Treasury 3-5 Year ETF,30769583
2026-02-02,홍콩,HK0000921236,A GX USD MM,26479083
2026-02-02,홍콩,CNE1000003X6,PING AN INSURANCE GROUP CO OF CHINA LTD-H,25357419
2026-02-02,홍콩,CNE100006JG0,LAOPU GOLD,24951790
2026-02-02,홍콩,KYG070341048,BAIDU INC CL A,23830419
2026-02-02,홍콩,HK0000642568,CSOP HANG SENG TECH INDEX ETF (HKD),23819754
2026-02-02,홍콩,HK0000859063,SAMSUNG BLOCKCHAIN TECHNOLOGIES ETF,18802786
2026-02-02,홍콩,KYG3777B1032,GEELY AUTOMOBILE HOLDINGS LTD,17687603
2026-02-02,홍콩,HK0000748381,YESASIA HOLDINGS LTD,17136862
2026-02-02,홍콩,HK0000516697,GLOBAL X CHINA BIOTECH ETF (HKD),17015329
2026-02-02,홍콩,KYG596691041,MEITUAN,16866535
2026-02-02,홍콩,HK0000921228,Global X HANG SENG TECH ETF,16704490
2026-02-02,홍콩,CNE1000076H5,09927,15644168
2026-02-02,홍콩,HK0001200002,02259,15612242
2026-02-02,홍콩,HK0000516713,GLOBAL X CHINA CLOUD COMPUTING ETF (HKD),14187932
2026-02-02,홍콩,KYG532631028,KUAISHOU TECHNOLOGY,14077262
2026-02-02,홍콩,HK0000562675,GLOBAL X CHINA CLEAN ENERGY ETF (HKD),13322689
2026-02-02,홍콩,KYG4602S1057,HORIZONROBOT-W,13204855
2026-02-02,홍콩,KYG970081173,WUXI BIOLOGICS CAYMAN INC,13173293
2026-02-02,홍콩,HK0000562634,GLOBAL X CHINA CONSUMER BRAND ETF (HKD),13141110
2026-02-02,홍콩,HK0941009539,CHINA MOBILE LTD,11617834
2026-02-02,홍콩,CNE1000002Q2,CHINA PETROLEUM AND CHEMICAL CORP-H,11430492
2026-02-02,홍콩,KYG3774X1088,GCL TECHNOLOGY HOLDINGS LTD,11397668
2026-02-02,홍콩,KYG982AW1003,XPENG INC,11080608
2026-02-02,홍콩,HK1126010854,DREAM INTERNATIONAL LTD,11034184
2026-02-02,홍콩,HK0000637857,GLOBAL X CHINA ROBOTICS AND AI ETF (HKD),10863527
2026-02-02,홍콩,HKX566362888,PING AN SECURITIE HKD0.01 HKD0.01 CHAN 009837742 BMG7115B1211,10783789
2026-02-02,홍콩,CNE1000003G1,INDUSTRIAL AND COMMERCIAL BANK OF CHINA LTD-H,10345729
2026-02-02,홍콩,HK0000218211,HUA HONG SEMICONDUCTOR LTD,10212281
2026-02-02,홍콩,HK0000651213,ISHARES HS TECH ETF HKD,9094518
2026-02-02,홍콩,CNE1000003W8,PETROCHINA CO LTD-H,8951056
2026-02-02,홍콩,HKX601342549,CHINA BRIGHT CULTURE GROUP USD0.00001 (Delisted/BL398Y0) CHAN 970928502 KYG2153C1078,8631000
2026-02-02,홍콩,CNE1000048K8,HAIER SMART HOME CO LTD-H MRGR 006942845 BMG423131256,8398905
2026-02-03,홍콩,KYG875721634,TENCENT HOLDINGS LTD,209584174
2026-02-03,홍콩,KYG017191142,ALIBABA GROUP HOLDING LTD,189962955
2026-02-03,홍콩,CNE1000031W9,GANFENGLITHIUM ORD H,136792604
2026-02-03,홍콩,KYG8020E1199,SEMICONDUCTOR MANUFACTURING INTL CORP,132856514
2026-02-03,홍콩,HK0000637832,GLOBAL X CHINA SEMICONDUCTOR ETF (HKD),111108708
2026-02-03,홍콩,CNE100000296,BYD CO LTD-H,102620487
2026-02-03,홍콩,CNE100005F09,TIANQI LITHIUM CORP,91394135
2026-02-03,홍콩,HK0001205258,XL2CSOPHYNIX,75947067
2026-02-03,홍콩,KYG9830T1067,XIAOMI CORP,73434302
2026-02-03,홍콩,CNE100006CQ4,Ubtech Robotics Ord Shs H,71766657
2026-02-03,홍콩,KYG6181S1093,00100,71197794
2026-02-03,홍콩,CNE100004YZ4,CTG DUTY-FREE,63974600
2026-02-03,홍콩,HK0001121349,XL2CSOPSMSN,46910143
2026-02-03,홍콩,CNE100000593,PICC PROPERTY AND CASUALTY CO LTD-H,42354038
2026-02-03,홍콩,HK0000562659,GLOBAL X CHINA ELECTRIC VEHICLE AND BATTERY ETF (HKD),42289628
2026-02-03,홍콩,CNE100006WS8,CATL ORD H,41300224
2026-02-03,홍콩,KYG392AS1011,GLOBAL NEW MATERIAL INTL HOLDINGS LTD,36774207
2026-02-03,홍콩,HK0001025037,GLOBAL X US Treasury 3-5 Year ETF,30630935
2026-02-03,홍콩,HK0000921236,A GX USD MM,26554204
2026-02-03,홍콩,CNE1000003X6,PING AN INSURANCE GROUP CO OF CHINA LTD-H,25580137
2026-02-03,홍콩,CNE100006JG0,LAOPU GOLD,25180574
2026-02-03,홍콩,HK0000642568,CSOP HANG SENG TECH INDEX ETF (HKD),23564883
2026-02-03,홍콩,KYG070341048,BAIDU INC CL A,22706372
2026-02-03,홍콩,HK0000859063,SAMSUNG BLOCKCHAIN TECHNOLOGIES ETF,19764658
2026-02-03,홍콩,HK0000748381,YESASIA HOLDINGS LTD,18732420
2026-02-03,홍콩,KYG3777B1032,GEELY AUTOMOBILE HOLDINGS LTD,17681664
2026-02-03,홍콩,HK0000516697,GLOBAL X CHINA BIOTECH ETF (HKD),17284363
2026-02-03,홍콩,HK0001200002,02259,16822443
2026-02-03,홍콩,HK0000921228,Global X HANG SENG TECH ETF,16554417
2026-02-03,홍콩,KYG596691041,MEITUAN,16458283
2026-02-03,홍콩,CNE1000076H5,09927,15858650
2026-02-03,홍콩,HK0000516713,GLOBAL X CHINA CLOUD COMPUTING ETF (HKD),14343834
2026-02-03,홍콩,HK0000562675,GLOBAL X CHINA CLEAN ENERGY ETF (HKD),13889404
2026-02-03,홍콩,KYG970081173,WUXI BIOLOGICS CAYMAN INC,13593517
2026-02-03,홍콩,HK0000562634,GLOBAL X CHINA CONSUMER BRAND ETF (HKD),13180485
2026-02-03,홍콩,KYG4602S1057,HORIZONROBOT-W,13083057
2026-02-03,홍콩,KYG532631028,KUAISHOU TECHNOLOGY,12725985
2026-02-03,홍콩,HK0941009539,CHINA MOBILE LTD,11712852
2026-02-03,홍콩,CNE1000002Q2,CHINA PETROLEUM AND CHEMICAL CORP-H,11582975
2026-02-03,홍콩,KYG3774X1088,GCL TECHNOLOGY HOLDINGS LTD,11560710
2026-02-03,홍콩,HK0000218211,HUA HONG SEMICONDUCTOR LTD,11493653
2026-02-03,홍콩,HK0000637857,GLOBAL X CHINA ROBOTICS AND AI ETF (HKD),11178780
2026-02-03,홍콩,HK1126010854,DREAM INTERNATIONAL LTD,11165691
2026-02-03,홍콩,HKX566362888,PING AN SECURITIE HKD0.01 HKD0.01 CHAN 009837742 BMG7115B1211,10785128
2026-02-03,홍콩,KYG982AW1003,XPENG INC,10581246
2026-02-03,홍콩,CNE1000003G1,INDUSTRIAL AND COMMERCIAL BANK OF CHINA LTD-H,10301539
2026-02-03,홍콩,HK0000651213,ISHARES HS TECH ETF HKD,9009393
2026-02-03,홍콩,CNE1000003W8,PETROCHINA CO LTD-H,8850451
2026-02-03,홍콩,CNE100000304,DONGFANG ELECTRIC CORP LTD-H,8660276
2026-02-03,홍콩,HKX601342549,CHINA BRIGHT CULTURE GROUP USD0.00001 (Delisted/BL398Y0) CHAN 970928502 KYG2153C1078,8631000
2026-02-04,홍콩,KYG875721634,TENCENT HOLDINGS LTD,201185034
2026-02-04,홍콩,KYG017191142,ALIBABA GROUP HOLDING LTD,188844662
2026-02-04,홍콩,CNE1000031W9,GANFENGLITHIUM ORD H,131293480
2026-02-04,홍콩,KYG8020E1199,SEMICONDUCTOR MANUFACTURING INTL CORP,129297972
2026-02-04,홍콩,HK0000637832,GLOBAL X CHINA SEMICONDUCTOR ETF (HKD),108055906
2026-02-04,홍콩,CNE100000296,BYD CO LTD-H,99908869
2026-02-04,홍콩,CNE100005F09,TIANQI LITHIUM CORP,91375681
2026-02-04,홍콩,HK0001205258,XL2CSOPHYNIX,74222668
2026-02-04,홍콩,KYG9830T1067,XIAOMI CORP,71445174
2026-02-04,홍콩,CNE100006CQ4,Ubtech Robotics Ord Shs H,69460529
2026-02-04,홍콩,KYG6181S1093,00100,65163656
2026-02-04,홍콩,CNE100004YZ4,CTG DUTY-FREE,63607260
2026-02-04,홍콩,HK0001121349,XL2CSOPSMSN,47604216
2026-02-04,홍콩,CNE100006WS8,CATL ORD H,42923040
2026-02-04,홍콩,HK0000562659,GLOBAL X CHINA ELECTRIC VEHICLE AND BATTERY ETF (HKD),42799349
2026-02-04,홍콩,CNE100000593,PICC PROPERTY AND CASUALTY CO LTD-H,42508426
2026-02-04,홍콩,KYG392AS1011,GLOBAL NEW MATERIAL INTL HOLDINGS LTD,38345971
2026-02-04,홍콩,HK0001025037,GLOBAL X US Treasury 3-5 Year ETF,30646664
2026-02-04,홍콩,HK0000921236,A GX USD MM,26560812
2026-02-04,홍콩,CNE1000003X6,PING AN INSURANCE GROUP CO OF CHINA LTD-H,25787141
2026-02-04,홍콩,CNE100006JG0,LAOPU GOLD,24499070
2026-02-04,홍콩,KYG070341048,BAIDU INC CL A,22146379
2026-02-04,홍콩,HK0000859063,SAMSUNG BLOCKCHAIN TECHNOLOGIES ETF,19142025
2026-02-04,홍콩,HK0000748381,YESASIA HOLDINGS LTD,18910175
2026-02-04,홍콩,KYG3777B1032,GEELY AUTOMOBILE HOLDINGS LTD,17792865
2026-02-04,홍콩,HK0000642568,CSOP HANG SENG TECH INDEX ETF (HKD),17398970
2026-02-04,홍콩,HK0000516697,GLOBAL X CHINA BIOTECH ETF (HKD),17267855
2026-02-04,홍콩,HK0001200002,02259,16686871
2026-02-04,홍콩,HK0000921228,Global X HANG SENG TECH ETF,16207645
2026-02-04,홍콩,KYG596691041,MEITUAN,16149250
2026-02-04,홍콩,CNE1000076H5,09927,16002560
2026-02-04,홍콩,HK0000562675,GLOBAL X CHINA CLEAN ENERGY ETF (HKD),13993715
2026-02-04,홍콩,HK0000516713,GLOBAL X CHINA CLOUD COMPUTING ETF (HKD),13916964
2026-02-04,홍콩,KYG970081173,WUXI BIOLOGICS CAYMAN INC,13317091
2026-02-04,홍콩,HK0000562634,GLOBAL X CHINA CONSUMER BRAND ETF (HKD),13277439
2026-02-04,홍콩,KYG4602S1057,HORIZONROBOT-W,12744297
2026-02-04,홍콩,KYG532631028,KUAISHOU TECHNOLOGY,12688983
2026-02-04,홍콩,KYG3774X1088,GCL TECHNOLOGY HOLDINGS LTD,11901194
2026-02-04,홍콩,HK0941009539,CHINA MOBILE LTD,11866295
2026-02-04,홍콩,CNE1000002Q2,CHINA PETROLEUM AND CHEMICAL CORP-H,11777100
2026-02-04,홍콩,HK1126010854,DREAM INTERNATIONAL LTD,11245373
2026-02-04,홍콩,HK0000637857,GLOBAL X CHINA ROBOTICS AND AI ETF (HKD),11137555
2026-02-04,홍콩,HKX566362888,PING AN SECURITIE HKD0.01 HKD0.01 CHAN 009837742 BMG7115B1211,10782950
2026-02-04,홍콩,CNE1000003G1,INDUSTRIAL AND COMMERCIAL BANK OF CHINA LTD-H,10378082
2026-02-04,홍콩,HK0000218211,HUA HONG SEMICONDUCTOR LTD,9812319
2026-02-04,홍콩,KYG982AW1003,XPENG INC,9362819
2026-02-04,홍콩,HK0000123577,CHINAAMC CSI 300 INDEX ETF HKD,9226660
2026-02-04,홍콩,CNE1000003W8,PETROCHINA CO LTD-H,9050163
2026-02-04,홍콩,HK0000651213,ISHARES HS TECH ETF HKD,8876814
2026-02-04,홍콩,CNE1000048K8,HAIER SMART HOME CO LTD-H MRGR 006942845 BMG423131256,8843705
2026-02-05,홍콩,KYG875721634,TENCENT HOLDINGS LTD,199549399
2026-02-05,홍콩,KYG017191142,ALIBABA GROUP HOLDING LTD,189006333
2026-02-05,홍콩,KYG8020E1199,SEMICONDUCTOR MANUFACTURING INTL CORP,126784191
2026-02-05,홍콩,CNE1000031W9,GANFENGLITHIUM ORD H,122641921
2026-02-05,홍콩,HK0000637832,GLOBAL X CHINA SEMICONDUCTOR ETF (HKD),106013144
2026-02-05,홍콩,CNE100000296,BYD CO LTD-H,100425472
2026-02-05,홍콩,CNE100005F09,TIANQI LITHIUM CORP,79200110
2026-02-05,홍콩,KYG9830T1067,XIAOMI CORP,73199321
2026-02-05,홍콩,CNE100006CQ4,Ubtech Robotics Ord Shs H,69042782
2026-02-05,홍콩,HK0001205258,XL2CSOPHYNIX,65340504
2026-02-05,홍콩,CNE100004YZ4,CTG DUTY-FREE,63900339
2026-02-05,홍콩,KYG6181S1093,00100,59559991
2026-02-05,홍콩,CNE100000593,PICC PROPERTY AND CASUALTY CO LTD-H,42589913
2026-02-05,홍콩,HK0001121349,XL2CSOPSMSN,42267550
2026-02-05,홍콩,HK0000562659,GLOBAL X CHINA ELECTRIC VEHICLE AND BATTERY ETF (HKD),42101372
2026-02-05,홍콩,CNE100006WS8,CATL ORD H,41332599
2026-02-05,홍콩,KYG392AS1011,GLOBAL NEW MATERIAL INTL HOLDINGS LTD,36041498
2026-02-05,홍콩,HK0001025037,GLOBAL X US Treasury 3-5 Year ETF,30649703
2026-02-05,홍콩,HK0000921236,A GX USD MM,26551475
2026-02-05,홍콩,CNE1000003X6,PING AN INSURANCE GROUP CO OF CHINA LTD-H,25432869
2026-02-05,홍콩,CNE100006JG0,LAOPU GOLD,24565542
2026-02-05,홍콩,KYG070341048,BAIDU INC CL A,23248589
2026-02-05,홍콩,KYG3777B1032,GEELY AUTOMOBILE HOLDINGS LTD,18068250
2026-02-05,홍콩,HK0000859063,SAMSUNG BLOCKCHAIN TECHNOLOGIES ETF,17996185
2026-02-05,홍콩,HK0000748381,YESASIA HOLDINGS LTD,17894046
2026-02-05,홍콩,HK0000642568,CSOP HANG SENG TECH INDEX ETF (HKD),17453088
2026-02-05,홍콩,HK0000516697,GLOBAL X CHINA BIOTECH ETF (HKD),17262171
2026-02-05,홍콩,KYG596691041,MEITUAN,16394332
2026-02-05,홍콩,HK0000921228,Global X HANG SENG TECH ETF,16341360
2026-02-05,홍콩,HK0001200002,02259,15932591
2026-02-05,홍콩,CNE1000076H5,09927,15866436
2026-02-05,홍콩,HK0000516713,GLOBAL X CHINA CLOUD COMPUTING ETF (HKD),13825483
2026-02-05,홍콩,KYG970081173,WUXI BIOLOGICS CAYMAN INC,13634510
2026-02-05,홍콩,HK0000562634,GLOBAL X CHINA CONSUMER BRAND ETF (HKD),13421272
2026-02-05,홍콩,HK0000562675,GLOBAL X CHINA CLEAN ENERGY ETF (HKD),13303199
2026-02-05,홍콩,KYG4602S1057,HORIZONROBOT-W,12433367
2026-02-05,홍콩,KYG3774X1088,GCL TECHNOLOGY HOLDINGS LTD,12125464
2026-02-05,홍콩,HK0941009539,CHINA MOBILE LTD,12045091
2026-02-05,홍콩,KYG532631028,KUAISHOU TECHNOLOGY,11969460
2026-02-05,홍콩,HK1126010854,DREAM INTERNATIONAL LTD,11389672
2026-02-05,홍콩,CNE1000002Q2,CHINA PETROLEUM AND CHEMICAL CORP-H,11262984
2026-02-05,홍콩,HK0000637857,GLOBAL X CHINA ROBOTICS AND AI ETF (HKD),11053359
2026-02-05,홍콩,HKX566362888,PING AN SECURITIE HKD0.01 HKD0.01 CHAN 009837742 BMG7115B1211,10784020
2026-02-05,홍콩,CNE1000003G1,INDUSTRIAL AND COMMERCIAL BANK OF CHINA LTD-H,10433324
2026-02-05,홍콩,HK0000651213,ISHARES HS TECH ETF HKD,10205925
2026-02-05,홍콩,HK0000218211,HUA HONG SEMICONDUCTOR LTD,10054930
2026-02-05,홍콩,CNE1000003W8,PETROCHINA CO LTD-H,8991774
2026-02-05,홍콩,CNE1000048K8,HAIER SMART HOME CO LTD-H MRGR 006942845 BMG423131256,8975613
2026-02-05,홍콩,CNE100000304,DONGFANG ELECTRIC CORP LTD-H,8849631
2026-02-05,홍콩,HKX601342549,CHINA BRIGHT CULTURE GROUP USD0.00001 (Delisted/BL398Y0) CHAN 970928502 KYG2153C1078,8631000
2026-02-06,홍콩,KYG875721634,TENCENT HOLDINGS LTD,195429367
2026-02-06,홍콩,KYG017191142,ALIBABA GROUP HOLDING LTD,183588832
2026-02-06,홍콩,KYG8020E1199,SEMICONDUCTOR MANUFACTURING INTL CORP,126171217
2026-02-06,홍콩,CNE1000031W9,GANFENGLITHIUM ORD H,125710711
2026-02-06,홍콩,HK0000637832,GLOBAL X CHINA SEMICONDUCTOR ETF (HKD),104741473
2026-02-06,홍콩,CNE100000296,BYD CO LTD-H,98750185
2026-02-06,홍콩,CNE100005F09,TIANQI LITHIUM CORP,79108845
2026-02-06,홍콩,KYG9830T1067,XIAOMI CORP,70784985
2026-02-06,홍콩,CNE100006CQ4,Ubtech Robotics Ord Shs H,66452315
2026-02-06,홍콩,CNE100004YZ4,CTG DUTY-FREE,65093513
2026-02-06,홍콩,HK0001205258,XL2CSOPHYNIX,63897584
2026-02-06,홍콩,KYG6181S1093,00100,56468429
2026-02-06,홍콩,CNE100006WS8,CATL ORD H,44363518
2026-02-06,홍콩,HK0000562659,GLOBAL X CHINA ELECTRIC VEHICLE AND BATTERY ETF (HKD),42597534
2026-02-06,홍콩,CNE100000593,PICC PROPERTY AND CASUALTY CO LTD-H,42374538
2026-02-06,홍콩,HK0001121349,XL2CSOPSMSN,40656073
2026-02-06,홍콩,KYG392AS1011,GLOBAL NEW MATERIAL INTL HOLDINGS LTD,38341331
2026-02-06,홍콩,HK0001025037,GLOBAL X US Treasury 3-5 Year ETF,30840158
2026-02-06,홍콩,HK0000921236,A GX USD MM,26545630
2026-02-06,홍콩,CNE1000003X6,PING AN INSURANCE GROUP CO OF CHINA LTD-H,24818880
2026-02-06,홍콩,CNE100006JG0,LAOPU GOLD,24029462
2026-02-06,홍콩,KYG070341048,BAIDU INC CL A,22720389
2026-02-06,홍콩,KYG3777B1032,GEELY AUTOMOBILE HOLDINGS LTD,18280809
2026-02-06,홍콩,HK0000748381,YESASIA HOLDINGS LTD,17627165
2026-02-06,홍콩,HK0000642568,CSOP HANG SENG TECH INDEX ETF (HKD),17080535
2026-02-06,홍콩,HK0000859063,SAMSUNG BLOCKCHAIN TECHNOLOGIES ETF,16943349
2026-02-06,홍콩,HK0000516697,GLOBAL X CHINA BIOTECH ETF (HKD),16463701
2026-02-06,홍콩,HK0000921228,Global X HANG SENG TECH ETF,16034115
2026-02-06,홍콩,KYG596691041,MEITUAN,15903618
2026-02-06,홍콩,CNE1000076H5,09927,15824558
2026-02-06,홍콩,HK0001200002,02259,15823338
2026-02-06,홍콩,KYG970081173,WUXI BIOLOGICS CAYMAN INC,13735449
2026-02-06,홍콩,HK0000516713,GLOBAL X CHINA CLOUD COMPUTING ETF (HKD),13630841
2026-02-06,홍콩,HK0000562634,GLOBAL X CHINA CONSUMER BRAND ETF (HKD),13362517
2026-02-06,홍콩,CNE1000002Q2,CHINA PETROLEUM AND CHEMICAL CORP-H,13287062
2026-02-06,홍콩,HK0000562675,GLOBAL X CHINA CLEAN ENERGY ETF (HKD),13184871
2026-02-06,홍콩,KYG3774X1088,GCL TECHNOLOGY HOLDINGS LTD,12234206
2026-02-06,홍콩,KYG532631028,KUAISHOU TECHNOLOGY,12209868
2026-02-06,홍콩,HK0941009539,CHINA MOBILE LTD,12022747
2026-02-06,홍콩,KYG4602S1057,HORIZONROBOT-W,11412435
2026-02-06,홍콩,HK1126010854,DREAM INTERNATIONAL LTD,10957706
2026-02-06,홍콩,HK0000637857,GLOBAL X CHINA ROBOTICS AND AI ETF (HKD),10851542
2026-02-06,홍콩,HKX566362888,PING AN SECURITIE HKD0.01 HKD0.01 CHAN 009837742 BMG7115B1211,10781646
2026-02-06,홍콩,CNE1000003G1,INDUSTRIAL AND COMMERCIAL BANK OF CHINA LTD-H,10469502
2026-02-06,홍콩,HK0000218211,HUA HONG SEMICONDUCTOR LTD,10173036
2026-02-06,홍콩,HK0000651213,ISHARES HS TECH ETF HKD,10158148
2026-02-06,홍콩,CNE1000003W8,PETROCHINA CO LTD-H,9167614
2026-02-06,홍콩,CNE1000048K8,HAIER SMART HOME CO LTD-H MRGR 006942845 BMG423131256,8809196
2026-02-06,홍콩,HKX601342549,CHINA BRIGHT CULTURE GROUP USD0.00001 (Delisted/BL398Y0) CHAN 970928502 KYG2153C1078,8631000
2026-02-06,홍콩,CNE100000304,DONGFANG ELECTRIC CORP LTD-H,8261145
2026-02-09,홍콩,KYG875721634,TENCENT HOLDINGS LTD,199183688
2026-02-09,홍콩,KYG017191142,ALIBABA GROUP HOLDING LTD,187074624
2026-02-09,홍콩,KYG8020E1199,SEMICONDUCTOR MANUFACTURING INTL CORP,130640256
2026-02-09,홍콩,CNE1000031W9,GANFENGLITHIUM ORD H,128145737
2026-02-09,홍콩,HK0000637832,GLOBAL X CHINA SEMICONDUCTOR ETF (HKD),108601776
2026-02-09,홍콩,CNE100000296,BYD CO LTD-H,99831780
2026-02-09,홍콩,CNE100005F09,TIANQI LITHIUM CORP,80001839
2026-02-09,홍콩,HK0001205258,XL2CSOPHYNIX,71325431
2026-02-09,홍콩,KYG9830T1067,XIAOMI CORP,70572057
2026-02-09,홍콩,CNE100004YZ4,CTG DUTY-FREE,69712846
2026-02-09,홍콩,CNE100006CQ4,Ubtech Robotics Ord Shs H,66699105
2026-02-09,홍콩,KYG6181S1093,00100,63129366
2026-02-09,홍콩,CNE100006WS8,CATL ORD H,45376475
2026-02-09,홍콩,HK0001121349,XL2CSOPSMSN,44969293
2026-02-09,홍콩,CNE100000593,PICC PROPERTY AND CASUALTY CO LTD-H,43926251
2026-02-09,홍콩,HK0000562659,GLOBAL X CHINA ELECTRIC VEHICLE AND BATTERY ETF (HKD),42798314
2026-02-09,홍콩,KYG392AS1011,GLOBAL NEW MATERIAL INTL HOLDINGS LTD,38344703
2026-02-09,홍콩,HK0001025037,GLOBAL X US Treasury 3-5 Year ETF,30788087
2026-02-09,홍콩,HK0000921236,A GX USD MM,26562584
2026-02-09,홍콩,CNE1000003X6,PING AN INSURANCE GROUP CO OF CHINA LTD-H,26035351
2026-02-09,홍콩,CNE100006JG0,LAOPU GOLD,25567251
2026-02-09,홍콩,KYG070341048,BAIDU INC CL A,24312758
2026-02-09,홍콩,CNE100007DX6,MONTAGE TECHNOLOGY,24310583
2026-02-09,홍콩,KYG3777B1032,GEELY AUTOMOBILE HOLDINGS LTD,18619634
2026-02-09,홍콩,HK0000748381,YESASIA HOLDINGS LTD,18399327
2026-02-09,홍콩,HK0000859063,SAMSUNG BLOCKCHAIN TECHNOLOGIES ETF,18361392
2026-02-09,홍콩,HK0000642568,CSOP HANG SENG TECH INDEX ETF (HKD),17286927
2026-02-09,홍콩,HK0000516697,GLOBAL X CHINA BIOTECH ETF (HKD),16648510
2026-02-09,홍콩,HK0001200002,02259,16286559
2026-02-09,홍콩,CNE1000076H5,09927,16256115
2026-02-09,홍콩,HK0000921228,Global X HANG SENG TECH ETF,16225916
2026-02-09,홍콩,KYG596691041,MEITUAN,15820362
2026-02-09,홍콩,HK0000516713,GLOBAL X CHINA CLOUD COMPUTING ETF (HKD),13977386
2026-02-09,홍콩,KYG970081173,WUXI BIOLOGICS CAYMAN INC,13943258
2026-02-09,홍콩,HK0000562675,GLOBAL X CHINA CLEAN ENERGY ETF (HKD),13580369
2026-02-09,홍콩,HK0000562634,GLOBAL X CHINA CONSUMER BRAND ETF (HKD),13511582
2026-02-09,홍콩,CNE1000002Q2,CHINA PETROLEUM AND CHEMICAL CORP-H,13205128
2026-02-09,홍콩,KYG3774X1088,GCL TECHNOLOGY HOLDINGS LTD,12991321
2026-02-09,홍콩,KYG532631028,KUAISHOU TECHNOLOGY,11864685
2026-02-09,홍콩,HK0941009539,CHINA MOBILE LTD,11768936
2026-02-09,홍콩,KYG4602S1057,HORIZONROBOT-W,11421362
2026-02-09,홍콩,HK1126010854,DREAM INTERNATIONAL LTD,11388166
2026-02-09,홍콩,HK0000637857,GLOBAL X CHINA ROBOTICS AND AI ETF (HKD),11025458
2026-02-09,홍콩,HKX566362888,PING AN SECURITIE HKD0.01 HKD0.01 CHAN 009837742 BMG7115B1211,10782594
2026-02-09,홍콩,CNE1000003G1,INDUSTRIAL AND COMMERCIAL BANK OF CHINA LTD-H,10501532
2026-02-09,홍콩,HK0000651213,ISHARES HS TECH ETF HKD,10302945
2026-02-09,홍콩,HK0000218211,HUA HONG SEMICONDUCTOR LTD,10194372
2026-02-09,홍콩,CNE100000304,DONGFANG ELECTRIC CORP LTD-H,9408639
2026-02-09,홍콩,CNE1000003W8,PETROCHINA CO LTD-H,9049863
2026-02-09,홍콩,CNE1000048K8,HAIER SMART HOME CO LTD-H MRGR 006942845 BMG423131256,8758638
2026-02-10,홍콩,KYG875721634,TENCENT HOLDINGS LTD,195814558
2026-02-10,홍콩,KYG017191142,ALIBABA GROUP HOLDING LTD,189957152
2026-02-10,홍콩,KYG8020E1199,SEMICONDUCTOR MANUFACTURING INTL CORP,132758502
2026-02-10,홍콩,CNE1000031W9,GANFENGLITHIUM ORD H,127649057
2026-02-10,홍콩,HK0000637832,GLOBAL X CHINA SEMICONDUCTOR ETF (HKD),109631980
2026-02-10,홍콩,CNE100000296,BYD CO LTD-H,102023717
2026-02-10,홍콩,CNE100005F09,TIANQI LITHIUM CORP,78421861
2026-02-10,홍콩,KYG9830T1067,XIAOMI CORP,71274063
2026-02-10,홍콩,HK0001205258,XL2CSOPHYNIX,71101266
2026-02-10,홍콩,CNE100004YZ4,CTG DUTY-FREE,67536088
2026-02-10,홍콩,KYG6181S1093,00100,65956406
2026-02-10,홍콩,CNE100006CQ4,Ubtech Robotics Ord Shs H,65907411
2026-02-10,홍콩,HK0001121349,XL2CSOPSMSN,45426078
2026-02-10,홍콩,CNE100006WS8,CATL ORD H,45051473
2026-02-10,홍콩,CNE100000593,PICC PROPERTY AND CASUALTY CO LTD-H,44238699
2026-02-10,홍콩,HK0000562659,GLOBAL X CHINA ELECTRIC VEHICLE AND BATTERY ETF (HKD),42752747
2026-02-10,홍콩,KYG392AS1011,GLOBAL NEW MATERIAL INTL HOLDINGS LTD,38334049
2026-02-10,홍콩,CNE100007DX6,MONTAGE TECHNOLOGY,30867557
2026-02-10,홍콩,HK0001025037,GLOBAL X US Treasury 3-5 Year ETF,30768578
2026-02-10,홍콩,HK0000921236,A GX USD MM,26555203
2026-02-10,홍콩,CNE1000003X6,PING AN INSURANCE GROUP CO OF CHINA LTD-H,26185923
2026-02-10,홍콩,CNE100006JG0,LAOPU GOLD,25560147
2026-02-10,홍콩,KYG070341048,BAIDU INC CL A,24643940
2026-02-10,홍콩,HK0000859063,SAMSUNG BLOCKCHAIN TECHNOLOGIES ETF,18687922
2026-02-10,홍콩,KYG3777B1032,GEELY AUTOMOBILE HOLDINGS LTD,18511367
2026-02-10,홍콩,HK0000748381,YESASIA HOLDINGS LTD,18360589
2026-02-10,홍콩,HK0000642568,CSOP HANG SENG TECH INDEX ETF (HKD),17133212
2026-02-10,홍콩,HK0000516697,GLOBAL X CHINA BIOTECH ETF (HKD),16993987
2026-02-10,홍콩,HK0001200002,02259,16235602
2026-02-10,홍콩,CNE1000076H5,09927,16184933
2026-02-10,홍콩,HK0000921228,Global X HANG SENG TECH ETF,15555592
2026-02-10,홍콩,KYG596691041,MEITUAN,15328707
2026-02-10,홍콩,KYG970081173,WUXI BIOLOGICS CAYMAN INC,14570314
2026-02-10,홍콩,HK0000516713,GLOBAL X CHINA CLOUD COMPUTING ETF (HKD),14138138
2026-02-10,홍콩,HK0000562634,GLOBAL X CHINA CONSUMER BRAND ETF (HKD),13566059
2026-02-10,홍콩,HK0000562675,GLOBAL X CHINA CLEAN ENERGY ETF (HKD),13527308
2026-02-10,홍콩,CNE1000002Q2,CHINA PETROLEUM AND CHEMICAL CORP-H,13389698
2026-02-10,홍콩,KYG3774X1088,GCL TECHNOLOGY HOLDINGS LTD,13014215
2026-02-10,홍콩,KYG532631028,KUAISHOU TECHNOLOGY,12047764
2026-02-10,홍콩,KYG4602S1057,HORIZONROBOT-W,11838163
2026-02-10,홍콩,HK0941009539,CHINA MOBILE LTD,11765725
2026-02-10,홍콩,HK1126010854,DREAM INTERNATIONAL LTD,11480596
2026-02-10,홍콩,HK0000637857,GLOBAL X CHINA ROBOTICS AND AI ETF (HKD),11129176
2026-02-10,홍콩,HKX566362888,PING AN SECURITIE HKD0.01 HKD0.01 CHAN 009837742 BMG7115B1211,10779598
2026-02-10,홍콩,CNE1000003G1,INDUSTRIAL AND COMMERCIAL BANK OF CHINA LTD-H,10589212
2026-02-10,홍콩,HK0000651213,ISHARES HS TECH ETF HKD,10332044
2026-02-10,홍콩,CNE100000304,DONGFANG ELECTRIC CORP LTD-H,10040387
2026-02-10,홍콩,HK0000218211,HUA HONG SEMICONDUCTOR LTD,10033287
2026-02-10,홍콩,CNE1000003W8,PETROCHINA CO LTD-H,9190739
2026-02-10,홍콩,CNE1000003C0,HARBIN ELECTRIC CO LTD-H,8920347
2026-02-11,홍콩,KYG875721634,TENCENT HOLDINGS LTD,194446177
2026-02-11,홍콩,KYG017191142,ALIBABA GROUP HOLDING LTD,189164215
2026-02-11,홍콩,CNE1000031W9,GANFENGLITHIUM ORD H,134178623
2026-02-11,홍콩,KYG8020E1199,SEMICONDUCTOR MANUFACTURING INTL CORP,129850338
2026-02-11,홍콩,HK0000637832,GLOBAL X CHINA SEMICONDUCTOR ETF (HKD),107840963
2026-02-11,홍콩,CNE100000296,BYD CO LTD-H,105281003
2026-02-11,홍콩,CNE100005F09,TIANQI LITHIUM CORP,80086877
2026-02-11,홍콩,KYG9830T1067,XIAOMI CORP,74253031
2026-02-11,홍콩,CNE100004YZ4,CTG DUTY-FREE,69996847
2026-02-11,홍콩,HK0001205258,XL2CSOPHYNIX,68246993
2026-02-11,홍콩,CNE100006CQ4,Ubtech Robotics Ord Shs H,65433792
2026-02-11,홍콩,KYG6181S1093,00100,62796091
2026-02-11,홍콩,HK0001121349,XL2CSOPSMSN,46355795
2026-02-11,홍콩,CNE100000593,PICC PROPERTY AND CASUALTY CO LTD-H,45854805
2026-02-11,홍콩,CNE100006WS8,CATL ORD H,44722028
2026-02-11,홍콩,HK0000562659,GLOBAL X CHINA ELECTRIC VEHICLE AND BATTERY ETF (HKD),42809385
2026-02-11,홍콩,KYG392AS1011,GLOBAL NEW MATERIAL INTL HOLDINGS LTD,38320583
2026-02-11,홍콩,HK0001025037,GLOBAL X US Treasury 3-5 Year ETF,30900116
2026-02-11,홍콩,CNE100007DX6,MONTAGE TECHNOLOGY,30050603
2026-02-11,홍콩,HK0000921236,A GX USD MM,26541088
2026-02-11,홍콩,CNE1000003X6,PING AN INSURANCE GROUP CO OF CHINA LTD-H,25851213
2026-02-11,홍콩,CNE100006JG0,LAOPU GOLD,25484059
2026-02-11,홍콩,KYG070341048,BAIDU INC CL A,24681980
2026-02-11,홍콩,KYG3777B1032,GEELY AUTOMOBILE HOLDINGS LTD,19032995
2026-02-11,홍콩,HK0000859063,SAMSUNG BLOCKCHAIN TECHNOLOGIES ETF,18582799
2026-02-11,홍콩,HK0000748381,YESASIA HOLDINGS LTD,18461428
2026-02-11,홍콩,HK0001200002,02259,17699718
2026-02-11,홍콩,HK0000642568,CSOP HANG SENG TECH INDEX ETF (HKD),17264870
2026-02-11,홍콩,HK0000516697,GLOBAL X CHINA BIOTECH ETF (HKD),17042391
2026-02-11,홍콩,CNE1000076H5,09927,16220104
2026-02-11,홍콩,HK0000921228,Global X HANG SENG TECH ETF,15677337
2026-02-11,홍콩,KYG596691041,MEITUAN,15248933
2026-02-11,홍콩,KYG970081173,WUXI BIOLOGICS CAYMAN INC,15106338
2026-02-11,홍콩,HK0000516713,GLOBAL X CHINA CLOUD COMPUTING ETF (HKD),14013822
2026-02-11,홍콩,HK0000562634,GLOBAL X CHINA CONSUMER BRAND ETF (HKD),13587923
2026-02-11,홍콩,HK0000562675,GLOBAL X CHINA CLEAN ENERGY ETF (HKD),13420543
2026-02-11,홍콩,KYG3774X1088,GCL TECHNOLOGY HOLDINGS LTD,12905005
2026-02-11,홍콩,CNE1000002Q2,CHINA PETROLEUM AND CHEMICAL CORP-H,12502884
2026-02-11,홍콩,KYG4602S1057,HORIZONROBOT-W,11962585
2026-02-11,홍콩,HK0941009539,CHINA MOBILE LTD,11774110
2026-02-11,홍콩,KYG532631028,KUAISHOU TECHNOLOGY,11488426
2026-02-11,홍콩,HK1126010854,DREAM INTERNATIONAL LTD,11450540
2026-02-11,홍콩,HK0000637857,GLOBAL X CHINA ROBOTICS AND AI ETF (HKD),11070084
2026-02-11,홍콩,HKX566362888,PING AN SECURITIE HKD0.01 HKD0.01 CHAN 009837742 BMG7115B1211,10775811
2026-02-11,홍콩,CNE1000003G1,INDUSTRIAL AND COMMERCIAL BANK OF CHINA LTD-H,10564347
2026-02-11,홍콩,HK0000651213,ISHARES HS TECH ETF HKD,10430260
2026-02-11,홍콩,HK0000218211,HUA HONG SEMICONDUCTOR LTD,9952469
2026-02-11,홍콩,CNE100000304,DONGFANG ELECTRIC CORP LTD-H,9829196
2026-02-11,홍콩,CNE1000003W8,PETROCHINA CO LTD-H,9256590
2026-02-11,홍콩,CNE1000048K8,HAIER SMART HOME CO LTD-H MRGR 006942845 BMG423131256,8871099
2026-02-12,홍콩,KYG875721634,TENCENT HOLDINGS LTD,190305124
2026-02-12,홍콩,KYG017191142,ALIBABA GROUP HOLDING LTD,187445033
2026-02-12,홍콩,CNE1000031W9,GANFENGLITHIUM ORD H,137172047
2026-02-12,홍콩,KYG8020E1199,SEMICONDUCTOR MANUFACTURING INTL CORP,127572740
2026-02-12,홍콩,HK0000637832,GLOBAL X CHINA SEMICONDUCTOR ETF (HKD),110069068
2026-02-12,홍콩,CNE100000296,BYD CO LTD-H,106749994
2026-02-12,홍콩,CNE100005F09,TIANQI LITHIUM CORP,80072404
2026-02-12,홍콩,KYG9830T1067,XIAOMI CORP,75747149
2026-02-12,홍콩,HK0001205258,XL2CSOPHYNIX,72399398
2026-02-12,홍콩,KYG6181S1093,00100,72279828
2026-02-12,홍콩,CNE100004YZ4,CTG DUTY-FREE,68730046
2026-02-12,홍콩,CNE100006CQ4,Ubtech Robotics Ord Shs H,67427917
2026-02-12,홍콩,HK0001121349,XL2CSOPSMSN,54031406
2026-02-12,홍콩,CNE100000593,PICC PROPERTY AND CASUALTY CO LTD-H,47435374
2026-02-12,홍콩,HK0000562659,GLOBAL X CHINA ELECTRIC VEHICLE AND BATTERY ETF (HKD),42885911
2026-02-12,홍콩,CNE100006WS8,CATL ORD H,38095882
2026-02-12,홍콩,KYG392AS1011,GLOBAL NEW MATERIAL INTL HOLDINGS LTD,36347962
2026-02-12,홍콩,CNE100007DX6,MONTAGE TECHNOLOGY,31788241
2026-02-12,홍콩,HK0001025037,GLOBAL X US Treasury 3-5 Year ETF,30864958
2026-02-12,홍콩,HK0000921236,A GX USD MM,26571266
2026-02-12,홍콩,CNE1000003X6,PING AN INSURANCE GROUP CO OF CHINA LTD-H,25688469
2026-02-12,홍콩,CNE100006JG0,LAOPU GOLD,25497449
2026-02-12,홍콩,KYG070341048,BAIDU INC CL A,23896804
2026-02-12,홍콩,HK0000218211,HUA HONG SEMICONDUCTOR LTD,19591651
2026-02-12,홍콩,KYG3777B1032,GEELY AUTOMOBILE HOLDINGS LTD,19039225
2026-02-12,홍콩,HK0000748381,YESASIA HOLDINGS LTD,18679181
2026-02-12,홍콩,HK0000859063,SAMSUNG BLOCKCHAIN TECHNOLOGIES ETF,18301206
2026-02-12,홍콩,HK0001200002,02259,17178486
2026-02-12,홍콩,HK0000642568,CSOP HANG SENG TECH INDEX ETF (HKD),16967048
2026-02-12,홍콩,HK0000516697,GLOBAL X CHINA BIOTECH ETF (HKD),16864012
2026-02-12,홍콩,CNE1000076H5,09927,16213934
2026-02-12,홍콩,HK0000921228,Global X HANG SENG TECH ETF,15483833
2026-02-12,홍콩,KYG970081173,WUXI BIOLOGICS CAYMAN INC,14815738
2026-02-12,홍콩,KYG596691041,MEITUAN,14613178
2026-02-12,홍콩,HK0000516713,GLOBAL X CHINA CLOUD COMPUTING ETF (HKD),14067670
2026-02-12,홍콩,HK0000562675,GLOBAL X CHINA CLEAN ENERGY ETF (HKD),13591852
2026-02-12,홍콩,HK0000562634,GLOBAL X CHINA CONSUMER BRAND ETF (HKD),13439147
2026-02-12,홍콩,KYG3774X1088,GCL TECHNOLOGY HOLDINGS LTD,13003651
2026-02-12,홍콩,CNE1000002Q2,CHINA PETROLEUM AND CHEMICAL CORP-H,12845401
2026-02-12,홍콩,KYG4602S1057,HORIZONROBOT-W,11935080
2026-02-12,홍콩,HK0941009539,CHINA MOBILE LTD,11754883
2026-02-12,홍콩,HK1126010854,DREAM INTERNATIONAL LTD,11297559
2026-02-12,홍콩,HK0000637857,GLOBAL X CHINA ROBOTICS AND AI ETF (HKD),11170033
2026-02-12,홍콩,CNE100000304,DONGFANG ELECTRIC CORP LTD-H,11050479
2026-02-12,홍콩,HKX566362888,PING AN SECURITIE HKD0.01 HKD0.01 CHAN 009837742 BMG7115B1211,10778829
2026-02-12,홍콩,CNE1000003G1,INDUSTRIAL AND COMMERCIAL BANK OF CHINA LTD-H,10483959
2026-02-12,홍콩,HK0000651213,ISHARES HS TECH ETF HKD,10263141
2026-02-12,홍콩,CNE1000003C0,HARBIN ELECTRIC CO LTD-H,9821902
2026-02-12,홍콩,KYG532631028,KUAISHOU TECHNOLOGY,9548237
2026-02-12,홍콩,CNE1000003W8,PETROCHINA CO LTD-H,9345413
2026-02-13,홍콩,KYG875721634,TENCENT HOLDINGS LTD,188663697
2026-02-13,홍콩,KYG017191142,ALIBABA GROUP HOLDING LTD,183122119
2026-02-13,홍콩,CNE1000031W9,GANFENGLITHIUM ORD H,132479452
2026-02-13,홍콩,KYG8020E1199,SEMICONDUCTOR MANUFACTURING INTL CORP,131330805
2026-02-13,홍콩,HK0000637832,GLOBAL X CHINA SEMICONDUCTOR ETF (HKD),109607715
2026-02-13,홍콩,CNE100000296,BYD CO LTD-H,105571892
2026-02-13,홍콩,KYG6181S1093,00100,83587727
2026-02-13,홍콩,CNE100005F09,TIANQI LITHIUM CORP,78965383
2026-02-13,홍콩,KYG9830T1067,XIAOMI CORP,78561608
2026-02-13,홍콩,CNE100006CQ4,Ubtech Robotics Ord Shs H,72266518
2026-02-13,홍콩,CNE100004YZ4,CTG DUTY-FREE,71342010
2026-02-13,홍콩,HK0001205258,XL2CSOPHYNIX,70452155
2026-02-13,홍콩,HK0001121349,XL2CSOPSMSN,55486843
2026-02-13,홍콩,CNE100000593,PICC PROPERTY AND CASUALTY CO LTD-H,46673304
2026-02-13,홍콩,HK0000562659,GLOBAL X CHINA ELECTRIC VEHICLE AND BATTERY ETF (HKD),42259800
2026-02-13,홍콩,CNE100006WS8,CATL ORD H,37336438
2026-02-13,홍콩,KYG392AS1011,GLOBAL NEW MATERIAL INTL HOLDINGS LTD,34323645
2026-02-13,홍콩,CNE100007DX6,MONTAGE TECHNOLOGY,32263323
2026-02-13,홍콩,HK0001025037,GLOBAL X US Treasury 3-5 Year ETF,30886424
2026-02-13,홍콩,HK0000921236,A GX USD MM,26570888
2026-02-13,홍콩,CNE1000003X6,PING AN INSURANCE GROUP CO OF CHINA LTD-H,25119835
2026-02-13,홍콩,CNE100006JG0,LAOPU GOLD,24731483
2026-02-13,홍콩,KYG070341048,BAIDU INC CL A,23159776
2026-02-13,홍콩,HK0000218211,HUA HONG SEMICONDUCTOR LTD,19362474
2026-02-13,홍콩,KYG3777B1032,GEELY AUTOMOBILE HOLDINGS LTD,19058742
2026-02-13,홍콩,HK0000748381,YESASIA HOLDINGS LTD,18320689
2026-02-13,홍콩,HK0000859063,SAMSUNG BLOCKCHAIN TECHNOLOGIES ETF,17718398
2026-02-13,홍콩,HK0000642568,CSOP HANG SENG TECH INDEX ETF (HKD),16804380
2026-02-13,홍콩,HK0000516697,GLOBAL X CHINA BIOTECH ETF (HKD),16591409
2026-02-13,홍콩,CNE1000076H5,09927,16360804
2026-02-13,홍콩,HK0001200002,02259,16311592
2026-02-13,홍콩,HK0000921228,Global X HANG SENG TECH ETF,15278932
2026-02-13,홍콩,KYG970081173,WUXI BIOLOGICS CAYMAN INC,14120354
2026-02-13,홍콩,KYG596691041,MEITUAN,14100014
2026-02-13,홍콩,HK0000516713,GLOBAL X CHINA CLOUD COMPUTING ETF (HKD),13891725
2026-02-13,홍콩,HK0000562634,GLOBAL X CHINA CONSUMER BRAND ETF (HKD),13290247
2026-02-13,홍콩,HK0000562675,GLOBAL X CHINA CLEAN ENERGY ETF (HKD),13258294
2026-02-13,홍콩,KYG3774X1088,GCL TECHNOLOGY HOLDINGS LTD,12886020
2026-02-13,홍콩,KYG4602S1057,HORIZONROBOT-W,12262512
2026-02-13,홍콩,HK0941009539,CHINA MOBILE LTD,11714696
2026-02-13,홍콩,HK1126010854,DREAM INTERNATIONAL LTD,11240811
2026-02-13,홍콩,HK0000637857,GLOBAL X CHINA ROBOTICS AND AI ETF (HKD),11033919
2026-02-13,홍콩,CNE100000304,DONGFANG ELECTRIC CORP LTD-H,10817867
2026-02-13,홍콩,HKX566362888,PING AN SECURITIE HKD0.01 HKD0.01 CHAN 009837742 BMG7115B1211,10778675
2026-02-13,홍콩,CNE1000003G1,INDUSTRIAL AND COMMERCIAL BANK OF CHINA LTD-H,10364072
2026-02-13,홍콩,CNE1000002Q2,CHINA PETROLEUM AND CHEMICAL CORP-H,10259228
2026-02-13,홍콩,HK0000651213,ISHARES HS TECH ETF HKD,10173068
2026-02-13,홍콩,KYG532631028,KUAISHOU TECHNOLOGY,9402825
2026-02-13,홍콩,CNE1000003C0,HARBIN ELECTRIC CO LTD-H,9241125
2026-02-13,홍콩,CNE1000003W8,PETROCHINA CO LTD-H,8935621
2026-02-16,홍콩,KYG875721634,TENCENT HOLDINGS LTD,189018328
2026-02-16,홍콩,KYG017191142,ALIBABA GROUP HOLDING LTD,182297244
2026-02-16,홍콩,CNE1000031W9,GANFENGLITHIUM ORD H,138610733
2026-02-16,홍콩,KYG8020E1199,SEMICONDUCTOR MANUFACTURING INTL CORP,130490736
2026-02-16,홍콩,HK0000637832,GLOBAL X CHINA SEMICONDUCTOR ETF (HKD),111155660
2026-02-16,홍콩,CNE100000296,BYD CO LTD-H,105625892
2026-02-16,홍콩,KYG6181S1093,00100,104115889
2026-02-16,홍콩,CNE100005F09,TIANQI LITHIUM CORP,81437664
2026-02-16,홍콩,KYG9830T1067,XIAOMI CORP,78177757
2026-02-16,홍콩,CNE100004YZ4,CTG DUTY-FREE,73478824
2026-02-16,홍콩,HK0001205258,XL2CSOPHYNIX,72545299
2026-02-16,홍콩,CNE100006CQ4,Ubtech Robotics Ord Shs H,70578765
2026-02-16,홍콩,HK0001121349,XL2CSOPSMSN,58099797
2026-02-16,홍콩,CNE100000593,PICC PROPERTY AND CASUALTY CO LTD-H,46926810
2026-02-16,홍콩,HK0000562659,GLOBAL X CHINA ELECTRIC VEHICLE AND BATTERY ETF (HKD),42862955
2026-02-16,홍콩,CNE100006WS8,CATL ORD H,38346506
2026-02-16,홍콩,CNE100007DX6,MONTAGE TECHNOLOGY,36797628
2026-02-16,홍콩,HK0001025037,GLOBAL X US Treasury 3-5 Year ETF,31006903
2026-02-16,홍콩,KYG392AS1011,GLOBAL NEW MATERIAL INTL HOLDINGS LTD,30559377
2026-02-16,홍콩,HK0000921236,A GX USD MM,26600817
2026-02-16,홍콩,CNE100006JG0,LAOPU GOLD,26372434
2026-02-16,홍콩,CNE1000003X6,PING AN INSURANCE GROUP CO OF CHINA LTD-H,25226956
2026-02-16,홍콩,KYG070341048,BAIDU INC CL A,23466754
2026-02-16,홍콩,HK0000218211,HUA HONG SEMICONDUCTOR LTD,19587961
2026-02-16,홍콩,KYG3777B1032,GEELY AUTOMOBILE HOLDINGS LTD,19148589
2026-02-16,홍콩,HK0000748381,YESASIA HOLDINGS LTD,18423039
2026-02-16,홍콩,HK0000859063,SAMSUNG BLOCKCHAIN TECHNOLOGIES ETF,17987266
2026-02-16,홍콩,HK0000642568,CSOP HANG SENG TECH INDEX ETF (HKD),16868519
2026-02-16,홍콩,HK0000516697,GLOBAL X CHINA BIOTECH ETF (HKD),16744304
2026-02-16,홍콩,HK0001200002,02259,16388971
2026-02-16,홍콩,CNE1000076H5,09927,15837781
2026-02-16,홍콩,HK0000921228,Global X HANG SENG TECH ETF,15278932
2026-02-16,홍콩,KYG970081173,WUXI BIOLOGICS CAYMAN INC,14296858
2026-02-16,홍콩,KYG596691041,MEITUAN,14082850
2026-02-16,홍콩,HK0000516713,GLOBAL X CHINA CLOUD COMPUTING ETF (HKD),13974790
2026-02-16,홍콩,HK0000562675,GLOBAL X CHINA CLEAN ENERGY ETF (HKD),13404439
2026-02-16,홍콩,HK0000562634,GLOBAL X CHINA CONSUMER BRAND ETF (HKD),13345762
2026-02-16,홍콩,KYG3774X1088,GCL TECHNOLOGY HOLDINGS LTD,12993404
2026-02-16,홍콩,KYG4602S1057,HORIZONROBOT-W,12371999
2026-02-16,홍콩,HK0941009539,CHINA MOBILE LTD,11744657
2026-02-16,홍콩,HK1126010854,DREAM INTERNATIONAL LTD,11514659
2026-02-16,홍콩,HK0000637857,GLOBAL X CHINA ROBOTICS AND AI ETF (HKD),11187539
2026-02-16,홍콩,HKX566362888,PING AN SECURITIE HKD0.01 HKD0.01 CHAN 009837742 BMG7115B1211,10778675
2026-02-16,홍콩,CNE100000304,DONGFANG ELECTRIC CORP LTD-H,10655631
2026-02-16,홍콩,CNE1000002Q2,CHINA PETROLEUM AND CHEMICAL CORP-H,10392961
2026-02-16,홍콩,CNE1000003G1,INDUSTRIAL AND COMMERCIAL BANK OF CHINA LTD-H,10347904
2026-02-16,홍콩,HK0000651213,ISHARES HS TECH ETF HKD,10182119
2026-02-16,홍콩,KYG532631028,KUAISHOU TECHNOLOGY,9395957
2026-02-16,홍콩,CNE1000003C0,HARBIN ELECTRIC CO LTD-H,9363795
2026-02-16,홍콩,CNE1000003W8,PETROCHINA CO LTD-H,9063978
2026-02-17,홍콩,KYG875721634,TENCENT HOLDINGS LTD,189018328
2026-02-17,홍콩,KYG017191142,ALIBABA GROUP HOLDING LTD,182297244
2026-02-17,홍콩,CNE1000031W9,GANFENGLITHIUM ORD H,138610733
2026-02-17,홍콩,KYG8020E1199,SEMICONDUCTOR MANUFACTURING INTL CORP,130490736
2026-02-17,홍콩,HK0000637832,GLOBAL X CHINA SEMICONDUCTOR ETF (HKD),111155660
2026-02-17,홍콩,CNE100000296,BYD CO LTD-H,105625892
2026-02-17,홍콩,KYG6181S1093,00100,104115889
2026-02-17,홍콩,CNE100005F09,TIANQI LITHIUM CORP,81437664
2026-02-17,홍콩,KYG9830T1067,XIAOMI CORP,78177757
2026-02-17,홍콩,CNE100004YZ4,CTG DUTY-FREE,73478824
2026-02-17,홍콩,HK0001205258,XL2CSOPHYNIX,72545299
2026-02-17,홍콩,CNE100006CQ4,Ubtech Robotics Ord Shs H,70578765
2026-02-17,홍콩,HK0001121349,XL2CSOPSMSN,58099797
2026-02-17,홍콩,CNE100000593,PICC PROPERTY AND CASUALTY CO LTD-H,46926810
2026-02-17,홍콩,HK0000562659,GLOBAL X CHINA ELECTRIC VEHICLE AND BATTERY ETF (HKD),42862955
2026-02-17,홍콩,CNE100006WS8,CATL ORD H,38346506
2026-02-17,홍콩,CNE100007DX6,MONTAGE TECHNOLOGY,36797628
2026-02-17,홍콩,HK0001025037,GLOBAL X US Treasury 3-5 Year ETF,31006903
2026-02-17,홍콩,KYG392AS1011,GLOBAL NEW MATERIAL INTL HOLDINGS LTD,30559377
2026-02-17,홍콩,HK0000921236,A GX USD MM,26600817
2026-02-17,홍콩,CNE100006JG0,LAOPU GOLD,26372434
2026-02-17,홍콩,CNE1000003X6,PING AN INSURANCE GROUP CO OF CHINA LTD-H,25226956
2026-02-17,홍콩,KYG070341048,BAIDU INC CL A,23466754
2026-02-17,홍콩,HK0000218211,HUA HONG SEMICONDUCTOR LTD,19587961
2026-02-17,홍콩,KYG3777B1032,GEELY AUTOMOBILE HOLDINGS LTD,19148589
2026-02-17,홍콩,HK0000748381,YESASIA HOLDINGS LTD,18423039
2026-02-17,홍콩,HK0000859063,SAMSUNG BLOCKCHAIN TECHNOLOGIES ETF,17987266
2026-02-17,홍콩,HK0000642568,CSOP HANG SENG TECH INDEX ETF (HKD),16868519
2026-02-17,홍콩,HK0000516697,GLOBAL X CHINA BIOTECH ETF (HKD),16744304
2026-02-17,홍콩,HK0001200002,02259,16388971
2026-02-17,홍콩,CNE1000076H5,09927,15837781
2026-02-17,홍콩,HK0000921228,Global X HANG SENG TECH ETF,15278932
2026-02-17,홍콩,KYG970081173,WUXI BIOLOGICS CAYMAN INC,14296858
2026-02-17,홍콩,KYG596691041,MEITUAN,14082850
2026-02-17,홍콩,HK0000516713,GLOBAL X CHINA CLOUD COMPUTING ETF (HKD),13974790
2026-02-17,홍콩,HK0000562675,GLOBAL X CHINA CLEAN ENERGY ETF (HKD),13404439
2026-02-17,홍콩,HK0000562634,GLOBAL X CHINA CONSUMER BRAND ETF (HKD),13345762
2026-02-17,홍콩,KYG3774X1088,GCL TECHNOLOGY HOLDINGS LTD,12993404
2026-02-17,홍콩,KYG4602S1057,HORIZONROBOT-W,12371999
2026-02-17,홍콩,HK0941009539,CHINA MOBILE LTD,11744657
2026-02-17,홍콩,HK1126010854,DREAM INTERNATIONAL LTD,11514659
2026-02-17,홍콩,HK0000637857,GLOBAL X CHINA ROBOTICS AND AI ETF (HKD),11187539
2026-02-17,홍콩,HKX566362888,PING AN SECURITIE HKD0.01 HKD0.01 CHAN 009837742 BMG7115B1211,10778675
2026-02-17,홍콩,CNE100000304,DONGFANG ELECTRIC CORP LTD-H,10655631
2026-02-17,홍콩,CNE1000002Q2,CHINA PETROLEUM AND CHEMICAL CORP-H,10392961
2026-02-17,홍콩,CNE1000003G1,INDUSTRIAL AND COMMERCIAL BANK OF CHINA LTD-H,10347904
2026-02-17,홍콩,HK0000651213,ISHARES HS TECH ETF HKD,10182119
2026-02-17,홍콩,KYG532631028,KUAISHOU TECHNOLOGY,9395957
2026-02-17,홍콩,CNE1000003C0,HARBIN ELECTRIC CO LTD-H,9363795
2026-02-17,홍콩,CNE1000003W8,PETROCHINA CO LTD-H,9063978
2026-02-18,홍콩,KYG875721634,TENCENT HOLDINGS LTD,189018328
2026-02-18,홍콩,KYG017191142,ALIBABA GROUP HOLDING LTD,182297244
2026-02-18,홍콩,CNE1000031W9,GANFENGLITHIUM ORD H,138610733
2026-02-18,홍콩,KYG8020E1199,SEMICONDUCTOR MANUFACTURING INTL CORP,130490736
2026-02-18,홍콩,HK0000637832,GLOBAL X CHINA SEMICONDUCTOR ETF (HKD),111155660
2026-02-18,홍콩,CNE100000296,BYD CO LTD-H,105625892
2026-02-18,홍콩,KYG6181S1093,00100,104115889
2026-02-18,홍콩,CNE100005F09,TIANQI LITHIUM CORP,81437664
2026-02-18,홍콩,KYG9830T1067,XIAOMI CORP,78177757
2026-02-18,홍콩,CNE100004YZ4,CTG DUTY-FREE,73478824
2026-02-18,홍콩,HK0001205258,XL2CSOPHYNIX,72545299
2026-02-18,홍콩,CNE100006CQ4,Ubtech Robotics Ord Shs H,70578765
2026-02-18,홍콩,HK0001121349,XL2CSOPSMSN,58099797
2026-02-18,홍콩,CNE100000593,PICC PROPERTY AND CASUALTY CO LTD-H,46926810
2026-02-18,홍콩,HK0000562659,GLOBAL X CHINA ELECTRIC VEHICLE AND BATTERY ETF (HKD),42862955
2026-02-18,홍콩,CNE100006WS8,CATL ORD H,38346506
2026-02-18,홍콩,CNE100007DX6,MONTAGE TECHNOLOGY,36797628
2026-02-18,홍콩,HK0001025037,GLOBAL X US Treasury 3-5 Year ETF,31006903
2026-02-18,홍콩,KYG392AS1011,GLOBAL NEW MATERIAL INTL HOLDINGS LTD,30559377
2026-02-18,홍콩,HK0000921236,A GX USD MM,26600817
2026-02-18,홍콩,CNE100006JG0,LAOPU GOLD,26372434
2026-02-18,홍콩,CNE1000003X6,PING AN INSURANCE GROUP CO OF CHINA LTD-H,25226956
2026-02-18,홍콩,KYG070341048,BAIDU INC CL A,23466754
2026-02-18,홍콩,HK0000218211,HUA HONG SEMICONDUCTOR LTD,19587961
2026-02-18,홍콩,KYG3777B1032,GEELY AUTOMOBILE HOLDINGS LTD,19148589
2026-02-18,홍콩,HK0000748381,YESASIA HOLDINGS LTD,18423039
2026-02-18,홍콩,HK0000859063,SAMSUNG BLOCKCHAIN TECHNOLOGIES ETF,17987266
2026-02-18,홍콩,HK0000642568,CSOP HANG SENG TECH INDEX ETF (HKD),16868519
2026-02-18,홍콩,HK0000516697,GLOBAL X CHINA BIOTECH ETF (HKD),16744304
2026-02-18,홍콩,HK0001200002,02259,16388971
2026-02-18,홍콩,CNE1000076H5,09927,15837781
2026-02-18,홍콩,HK0000921228,Global X HANG SENG TECH ETF,15278932
2026-02-18,홍콩,KYG970081173,WUXI BIOLOGICS CAYMAN INC,14296858
2026-02-18,홍콩,KYG596691041,MEITUAN,14082850
2026-02-18,홍콩,HK0000516713,GLOBAL X CHINA CLOUD COMPUTING ETF (HKD),13974790
2026-02-18,홍콩,HK0000562675,GLOBAL X CHINA CLEAN ENERGY ETF (HKD),13404439
2026-02-18,홍콩,HK0000562634,GLOBAL X CHINA CONSUMER BRAND ETF (HKD),13345762
2026-02-18,홍콩,KYG3774X1088,GCL TECHNOLOGY HOLDINGS LTD,12993404
2026-02-18,홍콩,KYG4602S1057,HORIZONROBOT-W,12371999
2026-02-18,홍콩,HK0941009539,CHINA MOBILE LTD,11744657
2026-02-18,홍콩,HK1126010854,DREAM INTERNATIONAL LTD,11514659
2026-02-18,홍콩,HK0000637857,GLOBAL X CHINA ROBOTICS AND AI ETF (HKD),11187539
2026-02-18,홍콩,HKX566362888,PING AN SECURITIE HKD0.01 HKD0.01 CHAN 009837742 BMG7115B1211,10778675
2026-02-18,홍콩,CNE100000304,DONGFANG ELECTRIC CORP LTD-H,10655631
2026-02-18,홍콩,CNE1000002Q2,CHINA PETROLEUM AND CHEMICAL CORP-H,10392961
2026-02-18,홍콩,CNE1000003G1,INDUSTRIAL AND COMMERCIAL BANK OF CHINA LTD-H,10347904
2026-02-18,홍콩,HK0000651213,ISHARES HS TECH ETF HKD,10182119
2026-02-18,홍콩,KYG532631028,KUAISHOU TECHNOLOGY,9395957
2026-02-18,홍콩,CNE1000003C0,HARBIN ELECTRIC CO LTD-H,9363795
2026-02-18,홍콩,CNE1000003W8,PETROCHINA CO LTD-H,9063978
2026-02-19,홍콩,KYG875721634,TENCENT HOLDINGS LTD,189067860
2026-02-19,홍콩,KYG017191142,ALIBABA GROUP HOLDING LTD,182345015
2026-02-19,홍콩,CNE1000031W9,GANFENGLITHIUM ORD H,138647055
2026-02-19,홍콩,KYG8020E1199,SEMICONDUCTOR MANUFACTURING INTL CORP,130524931
2026-02-19,홍콩,HK0000637832,GLOBAL X CHINA SEMICONDUCTOR ETF (HKD),111184788
2026-02-19,홍콩,CNE100000296,BYD CO LTD-H,105653571
2026-02-19,홍콩,KYG6181S1093,00100,104143173
2026-02-19,홍콩,CNE100005F09,TIANQI LITHIUM CORP,81459005
2026-02-19,홍콩,KYG9830T1067,XIAOMI CORP,78198243
2026-02-19,홍콩,CNE100004YZ4,CTG DUTY-FREE,73498079
2026-02-19,홍콩,HK0001205258,XL2CSOPHYNIX,72564309
2026-02-19,홍콩,CNE100006CQ4,Ubtech Robotics Ord Shs H,70597260
2026-02-19,홍콩,HK0001121349,XL2CSOPSMSN,58115022
2026-02-19,홍콩,CNE100000593,PICC PROPERTY AND CASUALTY CO LTD-H,46939107
2026-02-19,홍콩,HK0000562659,GLOBAL X CHINA ELECTRIC VEHICLE AND BATTERY ETF (HKD),42874188
2026-02-19,홍콩,CNE100006WS8,CATL ORD H,38356554
2026-02-19,홍콩,CNE100007DX6,MONTAGE TECHNOLOGY,36807270
2026-02-19,홍콩,HK0001025037,GLOBAL X US Treasury 3-5 Year ETF,31015028
2026-02-19,홍콩,KYG392AS1011,GLOBAL NEW MATERIAL INTL HOLDINGS LTD,30567385
2026-02-19,홍콩,HK0000921236,A GX USD MM,26607788
2026-02-19,홍콩,CNE100006JG0,LAOPU GOLD,26379345
2026-02-19,홍콩,CNE1000003X6,PING AN INSURANCE GROUP CO OF CHINA LTD-H,25233566
2026-02-19,홍콩,KYG070341048,BAIDU INC CL A,23472903
2026-02-19,홍콩,HK0000218211,HUA HONG SEMICONDUCTOR LTD,19593094
2026-02-19,홍콩,KYG3777B1032,GEELY AUTOMOBILE HOLDINGS LTD,19153607
2026-02-19,홍콩,HK0000748381,YESASIA HOLDINGS LTD,18427867
2026-02-19,홍콩,HK0000859063,SAMSUNG BLOCKCHAIN TECHNOLOGIES ETF,17991980
2026-02-19,홍콩,HK0000642568,CSOP HANG SENG TECH INDEX ETF (HKD),16872940
2026-02-19,홍콩,HK0000516697,GLOBAL X CHINA BIOTECH ETF (HKD),16748692
2026-02-19,홍콩,HK0001200002,02259,16393266
2026-02-19,홍콩,CNE1000076H5,09927,15841931
2026-02-19,홍콩,HK0000921228,Global X HANG SENG TECH ETF,15282936
2026-02-19,홍콩,KYG970081173,WUXI BIOLOGICS CAYMAN INC,14300605
2026-02-19,홍콩,KYG596691041,MEITUAN,14086541
2026-02-19,홍콩,HK0000516713,GLOBAL X CHINA CLOUD COMPUTING ETF (HKD),13978452
2026-02-19,홍콩,HK0000562675,GLOBAL X CHINA CLEAN ENERGY ETF (HKD),13407952
2026-02-19,홍콩,HK0000562634,GLOBAL X CHINA CONSUMER BRAND ETF (HKD),13349259
2026-02-19,홍콩,KYG3774X1088,GCL TECHNOLOGY HOLDINGS LTD,12996808
2026-02-19,홍콩,KYG4602S1057,HORIZONROBOT-W,12375241
2026-02-19,홍콩,HK0941009539,CHINA MOBILE LTD,11747734
2026-02-19,홍콩,HK1126010854,DREAM INTERNATIONAL LTD,11517676
2026-02-19,홍콩,HK0000637857,GLOBAL X CHINA ROBOTICS AND AI ETF (HKD),11190471
2026-02-19,홍콩,HKX566362888,PING AN SECURITIE HKD0.01 HKD0.01 CHAN 009837742 BMG7115B1211,10781500
2026-02-19,홍콩,CNE100000304,DONGFANG ELECTRIC CORP LTD-H,10658423
2026-02-19,홍콩,CNE1000002Q2,CHINA PETROLEUM AND CHEMICAL CORP-H,10395684
2026-02-19,홍콩,CNE1000003G1,INDUSTRIAL AND COMMERCIAL BANK OF CHINA LTD-H,10350615
2026-02-19,홍콩,HK0000651213,ISHARES HS TECH ETF HKD,10184787
2026-02-19,홍콩,KYG532631028,KUAISHOU TECHNOLOGY,9398419
2026-02-19,홍콩,CNE1000003C0,HARBIN ELECTRIC CO LTD-H,9366249
2026-02-19,홍콩,CNE1000003W8,PETROCHINA CO LTD-H,9066353
2026-02-20,홍콩,KYG875721634,TENCENT HOLDINGS LTD,188384016
2026-02-20,홍콩,KYG017191142,ALIBABA GROUP HOLDING LTD,172161378
2026-02-20,홍콩,CNE1000031W9,GANFENGLITHIUM ORD H,134227496
2026-02-20,홍콩,KYG8020E1199,SEMICONDUCTOR MANUFACTURING INTL CORP,126038950
2026-02-20,홍콩,KYG6181S1093,00100,119293336
2026-02-20,홍콩,HK0000637832,GLOBAL X CHINA SEMICONDUCTOR ETF (HKD),110555762
2026-02-20,홍콩,CNE100000296,BYD CO LTD-H,103591254
2026-02-20,홍콩,CNE100005F09,TIANQI LITHIUM CORP,81379660
2026-02-20,홍콩,HK0001205258,XL2CSOPHYNIX,79082901
2026-02-20,홍콩,KYG9830T1067,XIAOMI CORP,77095875
2026-02-20,홍콩,CNE100006CQ4,Ubtech Robotics Ord Shs H,73867252
2026-02-20,홍콩,CNE100004YZ4,CTG DUTY-FREE,69500852
2026-02-20,홍콩,HK0001121349,XL2CSOPSMSN,60255128
2026-02-20,홍콩,CNE100000593,PICC PROPERTY AND CASUALTY CO LTD-H,46429951
2026-02-20,홍콩,HK0000562659,GLOBAL X CHINA ELECTRIC VEHICLE AND BATTERY ETF (HKD),42353838
2026-02-20,홍콩,CNE100006WS8,CATL ORD H,37395224
2026-02-20,홍콩,CNE100007DX6,MONTAGE TECHNOLOGY,36914092
2026-02-20,홍콩,HK0001025037,GLOBAL X US Treasury 3-5 Year ETF,30947194
2026-02-20,홍콩,KYG392AS1011,GLOBAL NEW MATERIAL INTL HOLDINGS LTD,29996639
2026-02-20,홍콩,HK0000921236,A GX USD MM,26605981
2026-02-20,홍콩,CNE100006JG0,LAOPU GOLD,25626934
2026-02-20,홍콩,CNE1000003X6,PING AN INSURANCE GROUP CO OF CHINA LTD-H,25204355
2026-02-20,홍콩,KYG070341048,BAIDU INC CL A,22052456
2026-02-20,홍콩,KYG3777B1032,GEELY AUTOMOBILE HOLDINGS LTD,18873631
2026-02-20,홍콩,HK0000748381,YESASIA HOLDINGS LTD,18749650
2026-02-20,홍콩,HK0000859063,SAMSUNG BLOCKCHAIN TECHNOLOGIES ETF,18017650
2026-02-20,홍콩,HK0000516697,GLOBAL X CHINA BIOTECH ETF (HKD),17259880
2026-02-20,홍콩,HK0001200002,02259,16580641
2026-02-20,홍콩,HK0000642568,CSOP HANG SENG TECH INDEX ETF (HKD),16356199
2026-02-20,홍콩,KYG532631028,KUAISHOU TECHNOLOGY,15893752
2026-02-20,홍콩,CNE1000076H5,09927,15097038
2026-02-20,홍콩,HK0000921228,Global X HANG SENG TECH ETF,14858793
2026-02-20,홍콩,KYG970081173,WUXI BIOLOGICS CAYMAN INC,14161977
2026-02-20,홍콩,KYG596691041,MEITUAN,13864293
2026-02-20,홍콩,HK0000516713,GLOBAL X CHINA CLOUD COMPUTING ETF (HKD),13669101
2026-02-20,홍콩,HK0000562675,GLOBAL X CHINA CLEAN ENERGY ETF (HKD),13225188
2026-02-20,홍콩,HK0000562634,GLOBAL X CHINA CONSUMER BRAND ETF (HKD),13172703
2026-02-20,홍콩,KYG3774X1088,GCL TECHNOLOGY HOLDINGS LTD,12989701
2026-02-20,홍콩,KYG4602S1057,HORIZONROBOT-W,12132878
2026-02-20,홍콩,HK0941009539,CHINA MOBILE LTD,11751875
2026-02-20,홍콩,HK1126010854,DREAM INTERNATIONAL LTD,11348449
2026-02-20,홍콩,HK0000637857,GLOBAL X CHINA ROBOTICS AND AI ETF (HKD),11196537
2026-02-20,홍콩,CNE100000304,DONGFANG ELECTRIC CORP LTD-H,10846785
2026-02-20,홍콩,HKX566362888,PING AN SECURITIE HKD0.01 HKD0.01 CHAN 009837742 BMG7115B1211,10780768
2026-02-20,홍콩,CNE1000003G1,INDUSTRIAL AND COMMERCIAL BANK OF CHINA LTD-H,10366904
2026-02-20,홍콩,KYG982AW1003,XPENG INC,10339410
2026-02-20,홍콩,CNE1000002Q2,CHINA PETROLEUM AND CHEMICAL CORP-H,10337653
2026-02-20,홍콩,HK0000651213,ISHARES HS TECH ETF HKD,9916723
2026-02-20,홍콩,CNE1000003C0,HARBIN ELECTRIC CO LTD-H,9651898
2026-02-20,홍콩,CNE1000003W8,PETROCHINA CO LTD-H,9374704
2026-02-23,홍콩,KYG875721634,TENCENT HOLDINGS LTD,193648968
2026-02-23,홍콩,KYG017191142,ALIBABA GROUP HOLDING LTD,177687291
2026-02-23,홍콩,CNE1000031W9,GANFENGLITHIUM ORD H,145624654
2026-02-23,홍콩,KYG8020E1199,SEMICONDUCTOR MANUFACTURING INTL CORP,129937077
2026-02-23,홍콩,HK0000637832,GLOBAL X CHINA SEMICONDUCTOR ETF (HKD),112427994
2026-02-23,홍콩,CNE100000296,BYD CO LTD-H,108544720
2026-02-23,홍콩,KYG6181S1093,00100,103406062
2026-02-23,홍콩,CNE100005F09,TIANQI LITHIUM CORP,83645126
2026-02-23,홍콩,HK0001205258,XL2CSOPHYNIX,82694976
2026-02-23,홍콩,KYG9830T1067,XIAOMI CORP,79840746
2026-02-23,홍콩,CNE100006CQ4,Ubtech Robotics Ord Shs H,71803401
2026-02-23,홍콩,CNE100004YZ4,CTG DUTY-FREE,63332985
2026-02-23,홍콩,HK0001121349,XL2CSOPSMSN,61347677
2026-02-23,홍콩,CNE100000593,PICC PROPERTY AND CASUALTY CO LTD-H,47598629
2026-02-23,홍콩,HK0000562659,GLOBAL X CHINA ELECTRIC VEHICLE AND BATTERY ETF (HKD),43069444
2026-02-23,홍콩,CNE100006WS8,CATL ORD H,38550754
2026-02-23,홍콩,CNE100007DX6,MONTAGE TECHNOLOGY,34552148
2026-02-23,홍콩,KYG392AS1011,GLOBAL NEW MATERIAL INTL HOLDINGS LTD,31497153
2026-02-23,홍콩,HK0001025037,GLOBAL X US Treasury 3-5 Year ETF,30927942
2026-02-23,홍콩,HK0000921236,A GX USD MM,26608267
2026-02-23,홍콩,CNE100006JG0,LAOPU GOLD,26200702
2026-02-23,홍콩,CNE1000003X6,PING AN INSURANCE GROUP CO OF CHINA LTD-H,26002560
2026-02-23,홍콩,KYG070341048,BAIDU INC CL A,22969781
2026-02-23,홍콩,KYG3777B1032,GEELY AUTOMOBILE HOLDINGS LTD,19265030
2026-02-23,홍콩,HK0000748381,YESASIA HOLDINGS LTD,18487243
2026-02-23,홍콩,HK0001200002,02259,17700597
2026-02-23,홍콩,HK0000859063,SAMSUNG BLOCKCHAIN TECHNOLOGIES ETF,17490277
2026-02-23,홍콩,HK0000516697,GLOBAL X CHINA BIOTECH ETF (HKD),17039595
2026-02-23,홍콩,HK0000642568,CSOP HANG SENG TECH INDEX ETF (HKD),16933734
2026-02-23,홍콩,KYG532631028,KUAISHOU TECHNOLOGY,16364063
2026-02-23,홍콩,CNE1000076H5,09927,15651752
2026-02-23,홍콩,HK0000921228,Global X HANG SENG TECH ETF,15612675
2026-02-23,홍콩,KYG970081173,WUXI BIOLOGICS CAYMAN INC,14653521
2026-02-23,홍콩,KYG596691041,MEITUAN,14580801
2026-02-23,홍콩,HK0000516713,GLOBAL X CHINA CLOUD COMPUTING ETF (HKD),13933942
2026-02-23,홍콩,HK0000562634,GLOBAL X CHINA CONSUMER BRAND ETF (HKD),13422714
2026-02-23,홍콩,HK0000562675,GLOBAL X CHINA CLEAN ENERGY ETF (HKD),13401012
2026-02-23,홍콩,KYG3774X1088,GCL TECHNOLOGY HOLDINGS LTD,13200505
2026-02-23,홍콩,KYG4602S1057,HORIZONROBOT-W,12237295
2026-02-23,홍콩,HK0941009539,CHINA MOBILE LTD,11874781
2026-02-23,홍콩,HK1126010854,DREAM INTERNATIONAL LTD,11858192
2026-02-23,홍콩,HK0000637857,GLOBAL X CHINA ROBOTICS AND AI ETF (HKD),11129275
2026-02-23,홍콩,CNE100000304,DONGFANG ELECTRIC CORP LTD-H,10923431
2026-02-23,홍콩,HKX566362888,PING AN SECURITIE HKD0.01 HKD0.01 CHAN 009837742 BMG7115B1211,10781694
2026-02-23,홍콩,CNE1000003G1,INDUSTRIAL AND COMMERCIAL BANK OF CHINA LTD-H,10608732
2026-02-23,홍콩,KYG982AW1003,XPENG INC,10558848
2026-02-23,홍콩,CNE1000002Q2,CHINA PETROLEUM AND CHEMICAL CORP-H,10389372
2026-02-23,홍콩,HK0000651213,ISHARES HS TECH ETF HKD,10213863
2026-02-23,홍콩,CNE1000003C0,HARBIN ELECTRIC CO LTD-H,10068606
2026-02-23,홍콩,HK0000218211,HUA HONG SEMICONDUCTOR LTD,9544097
2026-02-24,홍콩,KYG875721634,TENCENT HOLDINGS LTD,184041998
2026-02-24,홍콩,KYG017191142,ALIBABA GROUP HOLDING LTD,172158331
2026-02-24,홍콩,CNE1000031W9,GANFENGLITHIUM ORD H,145292121
2026-02-24,홍콩,KYG8020E1199,SEMICONDUCTOR MANUFACTURING INTL CORP,126630671
2026-02-24,홍콩,HK0000637832,GLOBAL X CHINA SEMICONDUCTOR ETF (HKD),111599682
2026-02-24,홍콩,KYG6181S1093,00100,110012541
2026-02-24,홍콩,CNE100000296,BYD CO LTD-H,106962240
2026-02-24,홍콩,HK0001205258,XL2CSOPHYNIX,89174647
2026-02-24,홍콩,CNE100005F09,TIANQI LITHIUM CORP,85397119
2026-02-24,홍콩,KYG9830T1067,XIAOMI CORP,77938776
2026-02-24,홍콩,HK0001121349,XL2CSOPSMSN,66581096
2026-02-24,홍콩,CNE100006CQ4,Ubtech Robotics Ord Shs H,65312244
2026-02-24,홍콩,CNE100004YZ4,CTG DUTY-FREE,56633006
2026-02-24,홍콩,CNE100000593,PICC PROPERTY AND CASUALTY CO LTD-H,47070790
2026-02-24,홍콩,HK0000562659,GLOBAL X CHINA ELECTRIC VEHICLE AND BATTERY ETF (HKD),42575685
2026-02-24,홍콩,CNE100007DX6,MONTAGE TECHNOLOGY,37654057
2026-02-24,홍콩,CNE100006WS8,CATL ORD H,37391840
2026-02-24,홍콩,KYG392AS1011,GLOBAL NEW MATERIAL INTL HOLDINGS LTD,33337299
2026-02-24,홍콩,HK0001025037,GLOBAL X US Treasury 3-5 Year ETF,31016887
2026-02-24,홍콩,HK0000921236,A GX USD MM,26626498
2026-02-24,홍콩,CNE1000003X6,PING AN INSURANCE GROUP CO OF CHINA LTD-H,24863881
2026-02-24,홍콩,CNE100006JG0,LAOPU GOLD,24492987
2026-02-24,홍콩,KYG070341048,BAIDU INC CL A,22393599
2026-02-24,홍콩,KYG3777B1032,GEELY AUTOMOBILE HOLDINGS LTD,18841232
2026-02-24,홍콩,HK0000748381,YESASIA HOLDINGS LTD,18349654
2026-02-24,홍콩,HK0001200002,02259,17954670
2026-02-24,홍콩,HK0000859063,SAMSUNG BLOCKCHAIN TECHNOLOGIES ETF,17344279
2026-02-24,홍콩,HK0000516697,GLOBAL X CHINA BIOTECH ETF (HKD),16443797
2026-02-24,홍콩,HK0000642568,CSOP HANG SENG TECH INDEX ETF (HKD),16347042
2026-02-24,홍콩,KYG532631028,KUAISHOU TECHNOLOGY,15895110
2026-02-24,홍콩,CNE1000076H5,09927,15844313
2026-02-24,홍콩,HK0000921228,Global X HANG SENG TECH ETF,14764845
2026-02-24,홍콩,KYG970081173,WUXI BIOLOGICS CAYMAN INC,14296089
2026-02-24,홍콩,KYG596691041,MEITUAN,13933021
2026-02-24,홍콩,HK0000562675,GLOBAL X CHINA CLEAN ENERGY ETF (HKD),13503354
2026-02-24,홍콩,HK0000516713,GLOBAL X CHINA CLOUD COMPUTING ETF (HKD),13400223
2026-02-24,홍콩,HK0000562634,GLOBAL X CHINA CONSUMER BRAND ETF (HKD),13225347
2026-02-24,홍콩,KYG3774X1088,GCL TECHNOLOGY HOLDINGS LTD,12951550
2026-02-24,홍콩,KYG4602S1057,HORIZONROBOT-W,11963355
2026-02-24,홍콩,HK0941009539,CHINA MOBILE LTD,11857699
2026-02-24,홍콩,CNE100000304,DONGFANG ELECTRIC CORP LTD-H,11528054
2026-02-24,홍콩,HK1126010854,DREAM INTERNATIONAL LTD,11342444
2026-02-24,홍콩,HKX566362888,PING AN SECURITIE HKD0.01 HKD0.01 CHAN 009837742 BMG7115B1211,10774534
2026-02-24,홍콩,HK0000637857,GLOBAL X CHINA ROBOTICS AND AI ETF (HKD),10753818
2026-02-24,홍콩,KYG982AW1003,XPENG INC,10654150
2026-02-24,홍콩,CNE1000003C0,HARBIN ELECTRIC CO LTD-H,10512830
2026-02-24,홍콩,CNE1000002Q2,CHINA PETROLEUM AND CHEMICAL CORP-H,10483858
2026-02-24,홍콩,CNE1000003G1,INDUSTRIAL AND COMMERCIAL BANK OF CHINA LTD-H,10428864
2026-02-24,홍콩,HK0000651213,ISHARES HS TECH ETF HKD,10000794
2026-02-24,홍콩,CNE1000003W8,PETROCHINA CO LTD-H,9538251
2026-02-25,홍콩,KYG875721634,TENCENT HOLDINGS LTD,184370331
2026-02-25,홍콩,KYG017191142,ALIBABA GROUP HOLDING LTD,174432822
2026-02-25,홍콩,CNE1000031W9,GANFENGLITHIUM ORD H,147616922
2026-02-25,홍콩,KYG8020E1199,SEMICONDUCTOR MANUFACTURING INTL CORP,127176712
2026-02-25,홍콩,HK0000637832,GLOBAL X CHINA SEMICONDUCTOR ETF (HKD),111755550
2026-02-25,홍콩,CNE100000296,BYD CO LTD-H,105259690
2026-02-25,홍콩,KYG6181S1093,00100,94526234
2026-02-25,홍콩,HK0001205258,XL2CSOPHYNIX,94510850
2026-02-25,홍콩,CNE100005F09,TIANQI LITHIUM CORP,87568478
2026-02-25,홍콩,KYG9830T1067,XIAOMI CORP,76752570
2026-02-25,홍콩,HK0001121349,XL2CSOPSMSN,70495175
2026-02-25,홍콩,CNE100006CQ4,Ubtech Robotics Ord Shs H,64165584
2026-02-25,홍콩,CNE100004YZ4,CTG DUTY-FREE,56673430
2026-02-25,홍콩,CNE100000593,PICC PROPERTY AND CASUALTY CO LTD-H,47285121
2026-02-25,홍콩,HK0000562659,GLOBAL X CHINA ELECTRIC VEHICLE AND BATTERY ETF (HKD),42999568
2026-02-25,홍콩,CNE100006WS8,CATL ORD H,37708707
2026-02-25,홍콩,KYG392AS1011,GLOBAL NEW MATERIAL INTL HOLDINGS LTD,35909896
2026-02-25,홍콩,CNE100007DX6,MONTAGE TECHNOLOGY,35017701
2026-02-25,홍콩,HK0001025037,GLOBAL X US Treasury 3-5 Year ETF,30991519
2026-02-25,홍콩,HK0000921236,A GX USD MM,26706218
2026-02-25,홍콩,CNE1000003X6,PING AN INSURANCE GROUP CO OF CHINA LTD-H,25323445
2026-02-25,홍콩,CNE100006JG0,LAOPU GOLD,24299393
2026-02-25,홍콩,KYG070341048,BAIDU INC CL A,22290536
2026-02-25,홍콩,KYG3777B1032,GEELY AUTOMOBILE HOLDINGS LTD,18577058
2026-02-25,홍콩,HK0001200002,02259,18162727
2026-02-25,홍콩,HK0000859063,SAMSUNG BLOCKCHAIN TECHNOLOGIES ETF,18088404
2026-02-25,홍콩,HK0000748381,YESASIA HOLDINGS LTD,17704862
2026-02-25,홍콩,HK0000516697,GLOBAL X CHINA BIOTECH ETF (HKD),16477050
2026-02-25,홍콩,HK0000642568,CSOP HANG SENG TECH INDEX ETF (HKD),16326189
2026-02-25,홍콩,KYG532631028,KUAISHOU TECHNOLOGY,15830166
2026-02-25,홍콩,CNE1000076H5,09927,15787964
2026-02-25,홍콩,HK0000921228,Global X HANG SENG TECH ETF,14261122
2026-02-25,홍콩,KYG970081173,WUXI BIOLOGICS CAYMAN INC,14254959
2026-02-25,홍콩,KYG596691041,MEITUAN,14113646
2026-02-25,홍콩,HK0000562675,GLOBAL X CHINA CLEAN ENERGY ETF (HKD),13692699
2026-02-25,홍콩,HK0000516713,GLOBAL X CHINA CLOUD COMPUTING ETF (HKD),13251308
2026-02-25,홍콩,KYG3774X1088,GCL TECHNOLOGY HOLDINGS LTD,13228131
2026-02-25,홍콩,HK0000562634,GLOBAL X CHINA CONSUMER BRAND ETF (HKD),13196602
2026-02-25,홍콩,HK0941009539,CHINA MOBILE LTD,11989063
2026-02-25,홍콩,KYG4602S1057,HORIZONROBOT-W,11548644
2026-02-25,홍콩,HK1126010854,DREAM INTERNATIONAL LTD,11428388
2026-02-25,홍콩,CNE100000304,DONGFANG ELECTRIC CORP LTD-H,11377951
2026-02-25,홍콩,HKX566362888,PING AN SECURITIE HKD0.01 HKD0.01 CHAN 009837742 BMG7115B1211,10769523
2026-02-25,홍콩,HK0000637857,GLOBAL X CHINA ROBOTICS AND AI ETF (HKD),10743202
2026-02-25,홍콩,KYG982AW1003,XPENG INC,10731567
2026-02-25,홍콩,CNE1000003C0,HARBIN ELECTRIC CO LTD-H,10688829
2026-02-25,홍콩,CNE1000003G1,INDUSTRIAL AND COMMERCIAL BANK OF CHINA LTD-H,10434395
2026-02-25,홍콩,HK0000651213,ISHARES HS TECH ETF HKD,9922497
2026-02-25,홍콩,CNE1000003W8,PETROCHINA CO LTD-H,9568797
2026-02-25,홍콩,HK0000218211,HUA HONG SEMICONDUCTOR LTD,9319320
2026-02-26,홍콩,KYG875721634,TENCENT HOLDINGS LTD,180528724
2026-02-26,홍콩,KYG017191142,ALIBABA GROUP HOLDING LTD,168916694
2026-02-26,홍콩,CNE1000031W9,GANFENGLITHIUM ORD H,150737932
2026-02-26,홍콩,KYG8020E1199,SEMICONDUCTOR MANUFACTURING INTL CORP,122561355
2026-02-26,홍콩,HK0000637832,GLOBAL X CHINA SEMICONDUCTOR ETF (HKD),112955868
2026-02-26,홍콩,HK0001205258,XL2CSOPHYNIX,108354283
2026-02-26,홍콩,CNE100000296,BYD CO LTD-H,100859521
2026-02-26,홍콩,KYG6181S1093,00100,97622869
2026-02-26,홍콩,CNE100005F09,TIANQI LITHIUM CORP,87992415
2026-02-26,홍콩,HK0001121349,XL2CSOPSMSN,82339203
2026-02-26,홍콩,KYG9830T1067,XIAOMI CORP,76054987
2026-02-26,홍콩,CNE100006CQ4,Ubtech Robotics Ord Shs H,61030058
2026-02-26,홍콩,CNE100004YZ4,CTG DUTY-FREE,54518651
2026-02-26,홍콩,CNE100000593,PICC PROPERTY AND CASUALTY CO LTD-H,45976521
2026-02-26,홍콩,HK0000562659,GLOBAL X CHINA ELECTRIC VEHICLE AND BATTERY ETF (HKD),44641946
2026-02-26,홍콩,CNE100006WS8,CATL ORD H,35159981
2026-02-26,홍콩,CNE100007DX6,MONTAGE TECHNOLOGY,34562696
2026-02-26,홍콩,KYG392AS1011,GLOBAL NEW MATERIAL INTL HOLDINGS LTD,33496735
2026-02-26,홍콩,HK0001025037,GLOBAL X US Treasury 3-5 Year ETF,30981826
2026-02-26,홍콩,HK0000921236,A GX USD MM,26624594
2026-02-26,홍콩,CNE1000003X6,PING AN INSURANCE GROUP CO OF CHINA LTD-H,24155956
2026-02-26,홍콩,CNE100006JG0,LAOPU GOLD,23140091
2026-02-26,홍콩,KYG070341048,BAIDU INC CL A,21361322
2026-02-26,홍콩,HK0000859063,SAMSUNG BLOCKCHAIN TECHNOLOGIES ETF,18400104
2026-02-26,홍콩,KYG3777B1032,GEELY AUTOMOBILE HOLDINGS LTD,18215300
2026-02-26,홍콩,HK0001200002,02259,18006302
2026-02-26,홍콩,HK0000748381,YESASIA HOLDINGS LTD,17146233
2026-02-26,홍콩,HK0000642568,CSOP HANG SENG TECH INDEX ETF (HKD),15892235
2026-02-26,홍콩,HK0000516697,GLOBAL X CHINA BIOTECH ETF (HKD),15779352
2026-02-26,홍콩,CNE1000076H5,09927,15287852
2026-02-26,홍콩,KYG532631028,KUAISHOU TECHNOLOGY,15173661
2026-02-26,홍콩,HK0000562675,GLOBAL X CHINA CLEAN ENERGY ETF (HKD),13829015
2026-02-26,홍콩,KYG596691041,MEITUAN,13763522
2026-02-26,홍콩,HK0000921228,Global X HANG SENG TECH ETF,13622551
2026-02-26,홍콩,CNE100000304,DONGFANG ELECTRIC CORP LTD-H,13342261
2026-02-26,홍콩,KYG970081173,WUXI BIOLOGICS CAYMAN INC,13174137
2026-02-26,홍콩,HK0000516713,GLOBAL X CHINA CLOUD COMPUTING ETF (HKD),13112870
2026-02-26,홍콩,HK0000562634,GLOBAL X CHINA CONSUMER BRAND ETF (HKD),12954482
2026-02-26,홍콩,KYG3774X1088,GCL TECHNOLOGY HOLDINGS LTD,12934996
2026-02-26,홍콩,CNE1000003C0,HARBIN ELECTRIC CO LTD-H,12149186
2026-02-26,홍콩,HK0941009539,CHINA MOBILE LTD,12078891
2026-02-26,홍콩,HK1126010854,DREAM INTERNATIONAL LTD,11429373
2026-02-26,홍콩,HKX566362888,PING AN SECURITIE HKD0.01 HKD0.01 CHAN 009837742 BMG7115B1211,10773763
2026-02-26,홍콩,CNE1000003G1,INDUSTRIAL AND COMMERCIAL BANK OF CHINA LTD-H,10389468
2026-02-26,홍콩,HK0000637857,GLOBAL X CHINA ROBOTICS AND AI ETF (HKD),10244833
2026-02-26,홍콩,KYG982AW1003,XPENG INC,10111930
2026-02-26,홍콩,KYG4602S1057,HORIZONROBOT-W,9960197
2026-02-26,홍콩,HK0000651213,ISHARES HS TECH ETF HKD,9641982
2026-02-26,홍콩,CNE1000003W8,PETROCHINA CO LTD-H,9464418
2026-02-26,홍콩,HK0000761400,PREMIA CHINA STAR50 ETF HKD,9427553
2026-02-27,홍콩,KYG875721634,TENCENT HOLDINGS LTD,182094633
2026-02-27,홍콩,KYG017191142,ALIBABA GROUP HOLDING LTD,167133062
2026-02-27,홍콩,CNE1000031W9,GANFENGLITHIUM ORD H,150440450
2026-02-27,홍콩,KYG8020E1199,SEMICONDUCTOR MANUFACTURING INTL CORP,120510446
2026-02-27,홍콩,HK0000637832,GLOBAL X CHINA SEMICONDUCTOR ETF (HKD),112327759
2026-02-27,홍콩,HK0001205258,XL2CSOPHYNIX,103107311
2026-02-27,홍콩,CNE100000296,BYD CO LTD-H,100454718
2026-02-27,홍콩,KYG6181S1093,00100,93495880
2026-02-27,홍콩,CNE100005F09,TIANQI LITHIUM CORP,88575072
2026-02-27,홍콩,HK0001121349,XL2CSOPSMSN,84755117
2026-02-27,홍콩,KYG9830T1067,XIAOMI CORP,75064812
2026-02-27,홍콩,CNE100006CQ4,Ubtech Robotics Ord Shs H,61661479
2026-02-27,홍콩,CNE100004YZ4,CTG DUTY-FREE,54333049
2026-02-27,홍콩,HK0000562659,GLOBAL X CHINA ELECTRIC VEHICLE AND BATTERY ETF (HKD),47149668
2026-02-27,홍콩,CNE100000593,PICC PROPERTY AND CASUALTY CO LTD-H,45262381
2026-02-27,홍콩,CNE100006WS8,CATL ORD H,34865824
2026-02-27,홍콩,KYG392AS1011,GLOBAL NEW MATERIAL INTL HOLDINGS LTD,34127359
2026-02-27,홍콩,CNE100007DX6,MONTAGE TECHNOLOGY,32866952
2026-02-27,홍콩,HK0001025037,GLOBAL X US Treasury 3-5 Year ETF,31076135
2026-02-27,홍콩,HK0000921236,A GX USD MM,26598950
2026-02-27,홍콩,CNE1000003X6,PING AN INSURANCE GROUP CO OF CHINA LTD-H,24159201
2026-02-27,홍콩,CNE100006JG0,LAOPU GOLD,23947357
2026-02-27,홍콩,KYG070341048,BAIDU INC CL A,20930775
2026-02-27,홍콩,HK0000859063,SAMSUNG BLOCKCHAIN TECHNOLOGIES ETF,18462759
2026-02-27,홍콩,HK0001200002,02259,18059312
2026-02-27,홍콩,KYG3777B1032,GEELY AUTOMOBILE HOLDINGS LTD,18005103
2026-02-27,홍콩,HK0000748381,YESASIA HOLDINGS LTD,16492013
2026-02-27,홍콩,HK0000642568,CSOP HANG SENG TECH INDEX ETF (HKD),15978118
2026-02-27,홍콩,HK0000516697,GLOBAL X CHINA BIOTECH ETF (HKD),15802394
2026-02-27,홍콩,CNE1000076H5,09927,15549760
2026-02-27,홍콩,KYG532631028,KUAISHOU TECHNOLOGY,14973755
2026-02-27,홍콩,HK0000921228,Global X HANG SENG TECH ETF,13900153
2026-02-27,홍콩,KYG596691041,MEITUAN,13857048
2026-02-27,홍콩,HK0000562675,GLOBAL X CHINA CLEAN ENERGY ETF (HKD),13775519
2026-02-27,홍콩,KYG970081173,WUXI BIOLOGICS CAYMAN INC,13742503
2026-02-27,홍콩,HK0000516713,GLOBAL X CHINA CLOUD COMPUTING ETF (HKD),13297190
2026-02-27,홍콩,CNE100000304,DONGFANG ELECTRIC CORP LTD-H,13032817
2026-02-27,홍콩,CNE1000003C0,HARBIN ELECTRIC CO LTD-H,12952705
2026-02-27,홍콩,HK0000562634,GLOBAL X CHINA CONSUMER BRAND ETF (HKD),12923521
2026-02-27,홍콩,KYG3774X1088,GCL TECHNOLOGY HOLDINGS LTD,12715081
2026-02-27,홍콩,HK0941009539,CHINA MOBILE LTD,12190655
2026-02-27,홍콩,HK1126010854,DREAM INTERNATIONAL LTD,11958473
2026-02-27,홍콩,HKX566362888,PING AN SECURITIE HKD0.01 HKD0.01 CHAN 009837742 BMG7115B1211,10768508
2026-02-27,홍콩,CNE1000003G1,INDUSTRIAL AND COMMERCIAL BANK OF CHINA LTD-H,10426236
2026-02-27,홍콩,KYG982AW1003,XPENG INC,10293678
2026-02-27,홍콩,HK0000637857,GLOBAL X CHINA ROBOTICS AND AI ETF (HKD),10290257
2026-02-27,홍콩,KYG4602S1057,HORIZONROBOT-W,9793886
2026-02-27,홍콩,HK0000651213,ISHARES HS TECH ETF HKD,9689892
2026-02-27,홍콩,CNE1000003W8,PETROCHINA CO LTD-H,9534922
2026-02-27,홍콩,HKX601342549,CHINA BRIGHT CULTURE GROUP USD0.00001 (Delisted/BL398Y0) CHAN 970928502 KYG2153C1078,8631000
2026-03-02,홍콩,KYG875721634,TENCENT HOLDINGS LTD,179481923
2026-03-02,홍콩,KYG017191142,ALIBABA GROUP HOLDING LTD,158077363
2026-03-02,홍콩,CNE1000031W9,GANFENGLITHIUM ORD H,144968873
2026-03-02,홍콩,KYG8020E1199,SEMICONDUCTOR MANUFACTURING INTL CORP,114147444
2026-03-02,홍콩,HK0000637832,GLOBAL X CHINA SEMICONDUCTOR ETF (HKD),109476040
2026-03-02,홍콩,CNE100000296,BYD CO LTD-H,104613191
2026-03-02,홍콩,HK0001205258,XL2CSOPHYNIX,95744035
2026-03-02,홍콩,KYG6181S1093,00100,92220031
2026-03-02,홍콩,CNE100005F09,TIANQI LITHIUM CORP,85415109
2026-03-02,홍콩,HK0001121349,XL2CSOPSMSN,80367933
2026-03-02,홍콩,KYG9830T1067,XIAOMI CORP,70278482
2026-03-02,홍콩,CNE100006CQ4,Ubtech Robotics Ord Shs H,57506106
2026-03-02,홍콩,CNE100004YZ4,CTG DUTY-FREE,50973629
2026-03-02,홍콩,HK0000562659,GLOBAL X CHINA ELECTRIC VEHICLE AND BATTERY ETF (HKD),46792064
2026-03-02,홍콩,CNE100000593,PICC PROPERTY AND CASUALTY CO LTD-H,44178527
2026-03-02,홍콩,CNE100006WS8,CATL ORD H,33820333
2026-03-02,홍콩,KYG392AS1011,GLOBAL NEW MATERIAL INTL HOLDINGS LTD,33359089
2026-03-02,홍콩,CNE100007DX6,MONTAGE TECHNOLOGY,32533587
2026-03-02,홍콩,HK0001025037,GLOBAL X US Treasury 3-5 Year ETF,31010481
2026-03-02,홍콩,HK0000921236,A GX USD MM,26598950
2026-03-02,홍콩,CNE100006JG0,LAOPU GOLD,23930808
2026-03-02,홍콩,CNE1000003X6,PING AN INSURANCE GROUP CO OF CHINA LTD-H,23493214
2026-03-02,홍콩,KYG070341048,BAIDU INC CL A,19859450
2026-03-02,홍콩,HK0001200002,02259,18912109
2026-03-02,홍콩,HK0000859063,SAMSUNG BLOCKCHAIN TECHNOLOGIES ETF,17621100
2026-03-02,홍콩,KYG3777B1032,GEELY AUTOMOBILE HOLDINGS LTD,17545171
2026-03-02,홍콩,HK0000748381,YESASIA HOLDINGS LTD,16300461
2026-03-02,홍콩,HK0000642568,CSOP HANG SENG TECH INDEX ETF (HKD),15511273
2026-03-02,홍콩,HK0000516697,GLOBAL X CHINA BIOTECH ETF (HKD),15296902
2026-03-02,홍콩,CNE1000076H5,09927,15027353
2026-03-02,홍콩,KYG532631028,KUAISHOU TECHNOLOGY,14459880
2026-03-02,홍콩,CNE1000003C0,HARBIN ELECTRIC CO LTD-H,14069639
2026-03-02,홍콩,CNE100000304,DONGFANG ELECTRIC CORP LTD-H,13799547
2026-03-02,홍콩,HK0000562675,GLOBAL X CHINA CLEAN ENERGY ETF (HKD),13757136
2026-03-02,홍콩,HK0000921228,Global X HANG SENG TECH ETF,13460328
2026-03-02,홍콩,KYG970081173,WUXI BIOLOGICS CAYMAN INC,13204625
2026-03-02,홍콩,KYG596691041,MEITUAN,13148687
2026-03-02,홍콩,HK0000562634,GLOBAL X CHINA CONSUMER BRAND ETF (HKD),12699736
2026-03-02,홍콩,HK0000516713,GLOBAL X CHINA CLOUD COMPUTING ETF (HKD),12603394
2026-03-02,홍콩,KYG3774X1088,GCL TECHNOLOGY HOLDINGS LTD,12279087
2026-03-02,홍콩,HK0941009539,CHINA MOBILE LTD,12098864
2026-03-02,홍콩,HK1126010854,DREAM INTERNATIONAL LTD,11489002
2026-03-02,홍콩,HKX566362888,PING AN SECURITIE HKD0.01 HKD0.01 CHAN 009837742 BMG7115B1211,10768508
2026-03-02,홍콩,CNE1000003G1,INDUSTRIAL AND COMMERCIAL BANK OF CHINA LTD-H,10254238
2026-03-02,홍콩,CNE1000003W8,PETROCHINA CO LTD-H,9924715
2026-03-02,홍콩,HK0000637857,GLOBAL X CHINA ROBOTICS AND AI ETF (HKD),9815248
2026-03-02,홍콩,KYG982AW1003,XPENG INC,9741200
2026-03-02,홍콩,HK0000651213,ISHARES HS TECH ETF HKD,9423859
2026-03-02,홍콩,HKX601342549,CHINA BRIGHT CULTURE GROUP USD0.00001 (Delisted/BL398Y0) CHAN 970928502 KYG2153C1078,8631000
2026-03-02,홍콩,CNE1000048K8,HAIER SMART HOME CO LTD-H MRGR 006942845 BMG423131256,8415581
2026-03-03,홍콩,KYG875721634,TENCENT HOLDINGS LTD,178134848
2026-03-03,홍콩,KYG017191142,ALIBABA GROUP HOLDING LTD,153081517
2026-03-03,홍콩,CNE1000031W9,GANFENGLITHIUM ORD H,129268935
2026-03-03,홍콩,KYG8020E1199,SEMICONDUCTOR MANUFACTURING INTL CORP,109490354
2026-03-03,홍콩,HK0000637832,GLOBAL X CHINA SEMICONDUCTOR ETF (HKD),103198425
2026-03-03,홍콩,CNE100000296,BYD CO LTD-H,101371501
2026-03-03,홍콩,KYG6181S1093,00100,100638353
2026-03-03,홍콩,HK0001205258,XL2CSOPHYNIX,83552053
2026-03-03,홍콩,CNE100005F09,TIANQI LITHIUM CORP,78559885
2026-03-03,홍콩,HK0001121349,XL2CSOPSMSN,68995639
2026-03-03,홍콩,KYG9830T1067,XIAOMI CORP,66894307
2026-03-03,홍콩,CNE100006CQ4,Ubtech Robotics Ord Shs H,53206230
2026-03-03,홍콩,CNE100004YZ4,CTG DUTY-FREE,48954580
2026-03-03,홍콩,CNE100000593,PICC PROPERTY AND CASUALTY CO LTD-H,43868109
2026-03-03,홍콩,HK0000562659,GLOBAL X CHINA ELECTRIC VEHICLE AND BATTERY ETF (HKD),39947153
2026-03-03,홍콩,KYG392AS1011,GLOBAL NEW MATERIAL INTL HOLDINGS LTD,34621403
2026-03-03,홍콩,CNE100006WS8,CATL ORD H,33502825
2026-03-03,홍콩,HK0001025037,GLOBAL X US Treasury 3-5 Year ETF,30810428
2026-03-03,홍콩,CNE100007DX6,MONTAGE TECHNOLOGY,30417628
2026-03-03,홍콩,HK0000921236,A GX USD MM,26596162
2026-03-03,홍콩,CNE1000003X6,PING AN INSURANCE GROUP CO OF CHINA LTD-H,23417121
2026-03-03,홍콩,CNE100006JG0,LAOPU GOLD,22612596
2026-03-03,홍콩,KYG070341048,BAIDU INC CL A,19671030
2026-03-03,홍콩,HK0000859063,SAMSUNG BLOCKCHAIN TECHNOLOGIES ETF,17768889
2026-03-03,홍콩,HK0001200002,02259,17309608
2026-03-03,홍콩,KYG3777B1032,GEELY AUTOMOBILE HOLDINGS LTD,17139165
2026-03-03,홍콩,HK0000642568,CSOP HANG SENG TECH INDEX ETF (HKD),16668450
2026-03-03,홍콩,HK0000748381,YESASIA HOLDINGS LTD,16068139
2026-03-03,홍콩,HK0000516697,GLOBAL X CHINA BIOTECH ETF (HKD),14826152
2026-03-03,홍콩,CNE1000076H5,09927,14713912
2026-03-03,홍콩,KYG532631028,KUAISHOU TECHNOLOGY,14353875
2026-03-03,홍콩,HK0000562675,GLOBAL X CHINA CLEAN ENERGY ETF (HKD),13379861
2026-03-03,홍콩,CNE1000003C0,HARBIN ELECTRIC CO LTD-H,13216508
2026-03-03,홍콩,HK0000921228,Global X HANG SENG TECH ETF,13116718
2026-03-03,홍콩,KYG596691041,MEITUAN,12904281
2026-03-03,홍콩,KYG970081173,WUXI BIOLOGICS CAYMAN INC,12576911
2026-03-03,홍콩,HK0000562634,GLOBAL X CHINA CONSUMER BRAND ETF (HKD),12333052
2026-03-03,홍콩,HK0941009539,CHINA MOBILE LTD,12084486
2026-03-03,홍콩,HK0000516713,GLOBAL X CHINA CLOUD COMPUTING ETF (HKD),12046495
2026-03-03,홍콩,CNE100000304,DONGFANG ELECTRIC CORP LTD-H,11893907
2026-03-03,홍콩,KYG3774X1088,GCL TECHNOLOGY HOLDINGS LTD,11755223
2026-03-03,홍콩,HK1126010854,DREAM INTERNATIONAL LTD,11583239
2026-03-03,홍콩,HKX566362888,PING AN SECURITIE HKD0.01 HKD0.01 CHAN 009837742 BMG7115B1211,10771252
2026-03-03,홍콩,CNE1000003G1,INDUSTRIAL AND COMMERCIAL BANK OF CHINA LTD-H,10418376
2026-03-03,홍콩,CNE1000003W8,PETROCHINA CO LTD-H,10347095
2026-03-03,홍콩,HK0000637857,GLOBAL X CHINA ROBOTICS AND AI ETF (HKD),9391290
2026-03-03,홍콩,HK0000651213,ISHARES HS TECH ETF HKD,9183308
2026-03-03,홍콩,KYG982AW1003,XPENG INC,9170395
2026-03-03,홍콩,HKX601342549,CHINA BRIGHT CULTURE GROUP USD0.00001 (Delisted/BL398Y0) CHAN 970928502 KYG2153C1078,8631000
2026-03-03,홍콩,HK0000761400,PREMIA CHINA STAR50 ETF HKD,8370094
2026-03-04,홍콩,KYG875721634,TENCENT HOLDINGS LTD,176720886
2026-03-04,홍콩,KYG017191142,ALIBABA GROUP HOLDING LTD,147765138
2026-03-04,홍콩,CNE1000031W9,GANFENGLITHIUM ORD H,129731860
2026-03-04,홍콩,KYG8020E1199,SEMICONDUCTOR MANUFACTURING INTL CORP,107557312
2026-03-04,홍콩,HK0000637832,GLOBAL X CHINA SEMICONDUCTOR ETF (HKD),102947658
2026-03-04,홍콩,CNE100000296,BYD CO LTD-H,100211400
2026-03-04,홍콩,KYG6181S1093,00100,91782251
2026-03-04,홍콩,CNE100005F09,TIANQI LITHIUM CORP,79207090
2026-03-04,홍콩,KYG9830T1067,XIAOMI CORP,67917930
2026-03-04,홍콩,HK0001205258,XL2CSOPHYNIX,63979901
2026-03-04,홍콩,CNE100006CQ4,Ubtech Robotics Ord Shs H,54292523
2026-03-04,홍콩,HK0001121349,XL2CSOPSMSN,52475688
2026-03-04,홍콩,CNE100004YZ4,CTG DUTY-FREE,48521955
2026-03-04,홍콩,CNE100000593,PICC PROPERTY AND CASUALTY CO LTD-H,43233696
2026-03-04,홍콩,HK0000562659,GLOBAL X CHINA ELECTRIC VEHICLE AND BATTERY ETF (HKD),39726036
2026-03-04,홍콩,KYG392AS1011,GLOBAL NEW MATERIAL INTL HOLDINGS LTD,35992288
2026-03-04,홍콩,CNE100006WS8,CATL ORD H,32962886
2026-03-04,홍콩,HK0001025037,GLOBAL X US Treasury 3-5 Year ETF,30810352
2026-03-04,홍콩,CNE100007DX6,MONTAGE TECHNOLOGY,30696454
2026-03-04,홍콩,HK0000921236,A GX USD MM,26624146
2026-03-04,홍콩,CNE1000003X6,PING AN INSURANCE GROUP CO OF CHINA LTD-H,22943123
2026-03-04,홍콩,CNE100006JG0,LAOPU GOLD,22063630
2026-03-04,홍콩,KYG070341048,BAIDU INC CL A,19229222
2026-03-04,홍콩,HK0000859063,SAMSUNG BLOCKCHAIN TECHNOLOGIES ETF,17681146
2026-03-04,홍콩,HK0001200002,02259,16883155
2026-03-04,홍콩,KYG3777B1032,GEELY AUTOMOBILE HOLDINGS LTD,16865587
2026-03-04,홍콩,HK0000642568,CSOP HANG SENG TECH INDEX ETF (HKD),16558380
2026-03-04,홍콩,HK0000748381,YESASIA HOLDINGS LTD,14780920
2026-03-04,홍콩,HK0000516697,GLOBAL X CHINA BIOTECH ETF (HKD),14451513
2026-03-04,홍콩,CNE1000076H5,09927,14254340
2026-03-04,홍콩,KYG532631028,KUAISHOU TECHNOLOGY,14212799
2026-03-04,홍콩,HK0000562675,GLOBAL X CHINA CLEAN ENERGY ETF (HKD),13424621
2026-03-04,홍콩,CNE100000304,DONGFANG ELECTRIC CORP LTD-H,13315799
2026-03-04,홍콩,CNE1000003C0,HARBIN ELECTRIC CO LTD-H,13280428
2026-03-04,홍콩,HK0000921228,Global X HANG SENG TECH ETF,13056778
2026-03-04,홍콩,KYG596691041,MEITUAN,13053695
2026-03-04,홍콩,HK0000562634,GLOBAL X CHINA CONSUMER BRAND ETF (HKD),12230262
2026-03-04,홍콩,HK0941009539,CHINA MOBILE LTD,12063766
2026-03-04,홍콩,KYG970081173,WUXI BIOLOGICS CAYMAN INC,12006562
2026-03-04,홍콩,HK0000516713,GLOBAL X CHINA CLOUD COMPUTING ETF (HKD),11866379
2026-03-04,홍콩,HK1126010854,DREAM INTERNATIONAL LTD,11241936
2026-03-04,홍콩,KYG3774X1088,GCL TECHNOLOGY HOLDINGS LTD,11239745
2026-03-04,홍콩,HKX566362888,PING AN SECURITIE HKD0.01 HKD0.01 CHAN 009837742 BMG7115B1211,10794233
2026-03-04,홍콩,CNE1000003G1,INDUSTRIAL AND COMMERCIAL BANK OF CHINA LTD-H,10263360
2026-03-04,홍콩,CNE1000003W8,PETROCHINA CO LTD-H,10045419
2026-03-04,홍콩,HK0000637857,GLOBAL X CHINA ROBOTICS AND AI ETF (HKD),9359230
2026-03-04,홍콩,HK0000651213,ISHARES HS TECH ETF HKD,9132666
2026-03-04,홍콩,KYG982AW1003,XPENG INC,8921245
2026-03-04,홍콩,HKX601342549,CHINA BRIGHT CULTURE GROUP USD0.00001 (Delisted/BL398Y0) CHAN 970928502 KYG2153C1078,8631000
2026-03-04,홍콩,HK0000761400,PREMIA CHINA STAR50 ETF HKD,8334874
2026-03-05,홍콩,KYG875721634,TENCENT HOLDINGS LTD,178700739
2026-03-05,홍콩,KYG017191142,ALIBABA GROUP HOLDING LTD,142748144
2026-03-05,홍콩,CNE1000031W9,GANFENGLITHIUM ORD H,129195522
2026-03-05,홍콩,KYG8020E1199,SEMICONDUCTOR MANUFACTURING INTL CORP,105272502
2026-03-05,홍콩,HK0000637832,GLOBAL X CHINA SEMICONDUCTOR ETF (HKD),105201473
2026-03-05,홍콩,KYG6181S1093,00100,99465453
2026-03-05,홍콩,CNE100000296,BYD CO LTD-H,95095338
2026-03-05,홍콩,CNE100005F09,TIANQI LITHIUM CORP,79853147
2026-03-05,홍콩,HK0001205258,XL2CSOPHYNIX,74899551
2026-03-05,홍콩,KYG9830T1067,XIAOMI CORP,66123218
2026-03-05,홍콩,HK0001121349,XL2CSOPSMSN,59858730
2026-03-05,홍콩,CNE100006CQ4,Ubtech Robotics Ord Shs H,53817586
2026-03-05,홍콩,CNE100004YZ4,CTG DUTY-FREE,48010135
2026-03-05,홍콩,CNE100000593,PICC PROPERTY AND CASUALTY CO LTD-H,43266645
2026-03-05,홍콩,HK0000562659,GLOBAL X CHINA ELECTRIC VEHICLE AND BATTERY ETF (HKD),40083090
2026-03-05,홍콩,KYG392AS1011,GLOBAL NEW MATERIAL INTL HOLDINGS LTD,34397128
2026-03-05,홍콩,CNE100006WS8,CATL ORD H,34299305
2026-03-05,홍콩,CNE100007DX6,MONTAGE TECHNOLOGY,31777226
2026-03-05,홍콩,HK0001025037,GLOBAL X US Treasury 3-5 Year ETF,30750260
2026-03-05,홍콩,HK0000921236,A GX USD MM,26586468
2026-03-05,홍콩,CNE1000003X6,PING AN INSURANCE GROUP CO OF CHINA LTD-H,22719544
2026-03-05,홍콩,KYG070341048,BAIDU INC CL A,21435572
2026-03-05,홍콩,CNE100006JG0,LAOPU GOLD,21238454
2026-03-05,홍콩,HK0000859063,SAMSUNG BLOCKCHAIN TECHNOLOGIES ETF,18468386
2026-03-05,홍콩,KYG3777B1032,GEELY AUTOMOBILE HOLDINGS LTD,16885651
2026-03-05,홍콩,HK0000642568,CSOP HANG SENG TECH INDEX ETF (HKD),16760051
2026-03-05,홍콩,HK0001200002,02259,16368269
2026-03-05,홍콩,CNE100000304,DONGFANG ELECTRIC CORP LTD-H,15764368
2026-03-05,홍콩,KYG532631028,KUAISHOU TECHNOLOGY,15159198
2026-03-05,홍콩,HK0000748381,YESASIA HOLDINGS LTD,14775459
2026-03-05,홍콩,CNE1000003C0,HARBIN ELECTRIC CO LTD-H,14586220
2026-03-05,홍콩,HK0000516697,GLOBAL X CHINA BIOTECH ETF (HKD),14562277
2026-03-05,홍콩,CNE1000076H5,09927,14268751
2026-03-05,홍콩,HK0000562675,GLOBAL X CHINA CLEAN ENERGY ETF (HKD),13758496
2026-03-05,홍콩,HK0000921228,Global X HANG SENG TECH ETF,12982299
2026-03-05,홍콩,KYG596691041,MEITUAN,12763635
2026-03-05,홍콩,HK0000562634,GLOBAL X CHINA CONSUMER BRAND ETF (HKD),12131465
2026-03-05,홍콩,HK0941009539,CHINA MOBILE LTD,12078460
2026-03-05,홍콩,KYG970081173,WUXI BIOLOGICS CAYMAN INC,12050500
2026-03-05,홍콩,HK0000516713,GLOBAL X CHINA CLOUD COMPUTING ETF (HKD),11890909
2026-03-05,홍콩,KYG3774X1088,GCL TECHNOLOGY HOLDINGS LTD,11231988
2026-03-05,홍콩,HK1126010854,DREAM INTERNATIONAL LTD,11224006
2026-03-05,홍콩,HKX566362888,PING AN SECURITIE HKD0.01 HKD0.01 CHAN 009837742 BMG7115B1211,10777017
2026-03-05,홍콩,CNE1000003G1,INDUSTRIAL AND COMMERCIAL BANK OF CHINA LTD-H,10286580
2026-03-05,홍콩,CNE1000003W8,PETROCHINA CO LTD-H,10149769
2026-03-05,홍콩,HK0000637857,GLOBAL X CHINA ROBOTICS AND AI ETF (HKD),9448038
2026-03-05,홍콩,KYG982AW1003,XPENG INC,9113032
2026-03-05,홍콩,HK0000651213,ISHARES HS TECH ETF HKD,9070584
2026-03-05,홍콩,HK0000761400,PREMIA CHINA STAR50 ETF HKD,8785159
2026-03-05,홍콩,HKX601342549,CHINA BRIGHT CULTURE GROUP USD0.00001 (Delisted/BL398Y0) CHAN 970928502 KYG2153C1078,8631000
2026-03-06,홍콩,KYG875721634,TENCENT HOLDINGS LTD,183461375
2026-03-06,홍콩,KYG017191142,ALIBABA GROUP HOLDING LTD,146382654
2026-03-06,홍콩,CNE1000031W9,GANFENGLITHIUM ORD H,128803386
2026-03-06,홍콩,HK0000637832,GLOBAL X CHINA SEMICONDUCTOR ETF (HKD),104370444
2026-03-06,홍콩,KYG8020E1199,SEMICONDUCTOR MANUFACTURING INTL CORP,104069931
2026-03-06,홍콩,KYG6181S1093,00100,100180771
2026-03-06,홍콩,CNE100000296,BYD CO LTD-H,96502871
2026-03-06,홍콩,CNE100005F09,TIANQI LITHIUM CORP,79318370
2026-03-06,홍콩,HK0001205258,XL2CSOPHYNIX,72915726
2026-03-06,홍콩,KYG9830T1067,XIAOMI CORP,68230061
2026-03-06,홍콩,HK0001121349,XL2CSOPSMSN,56564192
2026-03-06,홍콩,CNE100006CQ4,Ubtech Robotics Ord Shs H,52558947
2026-03-06,홍콩,CNE100004YZ4,CTG DUTY-FREE,48644202
2026-03-06,홍콩,CNE100000593,PICC PROPERTY AND CASUALTY CO LTD-H,43527094
2026-03-06,홍콩,HK0000562659,GLOBAL X CHINA ELECTRIC VEHICLE AND BATTERY ETF (HKD),39761678
2026-03-06,홍콩,CNE100006WS8,CATL ORD H,34940815
2026-03-06,홍콩,KYG392AS1011,GLOBAL NEW MATERIAL INTL HOLDINGS LTD,34146094
2026-03-06,홍콩,CNE100007DX6,MONTAGE TECHNOLOGY,31216271
2026-03-06,홍콩,HK0001025037,GLOBAL X US Treasury 3-5 Year ETF,30710005
2026-03-06,홍콩,HK0000921236,A GX USD MM,26625513
2026-03-06,홍콩,CNE1000003X6,PING AN INSURANCE GROUP CO OF CHINA LTD-H,22904945
2026-03-06,홍콩,KYG070341048,BAIDU INC CL A,22049082
2026-03-06,홍콩,CNE100006JG0,LAOPU GOLD,21963232
2026-03-06,홍콩,HK0000859063,SAMSUNG BLOCKCHAIN TECHNOLOGIES ETF,18374348
2026-03-06,홍콩,KYG3777B1032,GEELY AUTOMOBILE HOLDINGS LTD,18161363
2026-03-06,홍콩,HK0000642568,CSOP HANG SENG TECH INDEX ETF (HKD),17172296
2026-03-06,홍콩,HK0001200002,02259,16225120
2026-03-06,홍콩,CNE100000304,DONGFANG ELECTRIC CORP LTD-H,15787617
2026-03-06,홍콩,KYG532631028,KUAISHOU TECHNOLOGY,15582148
2026-03-06,홍콩,HK0000516697,GLOBAL X CHINA BIOTECH ETF (HKD),15036828
2026-03-06,홍콩,HK0000748381,YESASIA HOLDINGS LTD,14612713
2026-03-06,홍콩,CNE1000076H5,09927,14379696
2026-03-06,홍콩,CNE1000003C0,HARBIN ELECTRIC CO LTD-H,14067541
2026-03-06,홍콩,HK0000562675,GLOBAL X CHINA CLEAN ENERGY ETF (HKD),13771713
2026-03-06,홍콩,HK0000921228,Global X HANG SENG TECH ETF,13277412
2026-03-06,홍콩,KYG596691041,MEITUAN,12856919
2026-03-06,홍콩,HK0000562634,GLOBAL X CHINA CONSUMER BRAND ETF (HKD),12229061
2026-03-06,홍콩,HK0941009539,CHINA MOBILE LTD,12184971
2026-03-06,홍콩,KYG970081173,WUXI BIOLOGICS CAYMAN INC,12088635
2026-03-06,홍콩,HK0000516713,GLOBAL X CHINA CLOUD COMPUTING ETF (HKD),12067459
2026-03-06,홍콩,HK1126010854,DREAM INTERNATIONAL LTD,11508357
2026-03-06,홍콩,KYG3774X1088,GCL TECHNOLOGY HOLDINGS LTD,11443088
2026-03-06,홍콩,HKX566362888,PING AN SECURITIE HKD0.01 HKD0.01 CHAN 009837742 BMG7115B1211,10774420
2026-03-06,홍콩,CNE1000003G1,INDUSTRIAL AND COMMERCIAL BANK OF CHINA LTD-H,10345248
2026-03-06,홍콩,CNE1000003W8,PETROCHINA CO LTD-H,10267165
2026-03-06,홍콩,HK0000637857,GLOBAL X CHINA ROBOTICS AND AI ETF (HKD),9432343
2026-03-06,홍콩,HK0000651213,ISHARES HS TECH ETF HKD,9328631
2026-03-06,홍콩,KYG982AW1003,XPENG INC,9011092
2026-03-06,홍콩,HKX601342549,CHINA BRIGHT CULTURE GROUP USD0.00001 (Delisted/BL398Y0) CHAN 970928502 KYG2153C1078,8631000
2026-03-06,홍콩,HK0000761400,PREMIA CHINA STAR50 ETF HKD,8444552
2026-03-09,홍콩,KYG875721634,TENCENT HOLDINGS LTD,181459770
2026-03-09,홍콩,KYG017191142,ALIBABA GROUP HOLDING LTD,143307348
2026-03-09,홍콩,CNE1000031W9,GANFENGLITHIUM ORD H,131814056
2026-03-09,홍콩,KYG6181S1093,00100,123384020
2026-03-09,홍콩,HK0000637832,GLOBAL X CHINA SEMICONDUCTOR ETF (HKD),101725067
2026-03-09,홍콩,KYG8020E1199,SEMICONDUCTOR MANUFACTURING INTL CORP,101296899
2026-03-09,홍콩,CNE100000296,BYD CO LTD-H,99870630
2026-03-09,홍콩,CNE100005F09,TIANQI LITHIUM CORP,79246028
2026-03-09,홍콩,KYG9830T1067,XIAOMI CORP,68735865
2026-03-09,홍콩,HK0001205258,XL2CSOPHYNIX,62984345
2026-03-09,홍콩,CNE100006CQ4,Ubtech Robotics Ord Shs H,50510500
2026-03-09,홍콩,HK0001121349,XL2CSOPSMSN,50371142
2026-03-09,홍콩,CNE100004YZ4,CTG DUTY-FREE,47979014
2026-03-09,홍콩,CNE100000593,PICC PROPERTY AND CASUALTY CO LTD-H,40173292
2026-03-09,홍콩,HK0000562659,GLOBAL X CHINA ELECTRIC VEHICLE AND BATTERY ETF (HKD),40078862
2026-03-09,홍콩,CNE100006WS8,CATL ORD H,34043678
2026-03-09,홍콩,KYG392AS1011,GLOBAL NEW MATERIAL INTL HOLDINGS LTD,33928600
2026-03-09,홍콩,HK0001025037,GLOBAL X US Treasury 3-5 Year ETF,30641530
2026-03-09,홍콩,CNE100007DX6,MONTAGE TECHNOLOGY,30454001
2026-03-09,홍콩,HK0000921236,A GX USD MM,26623150
2026-03-09,홍콩,CNE1000003X6,PING AN INSURANCE GROUP CO OF CHINA LTD-H,22186418
2026-03-09,홍콩,CNE100006JG0,LAOPU GOLD,21090841
2026-03-09,홍콩,KYG070341048,BAIDU INC CL A,21064356
2026-03-09,홍콩,KYG3777B1032,GEELY AUTOMOBILE HOLDINGS LTD,17538898
2026-03-09,홍콩,HK0000642568,CSOP HANG SENG TECH INDEX ETF (HKD),17112693
2026-03-09,홍콩,HK0000859063,SAMSUNG BLOCKCHAIN TECHNOLOGIES ETF,16996046
2026-03-09,홍콩,HK0001200002,02259,16217851
2026-03-09,홍콩,HK0000516697,GLOBAL X CHINA BIOTECH ETF (HKD),15444288
2026-03-09,홍콩,KYG532631028,KUAISHOU TECHNOLOGY,15334668
2026-03-09,홍콩,CNE100000304,DONGFANG ELECTRIC CORP LTD-H,15205070
2026-03-09,홍콩,HK0000748381,YESASIA HOLDINGS LTD,15153043
2026-03-09,홍콩,CNE1000076H5,09927,14160922
2026-03-09,홍콩,HK0000562675,GLOBAL X CHINA CLEAN ENERGY ETF (HKD),13953340
2026-03-09,홍콩,KYG596691041,MEITUAN,13361129
2026-03-09,홍콩,HK0000921228,Global X HANG SENG TECH ETF,13203846
2026-03-09,홍콩,CNE1000003C0,HARBIN ELECTRIC CO LTD-H,12479350
2026-03-09,홍콩,HK0941009539,CHINA MOBILE LTD,12091959
2026-03-09,홍콩,HK0000562634,GLOBAL X CHINA CONSUMER BRAND ETF (HKD),12084607
2026-03-09,홍콩,HK0000516713,GLOBAL X CHINA CLOUD COMPUTING ETF (HKD),11963392
2026-03-09,홍콩,KYG970081173,WUXI BIOLOGICS CAYMAN INC,11784107
2026-03-09,홍콩,KYG3774X1088,GCL TECHNOLOGY HOLDINGS LTD,11561285
2026-03-09,홍콩,HK1126010854,DREAM INTERNATIONAL LTD,11020641
2026-03-09,홍콩,HKX566362888,PING AN SECURITIE HKD0.01 HKD0.01 CHAN 009837742 BMG7115B1211,10769593
2026-03-09,홍콩,CNE1000003W8,PETROCHINA CO LTD-H,10496673
2026-03-09,홍콩,CNE1000003G1,INDUSTRIAL AND COMMERCIAL BANK OF CHINA LTD-H,10193809
2026-03-09,홍콩,KYG982AW1003,XPENG INC,9489236
2026-03-09,홍콩,HK0000637857,GLOBAL X CHINA ROBOTICS AND AI ETF (HKD),9285090
2026-03-09,홍콩,HK0000651213,ISHARES HS TECH ETF HKD,9256531
2026-03-09,홍콩,HKX601342549,CHINA BRIGHT CULTURE GROUP USD0.00001 (Delisted/BL398Y0) CHAN 970928502 KYG2153C1078,8631000
2026-03-09,홍콩,HK0000761400,PREMIA CHINA STAR50 ETF HKD,8342202
2026-03-10,홍콩,KYG875721634,TENCENT HOLDINGS LTD,195966050
2026-03-10,홍콩,KYG6181S1093,00100,154891602
2026-03-10,홍콩,KYG017191142,ALIBABA GROUP HOLDING LTD,149788595
2026-03-10,홍콩,CNE1000031W9,GANFENGLITHIUM ORD H,134144173
2026-03-10,홍콩,KYG8020E1199,SEMICONDUCTOR MANUFACTURING INTL CORP,107342114
2026-03-10,홍콩,HK0000637832,GLOBAL X CHINA SEMICONDUCTOR ETF (HKD),105298909
2026-03-10,홍콩,CNE100000296,BYD CO LTD-H,98738463
2026-03-10,홍콩,CNE100005F09,TIANQI LITHIUM CORP,81734505
2026-03-10,홍콩,HK0001205258,XL2CSOPHYNIX,75902957
2026-03-10,홍콩,KYG9830T1067,XIAOMI CORP,69466616
2026-03-10,홍콩,HK0001121349,XL2CSOPSMSN,58337536
2026-03-10,홍콩,HK0000562659,GLOBAL X CHINA ELECTRIC VEHICLE AND BATTERY ETF (HKD),54046534
2026-03-10,홍콩,CNE100006CQ4,Ubtech Robotics Ord Shs H,52009786
2026-03-10,홍콩,CNE100004YZ4,CTG DUTY-FREE,47845689
2026-03-10,홍콩,CNE100000593,PICC PROPERTY AND CASUALTY CO LTD-H,41232440
2026-03-10,홍콩,CNE100006WS8,CATL ORD H,37318025
2026-03-10,홍콩,KYG392AS1011,GLOBAL NEW MATERIAL INTL HOLDINGS LTD,36000868
2026-03-10,홍콩,CNE100007DX6,MONTAGE TECHNOLOGY,33541740
2026-03-10,홍콩,HK0001025037,GLOBAL X US Treasury 3-5 Year ETF,30649926
2026-03-10,홍콩,HK0000921236,A GX USD MM,26596960
2026-03-10,홍콩,CNE1000003X6,PING AN INSURANCE GROUP CO OF CHINA LTD-H,22504180
2026-03-10,홍콩,KYG070341048,BAIDU INC CL A,22462701
2026-03-10,홍콩,CNE100006JG0,LAOPU GOLD,21220980
2026-03-10,홍콩,HK0000859063,SAMSUNG BLOCKCHAIN TECHNOLOGIES ETF,17914334
2026-03-10,홍콩,HK0000642568,CSOP HANG SENG TECH INDEX ETF (HKD),17910843
2026-03-10,홍콩,KYG3777B1032,GEELY AUTOMOBILE HOLDINGS LTD,17715090
2026-03-10,홍콩,HK0001200002,02259,16255912
2026-03-10,홍콩,HK0000516697,GLOBAL X CHINA BIOTECH ETF (HKD),16199737
2026-03-10,홍콩,KYG532631028,KUAISHOU TECHNOLOGY,15553499
2026-03-10,홍콩,HK0000748381,YESASIA HOLDINGS LTD,15218834
2026-03-10,홍콩,CNE100000304,DONGFANG ELECTRIC CORP LTD-H,14845361
2026-03-10,홍콩,CNE1000076H5,09927,14548739
2026-03-10,홍콩,HK0000562675,GLOBAL X CHINA CLEAN ENERGY ETF (HKD),14073615
2026-03-10,홍콩,HK0000921228,Global X HANG SENG TECH ETF,13499186
2026-03-10,홍콩,KYG596691041,MEITUAN,13456831
2026-03-10,홍콩,CNE1000003C0,HARBIN ELECTRIC CO LTD-H,13051578
2026-03-10,홍콩,HK0000562634,GLOBAL X CHINA CONSUMER BRAND ETF (HKD),12226886
2026-03-10,홍콩,KYG970081173,WUXI BIOLOGICS CAYMAN INC,12212435
2026-03-10,홍콩,HK0941009539,CHINA MOBILE LTD,12179855
2026-03-10,홍콩,HK0000516713,GLOBAL X CHINA CLOUD COMPUTING ETF (HKD),12128097
2026-03-10,홍콩,KYG3774X1088,GCL TECHNOLOGY HOLDINGS LTD,11668721
2026-03-10,홍콩,HK1126010854,DREAM INTERNATIONAL LTD,11297622
2026-03-10,홍콩,HKX566362888,PING AN SECURITIE HKD0.01 HKD0.01 CHAN 009837742 BMG7115B1211,10772544
2026-03-10,홍콩,CNE1000003G1,INDUSTRIAL AND COMMERCIAL BANK OF CHINA LTD-H,10130461
2026-03-10,홍콩,CNE1000003W8,PETROCHINA CO LTD-H,10129813
2026-03-10,홍콩,KYG982AW1003,XPENG INC,9791575
2026-03-10,홍콩,HK0000637857,GLOBAL X CHINA ROBOTICS AND AI ETF (HKD),9575343
2026-03-10,홍콩,HK0000651213,ISHARES HS TECH ETF HKD,9529130
2026-03-10,홍콩,HKX601342549,CHINA BRIGHT CULTURE GROUP USD0.00001 (Delisted/BL398Y0) CHAN 970928502 KYG2153C1078,8631000
2026-03-10,홍콩,CNE1000048K8,HAIER SMART HOME CO LTD-H MRGR 006942845 BMG423131256,8122383
2026-03-11,홍콩,KYG875721634,TENCENT HOLDINGS LTD,195235271
2026-03-11,홍콩,KYG017191142,ALIBABA GROUP HOLDING LTD,147557240
2026-03-11,홍콩,KYG6181S1093,00100,145673809
2026-03-11,홍콩,CNE1000031W9,GANFENGLITHIUM ORD H,134613600
2026-03-11,홍콩,KYG8020E1199,SEMICONDUCTOR MANUFACTURING INTL CORP,105438682
2026-03-11,홍콩,HK0000637832,GLOBAL X CHINA SEMICONDUCTOR ETF (HKD),103673902
2026-03-11,홍콩,CNE100000296,BYD CO LTD-H,99786802
2026-03-11,홍콩,CNE100005F09,TIANQI LITHIUM CORP,81334241
2026-03-11,홍콩,HK0001205258,XL2CSOPHYNIX,71303335
2026-03-11,홍콩,KYG9830T1067,XIAOMI CORP,68088729
2026-03-11,홍콩,HK0000562659,GLOBAL X CHINA ELECTRIC VEHICLE AND BATTERY ETF (HKD),66240065
2026-03-11,홍콩,HK0001121349,XL2CSOPSMSN,56028642
2026-03-11,홍콩,CNE100004YZ4,CTG DUTY-FREE,46896904
2026-03-11,홍콩,CNE100006CQ4,Ubtech Robotics Ord Shs H,46684488
2026-03-11,홍콩,CNE100000593,PICC PROPERTY AND CASUALTY CO LTD-H,40904629
2026-03-11,홍콩,CNE100006WS8,CATL ORD H,39062324
2026-03-11,홍콩,KYG392AS1011,GLOBAL NEW MATERIAL INTL HOLDINGS LTD,33803209
2026-03-11,홍콩,CNE100007DX6,MONTAGE TECHNOLOGY,32616915
2026-03-11,홍콩,HK0001025037,GLOBAL X US Treasury 3-5 Year ETF,30583127
2026-03-11,홍콩,HK0000921236,A GX USD MM,26603206
2026-03-11,홍콩,CNE1000003X6,PING AN INSURANCE GROUP CO OF CHINA LTD-H,22464333
2026-03-11,홍콩,KYG070341048,BAIDU INC CL A,21920778
2026-03-11,홍콩,CNE100006JG0,LAOPU GOLD,21710559
2026-03-11,홍콩,KYG3777B1032,GEELY AUTOMOBILE HOLDINGS LTD,19153767
2026-03-11,홍콩,HK0000859063,SAMSUNG BLOCKCHAIN TECHNOLOGIES ETF,17850998
2026-03-11,홍콩,HK0000642568,CSOP HANG SENG TECH INDEX ETF (HKD),17193139
2026-03-11,홍콩,HK0001200002,02259,16249500
2026-03-11,홍콩,HK0000516697,GLOBAL X CHINA BIOTECH ETF (HKD),15812973
2026-03-11,홍콩,KYG532631028,KUAISHOU TECHNOLOGY,15408096
2026-03-11,홍콩,HK0000748381,YESASIA HOLDINGS LTD,15334530
2026-03-11,홍콩,CNE1000076H5,09927,15057436
2026-03-11,홍콩,CNE100000304,DONGFANG ELECTRIC CORP LTD-H,14494436
2026-03-11,홍콩,HK0000562675,GLOBAL X CHINA CLEAN ENERGY ETF (HKD),14286441
2026-03-11,홍콩,HK0000921228,Global X HANG SENG TECH ETF,13472071
2026-03-11,홍콩,KYG596691041,MEITUAN,13119520
2026-03-11,홍콩,CNE1000003C0,HARBIN ELECTRIC CO LTD-H,12886495
2026-03-11,홍콩,HK0000562634,GLOBAL X CHINA CONSUMER BRAND ETF (HKD),12218462
2026-03-11,홍콩,HK0941009539,CHINA MOBILE LTD,12195855
2026-03-11,홍콩,KYG3774X1088,GCL TECHNOLOGY HOLDINGS LTD,12085063
2026-03-11,홍콩,HK0000516713,GLOBAL X CHINA CLOUD COMPUTING ETF (HKD),12051075
2026-03-11,홍콩,KYG970081173,WUXI BIOLOGICS CAYMAN INC,12038886
2026-03-11,홍콩,HK1126010854,DREAM INTERNATIONAL LTD,11475734
2026-03-11,홍콩,KYG982AW1003,XPENG INC,11141771
2026-03-11,홍콩,HKX566362888,PING AN SECURITIE HKD0.01 HKD0.01 CHAN 009837742 BMG7115B1211,10768295
2026-03-11,홍콩,CNE1000003W8,PETROCHINA CO LTD-H,10295575
2026-03-11,홍콩,CNE1000003G1,INDUSTRIAL AND COMMERCIAL BANK OF CHINA LTD-H,10026536
2026-03-11,홍콩,HK0000651213,ISHARES HS TECH ETF HKD,9512866
2026-03-11,홍콩,HK0000637857,GLOBAL X CHINA ROBOTICS AND AI ETF (HKD),9392270
2026-03-11,홍콩,HKX601342549,CHINA BRIGHT CULTURE GROUP USD0.00001 (Delisted/BL398Y0) CHAN 970928502 KYG2153C1078,8631000
2026-03-11,홍콩,CNE1000048K8,HAIER SMART HOME CO LTD-H MRGR 006942845 BMG423131256,8074037
2026-03-12,홍콩,KYG875721634,TENCENT HOLDINGS LTD,193008442
2026-03-12,홍콩,KYG017191142,ALIBABA GROUP HOLDING LTD,146559040
2026-03-12,홍콩,KYG6181S1093,00100,135236813
2026-03-12,홍콩,CNE1000031W9,GANFENGLITHIUM ORD H,131846834
2026-03-12,홍콩,KYG8020E1199,SEMICONDUCTOR MANUFACTURING INTL CORP,104333434
2026-03-12,홍콩,HK0000637832,GLOBAL X CHINA SEMICONDUCTOR ETF (HKD),102266477
2026-03-12,홍콩,CNE100000296,BYD CO LTD-H,98053747
2026-03-12,홍콩,CNE100005F09,TIANQI LITHIUM CORP,79474177
2026-03-12,홍콩,HK0001205258,XL2CSOPHYNIX,71109059
2026-03-12,홍콩,KYG9830T1067,XIAOMI CORP,67494733
2026-03-12,홍콩,HK0001121349,XL2CSOPSMSN,55717765
2026-03-12,홍콩,HK0000562659,GLOBAL X CHINA ELECTRIC VEHICLE AND BATTERY ETF (HKD),53266332
2026-03-12,홍콩,CNE100004YZ4,CTG DUTY-FREE,46029682
2026-03-12,홍콩,CNE100006CQ4,Ubtech Robotics Ord Shs H,45902570
2026-03-12,홍콩,CNE100000593,PICC PROPERTY AND CASUALTY CO LTD-H,40321940
2026-03-12,홍콩,CNE100006WS8,CATL ORD H,39253238
2026-03-12,홍콩,CNE100007DX6,MONTAGE TECHNOLOGY,33811746
2026-03-12,홍콩,KYG392AS1011,GLOBAL NEW MATERIAL INTL HOLDINGS LTD,32339461
2026-03-12,홍콩,HK0001025037,GLOBAL X US Treasury 3-5 Year ETF,30498887
2026-03-12,홍콩,HK0000921236,A GX USD MM,26656295
2026-03-12,홍콩,CNE100006JG0,LAOPU GOLD,22402071
2026-03-12,홍콩,CNE1000003X6,PING AN INSURANCE GROUP CO OF CHINA LTD-H,22227967
2026-03-12,홍콩,KYG070341048,BAIDU INC CL A,21668692
2026-03-12,홍콩,KYG3777B1032,GEELY AUTOMOBILE HOLDINGS LTD,19385528
2026-03-12,홍콩,HK0000859063,SAMSUNG BLOCKCHAIN TECHNOLOGIES ETF,17613821
2026-03-12,홍콩,HK0000642568,CSOP HANG SENG TECH INDEX ETF (HKD),17148301
2026-03-12,홍콩,HK0001200002,02259,15735343
2026-03-12,홍콩,HK0000748381,YESASIA HOLDINGS LTD,15514210
2026-03-12,홍콩,KYG532631028,KUAISHOU TECHNOLOGY,15241571
2026-03-12,홍콩,HK0000516697,GLOBAL X CHINA BIOTECH ETF (HKD),14791408
2026-03-12,홍콩,CNE1000076H5,09927,14686301
2026-03-12,홍콩,HK0000562675,GLOBAL X CHINA CLEAN ENERGY ETF (HKD),14295614
2026-03-12,홍콩,CNE100000304,DONGFANG ELECTRIC CORP LTD-H,14069924
2026-03-12,홍콩,HK0000921228,Global X HANG SENG TECH ETF,13414429
2026-03-12,홍콩,KYG596691041,MEITUAN,13130366
2026-03-12,홍콩,HK0941009539,CHINA MOBILE LTD,12828788
2026-03-12,홍콩,CNE1000003C0,HARBIN ELECTRIC CO LTD-H,12609078
2026-03-12,홍콩,HK0000562634,GLOBAL X CHINA CONSUMER BRAND ETF (HKD),12081087
2026-03-12,홍콩,KYG970081173,WUXI BIOLOGICS CAYMAN INC,12014306
2026-03-12,홍콩,HK0000516713,GLOBAL X CHINA CLOUD COMPUTING ETF (HKD),11920603
2026-03-12,홍콩,KYG3774X1088,GCL TECHNOLOGY HOLDINGS LTD,11647561
2026-03-12,홍콩,KYG982AW1003,XPENG INC,11591024
2026-03-12,홍콩,HK1126010854,DREAM INTERNATIONAL LTD,11250672
2026-03-12,홍콩,HKX566362888,PING AN SECURITIE HKD0.01 HKD0.01 CHAN 009837742 BMG7115B1211,10765596
2026-03-12,홍콩,CNE1000003W8,PETROCHINA CO LTD-H,10407915
2026-03-12,홍콩,CNE1000003G1,INDUSTRIAL AND COMMERCIAL BANK OF CHINA LTD-H,10169065
2026-03-12,홍콩,HK0000651213,ISHARES HS TECH ETF HKD,9467464
2026-03-12,홍콩,HK0000637857,GLOBAL X CHINA ROBOTICS AND AI ETF (HKD),9279980
2026-03-12,홍콩,HKX601342549,CHINA BRIGHT CULTURE GROUP USD0.00001 (Delisted/BL398Y0) CHAN 970928502 KYG2153C1078,8631000
2026-03-12,홍콩,CNE1000048K8,HAIER SMART HOME CO LTD-H MRGR 006942845 BMG423131256,8038667
2026-03-13,홍콩,KYG875721634,TENCENT HOLDINGS LTD,192837572
2026-03-13,홍콩,KYG017191142,ALIBABA GROUP HOLDING LTD,147659205
2026-03-13,홍콩,KYG8020E1199,SEMICONDUCTOR MANUFACTURING INTL CORP,139494531
2026-03-13,홍콩,CNE1000031W9,GANFENGLITHIUM ORD H,132819274
2026-03-13,홍콩,KYG6181S1093,00100,124680639
2026-03-13,홍콩,HK0000637832,GLOBAL X CHINA SEMICONDUCTOR ETF (HKD),101047760
2026-03-13,홍콩,CNE100000296,BYD CO LTD-H,96478890
2026-03-13,홍콩,CNE100005F09,TIANQI LITHIUM CORP,80308825
2026-03-13,홍콩,KYG9830T1067,XIAOMI CORP,67538293
2026-03-13,홍콩,HK0001205258,XL2CSOPHYNIX,67088056
2026-03-13,홍콩,HK0001121349,XL2CSOPSMSN,52802956
2026-03-13,홍콩,CNE100004YZ4,CTG DUTY-FREE,45493784
2026-03-13,홍콩,CNE100006CQ4,Ubtech Robotics Ord Shs H,43867662
2026-03-13,홍콩,HK0000562659,GLOBAL X CHINA ELECTRIC VEHICLE AND BATTERY ETF (HKD),41789178
2026-03-13,홍콩,CNE100000593,PICC PROPERTY AND CASUALTY CO LTD-H,41257783
2026-03-13,홍콩,CNE100006WS8,CATL ORD H,40102888
2026-03-13,홍콩,KYG392AS1011,GLOBAL NEW MATERIAL INTL HOLDINGS LTD,32456044
2026-03-13,홍콩,CNE100007DX6,MONTAGE TECHNOLOGY,32145835
2026-03-13,홍콩,HK0001025037,GLOBAL X US Treasury 3-5 Year ETF,30483543
2026-03-13,홍콩,HK0000921236,A GX USD MM,26647664
2026-03-13,홍콩,KYG070341048,BAIDU INC CL A,22125549
2026-03-13,홍콩,CNE1000003X6,PING AN INSURANCE GROUP CO OF CHINA LTD-H,22017811
2026-03-13,홍콩,CNE100006JG0,LAOPU GOLD,21519473
2026-03-13,홍콩,KYG3777B1032,GEELY AUTOMOBILE HOLDINGS LTD,19128309
2026-03-13,홍콩,HK0000859063,SAMSUNG BLOCKCHAIN TECHNOLOGIES ETF,17414402
2026-03-13,홍콩,HK0000642568,CSOP HANG SENG TECH INDEX ETF (HKD),16941363
2026-03-13,홍콩,HK0000748381,YESASIA HOLDINGS LTD,15963795
2026-03-13,홍콩,KYG532631028,KUAISHOU TECHNOLOGY,15314815
2026-03-13,홍콩,CNE1000076H5,09927,14773965
2026-03-13,홍콩,HK0001200002,02259,14537720
2026-03-13,홍콩,HK0000516697,GLOBAL X CHINA BIOTECH ETF (HKD),14458507
2026-03-13,홍콩,HK0000562675,GLOBAL X CHINA CLEAN ENERGY ETF (HKD),14113503
2026-03-13,홍콩,CNE100000304,DONGFANG ELECTRIC CORP LTD-H,13655801
2026-03-13,홍콩,HK0000921228,Global X HANG SENG TECH ETF,13282273
2026-03-13,홍콩,HK0941009539,CHINA MOBILE LTD,13040572
2026-03-13,홍콩,KYG596691041,MEITUAN,13001511
2026-03-13,홍콩,CNE1000003C0,HARBIN ELECTRIC CO LTD-H,12355018
2026-03-13,홍콩,HK0000562634,GLOBAL X CHINA CONSUMER BRAND ETF (HKD),11955830
2026-03-13,홍콩,KYG970081173,WUXI BIOLOGICS CAYMAN INC,11794113
2026-03-13,홍콩,KYG3774X1088,GCL TECHNOLOGY HOLDINGS LTD,11688989
2026-03-13,홍콩,KYG982AW1003,XPENG INC,11664544
2026-03-13,홍콩,HK0000516713,GLOBAL X CHINA CLOUD COMPUTING ETF (HKD),11621238
2026-03-13,홍콩,HK1126010854,DREAM INTERNATIONAL LTD,10898175
2026-03-13,홍콩,HKX566362888,PING AN SECURITIE HKD0.01 HKD0.01 CHAN 009837742 BMG7115B1211,10764041
2026-03-13,홍콩,CNE1000003W8,PETROCHINA CO LTD-H,10444499
2026-03-13,홍콩,CNE1000003G1,INDUSTRIAL AND COMMERCIAL BANK OF CHINA LTD-H,10210793
2026-03-13,홍콩,HK0000651213,ISHARES HS TECH ETF HKD,9368903
2026-03-13,홍콩,HK0000637857,GLOBAL X CHINA ROBOTICS AND AI ETF (HKD),9154348
2026-03-13,홍콩,HKX601342549,CHINA BRIGHT CULTURE GROUP USD0.00001 (Delisted/BL398Y0) CHAN 970928502 KYG2153C1078,8631000
2026-03-13,홍콩,CNE1000048K8,HAIER SMART HOME CO LTD-H MRGR 006942845 BMG423131256,8001123
2026-03-16,홍콩,KYG875721634,TENCENT HOLDINGS LTD,196568148
2026-03-16,홍콩,KYG017191142,ALIBABA GROUP HOLDING LTD,148731966
2026-03-16,홍콩,KYG8020E1199,SEMICONDUCTOR MANUFACTURING INTL CORP,140612205
2026-03-16,홍콩,CNE1000031W9,GANFENGLITHIUM ORD H,138047033
2026-03-16,홍콩,KYG6181S1093,00100,126821444
2026-03-16,홍콩,CNE100000296,BYD CO LTD-H,103995284
2026-03-16,홍콩,HK0000637832,GLOBAL X CHINA SEMICONDUCTOR ETF (HKD),102847080
2026-03-16,홍콩,CNE100005F09,TIANQI LITHIUM CORP,79344264
2026-03-16,홍콩,HK0001205258,XL2CSOPHYNIX,75210350
2026-03-16,홍콩,KYG9830T1067,XIAOMI CORP,69765094
2026-03-16,홍콩,HK0001121349,XL2CSOPSMSN,56567739
2026-03-16,홍콩,CNE100004YZ4,CTG DUTY-FREE,47961397
2026-03-16,홍콩,CNE100006CQ4,Ubtech Robotics Ord Shs H,44942478
2026-03-16,홍콩,CNE100006WS8,CATL ORD H,42851951
2026-03-16,홍콩,HK0000562659,GLOBAL X CHINA ELECTRIC VEHICLE AND BATTERY ETF (HKD),42512950
2026-03-16,홍콩,CNE100000593,PICC PROPERTY AND CASUALTY CO LTD-H,41299968
2026-03-16,홍콩,CNE100007DX6,MONTAGE TECHNOLOGY,34701806
2026-03-16,홍콩,KYG392AS1011,GLOBAL NEW MATERIAL INTL HOLDINGS LTD,33018547
2026-03-16,홍콩,HK0001025037,GLOBAL X US Treasury 3-5 Year ETF,30546065
2026-03-16,홍콩,HK0000921236,A GX USD MM,26644956
2026-03-16,홍콩,KYG070341048,BAIDU INC CL A,22421092
2026-03-16,홍콩,CNE1000003X6,PING AN INSURANCE GROUP CO OF CHINA LTD-H,22027439
2026-03-16,홍콩,CNE100006JG0,LAOPU GOLD,21442719
2026-03-16,홍콩,KYG3777B1032,GEELY AUTOMOBILE HOLDINGS LTD,19766440
2026-03-16,홍콩,HK0000859063,SAMSUNG BLOCKCHAIN TECHNOLOGIES ETF,17779497
2026-03-16,홍콩,HK0000642568,CSOP HANG SENG TECH INDEX ETF (HKD),17390874
2026-03-16,홍콩,HK0000748381,YESASIA HOLDINGS LTD,15628311
2026-03-16,홍콩,KYG532631028,KUAISHOU TECHNOLOGY,15533313
2026-03-16,홍콩,CNE1000076H5,09927,15114067
2026-03-16,홍콩,HK0000516697,GLOBAL X CHINA BIOTECH ETF (HKD),14697660
2026-03-16,홍콩,HK0001200002,02259,14030836
2026-03-16,홍콩,HK0000562675,GLOBAL X CHINA CLEAN ENERGY ETF (HKD),13817595
2026-03-16,홍콩,HK0000921228,Global X HANG SENG TECH ETF,13619311
2026-03-16,홍콩,CNE100000304,DONGFANG ELECTRIC CORP LTD-H,13578975
2026-03-16,홍콩,KYG596691041,MEITUAN,13326410
2026-03-16,홍콩,HK0941009539,CHINA MOBILE LTD,13104643
2026-03-16,홍콩,CNE1000003C0,HARBIN ELECTRIC CO LTD-H,12488155
2026-03-16,홍콩,HK0000562634,GLOBAL X CHINA CONSUMER BRAND ETF (HKD),12226381
2026-03-16,홍콩,KYG970081173,WUXI BIOLOGICS CAYMAN INC,11909067
2026-03-16,홍콩,KYG982AW1003,XPENG INC,11714578
2026-03-16,홍콩,HK0000516713,GLOBAL X CHINA CLOUD COMPUTING ETF (HKD),11678454
2026-03-16,홍콩,KYG3774X1088,GCL TECHNOLOGY HOLDINGS LTD,11119629
2026-03-16,홍콩,HK1126010854,DREAM INTERNATIONAL LTD,10831893
2026-03-16,홍콩,CNE1000003W8,PETROCHINA CO LTD-H,10771676
2026-03-16,홍콩,HKX566362888,PING AN SECURITIE HKD0.01 HKD0.01 CHAN 009837742 BMG7115B1211,10762947
2026-03-16,홍콩,CNE1000003G1,INDUSTRIAL AND COMMERCIAL BANK OF CHINA LTD-H,10455832
2026-03-16,홍콩,HK0000651213,ISHARES HS TECH ETF HKD,9620398
2026-03-16,홍콩,HK0000637857,GLOBAL X CHINA ROBOTICS AND AI ETF (HKD),9102049
2026-03-16,홍콩,HKX601342549,CHINA BRIGHT CULTURE GROUP USD0.00001 (Delisted/BL398Y0) CHAN 970928502 KYG2153C1078,8631000
2026-03-16,홍콩,KYG8208B1014,JD.COM INC CL A,8204207
2026-03-17,홍콩,KYG875721634,TENCENT HOLDINGS LTD,192944556
2026-03-17,홍콩,KYG017191142,ALIBABA GROUP HOLDING LTD,149263241
2026-03-17,홍콩,KYG8020E1199,SEMICONDUCTOR MANUFACTURING INTL CORP,139292098
2026-03-17,홍콩,CNE1000031W9,GANFENGLITHIUM ORD H,135261066
2026-03-17,홍콩,KYG6181S1093,00100,127560231
2026-03-17,홍콩,CNE100000296,BYD CO LTD-H,104018926
2026-03-17,홍콩,HK0000637832,GLOBAL X CHINA SEMICONDUCTOR ETF (HKD),100788588
2026-03-17,홍콩,CNE100005F09,TIANQI LITHIUM CORP,76851380
2026-03-17,홍콩,HK0001205258,XL2CSOPHYNIX,76120943
2026-03-17,홍콩,KYG9830T1067,XIAOMI CORP,69904858
2026-03-17,홍콩,HK0001121349,XL2CSOPSMSN,58055574
2026-03-17,홍콩,CNE100004YZ4,CTG DUTY-FREE,46988150
2026-03-17,홍콩,CNE100006CQ4,Ubtech Robotics Ord Shs H,44910984
2026-03-17,홍콩,CNE100006WS8,CATL ORD H,41462045
2026-03-17,홍콩,CNE100000593,PICC PROPERTY AND CASUALTY CO LTD-H,40898299
2026-03-17,홍콩,HK0000562659,GLOBAL X CHINA ELECTRIC VEHICLE AND BATTERY ETF (HKD),40846838
2026-03-17,홍콩,CNE100007DX6,MONTAGE TECHNOLOGY,32828726
2026-03-17,홍콩,KYG392AS1011,GLOBAL NEW MATERIAL INTL HOLDINGS LTD,32642788
2026-03-17,홍콩,HK0001025037,GLOBAL X US Treasury 3-5 Year ETF,30502015
2026-03-17,홍콩,HK0000921236,A GX USD MM,26697249
2026-03-17,홍콩,CNE1000003X6,PING AN INSURANCE GROUP CO OF CHINA LTD-H,22317927
2026-03-17,홍콩,KYG070341048,BAIDU INC CL A,21768523
2026-03-17,홍콩,CNE100006JG0,LAOPU GOLD,21699856
2026-03-17,홍콩,KYG3777B1032,GEELY AUTOMOBILE HOLDINGS LTD,20665517
2026-03-17,홍콩,HK0000859063,SAMSUNG BLOCKCHAIN TECHNOLOGIES ETF,17844504
2026-03-17,홍콩,HK0000642568,CSOP HANG SENG TECH INDEX ETF (HKD),17384468
2026-03-17,홍콩,HK0000748381,YESASIA HOLDINGS LTD,16016171
2026-03-17,홍콩,CNE1000076H5,09927,15181921
2026-03-17,홍콩,HK0000516697,GLOBAL X CHINA BIOTECH ETF (HKD),14766154
2026-03-17,홍콩,KYG532631028,KUAISHOU TECHNOLOGY,14177645
2026-03-17,홍콩,HK0001200002,02259,14118399
2026-03-17,홍콩,HK0000921228,Global X HANG SENG TECH ETF,13694494
2026-03-17,홍콩,HK0000562675,GLOBAL X CHINA CLEAN ENERGY ETF (HKD),13410703
2026-03-17,홍콩,HK0941009539,CHINA MOBILE LTD,13093678
2026-03-17,홍콩,CNE100000304,DONGFANG ELECTRIC CORP LTD-H,12957996
2026-03-17,홍콩,KYG596691041,MEITUAN,12775340
2026-03-17,홍콩,HK0000562634,GLOBAL X CHINA CONSUMER BRAND ETF (HKD),12294498
2026-03-17,홍콩,KYG982AW1003,XPENG INC,12001382
2026-03-17,홍콩,KYG970081173,WUXI BIOLOGICS CAYMAN INC,11934231
2026-03-17,홍콩,CNE1000003C0,HARBIN ELECTRIC CO LTD-H,11865048
2026-03-17,홍콩,HK0000516713,GLOBAL X CHINA CLOUD COMPUTING ETF (HKD),11516494
2026-03-17,홍콩,KYG3774X1088,GCL TECHNOLOGY HOLDINGS LTD,11143681
2026-03-17,홍콩,HKX566362888,PING AN SECURITIE HKD0.01 HKD0.01 CHAN 009837742 BMG7115B1211,10758982
2026-03-17,홍콩,CNE1000003W8,PETROCHINA CO LTD-H,10727152
2026-03-17,홍콩,HK1126010854,DREAM INTERNATIONAL LTD,10658513
2026-03-17,홍콩,CNE1000003G1,INDUSTRIAL AND COMMERCIAL BANK OF CHINA LTD-H,10539571
2026-03-17,홍콩,HK0000651213,ISHARES HS TECH ETF HKD,9635498
2026-03-17,홍콩,HK0000637857,GLOBAL X CHINA ROBOTICS AND AI ETF (HKD),8924848
2026-03-17,홍콩,HKX601342549,CHINA BRIGHT CULTURE GROUP USD0.00001 (Delisted/BL398Y0) CHAN 970928502 KYG2153C1078,8631000
2026-03-17,홍콩,KYG8208B1014,JD.COM INC CL A,8248080
2026-03-18,홍콩,KYG875721634,TENCENT HOLDINGS LTD,192350377
2026-03-18,홍콩,KYG6181S1093,00100,152724258
2026-03-18,홍콩,KYG017191142,ALIBABA GROUP HOLDING LTD,152130668
2026-03-18,홍콩,KYG8020E1199,SEMICONDUCTOR MANUFACTURING INTL CORP,138290254
2026-03-18,홍콩,CNE1000031W9,GANFENGLITHIUM ORD H,128717269
2026-03-18,홍콩,HK0000637832,GLOBAL X CHINA SEMICONDUCTOR ETF (HKD),103123053
2026-03-18,홍콩,CNE100000296,BYD CO LTD-H,102487695
2026-03-18,홍콩,HK0001205258,XL2CSOPHYNIX,90211696
2026-03-18,홍콩,CNE100005F09,TIANQI LITHIUM CORP,75542392
2026-03-18,홍콩,KYG9830T1067,XIAOMI CORP,69694836
2026-03-18,홍콩,HK0001121349,XL2CSOPSMSN,67963278
2026-03-18,홍콩,CNE100004YZ4,CTG DUTY-FREE,46522689
2026-03-18,홍콩,CNE100006CQ4,Ubtech Robotics Ord Shs H,45190543
2026-03-18,홍콩,CNE100000593,PICC PROPERTY AND CASUALTY CO LTD-H,40505879
2026-03-18,홍콩,HK0000562659,GLOBAL X CHINA ELECTRIC VEHICLE AND BATTERY ETF (HKD),40003796
2026-03-18,홍콩,CNE100006WS8,CATL ORD H,36766828
2026-03-18,홍콩,CNE100007DX6,MONTAGE TECHNOLOGY,35620657
2026-03-18,홍콩,KYG392AS1011,GLOBAL NEW MATERIAL INTL HOLDINGS LTD,32496307
2026-03-18,홍콩,HK0000921236,A GX USD MM,26602499
2026-03-18,홍콩,HK0001025037,GLOBAL X US Treasury 3-5 Year ETF,23363972
2026-03-18,홍콩,CNE1000003X6,PING AN INSURANCE GROUP CO OF CHINA LTD-H,22402557
2026-03-18,홍콩,CNE100006JG0,LAOPU GOLD,22278855
2026-03-18,홍콩,KYG070341048,BAIDU INC CL A,21752105
2026-03-18,홍콩,KYG3777B1032,GEELY AUTOMOBILE HOLDINGS LTD,19775687
2026-03-18,홍콩,HK0000859063,SAMSUNG BLOCKCHAIN TECHNOLOGIES ETF,18152387
2026-03-18,홍콩,HK0000642568,CSOP HANG SENG TECH INDEX ETF (HKD),17343960
2026-03-18,홍콩,HK0000748381,YESASIA HOLDINGS LTD,15636707
2026-03-18,홍콩,CNE1000076H5,09927,14984977
2026-03-18,홍콩,HK0000516697,GLOBAL X CHINA BIOTECH ETF (HKD),14963733
2026-03-18,홍콩,CNE100000304,DONGFANG ELECTRIC CORP LTD-H,14309079
2026-03-18,홍콩,HK0001200002,02259,14205457
2026-03-18,홍콩,KYG532631028,KUAISHOU TECHNOLOGY,13976275
2026-03-18,홍콩,HK0000562675,GLOBAL X CHINA CLEAN ENERGY ETF (HKD),13487950
2026-03-18,홍콩,HK0941009539,CHINA MOBILE LTD,13116131
2026-03-18,홍콩,CNE1000003C0,HARBIN ELECTRIC CO LTD-H,13006577
2026-03-18,홍콩,KYG596691041,MEITUAN,12801699
2026-03-18,홍콩,HK0000562634,GLOBAL X CHINA CONSUMER BRAND ETF (HKD),12273730
2026-03-18,홍콩,KYG970081173,WUXI BIOLOGICS CAYMAN INC,12050384
2026-03-18,홍콩,HK0000516713,GLOBAL X CHINA CLOUD COMPUTING ETF (HKD),11695632
2026-03-18,홍콩,KYG982AW1003,XPENG INC,11504472
2026-03-18,홍콩,KYG3774X1088,GCL TECHNOLOGY HOLDINGS LTD,11349559
2026-03-18,홍콩,HKX566362888,PING AN SECURITIE HKD0.01 HKD0.01 CHAN 009837742 BMG7115B1211,10750618
2026-03-18,홍콩,CNE1000003W8,PETROCHINA CO LTD-H,10612151
2026-03-18,홍콩,CNE1000003G1,INDUSTRIAL AND COMMERCIAL BANK OF CHINA LTD-H,10584716
2026-03-18,홍콩,HK1126010854,DREAM INTERNATIONAL LTD,10559089
2026-03-18,홍콩,HK0000651213,ISHARES HS TECH ETF HKD,9619171
2026-03-18,홍콩,HK0000637857,GLOBAL X CHINA ROBOTICS AND AI ETF (HKD),9013660
2026-03-18,홍콩,HKX601342549,CHINA BRIGHT CULTURE GROUP USD0.00001 (Delisted/BL398Y0) CHAN 970928502 KYG2153C1078,8631000
2026-03-18,홍콩,KYG8208B1014,JD.COM INC CL A,8299235
2026-03-18,홍콩,HK0000218211,HUA HONG SEMICONDUCTOR LTD,8122408
2026-03-19,홍콩,KYG875721634,TENCENT HOLDINGS LTD,179485652
2026-03-19,홍콩,KYG017191142,ALIBABA GROUP HOLDING LTD,146286407
2026-03-19,홍콩,KYG8020E1199,SEMICONDUCTOR MANUFACTURING INTL CORP,133919066
2026-03-19,홍콩,KYG6181S1093,00100,133069689
2026-03-19,홍콩,CNE1000031W9,GANFENGLITHIUM ORD H,121065362
2026-03-19,홍콩,CNE100000296,BYD CO LTD-H,103717554
2026-03-19,홍콩,HK0000637832,GLOBAL X CHINA SEMICONDUCTOR ETF (HKD),99997109
2026-03-19,홍콩,HK0001205258,XL2CSOPHYNIX,84599858
2026-03-19,홍콩,CNE100005F09,TIANQI LITHIUM CORP,73507836
2026-03-19,홍콩,KYG9830T1067,XIAOMI CORP,72181145
2026-03-19,홍콩,HK0001121349,XL2CSOPSMSN,63720856
2026-03-19,홍콩,HK0000562659,GLOBAL X CHINA ELECTRIC VEHICLE AND BATTERY ETF (HKD),45955844
2026-03-19,홍콩,CNE100004YZ4,CTG DUTY-FREE,44835249
2026-03-19,홍콩,CNE100006CQ4,Ubtech Robotics Ord Shs H,43574399
2026-03-19,홍콩,CNE100000593,PICC PROPERTY AND CASUALTY CO LTD-H,40105842
2026-03-19,홍콩,CNE100007DX6,MONTAGE TECHNOLOGY,35779445
2026-03-19,홍콩,CNE100006WS8,CATL ORD H,35686036
2026-03-19,홍콩,KYG392AS1011,GLOBAL NEW MATERIAL INTL HOLDINGS LTD,31521588
2026-03-19,홍콩,HK0000921236,A GX USD MM,26609466
2026-03-19,홍콩,HK0001025037,GLOBAL X US Treasury 3-5 Year ETF,23342896
2026-03-19,홍콩,CNE100006JG0,LAOPU GOLD,22158182
2026-03-19,홍콩,CNE1000003X6,PING AN INSURANCE GROUP CO OF CHINA LTD-H,21823384
2026-03-19,홍콩,KYG3777B1032,GEELY AUTOMOBILE HOLDINGS LTD,19913458
2026-03-19,홍콩,KYG070341048,BAIDU INC CL A,18858286
2026-03-19,홍콩,HK0000859063,SAMSUNG BLOCKCHAIN TECHNOLOGIES ETF,17487736
2026-03-19,홍콩,KYG596691041,MEITUAN,14849636
2026-03-19,홍콩,CNE1000076H5,09927,14827304
2026-03-19,홍콩,HK0000748381,YESASIA HOLDINGS LTD,14679313
2026-03-19,홍콩,HK0000642568,CSOP HANG SENG TECH INDEX ETF (HKD),14618894
2026-03-19,홍콩,HK0000516697,GLOBAL X CHINA BIOTECH ETF (HKD),14503628
2026-03-19,홍콩,CNE100000304,DONGFANG ELECTRIC CORP LTD-H,13384259
2026-03-19,홍콩,HK0000562675,GLOBAL X CHINA CLEAN ENERGY ETF (HKD),13145676
2026-03-19,홍콩,HK0941009539,CHINA MOBILE LTD,13114532
2026-03-19,홍콩,KYG532631028,KUAISHOU TECHNOLOGY,13103544
2026-03-19,홍콩,HK0001200002,02259,12882870
2026-03-19,홍콩,HK0000562634,GLOBAL X CHINA CONSUMER BRAND ETF (HKD),12068859
2026-03-19,홍콩,CNE1000003C0,HARBIN ELECTRIC CO LTD-H,12010136
2026-03-19,홍콩,KYG982AW1003,XPENG INC,11696206
2026-03-19,홍콩,KYG970081173,WUXI BIOLOGICS CAYMAN INC,11575441
2026-03-19,홍콩,HK0000516713,GLOBAL X CHINA CLOUD COMPUTING ETF (HKD),11256869
2026-03-19,홍콩,CNE1000003W8,PETROCHINA CO LTD-H,10970056
2026-03-19,홍콩,HK1126010854,DREAM INTERNATIONAL LTD,10765396
2026-03-19,홍콩,HKX566362888,PING AN SECURITIE HKD0.01 HKD0.01 CHAN 009837742 BMG7115B1211,10748611
2026-03-19,홍콩,KYG3774X1088,GCL TECHNOLOGY HOLDINGS LTD,10707046
2026-03-19,홍콩,CNE1000003G1,INDUSTRIAL AND COMMERCIAL BANK OF CHINA LTD-H,10615638
2026-03-19,홍콩,HK0000651213,ISHARES HS TECH ETF HKD,9384118
2026-03-19,홍콩,HK0000637857,GLOBAL X CHINA ROBOTICS AND AI ETF (HKD),8673396
2026-03-19,홍콩,HKX601342549,CHINA BRIGHT CULTURE GROUP USD0.00001 (Delisted/BL398Y0) CHAN 970928502 KYG2153C1078,8631000
2026-03-19,홍콩,KYG8208B1014,JD.COM INC CL A,8136866
2026-03-19,홍콩,CNE1000048K8,HAIER SMART HOME CO LTD-H MRGR 006942845 BMG423131256,7824792
2026-03-20,홍콩,KYG875721634,TENCENT HOLDINGS LTD,176807012
2026-03-20,홍콩,KYG017191142,ALIBABA GROUP HOLDING LTD,137064818
2026-03-20,홍콩,CNE1000031W9,GANFENGLITHIUM ORD H,127350607
2026-03-20,홍콩,KYG6181S1093,00100,126285738
2026-03-20,홍콩,KYG8020E1199,SEMICONDUCTOR MANUFACTURING INTL CORP,125660869
2026-03-20,홍콩,CNE100000296,BYD CO LTD-H,104736211
2026-03-20,홍콩,HK0000637832,GLOBAL X CHINA SEMICONDUCTOR ETF (HKD),99279303
2026-03-20,홍콩,HK0001205258,XL2CSOPHYNIX,83635103
2026-03-20,홍콩,CNE100005F09,TIANQI LITHIUM CORP,74359557
2026-03-20,홍콩,KYG9830T1067,XIAOMI CORP,65974046
2026-03-20,홍콩,HK0001121349,XL2CSOPSMSN,62619260
2026-03-20,홍콩,HK0000562659,GLOBAL X CHINA ELECTRIC VEHICLE AND BATTERY ETF (HKD),46807392
2026-03-20,홍콩,CNE100004YZ4,CTG DUTY-FREE,45655923
2026-03-20,홍콩,CNE100006CQ4,Ubtech Robotics Ord Shs H,42516578
2026-03-20,홍콩,CNE100006WS8,CATL ORD H,39279123
2026-03-20,홍콩,CNE100000593,PICC PROPERTY AND CASUALTY CO LTD-H,39218124
2026-03-20,홍콩,CNE100007DX6,MONTAGE TECHNOLOGY,34729440
2026-03-20,홍콩,KYG392AS1011,GLOBAL NEW MATERIAL INTL HOLDINGS LTD,31661208
2026-03-20,홍콩,HK0000921236,A GX USD MM,26617892
2026-03-20,홍콩,HK0001025037,GLOBAL X US Treasury 3-5 Year ETF,23415109
2026-03-20,홍콩,CNE1000003X6,PING AN INSURANCE GROUP CO OF CHINA LTD-H,21864739
2026-03-20,홍콩,CNE100006JG0,LAOPU GOLD,21115887
2026-03-20,홍콩,KYG3777B1032,GEELY AUTOMOBILE HOLDINGS LTD,21094977
2026-03-20,홍콩,KYG070341048,BAIDU INC CL A,19166260
2026-03-20,홍콩,HK0000859063,SAMSUNG BLOCKCHAIN TECHNOLOGIES ETF,17569511
2026-03-20,홍콩,HK0000642568,CSOP HANG SENG TECH INDEX ETF (HKD),16101035
2026-03-20,홍콩,HK0000748381,YESASIA HOLDINGS LTD,15527748
2026-03-20,홍콩,KYG596691041,MEITUAN,14556978
2026-03-20,홍콩,HK0000516697,GLOBAL X CHINA BIOTECH ETF (HKD),14231930
2026-03-20,홍콩,KYG532631028,KUAISHOU TECHNOLOGY,13810022
2026-03-20,홍콩,CNE1000076H5,09927,13634840
2026-03-20,홍콩,HK0001200002,02259,13603222
2026-03-20,홍콩,HK0000562675,GLOBAL X CHINA CLEAN ENERGY ETF (HKD),13228105
2026-03-20,홍콩,HK0941009539,CHINA MOBILE LTD,12962806
2026-03-20,홍콩,CNE100000304,DONGFANG ELECTRIC CORP LTD-H,12777202
2026-03-20,홍콩,HK0000562634,GLOBAL X CHINA CONSUMER BRAND ETF (HKD),11891885
2026-03-20,홍콩,CNE1000003C0,HARBIN ELECTRIC CO LTD-H,11791594
2026-03-20,홍콩,KYG970081173,WUXI BIOLOGICS CAYMAN INC,11467433
2026-03-20,홍콩,CNE1000003W8,PETROCHINA CO LTD-H,11224684
2026-03-20,홍콩,KYG982AW1003,XPENG INC,11091260
2026-03-20,홍콩,HK0000516713,GLOBAL X CHINA CLOUD COMPUTING ETF (HKD),10928239
2026-03-20,홍콩,HKX566362888,PING AN SECURITIE HKD0.01 HKD0.01 CHAN 009837742 BMG7115B1211,10754908
2026-03-20,홍콩,CNE1000003G1,INDUSTRIAL AND COMMERCIAL BANK OF CHINA LTD-H,10655828
2026-03-20,홍콩,KYG3774X1088,GCL TECHNOLOGY HOLDINGS LTD,10598752
2026-03-20,홍콩,HK1126010854,DREAM INTERNATIONAL LTD,10216130
2026-03-20,홍콩,HK0000651213,ISHARES HS TECH ETF HKD,9263415
2026-03-20,홍콩,HKX601342549,CHINA BRIGHT CULTURE GROUP USD0.00001 (Delisted/BL398Y0) CHAN 970928502 KYG2153C1078,8631000
2026-03-20,홍콩,HK0000637857,GLOBAL X CHINA ROBOTICS AND AI ETF (HKD),8539064
2026-03-20,홍콩,KYG8208B1014,JD.COM INC CL A,7994824
2026-03-20,홍콩,CNE1000048K8,HAIER SMART HOME CO LTD-H MRGR 006942845 BMG423131256,7753614
2026-03-23,홍콩,KYG875721634,TENCENT HOLDINGS LTD,173559210
2026-03-23,홍콩,KYG017191142,ALIBABA GROUP HOLDING LTD,132448783
2026-03-23,홍콩,CNE1000031W9,GANFENGLITHIUM ORD H,127684039
2026-03-23,홍콩,KYG8020E1199,SEMICONDUCTOR MANUFACTURING INTL CORP,118887708
2026-03-23,홍콩,KYG6181S1093,00100,114820144
2026-03-23,홍콩,CNE100000296,BYD CO LTD-H,103607444
2026-03-23,홍콩,HK0000637832,GLOBAL X CHINA SEMICONDUCTOR ETF (HKD),93291032
2026-03-23,홍콩,CNE100005F09,TIANQI LITHIUM CORP,73294663
2026-03-23,홍콩,HK0001205258,XL2CSOPHYNIX,71849830
2026-03-23,홍콩,KYG9830T1067,XIAOMI CORP,64056656
2026-03-23,홍콩,HK0001121349,XL2CSOPSMSN,53692115
2026-03-23,홍콩,HK0000562659,GLOBAL X CHINA ELECTRIC VEHICLE AND BATTERY ETF (HKD),46301013
2026-03-23,홍콩,CNE100004YZ4,CTG DUTY-FREE,43850028
2026-03-23,홍콩,CNE100006CQ4,Ubtech Robotics Ord Shs H,38774429
2026-03-23,홍콩,CNE100000593,PICC PROPERTY AND CASUALTY CO LTD-H,37559456
2026-03-23,홍콩,CNE100006WS8,CATL ORD H,32292986
2026-03-23,홍콩,CNE100007DX6,MONTAGE TECHNOLOGY,31819770
2026-03-23,홍콩,KYG392AS1011,GLOBAL NEW MATERIAL INTL HOLDINGS LTD,31217434
2026-03-23,홍콩,HK0000921236,A GX USD MM,26670812
2026-03-23,홍콩,HK0001025037,GLOBAL X US Treasury 3-5 Year ETF,23248195
2026-03-23,홍콩,KYG3777B1032,GEELY AUTOMOBILE HOLDINGS LTD,21578273
2026-03-23,홍콩,CNE1000003X6,PING AN INSURANCE GROUP CO OF CHINA LTD-H,20345463
2026-03-23,홍콩,CNE100006JG0,LAOPU GOLD,18332130
2026-03-23,홍콩,KYG070341048,BAIDU INC CL A,17978546
2026-03-23,홍콩,HK0000859063,SAMSUNG BLOCKCHAIN TECHNOLOGIES ETF,16756102
2026-03-23,홍콩,HK0000642568,CSOP HANG SENG TECH INDEX ETF (HKD),15518634
2026-03-23,홍콩,HK0000748381,YESASIA HOLDINGS LTD,14766547
2026-03-23,홍콩,KYG596691041,MEITUAN,13802049
2026-03-23,홍콩,HK0000516697,GLOBAL X CHINA BIOTECH ETF (HKD),13615827
2026-03-23,홍콩,KYG532631028,KUAISHOU TECHNOLOGY,13263901
2026-03-23,홍콩,CNE1000076H5,09927,13257545
2026-03-23,홍콩,HK0001200002,02259,13126649
2026-03-23,홍콩,HK0000562675,GLOBAL X CHINA CLEAN ENERGY ETF (HKD),12860918
2026-03-23,홍콩,HK0941009539,CHINA MOBILE LTD,12826591
2026-03-23,홍콩,CNE100000304,DONGFANG ELECTRIC CORP LTD-H,12285250
2026-03-23,홍콩,HK0000562634,GLOBAL X CHINA CONSUMER BRAND ETF (HKD),11515323
2026-03-23,홍콩,CNE1000003C0,HARBIN ELECTRIC CO LTD-H,11279079
2026-03-23,홍콩,CNE1000003W8,PETROCHINA CO LTD-H,11067771
2026-03-23,홍콩,KYG970081173,WUXI BIOLOGICS CAYMAN INC,10986109
2026-03-23,홍콩,HKX566362888,PING AN SECURITIE HKD0.01 HKD0.01 CHAN 009837742 BMG7115B1211,10755064
2026-03-23,홍콩,KYG982AW1003,XPENG INC,10643535
2026-03-23,홍콩,HK0000516713,GLOBAL X CHINA CLOUD COMPUTING ETF (HKD),10474211
2026-03-23,홍콩,CNE1000003G1,INDUSTRIAL AND COMMERCIAL BANK OF CHINA LTD-H,10254773
2026-03-23,홍콩,HK1126010854,DREAM INTERNATIONAL LTD,9877473
2026-03-23,홍콩,KYG3774X1088,GCL TECHNOLOGY HOLDINGS LTD,9772284
2026-03-23,홍콩,HK0000651213,ISHARES HS TECH ETF HKD,8901557
2026-03-23,홍콩,HKX601342549,CHINA BRIGHT CULTURE GROUP USD0.00001 (Delisted/BL398Y0) CHAN 970928502 KYG2153C1078,8631000
2026-03-23,홍콩,HK0000637857,GLOBAL X CHINA ROBOTICS AND AI ETF (HKD),8146890
2026-03-23,홍콩,CNE1000048K8,HAIER SMART HOME CO LTD-H MRGR 006942845 BMG423131256,7436622
2026-03-23,홍콩,KYG8208B1014,JD.COM INC CL A,7358604
2026-03-24,홍콩,KYG875721634,TENCENT HOLDINGS LTD,176835097
2026-03-24,홍콩,KYG017191142,ALIBABA GROUP HOLDING LTD,136991859
2026-03-24,홍콩,CNE1000031W9,GANFENGLITHIUM ORD H,135601983
2026-03-24,홍콩,KYG6181S1093,00100,127523780
2026-03-24,홍콩,KYG8020E1199,SEMICONDUCTOR MANUFACTURING INTL CORP,120066942
2026-03-24,홍콩,CNE100000296,BYD CO LTD-H,107871144
2026-03-24,홍콩,HK0000637832,GLOBAL X CHINA SEMICONDUCTOR ETF (HKD),94125763
2026-03-24,홍콩,HK0001205258,XL2CSOPHYNIX,82262683
2026-03-24,홍콩,CNE100005F09,TIANQI LITHIUM CORP,77588614
2026-03-24,홍콩,KYG9830T1067,XIAOMI CORP,62929357
2026-03-24,홍콩,HK0001121349,XL2CSOPSMSN,58440068
2026-03-24,홍콩,CNE100004YZ4,CTG DUTY-FREE,43879092
2026-03-24,홍콩,CNE100006CQ4,Ubtech Robotics Ord Shs H,39301442
2026-03-24,홍콩,HK0000562659,GLOBAL X CHINA ELECTRIC VEHICLE AND BATTERY ETF (HKD),39295794
2026-03-24,홍콩,CNE100000593,PICC PROPERTY AND CASUALTY CO LTD-H,38919974
2026-03-24,홍콩,CNE100006WS8,CATL ORD H,32094311
2026-03-24,홍콩,CNE100007DX6,MONTAGE TECHNOLOGY,32021670
2026-03-24,홍콩,KYG392AS1011,GLOBAL NEW MATERIAL INTL HOLDINGS LTD,31820462
2026-03-24,홍콩,HK0000921236,A GX USD MM,26704329
2026-03-24,홍콩,HK0001025037,GLOBAL X US Treasury 3-5 Year ETF,23321449
2026-03-24,홍콩,KYG3777B1032,GEELY AUTOMOBILE HOLDINGS LTD,22403286
2026-03-24,홍콩,CNE100006JG0,LAOPU GOLD,21317886
2026-03-24,홍콩,CNE1000003X6,PING AN INSURANCE GROUP CO OF CHINA LTD-H,21029214
2026-03-24,홍콩,KYG070341048,BAIDU INC CL A,19323700
2026-03-24,홍콩,HK0000859063,SAMSUNG BLOCKCHAIN TECHNOLOGIES ETF,17648716
2026-03-24,홍콩,HK0000642568,CSOP HANG SENG TECH INDEX ETF (HKD),15810784
2026-03-24,홍콩,HK0000748381,YESASIA HOLDINGS LTD,15087391
2026-03-24,홍콩,KYG596691041,MEITUAN,14221815
2026-03-24,홍콩,HK0000516697,GLOBAL X CHINA BIOTECH ETF (HKD),14171065
2026-03-24,홍콩,HK0001200002,02259,13920409
2026-03-24,홍콩,KYG532631028,KUAISHOU TECHNOLOGY,13546966
2026-03-24,홍콩,CNE1000076H5,09927,13513075
2026-03-24,홍콩,HK0000562675,GLOBAL X CHINA CLEAN ENERGY ETF (HKD),13045235
2026-03-24,홍콩,CNE100000304,DONGFANG ELECTRIC CORP LTD-H,12966748
2026-03-24,홍콩,HK0941009539,CHINA MOBILE LTD,12743103
2026-03-24,홍콩,CNE1000003C0,HARBIN ELECTRIC CO LTD-H,11954793
2026-03-24,홍콩,HK0000562634,GLOBAL X CHINA CONSUMER BRAND ETF (HKD),11764883
2026-03-24,홍콩,KYG970081173,WUXI BIOLOGICS CAYMAN INC,11445868
2026-03-24,홍콩,KYG982AW1003,XPENG INC,10964680
2026-03-24,홍콩,CNE1000003W8,PETROCHINA CO LTD-H,10853257
2026-03-24,홍콩,HKX566362888,PING AN SECURITIE HKD0.01 HKD0.01 CHAN 009837742 BMG7115B1211,10754137
2026-03-24,홍콩,HK0000516713,GLOBAL X CHINA CLOUD COMPUTING ETF (HKD),10660497
2026-03-24,홍콩,CNE1000003G1,INDUSTRIAL AND COMMERCIAL BANK OF CHINA LTD-H,10466870
2026-03-24,홍콩,HK1126010854,DREAM INTERNATIONAL LTD,10320142
2026-03-24,홍콩,KYG3774X1088,GCL TECHNOLOGY HOLDINGS LTD,9992846
2026-03-24,홍콩,HK0000651213,ISHARES HS TECH ETF HKD,9118465
2026-03-24,홍콩,HKX601342549,CHINA BRIGHT CULTURE GROUP USD0.00001 (Delisted/BL398Y0) CHAN 970928502 KYG2153C1078,8631000
2026-03-24,홍콩,HK0000637857,GLOBAL X CHINA ROBOTICS AND AI ETF (HKD),8244166
2026-03-24,홍콩,CNE1000048K8,HAIER SMART HOME CO LTD-H MRGR 006942845 BMG423131256,7607874
2026-03-24,홍콩,KYG9808A1058,WUXI XDC CAYMAN INC,7475083
2026-03-25,홍콩,KYG875721634,TENCENT HOLDINGS LTD,172125591
2026-03-25,홍콩,CNE1000031W9,GANFENGLITHIUM ORD H,142963168
2026-03-25,홍콩,KYG017191142,ALIBABA GROUP HOLDING LTD,142716501
2026-03-25,홍콩,KYG6181S1093,00100,133659614
2026-03-25,홍콩,KYG8020E1199,SEMICONDUCTOR MANUFACTURING INTL CORP,123314533
2026-03-25,홍콩,CNE100000296,BYD CO LTD-H,107122014
2026-03-25,홍콩,HK0000637832,GLOBAL X CHINA SEMICONDUCTOR ETF (HKD),95795965
2026-03-25,홍콩,CNE100005F09,TIANQI LITHIUM CORP,82759071
2026-03-25,홍콩,HK0001205258,XL2CSOPHYNIX,82590760
2026-03-25,홍콩,KYG9830T1067,XIAOMI CORP,62529766
2026-03-25,홍콩,HK0001121349,XL2CSOPSMSN,56982557
2026-03-25,홍콩,CNE100004YZ4,CTG DUTY-FREE,43648827
2026-03-25,홍콩,CNE100000593,PICC PROPERTY AND CASUALTY CO LTD-H,39468072
2026-03-25,홍콩,HK0000562659,GLOBAL X CHINA ELECTRIC VEHICLE AND BATTERY ETF (HKD),39363443
2026-03-25,홍콩,CNE100006CQ4,Ubtech Robotics Ord Shs H,38379700
2026-03-25,홍콩,CNE100007DX6,MONTAGE TECHNOLOGY,33521200
2026-03-25,홍콩,CNE100006WS8,CATL ORD H,31541153
2026-03-25,홍콩,KYG392AS1011,GLOBAL NEW MATERIAL INTL HOLDINGS LTD,31116756
2026-03-25,홍콩,HK0000921236,A GX USD MM,26660895
2026-03-25,홍콩,HK0001025037,GLOBAL X US Treasury 3-5 Year ETF,23296977
2026-03-25,홍콩,KYG3777B1032,GEELY AUTOMOBILE HOLDINGS LTD,22578488
2026-03-25,홍콩,CNE1000003X6,PING AN INSURANCE GROUP CO OF CHINA LTD-H,21375952
2026-03-25,홍콩,CNE100006JG0,LAOPU GOLD,21267887
2026-03-25,홍콩,KYG070341048,BAIDU INC CL A,19106279
2026-03-25,홍콩,HK0000859063,SAMSUNG BLOCKCHAIN TECHNOLOGIES ETF,17608177
2026-03-25,홍콩,KYG596691041,MEITUAN,16353168
2026-03-25,홍콩,HK0000642568,CSOP HANG SENG TECH INDEX ETF (HKD),16047397
2026-03-25,홍콩,HK0000748381,YESASIA HOLDINGS LTD,15315596
2026-03-25,홍콩,HK0000516697,GLOBAL X CHINA BIOTECH ETF (HKD),14216906
2026-03-25,홍콩,HK0001200002,02259,14091632
2026-03-25,홍콩,KYG532631028,KUAISHOU TECHNOLOGY,13619389
2026-03-25,홍콩,CNE1000076H5,09927,13446454
2026-03-25,홍콩,CNE100000304,DONGFANG ELECTRIC CORP LTD-H,13348075
2026-03-25,홍콩,HK0000562675,GLOBAL X CHINA CLEAN ENERGY ETF (HKD),13175792
2026-03-25,홍콩,HK0941009539,CHINA MOBILE LTD,12641146
2026-03-25,홍콩,CNE1000003C0,HARBIN ELECTRIC CO LTD-H,12517297
2026-03-25,홍콩,HK0000562634,GLOBAL X CHINA CONSUMER BRAND ETF (HKD),11689823
2026-03-25,홍콩,KYG970081173,WUXI BIOLOGICS CAYMAN INC,11301578
2026-03-25,홍콩,CNE1000003W8,PETROCHINA CO LTD-H,10861340
2026-03-25,홍콩,HK0000516713,GLOBAL X CHINA CLOUD COMPUTING ETF (HKD),10792041
2026-03-25,홍콩,HKX566362888,PING AN SECURITIE HKD0.01 HKD0.01 CHAN 009837742 BMG7115B1211,10762146
2026-03-25,홍콩,KYG982AW1003,XPENG INC,10713047
2026-03-25,홍콩,CNE1000003G1,INDUSTRIAL AND COMMERCIAL BANK OF CHINA LTD-H,10573724
2026-03-25,홍콩,KYG3774X1088,GCL TECHNOLOGY HOLDINGS LTD,10018703
2026-03-25,홍콩,HK1126010854,DREAM INTERNATIONAL LTD,9967095
2026-03-25,홍콩,HK0000651213,ISHARES HS TECH ETF HKD,9296411
2026-03-25,홍콩,HKX601342549,CHINA BRIGHT CULTURE GROUP USD0.00001 (Delisted/BL398Y0) CHAN 970928502 KYG2153C1078,8631000
2026-03-25,홍콩,HK0000637857,GLOBAL X CHINA ROBOTICS AND AI ETF (HKD),8328589
2026-03-25,홍콩,KYG9808A1058,WUXI XDC CAYMAN INC,7610862
2026-03-25,홍콩,CNE1000048K8,HAIER SMART HOME CO LTD-H MRGR 006942845 BMG423131256,7541318
2026-03-26,홍콩,KYG875721634,TENCENT HOLDINGS LTD,169205808
2026-03-26,홍콩,CNE1000031W9,GANFENGLITHIUM ORD H,148511400
2026-03-26,홍콩,KYG017191142,ALIBABA GROUP HOLDING LTD,137474412
2026-03-26,홍콩,KYG6181S1093,00100,124557435
2026-03-26,홍콩,KYG8020E1199,SEMICONDUCTOR MANUFACTURING INTL CORP,109324608
2026-03-26,홍콩,CNE100000296,BYD CO LTD-H,102966007
2026-03-26,홍콩,HK0000637832,GLOBAL X CHINA SEMICONDUCTOR ETF (HKD),92798331
2026-03-26,홍콩,CNE100005F09,TIANQI LITHIUM CORP,82832659
2026-03-26,홍콩,HK0001205258,XL2CSOPHYNIX,72913021
2026-03-26,홍콩,KYG9830T1067,XIAOMI CORP,62463302
2026-03-26,홍콩,HK0001121349,XL2CSOPSMSN,50850183
2026-03-26,홍콩,CNE100004YZ4,CTG DUTY-FREE,42258939
2026-03-26,홍콩,HK0000562659,GLOBAL X CHINA ELECTRIC VEHICLE AND BATTERY ETF (HKD),41187817
2026-03-26,홍콩,CNE100000593,PICC PROPERTY AND CASUALTY CO LTD-H,38627352
2026-03-26,홍콩,CNE100006CQ4,Ubtech Robotics Ord Shs H,36996391
2026-03-26,홍콩,CNE100007DX6,MONTAGE TECHNOLOGY,33381497
2026-03-26,홍콩,CNE100006WS8,CATL ORD H,29966506
2026-03-26,홍콩,KYG392AS1011,GLOBAL NEW MATERIAL INTL HOLDINGS LTD,29701523
2026-03-26,홍콩,HK0000921236,A GX USD MM,26696467
2026-03-26,홍콩,HK0001025037,GLOBAL X US Treasury 3-5 Year ETF,23327348
2026-03-26,홍콩,KYG3777B1032,GEELY AUTOMOBILE HOLDINGS LTD,21866896
2026-03-26,홍콩,CNE1000003X6,PING AN INSURANCE GROUP CO OF CHINA LTD-H,20580495
2026-03-26,홍콩,CNE100006JG0,LAOPU GOLD,20302794
2026-03-26,홍콩,KYG070341048,BAIDU INC CL A,18886845
2026-03-26,홍콩,HK0000859063,SAMSUNG BLOCKCHAIN TECHNOLOGIES ETF,17515201
2026-03-26,홍콩,HK0000642568,CSOP HANG SENG TECH INDEX ETF (HKD),15522426
2026-03-26,홍콩,KYG596691041,MEITUAN,15257865
2026-03-26,홍콩,HK0000748381,YESASIA HOLDINGS LTD,14690753
2026-03-26,홍콩,HK0000516697,GLOBAL X CHINA BIOTECH ETF (HKD),13970918
2026-03-26,홍콩,CNE1000076H5,09927,13169388
2026-03-26,홍콩,HK0001200002,02259,13042282
2026-03-26,홍콩,HK0000562675,GLOBAL X CHINA CLEAN ENERGY ETF (HKD),12901680
2026-03-26,홍콩,CNE100000304,DONGFANG ELECTRIC CORP LTD-H,12712895
2026-03-26,홍콩,HK0941009539,CHINA MOBILE LTD,12658012
2026-03-26,홍콩,CNE1000003C0,HARBIN ELECTRIC CO LTD-H,11960078
2026-03-26,홍콩,KYG532631028,KUAISHOU TECHNOLOGY,11720557
2026-03-26,홍콩,HK0000562634,GLOBAL X CHINA CONSUMER BRAND ETF (HKD),11438618
2026-03-26,홍콩,CNE1000003W8,PETROCHINA CO LTD-H,11116094
2026-03-26,홍콩,HKX566362888,PING AN SECURITIE HKD0.01 HKD0.01 CHAN 009837742 BMG7115B1211,10776505
2026-03-26,홍콩,KYG970081173,WUXI BIOLOGICS CAYMAN INC,10772306
2026-03-26,홍콩,CNE1000003G1,INDUSTRIAL AND COMMERCIAL BANK OF CHINA LTD-H,10573395
2026-03-26,홍콩,KYG982AW1003,XPENG INC,10508426
2026-03-26,홍콩,HK0000516713,GLOBAL X CHINA CLOUD COMPUTING ETF (HKD),10504375
2026-03-26,홍콩,HK1126010854,DREAM INTERNATIONAL LTD,9863789
2026-03-26,홍콩,KYG3774X1088,GCL TECHNOLOGY HOLDINGS LTD,9709722
2026-03-26,홍콩,HK0000651213,ISHARES HS TECH ETF HKD,9052148
2026-03-26,홍콩,HKX601342549,CHINA BRIGHT CULTURE GROUP USD0.00001 (Delisted/BL398Y0) CHAN 970928502 KYG2153C1078,8631000
2026-03-26,홍콩,HK0000637857,GLOBAL X CHINA ROBOTICS AND AI ETF (HKD),8111250
2026-03-26,홍콩,KYG8208B1014,JD.COM INC CL A,7543217
2026-03-26,홍콩,KYG9808A1058,WUXI XDC CAYMAN INC,7490631
2026-03-27,홍콩,KYG875721634,TENCENT HOLDINGS LTD,167952300
2026-03-27,홍콩,CNE1000031W9,GANFENGLITHIUM ORD H,162106375
2026-03-27,홍콩,KYG017191142,ALIBABA GROUP HOLDING LTD,136857790
2026-03-27,홍콩,KYG6181S1093,00100,125088824
2026-03-27,홍콩,KYG8020E1199,SEMICONDUCTOR MANUFACTURING INTL CORP,107883422
2026-03-27,홍콩,CNE100000296,BYD CO LTD-H,104884301
2026-03-27,홍콩,HK0000637832,GLOBAL X CHINA SEMICONDUCTOR ETF (HKD),93119576
2026-03-27,홍콩,CNE100005F09,TIANQI LITHIUM CORP,87830493
2026-03-27,홍콩,HK0001205258,XL2CSOPHYNIX,71105895
2026-03-27,홍콩,KYG9830T1067,XIAOMI CORP,64831863
2026-03-27,홍콩,HK0001121349,XL2CSOPSMSN,49973789
2026-03-27,홍콩,CNE100004YZ4,CTG DUTY-FREE,42785881
2026-03-27,홍콩,HK0000562659,GLOBAL X CHINA ELECTRIC VEHICLE AND BATTERY ETF (HKD),42414867
2026-03-27,홍콩,CNE100000593,PICC PROPERTY AND CASUALTY CO LTD-H,38044115
2026-03-27,홍콩,CNE100006CQ4,Ubtech Robotics Ord Shs H,37411967
2026-03-27,홍콩,CNE100007DX6,MONTAGE TECHNOLOGY,32663030
2026-03-27,홍콩,CNE100006WS8,CATL ORD H,30925819
2026-03-27,홍콩,KYG392AS1011,GLOBAL NEW MATERIAL INTL HOLDINGS LTD,29915421
2026-03-27,홍콩,HK0000921236,A GX USD MM,26670708
2026-03-27,홍콩,HK0001025037,GLOBAL X US Treasury 3-5 Year ETF,23229501
2026-03-27,홍콩,KYG3777B1032,GEELY AUTOMOBILE HOLDINGS LTD,22091696
2026-03-27,홍콩,CNE1000003X6,PING AN INSURANCE GROUP CO OF CHINA LTD-H,20919633
2026-03-27,홍콩,CNE100006JG0,LAOPU GOLD,20178819
2026-03-27,홍콩,KYG070341048,BAIDU INC CL A,18728327
2026-03-27,홍콩,HK0000859063,SAMSUNG BLOCKCHAIN TECHNOLOGIES ETF,17023922
2026-03-27,홍콩,HK0000642568,CSOP HANG SENG TECH INDEX ETF (HKD),15587025
2026-03-27,홍콩,HK0000516697,GLOBAL X CHINA BIOTECH ETF (HKD),15174185
2026-03-27,홍콩,KYG596691041,MEITUAN,15048768
2026-03-27,홍콩,HK0000748381,YESASIA HOLDINGS LTD,14322067
2026-03-27,홍콩,HK0001200002,02259,13302542
2026-03-27,홍콩,CNE1000076H5,09927,13143789
2026-03-27,홍콩,HK0000562675,GLOBAL X CHINA CLEAN ENERGY ETF (HKD),12741853
2026-03-27,홍콩,HK0941009539,CHINA MOBILE LTD,12730556
2026-03-27,홍콩,CNE100000304,DONGFANG ELECTRIC CORP LTD-H,12418545
2026-03-27,홍콩,CNE1000003C0,HARBIN ELECTRIC CO LTD-H,12083455
2026-03-27,홍콩,KYG532631028,KUAISHOU TECHNOLOGY,11846401
2026-03-27,홍콩,HK0000562634,GLOBAL X CHINA CONSUMER BRAND ETF (HKD),11524587
2026-03-27,홍콩,CNE1000003W8,PETROCHINA CO LTD-H,11205643
2026-03-27,홍콩,KYG970081173,WUXI BIOLOGICS CAYMAN INC,11014828
2026-03-27,홍콩,HKX566362888,PING AN SECURITIE HKD0.01 HKD0.01 CHAN 009837742 BMG7115B1211,10766107
2026-03-27,홍콩,CNE1000003G1,INDUSTRIAL AND COMMERCIAL BANK OF CHINA LTD-H,10651348
2026-03-27,홍콩,HK0000516713,GLOBAL X CHINA CLOUD COMPUTING ETF (HKD),10497116
2026-03-27,홍콩,KYG982AW1003,XPENG INC,10431744
2026-03-27,홍콩,HK1126010854,DREAM INTERNATIONAL LTD,10052019
2026-03-27,홍콩,KYG3774X1088,GCL TECHNOLOGY HOLDINGS LTD,9720135
2026-03-27,홍콩,HK0000651213,ISHARES HS TECH ETF HKD,9079716
2026-03-27,홍콩,HKX601342549,CHINA BRIGHT CULTURE GROUP USD0.00001 (Delisted/BL398Y0) CHAN 970928502 KYG2153C1078,8631000
2026-03-27,홍콩,KYG8208B1014,JD.COM INC CL A,8276871
2026-03-27,홍콩,HK0000637857,GLOBAL X CHINA ROBOTICS AND AI ETF (HKD),8159283
2026-03-27,홍콩,KYG9808A1058,WUXI XDC CAYMAN INC,7849910
2026-03-30,홍콩,KYG875721634,TENCENT HOLDINGS LTD,163531817
2026-03-30,홍콩,CNE1000031W9,GANFENGLITHIUM ORD H,162451030
2026-03-30,홍콩,KYG017191142,ALIBABA GROUP HOLDING LTD,134280545
2026-03-30,홍콩,KYG6181S1093,00100,125782077
2026-03-30,홍콩,KYG8020E1199,SEMICONDUCTOR MANUFACTURING INTL CORP,105768662
2026-03-30,홍콩,CNE100000296,BYD CO LTD-H,104027200
2026-03-30,홍콩,HK0000637832,GLOBAL X CHINA SEMICONDUCTOR ETF (HKD),92896387
2026-03-30,홍콩,CNE100005F09,TIANQI LITHIUM CORP,87852901
2026-03-30,홍콩,KYG9830T1067,XIAOMI CORP,63786620
2026-03-30,홍콩,HK0001205258,XL2CSOPHYNIX,62785903
2026-03-30,홍콩,HK0001121349,XL2CSOPSMSN,48617294
2026-03-30,홍콩,CNE100004YZ4,CTG DUTY-FREE,42020844
2026-03-30,홍콩,HK0000562659,GLOBAL X CHINA ELECTRIC VEHICLE AND BATTERY ETF (HKD),42020745
2026-03-30,홍콩,CNE100000593,PICC PROPERTY AND CASUALTY CO LTD-H,37187784
2026-03-30,홍콩,CNE100006CQ4,Ubtech Robotics Ord Shs H,36006883
2026-03-30,홍콩,CNE100006WS8,CATL ORD H,30773215
2026-03-30,홍콩,CNE100007DX6,MONTAGE TECHNOLOGY,30382954
2026-03-30,홍콩,KYG392AS1011,GLOBAL NEW MATERIAL INTL HOLDINGS LTD,29360478
2026-03-30,홍콩,HK0000921236,A GX USD MM,26735863
2026-03-30,홍콩,HK0001025037,GLOBAL X US Treasury 3-5 Year ETF,23256437
2026-03-30,홍콩,KYG3777B1032,GEELY AUTOMOBILE HOLDINGS LTD,22184777
2026-03-30,홍콩,CNE1000003X6,PING AN INSURANCE GROUP CO OF CHINA LTD-H,20750216
2026-03-30,홍콩,CNE100006JG0,LAOPU GOLD,20167085
2026-03-30,홍콩,KYG070341048,BAIDU INC CL A,18238855
2026-03-30,홍콩,HK0000859063,SAMSUNG BLOCKCHAIN TECHNOLOGIES ETF,16398863
2026-03-30,홍콩,HK0000642568,CSOP HANG SENG TECH INDEX ETF (HKD),15271981
2026-03-30,홍콩,KYG596691041,MEITUAN,15236989
2026-03-30,홍콩,HK0000516697,GLOBAL X CHINA BIOTECH ETF (HKD),15181078
2026-03-30,홍콩,HK0000748381,YESASIA HOLDINGS LTD,14339613
2026-03-30,홍콩,HK0001200002,02259,13755084
2026-03-30,홍콩,HK0941009539,CHINA MOBILE LTD,12891734
2026-03-30,홍콩,CNE1000076H5,09927,12722903
2026-03-30,홍콩,HK0000562675,GLOBAL X CHINA CLEAN ENERGY ETF (HKD),12501607
2026-03-30,홍콩,CNE100000304,DONGFANG ELECTRIC CORP LTD-H,12109674
2026-03-30,홍콩,CNE1000003C0,HARBIN ELECTRIC CO LTD-H,11600389
2026-03-30,홍콩,CNE1000003W8,PETROCHINA CO LTD-H,11376444
2026-03-30,홍콩,HK0000562634,GLOBAL X CHINA CONSUMER BRAND ETF (HKD),11328041
2026-03-30,홍콩,CNE1000003G1,INDUSTRIAL AND COMMERCIAL BANK OF CHINA LTD-H,10835295
2026-03-30,홍콩,HKX566362888,PING AN SECURITIE HKD0.01 HKD0.01 CHAN 009837742 BMG7115B1211,10755337
2026-03-30,홍콩,KYG532631028,KUAISHOU TECHNOLOGY,10659967
2026-03-30,홍콩,KYG970081173,WUXI BIOLOGICS CAYMAN INC,10655758
2026-03-30,홍콩,HK0000516713,GLOBAL X CHINA CLOUD COMPUTING ETF (HKD),10374593
2026-03-30,홍콩,KYG982AW1003,XPENG INC,9934427
2026-03-30,홍콩,KYG3774X1088,GCL TECHNOLOGY HOLDINGS LTD,9584792
2026-03-30,홍콩,HK0000651213,ISHARES HS TECH ETF HKD,8899480
2026-03-30,홍콩,HK1126010854,DREAM INTERNATIONAL LTD,8792990
2026-03-30,홍콩,HKX601342549,CHINA BRIGHT CULTURE GROUP USD0.00001 (Delisted/BL398Y0) CHAN 970928502 KYG2153C1078,8631000
2026-03-30,홍콩,KYG8208B1014,JD.COM INC CL A,8230163
2026-03-30,홍콩,HK0000637857,GLOBAL X CHINA ROBOTICS AND AI ETF (HKD),8093780
2026-03-30,홍콩,KYG9808A1058,WUXI XDC CAYMAN INC,7622373
2026-03-31,홍콩,KYG875721634,TENCENT HOLDINGS LTD,164681579
2026-03-31,홍콩,CNE1000031W9,GANFENGLITHIUM ORD H,158422792
2026-03-31,홍콩,KYG017191142,ALIBABA GROUP HOLDING LTD,132670380
2026-03-31,홍콩,KYG6181S1093,00100,115242723
2026-03-31,홍콩,KYG8020E1199,SEMICONDUCTOR MANUFACTURING INTL CORP,104423837
2026-03-31,홍콩,CNE100000296,BYD CO LTD-H,103397187
2026-03-31,홍콩,HK0000637832,GLOBAL X CHINA SEMICONDUCTOR ETF (HKD),89753657
2026-03-31,홍콩,CNE100005F09,TIANQI LITHIUM CORP,84409614
2026-03-31,홍콩,KYG9830T1067,XIAOMI CORP,62524224
2026-03-31,홍콩,HK0001205258,XL2CSOPHYNIX,54955351
2026-03-31,홍콩,HK0001121349,XL2CSOPSMSN,43459206
2026-03-31,홍콩,CNE100004YZ4,CTG DUTY-FREE,42632094
2026-03-31,홍콩,HK0000562659,GLOBAL X CHINA ELECTRIC VEHICLE AND BATTERY ETF (HKD),41075754
2026-03-31,홍콩,CNE100000593,PICC PROPERTY AND CASUALTY CO LTD-H,36624995
2026-03-31,홍콩,CNE100006CQ4,Ubtech Robotics Ord Shs H,35029411
2026-03-31,홍콩,CNE100006WS8,CATL ORD H,29887152
2026-03-31,홍콩,KYG392AS1011,GLOBAL NEW MATERIAL INTL HOLDINGS LTD,29513370
2026-03-31,홍콩,CNE100007DX6,MONTAGE TECHNOLOGY,28331942
2026-03-31,홍콩,HK0000921236,A GX USD MM,26751927
2026-03-31,홍콩,HK0001025037,GLOBAL X US Treasury 3-5 Year ETF,23274702
2026-03-31,홍콩,KYG3777B1032,GEELY AUTOMOBILE HOLDINGS LTD,21998803
2026-03-31,홍콩,CNE1000003X6,PING AN INSURANCE GROUP CO OF CHINA LTD-H,20934047
2026-03-31,홍콩,CNE100006JG0,LAOPU GOLD,20422372
2026-03-31,홍콩,KYG070341048,BAIDU INC CL A,18113258
2026-03-31,홍콩,HK0000859063,SAMSUNG BLOCKCHAIN TECHNOLOGIES ETF,16179522
2026-03-31,홍콩,HK0000516697,GLOBAL X CHINA BIOTECH ETF (HKD),15256924
2026-03-31,홍콩,HK0000642568,CSOP HANG SENG TECH INDEX ETF (HKD),15134920
2026-03-31,홍콩,HK0000748381,YESASIA HOLDINGS LTD,14778318
2026-03-31,홍콩,HK0001200002,02259,13451988
2026-03-31,홍콩,KYG596691041,MEITUAN,13100870
2026-03-31,홍콩,HK0941009539,CHINA MOBILE LTD,13011973
2026-03-31,홍콩,KYG532631028,KUAISHOU TECHNOLOGY,12218612
2026-03-31,홍콩,CNE1000076H5,09927,12175685
2026-03-31,홍콩,HK0000562675,GLOBAL X CHINA CLEAN ENERGY ETF (HKD),12168795
2026-03-31,홍콩,CNE100000304,DONGFANG ELECTRIC CORP LTD-H,11723536
2026-03-31,홍콩,HK0000562634,GLOBAL X CHINA CONSUMER BRAND ETF (HKD),11324782
2026-03-31,홍콩,KYG970081173,WUXI BIOLOGICS CAYMAN INC,11233375
2026-03-31,홍콩,CNE1000003G1,INDUSTRIAL AND COMMERCIAL BANK OF CHINA LTD-H,11024977
2026-03-31,홍콩,CNE1000003W8,PETROCHINA CO LTD-H,10950253
2026-03-31,홍콩,HKX566362888,PING AN SECURITIE HKD0.01 HKD0.01 CHAN 009837742 BMG7115B1211,10752185
2026-03-31,홍콩,CNE1000003C0,HARBIN ELECTRIC CO LTD-H,10639765
2026-03-31,홍콩,HK0000516713,GLOBAL X CHINA CLOUD COMPUTING ETF (HKD),10252339
2026-03-31,홍콩,KYG982AW1003,XPENG INC,9721020
2026-03-31,홍콩,KYG3774X1088,GCL TECHNOLOGY HOLDINGS LTD,9262069
2026-03-31,홍콩,HK1126010854,DREAM INTERNATIONAL LTD,8987804
2026-03-31,홍콩,HK0000651213,ISHARES HS TECH ETF HKD,8843052
2026-03-31,홍콩,HKX601342549,CHINA BRIGHT CULTURE GROUP USD0.00001 (Delisted/BL398Y0) CHAN 970928502 KYG2153C1078,8631000
2026-03-31,홍콩,KYG8208B1014,JD.COM INC CL A,8239424
2026-03-31,홍콩,HK0000637857,GLOBAL X CHINA ROBOTICS AND AI ETF (HKD),7954748
2026-03-31,홍콩,KYG9808A1058,WUXI XDC CAYMAN INC,7746587
2026-04-01,홍콩,KYG875721634,TENCENT HOLDINGS LTD,168260125
2026-04-01,홍콩,CNE1000031W9,GANFENGLITHIUM ORD H,151746993
2026-04-01,홍콩,KYG017191142,ALIBABA GROUP HOLDING LTD,136604250
2026-04-01,홍콩,KYG6181S1093,00100,131463168
2026-04-01,홍콩,KYG8020E1199,SEMICONDUCTOR MANUFACTURING INTL CORP,108739891
2026-04-01,홍콩,CNE100000296,BYD CO LTD-H,102143509
2026-04-01,홍콩,HK0000637832,GLOBAL X CHINA SEMICONDUCTOR ETF (HKD),92850725
2026-04-01,홍콩,CNE100005F09,TIANQI LITHIUM CORP,83681785
2026-04-01,홍콩,HK0001205258,XL2CSOPHYNIX,64455912
2026-04-01,홍콩,KYG9830T1067,XIAOMI CORP,63001695
2026-04-01,홍콩,HK0001121349,XL2CSOPSMSN,53820058
2026-04-01,홍콩,CNE100004YZ4,CTG DUTY-FREE,43596033
2026-04-01,홍콩,HK0000562659,GLOBAL X CHINA ELECTRIC VEHICLE AND BATTERY ETF (HKD),41195579
2026-04-01,홍콩,CNE100006CQ4,Ubtech Robotics Ord Shs H,40567594
2026-04-01,홍콩,HK0001279691,GX CL HK-US,40060800
2026-04-01,홍콩,CNE100000593,PICC PROPERTY AND CASUALTY CO LTD-H,37606445
2026-04-01,홍콩,CNE100007DX6,MONTAGE TECHNOLOGY,31446792
2026-04-01,홍콩,CNE100006WS8,CATL ORD H,30338267
2026-04-01,홍콩,KYG392AS1011,GLOBAL NEW MATERIAL INTL HOLDINGS LTD,30266149
2026-04-01,홍콩,HK0000921236,A GX USD MM,26700757
2026-04-01,홍콩,HK0001025037,GLOBAL X US Treasury 3-5 Year ETF,23305472
2026-04-01,홍콩,KYG3777B1032,GEELY AUTOMOBILE HOLDINGS LTD,22911864
2026-04-01,홍콩,CNE1000003X6,PING AN INSURANCE GROUP CO OF CHINA LTD-H,21342783
2026-04-01,홍콩,CNE100006JG0,LAOPU GOLD,21228566
2026-04-01,홍콩,KYG070341048,BAIDU INC CL A,18748130
2026-04-01,홍콩,HK0000859063,SAMSUNG BLOCKCHAIN TECHNOLOGIES ETF,16770495
2026-04-01,홍콩,HK0000516697,GLOBAL X CHINA BIOTECH ETF (HKD),16116632
2026-04-01,홍콩,HK0000642568,CSOP HANG SENG TECH INDEX ETF (HKD),16037003
2026-04-01,홍콩,HK0000748381,YESASIA HOLDINGS LTD,15099251
2026-04-01,홍콩,KYG596691041,MEITUAN,13123728
2026-04-01,홍콩,HK0941009539,CHINA MOBILE LTD,13112624
2026-04-01,홍콩,CNE100000304,DONGFANG ELECTRIC CORP LTD-H,12641643
2026-04-01,홍콩,KYG532631028,KUAISHOU TECHNOLOGY,12504712
2026-04-01,홍콩,CNE1000076H5,09927,12328367
2026-04-01,홍콩,HK0000562675,GLOBAL X CHINA CLEAN ENERGY ETF (HKD),12205888
2026-04-01,홍콩,KYG970081173,WUXI BIOLOGICS CAYMAN INC,11842613
2026-04-01,홍콩,CNE1000003C0,HARBIN ELECTRIC CO LTD-H,11555328
2026-04-01,홍콩,HK0000562634,GLOBAL X CHINA CONSUMER BRAND ETF (HKD),11514801
2026-04-01,홍콩,CNE1000003G1,INDUSTRIAL AND COMMERCIAL BANK OF CHINA LTD-H,11046622
2026-04-01,홍콩,CNE1000003W8,PETROCHINA CO LTD-H,10760285
2026-04-01,홍콩,HKX566362888,PING AN SECURITIE HKD0.01 HKD0.01 CHAN 009837742 BMG7115B1211,10747098
2026-04-01,홍콩,HK0000516713,GLOBAL X CHINA CLOUD COMPUTING ETF (HKD),10564992
2026-04-01,홍콩,KYG982AW1003,XPENG INC,10139061
2026-04-01,홍콩,KYG3774X1088,GCL TECHNOLOGY HOLDINGS LTD,10020236
2026-04-01,홍콩,HK1126010854,DREAM INTERNATIONAL LTD,9316802
2026-04-01,홍콩,HK0000651213,ISHARES HS TECH ETF HKD,8963353
2026-04-01,홍콩,HKX601342549,CHINA BRIGHT CULTURE GROUP USD0.00001 (Delisted/BL398Y0) CHAN 970928502 KYG2153C1078,8631000
2026-04-01,홍콩,HK0000637857,GLOBAL X CHINA ROBOTICS AND AI ETF (HKD),8217832
2026-04-01,홍콩,KYG8208B1014,JD.COM INC CL A,8212131
2026-04-01,홍콩,KYG9808A1058,WUXI XDC CAYMAN INC,8208561
2026-04-02,홍콩,KYG875721634,TENCENT HOLDINGS LTD,166010566
2026-04-02,홍콩,CNE1000031W9,GANFENGLITHIUM ORD H,158834376
2026-04-02,홍콩,KYG017191142,ALIBABA GROUP HOLDING LTD,129273275
2026-04-02,홍콩,KYG6181S1093,00100,117789056
2026-04-02,홍콩,KYG8020E1199,SEMICONDUCTOR MANUFACTURING INTL CORP,104843422
2026-04-02,홍콩,CNE100000296,BYD CO LTD-H,100789378
2026-04-02,홍콩,HK0000637832,GLOBAL X CHINA SEMICONDUCTOR ETF (HKD),89955071
2026-04-02,홍콩,CNE100005F09,TIANQI LITHIUM CORP,85418996
2026-04-02,홍콩,KYG9830T1067,XIAOMI CORP,57822286
2026-04-02,홍콩,HK0001205258,XL2CSOPHYNIX,55916498
2026-04-02,홍콩,HK0001121349,XL2CSOPSMSN,48211198
2026-04-02,홍콩,HK0000562659,GLOBAL X CHINA ELECTRIC VEHICLE AND BATTERY ETF (HKD),47137236
2026-04-02,홍콩,CNE100004YZ4,CTG DUTY-FREE,43666637
2026-04-02,홍콩,CNE100006CQ4,Ubtech Robotics Ord Shs H,43106200
2026-04-02,홍콩,HK0001279691,GX CL HK-US,40060800
2026-04-02,홍콩,CNE100000593,PICC PROPERTY AND CASUALTY CO LTD-H,37319250
2026-04-02,홍콩,CNE100007DX6,MONTAGE TECHNOLOGY,32184466
2026-04-02,홍콩,KYG392AS1011,GLOBAL NEW MATERIAL INTL HOLDINGS LTD,30229841
2026-04-02,홍콩,CNE100006WS8,CATL ORD H,30110474
2026-04-02,홍콩,HK0000921236,A GX USD MM,26618443
2026-04-02,홍콩,KYG3777B1032,GEELY AUTOMOBILE HOLDINGS LTD,24802806
2026-04-02,홍콩,HK0001025037,GLOBAL X US Treasury 3-5 Year ETF,23258448
2026-04-02,홍콩,CNE1000003X6,PING AN INSURANCE GROUP CO OF CHINA LTD-H,21204746
2026-04-02,홍콩,CNE100006JG0,LAOPU GOLD,20790866
2026-04-02,홍콩,KYG070341048,BAIDU INC CL A,18602683
2026-04-02,홍콩,HK0000859063,SAMSUNG BLOCKCHAIN TECHNOLOGIES ETF,16361687
2026-04-02,홍콩,HK0000516697,GLOBAL X CHINA BIOTECH ETF (HKD),16304176
2026-04-02,홍콩,HK0000642568,CSOP HANG SENG TECH INDEX ETF (HKD),15780977
2026-04-02,홍콩,HK0000748381,YESASIA HOLDINGS LTD,15336624
2026-04-02,홍콩,HK0941009539,CHINA MOBILE LTD,13119720
2026-04-02,홍콩,KYG596691041,MEITUAN,12839895
2026-04-02,홍콩,HK0000562675,GLOBAL X CHINA CLEAN ENERGY ETF (HKD),12241952
2026-04-02,홍콩,CNE100000304,DONGFANG ELECTRIC CORP LTD-H,12179644
2026-04-02,홍콩,CNE1000076H5,09927,11892355
2026-04-02,홍콩,KYG970081173,WUXI BIOLOGICS CAYMAN INC,11871582
2026-04-02,홍콩,HK0000562634,GLOBAL X CHINA CONSUMER BRAND ETF (HKD),11391099
2026-04-02,홍콩,CNE1000003G1,INDUSTRIAL AND COMMERCIAL BANK OF CHINA LTD-H,11181895
2026-04-02,홍콩,CNE1000003C0,HARBIN ELECTRIC CO LTD-H,10989132
2026-04-02,홍콩,CNE1000003W8,PETROCHINA CO LTD-H,10944919
2026-04-02,홍콩,HKX566362888,PING AN SECURITIE HKD0.01 HKD0.01 CHAN 009837742 BMG7115B1211,10748537
2026-04-02,홍콩,HK0000516713,GLOBAL X CHINA CLOUD COMPUTING ETF (HKD),10286379
2026-04-02,홍콩,KYG3774X1088,GCL TECHNOLOGY HOLDINGS LTD,10018043
2026-04-02,홍콩,HK1126010854,DREAM INTERNATIONAL LTD,9178081
2026-04-02,홍콩,HK0000651213,ISHARES HS TECH ETF HKD,8871391
2026-04-02,홍콩,HKX601342549,CHINA BRIGHT CULTURE GROUP USD0.00001 (Delisted/BL398Y0) CHAN 970928502 KYG2153C1078,8631000
2026-04-02,홍콩,KYG8208B1014,JD.COM INC CL A,8139055
2026-04-02,홍콩,KYG9808A1058,WUXI XDC CAYMAN INC,8109173
2026-04-02,홍콩,HK0000637857,GLOBAL X CHINA ROBOTICS AND AI ETF (HKD),7976881
2026-04-02,홍콩,KYG982AW1003,XPENG INC,7625122
2026-04-02,홍콩,CNE1000001Z5,BANK OF CHINA LTD-H,7012323
2026-04-03,홍콩,KYG875721634,TENCENT HOLDINGS LTD,166016207
2026-04-03,홍콩,CNE1000031W9,GANFENGLITHIUM ORD H,158839773
2026-04-03,홍콩,KYG017191142,ALIBABA GROUP HOLDING LTD,129277667
2026-04-03,홍콩,KYG6181S1093,00100,117793058
2026-04-03,홍콩,KYG8020E1199,SEMICONDUCTOR MANUFACTURING INTL CORP,104846984
2026-04-03,홍콩,CNE100000296,BYD CO LTD-H,100792803
2026-04-03,홍콩,HK0000637832,GLOBAL X CHINA SEMICONDUCTOR ETF (HKD),89958128
2026-04-03,홍콩,CNE100005F09,TIANQI LITHIUM CORP,85421899
2026-04-03,홍콩,KYG9830T1067,XIAOMI CORP,57824251
2026-04-03,홍콩,HK0001205258,XL2CSOPHYNIX,55918398
2026-04-03,홍콩,HK0001121349,XL2CSOPSMSN,48212837
2026-04-03,홍콩,HK0000562659,GLOBAL X CHINA ELECTRIC VEHICLE AND BATTERY ETF (HKD),47138837
2026-04-03,홍콩,CNE100004YZ4,CTG DUTY-FREE,43668121
2026-04-03,홍콩,CNE100006CQ4,Ubtech Robotics Ord Shs H,43107665
2026-04-03,홍콩,HK0001279691,GX CL HK-US,40060800
2026-04-03,홍콩,CNE100000593,PICC PROPERTY AND CASUALTY CO LTD-H,37320518
2026-04-03,홍콩,CNE100007DX6,MONTAGE TECHNOLOGY,32185559
2026-04-03,홍콩,KYG392AS1011,GLOBAL NEW MATERIAL INTL HOLDINGS LTD,30230868
2026-04-03,홍콩,CNE100006WS8,CATL ORD H,30111498
2026-04-03,홍콩,HK0000921236,A GX USD MM,26619347
2026-04-03,홍콩,KYG3777B1032,GEELY AUTOMOBILE HOLDINGS LTD,24803649
2026-04-03,홍콩,HK0001025037,GLOBAL X US Treasury 3-5 Year ETF,23259238
2026-04-03,홍콩,CNE1000003X6,PING AN INSURANCE GROUP CO OF CHINA LTD-H,21205466
2026-04-03,홍콩,CNE100006JG0,LAOPU GOLD,20791573
2026-04-03,홍콩,KYG070341048,BAIDU INC CL A,18603315
2026-04-03,홍콩,HK0000859063,SAMSUNG BLOCKCHAIN TECHNOLOGIES ETF,16362243
2026-04-03,홍콩,HK0000516697,GLOBAL X CHINA BIOTECH ETF (HKD),16304730
2026-04-03,홍콩,HK0000642568,CSOP HANG SENG TECH INDEX ETF (HKD),15781513
2026-04-03,홍콩,HK0000748381,YESASIA HOLDINGS LTD,15337145
2026-04-03,홍콩,HK0941009539,CHINA MOBILE LTD,13120165
2026-04-03,홍콩,KYG596691041,MEITUAN,12840331
2026-04-03,홍콩,HK0000562675,GLOBAL X CHINA CLEAN ENERGY ETF (HKD),12242367
2026-04-03,홍콩,CNE100000304,DONGFANG ELECTRIC CORP LTD-H,12180057
2026-04-03,홍콩,CNE1000076H5,09927,11892759
2026-04-03,홍콩,KYG970081173,WUXI BIOLOGICS CAYMAN INC,11871985
2026-04-03,홍콩,HK0000562634,GLOBAL X CHINA CONSUMER BRAND ETF (HKD),11391486
2026-04-03,홍콩,CNE1000003G1,INDUSTRIAL AND COMMERCIAL BANK OF CHINA LTD-H,11182275
2026-04-03,홍콩,CNE1000003C0,HARBIN ELECTRIC CO LTD-H,10989505
2026-04-03,홍콩,CNE1000003W8,PETROCHINA CO LTD-H,10945291
2026-04-03,홍콩,HKX566362888,PING AN SECURITIE HKD0.01 HKD0.01 CHAN 009837742 BMG7115B1211,10748902
2026-04-03,홍콩,HK0000516713,GLOBAL X CHINA CLOUD COMPUTING ETF (HKD),10286728
2026-04-03,홍콩,KYG3774X1088,GCL TECHNOLOGY HOLDINGS LTD,10018383
2026-04-03,홍콩,HK1126010854,DREAM INTERNATIONAL LTD,9178393
2026-04-03,홍콩,HK0000651213,ISHARES HS TECH ETF HKD,8871692
2026-04-03,홍콩,HKX601342549,CHINA BRIGHT CULTURE GROUP USD0.00001 (Delisted/BL398Y0) CHAN 970928502 KYG2153C1078,8631000
2026-04-03,홍콩,KYG8208B1014,JD.COM INC CL A,8139331
2026-04-03,홍콩,KYG9808A1058,WUXI XDC CAYMAN INC,8109448
2026-04-03,홍콩,HK0000637857,GLOBAL X CHINA ROBOTICS AND AI ETF (HKD),7977152
2026-04-03,홍콩,KYG982AW1003,XPENG INC,7625382
2026-04-03,홍콩,CNE1000001Z5,BANK OF CHINA LTD-H,7012561
2026-04-06,홍콩,KYG875721634,TENCENT HOLDINGS LTD,166015327
2026-04-06,홍콩,CNE1000031W9,GANFENGLITHIUM ORD H,158838932
2026-04-06,홍콩,KYG017191142,ALIBABA GROUP HOLDING LTD,129276982
2026-04-06,홍콩,KYG6181S1093,00100,117792434
2026-04-06,홍콩,KYG8020E1199,SEMICONDUCTOR MANUFACTURING INTL CORP,104846429
2026-04-06,홍콩,CNE100000296,BYD CO LTD-H,100792269
2026-04-06,홍콩,HK0000637832,GLOBAL X CHINA SEMICONDUCTOR ETF (HKD),89957651
2026-04-06,홍콩,CNE100005F09,TIANQI LITHIUM CORP,85421446
2026-04-06,홍콩,KYG9830T1067,XIAOMI CORP,57823945
2026-04-06,홍콩,HK0001205258,XL2CSOPHYNIX,55918102
2026-04-06,홍콩,HK0001121349,XL2CSOPSMSN,48212581
2026-04-06,홍콩,HK0000562659,GLOBAL X CHINA ELECTRIC VEHICLE AND BATTERY ETF (HKD),47138588
2026-04-06,홍콩,CNE100004YZ4,CTG DUTY-FREE,43667889
2026-04-06,홍콩,CNE100006CQ4,Ubtech Robotics Ord Shs H,43107436
2026-04-06,홍콩,HK0001279691,GX CL HK-US,40060800
2026-04-06,홍콩,CNE100000593,PICC PROPERTY AND CASUALTY CO LTD-H,37320321
2026-04-06,홍콩,CNE100007DX6,MONTAGE TECHNOLOGY,32185389
2026-04-06,홍콩,KYG392AS1011,GLOBAL NEW MATERIAL INTL HOLDINGS LTD,30230708
2026-04-06,홍콩,CNE100006WS8,CATL ORD H,30111338
2026-04-06,홍콩,HK0000921236,A GX USD MM,26619206
2026-04-06,홍콩,KYG3777B1032,GEELY AUTOMOBILE HOLDINGS LTD,24803518
2026-04-06,홍콩,HK0001025037,GLOBAL X US Treasury 3-5 Year ETF,23259115
2026-04-06,홍콩,CNE1000003X6,PING AN INSURANCE GROUP CO OF CHINA LTD-H,21205354
2026-04-06,홍콩,CNE100006JG0,LAOPU GOLD,20791463
2026-04-06,홍콩,KYG070341048,BAIDU INC CL A,18603217
2026-04-06,홍콩,HK0000859063,SAMSUNG BLOCKCHAIN TECHNOLOGIES ETF,16362157
2026-04-06,홍콩,HK0000516697,GLOBAL X CHINA BIOTECH ETF (HKD),16304643
2026-04-06,홍콩,HK0000642568,CSOP HANG SENG TECH INDEX ETF (HKD),15781429
2026-04-06,홍콩,HK0000748381,YESASIA HOLDINGS LTD,15337063
2026-04-06,홍콩,HK0941009539,CHINA MOBILE LTD,13120096
2026-04-06,홍콩,KYG596691041,MEITUAN,12840263
2026-04-06,홍콩,HK0000562675,GLOBAL X CHINA CLEAN ENERGY ETF (HKD),12242303
2026-04-06,홍콩,CNE100000304,DONGFANG ELECTRIC CORP LTD-H,12179993
2026-04-06,홍콩,CNE1000076H5,09927,11892696
2026-04-06,홍콩,KYG970081173,WUXI BIOLOGICS CAYMAN INC,11871923
2026-04-06,홍콩,HK0000562634,GLOBAL X CHINA CONSUMER BRAND ETF (HKD),11391425
2026-04-06,홍콩,CNE1000003G1,INDUSTRIAL AND COMMERCIAL BANK OF CHINA LTD-H,11182216
2026-04-06,홍콩,CNE1000003C0,HARBIN ELECTRIC CO LTD-H,10989447
2026-04-06,홍콩,CNE1000003W8,PETROCHINA CO LTD-H,10945233
2026-04-06,홍콩,HKX566362888,PING AN SECURITIE HKD0.01 HKD0.01 CHAN 009837742 BMG7115B1211,10748845
2026-04-06,홍콩,HK0000516713,GLOBAL X CHINA CLOUD COMPUTING ETF (HKD),10286674
2026-04-06,홍콩,KYG3774X1088,GCL TECHNOLOGY HOLDINGS LTD,10018330
2026-04-06,홍콩,HK1126010854,DREAM INTERNATIONAL LTD,9178345
2026-04-06,홍콩,HK0000651213,ISHARES HS TECH ETF HKD,8871645
2026-04-06,홍콩,HKX601342549,CHINA BRIGHT CULTURE GROUP USD0.00001 (Delisted/BL398Y0) CHAN 970928502 KYG2153C1078,8631000
2026-04-06,홍콩,KYG8208B1014,JD.COM INC CL A,8139288
2026-04-06,홍콩,KYG9808A1058,WUXI XDC CAYMAN INC,8109405
2026-04-06,홍콩,HK0000637857,GLOBAL X CHINA ROBOTICS AND AI ETF (HKD),7977109
2026-04-06,홍콩,KYG982AW1003,XPENG INC,7625341
2026-04-06,홍콩,CNE1000001Z5,BANK OF CHINA LTD-H,7012524
2026-04-07,홍콩,KYG875721634,TENCENT HOLDINGS LTD,166024854
2026-04-07,홍콩,CNE1000031W9,GANFENGLITHIUM ORD H,158848046
2026-04-07,홍콩,KYG017191142,ALIBABA GROUP HOLDING LTD,129284401
2026-04-07,홍콩,KYG6181S1093,00100,117799193
2026-04-07,홍콩,KYG8020E1199,SEMICONDUCTOR MANUFACTURING INTL CORP,104852445
2026-04-07,홍콩,CNE100000296,BYD CO LTD-H,100798052
2026-04-07,홍콩,HK0000637832,GLOBAL X CHINA SEMICONDUCTOR ETF (HKD),89962813
2026-04-07,홍콩,CNE100005F09,TIANQI LITHIUM CORP,85426348
2026-04-07,홍콩,KYG9830T1067,XIAOMI CORP,57827263
2026-04-07,홍콩,HK0001205258,XL2CSOPHYNIX,55921310
2026-04-07,홍콩,HK0001121349,XL2CSOPSMSN,48215348
2026-04-07,홍콩,HK0000562659,GLOBAL X CHINA ELECTRIC VEHICLE AND BATTERY ETF (HKD),47141293
2026-04-07,홍콩,CNE100004YZ4,CTG DUTY-FREE,43670395
2026-04-07,홍콩,CNE100006CQ4,Ubtech Robotics Ord Shs H,43109910
2026-04-07,홍콩,HK0001279691,GX CL HK-US,40060800
2026-04-07,홍콩,CNE100000593,PICC PROPERTY AND CASUALTY CO LTD-H,37322462
2026-04-07,홍콩,CNE100007DX6,MONTAGE TECHNOLOGY,32187236
2026-04-07,홍콩,KYG392AS1011,GLOBAL NEW MATERIAL INTL HOLDINGS LTD,30232443
2026-04-07,홍콩,CNE100006WS8,CATL ORD H,30113066
2026-04-07,홍콩,HK0000921236,A GX USD MM,26620734
2026-04-07,홍콩,KYG3777B1032,GEELY AUTOMOBILE HOLDINGS LTD,24804941
2026-04-07,홍콩,HK0001025037,GLOBAL X US Treasury 3-5 Year ETF,23260450
2026-04-07,홍콩,CNE1000003X6,PING AN INSURANCE GROUP CO OF CHINA LTD-H,21206571
2026-04-07,홍콩,CNE100006JG0,LAOPU GOLD,20792656
2026-04-07,홍콩,KYG070341048,BAIDU INC CL A,18604284
2026-04-07,홍콩,HK0000859063,SAMSUNG BLOCKCHAIN TECHNOLOGIES ETF,16363095
2026-04-07,홍콩,HK0000516697,GLOBAL X CHINA BIOTECH ETF (HKD),16305579
2026-04-07,홍콩,HK0000642568,CSOP HANG SENG TECH INDEX ETF (HKD),15782335
2026-04-07,홍콩,HK0000748381,YESASIA HOLDINGS LTD,15337944
2026-04-07,홍콩,HK0941009539,CHINA MOBILE LTD,13120849
2026-04-07,홍콩,KYG596691041,MEITUAN,12841000
2026-04-07,홍콩,HK0000562675,GLOBAL X CHINA CLEAN ENERGY ETF (HKD),12243005
2026-04-07,홍콩,CNE100000304,DONGFANG ELECTRIC CORP LTD-H,12180692
2026-04-07,홍콩,CNE1000076H5,09927,11893378
2026-04-07,홍콩,KYG970081173,WUXI BIOLOGICS CAYMAN INC,11872604
2026-04-07,홍콩,HK0000562634,GLOBAL X CHINA CONSUMER BRAND ETF (HKD),11392079
2026-04-07,홍콩,CNE1000003G1,INDUSTRIAL AND COMMERCIAL BANK OF CHINA LTD-H,11182858
2026-04-07,홍콩,CNE1000003C0,HARBIN ELECTRIC CO LTD-H,10990078
2026-04-07,홍콩,CNE1000003W8,PETROCHINA CO LTD-H,10945861
2026-04-07,홍콩,HKX566362888,PING AN SECURITIE HKD0.01 HKD0.01 CHAN 009837742 BMG7115B1211,10749462
2026-04-07,홍콩,HK0000516713,GLOBAL X CHINA CLOUD COMPUTING ETF (HKD),10287264
2026-04-07,홍콩,KYG3774X1088,GCL TECHNOLOGY HOLDINGS LTD,10018905
2026-04-07,홍콩,HK1126010854,DREAM INTERNATIONAL LTD,9178871
2026-04-07,홍콩,HK0000651213,ISHARES HS TECH ETF HKD,8872154
2026-04-07,홍콩,HKX601342549,CHINA BRIGHT CULTURE GROUP USD0.00001 (Delisted/BL398Y0) CHAN 970928502 KYG2153C1078,8631000
2026-04-07,홍콩,KYG8208B1014,JD.COM INC CL A,8139755
2026-04-07,홍콩,KYG9808A1058,WUXI XDC CAYMAN INC,8109870
2026-04-07,홍콩,HK0000637857,GLOBAL X CHINA ROBOTICS AND AI ETF (HKD),7977567
2026-04-07,홍콩,KYG982AW1003,XPENG INC,7625779
2026-04-07,홍콩,CNE1000001Z5,BANK OF CHINA LTD-H,7012927
2026-04-08,홍콩,KYG875721634,TENCENT HOLDINGS LTD,170301741
2026-04-08,홍콩,CNE1000031W9,GANFENGLITHIUM ORD H,167462454
2026-04-08,홍콩,KYG017191142,ALIBABA GROUP HOLDING LTD,138133635
2026-04-08,홍콩,KYG6181S1093,00100,124087879
2026-04-08,홍콩,KYG8020E1199,SEMICONDUCTOR MANUFACTURING INTL CORP,116537541
2026-04-08,홍콩,CNE100000296,BYD CO LTD-H,103253395
2026-04-08,홍콩,HK0000637832,GLOBAL X CHINA SEMICONDUCTOR ETF (HKD),97836082
2026-04-08,홍콩,CNE100005F09,TIANQI LITHIUM CORP,90215383
2026-04-08,홍콩,HK0001205258,XL2CSOPHYNIX,82911031
2026-04-08,홍콩,HK0001121349,XL2CSOPSMSN,64454685
2026-04-08,홍콩,KYG9830T1067,XIAOMI CORP,58954694
2026-04-08,홍콩,CNE100006CQ4,Ubtech Robotics Ord Shs H,46108671
2026-04-08,홍콩,CNE100004YZ4,CTG DUTY-FREE,44590326
2026-04-08,홍콩,HK0001279691,GX CL HK-US,41121600
2026-04-08,홍콩,HK0000562659,GLOBAL X CHINA ELECTRIC VEHICLE AND BATTERY ETF (HKD),39024365
2026-04-08,홍콩,CNE100000593,PICC PROPERTY AND CASUALTY CO LTD-H,38902849
2026-04-08,홍콩,CNE100007DX6,MONTAGE TECHNOLOGY,36791351
2026-04-08,홍콩,CNE100006WS8,CATL ORD H,31526306
2026-04-08,홍콩,KYG392AS1011,GLOBAL NEW MATERIAL INTL HOLDINGS LTD,31044729
2026-04-08,홍콩,KYG3777B1032,GEELY AUTOMOBILE HOLDINGS LTD,24742070
2026-04-08,홍콩,HK0001025037,GLOBAL X US Treasury 3-5 Year ETF,23322721
2026-04-08,홍콩,CNE1000003X6,PING AN INSURANCE GROUP CO OF CHINA LTD-H,21929368
2026-04-08,홍콩,CNE100006JG0,LAOPU GOLD,21347720
2026-04-08,홍콩,KYG070341048,BAIDU INC CL A,19098969
2026-04-08,홍콩,HK0000859063,SAMSUNG BLOCKCHAIN TECHNOLOGIES ETF,17920974
2026-04-08,홍콩,HK0000516697,GLOBAL X CHINA BIOTECH ETF (HKD),16219152
2026-04-08,홍콩,HK0000642568,CSOP HANG SENG TECH INDEX ETF (HKD),16192414
2026-04-08,홍콩,HK0000748381,YESASIA HOLDINGS LTD,15293604
2026-04-08,홍콩,CNE100000304,DONGFANG ELECTRIC CORP LTD-H,14319760
2026-04-08,홍콩,KYG596691041,MEITUAN,13848379
2026-04-08,홍콩,HK0941009539,CHINA MOBILE LTD,13275673
2026-04-08,홍콩,KYG970081173,WUXI BIOLOGICS CAYMAN INC,12974996
2026-04-08,홍콩,HK0000562675,GLOBAL X CHINA CLEAN ENERGY ETF (HKD),12470509
2026-04-08,홍콩,CNE1000003C0,HARBIN ELECTRIC CO LTD-H,12448098
2026-04-08,홍콩,CNE1000076H5,09927,12378356
2026-04-08,홍콩,HK0000562634,GLOBAL X CHINA CONSUMER BRAND ETF (HKD),11647236
2026-04-08,홍콩,CNE1000003G1,INDUSTRIAL AND COMMERCIAL BANK OF CHINA LTD-H,10995656
2026-04-08,홍콩,HK0000516713,GLOBAL X CHINA CLOUD COMPUTING ETF (HKD),10830057
2026-04-08,홍콩,HKX566362888,PING AN SECURITIE HKD0.01 HKD0.01 CHAN 009837742 BMG7115B1211,10751197
2026-04-08,홍콩,CNE1000003W8,PETROCHINA CO LTD-H,10618270
2026-04-08,홍콩,KYG3774X1088,GCL TECHNOLOGY HOLDINGS LTD,10353448
2026-04-08,홍콩,HK0000218211,HUA HONG SEMICONDUCTOR LTD,10081096
2026-04-08,홍콩,HK1126010854,DREAM INTERNATIONAL LTD,9652357
2026-04-08,홍콩,HK0000651213,ISHARES HS TECH ETF HKD,9358283
2026-04-08,홍콩,HKX601342549,CHINA BRIGHT CULTURE GROUP USD0.00001 (Delisted/BL398Y0) CHAN 970928502 KYG2153C1078,8631000
2026-04-08,홍콩,HK0000637857,GLOBAL X CHINA ROBOTICS AND AI ETF (HKD),8536494
2026-04-08,홍콩,CNE1000023C8,CHINA ENERGY ENGINEERING CORP LTD-H,8249106
2026-04-08,홍콩,KYG8208B1014,JD.COM INC CL A,8209857
2026-04-08,홍콩,KYG9808A1058,WUXI XDC CAYMAN INC,8021638
2026-04-08,홍콩,KYG982AW1003,XPENG INC,7966543
2026-04-09,홍콩,CNE1000031W9,GANFENGLITHIUM ORD H,169506080
2026-04-09,홍콩,KYG875721634,TENCENT HOLDINGS LTD,167842525
2026-04-09,홍콩,KYG8020E1199,SEMICONDUCTOR MANUFACTURING INTL CORP,154453964
2026-04-09,홍콩,KYG017191142,ALIBABA GROUP HOLDING LTD,131459606
2026-04-09,홍콩,KYG6181S1093,00100,124044786
2026-04-09,홍콩,HK0000637832,GLOBAL X CHINA SEMICONDUCTOR ETF (HKD),98725621
2026-04-09,홍콩,CNE100000296,BYD CO LTD-H,98061932
2026-04-09,홍콩,CNE100005F09,TIANQI LITHIUM CORP,90849855
2026-04-09,홍콩,HK0001205258,XL2CSOPHYNIX,74599374
2026-04-09,홍콩,HK0001121349,XL2CSOPSMSN,60783274
2026-04-09,홍콩,KYG9830T1067,XIAOMI CORP,56397216
2026-04-09,홍콩,CNE100006CQ4,Ubtech Robotics Ord Shs H,45755219
2026-04-09,홍콩,CNE100004YZ4,CTG DUTY-FREE,42612567
2026-04-09,홍콩,HK0001279691,GX CL HK-US,41121600
2026-04-09,홍콩,HK0000562659,GLOBAL X CHINA ELECTRIC VEHICLE AND BATTERY ETF (HKD),39509153
2026-04-09,홍콩,CNE100000593,PICC PROPERTY AND CASUALTY CO LTD-H,38787269
2026-04-09,홍콩,CNE100007DX6,MONTAGE TECHNOLOGY,35855278
2026-04-09,홍콩,CNE100006WS8,CATL ORD H,31450035
2026-04-09,홍콩,KYG392AS1011,GLOBAL NEW MATERIAL INTL HOLDINGS LTD,30254623
2026-04-09,홍콩,KYG3777B1032,GEELY AUTOMOBILE HOLDINGS LTD,24893073
2026-04-09,홍콩,HK0001025037,GLOBAL X US Treasury 3-5 Year ETF,23344429
2026-04-09,홍콩,CNE1000003X6,PING AN INSURANCE GROUP CO OF CHINA LTD-H,21889170
2026-04-09,홍콩,CNE100006JG0,LAOPU GOLD,20978337
2026-04-09,홍콩,HK0000859063,SAMSUNG BLOCKCHAIN TECHNOLOGIES ETF,17752362
2026-04-09,홍콩,KYG070341048,BAIDU INC CL A,17014687
2026-04-09,홍콩,HK0000516697,GLOBAL X CHINA BIOTECH ETF (HKD),15973452
2026-04-09,홍콩,HK0000748381,YESASIA HOLDINGS LTD,15698902
2026-04-09,홍콩,CNE100000304,DONGFANG ELECTRIC CORP LTD-H,14817595
2026-04-09,홍콩,HK0000642568,CSOP HANG SENG TECH INDEX ETF (HKD),14441154
2026-04-09,홍콩,KYG970081173,WUXI BIOLOGICS CAYMAN INC,13358054
2026-04-09,홍콩,HK0941009539,CHINA MOBILE LTD,13334985
2026-04-09,홍콩,KYG596691041,MEITUAN,13042677
2026-04-09,홍콩,HK0000562675,GLOBAL X CHINA CLEAN ENERGY ETF (HKD),12289927
2026-04-09,홍콩,CNE1000003C0,HARBIN ELECTRIC CO LTD-H,12249476
2026-04-09,홍콩,CNE1000076H5,09927,12022938
2026-04-09,홍콩,HK0000562634,GLOBAL X CHINA CONSUMER BRAND ETF (HKD),11524377
2026-04-09,홍콩,CNE1000003G1,INDUSTRIAL AND COMMERCIAL BANK OF CHINA LTD-H,11116279
2026-04-09,홍콩,CNE1000003W8,PETROCHINA CO LTD-H,10975894
2026-04-09,홍콩,HKX566362888,PING AN SECURITIE HKD0.01 HKD0.01 CHAN 009837742 BMG7115B1211,10757348
2026-04-09,홍콩,HK0000516713,GLOBAL X CHINA CLOUD COMPUTING ETF (HKD),10640135
2026-04-09,홍콩,KYG3774X1088,GCL TECHNOLOGY HOLDINGS LTD,10475053
2026-04-09,홍콩,HK0000218211,HUA HONG SEMICONDUCTOR LTD,9922389
2026-04-09,홍콩,HK1126010854,DREAM INTERNATIONAL LTD,9779319
2026-04-09,홍콩,HK0000651213,ISHARES HS TECH ETF HKD,9146799
2026-04-09,홍콩,HKX601342549,CHINA BRIGHT CULTURE GROUP USD0.00001 (Delisted/BL398Y0) CHAN 970928502 KYG2153C1078,8631000
2026-04-09,홍콩,HK0000637857,GLOBAL X CHINA ROBOTICS AND AI ETF (HKD),8510595
2026-04-09,홍콩,CNE1000023C8,CHINA ENERGY ENGINEERING CORP LTD-H,8125747
2026-04-09,홍콩,KYG9808A1058,WUXI XDC CAYMAN INC,8088492
2026-04-09,홍콩,KYG8208B1014,JD.COM INC CL A,8057244
2026-04-09,홍콩,KYG982AW1003,XPENG INC,7543826
2026-04-10,홍콩,CNE1000031W9,GANFENGLITHIUM ORD H,172885742
2026-04-10,홍콩,KYG875721634,TENCENT HOLDINGS LTD,165071778
2026-04-10,홍콩,KYG8020E1199,SEMICONDUCTOR MANUFACTURING INTL CORP,163703023
2026-04-10,홍콩,KYG017191142,ALIBABA GROUP HOLDING LTD,136750099
2026-04-10,홍콩,KYG6181S1093,00100,124029386
2026-04-10,홍콩,CNE100000296,BYD CO LTD-H,100875875
2026-04-10,홍콩,HK0000637832,GLOBAL X CHINA SEMICONDUCTOR ETF (HKD),100179246
2026-04-10,홍콩,CNE100005F09,TIANQI LITHIUM CORP,92563028
2026-04-10,홍콩,HK0001205258,XL2CSOPHYNIX,78630363
2026-04-10,홍콩,HK0001121349,XL2CSOPSMSN,62043847
2026-04-10,홍콩,KYG9830T1067,XIAOMI CORP,55451231
2026-04-10,홍콩,CNE100006CQ4,Ubtech Robotics Ord Shs H,46648026
2026-04-10,홍콩,CNE100004YZ4,CTG DUTY-FREE,42687473
2026-04-10,홍콩,HK0001279691,GX CL HK-US,41246400
2026-04-10,홍콩,HK0000562659,GLOBAL X CHINA ELECTRIC VEHICLE AND BATTERY ETF (HKD),40667352
2026-04-10,홍콩,CNE100000593,PICC PROPERTY AND CASUALTY CO LTD-H,38892203
2026-04-10,홍콩,CNE100007DX6,MONTAGE TECHNOLOGY,36522631
2026-04-10,홍콩,CNE100006WS8,CATL ORD H,34379904
2026-04-10,홍콩,KYG392AS1011,GLOBAL NEW MATERIAL INTL HOLDINGS LTD,30366417
2026-04-10,홍콩,KYG3777B1032,GEELY AUTOMOBILE HOLDINGS LTD,24467883
2026-04-10,홍콩,HK0001025037,GLOBAL X US Treasury 3-5 Year ETF,23266770
2026-04-10,홍콩,CNE1000003X6,PING AN INSURANCE GROUP CO OF CHINA LTD-H,22067379
2026-04-10,홍콩,CNE100006JG0,LAOPU GOLD,21188658
2026-04-10,홍콩,HK0000859063,SAMSUNG BLOCKCHAIN TECHNOLOGIES ETF,17854162
2026-04-10,홍콩,KYG070341048,BAIDU INC CL A,17112190
2026-04-10,홍콩,HK0000516697,GLOBAL X CHINA BIOTECH ETF (HKD),16093699
2026-04-10,홍콩,HK0000748381,YESASIA HOLDINGS LTD,15335761
2026-04-10,홍콩,CNE100000304,DONGFANG ELECTRIC CORP LTD-H,14832487
2026-04-10,홍콩,HK0000642568,CSOP HANG SENG TECH INDEX ETF (HKD),14566584
2026-04-10,홍콩,HK0941009539,CHINA MOBILE LTD,13374694
2026-04-10,홍콩,KYG596691041,MEITUAN,12581726
2026-04-10,홍콩,HK0000562675,GLOBAL X CHINA CLEAN ENERGY ETF (HKD),12377585
2026-04-10,홍콩,KYG970081173,WUXI BIOLOGICS CAYMAN INC,12137334
2026-04-10,홍콩,CNE1000076H5,09927,12072071
2026-04-10,홍콩,HK0000562634,GLOBAL X CHINA CONSUMER BRAND ETF (HKD),11525044
2026-04-10,홍콩,CNE1000003C0,HARBIN ELECTRIC CO LTD-H,11244739
2026-04-10,홍콩,CNE1000003G1,INDUSTRIAL AND COMMERCIAL BANK OF CHINA LTD-H,10911041
2026-04-10,홍콩,CNE1000003W8,PETROCHINA CO LTD-H,10854178
2026-04-10,홍콩,HKX566362888,PING AN SECURITIE HKD0.01 HKD0.01 CHAN 009837742 BMG7115B1211,10754024
2026-04-10,홍콩,KYG3774X1088,GCL TECHNOLOGY HOLDINGS LTD,10536241
2026-04-10,홍콩,HK0000516713,GLOBAL X CHINA CLOUD COMPUTING ETF (HKD),10504406
2026-04-10,홍콩,HK0000218211,HUA HONG SEMICONDUCTOR LTD,10226476
2026-04-10,홍콩,HK1126010854,DREAM INTERNATIONAL LTD,9964626
2026-04-10,홍콩,HK0000651213,ISHARES HS TECH ETF HKD,9207940
2026-04-10,홍콩,HKX601342549,CHINA BRIGHT CULTURE GROUP USD0.00001 (Delisted/BL398Y0) CHAN 970928502 KYG2153C1078,8631000
2026-04-10,홍콩,HK0000637857,GLOBAL X CHINA ROBOTICS AND AI ETF (HKD),8551349
2026-04-10,홍콩,KYG9808A1058,WUXI XDC CAYMAN INC,8330622
2026-04-10,홍콩,KYG8208B1014,JD.COM INC CL A,8198500
2026-04-10,홍콩,CNE1000023C8,CHINA ENERGY ENGINEERING CORP LTD-H,8098768
2026-04-10,홍콩,KYG982AW1003,XPENG INC,7607849
2026-04-13,홍콩,CNE1000031W9,GANFENGLITHIUM ORD H,174577984
2026-04-13,홍콩,KYG875721634,TENCENT HOLDINGS LTD,161968941
2026-04-13,홍콩,KYG017191142,ALIBABA GROUP HOLDING LTD,132108161
2026-04-13,홍콩,KYG6181S1093,00100,119385250
2026-04-13,홍콩,CNE100000296,BYD CO LTD-H,105846978
2026-04-13,홍콩,KYG8020E1199,SEMICONDUCTOR MANUFACTURING INTL CORP,104912951
2026-04-13,홍콩,HK0000637832,GLOBAL X CHINA SEMICONDUCTOR ETF (HKD),100408387
2026-04-13,홍콩,CNE100005F09,TIANQI LITHIUM CORP,98940008
2026-04-13,홍콩,HK0001205258,XL2CSOPHYNIX,80780788
2026-04-13,홍콩,HK0001121349,XL2CSOPSMSN,59674529
2026-04-13,홍콩,KYG9830T1067,XIAOMI CORP,55091969
2026-04-13,홍콩,CNE100006CQ4,Ubtech Robotics Ord Shs H,45660027
2026-04-13,홍콩,CNE100004YZ4,CTG DUTY-FREE,42428543
2026-04-13,홍콩,HK0001279691,GX CL HK-US,41246400
2026-04-13,홍콩,HK0000562659,GLOBAL X CHINA ELECTRIC VEHICLE AND BATTERY ETF (HKD),40305656
2026-04-13,홍콩,CNE100007DX6,MONTAGE TECHNOLOGY,39032703
2026-04-13,홍콩,CNE100000593,PICC PROPERTY AND CASUALTY CO LTD-H,38353956
2026-04-13,홍콩,CNE100006WS8,CATL ORD H,34459801
2026-04-13,홍콩,KYG392AS1011,GLOBAL NEW MATERIAL INTL HOLDINGS LTD,31871632
2026-04-13,홍콩,KYG3777B1032,GEELY AUTOMOBILE HOLDINGS LTD,24341691
2026-04-13,홍콩,HK0001025037,GLOBAL X US Treasury 3-5 Year ETF,23274892
2026-04-13,홍콩,CNE1000003X6,PING AN INSURANCE GROUP CO OF CHINA LTD-H,21683040
2026-04-13,홍콩,CNE100006JG0,LAOPU GOLD,20345380
2026-04-13,홍콩,HK0000859063,SAMSUNG BLOCKCHAIN TECHNOLOGIES ETF,17645748
2026-04-13,홍콩,KYG070341048,BAIDU INC CL A,16917671
2026-04-13,홍콩,HK0000748381,YESASIA HOLDINGS LTD,16461681
2026-04-13,홍콩,HK0000516697,GLOBAL X CHINA BIOTECH ETF (HKD),15956281
2026-04-13,홍콩,CNE100000304,DONGFANG ELECTRIC CORP LTD-H,15340636
2026-04-13,홍콩,HK0000642568,CSOP HANG SENG TECH INDEX ETF (HKD),14453668
2026-04-13,홍콩,HK0941009539,CHINA MOBILE LTD,13576125
2026-04-13,홍콩,KYG596691041,MEITUAN,12504014
2026-04-13,홍콩,HK0000562675,GLOBAL X CHINA CLEAN ENERGY ETF (HKD),12429586
2026-04-13,홍콩,CNE1000076H5,09927,12159361
2026-04-13,홍콩,KYG970081173,WUXI BIOLOGICS CAYMAN INC,11805744
2026-04-13,홍콩,HK0000562634,GLOBAL X CHINA CONSUMER BRAND ETF (HKD),11459389
2026-04-13,홍콩,CNE1000003W8,PETROCHINA CO LTD-H,11023276
2026-04-13,홍콩,HK0000218211,HUA HONG SEMICONDUCTOR LTD,10941752
2026-04-13,홍콩,CNE1000003G1,INDUSTRIAL AND COMMERCIAL BANK OF CHINA LTD-H,10930509
2026-04-13,홍콩,CNE1000003C0,HARBIN ELECTRIC CO LTD-H,10886492
2026-04-13,홍콩,HKX566362888,PING AN SECURITIE HKD0.01 HKD0.01 CHAN 009837742 BMG7115B1211,10757778
2026-04-13,홍콩,KYG3774X1088,GCL TECHNOLOGY HOLDINGS LTD,10747715
2026-04-13,홍콩,HK0000516713,GLOBAL X CHINA CLOUD COMPUTING ETF (HKD),10483241
2026-04-13,홍콩,HK1126010854,DREAM INTERNATIONAL LTD,9680312
2026-04-13,홍콩,HK0000651213,ISHARES HS TECH ETF HKD,9138781
2026-04-13,홍콩,HKX601342549,CHINA BRIGHT CULTURE GROUP USD0.00001 (Delisted/BL398Y0) CHAN 970928502 KYG2153C1078,8631000
2026-04-13,홍콩,HK0000637857,GLOBAL X CHINA ROBOTICS AND AI ETF (HKD),8519691
2026-04-13,홍콩,KYG8208B1014,JD.COM INC CL A,8269643
2026-04-13,홍콩,KYG9808A1058,WUXI XDC CAYMAN INC,8148341
2026-04-13,홍콩,KYG982AW1003,XPENG INC,7657079
2026-04-13,홍콩,CNE1000023C8,CHINA ENERGY ENGINEERING CORP LTD-H,7655378
2026-04-14,홍콩,CNE1000031W9,GANFENGLITHIUM ORD H,180588203
2026-04-14,홍콩,KYG875721634,TENCENT HOLDINGS LTD,161140710
2026-04-14,홍콩,KYG017191142,ALIBABA GROUP HOLDING LTD,133424331
2026-04-14,홍콩,KYG6181S1093,00100,118226633
2026-04-14,홍콩,KYG8020E1199,SEMICONDUCTOR MANUFACTURING INTL CORP,108403630
2026-04-14,홍콩,CNE100000296,BYD CO LTD-H,104867214
2026-04-14,홍콩,CNE100005F09,TIANQI LITHIUM CORP,104274888
2026-04-14,홍콩,HK0000637832,GLOBAL X CHINA SEMICONDUCTOR ETF (HKD),103735052
2026-04-14,홍콩,HK0001205258,XL2CSOPHYNIX,94249188
2026-04-14,홍콩,HK0001121349,XL2CSOPSMSN,62535098
2026-04-14,홍콩,KYG9830T1067,XIAOMI CORP,55575139
2026-04-14,홍콩,CNE100006CQ4,Ubtech Robotics Ord Shs H,46045958
2026-04-14,홍콩,CNE100004YZ4,CTG DUTY-FREE,42741833
2026-04-14,홍콩,HK0001279691,GX CL HK-US,41745600
2026-04-14,홍콩,HK0000562659,GLOBAL X CHINA ELECTRIC VEHICLE AND BATTERY ETF (HKD),41085895
2026-04-14,홍콩,CNE100000593,PICC PROPERTY AND CASUALTY CO LTD-H,38694571
2026-04-14,홍콩,CNE100007DX6,MONTAGE TECHNOLOGY,38444238
2026-04-14,홍콩,CNE100006WS8,CATL ORD H,34625228
2026-04-14,홍콩,KYG392AS1011,GLOBAL NEW MATERIAL INTL HOLDINGS LTD,31064234
2026-04-14,홍콩,KYG3777B1032,GEELY AUTOMOBILE HOLDINGS LTD,24177871
2026-04-14,홍콩,HK0001025037,GLOBAL X US Treasury 3-5 Year ETF,23333728
2026-04-14,홍콩,CNE1000003X6,PING AN INSURANCE GROUP CO OF CHINA LTD-H,22265167
2026-04-14,홍콩,CNE100006JG0,LAOPU GOLD,19581890
2026-04-14,홍콩,HK0000859063,SAMSUNG BLOCKCHAIN TECHNOLOGIES ETF,18871328
2026-04-14,홍콩,KYG070341048,BAIDU INC CL A,17503615
2026-04-14,홍콩,HK0000748381,YESASIA HOLDINGS LTD,16889581
2026-04-14,홍콩,HK0000516697,GLOBAL X CHINA BIOTECH ETF (HKD),16135811
2026-04-14,홍콩,HK0000642568,CSOP HANG SENG TECH INDEX ETF (HKD),14530662
2026-04-14,홍콩,KYG970081173,WUXI BIOLOGICS CAYMAN INC,13776407
2026-04-14,홍콩,HK0941009539,CHINA MOBILE LTD,13652672
2026-04-14,홍콩,CNE100000304,DONGFANG ELECTRIC CORP LTD-H,13576773
2026-04-14,홍콩,HK0000562675,GLOBAL X CHINA CLEAN ENERGY ETF (HKD),12553033
2026-04-14,홍콩,KYG596691041,MEITUAN,12255214
2026-04-14,홍콩,CNE1000076H5,09927,12136900
2026-04-14,홍콩,HK0000562634,GLOBAL X CHINA CONSUMER BRAND ETF (HKD),11533673
2026-04-14,홍콩,CNE1000003C0,HARBIN ELECTRIC CO LTD-H,11146304
2026-04-14,홍콩,CNE1000003G1,INDUSTRIAL AND COMMERCIAL BANK OF CHINA LTD-H,11009883
2026-04-14,홍콩,CNE1000003W8,PETROCHINA CO LTD-H,10952017
2026-04-14,홍콩,HKX566362888,PING AN SECURITIE HKD0.01 HKD0.01 CHAN 009837742 BMG7115B1211,10757952
2026-04-14,홍콩,HK0000516713,GLOBAL X CHINA CLOUD COMPUTING ETF (HKD),10697946
2026-04-14,홍콩,HK0000218211,HUA HONG SEMICONDUCTOR LTD,10265643
2026-04-14,홍콩,KYG3774X1088,GCL TECHNOLOGY HOLDINGS LTD,10186717
2026-04-14,홍콩,HK1126010854,DREAM INTERNATIONAL LTD,9815736
2026-04-14,홍콩,HK0000651213,ISHARES HS TECH ETF HKD,9212997
2026-04-14,홍콩,HK0000637857,GLOBAL X CHINA ROBOTICS AND AI ETF (HKD),8750256
2026-04-14,홍콩,HKX601342549,CHINA BRIGHT CULTURE GROUP USD0.00001 (Delisted/BL398Y0) CHAN 970928502 KYG2153C1078,8631000
2026-04-14,홍콩,KYG8208B1014,JD.COM INC CL A,8503793
2026-04-14,홍콩,KYG9808A1058,WUXI XDC CAYMAN INC,8499015
2026-04-14,홍콩,KYG982AW1003,XPENG INC,7544407
2026-04-14,홍콩,BMG8437G3195,CHINA STAR ENTERTAINMENT LTD PARI 39532707614 HKEX2902XXX2 BMG8437G3278,7434416
2026-04-15,홍콩,CNE1000031W9,GANFENGLITHIUM ORD H,171562906
2026-04-15,홍콩,KYG875721634,TENCENT HOLDINGS LTD,163093229
2026-04-15,홍콩,KYG017191142,ALIBABA GROUP HOLDING LTD,137706400
2026-04-15,홍콩,KYG8020E1199,SEMICONDUCTOR MANUFACTURING INTL CORP,108749258
2026-04-15,홍콩,KYG6181S1093,00100,105323420
2026-04-15,홍콩,CNE100000296,BYD CO LTD-H,102707975
2026-04-15,홍콩,HK0000637832,GLOBAL X CHINA SEMICONDUCTOR ETF (HKD),102606270
2026-04-15,홍콩,CNE100005F09,TIANQI LITHIUM CORP,99003527
2026-04-15,홍콩,HK0001205258,XL2CSOPHYNIX,95813788
2026-04-15,홍콩,HK0001121349,XL2CSOPSMSN,64120009
2026-04-15,홍콩,KYG9830T1067,XIAOMI CORP,55540624
2026-04-15,홍콩,HK0001281473,CSOP HKJPCF,50168915
2026-04-15,홍콩,CNE100006CQ4,Ubtech Robotics Ord Shs H,45251256
2026-04-15,홍콩,CNE100004YZ4,CTG DUTY-FREE,43122687
2026-04-15,홍콩,HK0001279691,GX CL HK-US,41932800
2026-04-15,홍콩,HK0000562659,GLOBAL X CHINA ELECTRIC VEHICLE AND BATTERY ETF (HKD),40405764
2026-04-15,홍콩,CNE100000593,PICC PROPERTY AND CASUALTY CO LTD-H,37629921
2026-04-15,홍콩,CNE100007DX6,MONTAGE TECHNOLOGY,36400052
2026-04-15,홍콩,CNE100006WS8,CATL ORD H,35248977
2026-04-15,홍콩,KYG392AS1011,GLOBAL NEW MATERIAL INTL HOLDINGS LTD,29479863
2026-04-15,홍콩,HK0001025037,GLOBAL X US Treasury 3-5 Year ETF,23326652
2026-04-15,홍콩,KYG3777B1032,GEELY AUTOMOBILE HOLDINGS LTD,23217175
2026-04-15,홍콩,CNE1000003X6,PING AN INSURANCE GROUP CO OF CHINA LTD-H,22020062
2026-04-15,홍콩,CNE100006JG0,LAOPU GOLD,20912089
2026-04-15,홍콩,HK0000859063,SAMSUNG BLOCKCHAIN TECHNOLOGIES ETF,19223247
2026-04-15,홍콩,KYG070341048,BAIDU INC CL A,17878990
2026-04-15,홍콩,HK0000748381,YESASIA HOLDINGS LTD,16873264
2026-04-15,홍콩,HK0000516697,GLOBAL X CHINA BIOTECH ETF (HKD),16517376
2026-04-15,홍콩,HK0000642568,CSOP HANG SENG TECH INDEX ETF (HKD),14614926
2026-04-15,홍콩,CNE100000304,DONGFANG ELECTRIC CORP LTD-H,14591231
2026-04-15,홍콩,KYG970081173,WUXI BIOLOGICS CAYMAN INC,13688463
2026-04-15,홍콩,HK0941009539,CHINA MOBILE LTD,13623412
2026-04-15,홍콩,HK0000562675,GLOBAL X CHINA CLEAN ENERGY ETF (HKD),12555579
2026-04-15,홍콩,KYG596691041,MEITUAN,12481543
2026-04-15,홍콩,CNE1000076H5,09927,11954562
2026-04-15,홍콩,HK0000562634,GLOBAL X CHINA CONSUMER BRAND ETF (HKD),11515016
2026-04-15,홍콩,CNE1000003W8,PETROCHINA CO LTD-H,11395473
2026-04-15,홍콩,CNE1000003C0,HARBIN ELECTRIC CO LTD-H,11207646
2026-04-15,홍콩,CNE1000003G1,INDUSTRIAL AND COMMERCIAL BANK OF CHINA LTD-H,10943026
2026-04-15,홍콩,HKX566362888,PING AN SECURITIE HKD0.01 HKD0.01 CHAN 009837742 BMG7115B1211,10754690
2026-04-15,홍콩,HK0000516713,GLOBAL X CHINA CLOUD COMPUTING ETF (HKD),10737643
2026-04-15,홍콩,KYG3774X1088,GCL TECHNOLOGY HOLDINGS LTD,10553381
2026-04-15,홍콩,HK0000218211,HUA HONG SEMICONDUCTOR LTD,10258227
2026-04-15,홍콩,KYG8208B1014,JD.COM INC CL A,10019464
2026-04-15,홍콩,HK1126010854,DREAM INTERNATIONAL LTD,9825826
2026-04-15,홍콩,HK0000651213,ISHARES HS TECH ETF HKD,9315396
2026-04-15,홍콩,HKX601342549,CHINA BRIGHT CULTURE GROUP USD0.00001 (Delisted/BL398Y0) CHAN 970928502 KYG2153C1078,8631000
2026-04-15,홍콩,HK0000637857,GLOBAL X CHINA ROBOTICS AND AI ETF (HKD),8590560
2026-04-15,홍콩,KYG9808A1058,WUXI XDC CAYMAN INC,8463378
2026-04-15,홍콩,BMG8437G3195,CHINA STAR ENTERTAINMENT LTD PARI 39532707614 HKEX2902XXX2 BMG8437G3278,8067400
2026-04-16,홍콩,CNE1000031W9,GANFENGLITHIUM ORD H,183963383
2026-04-16,홍콩,KYG875721634,TENCENT HOLDINGS LTD,168085168
2026-04-16,홍콩,KYG017191142,ALIBABA GROUP HOLDING LTD,145256216
2026-04-16,홍콩,KYG6181S1093,00100,111838247
2026-04-16,홍콩,KYG8020E1199,SEMICONDUCTOR MANUFACTURING INTL CORP,110109359
2026-04-16,홍콩,CNE100000296,BYD CO LTD-H,108141723
2026-04-16,홍콩,HK0000637832,GLOBAL X CHINA SEMICONDUCTOR ETF (HKD),105454635
2026-04-16,홍콩,CNE100005F09,TIANQI LITHIUM CORP,104146753
2026-04-16,홍콩,HK0001205258,XL2CSOPHYNIX,100453538
2026-04-16,홍콩,HK0001121349,XL2CSOPSMSN,70200640
2026-04-16,홍콩,KYG9830T1067,XIAOMI CORP,57650851
2026-04-16,홍콩,HK0001281473,CSOP HKJPCF,50168794
2026-04-16,홍콩,CNE100006CQ4,Ubtech Robotics Ord Shs H,45546050
2026-04-16,홍콩,CNE100004YZ4,CTG DUTY-FREE,44008663
2026-04-16,홍콩,HK0001279691,GX CL HK-US,42432000
2026-04-16,홍콩,HK0000562659,GLOBAL X CHINA ELECTRIC VEHICLE AND BATTERY ETF (HKD),41261815
2026-04-16,홍콩,CNE100000593,PICC PROPERTY AND CASUALTY CO LTD-H,37628815
2026-04-16,홍콩,CNE100006WS8,CATL ORD H,37190497
2026-04-16,홍콩,CNE100007DX6,MONTAGE TECHNOLOGY,35091284
2026-04-16,홍콩,KYG392AS1011,GLOBAL NEW MATERIAL INTL HOLDINGS LTD,29802858
2026-04-16,홍콩,KYG3777B1032,GEELY AUTOMOBILE HOLDINGS LTD,23817041
2026-04-16,홍콩,HK0001025037,GLOBAL X US Treasury 3-5 Year ETF,23326596
2026-04-16,홍콩,CNE1000003X6,PING AN INSURANCE GROUP CO OF CHINA LTD-H,22003076
2026-04-16,홍콩,CNE100006JG0,LAOPU GOLD,20344366
2026-04-16,홍콩,HK0000859063,SAMSUNG BLOCKCHAIN TECHNOLOGIES ETF,19473550
2026-04-16,홍콩,KYG070341048,BAIDU INC CL A,19169628
2026-04-16,홍콩,HK0000748381,YESASIA HOLDINGS LTD,16677317
2026-04-16,홍콩,HK0000516697,GLOBAL X CHINA BIOTECH ETF (HKD),16596721
2026-04-16,홍콩,CNE100000304,DONGFANG ELECTRIC CORP LTD-H,15971631
2026-04-16,홍콩,HK0000642568,CSOP HANG SENG TECH INDEX ETF (HKD),15161483
2026-04-16,홍콩,HK0941009539,CHINA MOBILE LTD,13831913
2026-04-16,홍콩,KYG970081173,WUXI BIOLOGICS CAYMAN INC,13747903
2026-04-16,홍콩,KYG596691041,MEITUAN,12958100
2026-04-16,홍콩,HK0000562675,GLOBAL X CHINA CLEAN ENERGY ETF (HKD),12608711
2026-04-16,홍콩,CNE1000076H5,09927,12303175
2026-04-16,홍콩,CNE1000003C0,HARBIN ELECTRIC CO LTD-H,12135295
2026-04-16,홍콩,HK0000562634,GLOBAL X CHINA CONSUMER BRAND ETF (HKD),11595363
2026-04-16,홍콩,CNE1000003W8,PETROCHINA CO LTD-H,11441302
2026-04-16,홍콩,HK0000516713,GLOBAL X CHINA CLOUD COMPUTING ETF (HKD),11048287
2026-04-16,홍콩,CNE1000003G1,INDUSTRIAL AND COMMERCIAL BANK OF CHINA LTD-H,10944785
2026-04-16,홍콩,HKX566362888,PING AN SECURITIE HKD0.01 HKD0.01 CHAN 009837742 BMG7115B1211,10754664
2026-04-16,홍콩,KYG3774X1088,GCL TECHNOLOGY HOLDINGS LTD,10555858
2026-04-16,홍콩,HK0000218211,HUA HONG SEMICONDUCTOR LTD,10394373
2026-04-16,홍콩,HK1126010854,DREAM INTERNATIONAL LTD,9840791
2026-04-16,홍콩,HK0000651213,ISHARES HS TECH ETF HKD,9676022
2026-04-16,홍콩,KYG8208B1014,JD.COM INC CL A,9109821
2026-04-16,홍콩,HK0000637857,GLOBAL X CHINA ROBOTICS AND AI ETF (HKD),8778904
2026-04-16,홍콩,HKX601342549,CHINA BRIGHT CULTURE GROUP USD0.00001 (Delisted/BL398Y0) CHAN 970928502 KYG2153C1078,8631000
2026-04-16,홍콩,KYG9808A1058,WUXI XDC CAYMAN INC,8542702
2026-04-16,홍콩,BMG8437G3195,CHINA STAR ENTERTAINMENT LTD PARI 39532707614 HKEX2902XXX2 BMG8437G3278,8235922
2026-04-17,홍콩,CNE1000031W9,GANFENGLITHIUM ORD H,179146856
2026-04-17,홍콩,KYG875721634,TENCENT HOLDINGS LTD,166392145
2026-04-17,홍콩,KYG017191142,ALIBABA GROUP HOLDING LTD,146215911
2026-04-17,홍콩,KYG8020E1199,SEMICONDUCTOR MANUFACTURING INTL CORP,110911713
2026-04-17,홍콩,CNE100005F09,TIANQI LITHIUM CORP,107848492
2026-04-17,홍콩,KYG6181S1093,00100,106742716
2026-04-17,홍콩,CNE100000296,BYD CO LTD-H,106431457
2026-04-17,홍콩,HK0000637832,GLOBAL X CHINA SEMICONDUCTOR ETF (HKD),106051830
2026-04-17,홍콩,HK0001205258,XL2CSOPHYNIX,96057756
2026-04-17,홍콩,HK0001121349,XL2CSOPSMSN,69366828
2026-04-17,홍콩,KYG9830T1067,XIAOMI CORP,57656877
2026-04-17,홍콩,HK0001281473,CSOP HKJPCF,50159293
2026-04-17,홍콩,CNE100006CQ4,Ubtech Robotics Ord Shs H,46977832
2026-04-17,홍콩,CNE100004YZ4,CTG DUTY-FREE,43140681
2026-04-17,홍콩,HK0001279691,GX CL HK-US,42432000
2026-04-17,홍콩,HK0000562659,GLOBAL X CHINA ELECTRIC VEHICLE AND BATTERY ETF (HKD),40707483
2026-04-17,홍콩,CNE100000593,PICC PROPERTY AND CASUALTY CO LTD-H,36843202
2026-04-17,홍콩,CNE100006WS8,CATL ORD H,36058403
2026-04-17,홍콩,CNE100007DX6,MONTAGE TECHNOLOGY,33645527
2026-04-17,홍콩,KYG392AS1011,GLOBAL NEW MATERIAL INTL HOLDINGS LTD,30724567
2026-04-17,홍콩,KYG3777B1032,GEELY AUTOMOBILE HOLDINGS LTD,23643843
2026-04-17,홍콩,HK0001025037,GLOBAL X US Treasury 3-5 Year ETF,23410393
2026-04-17,홍콩,KYG5860M1024,00068,21968007
2026-04-17,홍콩,CNE1000003X6,PING AN INSURANCE GROUP CO OF CHINA LTD-H,21197759
2026-04-17,홍콩,CNE100006JG0,LAOPU GOLD,19594731
2026-04-17,홍콩,HK0000859063,SAMSUNG BLOCKCHAIN TECHNOLOGIES ETF,19548369
2026-04-17,홍콩,KYG070341048,BAIDU INC CL A,18926748
2026-04-17,홍콩,HK0000516697,GLOBAL X CHINA BIOTECH ETF (HKD),16234896
2026-04-17,홍콩,HK0000748381,YESASIA HOLDINGS LTD,16076859
2026-04-17,홍콩,CNE100000304,DONGFANG ELECTRIC CORP LTD-H,15180665
2026-04-17,홍콩,HK0000642568,CSOP HANG SENG TECH INDEX ETF (HKD),14963168
2026-04-17,홍콩,HK0941009539,CHINA MOBILE LTD,13811048
2026-04-17,홍콩,KYG970081173,WUXI BIOLOGICS CAYMAN INC,13206389
2026-04-17,홍콩,KYG596691041,MEITUAN,12652653
2026-04-17,홍콩,HK0000562675,GLOBAL X CHINA CLEAN ENERGY ETF (HKD),12531352
2026-04-17,홍콩,CNE1000076H5,09927,12177609
2026-04-17,홍콩,CNE1000003W8,PETROCHINA CO LTD-H,11545533
2026-04-17,홍콩,CNE1000003C0,HARBIN ELECTRIC CO LTD-H,11505885
2026-04-17,홍콩,HK0000562634,GLOBAL X CHINA CONSUMER BRAND ETF (HKD),11466895
2026-04-17,홍콩,HK0000516713,GLOBAL X CHINA CLOUD COMPUTING ETF (HKD),11019593
2026-04-17,홍콩,CNE1000003G1,INDUSTRIAL AND COMMERCIAL BANK OF CHINA LTD-H,10994196
2026-04-17,홍콩,HKX566362888,PING AN SECURITIE HKD0.01 HKD0.01 CHAN 009837742 BMG7115B1211,10766325
2026-04-17,홍콩,KYG3774X1088,GCL TECHNOLOGY HOLDINGS LTD,10463936
2026-04-17,홍콩,HK0000218211,HUA HONG SEMICONDUCTOR LTD,10314282
2026-04-17,홍콩,HK1126010854,DREAM INTERNATIONAL LTD,9772963
2026-04-17,홍콩,HK0000651213,ISHARES HS TECH ETF HKD,9578522
2026-04-17,홍콩,KYG8208B1014,JD.COM INC CL A,8927236
2026-04-17,홍콩,HK0000637857,GLOBAL X CHINA ROBOTICS AND AI ETF (HKD),8786291
2026-04-17,홍콩,HKX601342549,CHINA BRIGHT CULTURE GROUP USD0.00001 (Delisted/BL398Y0) CHAN 970928502 KYG2153C1078,8631000
2026-04-17,홍콩,BMG8437G3195,CHINA STAR ENTERTAINMENT LTD PARI 39532707614 HKEX2902XXX2 BMG8437G3278,8462618
2026-04-20,홍콩,CNE1000031W9,GANFENGLITHIUM ORD H,176208116
2026-04-20,홍콩,KYG875721634,TENCENT HOLDINGS LTD,170140625
2026-04-20,홍콩,KYG017191142,ALIBABA GROUP HOLDING LTD,147354695
2026-04-20,홍콩,KYG6181S1093,00100,113194292
2026-04-20,홍콩,KYG8020E1199,SEMICONDUCTOR MANUFACTURING INTL CORP,111847755
2026-04-20,홍콩,CNE100005F09,TIANQI LITHIUM CORP,107135443
2026-04-20,홍콩,HK0000637832,GLOBAL X CHINA SEMICONDUCTOR ETF (HKD),106712635
2026-04-20,홍콩,CNE100000296,BYD CO LTD-H,104859211
2026-04-20,홍콩,HK0001205258,XL2CSOPHYNIX,100347180
2026-04-20,홍콩,HK0001121349,XL2CSOPSMSN,68268165
2026-04-20,홍콩,KYG9830T1067,XIAOMI CORP,58065631
2026-04-20,홍콩,HK0001281473,CSOP HKJPCF,49798784
2026-04-20,홍콩,CNE100006CQ4,Ubtech Robotics Ord Shs H,45171320
2026-04-20,홍콩,KYG5860M1024,00068,44183075
2026-04-20,홍콩,CNE100004YZ4,CTG DUTY-FREE,43927618
2026-04-20,홍콩,HK0001279691,GX CL HK-US,42744000
2026-04-20,홍콩,HK0000562659,GLOBAL X CHINA ELECTRIC VEHICLE AND BATTERY ETF (HKD),40308120
2026-04-20,홍콩,CNE100000593,PICC PROPERTY AND CASUALTY CO LTD-H,36880010
2026-04-20,홍콩,CNE100006WS8,CATL ORD H,36548491
2026-04-20,홍콩,CNE100007DX6,MONTAGE TECHNOLOGY,32880030
2026-04-20,홍콩,KYG392AS1011,GLOBAL NEW MATERIAL INTL HOLDINGS LTD,30699278
2026-04-20,홍콩,HK0001025037,GLOBAL X US Treasury 3-5 Year ETF,23391124
2026-04-20,홍콩,KYG3777B1032,GEELY AUTOMOBILE HOLDINGS LTD,22952159
2026-04-20,홍콩,CNE1000003X6,PING AN INSURANCE GROUP CO OF CHINA LTD-H,21493331
2026-04-20,홍콩,HK0000859063,SAMSUNG BLOCKCHAIN TECHNOLOGIES ETF,19702202
2026-04-20,홍콩,CNE100006JG0,LAOPU GOLD,19625071
2026-04-20,홍콩,KYG070341048,BAIDU INC CL A,19040726
2026-04-20,홍콩,HK0000516697,GLOBAL X CHINA BIOTECH ETF (HKD),16091193
2026-04-20,홍콩,HK0000748381,YESASIA HOLDINGS LTD,15055449
2026-04-20,홍콩,HK0000642568,CSOP HANG SENG TECH INDEX ETF (HKD),14912606
2026-04-20,홍콩,CNE100000304,DONGFANG ELECTRIC CORP LTD-H,14130048
2026-04-20,홍콩,HK0941009539,CHINA MOBILE LTD,13858979
2026-04-20,홍콩,KYG970081173,WUXI BIOLOGICS CAYMAN INC,13166517
2026-04-20,홍콩,HK0000562675,GLOBAL X CHINA CLEAN ENERGY ETF (HKD),12783045
2026-04-20,홍콩,KYG596691041,MEITUAN,12748749
2026-04-20,홍콩,CNE1000076H5,09927,12265772
2026-04-20,홍콩,CNE1000003C0,HARBIN ELECTRIC CO LTD-H,11366999
2026-04-20,홍콩,CNE1000003G1,INDUSTRIAL AND COMMERCIAL BANK OF CHINA LTD-H,11234246
2026-04-20,홍콩,HK0000562634,GLOBAL X CHINA CONSUMER BRAND ETF (HKD),11209420
2026-04-20,홍콩,CNE1000003W8,PETROCHINA CO LTD-H,11192658
2026-04-20,홍콩,HK0000516713,GLOBAL X CHINA CLOUD COMPUTING ETF (HKD),11126048
2026-04-20,홍콩,KYG3774X1088,GCL TECHNOLOGY HOLDINGS LTD,10889824
2026-04-20,홍콩,HK0000218211,HUA HONG SEMICONDUCTOR LTD,10780025
2026-04-20,홍콩,HKX566362888,PING AN SECURITIE HKD0.01 HKD0.01 CHAN 009837742 BMG7115B1211,10757463
2026-04-20,홍콩,HK0000651213,ISHARES HS TECH ETF HKD,9605838
2026-04-20,홍콩,HK1126010854,DREAM INTERNATIONAL LTD,9568836
2026-04-20,홍콩,HK0000637857,GLOBAL X CHINA ROBOTICS AND AI ETF (HKD),8928193
2026-04-20,홍콩,KYG8208B1014,JD.COM INC CL A,8922904
2026-04-20,홍콩,HKX601342549,CHINA BRIGHT CULTURE GROUP USD0.00001 (Delisted/BL398Y0) CHAN 970928502 KYG2153C1078,8631000
2026-04-20,홍콩,KYG9808A1058,WUXI XDC CAYMAN INC,8002600
2026-04-21,홍콩,CNE1000031W9,GANFENGLITHIUM ORD H,175792474
2026-04-21,홍콩,KYG875721634,TENCENT HOLDINGS LTD,169029192
2026-04-21,홍콩,KYG017191142,ALIBABA GROUP HOLDING LTD,146949072
2026-04-21,홍콩,KYG6181S1093,00100,111581346
2026-04-21,홍콩,HK0001205258,XL2CSOPHYNIX,111072088
2026-04-21,홍콩,KYG8020E1199,SEMICONDUCTOR MANUFACTURING INTL CORP,110614424
2026-04-21,홍콩,CNE100005F09,TIANQI LITHIUM CORP,107975609
2026-04-21,홍콩,HK0000637832,GLOBAL X CHINA SEMICONDUCTOR ETF (HKD),106259727
2026-04-21,홍콩,CNE100000296,BYD CO LTD-H,103950822
2026-04-21,홍콩,HK0001121349,XL2CSOPSMSN,71264984
2026-04-21,홍콩,KYG9830T1067,XIAOMI CORP,58152619
2026-04-21,홍콩,HK0001281473,CSOP HKJPCF,49804554
2026-04-21,홍콩,CNE100006CQ4,Ubtech Robotics Ord Shs H,45728006
2026-04-21,홍콩,CNE100004YZ4,CTG DUTY-FREE,43914767
2026-04-21,홍콩,HK0001279691,GX CL HK-US,43118400
2026-04-21,홍콩,KYG5860M1024,00068,41086152
2026-04-21,홍콩,HK0000562659,GLOBAL X CHINA ELECTRIC VEHICLE AND BATTERY ETF (HKD),40806756
2026-04-21,홍콩,CNE100006WS8,CATL ORD H,39536479
2026-04-21,홍콩,CNE100000593,PICC PROPERTY AND CASUALTY CO LTD-H,37327917
2026-04-21,홍콩,CNE100007DX6,MONTAGE TECHNOLOGY,33234094
2026-04-21,홍콩,CNE100007JY1,VICTORY GIANT,31529731
2026-04-21,홍콩,KYG392AS1011,GLOBAL NEW MATERIAL INTL HOLDINGS LTD,31510804
2026-04-21,홍콩,HK0001025037,GLOBAL X US Treasury 3-5 Year ETF,23418890
2026-04-21,홍콩,KYG3777B1032,GEELY AUTOMOBILE HOLDINGS LTD,23165472
2026-04-21,홍콩,CNE1000003X6,PING AN INSURANCE GROUP CO OF CHINA LTD-H,21464934
2026-04-21,홍콩,HK0000859063,SAMSUNG BLOCKCHAIN TECHNOLOGIES ETF,20285870
2026-04-21,홍콩,CNE100006JG0,LAOPU GOLD,19565380
2026-04-21,홍콩,KYG070341048,BAIDU INC CL A,19525449
2026-04-21,홍콩,HK0000516697,GLOBAL X CHINA BIOTECH ETF (HKD),15926287
2026-04-21,홍콩,HK0000748381,YESASIA HOLDINGS LTD,15453564
2026-04-21,홍콩,HK0000642568,CSOP HANG SENG TECH INDEX ETF (HKD),15269495
2026-04-21,홍콩,HK0941009539,CHINA MOBILE LTD,14182530
2026-04-21,홍콩,CNE100000304,DONGFANG ELECTRIC CORP LTD-H,14077463
2026-04-21,홍콩,KYG596691041,MEITUAN,12929430
2026-04-21,홍콩,HK0000562675,GLOBAL X CHINA CLEAN ENERGY ETF (HKD),12716990
2026-04-21,홍콩,CNE1000076H5,09927,12221872
2026-04-21,홍콩,KYG970081173,WUXI BIOLOGICS CAYMAN INC,11784157
2026-04-21,홍콩,CNE1000003C0,HARBIN ELECTRIC CO LTD-H,11433031
2026-04-21,홍콩,CNE1000003G1,INDUSTRIAL AND COMMERCIAL BANK OF CHINA LTD-H,11345861
2026-04-21,홍콩,HK0000562634,GLOBAL X CHINA CONSUMER BRAND ETF (HKD),11284357
2026-04-21,홍콩,CNE1000003W8,PETROCHINA CO LTD-H,11248885
2026-04-21,홍콩,HK0000516713,GLOBAL X CHINA CLOUD COMPUTING ETF (HKD),11004886
2026-04-21,홍콩,KYG3774X1088,GCL TECHNOLOGY HOLDINGS LTD,10999309
2026-04-21,홍콩,HK0000218211,HUA HONG SEMICONDUCTOR LTD,10926263
2026-04-21,홍콩,HKX566362888,PING AN SECURITIE HKD0.01 HKD0.01 CHAN 009837742 BMG7115B1211,10758710
2026-04-21,홍콩,HK1126010854,DREAM INTERNATIONAL LTD,9857566
2026-04-21,홍콩,HK0000651213,ISHARES HS TECH ETF HKD,9612109
2026-04-21,홍콩,KYG8208B1014,JD.COM INC CL A,8949604
2026-04-21,홍콩,HK0000637857,GLOBAL X CHINA ROBOTICS AND AI ETF (HKD),8943728
2026-04-21,홍콩,HKX601342549,CHINA BRIGHT CULTURE GROUP USD0.00001 (Delisted/BL398Y0) CHAN 970928502 KYG2153C1078,8631000
2026-04-22,홍콩,CNE1000031W9,GANFENGLITHIUM ORD H,171192881
2026-04-22,홍콩,KYG875721634,TENCENT HOLDINGS LTD,164395519
2026-04-22,홍콩,KYG017191142,ALIBABA GROUP HOLDING LTD,140732623
2026-04-22,홍콩,KYG6181S1093,00100,115804616
2026-04-22,홍콩,HK0001205258,XL2CSOPHYNIX,110438390
2026-04-22,홍콩,KYG8020E1199,SEMICONDUCTOR MANUFACTURING INTL CORP,109277434
2026-04-22,홍콩,HK0000637832,GLOBAL X CHINA SEMICONDUCTOR ETF (HKD),108565147
2026-04-22,홍콩,CNE100005F09,TIANQI LITHIUM CORP,108466127
2026-04-22,홍콩,CNE100000296,BYD CO LTD-H,101924180
2026-04-22,홍콩,HK0001121349,XL2CSOPSMSN,70351909
2026-04-22,홍콩,KYG9830T1067,XIAOMI CORP,57062779
2026-04-22,홍콩,HK0001281473,CSOP HKJPCF,49706918
2026-04-22,홍콩,CNE100006CQ4,Ubtech Robotics Ord Shs H,44251522
2026-04-22,홍콩,CNE100004YZ4,CTG DUTY-FREE,43749026
2026-04-22,홍콩,HK0001279691,GX CL HK-US,43118400
2026-04-22,홍콩,HK0000562659,GLOBAL X CHINA ELECTRIC VEHICLE AND BATTERY ETF (HKD),40513797
2026-04-22,홍콩,KYG5860M1024,00068,37983134
2026-04-22,홍콩,CNE100006WS8,CATL ORD H,37538582
2026-04-22,홍콩,CNE100000593,PICC PROPERTY AND CASUALTY CO LTD-H,36642946
2026-04-22,홍콩,CNE100007DX6,MONTAGE TECHNOLOGY,36003025
2026-04-22,홍콩,CNE100007JY1,VICTORY GIANT,33710528
2026-04-22,홍콩,KYG392AS1011,GLOBAL NEW MATERIAL INTL HOLDINGS LTD,32559948
2026-04-22,홍콩,KYG3777B1032,GEELY AUTOMOBILE HOLDINGS LTD,23550572
2026-04-22,홍콩,HK0001025037,GLOBAL X US Treasury 3-5 Year ETF,23401312
2026-04-22,홍콩,CNE1000003X6,PING AN INSURANCE GROUP CO OF CHINA LTD-H,21416661
2026-04-22,홍콩,HK0000859063,SAMSUNG BLOCKCHAIN TECHNOLOGIES ETF,20374552
2026-04-22,홍콩,KYG070341048,BAIDU INC CL A,19016124
2026-04-22,홍콩,CNE100006JG0,LAOPU GOLD,18635212
2026-04-22,홍콩,HK0000516697,GLOBAL X CHINA BIOTECH ETF (HKD),15814906
2026-04-22,홍콩,HK0000642568,CSOP HANG SENG TECH INDEX ETF (HKD),14969850
2026-04-22,홍콩,HK0000748381,YESASIA HOLDINGS LTD,14794676
2026-04-22,홍콩,HK0941009539,CHINA MOBILE LTD,14104543
2026-04-22,홍콩,CNE100000304,DONGFANG ELECTRIC CORP LTD-H,14090492
2026-04-22,홍콩,HK0000562675,GLOBAL X CHINA CLEAN ENERGY ETF (HKD),12746456
2026-04-22,홍콩,HK0000218211,HUA HONG SEMICONDUCTOR LTD,12639816
2026-04-22,홍콩,KYG596691041,MEITUAN,12410704
2026-04-22,홍콩,CNE1000076H5,09927,12093007
2026-04-22,홍콩,KYG970081173,WUXI BIOLOGICS CAYMAN INC,11685776
2026-04-22,홍콩,CNE1000003W8,PETROCHINA CO LTD-H,11330567
2026-04-22,홍콩,CNE1000003C0,HARBIN ELECTRIC CO LTD-H,11232831
2026-04-22,홍콩,CNE1000003G1,INDUSTRIAL AND COMMERCIAL BANK OF CHINA LTD-H,11144103
2026-04-22,홍콩,HK0000562634,GLOBAL X CHINA CONSUMER BRAND ETF (HKD),11123809
2026-04-22,홍콩,HK0000516713,GLOBAL X CHINA CLOUD COMPUTING ETF (HKD),10945628
2026-04-22,홍콩,KYG3774X1088,GCL TECHNOLOGY HOLDINGS LTD,10771485
2026-04-22,홍콩,HKX566362888,PING AN SECURITIE HKD0.01 HKD0.01 CHAN 009837742 BMG7115B1211,10758307
2026-04-22,홍콩,HK1126010854,DREAM INTERNATIONAL LTD,9974857
2026-04-22,홍콩,HK0000651213,ISHARES HS TECH ETF HKD,9444989
2026-04-22,홍콩,HK0000637857,GLOBAL X CHINA ROBOTICS AND AI ETF (HKD),9097533
2026-04-22,홍콩,KYG8208B1014,JD.COM INC CL A,8897858
2026-04-22,홍콩,HKX601342549,CHINA BRIGHT CULTURE GROUP USD0.00001 (Delisted/BL398Y0) CHAN 970928502 KYG2153C1078,8631000
2026-04-23,홍콩,CNE1000031W9,GANFENGLITHIUM ORD H,164278169
2026-04-23,홍콩,KYG875721634,TENCENT HOLDINGS LTD,161158845
2026-04-23,홍콩,KYG017191142,ALIBABA GROUP HOLDING LTD,138678712
2026-04-23,홍콩,KYG8020E1199,SEMICONDUCTOR MANUFACTURING INTL CORP,108301093
2026-04-23,홍콩,KYG6181S1093,00100,106498472
2026-04-23,홍콩,HK0000637832,GLOBAL X CHINA SEMICONDUCTOR ETF (HKD),106066968
2026-04-23,홍콩,HK0001205258,XL2CSOPHYNIX,105201485
2026-04-23,홍콩,CNE100005F09,TIANQI LITHIUM CORP,104785474
2026-04-23,홍콩,CNE100000296,BYD CO LTD-H,98423018
2026-04-23,홍콩,HK0001121349,XL2CSOPSMSN,76266365
2026-04-23,홍콩,KYG9830T1067,XIAOMI CORP,55888699
2026-04-23,홍콩,HK0001281473,CSOP HKJPCF,49696814
2026-04-23,홍콩,CNE100006CQ4,Ubtech Robotics Ord Shs H,43314351
2026-04-23,홍콩,HK0001279691,GX CL HK-US,43118400
2026-04-23,홍콩,CNE100004YZ4,CTG DUTY-FREE,42985427
2026-04-23,홍콩,HK0000562659,GLOBAL X CHINA ELECTRIC VEHICLE AND BATTERY ETF (HKD),39927614
2026-04-23,홍콩,CNE100006WS8,CATL ORD H,38257018
2026-04-23,홍콩,CNE100007DX6,MONTAGE TECHNOLOGY,36993989
2026-04-23,홍콩,CNE100000593,PICC PROPERTY AND CASUALTY CO LTD-H,35918931
2026-04-23,홍콩,CNE100007JY1,VICTORY GIANT,33510529
2026-04-23,홍콩,KYG392AS1011,GLOBAL NEW MATERIAL INTL HOLDINGS LTD,32270608
2026-04-23,홍콩,KYG5860M1024,00068,31080131
2026-04-23,홍콩,HK0001025037,GLOBAL X US Treasury 3-5 Year ETF,23396555
2026-04-23,홍콩,KYG3777B1032,GEELY AUTOMOBILE HOLDINGS LTD,22228228
2026-04-23,홍콩,CNE1000003X6,PING AN INSURANCE GROUP CO OF CHINA LTD-H,21204826
2026-04-23,홍콩,HK0000859063,SAMSUNG BLOCKCHAIN TECHNOLOGIES ETF,20307815
2026-04-23,홍콩,KYG070341048,BAIDU INC CL A,18931045
2026-04-23,홍콩,CNE100006JG0,LAOPU GOLD,18183684
2026-04-23,홍콩,HK0000516697,GLOBAL X CHINA BIOTECH ETF (HKD),15235164
2026-04-23,홍콩,HK0000748381,YESASIA HOLDINGS LTD,14708546
2026-04-23,홍콩,HK0000642568,CSOP HANG SENG TECH INDEX ETF (HKD),14599797
2026-04-23,홍콩,CNE100000304,DONGFANG ELECTRIC CORP LTD-H,14448942
2026-04-23,홍콩,HK0941009539,CHINA MOBILE LTD,14203127
2026-04-23,홍콩,HK0000562675,GLOBAL X CHINA CLEAN ENERGY ETF (HKD),12638636
2026-04-23,홍콩,CNE1000076H5,09927,12264242
2026-04-23,홍콩,CNE1000003C0,HARBIN ELECTRIC CO LTD-H,12224020
2026-04-23,홍콩,KYG596691041,MEITUAN,12135018
2026-04-23,홍콩,HK0000218211,HUA HONG SEMICONDUCTOR LTD,11870797
2026-04-23,홍콩,CNE1000003W8,PETROCHINA CO LTD-H,11804088
2026-04-23,홍콩,KYG970081173,WUXI BIOLOGICS CAYMAN INC,11271331
2026-04-23,홍콩,CNE1000003G1,INDUSTRIAL AND COMMERCIAL BANK OF CHINA LTD-H,11222680
2026-04-23,홍콩,HK0000562634,GLOBAL X CHINA CONSUMER BRAND ETF (HKD),10934712
2026-04-23,홍콩,HK0000516713,GLOBAL X CHINA CLOUD COMPUTING ETF (HKD),10815510
2026-04-23,홍콩,HKX566362888,PING AN SECURITIE HKD0.01 HKD0.01 CHAN 009837742 BMG7115B1211,10756121
2026-04-23,홍콩,KYG3774X1088,GCL TECHNOLOGY HOLDINGS LTD,10653134
2026-04-23,홍콩,HK1126010854,DREAM INTERNATIONAL LTD,9577455
2026-04-23,홍콩,HK0000651213,ISHARES HS TECH ETF HKD,9557913
2026-04-23,홍콩,HK0000637857,GLOBAL X CHINA ROBOTICS AND AI ETF (HKD),8964215
2026-04-23,홍콩,KYG8208B1014,JD.COM INC CL A,8782094
2026-04-23,홍콩,HKX601342549,CHINA BRIGHT CULTURE GROUP USD0.00001 (Delisted/BL398Y0) CHAN 970928502 KYG2153C1078,8631000
2026-04-24,홍콩,CNE1000031W9,GANFENGLITHIUM ORD H,179347415
2026-04-24,홍콩,KYG875721634,TENCENT HOLDINGS LTD,160407270
2026-04-24,홍콩,KYG017191142,ALIBABA GROUP HOLDING LTD,140676190
2026-04-24,홍콩,KYG8020E1199,SEMICONDUCTOR MANUFACTURING INTL CORP,118838926
2026-04-24,홍콩,CNE100005F09,TIANQI LITHIUM CORP,111122890
2026-04-24,홍콩,HK0000637832,GLOBAL X CHINA SEMICONDUCTOR ETF (HKD),109054449
2026-04-24,홍콩,HK0001205258,XL2CSOPHYNIX,104782778
2026-04-24,홍콩,KYG6181S1093,00100,96466603
2026-04-24,홍콩,CNE100000296,BYD CO LTD-H,96190723
2026-04-24,홍콩,HK0001121349,XL2CSOPSMSN,74111989
2026-04-24,홍콩,KYG9830T1067,XIAOMI CORP,55694477
2026-04-24,홍콩,HK0001281473,CSOP HKJPCF,49855609
2026-04-24,홍콩,CNE100006CQ4,Ubtech Robotics Ord Shs H,43511526
2026-04-24,홍콩,HK0001279691,GX CL HK-US,43118400
2026-04-24,홍콩,CNE100004YZ4,CTG DUTY-FREE,42197234
2026-04-24,홍콩,HK0000562659,GLOBAL X CHINA ELECTRIC VEHICLE AND BATTERY ETF (HKD),40335565
2026-04-24,홍콩,CNE100006WS8,CATL ORD H,38704411
2026-04-24,홍콩,CNE100000593,PICC PROPERTY AND CASUALTY CO LTD-H,36972161
2026-04-24,홍콩,CNE100007DX6,MONTAGE TECHNOLOGY,36700472
2026-04-24,홍콩,CNE100007JY1,VICTORY GIANT,33624538
2026-04-24,홍콩,KYG392AS1011,GLOBAL NEW MATERIAL INTL HOLDINGS LTD,33199019
2026-04-24,홍콩,KYG5860M1024,00068,29124970
2026-04-24,홍콩,HK0001025037,GLOBAL X US Treasury 3-5 Year ETF,23379482
2026-04-24,홍콩,KYG3777B1032,GEELY AUTOMOBILE HOLDINGS LTD,21573710
2026-04-24,홍콩,CNE1000003X6,PING AN INSURANCE GROUP CO OF CHINA LTD-H,21276810
2026-04-24,홍콩,HK0000859063,SAMSUNG BLOCKCHAIN TECHNOLOGIES ETF,20146533
2026-04-24,홍콩,KYG070341048,BAIDU INC CL A,19068182
2026-04-24,홍콩,CNE100006JG0,LAOPU GOLD,17920538
2026-04-24,홍콩,HK0000748381,YESASIA HOLDINGS LTD,15558951
2026-04-24,홍콩,HK0000516697,GLOBAL X CHINA BIOTECH ETF (HKD),15168056
2026-04-24,홍콩,HK0000642568,CSOP HANG SENG TECH INDEX ETF (HKD),14717406
2026-04-24,홍콩,HK0941009539,CHINA MOBILE LTD,14196703
2026-04-24,홍콩,CNE100000304,DONGFANG ELECTRIC CORP LTD-H,13894038
2026-04-24,홍콩,HK0000218211,HUA HONG SEMICONDUCTOR LTD,13671250
2026-04-24,홍콩,HK0000562675,GLOBAL X CHINA CLEAN ENERGY ETF (HKD),12566691
2026-04-24,홍콩,CNE1000003C0,HARBIN ELECTRIC CO LTD-H,12159034
2026-04-24,홍콩,CNE1000076H5,09927,11969527
2026-04-24,홍콩,KYG596691041,MEITUAN,11910294
2026-04-24,홍콩,CNE1000003G1,INDUSTRIAL AND COMMERCIAL BANK OF CHINA LTD-H,11348469
2026-04-24,홍콩,CNE1000003W8,PETROCHINA CO LTD-H,11212400
2026-04-24,홍콩,KYG970081173,WUXI BIOLOGICS CAYMAN INC,10994872
2026-04-24,홍콩,HK0000562634,GLOBAL X CHINA CONSUMER BRAND ETF (HKD),10906712
2026-04-24,홍콩,HK0000516713,GLOBAL X CHINA CLOUD COMPUTING ETF (HKD),10819794
2026-04-24,홍콩,KYG3774X1088,GCL TECHNOLOGY HOLDINGS LTD,10765061
2026-04-24,홍콩,HKX566362888,PING AN SECURITIE HKD0.01 HKD0.01 CHAN 009837742 BMG7115B1211,10755949
2026-04-24,홍콩,HK0000651213,ISHARES HS TECH ETF HKD,9632314
2026-04-24,홍콩,HK1126010854,DREAM INTERNATIONAL LTD,9511883
2026-04-24,홍콩,HK0000637857,GLOBAL X CHINA ROBOTICS AND AI ETF (HKD),8816438
2026-04-24,홍콩,KYG8208B1014,JD.COM INC CL A,8760546
2026-04-24,홍콩,HKX601342549,CHINA BRIGHT CULTURE GROUP USD0.00001 (Delisted/BL398Y0) CHAN 970928502 KYG2153C1078,8631000
2026-04-27,홍콩,CNE1000031W9,GANFENGLITHIUM ORD H,174896455
2026-04-27,홍콩,KYG875721634,TENCENT HOLDINGS LTD,155085937
2026-04-27,홍콩,KYG017191142,ALIBABA GROUP HOLDING LTD,138910891
2026-04-27,홍콩,KYG8020E1199,SEMICONDUCTOR MANUFACTURING INTL CORP,125672141
2026-04-27,홍콩,HK0001205258,XL2CSOPHYNIX,115102503
2026-04-27,홍콩,HK0000637832,GLOBAL X CHINA SEMICONDUCTOR ETF (HKD),114463946
2026-04-27,홍콩,CNE100005F09,TIANQI LITHIUM CORP,107904413
2026-04-27,홍콩,CNE100000296,BYD CO LTD-H,100647650
2026-04-27,홍콩,KYG6181S1093,00100,93012661
2026-04-27,홍콩,HK0001121349,XL2CSOPSMSN,77773465
2026-04-27,홍콩,KYG9830T1067,XIAOMI CORP,55639367
2026-04-27,홍콩,HK0001281473,CSOP HKJPCF,49772405
2026-04-27,홍콩,CNE100006CQ4,Ubtech Robotics Ord Shs H,44310995
2026-04-27,홍콩,HK0001279691,GX CL HK-US,43430400
2026-04-27,홍콩,CNE100007DX6,MONTAGE TECHNOLOGY,41752953
2026-04-27,홍콩,CNE100004YZ4,CTG DUTY-FREE,41721619
2026-04-27,홍콩,HK0000562659,GLOBAL X CHINA ELECTRIC VEHICLE AND BATTERY ETF (HKD),40368227
2026-04-27,홍콩,CNE100006WS8,CATL ORD H,37902281
2026-04-27,홍콩,CNE100000593,PICC PROPERTY AND CASUALTY CO LTD-H,36641434
2026-04-27,홍콩,KYG392AS1011,GLOBAL NEW MATERIAL INTL HOLDINGS LTD,34235787
2026-04-27,홍콩,CNE100007JY1,VICTORY GIANT,32793506
2026-04-27,홍콩,KYG5860M1024,00068,25076650
2026-04-27,홍콩,HK0001025037,GLOBAL X US Treasury 3-5 Year ETF,23370387
2026-04-27,홍콩,CNE1000003X6,PING AN INSURANCE GROUP CO OF CHINA LTD-H,21242093
2026-04-27,홍콩,KYG3777B1032,GEELY AUTOMOBILE HOLDINGS LTD,20957193
2026-04-27,홍콩,HK0000859063,SAMSUNG BLOCKCHAIN TECHNOLOGIES ETF,20165512
2026-04-27,홍콩,KYG070341048,BAIDU INC CL A,19468446
2026-04-27,홍콩,CNE100006JG0,LAOPU GOLD,17634451
2026-04-27,홍콩,HK0000516697,GLOBAL X CHINA BIOTECH ETF (HKD),15040231
2026-04-27,홍콩,HK0000642568,CSOP HANG SENG TECH INDEX ETF (HKD),14759371
2026-04-27,홍콩,HK0000748381,YESASIA HOLDINGS LTD,14753970
2026-04-27,홍콩,HK0000218211,HUA HONG SEMICONDUCTOR LTD,14516909
2026-04-27,홍콩,HK0941009539,CHINA MOBILE LTD,14275753
2026-04-27,홍콩,CNE100000304,DONGFANG ELECTRIC CORP LTD-H,13691139
2026-04-27,홍콩,CNE1000003C0,HARBIN ELECTRIC CO LTD-H,12848468
2026-04-27,홍콩,HK0000562675,GLOBAL X CHINA CLEAN ENERGY ETF (HKD),12249073
2026-04-27,홍콩,CNE1000076H5,09927,12002616
2026-04-27,홍콩,KYG596691041,MEITUAN,11814394
2026-04-27,홍콩,CNE1000003W8,PETROCHINA CO LTD-H,11354189
2026-04-27,홍콩,CNE1000003G1,INDUSTRIAL AND COMMERCIAL BANK OF CHINA LTD-H,11282475
2026-04-27,홍콩,KYG970081173,WUXI BIOLOGICS CAYMAN INC,10952252
2026-04-27,홍콩,HK0000562634,GLOBAL X CHINA CONSUMER BRAND ETF (HKD),10906867
2026-04-27,홍콩,HK0000516713,GLOBAL X CHINA CLOUD COMPUTING ETF (HKD),10853392
2026-04-27,홍콩,HKX566362888,PING AN SECURITIE HKD0.01 HKD0.01 CHAN 009837742 BMG7115B1211,10751765
2026-04-27,홍콩,KYG3774X1088,GCL TECHNOLOGY HOLDINGS LTD,10347468
2026-04-27,홍콩,HK0000651213,ISHARES HS TECH ETF HKD,9734657
2026-04-27,홍콩,HK1126010854,DREAM INTERNATIONAL LTD,9638970
2026-04-27,홍콩,KYG9808A1058,WUXI XDC CAYMAN INC,8944704
2026-04-27,홍콩,HK0000637857,GLOBAL X CHINA ROBOTICS AND AI ETF (HKD),8901645
2026-04-27,홍콩,KYG8208B1014,JD.COM INC CL A,8639852
2026-04-28,홍콩,CNE1000031W9,GANFENGLITHIUM ORD H,171615318
2026-04-28,홍콩,KYG875721634,TENCENT HOLDINGS LTD,153577514
2026-04-28,홍콩,KYG017191142,ALIBABA GROUP HOLDING LTD,135010327
2026-04-28,홍콩,HK0001205258,XL2CSOPHYNIX,116238528
2026-04-28,홍콩,HK0000637832,GLOBAL X CHINA SEMICONDUCTOR ETF (HKD),112408523
2026-04-28,홍콩,KYG8020E1199,SEMICONDUCTOR MANUFACTURING INTL CORP,110075434
2026-04-28,홍콩,CNE100005F09,TIANQI LITHIUM CORP,106948074
2026-04-28,홍콩,CNE100000296,BYD CO LTD-H,98388989
2026-04-28,홍콩,KYG6181S1093,00100,89546825
2026-04-28,홍콩,HK0001121349,XL2CSOPSMSN,74409451
2026-04-28,홍콩,KYG9830T1067,XIAOMI CORP,53475655
2026-04-28,홍콩,HK0001281473,CSOP HKJPCF,49761999
2026-04-28,홍콩,HK0001279691,GX CL HK-US,43555200
2026-04-28,홍콩,CNE100006CQ4,Ubtech Robotics Ord Shs H,42818152
2026-04-28,홍콩,CNE100007DX6,MONTAGE TECHNOLOGY,42588666
2026-04-28,홍콩,CNE100004YZ4,CTG DUTY-FREE,40860274
2026-04-28,홍콩,HK0000562659,GLOBAL X CHINA ELECTRIC VEHICLE AND BATTERY ETF (HKD),39275616
2026-04-28,홍콩,CNE100000593,PICC PROPERTY AND CASUALTY CO LTD-H,36475892
2026-04-28,홍콩,CNE100006WS8,CATL ORD H,35245017
2026-04-28,홍콩,KYG392AS1011,GLOBAL NEW MATERIAL INTL HOLDINGS LTD,33784625
2026-04-28,홍콩,CNE100007JY1,VICTORY GIANT,25325029
2026-04-28,홍콩,HK0001025037,GLOBAL X US Treasury 3-5 Year ETF,23415570
2026-04-28,홍콩,CNE1000003X6,PING AN INSURANCE GROUP CO OF CHINA LTD-H,20959498
2026-04-28,홍콩,KYG3777B1032,GEELY AUTOMOBILE HOLDINGS LTD,20224332
2026-04-28,홍콩,HK0000859063,SAMSUNG BLOCKCHAIN TECHNOLOGIES ETF,20062992
2026-04-28,홍콩,KYG070341048,BAIDU INC CL A,19180213
2026-04-28,홍콩,KYG5860M1024,00068,18357712
2026-04-28,홍콩,CNE100006JG0,LAOPU GOLD,17723558
2026-04-28,홍콩,HK0000516697,GLOBAL X CHINA BIOTECH ETF (HKD),15150535
2026-04-28,홍콩,HK0000748381,YESASIA HOLDINGS LTD,14761782
2026-04-28,홍콩,HK0000642568,CSOP HANG SENG TECH INDEX ETF (HKD),14420461
2026-04-28,홍콩,HK0941009539,CHINA MOBILE LTD,14307808
2026-04-28,홍콩,HK0000218211,HUA HONG SEMICONDUCTOR LTD,13337276
2026-04-28,홍콩,CNE100000304,DONGFANG ELECTRIC CORP LTD-H,13061347
2026-04-28,홍콩,HK0000562675,GLOBAL X CHINA CLEAN ENERGY ETF (HKD),11985957
2026-04-28,홍콩,CNE1000076H5,09927,11705764
2026-04-28,홍콩,CNE1000003C0,HARBIN ELECTRIC CO LTD-H,11666124
2026-04-28,홍콩,KYG596691041,MEITUAN,11578456
2026-04-28,홍콩,CNE1000003W8,PETROCHINA CO LTD-H,11556855
2026-04-28,홍콩,CNE1000003G1,INDUSTRIAL AND COMMERCIAL BANK OF CHINA LTD-H,11212719
2026-04-28,홍콩,KYG970081173,WUXI BIOLOGICS CAYMAN INC,11184902
2026-04-28,홍콩,HKX566362888,PING AN SECURITIE HKD0.01 HKD0.01 CHAN 009837742 BMG7115B1211,10749517
2026-04-28,홍콩,HK0000562634,GLOBAL X CHINA CONSUMER BRAND ETF (HKD),10740715
2026-04-28,홍콩,HK0000516713,GLOBAL X CHINA CLOUD COMPUTING ETF (HKD),10551757
2026-04-28,홍콩,KYG3774X1088,GCL TECHNOLOGY HOLDINGS LTD,10122941
2026-04-28,홍콩,HK1126010854,DREAM INTERNATIONAL LTD,9711802
2026-04-28,홍콩,HK0000651213,ISHARES HS TECH ETF HKD,9504233
2026-04-28,홍콩,KYG9808A1058,WUXI XDC CAYMAN INC,9135567
2026-04-28,홍콩,HK0000637857,GLOBAL X CHINA ROBOTICS AND AI ETF (HKD),8732184
2026-04-28,홍콩,HKX601342549,CHINA BRIGHT CULTURE GROUP USD0.00001 (Delisted/BL398Y0) CHAN 970928502 KYG2153C1078,8631000
2026-04-29,홍콩,CNE1000031W9,GANFENGLITHIUM ORD H,183418400
2026-04-29,홍콩,KYG875721634,TENCENT HOLDINGS LTD,155296918
2026-04-29,홍콩,KYG017191142,ALIBABA GROUP HOLDING LTD,138947981
2026-04-29,홍콩,HK0001205258,XL2CSOPHYNIX,117564377
2026-04-29,홍콩,CNE100005F09,TIANQI LITHIUM CORP,116260552
2026-04-29,홍콩,HK0000637832,GLOBAL X CHINA SEMICONDUCTOR ETF (HKD),112349955
2026-04-29,홍콩,KYG8020E1199,SEMICONDUCTOR MANUFACTURING INTL CORP,110508924
2026-04-29,홍콩,CNE100000296,BYD CO LTD-H,102605440
2026-04-29,홍콩,KYG6181S1093,00100,89055805
2026-04-29,홍콩,HK0001121349,XL2CSOPSMSN,77926315
2026-04-29,홍콩,KYG9830T1067,XIAOMI CORP,53892867
2026-04-29,홍콩,HK0001281473,CSOP HKJPCF,49771126
2026-04-29,홍콩,HK0001279691,GX CL HK-US,44116800
2026-04-29,홍콩,CNE100006CQ4,Ubtech Robotics Ord Shs H,43781780
2026-04-29,홍콩,CNE100004YZ4,CTG DUTY-FREE,42865182
2026-04-29,홍콩,CNE100007DX6,MONTAGE TECHNOLOGY,41069142
2026-04-29,홍콩,HK0000562659,GLOBAL X CHINA ELECTRIC VEHICLE AND BATTERY ETF (HKD),40970239
2026-04-29,홍콩,CNE100000593,PICC PROPERTY AND CASUALTY CO LTD-H,37432787
2026-04-29,홍콩,CNE100006WS8,CATL ORD H,36304559
2026-04-29,홍콩,KYG392AS1011,GLOBAL NEW MATERIAL INTL HOLDINGS LTD,33911936
2026-04-29,홍콩,CNE100007JY1,VICTORY GIANT,26992145
2026-04-29,홍콩,HK0001025037,GLOBAL X US Treasury 3-5 Year ETF,23411518
2026-04-29,홍콩,CNE1000003X6,PING AN INSURANCE GROUP CO OF CHINA LTD-H,22221503
2026-04-29,홍콩,KYG3777B1032,GEELY AUTOMOBILE HOLDINGS LTD,20796605
2026-04-29,홍콩,HK0000859063,SAMSUNG BLOCKCHAIN TECHNOLOGIES ETF,19646568
2026-04-29,홍콩,KYG070341048,BAIDU INC CL A,18491993
2026-04-29,홍콩,CNE100006JG0,LAOPU GOLD,17664935
2026-04-29,홍콩,KYG5860M1024,00068,16917458
2026-04-29,홍콩,HK0000516697,GLOBAL X CHINA BIOTECH ETF (HKD),15160783
2026-04-29,홍콩,HK0000748381,YESASIA HOLDINGS LTD,14813470
2026-04-29,홍콩,HK0000642568,CSOP HANG SENG TECH INDEX ETF (HKD),14677498
2026-04-29,홍콩,HK0941009539,CHINA MOBILE LTD,14434771
2026-04-29,홍콩,HK0000218211,HUA HONG SEMICONDUCTOR LTD,14117357
2026-04-29,홍콩,CNE1000003C0,HARBIN ELECTRIC CO LTD-H,12651675
2026-04-29,홍콩,CNE100000304,DONGFANG ELECTRIC CORP LTD-H,12187635
2026-04-29,홍콩,HK0000562675,GLOBAL X CHINA CLEAN ENERGY ETF (HKD),12074363
2026-04-29,홍콩,CNE1000076H5,09927,11987210
2026-04-29,홍콩,CNE1000003W8,PETROCHINA CO LTD-H,11985277
2026-04-29,홍콩,KYG596691041,MEITUAN,11957003
2026-04-29,홍콩,CNE1000003G1,INDUSTRIAL AND COMMERCIAL BANK OF CHINA LTD-H,11311345
2026-04-29,홍콩,KYG970081173,WUXI BIOLOGICS CAYMAN INC,11192990
2026-04-29,홍콩,HK0000562634,GLOBAL X CHINA CONSUMER BRAND ETF (HKD),10848553
2026-04-29,홍콩,HKX566362888,PING AN SECURITIE HKD0.01 HKD0.01 CHAN 009837742 BMG7115B1211,10751488
2026-04-29,홍콩,HK0000516713,GLOBAL X CHINA CLOUD COMPUTING ETF (HKD),10468452
2026-04-29,홍콩,KYG3774X1088,GCL TECHNOLOGY HOLDINGS LTD,10235806
2026-04-29,홍콩,HK1126010854,DREAM INTERNATIONAL LTD,9909949
2026-04-29,홍콩,HK0000651213,ISHARES HS TECH ETF HKD,9655824
2026-04-29,홍콩,KYG9808A1058,WUXI XDC CAYMAN INC,9029292
2026-04-29,홍콩,HK0000637857,GLOBAL X CHINA ROBOTICS AND AI ETF (HKD),8729945
2026-04-29,홍콩,KYG8208B1014,JD.COM INC CL A,8632061
2026-04-30,홍콩,CNE1000031W9,GANFENGLITHIUM ORD H,181982469
2026-04-30,홍콩,KYG875721634,TENCENT HOLDINGS LTD,150901595
2026-04-30,홍콩,KYG017191142,ALIBABA GROUP HOLDING LTD,133561239
2026-04-30,홍콩,CNE100005F09,TIANQI LITHIUM CORP,122116308
2026-04-30,홍콩,KYG8020E1199,SEMICONDUCTOR MANUFACTURING INTL CORP,119102163
2026-04-30,홍콩,HK0000637832,GLOBAL X CHINA SEMICONDUCTOR ETF (HKD),118241682
2026-04-30,홍콩,HK0001205258,XL2CSOPHYNIX,117711673
2026-04-30,홍콩,CNE100000296,BYD CO LTD-H,97049094
2026-04-30,홍콩,KYG6181S1093,00100,90017437
2026-04-30,홍콩,HK0001121349,XL2CSOPSMSN,75443251
2026-04-30,홍콩,KYG9830T1067,XIAOMI CORP,52143585
2026-04-30,홍콩,HK0001281473,CSOP HKJPCF,49763905
2026-04-30,홍콩,HK0001279691,GX CL HK-US,43929600
2026-04-30,홍콩,CNE100006CQ4,Ubtech Robotics Ord Shs H,43494581
2026-04-30,홍콩,CNE100007DX6,MONTAGE TECHNOLOGY,42137844
2026-04-30,홍콩,CNE100004YZ4,CTG DUTY-FREE,41603157
2026-04-30,홍콩,HK0000562659,GLOBAL X CHINA ELECTRIC VEHICLE AND BATTERY ETF (HKD),40697011
2026-04-30,홍콩,CNE100006WS8,CATL ORD H,39236492
2026-04-30,홍콩,CNE100000593,PICC PROPERTY AND CASUALTY CO LTD-H,36228876
2026-04-30,홍콩,KYG392AS1011,GLOBAL NEW MATERIAL INTL HOLDINGS LTD,34068478
2026-04-30,홍콩,CNE100007JY1,VICTORY GIANT,26817028
2026-04-30,홍콩,HK0001025037,GLOBAL X US Treasury 3-5 Year ETF,23349706
2026-04-30,홍콩,CNE1000003X6,PING AN INSURANCE GROUP CO OF CHINA LTD-H,21946027
2026-04-30,홍콩,KYG3777B1032,GEELY AUTOMOBILE HOLDINGS LTD,21253461
2026-04-30,홍콩,HK0000859063,SAMSUNG BLOCKCHAIN TECHNOLOGIES ETF,19339856
2026-04-30,홍콩,KYG070341048,BAIDU INC CL A,18409544
2026-04-30,홍콩,CNE100006JG0,LAOPU GOLD,17074657
2026-04-30,홍콩,KYG5860M1024,00068,16010692
2026-04-30,홍콩,HK0000516697,GLOBAL X CHINA BIOTECH ETF (HKD),15039807
2026-04-30,홍콩,HK0000748381,YESASIA HOLDINGS LTD,14815671
2026-04-30,홍콩,HK0000218211,HUA HONG SEMICONDUCTOR LTD,14753176
2026-04-30,홍콩,HK0000642568,CSOP HANG SENG TECH INDEX ETF (HKD),14559812
2026-04-30,홍콩,HK0941009539,CHINA MOBILE LTD,14332290
2026-04-30,홍콩,CNE1000003C0,HARBIN ELECTRIC CO LTD-H,12541813
2026-04-30,홍콩,HK0000562675,GLOBAL X CHINA CLEAN ENERGY ETF (HKD),12060922
2026-04-30,홍콩,CNE1000003W8,PETROCHINA CO LTD-H,12005922
2026-04-30,홍콩,KYG596691041,MEITUAN,11981119
2026-04-30,홍콩,CNE100000304,DONGFANG ELECTRIC CORP LTD-H,11962401
2026-04-30,홍콩,CNE1000076H5,09927,11532619
2026-04-30,홍콩,CNE1000003G1,INDUSTRIAL AND COMMERCIAL BANK OF CHINA LTD-H,11013874
2026-04-30,홍콩,KYG970081173,WUXI BIOLOGICS CAYMAN INC,10894600
2026-04-30,홍콩,HKX566362888,PING AN SECURITIE HKD0.01 HKD0.01 CHAN 009837742 BMG7115B1211,10749929
2026-04-30,홍콩,HK0000562634,GLOBAL X CHINA CONSUMER BRAND ETF (HKD),10656397
2026-04-30,홍콩,HK0000516713,GLOBAL X CHINA CLOUD COMPUTING ETF (HKD),10476153
2026-04-30,홍콩,HK0000651213,ISHARES HS TECH ETF HKD,9965400
2026-04-30,홍콩,HK1126010854,DREAM INTERNATIONAL LTD,9869244
2026-04-30,홍콩,KYG3774X1088,GCL TECHNOLOGY HOLDINGS LTD,9690160
2026-04-30,홍콩,KYG9808A1058,WUXI XDC CAYMAN INC,9081950
2026-04-30,홍콩,HK0000637857,GLOBAL X CHINA ROBOTICS AND AI ETF (HKD),8753511
2026-04-30,홍콩,HKX601342549,CHINA BRIGHT CULTURE GROUP USD0.00001 (Delisted/BL398Y0) CHAN 970928502 KYG2153C1078,8631000
2026-05-01,홍콩,CNE1000031W9,GANFENGLITHIUM ORD H,181982469
2026-05-01,홍콩,KYG875721634,TENCENT HOLDINGS LTD,150901595
2026-05-01,홍콩,KYG017191142,ALIBABA GROUP HOLDING LTD,133561239
2026-05-01,홍콩,CNE100005F09,TIANQI LITHIUM CORP,122116308
2026-05-01,홍콩,KYG8020E1199,SEMICONDUCTOR MANUFACTURING INTL CORP,119102163
2026-05-01,홍콩,HK0000637832,GLOBAL X CHINA SEMICONDUCTOR ETF (HKD),118241682
2026-05-01,홍콩,HK0001205258,XL2CSOPHYNIX,117711673
2026-05-01,홍콩,CNE100000296,BYD CO LTD-H,97049094
2026-05-01,홍콩,KYG6181S1093,00100,90017437
2026-05-01,홍콩,HK0001121349,XL2CSOPSMSN,75443251
2026-05-01,홍콩,KYG9830T1067,XIAOMI CORP,52143585
2026-05-01,홍콩,HK0001281473,CSOP HKJPCF,49763905
2026-05-01,홍콩,HK0001279691,GX CL HK-US,43929600
2026-05-01,홍콩,CNE100006CQ4,Ubtech Robotics Ord Shs H,43494581
2026-05-01,홍콩,CNE100007DX6,MONTAGE TECHNOLOGY,42137844
2026-05-01,홍콩,CNE100004YZ4,CTG DUTY-FREE,41603157
2026-05-01,홍콩,HK0000562659,GLOBAL X CHINA ELECTRIC VEHICLE AND BATTERY ETF (HKD),40697011
2026-05-01,홍콩,CNE100006WS8,CATL ORD H,39236492
2026-05-01,홍콩,CNE100000593,PICC PROPERTY AND CASUALTY CO LTD-H,36228876
2026-05-01,홍콩,KYG392AS1011,GLOBAL NEW MATERIAL INTL HOLDINGS LTD,34068478
2026-05-01,홍콩,CNE100007JY1,VICTORY GIANT,26817028
2026-05-01,홍콩,HK0001025037,GLOBAL X US Treasury 3-5 Year ETF,23349706
2026-05-01,홍콩,CNE1000003X6,PING AN INSURANCE GROUP CO OF CHINA LTD-H,21946027
2026-05-01,홍콩,KYG3777B1032,GEELY AUTOMOBILE HOLDINGS LTD,21253461
2026-05-01,홍콩,HK0000859063,SAMSUNG BLOCKCHAIN TECHNOLOGIES ETF,19339856
2026-05-01,홍콩,KYG070341048,BAIDU INC CL A,18409544
2026-05-01,홍콩,CNE100006JG0,LAOPU GOLD,17074657
2026-05-01,홍콩,KYG5860M1024,00068,16010692
2026-05-01,홍콩,HK0000516697,GLOBAL X CHINA BIOTECH ETF (HKD),15039807
2026-05-01,홍콩,HK0000748381,YESASIA HOLDINGS LTD,14815671
2026-05-01,홍콩,HK0000218211,HUA HONG SEMICONDUCTOR LTD,14753176
2026-05-01,홍콩,HK0000642568,CSOP HANG SENG TECH INDEX ETF (HKD),14559812
2026-05-01,홍콩,HK0941009539,CHINA MOBILE LTD,14332290
2026-05-01,홍콩,CNE1000003C0,HARBIN ELECTRIC CO LTD-H,12541813
2026-05-01,홍콩,HK0000562675,GLOBAL X CHINA CLEAN ENERGY ETF (HKD),12060922
2026-05-01,홍콩,CNE1000003W8,PETROCHINA CO LTD-H,12005922
2026-05-01,홍콩,KYG596691041,MEITUAN,11981119
2026-05-01,홍콩,CNE100000304,DONGFANG ELECTRIC CORP LTD-H,11962401
2026-05-01,홍콩,CNE1000076H5,09927,11532619
2026-05-01,홍콩,CNE1000003G1,INDUSTRIAL AND COMMERCIAL BANK OF CHINA LTD-H,11013874
2026-05-01,홍콩,KYG970081173,WUXI BIOLOGICS CAYMAN INC,10894600
2026-05-01,홍콩,HKX566362888,PING AN SECURITIE HKD0.01 HKD0.01 CHAN 009837742 BMG7115B1211,10749929
2026-05-01,홍콩,HK0000562634,GLOBAL X CHINA CONSUMER BRAND ETF (HKD),10656397
2026-05-01,홍콩,HK0000516713,GLOBAL X CHINA CLOUD COMPUTING ETF (HKD),10476153
2026-05-01,홍콩,HK0000651213,ISHARES HS TECH ETF HKD,9965400
2026-05-01,홍콩,HK1126010854,DREAM INTERNATIONAL LTD,9869244
2026-05-01,홍콩,KYG3774X1088,GCL TECHNOLOGY HOLDINGS LTD,9690160
2026-05-01,홍콩,KYG9808A1058,WUXI XDC CAYMAN INC,9081950
2026-05-01,홍콩,HK0000637857,GLOBAL X CHINA ROBOTICS AND AI ETF (HKD),8753511
2026-05-01,홍콩,HKX601342549,CHINA BRIGHT CULTURE GROUP USD0.00001 (Delisted/BL398Y0) CHAN 970928502 KYG2153C1078,8631000
2026-05-04,홍콩,CNE1000031W9,GANFENGLITHIUM ORD H,189404865
2026-05-04,홍콩,KYG875721634,TENCENT HOLDINGS LTD,152344241
2026-05-04,홍콩,HK0001205258,XL2CSOPHYNIX,145118246
2026-05-04,홍콩,KYG017191142,ALIBABA GROUP HOLDING LTD,140343722
2026-05-04,홍콩,CNE100005F09,TIANQI LITHIUM CORP,124226153
2026-05-04,홍콩,KYG8020E1199,SEMICONDUCTOR MANUFACTURING INTL CORP,121828159
2026-05-04,홍콩,HK0000637832,GLOBAL X CHINA SEMICONDUCTOR ETF (HKD),120774850
2026-05-04,홍콩,KYG6181S1093,00100,99145859
2026-05-04,홍콩,CNE100000296,BYD CO LTD-H,97984951
2026-05-04,홍콩,HK0001121349,XL2CSOPSMSN,80751385
2026-05-04,홍콩,KYG9830T1067,XIAOMI CORP,55620004
2026-05-04,홍콩,HK0001281473,CSOP HKJPCF,49330290
2026-05-04,홍콩,CNE100006CQ4,Ubtech Robotics Ord Shs H,45983936
2026-05-04,홍콩,HK0001279691,GX CL HK-US,43929600
2026-05-04,홍콩,CNE100007DX6,MONTAGE TECHNOLOGY,43519705
2026-05-04,홍콩,CNE100006WS8,CATL ORD H,41588468
2026-05-04,홍콩,CNE100004YZ4,CTG DUTY-FREE,41418159
2026-05-04,홍콩,HK0000562659,GLOBAL X CHINA ELECTRIC VEHICLE AND BATTERY ETF (HKD),41262875
2026-05-04,홍콩,CNE100000593,PICC PROPERTY AND CASUALTY CO LTD-H,36390936
2026-05-04,홍콩,KYG392AS1011,GLOBAL NEW MATERIAL INTL HOLDINGS LTD,35450236
2026-05-04,홍콩,CNE100007JY1,VICTORY GIANT,26978063
2026-05-04,홍콩,CNE1000003X6,PING AN INSURANCE GROUP CO OF CHINA LTD-H,23500966
2026-05-04,홍콩,HK0001025037,GLOBAL X US Treasury 3-5 Year ETF,23355853
2026-05-04,홍콩,KYG3777B1032,GEELY AUTOMOBILE HOLDINGS LTD,21297005
2026-05-04,홍콩,HK0000859063,SAMSUNG BLOCKCHAIN TECHNOLOGIES ETF,20256771
2026-05-04,홍콩,KYG5860M1024,00068,19096566
2026-05-04,홍콩,KYG070341048,BAIDU INC CL A,19004407
2026-05-04,홍콩,CNE100006JG0,LAOPU GOLD,17612403
2026-05-04,홍콩,HK0000516697,GLOBAL X CHINA BIOTECH ETF (HKD),15105171
2026-05-04,홍콩,HK0000642568,CSOP HANG SENG TECH INDEX ETF (HKD),14893336
2026-05-04,홍콩,HK0000748381,YESASIA HOLDINGS LTD,14725141
2026-05-04,홍콩,HK0941009539,CHINA MOBILE LTD,14183057
2026-05-04,홍콩,HK0000218211,HUA HONG SEMICONDUCTOR LTD,14056087
2026-05-04,홍콩,CNE1000003C0,HARBIN ELECTRIC CO LTD-H,13171831
2026-05-04,홍콩,HK0000562675,GLOBAL X CHINA CLEAN ENERGY ETF (HKD),12135008
2026-05-04,홍콩,KYG596691041,MEITUAN,12123412
2026-05-04,홍콩,CNE100000304,DONGFANG ELECTRIC CORP LTD-H,12082370
2026-05-04,홍콩,CNE1000003W8,PETROCHINA CO LTD-H,11652777
2026-05-04,홍콩,KYG970081173,WUXI BIOLOGICS CAYMAN INC,11405421
2026-05-04,홍콩,CNE1000076H5,09927,11377116
2026-05-04,홍콩,CNE1000003G1,INDUSTRIAL AND COMMERCIAL BANK OF CHINA LTD-H,10850575
2026-05-04,홍콩,HKX566362888,PING AN SECURITIE HKD0.01 HKD0.01 CHAN 009837742 BMG7115B1211,10752759
2026-05-04,홍콩,HK0000562634,GLOBAL X CHINA CONSUMER BRAND ETF (HKD),10749504
2026-05-04,홍콩,HK0000516713,GLOBAL X CHINA CLOUD COMPUTING ETF (HKD),10698243
2026-05-04,홍콩,HK0000651213,ISHARES HS TECH ETF HKD,10165670
2026-05-04,홍콩,HK1126010854,DREAM INTERNATIONAL LTD,9845775
2026-05-04,홍콩,KYG3774X1088,GCL TECHNOLOGY HOLDINGS LTD,9807977
2026-05-04,홍콩,KYG9808A1058,WUXI XDC CAYMAN INC,9122899
2026-05-04,홍콩,HK0000637857,GLOBAL X CHINA ROBOTICS AND AI ETF (HKD),8857837
2026-05-04,홍콩,HKX601342549,CHINA BRIGHT CULTURE GROUP USD0.00001 (Delisted/BL398Y0) CHAN 970928502 KYG2153C1078,8631000
2026-05-05,홍콩,CNE1000031W9,GANFENGLITHIUM ORD H,189109261
2026-05-05,홍콩,KYG875721634,TENCENT HOLDINGS LTD,151823324
2026-05-05,홍콩,HK0001205258,XL2CSOPHYNIX,145606935
2026-05-05,홍콩,KYG017191142,ALIBABA GROUP HOLDING LTD,138667959
2026-05-05,홍콩,CNE100005F09,TIANQI LITHIUM CORP,121675238
2026-05-05,홍콩,HK0000637832,GLOBAL X CHINA SEMICONDUCTOR ETF (HKD),121548351
2026-05-05,홍콩,KYG8020E1199,SEMICONDUCTOR MANUFACTURING INTL CORP,119081084
2026-05-05,홍콩,KYG6181S1093,00100,96674661
2026-05-05,홍콩,CNE100000296,BYD CO LTD-H,95599616
2026-05-05,홍콩,HK0001121349,XL2CSOPSMSN,81852231
2026-05-05,홍콩,KYG9830T1067,XIAOMI CORP,53171155
2026-05-05,홍콩,HK0001281473,CSOP HKJPCF,49330290
2026-05-05,홍콩,CNE100006CQ4,Ubtech Robotics Ord Shs H,44776844
2026-05-05,홍콩,CNE100007DX6,MONTAGE TECHNOLOGY,44324434
2026-05-05,홍콩,HK0001279691,GX CL HK-US,43804800
2026-05-05,홍콩,CNE100006WS8,CATL ORD H,42801699
2026-05-05,홍콩,HK0000562659,GLOBAL X CHINA ELECTRIC VEHICLE AND BATTERY ETF (HKD),40803466
2026-05-05,홍콩,CNE100004YZ4,CTG DUTY-FREE,39517792
2026-05-05,홍콩,CNE100000593,PICC PROPERTY AND CASUALTY CO LTD-H,36088802
2026-05-05,홍콩,KYG392AS1011,GLOBAL NEW MATERIAL INTL HOLDINGS LTD,35652116
2026-05-05,홍콩,CNE100007JY1,VICTORY GIANT,26867854
2026-05-05,홍콩,HK0001025037,GLOBAL X US Treasury 3-5 Year ETF,23314117
2026-05-05,홍콩,CNE1000003X6,PING AN INSURANCE GROUP CO OF CHINA LTD-H,22095665
2026-05-05,홍콩,KYG3777B1032,GEELY AUTOMOBILE HOLDINGS LTD,21304922
2026-05-05,홍콩,KYG070341048,BAIDU INC CL A,20874715
2026-05-05,홍콩,HK0000859063,SAMSUNG BLOCKCHAIN TECHNOLOGIES ETF,20605409
2026-05-05,홍콩,KYG5860M1024,00068,17391101
2026-05-05,홍콩,CNE100006JG0,LAOPU GOLD,17139693
2026-05-05,홍콩,HK0000516697,GLOBAL X CHINA BIOTECH ETF (HKD),15003514
2026-05-05,홍콩,HK0000642568,CSOP HANG SENG TECH INDEX ETF (HKD),14712502
2026-05-05,홍콩,HK0000748381,YESASIA HOLDINGS LTD,14350525
2026-05-05,홍콩,HK0941009539,CHINA MOBILE LTD,14214322
2026-05-05,홍콩,HK0000218211,HUA HONG SEMICONDUCTOR LTD,13717436
2026-05-05,홍콩,CNE1000003C0,HARBIN ELECTRIC CO LTD-H,12683061
2026-05-05,홍콩,KYG596691041,MEITUAN,12074721
2026-05-05,홍콩,CNE100000304,DONGFANG ELECTRIC CORP LTD-H,12067698
2026-05-05,홍콩,HK0000562675,GLOBAL X CHINA CLEAN ENERGY ETF (HKD),12054251
2026-05-05,홍콩,CNE1000003W8,PETROCHINA CO LTD-H,11632858
2026-05-05,홍콩,KYG970081173,WUXI BIOLOGICS CAYMAN INC,11159170
2026-05-05,홍콩,CNE1000003G1,INDUSTRIAL AND COMMERCIAL BANK OF CHINA LTD-H,10823618
2026-05-05,홍콩,HKX566362888,PING AN SECURITIE HKD0.01 HKD0.01 CHAN 009837742 BMG7115B1211,10752759
2026-05-05,홍콩,HK0000516713,GLOBAL X CHINA CLOUD COMPUTING ETF (HKD),10664240
2026-05-05,홍콩,CNE1000076H5,09927,10584417
2026-05-05,홍콩,HK0000562634,GLOBAL X CHINA CONSUMER BRAND ETF (HKD),10554669
2026-05-05,홍콩,HK0000651213,ISHARES HS TECH ETF HKD,10006366
2026-05-05,홍콩,HK1126010854,DREAM INTERNATIONAL LTD,9819624
2026-05-05,홍콩,KYG3774X1088,GCL TECHNOLOGY HOLDINGS LTD,9602981
2026-05-05,홍콩,KYG9808A1058,WUXI XDC CAYMAN INC,8922396
2026-05-05,홍콩,HK0000637857,GLOBAL X CHINA ROBOTICS AND AI ETF (HKD),8807269
2026-05-05,홍콩,KYG532631028,KUAISHOU TECHNOLOGY,8752655
2026-05-06,홍콩,CNE1000031W9,GANFENGLITHIUM ORD H,194069293
2026-05-06,홍콩,HK0001205258,XL2CSOPHYNIX,172113588
2026-05-06,홍콩,KYG875721634,TENCENT HOLDINGS LTD,148854703
2026-05-06,홍콩,KYG017191142,ALIBABA GROUP HOLDING LTD,143123484
2026-05-06,홍콩,HK0000637832,GLOBAL X CHINA SEMICONDUCTOR ETF (HKD),129811664
2026-05-06,홍콩,KYG8020E1199,SEMICONDUCTOR MANUFACTURING INTL CORP,125245824
2026-05-06,홍콩,CNE100005F09,TIANQI LITHIUM CORP,123017095
2026-05-06,홍콩,HK0001121349,XL2CSOPSMSN,101617922
2026-05-06,홍콩,KYG6181S1093,00100,99146794
2026-05-06,홍콩,CNE100000296,BYD CO LTD-H,93558781
2026-05-06,홍콩,KYG9830T1067,XIAOMI CORP,54483897
2026-05-06,홍콩,CNE100007DX6,MONTAGE TECHNOLOGY,51753272
2026-05-06,홍콩,HK0001281473,CSOP HKJPCF,49738514
2026-05-06,홍콩,CNE100006CQ4,Ubtech Robotics Ord Shs H,44962745
2026-05-06,홍콩,HK0001279691,GX CL HK-US,43867200
2026-05-06,홍콩,CNE100006WS8,CATL ORD H,43838822
2026-05-06,홍콩,HK0000562659,GLOBAL X CHINA ELECTRIC VEHICLE AND BATTERY ETF (HKD),41362958
2026-05-06,홍콩,CNE100004YZ4,CTG DUTY-FREE,38007438
2026-05-06,홍콩,CNE100000593,PICC PROPERTY AND CASUALTY CO LTD-H,36232097
2026-05-06,홍콩,KYG392AS1011,GLOBAL NEW MATERIAL INTL HOLDINGS LTD,35526285
2026-05-06,홍콩,CNE100007JY1,VICTORY GIANT,26970401
2026-05-06,홍콩,HK0001025037,GLOBAL X US Treasury 3-5 Year ETF,23311031
2026-05-06,홍콩,CNE1000003X6,PING AN INSURANCE GROUP CO OF CHINA LTD-H,22336283
2026-05-06,홍콩,KYG070341048,BAIDU INC CL A,21982076
2026-05-06,홍콩,HK0000859063,SAMSUNG BLOCKCHAIN TECHNOLOGIES ETF,20995965
2026-05-06,홍콩,KYG3777B1032,GEELY AUTOMOBILE HOLDINGS LTD,20837003
2026-05-06,홍콩,CNE100006JG0,LAOPU GOLD,17294139
2026-05-06,홍콩,KYG5860M1024,00068,17114980
2026-05-06,홍콩,HK0000642568,CSOP HANG SENG TECH INDEX ETF (HKD),15458747
2026-05-06,홍콩,HK0000218211,HUA HONG SEMICONDUCTOR LTD,14992851
2026-05-06,홍콩,HK0000516697,GLOBAL X CHINA BIOTECH ETF (HKD),14988462
2026-05-06,홍콩,HK0941009539,CHINA MOBILE LTD,14426773
2026-05-06,홍콩,HK0000748381,YESASIA HOLDINGS LTD,14222088
2026-05-06,홍콩,CNE1000003C0,HARBIN ELECTRIC CO LTD-H,12752031
2026-05-06,홍콩,HK0000562675,GLOBAL X CHINA CLEAN ENERGY ETF (HKD),12272053
2026-05-06,홍콩,CNE100000304,DONGFANG ELECTRIC CORP LTD-H,11837763
2026-05-06,홍콩,CNE1000003W8,PETROCHINA CO LTD-H,11500149
2026-05-06,홍콩,KYG596691041,MEITUAN,11422036
2026-05-06,홍콩,HK0000516713,GLOBAL X CHINA CLOUD COMPUTING ETF (HKD),11070594
2026-05-06,홍콩,CNE1000003G1,INDUSTRIAL AND COMMERCIAL BANK OF CHINA LTD-H,10928989
2026-05-06,홍콩,KYG970081173,WUXI BIOLOGICS CAYMAN INC,10869926
2026-05-06,홍콩,HKX566362888,PING AN SECURITIE HKD0.01 HKD0.01 CHAN 009837742 BMG7115B1211,10751336
2026-05-06,홍콩,CNE1000076H5,09927,10576361
2026-05-06,홍콩,HK0000562634,GLOBAL X CHINA CONSUMER BRAND ETF (HKD),10507147
2026-05-06,홍콩,HK0000651213,ISHARES HS TECH ETF HKD,10092610
2026-05-06,홍콩,HK1126010854,DREAM INTERNATIONAL LTD,9661441
2026-05-06,홍콩,KYG3774X1088,GCL TECHNOLOGY HOLDINGS LTD,9385719
2026-05-06,홍콩,KYG532631028,KUAISHOU TECHNOLOGY,8950681
2026-05-06,홍콩,HK0000637857,GLOBAL X CHINA ROBOTICS AND AI ETF (HKD),8915941
2026-05-06,홍콩,KYG9808A1058,WUXI XDC CAYMAN INC,8757341
2026-05-07,홍콩,CNE1000031W9,GANFENGLITHIUM ORD H,194525579
2026-05-07,홍콩,HK0001205258,XL2CSOPHYNIX,183823225
2026-05-07,홍콩,KYG875721634,TENCENT HOLDINGS LTD,153404404
2026-05-07,홍콩,KYG017191142,ALIBABA GROUP HOLDING LTD,150235268
2026-05-07,홍콩,HK0000637832,GLOBAL X CHINA SEMICONDUCTOR ETF (HKD),132470555
2026-05-07,홍콩,KYG8020E1199,SEMICONDUCTOR MANUFACTURING INTL CORP,128364283
2026-05-07,홍콩,CNE100005F09,TIANQI LITHIUM CORP,123122826
2026-05-07,홍콩,HK0001121349,XL2CSOPSMSN,109098352
2026-05-07,홍콩,KYG6181S1093,00100,101378556
2026-05-07,홍콩,CNE100000296,BYD CO LTD-H,95215564
2026-05-07,홍콩,CNE100007DX6,MONTAGE TECHNOLOGY,57597867
2026-05-07,홍콩,KYG9830T1067,XIAOMI CORP,55158679
2026-05-07,홍콩,HK0001281473,CSOP HKJPCF,49743422
2026-05-07,홍콩,CNE100006CQ4,Ubtech Robotics Ord Shs H,46640912
2026-05-07,홍콩,HK0001279691,GX CL HK-US,44116800
2026-05-07,홍콩,CNE100006WS8,CATL ORD H,43614955
2026-05-07,홍콩,HK0000562659,GLOBAL X CHINA ELECTRIC VEHICLE AND BATTERY ETF (HKD),40919983
2026-05-07,홍콩,CNE100004YZ4,CTG DUTY-FREE,38831204
2026-05-07,홍콩,CNE100000593,PICC PROPERTY AND CASUALTY CO LTD-H,38244961
2026-05-07,홍콩,KYG392AS1011,GLOBAL NEW MATERIAL INTL HOLDINGS LTD,34318548
2026-05-07,홍콩,CNE100007JY1,VICTORY GIANT,27810242
2026-05-07,홍콩,HK0001025037,GLOBAL X US Treasury 3-5 Year ETF,23313331
2026-05-07,홍콩,CNE1000003X6,PING AN INSURANCE GROUP CO OF CHINA LTD-H,22964799
2026-05-07,홍콩,KYG070341048,BAIDU INC CL A,22910165
2026-05-07,홍콩,HK0000859063,SAMSUNG BLOCKCHAIN TECHNOLOGIES ETF,21990281
2026-05-07,홍콩,KYG3777B1032,GEELY AUTOMOBILE HOLDINGS LTD,20971277
2026-05-07,홍콩,KYG5860M1024,00068,18005705
2026-05-07,홍콩,CNE100006JG0,LAOPU GOLD,17719170
2026-05-07,홍콩,HK0000218211,HUA HONG SEMICONDUCTOR LTD,16386916
2026-05-07,홍콩,HK0000642568,CSOP HANG SENG TECH INDEX ETF (HKD),15904716
2026-05-07,홍콩,HK0000516697,GLOBAL X CHINA BIOTECH ETF (HKD),15210781
2026-05-07,홍콩,HK0941009539,CHINA MOBILE LTD,14530403
2026-05-07,홍콩,HK0000748381,YESASIA HOLDINGS LTD,14407319
2026-05-07,홍콩,CNE1000003C0,HARBIN ELECTRIC CO LTD-H,13285120
2026-05-07,홍콩,HK0000562675,GLOBAL X CHINA CLEAN ENERGY ETF (HKD),12350454
2026-05-07,홍콩,CNE100000304,DONGFANG ELECTRIC CORP LTD-H,11775443
2026-05-07,홍콩,KYG596691041,MEITUAN,11627193
2026-05-07,홍콩,HK0000516713,GLOBAL X CHINA CLOUD COMPUTING ETF (HKD),11314280
2026-05-07,홍콩,CNE1000003G1,INDUSTRIAL AND COMMERCIAL BANK OF CHINA LTD-H,10973347
2026-05-07,홍콩,KYG970081173,WUXI BIOLOGICS CAYMAN INC,10972010
2026-05-07,홍콩,CNE1000076H5,09927,10841651
2026-05-07,홍콩,HKX566362888,PING AN SECURITIE HKD0.01 HKD0.01 CHAN 009837742 BMG7115B1211,10752396
2026-05-07,홍콩,HK0000562634,GLOBAL X CHINA CONSUMER BRAND ETF (HKD),10655611
2026-05-07,홍콩,CNE1000003W8,PETROCHINA CO LTD-H,10523703
2026-05-07,홍콩,HK0000651213,ISHARES HS TECH ETF HKD,10420896
2026-05-07,홍콩,KYG3774X1088,GCL TECHNOLOGY HOLDINGS LTD,9928691
2026-05-07,홍콩,HK1126010854,DREAM INTERNATIONAL LTD,9806219
2026-05-07,홍콩,KYG532631028,KUAISHOU TECHNOLOGY,9634082
2026-05-07,홍콩,HK0000637857,GLOBAL X CHINA ROBOTICS AND AI ETF (HKD),9251561
2026-05-07,홍콩,KYG9808A1058,WUXI XDC CAYMAN INC,8874259
2026-05-08,홍콩,HK0001205258,XL2CSOPHYNIX,182229660
2026-05-08,홍콩,CNE1000031W9,GANFENGLITHIUM ORD H,181911528
2026-05-08,홍콩,KYG875721634,TENCENT HOLDINGS LTD,149632077
2026-05-08,홍콩,KYG017191142,ALIBABA GROUP HOLDING LTD,148563974
2026-05-08,홍콩,HK0000637832,GLOBAL X CHINA SEMICONDUCTOR ETF (HKD),129624135
2026-05-08,홍콩,KYG8020E1199,SEMICONDUCTOR MANUFACTURING INTL CORP,123245800
2026-05-08,홍콩,CNE100005F09,TIANQI LITHIUM CORP,114434604
2026-05-08,홍콩,HK0001121349,XL2CSOPSMSN,109257531
2026-05-08,홍콩,CNE100000296,BYD CO LTD-H,93843170
2026-05-08,홍콩,KYG6181S1093,00100,91936273
2026-05-08,홍콩,CNE100007DX6,MONTAGE TECHNOLOGY,60077397
2026-05-08,홍콩,KYG9830T1067,XIAOMI CORP,54948364
2026-05-08,홍콩,HK0001281473,CSOP HKJPCF,49473825
2026-05-08,홍콩,CNE100006CQ4,Ubtech Robotics Ord Shs H,48102231
2026-05-08,홍콩,HK0001279691,GX CL HK-US,44116800
2026-05-08,홍콩,HK0000562659,GLOBAL X CHINA ELECTRIC VEHICLE AND BATTERY ETF (HKD),39906671
2026-05-08,홍콩,CNE100006WS8,CATL ORD H,39682167
2026-05-08,홍콩,CNE100004YZ4,CTG DUTY-FREE,38282227
2026-05-08,홍콩,CNE100000593,PICC PROPERTY AND CASUALTY CO LTD-H,38261901
2026-05-08,홍콩,KYG392AS1011,GLOBAL NEW MATERIAL INTL HOLDINGS LTD,34290349
2026-05-08,홍콩,CNE100007JY1,VICTORY GIANT,29400625
2026-05-08,홍콩,KYG070341048,BAIDU INC CL A,24053156
2026-05-08,홍콩,HK0001025037,GLOBAL X US Treasury 3-5 Year ETF,23321612
2026-05-08,홍콩,CNE1000003X6,PING AN INSURANCE GROUP CO OF CHINA LTD-H,22844280
2026-05-08,홍콩,HK0000859063,SAMSUNG BLOCKCHAIN TECHNOLOGIES ETF,21255880
2026-05-08,홍콩,KYG3777B1032,GEELY AUTOMOBILE HOLDINGS LTD,21041823
2026-05-08,홍콩,KYG5860M1024,00068,17845834
2026-05-08,홍콩,CNE100006JG0,LAOPU GOLD,17610866
2026-05-08,홍콩,HK0000642568,CSOP HANG SENG TECH INDEX ETF (HKD),15868428
2026-05-08,홍콩,HK0000218211,HUA HONG SEMICONDUCTOR LTD,15177388
2026-05-08,홍콩,HK0000748381,YESASIA HOLDINGS LTD,15162204
2026-05-08,홍콩,HK0000516697,GLOBAL X CHINA BIOTECH ETF (HKD),14962973
2026-05-08,홍콩,HK0941009539,CHINA MOBILE LTD,14582945
2026-05-08,홍콩,CNE1000003C0,HARBIN ELECTRIC CO LTD-H,12897873
2026-05-08,홍콩,HK0000562675,GLOBAL X CHINA CLEAN ENERGY ETF (HKD),12205677
2026-05-08,홍콩,CNE100000304,DONGFANG ELECTRIC CORP LTD-H,11951374
2026-05-08,홍콩,KYG596691041,MEITUAN,11540292
2026-05-08,홍콩,HK0000516713,GLOBAL X CHINA CLOUD COMPUTING ETF (HKD),11173609
2026-05-08,홍콩,CNE1000076H5,09927,11094738
2026-05-08,홍콩,CNE1000003G1,INDUSTRIAL AND COMMERCIAL BANK OF CHINA LTD-H,10872617
2026-05-08,홍콩,HKX566362888,PING AN SECURITIE HKD0.01 HKD0.01 CHAN 009837742 BMG7115B1211,10756216
2026-05-08,홍콩,KYG970081173,WUXI BIOLOGICS CAYMAN INC,10749474
2026-05-08,홍콩,HK0000562634,GLOBAL X CHINA CONSUMER BRAND ETF (HKD),10530646
2026-05-08,홍콩,CNE1000003W8,PETROCHINA CO LTD-H,10426258
2026-05-08,홍콩,HK0000651213,ISHARES HS TECH ETF HKD,10367859
2026-05-08,홍콩,HK1126010854,DREAM INTERNATIONAL LTD,9927418
2026-05-08,홍콩,KYG3774X1088,GCL TECHNOLOGY HOLDINGS LTD,9821354
2026-05-08,홍콩,HK0000637857,GLOBAL X CHINA ROBOTICS AND AI ETF (HKD),9414075
2026-05-08,홍콩,KYG9808A1058,WUXI XDC CAYMAN INC,8675590
2026-05-08,홍콩,KYG8208B1014,JD.COM INC CL A,8671666
2026-05-11,홍콩,HK0001205258,XL2CSOPHYNIX,229040317
2026-05-11,홍콩,CNE1000031W9,GANFENGLITHIUM ORD H,183357467
2026-05-11,홍콩,KYG875721634,TENCENT HOLDINGS LTD,149020031
2026-05-11,홍콩,KYG017191142,ALIBABA GROUP HOLDING LTD,142566022
2026-05-11,홍콩,HK0000637832,GLOBAL X CHINA SEMICONDUCTOR ETF (HKD),141811418
2026-05-11,홍콩,KYG8020E1199,SEMICONDUCTOR MANUFACTURING INTL CORP,126324457
2026-05-11,홍콩,HK0001121349,XL2CSOPSMSN,118760653
2026-05-11,홍콩,CNE100005F09,TIANQI LITHIUM CORP,115404263
2026-05-11,홍콩,CNE100000296,BYD CO LTD-H,95450809
2026-05-11,홍콩,KYG6181S1093,00100,91540587
2026-05-11,홍콩,CNE100007DX6,MONTAGE TECHNOLOGY,67148706
2026-05-11,홍콩,KYG9830T1067,XIAOMI CORP,56323375
2026-05-11,홍콩,HK0001281473,CSOP HKJPCF,49494799
2026-05-11,홍콩,CNE100006CQ4,Ubtech Robotics Ord Shs H,48049300
2026-05-11,홍콩,HK0001279691,GX CL HK-US,44179200
2026-05-11,홍콩,HK0000562659,GLOBAL X CHINA ELECTRIC VEHICLE AND BATTERY ETF (HKD),40294326
2026-05-11,홍콩,CNE100006WS8,CATL ORD H,40145423
2026-05-11,홍콩,CNE100000593,PICC PROPERTY AND CASUALTY CO LTD-H,38895451
2026-05-11,홍콩,CNE100004YZ4,CTG DUTY-FREE,38430252
2026-05-11,홍콩,KYG392AS1011,GLOBAL NEW MATERIAL INTL HOLDINGS LTD,34587730
2026-05-11,홍콩,CNE100007JY1,VICTORY GIANT,33176735
2026-05-11,홍콩,HK0001025037,GLOBAL X US Treasury 3-5 Year ETF,23373267
2026-05-11,홍콩,KYG070341048,BAIDU INC CL A,23072843
2026-05-11,홍콩,CNE1000003X6,PING AN INSURANCE GROUP CO OF CHINA LTD-H,22655299
2026-05-11,홍콩,HK0000859063,SAMSUNG BLOCKCHAIN TECHNOLOGIES ETF,21408029
2026-05-11,홍콩,KYG3777B1032,GEELY AUTOMOBILE HOLDINGS LTD,20761564
2026-05-11,홍콩,HK0000642568,CSOP HANG SENG TECH INDEX ETF (HKD),17798871
2026-05-11,홍콩,KYG5860M1024,00068,17454986
2026-05-11,홍콩,HK0000218211,HUA HONG SEMICONDUCTOR LTD,15994924
2026-05-11,홍콩,HK0000516697,GLOBAL X CHINA BIOTECH ETF (HKD),14999968
2026-05-11,홍콩,HK0000748381,YESASIA HOLDINGS LTD,14975155
2026-05-11,홍콩,HK0941009539,CHINA MOBILE LTD,14721460
2026-05-11,홍콩,CNE1000003C0,HARBIN ELECTRIC CO LTD-H,13052513
2026-05-11,홍콩,HK0000562675,GLOBAL X CHINA CLEAN ENERGY ETF (HKD),12454832
2026-05-11,홍콩,KYG596691041,MEITUAN,11489503
2026-05-11,홍콩,HK0000516713,GLOBAL X CHINA CLOUD COMPUTING ETF (HKD),11165417
2026-05-11,홍콩,CNE100000304,DONGFANG ELECTRIC CORP LTD-H,11048313
2026-05-11,홍콩,CNE1000003G1,INDUSTRIAL AND COMMERCIAL BANK OF CHINA LTD-H,10973149
2026-05-11,홍콩,KYG970081173,WUXI BIOLOGICS CAYMAN INC,10801286
2026-05-11,홍콩,CNE1000076H5,09927,10774543
2026-05-11,홍콩,HKX566362888,PING AN SECURITIE HKD0.01 HKD0.01 CHAN 009837742 BMG7115B1211,10760776
2026-05-11,홍콩,CNE1000003W8,PETROCHINA CO LTD-H,10479926
2026-05-11,홍콩,HK0000562634,GLOBAL X CHINA CONSUMER BRAND ETF (HKD),10454236
2026-05-11,홍콩,HK0000651213,ISHARES HS TECH ETF HKD,10326068
2026-05-11,홍콩,KYG3774X1088,GCL TECHNOLOGY HOLDINGS LTD,9717039
2026-05-11,홍콩,HK0000637857,GLOBAL X CHINA ROBOTICS AND AI ETF (HKD),9619432
2026-05-11,홍콩,HK1126010854,DREAM INTERNATIONAL LTD,9355880
2026-05-11,홍콩,KYG8208B1014,JD.COM INC CL A,8658632
2026-05-11,홍콩,HKX601342549,CHINA BRIGHT CULTURE GROUP USD0.00001 (Delisted/BL398Y0) CHAN 970928502 KYG2153C1078,8631000
2026-05-11,홍콩,KYG9808A1058,WUXI XDC CAYMAN INC,8493284
2026-05-12,홍콩,HK0001205258,XL2CSOPHYNIX,212181175
2026-05-12,홍콩,CNE1000031W9,GANFENGLITHIUM ORD H,180559431
2026-05-12,홍콩,KYG875721634,TENCENT HOLDINGS LTD,146252896
2026-05-12,홍콩,HK0000637832,GLOBAL X CHINA SEMICONDUCTOR ETF (HKD),143048952
2026-05-12,홍콩,KYG017191142,ALIBABA GROUP HOLDING LTD,142459515
2026-05-12,홍콩,KYG8020E1199,SEMICONDUCTOR MANUFACTURING INTL CORP,123066999
2026-05-12,홍콩,HK0001121349,XL2CSOPSMSN,116333613
2026-05-12,홍콩,CNE100005F09,TIANQI LITHIUM CORP,112312217
2026-05-12,홍콩,CNE100000296,BYD CO LTD-H,93672752
2026-05-12,홍콩,KYG6181S1093,00100,85766916
2026-05-12,홍콩,CNE100007DX6,MONTAGE TECHNOLOGY,66319302
2026-05-12,홍콩,KYG9830T1067,XIAOMI CORP,55662251
2026-05-12,홍콩,HK0001281473,CSOP HKJPCF,50009939
2026-05-12,홍콩,CNE100006CQ4,Ubtech Robotics Ord Shs H,47494644
2026-05-12,홍콩,HK0001279691,GX CL HK-US,44241600
2026-05-12,홍콩,CNE100006WS8,CATL ORD H,39782439
2026-05-12,홍콩,HK0000562659,GLOBAL X CHINA ELECTRIC VEHICLE AND BATTERY ETF (HKD),39440549
2026-05-12,홍콩,CNE100000593,PICC PROPERTY AND CASUALTY CO LTD-H,39314953
2026-05-12,홍콩,CNE100004YZ4,CTG DUTY-FREE,38184773
2026-05-12,홍콩,CNE100007JY1,VICTORY GIANT,32386334
2026-05-12,홍콩,KYG392AS1011,GLOBAL NEW MATERIAL INTL HOLDINGS LTD,31842797
2026-05-12,홍콩,HK0001025037,GLOBAL X US Treasury 3-5 Year ETF,23350180
2026-05-12,홍콩,KYG070341048,BAIDU INC CL A,22932700
2026-05-12,홍콩,CNE1000003X6,PING AN INSURANCE GROUP CO OF CHINA LTD-H,22673011
2026-05-12,홍콩,HK0000859063,SAMSUNG BLOCKCHAIN TECHNOLOGIES ETF,21418785
2026-05-12,홍콩,KYG3777B1032,GEELY AUTOMOBILE HOLDINGS LTD,20862825
2026-05-12,홍콩,KYG5860M1024,00068,16287515
2026-05-12,홍콩,HK0000218211,HUA HONG SEMICONDUCTOR LTD,15799957
2026-05-12,홍콩,HK0000642568,CSOP HANG SENG TECH INDEX ETF (HKD),15782088
2026-05-12,홍콩,HK0000516697,GLOBAL X CHINA BIOTECH ETF (HKD),14997660
2026-05-12,홍콩,HK0941009539,CHINA MOBILE LTD,14762894
2026-05-12,홍콩,HK0000748381,YESASIA HOLDINGS LTD,14734308
2026-05-12,홍콩,CNE1000003C0,HARBIN ELECTRIC CO LTD-H,13450259
2026-05-12,홍콩,HK0000562675,GLOBAL X CHINA CLEAN ENERGY ETF (HKD),12535288
2026-05-12,홍콩,KYG596691041,MEITUAN,11439451
2026-05-12,홍콩,CNE100000304,DONGFANG ELECTRIC CORP LTD-H,11201947
2026-05-12,홍콩,CNE1000003G1,INDUSTRIAL AND COMMERCIAL BANK OF CHINA LTD-H,11086833
2026-05-12,홍콩,HK0000516713,GLOBAL X CHINA CLOUD COMPUTING ETF (HKD),11000537
2026-05-12,홍콩,KYG970081173,WUXI BIOLOGICS CAYMAN INC,10946743
2026-05-12,홍콩,CNE1000003W8,PETROCHINA CO LTD-H,10843667
2026-05-12,홍콩,CNE1000076H5,09927,10783010
2026-05-12,홍콩,HKX566362888,PING AN SECURITIE HKD0.01 HKD0.01 CHAN 009837742 BMG7115B1211,10761685
2026-05-12,홍콩,HK0000562634,GLOBAL X CHINA CONSUMER BRAND ETF (HKD),10368864
2026-05-12,홍콩,HK0000651213,ISHARES HS TECH ETF HKD,10259570
2026-05-12,홍콩,KYG3774X1088,GCL TECHNOLOGY HOLDINGS LTD,9724414
2026-05-12,홍콩,HK0000637857,GLOBAL X CHINA ROBOTICS AND AI ETF (HKD),9443769
2026-05-12,홍콩,HK1126010854,DREAM INTERNATIONAL LTD,9137469
2026-05-12,홍콩,KYG9808A1058,WUXI XDC CAYMAN INC,8780751
2026-05-12,홍콩,KYG8208B1014,JD.COM INC CL A,8635526
2026-05-12,홍콩,HKX601342549,CHINA BRIGHT CULTURE GROUP USD0.00001 (Delisted/BL398Y0) CHAN 970928502 KYG2153C1078,8631000
2026-05-13,홍콩,HK0001205258,XL2CSOPHYNIX,243514673
2026-05-13,홍콩,CNE1000031W9,GANFENGLITHIUM ORD H,173378732
2026-05-13,홍콩,HK0000637832,GLOBAL X CHINA SEMICONDUCTOR ETF (HKD),157521888
2026-05-13,홍콩,KYG875721634,TENCENT HOLDINGS LTD,146879033
2026-05-13,홍콩,KYG017191142,ALIBABA GROUP HOLDING LTD,141861335
2026-05-13,홍콩,HK0001121349,XL2CSOPSMSN,122606455
2026-05-13,홍콩,KYG8020E1199,SEMICONDUCTOR MANUFACTURING INTL CORP,117897292
2026-05-13,홍콩,CNE100005F09,TIANQI LITHIUM CORP,109090797
2026-05-13,홍콩,KYG6181S1093,00100,101493155
2026-05-13,홍콩,CNE100000296,BYD CO LTD-H,92204540
2026-05-13,홍콩,CNE100007DX6,MONTAGE TECHNOLOGY,80532020
2026-05-13,홍콩,KYG9830T1067,XIAOMI CORP,54895662
2026-05-13,홍콩,HK0001281473,CSOP HKJPCF,50009028
2026-05-13,홍콩,CNE100006CQ4,Ubtech Robotics Ord Shs H,48583850
2026-05-13,홍콩,HK0001279691,GX CL HK-US,44366400
2026-05-13,홍콩,CNE100006WS8,CATL ORD H,40948397
2026-05-13,홍콩,HK0000562659,GLOBAL X CHINA ELECTRIC VEHICLE AND BATTERY ETF (HKD),39477560
2026-05-13,홍콩,CNE100000593,PICC PROPERTY AND CASUALTY CO LTD-H,38779607
2026-05-13,홍콩,CNE100004YZ4,CTG DUTY-FREE,37556209
2026-05-13,홍콩,CNE100007JY1,VICTORY GIANT,34071029
2026-05-13,홍콩,KYG392AS1011,GLOBAL NEW MATERIAL INTL HOLDINGS LTD,32852440
2026-05-13,홍콩,HK0001025037,GLOBAL X US Treasury 3-5 Year ETF,23324692
2026-05-13,홍콩,KYG070341048,BAIDU INC CL A,22574042
2026-05-13,홍콩,CNE1000003X6,PING AN INSURANCE GROUP CO OF CHINA LTD-H,22330667
2026-05-13,홍콩,HK0000859063,SAMSUNG BLOCKCHAIN TECHNOLOGIES ETF,21409449
2026-05-13,홍콩,KYG3777B1032,GEELY AUTOMOBILE HOLDINGS LTD,19738464
2026-05-13,홍콩,KYG5860M1024,00068,15911286
2026-05-13,홍콩,HK0000642568,CSOP HANG SENG TECH INDEX ETF (HKD),15787354
2026-05-13,홍콩,HK0000218211,HUA HONG SEMICONDUCTOR LTD,15677266
2026-05-13,홍콩,HK0941009539,CHINA MOBILE LTD,14770915
2026-05-13,홍콩,HK0000516697,GLOBAL X CHINA BIOTECH ETF (HKD),14756098
2026-05-13,홍콩,HK0000748381,YESASIA HOLDINGS LTD,14205926
2026-05-13,홍콩,CNE1000003C0,HARBIN ELECTRIC CO LTD-H,13629901
2026-05-13,홍콩,HK0000562675,GLOBAL X CHINA CLEAN ENERGY ETF (HKD),12764467
2026-05-13,홍콩,CNE100000304,DONGFANG ELECTRIC CORP LTD-H,11936816
2026-05-13,홍콩,KYG970081173,WUXI BIOLOGICS CAYMAN INC,11930591
2026-05-13,홍콩,KYG596691041,MEITUAN,11850392
2026-05-13,홍콩,CNE1000003G1,INDUSTRIAL AND COMMERCIAL BANK OF CHINA LTD-H,11050558
2026-05-13,홍콩,HK0000516713,GLOBAL X CHINA CLOUD COMPUTING ETF (HKD),11031331
2026-05-13,홍콩,CNE1000003W8,PETROCHINA CO LTD-H,10832167
2026-05-13,홍콩,HKX566362888,PING AN SECURITIE HKD0.01 HKD0.01 CHAN 009837742 BMG7115B1211,10761489
2026-05-13,홍콩,CNE1000076H5,09927,10684581
2026-05-13,홍콩,HK0000651213,ISHARES HS TECH ETF HKD,10505824
2026-05-13,홍콩,HK0000562634,GLOBAL X CHINA CONSUMER BRAND ETF (HKD),10323984
2026-05-13,홍콩,KYG3774X1088,GCL TECHNOLOGY HOLDINGS LTD,9697335
2026-05-13,홍콩,HK0000637857,GLOBAL X CHINA ROBOTICS AND AI ETF (HKD),9658800
2026-05-13,홍콩,KYG8208B1014,JD.COM INC CL A,9339705
2026-05-13,홍콩,HK1126010854,DREAM INTERNATIONAL LTD,9124231
2026-05-13,홍콩,CNE100007LD1,07666,9071778
2026-05-13,홍콩,KYG9808A1058,WUXI XDC CAYMAN INC,8661373
2026-05-14,홍콩,HK0001205258,XL2CSOPHYNIX,242343022
2026-05-14,홍콩,CNE1000031W9,GANFENGLITHIUM ORD H,167073799
2026-05-14,홍콩,HK0000637832,GLOBAL X CHINA SEMICONDUCTOR ETF (HKD),152805477
2026-05-14,홍콩,KYG017191142,ALIBABA GROUP HOLDING LTD,146792659
2026-05-14,홍콩,KYG875721634,TENCENT HOLDINGS LTD,144059240
2026-05-14,홍콩,HK0001121349,XL2CSOPSMSN,121305545
2026-05-14,홍콩,KYG8020E1199,SEMICONDUCTOR MANUFACTURING INTL CORP,113081806
2026-05-14,홍콩,KYG6181S1093,00100,106039416
2026-05-14,홍콩,CNE100005F09,TIANQI LITHIUM CORP,105671100
2026-05-14,홍콩,CNE100000296,BYD CO LTD-H,93659799
2026-05-14,홍콩,CNE100007DX6,MONTAGE TECHNOLOGY,77702717
2026-05-14,홍콩,KYG9830T1067,XIAOMI CORP,54626030
2026-05-14,홍콩,HK0001281473,CSOP HKJPCF,50001288
2026-05-14,홍콩,CNE100006CQ4,Ubtech Robotics Ord Shs H,44802313
2026-05-14,홍콩,HK0001279691,GX CL HK-US,44616000
2026-05-14,홍콩,CNE100006WS8,CATL ORD H,41981565
2026-05-14,홍콩,CNE100000593,PICC PROPERTY AND CASUALTY CO LTD-H,39173322
2026-05-14,홍콩,HK0000562659,GLOBAL X CHINA ELECTRIC VEHICLE AND BATTERY ETF (HKD),38570862
2026-05-14,홍콩,CNE100004YZ4,CTG DUTY-FREE,37615929
2026-05-14,홍콩,CNE100007JY1,VICTORY GIANT,31534718
2026-05-14,홍콩,KYG392AS1011,GLOBAL NEW MATERIAL INTL HOLDINGS LTD,31391867
2026-05-14,홍콩,KYG070341048,BAIDU INC CL A,24266088
2026-05-14,홍콩,CNE1000003X6,PING AN INSURANCE GROUP CO OF CHINA LTD-H,23374060
2026-05-14,홍콩,HK0001025037,GLOBAL X US Treasury 3-5 Year ETF,23321082
2026-05-14,홍콩,HK0000859063,SAMSUNG BLOCKCHAIN TECHNOLOGIES ETF,21432971
2026-05-14,홍콩,KYG3777B1032,GEELY AUTOMOBILE HOLDINGS LTD,19594771
2026-05-14,홍콩,HK0000642568,CSOP HANG SENG TECH INDEX ETF (HKD),15601280
2026-05-14,홍콩,KYG5860M1024,00068,15414972
2026-05-14,홍콩,HK0000218211,HUA HONG SEMICONDUCTOR LTD,15222680
2026-05-14,홍콩,HK0000516697,GLOBAL X CHINA BIOTECH ETF (HKD),14354870
2026-05-14,홍콩,HK0000748381,YESASIA HOLDINGS LTD,14143159
2026-05-14,홍콩,HK0941009539,CHINA MOBILE LTD,14096620
2026-05-14,홍콩,CNE1000003C0,HARBIN ELECTRIC CO LTD-H,12707139
2026-05-14,홍콩,HK0000562675,GLOBAL X CHINA CLEAN ENERGY ETF (HKD),12420940
2026-05-14,홍콩,CNE100000304,DONGFANG ELECTRIC CORP LTD-H,12263409
2026-05-14,홍콩,KYG970081173,WUXI BIOLOGICS CAYMAN INC,11763655
2026-05-14,홍콩,KYG596691041,MEITUAN,11597807
2026-05-14,홍콩,CNE1000003G1,INDUSTRIAL AND COMMERCIAL BANK OF CHINA LTD-H,11070624
2026-05-14,홍콩,HK0000516713,GLOBAL X CHINA CLOUD COMPUTING ETF (HKD),10824162
2026-05-14,홍콩,HK0000651213,ISHARES HS TECH ETF HKD,10769533
2026-05-14,홍콩,HKX566362888,PING AN SECURITIE HKD0.01 HKD0.01 CHAN 009837742 BMG7115B1211,10759824
2026-05-14,홍콩,CNE1000003W8,PETROCHINA CO LTD-H,10690607
2026-05-14,홍콩,CNE1000076H5,09927,10380723
2026-05-14,홍콩,HK0000562634,GLOBAL X CHINA CONSUMER BRAND ETF (HKD),10241573
2026-05-14,홍콩,KYG8208B1014,JD.COM INC CL A,9821357
2026-05-14,홍콩,KYG3774X1088,GCL TECHNOLOGY HOLDINGS LTD,9721582
2026-05-14,홍콩,CNE100007LD1,07666,9619170
2026-05-14,홍콩,HK0000637857,GLOBAL X CHINA ROBOTICS AND AI ETF (HKD),9496720
2026-05-14,홍콩,HK1126010854,DREAM INTERNATIONAL LTD,8965979
2026-05-14,홍콩,HKX601342549,CHINA BRIGHT CULTURE GROUP USD0.00001 (Delisted/BL398Y0) CHAN 970928502 KYG2153C1078,8631000
2026-05-15,홍콩,HK0001205258,XL2CSOPHYNIX,216635390
2026-05-15,홍콩,CNE1000031W9,GANFENGLITHIUM ORD H,158556193
2026-05-15,홍콩,HK0000637832,GLOBAL X CHINA SEMICONDUCTOR ETF (HKD),153066323
2026-05-15,홍콩,KYG875721634,TENCENT HOLDINGS LTD,142653236
2026-05-15,홍콩,KYG017191142,ALIBABA GROUP HOLDING LTD,140506148
2026-05-15,홍콩,HK0001121349,XL2CSOPSMSN,109538242
2026-05-15,홍콩,KYG8020E1199,SEMICONDUCTOR MANUFACTURING INTL CORP,106472219
2026-05-15,홍콩,CNE100005F09,TIANQI LITHIUM CORP,100825870
2026-05-15,홍콩,KYG6181S1093,00100,100578774
2026-05-15,홍콩,CNE100000296,BYD CO LTD-H,92064693
2026-05-15,홍콩,CNE100007DX6,MONTAGE TECHNOLOGY,75307959
2026-05-15,홍콩,KYG9830T1067,XIAOMI CORP,52607428
2026-05-15,홍콩,HK0001281473,CSOP HKJPCF,49983302
2026-05-15,홍콩,CNE100006CQ4,Ubtech Robotics Ord Shs H,45847439
2026-05-15,홍콩,HK0001279691,GX CL HK-US,44616000
2026-05-15,홍콩,CNE100006WS8,CATL ORD H,41779294
2026-05-15,홍콩,CNE100000593,PICC PROPERTY AND CASUALTY CO LTD-H,39036293
2026-05-15,홍콩,HK0000562659,GLOBAL X CHINA ELECTRIC VEHICLE AND BATTERY ETF (HKD),38058053
2026-05-15,홍콩,CNE100004YZ4,CTG DUTY-FREE,37407328
2026-05-15,홍콩,KYG392AS1011,GLOBAL NEW MATERIAL INTL HOLDINGS LTD,31986378
2026-05-15,홍콩,CNE100007JY1,VICTORY GIANT,30884957
2026-05-15,홍콩,HK0001025037,GLOBAL X US Treasury 3-5 Year ETF,23304343
2026-05-15,홍콩,CNE1000003X6,PING AN INSURANCE GROUP CO OF CHINA LTD-H,22937209
2026-05-15,홍콩,KYG070341048,BAIDU INC CL A,21784269
2026-05-15,홍콩,HK0000859063,SAMSUNG BLOCKCHAIN TECHNOLOGIES ETF,21496798
2026-05-15,홍콩,KYG3777B1032,GEELY AUTOMOBILE HOLDINGS LTD,19949769
2026-05-15,홍콩,HK0000642568,CSOP HANG SENG TECH INDEX ETF (HKD),15225020
2026-05-15,홍콩,HK0000516697,GLOBAL X CHINA BIOTECH ETF (HKD),14107775
2026-05-15,홍콩,HK0941009539,CHINA MOBILE LTD,13999278
2026-05-15,홍콩,KYG5860M1024,00068,13972918
2026-05-15,홍콩,HK0000748381,YESASIA HOLDINGS LTD,13432141
2026-05-15,홍콩,CNE1000003C0,HARBIN ELECTRIC CO LTD-H,12263811
2026-05-15,홍콩,HK0000562675,GLOBAL X CHINA CLEAN ENERGY ETF (HKD),12153528
2026-05-15,홍콩,KYG596691041,MEITUAN,11980727
2026-05-15,홍콩,CNE100000304,DONGFANG ELECTRIC CORP LTD-H,11978903
2026-05-15,홍콩,HK0000218211,HUA HONG SEMICONDUCTOR LTD,11845197
2026-05-15,홍콩,KYG970081173,WUXI BIOLOGICS CAYMAN INC,11439666
2026-05-15,홍콩,CNE1000003G1,INDUSTRIAL AND COMMERCIAL BANK OF CHINA LTD-H,10833486
2026-05-15,홍콩,HKX566362888,PING AN SECURITIE HKD0.01 HKD0.01 CHAN 009837742 BMG7115B1211,10755953
2026-05-15,홍콩,CNE1000003W8,PETROCHINA CO LTD-H,10662963
2026-05-15,홍콩,HK0000651213,ISHARES HS TECH ETF HKD,10480897
2026-05-15,홍콩,HK0000516713,GLOBAL X CHINA CLOUD COMPUTING ETF (HKD),10479466
2026-05-15,홍콩,CNE1000076H5,09927,10210837
2026-05-15,홍콩,HK0000562634,GLOBAL X CHINA CONSUMER BRAND ETF (HKD),9930565
2026-05-15,홍콩,KYG3774X1088,GCL TECHNOLOGY HOLDINGS LTD,9779411
2026-05-15,홍콩,KYG8208B1014,JD.COM INC CL A,9444473
2026-05-15,홍콩,HK0000637857,GLOBAL X CHINA ROBOTICS AND AI ETF (HKD),9422974
2026-05-15,홍콩,HK1126010854,DREAM INTERNATIONAL LTD,8923558
2026-05-15,홍콩,HKX601342549,CHINA BRIGHT CULTURE GROUP USD0.00001 (Delisted/BL398Y0) CHAN 970928502 KYG2153C1078,8631000
2026-05-15,홍콩,KYG9808A1058,WUXI XDC CAYMAN INC,8496474
2026-05-18,홍콩,HK0001205258,XL2CSOPHYNIX,184576968
2026-05-18,홍콩,CNE1000031W9,GANFENGLITHIUM ORD H,160864897
2026-05-18,홍콩,HK0000637832,GLOBAL X CHINA SEMICONDUCTOR ETF (HKD),157540626
2026-05-18,홍콩,HK0001121349,XL2CSOPSMSN,144122975
2026-05-18,홍콩,KYG875721634,TENCENT HOLDINGS LTD,140232394
2026-05-18,홍콩,KYG017191142,ALIBABA GROUP HOLDING LTD,139144944
2026-05-18,홍콩,KYG8020E1199,SEMICONDUCTOR MANUFACTURING INTL CORP,103789711
2026-05-18,홍콩,KYG6181S1093,00100,101106897
2026-05-18,홍콩,CNE100005F09,TIANQI LITHIUM CORP,99840204
2026-05-18,홍콩,CNE100000296,BYD CO LTD-H,89497116
2026-05-18,홍콩,CNE100007DX6,MONTAGE TECHNOLOGY,74310058
2026-05-18,홍콩,KYG9830T1067,XIAOMI CORP,53418638
2026-05-18,홍콩,CNE100006CQ4,Ubtech Robotics Ord Shs H,46721220
2026-05-18,홍콩,HK0001279691,GX CL HK-US,44616000
2026-05-18,홍콩,CNE100006WS8,CATL ORD H,41411242
2026-05-18,홍콩,CNE100000593,PICC PROPERTY AND CASUALTY CO LTD-H,39255522
2026-05-18,홍콩,HK0000562659,GLOBAL X CHINA ELECTRIC VEHICLE AND BATTERY ETF (HKD),37511664
2026-05-18,홍콩,CNE100004YZ4,CTG DUTY-FREE,36723768
2026-05-18,홍콩,CNE100007JY1,VICTORY GIANT,33453086
2026-05-18,홍콩,KYG392AS1011,GLOBAL NEW MATERIAL INTL HOLDINGS LTD,31024971
2026-05-18,홍콩,HK0001025037,GLOBAL X US Treasury 3-5 Year ETF,23243446
2026-05-18,홍콩,CNE1000003X6,PING AN INSURANCE GROUP CO OF CHINA LTD-H,22628637
2026-05-18,홍콩,KYG070341048,BAIDU INC CL A,21423429
2026-05-18,홍콩,HK0000859063,SAMSUNG BLOCKCHAIN TECHNOLOGIES ETF,20589932
2026-05-18,홍콩,KYG3777B1032,GEELY AUTOMOBILE HOLDINGS LTD,18842504
2026-05-18,홍콩,HK0000642568,CSOP HANG SENG TECH INDEX ETF (HKD),14912185
2026-05-18,홍콩,HK0941009539,CHINA MOBILE LTD,14026904
2026-05-18,홍콩,HK0000516697,GLOBAL X CHINA BIOTECH ETF (HKD),13666189
2026-05-18,홍콩,KYG5860M1024,00068,13658820
2026-05-18,홍콩,HK0000748381,YESASIA HOLDINGS LTD,13564814
2026-05-18,홍콩,HK0000562675,GLOBAL X CHINA CLEAN ENERGY ETF (HKD),12284061
2026-05-18,홍콩,CNE1000003C0,HARBIN ELECTRIC CO LTD-H,12047886
2026-05-18,홍콩,HK0000218211,HUA HONG SEMICONDUCTOR LTD,11807682
2026-05-18,홍콩,KYG596691041,MEITUAN,11291196
2026-05-18,홍콩,CNE100000304,DONGFANG ELECTRIC CORP LTD-H,11178531
2026-05-18,홍콩,KYG970081173,WUXI BIOLOGICS CAYMAN INC,11163082
2026-05-18,홍콩,HK0000651213,ISHARES HS TECH ETF HKD,10851259
2026-05-18,홍콩,CNE1000003G1,INDUSTRIAL AND COMMERCIAL BANK OF CHINA LTD-H,10774202
2026-05-18,홍콩,HKX566362888,PING AN SECURITIE HKD0.01 HKD0.01 CHAN 009837742 BMG7115B1211,10758685
2026-05-18,홍콩,CNE1000003W8,PETROCHINA CO LTD-H,10755191
2026-05-18,홍콩,HK0000516713,GLOBAL X CHINA CLOUD COMPUTING ETF (HKD),10390165
2026-05-18,홍콩,CNE1000076H5,09927,10107669
2026-05-18,홍콩,HK0000562634,GLOBAL X CHINA CONSUMER BRAND ETF (HKD),9772906
2026-05-18,홍콩,KYG3774X1088,GCL TECHNOLOGY HOLDINGS LTD,9551300
2026-05-18,홍콩,HK0000637857,GLOBAL X CHINA ROBOTICS AND AI ETF (HKD),9371415
2026-05-18,홍콩,KYG8208B1014,JD.COM INC CL A,9326552
2026-05-18,홍콩,CNE100007LD1,07666,8909202
2026-05-18,홍콩,HK1126010854,DREAM INTERNATIONAL LTD,8837798
2026-05-18,홍콩,HKX601342549,CHINA BRIGHT CULTURE GROUP USD0.00001 (Delisted/BL398Y0) CHAN 970928502 KYG2153C1078,8631000
2026-05-18,홍콩,KYG9808A1058,WUXI XDC CAYMAN INC,8281513
2026-05-19,홍콩,HK0001205258,XL2CSOPHYNIX,164141697
2026-05-19,홍콩,HK0000637832,GLOBAL X CHINA SEMICONDUCTOR ETF (HKD),162017348
2026-05-19,홍콩,CNE1000031W9,GANFENGLITHIUM ORD H,150888098
2026-05-19,홍콩,KYG875721634,TENCENT HOLDINGS LTD,140483696
2026-05-19,홍콩,KYG017191142,ALIBABA GROUP HOLDING LTD,138117383
2026-05-19,홍콩,HK0001121349,XL2CSOPSMSN,135976925
2026-05-19,홍콩,KYG8020E1199,SEMICONDUCTOR MANUFACTURING INTL CORP,107699420
2026-05-19,홍콩,CNE100005F09,TIANQI LITHIUM CORP,96143940
2026-05-19,홍콩,KYG6181S1093,00100,92381351
2026-05-19,홍콩,CNE100000296,BYD CO LTD-H,88216341
2026-05-19,홍콩,CNE100007DX6,MONTAGE TECHNOLOGY,71383534
2026-05-19,홍콩,KYG9830T1067,XIAOMI CORP,52601297
2026-05-19,홍콩,CNE100006CQ4,Ubtech Robotics Ord Shs H,46917801
2026-05-19,홍콩,HK0001279691,GX CL HK-US,44616000
2026-05-19,홍콩,CNE100006WS8,CATL ORD H,40251354
2026-05-19,홍콩,CNE100000593,PICC PROPERTY AND CASUALTY CO LTD-H,39717014
2026-05-19,홍콩,HK0000562659,GLOBAL X CHINA ELECTRIC VEHICLE AND BATTERY ETF (HKD),37234610
2026-05-19,홍콩,CNE100004YZ4,CTG DUTY-FREE,36658299
2026-05-19,홍콩,CNE100007JY1,VICTORY GIANT,32386192
2026-05-19,홍콩,KYG392AS1011,GLOBAL NEW MATERIAL INTL HOLDINGS LTD,31388589
2026-05-19,홍콩,HK0001025037,GLOBAL X US Treasury 3-5 Year ETF,23243479
2026-05-19,홍콩,CNE1000003X6,PING AN INSURANCE GROUP CO OF CHINA LTD-H,22453883
2026-05-19,홍콩,KYG070341048,BAIDU INC CL A,21608352
2026-05-19,홍콩,HK0000859063,SAMSUNG BLOCKCHAIN TECHNOLOGIES ETF,20554183
2026-05-19,홍콩,KYG3777B1032,GEELY AUTOMOBILE HOLDINGS LTD,18449706
2026-05-19,홍콩,HK0000642568,CSOP HANG SENG TECH INDEX ETF (HKD),14279119
2026-05-19,홍콩,HK0941009539,CHINA MOBILE LTD,14101285
2026-05-19,홍콩,HK0000516697,GLOBAL X CHINA BIOTECH ETF (HKD),13599530
2026-05-19,홍콩,HK0000748381,YESASIA HOLDINGS LTD,13412738
2026-05-19,홍콩,KYG5860M1024,00068,13074170
2026-05-19,홍콩,HK0000562675,GLOBAL X CHINA CLEAN ENERGY ETF (HKD),12517240
2026-05-19,홍콩,KYG970081173,WUXI BIOLOGICS CAYMAN INC,12047348
2026-05-19,홍콩,CNE1000003C0,HARBIN ELECTRIC CO LTD-H,11983647
2026-05-19,홍콩,HK0000218211,HUA HONG SEMICONDUCTOR LTD,11720103
2026-05-19,홍콩,KYG596691041,MEITUAN,11369743
2026-05-19,홍콩,CNE100000304,DONGFANG ELECTRIC CORP LTD-H,11160859
2026-05-19,홍콩,HK0000651213,ISHARES HS TECH ETF HKD,10916077
2026-05-19,홍콩,CNE1000003G1,INDUSTRIAL AND COMMERCIAL BANK OF CHINA LTD-H,10877038
2026-05-19,홍콩,CNE1000003W8,PETROCHINA CO LTD-H,10876748
2026-05-19,홍콩,HKX566362888,PING AN SECURITIE HKD0.01 HKD0.01 CHAN 009837742 BMG7115B1211,10758700
2026-05-19,홍콩,HK0000516713,GLOBAL X CHINA CLOUD COMPUTING ETF (HKD),10548335
2026-05-19,홍콩,CNE1000076H5,09927,10206752
2026-05-19,홍콩,HK0000562634,GLOBAL X CHINA CONSUMER BRAND ETF (HKD),9742411
2026-05-19,홍콩,KYG3774X1088,GCL TECHNOLOGY HOLDINGS LTD,9441308
2026-05-19,홍콩,HK0000637857,GLOBAL X CHINA ROBOTICS AND AI ETF (HKD),9389387
2026-05-19,홍콩,KYG8208B1014,JD.COM INC CL A,9260913
2026-05-19,홍콩,HK1126010854,DREAM INTERNATIONAL LTD,8877031
2026-05-19,홍콩,HKX601342549,CHINA BRIGHT CULTURE GROUP USD0.00001 (Delisted/BL398Y0) CHAN 970928502 KYG2153C1078,8631000
2026-05-19,홍콩,KYG9808A1058,WUXI XDC CAYMAN INC,8552923
2026-05-19,홍콩,CNE100007LD1,07666,7650635
2026-05-20,홍콩,HK0000637832,GLOBAL X CHINA SEMICONDUCTOR ETF (HKD),171801800
2026-05-20,홍콩,CNE1000031W9,GANFENGLITHIUM ORD H,154361441
2026-05-20,홍콩,HK0001205258,XL2CSOPHYNIX,151860555
2026-05-20,홍콩,HK0001121349,XL2CSOPSMSN,150768856
2026-05-20,홍콩,KYG875721634,TENCENT HOLDINGS LTD,138016162
2026-05-20,홍콩,KYG017191142,ALIBABA GROUP HOLDING LTD,136381649
2026-05-20,홍콩,KYG8020E1199,SEMICONDUCTOR MANUFACTURING INTL CORP,117800185
2026-05-20,홍콩,CNE100005F09,TIANQI LITHIUM CORP,98966004
2026-05-20,홍콩,KYG6181S1093,00100,85454153
2026-05-20,홍콩,CNE100000296,BYD CO LTD-H,84641087
2026-05-20,홍콩,CNE100007DX6,MONTAGE TECHNOLOGY,76124764
2026-05-20,홍콩,KYG9830T1067,XIAOMI CORP,51676569
2026-05-20,홍콩,CNE100006CQ4,Ubtech Robotics Ord Shs H,46523772
2026-05-20,홍콩,HK0001279691,GX CL HK-US,44616000
2026-05-20,홍콩,CNE100006WS8,CATL ORD H,40201687
2026-05-20,홍콩,CNE100000593,PICC PROPERTY AND CASUALTY CO LTD-H,38414260
2026-05-20,홍콩,HK0000562659,GLOBAL X CHINA ELECTRIC VEHICLE AND BATTERY ETF (HKD),38039082
2026-05-20,홍콩,CNE100004YZ4,CTG DUTY-FREE,36091306
2026-05-20,홍콩,KYG392AS1011,GLOBAL NEW MATERIAL INTL HOLDINGS LTD,30934378
2026-05-20,홍콩,CNE100007JY1,VICTORY GIANT,30066575
2026-05-20,홍콩,HK0001025037,GLOBAL X US Treasury 3-5 Year ETF,23069100
2026-05-20,홍콩,CNE1000003X6,PING AN INSURANCE GROUP CO OF CHINA LTD-H,22351911
2026-05-20,홍콩,KYG070341048,BAIDU INC CL A,21209716
2026-05-20,홍콩,HK0000859063,SAMSUNG BLOCKCHAIN TECHNOLOGIES ETF,20413523
2026-05-20,홍콩,KYG3777B1032,GEELY AUTOMOBILE HOLDINGS LTD,18141865
2026-05-20,홍콩,HK0000218211,HUA HONG SEMICONDUCTOR LTD,14395336
2026-05-20,홍콩,HK0000642568,CSOP HANG SENG TECH INDEX ETF (HKD),14303105
2026-05-20,홍콩,HK0941009539,CHINA MOBILE LTD,14065226
2026-05-20,홍콩,HK0000516697,GLOBAL X CHINA BIOTECH ETF (HKD),13584461
2026-05-20,홍콩,KYG5860M1024,00068,13529254
2026-05-20,홍콩,HK0000748381,YESASIA HOLDINGS LTD,13130168
2026-05-20,홍콩,HK0000562675,GLOBAL X CHINA CLEAN ENERGY ETF (HKD),12596188
2026-05-20,홍콩,CNE1000003C0,HARBIN ELECTRIC CO LTD-H,12044070
2026-05-20,홍콩,KYG596691041,MEITUAN,11337359
2026-05-20,홍콩,CNE1000003W8,PETROCHINA CO LTD-H,10931496
2026-05-20,홍콩,HK0000651213,ISHARES HS TECH ETF HKD,10854640
2026-05-20,홍콩,CNE100000304,DONGFANG ELECTRIC CORP LTD-H,10762412
2026-05-20,홍콩,HKX566362888,PING AN SECURITIE HKD0.01 HKD0.01 CHAN 009837742 BMG7115B1211,10755278
2026-05-20,홍콩,CNE1000003G1,INDUSTRIAL AND COMMERCIAL BANK OF CHINA LTD-H,10754216
2026-05-20,홍콩,HK0000516713,GLOBAL X CHINA CLOUD COMPUTING ETF (HKD),10395650
2026-05-20,홍콩,CNE1000076H5,09927,10090218
2026-05-20,홍콩,KYG970081173,WUXI BIOLOGICS CAYMAN INC,10036345
2026-05-20,홍콩,HK0000562634,GLOBAL X CHINA CONSUMER BRAND ETF (HKD),9606986
2026-05-20,홍콩,KYG3774X1088,GCL TECHNOLOGY HOLDINGS LTD,9418104
2026-05-20,홍콩,HK0000637857,GLOBAL X CHINA ROBOTICS AND AI ETF (HKD),9350693
2026-05-20,홍콩,KYG8208B1014,JD.COM INC CL A,9310721
2026-05-20,홍콩,KYG9808A1058,WUXI XDC CAYMAN INC,8952909
2026-05-20,홍콩,HK1126010854,DREAM INTERNATIONAL LTD,8785481
2026-05-20,홍콩,HKX601342549,CHINA BRIGHT CULTURE GROUP USD0.00001 (Delisted/BL398Y0) CHAN 970928502 KYG2153C1078,8631000
2026-05-20,홍콩,CNE1000001Z5,BANK OF CHINA LTD-H,7268485
2026-05-21,홍콩,HK0001205258,XL2CSOPHYNIX,172467618
2026-05-21,홍콩,HK0000637832,GLOBAL X CHINA SEMICONDUCTOR ETF (HKD),166935948
2026-05-21,홍콩,HK0001121349,XL2CSOPSMSN,166585348
2026-05-21,홍콩,CNE1000031W9,GANFENGLITHIUM ORD H,146612843
2026-05-21,홍콩,KYG875721634,TENCENT HOLDINGS LTD,134592870
2026-05-21,홍콩,KYG017191142,ALIBABA GROUP HOLDING LTD,131770631
2026-05-21,홍콩,KYG8020E1199,SEMICONDUCTOR MANUFACTURING INTL CORP,116213663
2026-05-21,홍콩,CNE100005F09,TIANQI LITHIUM CORP,95659422
2026-05-21,홍콩,CNE100000296,BYD CO LTD-H,84482754
2026-05-21,홍콩,KYG6181S1093,00100,82449368
2026-05-21,홍콩,CNE100007DX6,MONTAGE TECHNOLOGY,75087087
2026-05-21,홍콩,KYG9830T1067,XIAOMI CORP,50758689
2026-05-21,홍콩,CNE100006CQ4,Ubtech Robotics Ord Shs H,46112323
2026-05-21,홍콩,HK0001279691,GX CL HK-US,44491200
2026-05-21,홍콩,CNE100006WS8,CATL ORD H,40912441
2026-05-21,홍콩,CNE100000593,PICC PROPERTY AND CASUALTY CO LTD-H,36977771
2026-05-21,홍콩,HK0000562659,GLOBAL X CHINA ELECTRIC VEHICLE AND BATTERY ETF (HKD),36877027
2026-05-21,홍콩,CNE100004YZ4,CTG DUTY-FREE,35763202
2026-05-21,홍콩,KYG392AS1011,GLOBAL NEW MATERIAL INTL HOLDINGS LTD,30974246
2026-05-21,홍콩,CNE100007JY1,VICTORY GIANT,29076734
2026-05-21,홍콩,HK0001025037,GLOBAL X US Treasury 3-5 Year ETF,23118810
2026-05-21,홍콩,CNE1000003X6,PING AN INSURANCE GROUP CO OF CHINA LTD-H,22208541
2026-05-21,홍콩,KYG070341048,BAIDU INC CL A,21222108
2026-05-21,홍콩,HK0000859063,SAMSUNG BLOCKCHAIN TECHNOLOGIES ETF,20806603
2026-05-21,홍콩,KYG3777B1032,GEELY AUTOMOBILE HOLDINGS LTD,17538149
2026-05-21,홍콩,HK0000642568,CSOP HANG SENG TECH INDEX ETF (HKD),16531476
2026-05-21,홍콩,HK0941009539,CHINA MOBILE LTD,13979245
2026-05-21,홍콩,HK0000516697,GLOBAL X CHINA BIOTECH ETF (HKD),13762981
2026-05-21,홍콩,HK0000748381,YESASIA HOLDINGS LTD,13330502
2026-05-21,홍콩,HK0000218211,HUA HONG SEMICONDUCTOR LTD,12714607
2026-05-21,홍콩,HK0000562675,GLOBAL X CHINA CLEAN ENERGY ETF (HKD),12359006
2026-05-21,홍콩,KYG596691041,MEITUAN,12292584
2026-05-21,홍콩,KYG5860M1024,00068,12192686
2026-05-21,홍콩,CNE1000003C0,HARBIN ELECTRIC CO LTD-H,11278385
2026-05-21,홍콩,HKX566362888,PING AN SECURITIE HKD0.01 HKD0.01 CHAN 009837742 BMG7115B1211,10755099
2026-05-21,홍콩,CNE1000003W8,PETROCHINA CO LTD-H,10669171
2026-05-21,홍콩,HK0000651213,ISHARES HS TECH ETF HKD,10632755
2026-05-21,홍콩,CNE1000003G1,INDUSTRIAL AND COMMERCIAL BANK OF CHINA LTD-H,10629815
2026-05-21,홍콩,CNE1000076H5,09927,10603615
2026-05-21,홍콩,CNE100000304,DONGFANG ELECTRIC CORP LTD-H,10400525
2026-05-21,홍콩,HK0000516713,GLOBAL X CHINA CLOUD COMPUTING ETF (HKD),9978754
2026-05-21,홍콩,KYG970081173,WUXI BIOLOGICS CAYMAN INC,9972575
2026-05-21,홍콩,HK0000562634,GLOBAL X CHINA CONSUMER BRAND ETF (HKD),9579574
2026-05-21,홍콩,HK0000637857,GLOBAL X CHINA ROBOTICS AND AI ETF (HKD),9121442
2026-05-21,홍콩,KYG8208B1014,JD.COM INC CL A,8844463
2026-05-21,홍콩,HK1126010854,DREAM INTERNATIONAL LTD,8759226
2026-05-21,홍콩,KYG3774X1088,GCL TECHNOLOGY HOLDINGS LTD,8756694
2026-05-21,홍콩,KYG9808A1058,WUXI XDC CAYMAN INC,8643080
2026-05-21,홍콩,HKX601342549,CHINA BRIGHT CULTURE GROUP USD0.00001 (Delisted/BL398Y0) CHAN 970928502 KYG2153C1078,8631000
2026-05-21,홍콩,CNE1000001Z5,BANK OF CHINA LTD-H,7226008
2026-05-22,홍콩,HK0001205258,XL2CSOPHYNIX,178692069
2026-05-22,홍콩,HK0000637832,GLOBAL X CHINA SEMICONDUCTOR ETF (HKD),170386142
2026-05-22,홍콩,HK0001121349,XL2CSOPSMSN,168764355
2026-05-22,홍콩,CNE1000031W9,GANFENGLITHIUM ORD H,147681419
2026-05-22,홍콩,KYG875721634,TENCENT HOLDINGS LTD,133783079
2026-05-22,홍콩,KYG017191142,ALIBABA GROUP HOLDING LTD,130892449
2026-05-22,홍콩,KYG8020E1199,SEMICONDUCTOR MANUFACTURING INTL CORP,123337298
2026-05-22,홍콩,CNE100005F09,TIANQI LITHIUM CORP,96856359
2026-05-22,홍콩,KYG6181S1093,00100,95558161
2026-05-22,홍콩,CNE100000296,BYD CO LTD-H,85303549
2026-05-22,홍콩,CNE100007DX6,MONTAGE TECHNOLOGY,79393456
2026-05-22,홍콩,KYG9830T1067,XIAOMI CORP,51238098
2026-05-22,홍콩,CNE100006CQ4,Ubtech Robotics Ord Shs H,50693078
2026-05-22,홍콩,HK0001279691,GX CL HK-US,44491200
2026-05-22,홍콩,CNE100006WS8,CATL ORD H,40780694
2026-05-22,홍콩,HK0000562659,GLOBAL X CHINA ELECTRIC VEHICLE AND BATTERY ETF (HKD),37046323
2026-05-22,홍콩,CNE100000593,PICC PROPERTY AND CASUALTY CO LTD-H,36701239
2026-05-22,홍콩,CNE100004YZ4,CTG DUTY-FREE,35660124
2026-05-22,홍콩,CNE100007JY1,VICTORY GIANT,35280255
2026-05-22,홍콩,KYG392AS1011,GLOBAL NEW MATERIAL INTL HOLDINGS LTD,30567463
2026-05-22,홍콩,HK0001025037,GLOBAL X US Treasury 3-5 Year ETF,23116582
2026-05-22,홍콩,CNE1000003X6,PING AN INSURANCE GROUP CO OF CHINA LTD-H,22196295
2026-05-22,홍콩,HK0000859063,SAMSUNG BLOCKCHAIN TECHNOLOGIES ETF,21510899
2026-05-22,홍콩,KYG070341048,BAIDU INC CL A,20186935
2026-05-22,홍콩,KYG3777B1032,GEELY AUTOMOBILE HOLDINGS LTD,17451409
2026-05-22,홍콩,HK0000642568,CSOP HANG SENG TECH INDEX ETF (HKD),16823772
2026-05-22,홍콩,HK0941009539,CHINA MOBILE LTD,13862002
2026-05-22,홍콩,HK0000516697,GLOBAL X CHINA BIOTECH ETF (HKD),13577499
2026-05-22,홍콩,KYG5860M1024,00068,13573263
2026-05-22,홍콩,HK0000748381,YESASIA HOLDINGS LTD,13223999
2026-05-22,홍콩,HK0000218211,HUA HONG SEMICONDUCTOR LTD,12827831
2026-05-22,홍콩,HK0000562675,GLOBAL X CHINA CLEAN ENERGY ETF (HKD),12458571
2026-05-22,홍콩,CNE1000003C0,HARBIN ELECTRIC CO LTD-H,11587585
2026-05-22,홍콩,KYG596691041,MEITUAN,11109497
2026-05-22,홍콩,HK0000651213,ISHARES HS TECH ETF HKD,10840825
2026-05-22,홍콩,HKX566362888,PING AN SECURITIE HKD0.01 HKD0.01 CHAN 009837742 BMG7115B1211,10754062
2026-05-22,홍콩,CNE1000003G1,INDUSTRIAL AND COMMERCIAL BANK OF CHINA LTD-H,10672469
2026-05-22,홍콩,CNE1000076H5,09927,10602593
2026-05-22,홍콩,CNE1000003W8,PETROCHINA CO LTD-H,10555347
2026-05-22,홍콩,CNE100000304,DONGFANG ELECTRIC CORP LTD-H,10521729
2026-05-22,홍콩,HK0000516713,GLOBAL X CHINA CLOUD COMPUTING ETF (HKD),10145778
2026-05-22,홍콩,KYG970081173,WUXI BIOLOGICS CAYMAN INC,9918470
2026-05-22,홍콩,HK0000562634,GLOBAL X CHINA CONSUMER BRAND ETF (HKD),9526370
2026-05-22,홍콩,HK0000637857,GLOBAL X CHINA ROBOTICS AND AI ETF (HKD),9268198
2026-05-22,홍콩,KYG3774X1088,GCL TECHNOLOGY HOLDINGS LTD,8966581
2026-05-22,홍콩,HK1126010854,DREAM INTERNATIONAL LTD,8929814
2026-05-22,홍콩,KYG9808A1058,WUXI XDC CAYMAN INC,8875210
2026-05-22,홍콩,KYG8208B1014,JD.COM INC CL A,8709729
2026-05-22,홍콩,HKX601342549,CHINA BRIGHT CULTURE GROUP USD0.00001 (Delisted/BL398Y0) CHAN 970928502 KYG2153C1078,8631000
2026-05-22,홍콩,CNE1000001Z5,BANK OF CHINA LTD-H,7266328
2026-05-25,홍콩,HK0001205258,XL2CSOPHYNIX,178692069
2026-05-25,홍콩,HK0000637832,GLOBAL X CHINA SEMICONDUCTOR ETF (HKD),170386142
2026-05-25,홍콩,HK0001121349,XL2CSOPSMSN,168764355
2026-05-25,홍콩,CNE1000031W9,GANFENGLITHIUM ORD H,147681419
2026-05-25,홍콩,KYG875721634,TENCENT HOLDINGS LTD,133783079
2026-05-25,홍콩,KYG017191142,ALIBABA GROUP HOLDING LTD,130892449
2026-05-25,홍콩,KYG8020E1199,SEMICONDUCTOR MANUFACTURING INTL CORP,123337298
2026-05-25,홍콩,CNE100005F09,TIANQI LITHIUM CORP,96856359
2026-05-25,홍콩,KYG6181S1093,00100,95558161
2026-05-25,홍콩,CNE100000296,BYD CO LTD-H,85303549
2026-05-25,홍콩,CNE100007DX6,MONTAGE TECHNOLOGY,79393456
2026-05-25,홍콩,KYG9830T1067,XIAOMI CORP,51238098
2026-05-25,홍콩,CNE100006CQ4,Ubtech Robotics Ord Shs H,50693078
2026-05-25,홍콩,HK0001279691,GX CL HK-US,44491200
2026-05-25,홍콩,CNE100006WS8,CATL ORD H,40780694
2026-05-25,홍콩,HK0000562659,GLOBAL X CHINA ELECTRIC VEHICLE AND BATTERY ETF (HKD),37046323
2026-05-25,홍콩,CNE100000593,PICC PROPERTY AND CASUALTY CO LTD-H,36701239
2026-05-25,홍콩,CNE100004YZ4,CTG DUTY-FREE,35660124
2026-05-25,홍콩,CNE100007JY1,VICTORY GIANT,35280255
2026-05-25,홍콩,KYG392AS1011,GLOBAL NEW MATERIAL INTL HOLDINGS LTD,30567463
2026-05-25,홍콩,HK0001025037,GLOBAL X US Treasury 3-5 Year ETF,23116582
2026-05-25,홍콩,CNE1000003X6,PING AN INSURANCE GROUP CO OF CHINA LTD-H,22196295
2026-05-25,홍콩,HK0000859063,SAMSUNG BLOCKCHAIN TECHNOLOGIES ETF,21510899
2026-05-25,홍콩,KYG070341048,BAIDU INC CL A,20186935
2026-05-25,홍콩,KYG3777B1032,GEELY AUTOMOBILE HOLDINGS LTD,17451409
2026-05-25,홍콩,HK0000642568,CSOP HANG SENG TECH INDEX ETF (HKD),16823772
2026-05-25,홍콩,HK0941009539,CHINA MOBILE LTD,13862002
2026-05-25,홍콩,HK0000516697,GLOBAL X CHINA BIOTECH ETF (HKD),13577499
2026-05-25,홍콩,KYG5860M1024,00068,13573263
2026-05-25,홍콩,HK0000748381,YESASIA HOLDINGS LTD,13223999
2026-05-25,홍콩,HK0000218211,HUA HONG SEMICONDUCTOR LTD,12827831
2026-05-25,홍콩,HK0000562675,GLOBAL X CHINA CLEAN ENERGY ETF (HKD),12458571
2026-05-25,홍콩,CNE1000003C0,HARBIN ELECTRIC CO LTD-H,11587585
2026-05-25,홍콩,KYG596691041,MEITUAN,11109497
2026-05-25,홍콩,HK0000651213,ISHARES HS TECH ETF HKD,10840825
2026-05-25,홍콩,HKX566362888,PING AN SECURITIE HKD0.01 HKD0.01 CHAN 009837742 BMG7115B1211,10754062
2026-05-25,홍콩,CNE1000003G1,INDUSTRIAL AND COMMERCIAL BANK OF CHINA LTD-H,10672469
2026-05-25,홍콩,CNE1000076H5,09927,10602593
2026-05-25,홍콩,CNE1000003W8,PETROCHINA CO LTD-H,10555347
2026-05-25,홍콩,CNE100000304,DONGFANG ELECTRIC CORP LTD-H,10521729
2026-05-25,홍콩,HK0000516713,GLOBAL X CHINA CLOUD COMPUTING ETF (HKD),10145778
2026-05-25,홍콩,KYG970081173,WUXI BIOLOGICS CAYMAN INC,9918470
2026-05-25,홍콩,HK0000562634,GLOBAL X CHINA CONSUMER BRAND ETF (HKD),9526370
2026-05-25,홍콩,HK0000637857,GLOBAL X CHINA ROBOTICS AND AI ETF (HKD),9268198
2026-05-25,홍콩,KYG3774X1088,GCL TECHNOLOGY HOLDINGS LTD,8966581
2026-05-25,홍콩,HK1126010854,DREAM INTERNATIONAL LTD,8929814
2026-05-25,홍콩,KYG9808A1058,WUXI XDC CAYMAN INC,8875210
2026-05-25,홍콩,KYG8208B1014,JD.COM INC CL A,8709729
2026-05-25,홍콩,HKX601342549,CHINA BRIGHT CULTURE GROUP USD0.00001 (Delisted/BL398Y0) CHAN 970928502 KYG2153C1078,8631000
2026-05-25,홍콩,CNE1000001Z5,BANK OF CHINA LTD-H,7266328
2026-05-26,홍콩,HK0001205258,XL2CSOPHYNIX,258737449
2026-05-26,홍콩,HK0000637832,GLOBAL X CHINA SEMICONDUCTOR ETF (HKD),184060507
2026-05-26,홍콩,CNE1000031W9,GANFENGLITHIUM ORD H,144645040
2026-05-26,홍콩,KYG875721634,TENCENT HOLDINGS LTD,133057253
2026-05-26,홍콩,KYG8020E1199,SEMICONDUCTOR MANUFACTURING INTL CORP,130700199
2026-05-26,홍콩,KYG017191142,ALIBABA GROUP HOLDING LTD,129690758
2026-05-26,홍콩,HK0001121349,XL2CSOPSMSN,126583996
2026-05-26,홍콩,KYG6181S1093,00100,95686170
2026-05-26,홍콩,CNE100005F09,TIANQI LITHIUM CORP,94637722
2026-05-26,홍콩,CNE100000296,BYD CO LTD-H,87015437
2026-05-26,홍콩,CNE100007DX6,MONTAGE TECHNOLOGY,78282451
2026-05-26,홍콩,KYG9830T1067,XIAOMI CORP,50862536
2026-05-26,홍콩,CNE100006CQ4,Ubtech Robotics Ord Shs H,49855886
2026-05-26,홍콩,HK0001279691,GX CL HK-US,44491200
2026-05-26,홍콩,CNE100006WS8,CATL ORD H,39388683
2026-05-26,홍콩,CNE100007JY1,VICTORY GIANT,38410511
2026-05-26,홍콩,HK0000562659,GLOBAL X CHINA ELECTRIC VEHICLE AND BATTERY ETF (HKD),36951288
2026-05-26,홍콩,CNE100000593,PICC PROPERTY AND CASUALTY CO LTD-H,36437440
2026-05-26,홍콩,CNE100004YZ4,CTG DUTY-FREE,35527125
2026-05-26,홍콩,KYG392AS1011,GLOBAL NEW MATERIAL INTL HOLDINGS LTD,29354405
2026-05-26,홍콩,HK0001025037,GLOBAL X US Treasury 3-5 Year ETF,23173706
2026-05-26,홍콩,CNE1000003X6,PING AN INSURANCE GROUP CO OF CHINA LTD-H,22074538
2026-05-26,홍콩,HK0000859063,SAMSUNG BLOCKCHAIN TECHNOLOGIES ETF,21697419
2026-05-26,홍콩,KYG070341048,BAIDU INC CL A,19179321
2026-05-26,홍콩,KYG3777B1032,GEELY AUTOMOBILE HOLDINGS LTD,17252910
2026-05-26,홍콩,HK0000218211,HUA HONG SEMICONDUCTOR LTD,16754220
2026-05-26,홍콩,HK0000642568,CSOP HANG SENG TECH INDEX ETF (HKD),14400945
2026-05-26,홍콩,HK0941009539,CHINA MOBILE LTD,13882891
2026-05-26,홍콩,KYG5860M1024,00068,13752711
2026-05-26,홍콩,HK0000516697,GLOBAL X CHINA BIOTECH ETF (HKD),13443568
2026-05-26,홍콩,HK0000748381,YESASIA HOLDINGS LTD,12731113
2026-05-26,홍콩,HK0000562675,GLOBAL X CHINA CLEAN ENERGY ETF (HKD),12512345
2026-05-26,홍콩,CNE1000003C0,HARBIN ELECTRIC CO LTD-H,11501336
2026-05-26,홍콩,CNE1000076H5,09927,11130580
2026-05-26,홍콩,HK0000651213,ISHARES HS TECH ETF HKD,10974318
2026-05-26,홍콩,HKX566362888,PING AN SECURITIE HKD0.01 HKD0.01 CHAN 009837742 BMG7115B1211,10753452
2026-05-26,홍콩,KYG596691041,MEITUAN,10728663
2026-05-26,홍콩,CNE1000003W8,PETROCHINA CO LTD-H,10629930
2026-05-26,홍콩,CNE1000003G1,INDUSTRIAL AND COMMERCIAL BANK OF CHINA LTD-H,10561077
2026-05-26,홍콩,KYG970081173,WUXI BIOLOGICS CAYMAN INC,10394748
2026-05-26,홍콩,HK0000516713,GLOBAL X CHINA CLOUD COMPUTING ETF (HKD),10383161
2026-05-26,홍콩,CNE100000304,DONGFANG ELECTRIC CORP LTD-H,10334234
2026-05-26,홍콩,HK0000562634,GLOBAL X CHINA CONSUMER BRAND ETF (HKD),9466041
2026-05-26,홍콩,HK0000637857,GLOBAL X CHINA ROBOTICS AND AI ETF (HKD),9349873
2026-05-26,홍콩,KYG3774X1088,GCL TECHNOLOGY HOLDINGS LTD,8970783
2026-05-26,홍콩,KYG9808A1058,WUXI XDC CAYMAN INC,8902013
2026-05-26,홍콩,HK1126010854,DREAM INTERNATIONAL LTD,8875787
2026-05-26,홍콩,HKX601342549,CHINA BRIGHT CULTURE GROUP USD0.00001 (Delisted/BL398Y0) CHAN 970928502 KYG2153C1078,8631000
2026-05-26,홍콩,KYG8208B1014,JD.COM INC CL A,8472523
2026-05-26,홍콩,CNE1000001Z5,BANK OF CHINA LTD-H,7224238
2026-05-27,홍콩,HK0001205258,XL2CSOPHYNIX,310383694
2026-05-27,홍콩,HK0000637832,GLOBAL X CHINA SEMICONDUCTOR ETF (HKD),178746659
2026-05-27,홍콩,CNE1000031W9,GANFENGLITHIUM ORD H,142783026
2026-05-27,홍콩,HK0001121349,XL2CSOPSMSN,132741591
2026-05-27,홍콩,KYG875721634,TENCENT HOLDINGS LTD,131361479
2026-05-27,홍콩,KYG8020E1199,SEMICONDUCTOR MANUFACTURING INTL CORP,128077393
2026-05-27,홍콩,KYG017191142,ALIBABA GROUP HOLDING LTD,125935403
2026-05-27,홍콩,KYG6181S1093,00100,106847463
2026-05-27,홍콩,CNE100005F09,TIANQI LITHIUM CORP,93424646
2026-05-27,홍콩,CNE100000296,BYD CO LTD-H,84136076
2026-05-27,홍콩,CNE100007DX6,MONTAGE TECHNOLOGY,76177868
2026-05-27,홍콩,CNE100006CQ4,Ubtech Robotics Ord Shs H,48631560
2026-05-27,홍콩,KYG9830T1067,XIAOMI CORP,48435116
2026-05-27,홍콩,HK0001279691,GX CL HK-US,44304000
2026-05-27,홍콩,CNE100006WS8,CATL ORD H,42072646
2026-05-27,홍콩,CNE100007JY1,VICTORY GIANT,38094111
2026-05-27,홍콩,CNE100000593,PICC PROPERTY AND CASUALTY CO LTD-H,36773408
2026-05-27,홍콩,HK0000562659,GLOBAL X CHINA ELECTRIC VEHICLE AND BATTERY ETF (HKD),36773010
2026-05-27,홍콩,CNE100004YZ4,CTG DUTY-FREE,35198410
2026-05-27,홍콩,KYG392AS1011,GLOBAL NEW MATERIAL INTL HOLDINGS LTD,28500446
2026-05-27,홍콩,HK0001025037,GLOBAL X US Treasury 3-5 Year ETF,23285646
2026-05-27,홍콩,HK0000859063,SAMSUNG BLOCKCHAIN TECHNOLOGIES ETF,21844775
2026-05-27,홍콩,CNE1000003X6,PING AN INSURANCE GROUP CO OF CHINA LTD-H,21729047
2026-05-27,홍콩,KYG070341048,BAIDU INC CL A,19030660
2026-05-27,홍콩,HK0000218211,HUA HONG SEMICONDUCTOR LTD,18658152
2026-05-27,홍콩,KYG3777B1032,GEELY AUTOMOBILE HOLDINGS LTD,17179096
2026-05-27,홍콩,KYG5860M1024,00068,15671449
2026-05-27,홍콩,HK0000642568,CSOP HANG SENG TECH INDEX ETF (HKD),14277011
2026-05-27,홍콩,HK0941009539,CHINA MOBILE LTD,13809548
2026-05-27,홍콩,HK0000516697,GLOBAL X CHINA BIOTECH ETF (HKD),13279843
2026-05-27,홍콩,HK0000748381,YESASIA HOLDINGS LTD,12477344
2026-05-27,홍콩,HK0000562675,GLOBAL X CHINA CLEAN ENERGY ETF (HKD),12389935
2026-05-27,홍콩,CNE1000003C0,HARBIN ELECTRIC CO LTD-H,11466812
2026-05-27,홍콩,CNE1000076H5,09927,10947032
2026-05-27,홍콩,HK0000651213,ISHARES HS TECH ETF HKD,10909326
2026-05-27,홍콩,KYG596691041,MEITUAN,10886394
2026-05-27,홍콩,HKX566362888,PING AN SECURITIE HKD0.01 HKD0.01 CHAN 009837742 BMG7115B1211,10751176
2026-05-27,홍콩,CNE1000003G1,INDUSTRIAL AND COMMERCIAL BANK OF CHINA LTD-H,10466259
2026-05-27,홍콩,CNE1000003W8,PETROCHINA CO LTD-H,10420383
2026-05-27,홍콩,CNE100000304,DONGFANG ELECTRIC CORP LTD-H,10290883
2026-05-27,홍콩,KYG970081173,WUXI BIOLOGICS CAYMAN INC,10165905
2026-05-27,홍콩,HK0000516713,GLOBAL X CHINA CLOUD COMPUTING ETF (HKD),10067750
2026-05-27,홍콩,HK0000562634,GLOBAL X CHINA CONSUMER BRAND ETF (HKD),9353215
2026-05-27,홍콩,HK0000637857,GLOBAL X CHINA ROBOTICS AND AI ETF (HKD),9257364
2026-05-27,홍콩,KYG3774X1088,GCL TECHNOLOGY HOLDINGS LTD,8923427
2026-05-27,홍콩,KYG9808A1058,WUXI XDC CAYMAN INC,8869172
2026-05-27,홍콩,HKX601342549,CHINA BRIGHT CULTURE GROUP USD0.00001 (Delisted/BL398Y0) CHAN 970928502 KYG2153C1078,8631000
2026-05-27,홍콩,HK1126010854,DREAM INTERNATIONAL LTD,8508096
2026-05-27,홍콩,KYG8208B1014,JD.COM INC CL A,7557522
2026-05-27,홍콩,CNE1000001Z5,BANK OF CHINA LTD-H,7208819
2026-05-28,홍콩,HK0001205258,XL2CSOPHYNIX,311663888
2026-05-28,홍콩,HK0000637832,GLOBAL X CHINA SEMICONDUCTOR ETF (HKD),180108132
2026-05-28,홍콩,CNE1000031W9,GANFENGLITHIUM ORD H,139567516
2026-05-28,홍콩,KYG8020E1199,SEMICONDUCTOR MANUFACTURING INTL CORP,131994035
2026-05-28,홍콩,KYG875721634,TENCENT HOLDINGS LTD,126608448
2026-05-28,홍콩,HK0001121349,XL2CSOPSMSN,123895331
2026-05-28,홍콩,KYG017191142,ALIBABA GROUP HOLDING LTD,122407072
2026-05-28,홍콩,KYG6181S1093,00100,104996762
2026-05-28,홍콩,CNE100005F09,TIANQI LITHIUM CORP,92069177
2026-05-28,홍콩,CNE100000296,BYD CO LTD-H,83102088
2026-05-28,홍콩,CNE100007DX6,MONTAGE TECHNOLOGY,74795898
2026-05-28,홍콩,KYG9830T1067,XIAOMI CORP,48611620
2026-05-28,홍콩,CNE100006CQ4,Ubtech Robotics Ord Shs H,45695858
2026-05-28,홍콩,HK0001279691,GX CL HK-US,44054400
2026-05-28,홍콩,CNE100006WS8,CATL ORD H,43079496
2026-05-28,홍콩,CNE100007JY1,VICTORY GIANT,38275317
2026-05-28,홍콩,HK0000562659,GLOBAL X CHINA ELECTRIC VEHICLE AND BATTERY ETF (HKD),36394110
2026-05-28,홍콩,CNE100000593,PICC PROPERTY AND CASUALTY CO LTD-H,35621198
2026-05-28,홍콩,CNE100004YZ4,CTG DUTY-FREE,34082503
2026-05-28,홍콩,KYG392AS1011,GLOBAL NEW MATERIAL INTL HOLDINGS LTD,28264716
2026-05-28,홍콩,HK0001025037,GLOBAL X US Treasury 3-5 Year ETF,23307686
2026-05-28,홍콩,HK0000859063,SAMSUNG BLOCKCHAIN TECHNOLOGIES ETF,21912369
2026-05-28,홍콩,CNE1000003X6,PING AN INSURANCE GROUP CO OF CHINA LTD-H,21182679
2026-05-28,홍콩,HK0000218211,HUA HONG SEMICONDUCTOR LTD,20514121
2026-05-28,홍콩,KYG070341048,BAIDU INC CL A,17864324
2026-05-28,홍콩,KYG3777B1032,GEELY AUTOMOBILE HOLDINGS LTD,16771305
2026-05-28,홍콩,HK0000642568,CSOP HANG SENG TECH INDEX ETF (HKD),14234240
2026-05-28,홍콩,KYG5860M1024,00068,14027678
2026-05-28,홍콩,HK0941009539,CHINA MOBILE LTD,13745144
2026-05-28,홍콩,HK0000516697,GLOBAL X CHINA BIOTECH ETF (HKD),12655105
2026-05-28,홍콩,HK0000562675,GLOBAL X CHINA CLEAN ENERGY ETF (HKD),12398250
2026-05-28,홍콩,HK0000748381,YESASIA HOLDINGS LTD,12307718
2026-05-28,홍콩,CNE1000003C0,HARBIN ELECTRIC CO LTD-H,11490841
2026-05-28,홍콩,HK0000651213,ISHARES HS TECH ETF HKD,10870978
2026-05-28,홍콩,HKX566362888,PING AN SECURITIE HKD0.01 HKD0.01 CHAN 009837742 BMG7115B1211,10753643
2026-05-28,홍콩,CNE1000076H5,09927,10647488
2026-05-28,홍콩,CNE1000003W8,PETROCHINA CO LTD-H,10489693
2026-05-28,홍콩,KYG596691041,MEITUAN,10451822
2026-05-28,홍콩,CNE1000003G1,INDUSTRIAL AND COMMERCIAL BANK OF CHINA LTD-H,10265300
2026-05-28,홍콩,CNE100000304,DONGFANG ELECTRIC CORP LTD-H,10053605
2026-05-28,홍콩,HK0000516713,GLOBAL X CHINA CLOUD COMPUTING ETF (HKD),9870571
2026-05-28,홍콩,KYG970081173,WUXI BIOLOGICS CAYMAN INC,9744760
2026-05-28,홍콩,HK0000562634,GLOBAL X CHINA CONSUMER BRAND ETF (HKD),9272330
2026-05-28,홍콩,HK0000637857,GLOBAL X CHINA ROBOTICS AND AI ETF (HKD),9260994
2026-05-28,홍콩,KYG3774X1088,GCL TECHNOLOGY HOLDINGS LTD,9005484
2026-05-28,홍콩,HKX601342549,CHINA BRIGHT CULTURE GROUP USD0.00001 (Delisted/BL398Y0) CHAN 970928502 KYG2153C1078,8631000
2026-05-28,홍콩,HK1126010854,DREAM INTERNATIONAL LTD,8588782
2026-05-28,홍콩,KYG9808A1058,WUXI XDC CAYMAN INC,8174516
2026-05-28,홍콩,KYG8208B1014,JD.COM INC CL A,7403286
2026-05-28,홍콩,CNE1000001Z5,BANK OF CHINA LTD-H,7125805
2026-05-29,홍콩,HK0001205258,XL2CSOPHYNIX,286983921
2026-05-29,홍콩,HK0000637832,GLOBAL X CHINA SEMICONDUCTOR ETF (HKD),171094679
2026-05-29,홍콩,CNE1000031W9,GANFENGLITHIUM ORD H,138697335
2026-05-29,홍콩,KYG875721634,TENCENT HOLDINGS LTD,126520707
2026-05-29,홍콩,KYG8020E1199,SEMICONDUCTOR MANUFACTURING INTL CORP,123585318
2026-05-29,홍콩,HK0001121349,XL2CSOPSMSN,123168384
2026-05-29,홍콩,KYG017191142,ALIBABA GROUP HOLDING LTD,120962135
2026-05-29,홍콩,KYG6181S1093,00100,105331912
2026-05-29,홍콩,CNE100005F09,TIANQI LITHIUM CORP,90106616
2026-05-29,홍콩,CNE100000296,BYD CO LTD-H,83464239
2026-05-29,홍콩,CNE100007DX6,MONTAGE TECHNOLOGY,66194377
2026-05-29,홍콩,KYG9830T1067,XIAOMI CORP,47600394
2026-05-29,홍콩,CNE100006WS8,CATL ORD H,44914103
2026-05-29,홍콩,HK0001279691,GX CL HK-US,44116800
2026-05-29,홍콩,CNE100006CQ4,Ubtech Robotics Ord Shs H,42090960
2026-05-29,홍콩,CNE100007JY1,VICTORY GIANT,37389887
2026-05-29,홍콩,CNE100004YZ4,CTG DUTY-FREE,36601817
2026-05-29,홍콩,HK0000562659,GLOBAL X CHINA ELECTRIC VEHICLE AND BATTERY ETF (HKD),35932746
2026-05-29,홍콩,CNE100000593,PICC PROPERTY AND CASUALTY CO LTD-H,35572457
2026-05-29,홍콩,KYG392AS1011,GLOBAL NEW MATERIAL INTL HOLDINGS LTD,29274764
2026-05-29,홍콩,HK0001025037,GLOBAL X US Treasury 3-5 Year ETF,23299810
2026-05-29,홍콩,HK0000859063,SAMSUNG BLOCKCHAIN TECHNOLOGIES ETF,22628042
2026-05-29,홍콩,CNE1000003X6,PING AN INSURANCE GROUP CO OF CHINA LTD-H,21434547
2026-05-29,홍콩,HK0000218211,HUA HONG SEMICONDUCTOR LTD,19540486
2026-05-29,홍콩,KYG070341048,BAIDU INC CL A,18368503
2026-05-29,홍콩,KYG3777B1032,GEELY AUTOMOBILE HOLDINGS LTD,16664745
2026-05-29,홍콩,HK0000642568,CSOP HANG SENG TECH INDEX ETF (HKD),14233764
2026-05-29,홍콩,HK0941009539,CHINA MOBILE LTD,13596486
2026-05-29,홍콩,HK0000516697,GLOBAL X CHINA BIOTECH ETF (HKD),13148414
2026-05-29,홍콩,KYG5860M1024,00068,13148079
2026-05-29,홍콩,HK0000562675,GLOBAL X CHINA CLEAN ENERGY ETF (HKD),12205206
2026-05-29,홍콩,HK0000748381,YESASIA HOLDINGS LTD,11929049
2026-05-29,홍콩,HKX566362888,PING AN SECURITIE HKD0.01 HKD0.01 CHAN 009837742 BMG7115B1211,10753861
2026-05-29,홍콩,HK0000651213,ISHARES HS TECH ETF HKD,10726430
2026-05-29,홍콩,CNE1000003W8,PETROCHINA CO LTD-H,10569144
2026-05-29,홍콩,KYG596691041,MEITUAN,10552019
2026-05-29,홍콩,CNE1000003C0,HARBIN ELECTRIC CO LTD-H,10485681
2026-05-29,홍콩,CNE1000003G1,INDUSTRIAL AND COMMERCIAL BANK OF CHINA LTD-H,10330331
2026-05-29,홍콩,CNE1000076H5,09927,10224816
2026-05-29,홍콩,KYG970081173,WUXI BIOLOGICS CAYMAN INC,10003613
2026-05-29,홍콩,HK0000516713,GLOBAL X CHINA CLOUD COMPUTING ETF (HKD),9608587
2026-05-29,홍콩,CNE100000304,DONGFANG ELECTRIC CORP LTD-H,9441529
2026-05-29,홍콩,HK0000562634,GLOBAL X CHINA CONSUMER BRAND ETF (HKD),9371540
2026-05-29,홍콩,KYG3774X1088,GCL TECHNOLOGY HOLDINGS LTD,9001746
2026-05-29,홍콩,HK0000637857,GLOBAL X CHINA ROBOTICS AND AI ETF (HKD),8728136
2026-05-29,홍콩,HK1126010854,DREAM INTERNATIONAL LTD,8706860
2026-05-29,홍콩,HKX601342549,CHINA BRIGHT CULTURE GROUP USD0.00001 (Delisted/BL398Y0) CHAN 970928502 KYG2153C1078,8631000
2026-05-29,홍콩,KYG9808A1058,WUXI XDC CAYMAN INC,8499811
2026-05-29,홍콩,KYG8208B1014,JD.COM INC CL A,7348538
2026-05-29,홍콩,CNE1000001Z5,BANK OF CHINA LTD-H,7233750
2026-06-01,홍콩,HK0001205258,XL2CSOPHYNIX,294192736
2026-06-01,홍콩,HK0000637832,GLOBAL X CHINA SEMICONDUCTOR ETF (HKD),165501127
2026-06-01,홍콩,HK0001121349,XL2CSOPSMSN,145115674
2026-06-01,홍콩,CNE1000031W9,GANFENGLITHIUM ORD H,137111510
2026-06-01,홍콩,KYG875721634,TENCENT HOLDINGS LTD,128822271
2026-06-01,홍콩,KYG017191142,ALIBABA GROUP HOLDING LTD,122562746
2026-06-01,홍콩,KYG8020E1199,SEMICONDUCTOR MANUFACTURING INTL CORP,119289766
2026-06-01,홍콩,CNE100005F09,TIANQI LITHIUM CORP,90005909
2026-06-01,홍콩,KYG6181S1093,00100,88697752
2026-06-01,홍콩,CNE100000296,BYD CO LTD-H,82449034
2026-06-01,홍콩,CNE100007DX6,MONTAGE TECHNOLOGY,61608298
2026-06-01,홍콩,KYG9830T1067,XIAOMI CORP,47978011
2026-06-01,홍콩,CNE100006WS8,CATL ORD H,45491265
2026-06-01,홍콩,HK0001279691,GX CL HK-US,44366400
2026-06-01,홍콩,CNE100006CQ4,Ubtech Robotics Ord Shs H,43447774
2026-06-01,홍콩,CNE100004YZ4,CTG DUTY-FREE,37340633
2026-06-01,홍콩,CNE100007JY1,VICTORY GIANT,36241423
2026-06-01,홍콩,HK0000562659,GLOBAL X CHINA ELECTRIC VEHICLE AND BATTERY ETF (HKD),35337424
2026-06-01,홍콩,CNE100000593,PICC PROPERTY AND CASUALTY CO LTD-H,35226247
2026-06-01,홍콩,KYG392AS1011,GLOBAL NEW MATERIAL INTL HOLDINGS LTD,30315432
2026-06-01,홍콩,HK0001025037,GLOBAL X US Treasury 3-5 Year ETF,23167568
2026-06-01,홍콩,HK0000859063,SAMSUNG BLOCKCHAIN TECHNOLOGIES ETF,22791003
2026-06-01,홍콩,CNE1000003X6,PING AN INSURANCE GROUP CO OF CHINA LTD-H,21507799
2026-06-01,홍콩,HK0000218211,HUA HONG SEMICONDUCTOR LTD,18928721
2026-06-01,홍콩,KYG070341048,BAIDU INC CL A,18208563
2026-06-01,홍콩,KYG3777B1032,GEELY AUTOMOBILE HOLDINGS LTD,16720062
2026-06-01,홍콩,HK0000642568,CSOP HANG SENG TECH INDEX ETF (HKD),14426161
2026-06-01,홍콩,HK0941009539,CHINA MOBILE LTD,13570636
2026-06-01,홍콩,KYG5860M1024,00068,13124858
2026-06-01,홍콩,HK0000516697,GLOBAL X CHINA BIOTECH ETF (HKD),13015580
2026-06-01,홍콩,HK0000562675,GLOBAL X CHINA CLEAN ENERGY ETF (HKD),12192895
2026-06-01,홍콩,KYG596691041,MEITUAN,11470603
2026-06-01,홍콩,HK0000748381,YESASIA HOLDINGS LTD,11046622
2026-06-01,홍콩,CNE1000003C0,HARBIN ELECTRIC CO LTD-H,10776507
2026-06-01,홍콩,HKX566362888,PING AN SECURITIE HKD0.01 HKD0.01 CHAN 009837742 BMG7115B1211,10750604
2026-06-01,홍콩,CNE1000003W8,PETROCHINA CO LTD-H,10579779
2026-06-01,홍콩,KYG970081173,WUXI BIOLOGICS CAYMAN INC,10472884
2026-06-01,홍콩,HK0000651213,ISHARES HS TECH ETF HKD,10422233
2026-06-01,홍콩,CNE1000076H5,09927,10387803
2026-06-01,홍콩,CNE1000003G1,INDUSTRIAL AND COMMERCIAL BANK OF CHINA LTD-H,10346149
2026-06-01,홍콩,CNE100000304,DONGFANG ELECTRIC CORP LTD-H,9847808
2026-06-01,홍콩,HK0000516713,GLOBAL X CHINA CLOUD COMPUTING ETF (HKD),9730497
2026-06-01,홍콩,HK0000562634,GLOBAL X CHINA CONSUMER BRAND ETF (HKD),9441828
2026-06-01,홍콩,HK1126010854,DREAM INTERNATIONAL LTD,9030468
2026-06-01,홍콩,HKX601342549,CHINA BRIGHT CULTURE GROUP USD0.00001 (Delisted/BL398Y0) CHAN 970928502 KYG2153C1078,8631000
2026-06-01,홍콩,KYG3774X1088,GCL TECHNOLOGY HOLDINGS LTD,8561400
2026-06-01,홍콩,HK0000637857,GLOBAL X CHINA ROBOTICS AND AI ETF (HKD),8467598
2026-06-01,홍콩,KYG9808A1058,WUXI XDC CAYMAN INC,8391519
2026-06-01,홍콩,KYG8208B1014,JD.COM INC CL A,7302194
2026-06-01,홍콩,CNE1000001Z5,BANK OF CHINA LTD-H,7218795
2026-06-02,홍콩,HK0001205258,XL2CSOPHYNIX,243525301
2026-06-02,홍콩,HK0001121349,XL2CSOPSMSN,190788975
2026-06-02,홍콩,HK0000637832,GLOBAL X CHINA SEMICONDUCTOR ETF (HKD),172511951
2026-06-02,홍콩,KYG875721634,TENCENT HOLDINGS LTD,141302149
2026-06-02,홍콩,CNE1000031W9,GANFENGLITHIUM ORD H,133317625
2026-06-02,홍콩,KYG017191142,ALIBABA GROUP HOLDING LTD,130451466
2026-06-02,홍콩,KYG8020E1199,SEMICONDUCTOR MANUFACTURING INTL CORP,123897365
2026-06-02,홍콩,CNE100005F09,TIANQI LITHIUM CORP,88531369
2026-06-02,홍콩,CNE100000296,BYD CO LTD-H,87415390
2026-06-02,홍콩,KYG6181S1093,00100,83671947
2026-06-02,홍콩,CNE100007DX6,MONTAGE TECHNOLOGY,61239960
2026-06-02,홍콩,KYG9830T1067,XIAOMI CORP,49376711
2026-06-02,홍콩,CNE100006WS8,CATL ORD H,48330775
2026-06-02,홍콩,CNE100006CQ4,Ubtech Robotics Ord Shs H,47378950
2026-06-02,홍콩,HK0001279691,GX CL HK-US,44553600
2026-06-02,홍콩,CNE100004YZ4,CTG DUTY-FREE,37044461
2026-06-02,홍콩,CNE100007JY1,VICTORY GIANT,35865581
2026-06-02,홍콩,HK0000562659,GLOBAL X CHINA ELECTRIC VEHICLE AND BATTERY ETF (HKD),35785734
2026-06-02,홍콩,CNE100000593,PICC PROPERTY AND CASUALTY CO LTD-H,34929544
2026-06-02,홍콩,KYG392AS1011,GLOBAL NEW MATERIAL INTL HOLDINGS LTD,30959113
2026-06-02,홍콩,HK0001025037,GLOBAL X US Treasury 3-5 Year ETF,23165931
2026-06-02,홍콩,HK0000859063,SAMSUNG BLOCKCHAIN TECHNOLOGIES ETF,22851952
2026-06-02,홍콩,CNE1000003X6,PING AN INSURANCE GROUP CO OF CHINA LTD-H,20718897
2026-06-02,홍콩,HK0000218211,HUA HONG SEMICONDUCTOR LTD,18890105
2026-06-02,홍콩,KYG070341048,BAIDU INC CL A,18768618
2026-06-02,홍콩,KYG3777B1032,GEELY AUTOMOBILE HOLDINGS LTD,16483331
2026-06-02,홍콩,HK0000642568,CSOP HANG SENG TECH INDEX ETF (HKD),15109858
2026-06-02,홍콩,KYG5860M1024,00068,13693380
2026-06-02,홍콩,HK0941009539,CHINA MOBILE LTD,13667278
2026-06-02,홍콩,HK0000516697,GLOBAL X CHINA BIOTECH ETF (HKD),12559037
2026-06-02,홍콩,KYG596691041,MEITUAN,12495832
2026-06-02,홍콩,HK0000748381,YESASIA HOLDINGS LTD,12324478
2026-06-02,홍콩,HK0000562675,GLOBAL X CHINA CLEAN ENERGY ETF (HKD),12101890
2026-06-02,홍콩,HK0000651213,ISHARES HS TECH ETF HKD,10935967
2026-06-02,홍콩,HKX566362888,PING AN SECURITIE HKD0.01 HKD0.01 CHAN 009837742 BMG7115B1211,10749844
2026-06-02,홍콩,KYG970081173,WUXI BIOLOGICS CAYMAN INC,10618229
2026-06-02,홍콩,CNE1000076H5,09927,10614429
2026-06-02,홍콩,CNE1000003G1,INDUSTRIAL AND COMMERCIAL BANK OF CHINA LTD-H,10570042
2026-06-02,홍콩,CNE1000003C0,HARBIN ELECTRIC CO LTD-H,10470726
2026-06-02,홍콩,CNE1000003W8,PETROCHINA CO LTD-H,10415656
2026-06-02,홍콩,HK0000516713,GLOBAL X CHINA CLOUD COMPUTING ETF (HKD),9956929
2026-06-02,홍콩,HK0000562634,GLOBAL X CHINA CONSUMER BRAND ETF (HKD),9585402
2026-06-02,홍콩,CNE100000304,DONGFANG ELECTRIC CORP LTD-H,9536813
2026-06-02,홍콩,HK1126010854,DREAM INTERNATIONAL LTD,8831398
2026-06-02,홍콩,HK0000637857,GLOBAL X CHINA ROBOTICS AND AI ETF (HKD),8657085
2026-06-02,홍콩,HKX601342549,CHINA BRIGHT CULTURE GROUP USD0.00001 (Delisted/BL398Y0) CHAN 970928502 KYG2153C1078,8631000
2026-06-02,홍콩,KYG3774X1088,GCL TECHNOLOGY HOLDINGS LTD,8625076
2026-06-02,홍콩,KYG9808A1058,WUXI XDC CAYMAN INC,8483900
2026-06-02,홍콩,KYG8208B1014,JD.COM INC CL A,7762160
2026-06-02,홍콩,CNE1000001Z5,BANK OF CHINA LTD-H,7347481
2026-06-03,홍콩,HK0001205258,XL2CSOPHYNIX,258183448
2026-06-03,홍콩,HK0000637832,GLOBAL X CHINA SEMICONDUCTOR ETF (HKD),179852757
2026-06-03,홍콩,HK0001121349,XL2CSOPSMSN,172310745
2026-06-03,홍콩,KYG875721634,TENCENT HOLDINGS LTD,136487993
2026-06-03,홍콩,CNE1000031W9,GANFENGLITHIUM ORD H,131045166
2026-06-03,홍콩,KYG017191142,ALIBABA GROUP HOLDING LTD,125922146
2026-06-03,홍콩,KYG8020E1199,SEMICONDUCTOR MANUFACTURING INTL CORP,125562703
2026-06-03,홍콩,CNE100005F09,TIANQI LITHIUM CORP,87169664
2026-06-03,홍콩,KYG6181S1093,00100,84623967
2026-06-03,홍콩,CNE100000296,BYD CO LTD-H,84081380
2026-06-03,홍콩,CNE100007DX6,MONTAGE TECHNOLOGY,64675882
2026-06-03,홍콩,CNE100006WS8,CATL ORD H,48664640
2026-06-03,홍콩,KYG9830T1067,XIAOMI CORP,47500170
2026-06-03,홍콩,CNE100006CQ4,Ubtech Robotics Ord Shs H,46578021
2026-06-03,홍콩,HK0001279691,GX CL HK-US,44553600
2026-06-03,홍콩,CNE100007JY1,VICTORY GIANT,36708669
2026-06-03,홍콩,CNE100004YZ4,CTG DUTY-FREE,36684090
2026-06-03,홍콩,HK0000562659,GLOBAL X CHINA ELECTRIC VEHICLE AND BATTERY ETF (HKD),35138718
2026-06-03,홍콩,CNE100000593,PICC PROPERTY AND CASUALTY CO LTD-H,34377463
2026-06-03,홍콩,KYG392AS1011,GLOBAL NEW MATERIAL INTL HOLDINGS LTD,30313291
2026-06-03,홍콩,HK0001025037,GLOBAL X US Treasury 3-5 Year ETF,23149241
2026-06-03,홍콩,HK0000859063,SAMSUNG BLOCKCHAIN TECHNOLOGIES ETF,22565968
2026-06-03,홍콩,CNE1000003X6,PING AN INSURANCE GROUP CO OF CHINA LTD-H,20420919
2026-06-03,홍콩,HK0000218211,HUA HONG SEMICONDUCTOR LTD,19335632
2026-06-03,홍콩,KYG070341048,BAIDU INC CL A,18294053
2026-06-03,홍콩,KYG3777B1032,GEELY AUTOMOBILE HOLDINGS LTD,16488861
2026-06-03,홍콩,HK0000642568,CSOP HANG SENG TECH INDEX ETF (HKD),15085844
2026-06-03,홍콩,KYG5860M1024,00068,13665378
2026-06-03,홍콩,HK0941009539,CHINA MOBILE LTD,13586909
2026-06-03,홍콩,HK0000516697,GLOBAL X CHINA BIOTECH ETF (HKD),12185288
2026-06-03,홍콩,HK0000562675,GLOBAL X CHINA CLEAN ENERGY ETF (HKD),11903848
2026-06-03,홍콩,KYG596691041,MEITUAN,11737479
2026-06-03,홍콩,HK0000748381,YESASIA HOLDINGS LTD,11609213
2026-06-03,홍콩,HKX566362888,PING AN SECURITIE HKD0.01 HKD0.01 CHAN 009837742 BMG7115B1211,10749844
2026-06-03,홍콩,CNE1000003C0,HARBIN ELECTRIC CO LTD-H,10662713
2026-06-03,홍콩,HK0000651213,ISHARES HS TECH ETF HKD,10637164
2026-06-03,홍콩,CNE1000003G1,INDUSTRIAL AND COMMERCIAL BANK OF CHINA LTD-H,10434412
2026-06-03,홍콩,CNE1000003W8,PETROCHINA CO LTD-H,10354794
2026-06-03,홍콩,CNE1000076H5,09927,10108620
2026-06-03,홍콩,KYG970081173,WUXI BIOLOGICS CAYMAN INC,9789409
2026-06-03,홍콩,HK0000516713,GLOBAL X CHINA CLOUD COMPUTING ETF (HKD),9719433
2026-06-03,홍콩,CNE100000304,DONGFANG ELECTRIC CORP LTD-H,9589795
2026-06-03,홍콩,HK0000562634,GLOBAL X CHINA CONSUMER BRAND ETF (HKD),9308482
2026-06-03,홍콩,HK1126010854,DREAM INTERNATIONAL LTD,8816181
2026-06-03,홍콩,HK0000637857,GLOBAL X CHINA ROBOTICS AND AI ETF (HKD),8673632
2026-06-03,홍콩,HKX601342549,CHINA BRIGHT CULTURE GROUP USD0.00001 (Delisted/BL398Y0) CHAN 970928502 KYG2153C1078,8631000
2026-06-03,홍콩,KYG3774X1088,GCL TECHNOLOGY HOLDINGS LTD,8195904
2026-06-03,홍콩,KYG9808A1058,WUXI XDC CAYMAN INC,7836305
2026-06-03,홍콩,KYG8208B1014,JD.COM INC CL A,7381479
2026-06-03,홍콩,CNE1000001Z5,BANK OF CHINA LTD-H,7288098
2026-06-04,홍콩,HK0001205258,XL2CSOPHYNIX,236380731
2026-06-04,홍콩,HK0000637832,GLOBAL X CHINA SEMICONDUCTOR ETF (HKD),186465490
2026-06-04,홍콩,HK0001121349,XL2CSOPSMSN,149978301
2026-06-04,홍콩,KYG875721634,TENCENT HOLDINGS LTD,134810948
2026-06-04,홍콩,CNE1000031W9,GANFENGLITHIUM ORD H,124631186
2026-06-04,홍콩,KYG8020E1199,SEMICONDUCTOR MANUFACTURING INTL CORP,123581406
2026-06-04,홍콩,KYG017191142,ALIBABA GROUP HOLDING LTD,122609863
2026-06-04,홍콩,CNE100005F09,TIANQI LITHIUM CORP,83980252
2026-06-04,홍콩,KYG6181S1093,00100,83164914
2026-06-04,홍콩,CNE100000296,BYD CO LTD-H,82614901
2026-06-04,홍콩,CNE100007DX6,MONTAGE TECHNOLOGY,66644597
2026-06-04,홍콩,KYG9830T1067,XIAOMI CORP,47198771
2026-06-04,홍콩,CNE100006CQ4,Ubtech Robotics Ord Shs H,45903522
2026-06-04,홍콩,CNE100006WS8,CATL ORD H,45014254
2026-06-04,홍콩,HK0001279691,GX CL HK-US,44241600
2026-06-04,홍콩,CNE100007JY1,VICTORY GIANT,36555931
2026-06-04,홍콩,CNE100004YZ4,CTG DUTY-FREE,35934203
2026-06-04,홍콩,CNE100000593,PICC PROPERTY AND CASUALTY CO LTD-H,34719550
2026-06-04,홍콩,HK0000562659,GLOBAL X CHINA ELECTRIC VEHICLE AND BATTERY ETF (HKD),34112883
2026-06-04,홍콩,KYG392AS1011,GLOBAL NEW MATERIAL INTL HOLDINGS LTD,29467375
2026-06-04,홍콩,HK0001025037,GLOBAL X US Treasury 3-5 Year ETF,23150597
2026-06-04,홍콩,HK0000859063,SAMSUNG BLOCKCHAIN TECHNOLOGIES ETF,21709285
2026-06-04,홍콩,CNE1000003X6,PING AN INSURANCE GROUP CO OF CHINA LTD-H,20154974
2026-06-04,홍콩,HK0000218211,HUA HONG SEMICONDUCTOR LTD,19913160
2026-06-04,홍콩,KYG070341048,BAIDU INC CL A,17924035
2026-06-04,홍콩,HK0000642568,CSOP HANG SENG TECH INDEX ETF (HKD),16584307
2026-06-04,홍콩,KYG3777B1032,GEELY AUTOMOBILE HOLDINGS LTD,16285825
2026-06-04,홍콩,HK0941009539,CHINA MOBILE LTD,13455236
2026-06-04,홍콩,KYG5860M1024,00068,12588006
2026-06-04,홍콩,HK0000516697,GLOBAL X CHINA BIOTECH ETF (HKD),12052905
2026-06-04,홍콩,HK0000562675,GLOBAL X CHINA CLEAN ENERGY ETF (HKD),11686343
2026-06-04,홍콩,HK0000748381,YESASIA HOLDINGS LTD,11588592
2026-06-04,홍콩,KYG596691041,MEITUAN,11468351
2026-06-04,홍콩,HKX566362888,PING AN SECURITIE HKD0.01 HKD0.01 CHAN 009837742 BMG7115B1211,10750474
2026-06-04,홍콩,HK0000651213,ISHARES HS TECH ETF HKD,10659944
2026-06-04,홍콩,CNE1000003G1,INDUSTRIAL AND COMMERCIAL BANK OF CHINA LTD-H,10436739
2026-06-04,홍콩,CNE1000003C0,HARBIN ELECTRIC CO LTD-H,10385377
2026-06-04,홍콩,CNE1000003W8,PETROCHINA CO LTD-H,10219782
2026-06-04,홍콩,CNE1000076H5,09927,9657039
2026-06-04,홍콩,KYG970081173,WUXI BIOLOGICS CAYMAN INC,9606600
2026-06-04,홍콩,CNE100000304,DONGFANG ELECTRIC CORP LTD-H,9466725
2026-06-04,홍콩,HK0000516713,GLOBAL X CHINA CLOUD COMPUTING ETF (HKD),9439640
2026-06-04,홍콩,HK0000562634,GLOBAL X CHINA CONSUMER BRAND ETF (HKD),9201915
2026-06-04,홍콩,HK1126010854,DREAM INTERNATIONAL LTD,8856315
2026-06-04,홍콩,HKX601342549,CHINA BRIGHT CULTURE GROUP USD0.00001 (Delisted/BL398Y0) CHAN 970928502 KYG2153C1078,8631000
2026-06-04,홍콩,HK0000637857,GLOBAL X CHINA ROBOTICS AND AI ETF (HKD),8536036
2026-06-04,홍콩,KYG3774X1088,GCL TECHNOLOGY HOLDINGS LTD,8024766
2026-06-04,홍콩,KYG9808A1058,WUXI XDC CAYMAN INC,7829013
2026-06-04,홍콩,KYG8208B1014,JD.COM INC CL A,7369833
2026-06-04,홍콩,CNE1000001Z5,BANK OF CHINA LTD-H,7258185
2026-06-05,홍콩,HK0001205258,XL2CSOPHYNIX,189357649
2026-06-05,홍콩,HK0000637832,GLOBAL X CHINA SEMICONDUCTOR ETF (HKD),175583114
2026-06-05,홍콩,KYG875721634,TENCENT HOLDINGS LTD,133299570
2026-06-05,홍콩,HK0001121349,XL2CSOPSMSN,130500005
2026-06-05,홍콩,KYG017191142,ALIBABA GROUP HOLDING LTD,121354319
2026-06-05,홍콩,CNE1000031W9,GANFENGLITHIUM ORD H,120774293
2026-06-05,홍콩,KYG8020E1199,SEMICONDUCTOR MANUFACTURING INTL CORP,113472132
2026-06-05,홍콩,CNE100005F09,TIANQI LITHIUM CORP,80377255
2026-06-05,홍콩,CNE100000296,BYD CO LTD-H,80229343
2026-06-05,홍콩,KYG6181S1093,00100,69495789
2026-06-05,홍콩,CNE100007DX6,MONTAGE TECHNOLOGY,60838098
2026-06-05,홍콩,KYG9830T1067,XIAOMI CORP,46242273
2026-06-05,홍콩,CNE100006CQ4,Ubtech Robotics Ord Shs H,45862938
2026-06-05,홍콩,CNE100006WS8,CATL ORD H,44304852
2026-06-05,홍콩,HK0001279691,GX CL HK-US,43867200
2026-06-05,홍콩,CNE100004YZ4,CTG DUTY-FREE,36501489
2026-06-05,홍콩,CNE100000593,PICC PROPERTY AND CASUALTY CO LTD-H,34708571
2026-06-05,홍콩,HK0000562659,GLOBAL X CHINA ELECTRIC VEHICLE AND BATTERY ETF (HKD),34254857
2026-06-05,홍콩,CNE100007JY1,VICTORY GIANT,32295390
2026-06-05,홍콩,KYG392AS1011,GLOBAL NEW MATERIAL INTL HOLDINGS LTD,29395850
2026-06-05,홍콩,HK0001025037,GLOBAL X US Treasury 3-5 Year ETF,23124458
2026-06-05,홍콩,HK0000859063,SAMSUNG BLOCKCHAIN TECHNOLOGIES ETF,21653505
2026-06-05,홍콩,CNE1000003X6,PING AN INSURANCE GROUP CO OF CHINA LTD-H,20111911
2026-06-05,홍콩,HK0000218211,HUA HONG SEMICONDUCTOR LTD,17881807
2026-06-05,홍콩,KYG070341048,BAIDU INC CL A,17303875
2026-06-05,홍콩,KYG3777B1032,GEELY AUTOMOBILE HOLDINGS LTD,16116023
2026-06-05,홍콩,HK0000642568,CSOP HANG SENG TECH INDEX ETF (HKD),14608561
2026-06-05,홍콩,HK0941009539,CHINA MOBILE LTD,13096758
2026-06-05,홍콩,HK0000748381,YESASIA HOLDINGS LTD,12197677
2026-06-05,홍콩,KYG5860M1024,00068,12023737
2026-06-05,홍콩,HK0000516697,GLOBAL X CHINA BIOTECH ETF (HKD),11973111
2026-06-05,홍콩,KYG596691041,MEITUAN,11667553
2026-06-05,홍콩,HK0000562675,GLOBAL X CHINA CLEAN ENERGY ETF (HKD),11262650
2026-06-05,홍콩,HKX566362888,PING AN SECURITIE HKD0.01 HKD0.01 CHAN 009837742 BMG7115B1211,10753842
2026-06-05,홍콩,CNE1000003G1,INDUSTRIAL AND COMMERCIAL BANK OF CHINA LTD-H,10610902
2026-06-05,홍콩,HK0000651213,ISHARES HS TECH ETF HKD,10463787
2026-06-05,홍콩,CNE1000003W8,PETROCHINA CO LTD-H,10217598
2026-06-05,홍콩,CNE1000003C0,HARBIN ELECTRIC CO LTD-H,9880809
2026-06-05,홍콩,KYG970081173,WUXI BIOLOGICS CAYMAN INC,9702372
2026-06-05,홍콩,CNE1000076H5,09927,9335293
2026-06-05,홍콩,HK0000516713,GLOBAL X CHINA CLOUD COMPUTING ETF (HKD),9287177
2026-06-05,홍콩,HK0000637857,GLOBAL X CHINA ROBOTICS AND AI ETF (HKD),9209738
2026-06-05,홍콩,HK0000562634,GLOBAL X CHINA CONSUMER BRAND ETF (HKD),9135852
2026-06-05,홍콩,CNE100000304,DONGFANG ELECTRIC CORP LTD-H,9060985
2026-06-05,홍콩,HK1126010854,DREAM INTERNATIONAL LTD,8819891
2026-06-05,홍콩,HKX601342549,CHINA BRIGHT CULTURE GROUP USD0.00001 (Delisted/BL398Y0) CHAN 970928502 KYG2153C1078,8631000
2026-06-05,홍콩,KYG9808A1058,WUXI XDC CAYMAN INC,7777188
2026-06-05,홍콩,KYG3774X1088,GCL TECHNOLOGY HOLDINGS LTD,7710694
2026-06-05,홍콩,KYG8208B1014,JD.COM INC CL A,7424743
2026-06-05,홍콩,CNE1000001Z5,BANK OF CHINA LTD-H,7343436
2026-06-08,홍콩,HK0001205258,XL2CSOPHYNIX,183507093
2026-06-08,홍콩,HK0000637832,GLOBAL X CHINA SEMICONDUCTOR ETF (HKD),169268059
2026-06-08,홍콩,KYG875721634,TENCENT HOLDINGS LTD,131166167
2026-06-08,홍콩,KYG017191142,ALIBABA GROUP HOLDING LTD,117536287
2026-06-08,홍콩,CNE1000031W9,GANFENGLITHIUM ORD H,116873538
2026-06-08,홍콩,KYG8020E1199,SEMICONDUCTOR MANUFACTURING INTL CORP,108946786
2026-06-08,홍콩,HK0001121349,XL2CSOPSMSN,93316880
2026-06-08,홍콩,CNE100005F09,TIANQI LITHIUM CORP,79015411
2026-06-08,홍콩,CNE100000296,BYD CO LTD-H,78471297
2026-06-08,홍콩,KYG6181S1093,00100,63783263
2026-06-08,홍콩,CNE100007DX6,MONTAGE TECHNOLOGY,57323284
2026-06-08,홍콩,CNE100006CQ4,Ubtech Robotics Ord Shs H,48809017
2026-06-08,홍콩,KYG9830T1067,XIAOMI CORP,45413857
2026-06-08,홍콩,HK0001279691,GX CL HK-US,42953300
2026-06-08,홍콩,CNE100006WS8,CATL ORD H,42582734
2026-06-08,홍콩,CNE100000593,PICC PROPERTY AND CASUALTY CO LTD-H,35733575
2026-06-08,홍콩,CNE100004YZ4,CTG DUTY-FREE,35639194
2026-06-08,홍콩,HK0000562659,GLOBAL X CHINA ELECTRIC VEHICLE AND BATTERY ETF (HKD),33369737
2026-06-08,홍콩,CNE100007JY1,VICTORY GIANT,29648156
2026-06-08,홍콩,KYG392AS1011,GLOBAL NEW MATERIAL INTL HOLDINGS LTD,28385209
2026-06-08,홍콩,HK0001025037,GLOBAL X US Treasury 3-5 Year ETF,22931506
2026-06-08,홍콩,HK0000859063,SAMSUNG BLOCKCHAIN TECHNOLOGIES ETF,20928476
2026-06-08,홍콩,CNE1000003X6,PING AN INSURANCE GROUP CO OF CHINA LTD-H,20088013
2026-06-08,홍콩,HK0000218211,HUA HONG SEMICONDUCTOR LTD,16904520
2026-06-08,홍콩,KYG3777B1032,GEELY AUTOMOBILE HOLDINGS LTD,15889039
2026-06-08,홍콩,KYG070341048,BAIDU INC CL A,15873741
2026-06-08,홍콩,HK0000642568,CSOP HANG SENG TECH INDEX ETF (HKD),14215466
2026-06-08,홍콩,HK0941009539,CHINA MOBILE LTD,13096219
2026-06-08,홍콩,HK0000748381,YESASIA HOLDINGS LTD,11966525
2026-06-08,홍콩,HK0000516697,GLOBAL X CHINA BIOTECH ETF (HKD),11630638
2026-06-08,홍콩,KYG596691041,MEITUAN,11141050
2026-06-08,홍콩,HK0000562675,GLOBAL X CHINA CLEAN ENERGY ETF (HKD),10803383
2026-06-08,홍콩,CNE1000003G1,INDUSTRIAL AND COMMERCIAL BANK OF CHINA LTD-H,10767585
2026-06-08,홍콩,HKX566362888,PING AN SECURITIE HKD0.01 HKD0.01 CHAN 009837742 BMG7115B1211,10753400
2026-06-08,홍콩,KYG5860M1024,00068,10559143
2026-06-08,홍콩,CNE1000003W8,PETROCHINA CO LTD-H,10352760
2026-06-08,홍콩,HK0000651213,ISHARES HS TECH ETF HKD,10198973
2026-06-08,홍콩,CNE1000003C0,HARBIN ELECTRIC CO LTD-H,9409652
2026-06-08,홍콩,CNE1000076H5,09927,9222401
2026-06-08,홍콩,HK0000562634,GLOBAL X CHINA CONSUMER BRAND ETF (HKD),9025575
2026-06-08,홍콩,KYG970081173,WUXI BIOLOGICS CAYMAN INC,9000686
2026-06-08,홍콩,HK0000516713,GLOBAL X CHINA CLOUD COMPUTING ETF (HKD),8973099
2026-06-08,홍콩,HK0000637857,GLOBAL X CHINA ROBOTICS AND AI ETF (HKD),8923319
2026-06-08,홍콩,HK1126010854,DREAM INTERNATIONAL LTD,8649670
2026-06-08,홍콩,HKX601342549,CHINA BRIGHT CULTURE GROUP USD0.00001 (Delisted/BL398Y0) CHAN 970928502 KYG2153C1078,8631000
2026-06-08,홍콩,CNE100000304,DONGFANG ELECTRIC CORP LTD-H,8571963
2026-06-08,홍콩,CNE1000001Z5,BANK OF CHINA LTD-H,7412278
2026-06-08,홍콩,KYG3774X1088,GCL TECHNOLOGY HOLDINGS LTD,7389670
2026-06-08,홍콩,KYG8208B1014,JD.COM INC CL A,7276134
2026-06-08,홍콩,KYG9808A1058,WUXI XDC CAYMAN INC,7263350
2026-06-09,홍콩,HK0001205258,XL2CSOPHYNIX,207817607
2026-06-09,홍콩,HK0000637832,GLOBAL X CHINA SEMICONDUCTOR ETF (HKD),177547188
2026-06-09,홍콩,KYG875721634,TENCENT HOLDINGS LTD,133091241
2026-06-09,홍콩,CNE1000031W9,GANFENGLITHIUM ORD H,121057448
2026-06-09,홍콩,KYG017191142,ALIBABA GROUP HOLDING LTD,115695476
2026-06-09,홍콩,KYG8020E1199,SEMICONDUCTOR MANUFACTURING INTL CORP,110789518
2026-06-09,홍콩,HK0001121349,XL2CSOPSMSN,100387462
2026-06-09,홍콩,CNE100005F09,TIANQI LITHIUM CORP,82400686
2026-06-09,홍콩,CNE100000296,BYD CO LTD-H,78776367
2026-06-09,홍콩,KYG6181S1093,00100,57812188
2026-06-09,홍콩,CNE100007DX6,MONTAGE TECHNOLOGY,56843722
2026-06-09,홍콩,CNE100006CQ4,Ubtech Robotics Ord Shs H,48099429
2026-06-09,홍콩,KYG9830T1067,XIAOMI CORP,45073176
2026-06-09,홍콩,CNE100006WS8,CATL ORD H,43492361
2026-06-09,홍콩,HK0001279691,GX CL HK-US,42920280
2026-06-09,홍콩,CNE100000593,PICC PROPERTY AND CASUALTY CO LTD-H,36032992
2026-06-09,홍콩,CNE100004YZ4,CTG DUTY-FREE,35334765
2026-06-09,홍콩,HK0000562659,GLOBAL X CHINA ELECTRIC VEHICLE AND BATTERY ETF (HKD),33812457
2026-06-09,홍콩,CNE100007JY1,VICTORY GIANT,31409678
2026-06-09,홍콩,KYG392AS1011,GLOBAL NEW MATERIAL INTL HOLDINGS LTD,28175221
2026-06-09,홍콩,HK0001025037,GLOBAL X US Treasury 3-5 Year ETF,23050096
2026-06-09,홍콩,HK0000859063,SAMSUNG BLOCKCHAIN TECHNOLOGIES ETF,21360393
2026-06-09,홍콩,CNE1000003X6,PING AN INSURANCE GROUP CO OF CHINA LTD-H,20074488
2026-06-09,홍콩,KYG3777B1032,GEELY AUTOMOBILE HOLDINGS LTD,16229418
2026-06-09,홍콩,KYG070341048,BAIDU INC CL A,15876123
2026-06-09,홍콩,HK0000218211,HUA HONG SEMICONDUCTOR LTD,14587853
2026-06-09,홍콩,HK0000642568,CSOP HANG SENG TECH INDEX ETF (HKD),14239352
2026-06-09,홍콩,HK0941009539,CHINA MOBILE LTD,13065328
2026-06-09,홍콩,HK0000748381,YESASIA HOLDINGS LTD,12391727
2026-06-09,홍콩,HK0000516697,GLOBAL X CHINA BIOTECH ETF (HKD),11582849
2026-06-09,홍콩,KYG596691041,MEITUAN,11312157
2026-06-09,홍콩,HK0000562675,GLOBAL X CHINA CLEAN ENERGY ETF (HKD),11044152
2026-06-09,홍콩,KYG5860M1024,00068,10958582
2026-06-09,홍콩,CNE1000003G1,INDUSTRIAL AND COMMERCIAL BANK OF CHINA LTD-H,10764490
2026-06-09,홍콩,HKX566362888,PING AN SECURITIE HKD0.01 HKD0.01 CHAN 009837742 BMG7115B1211,10750309
2026-06-09,홍콩,HK0000651213,ISHARES HS TECH ETF HKD,10239093
2026-06-09,홍콩,CNE1000003W8,PETROCHINA CO LTD-H,9875379
2026-06-09,홍콩,CNE1000003C0,HARBIN ELECTRIC CO LTD-H,9322278
2026-06-09,홍콩,HK0000516713,GLOBAL X CHINA CLOUD COMPUTING ETF (HKD),9052427
2026-06-09,홍콩,CNE1000076H5,09927,9044548
2026-06-09,홍콩,HK0000637857,GLOBAL X CHINA ROBOTICS AND AI ETF (HKD),8976988
2026-06-09,홍콩,HK0000562634,GLOBAL X CHINA CONSUMER BRAND ETF (HKD),8970385
2026-06-09,홍콩,KYG970081173,WUXI BIOLOGICS CAYMAN INC,8863957
2026-06-09,홍콩,HK1126010854,DREAM INTERNATIONAL LTD,8725557
2026-06-09,홍콩,HKX601342549,CHINA BRIGHT CULTURE GROUP USD0.00001 (Delisted/BL398Y0) CHAN 970928502 KYG2153C1078,8631000
2026-06-09,홍콩,CNE100000304,DONGFANG ELECTRIC CORP LTD-H,8618078
2026-06-09,홍콩,KYG3774X1088,GCL TECHNOLOGY HOLDINGS LTD,7801098
2026-06-09,홍콩,CNE1000001Z5,BANK OF CHINA LTD-H,7451622
2026-06-09,홍콩,KYG8208B1014,JD.COM INC CL A,7300864
2026-06-09,홍콩,KYG9808A1058,WUXI XDC CAYMAN INC,7121087
2026-06-10,홍콩,HK0000637832,GLOBAL X CHINA SEMICONDUCTOR ETF (HKD),176167529
2026-06-10,홍콩,HK0001205258,XL2CSOPHYNIX,167667592
2026-06-10,홍콩,KYG875721634,TENCENT HOLDINGS LTD,136502868
2026-06-10,홍콩,CNE1000031W9,GANFENGLITHIUM ORD H,118971234
2026-06-10,홍콩,KYG017191142,ALIBABA GROUP HOLDING LTD,111633792
2026-06-10,홍콩,KYG8020E1199,SEMICONDUCTOR MANUFACTURING INTL CORP,105763934
2026-06-10,홍콩,HK0001121349,XL2CSOPSMSN,86228460
2026-06-10,홍콩,CNE100005F09,TIANQI LITHIUM CORP,80306762
2026-06-10,홍콩,CNE100000296,BYD CO LTD-H,75851884
2026-06-10,홍콩,KYG6181S1093,00100,56587770
2026-06-10,홍콩,CNE100007DX6,MONTAGE TECHNOLOGY,54260102
2026-06-10,홍콩,CNE100006CQ4,Ubtech Robotics Ord Shs H,45269060
2026-06-10,홍콩,KYG9830T1067,XIAOMI CORP,43508498
2026-06-10,홍콩,HK0001279691,GX CL HK-US,42308880
2026-06-10,홍콩,CNE100006WS8,CATL ORD H,39754254
2026-06-10,홍콩,CNE100000593,PICC PROPERTY AND CASUALTY CO LTD-H,36971932
2026-06-10,홍콩,CNE100004YZ4,CTG DUTY-FREE,35940982
2026-06-10,홍콩,HK0000562659,GLOBAL X CHINA ELECTRIC VEHICLE AND BATTERY ETF (HKD),32923872
2026-06-10,홍콩,KYG392AS1011,GLOBAL NEW MATERIAL INTL HOLDINGS LTD,28537876
2026-06-10,홍콩,CNE100007JY1,VICTORY GIANT,28511466
2026-06-10,홍콩,HK0001025037,GLOBAL X US Treasury 3-5 Year ETF,23099653
2026-06-10,홍콩,HK0000859063,SAMSUNG BLOCKCHAIN TECHNOLOGIES ETF,20743250
2026-06-10,홍콩,CNE1000003X6,PING AN INSURANCE GROUP CO OF CHINA LTD-H,20064580
2026-06-10,홍콩,KYG3777B1032,GEELY AUTOMOBILE HOLDINGS LTD,16808087
2026-06-10,홍콩,KYG070341048,BAIDU INC CL A,15317969
2026-06-10,홍콩,HK0000218211,HUA HONG SEMICONDUCTOR LTD,14295985
2026-06-10,홍콩,HK0000642568,CSOP HANG SENG TECH INDEX ETF (HKD),14089970
2026-06-10,홍콩,HK0941009539,CHINA MOBILE LTD,13094110
2026-06-10,홍콩,HK0000748381,YESASIA HOLDINGS LTD,12267889
2026-06-10,홍콩,HK0000516697,GLOBAL X CHINA BIOTECH ETF (HKD),11644828
2026-06-10,홍콩,KYG596691041,MEITUAN,11504183
2026-06-10,홍콩,CNE1000003G1,INDUSTRIAL AND COMMERCIAL BANK OF CHINA LTD-H,10878218
2026-06-10,홍콩,HKX566362888,PING AN SECURITIE HKD0.01 HKD0.01 CHAN 009837742 BMG7115B1211,10750069
2026-06-10,홍콩,HK0000562675,GLOBAL X CHINA CLEAN ENERGY ETF (HKD),10745290
2026-06-10,홍콩,KYG5860M1024,00068,10446223
2026-06-10,홍콩,HK0000651213,ISHARES HS TECH ETF HKD,10111541
2026-06-10,홍콩,CNE1000003W8,PETROCHINA CO LTD-H,9826751
2026-06-10,홍콩,HK0000516713,GLOBAL X CHINA CLOUD COMPUTING ETF (HKD),8944402
2026-06-10,홍콩,HK0000562634,GLOBAL X CHINA CONSUMER BRAND ETF (HKD),8886921
2026-06-10,홍콩,CNE1000076H5,09927,8878257
2026-06-10,홍콩,HK1126010854,DREAM INTERNATIONAL LTD,8843352
2026-06-10,홍콩,CNE1000003C0,HARBIN ELECTRIC CO LTD-H,8827435
2026-06-10,홍콩,KYG970081173,WUXI BIOLOGICS CAYMAN INC,8701753
2026-06-10,홍콩,HK0000637857,GLOBAL X CHINA ROBOTICS AND AI ETF (HKD),8686078
2026-06-10,홍콩,HKX601342549,CHINA BRIGHT CULTURE GROUP USD0.00001 (Delisted/BL398Y0) CHAN 970928502 KYG2153C1078,8631000
2026-06-10,홍콩,KYG3774X1088,GCL TECHNOLOGY HOLDINGS LTD,8174125
2026-06-10,홍콩,CNE100000304,DONGFANG ELECTRIC CORP LTD-H,7946821
2026-06-10,홍콩,CNE1000001Z5,BANK OF CHINA LTD-H,7492930
2026-06-10,홍콩,KYG9808A1058,WUXI XDC CAYMAN INC,7222723
2026-06-10,홍콩,KYG8208B1014,JD.COM INC CL A,7178927
2026-06-11,홍콩,HK0001205258,XL2CSOPHYNIX,180441957
2026-06-11,홍콩,HK0000637832,GLOBAL X CHINA SEMICONDUCTOR ETF (HKD),179065604
2026-06-11,홍콩,KYG875721634,TENCENT HOLDINGS LTD,134221401
2026-06-11,홍콩,CNE1000031W9,GANFENGLITHIUM ORD H,125929735
2026-06-11,홍콩,KYG8020E1199,SEMICONDUCTOR MANUFACTURING INTL CORP,117077099
2026-06-11,홍콩,KYG017191142,ALIBABA GROUP HOLDING LTD,105581793
2026-06-11,홍콩,HK0001121349,XL2CSOPSMSN,85482344
2026-06-11,홍콩,CNE100005F09,TIANQI LITHIUM CORP,82067206
2026-06-11,홍콩,CNE100000296,BYD CO LTD-H,74328468
2026-06-11,홍콩,CNE100007DX6,MONTAGE TECHNOLOGY,57376893
2026-06-11,홍콩,KYG6181S1093,00100,54183394
2026-06-11,홍콩,KYG9830T1067,XIAOMI CORP,42652953
2026-06-11,홍콩,HK0001279691,GX CL HK-US,42186600
2026-06-11,홍콩,CNE100006CQ4,Ubtech Robotics Ord Shs H,42062257
2026-06-11,홍콩,CNE100006WS8,CATL ORD H,41504540
2026-06-11,홍콩,CNE100000593,PICC PROPERTY AND CASUALTY CO LTD-H,36593344
2026-06-11,홍콩,CNE100004YZ4,CTG DUTY-FREE,35469620
2026-06-11,홍콩,HK0000562659,GLOBAL X CHINA ELECTRIC VEHICLE AND BATTERY ETF (HKD),32686318
2026-06-11,홍콩,CNE100007JY1,VICTORY GIANT,30407749
2026-06-11,홍콩,KYG392AS1011,GLOBAL NEW MATERIAL INTL HOLDINGS LTD,28578181
2026-06-11,홍콩,HK0001025037,GLOBAL X US Treasury 3-5 Year ETF,23099605
2026-06-11,홍콩,HK0000859063,SAMSUNG BLOCKCHAIN TECHNOLOGIES ETF,20367845
2026-06-11,홍콩,CNE1000003X6,PING AN INSURANCE GROUP CO OF CHINA LTD-H,19898241
2026-06-11,홍콩,KYG3777B1032,GEELY AUTOMOBILE HOLDINGS LTD,16876374
2026-06-11,홍콩,HK0941009539,CHINA MOBILE LTD,15489360
2026-06-11,홍콩,KYG070341048,BAIDU INC CL A,14834580
2026-06-11,홍콩,HK0000218211,HUA HONG SEMICONDUCTOR LTD,14539749
2026-06-11,홍콩,HK0000642568,CSOP HANG SENG TECH INDEX ETF (HKD),13865172
2026-06-11,홍콩,HK0000748381,YESASIA HOLDINGS LTD,12218624
2026-06-11,홍콩,HK0000516697,GLOBAL X CHINA BIOTECH ETF (HKD),11504432
2026-06-11,홍콩,KYG596691041,MEITUAN,11062111
2026-06-11,홍콩,CNE1000003G1,INDUSTRIAL AND COMMERCIAL BANK OF CHINA LTD-H,10848006
2026-06-11,홍콩,HK0000562675,GLOBAL X CHINA CLEAN ENERGY ETF (HKD),10764877
2026-06-11,홍콩,HKX566362888,PING AN SECURITIE HKD0.01 HKD0.01 CHAN 009837742 BMG7115B1211,10750046
2026-06-11,홍콩,KYG5860M1024,00068,10301768
2026-06-11,홍콩,HK0000651213,ISHARES HS TECH ETF HKD,9974052
2026-06-11,홍콩,CNE1000003W8,PETROCHINA CO LTD-H,9884820
2026-06-11,홍콩,HK0000562634,GLOBAL X CHINA CONSUMER BRAND ETF (HKD),8898336
2026-06-11,홍콩,HK1126010854,DREAM INTERNATIONAL LTD,8751895
2026-06-11,홍콩,HK0000516713,GLOBAL X CHINA CLOUD COMPUTING ETF (HKD),8744376
2026-06-11,홍콩,KYG970081173,WUXI BIOLOGICS CAYMAN INC,8716656
2026-06-11,홍콩,CNE1000003C0,HARBIN ELECTRIC CO LTD-H,8704887
2026-06-11,홍콩,HKX601342549,CHINA BRIGHT CULTURE GROUP USD0.00001 (Delisted/BL398Y0) CHAN 970928502 KYG2153C1078,8631000
2026-06-11,홍콩,CNE1000076H5,09927,8607183
2026-06-11,홍콩,HK0000637857,GLOBAL X CHINA ROBOTICS AND AI ETF (HKD),8493047
2026-06-11,홍콩,KYG3774X1088,GCL TECHNOLOGY HOLDINGS LTD,8051725
2026-06-11,홍콩,HK2800008867,TRACKER FUND OF HONG KONG ETF,7637473
2026-06-11,홍콩,CNE100000304,DONGFANG ELECTRIC CORP LTD-H,7448577
2026-06-11,홍콩,CNE1000001Z5,BANK OF CHINA LTD-H,7423106
2026-06-11,홍콩,KYG9808A1058,WUXI XDC CAYMAN INC,7141386
2026-06-12,홍콩,HK0001205258,XL2CSOPHYNIX,181886630
2026-06-12,홍콩,HK0000637832,GLOBAL X CHINA SEMICONDUCTOR ETF (HKD),177509715
2026-06-12,홍콩,KYG875721634,TENCENT HOLDINGS LTD,135935145
2026-06-12,홍콩,CNE1000031W9,GANFENGLITHIUM ORD H,131449780
2026-06-12,홍콩,KYG8020E1199,SEMICONDUCTOR MANUFACTURING INTL CORP,113865983
2026-06-12,홍콩,KYG017191142,ALIBABA GROUP HOLDING LTD,107445317
2026-06-12,홍콩,HK0001121349,XL2CSOPSMSN,96610261
2026-06-12,홍콩,CNE100005F09,TIANQI LITHIUM CORP,87174711
2026-06-12,홍콩,CNE100000296,BYD CO LTD-H,75166042
2026-06-12,홍콩,CNE100007DX6,MONTAGE TECHNOLOGY,55795066
2026-06-12,홍콩,KYG6181S1093,00100,49334077
2026-06-12,홍콩,KYG9830T1067,XIAOMI CORP,43156762
2026-06-12,홍콩,CNE100006CQ4,Ubtech Robotics Ord Shs H,42871985
2026-06-12,홍콩,HK0001279691,GX CL HK-US,42431160
2026-06-12,홍콩,CNE100006WS8,CATL ORD H,41891049
2026-06-12,홍콩,CNE100000593,PICC PROPERTY AND CASUALTY CO LTD-H,37697479
2026-06-12,홍콩,CNE100004YZ4,CTG DUTY-FREE,36484545
2026-06-12,홍콩,HK0000562659,GLOBAL X CHINA ELECTRIC VEHICLE AND BATTERY ETF (HKD),33487780
2026-06-12,홍콩,CNE100007JY1,VICTORY GIANT,30134253
2026-06-12,홍콩,KYG392AS1011,GLOBAL NEW MATERIAL INTL HOLDINGS LTD,28620460
2026-06-12,홍콩,HK0001025037,GLOBAL X US Treasury 3-5 Year ETF,23126188
2026-06-12,홍콩,HK0000859063,SAMSUNG BLOCKCHAIN TECHNOLOGIES ETF,20959101
2026-06-12,홍콩,CNE1000003X6,PING AN INSURANCE GROUP CO OF CHINA LTD-H,20002650
2026-06-12,홍콩,KYG3777B1032,GEELY AUTOMOBILE HOLDINGS LTD,16695482
2026-06-12,홍콩,KYG070341048,BAIDU INC CL A,15140343
2026-06-12,홍콩,HK0000218211,HUA HONG SEMICONDUCTOR LTD,14512520
2026-06-12,홍콩,HK0000642568,CSOP HANG SENG TECH INDEX ETF (HKD),13602932
2026-06-12,홍콩,HK0941009539,CHINA MOBILE LTD,12980293
2026-06-12,홍콩,HK0000516697,GLOBAL X CHINA BIOTECH ETF (HKD),11874195
2026-06-12,홍콩,HK0000748381,YESASIA HOLDINGS LTD,11800875
2026-06-12,홍콩,CNE1000003G1,INDUSTRIAL AND COMMERCIAL BANK OF CHINA LTD-H,11219911
2026-06-12,홍콩,KYG596691041,MEITUAN,11036609
2026-06-12,홍콩,HK0000562675,GLOBAL X CHINA CLEAN ENERGY ETF (HKD),10996130
2026-06-12,홍콩,HKX566362888,PING AN SECURITIE HKD0.01 HKD0.01 CHAN 009837742 BMG7115B1211,10750766
2026-06-12,홍콩,KYG5860M1024,00068,10201412
2026-06-12,홍콩,HK0000651213,ISHARES HS TECH ETF HKD,10076554
2026-06-12,홍콩,CNE1000003W8,PETROCHINA CO LTD-H,10021031
2026-06-12,홍콩,KYG970081173,WUXI BIOLOGICS CAYMAN INC,9013463
2026-06-12,홍콩,CNE1000003C0,HARBIN ELECTRIC CO LTD-H,9009149
2026-06-12,홍콩,HK0000562634,GLOBAL X CHINA CONSUMER BRAND ETF (HKD),9007371
2026-06-12,홍콩,CNE1000076H5,09927,8879583
2026-06-12,홍콩,HK1126010854,DREAM INTERNATIONAL LTD,8870051
2026-06-12,홍콩,HK0000516713,GLOBAL X CHINA CLOUD COMPUTING ETF (HKD),8822114
2026-06-12,홍콩,HKX601342549,CHINA BRIGHT CULTURE GROUP USD0.00001 (Delisted/BL398Y0) CHAN 970928502 KYG2153C1078,8631000
2026-06-12,홍콩,HK0000637857,GLOBAL X CHINA ROBOTICS AND AI ETF (HKD),8550469
2026-06-12,홍콩,HK2800008867,TRACKER FUND OF HONG KONG ETF,7787018
2026-06-12,홍콩,CNE100000304,DONGFANG ELECTRIC CORP LTD-H,7707561
2026-06-12,홍콩,CNE1000001Z5,BANK OF CHINA LTD-H,7644790
2026-06-12,홍콩,KYG3774X1088,GCL TECHNOLOGY HOLDINGS LTD,7635641
2026-06-12,홍콩,KYG9808A1058,WUXI XDC CAYMAN INC,7484517
2026-06-15,홍콩,HK0001205258,XL2CSOPHYNIX,205124121
2026-06-15,홍콩,HK0000637832,GLOBAL X CHINA SEMICONDUCTOR ETF (HKD),188847895
2026-06-15,홍콩,KYG875721634,TENCENT HOLDINGS LTD,134790527
2026-06-15,홍콩,CNE1000031W9,GANFENGLITHIUM ORD H,133749987
2026-06-15,홍콩,KYG8020E1199,SEMICONDUCTOR MANUFACTURING INTL CORP,121930030
2026-06-15,홍콩,HK0001121349,XL2CSOPSMSN,107551753
2026-06-15,홍콩,KYG017191142,ALIBABA GROUP HOLDING LTD,105635501
2026-06-15,홍콩,CNE100005F09,TIANQI LITHIUM CORP,88657639
2026-06-15,홍콩,CNE100000296,BYD CO LTD-H,74338048
2026-06-15,홍콩,CNE100007DX6,MONTAGE TECHNOLOGY,60452406
2026-06-15,홍콩,KYG6181S1093,00100,52766172
2026-06-15,홍콩,CNE100006CQ4,Ubtech Robotics Ord Shs H,45669766
2026-06-15,홍콩,CNE100006WS8,CATL ORD H,44308741
2026-06-15,홍콩,KYG9830T1067,XIAOMI CORP,43184352
2026-06-15,홍콩,HK0001279691,GX CL HK-US,42614580
2026-06-15,홍콩,CNE100000593,PICC PROPERTY AND CASUALTY CO LTD-H,37471550
2026-06-15,홍콩,CNE100004YZ4,CTG DUTY-FREE,37078636
2026-06-15,홍콩,HK0000562659,GLOBAL X CHINA ELECTRIC VEHICLE AND BATTERY ETF (HKD),33827838
2026-06-15,홍콩,CNE100007JY1,VICTORY GIANT,33040701
2026-06-15,홍콩,KYG392AS1011,GLOBAL NEW MATERIAL INTL HOLDINGS LTD,28786710
2026-06-15,홍콩,HK0001025037,GLOBAL X US Treasury 3-5 Year ETF,23163417
2026-06-15,홍콩,HK0000859063,SAMSUNG BLOCKCHAIN TECHNOLOGIES ETF,22142565
2026-06-15,홍콩,CNE1000003X6,PING AN INSURANCE GROUP CO OF CHINA LTD-H,20194824
2026-06-15,홍콩,KYG3777B1032,GEELY AUTOMOBILE HOLDINGS LTD,17469194
2026-06-15,홍콩,HK0000218211,HUA HONG SEMICONDUCTOR LTD,16013871
2026-06-15,홍콩,KYG070341048,BAIDU INC CL A,15014716
2026-06-15,홍콩,HK0000642568,CSOP HANG SENG TECH INDEX ETF (HKD),13770167
2026-06-15,홍콩,HK0941009539,CHINA MOBILE LTD,12990384
2026-06-15,홍콩,HK0000748381,YESASIA HOLDINGS LTD,12082729
2026-06-15,홍콩,HK0000516697,GLOBAL X CHINA BIOTECH ETF (HKD),11880134
2026-06-15,홍콩,HK0000562675,GLOBAL X CHINA CLEAN ENERGY ETF (HKD),11155005
2026-06-15,홍콩,CNE1000003G1,INDUSTRIAL AND COMMERCIAL BANK OF CHINA LTD-H,11127605
2026-06-15,홍콩,KYG596691041,MEITUAN,11065566
2026-06-15,홍콩,KYG5860M1024,00068,10803270
2026-06-15,홍콩,HKX566362888,PING AN SECURITIE HKD0.01 HKD0.01 CHAN 009837742 BMG7115B1211,10752551
2026-06-15,홍콩,HK0000651213,ISHARES HS TECH ETF HKD,10207845
2026-06-15,홍콩,CNE1000003W8,PETROCHINA CO LTD-H,9668980
2026-06-15,홍콩,CNE1000003C0,HARBIN ELECTRIC CO LTD-H,9421824
2026-06-15,홍콩,HK0000562634,GLOBAL X CHINA CONSUMER BRAND ETF (HKD),8973520
2026-06-15,홍콩,KYG970081173,WUXI BIOLOGICS CAYMAN INC,8966578
2026-06-15,홍콩,HK0000516713,GLOBAL X CHINA CLOUD COMPUTING ETF (HKD),8939067
2026-06-15,홍콩,HK0000637857,GLOBAL X CHINA ROBOTICS AND AI ETF (HKD),8877244
2026-06-15,홍콩,HK1126010854,DREAM INTERNATIONAL LTD,8806197
2026-06-15,홍콩,CNE1000076H5,09927,8699811
2026-06-15,홍콩,HKX601342549,CHINA BRIGHT CULTURE GROUP USD0.00001 (Delisted/BL398Y0) CHAN 970928502 KYG2153C1078,8631000
2026-06-15,홍콩,CNE100000304,DONGFANG ELECTRIC CORP LTD-H,8342901
2026-06-15,홍콩,KYG3774X1088,GCL TECHNOLOGY HOLDINGS LTD,7938338
2026-06-15,홍콩,HK2800008867,TRACKER FUND OF HONG KONG ETF,7837997
2026-06-15,홍콩,CNE1000001Z5,BANK OF CHINA LTD-H,7592155
2026-06-15,홍콩,KYG9808A1058,WUXI XDC CAYMAN INC,7535628
2026-06-16,홍콩,HK0001205258,XL2CSOPHYNIX,217433593
2026-06-16,홍콩,HK0000637832,GLOBAL X CHINA SEMICONDUCTOR ETF (HKD),189700187
2026-06-16,홍콩,CNE1000031W9,GANFENGLITHIUM ORD H,130947454
2026-06-16,홍콩,KYG875721634,TENCENT HOLDINGS LTD,130785773
2026-06-16,홍콩,KYG8020E1199,SEMICONDUCTOR MANUFACTURING INTL CORP,117111220
2026-06-16,홍콩,HK0001121349,XL2CSOPSMSN,108287012
2026-06-16,홍콩,KYG017191142,ALIBABA GROUP HOLDING LTD,102612148
2026-06-16,홍콩,CNE100005F09,TIANQI LITHIUM CORP,86169037
2026-06-16,홍콩,CNE100000296,BYD CO LTD-H,72984602
2026-06-16,홍콩,CNE100007DX6,MONTAGE TECHNOLOGY,59507382
2026-06-16,홍콩,KYG6181S1093,00100,52667775
2026-06-16,홍콩,CNE100006WS8,CATL ORD H,45250895
2026-06-16,홍콩,CNE100006CQ4,Ubtech Robotics Ord Shs H,43267827
2026-06-16,홍콩,HK0001279691,GX CL HK-US,42614580
2026-06-16,홍콩,KYG9830T1067,XIAOMI CORP,42151018
2026-06-16,홍콩,CNE100000593,PICC PROPERTY AND CASUALTY CO LTD-H,37333157
2026-06-16,홍콩,CNE100004YZ4,CTG DUTY-FREE,36199850
2026-06-16,홍콩,HK0000562659,GLOBAL X CHINA ELECTRIC VEHICLE AND BATTERY ETF (HKD),34080683
2026-06-16,홍콩,CNE100007JY1,VICTORY GIANT,32656985
2026-06-16,홍콩,KYG392AS1011,GLOBAL NEW MATERIAL INTL HOLDINGS LTD,29919879
2026-06-16,홍콩,HK0001025037,GLOBAL X US Treasury 3-5 Year ETF,23190548
2026-06-16,홍콩,HK0000859063,SAMSUNG BLOCKCHAIN TECHNOLOGIES ETF,22189260
2026-06-16,홍콩,CNE1000003X6,PING AN INSURANCE GROUP CO OF CHINA LTD-H,19718099
2026-06-16,홍콩,KYG3777B1032,GEELY AUTOMOBILE HOLDINGS LTD,17069742
2026-06-16,홍콩,HK0000218211,HUA HONG SEMICONDUCTOR LTD,15317088
2026-06-16,홍콩,KYG070341048,BAIDU INC CL A,14490991
2026-06-16,홍콩,HK0941009539,CHINA MOBILE LTD,12899068
2026-06-16,홍콩,KYG6427A1022,NETEASE INC,12714044
2026-06-16,홍콩,HK0000642568,CSOP HANG SENG TECH INDEX ETF (HKD),12287558
2026-06-16,홍콩,HK0000748381,YESASIA HOLDINGS LTD,12003847
2026-06-16,홍콩,HK0000516697,GLOBAL X CHINA BIOTECH ETF (HKD),11579004
2026-06-16,홍콩,HK0000562675,GLOBAL X CHINA CLEAN ENERGY ETF (HKD),11284240
2026-06-16,홍콩,CNE1000003G1,INDUSTRIAL AND COMMERCIAL BANK OF CHINA LTD-H,11177989
2026-06-16,홍콩,HKX566362888,PING AN SECURITIE HKD0.01 HKD0.01 CHAN 009837742 BMG7115B1211,10753520
2026-06-16,홍콩,KYG596691041,MEITUAN,10647915
2026-06-16,홍콩,KYG5860M1024,00068,10329639
2026-06-16,홍콩,HK0000651213,ISHARES HS TECH ETF HKD,9964730
2026-06-16,홍콩,CNE1000003W8,PETROCHINA CO LTD-H,9478760
2026-06-16,홍콩,CNE1000003C0,HARBIN ELECTRIC CO LTD-H,9118006
2026-06-16,홍콩,HK0000637857,GLOBAL X CHINA ROBOTICS AND AI ETF (HKD),8961698
2026-06-16,홍콩,HK0000562634,GLOBAL X CHINA CONSUMER BRAND ETF (HKD),8851246
2026-06-16,홍콩,HK1126010854,DREAM INTERNATIONAL LTD,8806990
2026-06-16,홍콩,HK0000516713,GLOBAL X CHINA CLOUD COMPUTING ETF (HKD),8755532
2026-06-16,홍콩,CNE1000076H5,09927,8753463
2026-06-16,홍콩,KYG970081173,WUXI BIOLOGICS CAYMAN INC,8681462
2026-06-16,홍콩,HKX601342549,CHINA BRIGHT CULTURE GROUP USD0.00001 (Delisted/BL398Y0) CHAN 970928502 KYG2153C1078,8631000
2026-06-16,홍콩,CNE100000304,DONGFANG ELECTRIC CORP LTD-H,8052532
2026-06-16,홍콩,KYG3774X1088,GCL TECHNOLOGY HOLDINGS LTD,7733531
2026-06-16,홍콩,HK2800008867,TRACKER FUND OF HONG KONG ETF,7720688
2026-06-16,홍콩,CNE1000001Z5,BANK OF CHINA LTD-H,7565178
2026-06-17,홍콩,HK0001205258,XL2CSOPHYNIX,244399854
2026-06-17,홍콩,HK0000637832,GLOBAL X CHINA SEMICONDUCTOR ETF (HKD),200350798
2026-06-17,홍콩,CNE1000031W9,GANFENGLITHIUM ORD H,130988545
2026-06-17,홍콩,KYG875721634,TENCENT HOLDINGS LTD,129500823
2026-06-17,홍콩,KYG8020E1199,SEMICONDUCTOR MANUFACTURING INTL CORP,119976671
2026-06-17,홍콩,HK0001121349,XL2CSOPSMSN,109987016
2026-06-17,홍콩,KYG017191142,ALIBABA GROUP HOLDING LTD,102406305
2026-06-17,홍콩,CNE100005F09,TIANQI LITHIUM CORP,85265847
2026-06-17,홍콩,CNE100000296,BYD CO LTD-H,70911361
2026-06-17,홍콩,CNE100007DX6,MONTAGE TECHNOLOGY,66198117
2026-06-17,홍콩,KYG6181S1093,00100,56203874
2026-06-17,홍콩,CNE100006WS8,CATL ORD H,45157936
2026-06-17,홍콩,CNE100006CQ4,Ubtech Robotics Ord Shs H,43479339
2026-06-17,홍콩,HK0001279691,GX CL HK-US,42431160
2026-06-17,홍콩,KYG9830T1067,XIAOMI CORP,41686727
2026-06-17,홍콩,CNE100000593,PICC PROPERTY AND CASUALTY CO LTD-H,37539589
2026-06-17,홍콩,CNE100004YZ4,CTG DUTY-FREE,35257071
2026-06-17,홍콩,HK0000562659,GLOBAL X CHINA ELECTRIC VEHICLE AND BATTERY ETF (HKD),33664705
2026-06-17,홍콩,CNE100007JY1,VICTORY GIANT,32614540
2026-06-17,홍콩,KYG392AS1011,GLOBAL NEW MATERIAL INTL HOLDINGS LTD,29844259
2026-06-17,홍콩,HK0001025037,GLOBAL X US Treasury 3-5 Year ETF,23094347
2026-06-17,홍콩,HK0000859063,SAMSUNG BLOCKCHAIN TECHNOLOGIES ETF,22202021
2026-06-17,홍콩,CNE1000003X6,PING AN INSURANCE GROUP CO OF CHINA LTD-H,19629134
2026-06-17,홍콩,HK0000218211,HUA HONG SEMICONDUCTOR LTD,16611448
2026-06-17,홍콩,KYG3777B1032,GEELY AUTOMOBILE HOLDINGS LTD,16592107
2026-06-17,홍콩,KYG070341048,BAIDU INC CL A,14307196
2026-06-17,홍콩,HK0941009539,CHINA MOBILE LTD,12821944
2026-06-17,홍콩,KYG6427A1022,NETEASE INC,12704740
2026-06-17,홍콩,HK0000642568,CSOP HANG SENG TECH INDEX ETF (HKD),12080340
2026-06-17,홍콩,HK0000748381,YESASIA HOLDINGS LTD,11909552
2026-06-17,홍콩,HK0000516697,GLOBAL X CHINA BIOTECH ETF (HKD),11409493
2026-06-17,홍콩,HK0000562675,GLOBAL X CHINA CLEAN ENERGY ETF (HKD),11216247
2026-06-17,홍콩,CNE1000003G1,INDUSTRIAL AND COMMERCIAL BANK OF CHINA LTD-H,10944876
2026-06-17,홍콩,HKX566362888,PING AN SECURITIE HKD0.01 HKD0.01 CHAN 009837742 BMG7115B1211,10755371
2026-06-17,홍콩,KYG596691041,MEITUAN,10469270
2026-06-17,홍콩,HK0000651213,ISHARES HS TECH ETF HKD,9986660
2026-06-17,홍콩,CNE1000003W8,PETROCHINA CO LTD-H,9735316
2026-06-17,홍콩,KYG5860M1024,00068,9597567
2026-06-17,홍콩,HK0000637857,GLOBAL X CHINA ROBOTICS AND AI ETF (HKD),9074994
2026-06-17,홍콩,CNE1000003C0,HARBIN ELECTRIC CO LTD-H,9049792
2026-06-17,홍콩,HK0000516713,GLOBAL X CHINA CLOUD COMPUTING ETF (HKD),8774201
2026-06-17,홍콩,HK0000562634,GLOBAL X CHINA CONSUMER BRAND ETF (HKD),8729073
2026-06-17,홍콩,HK1126010854,DREAM INTERNATIONAL LTD,8685367
2026-06-17,홍콩,HKX601342549,CHINA BRIGHT CULTURE GROUP USD0.00001 (Delisted/BL398Y0) CHAN 970928502 KYG2153C1078,8631000
2026-06-17,홍콩,KYG970081173,WUXI BIOLOGICS CAYMAN INC,8353408
2026-06-17,홍콩,CNE1000076H5,09927,8272918
2026-06-17,홍콩,CNE100000304,DONGFANG ELECTRIC CORP LTD-H,7893145
2026-06-17,홍콩,HK2800008867,TRACKER FUND OF HONG KONG ETF,7666105
2026-06-17,홍콩,KYG3774X1088,GCL TECHNOLOGY HOLDINGS LTD,7526364
2026-06-17,홍콩,CNE1000001Z5,BANK OF CHINA LTD-H,7361707
2026-06-18,홍콩,HK0001205258,XL2CSOPHYNIX,279678706
2026-06-18,홍콩,HK0000637832,GLOBAL X CHINA SEMICONDUCTOR ETF (HKD),212170249
2026-06-18,홍콩,KYG875721634,TENCENT HOLDINGS LTD,127721258
2026-06-18,홍콩,CNE1000031W9,GANFENGLITHIUM ORD H,121095720
2026-06-18,홍콩,KYG8020E1199,SEMICONDUCTOR MANUFACTURING INTL CORP,120897082
2026-06-18,홍콩,HK0001121349,XL2CSOPSMSN,116482749
2026-06-18,홍콩,KYG017191142,ALIBABA GROUP HOLDING LTD,100665282
2026-06-18,홍콩,CNE100005F09,TIANQI LITHIUM CORP,80393444
2026-06-18,홍콩,CNE100007DX6,MONTAGE TECHNOLOGY,70550057
2026-06-18,홍콩,CNE100000296,BYD CO LTD-H,69439712
2026-06-18,홍콩,KYG6181S1093,00100,63706898
2026-06-18,홍콩,CNE100006WS8,CATL ORD H,45021194
2026-06-18,홍콩,CNE100006CQ4,Ubtech Robotics Ord Shs H,43485736
2026-06-18,홍콩,HK0001279691,GX CL HK-US,41819760
2026-06-18,홍콩,KYG9830T1067,XIAOMI CORP,40316617
2026-06-18,홍콩,CNE100000593,PICC PROPERTY AND CASUALTY CO LTD-H,36297035
2026-06-18,홍콩,CNE100004YZ4,CTG DUTY-FREE,33776057
2026-06-18,홍콩,HK0000562659,GLOBAL X CHINA ELECTRIC VEHICLE AND BATTERY ETF (HKD),33426943
2026-06-18,홍콩,CNE100007JY1,VICTORY GIANT,32715778
2026-06-18,홍콩,KYG392AS1011,GLOBAL NEW MATERIAL INTL HOLDINGS LTD,29390797
2026-06-18,홍콩,HK0001025037,GLOBAL X US Treasury 3-5 Year ETF,23095443
2026-06-18,홍콩,HK0000859063,SAMSUNG BLOCKCHAIN TECHNOLOGIES ETF,22266561
2026-06-18,홍콩,CNE1000003X6,PING AN INSURANCE GROUP CO OF CHINA LTD-H,18811075
2026-06-18,홍콩,HK0000218211,HUA HONG SEMICONDUCTOR LTD,17598957
2026-06-18,홍콩,KYG3777B1032,GEELY AUTOMOBILE HOLDINGS LTD,16183013
2026-06-18,홍콩,KYG070341048,BAIDU INC CL A,14116724
2026-06-18,홍콩,HK0941009539,CHINA MOBILE LTD,12711984
2026-06-18,홍콩,KYG6427A1022,NETEASE INC,12373492
2026-06-18,홍콩,HK0000642568,CSOP HANG SENG TECH INDEX ETF (HKD),11936372
2026-06-18,홍콩,HK0000748381,YESASIA HOLDINGS LTD,11525984
2026-06-18,홍콩,HK0000516697,GLOBAL X CHINA BIOTECH ETF (HKD),11084134
2026-06-18,홍콩,HK0000562675,GLOBAL X CHINA CLEAN ENERGY ETF (HKD),11056049
2026-06-18,홍콩,HKX566362888,PING AN SECURITIE HKD0.01 HKD0.01 CHAN 009837742 BMG7115B1211,10751994
2026-06-18,홍콩,CNE1000003G1,INDUSTRIAL AND COMMERCIAL BANK OF CHINA LTD-H,10627787
2026-06-18,홍콩,KYG596691041,MEITUAN,10079701
2026-06-18,홍콩,KYG5860M1024,00068,9907651
2026-06-18,홍콩,HK0000651213,ISHARES HS TECH ETF HKD,9825367
2026-06-18,홍콩,HK0000637857,GLOBAL X CHINA ROBOTICS AND AI ETF (HKD),9490734
2026-06-18,홍콩,CNE1000003W8,PETROCHINA CO LTD-H,9182132
2026-06-18,홍콩,CNE1000003C0,HARBIN ELECTRIC CO LTD-H,8906855
2026-06-18,홍콩,HK0000516713,GLOBAL X CHINA CLOUD COMPUTING ETF (HKD),8734670
2026-06-18,홍콩,HKX601342549,CHINA BRIGHT CULTURE GROUP USD0.00001 (Delisted/BL398Y0) CHAN 970928502 KYG2153C1078,8631000
2026-06-18,홍콩,KYG970081173,WUXI BIOLOGICS CAYMAN INC,8603529
2026-06-18,홍콩,HK1126010854,DREAM INTERNATIONAL LTD,8524294
2026-06-18,홍콩,HK0000562634,GLOBAL X CHINA CONSUMER BRAND ETF (HKD),8489981
2026-06-18,홍콩,CNE100000304,DONGFANG ELECTRIC CORP LTD-H,8018597
2026-06-18,홍콩,CNE1000076H5,09927,7953103
2026-06-18,홍콩,HK2800008867,TRACKER FUND OF HONG KONG ETF,7539489
2026-06-18,홍콩,CNE100007DH9,02513,7338019
2026-06-18,홍콩,KYG3774X1088,GCL TECHNOLOGY HOLDINGS LTD,7313518
2026-06-19,홍콩,HK0001205258,XL2CSOPHYNIX,279617113
2026-06-19,홍콩,HK0000637832,GLOBAL X CHINA SEMICONDUCTOR ETF (HKD),212123524
2026-06-19,홍콩,KYG875721634,TENCENT HOLDINGS LTD,127693130
2026-06-19,홍콩,CNE1000031W9,GANFENGLITHIUM ORD H,121069051
2026-06-19,홍콩,KYG8020E1199,SEMICONDUCTOR MANUFACTURING INTL CORP,120870457
2026-06-19,홍콩,HK0001121349,XL2CSOPSMSN,116457096
2026-06-19,홍콩,KYG017191142,ALIBABA GROUP HOLDING LTD,100643112
2026-06-19,홍콩,CNE100005F09,TIANQI LITHIUM CORP,80375740
2026-06-19,홍콩,CNE100007DX6,MONTAGE TECHNOLOGY,70534520
2026-06-19,홍콩,CNE100000296,BYD CO LTD-H,69424420
2026-06-19,홍콩,KYG6181S1093,00100,63692868
2026-06-19,홍콩,CNE100006WS8,CATL ORD H,45011279
2026-06-19,홍콩,CNE100006CQ4,Ubtech Robotics Ord Shs H,43476159
2026-06-19,홍콩,HK0001279691,GX CL HK-US,41819760
2026-06-19,홍콩,KYG9830T1067,XIAOMI CORP,40307738
2026-06-19,홍콩,CNE100000593,PICC PROPERTY AND CASUALTY CO LTD-H,36289041
2026-06-19,홍콩,CNE100004YZ4,CTG DUTY-FREE,33768619
2026-06-19,홍콩,HK0000562659,GLOBAL X CHINA ELECTRIC VEHICLE AND BATTERY ETF (HKD),33419582
2026-06-19,홍콩,CNE100007JY1,VICTORY GIANT,32708573
2026-06-19,홍콩,KYG392AS1011,GLOBAL NEW MATERIAL INTL HOLDINGS LTD,29384325
2026-06-19,홍콩,HK0001025037,GLOBAL X US Treasury 3-5 Year ETF,23090357
2026-06-19,홍콩,HK0000859063,SAMSUNG BLOCKCHAIN TECHNOLOGIES ETF,22261657
2026-06-19,홍콩,CNE1000003X6,PING AN INSURANCE GROUP CO OF CHINA LTD-H,18806932
2026-06-19,홍콩,HK0000218211,HUA HONG SEMICONDUCTOR LTD,17595082
2026-06-19,홍콩,KYG3777B1032,GEELY AUTOMOBILE HOLDINGS LTD,16179449
2026-06-19,홍콩,KYG070341048,BAIDU INC CL A,14113616
2026-06-19,홍콩,HK0941009539,CHINA MOBILE LTD,12709184
2026-06-19,홍콩,KYG6427A1022,NETEASE INC,12370767
2026-06-19,홍콩,HK0000642568,CSOP HANG SENG TECH INDEX ETF (HKD),11933743
2026-06-19,홍콩,HK0000748381,YESASIA HOLDINGS LTD,11523446
2026-06-19,홍콩,HK0000516697,GLOBAL X CHINA BIOTECH ETF (HKD),11081693
2026-06-19,홍콩,HK0000562675,GLOBAL X CHINA CLEAN ENERGY ETF (HKD),11053614
2026-06-19,홍콩,HKX566362888,PING AN SECURITIE HKD0.01 HKD0.01 CHAN 009837742 BMG7115B1211,10749626
2026-06-19,홍콩,CNE1000003G1,INDUSTRIAL AND COMMERCIAL BANK OF CHINA LTD-H,10625446
2026-06-19,홍콩,KYG596691041,MEITUAN,10077481
2026-06-19,홍콩,KYG5860M1024,00068,9905469
2026-06-19,홍콩,HK0000651213,ISHARES HS TECH ETF HKD,9823203
2026-06-19,홍콩,HK0000637857,GLOBAL X CHINA ROBOTICS AND AI ETF (HKD),9488644
2026-06-19,홍콩,CNE1000003W8,PETROCHINA CO LTD-H,9180110
2026-06-19,홍콩,CNE1000003C0,HARBIN ELECTRIC CO LTD-H,8904893
2026-06-19,홍콩,HK0000516713,GLOBAL X CHINA CLOUD COMPUTING ETF (HKD),8732746
2026-06-19,홍콩,HKX601342549,CHINA BRIGHT CULTURE GROUP USD0.00001 (Delisted/BL398Y0) CHAN 970928502 KYG2153C1078,8631000
2026-06-19,홍콩,KYG970081173,WUXI BIOLOGICS CAYMAN INC,8601635
2026-06-19,홍콩,HK1126010854,DREAM INTERNATIONAL LTD,8522417
2026-06-19,홍콩,HK0000562634,GLOBAL X CHINA CONSUMER BRAND ETF (HKD),8488112
2026-06-19,홍콩,CNE100000304,DONGFANG ELECTRIC CORP LTD-H,8016831
2026-06-19,홍콩,CNE1000076H5,09927,7951352
2026-06-19,홍콩,HK2800008867,TRACKER FUND OF HONG KONG ETF,7537829
2026-06-19,홍콩,CNE100007DH9,02513,7336403
2026-06-19,홍콩,KYG3774X1088,GCL TECHNOLOGY HOLDINGS LTD,7311907
2026-06-22,홍콩,HK0001205258,XL2CSOPHYNIX,322817178
2026-06-22,홍콩,HK0000637832,GLOBAL X CHINA SEMICONDUCTOR ETF (HKD),219981915
2026-06-22,홍콩,KYG875721634,TENCENT HOLDINGS LTD,125606087
2026-06-22,홍콩,KYG8020E1199,SEMICONDUCTOR MANUFACTURING INTL CORP,124667686
2026-06-22,홍콩,CNE1000031W9,GANFENGLITHIUM ORD H,123777731
2026-06-22,홍콩,HK0001121349,XL2CSOPSMSN,111279540
2026-06-22,홍콩,KYG017191142,ALIBABA GROUP HOLDING LTD,97534778
2026-06-22,홍콩,CNE100005F09,TIANQI LITHIUM CORP,82141545
2026-06-22,홍콩,KYG6181S1093,00100,79295241
2026-06-22,홍콩,CNE100007DX6,MONTAGE TECHNOLOGY,75224368
2026-06-22,홍콩,CNE100000296,BYD CO LTD-H,66650548
2026-06-22,홍콩,CNE100006WS8,CATL ORD H,47083792
2026-06-22,홍콩,CNE100006CQ4,Ubtech Robotics Ord Shs H,42099533
2026-06-22,홍콩,HK0001279691,GX CL HK-US,41819760
2026-06-22,홍콩,KYG9830T1067,XIAOMI CORP,38886710
2026-06-22,홍콩,CNE100000593,PICC PROPERTY AND CASUALTY CO LTD-H,37056883
2026-06-22,홍콩,CNE100004YZ4,CTG DUTY-FREE,34586820
2026-06-22,홍콩,HK0000562659,GLOBAL X CHINA ELECTRIC VEHICLE AND BATTERY ETF (HKD),33858881
2026-06-22,홍콩,CNE100007JY1,VICTORY GIANT,33386579
2026-06-22,홍콩,KYG392AS1011,GLOBAL NEW MATERIAL INTL HOLDINGS LTD,29466538
2026-06-22,홍콩,HK0001025037,GLOBAL X US Treasury 3-5 Year ETF,23141594
2026-06-22,홍콩,HK0000859063,SAMSUNG BLOCKCHAIN TECHNOLOGIES ETF,22414715
2026-06-22,홍콩,CNE1000003X6,PING AN INSURANCE GROUP CO OF CHINA LTD-H,19029224
2026-06-22,홍콩,HK0000218211,HUA HONG SEMICONDUCTOR LTD,17250608
2026-06-22,홍콩,KYG3777B1032,GEELY AUTOMOBILE HOLDINGS LTD,15170225
2026-06-22,홍콩,KYG070341048,BAIDU INC CL A,13718411
2026-06-22,홍콩,HK0941009539,CHINA MOBILE LTD,12571204
2026-06-22,홍콩,KYG6427A1022,NETEASE INC,12347055
2026-06-22,홍콩,HK0000642568,CSOP HANG SENG TECH INDEX ETF (HKD),11774233
2026-06-22,홍콩,HK0000562675,GLOBAL X CHINA CLEAN ENERGY ETF (HKD),11407755
2026-06-22,홍콩,HK0000748381,YESASIA HOLDINGS LTD,11383173
2026-06-22,홍콩,HK0000516697,GLOBAL X CHINA BIOTECH ETF (HKD),11033037
2026-06-22,홍콩,HKX566362888,PING AN SECURITIE HKD0.01 HKD0.01 CHAN 009837742 BMG7115B1211,10750169
2026-06-22,홍콩,CNE1000003G1,INDUSTRIAL AND COMMERCIAL BANK OF CHINA LTD-H,10645305
2026-06-22,홍콩,KYG596691041,MEITUAN,9878674
2026-06-22,홍콩,HK0000651213,ISHARES HS TECH ETF HKD,9727606
2026-06-22,홍콩,HK0000637857,GLOBAL X CHINA ROBOTICS AND AI ETF (HKD),9356926
2026-06-22,홍콩,KYG5860M1024,00068,9258682
2026-06-22,홍콩,CNE1000003W8,PETROCHINA CO LTD-H,9160572
2026-06-22,홍콩,CNE1000003C0,HARBIN ELECTRIC CO LTD-H,9050802
2026-06-22,홍콩,HK0000516713,GLOBAL X CHINA CLOUD COMPUTING ETF (HKD),8699187
2026-06-22,홍콩,HKX601342549,CHINA BRIGHT CULTURE GROUP USD0.00001 (Delisted/BL398Y0) CHAN 970928502 KYG2153C1078,8631000
2026-06-22,홍콩,KYG970081173,WUXI BIOLOGICS CAYMAN INC,8571895
2026-06-22,홍콩,CNE100007DH9,02513,8380290
2026-06-22,홍콩,HK0000562634,GLOBAL X CHINA CONSUMER BRAND ETF (HKD),8379804
2026-06-22,홍콩,HK1126010854,DREAM INTERNATIONAL LTD,8314017
2026-06-22,홍콩,CNE100000304,DONGFANG ELECTRIC CORP LTD-H,7827597
2026-06-22,홍콩,CNE1000076H5,09927,7604383
2026-06-22,홍콩,KYG9808A1058,WUXI XDC CAYMAN INC,7512121
2026-06-22,홍콩,HK2800008867,TRACKER FUND OF HONG KONG ETF,7500953
2026-06-23,홍콩,HK0001205258,XL2CSOPHYNIX,245015482
2026-06-23,홍콩,HK0000637832,GLOBAL X CHINA SEMICONDUCTOR ETF (HKD),212078363
2026-06-23,홍콩,KYG8020E1199,SEMICONDUCTOR MANUFACTURING INTL CORP,122790321
2026-06-23,홍콩,KYG875721634,TENCENT HOLDINGS LTD,119702620
2026-06-23,홍콩,CNE1000031W9,GANFENGLITHIUM ORD H,119081826
2026-06-23,홍콩,KYG017191142,ALIBABA GROUP HOLDING LTD,93045418
2026-06-23,홍콩,HK0001121349,XL2CSOPSMSN,81865830
2026-06-23,홍콩,CNE100005F09,TIANQI LITHIUM CORP,77672982
2026-06-23,홍콩,KYG6181S1093,00100,66346782
2026-06-23,홍콩,CNE100007DX6,MONTAGE TECHNOLOGY,65998601
2026-06-23,홍콩,CNE100000296,BYD CO LTD-H,64336928
2026-06-23,홍콩,CNE100006WS8,CATL ORD H,44388725
2026-06-23,홍콩,HK0001279691,GX CL HK-US,41024940
2026-06-23,홍콩,CNE100006CQ4,Ubtech Robotics Ord Shs H,39170129
2026-06-23,홍콩,KYG9830T1067,XIAOMI CORP,36942713
2026-06-23,홍콩,CNE100000593,PICC PROPERTY AND CASUALTY CO LTD-H,35612476
2026-06-23,홍콩,CNE100004YZ4,CTG DUTY-FREE,33791025
2026-06-23,홍콩,HK0000562659,GLOBAL X CHINA ELECTRIC VEHICLE AND BATTERY ETF (HKD),32374709
2026-06-23,홍콩,KYG392AS1011,GLOBAL NEW MATERIAL INTL HOLDINGS LTD,29657868
2026-06-23,홍콩,CNE100007JY1,VICTORY GIANT,29315277
2026-06-23,홍콩,HK0001025037,GLOBAL X US Treasury 3-5 Year ETF,23008272
2026-06-23,홍콩,HK0000859063,SAMSUNG BLOCKCHAIN TECHNOLOGIES ETF,21611648
2026-06-23,홍콩,CNE1000003X6,PING AN INSURANCE GROUP CO OF CHINA LTD-H,18644266
2026-06-23,홍콩,HK0000218211,HUA HONG SEMICONDUCTOR LTD,17735370
2026-06-23,홍콩,KYG3777B1032,GEELY AUTOMOBILE HOLDINGS LTD,15497771
2026-06-23,홍콩,KYG070341048,BAIDU INC CL A,13213354
2026-06-23,홍콩,HK0941009539,CHINA MOBILE LTD,12384859
2026-06-23,홍콩,KYG6427A1022,NETEASE INC,12061275
2026-06-23,홍콩,HK0000642568,CSOP HANG SENG TECH INDEX ETF (HKD),11339460
2026-06-23,홍콩,HK0000748381,YESASIA HOLDINGS LTD,11151793
2026-06-23,홍콩,HK0000562675,GLOBAL X CHINA CLEAN ENERGY ETF (HKD),10957500
2026-06-23,홍콩,HK0000516697,GLOBAL X CHINA BIOTECH ETF (HKD),10943126
2026-06-23,홍콩,CNE1000003G1,INDUSTRIAL AND COMMERCIAL BANK OF CHINA LTD-H,10765278
2026-06-23,홍콩,HKX566362888,PING AN SECURITIE HKD0.01 HKD0.01 CHAN 009837742 BMG7115B1211,10746366
2026-06-23,홍콩,HK0000651213,ISHARES HS TECH ETF HKD,9404661
2026-06-23,홍콩,KYG596691041,MEITUAN,9401384
2026-06-23,홍콩,HK0000637857,GLOBAL X CHINA ROBOTICS AND AI ETF (HKD),9066951
2026-06-23,홍콩,CNE1000003W8,PETROCHINA CO LTD-H,8935115
2026-06-23,홍콩,CNE1000003C0,HARBIN ELECTRIC CO LTD-H,8895633
2026-06-23,홍콩,KYG970081173,WUXI BIOLOGICS CAYMAN INC,8668448
2026-06-23,홍콩,HKX601342549,CHINA BRIGHT CULTURE GROUP USD0.00001 (Delisted/BL398Y0) CHAN 970928502 KYG2153C1078,8631000
2026-06-23,홍콩,KYG5860M1024,00068,8585332
2026-06-23,홍콩,HK0000516713,GLOBAL X CHINA CLOUD COMPUTING ETF (HKD),8425229
2026-06-23,홍콩,HK1126010854,DREAM INTERNATIONAL LTD,8389770
2026-06-23,홍콩,HK0000562634,GLOBAL X CHINA CONSUMER BRAND ETF (HKD),8174085
2026-06-23,홍콩,CNE100007DH9,02513,7913980
2026-06-23,홍콩,KYG9808A1058,WUXI XDC CAYMAN INC,7618612
2026-06-23,홍콩,CNE1000076H5,09927,7482421
2026-06-23,홍콩,CNE100000304,DONGFANG ELECTRIC CORP LTD-H,7473253
2026-06-23,홍콩,CNE1000001Z5,BANK OF CHINA LTD-H,7387282
2026-06-24,홍콩,HK0001205258,XL2CSOPHYNIX,261998513
2026-06-24,홍콩,HK0000637832,GLOBAL X CHINA SEMICONDUCTOR ETF (HKD),226653467
2026-06-24,홍콩,KYG8020E1199,SEMICONDUCTOR MANUFACTURING INTL CORP,130627012
2026-06-24,홍콩,KYG875721634,TENCENT HOLDINGS LTD,123249355
2026-06-24,홍콩,CNE1000031W9,GANFENGLITHIUM ORD H,121094157
2026-06-24,홍콩,HK0001121349,XL2CSOPSMSN,94235129
2026-06-24,홍콩,KYG017191142,ALIBABA GROUP HOLDING LTD,93029069
2026-06-24,홍콩,CNE100005F09,TIANQI LITHIUM CORP,79448153
2026-06-24,홍콩,CNE100007DX6,MONTAGE TECHNOLOGY,72979130
2026-06-24,홍콩,CNE100000296,BYD CO LTD-H,64113848
2026-06-24,홍콩,KYG6181S1093,00100,62687042
2026-06-24,홍콩,CNE100006WS8,CATL ORD H,44734920
2026-06-24,홍콩,HK0001279691,GX CL HK-US,40963800
2026-06-24,홍콩,CNE100006CQ4,Ubtech Robotics Ord Shs H,37964797
2026-06-24,홍콩,KYG9830T1067,XIAOMI CORP,37128669
2026-06-24,홍콩,CNE100000593,PICC PROPERTY AND CASUALTY CO LTD-H,34878397
2026-06-24,홍콩,CNE100004YZ4,CTG DUTY-FREE,32739126
2026-06-24,홍콩,HK0000562659,GLOBAL X CHINA ELECTRIC VEHICLE AND BATTERY ETF (HKD),32219075
2026-06-24,홍콩,CNE100007JY1,VICTORY GIANT,29117634
2026-06-24,홍콩,KYG392AS1011,GLOBAL NEW MATERIAL INTL HOLDINGS LTD,28039353
2026-06-24,홍콩,HK0001025037,GLOBAL X US Treasury 3-5 Year ETF,22979572
2026-06-24,홍콩,HK0000859063,SAMSUNG BLOCKCHAIN TECHNOLOGIES ETF,21885108
2026-06-24,홍콩,HK0000218211,HUA HONG SEMICONDUCTOR LTD,20475664
2026-06-24,홍콩,CNE1000003X6,PING AN INSURANCE GROUP CO OF CHINA LTD-H,18364028
2026-06-24,홍콩,KYG3777B1032,GEELY AUTOMOBILE HOLDINGS LTD,15143798
2026-06-24,홍콩,KYG070341048,BAIDU INC CL A,13505610
2026-06-24,홍콩,CNE100007DJ5,03986,12381109
2026-06-24,홍콩,HK0941009539,CHINA MOBILE LTD,12318458
2026-06-24,홍콩,HK0000642568,CSOP HANG SENG TECH INDEX ETF (HKD),11562430
2026-06-24,홍콩,HK0000516697,GLOBAL X CHINA BIOTECH ETF (HKD),11243989
2026-06-24,홍콩,HK0000562675,GLOBAL X CHINA CLEAN ENERGY ETF (HKD),10811361
2026-06-24,홍콩,HKX566362888,PING AN SECURITIE HKD0.01 HKD0.01 CHAN 009837742 BMG7115B1211,10744648
2026-06-24,홍콩,CNE1000003G1,INDUSTRIAL AND COMMERCIAL BANK OF CHINA LTD-H,10459363
2026-06-24,홍콩,HK0000748381,YESASIA HOLDINGS LTD,10256112
2026-06-24,홍콩,HK0000651213,ISHARES HS TECH ETF HKD,9546083
2026-06-24,홍콩,HK0000637857,GLOBAL X CHINA ROBOTICS AND AI ETF (HKD),9244809
2026-06-24,홍콩,KYG970081173,WUXI BIOLOGICS CAYMAN INC,9006131
2026-06-24,홍콩,CNE1000003W8,PETROCHINA CO LTD-H,8941397
2026-06-24,홍콩,KYG596691041,MEITUAN,8912238
2026-06-24,홍콩,CNE1000003C0,HARBIN ELECTRIC CO LTD-H,8731342
2026-06-24,홍콩,HKX601342549,CHINA BRIGHT CULTURE GROUP USD0.00001 (Delisted/BL398Y0) CHAN 970928502 KYG2153C1078,8631000
2026-06-24,홍콩,KYG5860M1024,00068,8557658
2026-06-24,홍콩,HK0000516713,GLOBAL X CHINA CLOUD COMPUTING ETF (HKD),8464594
2026-06-24,홍콩,HK1126010854,DREAM INTERNATIONAL LTD,8414932
2026-06-24,홍콩,KYG9808A1058,WUXI XDC CAYMAN INC,8294012
2026-06-24,홍콩,HK0000562634,GLOBAL X CHINA CONSUMER BRAND ETF (HKD),8103354
2026-06-24,홍콩,CNE100007DH9,02513,7785896
2026-06-24,홍콩,CNE1000076H5,09927,7393672
2026-06-24,홍콩,CNE1000001Z5,BANK OF CHINA LTD-H,7289280
2026-06-24,홍콩,CNE100000304,DONGFANG ELECTRIC CORP LTD-H,7235830
2026-06-25,홍콩,HK0001205258,XL2CSOPHYNIX,300450675
2026-06-25,홍콩,HK0000637832,GLOBAL X CHINA SEMICONDUCTOR ETF (HKD),239963045
2026-06-25,홍콩,KYG8020E1199,SEMICONDUCTOR MANUFACTURING INTL CORP,123604505
2026-06-25,홍콩,KYG875721634,TENCENT HOLDINGS LTD,120866911
2026-06-25,홍콩,CNE1000031W9,GANFENGLITHIUM ORD H,113993986
2026-06-25,홍콩,HK0001121349,XL2CSOPSMSN,103527904
2026-06-25,홍콩,KYG017191142,ALIBABA GROUP HOLDING LTD,88219080
2026-06-25,홍콩,CNE100007DX6,MONTAGE TECHNOLOGY,77468646
2026-06-25,홍콩,CNE100005F09,TIANQI LITHIUM CORP,75975088
2026-06-25,홍콩,CNE100000296,BYD CO LTD-H,63872420
2026-06-25,홍콩,KYG6181S1093,00100,59209420
2026-06-25,홍콩,CNE100006WS8,CATL ORD H,44148313
2026-06-25,홍콩,HK0001279691,GX CL HK-US,37712694
2026-06-25,홍콩,CNE100006CQ4,Ubtech Robotics Ord Shs H,36317827
2026-06-25,홍콩,KYG9830T1067,XIAOMI CORP,35763049
2026-06-25,홍콩,CNE100000593,PICC PROPERTY AND CASUALTY CO LTD-H,34225361
2026-06-25,홍콩,CNE100004YZ4,CTG DUTY-FREE,32494785
2026-06-25,홍콩,HK0000562659,GLOBAL X CHINA ELECTRIC VEHICLE AND BATTERY ETF (HKD),32130001
2026-06-25,홍콩,CNE100007JY1,VICTORY GIANT,29066944
2026-06-25,홍콩,KYG392AS1011,GLOBAL NEW MATERIAL INTL HOLDINGS LTD,27115537
2026-06-25,홍콩,HK0001025037,GLOBAL X US Treasury 3-5 Year ETF,22721996
2026-06-25,홍콩,HK0000218211,HUA HONG SEMICONDUCTOR LTD,20342757
2026-06-25,홍콩,CNE1000003X6,PING AN INSURANCE GROUP CO OF CHINA LTD-H,17878444
2026-06-25,홍콩,KYG3777B1032,GEELY AUTOMOBILE HOLDINGS LTD,14764969
2026-06-25,홍콩,CNE100007DJ5,03986,13399309
2026-06-25,홍콩,KYG070341048,BAIDU INC CL A,12950512
2026-06-25,홍콩,HK0941009539,CHINA MOBILE LTD,12064040
2026-06-25,홍콩,HK0000642568,CSOP HANG SENG TECH INDEX ETF (HKD),11373688
2026-06-25,홍콩,HK0000516697,GLOBAL X CHINA BIOTECH ETF (HKD),11242218
2026-06-25,홍콩,HK0000562675,GLOBAL X CHINA CLEAN ENERGY ETF (HKD),10897512
2026-06-25,홍콩,HK0000859063,SAMSUNG BLOCKCHAIN TECHNOLOGIES ETF,10878948
2026-06-25,홍콩,HKX566362888,PING AN SECURITIE HKD0.01 HKD0.01 CHAN 009837742 BMG7115B1211,10746275
2026-06-25,홍콩,CNE1000003G1,INDUSTRIAL AND COMMERCIAL BANK OF CHINA LTD-H,9987528
2026-06-25,홍콩,HK0000748381,YESASIA HOLDINGS LTD,9559574
2026-06-25,홍콩,HK0000651213,ISHARES HS TECH ETF HKD,9395896
2026-06-25,홍콩,KYG970081173,WUXI BIOLOGICS CAYMAN INC,9140089
2026-06-25,홍콩,HK0000637857,GLOBAL X CHINA ROBOTICS AND AI ETF (HKD),9059939
2026-06-25,홍콩,KYG9808A1058,WUXI XDC CAYMAN INC,8835392
2026-06-25,홍콩,CNE100007DH9,02513,8798183
2026-06-25,홍콩,HKX601342549,CHINA BRIGHT CULTURE GROUP USD0.00001 (Delisted/BL398Y0) CHAN 970928502 KYG2153C1078,8631000
2026-06-25,홍콩,CNE1000003C0,HARBIN ELECTRIC CO LTD-H,8587119
2026-06-25,홍콩,HK0000516713,GLOBAL X CHINA CLOUD COMPUTING ETF (HKD),8451939
2026-06-25,홍콩,KYG596691041,MEITUAN,8442885
2026-06-25,홍콩,KYG5860M1024,00068,8387343
2026-06-25,홍콩,CNE1000003W8,PETROCHINA CO LTD-H,8366588
2026-06-25,홍콩,HK1126010854,DREAM INTERNATIONAL LTD,8103045
2026-06-25,홍콩,HK0000562634,GLOBAL X CHINA CONSUMER BRAND ETF (HKD),8052954
2026-06-25,홍콩,KYG3774X1088,GCL TECHNOLOGY HOLDINGS LTD,7537706
2026-06-25,홍콩,CNE1000076H5,09927,7367616
2026-06-25,홍콩,CNE100000304,DONGFANG ELECTRIC CORP LTD-H,7014255
2026-06-26,홍콩,HK0001205258,XL2CSOPHYNIX,255308574
2026-06-26,홍콩,HK0000637832,GLOBAL X CHINA SEMICONDUCTOR ETF (HKD),235614290
2026-06-26,홍콩,KYG875721634,TENCENT HOLDINGS LTD,118075647
2026-06-26,홍콩,KYG8020E1199,SEMICONDUCTOR MANUFACTURING INTL CORP,113889643
2026-06-26,홍콩,CNE1000031W9,GANFENGLITHIUM ORD H,105670875
2026-06-26,홍콩,HK0001121349,XL2CSOPSMSN,95930815
2026-06-26,홍콩,KYG017191142,ALIBABA GROUP HOLDING LTD,83093666
2026-06-26,홍콩,CNE100005F09,TIANQI LITHIUM CORP,70871206
2026-06-26,홍콩,CNE100007DX6,MONTAGE TECHNOLOGY,67415739
2026-06-26,홍콩,CNE100000296,BYD CO LTD-H,60908146
2026-06-26,홍콩,KYG6181S1093,00100,56637507
2026-06-26,홍콩,CNE100006WS8,CATL ORD H,42228989
2026-06-26,홍콩,HK0001279691,GX CL HK-US,37256262
2026-06-26,홍콩,CNE100006CQ4,Ubtech Robotics Ord Shs H,34999633
2026-06-26,홍콩,KYG9830T1067,XIAOMI CORP,34322201
2026-06-26,홍콩,CNE100000593,PICC PROPERTY AND CASUALTY CO LTD-H,34259892
2026-06-26,홍콩,CNE100004YZ4,CTG DUTY-FREE,31186159
2026-06-26,홍콩,HK0000562659,GLOBAL X CHINA ELECTRIC VEHICLE AND BATTERY ETF (HKD),30340476
2026-06-26,홍콩,KYG392AS1011,GLOBAL NEW MATERIAL INTL HOLDINGS LTD,27678634
2026-06-26,홍콩,CNE100007JY1,VICTORY GIANT,27159898
2026-06-26,홍콩,HK0001025037,GLOBAL X US Treasury 3-5 Year ETF,22695867
2026-06-26,홍콩,HK0000218211,HUA HONG SEMICONDUCTOR LTD,19558192
2026-06-26,홍콩,CNE1000003X6,PING AN INSURANCE GROUP CO OF CHINA LTD-H,17395500
2026-06-26,홍콩,KYG3777B1032,GEELY AUTOMOBILE HOLDINGS LTD,14598535
2026-06-26,홍콩,KYG070341048,BAIDU INC CL A,12368565
2026-06-26,홍콩,HK0941009539,CHINA MOBILE LTD,12014392
2026-06-26,홍콩,HK0000516697,GLOBAL X CHINA BIOTECH ETF (HKD),10964500
2026-06-26,홍콩,HK0000642568,CSOP HANG SENG TECH INDEX ETF (HKD),10947400
2026-06-26,홍콩,HK0000562675,GLOBAL X CHINA CLEAN ENERGY ETF (HKD),10824064
2026-06-26,홍콩,HKX566362888,PING AN SECURITIE HKD0.01 HKD0.01 CHAN 009837742 BMG7115B1211,10745572
2026-06-26,홍콩,HK0000859063,SAMSUNG BLOCKCHAIN TECHNOLOGIES ETF,10435777
2026-06-26,홍콩,CNE1000003G1,INDUSTRIAL AND COMMERCIAL BANK OF CHINA LTD-H,9968092
2026-06-26,홍콩,HK0000748381,YESASIA HOLDINGS LTD,9325803
2026-06-26,홍콩,KYG970081173,WUXI BIOLOGICS CAYMAN INC,9099746
2026-06-26,홍콩,HK0000651213,ISHARES HS TECH ETF HKD,9086836
2026-06-26,홍콩,HKX601342549,CHINA BRIGHT CULTURE GROUP USD0.00001 (Delisted/BL398Y0) CHAN 970928502 KYG2153C1078,8631000
2026-06-26,홍콩,HK0000637857,GLOBAL X CHINA ROBOTICS AND AI ETF (HKD),8612476
2026-06-26,홍콩,KYG9808A1058,WUXI XDC CAYMAN INC,8533276
2026-06-26,홍콩,CNE1000003W8,PETROCHINA CO LTD-H,8411716
2026-06-26,홍콩,HK1126010854,DREAM INTERNATIONAL LTD,8324323
2026-06-26,홍콩,KYG596691041,MEITUAN,8288737
2026-06-26,홍콩,CNE1000003C0,HARBIN ELECTRIC CO LTD-H,8220025
2026-06-26,홍콩,HK0000516713,GLOBAL X CHINA CLOUD COMPUTING ETF (HKD),8092182
2026-06-26,홍콩,HK0000562634,GLOBAL X CHINA CONSUMER BRAND ETF (HKD),7940355
2026-06-26,홍콩,KYG5860M1024,00068,7831804
2026-06-26,홍콩,CNE100007DH9,02513,7529052
2026-06-26,홍콩,KYG3774X1088,GCL TECHNOLOGY HOLDINGS LTD,7115547
2026-06-26,홍콩,CNE1000076H5,09927,7013874
2026-06-26,홍콩,CNE1000001Z5,BANK OF CHINA LTD-H,6830970
2026-06-26,홍콩,CNE100000304,DONGFANG ELECTRIC CORP LTD-H,6668711
2026-06-29,홍콩,HK0000637832,GLOBAL X CHINA SEMICONDUCTOR ETF (HKD),253240479
2026-06-29,홍콩,HK0001205258,XL2CSOPHYNIX,239409240
2026-06-29,홍콩,KYG875721634,TENCENT HOLDINGS LTD,120486585
2026-06-29,홍콩,KYG8020E1199,SEMICONDUCTOR MANUFACTURING INTL CORP,120146467
2026-06-29,홍콩,CNE1000031W9,GANFENGLITHIUM ORD H,106428848
2026-06-29,홍콩,KYG017191142,ALIBABA GROUP HOLDING LTD,85981500
2026-06-29,홍콩,HK0001121349,XL2CSOPSMSN,83848108
2026-06-29,홍콩,CNE100005F09,TIANQI LITHIUM CORP,72617342
2026-06-29,홍콩,CNE100007DX6,MONTAGE TECHNOLOGY,71910350
2026-06-29,홍콩,CNE100000296,BYD CO LTD-H,60925473
2026-06-29,홍콩,KYG6181S1093,00100,56867704
2026-06-29,홍콩,CNE100006WS8,CATL ORD H,43128171
2026-06-29,홍콩,HK0001279691,GX CL HK-US,37256262
2026-06-29,홍콩,CNE100006CQ4,Ubtech Robotics Ord Shs H,36948020
2026-06-29,홍콩,KYG9830T1067,XIAOMI CORP,34907549
2026-06-29,홍콩,CNE100000593,PICC PROPERTY AND CASUALTY CO LTD-H,34536192
2026-06-29,홍콩,CNE100004YZ4,CTG DUTY-FREE,31506433
2026-06-29,홍콩,HK0000562659,GLOBAL X CHINA ELECTRIC VEHICLE AND BATTERY ETF (HKD),30725002
2026-06-29,홍콩,KYG392AS1011,GLOBAL NEW MATERIAL INTL HOLDINGS LTD,27431017
2026-06-29,홍콩,CNE100007JY1,VICTORY GIANT,25957734
2026-06-29,홍콩,HK0001025037,GLOBAL X US Treasury 3-5 Year ETF,22510693
2026-06-29,홍콩,HK0000218211,HUA HONG SEMICONDUCTOR LTD,21270773
2026-06-29,홍콩,CNE1000003X6,PING AN INSURANCE GROUP CO OF CHINA LTD-H,17807632
2026-06-29,홍콩,KYG3777B1032,GEELY AUTOMOBILE HOLDINGS LTD,14471285
2026-06-29,홍콩,KYG070341048,BAIDU INC CL A,13068020
2026-06-29,홍콩,HK0941009539,CHINA MOBILE LTD,11968989
2026-06-29,홍콩,HK0000516697,GLOBAL X CHINA BIOTECH ETF (HKD),11790381
2026-06-29,홍콩,HK0000562675,GLOBAL X CHINA CLEAN ENERGY ETF (HKD),10950188
2026-06-29,홍콩,HKX566362888,PING AN SECURITIE HKD0.01 HKD0.01 CHAN 009837742 BMG7115B1211,10743407
2026-06-29,홍콩,HK0000859063,SAMSUNG BLOCKCHAIN TECHNOLOGIES ETF,10661561
2026-06-29,홍콩,HK0000642568,CSOP HANG SENG TECH INDEX ETF (HKD),10414666
2026-06-29,홍콩,CNE1000003G1,INDUSTRIAL AND COMMERCIAL BANK OF CHINA LTD-H,9968616
2026-06-29,홍콩,KYG970081173,WUXI BIOLOGICS CAYMAN INC,9665230
2026-06-29,홍콩,HK0000651213,ISHARES HS TECH ETF HKD,9387674
2026-06-29,홍콩,KYG9808A1058,WUXI XDC CAYMAN INC,9043449
2026-06-29,홍콩,HK0000748381,YESASIA HOLDINGS LTD,9032385
2026-06-29,홍콩,HK0000637857,GLOBAL X CHINA ROBOTICS AND AI ETF (HKD),8709050
2026-06-29,홍콩,KYG596691041,MEITUAN,8699706
2026-06-29,홍콩,HKX601342549,CHINA BRIGHT CULTURE GROUP USD0.00001 (Delisted/BL398Y0) CHAN 970928502 KYG2153C1078,8631000
2026-06-29,홍콩,CNE1000003C0,HARBIN ELECTRIC CO LTD-H,8428543
2026-06-29,홍콩,HK0000516713,GLOBAL X CHINA CLOUD COMPUTING ETF (HKD),8347292
2026-06-29,홍콩,HK1126010854,DREAM INTERNATIONAL LTD,8270870
2026-06-29,홍콩,KYG5860M1024,00068,8171000
2026-06-29,홍콩,CNE1000003W8,PETROCHINA CO LTD-H,8085565
2026-06-29,홍콩,HK0000562634,GLOBAL X CHINA CONSUMER BRAND ETF (HKD),8065222
2026-06-29,홍콩,CNE100007DH9,02513,7442872
2026-06-29,홍콩,HK0000702735,CSOP STAR 50 INDEX ETF,7248676
2026-06-29,홍콩,KYG3774X1088,GCL TECHNOLOGY HOLDINGS LTD,7102736
2026-06-29,홍콩,CNE1000076H5,09927,6967180
2026-06-29,홍콩,CNE1000001Z5,BANK OF CHINA LTD-H,6873330
2026-06-30,홍콩,HK0000637832,GLOBAL X CHINA SEMICONDUCTOR ETF (HKD),259267907
2026-06-30,홍콩,HK0001205258,XL2CSOPHYNIX,212895728
2026-06-30,홍콩,KYG8020E1199,SEMICONDUCTOR MANUFACTURING INTL CORP,126531286
2026-06-30,홍콩,KYG875721634,TENCENT HOLDINGS LTD,123024268
2026-06-30,홍콩,CNE1000031W9,GANFENGLITHIUM ORD H,108616925
2026-06-30,홍콩,HK0001121349,XL2CSOPSMSN,90784785
2026-06-30,홍콩,KYG017191142,ALIBABA GROUP HOLDING LTD,85255964
2026-06-30,홍콩,CNE100007DX6,MONTAGE TECHNOLOGY,74621134
2026-06-30,홍콩,CNE100005F09,TIANQI LITHIUM CORP,73690042
2026-06-30,홍콩,CNE100000296,BYD CO LTD-H,60328646
2026-06-30,홍콩,KYG6181S1093,00100,53516640
2026-06-30,홍콩,CNE100006WS8,CATL ORD H,40783505
2026-06-30,홍콩,CNE100006CQ4,Ubtech Robotics Ord Shs H,39429696
2026-06-30,홍콩,HK0001279691,GX CL HK-US,37256262
2026-06-30,홍콩,KYG9830T1067,XIAOMI CORP,34477714
2026-06-30,홍콩,CNE100000593,PICC PROPERTY AND CASUALTY CO LTD-H,34097074
2026-06-30,홍콩,CNE100004YZ4,CTG DUTY-FREE,31015202
2026-06-30,홍콩,HK0000562659,GLOBAL X CHINA ELECTRIC VEHICLE AND BATTERY ETF (HKD),30836745
2026-06-30,홍콩,CNE100007JY1,VICTORY GIANT,27695169
2026-06-30,홍콩,KYG392AS1011,GLOBAL NEW MATERIAL INTL HOLDINGS LTD,27313375
2026-06-30,홍콩,HK0001025037,GLOBAL X US Treasury 3-5 Year ETF,22521558
2026-06-30,홍콩,HK0000218211,HUA HONG SEMICONDUCTOR LTD,21870451
2026-06-30,홍콩,CNE1000003X6,PING AN INSURANCE GROUP CO OF CHINA LTD-H,17518151
2026-06-30,홍콩,KYG3777B1032,GEELY AUTOMOBILE HOLDINGS LTD,14344094
2026-06-30,홍콩,KYG070341048,BAIDU INC CL A,13714898
2026-06-30,홍콩,HK0000562675,GLOBAL X CHINA CLEAN ENERGY ETF (HKD),11767447
2026-06-30,홍콩,HK0000516697,GLOBAL X CHINA BIOTECH ETF (HKD),11668293
2026-06-30,홍콩,HK0941009539,CHINA MOBILE LTD,11557215
2026-06-30,홍콩,HKX566362888,PING AN SECURITIE HKD0.01 HKD0.01 CHAN 009837742 BMG7115B1211,10744735
2026-06-30,홍콩,HK0000859063,SAMSUNG BLOCKCHAIN TECHNOLOGIES ETF,10510936
2026-06-30,홍콩,CNE1000003G1,INDUSTRIAL AND COMMERCIAL BANK OF CHINA LTD-H,9686165
2026-06-30,홍콩,HK0000651213,ISHARES HS TECH ETF HKD,9565542
2026-06-30,홍콩,KYG970081173,WUXI BIOLOGICS CAYMAN INC,9475699
2026-06-30,홍콩,HK0000642568,CSOP HANG SENG TECH INDEX ETF (HKD),9235984
2026-06-30,홍콩,HK0000637857,GLOBAL X CHINA ROBOTICS AND AI ETF (HKD),9095952
2026-06-30,홍콩,HK0000748381,YESASIA HOLDINGS LTD,8888716
2026-06-30,홍콩,KYG9808A1058,WUXI XDC CAYMAN INC,8850645
2026-06-30,홍콩,HKX601342549,CHINA BRIGHT CULTURE GROUP USD0.00001 (Delisted/BL398Y0) CHAN 970928502 KYG2153C1078,8631000
2026-06-30,홍콩,HK0000516713,GLOBAL X CHINA CLOUD COMPUTING ETF (HKD),8542409
2026-06-30,홍콩,CNE100007DH9,02513,8389119
2026-06-30,홍콩,HK1126010854,DREAM INTERNATIONAL LTD,8376270
2026-06-30,홍콩,CNE1000003C0,HARBIN ELECTRIC CO LTD-H,8257113
2026-06-30,홍콩,KYG596691041,MEITUAN,8082890
2026-06-30,홍콩,HK0000702735,CSOP STAR 50 INDEX ETF,7978787
2026-06-30,홍콩,HK0000562634,GLOBAL X CHINA CONSUMER BRAND ETF (HKD),7925508
2026-06-30,홍콩,KYG5860M1024,00068,7853647
2026-06-30,홍콩,CNE1000003W8,PETROCHINA CO LTD-H,7801373
2026-06-30,홍콩,KYG3774X1088,GCL TECHNOLOGY HOLDINGS LTD,7208255
2026-06-30,홍콩,CNE1000076H5,09927,6937265
2026-06-30,홍콩,CNE1000001Z5,BANK OF CHINA LTD-H,6739128
2026-07-01,홍콩,HK0000637832,GLOBAL X CHINA SEMICONDUCTOR ETF (HKD),259202246
2026-07-01,홍콩,HK0001205258,XL2CSOPHYNIX,212841811
2026-07-01,홍콩,KYG8020E1199,SEMICONDUCTOR MANUFACTURING INTL CORP,126499241
2026-07-01,홍콩,KYG875721634,TENCENT HOLDINGS LTD,122993111
2026-07-01,홍콩,CNE1000031W9,GANFENGLITHIUM ORD H,108589417
2026-07-01,홍콩,HK0001121349,XL2CSOPSMSN,90761793
2026-07-01,홍콩,KYG017191142,ALIBABA GROUP HOLDING LTD,85234373
2026-07-01,홍콩,CNE100007DX6,MONTAGE TECHNOLOGY,74602235
2026-07-01,홍콩,CNE100005F09,TIANQI LITHIUM CORP,73671379
2026-07-01,홍콩,CNE100000296,BYD CO LTD-H,60313368
2026-07-01,홍콩,KYG6181S1093,00100,53503087
2026-07-01,홍콩,CNE100006WS8,CATL ORD H,40773176
2026-07-01,홍콩,CNE100006CQ4,Ubtech Robotics Ord Shs H,39419710
2026-07-01,홍콩,HK0001279691,GX CL HK-US,37256262
2026-07-01,홍콩,KYG9830T1067,XIAOMI CORP,34468982
2026-07-01,홍콩,CNE100000593,PICC PROPERTY AND CASUALTY CO LTD-H,34088438
2026-07-01,홍콩,CNE100004YZ4,CTG DUTY-FREE,31007347
2026-07-01,홍콩,HK0000562659,GLOBAL X CHINA ELECTRIC VEHICLE AND BATTERY ETF (HKD),30828936
2026-07-01,홍콩,CNE100007JY1,VICTORY GIANT,27688155
2026-07-01,홍콩,KYG392AS1011,GLOBAL NEW MATERIAL INTL HOLDINGS LTD,27306457
2026-07-01,홍콩,HK0001025037,GLOBAL X US Treasury 3-5 Year ETF,22515854
2026-07-01,홍콩,HK0000218211,HUA HONG SEMICONDUCTOR LTD,21864912
2026-07-01,홍콩,CNE1000003X6,PING AN INSURANCE GROUP CO OF CHINA LTD-H,17513714
2026-07-01,홍콩,KYG3777B1032,GEELY AUTOMOBILE HOLDINGS LTD,14340462
2026-07-01,홍콩,KYG070341048,BAIDU INC CL A,13711425
2026-07-01,홍콩,HK0000562675,GLOBAL X CHINA CLEAN ENERGY ETF (HKD),11764467
2026-07-01,홍콩,HK0000516697,GLOBAL X CHINA BIOTECH ETF (HKD),11665337
2026-07-01,홍콩,HK0941009539,CHINA MOBILE LTD,11554288
2026-07-01,홍콩,HKX566362888,PING AN SECURITIE HKD0.01 HKD0.01 CHAN 009837742 BMG7115B1211,10742014
2026-07-01,홍콩,HK0000859063,SAMSUNG BLOCKCHAIN TECHNOLOGIES ETF,10508274
2026-07-01,홍콩,CNE1000003G1,INDUSTRIAL AND COMMERCIAL BANK OF CHINA LTD-H,9683712
2026-07-01,홍콩,HK0000651213,ISHARES HS TECH ETF HKD,9563119
2026-07-01,홍콩,KYG970081173,WUXI BIOLOGICS CAYMAN INC,9473299
2026-07-01,홍콩,HK0000642568,CSOP HANG SENG TECH INDEX ETF (HKD),9233645
2026-07-01,홍콩,HK0000637857,GLOBAL X CHINA ROBOTICS AND AI ETF (HKD),9093648
2026-07-01,홍콩,HK0000748381,YESASIA HOLDINGS LTD,8886465
2026-07-01,홍콩,KYG9808A1058,WUXI XDC CAYMAN INC,8848403
2026-07-01,홍콩,HKX601342549,CHINA BRIGHT CULTURE GROUP USD0.00001 (Delisted/BL398Y0) CHAN 970928502 KYG2153C1078,8631000
2026-07-01,홍콩,HK0000516713,GLOBAL X CHINA CLOUD COMPUTING ETF (HKD),8540246
2026-07-01,홍콩,CNE100007DH9,02513,8386995
2026-07-01,홍콩,HK1126010854,DREAM INTERNATIONAL LTD,8374148
2026-07-01,홍콩,CNE1000003C0,HARBIN ELECTRIC CO LTD-H,8255022
2026-07-01,홍콩,KYG596691041,MEITUAN,8080843
2026-07-01,홍콩,HK0000702735,CSOP STAR 50 INDEX ETF,7976766
2026-07-01,홍콩,HK0000562634,GLOBAL X CHINA CONSUMER BRAND ETF (HKD),7923501
2026-07-01,홍콩,KYG5860M1024,00068,7851658
2026-07-01,홍콩,CNE1000003W8,PETROCHINA CO LTD-H,7799397
2026-07-01,홍콩,KYG3774X1088,GCL TECHNOLOGY HOLDINGS LTD,7206430
2026-07-01,홍콩,CNE1000076H5,09927,6935508
2026-07-01,홍콩,CNE1000001Z5,BANK OF CHINA LTD-H,6737421
2026-07-02,홍콩,HK0000637832,GLOBAL X CHINA SEMICONDUCTOR ETF (HKD),229737527
2026-07-02,홍콩,HK0001205258,XL2CSOPHYNIX,157743439
2026-07-02,홍콩,KYG875721634,TENCENT HOLDINGS LTD,123377226
2026-07-02,홍콩,KYG8020E1199,SEMICONDUCTOR MANUFACTURING INTL CORP,109547477
2026-07-02,홍콩,CNE1000031W9,GANFENGLITHIUM ORD H,103782466
2026-07-02,홍콩,KYG017191142,ALIBABA GROUP HOLDING LTD,86935664
2026-07-02,홍콩,CNE100005F09,TIANQI LITHIUM CORP,72416435
2026-07-02,홍콩,CNE100000296,BYD CO LTD-H,65302933
2026-07-02,홍콩,CNE100007DX6,MONTAGE TECHNOLOGY,62403257
2026-07-02,홍콩,HK0001121349,XL2CSOPSMSN,62243522
2026-07-02,홍콩,KYG6181S1093,00100,45784274
2026-07-02,홍콩,CNE100006WS8,CATL ORD H,40035012
2026-07-02,홍콩,HK0001279691,GX CL HK-US,37256262
2026-07-02,홍콩,KYG9830T1067,XIAOMI CORP,36251144
2026-07-02,홍콩,CNE100006CQ4,Ubtech Robotics Ord Shs H,35740042
2026-07-02,홍콩,CNE100000593,PICC PROPERTY AND CASUALTY CO LTD-H,33477196
2026-07-02,홍콩,CNE100004YZ4,CTG DUTY-FREE,31317376
2026-07-02,홍콩,HK0000562659,GLOBAL X CHINA ELECTRIC VEHICLE AND BATTERY ETF (HKD),30790584
2026-07-02,홍콩,KYG392AS1011,GLOBAL NEW MATERIAL INTL HOLDINGS LTD,28553220
2026-07-02,홍콩,CNE100007JY1,VICTORY GIANT,23227916
2026-07-02,홍콩,HK0001025037,GLOBAL X US Treasury 3-5 Year ETF,22440309
2026-07-02,홍콩,HK0000218211,HUA HONG SEMICONDUCTOR LTD,19593933
2026-07-02,홍콩,CNE1000003X6,PING AN INSURANCE GROUP CO OF CHINA LTD-H,17943619
2026-07-02,홍콩,KYG3777B1032,GEELY AUTOMOBILE HOLDINGS LTD,14721026
2026-07-02,홍콩,KYG070341048,BAIDU INC CL A,13948349
2026-07-02,홍콩,HK0000516697,GLOBAL X CHINA BIOTECH ETF (HKD),12019469
2026-07-02,홍콩,HK0941009539,CHINA MOBILE LTD,11601051
2026-07-02,홍콩,HK0000562675,GLOBAL X CHINA CLEAN ENERGY ETF (HKD),11150397
2026-07-02,홍콩,HKX566362888,PING AN SECURITIE HKD0.01 HKD0.01 CHAN 009837742 BMG7115B1211,10740657
2026-07-02,홍콩,HK0000859063,SAMSUNG BLOCKCHAIN TECHNOLOGIES ETF,10475676
2026-07-02,홍콩,KYG970081173,WUXI BIOLOGICS CAYMAN INC,9677601
2026-07-02,홍콩,CNE1000003G1,INDUSTRIAL AND COMMERCIAL BANK OF CHINA LTD-H,9662519
2026-07-02,홍콩,HK0000651213,ISHARES HS TECH ETF HKD,9506172
2026-07-02,홍콩,KYG9808A1058,WUXI XDC CAYMAN INC,9118675
2026-07-02,홍콩,HK0000642568,CSOP HANG SENG TECH INDEX ETF (HKD),9059960
2026-07-02,홍콩,HK0000748381,YESASIA HOLDINGS LTD,8822193
2026-07-02,홍콩,HKX601342549,CHINA BRIGHT CULTURE GROUP USD0.00001 (Delisted/BL398Y0) CHAN 970928502 KYG2153C1078,8631000
2026-07-02,홍콩,HK0000637857,GLOBAL X CHINA ROBOTICS AND AI ETF (HKD),8520260
2026-07-02,홍콩,HK1126010854,DREAM INTERNATIONAL LTD,8438301
2026-07-02,홍콩,HK0000516713,GLOBAL X CHINA CLOUD COMPUTING ETF (HKD),8386654
2026-07-02,홍콩,KYG596691041,MEITUAN,8322598
2026-07-02,홍콩,CNE1000003C0,HARBIN ELECTRIC CO LTD-H,8162388
2026-07-02,홍콩,HK0000562634,GLOBAL X CHINA CONSUMER BRAND ETF (HKD),8052555
2026-07-02,홍콩,CNE1000003W8,PETROCHINA CO LTD-H,8035555
2026-07-02,홍콩,HK0000702735,CSOP STAR 50 INDEX ETF,7350611
2026-07-02,홍콩,KYG3774X1088,GCL TECHNOLOGY HOLDINGS LTD,7191339
2026-07-02,홍콩,CNE100007DH9,02513,7058022
2026-07-02,홍콩,CNE1000076H5,09927,6928011
2026-07-02,홍콩,KYG5860M1024,00068,6878679
2026-07-02,홍콩,HKX563855215,NATIONAL INVESTMENTS FUND L HKD0.10  (DELISTED/B7596Q8) CHAN 009668980 KYG6384R1487,6643225
