code,listed,traded_days,amt_sum,amt_avg,no_trade_pct,years,group,mktcap,name,spac,decile,nxt_yr,krx_yr
196170,573,573,137859285137500.0,240592120658.8133,0.0,2.3677685950413223,ST,17361975132000.0,알테오젠,N,D1,36861221907258.06,55052717827186.47
086520,594,594,102826540454500.0,173108653963.80472,0.0,2.4545454545454546,ST,11649593841600.0,에코프로,N,D1,37459313388058.06,41062743877869.64
247540,606,606,74518124739500.0,122967202540.42905,0.0,2.5041322314049586,ST,11896180774400.0,에코프로비엠,N,D1,18452004879709.68,29758063014783.83
028300,606,606,66644999590000.0,109975246848.1848,0.0,2.5041322314049586,ST,4875054961800.0,HLB,N,D1,8153072463516.129,26614009737260.727
000250,606,606,60704073267500.0,100171738065.18152,0.0,2.5041322314049586,ST,4682111411200.0,삼천당제약,N,D1,25078614794909.68,24241560611773.93
277810,606,606,59675396704000.0,98474251986.79868,0.0,2.5041322314049586,ST,8797835603000.0,레인보우로보틱스,N,D1,25218864609967.742,23830768980805.28
476830,127,127,11373612506500.0,89556003988.18898,0.0,0.5247933884297521,ST,465018851700.0,알지노믹스,N,D1,5629496262109.678,4541937667612.212
486990,151,151,13195392434000.0,87386704860.92715,0.0,0.6239669421487604,ST,408353379900.0,노타,N,D1,2874265304651.613,5269447143610.562
032820,572,572,48920785082000.0,85525848045.45454,0.0,2.363636363636364,ST,1923694135060.0,우리기술,N,D1,2472275365361.2905,19536023085551.156
466100,397,397,33134097610000.0,83461203047.85895,0.0,1.640495867768595,ST,686126491050.0,클로봇,N,D1,5936524854167.742,13231768352508.252
456160,211,211,17469069655000.0,82791799312.7962,0.0,0.871900826446281,ST,539624873700.0,지투지바이오,N,D1,7041844186619.355,6976097122953.796
080220,581,581,47746484328500.0,82179835333.04648,0.0,2.400826446280992,ST,3068856420300.0,제주반도체,N,D1,7539228370548.388,19067077900160.066
298380,593,593,47259382066500.0,79695416638.27994,0.0,2.450413223140496,ST,4579774473400.0,에이비엘바이오,N,D1,22382515434400.0,18872558515004.953
125490,209,209,16306089227000.0,78019565679.42584,0.0,0.8636363636363636,ST,311000039040.0,한라캐스트,N,D1,1430885682670.9678,6511672595600.66
108490,584,584,44582249987000.0,76339469155.82191,0.0,2.413223140495868,ST,3196104104000.0,로보티즈,N,D1,12534847674303.227,17803472767085.81
403870,606,606,45851457252500.0,75662470713.69637,0.0,2.5041322314049586,ST,3654120000000.0,HPSP,N,D1,3503524446329.032,18310317912714.523
141080,595,595,42651607574000.0,71683374073.94958,0.0,2.458677685950413,ST,4453435985400.0,리가켐바이오,N,D1,9749372200096.775,17032490153313.531
036930,591,591,42345855641000.0,71651193978.00339,0.0,2.4421487603305785,ST,8919727119900.0,주성엔지니어링,N,D1,2020530559406.4517,16910391196570.957
478340,129,129,8835486261000.0,68492141558.139534,0.0,0.5330578512396694,ST,141849830580.0,나라스페이스테크놀로지,N,D1,2256573026825.8066,3528362500267.327
098460,593,593,39214475980000.0,66128964553.11973,0.0,2.450413223140496,ST,1964281334400.0,고영,N,D1,6352918528851.613,15659906249438.945
348370,594,594,38775795874000.0,65279117632.99664,0.0,2.4545454545454546,ST,506143938300.0,엔켐,N,D1,5159729487425.807,15484723764864.688
087010,606,606,37949190491500.0,62622426553.63036,0.0,2.5041322314049586,ST,2602216260000.0,펩트론,N,D1,13317180349993.549,15154627225978.549
0009K0,138,138,8066512433500.0,58452988648.55073,0.0,0.5702479338842975,ST,1548874305950.0,에임드바이오,N,D1,2472796148580.645,3221280542750.825
010170,565,565,32344929989500.0,57247663698.23009,0.0,2.334710743801653,ST,1959119316000.0,대한광통신,N,D1,0.0,12916622207028.053
491000,124,124,7060160591000.0,56936778959.67742,0.0,0.512396694214876,ST,1056435519750.0,리브스메드,N,D1,0.0,2819404064392.7393
347850,502,502,28483889256500.0,56740815251.99204,0.0,2.074380165289256,ST,3864110438700.0,디앤디파마텍,N,D1,9259315788658.064,11374754455566.008
089030,564,564,31528964871500.0,55902419984.92908,0.0,2.330578512396694,ST,1626655015500.0,테크윙,N,D1,4011644135116.1294,12590774750665.018
490470,122,122,6672409022500.0,54691877233.60656,0.0,0.5041322314049587,ST,733248232000.0,세미파이브,N,D1,0.0,2664559378622.1123
376900,248,248,13251711771500.0,53434321659.27419,0.0,1.024793388429752,ST,581774366850.0,로킷헬스케어,N,D1,3483731696464.516,5291937704130.363
257720,593,593,29899327943500.0,50420451844.01349,0.0,2.450413223140496,ST,2465667075200.0,실리콘투,N,D1,7230015678529.032,11939995647404.291
058470,594,594,28001277548000.0,47140197892.25589,0.0,2.4545454545454546,ST,5624434530000.0,리노공업,N,D1,8113830749767.742,11182028327749.176
0007C0,130,130,5875099643000.0,45193074176.92308,0.0,0.5371900826446281,ST,134668533480.0,아크릴,N,D1,845350462425.8065,2346161903640.264
0015G0,140,140,6282241310500.0,44873152217.85714,0.0,0.5785123966942148,ST,193208951910.0,그린광학,N,D1,0.0,2508749830265.677
232140,586,586,25912187110000.0,44218749334.47099,0.0,2.4214876033057853,ST,884448873000.0,와이씨,N,D1,1711147422883.871,10347771090132.014
024060,586,586,25639518081000.0,43753443824.23208,0.0,2.4214876033057853,ST,162600000000.0,흥구석유,N,D1,853562904948.3871,10238883458089.11
090710,501,501,21901000743000.0,43714572341.31737,0.0,2.0702479338842976,ST,875172092280.0,휴림로봇,N,D1,0.0,8745944191099.011
214450,575,575,24554163343000.0,42702892770.434784,0.0,2.37603305785124,ST,3319492536000.0,파마리서치,N,D1,5609946082116.129,9805457968656.766
380550,226,226,9318680007500.0,41233097378.31858,0.0,0.9338842975206612,ST,113815419780.0,뉴로핏,N,D1,948821323574.1936,3721321059100.66
468530,213,213,8781423226500.0,41227339091.54929,0.0,0.8801652892561983,ST,292984772400.0,프로티나,N,D1,931710962600.0,3506772971638.6143
065350,596,596,24385635759500.0,40915496240.77181,0.0,2.462809917355372,ST,810776466000.0,신성델타테크,N,D1,2732705065058.0645,9738158174585.809
161580,596,596,24266497087000.0,40715599139.26174,0.0,2.462809917355372,ST,726709657000.0,필옵틱스,N,D1,6040224684006.452,9690581344973.598
226950,570,570,22797486652000.0,39995590617.54386,0.0,2.355371900826446,ST,2503729905600.0,올릭스,N,D1,4945907737135.484,9103946814825.082
067310,595,595,23688617299000.0,39812802183.19328,0.0,2.458677685950413,ST,2642596933500.0,하나마이크론,N,D1,3258691656000.0,9459810868577.559
083650,595,595,22242648588500.0,37382602669.7479,0.0,2.458677685950413,ST,1496160531250.0,비에이치아이,N,D1,6187852353845.161,8882377819169.967
030530,559,559,20712487037500.0,37052749619.85689,0.0,2.309917355371901,ST,1451301662990.0,원익홀딩스,N,D1,3048143171948.387,8271323206394.39
039030,596,596,21417041833000.0,35934633947.98658,0.0,2.462809917355372,ST,4662949675000.0,이오테크닉스,N,D1,3127286460064.516,8552680071924.093
178320,601,601,21440868439500.0,35675321862.72878,0.0,2.4834710743801653,ST,3013862396950.0,서진시스템,N,D1,1643585799651.613,8562194987391.09
240810,585,585,20527519394000.0,35089776741.88034,0.0,2.4173553719008263,ST,6135487625000.0,원익IPS,N,D1,8843153523741.936,8197458239848.186
476060,358,358,12543041164500.0,35036427833.79888,0.0,1.4793388429752066,ST,531271728000.0,온코닉테라퓨틱스,N,D1,3671408706651.6133,5008937230707.921
319400,541,541,18206918453000.0,33654193073.937157,0.0,2.2355371900826446,ST,2589492906750.0,현대무벡스,N,D1,9976695973483.871,7270749613244.225
035900,606,606,20122140288500.0,33204851961.221123,0.0,2.5041322314049586,ST,1801497344400.0,JYP Ent.,N,D1,4523887653006.452,8035574174615.512
488900,132,132,4275725186500.0,32391857473.484848,0.0,0.5454545454545454,ST,232391072860.0,비츠로넥스텍,N,D1,739291476851.6129,1707467813750.8252
033100,606,606,19161775202000.0,31620091092.40924,0.0,2.5041322314049586,ST,726020886800.0,제룡전기,N,D1,4516028489890.322,7652062044363.037
066790,197,197,6211856414000.0,31532266060.913704,0.0,0.8140495867768595,ST,97271994227.0,씨씨에스,N,D1,0.0,2480642330343.2344
328130,605,605,18965548635000.0,31348014272.727272,0.0,2.5,ST,807126671200.0,루닛,N,D1,2442529090703.226,7573700940049.505
388210,148,148,4587370499500.0,30995746618.243244,0.0,0.6115702479338843,ST,820627230000.0,씨엠티엑스,N,D1,1282161682574.1936,1831920232473.5974
005290,606,606,18063214335000.0,29807284381.18812,0.0,2.5041322314049586,ST,2403241440900.0,동진쎄미켐,N,D1,5514463687806.452,7213362820247.525
417200,601,601,17813045393500.0,29639010638.10316,0.0,2.4834710743801653,ST,857159189530.0,LS머트리얼즈,N,D1,1140218270329.0322,7113460371661.717
100790,585,585,17014219155500.0,29084135308.54701,0.0,2.4173553719008263,ST,884457623700.0,미래에셋벤처투자,N,D1,2992814076503.226,6794457154506.601
098070,312,312,9027008497500.0,28932719543.26923,0.0,1.2892561983471074,ST,269687669250.0,한텍,N,D1,1468441827387.097,3604844977549.5054
475830,325,325,9380931824500.0,28864405613.846157,0.0,1.3429752066115703,ST,1057744033000.0,오름테라퓨틱,N,D1,3450170547077.4194,3746180695592.4097
222800,596,596,17017495904500.0,28552845477.34899,0.0,2.462809917355372,ST,4596824333700.0,심텍,N,D1,8132643677541.936,6795765691235.974
234030,240,240,6844088100500.0,28517033752.08333,0.0,0.9917355371900828,ST,80493050000.0,싸이닉솔루션,N,D1,0.0,2733117690298.68
448900,263,263,7358215441000.0,27978005479.08745,0.0,1.0867768595041325,ST,311012198400.0,한국피아이엠,N,D1,1603787869200.0,2938429268518.152
058610,595,595,16579829969000.0,27865260452.10084,0.0,2.458677685950413,ST,1641124640000.0,에스피지,N,D1,10701238342690.322,6620988205442.244
064260,586,586,16028666859000.0,27352673820.81911,0.0,2.4214876033057853,ST,330570647090.0,다날,N,D1,2416994182012.9033,6400886765475.248
027360,606,606,16439191783000.0,27127379179.86799,0.0,2.5041322314049586,ST,488215986180.0,아주IB투자,N,D1,0.0,6564825761528.053
424870,263,263,7104960440500.0,27015058709.12548,0.0,1.0867768595041325,ST,289333092730.0,이뮨온시아,N,D1,1697732143516.1292,2837294433334.9834
494120,152,152,4008294129000.0,26370356111.842106,0.0,0.628099173553719,ST,195706473300.0,큐리오시스,N,D1,553727531819.3549,1600671912900.9902
050890,606,606,15880103697000.0,26204791579.20792,0.0,2.5041322314049586,ST,648879783120.0,쏠리드,N,D1,818812929000.0,6341559562168.317
078600,606,606,15814087428500.0,26095853842.40924,0.0,2.5041322314049586,ST,1281457660800.0,대주전자재료,N,D1,4809938991070.968,6315196629863.036
440110,553,553,14322962593000.0,25900474851.717903,0.0,2.2851239669421486,ST,3847789593600.0,파두,N,D1,147984085096.7742,5719730936478.548
095340,606,606,15559549016500.0,25675823459.57096,0.0,2.5041322314049586,ST,3204995169600.0,ISC,N,D1,3157068888741.9355,6213549277216.172
041190,606,606,15422286776000.0,25449318112.21122,0.0,2.5041322314049586,ST,396900000000.0,우리기술투자,N,D1,3751483427006.4517,6158734983155.116
067630,295,295,7464491104500.0,25303359676.271187,0.0,1.21900826446281,ST,271875039340.0,HLB생명과학,N,D1,0.0,2980869384965.3467
437730,527,527,13296977123000.0,25231455641.366222,0.0,2.177685950413223,ST,1081228034700.0,삼현,N,D1,3849035662148.387,5310013966610.562
456010,504,504,12643823877000.0,25086952136.90476,0.0,2.0826446280991737,ST,233342811500.0,아이씨티케이,N,D1,291758147716.129,5049183792465.347
253590,599,599,14866920505500.0,24819566787.14524,0.0,2.475206611570248,ST,449658931000.0,네오셈,N,D1,1609560593406.4517,5936955053351.485
459510,280,280,6925868467500.0,24735244526.785717,0.0,1.1570247933884297,ST,174948589360.0,나우로보틱스,N,D1,2560932679729.032,2765775856658.416
006910,606,606,14937134689500.0,24648737111.38614,0.0,2.5041322314049586,ST,346365259200.0,보성파워텍,N,D1,189943203574.19354,5964994380955.446
018290,606,606,14791726608500.0,24408789783.0033,0.0,2.5041322314049586,ST,427338678740.0,브이티,N,D1,1638108974309.6775,5906927127486.799
469610,157,157,3773495754500.0,24035004805.732483,0.0,0.6487603305785123,ST,125021742000.0,이노테크,N,D1,457781123587.0968,1506907545526.4028
160190,382,382,9120664460500.0,23876084975.13089,0.0,1.578512396694215,ST,553512960000.0,하이젠알앤엠,N,D1,3762883890877.4194,3642245543632.013
476040,279,279,6464094905500.0,23168798944.444443,0.0,1.1528925619834711,ST,51698216000.0,오가노이드사이언스,N,D1,557651550890.3226,2581371232889.439
452450,333,333,7696677032000.0,23113144240.24024,0.0,1.3760330578512396,ST,123938040000.0,피아이이,N,D1,277908209025.80646,3073590497927.393
090360,596,596,13693753567000.0,22976096588.92617,0.0,2.462809917355372,ST,699075000000.0,로보스타,N,D1,6238669968974.193,5468462645567.657
237690,606,606,13827851245500.0,22818236378.71287,0.0,2.5041322314049586,ST,2580253576800.0,에스티팜,N,D1,2529002171619.355,5522013203648.515
393970,243,243,5521389907500.0,22721769166.666668,0.0,1.0041322314049588,ST,50428566500.0,대진첨단소재,N,D1,88047791309.67743,2204911481212.8716
323280,565,565,12806633689000.0,22666608299.115044,0.0,2.334710743801653,ST,1187927422000.0,태성,N,D1,5382993779509.678,5114200252042.904
464490,132,132,2958984042000.0,22416545772.727272,0.0,0.5454545454545454,ST,66251792010.0,쿼드메디슨,N,D1,0.0,1181640492019.802
462860,309,309,6824433576500.0,22085545555.016186,0.0,1.2768595041322317,ST,147459654765.0,더즌,N,D1,0.0,2725268853981.848
310210,606,606,13152782994500.0,21704262367.16172,0.0,2.5041322314049586,ST,3061561723800.0,보로노이,N,D1,3385324227858.0645,5252431492853.136
460930,578,578,12520483990000.0,21661737006.92041,0.0,2.3884297520661155,ST,413344210440.0,현대힘스,N,D1,2954988076806.4517,4999929250132.014
464080,489,489,10520244857500.0,21513793164.62168,0.0,2.020661157024793,ST,164753873100.0,에스오에스랩,N,D1,440839211787.0968,4201153886988.449
488280,187,187,3950058574500.0,21123307885.026737,0.0,0.7727272727272727,ST,110627696640.0,에스투더블유,N,D1,1160234325303.2258,1577416130410.891
043260,567,567,11869800923500.0,20934393163.139328,0.0,2.34297520661157,ST,1584970848900.0,성호전자,N,D1,0.0,4740085517305.281
041020,606,606,12664675306000.0,20898804135.31353,0.0,2.5041322314049586,ST,147064027280.0,폴라리스오피스,N,D1,484227569774.19354,5057510600745.875
287840,269,269,5610407273500.0,20856532615.241634,0.0,1.1115702479338845,ST,347007276000.0,인투셀,N,D1,1568765624516.1292,2240459670275.5776
014950,154,154,3205701069000.0,20816240707.79221,0.0,0.6363636363636364,ST,43282818100.0,삼익제약,N,D1,0.0,1280164453297.0298
030520,594,594,12267928843500.0,20653078861.11111,0.0,2.4545454545454546,ST,427497873920.0,한글과컴퓨터,N,D1,1299002107380.6453,4899073894599.01
209640,402,402,8185015014000.0,20360733865.67164,0.0,1.6611570247933884,ST,104528561550.0,와이제이링크,N,D1,164259706883.87097,3268603355425.7427
0015S0,134,134,2713565841000.0,20250491350.74627,0.0,0.5537190082644629,ST,73211136600.0,페스카로,N,D1,0.0,1083635203831.6832
204270,596,596,12006631240500.0,20145354430.36913,0.0,2.462809917355372,ST,1030281179460.0,제이앤티씨,N,D1,1655909930683.871,4794727327064.356
145020,606,606,12138928713500.0,20031235500.82508,0.0,2.5041322314049586,ST,2959119936500.0,휴젤,N,D1,1318102656838.7097,4847558991199.67
295310,456,456,9091187549000.0,19936814800.438595,0.0,1.884297520661157,ST,571007939400.0,에이치브이엠,N,D1,3451185437309.6777,3630474235739.274
053030,606,606,12070452570000.0,19918238564.356438,0.0,2.5041322314049586,ST,233691944200.0,바이넥스,N,D1,847771829335.4839,4820213732574.258
394800,383,383,7582211799500.0,19796897648.825066,0.0,1.5826446280991735,ST,187753062700.0,쓰리빌리언,N,D1,766798032922.5807,3027879959536.3037
025320,606,606,11875718710000.0,19596895561.056107,0.0,2.5041322314049586,ST,391690425250.0,시노펙스,N,D1,880690518683.871,4742448725775.578
463020,233,233,4553152203500.0,19541425766.09442,0.0,0.962809917355372,ST,57182048000.0,뉴엔AI,N,D1,0.0,1818255500407.5908
263750,606,606,11692228762000.0,19294106867.9868,0.0,2.5041322314049586,ST,2328366865500.0,펄어비스,N,D1,7742254903651.613,4669173862052.806
399720,605,605,11565396648000.0,19116358095.867767,0.0,2.5,ST,677181876800.0,가온칩스,N,D1,1835154247903.2258,4618524734019.802
474170,412,412,7851863357000.0,19057920769.41748,0.0,1.7024793388429753,ST,124189341120.0,루미르,N,D1,250949877412.90323,3135562594709.5713
042000,606,606,11323527342500.0,18685688683.9934,0.0,2.5041322314049586,ST,419007668770.0,카페24,N,D1,1025072370548.3871,4521936661526.403
445090,606,606,11134233057500.0,18373321877.062702,0.0,2.5041322314049586,ST,273141450000.0,에이직랜드,N,D1,686918103832.258,4446343894249.175
456070,437,437,7823096019500.0,17901821554.919907,0.0,1.8057851239669425,ST,79633112740.0,이엔셀,N,D1,398925235677.4194,3124074648051.1553
389650,450,450,8047629754500.0,17883621676.666668,0.0,1.859504132231405,ST,313295275100.0,넥스트바이오메디컬,N,D1,1174032924083.871,3213739934965.3467
222080,606,606,10831642624500.0,17873997730.19802,0.0,2.5041322314049586,ST,619129946240.0,SFA넥셀,N,D1,1029096163877.4194,4325507450707.921
397030,606,606,10815944153500.0,17848092662.541256,0.0,2.5041322314049586,ST,639197449800.0,에이프릴바이오,N,D1,2253085758425.8066,4319238424334.984
455900,549,549,9790088882500.0,17832584485.42805,0.0,2.268595041322314,ST,280414117440.0,엔젤로보틱스,N,D1,1927386378464.516,3909573448127.063
031980,576,576,10215700175500.0,17735590582.46528,0.0,2.3801652892561984,ST,2936798199000.0,피에스케이홀딩스,N,D1,2089246746683.871,4079537033780.5283
041510,606,606,10719022021000.0,17688155150.165016,0.0,2.5041322314049586,ST,1774338475000.0,에스엠,N,D1,1568401141290.3228,4280533546339.934
214150,606,606,10714818307000.0,17681218328.38284,0.0,2.5041322314049586,ST,3163929461500.0,클래시스,N,D1,1709231258296.7742,4278854835468.647
484590,211,211,3711915760000.0,17592017819.905212,0.0,0.871900826446281,ST,262098462000.0,삼양컴텍,N,D1,2897076561109.6777,1482316194587.4587
476080,448,448,7839765153500.0,17499475789.0625,0.0,1.851239669421488,ST,30652215000.0,M83,N,D1,172911176438.7097,3130731298922.4424
036540,606,606,10582833866000.0,17463422221.122112,0.0,2.5041322314049586,ST,879862621050.0,SFA반도체,N,D1,1545749582193.5483,4226148177511.5513
475400,409,409,7129546157000.0,17431653195.599022,0.0,1.6900826446280992,ST,205558024540.0,씨메스로보틱스,N,D1,1043196207225.8065,2847112491739.274
459550,151,151,2627284658500.0,17399236149.006622,0.0,0.6239669421487604,ST,28474239169.0,알트,N,D1,0.0,1049179682107.2607
038500,571,571,9932532507500.0,17394978121.716286,0.0,2.3595041322314048,ST,891388687560.0,삼표시멘트,N,D1,24321565967.741936,3966456875932.3433
039980,569,569,9840604596000.0,17294559922.671352,0.0,2.351239669421488,ST,65218805490.0,폴라리스AI,N,D1,441648067903.2258,3929746389821.782
068760,606,606,10149598073500.0,16748511672.442244,0.0,2.5041322314049586,ST,1820495612000.0,셀트리온제약,N,D1,1470746514387.097,4053139824731.0234
281740,606,606,10118266296000.0,16696809069.30693,0.0,2.5041322314049586,ST,842665625360.0,레이크머티리얼즈,N,D1,1372803709980.6453,4040627794772.2773
124500,332,332,5514133982500.0,16608837296.686749,0.0,1.371900826446281,ST,493096198750.0,아이티센글로벌,N,D1,1715480549200.0,2202013900602.3105
382150,370,370,6130422811500.0,16568710301.35135,0.0,1.5289256198347108,ST,45247000470.0,온코크로스,N,D1,731713129754.8387,2448122640896.0396
443670,565,565,9356500256500.0,16560177445.132744,0.0,2.334710743801653,ST,68550160220.0,에스피소프트,N,D1,88176860838.70969,3736424194839.934
463480,331,331,5480559266500.0,16557580865.558912,0.0,1.3677685950413223,ST,56500032480.0,모티브링크,N,D1,458004384200.0,2188606175731.0232
452190,584,584,9622918906000.0,16477600866.438356,0.0,2.413223140495868,ST,89343280395.0,한빛레이저,N,D1,275517615148.3871,3842815800745.875
089010,606,606,9968575204500.0,16449794066.831684,0.0,2.5041322314049586,ST,384033618300.0,켐트로닉스,N,D1,1801956370180.6453,3980850164173.2676
457550,590,590,9600090665000.0,16271340110.16949,0.0,2.43801652892562,ST,146214451020.0,우진엔텍,N,D1,1186908764374.1936,3833699572491.7495
403850,150,150,2437094566000.0,16247297106.666666,0.0,0.6198347107438017,ST,153699317100.0,더핑크퐁컴퍼니,N,D1,123373719451.61292,973229183122.1123
131970,595,595,9627920542500.0,16181379063.02521,0.0,2.458677685950413,ST,1930791076200.0,두산테스나,N,D1,4286184153012.9033,3844813153935.6436
319660,596,596,9628543054500.0,16155273581.37584,0.0,2.462809917355372,ST,5486295631600.0,피에스케이,N,D1,3095558671451.613,3845061747836.634
439580,605,605,9758675006500.0,16130041333.057852,0.0,2.5,ST,58486833216.0,블루엠텍,N,D1,661827378335.4839,3897028632958.746
051980,536,536,8582682704000.0,16012467731.343285,0.0,2.2148760330578514,ST,112202626090.0,중앙첨단소재,N,D1,192712044232.25806,3427407944501.6504
084370,596,596,9465971933500.0,15882503244.127518,0.0,2.462809917355372,ST,3797188159400.0,유진테크,N,D1,1868325460348.3872,3780140607107.2607
484810,312,312,4944957641500.0,15849223209.935898,0.0,1.2892561983471074,ST,141684890550.0,티엑스알로보틱스,N,D1,1202228526754.8389,1974719058156.7659
474650,259,259,4078057844500.0,15745397083.011583,0.0,1.0702479338842976,ST,148402425600.0,링크솔루션,N,D1,981666574509.6775,1628531350443.8945
199820,605,605,9511532796500.0,15721541812.396694,0.0,2.5,ST,171094000000.0,제일일렉트릭,N,D1,756967604941.9355,3798334879130.3633
083450,605,605,9454376097500.0,15627067929.752066,0.0,2.5,ST,894776500000.0,GST,N,D1,2777450155451.613,3775509926724.423
356680,583,583,9109653792000.0,15625478202.401373,0.0,2.409090909090909,ST,349657777000.0,엑스게이트,N,D1,5197176455012.903,3637848544000.0
039200,606,606,9443316267500.0,15583030144.38944,0.0,2.5041322314049586,ST,1187916364800.0,오스코텍,N,D1,2162917414012.9033,3771093294942.2446
137400,606,606,9325320715000.0,15388318011.551155,0.0,2.5041322314049586,ST,754549686800.0,피엔티,N,D1,1943595018554.8389,3723972958795.38
095610,586,586,8998494852500.0,15355793263.651876,0.0,2.4214876033057853,ST,3440272000000.0,테스,N,D1,3080254913077.4194,3593458340437.294
060250,606,606,9235152904000.0,15239526244.224422,0.0,2.5041322314049586,ST,518473488010.0,NHN KCP,N,D1,5057750894296.774,3687965351102.3105
092870,606,606,9179821663500.0,15148220566.831684,0.0,2.5041322314049586,ST,229824535170.0,엑시콘,N,D1,221408187993.5484,3665869377173.2676
008830,605,605,9144553687000.0,15114964771.900826,0.0,2.5,ST,93380332800.0,대동기어,N,D1,519711278012.90326,3651785465765.677
290650,596,596,8989976642500.0,15083853427.013422,0.0,2.462809917355372,ST,1960697480800.0,엘앤씨바이오,N,D1,5451931245341.936,3590056679018.152
226590,321,321,4841215327500.0,15081667686.915888,0.0,1.3264462809917354,ST,136317492480.0,엠디바이스,N,D1,320560979129.0323,1933290609331.6833
0015N0,143,143,2154905877000.0,15069271867.132868,0.0,0.5909090909090909,ST,67915378800.0,아로마티카,N,D1,0.0,860539970683.1683
318060,206,206,3102806541500.0,15062167677.184464,0.0,0.8512396694214877,ST,206703774500.0,그래피,N,D1,0.0,1239074559476.8977
078150,596,596,8968338534000.0,15047547875.838926,0.0,2.462809917355372,ST,190994786960.0,HB테크놀러지,N,D1,0.0,3581415718198.02
365330,606,606,9048716753500.0,14931875830.858086,0.0,2.5041322314049586,ST,91261049000.0,에스와이스틸텍,N,D1,622663158451.6129,3613513951067.6567
389470,559,559,8239565137000.0,14739830298.747765,0.0,2.309917355371901,ST,490389039800.0,인벤티지랩,N,D1,1641811233948.3872,3290387397943.8945
335890,445,445,6420511638000.0,14428116040.449438,0.0,1.838842975206612,?,,,N,D1,339953079258.0645,2563966693722.7725
112040,606,606,8683483250000.0,14329180280.528051,0.0,2.5041322314049586,ST,639249934890.0,위메이드,N,D1,896829675109.6775,3467661627887.789
047920,606,606,8653924317000.0,14280403163.366337,0.0,2.5041322314049586,ST,281090480920.0,HLB제약,N,D1,668965427509.6775,3455857565534.654
007390,566,566,7973998488000.0,14088336551.23675,0.0,2.338842975206612,ST,1623763411200.0,네이처셀,N,D1,4079338922361.2905,3184336029861.386
107640,495,495,6972753060500.0,14086369819.19192,0.0,2.0454545454545454,ST,285999046300.0,한중엔시에스,N,D1,2048435371754.8389,2784498746932.3433
287410,193,193,2699203775500.0,13985511790.15544,0.0,0.7975206611570248,?,,,N,D1,0.0,1077899857542.9043
122870,606,606,8365862231500.0,13805053187.29373,0.0,2.5041322314049586,ST,788762267800.0,와이지엔터테인먼트,N,D1,1844552776922.5808,3340822871325.0825
112290,592,592,8120564490500.0,13717169747.466215,0.0,2.446280991735537,ST,214950186700.0,와이씨켐,N,D2,333572745354.83875,3242865687625.4126
356860,582,582,7948363925000.0,13656982689.003435,0.0,2.4049586776859506,ST,739413776000.0,티엘비,N,D2,1846981207890.3228,3174099125165.0166
084650,606,606,8244570221000.0,13604901354.78548,0.0,2.5041322314049586,ST,56125432440.0,랩지노믹스,N,D2,0.0,3292386127858.086
347700,530,530,7153924124500.0,13497970046.226416,0.0,2.190082644628099,ST,1123819691600.0,스피어,N,D2,5893264489980.6455,2856847587671.617
056080,574,574,7682148385500.0,13383533772.648085,0.0,2.371900826446281,ST,510443738100.0,유진로봇,N,D2,2438519458277.4194,3067788629193.0693
264850,606,606,8106772210000.0,13377511897.68977,0.0,2.5041322314049586,ST,123147597780.0,이랜시스,N,D2,128105244122.58064,3237357879240.9243
125020,275,275,3662381245500.0,13317749983.636364,0.0,1.1363636363636365,ST,168360232750.0,티씨머티리얼즈,N,D2,294261631470.9678,1462535084836.6338
0013V0,126,126,1651754940500.0,13109166194.444445,0.0,0.5206611570247934,ST,52866436480.0,삼진식품,N,D2,0.0,659611708912.5413
065500,557,557,7258436817500.0,13031304878.81508,0.0,2.301652892561984,ST,37896919680.0,오리엔트정공,N,D2,0.0,2898583679595.7095
017510,605,605,7883554776500.0,13030669052.066116,0.0,2.5,ST,112363020000.0,세명전기,N,D2,0.0,3148218244080.8584
332570,606,606,7892304428000.0,13023604666.666666,0.0,2.5041322314049586,ST,285407649930.0,PS일렉트로닉스,N,D2,0.0,3151712329333.3335
475580,403,403,5236770686500.0,12994468204.71464,0.0,1.665289256198347,ST,101233007000.0,에이럭스,N,D2,241784855754.8387,2091251660285.4788
381620,413,413,5346132477500.0,12944630696.125908,0.0,1.706611570247934,ST,73985068800.0,제닉스로보틱스,N,D2,702698909000.0,2134924190684.8186
453450,496,496,6413112771500.0,12929662845.766129,0.0,2.049586776859504,ST,111833920000.0,그리드위즈,N,D2,250756075225.80646,2561012030863.0366
475960,399,399,5100368004500.0,12782877204.260653,0.0,1.6487603305785123,ST,451016333800.0,토모큐브,N,D2,1293635901019.355,2036780622259.076
389020,595,595,7599412761500.0,12772122288.235294,0.0,2.458677685950413,ST,162959935200.0,자람테크놀로지,N,D2,274276991219.35486,3034748990566.007
298830,606,606,7699654579000.0,12705700625.41254,0.0,2.5041322314049586,ST,223723818315.0,슈어소프트테크,N,D2,961229640161.2904,3074779551349.835
060370,606,606,7677680213000.0,12669439295.379538,0.0,2.5041322314049586,ST,1514926766000.0,LS마린솔루션,N,D2,2279351195638.71,3066004309481.848
101490,606,606,7666608775000.0,12651169595.709572,0.0,2.5041322314049586,ST,1018740472250.0,에스앤에스텍,N,D2,2912549013000.0,3061583042161.7163
067160,606,606,7640867531500.0,12608692296.20462,0.0,2.5041322314049586,ST,559795152900.0,SOOP,N,D2,345814917232.25806,3051303535681.518
432720,606,606,7519475328500.0,12408375129.537954,0.0,2.5041322314049586,ST,131660668160.0,퀄리타스반도체,N,D2,675957287606.4517,3002826781348.185
096530,606,606,7474233856500.0,12333719235.148516,0.0,2.5041322314049586,ST,1514553826000.0,씨젠,N,D2,1317679516716.1292,2984760054905.941
388610,250,250,3082006409500.0,12328025638.0,0.0,1.033057851239669,ST,27905006920.0,지에프씨생명과학,N,D2,0.0,1230768236136.9639
317330,596,596,7292981925500.0,12236546854.865772,0.0,2.462809917355372,ST,223399531440.0,덕산테코피아,N,D2,874258620825.8065,2912378920744.2246
218410,606,606,7361391869000.0,12147511334.983498,0.0,2.5041322314049586,ST,1383434328200.0,RFHIC,N,D2,4291649226522.5806,2939697743066.007
145170,510,510,6157638484500.0,12073800950.0,0.0,2.107438016528925,ST,52923307650.0,노브랜드,N,D2,104241282980.64517,2458990945955.446
459100,390,390,4702583854000.0,12057907317.948715,0.0,1.6115702479338845,ST,56220967500.0,위츠,N,D2,114581686148.3871,1877929525854.7856
212710,337,337,4050589454500.0,12019553277.44807,0.0,1.3925619834710743,ST,94721035500.0,아이에스티이,N,D2,0.0,1617562125394.3894
241520,586,586,7021261841500.0,11981675497.440271,0.0,2.4214876033057853,ST,229026000000.0,DSC인베스트먼트,N,D2,157222667729.03226,2803870240334.9834
308430,415,415,4965319033000.0,11964624175.903614,0.0,1.7148760330578512,ST,192804449940.0,셀비온,N,D2,756709583761.2904,1982850174894.3896
388720,596,596,7122714651500.0,11950863509.228188,0.0,2.462809917355372,ST,812912805000.0,유일로보틱스,N,D2,3656510284225.8066,2844384398783.8286
255220,596,596,7107656666500.0,11925598433.724833,0.0,2.462809917355372,ST,170042244704.0,SG,N,D2,100081050832.25807,2838371144047.855
061090,152,152,1811768444000.0,11919529236.842106,0.0,0.628099173553719,ST,249046902500.0,세나테크놀로지,N,D2,270598787161.29034,723511490838.2838
200710,606,606,7170120731500.0,11831882395.21452,0.0,2.5041322314049586,ST,477228148150.0,에이디테크놀로지,N,D2,1574689224012.9033,2863315539641.9146
357780,606,606,7141539659000.0,11784718909.240925,0.0,2.5041322314049586,ST,2423023309000.0,솔브레인,N,D2,1389068983535.484,2851901976036.3037
047560,591,591,6947998995000.0,11756343477.15736,0.0,2.4421487603305785,ST,95435025840.0,이스트소프트,N,D2,572476859651.6129,2774613460049.505
388050,606,606,7123675544500.0,11755240172.442244,0.0,2.5041322314049586,ST,139198211280.0,지투파워,N,D2,861541670709.6775,2844768121731.0234
099320,595,595,6992150238500.0,11751513005.882353,0.0,2.458677685950413,ST,964807591800.0,쎄트렉아이,N,D2,2897477999296.7744,2792244814714.5215
183300,605,605,7057934073000.0,11666006732.231403,0.0,2.5,ST,1711424323000.0,코미코,N,D2,1796299531187.097,2818514926841.5845
081180,285,285,3287901961000.0,11536498108.77193,0.0,1.177685950413223,ST,50305549500.0,쎄크,N,D2,1005863114690.3226,1312990552082.5083
348340,579,579,6679039439500.0,11535473988.773748,0.0,2.3925619834710745,ST,408881525450.0,뉴로메카,N,D2,1148588265000.0,2667207168909.241
358570,605,605,6952051514500.0,11490994238.842976,0.0,2.5,ST,529031249200.0,지아이이노베이션,N,D2,1931814765348.3872,2776231792919.142
220100,605,605,6858317916500.0,11336062671.900826,0.0,2.5,ST,205210893000.0,퓨쳐켐,N,D2,519324995270.9678,2738800224080.8584
102120,596,596,6748535804500.0,11323046651.845638,0.0,2.462809917355372,ST,139934526110.0,어보브반도체,N,D2,160923796212.90323,2694959842721.122
094480,606,606,6827374276500.0,11266294185.643564,0.0,2.5041322314049586,ST,201249068940.0,갤럭시아머니트리,N,D2,1458799170329.0322,2726443192925.7427
309710,147,147,1654269733500.0,11253535602.040815,0.0,0.6074380165289256,ST,268443021000.0,아이티켐,N,D2,999209882851.6129,660615966183.1683
119850,595,595,6677314073000.0,11222376593.277311,0.0,2.458677685950413,ST,454812333850.0,지엔씨에너지,N,D2,1326584160425.8064,2666518161165.0166
014620,606,606,6761640446000.0,11157822518.151815,0.0,2.5041322314049586,ST,703770146000.0,성광벤드,N,D2,1545319803464.516,2700193049392.7393
101670,353,353,3932383950000.0,11139897875.354109,0.0,1.4586776859504131,ST,56039083569.0,하이드로리튬,N,D2,0.0,1570357947029.7031
171090,606,606,6688332877500.0,11036852933.168316,0.0,2.5041322314049586,ST,553623904800.0,선익시스템,N,D2,1615281363335.484,2670918409826.733
0008Z0,210,210,2316355931500.0,11030266340.47619,0.0,0.8677685950413223,ST,203829782400.0,에스엔시스,N,D2,1251647317870.9678,925013424790.4291
121600,606,606,6683263187000.0,11028487107.260729,0.0,2.5041322314049586,ST,569578771950.0,나노신소재,N,D2,1011649173877.4194,2668893879957.0957
163280,397,397,4348252122000.0,10952776125.944584,0.0,1.640495867768595,ST,48631003850.0,에어레인,N,D2,74837905148.3871,1736430715386.1387
445680,585,585,6402964197500.0,10945237944.444445,0.0,2.4173553719008263,ST,731138337500.0,큐리옥스바이오시스템즈,N,D2,1648329483651.613,2556959299991.7495
082850,606,606,6610003042500.0,10907595779.70297,0.0,2.5041322314049586,ST,57517958086.0,우리바이오,N,D2,59840186219.35484,2639638178688.119
461030,543,543,5909699966000.0,10883425351.74954,0.0,2.243801652892562,ST,49955791745.0,아이엠비디엑스,N,D2,140809179322.58066,2359979194343.2344
033230,606,606,6591520073500.0,10877095830.858086,0.0,2.5041322314049586,ST,53798879700.0,인성정보,N,D2,0.0,2632257191067.6567
048410,583,583,6321217370000.0,10842568387.650084,0.0,2.409090909090909,ST,700630452720.0,현대바이오,N,D2,1036405097838.7097,2524314527293.7295
101360,574,574,6192211845000.0,10787825513.937284,0.0,2.371900826446281,ST,132862271580.0,에코앤드림,N,D2,520266668012.90326,2472797469455.446
225570,606,606,6524503628000.0,10766507636.963696,0.0,2.5041322314049586,ST,590765760780.0,넥슨게임즈,N,D2,782161100812.9032,2605494848145.215
199430,538,538,5777577304500.0,10738991272.304832,0.0,2.2231404958677685,ST,119024567090.0,케이엔알시스템,N,D2,670509221232.258,2307217339420.792
039610,596,596,6393599137500.0,10727515331.37584,0.0,2.462809917355372,ST,57569512000.0,화성밸브,N,D2,0.0,2553219457549.505
036810,606,606,6482748524500.0,10697604825.90759,0.0,2.5041322314049586,ST,494697678650.0,에프에스티,N,D2,1878309798767.742,2588820367869.637
479960,329,329,3508924043000.0,10665422623.100304,0.0,1.359504132231405,ST,46176480000.0,위너스일렉,N,D2,10010746083.870968,1401253495719.472
039440,606,606,6462186609000.0,10663674272.277227,0.0,2.5041322314049586,ST,408610688450.0,에스티아이,N,D2,1475021921361.2903,2580609173891.0894
065450,606,606,6455912155500.0,10653320388.61386,0.0,2.5041322314049586,ST,93649174525.0,빅텍,N,D2,184846806135.4839,2578103534044.5547
270660,596,596,6304851853000.0,10578610491.61074,0.0,2.462809917355372,ST,142007623770.0,에브리봇,N,D2,1579632515077.4194,2517779122815.1816
234340,595,595,6258051199500.0,10517733108.403362,0.0,2.458677685950413,ST,251890927680.0,헥토파이낸셜,N,D2,783997915941.9355,2499089752935.6436
304100,596,596,6263526095500.0,10509271972.315435,0.0,2.462809917355372,ST,151378137100.0,솔트룩스,N,D2,2060449107341.9355,2501276097542.9043
331740,234,234,2447613521000.0,10459886841.880342,0.0,0.9669421487603306,ST,73717491960.0,아우토크립트,N,D2,0.0,977429821917.4918
458870,461,461,4793162171000.0,10397314904.555317,0.0,1.9049586776859504,ST,1370150640000.0,씨어스,N,D2,689205932019.3549,1914101064986.7988
215100,606,606,6269737278000.0,10346101118.811882,0.0,2.5041322314049586,ST,80885104650.0,로보로보,N,D2,0.0,2503756470752.4756
256840,606,606,6226254424500.0,10274347235.148516,0.0,2.5041322314049586,ST,171329189430.0,한국비엔씨,N,D2,283859263032.25806,2486392030905.941
044490,596,596,6119801595000.0,10268123481.543625,0.0,2.462809917355372,ST,589217370450.0,태웅,N,D2,3206823844400.0,2443881165000.0
464280,449,449,4590418402000.0,10223649002.22717,0.0,1.8553719008264464,ST,32129300000.0,티디에스팜,N,D2,0.0,1833137381656.7659
115450,595,595,6069060015000.0,10200100865.54622,0.0,2.458677685950413,ST,138627870585.0,HLB테라퓨틱스,N,D2,286202228187.0968,2423618025792.079
082270,581,581,5914777903500.0,10180340625.64544,0.0,2.400826446280992,ST,495372381570.0,젬백스,N,D2,2689514196245.1616,2362007017569.307
402490,605,605,6146290994500.0,10159158668.59504,0.0,2.5,ST,137852666380.0,그린리소스,N,D2,248311955632.2581,2454459440047.855
023160,606,606,6153023358500.0,10153503891.914192,0.0,2.5041322314049586,ST,614346997500.0,태광,N,D2,1372916190800.0,2457147941843.2344
452280,576,576,5834572654000.0,10129466413.194445,0.0,2.3801652892561984,ST,218461054500.0,한선엔지니어링,N,D2,339082740309.6774,2329977858528.0527
158430,596,596,6029925076000.0,10117323953.020134,0.0,2.462809917355372,ST,98540420300.0,아톤,N,D2,234301879296.7742,2407989881834.9834
195940,606,606,6116245595000.0,10092814513.20132,0.0,2.5041322314049586,ST,1155859552800.0,HK이노엔,N,D2,1807909695864.516,2442461112194.7197
024840,585,585,5892962356500.0,10073439925.641026,0.0,2.4173553719008263,ST,205130629860.0,KBI메탈,N,D2,0.0,2353295198470.2974
411080,606,606,6100544666500.0,10066905390.264029,0.0,2.5041322314049586,ST,62826330370.0,샌즈랩,N,D2,406526946703.2258,2436191104443.8945
117730,586,586,5864533669000.0,10007736636.518772,0.0,2.4214876033057853,ST,277463928900.0,티로보틱스,N,D2,1300399793212.9033,2341942488280.5283
009520,606,606,6062373080000.0,10003915973.59736,0.0,2.5041322314049586,ST,483471781830.0,포스코엠텍,N,D2,2301778953916.129,2420947665610.561
439090,606,606,6047502363000.0,9979376836.633663,0.0,2.5041322314049586,ST,270652722600.0,마녀공장,N,D2,1069160936019.3549,2415009194465.3467
489500,328,328,3265568107000.0,9956000326.219513,0.0,1.3553719008264462,ST,127824760000.0,엘케이켐,N,D2,231634684103.22583,1304071752300.33
074600,606,606,6012998469500.0,9922439718.646864,0.0,2.5041322314049586,ST,818871200000.0,원익QnC,N,D2,1517784109032.258,2401230411912.5415
294090,254,254,2519010012500.0,9917362253.937008,0.0,1.0495867768595042,ST,62295566450.0,이오플로우,N,D2,0.0,1005941292120.462
394280,606,606,5995002240500.0,9892742971.122112,0.0,2.5041322314049586,ST,308517866300.0,오픈엣지테크놀로지,N,D2,875201583974.1936,2394043799011.5513
147830,606,606,5994168007000.0,9891366348.184818,0.0,2.5041322314049586,ST,137400000000.0,제룡산업,N,D2,184724628922.58066,2393710656260.726
108860,606,606,5982520515000.0,9872146064.356436,0.0,2.5041322314049586,ST,193248192200.0,셀바스AI,N,D2,2572551478341.9355,2389059347574.2573
274090,593,593,5809852856500.0,9797390989.038786,0.0,2.450413223140496,ST,149587888020.0,켄코아에어로스페이스,N,D2,684474954580.6451,2320106256226.0728
025980,605,605,5862525496500.0,9690124787.603306,0.0,2.5,ST,386284930300.0,아난티,N,D2,3041294390838.71,2341140544806.9307
444530,311,311,2999686622000.0,9645294604.501608,0.0,1.2851239669421488,ST,31643914920.0,심플랫폼,N,D2,0.0,1197894657630.363
240550,336,336,3237782310500.0,9636256876.488094,0.0,1.3884297520661155,ST,128115712800.0,동방메디컬,N,D2,137846940070.96774,1292975774160.0662
489460,272,272,2610706965000.0,9598187371.32353,0.0,1.1239669421487604,ST,95080797600.0,바이오비쥬,N,D2,385462827200.0,1042559547079.208
199480,445,445,4267814671000.0,9590594766.292135,0.0,1.838842975206612,ST,28499463460.0,뱅크웨어글로벌,N,D2,0.0,1704308829013.2014
189300,606,606,5806423866500.0,9581557535.478548,0.0,2.5041322314049586,ST,778468532500.0,인텔리안테크,N,D2,1755294764690.3228,2318736923585.8086
140670,606,606,5797454347000.0,9566756348.184818,0.0,2.5041322314049586,ST,122748870400.0,알에스오토메이션,N,D2,77444459045.1613,2315155036260.726
054540,596,596,5693724257000.0,9553228619.127518,0.0,2.462809917355372,ST,89180000000.0,삼영엠텍,N,D2,0.0,2273731468966.9966
036830,606,606,5779515842000.0,9537154854.78548,0.0,2.5041322314049586,ST,730966922650.0,솔브레인홀딩스,N,D2,586260359974.1936,2307991474858.086
290690,546,546,5203104910500.0,9529496173.076923,0.0,2.256198347107438,ST,267206018800.0,소룩스,N,D2,210438087554.8387,2077807571519.802
099440,596,596,5631714814000.0,9449185929.5302,0.0,2.462809917355372,ST,188351767440.0,스맥,N,D2,131240756935.48387,2248968622092.409
089970,585,585,5503095065000.0,9407000111.11111,0.0,2.4173553719008263,ST,2561424283000.0,브이엠,N,D2,1719204283606.4517,2197605620016.5017
088340,442,442,4136734017000.0,9359126735.294115,0.0,1.8264462809917357,ST,28804828800.0,유라클,N,D2,0.0,1651963089297.0298
052400,566,566,5290047463000.0,9346373609.540636,0.0,2.338842975206612,ST,653891765900.0,코나아이,N,D2,2988030277490.3228,2112527204696.3696
086900,606,606,5630935931500.0,9291973484.323433,0.0,2.5041322314049586,ST,530600731900.0,메디톡스,N,D2,537720081941.9355,2248657583206.2705
451250,528,528,4848893127500.0,9183509711.174242,0.0,2.1818181818181817,ST,77205371350.0,삐아,N,D2,237603518083.87097,1936356661476.8977
059090,551,551,5024956925500.0,9119704039.019964,0.0,2.2768595041322315,ST,572429407140.0,미코,N,D2,1596995620070.9678,2006665966948.845
241710,586,586,5334915371500.0,9103951145.904436,0.0,2.4214876033057853,ST,886440000000.0,코스메카코리아,N,D2,699322577303.2258,2130444752315.1816
378340,606,606,5504018401500.0,9082538616.336634,0.0,2.5041322314049586,ST,250636153560.0,필에너지,N,D2,849675396651.6129,2197974345153.4656
389140,579,579,5254105034000.0,9074447381.692574,0.0,2.3925619834710745,ST,72775648500.0,포바이포,N,D2,306911930103.2258,2098173957471.9473
049630,563,563,5104686183500.0,9066938158.969805,0.0,2.3264462809917354,ST,157344115760.0,재영솔루텍,N,D2,0.0,2038505043575.9077
225190,587,587,5318710720500.0,9060835980.40886,0.0,2.425619834710744,ST,52428519360.0,LK삼양,N,D2,0.0,2123973588054.4556
078140,606,606,5445946726500.0,8986710769.801981,0.0,2.5041322314049586,ST,85920987250.0,대봉엘에스,N,D2,95291003535.48387,2174784006292.0793
482630,343,343,3068243658500.0,8945316788.629738,0.0,1.4173553719008265,ST,317817825600.0,삼양엔씨켐,N,D2,260531097696.7742,1225272220061.0562
336570,606,606,5408381710000.0,8924722293.729372,0.0,2.5041322314049586,ST,514192908040.0,원텍,N,D2,1474531371748.3872,2159782795082.5083
166090,606,606,5350379704000.0,8829009412.541254,0.0,2.5041322314049586,ST,1115460813600.0,하나머티리얼즈,N,D2,1505531261832.258,2136620277834.9836
441270,596,596,5235995496000.0,8785227342.28188,0.0,2.462809917355372,ST,272024984090.0,파인엠텍,N,D2,426307032941.9355,2090942095762.3762
064760,606,606,5296079210000.0,8739404636.963696,0.0,2.5041322314049586,ST,2593624512000.0,티씨케이,N,D2,852520500096.7742,2114935922145.2146
140410,534,534,4655447621000.0,8718066705.99251,0.0,2.206611570247934,ST,1720196652200.0,메지온,N,D2,1818370438606.4517,1859106145679.8682
261520,133,133,1158611716500.0,8711366289.473684,0.0,0.5495867768595041,ST,42601481000.0,이지스,N,D2,0.0,462679926391.0891
368770,606,606,5275413838500.0,8705303363.861385,0.0,2.5041322314049586,ST,446817460000.0,파이버프로,N,D2,183064249748.38712,2106683414054.4556
079370,605,605,5252432513000.0,8681706633.057852,0.0,2.5,ST,303035992300.0,제우스,N,D2,606011368741.9355,2097506053046.2048
136150,279,279,2413280284500.0,8649750123.655914,0.0,1.1528925619834711,ST,70987324100.0,원일티엔아이,N,D2,993394378509.6775,963719189519.802
383310,606,606,5189371680500.0,8563319604.785479,0.0,2.5041322314049586,ST,587298096000.0,에코프로에이치엔,N,D2,779641385103.2258,2072323344358.086
114190,606,606,5169398998500.0,8530361383.663366,0.0,2.5041322314049586,ST,236152263520.0,강원에너지,N,D2,1045103342870.9678,2064347454846.5347
462350,472,472,3993432211500.0,8460661465.042373,0.0,1.950413223140496,ST,236226692520.0,이노스페이스,N,D2,532951479748.38715,1594736955747.525
376300,606,606,5069597903000.0,8365673107.260726,0.0,2.5041322314049586,ST,534114135000.0,디어유,N,D2,878193832006.4517,2024492891957.0957
033500,592,592,4927988635000.0,8324305126.689189,0.0,2.446280991735537,ST,499924864980.0,동성화인텍,N,D2,1259186749025.8064,1967942656221.1223
333430,605,605,5028153524500.0,8310997561.157024,0.0,2.5,ST,99247392810.0,일승,N,D2,0.0,2007942496582.5083
330860,596,596,4945840436500.0,8298389994.127517,0.0,2.462809917355372,ST,484315788750.0,네패스아크,N,D2,0.0,1975071593453.7954
067080,596,596,4921869699500.0,8258170636.7449665,0.0,2.462809917355372,ST,166246684500.0,대화제약,N,D2,1427748290845.1614,1965499120922.4424
253840,606,606,5000283336500.0,8251292634.488449,0.0,2.5041322314049586,ST,63875308000.0,수젠텍,N,D2,0.0,1996812817546.2048
003380,606,606,4993767002000.0,8240539607.260726,0.0,2.5041322314049586,ST,1160378233560.0,하림지주,N,D2,1859331812941.9355,1994210584957.0957
187660,538,538,4429687474500.0,8233619841.078067,0.0,2.2231404958677685,ST,283987215360.0,페니트리움바이오,N,D2,0.0,1768951103678.218
475460,347,347,2856010331000.0,8230577322.766571,0.0,1.4338842975206612,ST,33596823750.0,미트박스,N,D2,0.0,1140518977066.0066
140860,606,606,4935863139500.0,8144988679.042904,0.0,2.5041322314049586,ST,1887165395500.0,파크시스템스,N,D2,706316064264.5161,1971087260328.383
396470,606,606,4903100960500.0,8090925677.392739,0.0,2.5041322314049586,ST,89788400000.0,워트,N,D2,185851658051.6129,1958004013929.043
060280,606,606,4830135428500.0,7970520509.075908,0.0,2.5041322314049586,ST,359372770900.0,큐렉소,N,D2,2292333606483.871,1928865963196.3696
200470,596,596,4748725962000.0,7967661010.067114,0.0,2.462809917355372,ST,243582034750.0,에이팩트,N,D2,0.0,1896355912217.8218
131290,596,596,4731322047000.0,7938459810.402684,0.0,2.462809917355372,ST,2981055115500.0,티에스이,N,D2,749890931651.6129,1889405833950.495
077360,606,606,4810013539500.0,7937316071.782178,0.0,2.5041322314049586,ST,433468999080.0,덕산하이메탈,N,D2,0.0,1920830489371.287
015750,606,606,4804222495000.0,7927759892.739274,0.0,2.5041322314049586,ST,476000000000.0,성우하이텍,N,D2,1784460333025.8064,1918517894042.9043
452430,564,564,4465094113000.0,7916833533.687943,0.0,2.330578512396694,ST,255918051000.0,사피엔반도체,N,D2,472270568354.83875,1783090388359.736
033340,467,467,3690903267500.0,7903433120.985011,0.0,1.9297520661157024,ST,52644152994.0,좋은사람들,N,D2,0.0,1473925067219.472
297890,606,606,4786940929500.0,7899242457.920792,0.0,2.5041322314049586,ST,126460640306.0,HB솔루션,N,D2,10934347670.967743,1911616674816.8318
393890,606,606,4776331045500.0,7881734398.514852,0.0,2.5041322314049586,ST,302219275920.0,더블유씨피,N,D2,472837874122.5807,1907379724440.5942
177900,366,366,2879751953000.0,7868174734.972677,0.0,1.512396694214876,ST,40965438000.0,쓰리에이로직스,N,D2,0.0,1149999954828.3828
038110,606,606,4699753435000.0,7755368704.620462,0.0,2.5041322314049586,ST,83162127400.0,에코플라스틱,N,D2,0.0,1876799226518.1519
389500,596,596,4608421325500.0,7732250546.14094,0.0,2.462809917355372,ST,238219124000.0,에스비비테크,N,D2,0.0,1840326667938.944
052420,589,589,4545426138500.0,7717192085.73854,0.0,2.4338842975206614,ST,86801300190.0,오성첨단소재,N,D2,0.0,1815170174120.4622
460940,462,462,3561492761500.0,7708858791.125541,0.0,1.9090909090909087,ST,59472337600.0,피앤에스로보틱스,N,D2,0.0,1422246284295.3796
388790,562,562,4326779198500.0,7698895370.996441,0.0,2.322314049586777,ST,148784817600.0,라이콤,N,D2,0.0,1727855719533.0034
214370,576,576,4434142497000.0,7698164057.291667,0.0,2.3801652892561984,ST,3281986500000.0,케어젠,N,D2,1905102116819.355,1770730172069.3071
047310,596,596,4573257548500.0,7673250920.302013,0.0,2.462809917355372,ST,116605254675.0,파워로직스,N,D2,18265718154.83871,1826284367552.8054
053050,606,606,4640231877500.0,7657148312.70627,0.0,2.5041322314049586,ST,56556607942.0,지에스이,N,D2,0.0,1853029891674.9175
378800,576,576,4396975662500.0,7633638302.951389,0.0,2.3801652892561984,ST,25757368267.0,샤페론,N,D2,0.0,1755887970833.3335
393210,606,606,4624163896000.0,7630633491.749175,0.0,2.5041322314049586,ST,34664287680.0,토마토시스템,N,D2,0.0,1846613305003.3005
213420,606,606,4623852089500.0,7630118959.570957,0.0,2.5041322314049586,ST,748660046850.0,덕산네오룩스,N,D2,1040513735587.0968,1846488788216.1716
413630,487,487,3706654603500.0,7611200417.864476,0.0,2.012396694214876,ST,79067432850.0,씨피시스템,N,D2,0.0,1480215204698.0198
425040,606,606,4600775835500.0,7592039332.508251,0.0,2.5041322314049586,ST,222078956740.0,티이엠씨,N,D2,96104769909.67743,1837273518466.9968
450950,346,346,2615508441000.0,7559272950.867052,0.0,1.4297520661157024,ST,237430105520.0,아스테라시스,N,D2,381618789129.0323,1044476968188.1189
163730,594,594,4452040721500.0,7495018049.6633,0.0,2.4545454545454546,ST,114269468670.0,핑거,N,D2,0.0,1777877647859.736
126730,522,522,3900753520000.0,7472707892.720306,0.0,2.15702479338843,ST,135586147960.0,코칩,N,D2,0.0,1557726653201.3203
041440,606,606,4522484476000.0,7462845669.966997,0.0,2.5041322314049586,ST,118290550560.0,현대에버다임,N,D2,200371428541.9355,1806008652132.0132
294630,586,586,4357945794500.0,7436767567.406143,0.0,2.4214876033057853,ST,70793566515.0,서남,N,D3,0.0,1740301785922.4424
014940,606,606,4501410943500.0,7428070863.861386,0.0,2.5041322314049586,ST,213284733480.0,오리엔탈정공,N,D3,1941775569658.0647,1797593149054.4556
094360,606,606,4463430395500.0,7365396692.244225,0.0,2.5041322314049586,ST,260107237320.0,칩스앤미디어,N,D3,1114220631877.4194,1782425999523.1023
474610,391,391,2866880205000.0,7332174437.340154,0.0,1.615702479338843,ST,94419691000.0,RF시스템즈,N,D3,0.0,1144859751831.683
408900,605,605,4421669863000.0,7308545228.099174,0.0,2.5,ST,36388504119.0,스튜디오미르,N,D3,0.0,1765749351231.0232
205470,588,588,4291504225000.0,7298476573.1292515,0.0,2.4297520661157024,ST,57122627315.0,휴마시스,N,D3,0.0,1713769013943.8945
462510,495,495,3606455962000.0,7285769620.202021,0.0,2.0454545454545454,ST,24956405775.0,라메디텍,N,D3,0.0,1440201885815.1816
013990,606,606,4414389290500.0,7284470776.40264,0.0,2.5041322314049586,ST,116586315120.0,아가방컴퍼니,N,D3,647846064090.3226,1762841927889.439
211270,606,606,4411782530000.0,7280169191.419142,0.0,2.5041322314049586,ST,136645674240.0,AP위성,N,D3,246627507606.45163,1761800944323.4324
073570,270,270,1965249580500.0,7278702150.0,0.0,1.115702479338843,ST,20114375088.0,리튬포어스,N,D3,0.0,784802637757.4258
272290,606,606,4391828468000.0,7247241696.369637,0.0,2.5041322314049586,ST,452581454300.0,이녹스첨단소재,N,D3,1625080868400.0,1753832490521.4521
464500,429,429,3098540287000.0,7222704631.701632,0.0,1.7727272727272727,ST,26139415284.0,아이언디바이스,N,D3,0.0,1237370873686.4688
204620,606,606,4375108163000.0,7219650433.9934,0.0,2.5041322314049586,ST,357742149700.0,글로벌텍스프리,N,D3,328285098438.7097,1747155405026.4028
032500,606,606,4371160716500.0,7213136495.874587,0.0,2.5041322314049586,ST,740886269560.0,케이엠더블유,N,D3,1974786282238.7097,1745579032001.6501
033790,575,575,4130963928500.0,7184285093.043478,0.0,2.37603305785124,ST,504097416350.0,피노,N,D3,21523254393.54839,1649658862536.3037
252990,606,606,4337784408500.0,7158060080.033003,0.0,2.5041322314049586,ST,704549301300.0,샘씨엔에스,N,D3,10311915083.870968,1732250539367.9868
115500,596,596,4263798733500.0,7154024720.637584,0.0,2.462809917355372,ST,105120000000.0,케이씨에스,N,D3,279261566703.2258,1702705104797.0298
082920,594,594,4247834295500.0,7151236187.710438,0.0,2.4545454545454546,ST,1410057734700.0,비츠로셀,N,D3,1929905868567.742,1696329867179.8682
005860,606,606,4285861672000.0,7072378996.69967,0.0,2.5041322314049586,ST,96342009825.0,한일사료,N,D3,64488473819.35484,1711515717201.3203
101170,596,596,4200206789000.0,7047326827.181208,0.0,2.462809917355372,ST,103005000000.0,우림피티에스,N,D3,0.0,1677310301877.888
475430,263,263,1850305614500.0,7035382564.638783,0.0,1.0867768595041325,ST,81565862700.0,키스트론,N,D3,87728145219.35484,738900921962.0463
053800,606,606,4251479517000.0,7015642767.326733,0.0,2.5041322314049586,ST,617521083000.0,안랩,N,D3,820770634838.7097,1697785549693.0693
250060,596,596,4154732229500.0,6971027230.704698,0.0,2.462809917355372,ST,87827687220.0,모비스,N,D3,0.0,1659150494288.779
025950,582,582,4033648833500.0,6930668098.797251,0.0,2.4049586776859506,ST,114828000000.0,동신건설,N,D3,996393978658.0646,1610797058922.4424
419530,574,574,3958524454500.0,6896384067.073171,0.0,2.371900826446281,ST,284784702300.0,SAMG엔터,N,D3,805973165445.1614,1580796894371.287
042370,606,606,4151155005000.0,6850090767.326733,0.0,2.5041322314049586,ST,227416217000.0,비츠로테크,N,D3,306024233509.6774,1657721965693.0693
174900,370,370,2524209122500.0,6822186817.567568,0.0,1.5289256198347108,ST,468875031500.0,앱클론,N,D3,0.0,1008017504364.6865
457370,411,411,2785815296000.0,6778139406.326034,0.0,1.6983471074380163,ST,65222664060.0,한켐,N,D3,0.0,1112487296422.4424
089890,586,586,3960694853000.0,6758864936.860068,0.0,2.4214876033057853,ST,552279234600.0,코세스,N,D3,436643729606.4516,1581663621165.0166
046120,576,576,3891338327000.0,6755795706.597222,0.0,2.3801652892561984,ST,169954273660.0,오르비텍,N,D3,0.0,1553966790650.165
085670,606,606,4084666801500.0,6740374259.900991,0.0,2.5041322314049586,ST,80730007495.0,뉴프렉스,N,D3,10928175109.67742,1631170570896.0398
069540,557,557,3744305662500.0,6722272284.560143,0.0,2.301652892561984,ST,262008660525.0,빛과전자,N,D3,0.0,1495250776113.8616
418620,570,570,3831379891000.0,6721719107.017544,0.0,2.355371900826446,ST,14173240578.0,E8,N,D3,0.0,1530022992775.5776
435570,310,310,2081421957000.0,6714264377.419354,0.0,1.28099173553719,ST,48748691200.0,에르코스,N,D3,447275351670.9678,831194906920.7921
094170,596,596,4000745523000.0,6712660273.489933,0.0,2.462809917355372,ST,657617487200.0,동운아나텍,N,D3,886517197180.6451,1597657453079.208
095500,606,606,4036706337500.0,6661231580.033003,0.0,2.5041322314049586,ST,235675992400.0,미래나노텍,N,D3,1474092694445.1614,1612018042367.9868
267320,606,606,4036509215500.0,6660906296.20462,0.0,2.5041322314049586,ST,120572119500.0,나인테크,N,D3,0.0,1611939323681.5183
430690,595,595,3937629100500.0,6617864034.453781,0.0,2.458677685950413,ST,24623387040.0,한싹,N,D3,0.0,1572452545084.1584
207760,606,606,4005935267500.0,6610454236.79868,0.0,2.5041322314049586,ST,41124492585.0,미스터블루,N,D3,0.0,1599729925305.2805
123410,606,606,3993653114500.0,6590186657.590759,0.0,2.5041322314049586,ST,155353137120.0,코리아에프티,N,D3,15545297012.903227,1594825171136.9639
412540,224,224,1471842397000.0,6570724986.607142,0.0,0.9256198347107438,ST,81063616775.0,제일엠앤에스,N,D3,606879012.9032258,587765445666.6667
058970,606,606,3976385628000.0,6561692455.445544,0.0,2.5041322314049586,ST,192859586400.0,엠로,N,D3,547642423864.5162,1587929574217.8218
416180,596,596,3885397298500.0,6519122984.060403,0.0,2.462809917355372,ST,178897206620.0,신성에스티,N,D3,827855404200.0,1551594300721.122
036200,606,606,3921613342000.0,6471309145.214521,0.0,2.5041322314049586,ST,275671364770.0,유니셈,N,D3,659895264387.0968,1566056813141.9143
413390,392,392,2521362854000.0,6432048096.938775,0.0,1.6198347107438016,ST,71797116000.0,엠오티,N,D3,0.0,1006880875689.769
054920,606,606,3881524972000.0,6405156719.471948,0.0,2.5041322314049586,ST,88883805150.0,한컴위드,N,D3,0.0,1550047926112.2112
053300,606,606,3862925819500.0,6374465048.679868,0.0,2.5041322314049586,ST,174338757320.0,한국정보인증,N,D3,173211366509.67743,1542620541780.528
314930,605,605,3819267160000.0,6312838280.991735,0.0,2.5,ST,255376003740.0,바이오다인,N,D3,267330196206.45163,1525185895577.5579
0010V0,208,208,1310903401500.0,6302420199.519231,0.0,0.859504132231405,ST,37933122000.0,제이피아이헬스케어,N,D3,0.0,523496077826.7327
458650,404,404,2536086878500.0,6277442768.564357,0.0,1.6694214876033058,ST,131499155800.0,성우,N,D3,103137495219.35484,1012760766661.7162
420770,596,596,3725534230000.0,6250896359.060403,0.0,2.462809917355372,ST,2085162191000.0,기가비스,N,D3,712502713858.0646,1487754593498.3499
126700,606,606,3774971875500.0,6229326527.227723,0.0,2.5041322314049586,ST,149271698880.0,하이비젼시스템,N,D3,65620781670.96774,1507497019589.109
126340,586,586,3647142962500.0,6223793451.365188,0.0,2.4214876033057853,ST,515553725200.0,비나텍,N,D3,969593111761.2904,1456449829909.241
047770,606,606,3771543927500.0,6223669847.359736,0.0,2.5041322314049586,ST,106526924630.0,코데즈컴바인,N,D3,0.0,1506128103061.0562
064290,598,598,3719717235000.0,6220262934.782609,0.0,2.471074380165289,ST,579491010000.0,인텍플러스,N,D3,6850081664.5161295,1485431635099.01
086390,606,606,3749546848000.0,6187371036.303631,0.0,2.5041322314049586,ST,229093925840.0,유니테스트,N,D3,1011784172406.4517,1497343790785.4785
033160,596,596,3652842331000.0,6128930085.57047,0.0,2.462809917355372,ST,414935091900.0,엠케이전자,N,D3,136087161348.3871,1458725815349.835
373110,475,475,2910795246000.0,6127989991.578947,0.0,1.962809917355372,ST,21081866286.0,엑셀세라퓨틱스,N,D3,0.0,1162396781405.9407
452400,584,584,3552370063000.0,6082825450.342465,0.0,2.413223140495868,ST,51707139600.0,이닉스,N,D3,0.0,1418603226478.5479
085660,606,606,3682692964000.0,6077051095.709571,0.0,2.5041322314049586,ST,948323029200.0,차바이오텍,N,D3,1135969367038.7097,1470646365161.7163
228760,606,606,3666883197500.0,6050962372.112211,0.0,2.5041322314049586,ST,275937142200.0,지노믹트리,N,D3,670707815019.3549,1464332894051.1553
451760,606,606,3646366883500.0,6017107068.481848,0.0,2.5041322314049586,ST,142792245100.0,컨텍,N,D3,145811139774.19354,1456139910572.6074
000440,606,606,3645205563000.0,6015190698.019802,0.0,2.5041322314049586,ST,86993006100.0,중앙에너비스,N,D3,451537924058.0645,1455676148920.7922
199550,584,584,3510099931500.0,6010445088.184932,0.0,2.413223140495868,ST,44537373000.0,레이저옵텍,N,D3,0.0,1401723074955.4456
003310,596,596,3570594141000.0,5990929766.778523,0.0,2.462809917355372,ST,57901884600.0,대주산업,N,D3,0.0,1425880828584.1584
338220,606,606,3609838428500.0,5956829089.933993,0.0,2.5041322314049586,ST,110894438160.0,뷰노,N,D3,477112281090.3226,1441552639764.0264
282720,606,606,3591753362500.0,5926985746.69967,0.0,2.5041322314049586,ST,86048450000.0,금양그린파워,N,D3,161753101329.03226,1434330550701.3203
122640,606,606,3587638385500.0,5920195355.610561,0.0,2.5041322314049586,ST,679954842000.0,예스티,N,D3,1502179690638.7097,1432687276057.7559
452200,513,513,3022636769500.0,5892079472.709552,0.0,2.1198347107438016,ST,37959168000.0,민테크,N,D3,6595919993.548388,1207059568018.1519
304360,438,438,2578154787000.0,5886198143.835616,0.0,1.8099173553719008,ST,248941072800.0,에스바이오메딕스,N,D3,534038304090.3226,1029560162465.3466
460470,459,459,2683917145000.0,5847314041.394336,0.0,1.896694214876033,ST,44526544650.0,아이빔테크놀로지,N,D3,0.0,1071795295528.0529
382900,605,605,3487900170000.0,5765124247.933885,0.0,2.5,ST,145783040000.0,범한퓨얼셀,N,D3,1191875345206.4517,1392857823663.3665
086960,586,586,3371006048500.0,5752570048.634812,0.0,2.4214876033057853,ST,85057340000.0,MDS테크,N,D3,0.0,1346177332899.34
317830,606,606,3476532610500.0,5736852492.574258,0.0,2.5041322314049586,ST,53276530010.0,에스피시스템스,N,D3,0.0,1388318303202.9705
465480,413,413,2366035773500.0,5728900177.966102,0.0,1.706611570247934,ST,36800112360.0,인스피언,N,D3,0.0,944852569615.5116
035760,606,606,3468855621000.0,5724184193.069307,0.0,2.5041322314049586,ST,706118758800.0,CJ ENM,N,D3,419090585916.129,1385252574722.7725
354320,592,592,3362646540500.0,5680146183.277027,0.0,2.446280991735537,ST,199091518150.0,알멕,N,D3,44526800929.03226,1342839047526.4026
045660,593,593,3361377814500.0,5668428017.706576,0.0,2.450413223140496,ST,65749600000.0,에이텍,N,D3,568214818883.871,1342332394569.307
078350,606,606,3431064204500.0,5661822119.636964,0.0,2.5041322314049586,ST,350620786000.0,한양디지텍,N,D3,639324972425.8065,1370160952952.1453
080580,591,591,3342475015000.0,5655626082.910321,0.0,2.4421487603305785,ST,299069741900.0,오킨스전자,N,D3,0.0,1334783751864.6865
352480,606,606,3418426348500.0,5640967571.782178,0.0,2.5041322314049586,ST,275324000200.0,씨앤씨인터내셔널,N,D3,340099518141.9355,1365114152371.287
348210,606,606,3415914295000.0,5636822268.976897,0.0,2.5041322314049586,ST,425366403000.0,넥스틴,N,D3,474875653077.4194,1364110989092.4094
032940,595,595,3324806881500.0,5587910725.210084,0.0,2.458677685950413,ST,107885853900.0,원익,N,D3,0.0,1327728160599.01
039860,595,595,3316616622500.0,5574145584.033613,0.0,2.458677685950413,ST,141706157160.0,나노엔텍,N,D3,19952578374.19355,1324457463110.561
053580,586,586,3248961147500.0,5544302299.488054,0.0,2.4214876033057853,ST,81224313720.0,웹케시,N,D3,168675000787.09677,1297439930189.769
451220,606,606,3334069542500.0,5501764921.617162,0.0,2.5041322314049586,ST,81423477740.0,아이엠티,N,D3,0.0,1331427111031.3533
138610,606,606,3332264380500.0,5498786106.435643,0.0,2.5041322314049586,ST,183248823160.0,나이벡,N,D3,1627032402458.0647,1330706237757.4258
357880,595,595,3268720639000.0,5493648132.773109,0.0,2.458677685950413,ST,136850024080.0,SKAI,N,D3,0.0,1305330684221.122
110990,606,606,3319441964000.0,5477627003.30033,0.0,2.5041322314049586,ST,343980000000.0,디아이티,N,D3,413011754348.3871,1325585734798.68
064550,606,606,3313950393000.0,5468565004.950495,0.0,2.5041322314049586,ST,165443965310.0,바이오니아,N,D3,350384507993.5484,1323392731198.0198
024740,596,596,3252428121500.0,5457094163.590604,0.0,2.462809917355372,ST,69741743880.0,한일단조,N,D3,0.0,1298824431358.086
049070,606,606,3299241140000.0,5444292310.231023,0.0,2.5041322314049586,ST,298174032770.0,인탑스,N,D3,634505301206.4517,1317518739075.9077
039240,606,606,3295244093500.0,5437696523.927393,0.0,2.5041322314049586,ST,54094106020.0,경남스틸,N,D3,0.0,1315922558790.4292
377480,606,606,3294610449500.0,5436650906.7656765,0.0,2.5041322314049586,ST,64774605250.0,마음AI,N,D3,338952438141.9355,1315669519437.2937
289930,408,408,2209575656000.0,5415626607.843137,0.0,1.6859504132231404,ST,110451684000.0,웨이비스,N,D3,24217913464.51613,882371796620.462
372320,606,606,3275942256500.0,5405845307.755775,0.0,2.5041322314049586,ST,399680347500.0,큐로셀,N,D3,919026323387.0968,1308214564476.8977
473980,396,396,2138927720500.0,5401332627.525252,0.0,1.6363636363636365,ST,128841101300.0,노머스,N,D3,524629041200.0,854159254721.1222
293490,606,606,3265421048000.0,5388483577.557755,0.0,2.5041322314049586,ST,894425510100.0,카카오게임즈,N,D3,1215001384335.484,1304013025768.977
469750,440,440,2364699100500.0,5374316137.5,0.0,1.818181818181818,ST,22155517283.0,아이비젼웍스,N,D3,0.0,944318782707.9209
351330,606,606,3230145466000.0,5330273046.20462,0.0,2.5041322314049586,ST,31164835200.0,이삭엔지니어링,N,D3,0.0,1289926077181.5183
327260,574,574,3058853463000.0,5329013001.74216,0.0,2.371900826446281,ST,469546047000.0,RF머트리얼즈,N,D3,0.0,1221522340009.9011
254490,596,596,3167270792500.0,5314212739.09396,0.0,2.462809917355372,ST,242702780000.0,미래반도체,N,D3,582925793574.1936,1264817709216.1716
093520,606,606,3215815415500.0,5306626098.184818,0.0,2.5041322314049586,ST,209829386310.0,매커스,N,D3,470147098761.29034,1284203515760.726
201490,578,578,3066337744500.0,5305082602.941176,0.0,2.3884297520661155,ST,67247256930.0,미투온,N,D3,0.0,1224511112490.099
046970,568,568,3012815433000.0,5304252522.887324,0.0,2.347107438016529,ST,218248495020.0,우리로,N,D3,0.0,1203137516148.515
417010,596,596,3161159443000.0,5303958796.979866,0.0,2.462809917355372,ST,99249821760.0,나노팀,N,D3,182046946541.9355,1262377203310.2312
417840,593,593,3141825953500.0,5298188791.736931,0.0,2.450413223140496,ST,290898526320.0,저스템,N,D3,0.0,1254656568889.439
054450,606,606,3207116357000.0,5292271216.1716175,0.0,2.5041322314049586,ST,164920697370.0,텔레칩스,N,D3,16185908483.870968,1280729634313.5315
046890,596,596,3145911470500.0,5278374950.503356,0.0,2.462809917355372,ST,586552324000.0,서울반도체,N,D3,3394363814670.968,1256288078978.5479
103840,596,596,3143516360000.0,5274356308.724833,0.0,2.462809917355372,ST,33387513120.0,우양,N,D3,0.0,1255331615709.571
099220,606,606,3174352501000.0,5238205447.194719,0.0,2.5041322314049586,ST,49977813900.0,SDN,N,D3,0.0,1267645718221.122
340570,606,606,3174019586000.0,5237656082.508251,0.0,2.5041322314049586,ST,429158400000.0,티앤엘,N,D3,361911912574.19354,1267512771966.9968
140430,486,486,2541459330000.0,5229340185.185185,0.0,2.008264462809917,ST,19187665065.0,카티스,N,D3,0.0,1014906201089.109
006730,606,606,3165881403500.0,5224226738.448845,0.0,2.5041322314049586,ST,693547999170.0,서부T&D,N,D3,1135724591064.516,1264262870704.6206
405100,596,596,3087175867500.0,5179825281.040269,0.0,2.462809917355372,ST,134322059930.0,큐알티,N,D3,0.0,1232832607153.4653
370090,606,606,3122083630000.0,5151953184.818481,0.0,2.5041322314049586,ST,60496788100.0,퓨런티어,N,D3,449765184283.871,1246772670726.0728
265520,606,606,3120046500500.0,5148591584.983499,0.0,2.5041322314049586,ST,319077405200.0,AP시스템,N,D3,248168979690.3226,1245959163566.0066
033320,606,606,3117396291000.0,5144218301.980198,0.0,2.5041322314049586,ST,55240708480.0,제이씨현시스템,N,D3,0.0,1244900829079.208
208370,606,606,3117172258500.0,5143848611.386139,0.0,2.5041322314049586,ST,70400442540.0,셀바스헬스케어,N,D3,718612989812.9032,1244811363955.4456
200670,606,606,3106819891000.0,5126765496.69967,0.0,2.5041322314049586,ST,302085117000.0,휴메딕스,N,D3,646275653490.3226,1240677250201.3203
138080,583,583,2980546663000.0,5112429953.687821,0.0,2.409090909090909,ST,280975106600.0,오이솔루션,N,D3,0.0,1190251307666.6667
194480,606,606,3093039091500.0,5104024903.465346,0.0,2.5041322314049586,ST,217111785000.0,데브시스터즈,N,D3,417545344877.4194,1235174026638.614
060310,606,606,3082289067500.0,5086285589.933993,0.0,2.5041322314049586,ST,62450490080.0,3S,N,D3,0.0,1230881112764.0264
086450,606,606,3070927538500.0,5067537192.244225,0.0,2.5041322314049586,ST,867519455600.0,동국제약,N,D3,1007542785167.742,1226344000523.1023
200350,586,586,2966756780500.0,5062724881.399318,0.0,2.4214876033057853,ST,19962061925.0,아티스트스튜디오,N,D3,163835078070.96774,1184744456899.34
340450,258,258,1301616851000.0,5045026554.263566,0.0,1.0661157024793388,ST,112814282610.0,지씨지놈,N,D3,141774917793.5484,519787587363.0363
115440,586,586,2937221410000.0,5012323225.255973,0.0,2.4214876033057853,ST,83331934240.0,우리넷,N,D3,0.0,1172949803993.3994
059270,596,596,2980166665000.0,5000279639.2617445,0.0,2.462809917355372,ST,62525674400.0,해성에어로보틱스,N,D3,0.0,1190099559290.4292
475230,225,225,1114990020000.0,4955511200.0,0.0,0.9297520661157024,ST,80977214690.0,엔알비,N,D3,0.0,445260040990.09906
053080,606,606,3002631589500.0,4954837606.435643,0.0,2.5041322314049586,ST,120508210890.0,케이엔솔,N,D3,63670670729.03226,1199070700757.4258
049180,269,269,1331863738500.0,4951166314.126394,0.0,1.1115702479338845,ST,83975227728.0,셀루메드,N,D3,0.0,531866377420.7921
321370,568,568,2810934402500.0,4948828173.415493,0.0,2.347107438016529,ST,87985334918.0,센서뷰,N,D3,0.0,1122518358754.1255
460870,321,321,1586519281500.0,4942427668.224299,0.0,1.3264462809917354,ST,47172264400.0,에스엠씨지,N,D3,0.0,633560505153.4653
168360,595,595,2918360815500.0,4904808093.277311,0.0,2.458677685950413,ST,368805413790.0,펨트론,N,D3,754768490832.258,1165418015430.693
364950,284,284,1392615064000.0,4903574169.014085,0.0,1.1735537190082646,ST,33932460050.0,에이아이코리아,N,D3,0.0,556126807735.9736
242040,576,576,2816417377000.0,4889613501.736111,0.0,2.3801652892561984,ST,152959686880.0,나무기술,N,D3,0.0,1124707929429.043
484120,228,228,1107922978000.0,4859311307.017544,0.0,0.9421487603305784,ST,184084689600.0,도우인시스,N,D3,458099404329.0323,442437888904.29047
094820,578,578,2805379228000.0,4853597280.276816,0.0,2.3884297520661155,ST,179738211280.0,일진파워,N,D3,411675069690.3226,1120299955735.9736
203650,575,575,2788544891500.0,4849643289.565217,0.0,2.37603305785124,ST,231886223520.0,드림시큐리티,N,D3,188787472464.51614,1113577332909.241
038460,606,606,2936870206500.0,4846320472.772277,0.0,2.5041322314049586,ST,68620381530.0,바이오스마트,N,D3,0.0,1172809554410.891
037030,606,606,2927087543000.0,4830177463.696369,0.0,2.5041322314049586,ST,102051968000.0,파워넷,N,D3,0.0,1168902946214.5215
131400,606,606,2927031482500.0,4830084954.620462,0.0,2.5041322314049586,ST,61677597870.0,이브이첨단소재,N,D3,0.0,1168880559018.1519
102710,606,606,2904285736500.0,4792550720.2970295,0.0,2.5041322314049586,ST,602232287400.0,이엔에프테크놀로지,N,D3,705074042980.6451,1159797274311.8813
214430,606,606,2898787976500.0,4783478509.075908,0.0,2.5041322314049586,ST,441355786000.0,아이쓰리시스템,N,D3,637902938270.9678,1157601799196.3696
180400,250,250,1195220353500.0,4780881414.0,0.0,1.033057851239669,ST,246073580000.0,DXVX,N,D3,0.0,477299217074.25745
109610,606,606,2895737212500.0,4778444245.049505,0.0,2.5041322314049586,ST,111019798000.0,에스와이,N,D3,76868068909.67743,1156383507301.9802
066430,335,335,1587933822000.0,4740100961.19403,0.0,1.384297520661157,ST,85941879820.0,아이로보틱스,N,D3,0.0,634125387663.3663
190510,606,606,2871007571000.0,4737636255.775578,0.0,2.5041322314049586,ST,184658505870.0,나무가,N,D3,513550588774.19354,1146507973897.69
215600,606,606,2860522704000.0,4720334495.049505,0.0,2.5041322314049586,ST,308974447720.0,신라젠,N,D3,436771372896.77423,1142320947801.9802
293580,606,606,2839619253000.0,4685840351.485148,0.0,2.5041322314049586,ST,130623611200.0,나우IB,N,D3,0.0,1133973365059.406
351870,425,425,1988381487500.0,4678544676.470589,0.0,1.756198347107438,ST,20379332292.0,차이커뮤니케이션,N,D3,59113660064.51613,794040131971.9473
360350,559,559,2604623194000.0,4659433262.969588,0.0,2.309917355371901,ST,39099004300.0,코셈,N,D3,0.0,1040130054369.637
012860,580,580,2699422065500.0,4654175975.0,0.0,2.396694214876033,ST,178689635080.0,모베이스전자,N,D3,0.0,1077987029457.0957
322310,606,606,2820081298000.0,4653599501.650165,0.0,2.5041322314049586,ST,176559316700.0,오로스테크놀로지,N,D3,13016091780.645163,1126171079399.34
294570,596,596,2762595455500.0,4635227274.328859,0.0,2.462809917355372,ST,189724561600.0,쿠콘,N,D3,1905497139664.516,1103214686849.835
303810,333,333,1540730115000.0,4626817162.162162,0.0,1.3760330578512396,ST,79000825800.0,동국생명과학,N,D3,0.0,615275062425.7426
059120,595,595,2745629815000.0,4614503890.756303,0.0,2.458677685950413,ST,94296839900.0,아진엑스텍,N,D3,0.0,1096439629092.4093
288330,277,277,1278169358000.0,4614329812.274368,0.0,1.1446280991735538,ST,44129674368.0,파라택시스코리아,N,D3,0.0,510424067056.10565
338840,606,606,2790484621500.0,4604760101.485148,0.0,2.5041322314049586,ST,159352481970.0,와이바이오로직스,N,D3,537215246522.5807,1114351944559.406
206650,606,606,2776312294000.0,4581373422.442245,0.0,2.5041322314049586,ST,304676625030.0,유바이오로직스,N,D3,449231204258.0645,1108692368231.0232
013810,606,606,2768560380000.0,4568581485.148515,0.0,2.5041322314049586,ST,26511745230.0,스페코,N,D3,0.0,1105596719405.9407
036620,606,606,2757155628000.0,4549761762.376238,0.0,2.5041322314049586,ST,372931217600.0,감성코퍼레이션,N,D3,330431505729.0323,1101042346495.0496
418550,606,606,2756927437500.0,4549385210.39604,0.0,2.5041322314049586,ST,142318556485.0,제이오,N,D3,66172915600.0,1100951220915.8416
260970,585,585,2651909690500.0,4533178958.119658,0.0,2.4173553719008263,ST,144926975400.0,에스앤디,N,D3,409026995619.35486,1059013440760.7261
019990,606,606,2727680178500.0,4501122406.7656765,0.0,2.5041322314049586,ST,49853609680.0,에너토크,N,D3,0.0,1089271622437.2938
452300,606,606,2726200084500.0,4498680007.425742,0.0,2.5041322314049586,ST,32660709025.0,캡스톤파트너스,N,D3,0.0,1088680561797.0298
051370,606,606,2723560506000.0,4494324267.326733,0.0,2.5041322314049586,ST,163992128160.0,인터플렉스,N,D3,7090439187.096774,1087626472693.0693
253450,606,606,2715607151500.0,4481199919.966997,0.0,2.5041322314049586,ST,673310355200.0,스튜디오드래곤,N,D3,483024483948.3871,1084450380632.0133
299660,560,560,2499665284000.0,4463688007.142858,0.0,2.31404958677686,ST,37026236135.0,셀리드,N,D4,0.0,998216169518.1519
376930,596,596,2648168185500.0,4443235210.57047,0.0,2.462809917355372,ST,36006508746.0,노을,N,D4,0.0,1057519308400.9901
407400,596,596,2648085850500.0,4443097064.597316,0.0,2.462809917355372,ST,30366658050.0,꿈비,N,D4,109298557606.45161,1057486428747.5248
088800,436,436,1931361328500.0,4429727817.66055,0.0,1.8016528925619837,ST,137950254918.0,에이스테크,N,D4,0.0,771269705440.5941
425420,596,596,2635099741000.0,4421308290.268456,0.0,2.462809917355372,ST,493269880950.0,티에프이,N,D4,645457541264.5161,1052300556636.9637
387570,365,365,1610831366000.0,4413236619.178082,0.0,1.508264462809917,ST,24191370000.0,파인메딕스,N,D4,0.0,643269291372.9374
170920,596,596,2627625809000.0,4408768135.90604,0.0,2.462809917355372,ST,531375537800.0,엘티씨,N,D4,0.0,1049315917125.4126
148150,606,606,2660401676500.0,4390101776.40264,0.0,2.5041322314049586,ST,109649593530.0,세경하이테크,N,D4,304862571838.7097,1062404629889.439
114840,595,595,2585415580000.0,4345236268.907563,0.0,2.458677685950413,ST,143126283300.0,아이패밀리에스씨,N,D4,171760615541.9355,1032459687062.7063
462310,238,238,1025835087000.0,4310231457.983193,0.0,0.9834710743801652,ST,27829411400.0,뉴키즈온,N,D4,0.0,409656915930.6931
060720,606,606,2603732638500.0,4296588512.376238,0.0,2.5041322314049586,ST,242220231660.0,KH바텍,N,D4,582856433251.6129,1039774419995.0496
432430,606,606,2593835580500.0,4280256733.4983497,0.0,2.5041322314049586,ST,35492888000.0,와이랩,N,D4,0.0,1035822129506.6007
322510,605,605,2578339731500.0,4261718564.46281,0.0,2.5,ST,120397174560.0,제이엘케이,N,D4,90323021445.1613,1029634018189.769
412350,585,585,2478855356000.0,4237359582.905983,0.0,2.4173553719008263,ST,90392836170.0,레이저쎌,N,D4,0.0,989905934244.2245
052220,596,596,2512041857500.0,4214835331.375839,0.0,2.462809917355372,ST,44781000000.0,iMBC,N,D4,0.0,1003158629562.7063
300080,605,605,2536850302000.0,4193140995.041322,0.0,2.5,ST,117848920140.0,플리토,N,D4,616665691967.742,1013065632151.8152
214680,606,606,2538802400000.0,4189442904.290429,0.0,2.5041322314049586,ST,80054496704.0,디알텍,N,D4,0.0,1013845182838.2839
389260,605,605,2514012931500.0,4155393275.206612,0.0,2.5,ST,237570469500.0,대명에너지,N,D4,2003362004458.0647,1003945758123.7625
307930,606,606,2508966872000.0,4140209359.735974,0.0,2.5041322314049586,ST,94596600000.0,컴퍼니케이,N,D4,0.0,1001930665056.1057
355390,568,568,2338015181000.0,4116223910.211268,0.0,2.347107438016529,ST,27922971096.0,크라우드웍스,N,D4,0.0,933662828056.1057
232680,606,606,2481559414500.0,4094982532.178218,0.0,2.5041322314049586,ST,121969000000.0,라온로보틱스,N,D4,0.0,990985772787.1288
032620,606,606,2474919853500.0,4084026160.891089,0.0,2.5041322314049586,ST,157896345475.0,GC메디아이,N,D4,93120374387.09677,988334330935.6436
457600,362,362,1473437872500.0,4070270366.0221,0.0,1.4958677685950412,ST,39271987500.0,벡트,N,D4,0.0,588402582747.5248
221800,553,553,2239965707500.0,4050570899.638336,0.0,2.2851239669421486,ST,85673967750.0,지구홀딩스,N,D4,0.0,894507757780.5281
099430,606,606,2450316972500.0,4043427347.359736,0.0,2.5041322314049586,ST,246562888000.0,바이오플러스,N,D4,177142337225.80646,978509418061.0562
220260,606,606,2447456062500.0,4038706373.762376,0.0,2.5041322314049586,ST,116261199375.0,켐트로스,N,D4,0.0,977366942450.4951
230240,595,595,2390000544500.0,4016807637.815126,0.0,2.458677685950413,ST,239562000000.0,에치에프알,N,D4,0.0,954422659684.8185
434480,606,606,2427031025000.0,4005001691.419142,0.0,2.5041322314049586,ST,29052308000.0,모니터랩,N,D4,0.0,969210409323.4324
024850,586,586,2343892589000.0,3999816704.778157,0.0,2.4214876033057853,ST,272762942960.0,HLB이노베이션,N,D4,0.0,936009911778.8779
082800,551,551,2200693993500.0,3993999988.2032666,0.0,2.2768595041322315,ST,158781926590.0,비보존 제약,N,D4,97162364554.83871,878824994103.9604
105760,587,587,2337582554500.0,3982253074.105622,0.0,2.425619834710744,ST,36636238765.0,포스뱅크,N,D4,0.0,933490063018.1519
396270,466,466,1842492068000.0,3953845639.484978,0.0,1.925619834710744,ST,75969965610.0,넥스트칩,N,D4,62238499116.129036,735780660818.4819
042520,576,576,2276680635500.0,3952570547.7430553,0.0,2.3801652892561984,ST,357960311700.0,한스바이오메드,N,D4,427742598019.35486,909169494704.6205
388870,606,606,2393729447500.0,3950048593.234324,0.0,2.5041322314049586,ST,68872358240.0,파로스아이바이오,N,D4,35933243535.48387,955911759562.7063
218150,606,606,2393618668000.0,3949865788.7788777,0.0,2.5041322314049586,ST,36830106808.0,미래생명자원,N,D4,0.0,955867520884.4885
418470,606,606,2387618981000.0,3939965315.181518,0.0,2.5041322314049586,ST,85486574220.0,KT밀리의서재,N,D4,57948762619.35484,953471606273.9275
096250,346,346,1349797869000.0,3901149910.404625,0.0,1.4297520661157024,ST,87027883760.0,와이즈넛,N,D4,71175786283.87097,539028191910.8911
136480,600,600,2331718319000.0,3886197198.3333335,0.0,2.479338842975207,ST,296325068580.0,하림,N,D4,0.0,931148239600.6602
237820,606,606,2352766048000.0,3882452224.4224415,0.0,2.5041322314049586,ST,38224877200.0,플레이디,N,D4,0.0,939553438310.2311
362320,606,606,2348831541000.0,3875959638.6138616,0.0,2.5041322314049586,ST,99305306550.0,청담글로벌,N,D4,408966417554.83875,937982232544.5544
424960,606,606,2343626331000.0,3867370183.168317,0.0,2.5041322314049586,ST,63550099050.0,스마트레이더시스템,N,D4,102443364277.41936,935903584326.7327
278650,591,591,2284033744500.0,3864693307.106599,0.0,2.4421487603305785,ST,35039115960.0,HLB바이오스텝,N,D4,0.0,912105884767.3268
100590,596,596,2298408642500.0,3856390339.765101,0.0,2.462809917355372,ST,61873757450.0,머큐리,N,D4,0.0,917846355585.8086
091120,606,606,2322317773500.0,3832207547.029703,0.0,2.5041322314049586,ST,69816714200.0,이엠텍,N,D4,64950127851.61291,927394226381.1881
317770,596,596,2267201342000.0,3804029097.315437,0.0,2.462809917355372,ST,88678828480.0,엑스페릭스,N,D4,0.0,905384034264.0265
270520,539,539,2048143684000.0,3799895517.625232,0.0,2.227272727272727,ST,47181393600.0,앱튼,N,D4,0.0,817905563577.5577
448710,606,606,2297599011000.0,3791417509.90099,0.0,2.5041322314049586,ST,58402476600.0,코츠테크놀로지,N,D4,0.0,917523037396.0397
446540,606,606,2296711898500.0,3789953627.887789,0.0,2.5041322314049586,ST,195411625920.0,메가터치,N,D4,0.0,917168777948.845
033640,596,596,2250342710000.0,3775742802.013423,0.0,2.462809917355372,ST,508455404100.0,네패스,N,D4,900752221103.2258,898651709273.9275
027830,606,606,2275521981000.0,3754986767.3267326,0.0,2.5041322314049586,ST,52974000000.0,대성창투,N,D4,0.0,908706797693.0693
420570,550,550,2057121894500.0,3740221626.363637,0.0,2.272727272727273,ST,47656986450.0,제이투케이바이오,N,D4,0.0,821490921566.0066
235980,606,606,2256534632500.0,3723654509.075908,0.0,2.5041322314049586,ST,96313090010.0,메드팩토,N,D4,0.0,901124391196.3696
014970,592,592,2200828531500.0,3717615762.668919,0.0,2.446280991735537,ST,66341875000.0,삼륭물산,N,D4,0.0,878878720500.0
396300,606,606,2250623183500.0,3713899642.739274,0.0,2.5041322314049586,ST,84633952500.0,세아메카닉스,N,D4,0.0,898763713542.9043
042940,528,528,1959135030000.0,3710483011.363637,0.0,2.1818181818181817,ST,45342647680.0,상지건설,N,D4,0.0,782360853564.3564
115180,564,564,2090151861500.0,3705943016.843972,0.0,2.330578512396694,ST,693953518500.0,큐리언트,N,D4,668195735580.6451,834681106407.5908
131030,596,596,2199306102500.0,3690110910.2349,0.0,2.462809917355372,ST,105526608200.0,옵투스제약,N,D4,0.0,878270753803.6304
025550,606,606,2227867204000.0,3676348521.452145,0.0,2.5041322314049586,ST,58171929120.0,한국선재,N,D4,0.0,889676342191.4192
452160,596,596,2189127551500.0,3673032804.5302014,0.0,2.462809917355372,ST,31401225655.0,제이엔비,N,D4,0.0,874206051919.142
064820,606,606,2216649265500.0,3657837071.7821774,0.0,2.5041322314049586,ST,269718279100.0,케이프,N,D4,376798430941.9355,885196571371.2872
127120,513,513,1869028345500.0,3643330108.1871343,0.0,2.1198347107438016,ST,1353176828900.0,제이에스링크,N,D4,469300256451.6129,746377656123.7625
073010,606,606,2207481430500.0,3642708631.188119,0.0,2.5041322314049586,ST,114946975000.0,케이에스피,N,D4,35923825832.258064,881535488747.5248
251970,606,606,2203976753000.0,3636925334.9834986,0.0,2.5041322314049586,ST,541880000000.0,펌텍코리아,N,D4,228053352645.1613,880135931066.0066
027580,591,591,2139361538500.0,3619901080.3722506,0.0,2.4421487603305785,ST,16334031900.0,상보,N,D4,0.0,854332495572.6073
403490,606,606,2178373110500.0,3594675099.834984,0.0,2.5041322314049586,ST,24527935776.0,우듬지팜,N,D4,0.0,869911374160.066
226340,526,526,1883532111500.0,3580859527.56654,0.0,2.173553719008265,ST,14540708772.0,본느,N,D4,0.0,752169589080.8582
360070,606,606,2168550350000.0,3578465924.092409,0.0,2.5041322314049586,ST,73974148290.0,탑머티리얼,N,D4,26231236367.741936,865988753630.363
290550,596,596,2125300459000.0,3565940367.4496646,0.0,2.462809917355372,ST,444027306000.0,디케이티,N,D4,4816003748.387097,848717345013.2014
365270,606,606,2160765646500.0,3565619878.712871,0.0,2.5041322314049586,ST,223342479360.0,큐라클,N,D4,0.0,862880010648.5149
011080,545,545,1941107042500.0,3561664298.165138,0.0,2.2520661157024797,ST,8506598760.0,형지I&C,N,D4,0.0,775161558226.0726
099190,606,606,2153913833500.0,3554313256.60066,0.0,2.5041322314049586,ST,437686242980.0,아이센스,N,D4,359259430200.0,860143808097.3597
114810,546,546,1940289303500.0,3553643413.003663,0.0,2.256198347107438,ST,347568198900.0,한솔아이원스,N,D4,476277606696.77423,774835002387.7888
019210,606,606,2127735188000.0,3511114171.6171618,0.0,2.5041322314049586,ST,836858880000.0,와이지-원,N,D4,22795903509.67742,849689629531.3531
024940,606,606,2125552730000.0,3507512755.775577,0.0,2.5041322314049586,ST,21100000000.0,PN풍년,N,D4,0.0,848818086897.6898
330350,606,606,2107618098500.0,3477917654.290429,0.0,2.5041322314049586,ST,87117888000.0,위더스제약,N,D4,0.0,841656072338.2838
323990,606,606,2100149826500.0,3465593773.10231,0.0,2.5041322314049586,ST,98611142800.0,박셀바이오,N,D4,251211413838.7097,838673693090.7592
041910,606,606,2095774824500.0,3458374297.854785,0.0,2.5041322314049586,ST,76379262500.0,폴라리스AI파마,N,D4,0.0,836926580080.8582
025900,591,591,2043483924500.0,3457671615.0592217,0.0,2.4421487603305785,ST,313455167000.0,동화기업,N,D4,325666342277.4194,816044735526.4027
033170,606,606,2094440693500.0,3456172761.551155,0.0,2.5041322314049586,ST,40635223206.0,시그네틱스,N,D4,0.0,836393808295.3796
142210,606,606,2093274638500.0,3454248578.3828382,0.0,2.5041322314049586,ST,117245426950.0,유니트론텍,N,D4,0.0,835928155968.6469
072950,596,596,2057908038500.0,3452865836.409396,0.0,2.462809917355372,ST,64984562700.0,빛샘전자,N,D4,0.0,821804860259.0759
032850,606,606,2082825322500.0,3437005482.6732674,0.0,2.5041322314049586,ST,68487967160.0,비트컴퓨터,N,D4,0.0,831755326806.9308
045390,606,606,2082059486000.0,3435741726.072607,0.0,2.5041322314049586,ST,189925751015.0,대아티아이,N,D4,493725321135.4839,831449497709.571
052710,576,576,1974993792500.0,3428808667.5347223,0.0,2.3801652892561984,ST,265071584440.0,아모텍,N,D4,0.0,788693890734.3235
361390,606,606,2074067987000.0,3422554433.993399,0.0,2.5041322314049586,ST,145169440710.0,제노코,N,D4,81736555432.25807,828258173026.4027
101160,606,606,2067741266500.0,3412114301.155116,0.0,2.5041322314049586,ST,484597644550.0,월덱스,N,D4,548031876806.45166,825731660879.538
455180,253,253,861424591500.0,3404840282.6086955,0.0,1.0454545454545454,ST,19667267244.0,케이지에이,N,D4,0.0,344001239509.901
363260,590,590,2008629521500.0,3404456816.101695,0.0,2.43801652892562,ST,25763178969.0,모비데이즈,N,D4,0.0,802125980533.0033
272110,605,605,2050463681000.0,3389196166.9421487,0.0,2.5,ST,227921218000.0,케이엔제이,N,D4,0.0,818832031026.4027
263800,606,606,2049165973000.0,3381462001.650165,0.0,2.5041322314049586,ST,118445274000.0,데이타솔루션,N,D4,0.0,818313804399.34
317850,606,606,2044230983500.0,3373318454.620462,0.0,2.5041322314049586,ST,51694648200.0,대모,N,D4,0.0,816343066018.1519
264660,606,606,2041814884000.0,3369331491.749175,0.0,2.5041322314049586,ST,126375236000.0,씨앤지하이테크,N,D4,0.0,815378221003.3004
337930,606,606,2032731515000.0,3354342433.993399,0.0,2.5041322314049586,ST,92145454875.0,젝시믹스,N,D4,150147272354.8387,811750869026.4027
119860,166,166,551107969500.0,3319927527.1084337,0.0,0.6859504132231405,?,,,N,D4,0.0,220079420163.36633
199800,596,596,1978021524500.0,3318828061.2416105,0.0,2.462809917355372,ST,390047217150.0,툴젠,N,D4,660440952529.0322,789902985031.3531
056090,499,499,1649218926500.0,3305047948.897796,0.0,2.06198347107438,ST,110383909484.0,시지메드텍,N,D4,0.0,658598977249.1749
061970,605,605,1990737229500.0,3290474759.5041323,0.0,2.5,ST,247143190530.0,LB세미콘,N,D4,0.0,794980873826.7327
086710,606,606,1986851341000.0,3278632575.907591,0.0,2.5041322314049586,ST,88595812800.0,선진뷰티사이언스,N,D4,183576200748.38712,793429083369.637
018000,606,606,1984114970000.0,3274117112.211221,0.0,2.5041322314049586,ST,241333404120.0,유니슨,N,D4,0.0,792336341155.1156
037950,592,592,1928625565000.0,3257813454.391892,0.0,2.446280991735537,ST,51597431665.0,엘컴텍,N,D4,0.0,770177205825.0825
102370,606,606,1971312004000.0,3252990105.610561,0.0,2.5041322314049586,ST,87269618050.0,케이옥션,N,D4,0.0,787223605557.7559
278280,606,606,1968508135500.0,3248363259.90099,0.0,2.5041322314049586,ST,449686017500.0,천보,N,D4,899406005548.3871,786103908896.0397
205100,606,606,1965183368000.0,3242876844.8844886,0.0,2.5041322314049586,ST,116915343642.0,엑셈,N,D4,0.0,784776196462.0463
114450,584,584,1887432130500.0,3231904333.047945,0.0,2.413223140495868,ST,36720000000.0,그린생명과학,N,D4,0.0,753727022410.8911
321260,606,606,1941622945500.0,3203998259.90099,0.0,2.5041322314049586,ST,51225016628.0,프로이천,N,D4,0.0,775367578896.0397
481070,302,302,965406613500.0,3196710640.728477,0.0,1.2479338842975207,ST,240748200000.0,에이유브랜즈,N,D4,74217033070.96774,385525413311.8812
040300,606,606,1931632705500.0,3187512715.3465347,0.0,2.5041322314049586,ST,97737809000.0,YTN,N,D4,28109148561.290325,771378077113.8615
172670,606,606,1927679604000.0,3180989445.544554,0.0,2.5041322314049586,ST,86735307120.0,에이엘티,N,D4,0.0,769799445821.7822
461300,442,442,1404826100500.0,3178339593.8914027,0.0,1.8264462809917357,ST,211317577380.0,아이스크림미디어,N,D4,170204111354.8387,561003162245.8746
261780,596,596,1893156165500.0,3176436519.295302,0.0,2.462809917355372,ST,76971168560.0,아리바이오랩,N,D4,0.0,756012858169.967
214610,369,369,1170907897000.0,3173192132.791328,0.0,1.524793388429752,ST,19197807380.0,롤링스톤,N,D4,0.0,467590282300.3301
450520,605,605,1911525431500.0,3159546167.768595,0.0,2.5,ST,25159532958.0,인스웨이브,N,D4,0.0,763348439641.9142
073490,606,606,1913932967000.0,3158305226.072607,0.0,2.5041322314049586,ST,193517880700.0,LIG아큐버,N,D4,0.0,764309864709.571
092460,606,606,1888986402000.0,3117139277.227722,0.0,2.5041322314049586,ST,259040555200.0,한라IMS,N,D4,149193106167.74194,754347705089.109
307750,606,606,1887748640500.0,3115096766.5016503,0.0,2.5041322314049586,ST,122278942320.0,국전,N,D4,115041445554.83871,753853417493.3994
321820,578,578,1794852906000.0,3105281844.290657,0.0,2.3884297520661155,ST,36094035440.0,아티스트컴퍼니,N,D4,72823483877.41936,716756441009.901
068100,571,571,1772412283000.0,3104049532.3993,0.0,2.3595041322314048,ST,26836956000.0,케이웨더,N,D4,0.0,707795004102.3103
340930,521,521,1609962667000.0,3090139476.0076776,0.0,2.152892561983471,ST,55513882710.0,성원에너텍,N,D4,0.0,642922385171.6172
380540,528,528,1623221010500.0,3074282216.8560605,0.0,2.1818181818181817,ST,206658126350.0,옵티코어,N,D4,0.0,648216971189.769
450330,483,483,1477547542500.0,3059104642.857143,0.0,1.9958677685950408,ST,39092175325.0,하스,N,D4,0.0,590043738094.0594
173130,606,606,1851707988000.0,3055623742.5742574,0.0,2.5041322314049586,ST,81931850440.0,오파스넷,N,D4,0.0,739460945702.9703
355150,570,570,1736532040000.0,3046547438.596492,0.0,2.355371900826446,ST,169982230000.0,코스텍시스,N,D4,0.0,693466590231.0232
223250,606,606,1843680070500.0,3042376353.960396,0.0,2.5041322314049586,ST,79582436340.0,드림씨아이에스,N,D4,0.0,736255077658.4159
177350,296,296,899341610500.0,3038316251.689189,0.0,1.2231404958677683,ST,13757636900.0,베셀,N,D4,0.0,359143019374.58746
029480,596,596,1807130789500.0,3032098640.100672,0.0,2.462809917355372,ST,91131395432.0,광무,N,D4,19219653270.967743,721659490196.3696
419050,606,606,1832996811000.0,3024747212.871288,0.0,2.5041322314049586,ST,96432860640.0,삼기에너지솔루션즈,N,D4,0.0,731988825514.8516
340440,606,606,1831786771000.0,3022750447.19472,0.0,2.5041322314049586,ST,27328364532.0,세림B&G,N,D4,0.0,731505608221.1222
009730,529,529,1594604501500.0,3014375239.130435,0.0,2.1859504132231407,ST,12992094206.0,이렘,N,D4,0.0,636789256374.5875
031330,596,596,1791261149000.0,3005471726.510067,0.0,2.462809917355372,ST,1183941593280.0,에스에이엠티,N,D4,0.0,715322109006.6007
431190,450,450,1350069207000.0,3000153793.333333,0.0,1.859504132231405,ST,17855164170.0,케이쓰리아이,N,D4,0.0,539136548009.901
056190,606,606,1813443004500.0,2992480205.4455447,0.0,2.5041322314049586,ST,816924290000.0,SFA,N,D4,275569086206.4516,724180209717.8218
053610,605,605,1802232783000.0,2978897161.983471,0.0,2.5,ST,595800000000.0,프로텍,N,D4,520496727264.5162,719703520603.9604
299030,605,605,1801769151000.0,2978130828.099173,0.0,2.5,ST,105852608400.0,하나기술,N,D4,151565647625.80646,719518373831.6832
032580,578,578,1719838931000.0,2975499880.622837,0.0,2.3884297520661155,ST,179244466240.0,피델릭스,N,D4,0.0,686800365184.8185
149980,345,345,1026149209500.0,2974345534.7826085,0.0,1.4256198347107438,ST,77395707000.0,하이로닉,N,D4,784197096.7741935,409782357589.10895
066310,606,606,1798753969500.0,2968240873.7623763,0.0,2.5041322314049586,ST,70649752020.0,큐에스아이,N,D4,0.0,718314291450.4951
123330,547,547,1619811563000.0,2961264283.3638024,0.0,2.260330578512397,ST,206787246000.0,제닉,N,D4,155921542238.7097,646855442650.165
091580,606,606,1792012564500.0,2957116443.069307,0.0,2.5041322314049586,ST,208320062970.0,상신이디피,N,D4,0.0,715622179222.7723
382840,606,606,1785965196000.0,2947137287.1287127,0.0,2.5041322314049586,ST,76663336620.0,원준,N,D4,51810686329.03226,713207223485.1486
002800,605,605,1771408880500.0,2927948562.809917,0.0,2.5,ST,67053610000.0,신신제약,N,D4,0.0,707394305414.1914
171010,606,606,1773459107000.0,2926500176.567657,0.0,2.5041322314049586,ST,38892605440.0,램테크놀러지,N,D4,0.0,708213042729.3729
243840,593,593,1734158305500.0,2924381628.1618886,0.0,2.450413223140496,ST,182766033900.0,신흥에스이씨,N,D4,6826909774.193548,692518663252.4753
067290,600,600,1747186442000.0,2911977403.333333,0.0,2.479338842975207,ST,85232433663.0,JW신약,N,D4,0.0,697721318422.4423
098120,596,596,1729278688000.0,2901474308.724832,0.0,2.462809917355372,ST,198675107400.0,마이크로컨텍솔,N,D4,0.0,690570037122.1123
340360,527,527,1528033512000.0,2899494330.170778,0.0,2.177685950413223,ST,32851609132.0,다보링크,N,D4,0.0,610204801821.7822
006620,605,605,1752310576000.0,2896381117.355372,0.0,2.5,ST,106886044960.0,동구바이오제약,N,D4,10538669083.870968,699767589755.7756
083310,606,606,1750565475000.0,2888721905.940594,0.0,2.5041322314049586,ST,162961801950.0,엘오티베큠,N,D4,0.0,699070701237.6238
383930,596,596,1720966333500.0,2887527405.201342,0.0,2.462809917355372,ST,21656312832.0,디티앤씨알오,N,D4,0.0,687250582024.7526
189860,363,363,1045898125500.0,2881262053.7190084,0.0,1.5,ST,40831863800.0,서전기전,N,D4,0.0,417668888400.9901
092040,604,604,1737387480000.0,2876469337.7483444,0.0,2.495867768595041,ST,85846295205.0,아미코젠,N,D4,2934626270.967742,693808201584.1584
107600,606,606,1733277549500.0,2860193976.072607,0.0,2.5041322314049586,ST,78140246820.0,새빗켐,N,D4,0.0,692166942209.571
084110,606,606,1727222258500.0,2850201746.69967,0.0,2.5041322314049586,ST,343080905200.0,휴온스글로벌,N,D4,483628665051.6129,689748822701.3202
089150,606,606,1723247205000.0,2843642252.4752474,0.0,2.5041322314049586,ST,31899000000.0,케이씨티,N,D4,0.0,688161425099.0099
160980,606,606,1719563696500.0,2837563855.610561,0.0,2.5041322314049586,ST,371424262000.0,싸이맥스,N,D4,0.0,686690453057.7559
039560,606,606,1713339592500.0,2827293056.930693,0.0,2.5041322314049586,ST,106363400640.0,다산네트웍스,N,D4,9443070290.32258,684204919777.2278
078890,606,606,1698220953500.0,2802344807.7557755,0.0,2.5041322314049586,ST,84478363655.0,가온그룹,N,D4,0.0,678167443476.8977
314130,605,605,1692688940500.0,2797832959.5041323,0.0,2.5,ST,192458931780.0,지놈앤컴퍼니,N,D4,0.0,675958289770.6271
094940,606,606,1689637130500.0,2788180083.333333,0.0,2.5041322314049586,ST,46572920020.0,푸른로보틱스,N,D4,0.0,674739580166.6667
142280,606,606,1685186968000.0,2780836580.8580856,0.0,2.5041322314049586,ST,67455932265.0,녹십자엠에스,N,D4,0.0,672962452567.6567
397810,207,207,568867542500.0,2748152379.227053,0.0,0.8553719008264463,ST,26165103900.0,애드포러스,N,D4,0.0,227171526872.93732
365340,606,606,1663051837500.0,2744309962.871288,0.0,2.5041322314049586,ST,447070579000.0,성일하이텍,N,D4,475851354141.9355,664123011014.8516
432470,605,605,1660062746000.0,2743905365.289256,0.0,2.5,ST,64295505480.0,케이엔에스,N,D4,51886077916.129036,662929347412.5413
036220,558,558,1525866988500.0,2734528653.225806,0.0,2.3057851239669422,ST,84425554400.0,오상헬스케어,N,D4,0.0,609339622470.2971
356890,589,589,1607697404500.0,2729537189.303905,0.0,2.4338842975206614,ST,27135182750.0,싸이버원,N,D4,0.0,642017775394.3895
219420,606,606,1639479603000.0,2705411886.1386137,0.0,2.5041322314049586,ST,41003487525.0,링크제니시스,N,D4,0.0,654709676445.5446
299170,606,606,1623931174500.0,2679754413.366337,0.0,2.5041322314049586,ST,56579885544.0,더블유에스아이,N,D4,0.0,648500568034.6534
246690,578,578,1544408328000.0,2671986726.6435986,0.0,2.3884297520661155,ST,36761057004.0,TS인베스트먼트,N,D4,0.0,616743919762.3762
006920,606,606,1617874030500.0,2669759126.237624,0.0,2.5041322314049586,ST,38929800000.0,모헨즈,N,D4,0.0,646081708549.505
053280,596,596,1590904798000.0,2669303352.3489933,0.0,2.462809917355372,ST,79000000000.0,예스24,N,D5,29990696219.35484,635311817023.1023
064480,606,606,1616389987500.0,2667310210.3960395,0.0,2.5041322314049586,ST,33407237500.0,브리지텍,N,D5,0.0,645489070915.8417
203400,595,595,1585478254000.0,2664669334.4537816,0.0,2.458677685950413,ST,67215572784.0,에이비온,N,D5,0.0,633144781300.3301
308100,580,580,1543864403500.0,2661835178.448276,0.0,2.396694214876033,ST,11627135872.0,형지글로벌,N,D5,0.0,616526708988.4489
391710,606,606,1612178514000.0,2660360584.158416,0.0,2.5041322314049586,ST,47990649220.0,코닉오토메이션,N,D5,0.0,643807261366.3367
347860,362,362,961511835500.0,2656110042.8176794,0.0,1.4958677685950412,ST,60996327209.0,알체라,N,D5,0.0,383970072922.44226
445180,606,606,1608220416000.0,2653829069.3069305,0.0,2.5041322314049586,ST,135622693320.0,퓨릿,N,D5,0.0,642226634772.2772
170030,606,606,1605100882500.0,2648681324.257426,0.0,2.5041322314049586,ST,73632000000.0,현대공업,N,D5,0.0,640980880470.2971
005160,606,606,1601779012500.0,2643199690.5940595,0.0,2.5041322314049586,ST,125847198240.0,동국산업,N,D5,0.0,639654325123.7625
083500,606,606,1596678788000.0,2634783478.547855,0.0,2.5041322314049586,ST,121023912890.0,에프엔에스테크,N,D5,0.0,637617601808.5809
124560,606,606,1593907870500.0,2630211007.4257426,0.0,2.5041322314049586,ST,73066170357.0,태웅로직스,N,D5,0.0,636511063797.0298
105740,606,606,1592359769000.0,2627656384.4884486,0.0,2.5041322314049586,ST,67823981710.0,디케이락,N,D5,0.0,635892845046.2047
118990,606,606,1590569813500.0,2624702662.541254,0.0,2.5041322314049586,ST,135446287920.0,모트렉스,N,D5,118151018309.67743,635178044334.9835
282880,606,606,1590253309500.0,2624180378.712871,0.0,2.5041322314049586,ST,119045754760.0,코윈테크,N,D5,126555734516.12904,635051651648.5149
064800,591,591,1550148711500.0,2622925061.7597294,0.0,2.4421487603305785,ST,55468366030.0,포니링크,N,D5,0.0,619036284130.363
406820,605,605,1586221116500.0,2621853085.123967,0.0,2.5,ST,29544568130.0,뷰티스킨,N,D5,0.0,633441435962.0463
366030,606,606,1579711245000.0,2606784232.6732674,0.0,2.5041322314049586,ST,116893866000.0,나인앤컴퍼니,N,D5,0.0,630841784306.9307
148780,605,605,1574985936500.0,2603282539.6694217,0.0,2.5,ST,14370696325.0,비큐AI,N,D5,0.0,628954779922.4423
448280,605,605,1574813574000.0,2602997642.9752064,0.0,2.5,ST,209788393320.0,에코아이,N,D5,170035794109.67743,628885948693.0693
179900,539,539,1400234787500.0,2597838195.7328386,0.0,2.227272727272727,ST,72037099680.0,유티아이,N,D5,161416847012.90323,559169667615.5116
056360,596,596,1546214472000.0,2594319583.892617,0.0,2.462809917355372,ST,51923040000.0,코위버,N,D5,0.0,617465185188.1189
078160,606,606,1560595240500.0,2575239670.792079,0.0,2.5041322314049586,ST,362250531720.0,메디포스트,N,D5,688045741083.871,623208000331.6832
065440,585,585,1494040079000.0,2553914664.957265,0.0,2.4173553719008263,ST,41212555220.0,이루온,N,D5,0.0,596629866531.3531
440290,589,589,1502204417000.0,2550431947.368421,0.0,2.4338842975206614,ST,47558617470.0,HB인베스트먼트,N,D5,0.0,599890212729.3729
402030,595,595,1513539803000.0,2543764374.789916,0.0,2.458677685950413,ST,142073488800.0,코난테크놀로지,N,D5,509944581122.5807,604416885026.4027
219130,596,596,1514258843000.0,2540702756.7114096,0.0,2.462809917355372,ST,456523167000.0,타이거일렉,N,D5,0.0,604704026412.5413
078130,215,215,546200443500.0,2540467179.0697675,0.0,0.8884297520661157,ST,450962348000.0,국일제지,N,D5,0.0,218119649054.45544
059210,606,606,1537449398500.0,2537045212.0462046,0.0,2.5041322314049586,ST,105968635500.0,메타바이오메드,N,D5,110099903916.12904,613964941315.1815
037440,606,606,1535083449000.0,2533141004.9504952,0.0,2.5041322314049586,ST,56107574250.0,희림,N,D5,0.0,613020123198.0198
037460,606,606,1525787176500.0,2517800621.287129,0.0,2.5041322314049586,ST,589914570300.0,삼지전자,N,D5,0.0,609307750351.4852
306620,606,606,1523594812500.0,2514182858.910891,0.0,2.5041322314049586,ST,96124078920.0,지아이에스,N,D5,0.0,608432251856.4357
042510,590,590,1483200527500.0,2513899199.1525426,0.0,2.43801652892562,ST,84182176240.0,라온시큐어,N,D5,0.0,592301200750.8251
078340,606,606,1522044274500.0,2511624215.3465347,0.0,2.5041322314049586,ST,330697410550.0,컴투스,N,D5,169984203612.90323,607813060113.8615
192250,591,591,1484124919500.0,2511209677.6649747,0.0,2.4421487603305785,ST,51802026250.0,케이사인,N,D5,0.0,592670347391.0891
087260,606,606,1518356832500.0,2505539327.557756,0.0,2.5041322314049586,ST,9114801080.0,모바일어플라이언스,N,D5,0.0,606340517268.9769
131370,606,606,1518200255000.0,2505280948.8448844,0.0,2.5041322314049586,ST,77983009512.0,알서포트,N,D5,0.0,606277989620.462
104830,606,606,1516985555000.0,2503276493.39934,0.0,2.5041322314049586,ST,474691200000.0,원익머트리얼즈,N,D5,197507235980.64517,605792911402.6403
032190,606,606,1504470254500.0,2482624182.3432345,0.0,2.5041322314049586,ST,726551000000.0,다우데이타,N,D5,662773642051.6129,600795052127.0627
027050,606,606,1503009970000.0,2480214471.9471946,0.0,2.5041322314049586,ST,56680000000.0,코리아나,N,D5,0.0,600211902211.2212
285490,606,606,1502005251500.0,2478556520.627063,0.0,2.5041322314049586,ST,125535113970.0,노바텍,N,D5,230269463741.9355,599810677991.7491
464580,394,394,975374502000.0,2475569802.030457,0.0,1.628099173553719,ST,24664159260.0,닷밀,N,D5,0.0,389505989247.5248
088130,594,594,1468869552000.0,2472844363.6363635,0.0,2.4545454545454546,ST,91098485940.0,동아엘텍,N,D5,0.0,586578269940.5941
013030,606,606,1497414681500.0,2470981322.6072607,0.0,2.5041322314049586,ST,372461757600.0,하이록코리아,N,D5,170393705083.87097,597977480070.9572
237880,606,606,1497143715000.0,2470534183.168317,0.0,2.5041322314049586,ST,208904840680.0,클리오,N,D5,162375434774.19354,597869272326.7327
104620,606,606,1496612453500.0,2469657514.0264025,0.0,2.5041322314049586,ST,56483454720.0,노랑풍선,N,D5,0.0,597657118394.3895
317690,569,569,1402856966500.0,2465477972.759227,0.0,2.351239669421488,ST,46713267280.0,퀀타매트릭스,N,D5,7932998096.774194,560216808404.2904
384470,606,606,1493914776000.0,2465205900.990099,0.0,2.5041322314049586,ST,53211941780.0,코어라인소프트,N,D5,0.0,596579828039.604
377030,509,509,1252619118000.0,2460941292.730845,0.0,2.103305785123967,ST,14982798360.0,비트맥스,N,D5,0.0,500220835900.9901
236810,606,606,1489954457500.0,2458670721.9471946,0.0,2.5041322314049586,ST,17773271022.0,엔비티,N,D5,0.0,594998314711.2212
291230,606,606,1482499629500.0,2446369025.5775576,0.0,2.5041322314049586,ST,18784800150.0,엔피,N,D5,0.0,592021304189.769
045100,606,606,1468017295500.0,2422470784.6534653,0.0,2.5041322314049586,ST,548625000000.0,한양이엔지,N,D5,572454679961.2903,586237929886.1387
159580,606,606,1466908712500.0,2420641439.7689767,0.0,2.5041322314049586,ST,44071799200.0,제로투세븐,N,D5,0.0,585795228424.0924
036890,606,606,1466889045000.0,2420608985.1485147,0.0,2.5041322314049586,ST,317490097430.0,진성티이씨,N,D5,322996080709.6774,585787374405.9407
320000,565,565,1364132113500.0,2414393121.238938,0.0,2.334710743801653,ST,82772412600.0,한울반도체,N,D5,0.0,544752428163.3664
289080,606,606,1459030574500.0,2407641212.0462046,0.0,2.5041322314049586,ST,112819325108.0,SV인베스트먼트,N,D5,0.0,582649173315.1815
023790,284,284,680918949500.0,2397601934.8591547,0.0,1.1735537190082646,ST,14193811488.0,동일스틸럭스,N,D5,0.0,271918128348.18484
419120,605,605,1448930430000.0,2394926330.578512,0.0,2.5,ST,38260109410.0,산돌,N,D5,0.0,578615782277.2278
063080,596,596,1422550908500.0,2386830383.3892617,0.0,2.462809917355372,ST,79406111680.0,컴투스홀딩스,N,D5,78444919051.6129,568081385902.6403
020710,594,594,1412763738500.0,2378390132.154882,0.0,2.4545454545454546,ST,73175090500.0,시공테크,N,D5,0.0,564172978080.8582
144960,606,606,1439537662000.0,2375474689.7689767,0.0,2.5041322314049586,ST,417701485440.0,뉴파워프라즈마,N,D5,0.0,574864874924.0924
299900,606,606,1436217527000.0,2369995919.1419144,0.0,2.5041322314049586,ST,39854389972.0,위지윅스튜디오,N,D5,0.0,573539012432.3433
382800,606,606,1430870956500.0,2361173195.544554,0.0,2.5041322314049586,ST,152629841595.0,지앤비에스 에코,N,D5,0.0,571403913321.7822
095660,606,606,1428373738000.0,2357052372.937293,0.0,2.5041322314049586,ST,400490856090.0,네오위즈,N,D5,187828993993.5484,570406674250.8251
068240,532,532,1252880403500.0,2355038352.443609,0.0,2.1983471074380163,ST,96553495610.0,다원시스,N,D5,66469864432.258064,500325177635.31354
234920,431,431,1013559546000.0,2351646278.4222736,0.0,1.78099173553719,ST,71849132100.0,자이글,N,D5,0.0,404754802198.01984
377220,605,605,1421078901500.0,2348890746.280992,0.0,2.5,ST,16986000000.0,프롬바이오,N,D5,0.0,567493554724.4225
068330,606,606,1420642042500.0,2344293799.5049505,0.0,2.5041322314049586,ST,44127707720.0,일신바이오,N,D5,0.0,567319099480.198
063170,606,606,1411171046000.0,2328665092.4092407,0.0,2.5041322314049586,ST,87804878980.0,서울옥션,N,D5,428213063193.5484,563536952363.0364
053290,365,365,849676745500.0,2327881494.520548,0.0,1.508264462809917,ST,24954723570.0,NE능률,N,D5,0.0,339309855463.6964
129920,596,596,1384884463000.0,2323631649.328859,0.0,2.462809917355372,ST,71494262400.0,대성하이텍,N,D5,0.0,553039670042.9043
053700,596,596,1384459346500.0,2322918366.6107383,0.0,2.462809917355372,ST,104458609870.0,삼보모터스,N,D5,0.0,552869904047.8549
417970,596,596,1382471744000.0,2319583463.0872483,0.0,2.462809917355372,ST,70747502000.0,모델솔루션,N,D5,0.0,552076174996.6997
478560,349,349,803633050500.0,2302673497.1346703,0.0,1.4421487603305785,ST,66383865860.0,블랙야크아이앤씨,N,D5,0.0,320922769341.58417
259630,606,606,1385789124500.0,2286780733.4983497,0.0,2.5041322314049586,ST,122590631880.0,엠플러스,N,D5,7687067548.387097,553400937506.6007
315640,605,605,1383153932000.0,2286204846.280992,0.0,2.5,ST,43147808808.0,딥노이드,N,D5,159335539283.87097,552348599907.5908
054950,606,606,1385422231500.0,2286175299.5049505,0.0,2.5041322314049586,ST,264768634800.0,제이브이엠,N,D5,72424943445.16129,553254422480.198
418420,606,606,1384530869000.0,2284704404.290429,0.0,2.5041322314049586,ST,123098232000.0,라온텍,N,D5,0.0,552898465838.2838
097800,591,591,1347892613500.0,2280698161.5905247,0.0,2.4421487603305785,ST,55535241575.0,윈팩,N,D5,0.0,538267347305.2806
234690,606,606,1380862549000.0,2278651070.957096,0.0,2.5041322314049586,ST,146400813500.0,녹십자웰빙,N,D5,93539540245.1613,551433559171.6172
424980,606,606,1379807311000.0,2276909754.1254125,0.0,2.5041322314049586,ST,42320063500.0,마이크로투나노,N,D5,0.0,551012160498.3499
041920,606,606,1379631172000.0,2276619095.709571,0.0,2.5041322314049586,ST,191561696900.0,메디아나,N,D5,0.0,550941821161.7162
263720,606,606,1377918067000.0,2273792189.7689767,0.0,2.5041322314049586,ST,84157366980.0,디앤씨미디어,N,D5,0.0,550257709924.0924
007330,523,523,1187893023500.0,2271305972.275335,0.0,2.1611570247933884,ST,156710292000.0,푸른저축은행,N,D5,0.0,474373121595.7096
293780,606,606,1375905716500.0,2270471479.372937,0.0,2.5041322314049586,ST,123470514975.0,압타바이오,N,D5,28304911729.03226,549454098008.25085
038870,606,606,1374991851500.0,2268963451.320132,0.0,2.5041322314049586,ST,33075279640.0,에코심플렉스,N,D5,0.0,549089155219.472
007820,606,606,1374464345500.0,2268092979.372937,0.0,2.5041322314049586,ST,56295388260.0,엠엑스로보틱스,N,D5,0.0,548878501008.25085
217730,606,606,1372015029000.0,2264051202.970297,0.0,2.5041322314049586,ST,244540787400.0,강스템바이오텍,N,D5,0.0,547900391118.8119
466410,391,391,884808400500.0,2262937085.677749,0.0,1.615702479338843,ST,42764325270.0,사이냅소프트,N,D5,0.0,353339328252.4753
359090,588,588,1330065862000.0,2262016772.108844,0.0,2.4297520661157024,ST,21976801416.0,씨엔알리서치,N,D5,0.0,531148413537.9538
413640,596,596,1342199634000.0,2252012808.724832,0.0,2.462809917355372,ST,44755097400.0,비아이매트릭스,N,D5,0.0,535993913247.5248
095700,606,606,1364417398000.0,2251513858.0858088,0.0,2.5041322314049586,ST,109980293010.0,제넥신,N,D5,13498362651.612904,544866353656.7657
048870,606,606,1361613905500.0,2246887632.838284,0.0,2.5041322314049586,ST,148019697840.0,시너지이노베이션,N,D5,172519958458.0645,543746807146.8647
045970,606,606,1344646588000.0,2218888759.075908,0.0,2.5041322314049586,ST,82233987500.0,코아시아,N,D5,3535273393.548387,536971079696.3697
348150,606,606,1333467264500.0,2200441030.528053,0.0,2.5041322314049586,ST,65732939265.0,고바이오랩,N,D5,30097007600.0,532506729387.7888
372170,606,606,1328193344000.0,2191738191.419142,0.0,2.5041322314049586,ST,135643816000.0,윤성에프앤씨,N,D5,165495956077.41937,530400642323.4324
093320,606,606,1327156517000.0,2190027255.775577,0.0,2.5041322314049586,ST,648064000000.0,케이아이엔엑스,N,D5,34028473245.161293,529986595897.6898
234100,589,589,1288323880000.0,2187307096.774194,0.0,2.4338842975206614,ST,36869130900.0,폴라리스세원,N,D5,0.0,514479173201.3201
066980,606,606,1324697733500.0,2185969857.260726,0.0,2.5041322314049586,ST,113622951935.0,한성크린텍,N,D5,0.0,529004705457.09576
043910,592,592,1269379646500.0,2144222375.8445945,0.0,2.446280991735537,ST,35604915300.0,자연과환경,N,D5,0.0,506913984245.87463
256940,595,595,1275715766000.0,2144060110.9243696,0.0,2.458677685950413,ST,115047782310.0,킵스파마,N,D5,133681018580.64517,509444249788.77893
371950,606,606,1295833243500.0,2138338685.6435645,0.0,2.5041322314049586,ST,138694793760.0,풍원정밀,N,D5,5891792109.67742,517477961925.7426
036170,572,572,1222890741000.0,2137920875.874126,0.0,2.363636363636364,ST,194222206290.0,에이치엠넥스,N,D5,0.0,488349107792.0792
336060,606,606,1294016788000.0,2135341234.3234324,0.0,2.5041322314049586,ST,28411568000.0,웨이버스,N,D5,0.0,516752578706.2706
086980,606,606,1290477665000.0,2129501097.359736,0.0,2.5041322314049586,ST,140935500000.0,쇼박스,N,D5,23763157993.54839,515339265561.05615
429270,596,596,1267798433000.0,2127178578.8590603,0.0,2.462809917355372,ST,24152370095.0,시지트로닉스,N,D5,0.0,506282542551.15515
061250,587,587,1236286582000.0,2106110020.4429305,0.0,2.425619834710744,ST,71886167360.0,화일약품,N,D5,0.0,493698602052.8053
417180,590,590,1241303718000.0,2103904606.779661,0.0,2.43801652892562,ST,13775666700.0,핑거스토리,N,D5,0.0,495702144811.8812
083930,606,606,1274731269500.0,2103516946.369637,0.0,2.5041322314049586,ST,158220744220.0,아바코,N,D5,0.0,509051101021.45215
109670,606,606,1273739211500.0,2101879886.9636965,0.0,2.5041322314049586,ST,24338630340.0,씨싸이트,N,D5,0.0,508654932645.21454
214270,606,606,1273498086000.0,2101481990.09901,0.0,2.5041322314049586,ST,61998781450.0,FSN,N,D5,0.0,508558641603.96045
054210,606,606,1271970444000.0,2098961128.7128716,0.0,2.5041322314049586,ST,185384569300.0,이랜텍,N,D5,6980073135.483871,507948593148.5149
308080,556,556,1166462972000.0,2097954985.6115108,0.0,2.2975206611570247,ST,113155915200.0,바이젠셀,N,D5,0.0,465815246244.2244
044180,221,221,462885572000.0,2094504850.678733,0.0,0.9132231404958676,ST,5477148795.0,KD,N,D5,0.0,184848693768.9769
376180,606,606,1266384798000.0,2089743891.089109,0.0,2.5041322314049586,ST,26765016796.0,피코그램,N,D5,0.0,505718021643.5644
309960,606,606,1253688742000.0,2068793303.630363,0.0,2.5041322314049586,ST,101343248235.0,LB인베스트먼트,N,D5,0.0,500647979478.54785
166480,596,596,1232663068000.0,2068226624.161074,0.0,2.462809917355372,ST,107855567040.0,코아스템켐온,N,D5,14382557270.967743,492251588211.2211
194700,606,606,1252263952000.0,2066442165.0165017,0.0,2.5041322314049586,ST,252464547840.0,노바렉스,N,D5,288959402883.871,500079003933.9934
162300,606,606,1249780401000.0,2062343896.039604,0.0,2.5041322314049586,ST,64197699336.0,신스틸,N,D5,0.0,499087222841.58417
200130,606,606,1248511619500.0,2060250197.19472,0.0,2.5041322314049586,ST,248267309520.0,콜마비앤에이치,N,D5,431509038400.0,498580547721.12213
115610,570,570,1167571774500.0,2048371534.2105265,0.0,2.355371900826446,ST,16487182755.0,이미지스,N,D5,0.0,466258035361.38617
013310,575,575,1176080056500.0,2045356620.0,0.0,2.37603305785124,ST,102255343570.0,아진산업,N,D5,0.0,469655732133.6634
108380,606,606,1237665272500.0,2042351934.818482,0.0,2.5041322314049586,ST,166662940860.0,대양전기공업,N,D5,112712713903.22581,494249168226.07263
058820,596,596,1209004544500.0,2028531114.932886,0.0,2.462809917355372,ST,135533053740.0,CMG제약,N,D5,0.0,482803794998.34985
048430,596,596,1204755990500.0,2021402668.624161,0.0,2.462809917355372,ST,66816000000.0,유라테크,N,D5,14931492116.129032,481107177724.4225
290670,606,606,1224847214500.0,2021200023.9273927,0.0,2.5041322314049586,ST,44238625800.0,대보마그네틱,N,D5,44076615354.838715,489130405790.4291
030960,606,606,1215910361500.0,2006452741.7491748,0.0,2.5041322314049586,ST,78142200000.0,양지사,N,D5,184935861354.8387,485561563503.30035
040910,369,369,738960219000.0,2002602219.512195,0.0,1.524793388429752,ST,73878427875.0,아이씨디,N,D5,0.0,295096325079.20795
076610,581,581,1161259511500.0,1998725493.1153183,0.0,2.400826446280992,ST,60420903600.0,해성옵틱스,N,D5,0.0,463737296671.6172
024910,606,606,1204772640000.0,1988073663.3663368,0.0,2.5041322314049586,ST,55017991680.0,경창산업,N,D5,0.0,481113826534.6535
373200,449,449,892460359000.0,1987662269.4877503,0.0,1.8553719008264464,ST,64110686720.0,엑스플러스,N,D5,0.0,356395060854.7855
357580,596,596,1183938054500.0,1986473245.805369,0.0,2.462809917355372,ST,74157602980.0,아모센스,N,D5,0.0,472793744536.30365
443250,606,606,1203254066500.0,1985567766.50165,0.0,2.5041322314049586,ST,64750803830.0,레뷰코퍼레이션,N,D5,33380733703.225807,480507399493.39935
236200,606,606,1201831446500.0,1983220208.7458744,0.0,2.5041322314049586,ST,332674634700.0,슈프리마,N,D5,258744616225.80646,479939290516.50165
277070,606,606,1197879007000.0,1976698031.3531356,0.0,2.5041322314049586,ST,41829060000.0,린드먼아시아,N,D5,0.0,478360923587.45874
053450,606,606,1195683538500.0,1973075146.039604,0.0,2.5041322314049586,ST,53328054815.0,세코닉스,N,D5,0.0,477484185341.58417
084990,596,596,1173645469000.0,1969203807.04698,0.0,2.462809917355372,ST,174230772660.0,헬릭스미스,N,D5,0.0,468683504122.11224
322180,606,606,1190549438000.0,1964603033.0033004,0.0,2.5041322314049586,ST,90176164670.0,LS티라유텍,N,D5,0.0,475433933986.7987
241690,606,606,1188859180000.0,1961813828.3828385,0.0,2.5041322314049586,ST,63990896190.0,유니테크노,N,D5,0.0,474758946468.6469
128660,606,606,1187211073500.0,1959094180.6930687,0.0,2.5041322314049586,ST,68333281595.0,피제이메탈,N,D5,0.0,474100791727.7228
304840,441,441,863269037000.0,1957526160.9977324,0.0,1.822314049586777,ST,18702587540.0,피플바이오,N,D5,0.0,344737800254.1254
417500,606,606,1184408374500.0,1954469264.8514853,0.0,2.5041322314049586,ST,107533960320.0,제이아이테크,N,D5,0.0,472981562094.05945
376270,391,391,763748708500.0,1953321505.1150892,0.0,1.615702479338843,ST,298211941800.0,HEM파마,N,D5,173464180787.09677,304995358839.934
089980,606,606,1181925517500.0,1950372141.089109,0.0,2.5041322314049586,ST,232960269090.0,상아프론테크,N,D5,452244279122.5807,471990058143.5644
307180,524,524,1020808960000.0,1948108702.2900765,0.0,2.165289256198347,ST,159475720320.0,아이엘,N,D5,0.0,407649782706.2706
105550,606,606,1172930762500.0,1935529311.0561056,0.0,2.5041322314049586,ST,30383135788.0,엣지파운드리,N,D5,0.0,468398093275.5776
472850,582,582,1121008130500.0,1926130808.419244,0.0,2.4049586776859506,ST,221363001940.0,폰드그룹,N,D5,26836759400.0,447663312839.934
049950,606,606,1167208223000.0,1926086176.5676568,0.0,2.5041322314049586,ST,92146887800.0,미래컴퍼니,N,D5,0.0,466112854729.373
260660,606,606,1164121712500.0,1920992924.917492,0.0,2.5041322314049586,ST,38087647185.0,알리코제약,N,D5,0.0,464880287830.033
081150,606,606,1162805824500.0,1918821492.5742571,0.0,2.5041322314049586,ST,68558235650.0,티플랙스,N,D5,0.0,464354801202.97034
125210,606,606,1160125695500.0,1914398837.458746,0.0,2.5041322314049586,ST,105414488100.0,아모그린텍,N,D5,21244984838.70968,463284518665.01654
187790,338,338,645182161500.0,1908822963.0177517,0.0,1.396694214876033,ST,95143960550.0,나노,N,D5,0.0,257647001787.12872
051360,603,603,1148406050000.0,1904487645.1077943,0.0,2.4917355371900825,ST,240028093870.0,토비스,N,D5,118315195793.54839,458604396204.6205
119610,342,342,649222970000.0,1898312777.7777777,0.0,1.4132231404958675,ST,180679615010.0,인터로조,N,D5,35219388812.90323,259260657986.7987
175250,387,387,733030935000.0,1894136782.9457364,0.0,1.5991735537190082,ST,81501658560.0,아이큐어,N,D5,0.0,292728525198.01984
123420,606,606,1145765642500.0,1890702380.3630364,0.0,2.5041322314049586,ST,66774683220.0,위메이드플레이,N,D5,0.0,457549976047.8548
036090,591,591,1116606838500.0,1889351672.5888324,0.0,2.4421487603305785,ST,58634608292.0,위지트,N,D5,0.0,445905701183.16833
305090,604,604,1139344527500.0,1886331999.1721852,0.0,2.495867768595041,ST,40034829650.0,마이크로디지탈,N,D5,104648724329.03226,454985768407.59076
079810,606,606,1141106271000.0,1883013648.514852,0.0,2.5041322314049586,ST,65445405760.0,APS이노베이션,N,D5,0.0,455689302940.59406
210120,555,555,1043813804500.0,1880745593.6936936,0.0,2.293388429752066,ST,22540854540.0,캔버스엔,N,D5,0.0,416836535790.4291
206640,606,606,1138923575500.0,1879411840.759076,0.0,2.5041322314049586,ST,249969378610.0,바디텍메드,N,D5,105948614058.06451,454817665463.6964
226330,606,606,1137318745000.0,1876763605.610561,0.0,2.5041322314049586,ST,45411865200.0,신테카바이오,N,D5,225878289432.2581,454176792557.7558
271830,596,596,1108867888000.0,1860516590.6040268,0.0,2.462809917355372,ST,30080006040.0,팸텍,N,D5,0.0,442815229201.3201
214260,592,592,1098177037500.0,1855028779.5608108,0.0,2.446280991735537,ST,74502566050.0,라파스,N,D5,123742127761.29033,438545945668.31683
260930,606,606,1123055163000.0,1853226341.5841584,0.0,2.5041322314049586,ST,53382791160.0,씨티케이,N,D5,0.0,448480774663.36633
048470,606,606,1117663056500.0,1844328476.0726075,0.0,2.5041322314049586,ST,25427750000.0,대동스틸,N,D5,0.0,446327491209.571
099410,605,605,1112315077000.0,1838537317.355372,0.0,2.5,ST,44240000000.0,동방선기,N,D5,0.0,444191829429.0429
009780,606,606,1113898905000.0,1838117004.950495,0.0,2.5041322314049586,ST,110000000000.0,엠에스씨,N,D5,179433613522.58066,444824315198.01984
123860,606,606,1107845617000.0,1828128080.8580856,0.0,2.5041322314049586,ST,173001132050.0,아나패스,N,D5,9747276780.645163,442406995567.6568
336680,402,402,732838413500.0,1822981128.1094527,0.0,1.6611570247933884,ST,100604084060.0,탑런토탈솔루션,N,D5,49003858696.77419,292651643674.9175
182360,606,606,1104441416500.0,1822510588.2838285,0.0,2.5041322314049586,ST,88478640810.0,큐브엔터,N,D6,141655016161.2903,441047562364.68646
176750,373,373,678281411500.0,1818448824.3967829,0.0,1.5413223140495869,ST,172641643200.0,듀켐바이오,N,D6,157525207541.9355,270864854097.35974
138360,563,563,1022485659500.0,1816137938.7211368,0.0,2.3264462809917354,ST,144051511862.0,앤로보틱스,N,D6,0.0,408319355773.9274
102940,596,596,1080774120500.0,1813379396.8120809,0.0,2.462809917355372,ST,551114386300.0,코오롱생명과학,N,D6,187802209277.41937,431596265942.24426
101730,605,605,1093858239500.0,1808030147.9338844,0.0,2.5,ST,443319382940.0,위메이드맥스,N,D6,283820575819.35486,436821277160.06604
078590,553,553,990827150000.0,1791730831.8264017,0.0,2.2851239669421486,ST,22031960895.0,휴림에이텍,N,D6,0.0,395676848679.868
226400,606,606,1084207905500.0,1789121956.270627,0.0,2.5041322314049586,ST,92977204500.0,오스테오닉,N,D6,79464223051.6129,432967513417.49176
015710,606,606,1083643410500.0,1788190446.369637,0.0,2.5041322314049586,ST,47332350000.0,코콤,N,D6,0.0,432742088021.45215
214180,606,606,1082898670000.0,1786961501.650165,0.0,2.5041322314049586,ST,182167005340.0,헥토이노베이션,N,D6,78172659683.87097,432444683399.33997
453860,606,606,1082323163000.0,1786011820.132013,0.0,2.5041322314049586,ST,65024228070.0,에이에스텍,N,D6,16393300141.935484,432214860471.9472
215200,606,606,1081818370500.0,1785178829.2079208,0.0,2.5041322314049586,ST,409944292800.0,메가스터디교육,N,D6,59968644503.22581,432013276668.31683
067000,606,606,1079023614000.0,1780567019.8019805,0.0,2.5041322314049586,ST,74307363098.0,조이시티,N,D6,0.0,430897218792.0792
415380,580,580,1032708843000.0,1780532487.9310346,0.0,2.396694214876033,ST,21615779775.0,스튜디오삼익,N,D6,0.0,412401881198.01984
251370,606,606,1074951437500.0,1773847256.60066,0.0,2.5041322314049586,ST,181212922780.0,와이엠티,N,D6,0.0,429271036097.35974
273060,606,606,1074796119000.0,1773590955.4455445,0.0,2.5041322314049586,ST,42234670134.0,와이즈버즈,N,D6,0.0,429209011217.8218
164060,180,180,318283504500.0,1768241691.6666667,0.0,0.743801652892562,?,,,N,D6,0.0,127103313678.21783
101000,554,554,975698769500.0,1761189114.6209383,0.0,2.289256198347108,ST,14826088552.0,KS인더스트리,N,D6,0.0,389635482209.571
049480,606,606,1066871554000.0,1760514115.5115511,0.0,2.5041322314049586,ST,62719076468.0,오픈베이스,N,D6,0.0,426044415953.7954
206560,606,606,1066479250500.0,1759866750.0,0.0,2.5041322314049586,ST,28842320360.0,덱스터,N,D6,49036857348.3871,425887753500.0
094840,606,606,1064385818000.0,1756412240.9240923,0.0,2.5041322314049586,ST,121693812690.0,슈프리마에이치큐,N,D6,0.0,425051762303.6304
119830,606,606,1061695617000.0,1751972965.3465347,0.0,2.5041322314049586,ST,156311977040.0,아이텍,N,D6,0.0,423977457613.8614
037070,606,606,1060654182000.0,1750254425.7425742,0.0,2.5041322314049586,ST,139800000000.0,파세코,N,D6,0.0,423561571029.703
297090,536,536,938041767500.0,1750077924.4402986,0.0,2.2148760330578514,ST,108398250000.0,씨에스베어링,N,D6,227586971025.80646,374597537516.50165
048530,596,596,1037584559500.0,1740913690.4362416,0.0,2.462809917355372,ST,80318570800.0,인트론바이오,N,D6,0.0,414348949503.30035
228670,596,596,1035592725500.0,1737571687.0805368,0.0,2.462809917355372,ST,74290099750.0,레이,N,D6,12602103161.290323,413553530645.21454
123010,576,576,998591417000.0,1733665654.5138888,0.0,2.3801652892561984,ST,54075680190.0,알엔티엑스,N,D6,0.0,398777430551.15515
053950,570,570,984935053500.0,1727956234.2105262,0.0,2.355371900826446,ST,24710193651.0,경남제약,N,D6,0.0,393323899252.4753
038070,606,606,1044442172000.0,1723501933.9933994,0.0,2.5041322314049586,ST,42318075800.0,서린바이오,N,D6,0.0,417087468026.40265
339950,606,606,1040935997500.0,1717716167.4917493,0.0,2.5041322314049586,ST,123603301250.0,아이비김영,N,D6,0.0,415687312533.0033
373160,346,346,593433324000.0,1715125213.8728323,0.0,1.4297520661157024,ST,44805236905.0,데이원컴퍼니,N,D6,0.0,236981624435.6436
095910,606,606,1035096037000.0,1708079268.9768977,0.0,2.5041322314049586,ST,30919137561.0,에스에너지,N,D6,0.0,413355183092.40924
080160,606,606,1033020212500.0,1704653816.0066006,0.0,2.5041322314049586,ST,157815000000.0,모두투어,N,D6,0.0,412526223473.59735
211050,585,585,995385821500.0,1701514224.7863247,0.0,2.4173553719008263,ST,525150583620.0,인카금융서비스,N,D6,93638326987.09677,397497308255.7756
310200,606,606,1031087923000.0,1701465219.4719472,0.0,2.5041322314049586,ST,135101745240.0,애니플러스,N,D6,0.0,411754583112.21124
317240,430,430,730845422000.0,1699640516.2790697,0.0,1.7768595041322317,ST,21182292186.0,TS트릴리온,N,D6,0.0,291855762580.8581
119500,606,606,1029274577500.0,1698472900.1650164,0.0,2.5041322314049586,ST,30388150080.0,포메탈,N,D6,0.0,411030441839.934
089850,605,605,1021024025500.0,1687643017.355372,0.0,2.5,ST,58626192020.0,유비벨록스,N,D6,0.0,407735666948.8449
419080,605,605,1018564129000.0,1683577072.7272727,0.0,2.5,ST,42508804470.0,엔젯,N,D6,0.0,406753332042.9043
398120,369,369,619503983000.0,1678872582.6558266,0.0,1.524793388429752,ST,23637022000.0,에스지헬스케어,N,D6,0.0,247392679679.868
246250,346,346,580718277000.0,1678376523.1213872,0.0,1.4297520661157024,ST,30220617614.0,에스엘에스바이오,N,D6,0.0,231903998405.9406
389680,361,361,605546529500.0,1677414209.1412742,0.0,1.491735537190083,ST,14428081662.0,유디엠텍,N,D6,0.0,241818911120.46207
289220,606,606,1016459657500.0,1677326167.4917493,0.0,2.5041322314049586,ST,30277683897.0,자이언트스텝,N,D6,63290684670.96774,405912932533.0033
100660,606,606,1012325557500.0,1670504220.2970295,0.0,2.5041322314049586,ST,40824000000.0,서암기계공업,N,D6,0.0,404262021311.8812
113810,592,592,983726757000.0,1661700603.0405405,0.0,2.446280991735537,ST,15172043715.0,디젠스,N,D6,0.0,392841378207.92084
189330,606,606,1005482424500.0,1659211921.6171618,0.0,2.5041322314049586,ST,114745333320.0,씨이랩,N,D6,0.0,401529285031.35315
288980,596,596,987379014500.0,1656676198.825503,0.0,2.462809917355372,ST,35180793493.0,모아데이타,N,D6,0.0,394299870476.8977
048550,606,606,1000843485000.0,1651556905.940594,0.0,2.5041322314049586,ST,149230658660.0,SM C&C,N,D6,0.0,399676771237.6238
092730,605,605,998564235000.0,1650519396.6942148,0.0,2.5,ST,314789703960.0,네오팜,N,D6,47810816651.61291,398766575693.06934
156100,606,606,994705951500.0,1641428962.871287,0.0,2.5041322314049586,ST,104603396040.0,엘앤케이바이오,N,D6,0.0,397225809014.8515
138580,205,205,336240165000.0,1640195926.8292682,0.0,0.8471074380165289,?,,,N,D6,0.0,134274125297.02971
240600,596,596,975747684500.0,1637160544.463087,0.0,2.462809917355372,ST,14064146530.0,유진테크놀로지,N,D6,0.0,389655015922.44226
285800,606,606,986383359500.0,1627695312.7062707,0.0,2.5041322314049586,ST,14908111310.0,진영,N,D6,0.0,393902265674.91754
020180,606,606,984870671000.0,1625199127.0627062,0.0,2.5041322314049586,ST,35162457225.0,대신정보통신,N,D6,0.0,393298188749.1749
230360,591,591,959204048000.0,1623018693.7394247,0.0,2.4421487603305785,?,,,N,D6,35226486438.70968,383048481214.5215
317120,596,596,965227219000.0,1619508756.711409,0.0,2.462809917355372,ST,21089320000.0,라닉스,N,D6,0.0,385453773924.0924
133750,606,606,980324557500.0,1617697289.6039605,0.0,2.5041322314049586,ST,30686677947.0,메가엠디,N,D6,0.0,391482744084.15845
144510,606,606,979580030500.0,1616468697.1947196,0.0,2.5041322314049586,ST,222310840080.0,지씨셀,N,D6,206490964509.67743,391185424721.12213
049080,562,562,904767844000.0,1609907195.7295372,0.0,2.322314049586777,ST,50675353980.0,기가레인,N,D6,0.0,361309931102.31024
042500,605,605,970503314000.0,1604137709.090909,0.0,2.5,ST,90502044640.0,링네트,N,D6,0.0,387560729353.1353
007370,606,606,970584769000.0,1601625031.353135,0.0,2.5041322314049586,ST,55124889300.0,진양제약,N,D6,0.0,387593257587.45874
089790,606,606,970066842000.0,1600770366.3366337,0.0,2.5041322314049586,ST,43325154600.0,제이티,N,D6,0.0,387386428653.4654
007720,595,595,951678885500.0,1599460311.764706,0.0,2.458677685950413,ST,30139334550.0,소노스퀘어,N,D6,0.0,380043383318.4819
101390,144,144,230093603000.0,1597872243.0555556,0.0,0.5950413223140496,?,,,N,D6,0.0,91885564234.32344
039830,571,571,911092076000.0,1595607838.8791597,0.0,2.3595041322314048,ST,209230581600.0,오로라,N,D6,0.0,363835449491.7492
097870,606,606,961862965000.0,1587232615.5115511,0.0,2.5041322314049586,ST,39223800000.0,효성오앤비,N,D6,0.0,384110292953.7954
033540,591,591,934486585500.0,1581195576.142132,0.0,2.4421487603305785,ST,52246331000.0,파라텍,N,D6,0.0,373177811371.2872
323350,469,469,741459321500.0,1580936719.6162047,0.0,1.93801652892562,ST,76182441720.0,다원넥스뷰,N,D6,0.0,296094316506.60065
179290,606,606,954366834000.0,1574862762.3762376,0.0,2.5041322314049586,ST,142085326420.0,엠아이텍,N,D6,50880630367.741936,381116788495.0495
347000,606,606,953263046500.0,1573041330.858086,0.0,2.5041322314049586,ST,66736143190.0,센코,N,D6,0.0,380676002067.6568
273640,606,606,951841667000.0,1570695820.132013,0.0,2.5041322314049586,ST,58448780000.0,와이엠텍,N,D6,2663924290.322581,380108388471.9472
224110,596,596,930751286000.0,1561663231.5436242,0.0,2.462809917355372,ST,40541480280.0,에이텍모빌리티,N,D6,0.0,371686157115.5116
038680,606,606,945044081000.0,1559478681.5181518,0.0,2.5041322314049586,ST,64417396870.0,에스넷,N,D6,0.0,377393840927.39276
229000,596,596,928660284500.0,1558154839.7651007,0.0,2.462809917355372,ST,39312460870.0,젠큐릭스,N,D6,0.0,370851136714.5215
049470,472,472,734777149000.0,1556731247.881356,0.0,1.950413223140496,ST,32444870822.0,비트플래닛,N,D6,0.0,293425858181.5182
471820,373,373,579110737500.0,1552575703.7533512,0.0,1.5413223140495869,ST,49054494860.0,셀로맥스사이언스,N,D6,0.0,231262043688.11884
265740,605,605,935362612500.0,1546053904.9586778,0.0,2.5,ST,92890720000.0,엔에프씨,N,D6,0.0,373527643935.64355
217500,596,596,911935429000.0,1530093001.6778524,0.0,2.462809917355372,ST,45936528000.0,러셀,N,D6,0.0,364172234023.10236
091700,606,606,924801998000.0,1526075904.290429,0.0,2.5041322314049586,ST,299000000000.0,파트론,N,D6,49361896916.129036,369310368838.2839
212560,605,605,918322329000.0,1517888147.107438,0.0,2.5,ST,159004042920.0,네오오토,N,D6,0.0,366722778247.5248
219550,154,154,233440006000.0,1515844194.8051949,0.0,0.6363636363636364,ST,38711929256.0,디와이디,N,D6,0.0,93221916587.45876
012700,606,606,915306397000.0,1510406595.709571,0.0,2.5041322314049586,ST,76488967840.0,리드코프,N,D6,17786658858.064518,365518396161.7162
094850,606,606,915078412500.0,1510030383.6633663,0.0,2.5041322314049586,ST,63280000000.0,참좋은여행,N,D6,0.0,365427352846.53467
215090,264,264,397618678500.0,1506131357.9545455,0.0,1.0909090909090908,ST,28666708318.0,솔디펜스,N,D6,0.0,158785016826.73267
330730,606,606,911295866000.0,1503788557.7557757,0.0,2.5041322314049586,ST,82891126500.0,스톤브릿지벤처스,N,D6,0.0,363916830976.8977
035600,606,606,910734239500.0,1502861781.353135,0.0,2.5041322314049586,ST,262042667340.0,KG이니시스,N,D6,329048433574.19354,363692551087.45874
188040,264,264,396713491000.0,1502702617.4242425,0.0,1.0909090909090908,ST,23677298480.0,바이오포트,N,D6,0.0,158423539310.23102
078020,606,606,908740381000.0,1499571585.8085809,0.0,2.5041322314049586,ST,373388408700.0,LS증권,N,D6,0.0,362896323765.6766
035890,430,430,644772928000.0,1499471925.5813954,0.0,1.7768595041322317,ST,482597759700.0,서희건설,N,D6,0.0,257483578508.25082
300120,605,605,906778220000.0,1498806975.2066116,0.0,2.5,ST,23068871456.0,라온피플,N,D6,0.0,362112754521.45215
146320,606,606,902737632000.0,1489666059.4059403,0.0,2.5041322314049586,ST,136681817640.0,비씨엔씨,N,D6,4865274167.741936,360499186376.2377
096350,590,590,874558376000.0,1482302332.20339,0.0,2.43801652892562,ST,59409876344.0,대창솔루션,N,D6,0.0,349246084145.21454
352770,294,294,435376909000.0,1480873840.1360545,0.0,1.2148760330578512,ST,13610136750.0,셀레스트라,N,D6,0.0,173863386102.31024
085910,580,580,858398740500.0,1479997828.4482758,0.0,2.396694214876033,ST,247754931280.0,네오티스,N,D6,0.0,342792896371.2872
048770,596,596,882051698000.0,1479952513.422819,0.0,2.462809917355372,ST,48035852460.0,TPC로보틱스,N,D6,0.0,352238466858.0858
355690,606,606,895829142500.0,1478265911.7161715,0.0,2.5041322314049586,ST,37196695900.0,에이텀,N,D6,0.0,357740350635.31354
006050,606,606,894949702000.0,1476814689.768977,0.0,2.5041322314049586,ST,15807545079.0,국영지앤엠,N,D6,0.0,357389154924.0924
101330,595,595,876908736500.0,1473796195.798319,0.0,2.458677685950413,ST,78352693165.0,모베이스,N,D6,0.0,350184676952.1452
043650,606,606,892773845000.0,1473224166.6666667,0.0,2.5041322314049586,ST,66790056960.0,국순당,N,D6,0.0,356520248333.3334
038290,606,606,891541874500.0,1471191212.0462046,0.0,2.5041322314049586,ST,130964112000.0,마크로젠,N,D6,5588151587.096774,356028273315.1815
072470,606,606,890216127500.0,1469003510.7260723,0.0,2.5041322314049586,ST,44007504530.0,우리산업홀딩스,N,D6,0.0,355498849595.7096
348350,606,606,889867512500.0,1468428238.448845,0.0,2.5041322314049586,ST,89807400000.0,위드텍,N,D6,0.0,355359633704.6205
092070,606,606,887690696000.0,1464836132.0132012,0.0,2.5041322314049586,ST,155410052940.0,디엔에프,N,D6,0.0,354490343947.19476
321550,606,606,887261822500.0,1464128419.966997,0.0,2.5041322314049586,ST,121505631375.0,티움바이오,N,D6,0.0,354319077632.01324
021080,606,606,876177290500.0,1445837113.0363035,0.0,2.5041322314049586,ST,107040000000.0,에이티넘인베스트,N,D6,0.0,349892581354.7855
288620,606,606,874056732500.0,1442337842.409241,0.0,2.5041322314049586,ST,32523612560.0,에스프리즘,N,D6,0.0,349045757863.0363
215000,606,606,873464749000.0,1441360971.9471948,0.0,2.5041322314049586,ST,253840536750.0,골프존,N,D6,76005719864.51613,348809355211.2211
072770,579,579,834147142500.0,1440668639.896373,0.0,2.3925619834710745,ST,30345343638.0,멤레이비티,N,D6,0.0,333108264826.73267
101970,306,306,439206810500.0,1435316374.1830063,0.0,1.2644628099173554,ST,150118591350.0,우양에이치씨,N,D6,136211530612.90323,175392818714.52145
294140,455,455,650600148000.0,1429890435.1648352,0.0,1.8801652892561984,ST,50769562770.0,레몬,N,D6,0.0,259810620158.41586
205500,591,591,838636032500.0,1419011899.3231812,0.0,2.4421487603305785,ST,96488708995.0,넥써쓰,N,D6,0.0,334900857863.0363
032680,586,586,830030367000.0,1416434073.3788395,0.0,2.4214876033057853,ST,18144616470.0,소프트센,N,D6,0.0,331464271970.29706
150900,606,606,856882352000.0,1413997280.5280528,0.0,2.5041322314049586,ST,38388864160.0,파수AI,N,D6,0.0,342187341887.7888
137950,606,606,856731885500.0,1413748985.9735973,0.0,2.5041322314049586,ST,62238540130.0,제이씨케미칼,N,D6,0.0,342127254605.6106
239340,586,586,828149834500.0,1413224973.549488,0.0,2.4214876033057853,ST,16349658204.0,이스트에이드,N,D6,0.0,330713300245.87463
006140,606,606,856041231000.0,1412609292.079208,0.0,2.5041322314049586,ST,67115475000.0,피제이전자,N,D6,0.0,341851448683.16833
189690,606,606,854692474500.0,1410383621.2871287,0.0,2.5041322314049586,ST,45682332168.0,포시에스,N,D6,0.0,341312836351.48517
001840,302,302,423581860500.0,1402588942.0529802,0.0,1.2479338842975207,ST,62588831935.0,이화공영,N,D6,0.0,169153152212.8713
440320,606,606,847463040000.0,1398453861.386139,0.0,2.5041322314049586,ST,21107700000.0,오픈놀,N,D6,0.0,338425834455.44556
053160,606,606,846285635000.0,1396510948.8448844,0.0,2.5041322314049586,ST,56100000000.0,프리엠스,N,D6,0.0,337955649620.46204
036010,606,606,840180425500.0,1386436345.709571,0.0,2.5041322314049586,ST,91588315260.0,아비코전자,N,D6,0.0,335517595661.7162
079940,606,606,839440339000.0,1385215080.858086,0.0,2.5041322314049586,ST,424764648600.0,가비아,N,D6,48278289612.90323,335222049567.6568
046210,606,606,835830071500.0,1379257543.729373,0.0,2.5041322314049586,ST,50536035600.0,HLB파나진,N,D6,7329292406.451613,333780325582.50824
382480,606,606,833256516500.0,1375010753.30033,0.0,2.5041322314049586,ST,71511923380.0,지아이텍,N,D6,0.0,332752602298.6799
054670,606,606,825767577500.0,1362652768.1518152,0.0,2.5041322314049586,ST,82253691600.0,대한뉴팜,N,D6,0.0,329761969892.7393
036560,592,592,806181824000.0,1361793621.6216216,0.0,2.446280991735537,ST,183960000000.0,KZ정밀,N,D6,38409243116.129036,321940596382.8383
389030,583,583,791334901000.0,1357349744.425386,0.0,2.409090909090909,ST,87450841620.0,지니너스,N,D6,0.0,316011627132.01324
340810,606,606,822163064000.0,1356704726.0726073,0.0,2.5041322314049586,ST,32747942400.0,시선AI,N,D6,0.0,328322543709.571
031310,606,606,821534859500.0,1355668084.9834983,0.0,2.5041322314049586,ST,28051091893.0,아이즈비전,N,D6,0.0,328071676566.0066
009620,537,537,726698996000.0,1353256975.7914338,0.0,2.21900826446281,ST,11549684728.0,삼보산업,N,D6,0.0,290199929095.7096
043200,596,596,804068770000.0,1349108674.4966445,0.0,2.462809917355372,ST,24539132905.0,파루,N,D6,0.0,321096769537.9538
032300,606,606,815106069500.0,1345059520.6270628,0.0,2.5041322314049586,ST,86817339960.0,한국파마,N,D6,20369269587.096775,325504403991.7492
069080,606,606,815007584000.0,1344897003.30033,0.0,2.5041322314049586,ST,370360237000.0,웹젠,N,D6,66789821219.35484,325465074798.6799
353810,606,606,813136019000.0,1341808612.2112212,0.0,2.5041322314049586,ST,206100361600.0,이지바이오,N,D6,0.0,324717684155.11554
041830,606,606,812808650500.0,1341268400.1650164,0.0,2.5041322314049586,ST,707746305000.0,인바디,N,D6,143144103832.25806,324586952839.934
071280,596,596,799150705500.0,1340856888.422819,0.0,2.462809917355372,ST,105699526730.0,로체시스템즈,N,D6,0.0,319132789985.14856
075130,606,606,808599759000.0,1334323034.6534653,0.0,2.5041322314049586,ST,30906487440.0,플랜티넷,N,D6,0.0,322906174386.1386
104200,606,606,802682035500.0,1324557814.3564355,0.0,2.5041322314049586,ST,42777481750.0,NHN벅스,N,D6,0.0,320542991074.25745
307870,606,606,798827298500.0,1318196862.2112212,0.0,2.5041322314049586,ST,71178715030.0,비투엔,N,D6,0.0,319003640655.11554
087600,606,606,797704227500.0,1316343609.7359736,0.0,2.5041322314049586,ST,33482887800.0,픽셀플러스,N,D6,0.0,318555153556.10565
200230,553,553,724355175500.0,1309864693.490054,0.0,2.2851239669421486,ST,15270273655.0,텔콘RF제약,N,D6,0.0,289263947971.9472
053260,606,606,792111609500.0,1307114867.1617162,0.0,2.5041322314049586,ST,91915200000.0,금강철강,N,D6,0.0,316321797853.1353
060230,530,530,688952351000.0,1299910096.2264152,0.0,2.190082644628099,ST,12386107800.0,제이케이시냅스,N,D6,0.0,275126186372.9373
065370,596,596,774688446500.0,1299812829.6979866,0.0,2.462809917355372,ST,22779498090.0,위세아이텍,N,D6,0.0,309364033090.7591
217330,596,596,772644299500.0,1296383052.852349,0.0,2.462809917355372,ST,72048538905.0,싸이토젠,N,D6,0.0,308547723562.7063
192410,372,372,481118720000.0,1293329892.4731183,0.0,1.537190082644628,ST,80217120165.0,오늘이엔엠,N,D6,0.0,192129917887.7888
215380,596,596,763128451500.0,1280416864.932886,0.0,2.462809917355372,ST,43925193360.0,우정바이오,N,D6,0.0,304747665450.49506
046940,606,606,775680302000.0,1280000498.349835,0.0,2.5041322314049586,ST,65609890500.0,우원개발,N,D6,0.0,309760120600.6601
065680,596,596,761798797000.0,1278185901.0067115,0.0,2.462809917355372,ST,274904012250.0,우주일렉트로,N,D6,60574222180.645164,304216681310.231
215790,572,572,730668949000.0,1277393267.4825175,0.0,2.363636363636364,ST,37825876911.0,이노인스트루먼트,N,D6,0.0,291785289864.68646
023410,606,606,774035977000.0,1277287090.759076,0.0,2.5041322314049586,ST,287982964675.0,유진기업,N,D6,0.0,309103475963.6964
026150,606,606,773616481000.0,1276594853.1353135,0.0,2.5041322314049586,ST,72992736960.0,특수건설,N,D6,0.0,308935954458.7459
096630,590,590,751618852000.0,1273930257.6271186,0.0,2.43801652892562,ST,28815526245.0,에스코넥,N,D6,0.0,300151422745.8746
044990,413,413,526123898000.0,1273907743.3414044,0.0,1.706611570247934,ST,88997221500.0,에이치엔에스하이텍,N,D6,0.0,210102282699.66998
036000,596,596,757231609500.0,1270522834.7315435,0.0,2.462809917355372,ST,62538062055.0,예림당,N,D6,0.0,302392820955.44556
302430,606,606,761834402000.0,1257152478.547855,0.0,2.5041322314049586,ST,62047542480.0,이노메트리,N,D6,0.0,304230899808.5809
071200,541,541,676213898500.0,1249933268.9463956,0.0,2.2355371900826446,ST,216152617880.0,인피니트헬스케어,N,D6,0.0,270039213592.40924
041960,606,606,755503769500.0,1246705890.2640264,0.0,2.5041322314049586,ST,554148712500.0,코미팜,N,D6,0.0,301702825443.8944
084850,606,606,754980100000.0,1245841749.1749177,0.0,2.5041322314049586,ST,202558600620.0,아이티엠반도체,N,D6,544805214303.2258,301493703300.3301
302550,606,606,754620352500.0,1245248106.4356437,0.0,2.5041322314049586,ST,83603840750.0,리메드,N,D6,0.0,301350041757.4258
216080,605,605,752122150000.0,1243177107.4380164,0.0,2.5,ST,169283429460.0,제테마,N,D6,0.0,300352409735.97363
058110,606,606,751451532000.0,1240019029.7029705,0.0,2.5041322314049586,ST,30865169190.0,멕아이씨에스,N,D6,0.0,300084605188.11884
068050,606,606,748027799000.0,1234369305.280528,0.0,2.5041322314049586,ST,33177503048.0,팬엔터테인먼트,N,D6,0.0,298717371877.8878
044480,570,570,702212625500.0,1231951974.5614035,0.0,2.355371900826446,ST,33450421496.0,빌리언스,N,D6,0.0,280421543516.50165
276730,517,517,632470027000.0,1223346280.4642167,0.0,2.136363636363636,ST,44140577880.0,한울앤제주,N,D6,0.0,252570538834.98352
104480,605,605,739975187000.0,1223099482.644628,0.0,2.5,ST,141251504436.0,티케이케미칼,N,D6,0.0,295501642333.3334
086820,605,605,739498711500.0,1222311919.8347108,0.0,2.5,ST,145693357700.0,바이오솔루션,N,D6,42041407845.16129,295311366638.6139
138070,606,606,737600763000.0,1217162975.2475247,0.0,2.5041322314049586,ST,24521988804.0,신진에스엠,N,D6,0.0,294553440009.901
263600,606,606,735992222500.0,1214508617.9867988,0.0,2.5041322314049586,ST,51454901300.0,덕우전자,N,D6,0.0,293911085552.8053
091440,268,268,324882273000.0,1212247287.313433,0.0,1.1074380165289257,ST,84457719940.0,한울소재과학,N,D7,0.0,129738465455.44556
195500,606,606,734129881500.0,1211435448.019802,0.0,2.5041322314049586,ST,26267832000.0,마니커에프앤지,N,D7,0.0,293167378420.7921
432980,365,365,439478135500.0,1204049686.30137,0.0,1.508264462809917,ST,24056877600.0,엠에프씨,N,D7,0.0,175501169622.1122
088280,606,606,728662151000.0,1202412790.4290428,0.0,2.5041322314049586,ST,49410028950.0,쏘닉스,N,D7,0.0,290983895283.82837
035080,606,606,728536740500.0,1202205842.409241,0.0,2.5041322314049586,ST,107111131080.0,그래디언트,N,D7,17924668335.48387,290933813863.0363
046390,590,590,709153923500.0,1201955802.542373,0.0,2.43801652892562,ST,33761233215.0,삼화네트웍스,N,D7,0.0,283193481001.6502
043100,514,514,616385957000.0,1199194468.8715954,0.0,2.12396694214876,ST,10457241600.0,알파AI,N,D7,0.0,246147527382.8383
123570,606,606,725714211000.0,1197548202.970297,0.0,2.5041322314049586,ST,38069817302.0,이엠넷,N,D7,0.0,289806665118.8119
036710,532,532,633807040500.0,1191366617.481203,0.0,2.1983471074380163,ST,188595081780.0,심텍홀딩스,N,D7,0.0,253104461717.8218
036630,548,548,651135026000.0,1188202602.189781,0.0,2.2644628099173554,ST,91600000000.0,세종텔레콤,N,D7,0.0,260024218303.63037
052900,606,606,718224992000.0,1185189755.7755775,0.0,2.5041322314049586,ST,101278546890.0,KX하이텍,N,D7,0.0,286815920897.68976
290740,595,595,703424233000.0,1182225601.6806722,0.0,2.458677685950413,ST,82533090200.0,액트로,N,D7,0.0,280905386775.5776
334970,605,605,714676139000.0,1181282874.380165,0.0,2.5,ST,141665304614.0,프레스티지바이오로직스,N,D7,7697895096.774194,285398722174.9175
074430,594,594,701627654500.0,1181191337.5420876,0.0,2.4545454545454546,ST,88792939284.0,아미노로직스,N,D7,0.0,280187941235.97363
263810,606,606,714729481500.0,1179421586.6336634,0.0,2.5041322314049586,ST,38697324750.0,상신전자,N,D7,0.0,285420023965.34656
276040,549,549,643389981000.0,1171930748.63388,0.0,2.268595041322314,ST,7073119545.0,스코넥,N,D7,0.0,256931312544.55447
246710,590,590,690317564500.0,1170029770.338983,0.0,2.43801652892562,ST,101763716040.0,티앤알바이오팹,N,D7,0.0,275671370641.9142
035200,606,606,708357723500.0,1168907134.4884489,0.0,2.5041322314049586,ST,29143117050.0,프럼파스트,N,D7,0.0,282875526546.20465
234300,606,606,708198682500.0,1168644690.5940597,0.0,2.5041322314049586,ST,77270095200.0,에스트래픽,N,D7,0.0,282812015123.7624
151860,606,606,704890039000.0,1163184882.8382838,0.0,2.5041322314049586,ST,257056210800.0,KG에코솔루션,N,D7,0.0,281490741646.8647
417860,454,454,523742435500.0,1153617699.339207,0.0,1.87603305785124,ST,31912822680.0,오브젠,N,D7,0.0,209151269622.1122
198440,599,599,686362359000.0,1145847010.0166943,0.0,2.475206611570248,ST,116806444632.0,강동씨앤엘,N,D7,0.0,274091899138.61386
342870,195,195,222393387500.0,1140478910.2564104,0.0,0.8057851239669421,ST,22536564595.0,오아,N,D7,0.0,88810560684.81848
038530,587,587,669303742000.0,1140210804.088586,0.0,2.425619834710744,ST,19833438733.0,케이바이오랩스,N,D7,0.0,267279712151.8152
208710,582,582,659604299500.0,1133340720.790378,0.0,2.4049586776859506,ST,25833058720.0,포톤,N,D7,0.0,263406337424.0924
263700,606,606,684053776500.0,1128801611.386139,0.0,2.5041322314049586,ST,41837601000.0,케어랩스,N,D7,0.0,273169989955.44556
290660,581,581,653583388500.0,1124928379.5180724,0.0,2.400826446280992,ST,57060066816.0,다이나믹솔루션,N,D7,0.0,261001947222.77228
187870,605,605,678324418000.0,1121197385.123967,0.0,2.5,ST,189889127400.0,디바이스,N,D7,0.0,270882028310.23105
014190,606,606,677577638500.0,1118114915.0165017,0.0,2.5041322314049586,ST,42474085200.0,원익큐브,N,D7,0.0,270583809433.9934
035810,606,606,675636541000.0,1114911783.8283827,0.0,2.5041322314049586,ST,283871214000.0,이지홀딩스,N,D7,0.0,269808651686.46866
041460,606,606,674391997500.0,1112858081.6831684,0.0,2.5041322314049586,ST,66405000000.0,한국전자인증,N,D7,0.0,269311655767.32675
318000,606,606,671891540500.0,1108731915.0165017,0.0,2.5041322314049586,ST,26919886840.0,KBG,N,D7,0.0,268313123433.9934
109820,579,579,641149900000.0,1107340069.0846286,0.0,2.3925619834710745,ST,28857000600.0,진매트릭스,N,D7,0.0,256036758745.8746
217270,606,606,670854885500.0,1107021263.2013202,0.0,2.5041322314049586,ST,108193013545.0,넵튠,N,D7,55187797109.67742,267899145694.71948
217190,605,605,669637542500.0,1106838913.2231405,0.0,2.5,ST,72214147890.0,제너셈,N,D7,0.0,267413012021.45215
067390,365,365,403953310500.0,1106721398.630137,0.0,1.508264462809917,ST,210999947079.0,아스트,N,D7,0.0,161314688351.48517
051160,606,606,669692362500.0,1105102908.4158416,0.0,2.5041322314049586,ST,114356037700.0,지어소프트,N,D7,0.0,267434903836.63367
291650,606,606,668213153500.0,1102661969.4719472,0.0,2.5041322314049586,ST,67692519378.0,압타머사이언스,N,D7,0.0,266844196612.21124
263860,606,606,666574009500.0,1099957111.386139,0.0,2.5041322314049586,ST,114766144000.0,지니언스,N,D7,198074676019.35486,266189620955.44556
100120,606,606,664443428000.0,1096441300.330033,0.0,2.5041322314049586,ST,213071011250.0,뷰웍스,N,D7,0.0,265338794679.868
026040,606,606,664182438000.0,1096010623.7623763,0.0,2.5041322314049586,ST,30598026660.0,제이에스티나,N,D7,0.0,265234570950.49506
134580,606,606,661275520500.0,1091213730.1980195,0.0,2.5041322314049586,ST,52399680387.0,탑코미디어,N,D7,0.0,264073722707.9208
064850,595,595,649099822500.0,1090924071.4285717,0.0,2.458677685950413,ST,280694167200.0,에프앤가이드,N,D7,0.0,259211480272.27725
115310,567,567,618277828000.0,1090437086.419753,0.0,2.34297520661157,ST,117817382700.0,인포바인,N,D7,0.0,246903027023.10233
037350,606,606,658653377000.0,1086886760.7260723,0.0,2.5041322314049586,ST,130806000000.0,성도이엔지,N,D7,0.0,263026596095.7096
217820,606,606,657295557500.0,1084646134.4884489,0.0,2.5041322314049586,ST,89499298274.0,원익피앤이,N,D7,0.0,262484364546.20462
284620,272,272,293173814000.0,1077844904.4117646,0.0,1.1239669421487604,ST,35965517911.0,카이노스메드,N,D7,0.0,117076011531.35313
187220,606,606,651593843000.0,1075237364.6864686,0.0,2.5041322314049586,ST,28351335180.0,디티앤씨,N,D7,0.0,260207442254.12543
066590,606,606,650670158000.0,1073713132.0132014,0.0,2.5041322314049586,ST,92440269430.0,스모트로닉,N,D7,0.0,259838577947.19473
215360,606,606,649911047000.0,1072460473.5973598,0.0,2.5041322314049586,ST,59359059500.0,우리산업,N,D7,0.0,259535434610.56107
258790,548,548,586959846000.0,1071094609.4890512,0.0,2.2644628099173554,ST,21467509520.0,소프트캠프,N,D7,0.0,234396506158.41586
057680,591,591,629821034000.0,1065687028.7648054,0.0,2.4421487603305785,ST,31664782545.0,티사이언티픽,N,D7,0.0,251512690145.21454
086890,606,606,641776568000.0,1059037240.9240924,0.0,2.5041322314049586,ST,141489048740.0,이수앱지스,N,D7,0.0,256287012303.63037
438700,596,596,629871539000.0,1056831441.2751678,0.0,2.462809917355372,ST,20283699800.0,버넥트,N,D7,0.0,251532858808.58087
045340,596,596,626562074500.0,1051278648.4899328,0.0,2.462809917355372,ST,58109091600.0,토탈소프트,N,D7,0.0,250211257473.59738
419540,590,590,620096141500.0,1051010409.322034,0.0,2.43801652892562,ST,18828079480.0,비스토스,N,D7,0.0,247629152216.17163
264450,605,605,632802624000.0,1045954750.4132231,0.0,2.5,ST,143721831400.0,유비쿼스,N,D7,0.0,252703358099.00992
109080,606,606,633360114500.0,1045148703.7953796,0.0,2.5041322314049586,ST,48920480000.0,옵티시스,N,D7,0.0,252925986318.48187
322780,589,589,613933085000.0,1042331213.9219016,0.0,2.4338842975206614,ST,15005915760.0,코퍼스코리아,N,D7,0.0,245167997640.26404
027710,606,606,629110202500.0,1038135647.689769,0.0,2.5041322314049586,ST,116207513800.0,팜스토리,N,D7,0.0,251228826740.9241
377450,606,606,627296220000.0,1035142277.2277228,0.0,2.5041322314049586,ST,176419400000.0,리파인,N,D7,84150382870.96774,250504431089.10892
106080,520,520,537403614000.0,1033468488.4615384,0.0,2.1487603305785123,ST,9506998050.0,케이이엠텍,N,D7,0.0,214606723742.57428
149950,606,606,624256610000.0,1030126419.1419142,0.0,2.5041322314049586,ST,134216843460.0,아바텍,N,D7,0.0,249290593432.34326
021880,587,587,604517989500.0,1029843252.9812608,0.0,2.425619834710744,ST,30236277000.0,메이슨캐피탈,N,D7,0.0,241408174024.7525
004650,606,606,623720383500.0,1029241556.930693,0.0,2.5041322314049586,ST,86118592450.0,창해에탄올,N,D7,0.0,249076456777.22772
129890,606,606,623334478000.0,1028604749.1749176,0.0,2.5041322314049586,ST,41173224208.0,앱코,N,D7,0.0,248922349300.33005
223310,550,550,564942847000.0,1027168812.7272727,0.0,2.272727272727273,ST,22900424800.0,사토시홀딩스,N,D7,0.0,225604239231.0231
126640,594,594,609531134500.0,1026146691.0774412,0.0,2.4545454545454546,ST,140574199100.0,화신정공,N,D7,0.0,243410123018.15182
101930,513,513,522871346000.0,1019242389.8635478,0.0,2.1198347107438016,ST,322147430550.0,인화정공,N,D7,84965818264.51613,208803408798.67987
092300,606,606,617320572000.0,1018680811.8811882,0.0,2.5041322314049586,ST,50374677500.0,현우산업,N,D7,0.0,246520756475.24753
052600,606,606,616615880000.0,1017517953.7953796,0.0,2.5041322314049586,ST,34806737000.0,한네트,N,D7,0.0,246239344818.48187
065950,606,606,613606979500.0,1012552771.4521452,0.0,2.5041322314049586,ST,28824159342.0,웰크론,N,D7,0.0,245037770691.41916
043220,301,301,303401002500.0,1007976752.4916945,0.0,1.243801652892562,ST,28191099330.0,티에스넥스젠,N,D7,0.0,121160136311.8812
147760,585,585,589408184000.0,1007535357.2649572,0.0,2.4173553719008263,ST,82100000000.0,피엠티,N,D7,0.0,235374225293.72937
354200,599,599,602405685500.0,1005685618.5308847,0.0,2.475206611570248,ST,19758785750.0,엔젠바이오,N,D7,0.0,240564646684.81848
069920,519,519,521403731500.0,1004631467.2447014,0.0,2.144628099173554,ST,5345499575.0,엑시온그룹,N,D7,0.0,208217331721.12213
376190,259,259,256548979500.0,990536600.3861004,0.0,1.0702479338842976,?,,,N,D7,0.0,102450252539.60396
052460,606,606,600240972500.0,990496654.290429,0.0,2.5041322314049586,ST,47402752320.0,아이크래프트,N,D7,0.0,239700190338.28384
065660,594,594,586861439000.0,987982220.5387204,0.0,2.4545454545454546,ST,195419133000.0,안트로젠,N,D7,169258325393.5484,234357208313.53137
037230,606,606,596566088500.0,984432489.2739276,0.0,2.5041322314049586,ST,42495266302.0,한국팩키지,N,D7,0.0,238232662404.29044
262260,596,596,585606141000.0,982560639.261745,0.0,2.462809917355372,ST,45836086400.0,에이프로,N,D7,0.0,233855917693.0693
243070,605,605,592203574000.0,978848882.644628,0.0,2.5,ST,330638754000.0,휴온스,N,D7,112210840251.6129,236490536151.8152
140070,606,606,591540910000.0,976140115.5115511,0.0,2.5041322314049586,ST,60845260000.0,서플러스글로벌,N,D7,0.0,236225907953.79538
251630,606,606,589490715000.0,972756955.4455446,0.0,2.5041322314049586,ST,56437816440.0,브이원텍,N,D7,0.0,235407183217.8218
038880,394,394,382523603000.0,970872088.8324872,0.0,1.628099173553719,ST,19838076720.0,아이에이,N,D7,0.0,152756950372.9373
348080,193,193,186983913500.0,968828567.357513,0.0,0.7975206611570248,ST,35673982329.0,큐라티스,N,D7,0.0,74670143674.9175
126600,606,606,582035792000.0,960455102.310231,0.0,2.5041322314049586,ST,191752876445.0,BGF에코머티리얼즈,N,D7,0.0,232430134759.07593
052260,605,605,579421743500.0,957721890.0826446,0.0,2.5,ST,106800000000.0,현대바이오랜드,N,D7,5875452425.806452,231386240803.63037
054040,606,606,577328720500.0,952687657.590759,0.0,2.5041322314049586,ST,81160014500.0,한국컴퓨터,N,D7,0.0,230550413136.9637
009300,606,606,575977138000.0,950457323.4323432,0.0,2.5041322314049586,ST,81663400000.0,삼아제약,N,D7,2245714722.580645,230010672270.62708
065530,596,596,565512008500.0,948845651.8456376,0.0,2.462809917355372,ST,53483732562.0,와이어블,N,D7,0.0,225831528146.8647
002230,582,582,548496196500.0,942433327.3195876,0.0,2.4049586776859506,ST,91469014800.0,피에스텍,N,D7,0.0,219036434905.9406
462980,343,343,323245795000.0,942407565.5976676,0.0,1.4173553719008265,ST,26111713784.0,아이지넷,N,D7,0.0,129084954438.9439
051490,606,606,570465909000.0,941362886.1386138,0.0,2.5041322314049586,ST,38198000000.0,나라엠앤디,N,D7,0.0,227809818445.54456
239890,606,606,570022818500.0,940631713.6963696,0.0,2.5041322314049586,ST,37259081250.0,피엔에이치테크,N,D7,0.0,227632874714.52145
025880,606,606,569400899500.0,939605444.719472,0.0,2.5041322314049586,ST,42458279320.0,케이씨피드,N,D7,0.0,227384517622.1122
303530,606,606,568042547500.0,937363939.7689768,0.0,2.5041322314049586,ST,22825219890.0,이노뎁,N,D7,0.0,226842073424.0924
137940,590,590,551883941500.0,935396511.0169492,0.0,2.43801652892562,ST,19506814215.0,넥스트아이,N,D7,0.0,220389296770.62708
104040,591,591,552682320000.0,935164670.0507616,0.0,2.4421487603305785,ST,55504079550.0,디에스엠,N,D7,0.0,220708121188.11884
094970,606,606,563148973000.0,929288734.3234324,0.0,2.5041322314049586,ST,47565001600.0,제이엠티,N,D7,0.0,224887873706.27063
047820,302,302,280454532000.0,928657390.7284768,0.0,1.2479338842975207,ST,82409744100.0,초록뱀미디어,N,D7,0.0,111996694297.02971
086060,606,606,560057823500.0,924187827.5577558,0.0,2.5041322314049586,ST,39780911940.0,진바이오텍,N,D7,0.0,223653454268.9769
122350,605,605,558895935500.0,923794934.7107438,0.0,2.5,ST,69394364680.0,삼기,N,D7,0.0,223189465991.74918
051500,606,606,559700179500.0,923597655.940594,0.0,2.5041322314049586,ST,268891422900.0,CJ프레시웨이,N,D7,39268542961.29032,223510632737.62378
130500,606,606,559188716500.0,922753657.590759,0.0,2.5041322314049586,ST,25788377196.0,GH신소재,N,D7,0.0,223306385136.9637
289010,596,596,549317228500.0,921673202.181208,0.0,2.462809917355372,ST,12829635520.0,아이스크림에듀,N,D7,0.0,219364305770.62708
475660,392,392,360788285500.0,920378279.3367348,0.0,1.6198347107438016,ST,27318281575.0,에스켐,N,D7,0.0,144077170117.1617
057030,606,606,556196175000.0,917815470.2970296,0.0,2.5041322314049586,ST,35969496885.0,YBM넷,N,D7,0.0,222111343811.8812
088390,606,606,556139148000.0,917721366.3366336,0.0,2.5041322314049586,ST,72928007880.0,이녹스,N,D7,0.0,222088570653.46536
123040,606,606,555191343000.0,916157331.6831684,0.0,2.5041322314049586,ST,102835666958.0,엠에스오토텍,N,D7,0.0,221710074267.32675
023440,538,538,492393262000.0,915229111.5241636,0.0,2.2231404958677685,ST,46964378481.0,제이스코홀딩스,N,D7,0.0,196632292745.8746
128540,606,606,553405866500.0,913211000.8250824,0.0,2.5041322314049586,ST,36192263760.0,에코캡,N,D7,0.0,220997062199.66998
331380,289,289,263897492000.0,913140110.7266436,0.0,1.1942148760330578,ST,55024103330.0,포커스에이아이,N,D7,0.0,105384807036.30363
039010,606,606,550353188500.0,908173578.3828382,0.0,2.5041322314049586,ST,71328750000.0,현대에이치티,N,D7,0.0,219778005968.64688
196300,263,263,238809201500.0,908019777.56654,0.0,1.0867768595041325,ST,37599520390.0,HLB펩,N,D7,0.0,95366050764.02641
046440,606,606,548738040500.0,905508317.6567656,0.0,2.5041322314049586,ST,154703964140.0,KG파이낸셜,N,D7,0.0,219133012872.93732
039840,606,606,548411607000.0,904969648.5148516,0.0,2.5041322314049586,ST,172125073240.0,디오,N,D7,39632425090.32258,219002654940.59406
261200,606,606,548269353000.0,904734905.940594,0.0,2.5041322314049586,ST,40314735000.0,덴티스,N,D7,0.0,218945847237.62378
054300,579,579,523108618500.0,903469116.5803108,0.0,2.3925619834710745,ST,56945009880.0,팬스타엔터프라이즈,N,D7,0.0,208898161183.16833
070300,586,586,528651544500.0,902135741.4675767,0.0,2.4214876033057853,ST,59432871617.0,엑스큐어,N,D7,0.0,211111672886.1386
058630,606,606,541863668500.0,894164469.4719472,0.0,2.5041322314049586,ST,94956728430.0,엠게임,N,D7,0.0,216387801612.21124
332290,606,606,541718063500.0,893924197.1947194,0.0,2.5041322314049586,ST,31724001180.0,누보,N,D7,0.0,216329655721.12213
030350,274,274,244371227500.0,891865793.7956204,0.0,1.1322314049586777,ST,15171092867.0,드래곤플라이,N,D7,0.0,97587189859.73598
079960,606,606,539478397500.0,890228378.7128713,0.0,2.5041322314049586,ST,161130000000.0,동양이엔피,N,D7,0.0,215435267648.51486
014470,606,606,538659049500.0,888876319.3069307,0.0,2.5041322314049586,ST,58310744460.0,부방,N,D7,0.0,215108069272.27725
092600,322,322,285166454000.0,885610105.5900621,0.0,1.3305785123966942,ST,11914669625.0,앤씨앤,N,D7,0.0,113878352917.49176
065650,337,337,298371619000.0,885375724.0356083,0.0,1.3925619834710743,ST,22603463155.0,하이퍼코퍼레이션,N,D7,0.0,119151702636.9637
019540,606,606,532776917000.0,879169830.0330033,0.0,2.5041322314049586,ST,81891810000.0,일지테크,N,D7,0.0,212759098867.98682
100700,606,606,532035323500.0,877946078.3828382,0.0,2.5041322314049586,ST,105120000000.0,세운메디칼,N,D7,0.0,212462950968.64688
075970,606,606,531539714500.0,877128241.749175,0.0,2.5041322314049586,ST,31169600000.0,동국알앤에스,N,D7,0.0,212265034503.30035
033290,582,582,509645334000.0,875679268.0412371,0.0,2.4049586776859506,ST,89344674891.0,로젠,N,D7,0.0,203521734039.60397
188260,529,529,462493360500.0,874278564.2722117,0.0,2.1859504132231407,ST,28251197490.0,세니젠,N,D7,0.0,184692068054.45544
362990,589,589,514820777000.0,874059044.1426146,0.0,2.4338842975206614,ST,20799110612.0,드림인사이트,N,D7,0.0,205588495105.61057
108230,606,606,527288665000.0,870113308.5808581,0.0,2.5041322314049586,ST,112738921425.0,톱텍,N,D7,0.0,210567420676.56766
067170,606,606,526168650000.0,868265099.009901,0.0,2.5041322314049586,ST,76586507100.0,오텍,N,D7,0.0,210120153960.39606
024880,606,606,525461692500.0,867098502.4752475,0.0,2.5041322314049586,ST,75408699960.0,케이피에프,N,D7,0.0,209837837599.00992
044340,606,606,525249216000.0,866747881.1881188,0.0,2.5041322314049586,ST,61127113500.0,위닉스,N,D7,0.0,209752987247.52475
019550,584,584,505048225500.0,864808605.3082192,0.0,2.413223140495868,ST,77872988807.0,SBI인베스트먼트,N,D7,0.0,201685925034.65347
255440,606,606,523314508000.0,863555293.729373,0.0,2.5041322314049586,ST,96237460000.0,야스,N,D7,0.0,208980381082.50827
306040,582,582,502000356500.0,862543567.8694158,0.0,2.4049586776859506,ST,17531576356.0,에스제이그룹,N,D7,0.0,200468789229.37296
079970,134,134,114957938000.0,857895059.7014925,0.0,0.5537190082644629,ST,7646223464.0,투비소프트,N,D7,0.0,45907295372.937294
078860,266,266,228009900500.0,857180077.0676692,0.0,1.0991735537190082,ST,16925495120.0,아이오케이이엔엠,N,D7,0.0,91053458615.51155
060590,606,606,519222001500.0,856801982.6732674,0.0,2.5041322314049586,ST,72663965100.0,씨티씨바이오,N,D7,4388190683.870968,207346079806.9307
376980,596,596,508347502000.0,852932050.3355705,0.0,2.462809917355372,ST,23097521810.0,원티드랩,N,D7,0.0,203003457894.38943
020400,595,595,507293731000.0,852594505.882353,0.0,2.458677685950413,ST,19932287500.0,대동금속,N,D7,0.0,202582645052.8053
090410,606,606,514147963500.0,848428982.6732674,0.0,2.5041322314049586,ST,36360350955.0,덕신이피씨,N,D7,0.0,205319813806.9307
208640,579,579,489973616500.0,846241133.8514681,0.0,2.3925619834710745,ST,10094918125.0,썸에이지,N,D7,0.0,195666031671.61716
036120,606,606,512759975000.0,846138572.6072607,0.0,2.5041322314049586,ST,56759175000.0,서울평가정보,N,D7,0.0,204765534570.9571
184230,587,587,490086145500.0,834899736.7972742,0.0,2.425619834710744,ST,34659441465.0,SGA솔루션즈,N,D7,0.0,195710968995.0495
050110,581,581,484906695500.0,834607049.0533563,0.0,2.400826446280992,ST,25337921541.0,캠시스,N,D7,0.0,193642607773.9274
065170,268,268,223449528000.0,833766895.5223881,0.0,1.1074380165289257,ST,101745775485.0,비엘팜텍,N,D7,0.0,89232319762.37624
023900,606,606,500739445000.0,826302714.5214522,0.0,2.5041322314049586,ST,92358000000.0,풍국주정,N,D7,0.0,199965256914.19144
065510,606,606,499515339500.0,824282738.4488449,0.0,2.5041322314049586,ST,78647180850.0,휴비츠,N,D7,0.0,199476422704.62048
057540,606,606,498918012500.0,823297050.330033,0.0,2.5041322314049586,ST,52266955840.0,옴니시스템,N,D7,0.0,199237886179.868
064090,446,446,366476523000.0,821696239.9103138,0.0,1.8429752066115703,ST,39694710510.0,인크레더블버즈,N,D7,18334493774.19355,146348710504.9505
252500,606,606,497145782000.0,820372577.5577558,0.0,2.5041322314049586,ST,21199545290.0,세화피앤씨,N,D7,0.0,198530163768.9769
083660,522,522,428225173500.0,820354738.5057471,0.0,2.15702479338843,ST,24526966090.0,CSA 코스믹,N,D7,0.0,171007412519.802
331920,574,574,470207637500.0,819177068.815331,0.0,2.371900826446281,ST,112567265730.0,셀레믹스,N,D7,0.0,187772686922.44226
086670,606,606,496030075000.0,818531476.8976898,0.0,2.5041322314049586,ST,151667522800.0,비엠티,N,D7,0.0,198084617409.24094
078070,606,606,495217673000.0,817190879.5379539,0.0,2.5041322314049586,ST,147558991950.0,유비쿼스홀딩스,N,D7,0.0,197760192848.1848
066910,582,582,474270121500.0,814897115.9793814,0.0,2.4049586776859506,ST,24443990032.0,손오공,N,D7,0.0,189394999014.8515
104460,606,606,492788856500.0,813182931.5181518,0.0,2.5041322314049586,ST,94768090010.0,디와이피엔에프,N,D7,0.0,196790269427.39276
241770,586,586,475220757500.0,810956924.0614334,0.0,2.4214876033057853,ST,367954304000.0,메카로,N,D7,97643092090.32259,189774625932.34323
010280,349,349,282285123500.0,808839895.4154727,0.0,1.4421487603305785,ST,62062967105.0,아이티센엔텍,N,D7,0.0,112727722585.8086
131760,580,580,468731300000.0,808157413.7931035,0.0,2.396694214876033,ST,15018640364.0,파인텍,N,D7,0.0,187183126402.64026
159010,585,585,472662797000.0,807970593.1623932,0.0,2.4173553719008263,ST,202154643240.0,아스플로,N,D7,0.0,188753130155.1155
042600,596,596,476387952500.0,799308645.1342282,0.0,2.462809917355372,ST,126099276100.0,새로닉스,N,D7,0.0,190240733506.60068
054620,606,606,482392766500.0,796027667.4917492,0.0,2.5041322314049586,ST,80750630190.0,APS,N,D7,0.0,192638695533.0033
179530,596,596,472165441000.0,792223894.295302,0.0,2.462809917355372,ST,59829663780.0,애드바이오텍,N,D8,0.0,188554516042.9043
011560,606,606,478693324000.0,789922976.8976898,0.0,2.5041322314049586,ST,239011466400.0,세보엠이씨,N,D8,0.0,191161360409.24094
065420,593,593,468306687000.0,789724598.6509275,0.0,2.450413223140496,ST,12740759222.0,에스아이리소스,N,D8,0.0,187013561475.24753
060570,606,606,477152261500.0,787379969.4719472,0.0,2.5041322314049586,ST,66839618846.0,드림어스컴퍼니,N,D8,0.0,190545952612.21124
353590,606,606,477027157500.0,787173527.2277228,0.0,2.5041322314049586,ST,20575160860.0,오토앤,N,D8,0.0,190495993589.10892
043370,606,606,473717142500.0,781711456.270627,0.0,2.5041322314049586,ST,236040000000.0,피에이치에이,N,D8,76838257632.25807,189174172417.49176
089140,606,606,473321767000.0,781059021.4521452,0.0,2.5041322314049586,ST,32470416080.0,넥스턴앤롤코리아,N,D8,0.0,189016283191.41916
090470,606,606,472086335500.0,779020355.610561,0.0,2.5041322314049586,ST,73751226680.0,제이스로보틱스,N,D8,0.0,188522926057.7558
050960,596,596,464161456500.0,778794390.1006712,0.0,2.462809917355372,ST,53602940000.0,수산아이앤티,N,D8,0.0,185358205400.9901
277880,606,606,471848212500.0,778627413.3663366,0.0,2.5041322314049586,ST,64688871120.0,티에스아이,N,D8,0.0,188427834034.65347
254120,606,606,471811562000.0,778566933.9933994,0.0,2.5041322314049586,ST,25895095340.0,자비스,N,D8,0.0,188413198026.40265
054780,606,606,469701197000.0,775084483.4983498,0.0,2.5041322314049586,ST,25830340002.0,키이스트,N,D8,0.0,187570445006.60068
331520,589,589,456009808500.0,774210201.188455,0.0,2.4338842975206614,ST,20325410244.0,밸로프,N,D8,0.0,182102926826.7327
347740,606,606,468744976000.0,773506561.0561056,0.0,2.5041322314049586,ST,53028687792.0,피엔케이피부임상연구센타,N,D8,0.0,187188587775.57758
363250,606,606,467633969000.0,771673216.1716172,0.0,2.5041322314049586,ST,27482073860.0,진시스템,N,D8,0.0,186744918313.53137
071670,592,592,456672207500.0,771405755.9121622,0.0,2.446280991735537,ST,53200000000.0,에이테크솔루션,N,D8,0.0,182367449199.66998
290720,356,356,274577584000.0,771285348.3146068,0.0,1.4710743801652892,ST,112407410670.0,푸드나무,N,D8,0.0,109649794270.62708
048910,606,606,466057004000.0,769070963.6963696,0.0,2.5041322314049586,ST,60378940800.0,대원미디어,N,D8,0.0,186115173214.52145
126880,605,605,464158435500.0,767204025.6198347,0.0,2.5,ST,67758316760.0,제이엔케이글로벌,N,D8,0.0,185356998995.0495
159910,531,531,407015717500.0,766507942.5612053,0.0,2.1942148760330578,ST,36163820135.0,에코글로우,N,D8,0.0,162537629760.72607
120240,606,606,464130629000.0,765892127.0627062,0.0,2.5041322314049586,ST,98005029330.0,대정화금,N,D8,0.0,185345894749.17493
232830,606,606,462507873000.0,763214311.8811882,0.0,2.5041322314049586,ST,25941416094.0,아이티센피엔에스,N,D8,0.0,184697863475.24753
017890,606,606,461841515500.0,762114712.0462046,0.0,2.5041322314049586,ST,285064980400.0,한국알콜,N,D8,0.0,184431760315.18152
095270,595,595,451305287000.0,758496280.6722689,0.0,2.458677685950413,ST,54830728890.0,웨이브일렉트로,N,D8,0.0,180224223521.45215
106190,606,606,458239490500.0,756170776.4026402,0.0,2.5041322314049586,ST,127385412540.0,하이텍팜,N,D8,0.0,182993327889.43896
029960,339,339,256074235500.0,755381225.6637168,0.0,1.4008264462809918,?,,,N,D8,3179833161.290323,102260668301.98021
227950,589,589,444641750500.0,754909593.3786079,0.0,2.4338842975206614,ST,45516327671.0,엔투텍,N,D8,0.0,177563207295.37955
198080,606,606,455882844500.0,752281921.6171618,0.0,2.5041322314049586,ST,48131138475.0,캐프,N,D8,0.0,182052225031.35315
069410,606,606,453473298500.0,748305773.1023102,0.0,2.5041322314049586,ST,31758954400.0,엔텔스,N,D8,0.0,181089997090.7591
025770,606,606,451282091500.0,744689919.9669967,0.0,2.5041322314049586,ST,292439756510.0,한국정보통신,N,D8,393632525496.77423,180214960632.0132
032800,564,564,419631344500.0,744027206.5602837,0.0,2.330578512396694,ST,20337203904.0,판타지오,N,D8,0.0,167575553414.19144
039290,606,606,448742482000.0,740499145.2145214,0.0,2.5041322314049586,ST,30733212230.0,인포뱅크,N,D8,0.0,179200793141.9142
204610,606,606,448221497500.0,739639434.8184818,0.0,2.5041322314049586,ST,169617327100.0,티쓰리,N,D8,0.0,178992743226.0726
065770,569,569,419695320000.0,737601616.8717047,0.0,2.351239669421488,ST,17615600475.0,CS,N,D8,0.0,167601101386.1386
019570,585,585,430141305000.0,735284282.051282,0.0,2.4173553719008263,ST,22955735101.0,플루토스,N,D8,0.0,171772600346.53467
311320,606,606,445292225000.0,734805651.8151815,0.0,2.5041322314049586,ST,133462044800.0,지오엘리먼트,N,D8,0.0,177822967739.27393
298060,291,291,213406811000.0,733356738.8316151,0.0,1.2024793388429753,ST,23869714500.0,풍전약품,N,D8,0.0,85221861818.48186
054930,606,606,444308104500.0,733181690.5940593,0.0,2.5041322314049586,ST,51210000000.0,유신,N,D8,0.0,177429969123.7624
121850,511,511,374424532000.0,732729025.4403131,0.0,2.1115702479338845,ST,7029228610.0,코이즈,N,D8,0.0,149522667894.38943
100130,606,606,443582879500.0,731984949.669967,0.0,2.5041322314049586,ST,87314504000.0,동국S&C,N,D8,0.0,177140357820.13202
065710,606,606,437138698500.0,721350987.6237624,0.0,2.5041322314049586,ST,222995000000.0,서호전기,N,D8,43728682587.09678,174566939004.9505
352090,605,605,436330047000.0,721206689.2561984,0.0,2.5,ST,95936602860.0,스톰테크,N,D8,0.0,174244012168.31683
060900,574,574,413517353500.0,720413507.8397212,0.0,2.371900826446281,ST,18059605325.0,에이전트AI,N,D8,0.0,165133992651.8152
084730,606,606,436347545500.0,720045454.6204621,0.0,2.5041322314049586,ST,71655784800.0,팅크웨어,N,D8,0.0,174251000018.15182
186230,606,606,436235837000.0,719861117.1617162,0.0,2.5041322314049586,ST,34671596900.0,그린플러스,N,D8,0.0,174206390353.1353
065570,268,268,192693021500.0,719003811.5671642,0.0,1.1074380165289257,ST,12295692232.0,삼영이엔씨,N,D8,0.0,76950018486.79869
185490,606,606,434959167500.0,717754401.8151815,0.0,2.5041322314049586,ST,66228029088.0,아이진,N,D8,0.0,173696565239.27393
041930,606,606,434901780000.0,717659702.970297,0.0,2.5041322314049586,ST,69312000000.0,SY동아,N,D8,0.0,173673648118.8119
189980,606,606,434452280000.0,716917953.7953795,0.0,2.5041322314049586,ST,46359190185.0,흥국에프엔비,N,D8,0.0,173494144818.48184
328380,591,591,420837775000.0,712077453.4686971,0.0,2.4421487603305785,ST,17542540800.0,솔트웨어,N,D8,0.0,168057329290.42905
085810,580,580,409580879500.0,706173930.1724138,0.0,2.396694214876033,ST,24171815181.0,알티캐스트,N,D8,0.0,163562001384.48846
052770,291,291,205467369500.0,706073434.7079037,0.0,1.2024793388429753,ST,4545457488.0,아이톡시,N,D8,0.0,82051325773.9274
270870,606,606,426407550500.0,703642822.6072607,0.0,2.5041322314049586,ST,43287053920.0,뉴트리,N,D8,0.0,170281563070.9571
053980,606,606,424000140500.0,699670198.8448845,0.0,2.5041322314049586,ST,49165407970.0,오상자이엘,N,D8,0.0,169320188120.46207
347770,606,606,423192020000.0,698336666.6666666,0.0,2.5041322314049586,ST,23359896924.0,핌스,N,D8,0.0,168997473333.33334
277410,598,598,416407858000.0,696334210.7023411,0.0,2.471074380165289,ST,30729204000.0,인산가,N,D8,0.0,166288286528.05283
318160,606,606,421923641500.0,696243632.8382838,0.0,2.5041322314049586,ST,58826331900.0,셀바이오휴먼텍,N,D8,0.0,168490959146.8647
263050,501,501,348697779000.0,696003550.8982036,0.0,2.0702479338842976,ST,35324626904.0,유틸렉스,N,D8,0.0,139248948049.50494
043150,606,606,421264849500.0,695156517.3267326,0.0,2.5041322314049586,ST,268862033600.0,바텍,N,D8,111476080632.25807,168227877193.0693
357550,606,606,416059130500.0,686566221.9471947,0.0,2.5041322314049586,ST,204562500000.0,석경에이티,N,D8,41662588070.96774,166149025711.22113
043610,606,606,414061907500.0,683270474.4224422,0.0,2.5041322314049586,ST,81942767580.0,KT지니뮤직,N,D8,0.0,165351454810.23102
089230,570,570,388727667500.0,681978364.0350877,0.0,2.355371900826446,ST,57785716416.0,THE E&M,N,D8,0.0,155234481080.8581
170790,606,606,412941059000.0,681420889.4389439,0.0,2.5041322314049586,ST,50794839900.0,파이오링크,N,D8,0.0,164903855244.22443
183490,538,538,366381599000.0,681006689.591078,0.0,2.2231404958677685,ST,83793832650.0,엔지켐생명과학,N,D8,0.0,146310803561.05612
032790,591,591,401213915500.0,678872953.4686971,0.0,2.4421487603305785,ST,26193708120.0,엠젠솔루션,N,D8,0.0,160220738533.0033
024950,540,540,365989536000.0,677758400.0,0.0,2.231404958677686,ST,41230000000.0,삼천리자전거,N,D8,0.0,146154237148.51486
001540,606,606,410102147000.0,676736216.1716172,0.0,2.5041322314049586,ST,146075104000.0,안국약품,N,D8,0.0,163770164313.53137
191410,595,595,401716530500.0,675153832.7731092,0.0,2.458677685950413,ST,15181765525.0,육일씨엔에쓰,N,D8,0.0,160421452773.9274
286750,539,539,362223416000.0,672028601.1131725,0.0,2.227272727272727,ST,57972231170.0,나노실리칸첨단소재,N,D8,0.0,144650275036.30365
039020,606,606,406482156000.0,670762633.6633663,0.0,2.5041322314049586,ST,59736555305.0,이건홀딩스,N,D8,0.0,162324557346.53467
049520,605,605,402403260000.0,665129355.3719008,0.0,2.5,ST,110108171250.0,유아이엘,N,D8,0.0,160695691287.12872
051380,606,606,400917679000.0,661580328.3828382,0.0,2.5041322314049586,ST,27059887008.0,피씨디렉트,N,D8,0.0,160102439468.64688
001000,606,606,398733382000.0,657975877.8877888,0.0,2.5041322314049586,ST,20611631460.0,신라섬유,N,D8,0.0,159230162448.84488
044960,606,606,397941466000.0,656669085.8085809,0.0,2.5041322314049586,ST,38620952565.0,이글벳,N,D8,0.0,158913918765.67657
053350,586,586,384044689500.0,655366364.334471,0.0,2.4214876033057853,ST,73770567750.0,이니텍,N,D8,0.0,153364380955.44556
095190,606,606,397109679500.0,655296500.8250825,0.0,2.5041322314049586,ST,131826133240.0,신화프리텍,N,D8,0.0,158581753199.66998
122450,606,606,395194056500.0,652135406.7656766,0.0,2.5041322314049586,ST,119444857610.0,KX,N,D8,0.0,157816768437.29373
187420,606,606,395022375500.0,651852104.7854786,0.0,2.5041322314049586,ST,47811267856.0,HLB제넥스,N,D8,0.0,157748209358.08582
018310,606,606,394592342500.0,651142479.3729373,0.0,2.5041322314049586,ST,221088000000.0,삼목에스폼,N,D8,33734114593.54839,157576480008.25082
122990,606,606,394124028500.0,650369683.9933994,0.0,2.5041322314049586,ST,167027037870.0,와이솔,N,D8,0.0,157389463526.40265
021040,273,273,177451237500.0,650004532.9670329,0.0,1.128099173553719,ST,20055211176.0,대호특수강,N,D8,0.0,70863365470.29703
080000,221,221,143547065500.0,649534233.0316743,0.0,0.9132231404958676,?,,,N,D8,0.0,57324075661.71617
237750,606,606,389730030500.0,643118862.2112211,0.0,2.5041322314049586,ST,29624496000.0,피앤씨테크,N,D8,0.0,155634764655.1155
090850,606,606,387071833500.0,638732398.5148515,0.0,2.5041322314049586,ST,127899268070.0,현대이지웰,N,D8,0.0,154573240440.59406
121440,606,606,386168809500.0,637242259.9009901,0.0,2.5041322314049586,ST,285293207880.0,골프존홀딩스,N,D8,0.0,154212626896.0396
053270,606,606,385538710500.0,636202492.5742574,0.0,2.5041322314049586,ST,51476740590.0,구영테크,N,D8,0.0,153961003202.9703
333620,606,606,385176811000.0,635605298.679868,0.0,2.5041322314049586,ST,57958985700.0,엔시스,N,D8,0.0,153816482280.52805
148250,606,606,384232194000.0,634046524.7524753,0.0,2.5041322314049586,ST,31100458640.0,알엔투테크놀로지,N,D8,0.0,153439258990.09903
093640,367,367,232321634000.0,633028975.4768392,0.0,1.5165289256198349,ST,109205355700.0,케이알엠,N,D8,0.0,92775305986.79869
311690,606,606,382107179000.0,630539899.339934,0.0,2.5041322314049586,ST,55528213500.0,CJ 바이오사이언스,N,D8,0.0,152590655640.26404
241790,606,606,381279591500.0,629174243.3993399,0.0,2.5041322314049586,ST,48962893430.0,티이엠씨씨엔에스,N,D8,0.0,152260166902.64026
106240,596,596,371725455000.0,623700427.852349,0.0,2.462809917355372,ST,31446456780.0,파인테크닉스,N,D8,0.0,148444818663.36633
241840,606,606,377601781000.0,623105249.1749175,0.0,2.5041322314049586,ST,23993084910.0,에이스토리,N,D8,0.0,150791470300.33005
033130,606,606,375658271000.0,619898136.9636964,0.0,2.5041322314049586,ST,74119188199.0,디지틀조선,N,D8,0.0,150015349145.21454
160550,606,606,374909711500.0,618662890.2640264,0.0,2.5041322314049586,ST,32036209688.0,NEW,N,D8,0.0,149716419443.8944
049430,606,606,371657077000.0,613295506.6006601,0.0,2.5041322314049586,ST,179150400000.0,코메론,N,D8,0.0,148417512597.35974
225220,606,606,370802004500.0,611884495.8745874,0.0,2.5041322314049586,ST,26578179085.0,제놀루션,N,D8,0.0,148076048001.65018
040350,424,424,256661569500.0,605333890.3301886,0.0,1.7520661157024793,ST,170609449680.0,크레오에스지,N,D8,0.0,102495214222.77228
017000,604,604,365091905500.0,604456797.1854304,0.0,2.495867768595041,ST,30045169525.0,신원종합개발,N,D8,0.0,145795777443.8944
139670,596,596,358989068000.0,602330651.0067114,0.0,2.462809917355372,ST,20627581410.0,키네마스터,N,D8,0.0,143358670719.47195
049720,606,606,363099882000.0,599174722.7722772,0.0,2.5041322314049586,ST,134849000000.0,고려신용정보,N,D8,0.0,145000282910.89108
142760,606,606,362800806000.0,598681198.019802,0.0,2.5041322314049586,ST,16318621260.0,모아라이프플러스,N,D8,0.0,144880849920.79208
039420,606,606,361932229000.0,597247902.640264,0.0,2.5041322314049586,ST,60580064160.0,케이엘넷,N,D8,0.0,144533992438.9439
013720,592,592,353194839000.0,596612903.7162162,0.0,2.446280991735537,ST,26216929633.0,청보,N,D8,0.0,141044803693.0693
063440,606,606,361059674000.0,595808042.9042904,0.0,2.5041322314049586,ST,50757687680.0,SM Life Design,N,D8,0.0,144185546382.8383
089600,606,606,358014416500.0,590782865.5115511,0.0,2.5041322314049586,ST,116607083040.0,KT나스미디어,N,D8,0.0,142969453453.79538
068790,357,357,210465868500.0,589540247.8991597,0.0,1.475206611570248,ST,155508843360.0,DMS,N,D8,0.0,84047426034.65347
251120,606,606,355241324000.0,586206805.2805281,0.0,2.5041322314049586,ST,74348235000.0,바이오에프디엔씨,N,D8,0.0,141862046877.8878
043090,253,253,147662804000.0,583647446.6403162,0.0,1.0454545454545454,ST,4718944500.0,더테크놀로지,N,D8,0.0,58967654402.64027
054220,591,591,344116658000.0,582261688.6632825,0.0,2.4421487603305785,ST,18785199072.0,비츠로시스,N,D8,0.0,137419523491.74918
424760,589,589,342178051000.0,580947455.008489,0.0,2.4338842975206614,ST,19947866112.0,벨로크,N,D8,0.0,136645360300.33003
101400,583,583,338317277000.0,580304077.186964,0.0,2.409090909090909,ST,20548129000.0,엔시트론,N,D8,0.0,135103599066.0066
250000,606,606,347065644500.0,572715584.9834983,0.0,2.5041322314049586,ST,36588972860.0,보라티알,N,D8,0.0,138597171566.00662
038620,588,588,336410593500.0,572126859.6938776,0.0,2.4297520661157024,ST,27807859548.0,위즈코프,N,D8,0.0,134342184202.9703
225530,606,606,346671353000.0,572064938.9438944,0.0,2.5041322314049586,ST,85577702085.0,HC보광산업,N,D8,0.0,138439715224.42245
035460,596,596,337996416000.0,567108080.5369128,0.0,2.462809917355372,ST,33645366700.0,기산텔레콤,N,D8,0.0,134975466455.44556
086040,606,606,343227162000.0,566381455.4455446,0.0,2.5041322314049586,ST,32873988820.0,바이오톡스텍,N,D8,0.0,137064312217.8218
082210,363,363,204615643000.0,563679457.3002754,0.0,1.5,ST,66080693700.0,옵트론텍,N,D8,0.0,81711197369.63696
222420,596,596,334658188500.0,561507027.6845638,0.0,2.462809917355372,ST,43915600361.0,쎄노텍,N,D8,0.0,133642378905.9406
067900,606,606,338824351000.0,559116090.7590759,0.0,2.5041322314049586,ST,119753756220.0,와이엔텍,N,D8,0.0,135306093963.69638
032980,280,280,156172295000.0,557758196.4285715,0.0,1.1570247933884297,?,,,N,D8,0.0,62365833976.89769
206400,605,605,337227743000.0,557401228.0991735,0.0,2.5,ST,36722444682.0,베노티앤알,N,D8,0.0,134668504630.36304
072990,605,605,336820623500.0,556728303.3057852,0.0,2.5,ST,47989061860.0,에이치시티,N,D8,0.0,134505925556.10562
115160,590,590,325479874500.0,551660804.2372881,0.0,2.43801652892562,ST,26519673300.0,휴맥스,N,D8,0.0,129977111599.0099
038390,605,605,333586879500.0,551383271.9008265,0.0,2.5,ST,167208220000.0,레드캡투어,N,D8,0.0,133214562440.59407
303030,590,590,324711930500.0,550359204.2372881,0.0,2.43801652892562,ST,13086033204.0,지니틱스,N,D8,0.0,129670440892.73927
051780,436,436,239247042000.0,548731747.706422,0.0,1.8016528925619837,ST,19386981900.0,큐로홀딩스,N,D8,0.0,95540897960.39604
368600,606,606,331977123000.0,547817034.6534654,0.0,2.5041322314049586,ST,14832363625.0,아이씨에이치,N,D8,0.0,132571722386.13863
296640,606,606,329647585500.0,543972913.3663366,0.0,2.5041322314049586,ST,26564432760.0,이노에이엑스,N,D8,0.0,131641445034.65347
187270,606,606,328876761500.0,542700926.5676568,0.0,2.5041322314049586,ST,29822904300.0,신화콘텍,N,D8,0.0,131333624229.37294
038010,606,606,328519918500.0,542112076.7326733,0.0,2.5041322314049586,ST,52200000000.0,제일테크노스,N,D8,0.0,131191122569.30693
361570,606,606,327611560500.0,540613136.1386138,0.0,2.5041322314049586,ST,41419082331.0,알비더블유,N,D8,0.0,130828378945.54456
101240,606,606,326211537500.0,538302867.1617162,0.0,2.5041322314049586,ST,33787229700.0,씨큐브,N,D8,0.0,130269293853.13531
080530,573,573,308282009500.0,538013978.1849912,0.0,2.3677685950413223,ST,28509586300.0,코디,N,D8,0.0,123109317325.08252
060260,588,588,314781159000.0,535342107.14285713,0.0,2.4297520661157024,ST,20200326984.0,뉴보텍,N,D8,0.0,125704687257.42575
195990,395,395,210972920500.0,534108659.4936709,0.0,1.6322314049586777,ST,20522721240.0,루트K,N,D8,0.0,84249912146.86469
047080,596,596,317485087000.0,532693098.9932886,0.0,2.462809917355372,ST,25964190652.0,한빛소프트,N,D8,0.0,126784473686.46866
016920,596,596,317358307500.0,532480381.7114094,0.0,2.462809917355372,ST,25778212474.0,카스,N,D8,0.0,126733845569.30693
311390,606,606,321967202500.0,531299014.02640265,0.0,2.5041322314049586,ST,33722347685.0,네오크레마,N,D8,0.0,128574361394.38945
052860,606,606,321890252000.0,531172033.0033003,0.0,2.5041322314049586,ST,81097357160.0,아이앤씨,N,D8,0.0,128543631986.79869
005670,606,606,320645426000.0,529117864.6864687,0.0,2.5041322314049586,ST,62900000000.0,푸드웰,N,D8,0.0,128046523254.12541
073540,355,355,187402471500.0,527894285.91549295,0.0,1.466942148760331,ST,24681000000.0,에프알텍,N,D8,0.0,74837290599.0099
239610,606,606,318415080500.0,525437426.5676568,0.0,2.5041322314049586,ST,28739972950.0,에이치엘사이언스,N,D8,0.0,127155857229.37294
317870,606,606,316847616500.0,522850852.31023103,0.0,2.5041322314049586,ST,35544417900.0,엔바이오니아,N,D8,0.0,126529906259.07591
290560,592,592,306131178500.0,517113477.1959459,0.0,2.446280991735537,ST,27573246090.0,파라택시스이더리움,N,D8,0.0,122250404615.51155
028080,570,570,294289799000.0,516297892.98245615,0.0,2.355371900826446,ST,14764620750.0,휴맥스홀딩스,N,D8,0.0,117521668907.59076
060150,606,606,312851761500.0,516257032.1782178,0.0,2.5041322314049586,ST,152410282140.0,인선이엔티,N,D8,0.0,124934201787.12872
084180,589,589,302779509000.0,514056891.3412564,0.0,2.4338842975206614,ST,6904376106.0,수성웹툰,N,D8,0.0,120911949138.61386
298540,606,606,308826973500.0,509615467.8217822,0.0,2.5041322314049586,ST,93002598120.0,더네이쳐홀딩스,N,D8,0.0,123326943212.87129
090150,606,606,306122961500.0,505153401.8151815,0.0,2.5041322314049586,ST,21188898258.0,아이윈,N,D8,0.0,122247123239.27394
204020,606,606,305547646500.0,504204037.1287129,0.0,2.5041322314049586,ST,35984039200.0,그리티,N,D8,0.0,122017376985.14851
058450,295,295,148727697500.0,504161686.44067794,0.0,1.21900826446281,ST,23938851300.0,한주에이알티,N,D8,0.0,59392908902.64027
067990,606,606,304769607000.0,502920143.5643565,0.0,2.5041322314049586,ST,118331185250.0,도이치모터스,N,D8,0.0,121706674742.57426
011040,606,606,303612056500.0,501009994.22442245,0.0,2.5041322314049586,ST,153689986170.0,경동제약,N,D8,0.0,121244418602.31024
446840,208,208,103778134000.0,498933336.5384616,0.0,0.859504132231405,ST,58332984897.0,지슨,N,D8,0.0,41442753181.51815
136410,606,606,301949161000.0,498265942.2442244,0.0,2.5041322314049586,ST,55977058480.0,아셈스,N,D8,0.0,120580358023.10231
061040,589,589,292305623000.0,496274402.37691,0.0,2.4338842975206614,ST,67680708040.0,알에프텍,N,D8,0.0,116729308194.71948
247660,606,606,299167777500.0,493676200.4950495,0.0,2.5041322314049586,ST,12619087600.0,나노씨엠에스,N,D8,0.0,119469640519.80199
079190,587,587,289307129500.0,492857120.1022146,0.0,2.425619834710744,ST,10950499247.0,케스피온,N,D8,0.0,115531889998.34984
081580,606,606,296529414500.0,489322466.1716172,0.0,2.5041322314049586,ST,36289054620.0,성우전자,N,D8,0.0,118416036813.53136
208140,606,606,294152364500.0,485399941.4191419,0.0,2.5041322314049586,ST,73702974730.0,정다운,N,D8,0.0,117466785823.43234
405000,223,223,108193461000.0,485172470.85201794,0.0,0.9214876033057852,ST,13664860640.0,플라즈맵,N,D8,0.0,43205969574.25743
036030,606,606,293170890000.0,483780346.5346535,0.0,2.5041322314049586,ST,219360655975.0,케이티알파,N,D8,0.0,117074843861.38614
016600,585,585,282902873500.0,483594655.5555556,0.0,2.4173553719008263,ST,36439778610.0,큐캐피탈,N,D8,0.0,112974414830.033
301300,596,596,288132329500.0,483443505.8724832,0.0,2.462809917355372,ST,17561540520.0,바이브컴퍼니,N,D8,0.0,115062745443.8944
263020,606,606,292595433000.0,482830747.5247525,0.0,2.5041322314049586,ST,42269426030.0,디케이앤디,N,D8,0.0,116845040900.99011
365590,587,587,282714463000.0,481626001.7035775,0.0,2.425619834710744,ST,36556848150.0,하이딥,N,D8,0.0,112899174993.39935
171120,606,606,290787486000.0,479847336.63366336,0.0,2.5041322314049586,ST,74316643200.0,라이온켐텍,N,D8,0.0,116123055465.34654
002680,376,376,179693825500.0,477909110.3723405,0.0,1.5537190082644627,ST,10373691195.0,한탑,N,D9,0.0,71758920414.19142
083790,606,606,287425940000.0,474300231.0231023,0.0,2.5041322314049586,ST,69127869618.0,CG인바이츠,N,D9,0.0,114780655907.59076
115530,591,591,279637046500.0,473159131.13367176,0.0,2.4421487603305785,ST,14948786376.0,씨엔플러스,N,D9,0.0,111670239691.41914
222980,606,606,284755048000.0,469892818.4818482,0.0,2.5041322314049586,ST,23221271715.0,한국맥널티,N,D9,0.0,113714062072.60727
035610,538,538,252507864000.0,469345472.1189591,0.0,2.2231404958677685,ST,110341097895.0,솔본,N,D9,0.0,100836473742.57426
309930,580,580,270063256500.0,465626304.3103448,0.0,2.396694214876033,ST,17811697325.0,조이웍스앤코,N,D9,0.0,107847043024.75249
083550,606,606,282154100500.0,465600825.9075908,0.0,2.5041322314049586,ST,34907124875.0,케이엠,N,D9,0.0,112675399869.63696
110020,594,594,275330180000.0,463518821.5488216,0.0,2.4545454545454546,ST,16160831408.0,전진바이오팜,N,D9,0.0,109950335907.59076
310870,606,606,280420667500.0,462740375.4125413,0.0,2.5041322314049586,ST,27644401122.0,디와이씨,N,D9,0.0,111983170849.83499
141000,606,606,279175362000.0,460685415.84158415,0.0,2.5041322314049586,ST,103580770500.0,비아트론,N,D9,0.0,111485870633.66338
058400,605,605,278420399500.0,460199007.4380165,0.0,2.5,ST,72041767680.0,KNN,N,D9,0.0,111184383958.74588
101680,596,596,273384567500.0,458698938.7583892,0.0,2.462809917355372,ST,17816480000.0,한국정밀기계,N,D9,0.0,109173375140.26404
204840,606,606,276997161500.0,457091025.57755774,0.0,2.5041322314049586,ST,65296263052.0,지엘팜텍,N,D9,0.0,110616028189.76898
023460,154,154,70356972000.0,456863454.54545456,0.0,0.6363636363636364,?,,,N,D9,0.0,28096348554.45545
314140,606,606,275689305000.0,454932846.5346535,0.0,2.5041322314049586,ST,46191704130.0,알피바이오,N,D9,0.0,110093748861.38614
042420,606,606,275331311500.0,454342098.1848185,0.0,2.5041322314049586,ST,182387139200.0,네오위즈홀딩스,N,D9,0.0,109950787760.72607
036640,606,606,274100715000.0,452311410.8910891,0.0,2.5041322314049586,ST,77439978000.0,HRS,N,D9,0.0,109459361435.64357
027040,311,311,140544916000.0,451912913.18327975,0.0,1.2851239669421488,ST,27835538000.0,서울전자통신,N,D9,0.0,56125197478.54786
037370,606,606,272817999500.0,450194718.6468647,0.0,2.5041322314049586,ST,27039287220.0,EG,N,D9,0.0,108947121912.54126
066130,606,606,270996327500.0,447188659.2409241,0.0,2.5041322314049586,ST,42112000000.0,하츠,N,D9,0.0,108219655536.30363
067920,606,606,270183935000.0,445848077.55775577,0.0,2.5041322314049586,ST,55200517380.0,이글루,N,D9,0.0,107895234768.9769
222040,606,606,267647202500.0,441662050.330033,0.0,2.5041322314049586,ST,168530760000.0,코스맥스엔비티,N,D9,0.0,106882216179.868
099750,606,606,267510870000.0,441437079.2079208,0.0,2.5041322314049586,ST,85096647790.0,이지케어텍,N,D9,0.0,106827773168.31683
127980,606,606,267034698000.0,440651316.8316832,0.0,2.5041322314049586,ST,38659833260.0,화인써키트,N,D9,0.0,106637618673.26733
105330,606,606,265506051500.0,438128797.8547855,0.0,2.5041322314049586,ST,102524928000.0,케이엔더블유,N,D9,0.0,106027169080.8581
096240,606,606,264410205000.0,436320470.2970297,0.0,2.5041322314049586,ST,90522857400.0,크레버스,N,D9,0.0,105589553811.8812
019770,606,606,263117044000.0,434186541.2541254,0.0,2.5041322314049586,ST,38037250000.0,서연탑메탈,N,D9,0.0,105073142983.49835
037330,606,606,262016337000.0,432370193.0693069,0.0,2.5041322314049586,ST,43621912656.0,인지디스플레,N,D9,0.0,104633586722.77228
417790,606,606,261679234500.0,431813918.3168317,0.0,2.5041322314049586,ST,62915029910.0,트루엔,N,D9,0.0,104498968232.67328
109960,290,290,125215716000.0,431778331.0344828,0.0,1.1983471074380163,ST,25951779595.0,앱토크롬,N,D9,0.0,50003635762.37624
131220,606,606,260876701500.0,430489606.4356436,0.0,2.5041322314049586,ST,28401606900.0,대한과학,N,D9,0.0,104178484757.42575
238120,606,606,259640304500.0,428449347.359736,0.0,2.5041322314049586,ST,47450356800.0,얼라인드,N,D9,0.0,103684742061.0561
146060,606,606,257332991000.0,424641899.339934,0.0,2.5041322314049586,ST,23367173935.0,율촌,N,D9,0.0,102763339640.26404
333050,590,590,250462288000.0,424512352.5423729,0.0,2.43801652892562,ST,25262274600.0,이노테나,N,D9,0.0,100019593557.75578
198940,591,591,249455218500.0,422090048.2233502,0.0,2.4421487603305785,ST,27985621182.0,한주라이트메탈,N,D9,0.0,99617430490.09901
036800,606,606,254552433500.0,420053520.6270627,0.0,2.5041322314049586,ST,273910000000.0,나이스정보통신,N,D9,239400479716.12903,101652951991.74918
091970,589,589,246918318500.0,419216160.44142616,0.0,2.4338842975206614,ST,26409403900.0,LSK아이로봇,N,D9,0.0,98604345011.55116
005710,606,606,252276128000.0,416297240.9240924,0.0,2.5041322314049586,ST,211597056000.0,대원산업,N,D9,33849821038.70968,100743932303.63037
012790,606,606,251253027000.0,414608955.4455445,0.0,2.5041322314049586,ST,63288271200.0,신일제약,N,D9,0.0,100335367217.8218
290270,606,606,249239393000.0,411286127.0627063,0.0,2.5041322314049586,ST,26325021280.0,휴네시온,N,D9,0.0,99531242749.17493
036190,606,606,248363539000.0,409840823.4323432,0.0,2.5041322314049586,ST,193200000000.0,금화피에스시,N,D9,0.0,99181479270.62708
192390,606,606,248199978500.0,409570921.6171617,0.0,2.5041322314049586,ST,21248073054.0,윈하이텍,N,D9,0.0,99116163031.35313
066700,606,606,247904365000.0,409083110.5610561,0.0,2.5041322314049586,ST,74676275760.0,테라젠이텍스,N,D9,0.0,98998112755.77559
216050,606,606,247034916000.0,407648376.23762375,0.0,2.5041322314049586,ST,61359068660.0,인크로스,N,D9,0.0,98650907049.50496
122690,596,596,242016480500.0,406067920.3020134,0.0,2.462809917355372,ST,41542498800.0,서진오토모티브,N,D9,0.0,96646845348.18483
136540,606,606,245958270500.0,405871733.49834985,0.0,2.5041322314049586,ST,129796915220.0,윈스테크넷,N,D9,0.0,98220959506.60066
083470,606,606,244353299000.0,403223265.6765677,0.0,2.5041322314049586,ST,20187951234.0,이엠앤아이,N,D9,0.0,97580030293.72939
018680,606,606,244231535000.0,403022334.98349833,0.0,2.5041322314049586,ST,26116874560.0,서울제약,N,D9,0.0,97531405066.0066
109740,606,606,243488029500.0,401795428.2178218,0.0,2.5041322314049586,ST,130865885100.0,디에스케이,N,D9,0.0,97234493628.71288
065130,606,606,242552587000.0,400251793.7293729,0.0,2.5041322314049586,ST,49532380000.0,탑엔지니어링,N,D9,0.0,96860934082.50826
091590,605,605,241438392000.0,399071722.3140496,0.0,2.5,ST,104603400000.0,남화토건,N,D9,0.0,96415991524.75249
003100,606,606,241805460000.0,399018910.8910891,0.0,2.5041322314049586,ST,126060000000.0,선광,N,D9,0.0,96562576435.64357
060540,606,606,241315429000.0,398210278.8778878,0.0,2.5041322314049586,ST,28798903212.0,에스에이티,N,D9,0.0,96366887488.44885
143240,606,606,241283052500.0,398156852.31023103,0.0,2.5041322314049586,ST,171723696000.0,사람인,N,D9,0.0,96353958259.07591
063570,606,606,241244323500.0,398092943.0693069,0.0,2.5041322314049586,ST,106199434080.0,NICE인프라,N,D9,0.0,96338492222.77228
405920,606,606,240827269500.0,397404735.14851487,0.0,2.5041322314049586,ST,23515366776.0,나라셀라,N,D9,0.0,96171945905.9406
155650,606,606,240619096500.0,397061215.34653467,0.0,2.5041322314049586,ST,55405125360.0,와이엠씨,N,D9,0.0,96088814113.86139
066670,606,606,239976882000.0,396001455.4455445,0.0,2.5041322314049586,ST,45047522380.0,디티씨,N,D9,0.0,95832352217.8218
011320,606,606,239218290500.0,394749654.29042906,0.0,2.5041322314049586,ST,70906950650.0,유니크,N,D9,0.0,95529416338.28383
025440,508,508,200334737500.0,394359719.488189,0.0,2.0991735537190084,ST,34927353520.0,DH오토웨어,N,D9,0.0,80001660849.83499
137080,606,606,238696061500.0,393887890.2640264,0.0,2.5041322314049586,ST,60939609810.0,나래나노텍,N,D9,0.0,95320869443.8944
262840,590,590,230684477500.0,390990639.8305085,0.0,2.43801652892562,ST,30115813200.0,아이퀘스트,N,D9,0.0,92121524018.15182
344860,606,606,236915382500.0,390949476.0726073,0.0,2.5041322314049586,ST,16096140000.0,이노진,N,D9,0.0,94609773209.57097
036180,170,170,66452941000.0,390899652.9411765,0.0,0.7024793388429752,?,,,N,D9,0.0,26537313072.60726
067570,606,606,236736358500.0,390654056.9306931,0.0,2.5041322314049586,ST,77803650000.0,엔브이에이치코리아,N,D9,0.0,94538281777.22772
143160,606,606,236321865000.0,389970074.2574257,0.0,2.5041322314049586,ST,163746439200.0,아이디스,N,D9,0.0,94372757970.29703
024830,546,546,212514924500.0,389221473.4432234,0.0,2.256198347107438,ST,74148000000.0,세원물산,N,D9,0.0,84865695922.44225
022220,606,606,235565308000.0,388721630.3630363,0.0,2.5041322314049586,ST,29833677504.0,티케이지애강,N,D9,0.0,94070634547.8548
219750,257,257,99733817000.0,388069326.848249,0.0,1.06198347107438,ST,26131497869.0,한국비티비,N,D9,0.0,39827695897.68977
032860,315,315,121907028500.0,387006439.6825397,0.0,1.3016528925619837,ST,26661269580.0,더라미,N,D9,0.0,48682344714.521454
010470,606,606,233068473500.0,384601441.4191419,0.0,2.5041322314049586,ST,57480240000.0,오리콤,N,D9,0.0,93073548823.43234
042110,606,606,231907327000.0,382685358.0858086,0.0,2.5041322314049586,ST,53355838656.0,에스씨디,N,D9,0.0,92609856656.76569
002290,606,606,231633874500.0,382234116.3366337,0.0,2.5041322314049586,ST,41292000000.0,삼일기업공사,N,D9,0.0,92500656153.46535
347890,606,606,231560101000.0,382112377.8877888,0.0,2.5041322314049586,ST,71160640780.0,엠엑스온,N,D9,0.0,92471195448.8449
036480,606,606,231473562500.0,381969575.08250827,0.0,2.5041322314049586,ST,23560000000.0,대성미생물,N,D9,0.0,92436637169.967
130740,606,606,227658704000.0,375674429.0429043,0.0,2.5041322314049586,ST,22102290840.0,티피씨글로벌,N,D9,0.0,90913211828.38284
177830,606,606,227451366000.0,375332287.1287129,0.0,2.5041322314049586,ST,27239013165.0,파버나인,N,D9,0.0,90830413485.14851
290520,362,362,135688027500.0,374828805.2486188,0.0,1.4958677685950412,ST,24359581872.0,신도기연,N,D9,0.0,54185647945.544556
016670,594,594,221339589500.0,372625571.5488216,0.0,2.4545454545454546,ST,25179757980.0,디모아,N,D9,0.0,88389737061.0561
073110,606,606,225366123000.0,371891292.0792079,0.0,2.5041322314049586,ST,45991053350.0,엘엠에스,N,D9,0.0,89997692683.16832
046310,606,606,224675436500.0,370751545.37953794,0.0,2.5041322314049586,ST,35792637380.0,백금T&A,N,D9,0.0,89721873981.84819
104540,606,606,224330385000.0,370182153.4653465,0.0,2.5041322314049586,ST,55037418050.0,코렌텍,N,D9,0.0,89584081138.61386
072020,606,606,224110254500.0,369818901.8151815,0.0,2.5041322314049586,ST,88438723450.0,중앙백신,N,D9,0.0,89496174239.27393
199730,606,606,224090502500.0,369786307.7557756,0.0,2.5041322314049586,ST,9670361596.0,바이오인프라,N,D9,0.0,89488286476.89769
092190,536,536,198145214000.0,369673906.7164179,0.0,2.2148760330578514,ST,304107379290.0,서울바이오시스,N,D9,0.0,79127296679.868
052790,606,606,223397662000.0,368643006.6006601,0.0,2.5041322314049586,ST,48559611415.0,액토즈소프트,N,D9,0.0,89211607597.35974
052330,606,606,223136372500.0,368211835.8085809,0.0,2.5041322314049586,ST,212961452110.0,코텍,N,D9,0.0,89107264265.67657
274400,606,606,222075107000.0,366460572.6072607,0.0,2.5041322314049586,ST,18990770370.0,이노시뮬레이션,N,D9,0.0,88683458570.9571
034810,606,606,221719987000.0,365874566.0066007,0.0,2.5041322314049586,ST,202744575840.0,해성산업,N,D9,0.0,88541644973.59737
004590,606,606,220600107000.0,364026579.2079208,0.0,2.5041322314049586,ST,80550000000.0,한국가구,N,D9,0.0,88094432168.31683
265560,605,605,218262020000.0,360763669.4214876,0.0,2.5,ST,76862394200.0,영화테크,N,D9,0.0,87160740660.06601
220180,606,606,218348684500.0,360311360.5610561,0.0,2.5041322314049586,ST,33144216170.0,핸디소프트,N,D9,0.0,87195349255.77559
168330,524,524,187369819500.0,357575991.41221374,0.0,2.165289256198347,ST,60937653100.0,내츄럴엔도텍,N,D9,0.0,74824251351.48515
054090,606,606,216481797000.0,357230688.1188119,0.0,2.5041322314049586,ST,23436718848.0,삼진엘앤디,N,D9,0.0,86449826524.75249
023910,606,606,215315128500.0,355305492.57425743,0.0,2.5041322314049586,ST,155700000000.0,대한약품,N,D9,0.0,85983929202.9703
094860,584,584,206169122500.0,353029319.34931505,0.0,2.413223140495868,ST,78337270650.0,네오리진,N,D9,0.0,82331563770.62706
267980,606,606,213520056000.0,352343326.7326733,0.0,2.5041322314049586,ST,268993693800.0,매일유업,N,D9,29166042187.096775,85267085069.30693
056700,606,606,211290032500.0,348663419.9669967,0.0,2.5041322314049586,ST,44460148866.0,신화인터텍,N,D9,0.0,84376547632.0132
059100,606,606,210557258500.0,347454221.9471947,0.0,2.5041322314049586,ST,32879499000.0,아이컴포넌트,N,D9,0.0,84083921711.22113
123750,366,366,127001739000.0,346999286.8852459,0.0,1.512396694214876,ST,31024236455.0,알톤,N,D9,0.0,50716866069.30693
154030,606,606,209537424500.0,345771327.55775577,0.0,2.5041322314049586,ST,18623522648.0,아시아종묘,N,D9,0.0,83676661268.9769
079950,494,494,170635628500.0,345416252.0242915,0.0,2.041322314049587,ST,11977618800.0,인베니아,N,D9,0.0,68141620622.11221
351320,596,596,203964429500.0,342222197.147651,0.0,2.462809917355372,ST,30411409408.0,넥사다이내믹스,N,D9,0.0,81451141813.53136
019010,605,605,206852289500.0,341904610.74380165,0.0,2.5,ST,221720000000.0,베뉴지,N,D9,0.0,82604379635.31354
357230,605,605,206709342500.0,341668334.7107438,0.0,2.5,ST,90639179820.0,에이치피오,N,D9,0.0,82547295189.76898
034940,606,606,205685626000.0,339415224.42244226,0.0,2.5041322314049586,ST,17224783812.0,조아제약,N,D9,0.0,82138484310.23103
083640,564,564,191090524500.0,338812986.70212764,0.0,2.330578512396694,ST,18963765400.0,인콘,N,D9,0.0,76310077440.59407
196450,606,606,205074360500.0,338406535.4785479,0.0,2.5041322314049586,ST,42374200000.0,코아시아씨엠,N,D9,0.0,81894381585.80858
203450,606,606,204962238000.0,338221514.85148513,0.0,2.5041322314049586,ST,38365294075.0,유니온바이오메트릭스,N,D9,0.0,81849606594.0594
038060,586,586,197209815000.0,336535520.4778157,0.0,2.4214876033057853,ST,35163343439.0,루멘스,N,D9,0.0,78753754504.9505
317530,606,606,202915429000.0,334843942.2442244,0.0,2.5041322314049586,ST,50997581030.0,에피소드컴퍼니,N,D9,0.0,81032234023.10231
038540,606,606,202901457500.0,334820886.9636964,0.0,2.5041322314049586,ST,116466098865.0,상상인,N,D9,0.0,81026654645.21452
191420,606,606,202792441500.0,334640992.57425743,0.0,2.5041322314049586,ST,54248099460.0,테고사이언스,N,D9,0.0,80983120202.9703
096690,332,332,110679603000.0,333372298.1927711,0.0,1.371900826446281,ST,21562433120.0,에이루트,N,D9,0.0,44198785356.435646
238090,606,606,199221970500.0,328749126.2376237,0.0,2.5041322314049586,ST,73786864800.0,앤디포스,N,D9,0.0,79557288549.50496
373170,605,605,198688367500.0,328410524.7933884,0.0,2.5,ST,27174594420.0,엠아이큐브솔루션,N,D9,0.0,79344199562.70627
066360,606,606,198002251500.0,326736388.6138614,0.0,2.5041322314049586,ST,33374602440.0,체리부로,N,D9,0.0,79070206044.55446
291810,595,595,193780772000.0,325681969.7478992,0.0,2.458677685950413,ST,12141784416.0,핀텔,N,D9,0.0,77384400699.66997
035290,583,583,189757659500.0,325484836.19210976,0.0,2.409090909090909,ST,7747428000.0,골드앤에스,N,D9,0.0,75777811219.47195
196700,606,606,196538195500.0,324320454.62046206,0.0,2.5041322314049586,ST,14694519312.0,웹스,N,D9,0.0,78485550018.15182
080720,188,188,60806644000.0,323439595.7446808,0.0,0.7768595041322314,ST,21562456300.0,한국유니온제약,N,D9,0.0,24282521201.320133
016100,606,606,195633875000.0,322828176.5676568,0.0,2.5041322314049586,ST,21870523630.0,리더스코스메틱,N,D9,0.0,78124418729.37294
069140,606,606,195162669500.0,322050609.7359736,0.0,2.5041322314049586,ST,26719573080.0,누리플랜,N,D9,0.0,77936247556.10562
042040,573,573,182918578000.0,319229630.017452,0.0,2.3677685950413223,ST,13614857360.0,케이피엠테크,N,D9,0.0,73046692864.68648
024120,606,606,193259054500.0,318909330.8580858,0.0,2.5041322314049586,ST,36052500000.0,KB오토시스,N,D9,0.0,77176058067.65677
361670,594,594,188899658500.0,318012893.0976431,0.0,2.4545454545454546,ST,19496743520.0,삼영에스앤씨,N,D9,0.0,75435177156.76569
023770,606,606,191567011000.0,316117179.8679868,0.0,2.5041322314049586,ST,21784715325.0,플레이위드,N,D9,0.0,76500357528.05281
318020,529,529,165704718000.0,313241432.8922495,0.0,2.1859504132231407,ST,24577941456.0,포인트모바일,N,D9,0.0,66172511148.514854
054050,606,606,189600192000.0,312871603.96039605,0.0,2.5041322314049586,ST,110290259680.0,NH농우바이오,N,D9,0.0,75714928158.41585
100030,606,606,188246408000.0,310637636.9636964,0.0,2.5041322314049586,ST,57464995000.0,인지소프트,N,D9,0.0,75174308145.21452
222110,606,606,185493588000.0,306095029.7029703,0.0,2.5041322314049586,ST,63247902120.0,팬젠,N,D9,0.0,74074997188.11882
065060,569,569,173744410000.0,305350456.9420035,0.0,2.351239669421488,ST,16952792380.0,지엔코,N,D9,0.0,69383081221.12212
238490,606,606,184787870000.0,304930478.5478548,0.0,2.5041322314049586,ST,26583754600.0,힘스,N,D9,0.0,73793175808.58086
032960,556,556,169456378500.0,304777659.17266184,0.0,2.2975206611570247,ST,38352685500.0,동일기연,N,D9,0.0,67670699004.9505
073560,606,606,183841448000.0,303368726.0726073,0.0,2.5041322314049586,ST,107041396078.0,우리손에프앤지,N,D9,0.0,73415231709.57095
070590,606,606,183581819500.0,302940296.2046205,0.0,2.5041322314049586,ST,24011571330.0,인티큐브,N,D9,0.0,73311551681.51816
049960,606,606,183567659000.0,302916929.0429043,0.0,2.5041322314049586,ST,144290000000.0,쎌바이오텍,N,D9,0.0,73305896828.38284
148930,606,606,182786817500.0,301628411.7161716,0.0,2.5041322314049586,ST,33629078965.0,에이치와이티씨,N,D9,0.0,72994075635.31354
064240,606,606,182424814000.0,301031046.2046205,0.0,2.5041322314049586,ST,52769955771.0,홈캐스트,N,D9,0.0,72849513181.51816
013120,605,605,181725577500.0,300372855.3719008,0.0,2.5,ST,239279343500.0,동원개발,N,D9,0.0,72570280123.76237
043590,571,571,170215825500.0,298101270.57793343,0.0,2.3595041322314048,ST,20013361975.0,웰킵스하이텍,N,D9,0.0,67973976519.80199
143540,606,606,180226759000.0,297403892.7392739,0.0,2.5041322314049586,ST,47900287230.0,영우디에스피,N,D9,0.0,71971742042.9043
060380,606,606,177646689000.0,293146351.4851485,0.0,2.5041322314049586,ST,24171900000.0,동양에스텍,N,D9,0.0,70941417059.40594
050090,295,295,85626309000.0,290258674.5762712,0.0,1.21900826446281,ST,10002262375.0,비케이홀딩스,N,D9,0.0,34194004584.158417
068930,606,606,175540572000.0,289670910.8910891,0.0,2.5041322314049586,ST,198432202140.0,디지털대성,N,D9,0.0,70100360435.64357
040160,586,586,169589674000.0,289402174.06143343,0.0,2.4214876033057853,ST,82098193350.0,누리플렉스,N,D9,0.0,67723929221.122116
250930,604,604,173416819000.0,287113938.74172187,0.0,2.495867768595041,ST,12210162800.0,예선테크,N,D9,0.0,69252261052.80528
032280,596,596,170790213500.0,286560760.90604025,0.0,2.462809917355372,ST,19715725440.0,삼일,N,D9,0.0,68203352585.808586
297570,606,606,172951423000.0,285398387.7887789,0.0,2.5041322314049586,ST,39398946084.0,아틀라스링크,N,D9,0.0,69066409844.88449
246960,604,604,171858499000.0,284533938.74172187,0.0,2.495867768595041,ST,60720428895.0,SCL사이언스,N,D9,0.0,68629961646.86469
072870,606,606,171333803000.0,282729047.8547855,0.0,2.5041322314049586,ST,156641401260.0,메가스터디,N,D9,0.0,68420429580.858086
012340,535,535,149722642000.0,279855405.60747665,0.0,2.2107438016528924,ST,12772313096.0,뉴인텍,N,D9,0.0,59790229973.59737
208860,240,240,67117909500.0,279657956.25,0.0,0.9917355371900828,ST,34119722865.0,다산디엠씨,N,D9,0.0,26802861549.50495
372800,596,596,163619905500.0,274530042.7852349,0.0,2.462809917355372,ST,21393054560.0,아이티아이즈,N,D9,0.0,65339962262.37624
088290,539,539,147090616500.0,272895392.393321,0.0,2.227272727272727,ST,19780658560.0,이원컴포텍,N,D9,0.0,58739157084.15842
193250,580,580,157549727500.0,271637461.20689654,0.0,2.396694214876033,ST,18061428483.0,링크드,N,D9,0.0,62915897780.52805
032750,606,606,164449785500.0,271369283.0033003,0.0,2.5041322314049586,ST,25874164530.0,삼진,N,D9,0.0,65671366486.79868
103230,606,606,163938963000.0,270526341.5841584,0.0,2.5041322314049586,ST,18972000000.0,에스앤더블류,N,D9,0.0,65467374663.36634
060850,606,606,163748628500.0,270212258.2508251,0.0,2.5041322314049586,ST,42037270000.0,영림원소프트랩,N,D9,0.0,65391366496.69968
073190,535,535,143865221000.0,268906955.1401869,0.0,2.2107438016528924,ST,7934810520.0,듀오백,N,D9,0.0,57451127858.08581
246720,539,539,144133666000.0,267409398.88682747,0.0,2.227272727272727,ST,99434491000.0,아스타,N,D9,0.0,57558328666.66667
369370,606,606,161864623500.0,267103339.1089109,0.0,2.5041322314049586,ST,38700602936.0,블리츠웨이엔터테인먼트,N,D9,0.0,64639008064.35644
034950,606,606,160466552000.0,264796290.4290429,0.0,2.5041322314049586,ST,464040530800.0,한국기업평가,N,D9,29807567012.90323,64080702283.828384
067730,606,606,159535876500.0,263260522.27722773,0.0,2.5041322314049586,ST,20557084250.0,로지시스,N,D9,0.0,63709046391.08911
033310,606,606,159428226500.0,263082882.01320133,0.0,2.5041322314049586,ST,53762953320.0,엠투엔,N,D9,0.0,63666057447.194725
076080,605,605,158226422500.0,261531276.85950413,0.0,2.5,ST,22616750156.0,웰크론한텍,N,D9,0.0,63186129117.16172
040610,590,590,153855318500.0,260771726.27118644,0.0,2.43801652892562,ST,54198641640.0,SG&G,N,D9,0.0,61440572734.32343
279600,448,448,115485468000.0,257780062.5,0.0,1.851239669421488,ST,16396733500.0,미디어젠,N,D9,0.0,46117959168.31683
192440,606,606,155945956500.0,257336561.8811881,0.0,2.5041322314049586,ST,184004344800.0,슈피겐코리아,N,D10,0.0,62275447975.24753
033560,605,605,155663659500.0,257295304.95867768,0.0,2.5,ST,64552500000.0,블루콤,N,D10,0.0,62162715509.90099
258610,606,606,154821617000.0,255481216.17161715,0.0,2.5041322314049586,ST,39294412851.0,케일럼,N,D10,0.0,61826454313.53136
368970,587,587,149695469500.0,255017835.60477,0.0,2.425619834710744,ST,16497233955.0,오에스피,N,D10,0.0,59779378909.24093
377330,606,606,154316764000.0,254648125.41254124,0.0,2.5041322314049586,ST,18396296040.0,이지트로닉스,N,D10,0.0,61624846349.834984
019660,333,333,84788214500.0,254619262.7627628,0.0,1.3760330578512396,ST,27177505017.0,글로본,N,D10,0.0,33859319981.848186
303360,606,606,153499083000.0,253298816.8316832,0.0,2.5041322314049586,ST,53064425800.0,프로티아,N,D10,0.0,61298313673.26733
050120,606,606,151093854000.0,249329792.07920796,0.0,2.5041322314049586,ST,38793285960.0,ES큐브,N,D10,0.0,60337809683.16832
060240,195,195,48544243500.0,248944838.4615385,0.0,0.8057851239669421,ST,11502414560.0,스타코링크,N,D10,0.0,19385654995.049507
045510,606,606,150689607500.0,248662718.64686468,0.0,2.5041322314049586,ST,24156969000.0,정원엔시스,N,D10,0.0,60176377912.54126
079000,606,606,150389719500.0,248167853.96039605,0.0,2.5041322314049586,ST,34596000000.0,와토스코리아,N,D10,0.0,60056620658.41585
080520,606,606,147682584000.0,243700633.66336635,0.0,2.5041322314049586,ST,33627578490.0,오디텍,N,D10,0.0,58975553346.53465
111710,606,606,147416208000.0,243261069.3069307,0.0,2.5041322314049586,ST,92440120000.0,남화산업,N,D10,0.0,58869178772.27723
318410,606,606,147098299000.0,242736466.9966997,0.0,2.5041322314049586,ST,32720381270.0,비비씨,N,D10,0.0,58742225013.201324
257370,419,419,101094063000.0,241274613.36515516,0.0,1.7314049586776858,ST,30949530975.0,피엔티엠에스,N,D10,0.0,40370896445.544556
348030,606,606,143629032500.0,237011604.78547856,0.0,2.5041322314049586,ST,27034697000.0,모비릭스,N,D10,0.0,57356808358.08581
225430,573,573,134692813500.0,235065992.14659685,0.0,2.3677685950413223,ST,6826749840.0,케이엠제약,N,D10,0.0,53788219252.47525
067280,606,606,141695643000.0,233821193.0693069,0.0,2.5041322314049586,ST,141946357050.0,멀티캠퍼스,N,D10,0.0,56584728722.77228
307280,592,592,137251179500.0,231843208.6148649,0.0,2.446280991735537,ST,39871803740.0,원바이오젠,N,D10,0.0,54809876962.0462
052300,560,560,129456335000.0,231172026.7857143,0.0,2.31404958677686,ST,24853515840.0,오션인더블유,N,D10,0.0,51697084273.9274
024800,605,605,137718683500.0,227634187.6033058,0.0,2.5,ST,159878568780.0,유성티엔에스,N,D10,0.0,54996569978.54786
069510,606,606,137467984500.0,226844858.9108911,0.0,2.5041322314049586,ST,133320200000.0,에스텍,N,D10,0.0,54896455856.435646
197140,605,605,137045076500.0,226520787.6033058,0.0,2.5,ST,27913215330.0,디지캡,N,D10,0.0,54727571803.63036
054940,606,606,136342105000.0,224986971.94719476,0.0,2.5041322314049586,ST,21861368132.0,엑사이엔씨,N,D10,0.0,54446847211.22112
238200,542,542,121684365500.0,224509899.4464945,0.0,2.239669421487603,ST,21513400000.0,비피도,N,D10,0.0,48593426486.79868
114630,589,589,132111332000.0,224297677.41935483,0.0,2.4338842975206614,ST,30954505408.0,폴라리스우노,N,D10,0.0,52757330600.66007
263690,606,606,135626216500.0,223805637.78877887,0.0,2.5041322314049586,ST,57873867100.0,디알젬,N,D10,0.0,54160964344.88449
290120,606,606,134062432500.0,221225136.13861385,0.0,2.5041322314049586,ST,39167313075.0,DH오토리드,N,D10,0.0,53536482945.544556
060560,575,575,126014732000.0,219156055.6521739,0.0,2.37603305785124,ST,53187862095.0,HC홈센타,N,D10,0.0,50322714759.07591
039740,606,606,132798150000.0,219138861.38613865,0.0,2.5041322314049586,ST,24456110850.0,한국정보공학,N,D10,0.0,53031604455.44555
023760,606,606,132735425000.0,219035354.78547856,0.0,2.5041322314049586,ST,226923285144.0,한국캐피탈,N,D10,0.0,53006555858.08581
335870,606,606,132318023500.0,218346573.43234324,0.0,2.5041322314049586,ST,16951478676.0,윙스풋,N,D10,0.0,52839870770.62707
097780,569,569,123970104500.0,217873645.86994728,0.0,2.351239669421488,ST,28410324600.0,에코볼트,N,D10,0.0,49506213348.18482
066620,606,606,131407549000.0,216844140.2640264,0.0,2.5041322314049586,ST,183375000000.0,국보디자인,N,D10,0.0,52476281943.894394
352910,606,606,131325149500.0,216708167.4917492,0.0,2.5041322314049586,ST,47454946510.0,오비고,N,D10,0.0,52443376533.0033
067010,606,606,129360900500.0,213466832.50825083,0.0,2.5041322314049586,ST,23682487500.0,이씨에스,N,D10,0.0,51658973466.996704
014570,606,606,127973697000.0,211177717.82178217,0.0,2.5041322314049586,ST,37400000000.0,고려제약,N,D10,0.0,51105007712.87129
312610,521,521,109853144000.0,210850564.29942417,0.0,2.152892561983471,ST,8447122296.0,에이에프더블류,N,D10,0.0,43868747273.9274
093190,606,606,127629361000.0,210609506.6006601,0.0,2.5041322314049586,ST,154680796200.0,빅솔론,N,D10,0.0,50967500597.35974
335810,605,605,126386345000.0,208903049.58677685,0.0,2.5,ST,32924259000.0,프리시젼바이오,N,D10,0.0,50471114669.967
227610,589,589,122637795500.0,208213574.70288625,0.0,2.4338842975206614,ST,21292653529.0,아우딘퓨쳐스,N,D10,0.0,48974169160.06601
408920,606,606,125688577000.0,207406892.73927397,0.0,2.5041322314049586,ST,131642825475.0,메쎄이상,N,D10,0.0,50192468042.90429
088910,606,606,125661031500.0,207361438.11881188,0.0,2.5041322314049586,ST,56700721980.0,동우팜투테이블,N,D10,0.0,50181468024.75248
091340,606,606,123696818000.0,204120161.7161716,0.0,2.5041322314049586,ST,25104481545.0,S&K폴리텍,N,D10,0.0,49397079135.31354
079170,606,606,123674717500.0,204083692.24422443,0.0,2.5041322314049586,ST,24310000000.0,한창산업,N,D10,0.0,49388253523.10231
353190,588,588,119298702500.0,202888949.829932,0.0,2.4297520661157024,ST,21815644680.0,휴럼,N,D10,0.0,47640735981.84819
014100,542,542,109818441000.0,202617049.8154981,0.0,2.239669421487603,ST,20543800000.0,메디앙스,N,D10,0.0,43854888980.19802
023600,606,606,122442526000.0,202050372.9372937,0.0,2.5041322314049586,ST,133349139000.0,삼보판지,N,D10,0.0,48896190250.82509
121890,606,606,121906677500.0,201166134.4884489,0.0,2.5041322314049586,ST,25612616442.0,에스디시스템,N,D10,0.0,48682204546.20462
053060,606,606,120518762000.0,198875844.8844885,0.0,2.5041322314049586,ST,27421971707.0,세동,N,D10,0.0,48127954462.0462
084440,606,606,118010339000.0,194736533.00330037,0.0,2.5041322314049586,ST,16740868375.0,유비온,N,D10,0.0,47126240986.79868
003800,606,606,115933216000.0,191308937.29372936,0.0,2.5041322314049586,ST,354880000000.0,에이스침대,N,D10,0.0,46296762825.08251
050760,606,606,115079979500.0,189900956.27062705,0.0,2.5041322314049586,ST,20353008788.0,에스폴리텍,N,D10,0.0,45956031417.49175
190650,606,606,114454355000.0,188868572.60726076,0.0,2.5041322314049586,ST,43374520000.0,코리아에셋투자증권,N,D10,0.0,45706194570.9571
060480,606,606,113628977500.0,187506563.53135315,0.0,2.5041322314049586,ST,15259840000.0,국일신동,N,D10,0.0,45376588374.58746
069330,606,606,112251484000.0,185233471.94719476,0.0,2.5041322314049586,ST,18478305660.0,유아이디,N,D10,0.0,44826500211.22112
011370,606,606,111955016500.0,184744251.65016505,0.0,2.5041322314049586,ST,82431104705.0,서한,N,D10,0.0,44708108899.339935
067370,606,606,110595206000.0,182500339.9339934,0.0,2.5041322314049586,ST,70962416210.0,선바이오,N,D10,0.0,44165082264.026405
025870,606,606,110411332000.0,182196917.4917492,0.0,2.5041322314049586,ST,6768000000.0,신라에스지,N,D10,0.0,44091654033.0033
021320,606,606,109118647000.0,180063773.92739275,0.0,2.5041322314049586,ST,122836000000.0,KCC건설,N,D10,0.0,43575433290.42905
008370,606,606,108444564500.0,178951426.56765676,0.0,2.5041322314049586,ST,58680000000.0,원풍,N,D10,0.0,43306245229.37294
043340,591,591,104466403000.0,176762103.21489,0.0,2.4421487603305785,ST,40137500000.0,에쎈테크,N,D10,0.0,41717606478.54786
215480,606,606,106003404000.0,174923108.9108911,0.0,2.5041322314049586,ST,18123750000.0,토박스코리아,N,D10,0.0,42331392356.435646
110790,606,606,105830120500.0,174637162.54125413,0.0,2.5041322314049586,ST,70878654000.0,크리스에프앤씨,N,D10,0.0,42262193334.9835
035620,590,590,101236552500.0,171587377.11864406,0.0,2.43801652892562,ST,12859453338.0,바른손이앤에이,N,D10,0.0,40427798193.069305
044780,606,606,103563727000.0,170897239.2739274,0.0,2.5041322314049586,ST,23132233750.0,에이치케이,N,D10,0.0,41357131904.29043
228850,606,606,103421890500.0,170663185.64356434,0.0,2.5041322314049586,ST,103362017220.0,레이언스,N,D10,0.0,41300490925.74258
050860,606,606,102417320500.0,169005479.3729373,0.0,2.5041322314049586,ST,39780000000.0,아세아텍,N,D10,0.0,40899326008.250824
122310,606,606,101672238000.0,167775970.2970297,0.0,2.5041322314049586,ST,48391531300.0,제노레이,N,D10,0.0,40601784811.88119
367000,606,606,99942508000.0,164921630.3630363,0.0,2.5041322314049586,ST,25122679965.0,플래티어,N,D10,0.0,39911034547.85479
228340,606,606,98799600500.0,163035644.38943896,0.0,2.5041322314049586,ST,79900000000.0,동양파일,N,D10,0.0,39454625942.244225
039340,606,606,97752736000.0,161308145.21452144,0.0,2.5041322314049586,ST,105050000000.0,한국경제TV,N,D10,0.0,39036571141.91419
099390,606,606,97648629500.0,161136352.31023103,0.0,2.5041322314049586,ST,26635878335.0,브레인즈컴퍼니,N,D10,0.0,38994997259.07591
263770,606,606,97550667500.0,160974698.84488449,0.0,2.5041322314049586,ST,37754373996.0,유에스티,N,D10,0.0,38955877120.46205
054800,606,606,96941678500.0,159969766.50165015,0.0,2.5041322314049586,ST,149938984440.0,아이디스홀딩스,N,D10,0.0,38712683493.399345
063760,606,606,96239714500.0,158811410.0660066,0.0,2.5041322314049586,ST,24664968850.0,이엘피,N,D10,0.0,38432361235.9736
040420,606,606,96222756500.0,158783426.56765676,0.0,2.5041322314049586,ST,91400128160.0,정상제이엘에스,N,D10,0.0,38425589229.37294
008290,539,539,85111248000.0,157905840.44526902,0.0,2.227272727272727,ST,5330871818.0,원풍물산,N,D10,0.0,33988320158.415844
153490,606,606,93941022500.0,155018188.9438944,0.0,2.5041322314049586,ST,23166000000.0,우리이앤엘하루틴,N,D10,0.0,37514401724.42245
092130,606,606,93851877000.0,154871084.15841585,0.0,2.5041322314049586,ST,170898684000.0,이크레더블,N,D10,0.0,37478802366.33663
064520,606,606,92905006000.0,153308590.7590759,0.0,2.5041322314049586,ST,35739348138.0,테크엘,N,D10,0.0,37100678963.69637
049120,590,590,88477511000.0,149961883.05084747,0.0,2.43801652892562,ST,20789861143.0,파인디앤씨,N,D10,0.0,35332603402.64027
018700,536,536,80138166500.0,149511504.66417912,0.0,2.2148760330578514,ST,14808831290.0,졸스,N,D10,0.0,32002370120.462048
037400,606,606,90533957000.0,149395968.64686468,0.0,2.5041322314049586,ST,17700758550.0,우리엔터프라이즈,N,D10,0.0,36153824412.54125
036670,606,606,90432061000.0,149227823.43234324,0.0,2.5041322314049586,ST,59054800000.0,삼양케이씨아이,N,D10,0.0,36113133270.62707
318010,606,606,89493990000.0,147679851.48514852,0.0,2.5041322314049586,ST,29021377080.0,팜스빌,N,D10,0.0,35738524059.405945
041520,534,534,78789375000.0,147545646.06741574,0.0,2.206611570247934,ST,102994768500.0,이엘씨,N,D10,0.0,31463743811.88119
365900,606,606,87633483500.0,144609708.74587458,0.0,2.5041322314049586,ST,18348853000.0,브이씨,N,D10,0.0,34995549516.501656
010240,606,606,86470721500.0,142690959.5709571,0.0,2.5041322314049586,ST,64968300000.0,흥국,N,D10,0.0,34531212216.171616
033830,590,590,82424963000.0,139703327.11864406,0.0,2.43801652892562,ST,31064414590.0,티비씨,N,D10,0.0,32915579283.828384
352700,606,606,84269610500.0,139058763.20132014,0.0,2.5041322314049586,ST,35946797832.0,씨앤투스,N,D10,0.0,33652220694.719475
016250,606,606,82807440000.0,136645940.5940594,0.0,2.5041322314049586,ST,62055667520.0,SGC E&C,N,D10,0.0,33068317623.76238
017480,606,606,79983222000.0,131985514.85148516,0.0,2.5041322314049586,ST,72736011900.0,삼현철강,N,D10,0.0,31940494594.059406
001810,606,606,79337135500.0,130919365.51155116,0.0,2.5041322314049586,ST,26498587500.0,무림SP,N,D10,0.0,31682486453.79538
093920,606,606,78089446000.0,128860471.94719473,0.0,2.5041322314049586,ST,91047000000.0,서원인텍,N,D10,0.0,31184234211.221123
039310,554,554,71267673000.0,128642009.02527076,0.0,2.289256198347108,ST,19100237018.0,세중,N,D10,0.0,28460027831.68317
045520,606,606,77565043000.0,127995120.4620462,0.0,2.5041322314049586,ST,19955000000.0,크린앤사이언스,N,D10,0.0,30974819151.81518
115480,589,589,74099243000.0,125805166.3837012,0.0,2.4338842975206614,ST,22079462931.0,씨유메디칼,N,D10,0.0,29590786808.58086
071850,296,296,36865394500.0,124545251.6891892,0.0,1.2231404958677683,ST,35906188240.0,캐스텍코리아,N,D10,0.0,14721824206.270628
079650,596,596,71295458500.0,119623252.51677851,0.0,2.462809917355372,ST,111600000000.0,서산,N,D10,0.0,28471123691.419144
032540,605,605,72354562000.0,119594317.3553719,0.0,2.5,ST,69379411160.0,TJ미디어,N,D10,0.0,28894066013.20132
007770,606,606,70564047000.0,116442321.78217822,0.0,2.5041322314049586,ST,22955400000.0,한일화학,N,D10,0.0,28179041871.28713
038950,606,606,69773853500.0,115138372.11221124,0.0,2.5041322314049586,ST,29764379975.0,파인디지털,N,D10,0.0,27863486051.155117
131100,606,606,69638352500.0,114914773.10231024,0.0,2.5041322314049586,ST,26152093164.0,티엔엔터테인먼트,N,D10,0.0,27809375090.75908
043710,590,590,67175766000.0,113857230.50847456,0.0,2.43801652892562,ST,58170006720.0,코스리거글로벌,N,D10,0.0,26825965960.39604
115570,606,606,68656020500.0,113293763.20132013,0.0,2.5041322314049586,ST,20520185560.0,스타플렉스,N,D10,0.0,27417090694.719475
127710,606,606,66558135000.0,109831905.94059406,0.0,2.5041322314049586,ST,46119522870.0,아시아경제,N,D10,0.0,26579321237.623764
154040,606,606,66147747000.0,109154698.01980196,0.0,2.5041322314049586,ST,17227644358.0,다산솔루에타,N,D10,0.0,26415436920.79208
017650,606,606,63697359500.0,105111154.29042904,0.0,2.5041322314049586,ST,81612650000.0,대림제지,N,D10,0.0,25436899338.28383
208350,589,589,61296052000.0,104068000.0,0.0,2.4338842975206614,ST,24912327750.0,지란지교시큐리티,N,D10,0.0,24477961359.735973
045300,606,606,60854823500.0,100420500.82508253,0.0,2.5041322314049586,ST,26367530000.0,성우테크론,N,D10,0.0,24301761199.669968
098660,606,606,60785906000.0,100306775.57755776,0.0,2.5041322314049586,ST,21589185552.0,에스티오,N,D10,0.0,24274239689.76898
048830,606,606,60030761500.0,99060662.54125412,0.0,2.5041322314049586,ST,18087309618.0,엔피케이,N,D10,0.0,23972680334.9835
178780,311,311,30776703000.0,98960459.80707397,0.0,1.2851239669421488,ST,44827263975.0,일월지엠엘,N,D10,0.0,12290366544.554457
066900,532,532,52171581500.0,98066882.518797,0.0,2.1983471074380163,ST,41736163005.0,디에이피,N,D10,0.0,20834195912.541256
080010,606,606,59336265500.0,97914629.5379538,0.0,2.5041322314049586,ST,71599316880.0,이상네트웍스,N,D10,0.0,23695340348.18482
290090,606,606,59290010000.0,97838300.330033,0.0,2.5041322314049586,ST,31994442400.0,트윔,N,D10,0.0,23676868679.86799
131090,591,591,56251099000.0,95179524.53468695,0.0,2.4421487603305785,ST,28871493170.0,시큐브,N,D10,0.0,22463310161.71617
256630,591,591,55692120500.0,94233706.42978004,0.0,2.4421487603305785,ST,53241310260.0,포인트엔지니어링,N,D10,0.0,22240087724.422443
153710,606,606,56595658500.0,93392175.74257426,0.0,2.5041322314049586,ST,69022152390.0,옵티팜,N,D10,0.0,22600906529.702972
032080,606,606,56534144500.0,93290667.49174918,0.0,2.5041322314049586,ST,20223058289.0,아즈텍WB,N,D10,0.0,22576341533.0033
153460,596,596,55439718500.0,93019661.91275167,0.0,2.462809917355372,ST,45710098000.0,네이블,N,D10,0.0,22139293526.40264
263920,588,588,54106588000.0,92018006.80272108,0.0,2.4297520661157024,ST,40364141990.0,휴엠앤씨,N,D10,0.0,21606921280.528053
051390,606,606,54536951000.0,89994968.64686468,0.0,2.5041322314049586,ST,42696183680.0,YW,N,D10,0.0,21778782412.541256
026910,557,557,49583093500.0,89018121.18491921,0.0,2.301652892561984,ST,33490421140.0,광진실업,N,D10,0.0,19800509285.47855
096870,606,606,53590351500.0,88432923.26732673,0.0,2.5041322314049586,ST,18991697725.0,엘디티,N,D10,0.0,21400767430.69307
004780,606,606,53569734500.0,88398901.81518152,0.0,2.5041322314049586,ST,62181508090.0,대륙제관,N,D10,0.0,21392534239.27393
950110,365,365,31862210500.0,87293727.39726028,0.0,1.508264462809917,?,,,N,D10,0.0,12723853037.953796
224060,241,241,20473148500.0,84950823.65145229,0.0,0.9958677685950412,ST,26990576060.0,더코디,N,D10,0.0,8175745770.627063
332370,606,606,50903198000.0,83998676.56765677,0.0,2.5041322314049586,ST,70218010540.0,아이디피,N,D10,0.0,20327679729.37294
045060,606,606,49659416000.0,81946231.02310231,0.0,2.5041322314049586,ST,37272342800.0,오공,N,D10,0.0,19830987907.59076
031510,606,606,46807294500.0,77239759.9009901,0.0,2.5041322314049586,ST,32368000000.0,오스템,N,D10,0.0,18692021896.039604
267790,606,606,46436421500.0,76627758.25082508,0.0,2.5041322314049586,ST,26566562595.0,배럴,N,D10,0.0,18543917496.699673
018620,589,589,44719402000.0,75924281.8336163,0.0,2.4338842975206614,ST,21249589830.0,우진비앤지,N,D10,0.0,17858243042.904293
056730,591,591,44339868000.0,75025157.36040609,0.0,2.4421487603305785,ST,24308468680.0,CNT85,N,D10,0.0,17706679960.39604
007530,606,606,44726454000.0,73806029.7029703,0.0,2.5041322314049586,ST,42972920061.0,와이엠,N,D10,0.0,17861059188.118813
376290,606,606,44594937500.0,73589005.77557756,0.0,2.5041322314049586,ST,47851825000.0,씨유테크,N,D10,0.0,17808539397.68977
043360,606,606,42348629000.0,69882226.07260726,0.0,2.5041322314049586,ST,19845000000.0,디지아이,N,D10,0.0,16911498709.570957
005990,606,606,42132506000.0,69525587.45874588,0.0,2.5041322314049586,ST,137105514240.0,매일홀딩스,N,D10,0.0,16825192165.016502
017250,606,606,42033228000.0,69361762.37623763,0.0,2.5041322314049586,ST,20792921396.0,인터엠,N,D10,0.0,16785546495.049505
007680,606,606,41360653000.0,68251902.64026402,0.0,2.5041322314049586,ST,57056114470.0,대원,N,D10,0.0,16516960438.943895
080470,606,606,40707619500.0,67174289.6039604,0.0,2.5041322314049586,ST,22484000000.0,성창오토텍,N,D10,0.0,16256178084.158417
256150,606,606,40434862000.0,66724194.71947195,0.0,2.5041322314049586,ST,38197250000.0,한독크린텍,N,D10,0.0,16147255122.112211
200780,559,559,36853721000.0,65927944.54382826,0.0,2.309917355371901,ST,34183443505.0,비씨월드제약,N,D10,0.0,14717162511.551155
093380,606,606,39922256000.0,65878310.2310231,0.0,2.5041322314049586,ST,24945265325.0,풍강,N,D10,0.0,15942551075.90759
049550,606,606,39317755000.0,64880783.82838284,0.0,2.5041322314049586,ST,60485364545.0,잉크테크,N,D10,0.0,15701149686.468647
012620,606,606,39171137000.0,64638839.9339934,0.0,2.5041322314049586,ST,29568000000.0,원일특강,N,D10,0.0,15642599264.026403
173940,606,606,37470384000.0,61832316.83168317,0.0,2.5041322314049586,ST,34172033760.0,에프엔씨엔터,N,D10,0.0,14963420673.267328
225590,591,591,36063918500.0,61021858.71404399,0.0,2.4421487603305785,ST,17131002720.0,패션플랫폼,N,D10,0.0,14401762833.333334
109860,606,606,35443084000.0,58486937.29372937,0.0,2.5041322314049586,ST,67613000000.0,동일금속,N,D10,0.0,14153838825.082508
140520,606,606,33890434500.0,55924809.40594059,0.0,2.5041322314049586,ST,41564099467.0,대창스틸,N,D10,0.0,13533803876.237625
275630,606,606,33291150500.0,54935891.91419142,0.0,2.5041322314049586,ST,20647465440.0,에스에스알,N,D10,0.0,13294485843.234324
130580,606,606,32180372500.0,53102924.91749175,0.0,2.5041322314049586,ST,85162000000.0,나이스디앤비,N,D10,0.0,12850907830.033005
221840,363,363,19046119000.0,52468647.38292011,0.0,1.5,ST,35325359729.0,하이즈항공,N,D10,0.0,7605875904.290429
080420,605,605,31246261500.0,51646713.22314049,0.0,2.5,ST,113683032972.0,모다이노칩,N,D10,0.0,12477880004.950495
352940,606,606,30466536000.0,50274811.88118812,0.0,2.5041322314049586,ST,21898475950.0,인바이오,N,D10,0.0,12166504475.247526
018120,606,606,30140795500.0,49737286.30363036,0.0,2.5041322314049586,ST,109049846400.0,진로발효,N,D10,0.0,12036423285.478548
037760,606,606,29493407000.0,48668988.44884489,0.0,2.5041322314049586,ST,81199010400.0,쎄니트,N,D10,0.0,11777895204.620462
021650,606,606,27498655000.0,45377318.48184819,0.0,2.5041322314049586,ST,34254429485.0,한국큐빅,N,D10,0.0,10981311072.607262
067770,606,606,26836915000.0,44285338.28382839,0.0,2.5041322314049586,ST,16919134895.0,세진티에스,N,D10,0.0,10717051864.68647
131180,591,591,26106601500.0,44173606.59898477,0.0,2.4421487603305785,ST,22570150000.0,딜리,N,D10,0.0,10425408519.801981
033050,606,606,26005507000.0,42913377.88778878,0.0,2.5041322314049586,ST,24707318528.0,제이엠아이,N,D10,0.0,10385037448.844885
054410,580,580,20558509500.0,35445706.03448276,0.0,2.396694214876033,ST,18496414120.0,케이피티유,N,D10,0.0,8209833826.732674
008470,606,606,20231904000.0,33385980.198019803,0.0,2.5041322314049586,ST,30719544000.0,부스타,N,D10,0.0,8079407207.920793
134060,606,606,19336081000.0,31907724.422442243,0.0,2.5041322314049586,ST,22510860000.0,이퓨쳐,N,D10,0.0,7721669310.231024
169330,592,592,18087383500.0,30553012.66891892,0.0,2.446280991735537,ST,27457060082.0,엠브레인,N,D10,0.0,7223014533.003301
053620,544,544,16386494000.0,30122231.61764706,0.0,2.2479338842975207,ST,57104000000.0,태양,N,D10,0.0,6543781432.343235
221980,606,606,16841051000.0,27790513.20132013,0.0,2.5041322314049586,ST,39541040000.0,케이디켐,N,D10,0.0,6725304194.719472
049830,545,545,14436232500.0,26488500.0,0.0,2.2520661157024797,ST,39000232320.0,승일,N,D10,0.0,5764964133.663366
