공시일,시각,애프터,종목코드,종목명,decile,관리부담,사유성격,정지사유,동반공시,정지공시_원문
20240102,10:19:24,,079370,제우스,D2,뉴스형(즉시조치),자본·조직변동,무상증자,(주)제우스 무상증자결정,(주)제우스 주권매매거래정지(무상증자)
20240102,16:27:24,Y,377400,(상장폐지),(유니버스 밖),집행형(부담 낮음),자본·조직변동,SPAC 소멸합병,,하이제6호기업인수목적 주식회사 주권매매거래정지(SPAC 소멸합병)
20240102,17:52:28,Y,094860,네오리진,D9,집행형(부담 낮음),자본·조직변동,"주식의 병합, 분할 등 전자등록 변경, 말소",,"(주)네오리진 주권매매거래정지(주식의 병합, 분할 등 전자등록 변경, 말소)"
20240104,13:13:19,,358570,지아이이노베이션,D2,뉴스형(즉시조치),자본·조직변동,무상증자,(주)지아이이노베이션 무상증자결정,(주)지아이이노베이션 주권매매거래정지(무상증자)
20240104,15:18:28,,017000,신원종합개발,D8,뉴스형(즉시조치),부실·위험,풍문 또는 보도 관련,신원종합개발(주) 조회공시요구(풍문또는보도)(채권자에 의한 파산신청설),신원종합개발(주) 주권매매거래정지(풍문 또는 보도 관련)
20240108,16:57:23,Y,013310,아진산업,D5,뉴스형(즉시조치),부실·위험,상장적격성 실질심사 대상 (사유발생,아진산업(주) 횡령ㆍ배임혐의발생,아진산업(주) 주권매매거래정지(상장적격성 실질심사 대상 (사유발생))
20240109,16:22:58,Y,427950,(상장폐지),(유니버스 밖),집행형(부담 낮음),자본·조직변동,SPAC 소멸합병,,하나금융23호기업인수목적 주식회사 주권매매거래정지(SPAC 소멸합병)
20240110,18:24:41,Y,380320,(상장폐지),(유니버스 밖),뉴스형(즉시조치),부실·위험,상장폐지 사유발생,삼성머스트기업인수목적5호 주식회사 상장폐지,삼성머스트기업인수목적5호 주식회사 주권매매거래정지(상장폐지 사유발생)
20240116,16:54:52,Y,426550,(상장폐지),(유니버스 밖),집행형(부담 낮음),자본·조직변동,SPAC 소멸합병,,아이비케이에스제19호기업인수목적 주식회사 주권매매거래정지(SPAC 소멸합병)
20240116,16:55:08,Y,089230,THE E&M,D8,집행형(부담 낮음),자본·조직변동,"주식의 병합, 분할 등 전자등록 변경, 말소",,"더이앤엠(주) 주권매매거래정지(주식의 병합, 분할 등 전자등록 변경, 말소)"
20240117,15:37:31,,430230,(상장폐지),(유니버스 밖),뉴스형(즉시조치),자본·조직변동,SPAC 합병(예비심사청구대상,하나금융24호기업인수목적 주식회사 회사합병 결정(SPAC 소멸합병),하나금융24호기업인수목적 주식회사 주권매매거래정지(SPAC 합병(예비심사청구대상))
20240117,17:17:06,Y,372290,(상장폐지),(유니버스 밖),집행형(부담 낮음),자본·조직변동,SPAC 소멸합병,,하나머스트7호기업인수목적 주식회사 주권매매거래정지(SPAC 소멸합병)
20240119,16:11:13,Y,016670,디모아,D9,뉴스형(즉시조치),자본·조직변동,자본감소,(주)디모아 감자결정,(주)디모아 주권매매거래정지(자본감소)
20240119,17:49:11,Y,096610,알에프세미,(유니버스 밖),뉴스형(즉시조치),부실·위험,상장적격성 실질심사 대상 (사유발생,주식회사알에프세미 기타시장안내(상장적격성 실질심사 관련 안내),주식회사알에프세미 주권매매거래정지(상장적격성 실질심사 대상 (사유발생))
20240119,17:49:42,Y,208340,(상장폐지),(유니버스 밖),뉴스형(즉시조치),부실·위험,상장적격성 실질심사 대상(사유발생,(주)파멥신 불성실공시법인지정(공시번복),(주)파멥신 주권매매거래정지(상장적격성 실질심사 대상(사유발생))
20240124,14:29:24,,149980,하이로닉,D4,뉴스형(즉시조치),자본·조직변동,무상증자,(주)하이로닉 무상증자결정,(주)하이로닉 주권매매거래정지(무상증자)
20240124,17:00:15,Y,078590,휴림에이텍,D6,집행형(부담 낮음),자본·조직변동,"주식의 병합, 분할 등 전자등록 변경, 말소",,"(주)휴림에이텍 주권매매거래정지(주식의 병합, 분할 등 전자등록 변경, 말소)"
20240124,17:16:57,Y,192410,오늘이엔엠,D6,집행형(부담 낮음),자본·조직변동,"주식의 병합, 분할 등 전자등록 변경, 말소",,"휴림네트웍스(주) 주권매매거래정지(주식의 병합, 분할 등 전자등록 변경, 말소)"
20240124,18:16:40,Y,033540,파라텍,D6,집행형(부담 낮음),자본·조직변동,"주식의 병합, 분할 등 전자등록 변경, 말소",,"주식회사 파라텍 주권매매거래정지(주식의 병합, 분할 등 전자등록 변경, 말소)"
20240125,14:56:28,,148140,(상장폐지),(유니버스 밖),뉴스형(즉시조치),부실·위험,투자자 보호,비디아이(주) 기타시장안내(정리매매 보류 관련),비디아이(주) 주권매매거래정지(투자자 보호)
20240130,11:17:13,,457630,(상장폐지),(유니버스 밖),뉴스형(즉시조치),자본·조직변동,SPAC 합병(예비심사청구대상,대신밸런스제16호기업인수목적(주) 회사합병 결정(SPAC 소멸합병),대신밸런스제16호기업인수목적(주) 주권매매거래정지(SPAC 합병(예비심사청구대상))
20240130,15:42:31,Y,436610,(상장폐지),(유니버스 밖),뉴스형(즉시조치),자본·조직변동,SPAC 합병(예비심사청구대상,한국제11호기업인수목적 주식회사 회사합병 결정(SPAC 소멸합병),한국제11호기업인수목적 주식회사 주권매매거래정지(SPAC 합병(예비심사청구대상))
20240130,15:46:14,Y,373200,엑스플러스,D5,뉴스형(즉시조치),자본·조직변동,무상증자,하인크코리아(주) 무상증자결정,하인크코리아(주) 주권매매거래정지(무상증자)
20240131,18:09:06,Y,090710,휴림로봇,D1,집행형(부담 낮음),자본·조직변동,"주식의 병합, 분할 등 전자등록 변경, 말소",,"휴림로봇(주) 주권매매거래정지(주식의 병합, 분할 등 전자등록 변경, 말소)"
20240202,16:47:24,Y,052020,에스티큐브,(유니버스 밖),뉴스형(즉시조치),부실·위험,관리종목지정우려,(주)에스티큐브 내부결산시점 관리종목 지정ㆍ형식적 상장폐지ㆍ상장적격성 실질심사 사유 발생,(주)에스티큐브 주권매매거래정지(관리종목지정우려)
20240205,17:46:59,Y,115960,(상장폐지),(유니버스 밖),집행형(부담 낮음),자본·조직변동,"주식의 병합, 분할 등 전자등록 변경, 말소",,"(주)연우 주권매매거래정지(주식의 병합, 분할 등 전자등록 변경, 말소)"
20240207,16:04:17,Y,406760,(상장폐지),(유니버스 밖),뉴스형(즉시조치),자본·조직변동,SPAC 합병(예비심사청구대상,하나금융21호기업인수목적 주식회사 회사합병 결정(SPAC 소멸합병),하나금융21호기업인수목적 주식회사 주권매매거래정지(SPAC 합병(예비심사청구대상))
20240213,10:51:16,,399720,가온칩스,D1,뉴스형(즉시조치),대형계약,단일판매공급계약,(주)가온칩스 단일판매ㆍ공급계약체결,(주)가온칩스 주권매매거래정지(단일판매공급계약)
20240213,14:44:15,,023790,동일스틸럭스,D5,뉴스형(즉시조치),부실·위험,관리종목지정우려,동일철강(주) 기타시장안내(관리종목 지정우려종목),동일철강(주) 주권매매거래정지(관리종목지정우려)
20240214,11:12:12,,314930,바이오다인,D3,뉴스형(즉시조치),자본·조직변동,무상증자,주식회사 바이오다인 무상증자결정,주식회사 바이오다인 주권매매거래정지(무상증자)
20240214,14:31:18,,114840,아이패밀리에스씨,D4,뉴스형(즉시조치),자본·조직변동,무상증자,(주)아이패밀리에스씨 무상증자결정,(주)아이패밀리에스씨 주권매매거래정지(무상증자)
20240214,15:51:13,Y,222160,(상장폐지),(유니버스 밖),뉴스형(즉시조치),부실·위험,상장적격성 실질심사 대상 (사유발생,,(주)엔피엑스 주권매매거래정지(상장적격성 실질심사 대상 (사유발생))
20240214,17:04:18,Y,203690,(상장폐지),(유니버스 밖),뉴스형(즉시조치),부실·위험,관리종목지정우려,(주)스피어파워 내부결산시점 관리종목 지정ㆍ형식적 상장폐지ㆍ상장적격성 실질심사 사유 발생,(주)스피어파워 주권매매거래정지(관리종목지정우려)
20240215,17:54:13,Y,230980,(상장폐지),(유니버스 밖),뉴스형(즉시조치),부실·위험,관리종목지정우려,(주)비유테크놀러지 내부결산시점 관리종목 지정ㆍ형식적 상장폐지ㆍ상장적격성 실질심사 사유 발생,(주)비유테크놀러지 주권매매거래정지(관리종목지정우려)
20240216,16:56:16,Y,065650,하이퍼코퍼레이션,D7,뉴스형(즉시조치),자본·조직변동,영업양수도,(주)메디프론디비티 영업양도 결정,(주)메디프론디비티 주권매매거래정지(영업양수도)
20240219,17:08:18,Y,033790,피노,D3,뉴스형(즉시조치),부실·위험,중요한 영업정지,(주)스카이문스테크놀로지 영업정지,(주)스카이문스테크놀로지 주권매매거래정지(중요한 영업정지)
20240220,19:55:37,Y,305090,마이크로디지탈,D5,뉴스형(즉시조치),부실·위험,불성실공시법인 지정,(주)마이크로디지탈 불성실공시법인지정(공시변경 2건),(주)마이크로디지탈 주권매매거래정지(불성실공시법인 지정)
20240221,10:19:10,,357230,에이치피오,D9,뉴스형(즉시조치),자본·조직변동,무상증자,주식회사 에이치피오 무상증자결정,주식회사 에이치피오 주권매매거래정지(무상증자)
20240221,15:39:16,,391060,(상장폐지),(유니버스 밖),뉴스형(즉시조치),자본·조직변동,"SPAC 합병결정 이후 취소,부인사실 발생",엔에이치기업인수목적20호(주) (정정)회사합병 결정(SPAC 소멸합병-철회),"엔에이치기업인수목적20호(주) 주권매매거래정지(SPAC 합병결정 이후 취소,부인사실 발생)"
20240227,15:02:16,,294140,레몬,D6,뉴스형(즉시조치),자본·조직변동,자본감소,(주)레몬 주주총회소집결의,(주)레몬 주권매매거래정지(자본감소)
20240227,16:30:57,Y,397880,(상장폐지),(유니버스 밖),집행형(부담 낮음),자본·조직변동,SPAC 소멸합병,,교보11호기업인수목적 주식회사 주권매매거래정지(SPAC 소멸합병)
20240228,17:47:11,Y,377220,프롬바이오,D5,뉴스형(즉시조치),자본·조직변동,무상증자,주식회사 프롬바이오 무상증자결정,주식회사 프롬바이오 주권매매거래정지(무상증자)
20240229,17:26:20,Y,016790,현대사료,(유니버스 밖),뉴스형(즉시조치),부실·위험,투자자 보호,(주)카나리아바이오 내부결산시점 관리종목 지정ㆍ형식적 상장폐지ㆍ상장적격성 실질심사 사유 발생,(주)카나리아바이오 주권매매거래정지(투자자 보호)
20240229,17:44:13,Y,258830,세종메디칼,(유니버스 밖),뉴스형(즉시조치),부실·위험,관리종목지정우려,(주)세종메디칼 내부결산시점 관리종목 지정ㆍ형식적 상장폐지ㆍ상장적격성 실질심사 사유 발생,(주)세종메디칼 주권매매거래정지(관리종목지정우려)
20240229,17:58:39,Y,136510,(상장폐지),(유니버스 밖),뉴스형(즉시조치),부실·위험,투자자보호,(주)스마트솔루션즈 (정정)상장폐지,(주)스마트솔루션즈 주권매매거래정지(투자자보호)
20240306,16:32:42,Y,196490,디에이테크놀로지,(유니버스 밖),집행형(부담 낮음),자본·조직변동,"주식의 병합, 분할 등 전자등록 변경, 말소",,"(주)디에이테크놀로지 주권매매거래정지(주식의 병합, 분할 등 전자등록 변경, 말소)"
20240311,17:45:24,Y,104480,티케이케미칼,D6,뉴스형(즉시조치),부실·위험,중요한 영업정지,(주)티케이케미칼 영업정지,(주)티케이케미칼 주권매매거래정지(중요한 영업정지)
20240311,18:17:21,Y,067390,아스트,D7,집행형(부담 낮음),자본·조직변동,"주식의 병합, 분할 등 전자등록 변경, 말소",,"(주)아스트 주권매매거래정지(주식의 병합, 분할 등 전자등록 변경, 말소)"
20240312,16:09:14,Y,016670,디모아,D9,뉴스형(즉시조치),자본·조직변동,자본감소,(주)디모아 감자결정,(주)디모아 주권매매거래정지(자본감소)
20240313,16:56:14,Y,241820,피씨엘,(유니버스 밖),뉴스형(즉시조치),부실·위험,관리종목지정우려,피씨엘(주) 내부결산시점 관리종목 지정ㆍ형식적 상장폐지ㆍ상장적격성 실질심사 사유 발생,피씨엘(주) 주권매매거래정지(관리종목지정우려)
20240313,17:22:21,Y,192410,오늘이엔엠,D6,뉴스형(즉시조치),자본·조직변동,자본감소,휴림네트웍스(주) 감자결정,휴림네트웍스(주) 주권매매거래정지(자본감소)
20240313,17:33:10,Y,123840,뉴온,(유니버스 밖),뉴스형(즉시조치),부실·위험,관리종목지정우려,(주)한일진공 내부결산시점 관리종목 지정ㆍ형식적 상장폐지ㆍ상장적격성 실질심사 사유 발생,(주)한일진공 주권매매거래정지(관리종목지정우려)
20240313,22:42:32,,208350,지란지교시큐리티,D10,뉴스형(즉시조치),부실·위험,풍문 또는 보도 관련,(주)지란지교시큐리티 조회공시요구(풍문또는보도)(회계처리기준 위반),(주)지란지교시큐리티 주권매매거래정지(풍문 또는 보도 관련)
20240313,22:42:44,,114810,한솔아이원스,D4,뉴스형(즉시조치),부실·위험,풍문 또는 보도 관련,한솔아이원스(주) 조회공시요구(풍문또는보도)(회계처리기준 위반),한솔아이원스(주) 주권매매거래정지(풍문 또는 보도 관련)
20240313,22:43:37,,151910,(상장폐지),(유니버스 밖),뉴스형(즉시조치),부실·위험,풍문 또는 보도 관련,에스비더블유생명과학(주) 조회공시요구(풍문또는보도)(회계처리기준 위반),에스비더블유생명과학(주) 주권매매거래정지(풍문 또는 보도 관련)
20240314,15:47:12,Y,049470,비트플래닛,D6,뉴스형(즉시조치),자본·조직변동,자본감소,에스지에이(주) 감자결정,에스지에이(주) 주권매매거래정지(자본감소)
20240314,20:19:20,,227100,(상장폐지),(유니버스 밖),뉴스형(즉시조치),부실·위험,파산신청,(주)에이치앤비디자인 관리종목지정(파산신청),(주)에이치앤비디자인 주권매매거래정지(파산신청)
20240319,09:34:12,,089850,유비벨록스,D6,뉴스형(즉시조치),자본·조직변동,무상증자,유비벨록스(주) 무상증자결정,유비벨록스(주) 주권매매거래정지(무상증자)
20240319,16:45:13,Y,019590,(상장폐지),(유니버스 밖),뉴스형(즉시조치),부실·위험,풍문 또는 보도 관련,엠벤처투자(주) 조회공시요구(풍문또는보도)(감사의견 비적정설),엠벤처투자(주) 주권매매거래정지(풍문 또는 보도 관련)
20240319,19:09:46,Y,224060,더코디,D10,뉴스형(즉시조치),부실·위험,풍문 또는 보도 관련,(주)더코디 조회공시요구(풍문또는보도)(채권자에 의한 파산신청설),(주)더코디 주권매매거래정지(풍문 또는 보도 관련)
20240319,20:30:29,,073640,테라사이언스,(유니버스 밖),뉴스형(즉시조치),부실·위험,상장적격성 실질심사 대상 (사유발생,테라사이언스(주) 기타시장안내(상장적격성 실질심사 관련 안내),테라사이언스(주) 주권매매거래정지(상장적격성 실질심사 대상 (사유발생))
20240320,15:39:12,,052020,에스티큐브,(유니버스 밖),뉴스형(즉시조치),부실·위험,관리종목지정사유발생,(주)에스티큐브 감사보고서 제출,(주)에스티큐브 주권매매거래정지(관리종목지정사유발생)
20240320,16:49:23,Y,054630,(상장폐지),(유니버스 밖),뉴스형(즉시조치),부실·위험,관리종목지정우려,(주)에이디칩스 내부결산시점 관리종목 지정ㆍ형식적 상장폐지ㆍ상장적격성 실질심사 사유 발생,(주)에이디칩스 주권매매거래정지(관리종목지정우려)
20240321,09:12:12,,230980,(상장폐지),(유니버스 밖),뉴스형(즉시조치),부실·위험,풍문 또는 보도 관련,(주)비유테크놀러지 조회공시요구(풍문또는보도)(감사의견 비적정설),(주)비유테크놀러지 주권매매거래정지(풍문 또는 보도 관련)
20240321,10:34:12,,046070,코다코,(유니버스 밖),뉴스형(즉시조치),부실·위험,풍문 또는 보도 관련,(주)코다코 조회공시요구(풍문또는보도)(감사의견 비적정설),(주)코다코 주권매매거래정지(풍문 또는 보도 관련)
20240321,11:11:18,,408900,스튜디오미르,D3,뉴스형(즉시조치),자본·조직변동,무상증자,주식회사 스튜디오미르 무상증자결정,주식회사 스튜디오미르 주권매매거래정지(무상증자)
20240321,15:19:38,,041520,이엘씨,D10,뉴스형(즉시조치),부실·위험,중요한 영업정지,(주)이라이콤 영업정지,(주)이라이콤 주권매매거래정지(중요한 영업정지)
20240321,16:26:14,Y,323230,(상장폐지),(유니버스 밖),뉴스형(즉시조치),부실·위험,관리종목지정사유발생,엠에프엠코리아(주) 감사보고서 제출,엠에프엠코리아(주) 주권매매거래정지(관리종목지정사유발생)
20240321,17:16:15,Y,036690,코맥스,(유니버스 밖),뉴스형(즉시조치),부실·위험,풍문 또는 보도 관련,(주)코맥스 조회공시요구(풍문또는보도)(감사의견 비적정설),(주)코맥스 주권매매거래정지(풍문 또는 보도 관련)
20240321,21:53:08,,072520,(상장폐지),(유니버스 밖),뉴스형(즉시조치),부실·위험,상장폐지 사유발생,(주)제넨바이오 관리종목지정(상장폐지사유 발생),(주)제넨바이오 주권매매거래정지(상장폐지 사유발생)
20240322,16:34:11,Y,260970,에스앤디,D3,뉴스형(즉시조치),자본·조직변동,이익소각,(주)에스앤디 자기주식 취득 결정,(주)에스앤디 주권매매거래정지(이익소각)
20240325,15:46:13,Y,315640,딥노이드,D5,뉴스형(즉시조치),자본·조직변동,무상증자,주식회사 딥노이드 무상증자결정,주식회사 딥노이드 주권매매거래정지(무상증자)
20240325,16:17:10,Y,182400,엔케이젠바이오텍코리아,(유니버스 밖),뉴스형(즉시조치),부실·위험,상장적격성 실질심사 대상 (사유발생,"(주)엔케이맥스 불성실공시법인지정(공시번복 1건, 공시불이행 4건)",(주)엔케이맥스 주권매매거래정지(상장적격성 실질심사 대상 (사유발생))
20240326,19:27:15,Y,217620,(상장폐지),(유니버스 밖),뉴스형(즉시조치),부실·위험,투자자 보호,(주)디딤이앤에프 기타시장안내(상장폐지 관련),(주)디딤이앤에프 주권매매거래정지(투자자 보호)
20240328,19:43:51,Y,041590,플래스크,(유니버스 밖),뉴스형(즉시조치),부실·위험,풍문 또는 보도 관련,(주)플래스크 조회공시요구(풍문또는보도)(감사의견 비적정설),(주)플래스크 주권매매거래정지(풍문 또는 보도 관련)
20240329,12:09:49,,258830,세종메디칼,(유니버스 밖),뉴스형(즉시조치),부실·위험,풍문 또는 보도 관련,(주)세종메디칼 조회공시요구(풍문또는보도)(감사의견 비적정설),(주)세종메디칼 주권매매거래정지(풍문 또는 보도 관련)
20240401,08:47:15,,340930,성원에너텍,D4,뉴스형(즉시조치),자본·조직변동,무상증자,유일에너테크(주) 무상증자결정,유일에너테크(주) 주권매매거래정지(무상증자)
20240401,10:42:24,,042500,링네트,D6,뉴스형(즉시조치),자본·조직변동,무상증자,(주)링네트 무상증자결정,(주)링네트 주권매매거래정지(무상증자)
20240402,16:44:24,Y,196490,디에이테크놀로지,(유니버스 밖),뉴스형(즉시조치),부실·위험,풍문 또는 보도 관련,(주)디에이테크놀로지 조회공시요구(풍문또는보도)(채권자에 의한 파산신청설),(주)디에이테크놀로지 주권매매거래정지(풍문 또는 보도 관련)
20240402,18:07:19,Y,419270,(상장폐지),(유니버스 밖),집행형(부담 낮음),자본·조직변동,SPAC 소멸합병,,신영해피투모로우제7호기업인수목적 주식회사 주권매매거래정지(SPAC 소멸합병)
20240403,17:32:18,Y,053610,프로텍,D4,뉴스형(즉시조치),부실·위험,회계처리 기준위반,(주)프로텍 회계처리기준위반행위로인한검찰기소,(주)프로텍 주권매매거래정지(회계처리 기준위반)
20240404,09:39:20,,262840,아이퀘스트,D9,뉴스형(즉시조치),자본·조직변동,무상증자,(주)아이퀘스트 무상증자결정,(주)아이퀘스트 주권매매거래정지(무상증자)
20240404,17:27:54,Y,243840,신흥에스이씨,D4,집행형(부담 낮음),자본·조직변동,"주식의 병합, 분할 등 전자등록 변경, 말소",,"신흥에스이씨(주) 주권매매거래정지(주식의 병합, 분할 등 전자등록 변경, 말소)"
20240404,17:45:35,Y,086520,에코프로,D1,집행형(부담 낮음),자본·조직변동,"주식의 병합, 분할 등 전자등록 변경, 말소",,"(주)에코프로 주권매매거래정지(주식의 병합, 분할 등 전자등록 변경, 말소)"
20240404,17:53:23,Y,222810,(상장폐지),(유니버스 밖),뉴스형(즉시조치),부실·위험,풍문 또는 보도 관련,(주)세토피아 조회공시요구(풍문또는보도)(감사의견 비적정설),(주)세토피아 주권매매거래정지(풍문 또는 보도 관련)
20240404,18:09:35,Y,225190,LK삼양,D2,집행형(부담 낮음),자본·조직변동,"주식의 병합, 분할 등 전자등록 변경, 말소",,"주식회사 삼양옵틱스 주권매매거래정지(주식의 병합, 분할 등 전자등록 변경, 말소)"
20240404,18:11:39,Y,025440,DH오토웨어,D9,집행형(부담 낮음),자본·조직변동,"주식의 병합, 분할 등 전자등록 변경, 말소",,"(주)디에이치오토웨어 주권매매거래정지(주식의 병합, 분할 등 전자등록 변경, 말소)"
20240405,14:11:13,,418250,시큐레터,(유니버스 밖),뉴스형(즉시조치),부실·위험,풍문 또는 보도 관련,시큐레터 주식회사 조회공시요구(풍문또는보도)(감사의견 비적정설),시큐레터 주식회사 주권매매거래정지(풍문 또는 보도 관련)
20240405,15:48:10,Y,198940,한주라이트메탈,D9,뉴스형(즉시조치),자본·조직변동,무상증자,한주라이트메탈(주) 유무상증자결정(주주배정후 실권주 일반공모),한주라이트메탈(주) 주권매매거래정지(무상증자)
20240405,16:13:10,Y,054630,(상장폐지),(유니버스 밖),뉴스형(즉시조치),부실·위험,풍문 또는 보도 관련,(주)에이디칩스 조회공시요구(풍문또는보도)(감사의견 비적정설),(주)에이디칩스 주권매매거래정지(풍문 또는 보도 관련)
20240405,16:23:05,Y,294140,레몬,D6,집행형(부담 낮음),자본·조직변동,"주식의 병합, 분할 등 전자등록 변경, 말소",,"(주)레몬 주권매매거래정지(주식의 병합, 분할 등 전자등록 변경, 말소)"
20240405,16:31:46,Y,079970,투비소프트,D7,집행형(부담 낮음),자본·조직변동,"주식의 병합, 분할 등 전자등록 변경, 말소",,"(주)투비소프트 주권매매거래정지(주식의 병합, 분할 등 전자등록 변경, 말소)"
20240405,17:36:13,Y,065150,대산F&B,(유니버스 밖),뉴스형(즉시조치),부실·위험,풍문 또는 보도 관련,,(주)대산에프앤비 주권매매거래정지(풍문 또는 보도 관련)
20240405,17:36:57,Y,356890,싸이버원,D4,집행형(부담 낮음),자본·조직변동,"주식의 병합, 분할 등 전자등록 변경, 말소",,"주식회사 싸이버원 주권매매거래정지(주식의 병합, 분할 등 전자등록 변경, 말소)"
20240405,17:37:02,Y,290690,소룩스,D2,집행형(부담 낮음),자본·조직변동,"주식의 병합, 분할 등 전자등록 변경, 말소",,"(주)소룩스 주권매매거래정지(주식의 병합, 분할 등 전자등록 변경, 말소)"
20240405,17:37:14,Y,119610,인터로조,D5,뉴스형(즉시조치),부실·위험,상장폐지 사유발생,(주)인터로조 감사보고서 제출,(주)인터로조 주권매매거래정지(상장폐지 사유발생)
20240405,18:12:41,Y,031860,디에이치엑스컴퍼니,(유니버스 밖),집행형(부담 낮음),자본·조직변동,"주식의 병합, 분할 등 전자등록 변경, 말소",,"에스유홀딩스(주) 주권매매거래정지(주식의 병합, 분할 등 전자등록 변경, 말소)"
20240408,07:30:18,,139050,(상장폐지),(유니버스 밖),뉴스형(즉시조치),부실·위험,풍문 또는 보도 관련,(주)비에프랩스 조회공시요구(풍문또는보도)(감사의견 비적정설),(주)비에프랩스 주권매매거래정지(풍문 또는 보도 관련)
20240408,07:58:12,,245620,EDGC,(유니버스 밖),뉴스형(즉시조치),부실·위험,풍문 또는 보도 관련,이원다이애그노믹스(주) 조회공시요구(풍문또는보도)(감사의견 비적정설),이원다이애그노믹스(주) 주권매매거래정지(풍문 또는 보도 관련)
20240408,09:29:11,,421800,(상장폐지),(유니버스 밖),뉴스형(즉시조치),자본·조직변동,SPAC 합병(예비심사청구대상,교보12호기업인수목적 주식회사 회사합병 결정,교보12호기업인수목적 주식회사 주권매매거래정지(SPAC 합병(예비심사청구대상))
20240408,15:24:14,,006580,(상장폐지),(유니버스 밖),뉴스형(즉시조치),부실·위험,투자자보호 사유 : 자진 상장폐지 결정,대양제지공업(주) 상장폐지결정,대양제지공업(주) 주권매매거래정지(투자자보호 사유 : 자진 상장폐지 결정)
20240408,15:49:22,Y,204630,(상장폐지),(유니버스 밖),뉴스형(즉시조치),부실·위험,풍문 또는 보도 관련,(주)스튜디오 산타클로스 엔터테인먼트 조회공시요구(풍문또는보도)(감사의견 비적정설),(주)스튜디오 산타클로스 엔터테인먼트 주권매매거래정지(풍문 또는 보도 관련)
20240408,16:46:38,Y,096690,에이루트,D9,집행형(부담 낮음),자본·조직변동,"주식의 병합, 분할 등 전자등록 변경, 말소",,"(주)에이루트 주권매매거래정지(주식의 병합, 분할 등 전자등록 변경, 말소)"
20240408,17:22:42,Y,025900,동화기업,D4,집행형(부담 낮음),자본·조직변동,"주식의 병합, 분할 등 전자등록 변경, 말소",,"동화기업(주) 주권매매거래정지(주식의 병합, 분할 등 전자등록 변경, 말소)"
20240409,17:40:59,Y,211050,인카금융서비스,D6,집행형(부담 낮음),자본·조직변동,"주식의 병합, 분할 등 전자등록 변경, 말소",,"인카금융서비스(주) 주권매매거래정지(주식의 병합, 분할 등 전자등록 변경, 말소)"
20240411,07:38:17,,187790,나노,D5,뉴스형(즉시조치),부실·위험,상장적격성 실질심사 대상 (사유발생,(주)나노 (정정)감사보고서 제출(2022 사업연도),(주)나노 주권매매거래정지(상장적격성 실질심사 대상 (사유발생))
20240411,15:29:17,,196490,디에이테크놀로지,(유니버스 밖),뉴스형(즉시조치),부실·위험,풍문 또는 보도 관련,(주)디에이테크놀로지 조회공시요구(풍문또는보도)(전 대표이사의 횡령·배임혐의설),(주)디에이테크놀로지 주권매매거래정지(풍문 또는 보도 관련)
20240411,17:45:25,Y,436530,(상장폐지),(유니버스 밖),집행형(부담 낮음),자본·조직변동,SPAC 소멸합병,,케이비제22호기업인수목적 주식회사 주권매매거래정지(SPAC 소멸합병)
20240411,18:37:13,Y,317240,TS트릴리온,D6,뉴스형(즉시조치),부실·위험,풍문 또는 보도 관련,(주)티에스트릴리온 조회공시요구(풍문또는보도)(채권자에 의한 파산신청설),(주)티에스트릴리온 주권매매거래정지(풍문 또는 보도 관련)
20240412,15:49:16,Y,435620,(상장폐지),(유니버스 밖),뉴스형(즉시조치),자본·조직변동,"SPAC 합병결정 이후 취소,부인사실 발생",하나금융25호기업인수목적 주식회사 기업인수목적회사관련합병취소ㆍ부인사실발생,"하나금융25호기업인수목적 주식회사 주권매매거래정지(SPAC 합병결정 이후 취소,부인사실 발생)"
20240415,11:34:13,,430690,한싹,D3,뉴스형(즉시조치),자본·조직변동,무상증자,(주)한싹 무상증자결정,(주)한싹 주권매매거래정지(무상증자)
20240415,16:08:11,Y,099410,동방선기,D5,뉴스형(즉시조치),자본·조직변동,영업양수도,(주)동방선기 주주명부폐쇄기간 또는 기준일 설정,(주)동방선기 주권매매거래정지(영업양수도)
20240415,16:08:29,Y,333430,일승,D2,뉴스형(즉시조치),자본·조직변동,영업양수도,(주)일승 영업양도 결정,(주)일승 주권매매거래정지(영업양수도)
20240415,17:34:34,Y,002800,신신제약,D4,뉴스형(즉시조치),부실·위험,중요한 영업정지,신신제약(주) 영업정지,신신제약(주) 주권매매거래정지(중요한 영업정지)
20240417,17:42:48,Y,049470,비트플래닛,D6,집행형(부담 낮음),자본·조직변동,"주식의 병합, 분할 등 전자등록 변경, 말소",,"에스지에이(주) 주권매매거래정지(주식의 병합, 분할 등 전자등록 변경, 말소)"
20240417,18:13:31,Y,006580,(상장폐지),(유니버스 밖),뉴스형(즉시조치),부실·위험,상장폐지 사유발생,대양제지공업(주) 관리종목지정사유추가(상장폐지사유 발생),대양제지공업(주) 주권매매거래정지(상장폐지 사유발생)
20240417,18:37:21,Y,393360,(상장폐지),(유니버스 밖),뉴스형(즉시조치),부실·위험,상장폐지 사유발생,신한제8호기업인수목적 주식회사 상장폐지,신한제8호기업인수목적 주식회사 주권매매거래정지(상장폐지 사유발생)
20240422,14:44:15,,900280,(상장폐지),(유니버스 밖),뉴스형(즉시조치),부실·위험,풍문 또는 보도 관련,케이만금세기차륜집단유한공사 조회공시요구(풍문또는보도)(감사의견 비적정설),케이만금세기차륜집단유한공사 주권매매거래정지(풍문 또는 보도 관련)
20240422,16:43:13,Y,025980,아난티,D2,뉴스형(즉시조치),부실·위험,회계처리 기준위반,(주)아난티 회계처리기준위반행위로인한검찰기소,(주)아난티 주권매매거래정지(회계처리 기준위반)
20240423,16:49:50,Y,036630,세종텔레콤,D7,집행형(부담 낮음),자본·조직변동,"주식의 병합, 분할 등 전자등록 변경, 말소",,"세종텔레콤(주) 주권매매거래정지(주식의 병합, 분할 등 전자등록 변경, 말소)"
20240423,17:20:25,Y,263540,(상장폐지),(유니버스 밖),뉴스형(즉시조치),부실·위험,투자자 보호,,주식회사 어스앤에어로스페이스 주권매매거래정지(투자자 보호)
20240424,15:42:17,Y,430460,(상장폐지),(유니버스 밖),뉴스형(즉시조치),자본·조직변동,SPAC 합병(예비심사청구대상,한화플러스제3호기업인수목적(주) 회사합병 결정(SPAC 소멸합병),한화플러스제3호기업인수목적(주) 주권매매거래정지(SPAC 합병(예비심사청구대상))
20240424,16:01:13,Y,288330,파라택시스코리아,D3,뉴스형(즉시조치),자본·조직변동,무상증자,브릿지바이오테라퓨틱스 주식회사 유무상증자결정,브릿지바이오테라퓨틱스 주식회사 주권매매거래정지(무상증자)
20240424,17:13:05,Y,192410,오늘이엔엠,D6,집행형(부담 낮음),자본·조직변동,"주식의 병합, 분할 등 전자등록 변경, 말소",,"휴림네트웍스(주) 주권매매거래정지(주식의 병합, 분할 등 전자등록 변경, 말소)"
20240424,17:40:37,Y,016670,디모아,D9,집행형(부담 낮음),자본·조직변동,"주식의 병합, 분할 등 전자등록 변경, 말소",,"(주)디모아 주권매매거래정지(주식의 병합, 분할 등 전자등록 변경, 말소)"
20240425,14:16:44,,331520,밸로프,D8,뉴스형(즉시조치),자본·조직변동,영업양수도,(주)밸로프 영업양수 결정,(주)밸로프 주권매매거래정지(영업양수도)
20240425,16:52:31,Y,458320,(상장폐지),(유니버스 밖),뉴스형(즉시조치),자본·조직변동,SPAC 합병(예비심사청구대상,케이비제26호기업인수목적(주) 회사합병 결정(SPAC 소멸합병),케이비제26호기업인수목적(주) 주권매매거래정지(SPAC 합병(예비심사청구대상))
20240425,17:14:32,Y,363260,모비데이즈,D4,집행형(부담 낮음),자본·조직변동,"주식의 병합, 분할 등 전자등록 변경, 말소",,"(주)모비데이즈 주권매매거래정지(주식의 병합, 분할 등 전자등록 변경, 말소)"
20240425,17:22:40,Y,042940,상지건설,D4,집행형(부담 낮음),자본·조직변동,"주식의 병합, 분할 등 전자등록 변경, 말소",,"(주)상지건설 주권매매거래정지(주식의 병합, 분할 등 전자등록 변경, 말소)"
20240429,18:09:27,Y,391060,(상장폐지),(유니버스 밖),뉴스형(즉시조치),부실·위험,상장폐지 사유발생,엔에이치기업인수목적20호(주) 관리종목지정사유추가(상장폐지사유 발생),엔에이치기업인수목적20호(주) 주권매매거래정지(상장폐지 사유발생)
20240430,16:16:15,Y,418170,(상장폐지),(유니버스 밖),뉴스형(즉시조치),자본·조직변동,SPAC 합병(예비심사청구대상,하나금융22호기업인수목적 주식회사 회사합병 결정(SPAC 소멸합병),하나금융22호기업인수목적 주식회사 주권매매거래정지(SPAC 합병(예비심사청구대상))
20240502,15:46:11,Y,052260,현대바이오랜드,D7,뉴스형(즉시조치),자본·조직변동,무상증자,(주)현대바이오랜드 무상증자결정,(주)현대바이오랜드 주권매매거래정지(무상증자)
20240502,17:37:12,Y,036930,주성엔지니어링,D1,뉴스형(즉시조치),자본·조직변동,분할,주성엔지니어링(주) 회사분할 결정(물적분할),주성엔지니어링(주) 주권매매거래정지(분할)
20240503,15:51:13,Y,079970,투비소프트,D7,뉴스형(즉시조치),자본·조직변동,자본감소,(주)투비소프트 감자결정,(주)투비소프트 주권매매거래정지(자본감소)
20240507,11:04:31,,199820,제일일렉트릭,D1,뉴스형(즉시조치),자본·조직변동,무상증자,제일전기공업(주) 무상증자결정,제일전기공업(주) 주권매매거래정지(무상증자)
20240508,16:21:45,Y,178320,서진시스템,D1,뉴스형(즉시조치),자본·조직변동,분할,(주)서진시스템 회사분할 결정(인적분할),(주)서진시스템 주권매매거래정지(분할)
20240514,16:23:30,Y,422040,(상장폐지),(유니버스 밖),뉴스형(즉시조치),자본·조직변동,SPAC 합병(예비심사청구대상,엔에이치기업인수목적23호 주식회사 회사합병 결정(SPAC 소멸합병),엔에이치기업인수목적23호 주식회사 주권매매거래정지(SPAC 합병(예비심사청구대상))
20240514,16:49:16,Y,060260,뉴보텍,D8,뉴스형(즉시조치),자본·조직변동,자본감소,(주)뉴보텍 감자결정,(주)뉴보텍 주권매매거래정지(자본감소)
20240514,17:59:16,Y,119850,지엔씨에너지,D2,뉴스형(즉시조치),자본·조직변동,우회상장여부 및 요건충족확인,(주)지엔씨에너지 타법인 주식 및 출자증권 양수결정,(주)지엔씨에너지 주권매매거래정지(우회상장여부 및 요건충족확인)
20240516,18:35:41,Y,317240,TS트릴리온,D6,뉴스형(즉시조치),부실·위험,불성실공시법인 지정,(주)티에스트릴리온 불성실공시법인지정(공시변경 3건),(주)티에스트릴리온 주권매매거래정지(불성실공시법인 지정)
20240520,17:30:48,Y,405640,(상장폐지),(유니버스 밖),집행형(부담 낮음),자본·조직변동,SPAC 소멸합병,,신한제9호기업인수목적 주식회사 주권매매거래정지(SPAC 소멸합병)
20240521,11:28:10,,053950,경남제약,D6,뉴스형(즉시조치),자본·조직변동,자본감소,경남제약 주식회사 감자결정,경남제약 주식회사 주권매매거래정지(자본감소)
20240521,20:12:09,,049470,비트플래닛,D6,뉴스형(즉시조치),부실·위험,상장적격성 실질심사 대상(사유발생,에스지에이(주) 기타시장안내(상장적격성 실질심사 관련 안내),에스지에이(주) 주권매매거래정지(상장적격성 실질심사 대상(사유발생))
20240528,17:22:29,Y,045660,에이텍,D3,뉴스형(즉시조치),자본·조직변동,영업양수도,(주)에이텍 영업양수 결정,(주)에이텍 주권매매거래정지(영업양수도)
20240530,15:41:15,Y,446150,(상장폐지),(유니버스 밖),뉴스형(즉시조치),자본·조직변동,SPAC 합병(예비심사청구대상,유안타제12호기업인수목적 주식회사 회사합병 결정(SPAC 소멸합병),유안타제12호기업인수목적 주식회사 주권매매거래정지(SPAC 합병(예비심사청구대상))
20240603,18:12:40,Y,386580,(상장폐지),(유니버스 밖),뉴스형(즉시조치),부실·위험,상장폐지 사유발생,한화플러스제2호기업인수목적(주) 관리종목지정사유추가(상장폐지 사유발생),한화플러스제2호기업인수목적(주) 주권매매거래정지(상장폐지 사유발생)
20240604,16:14:59,Y,268600,(상장폐지),(유니버스 밖),뉴스형(즉시조치),부실·위험,투자자 보호,(주)셀리버리 (정정)상장폐지,(주)셀리버리 주권매매거래정지(투자자 보호)
20240604,17:23:40,Y,053590,(상장폐지),(유니버스 밖),뉴스형(즉시조치),부실·위험,투자자 보호,(주)한국테크놀로지 (정정)상장폐지,(주)한국테크놀로지 주권매매거래정지(투자자 보호)
20240611,11:03:17,,083450,GST,D1,뉴스형(즉시조치),자본·조직변동,무상증자,(주)글로벌스탠다드테크놀로지 무상증자결정,(주)글로벌스탠다드테크놀로지 주권매매거래정지(무상증자)
20240612,10:21:15,,450520,인스웨이브,D4,뉴스형(즉시조치),자본·조직변동,무상증자,(주)인스웨이브시스템즈 본점소재지변경,(주)인스웨이브시스템즈 주권매매거래정지(무상증자)
20240614,15:24:22,,443670,에스피소프트,D1,뉴스형(즉시조치),자본·조직변동,우회상장여부 및 요건충족확인,주식회사 에스피소프트 주식교환ㆍ이전 결정,주식회사 에스피소프트 주권매매거래정지(우회상장여부 및 요건충족확인)
20240614,15:49:34,Y,412930,(상장폐지),(유니버스 밖),뉴스형(즉시조치),자본·조직변동,SPAC 합병(예비심사청구대상,미래에셋비전기업인수목적1호 주식회사 회사합병 결정(SPAC 소멸합병),미래에셋비전기업인수목적1호 주식회사 주권매매거래정지(SPAC 합병(예비심사청구대상))
20240617,14:54:15,,432470,케이엔에스,D4,뉴스형(즉시조치),자본·조직변동,무상증자,(주)케이엔에스 무상증자결정,(주)케이엔에스 주권매매거래정지(무상증자)
20240617,15:41:18,Y,276730,한울앤제주,D6,뉴스형(즉시조치),자본·조직변동,자본감소,제주맥주(주) 감자결정,제주맥주(주) 주권매매거래정지(자본감소)
20240618,17:42:11,Y,076080,웰크론한텍,D9,뉴스형(즉시조치),부실·위험,중요한 영업정지,(주)웰크론한텍 영업정지,(주)웰크론한텍 주권매매거래정지(중요한 영업정지)
20240619,17:44:57,Y,053950,경남제약,D6,집행형(부담 낮음),자본·조직변동,"주식의 병합, 분할 등 전자등록 변경, 말소",,"경남제약 주식회사 주권매매거래정지(주식의 병합, 분할 등 전자등록 변경, 말소)"
20240619,18:21:26,Y,388800,(상장폐지),(유니버스 밖),뉴스형(즉시조치),부실·위험,상장폐지 사유발생,유진기업인수목적7호 주식회사 관리종목지정사유추가(상장폐지 사유발생),유진기업인수목적7호 주식회사 주권매매거래정지(상장폐지 사유발생)
20240620,15:31:14,,119860,(상장폐지),D4,뉴스형(즉시조치),자본·조직변동,"주식교환, 이전",(주)커넥트웨이브 감자결정,"(주)커넥트웨이브 주권매매거래정지(주식교환, 이전)"
20240620,18:40:01,Y,323230,(상장폐지),(유니버스 밖),뉴스형(즉시조치),부실·위험,불성실공시법인 지정,엠에프엠코리아(주) 불성실공시법인지정(공시불이행 3건),엠에프엠코리아(주) 주권매매거래정지(불성실공시법인 지정)
20240621,10:51:12,,357880,SKAI,D3,뉴스형(즉시조치),자본·조직변동,무상증자,(주)비트나인 유무상증자결정(주주배정후 실권주 일반공모),(주)비트나인 주권매매거래정지(무상증자)
20240625,13:56:11,,246250,에스엘에스바이오,D6,뉴스형(즉시조치),자본·조직변동,무상증자,(주)에스엘에스바이오 주주명부폐쇄기간 또는 기준일 설정,(주)에스엘에스바이오 주권매매거래정지(무상증자)
20240625,17:20:54,Y,214310,(상장폐지),(유니버스 밖),뉴스형(즉시조치),부실·위험,투자자 보호,(주)에스엘에너지 기타시장안내(정리매매 보류 관련),(주)에스엘에너지 주권매매거래정지(투자자 보호)
20240626,16:49:13,Y,043100,알파AI,D7,뉴스형(즉시조치),자본·조직변동,자본감소,(주)솔고바이오메디칼 주주명부폐쇄기간 또는 기준일 설정,(주)솔고바이오메디칼 주권매매거래정지(자본감소)
20240627,11:48:26,,238200,비피도,D10,뉴스형(즉시조치),부실·위험,상장적격성 실질심사 대상 (사유발생,주식회사 비피도 횡령ㆍ배임혐의발생,주식회사 비피도 주권매매거래정지(상장적격성 실질심사 대상 (사유발생))
20240701,16:06:34,Y,317240,TS트릴리온,D6,뉴스형(즉시조치),부실·위험,풍문 또는 보도 관련,(주)티에스트릴리온 조회공시요구(풍문또는보도)(채권자에 의한 회생절차개시신청설),(주)티에스트릴리온 주권매매거래정지(풍문 또는 보도 관련)
20240704,17:44:13,Y,455250,(상장폐지),(유니버스 밖),뉴스형(즉시조치),자본·조직변동,SPAC 합병(예비심사청구대상,케이비제25호기업인수목적 주식회사 회사합병 결정(SPAC 소멸합병),케이비제25호기업인수목적 주식회사 주권매매거래정지(SPAC 합병(예비심사청구대상))
20240705,17:19:32,Y,060260,뉴보텍,D8,집행형(부담 낮음),자본·조직변동,"주식의 병합, 분할 등 전자등록 변경, 말소",,"(주)뉴보텍 주권매매거래정지(주식의 병합, 분할 등 전자등록 변경, 말소)"
20240710,17:16:29,Y,323230,(상장폐지),(유니버스 밖),뉴스형(즉시조치),부실·위험,상장적격성 실질심사 대상 (사유발생,엠에프엠코리아(주) 기타시장안내(상장적격성 실질심사 관련 안내),엠에프엠코리아(주) 주권매매거래정지(상장적격성 실질심사 대상 (사유발생))
20240712,16:42:21,Y,322510,제이엘케이,D4,뉴스형(즉시조치),자본·조직변동,무상증자,(주)제이엘케이 유무상증자결정(주주배정 후 실권주 일반공모),(주)제이엘케이 주권매매거래정지(무상증자)
20240712,16:45:15,Y,413600,(상장폐지),(유니버스 밖),뉴스형(즉시조치),자본·조직변동,SPAC 합병(예비심사청구대상,키움제6호기업인수목적 주식회사 회사합병 결정(SPAC 소멸합병),키움제6호기업인수목적 주식회사 주권매매거래정지(SPAC 합병(예비심사청구대상))
20240715,17:04:52,Y,400840,(상장폐지),(유니버스 밖),뉴스형(즉시조치),부실·위험,상장페지 사유발생,하이제7호기업인수목적 주식회사 관리종목지정사유추가(상장폐지사유 발생),하이제7호기업인수목적 주식회사 주권매매거래정지(상장페지 사유발생)
20240715,17:19:13,Y,060230,제이케이시냅스,D6,뉴스형(즉시조치),자본·조직변동,자본감소,소니드(주) (정정)주주총회소집결의,소니드(주) 주권매매거래정지(자본감소)
20240716,14:49:11,,263920,휴엠앤씨,D10,뉴스형(즉시조치),자본·조직변동,영업양수도,(주)휴엠앤씨 영업양수 결정,(주)휴엠앤씨 주권매매거래정지(영업양수도)
20240716,16:33:11,Y,433530,(상장폐지),(유니버스 밖),뉴스형(즉시조치),자본·조직변동,SPAC 합병(예비심사청구대상,키움제7호기업인수목적 주식회사 회사합병 결정(SPAC 소멸합병),키움제7호기업인수목적 주식회사 주권매매거래정지(SPAC 합병(예비심사청구대상))
20240716,18:01:34,Y,299910,(상장폐지),(유니버스 밖),뉴스형(즉시조치),부실·위험,투자자 보호,(주)애닉 (정정)상장폐지,(주)애닉 주권매매거래정지(투자자 보호)
20240719,17:21:59,Y,079970,투비소프트,D7,집행형(부담 낮음),자본·조직변동,"주식의 병합, 분할 등 전자등록 변경, 말소",,"(주)투비소프트 주권매매거래정지(주식의 병합, 분할 등 전자등록 변경, 말소)"
20240722,10:04:12,,314130,지놈앤컴퍼니,D4,뉴스형(즉시조치),자본·조직변동,무상증자,(주)지놈앤컴퍼니 무상증자결정,(주)지놈앤컴퍼니 주권매매거래정지(무상증자)
20240723,13:17:08,,101360,에코앤드림,D2,뉴스형(즉시조치),자본·조직변동,무상증자,(주)에코앤드림 무상증자결정,(주)에코앤드림 주권매매거래정지(무상증자)
20240723,17:34:12,Y,445680,큐리옥스바이오시스템즈,D2,뉴스형(즉시조치),자본·조직변동,무상증자,큐리옥스바이오시스템즈(주) 무상증자결정,큐리옥스바이오시스템즈(주) 주권매매거래정지(무상증자)
20240725,14:11:32,,099320,쎄트렉아이,D2,뉴스형(즉시조치),대형계약,단일판매공급계약,주식회사쎄트렉아이 단일판매ㆍ공급계약체결,주식회사쎄트렉아이 주권매매거래정지(단일판매공급계약)
20240729,15:48:17,Y,424140,(상장폐지),(유니버스 밖),뉴스형(즉시조치),자본·조직변동,SPAC 합병(예비심사청구대상,케이비제21호기업인수목적 주식회사 회사합병 결정(SPAC 소멸합병),케이비제21호기업인수목적 주식회사 주권매매거래정지(SPAC 합병(예비심사청구대상))
20240729,16:29:59,Y,160600,(상장폐지),(유니버스 밖),뉴스형(즉시조치),부실·위험,투자자 보호,(주)이큐셀 (정정)상장폐지,(주)이큐셀 주권매매거래정지(투자자 보호)
20240730,18:16:07,Y,276730,한울앤제주,D6,집행형(부담 낮음),자본·조직변동,"주식의 병합, 분할 등 전자등록 변경, 말소",,"제주맥주(주) 주권매매거래정지(주식의 병합, 분할 등 전자등록 변경, 말소)"
20240802,16:09:36,Y,244460,올리패스,(유니버스 밖),뉴스형(즉시조치),자본·조직변동,자본감소,올리패스(주) (정정)주주총회소집결의(임시주주총회),올리패스(주) 주권매매거래정지(자본감소)
20240805,18:17:18,Y,110020,전진바이오팜,D9,뉴스형(즉시조치),부실·위험,불성실공시법인 지정,"전진바이오팜(주) 불성실공시법인지정(공시번복 5건, 공시불이행 1건)",전진바이오팜(주) 주권매매거래정지(불성실공시법인 지정)
20240805,18:19:08,Y,088800,에이스테크,D4,뉴스형(즉시조치),부실·위험,불성실공시법인 지정,"(주)에이스테크놀로지 불성실공시법인지정(공시불이행 2건, 공시번복 2건)",(주)에이스테크놀로지 주권매매거래정지(불성실공시법인 지정)
20240806,15:39:11,,042940,상지건설,D4,뉴스형(즉시조치),자본·조직변동,자본감소,(주)상지건설 감자결정,(주)상지건설 주권매매거래정지(자본감소)
20240807,16:13:38,Y,430230,(상장폐지),(유니버스 밖),집행형(부담 낮음),자본·조직변동,SPAC 소멸합병,,하나금융24호기업인수목적 주식회사 주권매매거래정지(SPAC 소멸합병)
20240807,17:33:42,Y,082660,코스나인,(유니버스 밖),뉴스형(즉시조치),부실·위험,풍문 또는 보도 관련,(주)코스나인 조회공시요구(풍문또는보도)(전 대표이사의 횡령·배임혐의설),(주)코스나인 주권매매거래정지(풍문 또는 보도 관련)
20240809,18:17:31,Y,290690,소룩스,D2,뉴스형(즉시조치),자본·조직변동,우회상장여부 및 요건충족확인,(주)소룩스 주주총회소집결의,(주)소룩스 주권매매거래정지(우회상장여부 및 요건충족확인)
20240813,17:41:26,Y,060230,제이케이시냅스,D6,집행형(부담 낮음),자본·조직변동,"주식의 병합, 분할 등 전자등록 변경, 말소",,"소니드(주) 주권매매거래정지(주식의 병합, 분할 등 전자등록 변경, 말소)"
20240813,17:41:47,Y,006620,동구바이오제약,D4,뉴스형(즉시조치),부실·위험,중요한 영업정지,(주)동구바이오제약 영업정지,(주)동구바이오제약 주권매매거래정지(중요한 영업정지)
20240816,12:33:12,,352090,스톰테크,D8,뉴스형(즉시조치),자본·조직변동,무상증자,(주)스톰테크 무상증자결정,(주)스톰테크 주권매매거래정지(무상증자)
20240819,17:15:39,Y,287410,(상장폐지),D1,뉴스형(즉시조치),자본·조직변동,"주식교환, 이전",(주)제이시스메디칼 주식교환ㆍ이전 결정,"(주)제이시스메디칼 주권매매거래정지(주식교환, 이전)"
20240820,17:10:55,Y,021040,대호특수강,D8,집행형(부담 낮음),자본·조직변동,"주식의 병합, 분할 등 전자등록 변경, 말소",,"(주)대호특수강 주권매매거래정지(주식의 병합, 분할 등 전자등록 변경, 말소)"
20240823,17:57:19,Y,043090,더테크놀로지,D8,뉴스형(즉시조치),부실·위험,불성실공시법인 지정,(주)더 테크놀로지 불성실공시법인지정(공시번복 3건),(주)더 테크놀로지 주권매매거래정지(불성실공시법인 지정)
20240826,15:07:22,,192410,오늘이엔엠,D6,집행형(부담 낮음),자본·조직변동,"주식의 병합, 분할 등 전자등록 변경, 말소",,"휴림네트웍스(주) 주권매매거래정지(주식의 병합, 분할 등 전자등록 변경, 말소)"
20240827,10:01:14,,080000,(상장폐지),D8,뉴스형(즉시조치),자본·조직변동,합병,에스엔유프리시젼(주) 회사합병 결정,에스엔유프리시젼(주) 주권매매거래정지(합병)
20240827,16:09:12,Y,436610,(상장폐지),(유니버스 밖),집행형(부담 낮음),자본·조직변동,SPAC 소멸합병,,한국제11호기업인수목적 주식회사 주권매매거래정지(SPAC 소멸합병)
20240827,17:14:21,Y,069920,엑시온그룹,D7,뉴스형(즉시조치),자본·조직변동,영업양수도,(주)아이에스이커머스 영업양수 결정,(주)아이에스이커머스 주권매매거래정지(영업양수도)
20240828,17:16:14,Y,024800,유성티엔에스,D10,뉴스형(즉시조치),부실·위험,중요한 영업정지,(주)유성티엔에스 영업정지,(주)유성티엔에스 주권매매거래정지(중요한 영업정지)
20240828,17:34:20,Y,006620,동구바이오제약,D4,뉴스형(즉시조치),부실·위험,중요한 영업정지,(주)동구바이오제약 영업정지,(주)동구바이오제약 주권매매거래정지(중요한 영업정지)
20240830,16:06:25,Y,049630,재영솔루텍,D2,뉴스형(즉시조치),부실·위험,중요한 영업정지,재영솔루텍(주) 영업정지,재영솔루텍(주) 주권매매거래정지(중요한 영업정지)
20240830,17:03:00,Y,119860,(상장폐지),D4,집행형(부담 낮음),자본·조직변동,"주식의 병합, 분할 등 전자등록 변경, 말소",,"(주)커넥트웨이브 주권매매거래정지(주식의 병합, 분할 등 전자등록 변경, 말소)"
20240902,17:40:33,Y,043100,알파AI,D7,집행형(부담 낮음),자본·조직변동,"주식의 병합, 분할 등 전자등록 변경, 말소",,"(주)알파녹스 주권매매거래정지(주식의 병합, 분할 등 전자등록 변경, 말소)"
20240905,16:24:30,Y,138580,(상장폐지),D6,뉴스형(즉시조치),자본·조직변동,"주식교환,이전",(주)비즈니스온커뮤니케이션 주식교환ㆍ이전 결정(간이주식교환),"(주)비즈니스온커뮤니케이션 주권매매거래정지(주식교환,이전)"
20240909,14:38:27,,038340,(상장폐지),(유니버스 밖),뉴스형(즉시조치),부실·위험,투자자 보호,(주)무궁화인포메이션테크놀로지 기타시장안내(정리매매 보류 관련),(주)무궁화인포메이션테크놀로지 주권매매거래정지(투자자 보호)
20240909,16:11:58,Y,078940,(상장폐지),(유니버스 밖),뉴스형(즉시조치),부실·위험,투자자 보호,퀀타피아(주) (정정)상장폐지,퀀타피아(주) 주권매매거래정지(투자자 보호)
20240909,17:38:24,Y,036180,(상장폐지),D9,뉴스형(즉시조치),부실·위험,상장적격성 실질심사 대상 (사유발생,지더블유바이텍(주) 기타시장안내(상장적격성 실질심사 관련 안내),지더블유바이텍(주) 주권매매거래정지(상장적격성 실질심사 대상 (사유발생))
20240910,16:58:11,Y,101730,위메이드맥스,D6,뉴스형(즉시조치),자본·조직변동,"주식교환, 이전",(주)위메이드맥스 주식교환ㆍ이전 결정,"(주)위메이드맥스 주권매매거래정지(주식교환, 이전)"
20240911,14:54:16,,187870,디바이스,D7,뉴스형(즉시조치),대형계약,단일판매공급계약,(주)디바이스이엔지 단일판매ㆍ공급계약체결,(주)디바이스이엔지 주권매매거래정지(단일판매공급계약)
20240913,11:34:22,,030350,드래곤플라이,D7,뉴스형(즉시조치),자본·조직변동,자본감소,(주)드래곤플라이 주주총회소집결의(임시주주총회),(주)드래곤플라이 주권매매거래정지(자본감소)
20240919,17:23:19,Y,900290,GRT,(유니버스 밖),뉴스형(즉시조치),자본·조직변동,주식배당,그레이트리치과기유한공사 주식배당결정,그레이트리치과기유한공사 주권매매거래정지(주식배당)
20240919,18:33:23,Y,317240,TS트릴리온,D6,뉴스형(즉시조치),부실·위험,회생절차개시신청,(주)티에스트릴리온 관리종목지정(회생절차 개시신청),(주)티에스트릴리온 주권매매거래정지(회생절차개시신청)
20240923,17:12:40,Y,272110,케이엔제이,D4,뉴스형(즉시조치),부실·위험,중요한 영업정지,(주)케이엔제이 영업정지,(주)케이엔제이 주권매매거래정지(중요한 영업정지)
20240924,15:09:16,,226360,(상장폐지),(유니버스 밖),뉴스형(즉시조치),부실·위험,투자자 보호,케이에이치건설 주식회사 (정정)상장폐지,케이에이치건설 주식회사 주권매매거래정지(투자자 보호)
20240924,15:11:29,,174880,(상장폐지),(유니버스 밖),뉴스형(즉시조치),부실·위험,투자자 보호,(주)장원테크 (정정)상장폐지,(주)장원테크 주권매매거래정지(투자자 보호)
20240924,15:27:59,,111870,(상장폐지),(유니버스 밖),뉴스형(즉시조치),부실·위험,투자자 보호,케이에이치미래물산(주) 기타시장안내(정리매매 보류 관련),케이에이치미래물산(주) 주권매매거래정지(투자자 보호)
20240924,16:05:35,Y,042940,상지건설,D4,집행형(부담 낮음),자본·조직변동,"주식의 병합, 분할 등 전자등록 변경, 말소",,"(주)상지건설 주권매매거래정지(주식의 병합, 분할 등 전자등록 변경, 말소)"
20240924,16:22:37,Y,164060,(상장폐지),D6,집행형(부담 낮음),자본·조직변동,"주식의 병합, 분할 등 전자등록 변경, 말소",,"주식회사 이루다 주권매매거래정지(주식의 병합, 분할 등 전자등록 변경, 말소)"
20240925,16:27:07,Y,043090,더테크놀로지,D8,뉴스형(즉시조치),자본·조직변동,자본감소,(주)더 테크놀로지 감자결정,(주)더 테크놀로지 주권매매거래정지(자본감소)
20240927,16:03:13,Y,051780,큐로홀딩스,D8,뉴스형(즉시조치),자본·조직변동,자본감소,(주)큐로홀딩스 감자결정,(주)큐로홀딩스 주권매매거래정지(자본감소)
20240930,16:47:13,Y,477530,(상장폐지),(유니버스 밖),뉴스형(즉시조치),자본·조직변동,SPAC 합병(예비심사청구대상,한국제14호기업인수목적 주식회사 회사합병 결정(SPAC 소멸합병),한국제14호기업인수목적 주식회사 주권매매거래정지(SPAC 합병(예비심사청구대상))
20240930,17:21:15,Y,244460,올리패스,(유니버스 밖),집행형(부담 낮음),자본·조직변동,"주식의 병합, 분할 등 전자등록 변경, 말소",,"올리패스(주) 주권매매거래정지(주식의 병합, 분할 등 전자등록 변경, 말소)"
20241002,11:31:16,,437730,삼현,D1,뉴스형(즉시조치),자본·조직변동,무상증자,(주)삼현 무상증자결정,(주)삼현 주권매매거래정지(무상증자)
20241002,15:31:56,,066410,버킷스튜디오,(유니버스 밖),뉴스형(즉시조치),부실·위험,투자자보호,(주)버킷스튜디오 (정정)상장폐지,(주)버킷스튜디오 주권매매거래정지(투자자보호)
20241002,15:58:05,Y,121800,비덴트,(유니버스 밖),뉴스형(즉시조치),부실·위험,투자자 보호,(주)비덴트 (정정)상장폐지,(주)비덴트 주권매매거래정지(투자자 보호)
20241002,16:49:18,Y,214870,(상장폐지),(유니버스 밖),뉴스형(즉시조치),부실·위험,투자자 보호,뉴지랩파마(주) (정정)상장폐지,뉴지랩파마(주) 주권매매거래정지(투자자 보호)
20241004,16:56:27,Y,009620,삼보산업,D6,뉴스형(즉시조치),자본·조직변동,자본감소,삼보산업 주식회사 (정정)주주총회소집결의,삼보산업 주식회사 주권매매거래정지(자본감소)
20241007,11:44:31,,279600,미디어젠,D9,뉴스형(즉시조치),부실·위험,풍문 또는 보도 관련,미디어젠(주) 조회공시요구(풍문또는보도)(전·현 대표이사의 횡령·배임혐의설),미디어젠(주) 주권매매거래정지(풍문 또는 보도 관련)
20241008,14:47:26,,033790,피노,D3,뉴스형(즉시조치),대형계약,단일판매공급계약,(주)피노 단일판매ㆍ공급계약체결,(주)피노 주권매매거래정지(단일판매공급계약)
20241008,17:13:19,Y,192250,케이사인,D5,집행형(부담 낮음),자본·조직변동,"주식의 병합, 분할 등 전자등록 변경, 말소",,"(주)케이사인 주권매매거래정지(주식의 병합, 분할 등 전자등록 변경, 말소)"
20241008,17:43:48,Y,032800,판타지오,D8,집행형(부담 낮음),자본·조직변동,"주식의 병합, 분할 등 전자등록 변경, 말소",,"(주)판타지오 주권매매거래정지(주식의 병합, 분할 등 전자등록 변경, 말소)"
20241011,16:33:56,Y,080720,한국유니온제약,D9,뉴스형(즉시조치),부실·위험,상장적격성 실질심사 대상 (사유발생,한국유니온제약 주식회사 횡령ㆍ배임혐의발생,한국유니온제약 주식회사 주권매매거래정지(상장적격성 실질심사 대상 (사유발생))
20241014,15:36:13,,187660,페니트리움바이오,D2,뉴스형(즉시조치),자본·조직변동,무상증자,현대에이디엠바이오(주) 무상증자결정,현대에이디엠바이오(주) 주권매매거래정지(무상증자)
20241015,16:17:31,Y,092730,네오팜,D6,뉴스형(즉시조치),자본·조직변동,무상증자,(주)네오팜 무상증자결정,(주)네오팜 주권매매거래정지(무상증자)
20241015,18:34:23,Y,373200,엑스플러스,D5,뉴스형(즉시조치),부실·위험,불성실공시법인 지정,,(주)엑스플러스 주권매매거래정지(불성실공시법인 지정)
20241016,17:55:05,Y,287410,(상장폐지),D1,집행형(부담 낮음),자본·조직변동,"주식의 병합, 분할 등 전자등록 변경, 말소",,"(주)제이시스메디칼 주권매매거래정지(주식의 병합, 분할 등 전자등록 변경, 말소)"
20241018,11:31:18,,457390,(상장폐지),(유니버스 밖),뉴스형(즉시조치),자본·조직변동,SPAC 합병(예비심사청구대상,대신밸런스제15호기업인수목적 주식회사 회사합병 결정(SPAC 소멸합병),대신밸런스제15호기업인수목적 주식회사 주권매매거래정지(SPAC 합병(예비심사청구대상))
20241018,15:41:09,Y,061970,LB세미콘,D4,뉴스형(즉시조치),자본·조직변동,합병,엘비세미콘(주) 회사합병 결정,엘비세미콘(주) 주권매매거래정지(합병)
20241018,15:41:13,Y,376190,(상장폐지),D7,뉴스형(즉시조치),자본·조직변동,합병,주식회사 엘비루셈 회사합병 결정,주식회사 엘비루셈 주권매매거래정지(합병)
20241018,16:31:19,Y,065170,비엘팜텍,D7,뉴스형(즉시조치),자본·조직변동,자본감소,(주)비엘팜텍 주주총회소집결의(임시주주총회),(주)비엘팜텍 주권매매거래정지(자본감소)
20241021,15:03:13,,088800,에이스테크,D4,뉴스형(즉시조치),자본·조직변동,우회상장여부 및 요건충족확인,(주)에이스테크놀로지 회사합병 결정,(주)에이스테크놀로지 주권매매거래정지(우회상장여부 및 요건충족확인)
20241022,16:29:31,Y,421800,(상장폐지),(유니버스 밖),집행형(부담 낮음),자본·조직변동,SPAC 소멸합병,,교보12호기업인수목적 주식회사 주권매매거래정지(SPAC 소멸합병)
20241022,18:03:27,Y,023460,(상장폐지),D9,뉴스형(즉시조치),부실·위험,불성실공시법인 지정,,씨앤에이치(주) 주권매매거래정지(불성실공시법인 지정)
20241023,10:46:10,,088130,동아엘텍,D5,뉴스형(즉시조치),자본·조직변동,무상증자,(주)동아엘텍 무상증자결정,(주)동아엘텍 주권매매거래정지(무상증자)
20241023,15:02:24,,264450,유비쿼스,D7,뉴스형(즉시조치),자본·조직변동,무상증자,(주)유비쿼스 무상증자결정,(주)유비쿼스 주권매매거래정지(무상증자)
20241023,15:41:23,Y,468510,(상장폐지),(유니버스 밖),뉴스형(즉시조치),자본·조직변동,SPAC 합병(예비심사청구대상,삼성기업인수목적9호(주) 회사합병 결정(SPAC 소멸합병),삼성기업인수목적9호(주) 주권매매거래정지(SPAC 합병(예비심사청구대상))
20241023,16:04:10,Y,067290,JW신약,D4,뉴스형(즉시조치),부실·위험,중요한 영업정지,제이더블유신약(주) 영업정지,제이더블유신약(주) 주권매매거래정지(중요한 영업정지)
20241023,16:59:12,Y,456440,(상장폐지),(유니버스 밖),뉴스형(즉시조치),자본·조직변동,SPAC 합병(예비심사청구대상,디비금융제11호기업인수목적 주식회사 회사합병 결정(SPAC 소멸합병),디비금융제11호기업인수목적 주식회사 주권매매거래정지(SPAC 합병(예비심사청구대상))
20241024,16:20:37,Y,438220,(상장폐지),(유니버스 밖),집행형(부담 낮음),자본·조직변동,SPAC 소멸합병,,대신밸런스제13호기업인수목적(주) 주권매매거래정지(SPAC 소멸합병)
20241025,16:08:09,Y,418210,(상장폐지),(유니버스 밖),뉴스형(즉시조치),자본·조직변동,SPAC 합병(예비심사청구대상,신한제10호기업인수목적 주식회사 회사합병 결정(SPAC 소멸합병),신한제10호기업인수목적 주식회사 주권매매거래정지(SPAC 합병(예비심사청구대상))
20241025,16:13:09,Y,223310,사토시홀딩스,D7,뉴스형(즉시조치),부실·위험,중요한 영업정지,딥마인드플랫폼(주) 영업정지,딥마인드플랫폼(주) 주권매매거래정지(중요한 영업정지)
20241025,17:07:01,Y,036930,주성엔지니어링,D1,집행형(부담 낮음),자본·조직변동,"주식의 병합, 분할 등 전자등록 변경, 말소",,"주성엔지니어링(주) 주권매매거래정지(주식의 병합, 분할 등 전자등록 변경, 말소)"
20241028,17:36:03,Y,025440,DH오토웨어,D9,집행형(부담 낮음),자본·조직변동,"주식의 병합, 분할 등 전자등록 변경, 말소",,"(주)디에이치오토웨어 주권매매거래정지(주식의 병합, 분할 등 전자등록 변경, 말소)"
20241030,15:17:24,,177350,베셀,D4,뉴스형(즉시조치),자본·조직변동,자본감소,(주)베셀 주주명부폐쇄기간 또는 기준일 설정,(주)베셀 주권매매거래정지(자본감소)
20241030,16:54:57,Y,023460,(상장폐지),D9,집행형(부담 낮음),자본·조직변동,"주식의 병합, 분할 등 전자등록 변경, 말소",,"씨앤에이치(주) 주권매매거래정지(주식의 병합, 분할 등 전자등록 변경, 말소)"
20241031,16:08:26,Y,476470,(상장폐지),(유니버스 밖),뉴스형(즉시조치),자본·조직변동,SPAC 합병(예비심사청구대상,케이비제28호기업인수목적 주식회사 회사합병 결정(SPAC 소멸합병),케이비제28호기업인수목적 주식회사 주권매매거래정지(SPAC 합병(예비심사청구대상))
20241101,17:05:23,Y,138580,(상장폐지),D6,집행형(부담 낮음),자본·조직변동,"주식의 병합, 분할 등 전자등록 변경, 말소",,"(주)비즈니스온커뮤니케이션 주권매매거래정지(주식의 병합, 분할 등 전자등록 변경, 말소)"
20241104,14:18:09,,226440,(상장폐지),(유니버스 밖),뉴스형(즉시조치),부실·위험,투자자 보호,(주)한송네오텍 (정정)상장폐지,(주)한송네오텍 주권매매거래정지(투자자 보호)
20241105,18:03:35,Y,030350,드래곤플라이,D7,집행형(부담 낮음),자본·조직변동,"주식의 병합, 분할 등 전자등록 변경, 말소",,"(주)드래곤플라이 주권매매거래정지(주식의 병합, 분할 등 전자등록 변경, 말소)"
20241105,18:22:11,Y,348370,엔켐,D1,뉴스형(즉시조치),부실·위험,불성실공시법인 지정,(주)엔켐 불성실공시법인지정(공시불이행 10건),(주)엔켐 주권매매거래정지(불성실공시법인 지정)
20241106,16:42:45,Y,900300,오가닉티코스메틱,(유니버스 밖),집행형(부담 낮음),자본·조직변동,"주식의 병합, 분할 등 전자등록 변경, 말소",,"오가닉티코스메틱스홀딩스컴퍼니리미티드 주권매매거래정지(주식의 병합, 분할 등 전자등록 변경, 말소)"
20241106,17:56:14,Y,227100,(상장폐지),(유니버스 밖),뉴스형(즉시조치),부실·위험,파산신청(발행 ELW 포함,(주)퀀텀온 파산신청,(주)퀀텀온 주권매매거래정지(파산신청(발행 ELW 포함))
20241107,15:49:02,Y,458320,(상장폐지),(유니버스 밖),뉴스형(즉시조치),자본·조직변동,SPAC 합병(예비심사청구대상,케이비제26호기업인수목적(주) 회사합병 결정(SPAC 소멸합병),케이비제26호기업인수목적(주) 주권매매거래정지(SPAC 합병(예비심사청구대상))
20241108,10:19:58,,038390,레드캡투어,D8,뉴스형(즉시조치),자본·조직변동,무상증자,(주)레드캡투어 주식소각 결정,(주)레드캡투어 주권매매거래정지(무상증자)
20241111,16:15:13,Y,210120,캔버스엔,D5,뉴스형(즉시조치),자본·조직변동,무상증자,(주)빅토리콘텐츠 주주명부폐쇄기간 또는 기준일 설정,(주)빅토리콘텐츠 주권매매거래정지(무상증자)
20241114,18:43:41,Y,439730,(상장폐지),(유니버스 밖),뉴스형(즉시조치),자본·조직변동,SPAC 합병(예비심사청구대상,아이비케이에스제20호기업인수목적 주식회사 회사합병 결정,아이비케이에스제20호기업인수목적 주식회사 주권매매거래정지(SPAC 합병(예비심사청구대상))
20241115,17:46:33,Y,009620,삼보산업,D6,집행형(부담 낮음),자본·조직변동,"주식의 병합, 분할 등 전자등록 변경, 말소",,"삼보산업 주식회사 주권매매거래정지(주식의 병합, 분할 등 전자등록 변경, 말소)"
20241119,17:55:52,Y,060240,스타코링크,D10,뉴스형(즉시조치),부실·위험,불성실공시법인 지정,(주)스타코링크 불성실공시법인지정(공시불이행 2건),(주)스타코링크 주권매매거래정지(불성실공시법인 지정)
20241119,17:56:20,Y,430460,(상장폐지),(유니버스 밖),집행형(부담 낮음),자본·조직변동,SPAC 소멸합병,,한화플러스제3호기업인수목적(주) 주권매매거래정지(SPAC 소멸합병)
20241119,18:08:30,Y,066790,씨씨에스,D1,뉴스형(즉시조치),부실·위험,불성실공시법인 지정,"(주)씨씨에스충북방송 불성실공시법인지정(공시번복 1건, 공시불이행 1건)",(주)씨씨에스충북방송 주권매매거래정지(불성실공시법인 지정)
20241120,16:38:24,Y,051780,큐로홀딩스,D8,집행형(부담 낮음),자본·조직변동,"주식의 병합, 분할 등 전자등록 변경, 말소",,"(주)큐로홀딩스 주권매매거래정지(주식의 병합, 분할 등 전자등록 변경, 말소)"
20241121,18:20:26,Y,415580,(상장폐지),(유니버스 밖),뉴스형(즉시조치),부실·위험,상장폐지 사유발생,상상인제3호기업인수목적 주식회사 상장폐지,상상인제3호기업인수목적 주식회사 주권매매거래정지(상장폐지 사유발생)
20241122,16:06:16,Y,043090,더테크놀로지,D8,뉴스형(즉시조치),자본·조직변동,자본감소,(주)더 테크놀로지 주주총회소집결의(임시주주총회),(주)더 테크놀로지 주권매매거래정지(자본감소)
20241125,16:34:29,Y,080000,(상장폐지),D8,집행형(부담 낮음),자본·조직변동,"주식의 병합, 분할 등 전자등록 변경, 말소",,"에스엔유프리시젼(주) 주권매매거래정지(주식의 병합, 분할 등 전자등록 변경, 말소)"
20241126,14:11:10,,457630,(상장폐지),(유니버스 밖),뉴스형(즉시조치),자본·조직변동,SPAC 합병(예비심사청구대상,대신밸런스제16호기업인수목적(주) 회사합병 결정(SPAC소멸합병),대신밸런스제16호기업인수목적(주) 주권매매거래정지(SPAC 합병(예비심사청구대상))
20241127,11:45:22,,290520,신도기연,D9,뉴스형(즉시조치),대형계약,단일판매공급계약,(주)신도기연 단일판매ㆍ공급계약체결,(주)신도기연 주권매매거래정지(단일판매공급계약)
20241127,16:34:39,Y,084180,수성웹툰,D8,집행형(부담 낮음),자본·조직변동,"주식의 병합, 분할 등 전자등록 변경, 말소",,"수성웹툰 주식회사 주권매매거래정지(주식의 병합, 분할 등 전자등록 변경, 말소)"
20241127,16:49:08,Y,418170,(상장폐지),(유니버스 밖),집행형(부담 낮음),자본·조직변동,SPAC 소멸합병,,하나금융22호기업인수목적 주식회사 주권매매거래정지(SPAC 소멸합병)
20241129,16:19:13,Y,123840,뉴온,(유니버스 밖),집행형(부담 낮음),자본·조직변동,"주식의 병합, 분할 등 전자등록 변경, 말소",,"(주)뉴온 주권매매거래정지(주식의 병합, 분할 등 전자등록 변경, 말소)"
20241203,16:36:59,Y,406760,(상장폐지),(유니버스 밖),집행형(부담 낮음),자본·조직변동,SPAC 소멸합병,,하나금융21호기업인수목적 주식회사 주권매매거래정지(SPAC 소멸합병)
20241203,17:28:13,Y,446840,지슨,D8,뉴스형(즉시조치),자본·조직변동,SPAC 합병(예비심사청구대상,키움제8호기업인수목적 주식회사 회사합병 결정(SPAC 소멸합병),키움제8호기업인수목적 주식회사 주권매매거래정지(SPAC 합병(예비심사청구대상))
20241204,15:36:20,,145170,노브랜드,D2,뉴스형(즉시조치),자본·조직변동,무상증자,(주)노브랜드 무상증자결정,(주)노브랜드 주권매매거래정지(무상증자)
20241204,17:37:31,Y,227100,(상장폐지),(유니버스 밖),뉴스형(즉시조치),부실·위험,불성실공시법인 지정,(주)퀀텀온 불성실공시법인지정(공시번복 2건),(주)퀀텀온 주권매매거래정지(불성실공시법인 지정)
20241204,17:53:49,Y,060560,HC홈센타,D10,뉴스형(즉시조치),부실·위험,불성실공시법인 지정,(주)홈센타홀딩스 불성실공시법인지정(공시번복 3건),(주)홈센타홀딩스 주권매매거래정지(불성실공시법인 지정)
20241205,14:11:09,,334970,프레스티지바이오로직스,D7,뉴스형(즉시조치),대형계약,단일판매공급계약,프레스티지바이오로직스(주) 단일판매ㆍ공급계약체결,프레스티지바이오로직스(주) 주권매매거래정지(단일판매공급계약)
20241205,16:53:43,Y,200230,텔콘RF제약,D6,집행형(부담 낮음),자본·조직변동,"주식의 병합, 분할 등 전자등록 변경, 말소",,"(주)텔콘알에프제약 주권매매거래정지(주식의 병합, 분할 등 전자등록 변경, 말소)"
20241209,16:16:28,Y,065170,비엘팜텍,D7,집행형(부담 낮음),자본·조직변동,"주식의 병합, 분할 등 전자등록 변경, 말소",(주)비엘팜텍 (정정)감자결정,"(주)비엘팜텍 주권매매거래정지(주식의 병합, 분할 등 전자등록 변경, 말소)"
20241210,10:36:15,,216080,제테마,D6,뉴스형(즉시조치),자본·조직변동,무상증자,(주)제테마 무상증자결정,(주)제테마 주권매매거래정지(무상증자)
20241217,17:05:06,Y,177350,베셀,D4,집행형(부담 낮음),자본·조직변동,"주식의 병합, 분할 등 전자등록 변경, 말소",,"(주)베셀 주권매매거래정지(주식의 병합, 분할 등 전자등록 변경, 말소)"
20241217,17:45:21,Y,446190,(상장폐지),(유니버스 밖),뉴스형(즉시조치),자본·조직변동,SPAC 합병(예비심사청구대상,미래에셋비전기업인수목적2호 주식회사 회사합병 결정(SPAC소멸합병),미래에셋비전기업인수목적2호 주식회사 주권매매거래정지(SPAC 합병(예비심사청구대상))
20241218,15:36:50,,256940,킵스파마,D5,뉴스형(즉시조치),자본·조직변동,우회상장여부 및 요건충족확인,(주)케이피에스 주식교환ㆍ이전 결정,(주)케이피에스 주권매매거래정지(우회상장여부 및 요건충족확인)
20241219,17:00:04,Y,060560,HC홈센타,D10,집행형(부담 낮음),자본·조직변동,"주식의 병합, 분할 등 전자등록 변경, 말소",,"(주)홈센타홀딩스 주권매매거래정지(주식의 병합, 분할 등 전자등록 변경, 말소)"
20241219,17:58:56,Y,054180,메디콕스,(유니버스 밖),뉴스형(즉시조치),부실·위험,불성실공시법인 지정,(주)메디콕스 불성실공시법인지정(공시변경 4건),(주)메디콕스 주권매매거래정지(불성실공시법인 지정)
20241224,16:31:05,Y,052300,오션인더블유,D10,집행형(부담 낮음),자본·조직변동,"주식의 병합, 분할 등 전자등록 변경, 말소",,"(주)오션인더블유 주권매매거래정지(주식의 병합, 분할 등 전자등록 변경, 말소)"
20241224,17:51:47,Y,412930,(상장폐지),(유니버스 밖),집행형(부담 낮음),자본·조직변동,SPAC 소멸합병,,미래에셋비전기업인수목적1호 주식회사 주권매매거래정지(SPAC 소멸합병)
20241230,16:31:32,Y,246960,SCL사이언스,D9,뉴스형(즉시조치),자본·조직변동,우회상장여부 및 요건충족확인,(주)에스씨엘사이언스 주식교환ㆍ이전 결정,(주)에스씨엘사이언스 주권매매거래정지(우회상장여부 및 요건충족확인)
20241230,16:39:04,Y,355390,크라우드웍스,D4,집행형(부담 낮음),자본·조직변동,"주식의 병합, 분할 등 전자등록 변경, 말소",,"주식회사 크라우드웍스 주권매매거래정지(주식의 병합, 분할 등 전자등록 변경, 말소)"
20241230,16:39:10,Y,210120,캔버스엔,D5,집행형(부담 낮음),자본·조직변동,"주식의 병합, 분할 등 전자등록 변경, 말소",,"(주)빅토리콘텐츠 주권매매거래정지(주식의 병합, 분할 등 전자등록 변경, 말소)"
20250102,16:38:15,Y,036630,세종텔레콤,D7,뉴스형(즉시조치),자본·조직변동,자본감소,세종텔레콤(주) 감자결정,세종텔레콤(주) 주권매매거래정지(자본감소)
20250103,11:08:22,,033790,피노,D3,뉴스형(즉시조치),대형계약,단일판매공급계약,(주)피노 단일판매ㆍ공급계약체결,(주)피노 주권매매거래정지(단일판매공급계약)
20250106,18:03:50,Y,227100,(상장폐지),(유니버스 밖),뉴스형(즉시조치),부실·위험,상장적격성 실질심사 대상 (사유발생,(주)퀀텀온 불성실공시법인지정(공시변경 2건),(주)퀀텀온 주권매매거래정지(상장적격성 실질심사 대상 (사유발생))
20250107,11:04:27,,381620,제닉스로보틱스,D2,뉴스형(즉시조치),자본·조직변동,무상증자,제닉스(주) 무상증자결정,제닉스(주) 주권매매거래정지(무상증자)
20250108,17:57:13,Y,226340,본느,D4,뉴스형(즉시조치),부실·위험,풍문 또는 보도 관련,(주)본느 조회공시요구(풍문또는보도)(회계처리기준 위반),(주)본느 주권매매거래정지(풍문 또는 보도 관련)
20250113,11:29:10,,017510,세명전기,D2,뉴스형(즉시조치),대형계약,단일판매공급계약,세명전기공업(주) 단일판매ㆍ공급계약체결,세명전기공업(주) 주권매매거래정지(단일판매공급계약)
20250114,17:31:34,Y,043090,더테크놀로지,D8,집행형(부담 낮음),자본·조직변동,"주식의 병합, 분할 등 전자등록 변경, 말소",,"(주)더 테크놀로지 주권매매거래정지(주식의 병합, 분할 등 전자등록 변경, 말소)"
20250116,17:27:23,Y,197140,디지캡,D10,뉴스형(즉시조치),자본·조직변동,영업양수도,(주)디지캡 영업양수 결정,(주)디지캡 주권매매거래정지(영업양수도)
20250116,18:04:47,Y,424140,(상장폐지),(유니버스 밖),뉴스형(즉시조치),부실·위험,상장폐지 사유발생,케이비제21호기업인수목적 주식회사 상장폐지,케이비제21호기업인수목적 주식회사 주권매매거래정지(상장폐지 사유발생)
20250117,14:56:10,,019010,베뉴지,D9,뉴스형(즉시조치),부실·위험,중요한 영업정지,베뉴지(주) 영업정지,베뉴지(주) 주권매매거래정지(중요한 영업정지)
20250117,17:24:29,Y,067310,하나마이크론,D1,뉴스형(즉시조치),자본·조직변동,분할,하나마이크론(주) 회사분할 결정(인적분할),하나마이크론(주) 주권매매거래정지(분할)
20250117,18:22:52,Y,078860,아이오케이이엔엠,D7,집행형(부담 낮음),자본·조직변동,"주식의 병합, 분할 등 전자등록 변경, 말소",,"(주)엔에스이엔엠 주권매매거래정지(주식의 병합, 분할 등 전자등록 변경, 말소)"
20250121,17:38:08,Y,376190,(상장폐지),D7,집행형(부담 낮음),자본·조직변동,"주식의 병합, 분할 등 전자등록 변경, 말소",,"주식회사 엘비루셈 주권매매거래정지(주식의 병합, 분할 등 전자등록 변경, 말소)"
20250122,17:56:46,Y,044060,(상장폐지),(유니버스 밖),뉴스형(즉시조치),부실·위험,투자자 보호,조광아이엘아이(주) 기타시장안내(정리매매 보류 관련),조광아이엘아이(주) 주권매매거래정지(투자자 보호)
20250122,18:09:41,Y,422040,(상장폐지),(유니버스 밖),뉴스형(즉시조치),부실·위험,상장폐지 사유발생,엔에이치기업인수목적23호 주식회사 상장폐지,엔에이치기업인수목적23호 주식회사 주권매매거래정지(상장폐지 사유발생)
20250122,18:58:22,Y,203690,(상장폐지),(유니버스 밖),뉴스형(즉시조치),부실·위험,풍문 또는 보도 관련,(주)아크솔루션스 조회공시요구(풍문또는보도)(회계처리기준 위반),(주)아크솔루션스 주권매매거래정지(풍문 또는 보도 관련)
20250122,19:30:56,Y,290380,(상장폐지),(유니버스 밖),뉴스형(즉시조치),부실·위험,투자자 보호,(주)대유 기타시장안내(정리매매 보류 관련),(주)대유 주권매매거래정지(투자자 보호)
20250123,08:29:25,,430220,(상장폐지),(유니버스 밖),뉴스형(즉시조치),자본·조직변동,SPAC합병(예비심사청구대상,신영해피투모로우제8호기업인수목적 주식회사 회사합병 결정(SPAC소멸합병),신영해피투모로우제8호기업인수목적 주식회사 주권매매거래정지(SPAC합병(예비심사청구대상)
20250123,14:49:17,,060240,스타코링크,D10,뉴스형(즉시조치),자본·조직변동,자본감소,(주)스타코링크 (정정)주주총회소집결의(임시주주총회),(주)스타코링크 주권매매거래정지(자본감소)
20250123,18:04:40,Y,234920,자이글,D5,뉴스형(즉시조치),부실·위험,불성실공시법인 지정,자이글(주) 불성실공시법인지정(공시번복 2건),자이글(주) 주권매매거래정지(불성실공시법인 지정)
20250123,18:08:14,Y,425290,(상장폐지),(유니버스 밖),뉴스형(즉시조치),부실·위험,상장폐지 사유발생,삼성기업인수목적6호 주식회사 상장폐지,삼성기업인수목적6호 주식회사 주권매매거래정지(상장폐지 사유발생)
20250203,17:24:15,Y,413600,(상장폐지),(유니버스 밖),집행형(부담 낮음),자본·조직변동,SPAC 소멸합병,,키움제6호기업인수목적 주식회사 주권매매거래정지(SPAC 소멸합병)
20250203,18:08:03,Y,060230,제이케이시냅스,D6,뉴스형(즉시조치),부실·위험,불성실공시법인 지정,,소니드(주) 주권매매거래정지(불성실공시법인 지정)
20250204,16:42:20,Y,196300,HLB펩,D7,뉴스형(즉시조치),부실·위험,관리종목지정우려,애니젠(주) 내부결산시점 관리종목 지정ㆍ형식적 상장폐지ㆍ상장적격성 실질심사 사유 발생,애니젠(주) 주권매매거래정지(관리종목지정우려)
20250207,11:36:20,,049520,유아이엘,D8,뉴스형(즉시조치),자본·조직변동,무상증자,유아이엘(주) 무상증자결정,유아이엘(주) 주권매매거래정지(무상증자)
20250207,16:51:38,Y,455310,(상장폐지),(유니버스 밖),뉴스형(즉시조치),자본·조직변동,SPAC 합병(예비심사청구대상,한화플러스제4호기업인수목적(주) 회사합병 결정(SPAC 소멸합병),한화플러스제4호기업인수목적(주) 주권매매거래정지(SPAC 합병(예비심사청구대상))
20250210,16:54:13,Y,060240,스타코링크,D10,뉴스형(즉시조치),부실·위험,관리종목지정우려,(주)스타코링크 내부결산시점 관리종목 지정ㆍ형식적 상장폐지ㆍ상장적격성 실질심사 사유 발생,(주)스타코링크 주권매매거래정지(관리종목지정우려)
20250210,17:46:35,Y,352770,셀레스트라,D6,뉴스형(즉시조치),자본·조직변동,자본감소,주식회사 클리노믹스 (정정)주주총회소집결의,주식회사 클리노믹스 주권매매거래정지(자본감소)
20250211,15:36:49,,014200,(상장폐지),(유니버스 밖),뉴스형(즉시조치),부실·위험,투자자 보호,(주)광림 기타시장안내(정리매매 보류 관련),(주)광림 주권매매거래정지(투자자 보호)
20250211,16:01:30,Y,065570,삼영이엔씨,D8,뉴스형(즉시조치),부실·위험,상장적격성 실질심사 대상(사유발생,삼영이엔씨(주) 횡령ㆍ배임혐의발생,삼영이엔씨(주) 주권매매거래정지(상장적격성 실질심사 대상(사유발생))
20250211,16:23:30,Y,433530,(상장폐지),(유니버스 밖),집행형(부담 낮음),자본·조직변동,SPAC 소멸합병,,키움제7호기업인수목적 주식회사 주권매매거래정지(SPAC 소멸합병)
20250212,16:02:13,Y,065170,비엘팜텍,D7,뉴스형(즉시조치),자본·조직변동,무상증자,(주)비엘팜텍 무상증자결정,(주)비엘팜텍 주권매매거래정지(무상증자)
20250213,16:16:23,Y,180400,DXVX,D3,뉴스형(즉시조치),부실·위험,관리종목지정우려,디엑스앤브이엑스(주) 내부결산시점 관리종목 지정ㆍ형식적 상장폐지ㆍ상장적격성 실질심사 사유 발생,디엑스앤브이엑스(주) 주권매매거래정지(관리종목지정우려)
20250213,16:59:24,Y,073570,리튬포어스,D3,뉴스형(즉시조치),부실·위험,관리종목지정우려,(주)리튬포어스 내부결산시점 관리종목 지정ㆍ형식적 상장폐지ㆍ상장적격성 실질심사 사유 발생,(주)리튬포어스 주권매매거래정지(관리종목지정우려)
20250214,16:11:18,Y,219550,디와이디,D6,뉴스형(즉시조치),부실·위험,관리종목지정우려,(주)디와이디 기타시장안내(관리종목지정우려종목),(주)디와이디 주권매매거래정지(관리종목지정우려)
20250217,16:12:40,Y,024810,(상장폐지),(유니버스 밖),뉴스형(즉시조치),부실·위험,투자자보호,이화전기공업(주) 기타시장안내(정리매매 보류 관련),이화전기공업(주) 주권매매거래정지(투자자보호)
20250217,16:13:16,Y,096040,(상장폐지),(유니버스 밖),뉴스형(즉시조치),부실·위험,투자자보호,이트론(주) (정정)상장폐지,이트론(주) 주권매매거래정지(투자자보호)
20250220,15:37:24,,092600,앤씨앤,D7,뉴스형(즉시조치),부실·위험,관리종목지정우려,(주)앤씨앤 기타시장안내(관리종목지정우려종목),(주)앤씨앤 주권매매거래정지(관리종목지정우려)
20250221,17:11:16,Y,101390,(상장폐지),D6,뉴스형(즉시조치),부실·위험,관리종목지정우려,(주)아이엠 기타시장안내(관리종목지정우려종목),(주)아이엠 주권매매거래정지(관리종목지정우려)
20250225,17:45:22,Y,060240,스타코링크,D10,집행형(부담 낮음),자본·조직변동,"주식의 병합, 분할 등 전자등록 변경, 말소",,"(주)스타코링크 주권매매거래정지(주식의 병합, 분할 등 전자등록 변경, 말소)"
20250226,17:16:13,Y,027040,서울전자통신,D9,뉴스형(즉시조치),부실·위험,관리종목지정우려,서울전자통신(주) 기타시장안내(관리종목지정우려종목),서울전자통신(주) 주권매매거래정지(관리종목지정우려)
20250227,09:52:12,,095270,웨이브일렉트로,D8,뉴스형(즉시조치),부실·위험,회계처리 기준위반,(주)웨이브일렉트로닉스 회계처리기준 위반에 따른 임원의 해임권고 조치,(주)웨이브일렉트로닉스 주권매매거래정지(회계처리 기준위반)
20250227,16:26:33,Y,054300,팬스타엔터프라이즈,D7,뉴스형(즉시조치),자본·조직변동,우회상장여부 및 요건충족확인,(주)팬스타엔터프라이즈 회사합병 결정,(주)팬스타엔터프라이즈 주권매매거래정지(우회상장여부 및 요건충족확인)
20250227,17:06:29,Y,032980,(상장폐지),D8,뉴스형(즉시조치),부실·위험,상장적격성 실질심사 대상 (사유발생,"바이온(주) 불성실공시법인지정(공시불이행 2건, 공시번복 1건)",바이온(주) 주권매매거래정지(상장적격성 실질심사 대상 (사유발생))
20250304,16:40:18,Y,458320,(상장폐지),(유니버스 밖),집행형(부담 낮음),자본·조직변동,SPAC 소멸합병,,케이비제26호기업인수목적(주) 주권매매거래정지(SPAC 소멸합병)
20250304,17:27:56,Y,430700,(상장폐지),(유니버스 밖),뉴스형(즉시조치),부실·위험,상장폐지 사유발생,유안타제9호기업인수목적 주식회사 상장폐지,유안타제9호기업인수목적 주식회사 주권매매거래정지(상장폐지 사유발생)
20250306,14:28:20,,405000,플라즈맵,D8,뉴스형(즉시조치),부실·위험,관리종목지정우려,주식회사 플라즈맵 기타시장안내(관리종목지정우려종목),주식회사 플라즈맵 주권매매거래정지(관리종목지정우려)
20250306,17:34:35,Y,340360,다보링크,D4,뉴스형(즉시조치),부실·위험,불성실공시법인 지정,"주식회사 다보링크 불성실공시법인지정(공시불이행 1건, 공시번복 1건)",주식회사 다보링크 주권매매거래정지(불성실공시법인 지정)
20250307,16:15:23,Y,083640,인콘,D9,뉴스형(즉시조치),자본·조직변동,자본감소,(주)인콘 감자결정,(주)인콘 주권매매거래정지(자본감소)
20250310,16:47:14,Y,288330,파라택시스코리아,D3,뉴스형(즉시조치),부실·위험,관리종목지정우려,브릿지바이오테라퓨틱스 주식회사 기타시장안내(관리종목지정우려종목),브릿지바이오테라퓨틱스 주식회사 주권매매거래정지(관리종목지정우려)
20250311,17:02:38,Y,036630,세종텔레콤,D7,집행형(부담 낮음),자본·조직변동,"주식의 병합, 분할 등 전자등록 변경, 말소",,"세종텔레콤(주) 주권매매거래정지(주식의 병합, 분할 등 전자등록 변경, 말소)"
20250312,17:33:27,Y,223310,사토시홀딩스,D7,뉴스형(즉시조치),부실·위험,상장적격성 실질심사 대상 (사유발생,딥마인드플랫폼(주) 기타시장안내(상장적격성 실질심사 사유 발생 ),딥마인드플랫폼(주) 주권매매거래정지(상장적격성 실질심사 대상 (사유발생))
20250313,16:04:18,Y,405000,플라즈맵,D8,뉴스형(즉시조치),자본·조직변동,자본감소,주식회사 플라즈맵 감자결정,주식회사 플라즈맵 주권매매거래정지(자본감소)
20250313,16:45:11,Y,290720,푸드나무,D8,뉴스형(즉시조치),부실·위험,관리종목지정우려,(주)푸드나무 기타시장안내(관리종목지정우려종목),(주)푸드나무 주권매매거래정지(관리종목지정우려)
20250313,16:46:10,Y,088800,에이스테크,D4,뉴스형(즉시조치),자본·조직변동,자본감소,(주)에이스테크놀로지 감자결정,(주)에이스테크놀로지 주권매매거래정지(자본감소)
20250314,14:02:18,,294090,이오플로우,D2,뉴스형(즉시조치),부실·위험,관리종목지정우려,이오플로우(주) 기타시장안내(관리종목지정우려종목),이오플로우(주) 주권매매거래정지(관리종목지정우려)
20250314,15:11:16,,214610,롤링스톤,D4,뉴스형(즉시조치),자본·조직변동,자본감소,주식회사 미코바이오메드 감자결정,주식회사 미코바이오메드 주권매매거래정지(자본감소)
20250314,15:42:13,Y,019660,글로본,D10,뉴스형(즉시조치),자본·조직변동,자본감소,글로본(주) 감자결정,글로본(주) 주권매매거래정지(자본감소)
20250314,16:38:16,Y,298060,풍전약품,D8,뉴스형(즉시조치),부실·위험,관리종목지정우려,에스씨엠생명과학(주) 기타시장안내(관리종목지정우려종목),에스씨엠생명과학(주) 주권매매거래정지(관리종목지정우려)
20250314,16:44:12,Y,065060,지엔코,D9,뉴스형(즉시조치),자본·조직변동,자본감소,(주)지엔코 감자결정,(주)지엔코 주권매매거래정지(자본감소)
20250314,16:51:43,Y,049180,셀루메드,D3,뉴스형(즉시조치),부실·위험,관리종목지정우려,(주)셀루메드 기타시장안내(관리종목지정우려종목),(주)셀루메드 주권매매거래정지(관리종목지정우려)
20250314,17:31:21,Y,030350,드래곤플라이,D7,뉴스형(즉시조치),부실·위험,관리종목지정우려,(주)드래곤플라이 기타시장안내(관리종목지정우려종목),(주)드래곤플라이 주권매매거래정지(관리종목지정우려)
20250317,15:27:12,,405000,플라즈맵,D8,뉴스형(즉시조치),부실·위험,관리종목지정사유발생,주식회사 플라즈맵 감사보고서 제출,주식회사 플라즈맵 주권매매거래정지(관리종목지정사유발생)
20250318,07:49:10,,029960,(상장폐지),D8,뉴스형(즉시조치),자본·조직변동,"주식교환, 이전",(주)코엔텍 주식교환ㆍ이전 결정,"(주)코엔텍 주권매매거래정지(주식교환, 이전)"
20250318,16:11:17,Y,092600,앤씨앤,D7,뉴스형(즉시조치),부실·위험,관리종목지정사유발생,(주)앤씨앤 감사보고서 제출,(주)앤씨앤 주권매매거래정지(관리종목지정사유발생)
20250319,17:17:24,Y,033790,피노,D3,뉴스형(즉시조치),대형계약,단일판매공급계약,(주)피노 단일판매ㆍ공급계약체결,(주)피노 주권매매거래정지(단일판매공급계약)
20250320,16:45:14,Y,027040,서울전자통신,D9,뉴스형(즉시조치),부실·위험,관리종목지정사유발생,서울전자통신(주) 감사보고서 제출,서울전자통신(주) 주권매매거래정지(관리종목지정사유발생)
20250320,17:26:23,Y,065650,하이퍼코퍼레이션,D7,뉴스형(즉시조치),부실·위험,관리종목지정우려,(주)하이퍼코퍼레이션 기타시장안내(관리종목지정우려종목),(주)하이퍼코퍼레이션 주권매매거래정지(관리종목지정우려)
20250320,17:35:14,Y,180400,DXVX,D3,뉴스형(즉시조치),부실·위험,관리종목지정사유발생,디엑스앤브이엑스(주) 감사보고서 제출,디엑스앤브이엑스(주) 주권매매거래정지(관리종목지정사유발생)
20250321,15:21:18,,284620,카이노스메드,D7,뉴스형(즉시조치),부실·위험,관리종목지정사유발생,주식회사 카이노스메드 감사보고서 제출,주식회사 카이노스메드 주권매매거래정지(관리종목지정사유발생)
20250321,15:33:40,,065650,하이퍼코퍼레이션,D7,뉴스형(즉시조치),부실·위험,관리종목지정사유발생,(주)하이퍼코퍼레이션 감사보고서 제출,(주)하이퍼코퍼레이션 주권매매거래정지(관리종목지정사유발생)
20250321,15:41:50,Y,298060,풍전약품,D8,뉴스형(즉시조치),부실·위험,관리종목지정사유발생,에스씨엠생명과학(주) 관리종목지정(최근3사업연도중 2사업연도 자기자본 50%초과 법인세비용차감전계속사업손실 발생),에스씨엠생명과학(주) 주권매매거래정지(관리종목지정사유발생)
20250321,15:44:15,Y,049180,셀루메드,D3,뉴스형(즉시조치),부실·위험,관리종목지정사유발생,(주)셀루메드 감사보고서 제출,(주)셀루메드 주권매매거래정지(관리종목지정사유발생)
20250321,15:58:18,Y,196300,HLB펩,D7,뉴스형(즉시조치),부실·위험,관리종목지정사유발생,애니젠(주) 감사보고서 제출,애니젠(주) 주권매매거래정지(관리종목지정사유발생)
20250321,16:44:18,Y,073570,리튬포어스,D3,뉴스형(즉시조치),부실·위험,관리종목지정사유발생,(주)리튬포어스 감사보고서 제출,(주)리튬포어스 주권매매거래정지(관리종목지정사유발생)
20250321,17:16:16,Y,294090,이오플로우,D2,뉴스형(즉시조치),부실·위험,풍문 또는 보도 관련,이오플로우(주) 조회공시요구(풍문또는보도)(감사의견 비적정설),이오플로우(주) 주권매매거래정지(풍문 또는 보도 관련)
20250321,17:45:22,Y,219550,디와이디,D6,뉴스형(즉시조치),부실·위험,관리종목지정사유발생,(주)디와이디 감사보고서 제출,(주)디와이디 주권매매거래정지(관리종목지정사유발생)
20250321,17:51:15,Y,079970,투비소프트,D7,뉴스형(즉시조치),부실·위험,풍문 또는 보도 관련,(주)투비소프트 조회공시요구(풍문또는보도)(감사의견 비적정설),(주)투비소프트 주권매매거래정지(풍문 또는 보도 관련)
20250321,19:26:53,Y,068790,DMS,D8,뉴스형(즉시조치),부실·위험,상장폐지 사유발생,(주)디엠에스 관리종목지정(상장폐지사유 발생),(주)디엠에스 주권매매거래정지(상장폐지 사유발생)
20250321,19:27:12,Y,030350,드래곤플라이,D7,뉴스형(즉시조치),부실·위험,투자자 보호,(주)드래곤플라이 투자주의환기종목지정(내부회계관리제도 비적정 등),(주)드래곤플라이 주권매매거래정지(투자자 보호)
20250321,22:06:48,,241820,피씨엘,(유니버스 밖),뉴스형(즉시조치),부실·위험,풍문 또는 보도 관련,피씨엘(주) 조회공시요구(풍문또는보도)(주된 영업의 정지설(반기 또는 분기 매출액 미달)),피씨엘(주) 주권매매거래정지(풍문 또는 보도 관련)
20250324,17:07:27,Y,418210,(상장폐지),(유니버스 밖),뉴스형(즉시조치),부실·위험,상장폐지사유 발생,신한제10호기업인수목적 주식회사 관리종목지정사유추가(상장폐지사유 발생),신한제10호기업인수목적 주식회사 주권매매거래정지(상장폐지사유 발생)
20250325,17:09:11,Y,052770,아이톡시,D8,뉴스형(즉시조치),부실·위험,관리종목지정사유발생,(주)아이톡시 감사보고서 제출,(주)아이톡시 주권매매거래정지(관리종목지정사유발생)
20250326,17:06:45,Y,440790,(상장폐지),(유니버스 밖),뉴스형(즉시조치),자본·조직변동,SPAC 합병(예비심사청구대상,교보13호기업인수목적 주식회사 회사합병 결정(SPAC 소멸합병),교보13호기업인수목적 주식회사 주권매매거래정지(SPAC 합병(예비심사청구대상))
20250331,15:43:11,Y,043220,티에스넥스젠,D7,뉴스형(즉시조치),부실·위험,풍문 또는 보도 관련,(주)티에스넥스젠 조회공시요구(풍문또는보도)(감사의견 비적정설),(주)티에스넥스젠 주권매매거래정지(풍문 또는 보도 관련)
20250401,16:11:28,Y,308100,형지글로벌,D5,뉴스형(즉시조치),자본·조직변동,무상증자,(주)형지글로벌 유무상증자결정,(주)형지글로벌 주권매매거래정지(무상증자)
20250401,16:29:43,Y,067630,HLB생명과학,D1,뉴스형(즉시조치),자본·조직변동,합병,에이치엘비생명과학(주) 신주인수권증권 매매거래정지(합병),에이치엘비생명과학(주) 주권매매거래정지(합병)
20250401,17:52:13,Y,352770,셀레스트라,D6,집행형(부담 낮음),자본·조직변동,"주식의 병합, 분할 등 전자등록 변경, 말소",,"주식회사 클리노믹스 주권매매거래정지(주식의 병합, 분할 등 전자등록 변경, 말소)"
20250401,18:47:22,Y,001840,이화공영,D6,뉴스형(즉시조치),부실·위험,회생절차 개시신청,이화공영(주) 관리종목지정(회생절차 개시신청),이화공영(주) 주권매매거래정지(회생절차 개시신청)
20250404,11:33:22,,412540,제일엠앤에스,D3,뉴스형(즉시조치),부실·위험,풍문 또는 보도 관련,(주)제일엠앤에스 조회공시요구(풍문또는보도)(감사의견 비적정설),(주)제일엠앤에스 주권매매거래정지(풍문 또는 보도 관련)
20250407,10:43:11,,462860,더즌,D1,뉴스형(즉시조치),자본·조직변동,무상증자,(주)더즌 무상증자결정,(주)더즌 주권매매거래정지(무상증자)
20250407,15:02:26,,149980,하이로닉,D4,뉴스형(즉시조치),부실·위험,풍문 또는 보도 관련,(주)하이로닉 조회공시요구(풍문또는보도)(감사의견 비적정설),(주)하이로닉 주권매매거래정지(풍문 또는 보도 관련)
20250407,16:43:40,Y,058470,리노공업,D1,집행형(부담 낮음),자본·조직변동,"주식의 병합, 분할 등 전자등록 변경, 말소",,"리노공업(주) 주권매매거래정지(주식의 병합, 분할 등 전자등록 변경, 말소)"
20250407,17:26:52,Y,101390,(상장폐지),D6,뉴스형(즉시조치),부실·위험,풍문 또는 보도 관련,(주)아이엠 조회공시요구(풍문또는보도)(감사의견 비적정설),(주)아이엠 주권매매거래정지(풍문 또는 보도 관련)
20250407,18:59:02,Y,043090,더테크놀로지,D8,뉴스형(즉시조치),부실·위험,사업보고서 미제출,(주)더 테크놀로지 기타시장안내(상장폐지 관련),(주)더 테크놀로지 주권매매거래정지(사업보고서 미제출)
20250407,19:14:20,Y,060240,스타코링크,D10,뉴스형(즉시조치),부실·위험,상장적격성 실질심사 대상 (사유발생,(주)스타코링크 투자주의환기종목지정사유추가(내부회계관리제도 비적정 등),(주)스타코링크 주권매매거래정지(상장적격성 실질심사 대상 (사유발생))
20250407,19:55:51,Y,244460,올리패스,(유니버스 밖),뉴스형(즉시조치),부실·위험,상장폐지 사유발생,올리패스(주) 기타시장안내(상장폐지 관련),올리패스(주) 주권매매거래정지(상장폐지 사유발생)
20250408,16:16:37,Y,036630,세종텔레콤,D7,집행형(부담 낮음),자본·조직변동,"주식의 병합, 분할 등 전자등록 변경, 말소",,"세종텔레콤(주) 주권매매거래정지(주식의 병합, 분할 등 전자등록 변경, 말소)"
20250408,16:28:21,Y,477530,(상장폐지),(유니버스 밖),집행형(부담 낮음),자본·조직변동,SPAC 소멸합병,,한국제14호기업인수목적 주식회사 주권매매거래정지(SPAC 소멸합병)
20250408,16:36:02,Y,042510,라온시큐어,D5,집행형(부담 낮음),자본·조직변동,"주식의 병합, 분할 등 전자등록 변경, 말소",,"라온시큐어(주) 주권매매거래정지(주식의 병합, 분할 등 전자등록 변경, 말소)"
20250408,16:59:12,Y,065650,하이퍼코퍼레이션,D7,뉴스형(즉시조치),자본·조직변동,자본감소,(주)하이퍼코퍼레이션 감자결정,(주)하이퍼코퍼레이션 주권매매거래정지(자본감소)
20250408,17:25:37,Y,405000,플라즈맵,D8,집행형(부담 낮음),자본·조직변동,"주식의 병합, 분할 등 전자등록 변경, 말소",,"주식회사 플라즈맵 주권매매거래정지(주식의 병합, 분할 등 전자등록 변경, 말소)"
20250409,15:44:07,Y,027040,서울전자통신,D9,집행형(부담 낮음),자본·조직변동,"주식의 병합, 분할 등 전자등록 변경, 말소",,"서울전자통신(주) 주권매매거래정지(주식의 병합, 분할 등 전자등록 변경, 말소)"
20250409,17:09:31,Y,019660,글로본,D10,집행형(부담 낮음),자본·조직변동,"주식의 병합, 분할 등 전자등록 변경, 말소",,"글로본(주) 주권매매거래정지(주식의 병합, 분할 등 전자등록 변경, 말소)"
20250409,17:45:10,Y,088800,에이스테크,D4,집행형(부담 낮음),자본·조직변동,"주식의 병합, 분할 등 전자등록 변경, 말소",,"(주)에이스테크놀로지 주권매매거래정지(주식의 병합, 분할 등 전자등록 변경, 말소)"
20250409,17:48:20,Y,214610,롤링스톤,D4,집행형(부담 낮음),자본·조직변동,"주식의 병합, 분할 등 전자등록 변경, 말소",,"주식회사 미코바이오메드 주권매매거래정지(주식의 병합, 분할 등 전자등록 변경, 말소)"
20250415,10:26:10,,117670,알파칩스,(유니버스 밖),뉴스형(즉시조치),자본·조직변동,자본감소,(주)알파홀딩스 감자결정,(주)알파홀딩스 주권매매거래정지(자본감소)
20250415,15:18:02,,439580,블루엠텍,D1,뉴스형(즉시조치),자본·조직변동,무상증자,(주)블루엠텍 무상증자결정,(주)블루엠텍 주권매매거래정지(무상증자)
20250416,17:06:19,Y,065060,지엔코,D9,집행형(부담 낮음),자본·조직변동,"주식의 병합, 분할 등 전자등록 변경, 말소",(주)지엔코 불성실공시법인지정예고(공시불이행),"(주)지엔코 주권매매거래정지(주식의 병합, 분할 등 전자등록 변경, 말소)"
20250417,16:59:54,Y,492220,KB제31호스팩,(유니버스 밖),뉴스형(즉시조치),자본·조직변동,SPAC 합병(예비심사청구대상,케이비제31호기업인수목적(주) 회사합병 결정(SPAC 소멸합병),케이비제31호기업인수목적(주) 주권매매거래정지(SPAC 합병(예비심사청구대상))
20250418,18:06:54,Y,064090,인크레더블버즈,D7,뉴스형(즉시조치),부실·위험,불성실공시법인 지정,,(주)인크레더블버즈 주권매매거래정지(불성실공시법인 지정)
20250421,16:19:39,Y,457390,(상장폐지),(유니버스 밖),집행형(부담 낮음),자본·조직변동,SPAC 소멸합병,,대신밸런스제15호기업인수목적 주식회사 주권매매거래정지(SPAC 소멸합병)
20250421,16:19:53,Y,456440,(상장폐지),(유니버스 밖),집행형(부담 낮음),자본·조직변동,SPAC 소멸합병,,디비금융제11호기업인수목적 주식회사 주권매매거래정지(SPAC 소멸합병)
20250421,17:26:44,Y,083640,인콘,D9,집행형(부담 낮음),자본·조직변동,"주식의 병합, 분할 등 전자등록 변경, 말소",,"(주)인콘 주권매매거래정지(주식의 병합, 분할 등 전자등록 변경, 말소)"
20250422,16:29:12,Y,131090,시큐브,D10,집행형(부담 낮음),자본·조직변동,"주식의 병합, 분할 등 전자등록 변경, 말소",,"(주)시큐브 주권매매거래정지(주식의 병합, 분할 등 전자등록 변경, 말소)"
20250423,10:02:16,,448280,에코아이,D5,뉴스형(즉시조치),자본·조직변동,무상증자,주식회사 에코아이 무상증자결정,주식회사 에코아이 주권매매거래정지(무상증자)
20250423,17:16:32,Y,208710,포톤,D7,집행형(부담 낮음),자본·조직변동,"주식의 병합, 분할 등 전자등록 변경, 말소",,"(주)포톤 주권매매거래정지(주식의 병합, 분할 등 전자등록 변경, 말소)"
20250424,17:31:15,Y,347700,스피어,D2,뉴스형(즉시조치),대형계약,단일판매공급계약,(주)스피어코퍼레이션 단일판매ㆍ공급계약체결,(주)스피어코퍼레이션 주권매매거래정지(단일판매공급계약)
20250425,15:43:24,Y,083650,비에이치아이,D1,뉴스형(즉시조치),대형계약,단일판매공급계약,비에이치아이주식회사 단일판매ㆍ공급계약체결,비에이치아이주식회사 주권매매거래정지(단일판매공급계약)
20250428,17:47:38,Y,019660,글로본,D10,집행형(부담 낮음),자본·조직변동,"주식의 병합, 분할 등 전자등록 변경, 말소",,"글로본(주) 주권매매거래정지(주식의 병합, 분할 등 전자등록 변경, 말소)"
20250428,18:55:21,Y,435380,(상장폐지),(유니버스 밖),뉴스형(즉시조치),부실·위험,상장폐지 사유발생,유안타제10호기업인수목적 주식회사 관리종목지정사유추가(상장폐지사유 발생),유안타제10호기업인수목적 주식회사 주권매매거래정지(상장폐지 사유발생)
20250429,15:12:35,,052670,(상장폐지),(유니버스 밖),뉴스형(즉시조치),부실·위험,투자자 보호,(주)제일바이오 (정정)상장폐지,(주)제일바이오 주권매매거래정지(투자자 보호)
20250429,17:26:33,Y,023460,(상장폐지),D9,뉴스형(즉시조치),부실·위험,투자자 보호,씨앤에이치(주) (정정)상장폐지,씨앤에이치(주) 주권매매거래정지(투자자 보호)
20250429,18:00:48,Y,307280,원바이오젠,D10,집행형(부담 낮음),자본·조직변동,"주식의 병합, 분할 등 전자등록 변경, 말소",,"(주)원바이오젠 주권매매거래정지(주식의 병합, 분할 등 전자등록 변경, 말소)"
20250430,16:11:13,Y,464580,닷밀,D5,뉴스형(즉시조치),자본·조직변동,무상증자,(주)닷밀 주주총회소집결의,(주)닷밀 주권매매거래정지(무상증자)
20250430,18:20:32,Y,435870,(상장폐지),(유니버스 밖),뉴스형(즉시조치),부실·위험,상장폐지 사유발생,에스케이증권제8호기업인수목적 주식회사 관리종목지정사유추가(상장폐지사유 발생),에스케이증권제8호기업인수목적 주식회사 주권매매거래정지(상장폐지 사유발생)
20250513,14:07:20,,086820,바이오솔루션,D6,뉴스형(즉시조치),자본·조직변동,무상증자,주식회사 바이오솔루션 무상증자결정,주식회사 바이오솔루션 주권매매거래정지(무상증자)
20250513,14:09:10,,263920,휴엠앤씨,D10,뉴스형(즉시조치),자본·조직변동,자본감소,(주)휴엠앤씨 주주명부폐쇄기간 또는 기준일 설정,(주)휴엠앤씨 주권매매거래정지(자본감소)
20250513,15:39:11,,454750,(상장폐지),(유니버스 밖),뉴스형(즉시조치),자본·조직변동,SPAC 합병(예비심사청구대상,하나28호기업인수목적 주식회사 회사합병 결정(SPAC 소멸합병),하나28호기업인수목적 주식회사 주권매매거래정지(SPAC 합병(예비심사청구대상))
20250513,18:09:45,Y,435620,(상장폐지),(유니버스 밖),뉴스형(즉시조치),부실·위험,상장폐지 사유발생,하나금융25호기업인수목적 주식회사 관리종목지정사유추가(상장폐지사유 발생),하나금융25호기업인수목적 주식회사 주권매매거래정지(상장폐지 사유발생)
20250513,18:11:21,Y,437780,(상장폐지),(유니버스 밖),뉴스형(즉시조치),부실·위험,상장폐지사유 발생,엔에이치기업인수목적24호 주식회사 상장폐지,엔에이치기업인수목적24호 주식회사 주권매매거래정지(상장폐지사유 발생)
20250514,18:07:26,Y,150840,(상장폐지),(유니버스 밖),뉴스형(즉시조치),부실·위험,투자자 보호,(주)인트로메딕 (정정)상장폐지,(주)인트로메딕 주권매매거래정지(투자자 보호)
20250515,11:08:21,,336680,탑런토탈솔루션,D5,뉴스형(즉시조치),자본·조직변동,무상증자,(주)탑런토탈솔루션 무상증자결정,(주)탑런토탈솔루션 주권매매거래정지(무상증자)
20250516,16:09:32,Y,070300,엑스큐어,D7,뉴스형(즉시조치),자본·조직변동,무상증자,엑스큐어(주) 유무상증자결정(주주배정후 실권주 일반공모),엑스큐어(주) 주권매매거래정지(무상증자)
20250516,16:47:11,Y,442770,(상장폐지),(유니버스 밖),뉴스형(즉시조치),자본·조직변동,SPAC 합병(예비심사청구대상,아이비케이에스제21호기업인수목적 주식회사 회사합병 결정(SPAC 소멸합병),아이비케이에스제21호기업인수목적 주식회사 주권매매거래정지(SPAC 합병(예비심사청구대상))
20250519,15:41:10,Y,448830,(상장폐지),(유니버스 밖),뉴스형(즉시조치),자본·조직변동,SPAC 합병(예비심사청구대상,미래에셋비전기업인수목적3호 주식회사 회사합병 결정(SPAC 소멸합병),미래에셋비전기업인수목적3호 주식회사 주권매매거래정지(SPAC 합병(예비심사청구대상))
20250520,16:16:13,Y,096690,에이루트,D9,뉴스형(즉시조치),자본·조직변동,자본감소,(주)에이루트 감자결정,(주)에이루트 주권매매거래정지(자본감소)
20250520,18:04:48,Y,439250,(상장폐지),(유니버스 밖),뉴스형(즉시조치),부실·위험,상장폐지 사유발생,삼성기업인수목적7호 주식회사 관리종목지정사유추가(상장폐지사유 발생),삼성기업인수목적7호 주식회사 주권매매거래정지(상장폐지 사유발생)
20250520,18:15:00,Y,439730,(상장폐지),(유니버스 밖),뉴스형(즉시조치),부실·위험,상장폐지사유 발생,아이비케이에스제20호기업인수목적 주식회사 상장폐지,아이비케이에스제20호기업인수목적 주식회사 주권매매거래정지(상장폐지사유 발생)
20250521,17:22:43,Y,468510,(상장폐지),(유니버스 밖),집행형(부담 낮음),자본·조직변동,SPAC 소멸합병,,삼성기업인수목적9호(주) 주권매매거래정지(SPAC 소멸합병)
20250523,16:26:17,Y,029960,(상장폐지),D8,집행형(부담 낮음),자본·조직변동,"주식의 병합, 분할 등 전자등록 변경, 말소",,"(주)코엔텍 주권매매거래정지(주식의 병합, 분할 등 전자등록 변경, 말소)"
20250523,17:02:19,Y,200230,텔콘RF제약,D6,뉴스형(즉시조치),자본·조직변동,무상증자,(주)텔콘알에프제약 유무상증자결정(주주배정후 실권주 일반공모),(주)텔콘알에프제약 주권매매거래정지(무상증자)
20250527,17:06:37,Y,065650,하이퍼코퍼레이션,D7,집행형(부담 낮음),자본·조직변동,"주식의 병합, 분할 등 전자등록 변경, 말소",,"(주)하이퍼코퍼레이션 주권매매거래정지(주식의 병합, 분할 등 전자등록 변경, 말소)"
20250527,18:04:23,Y,438580,(상장폐지),(유니버스 밖),뉴스형(즉시조치),부실·위험,상장폐지사유 발생,엔에이치기업인수목적25호 주식회사 상장폐지,엔에이치기업인수목적25호 주식회사 주권매매거래정지(상장폐지사유 발생)
20250528,13:40:54,,151910,(상장폐지),(유니버스 밖),뉴스형(즉시조치),부실·위험,투자자 보호,(주)퓨처코어 기타 경영사항(자율공시)(상장폐지결정효력정지 가처분 신청),(주)퓨처코어 주권매매거래정지(투자자 보호)
20250528,16:50:24,Y,208340,(상장폐지),(유니버스 밖),뉴스형(즉시조치),부실·위험,투자자보호,(주)파멥신 기타시장안내(정리매매 보류 관련),(주)파멥신 주권매매거래정지(투자자보호)
20250529,17:07:25,Y,950110,(상장폐지),D10,뉴스형(즉시조치),부실·위험,투자자 보호:자진 상장폐지 결정,SBI핀테크솔루션즈(주) 상장폐지결정,SBI핀테크솔루션즈(주) 주권매매거래정지(투자자 보호:자진 상장폐지 결정)
20250530,14:42:57,,068940,셀피글로벌,(유니버스 밖),뉴스형(즉시조치),부실·위험,투자자 보호,(주)셀피글로벌 기타 경영사항(자율공시)(상장폐지결정등 효력정지 가처분신청),(주)셀피글로벌 주권매매거래정지(투자자 보호)
20250530,16:41:21,Y,448760,(상장폐지),(유니버스 밖),뉴스형(즉시조치),자본·조직변동,SPAC 합병(예비심사청구대상,아이비케이에스제22호기업인수목적 주식회사 회사합병 결정(SPAC 소멸합병),아이비케이에스제22호기업인수목적 주식회사 주권매매거래정지(SPAC 합병(예비심사청구대상))
20250605,15:49:28,Y,217620,(상장폐지),(유니버스 밖),뉴스형(즉시조치),부실·위험,투자자 보호,선샤인푸드(주) (정정)상장폐지,선샤인푸드(주) 주권매매거래정지(투자자 보호)
20250609,18:38:59,Y,246250,에스엘에스바이오,D6,뉴스형(즉시조치),부실·위험,상장적격성 실질심사 대상 (사유발생,(주)에스엘에스바이오 기타시장안내(상장적격성 실질심사 관련 안내),(주)에스엘에스바이오 주권매매거래정지(상장적격성 실질심사 대상 (사유발생))
20250610,09:16:20,,300080,플리토,D4,뉴스형(즉시조치),자본·조직변동,무상증자,(주)플리토 무상증자결정,(주)플리토 주권매매거래정지(무상증자)
20250610,16:52:19,Y,037950,엘컴텍,D4,뉴스형(즉시조치),부실·위험,중요한 영업정지,엘컴텍(주) 영업정지,엘컴텍(주) 주권매매거래정지(중요한 영업정지)
20250611,14:43:31,,054630,(상장폐지),(유니버스 밖),뉴스형(즉시조치),부실·위험,투자자 보호,(주)에이디칩스 (정정)상장폐지,(주)에이디칩스 주권매매거래정지(투자자 보호)
20250611,16:22:26,Y,039860,나노엔텍,D3,뉴스형(즉시조치),자본·조직변동,우회상장여부 및 요건충족확인,(주)나노엔텍 주식교환ㆍ이전 결정,(주)나노엔텍 주권매매거래정지(우회상장여부 및 요건충족확인)
20250611,17:10:29,Y,117670,알파칩스,(유니버스 밖),집행형(부담 낮음),자본·조직변동,"주식의 병합, 분할 등 전자등록 변경, 말소",,"(주)알파칩스 주권매매거래정지(주식의 병합, 분할 등 전자등록 변경, 말소)"
20250612,17:52:23,Y,044480,빌리언스,D6,뉴스형(즉시조치),자본·조직변동,자본감소,(주)빌리언스 유상증자결정(주주배정후 실권주 일반공모),(주)빌리언스 주권매매거래정지(자본감소)
20250613,08:59:22,,214450,파마리서치,D1,뉴스형(즉시조치),자본·조직변동,분할,(주)파마리서치 회사분할 결정,(주)파마리서치 주권매매거래정지(분할)
20250613,15:42:19,Y,478780,(상장폐지),(유니버스 밖),뉴스형(즉시조치),자본·조직변동,SPAC 합병(예비심사청구대상,대신밸런스제18호기업인수목적(주) 회사합병 결정(SPAC소멸합병),대신밸런스제18호기업인수목적(주) 주권매매거래정지(SPAC 합병(예비심사청구대상))
20250613,15:58:13,Y,139050,(상장폐지),(유니버스 밖),뉴스형(즉시조치),부실·위험,투자자 보호,(주)비에프랩스 (정정)상장폐지,(주)비에프랩스 주권매매거래정지(투자자 보호)
20250613,16:12:10,Y,204630,(상장폐지),(유니버스 밖),뉴스형(즉시조치),부실·위험,투자자 보호,(주)스튜디오 산타클로스 엔터테인먼트 (정정)상장폐지,(주)스튜디오 산타클로스 엔터테인먼트 주권매매거래정지(투자자 보호)
20250613,17:05:54,Y,096690,에이루트,D9,집행형(부담 낮음),자본·조직변동,"주식의 병합, 분할 등 전자등록 변경, 말소",,"(주)에이루트 주권매매거래정지(주식의 병합, 분할 등 전자등록 변경, 말소)"
20250613,17:12:18,Y,094820,일진파워,D3,뉴스형(즉시조치),부실·위험,상장적격성 실질심사 대상(사유발생,(주)일진파워 횡령ㆍ배임혐의발생,(주)일진파워 주권매매거래정지(상장적격성 실질심사 대상(사유발생))
20250613,17:18:34,Y,222810,(상장폐지),(유니버스 밖),뉴스형(즉시조치),부실·위험,투자자 보호,(주)세토피아 (정정)상장폐지,(주)세토피아 주권매매거래정지(투자자 보호)
20250616,13:34:12,,246960,SCL사이언스,D9,뉴스형(즉시조치),자본·조직변동,무상증자,(주)에스씨엘사이언스 무상증자결정,(주)에스씨엘사이언스 주권매매거래정지(무상증자)
20250617,16:24:56,Y,476470,(상장폐지),(유니버스 밖),집행형(부담 낮음),자본·조직변동,SPAC 소멸합병,,케이비제28호기업인수목적 주식회사 주권매매거래정지(SPAC 소멸합병)
20250620,18:07:03,Y,066790,씨씨에스,D1,뉴스형(즉시조치),부실·위험,상장적격성 실질심사 대상 (사유발생,(주)씨씨에스충북방송 기타시장안내(상장적격성 실질심사관련안내),(주)씨씨에스충북방송 주권매매거래정지(상장적격성 실질심사 대상 (사유발생))
20250623,16:55:21,Y,258790,소프트캠프,D7,뉴스형(즉시조치),부실·위험,상장적격성 실질심사 대상 (사유발생,소프트캠프(주) 횡령ㆍ배임혐의발생,소프트캠프(주) 주권매매거래정지(상장적격성 실질심사 대상 (사유발생))
20250625,18:03:00,Y,439410,(상장폐지),(유니버스 밖),뉴스형(즉시조치),부실·위험,상장폐지 사유발생,엔에이치기업인수목적26호 관리종목지정사유추가(상장폐지 사유발생),엔에이치기업인수목적26호 주권매매거래정지(상장폐지 사유발생)
20250626,14:59:16,,950110,(상장폐지),D10,뉴스형(즉시조치),부실·위험,자진상장폐지 신청,SBI핀테크솔루션즈(주) 기타 경영사항(자율공시)(상장폐지 후 투자자 보호대책 (특별지배주주에 의한 매도청구)),SBI핀테크솔루션즈(주) 주권매매거래정지(자진상장폐지 신청)
20250626,18:02:02,Y,442130,(상장폐지),(유니버스 밖),뉴스형(즉시조치),부실·위험,상장폐지 사유발생,유진기업인수목적9호 주식회사 관리종목지정사유추가(상장폐지 사유발생),유진기업인수목적9호 주식회사 주권매매거래정지(상장폐지 사유발생)
20250627,17:40:16,Y,057880,(상장폐지),(유니버스 밖),뉴스형(즉시조치),부실·위험,투자자 보호,(주)푸른소나무 (정정)상장폐지,(주)푸른소나무 주권매매거래정지(투자자 보호)
20250630,14:38:32,,212560,네오오토,D6,뉴스형(즉시조치),자본·조직변동,무상증자,(주)네오오토 무상증자결정,(주)네오오토 주권매매거래정지(무상증자)
20250630,18:28:30,Y,054180,메디콕스,(유니버스 밖),집행형(부담 낮음),자본·조직변동,"주식의 병합, 분할 등 전자등록 변경, 말소",,"(주)메디콕스 주권매매거래정지(주식의 병합, 분할 등 전자등록 변경, 말소)"
20250630,18:31:24,Y,442310,(상장폐지),(유니버스 밖),뉴스형(즉시조치),부실·위험,상장폐지 사유발생,대신밸런스제14호기업인수목적(주) 관리종목지정사유추가(상장폐지사유 발생),대신밸런스제14호기업인수목적(주) 주권매매거래정지(상장폐지 사유발생)
20250630,18:32:37,Y,440790,(상장폐지),(유니버스 밖),뉴스형(즉시조치),부실·위험,상장폐지 사유발생,교보13호기업인수목적 주식회사 관리종목지정사유추가(상장폐지사유 발생),교보13호기업인수목적 주식회사 주권매매거래정지(상장폐지 사유발생)
20250704,15:58:11,Y,230980,(상장폐지),(유니버스 밖),뉴스형(즉시조치),부실·위험,투자자 보호,(주)비유테크놀러지 (정정)상장폐지,(주)비유테크놀러지 주권매매거래정지(투자자 보호)
20250704,17:40:22,Y,900120,씨엑스아이,(유니버스 밖),집행형(부담 낮음),자본·조직변동,"주식의 병합, 분할 등 전자등록 변경, 말소",,"씨엑스아이헬스케어테크놀리지그룹리미티드 주권매매거래정지(주식의 병합, 분할 등 전자등록 변경, 말소)"
20250704,17:46:30,Y,227100,(상장폐지),(유니버스 밖),뉴스형(즉시조치),부실·위험,투자자 보호,(주)퀀텀온 (정정)상장폐지,(주)퀀텀온 주권매매거래정지(투자자 보호)
20250708,18:01:43,Y,440820,(상장폐지),(유니버스 밖),뉴스형(즉시조치),부실·위험,상장폐지 사유발생,엔에이치기업인수목적27호(주) 관리종목지정사유추가(상장폐지사유 발생),엔에이치기업인수목적27호(주) 주권매매거래정지(상장폐지 사유발생)
20250709,15:54:55,Y,044480,빌리언스,D6,집행형(부담 낮음),자본·조직변동,"주식의 병합, 분할 등 전자등록 변경, 말소",,"(주)빌리언스 주권매매거래정지(주식의 병합, 분할 등 전자등록 변경, 말소)"
20250710,09:52:15,,234340,헥토파이낸셜,D2,뉴스형(즉시조치),자본·조직변동,무상증자,(주)헥토파이낸셜 무상증자결정,(주)헥토파이낸셜 주권매매거래정지(무상증자)
20250710,15:39:18,,048410,현대바이오,D2,뉴스형(즉시조치),자본·조직변동,무상증자,현대바이오사이언스(주) 무상증자결정,현대바이오사이언스(주) 주권매매거래정지(무상증자)
20250715,17:21:34,Y,457630,(상장폐지),(유니버스 밖),뉴스형(즉시조치),자본·조직변동,SPAC 합병(예비심사청구대상,대신밸런스제16호기업인수목적(주) 회사합병 결정(SPAC 소멸합병),대신밸런스제16호기업인수목적(주) 주권매매거래정지(SPAC 합병(예비심사청구대상))
20250715,18:05:08,Y,445360,(상장폐지),(유니버스 밖),뉴스형(즉시조치),부실·위험,상장폐지 사유발생,비엔케이제1호기업인수목적(주) 상장폐지,비엔케이제1호기업인수목적(주) 주권매매거래정지(상장폐지 사유발생)
20250717,16:01:12,Y,446150,(상장폐지),(유니버스 밖),뉴스형(즉시조치),자본·조직변동,SPAC 합병(예비심사청구대상,유안타제12호기업인수목적 주식회사 회사합병 결정(SPAC소멸합병),유안타제12호기업인수목적 주식회사 주권매매거래정지(SPAC 합병(예비심사청구대상))
20250718,17:08:13,Y,419120,산돌,D5,뉴스형(즉시조치),자본·조직변동,무상증자,(주)산돌 무상증자결정,(주)산돌 주권매매거래정지(무상증자)
20250721,18:04:47,Y,445970,(상장폐지),(유니버스 밖),뉴스형(즉시조치),부실·위험,상장폐지 사유발생,신영해피투모로우제9호기업인수목적 주식회사 상장폐지,신영해피투모로우제9호기업인수목적 주식회사 주권매매거래정지(상장폐지 사유발생)
20250722,16:08:25,Y,263920,휴엠앤씨,D10,집행형(부담 낮음),자본·조직변동,"주식의 병합, 분할 등 전자등록 변경, 말소",,"(주)휴엠앤씨 주권매매거래정지(주식의 병합, 분할 등 전자등록 변경, 말소)"
20250722,17:09:59,Y,203690,(상장폐지),(유니버스 밖),뉴스형(즉시조치),부실·위험,투자자 보호,(주)아크솔루션스 기타시장안내(정리매매 보류 관련),(주)아크솔루션스 주권매매거래정지(투자자 보호)
20250724,10:01:11,,303810,동국생명과학,D3,뉴스형(즉시조치),자본·조직변동,무상증자,동국생명과학(주) 무상증자결정,동국생명과학(주) 주권매매거래정지(무상증자)
20250728,11:17:09,,246960,SCL사이언스,D9,뉴스형(즉시조치),자본·조직변동,영업양수도,(주)에스씨엘사이언스 영업양수 결정,(주)에스씨엘사이언스 주권매매거래정지(영업양수도)
20250728,15:26:38,,222160,(상장폐지),(유니버스 밖),뉴스형(즉시조치),부실·위험,투자자 보호,(주)엔피엑스 기타시장안내(정리매매 보류 관련),(주)엔피엑스 주권매매거래정지(투자자 보호)
20250729,18:07:39,Y,430220,(상장폐지),(유니버스 밖),집행형(부담 낮음),자본·조직변동,SPAC 소멸합병,,신영해피투모로우제8호기업인수목적 주식회사 주권매매거래정지(SPAC 소멸합병)
20250731,16:19:16,Y,347700,스피어,D2,뉴스형(즉시조치),대형계약,단일판매공급계약,(주)스피어코퍼레이션 단일판매ㆍ공급계약체결,(주)스피어코퍼레이션 주권매매거래정지(단일판매공급계약)
20250801,16:21:40,Y,246710,티앤알바이오팹,D7,뉴스형(즉시조치),자본·조직변동,무상증자,(주)티앤알바이오팹 유무상증자결정,(주)티앤알바이오팹 주권매매거래정지(무상증자)
20250804,10:11:28,,402490,그린리소스,D2,뉴스형(즉시조치),자본·조직변동,무상증자,주식회사 그린리소스 무상증자결정,주식회사 그린리소스 주권매매거래정지(무상증자)
20250804,15:08:11,,265740,엔에프씨,D6,뉴스형(즉시조치),자본·조직변동,무상증자,주식회사엔에프씨 무상증자결정,주식회사엔에프씨 주권매매거래정지(무상증자)
20250805,11:57:35,,175250,아이큐어,D5,뉴스형(즉시조치),부실·위험,상장적격성 실질심사 대상 (사유발생,아이큐어(주) 기타시장안내(상장적격성 실질심사 관련 안내),아이큐어(주) 주권매매거래정지(상장적격성 실질심사 대상 (사유발생))
20250811,15:05:09,,035890,서희건설,D6,뉴스형(즉시조치),부실·위험,풍문 또는 보도 관련,(주)서희건설 조회공시요구(풍문또는보도)(현직 임원의 횡령·배임혐의설),(주)서희건설 주권매매거래정지(풍문 또는 보도 관련)
20250811,16:50:19,Y,446190,(상장폐지),(유니버스 밖),집행형(부담 낮음),자본·조직변동,SPAC 소멸합병,,미래에셋비전기업인수목적2호 주식회사 주권매매거래정지(SPAC 소멸합병)
20250811,16:56:28,Y,036630,세종텔레콤,D7,뉴스형(즉시조치),자본·조직변동,자본감소,세종텔레콤(주) 감자결정,세종텔레콤(주) 주권매매거래정지(자본감소)
20250814,14:15:12,,284620,카이노스메드,D7,뉴스형(즉시조치),부실·위험,상장적격성 실질심사 대상 (사유발생,주식회사 카이노스메드 반기 또는 분기 매출액 미달 사실 발생,주식회사 카이노스메드 주권매매거래정지(상장적격성 실질심사 대상 (사유발생))
20250814,16:29:54,Y,032680,소프트센,D6,뉴스형(즉시조치),부실·위험,풍문 또는 보도 관련,(주) 소프트센 조회공시요구(풍문또는보도)(주된 영업의 정지설(반기 또는 분기 매출액 미달)),(주) 소프트센 주권매매거래정지(풍문 또는 보도 관련)
20250814,17:25:12,Y,069920,엑시온그룹,D7,뉴스형(즉시조치),부실·위험,상장적격성 실질심사 대상 (사유발생,,(주)엑시온그룹 주권매매거래정지(상장적격성 실질심사 대상 (사유발생))
20250814,20:48:33,,950130,엑세스바이오,(유니버스 밖),뉴스형(즉시조치),부실·위험,상장적격성 실질심사 대상 (사유발생,엑세스바이오 인코퍼레이션 기타시장안내(상장적격성 실질심사 관련),엑세스바이오 인코퍼레이션 주권매매거래정지(상장적격성 실질심사 대상 (사유발생))
20250818,17:31:23,Y,462350,이노스페이스,D2,뉴스형(즉시조치),자본·조직변동,무상증자,(주)이노스페이스 유무상증자결정(주주배정후 실권주 일반공모),(주)이노스페이스 주권매매거래정지(무상증자)
20250821,11:21:40,,209640,와이제이링크,D1,뉴스형(즉시조치),자본·조직변동,무상증자,와이제이링크(주) 무상증자결정,와이제이링크(주) 주권매매거래정지(무상증자)
20250825,09:41:15,,042500,링네트,D6,뉴스형(즉시조치),자본·조직변동,무상증자,(주)링네트 무상증자결정,(주)링네트 주권매매거래정지(무상증자)
20250825,13:09:52,,415380,스튜디오삼익,D6,뉴스형(즉시조치),자본·조직변동,무상증자,주식회사 스튜디오삼익 무상증자결정,주식회사 스튜디오삼익 주권매매거래정지(무상증자)
20250827,17:09:28,Y,900110,딥커머스,(유니버스 밖),집행형(부담 낮음),자본·조직변동,"주식의 병합, 분할 등 전자등록 변경, 말소",,"이스트아시아홀딩스인베스트먼트리미티드 주권매매거래정지(주식의 병합, 분할 등 전자등록 변경, 말소)"
20250829,16:06:36,Y,473370,(상장폐지),(유니버스 밖),뉴스형(즉시조치),자본·조직변동,SPAC 합병(예비심사청구대상,비엔케이제2호기업인수목적(주) 회사합병 결정(SPAC 소멸합병),비엔케이제2호기업인수목적(주) 주권매매거래정지(SPAC 합병(예비심사청구대상))
20250829,16:44:17,Y,203400,에이비온,D5,뉴스형(즉시조치),자본·조직변동,무상증자,에이비온(주) 유무상증자결정(주주배정후 실권주 일반공모),에이비온(주) 주권매매거래정지(무상증자)
20250901,13:33:26,,382900,범한퓨얼셀,D3,뉴스형(즉시조치),대형계약,단일판매공급계약,범한퓨얼셀 주식회사 단일판매ㆍ공급계약체결,범한퓨얼셀 주식회사 주권매매거래정지(단일판매공급계약)
20250901,14:06:12,,060240,스타코링크,D10,뉴스형(즉시조치),부실·위험,투자자 보호,(주)스타코링크 기타시장안내(정리매매 보류 관련),(주)스타코링크 주권매매거래정지(투자자 보호)
20250901,14:37:24,,101390,(상장폐지),D6,뉴스형(즉시조치),부실·위험,투자자 보호,(주)아이엠 기타시장안내(정리매매 보류 관련),(주)아이엠 주권매매거래정지(투자자 보호)
20250903,18:05:16,Y,215090,솔디펜스,D6,집행형(부담 낮음),자본·조직변동,"주식의 병합, 분할 등 전자등록 변경, 말소",,"(주)솔디펜스 주권매매거래정지(주식의 병합, 분할 등 전자등록 변경, 말소)"
20250908,17:12:48,Y,052770,아이톡시,D8,뉴스형(즉시조치),자본·조직변동,자본감소,(주)아이톡시 감자결정,(주)아이톡시 주권매매거래정지(자본감소)
20250908,17:26:15,Y,043090,더테크놀로지,D8,뉴스형(즉시조치),부실·위험,투자자 보호,(주)더 테크놀로지 기타시장안내(정리매매 보류 관련),(주)더 테크놀로지 주권매매거래정지(투자자 보호)
20250911,15:51:18,Y,060230,제이케이시냅스,D6,뉴스형(즉시조치),자본·조직변동,자본감소,소니드(주) (정정)주주총회소집결의,소니드(주) 주권매매거래정지(자본감소)
20250911,16:06:17,Y,465320,교보15호스팩,(유니버스 밖),뉴스형(즉시조치),자본·조직변동,SPAC 합병(예비심사청구대상,교보15호기업인수목적 주식회사 회사합병 결정(SPAC 소멸합병),교보15호기업인수목적 주식회사 주권매매거래정지(SPAC 합병(예비심사청구대상))
20250912,15:49:32,Y,309930,조이웍스앤코,D9,뉴스형(즉시조치),자본·조직변동,영업양수도,(주)오하임앤컴퍼니 영업양수 결정,(주)오하임앤컴퍼니 주권매매거래정지(영업양수도)
20250917,10:07:11,,476060,온코닉테라퓨틱스,D1,뉴스형(즉시조치),자본·조직변동,무상증자,온코닉테라퓨틱스(주) 무상증자결정,온코닉테라퓨틱스(주) 주권매매거래정지(무상증자)
20250918,15:32:14,,219550,디와이디,D6,뉴스형(즉시조치),자본·조직변동,자본감소,(주)디와이디 (정정)주주총회소집결의(임시주주총회),(주)디와이디 주권매매거래정지(자본감소)
20250918,16:01:09,Y,032790,엠젠솔루션,D8,뉴스형(즉시조치),부실·위험,중요한 영업정지,(주)엠젠솔루션 영업정지,(주)엠젠솔루션 주권매매거래정지(중요한 영업정지)
20250919,17:03:14,Y,079950,인베니아,D9,뉴스형(즉시조치),자본·조직변동,자본감소,인베니아(주) 감자결정,인베니아(주) 주권매매거래정지(자본감소)
20250919,18:00:25,Y,101000,KS인더스트리,D6,뉴스형(즉시조치),부실·위험,불성실공시법인 지정,"(주)케이에스인더스트리 불성실공시법인지정(공시번복 1건, 공시변경 1건)",(주)케이에스인더스트리 주권매매거래정지(불성실공시법인 지정)
20250922,16:31:26,Y,106520,(상장폐지),(유니버스 밖),뉴스형(즉시조치),부실·위험,투자자 보호,(주)노블엠앤비 기타시장안내(정리매매 보류 관련),(주)노블엠앤비 주권매매거래정지(투자자 보호)
20250922,16:57:39,Y,269620,시스웍,(유니버스 밖),뉴스형(즉시조치),부실·위험,투자자 보호,(주)시스웍 (정정)상장폐지,(주)시스웍 주권매매거래정지(투자자 보호)
20250922,18:02:59,Y,449020,(상장폐지),(유니버스 밖),뉴스형(즉시조치),부실·위험,상장폐지 사유발생,유안타제13호기업인수목적 주식회사 상장폐지,유안타제13호기업인수목적 주식회사 주권매매거래정지(상장폐지 사유발생)
20250924,17:07:17,Y,096350,대창솔루션,D6,집행형(부담 낮음),자본·조직변동,"주식의 병합, 분할 등 전자등록 변경, 말소",,"(주)대창솔루션 주권매매거래정지(주식의 병합, 분할 등 전자등록 변경, 말소)"
20250924,18:01:02,Y,448740,(상장폐지),(유니버스 밖),뉴스형(즉시조치),부실·위험,상장폐지 사유발생,삼성기업인수목적8호(주) 상장폐지,삼성기업인수목적8호(주) 주권매매거래정지(상장폐지 사유발생)
20250926,17:57:06,Y,446750,(상장폐지),(유니버스 밖),뉴스형(즉시조치),부실·위험,상장폐지 사유발생,하나26호기업인수목적 주식회사 상장폐지,하나26호기업인수목적 주식회사 주권매매거래정지(상장폐지 사유발생)
20250929,15:51:21,Y,347700,스피어,D2,뉴스형(즉시조치),대형계약,단일판매공급계약,(주)스피어코퍼레이션 단일판매ㆍ공급계약체결,(주)스피어코퍼레이션 주권매매거래정지(단일판매공급계약)
20250929,16:42:32,Y,335890,(상장폐지),D1,뉴스형(즉시조치),부실·위험,투자자 보호 : 자진 상장폐지 결정,(주)비올 주주총회소집결의(임시주주총회),(주)비올 주권매매거래정지(투자자 보호 : 자진 상장폐지 결정)
20250929,17:49:49,Y,454750,(상장폐지),(유니버스 밖),집행형(부담 낮음),자본·조직변동,SPAC 소멸합병,,하나28호기업인수목적 주식회사 주권매매거래정지(SPAC 소멸합병)
20250930,17:52:13,Y,060230,제이케이시냅스,D6,집행형(부담 낮음),자본·조직변동,"주식의 병합, 분할 등 전자등록 변경, 말소",,"소니드(주) 주권매매거래정지(주식의 병합, 분할 등 전자등록 변경, 말소)"
20251001,13:51:16,,126880,제이엔케이글로벌,D8,뉴스형(즉시조치),대형계약,단일판매공급계약,제이엔케이글로벌(주) 단일판매ㆍ공급계약체결,제이엔케이글로벌(주) 주권매매거래정지(단일판매공급계약)
20251001,15:34:46,,046070,코다코,(유니버스 밖),뉴스형(즉시조치),부실·위험,투자자 보호,(주)코다코 (정정)상장폐지,(주)코다코 주권매매거래정지(투자자 보호)
20251001,15:44:19,Y,096610,알에프세미,(유니버스 밖),뉴스형(즉시조치),부실·위험,투자자 보호,주식회사알에프세미 기타시장안내(정리매매 보류 관련),주식회사알에프세미 주권매매거래정지(투자자 보호)
20251001,16:42:20,Y,040350,크레오에스지,D8,뉴스형(즉시조치),자본·조직변동,자본감소,(주)크레오에스지 감자결정,(주)크레오에스지 주권매매거래정지(자본감소)
20251010,18:07:21,Y,442900,(상장폐지),(유니버스 밖),뉴스형(즉시조치),부실·위험,상장폐지 사유발생,미래에셋드림기업인수목적1호 주식회사 관리종목지정사유추가(상장폐지사유 발생),미래에셋드림기업인수목적1호 주식회사 주권매매거래정지(상장폐지 사유발생)
20251015,16:26:14,Y,035290,골드앤에스,D9,뉴스형(즉시조치),자본·조직변동,자본감소,(주)골드앤에스 감자결정,(주)골드앤에스 주권매매거래정지(자본감소)
20251015,16:48:07,Y,244460,올리패스,(유니버스 밖),뉴스형(즉시조치),부실·위험,투자자 보호,올리패스(주) (정정)상장폐지,올리패스(주) 주권매매거래정지(투자자 보호)
20251015,16:57:01,Y,466910,(상장폐지),(유니버스 밖),뉴스형(즉시조치),자본·조직변동,SPAC 합병(예비심사청구대상,엔에이치기업인수목적30호 주식회사 회사합병 결정(SPAC 소멸합병),엔에이치기업인수목적30호 주식회사 주권매매거래정지(SPAC 합병(예비심사청구대상))
20251017,16:27:25,Y,071200,인피니트헬스케어,D6,뉴스형(즉시조치),부실·위험,상장적격성 실질심사 대상 (사유발생,(주)인피니트헬스케어 횡령ㆍ배임혐의발생,(주)인피니트헬스케어 주권매매거래정지(상장적격성 실질심사 대상 (사유발생))
20251020,15:43:33,Y,036630,세종텔레콤,D7,집행형(부담 낮음),자본·조직변동,"주식의 병합, 분할 등 전자등록 변경, 말소",,"세종텔레콤(주) 주권매매거래정지(주식의 병합, 분할 등 전자등록 변경, 말소)"
20251020,16:50:32,Y,442770,(상장폐지),(유니버스 밖),집행형(부담 낮음),자본·조직변동,SPAC 소멸합병,,아이비케이에스제21호기업인수목적 주식회사 주권매매거래정지(SPAC 소멸합병)
20251020,17:17:22,Y,365590,하이딥,D8,뉴스형(즉시조치),자본·조직변동,자본감소,(주)하이딥 감자결정,(주)하이딥 주권매매거래정지(자본감소)
20251020,17:25:10,Y,069920,엑시온그룹,D7,뉴스형(즉시조치),대형계약,단일판매공급계약,(주)엑시온그룹 단일판매ㆍ공급계약체결,(주)엑시온그룹 주권매매거래정지(단일판매공급계약)
20251021,17:31:20,Y,112290,와이씨켐,D2,뉴스형(즉시조치),자본·조직변동,영업양수도,와이씨켐(주) 영업양수 결정,와이씨켐(주) 주권매매거래정지(영업양수도)
20251022,11:09:23,,456160,지투지바이오,D1,뉴스형(즉시조치),자본·조직변동,무상증자,(주)지투지바이오 무상증자결정,(주)지투지바이오 주권매매거래정지(무상증자)
20251024,13:29:32,,460940,피앤에스로보틱스,D2,뉴스형(즉시조치),자본·조직변동,무상증자,(주)피앤에스로보틱스 무상증자결정,(주)피앤에스로보틱스 주권매매거래정지(무상증자)
20251028,09:19:07,,456010,아이씨티케이,D1,뉴스형(즉시조치),대형계약,단일판매공급계약,아이씨티케이 주식회사 단일판매ㆍ공급계약체결,아이씨티케이 주식회사 주권매매거래정지(단일판매공급계약)
20251029,12:41:35,,234920,자이글,D5,뉴스형(즉시조치),부실·위험,상장적격성 실질심사 대상(사유발생,자이글(주) 기타시장안내(상장적격성 실질심사 관련 안내),자이글(주) 주권매매거래정지(상장적격성 실질심사 대상(사유발생))
20251029,13:37:17,,347850,디앤디파마텍,D1,뉴스형(즉시조치),자본·조직변동,무상증자,(주)디앤디파마텍 무상증자결정,(주)디앤디파마텍 주권매매거래정지(무상증자)
20251029,18:19:20,Y,033500,동성화인텍,D2,뉴스형(즉시조치),부실·위험,풍문 또는 보도 관련,(주)동성화인텍 조회공시요구(풍문또는보도)(회계처리기준 위반),(주)동성화인텍 주권매매거래정지(풍문 또는 보도 관련)
20251031,17:43:53,Y,448370,(상장폐지),(유니버스 밖),뉴스형(즉시조치),부실·위험,상장폐지 사유발생,하나27호기업인수목적 주식회사 상장폐지,하나27호기업인수목적 주식회사 주권매매거래정지(상장폐지 사유발생)
20251103,14:57:30,,203650,드림시큐리티,D3,뉴스형(즉시조치),자본·조직변동,무상증자,(주)드림시큐리티 무상증자결정,(주)드림시큐리티 주권매매거래정지(무상증자)
20251104,16:27:31,Y,219550,디와이디,D6,집행형(부담 낮음),자본·조직변동,"주식의 병합, 분할 등 전자등록 변경, 말소",,"(주)디와이디 주권매매거래정지(주식의 병합, 분할 등 전자등록 변경, 말소)"
20251106,15:48:57,Y,335890,(상장폐지),D1,뉴스형(즉시조치),부실·위험,자진상장폐지 신청,(주)비올 기타 경영사항(자율공시)(상장폐지신청서 제출),(주)비올 주권매매거래정지(자진상장폐지 신청)
20251110,11:06:14,,217190,제너셈,D7,뉴스형(즉시조치),자본·조직변동,무상증자,제너셈(주) 무상증자결정,제너셈(주) 주권매매거래정지(무상증자)
20251111,15:53:10,Y,072990,에이치시티,D8,뉴스형(즉시조치),자본·조직변동,무상증자,(주)에이치시티 무상증자결정,(주)에이치시티 주권매매거래정지(무상증자)
20251112,11:30:18,,140430,카티스,D3,뉴스형(즉시조치),자본·조직변동,무상증자,(주)카티스 무상증자결정,(주)카티스 주권매매거래정지(무상증자)
20251112,16:52:06,Y,121850,코이즈,D8,집행형(부담 낮음),자본·조직변동,"주식의 병합, 분할 등 전자등록 변경, 말소",,"(주)코이즈 주권매매거래정지(주식의 병합, 분할 등 전자등록 변경, 말소)"
20251114,14:22:24,,455180,케이지에이,D4,뉴스형(즉시조치),부실·위험,상장적격성 실질심사 대상 (사유발생,케이지에이(주) 기타시장안내(상장적격성 실질심사 관련),케이지에이(주) 주권매매거래정지(상장적격성 실질심사 대상 (사유발생))
20251114,16:16:39,Y,451700,(상장폐지),(유니버스 밖),뉴스형(즉시조치),자본·조직변동,SPAC 합병(예비심사청구대상,엔에이치기업인수목적29호 주식회사 회사합병 결정(SPAC 소멸합병),엔에이치기업인수목적29호 주식회사 주권매매거래정지(SPAC 합병(예비심사청구대상))
20251114,16:51:25,Y,419080,엔젯,D6,뉴스형(즉시조치),자본·조직변동,영업양수도,엔젯 주식회사 주주명부폐쇄기간 또는 기준일 설정,엔젯 주식회사 주권매매거래정지(영업양수도)
20251114,16:52:03,Y,079950,인베니아,D9,집행형(부담 낮음),자본·조직변동,"주식의 병합, 분할 등 전자등록 변경, 말소",,"인베니아(주) 주권매매거래정지(주식의 병합, 분할 등 전자등록 변경, 말소)"
20251114,16:58:36,Y,348370,엔켐,D1,뉴스형(즉시조치),부실·위험,상장적격성 실질심사 대상 (사유발생,(주)엔켐 기타시장안내(상장적격성 실질심사 관련),(주)엔켐 주권매매거래정지(상장적격성 실질심사 대상 (사유발생))
20251114,17:26:24,Y,335810,프리시젼바이오,D10,뉴스형(즉시조치),자본·조직변동,우회상장여부 및 요건충족확인,프리시젼바이오(주) 회사합병 결정(간이합병),프리시젼바이오(주) 주권매매거래정지(우회상장여부 및 요건충족확인)
20251120,15:29:12,,245620,EDGC,(유니버스 밖),뉴스형(즉시조치),부실·위험,투자자 보호,이원다이애그노믹스(주) 기타시장안내(정리매매 보류 관련),이원다이애그노믹스(주) 주권매매거래정지(투자자 보호)
20251120,16:54:56,Y,040350,크레오에스지,D8,집행형(부담 낮음),자본·조직변동,"주식의 병합, 분할 등 전자등록 변경, 말소",,"(주)크레오에스지 주권매매거래정지(주식의 병합, 분할 등 전자등록 변경, 말소)"
20251120,17:47:10,Y,035290,골드앤에스,D9,뉴스형(즉시조치),자본·조직변동,영업양수도,(주)골드앤에스 영업양수 결정,(주)골드앤에스 주권매매거래정지(영업양수도)
20251121,16:15:47,Y,300120,라온피플,D6,뉴스형(즉시조치),자본·조직변동,무상증자,라온피플 주식회사 유무상증자결정(주주배정후 실권주 일반공모),라온피플 주식회사 주권매매거래정지(무상증자)
20251125,16:58:10,Y,347700,스피어,D2,뉴스형(즉시조치),대형계약,단일판매공급계약,(주)스피어코퍼레이션 단일판매ㆍ공급계약체결,(주)스피어코퍼레이션 주권매매거래정지(단일판매공급계약)
20251126,11:34:10,,082920,비츠로셀,D3,뉴스형(즉시조치),자본·조직변동,무상증자,(주)비츠로셀 무상증자결정,(주)비츠로셀 주권매매거래정지(무상증자)
20251126,13:24:09,,334970,프레스티지바이오로직스,D7,뉴스형(즉시조치),대형계약,단일판매공급계약,프레스티지바이오로직스(주) 단일판매ㆍ공급계약체결,프레스티지바이오로직스(주) 주권매매거래정지(단일판매공급계약)
20251126,16:04:16,Y,474660,신한제12호스팩,(유니버스 밖),뉴스형(즉시조치),자본·조직변동,SPAC 합병(예비심사청구대상,신한제12호기업인수목적 주식회사 회사합병 결정(SPAC 소멸합병),신한제12호기업인수목적 주식회사 주권매매거래정지(SPAC 합병(예비심사청구대상))
20251128,10:58:16,,073640,테라사이언스,(유니버스 밖),뉴스형(즉시조치),부실·위험,투자자 보호,테라사이언스(주) (정정)상장폐지,테라사이언스(주) 주권매매거래정지(투자자 보호)
20251128,16:52:19,Y,482520,교보16호스팩,(유니버스 밖),뉴스형(즉시조치),자본·조직변동,SPAC 합병(예비심사청구대상,교보16호기업인수목적 주식회사 회사합병 결정,교보16호기업인수목적 주식회사 주권매매거래정지(SPAC 합병(예비심사청구대상))
20251201,16:47:44,Y,082660,코스나인,(유니버스 밖),뉴스형(즉시조치),부실·위험,투자자 보호,(주)코스나인 (정정)상장폐지,(주)코스나인 주권매매거래정지(투자자 보호)
20251203,17:59:05,Y,052770,아이톡시,D8,집행형(부담 낮음),자본·조직변동,"주식의 병합, 분할 등 전자등록 변경, 말소",,"(주)아이톡시 주권매매거래정지(주식의 병합, 분할 등 전자등록 변경, 말소)"
20251204,16:57:43,Y,035290,골드앤에스,D9,집행형(부담 낮음),자본·조직변동,"주식의 병합, 분할 등 전자등록 변경, 말소",,"(주)골드앤에스 주권매매거래정지(주식의 병합, 분할 등 전자등록 변경, 말소)"
20251205,13:03:31,,033560,블루콤,D10,뉴스형(즉시조치),부실·위험,중요한 영업정지,(주)블루콤 영업정지,(주)블루콤 주권매매거래정지(중요한 영업정지)
20251205,16:19:12,Y,123840,뉴온,(유니버스 밖),뉴스형(즉시조치),부실·위험,중요한 영업정지,(주)뉴온 영업정지,(주)뉴온 주권매매거래정지(중요한 영업정지)
20251208,16:37:28,Y,050110,캠시스,D7,뉴스형(즉시조치),자본·조직변동,자본감소,(주)캠시스 감자결정,(주)캠시스 주권매매거래정지(자본감소)
20251209,11:33:12,,472850,폰드그룹,D5,뉴스형(즉시조치),자본·조직변동,무상증자,폰드그룹(주) 무상증자결정,폰드그룹(주) 주권매매거래정지(무상증자)
20251209,13:18:22,,389020,자람테크놀로지,D2,뉴스형(즉시조치),대형계약,단일판매공급계약,(주)자람테크놀로지 단일판매ㆍ공급계약체결,(주)자람테크놀로지 주권매매거래정지(단일판매공급계약)
20251209,16:43:04,Y,448760,(상장폐지),(유니버스 밖),집행형(부담 낮음),자본·조직변동,SPAC 소멸합병,,아이비케이에스제22호기업인수목적 주식회사 주권매매거래정지(SPAC 소멸합병)
20251211,17:50:12,Y,196490,디에이테크놀로지,(유니버스 밖),뉴스형(즉시조치),부실·위험,투자자 보호,(주)디에이테크놀로지 (정정)상장폐지,(주)디에이테크놀로지 주권매매거래정지(투자자 보호)
20251212,17:10:28,Y,365590,하이딥,D8,집행형(부담 낮음),자본·조직변동,"주식의 병합, 분할 등 전자등록 변경, 말소",,"(주)하이딥 주권매매거래정지(주식의 병합, 분할 등 전자등록 변경, 말소)"
20251212,17:35:21,Y,062970,한국첨단소재,(유니버스 밖),뉴스형(즉시조치),자본·조직변동,무상증자,(주)한국첨단소재 유무상증자결정,(주)한국첨단소재 주권매매거래정지(무상증자)
20251215,17:53:31,Y,448830,(상장폐지),(유니버스 밖),집행형(부담 낮음),자본·조직변동,SPAC 소멸합병,,미래에셋비전기업인수목적3호 주식회사 주권매매거래정지(SPAC 소멸합병)
20251216,18:10:32,Y,060900,에이전트AI,D8,집행형(부담 낮음),자본·조직변동,"주식의 병합, 분할 등 전자등록 변경, 말소",,"(주)에이전트에이아이 주권매매거래정지(주식의 병합, 분할 등 전자등록 변경, 말소)"
20251217,15:47:25,Y,478780,(상장폐지),(유니버스 밖),집행형(부담 낮음),자본·조직변동,SPAC 소멸합병,,대신밸런스제18호기업인수목적(주) 주권매매거래정지(SPAC 소멸합병)
20251218,10:43:19,,043910,자연과환경,D5,뉴스형(즉시조치),대형계약,단일판매공급계약,(주)자연과환경 단일판매ㆍ공급계약체결,(주)자연과환경 주권매매거래정지(단일판매공급계약)
20251218,11:42:25,,417840,저스템,D3,뉴스형(즉시조치),자본·조직변동,무상증자,주식회사 저스템 무상증자결정,주식회사 저스템 주권매매거래정지(무상증자)
20251218,19:05:50,Y,440110,파두,D1,뉴스형(즉시조치),부실·위험,상장심사 제출서류 중요사항 거짓 기재 관련 보도,(주)파두 조회공시요구(풍문또는보도)(상장심사 제출서류 중요사항 거짓 기재 관련 보도),(주)파두 주권매매거래정지(상장심사 제출서류 중요사항 거짓 기재 관련 보도)
20251223,10:15:13,,406820,뷰티스킨,D5,뉴스형(즉시조치),자본·조직변동,무상증자,(주)뷰티스킨 무상증자결정,(주)뷰티스킨 주권매매거래정지(무상증자)
20251223,14:43:19,,299030,하나기술,D4,뉴스형(즉시조치),대형계약,단일판매공급계약,(주)하나기술 단일판매ㆍ공급계약체결,(주)하나기술 주권매매거래정지(단일판매공급계약)
20251223,14:55:22,,246960,SCL사이언스,D9,뉴스형(즉시조치),자본·조직변동,영업양수도,(주)에스씨엘사이언스 영업양수 결정,(주)에스씨엘사이언스 주권매매거래정지(영업양수도)
20251224,14:16:13,,340930,성원에너텍,D4,뉴스형(즉시조치),자본·조직변동,무상증자,유일에너테크(주) 무상증자결정,유일에너테크(주) 주권매매거래정지(무상증자)
20251224,16:18:10,Y,035290,골드앤에스,D9,뉴스형(즉시조치),자본·조직변동,영업양수도,(주)골드앤에스 영업양수 결정,(주)골드앤에스 주권매매거래정지(영업양수도)
20260105,16:57:28,Y,195990,루트K,D8,뉴스형(즉시조치),자본·조직변동,자본감소,(주)에이비프로바이오 감자결정,(주)에이비프로바이오 주권매매거래정지(자본감소)
20260106,17:41:17,Y,206400,베노티앤알,D8,뉴스형(즉시조치),자본·조직변동,영업양수도,(주)베노티앤알 영업양수 결정,(주)베노티앤알 주권매매거래정지(영업양수도)
20260107,15:07:41,,182400,엔케이젠바이오텍코리아,(유니버스 밖),뉴스형(즉시조치),부실·위험,투자자보호,(주)엔케이맥스 (정정)상장폐지,(주)엔케이맥스 주권매매거래정지(투자자보호)
20260112,17:19:36,Y,024950,삼천리자전거,D8,뉴스형(즉시조치),부실·위험,상장적격성 실질심사 대상 (사유발생,삼천리자전거(주) 기타시장안내(상장적격성 실질심사 관련 안내),삼천리자전거(주) 주권매매거래정지(상장적격성 실질심사 대상 (사유발생))
20260114,13:24:13,,059120,아진엑스텍,D3,뉴스형(즉시조치),자본·조직변동,무상증자,(주)아진엑스텍 무상증자결정,(주)아진엑스텍 주권매매거래정지(무상증자)
20260114,16:23:31,Y,284620,카이노스메드,D7,뉴스형(즉시조치),부실·위험,투자자보호,주식회사 카이노스메드 (정정)상장폐지,주식회사 카이노스메드 주권매매거래정지(투자자보호)
20260115,18:04:14,Y,446150,(상장폐지),(유니버스 밖),뉴스형(즉시조치),부실·위험,상장폐지 사유발생,유안타제12호기업인수목적 주식회사 상장폐지,유안타제12호기업인수목적 주식회사 주권매매거래정지(상장폐지 사유발생)
20260115,18:29:19,Y,455250,(상장폐지),(유니버스 밖),뉴스형(즉시조치),부실·위험,상장폐지 사유발생,케이비제25호기업인수목적 주식회사 상장폐지,케이비제25호기업인수목적 주식회사 주권매매거래정지(상장폐지 사유발생)
20260116,15:46:17,Y,089970,브이엠,D2,뉴스형(즉시조치),대형계약,단일판매공급계약,브이엠(주) 단일판매ㆍ공급계약체결,브이엠(주) 주권매매거래정지(단일판매공급계약)
20260116,16:44:24,Y,037950,엘컴텍,D4,뉴스형(즉시조치),자본·조직변동,자본감소,엘컴텍(주) 감자결정,엘컴텍(주) 주권매매거래정지(자본감소)
20260116,18:01:04,Y,450050,(상장폐지),(유니버스 밖),뉴스형(즉시조치),부실·위험,상장폐지 사유발생,하이제8호기업인수목적 주식회사 상장폐지,하이제8호기업인수목적 주식회사 주권매매거래정지(상장폐지 사유발생)
20260122,18:18:03,Y,454640,(상장폐지),(유니버스 밖),뉴스형(즉시조치),부실·위험,상장폐지 사유발생,하나29호기업인수목적 주식회사 관리종목지정사유추가(상장폐지사유 발생 ),하나29호기업인수목적 주식회사 주권매매거래정지(상장폐지 사유발생)
20260126,11:11:10,,373170,엠아이큐브솔루션,D9,뉴스형(즉시조치),자본·조직변동,무상증자,엠아이큐브솔루션 주식회사 무상증자결정,엠아이큐브솔루션 주식회사 주권매매거래정지(무상증자)
20260127,16:23:01,Y,290560,파라택시스이더리움,D8,집행형(부담 낮음),자본·조직변동,"주식의 병합, 분할 등 전자등록 변경, 말소",,"(주)신시웨이 주권매매거래정지(주식의 병합, 분할 등 전자등록 변경, 말소)"
20260128,17:55:03,Y,456490,(상장폐지),(유니버스 밖),뉴스형(즉시조치),부실·위험,상장폐지 사유발생,교보14호기업인수목적 주식회사 상장폐지,교보14호기업인수목적 주식회사 주권매매거래정지(상장폐지 사유발생)
20260130,16:38:55,Y,328130,루닛,D1,뉴스형(즉시조치),자본·조직변동,무상증자,주식회사 루닛 유무상증자결정(주주배정후 실권주 일반공모),주식회사 루닛 주권매매거래정지(무상증자)
20260130,16:54:52,Y,050110,캠시스,D7,집행형(부담 낮음),자본·조직변동,"주식의 병합, 분할 등 전자등록 변경, 말소",,"(주)캠시스 주권매매거래정지(주식의 병합, 분할 등 전자등록 변경, 말소)"
20260202,17:21:12,Y,097780,에코볼트,D10,뉴스형(즉시조치),자본·조직변동,자본감소,에코볼트(주) 감자결정(유상감자),에코볼트(주) 주권매매거래정지(자본감소)
20260203,16:49:33,Y,265560,영화테크,D9,뉴스형(즉시조치),대형계약,단일판매공급계약,영화테크(주) 단일판매ㆍ공급계약체결,영화테크(주) 주권매매거래정지(단일판매공급계약)
20260204,13:11:11,,482630,삼양엔씨켐,D2,뉴스형(즉시조치),자본·조직변동,무상증자,(주)삼양엔씨켐 매출액 또는 손익구조 30%(대규모법인은 15%)이상 변동,(주)삼양엔씨켐 주권매매거래정지(무상증자)
20260204,17:42:12,Y,052420,오성첨단소재,D2,뉴스형(즉시조치),자본·조직변동,영업양수도,오성첨단소재(주) 영업양도 결정,오성첨단소재(주) 주권매매거래정지(영업양수도)
20260204,17:58:13,Y,276730,한울앤제주,D6,뉴스형(즉시조치),부실·위험,불성실공시법인 지정,(주)한울앤제주 불성실공시법인지정(공시번복),(주)한울앤제주 주권매매거래정지(불성실공시법인 지정)
20260204,18:42:33,Y,060230,제이케이시냅스,D6,뉴스형(즉시조치),부실·위험,풍문 또는 보도 관련,제이케이시냅스(주) 조회공시요구(풍문또는보도)(채권자에 의한 파산신청설),제이케이시냅스(주) 주권매매거래정지(풍문 또는 보도 관련)
20260206,18:36:45,Y,263050,유틸렉스,D8,뉴스형(즉시조치),부실·위험,상장적격성 실질심사 대상 (사유발생,(주)유틸렉스 기타시장안내(상장적격성 실질심사관련안내),(주)유틸렉스 주권매매거래정지(상장적격성 실질심사 대상 (사유발생))
20260206,18:50:19,Y,064090,인크레더블버즈,D7,뉴스형(즉시조치),부실·위험,상장적격성 실질심사 대상 (사유발생,(주)인크레더블버즈 기타시장안내(상장적격성 실질심사관련안내),(주)인크레더블버즈 주권매매거래정지(상장적격성 실질심사 대상 (사유발생))
20260212,13:14:12,,099320,쎄트렉아이,D2,뉴스형(즉시조치),대형계약,단일판매공급계약,주식회사쎄트렉아이 단일판매ㆍ공급계약체결,주식회사쎄트렉아이 주권매매거래정지(단일판매공급계약)
20260212,16:52:34,Y,069920,엑시온그룹,D7,뉴스형(즉시조치),대형계약,단일판매공급계약,(주)엑시온그룹 단일판매ㆍ공급계약체결,(주)엑시온그룹 주권매매거래정지(단일판매공급계약)
20260212,16:56:37,Y,065500,오리엔트정공,D2,뉴스형(즉시조치),자본·조직변동,영업양수도,(주)오리엔트정공 영업양수 결정,(주)오리엔트정공 주권매매거래정지(영업양수도)
20260212,17:19:16,Y,477760,DB금융스팩12호,(유니버스 밖),뉴스형(즉시조치),자본·조직변동,SPAC 합병(예비심사청구대상,디비금융제12호기업인수목적 주식회사 회사합병 결정,디비금융제12호기업인수목적 주식회사 주권매매거래정지(SPAC 합병(예비심사청구대상))
20260212,17:47:59,Y,195990,루트K,D8,집행형(부담 낮음),자본·조직변동,"주식의 병합, 분할 등 전자등록 변경, 말소",,"(주)에이비프로바이오 주권매매거래정지(주식의 병합, 분할 등 전자등록 변경, 말소)"
20260213,16:04:07,Y,900270,헝셩그룹,(유니버스 밖),집행형(부담 낮음),자본·조직변동,"주식의 병합, 분할 등 전자등록 변경, 말소",,"헝셩그룹유한회사 주권매매거래정지(주식의 병합, 분할 등 전자등록 변경, 말소)"
20260213,18:06:04,Y,455910,(상장폐지),(유니버스 밖),뉴스형(즉시조치),부실·위험,상장폐지 사유발생,에스케이증권제9호기업인수목적 주식회사 상장폐지,에스케이증권제9호기업인수목적 주식회사 주권매매거래정지(상장폐지 사유발생)
20260219,15:42:16,Y,347700,스피어,D2,뉴스형(즉시조치),대형계약,단일판매공급계약,(주)스피어코퍼레이션 단일판매ㆍ공급계약체결,(주)스피어코퍼레이션 주권매매거래정지(단일판매공급계약)
20260219,18:38:03,Y,450940,(상장폐지),(유니버스 밖),뉴스형(즉시조치),부실·위험,상장폐지 사유 발생,유안타제14호기업인수목적 주식회사 상장폐지,유안타제14호기업인수목적 주식회사 주권매매거래정지(상장폐지 사유 발생)
20260220,16:03:17,Y,321370,센서뷰,D3,뉴스형(즉시조치),자본·조직변동,자본감소,주식회사 센서뷰 감자결정,주식회사 센서뷰 주권매매거래정지(자본감소)
20260220,16:27:19,Y,083660,CSA 코스믹,D7,뉴스형(즉시조치),자본·조직변동,자본감소,(주)씨에스에이코스믹 감자결정,(주)씨에스에이코스믹 주권매매거래정지(자본감소)
20260220,17:45:26,Y,060230,제이케이시냅스,D6,집행형(부담 낮음),자본·조직변동,"주식의 병합, 분할 등 전자등록 변경, 말소",,"제이케이시냅스(주) 주권매매거래정지(주식의 병합, 분할 등 전자등록 변경, 말소)"
20260223,14:47:32,,163280,에어레인,D2,뉴스형(즉시조치),자본·조직변동,무상증자,㈜에어레인 무상증자결정,㈜에어레인 주권매매거래정지(무상증자)
20260223,17:29:35,Y,109960,앱토크롬,D9,뉴스형(즉시조치),자본·조직변동,자본감소,(주)앱토크롬 신주인수권증권 매매거래정지(자본감소),(주)앱토크롬 주권매매거래정지(자본감소)
20260224,17:09:07,Y,192410,오늘이엔엠,D6,집행형(부담 낮음),자본·조직변동,"주식의 병합, 분할 등 전자등록 변경, 말소",,"(주)오늘이엔엠 주권매매거래정지(주식의 병합, 분할 등 전자등록 변경, 말소)"
20260226,17:53:38,Y,060900,에이전트AI,D8,뉴스형(즉시조치),자본·조직변동,자본감소,(주)에이전트에이아이 감자결정,(주)에이전트에이아이 주권매매거래정지(자본감소)
20260227,19:18:05,Y,007330,푸른저축은행,D5,뉴스형(즉시조치),부실·위험,상장적격성 실질심사 대상(사유발생,(주)푸른저축은행 기타시장안내(상장적격성 실질심사 관련 안내),(주)푸른저축은행 주권매매거래정지(상장적격성 실질심사 대상(사유발생)))
20260303,18:13:50,Y,457940,(상장폐지),(유니버스 밖),뉴스형(즉시조치),부실·위험,상장폐지 사유발생,에스케이증권제10호기업인수목적 주식회사 상장폐지,에스케이증권제10호기업인수목적 주식회사 주권매매거래정지(상장폐지 사유발생)
20260304,14:56:19,,032540,TJ미디어,D10,뉴스형(즉시조치),자본·조직변동,무상증자,티제이미디어(주) 무상증자결정,티제이미디어(주) 주권매매거래정지(무상증자)
20260304,18:09:47,Y,068240,다원시스,D5,뉴스형(즉시조치),부실·위험,불성실공시법인 지정,"(주)다원시스 불성실공시법인지정(공시변경 1건, 공시불이행 2건)",(주)다원시스 주권매매거래정지(불성실공시법인 지정)
20260305,18:12:45,Y,044180,KD,D5,뉴스형(즉시조치),부실·위험,회생절차개시신청,KD(주) 회생절차개시신청,KD(주) 주권매매거래정지(회생절차개시신청)
20260306,17:38:33,Y,057680,티사이언티픽,D7,뉴스형(즉시조치),자본·조직변동,자본감소,(주)티사이언티픽 감자결정,(주)티사이언티픽 주권매매거래정지(자본감소)
20260306,19:07:10,Y,393970,대진첨단소재,D1,뉴스형(즉시조치),부실·위험,상장적격성 실질심사 대상 (사유발생,,대진첨단소재(주) 주권매매거래정지(상장적격성 실질심사 대상 (사유발생))
20260309,15:51:43,Y,473370,(상장폐지),(유니버스 밖),집행형(부담 낮음),자본·조직변동,SPAC 소멸합병,,비엔케이제2호기업인수목적(주) 주권매매거래정지(SPAC 소멸합병)
20260309,16:06:13,Y,377030,비트맥스,D5,뉴스형(즉시조치),자본·조직변동,자본감소,비트맥스(주) 감자결정,비트맥스(주) 주권매매거래정지(자본감소)
20260309,17:20:30,Y,080420,모다이노칩,D10,뉴스형(즉시조치),자본·조직변동,합병,(주)모다이노칩 회사합병 결정,(주)모다이노칩 주권매매거래정지(합병)
20260309,17:21:27,Y,033290,로젠,D7,뉴스형(즉시조치),자본·조직변동,합병,로젠(주) 회사합병 결정,로젠(주) 주권매매거래정지(합병)
20260309,17:27:51,Y,106080,케이이엠텍,D7,집행형(부담 낮음),자본·조직변동,"주식의 병합, 분할 등 전자등록 변경, 말소",,"케이이엠텍(주) 주권매매거래정지(주식의 병합, 분할 등 전자등록 변경, 말소)"
20260310,08:26:24,,458870,씨어스,D2,뉴스형(즉시조치),자본·조직변동,무상증자,(주)씨어스테크놀로지 무상증자결정,(주)씨어스테크놀로지 주권매매거래정지(무상증자)
20260310,16:38:12,Y,058450,한주에이알티,D8,뉴스형(즉시조치),자본·조직변동,자본감소,한주에이알티(주) 감자결정,한주에이알티(주) 주권매매거래정지(자본감소)
20260311,16:56:21,Y,276730,한울앤제주,D6,뉴스형(즉시조치),자본·조직변동,자본감소,(주)한울앤제주 감자결정,(주)한울앤제주 주권매매거래정지(자본감소)
20260311,17:12:34,Y,012340,뉴인텍,D9,뉴스형(즉시조치),자본·조직변동,자본감소,(주)뉴인텍 감자결정,(주)뉴인텍 주권매매거래정지(자본감소)
20260312,16:11:25,Y,078860,아이오케이이엔엠,D7,뉴스형(즉시조치),자본·조직변동,자본감소,(주)스테이지원엔터 감자결정,(주)스테이지원엔터 주권매매거래정지(자본감소)
20260312,16:21:28,Y,096690,에이루트,D9,뉴스형(즉시조치),자본·조직변동,자본감소,(주)에이루트 감자결정,(주)에이루트 주권매매거래정지(자본감소)
20260312,16:53:20,Y,032800,판타지오,D8,뉴스형(즉시조치),자본·조직변동,자본감소,(주)판타지오 감자결정,(주)판타지오 주권매매거래정지(자본감소)
20260312,17:13:17,Y,018700,졸스,D10,뉴스형(즉시조치),자본·조직변동,자본감소,(주)바른손 감자결정,(주)바른손 주권매매거래정지(자본감소)
20260313,16:23:14,Y,123840,뉴온,(유니버스 밖),뉴스형(즉시조치),자본·조직변동,자본감소,(주)뉴온 감자결정(무상감자),(주)뉴온 주권매매거래정지(자본감소)
20260313,16:46:25,Y,066900,디에이피,D10,뉴스형(즉시조치),부실·위험,관리종목지정우려,(주)디에이피 기타시장안내(관리종목지정우려종목),(주)디에이피 주권매매거래정지(관리종목지정우려)
20260313,17:34:29,Y,036090,위지트,D5,뉴스형(즉시조치),자본·조직변동,자본감소,(주)위지트 감자결정,(주)위지트 주권매매거래정지(자본감소)
20260316,16:16:22,Y,069920,엑시온그룹,D7,뉴스형(즉시조치),자본·조직변동,자본감소,(주)엑시온그룹 감자결정,(주)엑시온그룹 주권매매거래정지(자본감소)
20260316,17:01:13,Y,052300,오션인더블유,D10,뉴스형(즉시조치),자본·조직변동,자본감소,(주)오션인더블유 감자결정(무상감자),(주)오션인더블유 주권매매거래정지(자본감소)
20260316,17:31:59,Y,377030,비트맥스,D5,뉴스형(즉시조치),부실·위험,관리종목지정사유발생,비트맥스(주) 감사보고서 제출,비트맥스(주) 주권매매거래정지(관리종목지정사유발생)
20260316,18:37:36,Y,068240,다원시스,D5,뉴스형(즉시조치),부실·위험,투자자보호,"(주)다원시스 기타시장안내(상장폐지사유 및 상장적격성 실질심사사유 발생 우려, 관리종목 지정사유 발생 우려 안내)",(주)다원시스 주권매매거래정지(투자자보호)
20260316,19:48:06,Y,049180,셀루메드,D3,뉴스형(즉시조치),부실·위험,투자자 보호,(주)셀루메드 기타시장안내(상장적격성 실질심사 사유발생 우려 안내),(주)셀루메드 주권매매거래정지(투자자 보호)
20260317,07:38:13,,101400,엔시트론,D8,뉴스형(즉시조치),자본·조직변동,자본감소,엔시트론(주) 감자결정,엔시트론(주) 주권매매거래정지(자본감소)
20260320,16:37:25,Y,294140,레몬,D6,뉴스형(즉시조치),부실·위험,관리종목지정사유발생,(주)레몬 감사보고서 제출,(주)레몬 주권매매거래정지(관리종목지정사유발생)
20260323,15:21:15,,195990,루트K,D8,뉴스형(즉시조치),부실·위험,관리종목지정사유발생,(주)에이비프로바이오 감사보고서 제출,(주)에이비프로바이오 주권매매거래정지(관리종목지정사유발생)
20260323,15:33:30,,079950,인베니아,D9,뉴스형(즉시조치),부실·위험,관리종목지정사유발생,인베니아(주) 감사보고서 제출,인베니아(주) 주권매매거래정지(관리종목지정사유발생)
20260323,15:53:17,Y,214610,롤링스톤,D4,뉴스형(즉시조치),부실·위험,풍문 또는 보도 관련,롤링스톤(주) 조회공시요구(풍문또는보도)(감사의견 비적정설),롤링스톤(주) 주권매매거래정지(풍문 또는 보도 관련)
20260323,16:08:30,Y,183490,엔지켐생명과학,D8,뉴스형(즉시조치),부실·위험,풍문 또는 보도 관련,(주)엔지켐생명과학 조회공시요구(풍문또는보도)(감사의견 비적정설),(주)엔지켐생명과학 주권매매거래정지(풍문 또는 보도 관련)
20260323,16:55:18,Y,380540,옵티코어,D4,뉴스형(즉시조치),부실·위험,풍문 또는 보도 관련,,주식회사 옵티코어 주권매매거래정지(풍문 또는 보도 관련)
20260323,17:12:17,Y,023440,제이스코홀딩스,D7,뉴스형(즉시조치),부실·위험,풍문 또는 보도 관련,제이스코홀딩스(주) 조회공시요구(풍문또는보도)(감사의견 비적정설),제이스코홀딩스(주) 주권매매거래정지(풍문 또는 보도 관련)
20260323,17:24:21,Y,052770,아이톡시,D8,뉴스형(즉시조치),부실·위험,풍문 또는 보도 관련,(주)아이톡시 조회공시요구(풍문또는보도)(감사의견 비적정설),(주)아이톡시 주권매매거래정지(풍문 또는 보도 관련)
20260323,19:35:17,Y,458610,(상장폐지),(유니버스 밖),뉴스형(즉시조치),부실·위험,상장폐지 사유발생,한국제12호기업인수목적 주식회사 상장폐지,한국제12호기업인수목적 주식회사 주권매매거래정지(상장폐지 사유발생)
20260323,20:19:33,,044180,KD,D5,뉴스형(즉시조치),부실·위험,상장폐지 사유발생,KD(주) 관리종목지정사유추가(상장폐지사유 발생),KD(주) 주권매매거래정지(상장폐지 사유발생)
20260324,11:41:15,,246720,아스타,D9,뉴스형(즉시조치),부실·위험,풍문 또는 보도 관련,(주)아스타 조회공시요구(풍문또는보도)(감사의견 비적정설),(주)아스타 주권매매거래정지(풍문 또는 보도 관련)
20260324,17:04:30,Y,089970,브이엠,D2,뉴스형(즉시조치),대형계약,단일판매공급계약,브이엠(주) 단일판매ㆍ공급계약체결,브이엠(주) 주권매매거래정지(단일판매공급계약)
20260324,18:36:08,Y,444920,(상장폐지),(유니버스 밖),뉴스형(즉시조치),부실·위험,상장폐지 사유발생,유안타제11호기업인수목적 주식회사 상장폐지,유안타제11호기업인수목적 주식회사 주권매매거래정지(상장폐지 사유발생)
20260325,14:47:15,,347700,스피어,D2,뉴스형(즉시조치),대형계약,단일판매공급계약,(주)스피어코퍼레이션 단일판매ㆍ공급계약체결,(주)스피어코퍼레이션 주권매매거래정지(단일판매공급계약)
20260325,16:08:19,Y,021880,메이슨캐피탈,D7,뉴스형(즉시조치),자본·조직변동,자본감소,메이슨캐피탈주식회사 감자결정,메이슨캐피탈주식회사 주권매매거래정지(자본감소)
20260326,16:54:24,Y,020400,대동금속,D7,뉴스형(즉시조치),자본·조직변동,무상증자,대동금속(주) 무상증자결정,대동금속(주) 주권매매거래정지(무상증자)
20260327,15:51:10,Y,007720,소노스퀘어,D6,뉴스형(즉시조치),자본·조직변동,자본감소,(주)소노스퀘어 주주총회소집결의(임시주주총회),(주)소노스퀘어 주권매매거래정지(자본감소)
20260331,20:21:07,,313760,캐리,(유니버스 밖),뉴스형(즉시조치),부실·위험,상장폐지 사유발생,(주)캐리 관리종목지정(상장폐지사유 발생),(주)캐리 주권매매거래정지(상장폐지 사유발생)
20260331,20:51:03,,340930,성원에너텍,D4,뉴스형(즉시조치),부실·위험,투자자 보호,유일에너테크(주) 투자주의환기종목지정(내부회계관리제도 비적정 등),유일에너테크(주) 주권매매거래정지(투자자 보호)
20260401,16:19:44,Y,024850,HLB이노베이션,D4,집행형(부담 낮음),자본·조직변동,"주식의 병합, 분할 등 전자등록 변경, 말소",,"에이치엘비이노베이션(주) 주권매매거래정지(주식의 병합, 분할 등 전자등록 변경, 말소)"
20260402,17:00:33,Y,039980,폴라리스AI,D1,집행형(부담 낮음),자본·조직변동,"주식의 병합, 분할 등 전자등록 변경, 말소",,"(주)폴라리스에이아이 주권매매거래정지(주식의 병합, 분할 등 전자등록 변경, 말소)"
20260402,17:15:20,Y,377030,비트맥스,D5,집행형(부담 낮음),자본·조직변동,"주식의 병합, 분할 등 전자등록 변경, 말소",,"비트맥스(주) 주권매매거래정지(주식의 병합, 분할 등 전자등록 변경, 말소)"
20260402,17:40:31,Y,114630,폴라리스우노,D10,집행형(부담 낮음),자본·조직변동,"주식의 병합, 분할 등 전자등록 변경, 말소",,"(주)폴라리스우노 주권매매거래정지(주식의 병합, 분할 등 전자등록 변경, 말소)"
20260402,17:40:42,Y,061250,화일약품,D5,집행형(부담 낮음),자본·조직변동,"주식의 병합, 분할 등 전자등록 변경, 말소",,"화일약품(주) 주권매매거래정지(주식의 병합, 분할 등 전자등록 변경, 말소)"
20260402,18:11:31,Y,457630,(상장폐지),(유니버스 밖),뉴스형(즉시조치),부실·위험,상장폐지사유 발생,대신밸런스제16호기업인수목적(주) 관리종목지정사유추가(상장폐지사유 발생),대신밸런스제16호기업인수목적(주) 주권매매거래정지(상장폐지사유 발생)
20260402,18:14:44,Y,060900,에이전트AI,D8,집행형(부담 낮음),자본·조직변동,"주식의 병합, 분할 등 전자등록 변경, 말소",,"(주)에이전트에이아이 주권매매거래정지(주식의 병합, 분할 등 전자등록 변경, 말소)"
20260402,18:17:55,Y,455310,(상장폐지),(유니버스 밖),뉴스형(즉시조치),부실·위험,상장폐지 사유발생,한화플러스제4호기업인수목적(주) 관리종목지정사유추가(상장폐지사유 발생),한화플러스제4호기업인수목적(주) 주권매매거래정지(상장폐지 사유발생)
20260403,07:36:12,,309710,아이티켐,D2,뉴스형(즉시조치),부실·위험,풍문 또는 보도 관련,(주)아이티켐 조회공시요구(풍문또는보도)(감사의견 비적정설),(주)아이티켐 주권매매거래정지(풍문 또는 보도 관련)
20260403,15:21:38,,230360,(상장폐지),D6,뉴스형(즉시조치),자본·조직변동,"주식교환, 이전",(주)에코마케팅 주식교환ㆍ이전 결정,"(주)에코마케팅 주권매매거래정지(주식교환, 이전)"
20260403,17:13:08,Y,038880,아이에이,D7,집행형(부담 낮음),자본·조직변동,"주식의 병합, 분할 등 전자등록 변경, 말소",,"(주)아이에이 주권매매거래정지(주식의 병합, 분할 등 전자등록 변경, 말소)"
20260403,17:13:22,Y,085810,알티캐스트,D8,집행형(부담 낮음),자본·조직변동,"주식의 병합, 분할 등 전자등록 변경, 말소",,"(주)알티캐스트 주권매매거래정지(주식의 병합, 분할 등 전자등록 변경, 말소)"
20260403,17:19:15,Y,031860,디에이치엑스컴퍼니,(유니버스 밖),뉴스형(즉시조치),부실·위험,풍문 또는 보도 관련,디에이치엑스컴퍼니(주) 조회공시요구(풍문또는보도)(감사의견 비적정설),디에이치엑스컴퍼니(주) 주권매매거래정지(풍문 또는 보도 관련)
20260403,17:27:53,Y,331520,밸로프,D8,집행형(부담 낮음),자본·조직변동,"주식의 병합, 분할 등 전자등록 변경, 말소",,"(주)밸로프 주권매매거래정지(주식의 병합, 분할 등 전자등록 변경, 말소)"
20260403,17:28:09,Y,058450,한주에이알티,D8,집행형(부담 낮음),자본·조직변동,"주식의 병합, 분할 등 전자등록 변경, 말소",,"한주에이알티(주) 주권매매거래정지(주식의 병합, 분할 등 전자등록 변경, 말소)"
20260403,17:28:56,Y,010280,아이티센엔텍,D7,집행형(부담 낮음),자본·조직변동,"주식의 병합, 분할 등 전자등록 변경, 말소",,"(주)아이티센엔텍 주권매매거래정지(주식의 병합, 분할 등 전자등록 변경, 말소)"
20260403,17:36:21,Y,353190,휴럼,D10,집행형(부담 낮음),자본·조직변동,"주식의 병합, 분할 등 전자등록 변경, 말소",,"(주)휴럼 주권매매거래정지(주식의 병합, 분할 등 전자등록 변경, 말소)"
20260406,16:28:10,Y,080720,한국유니온제약,D9,뉴스형(즉시조치),부실·위험,투자자 보호,한국유니온제약 주식회사 기타시장안내(정리매매 보류 관련),한국유니온제약 주식회사 주권매매거래정지(투자자 보호)
20260406,16:51:16,Y,321370,센서뷰,D3,집행형(부담 낮음),자본·조직변동,"주식의 병합, 분할 등 전자등록 변경, 말소",,"주식회사 센서뷰 주권매매거래정지(주식의 병합, 분할 등 전자등록 변경, 말소)"
20260406,16:51:32,Y,086960,MDS테크,D3,집행형(부담 낮음),자본·조직변동,"주식의 병합, 분할 등 전자등록 변경, 말소",,"(주)MDS테크 주권매매거래정지(주식의 병합, 분할 등 전자등록 변경, 말소)"
20260406,16:52:01,Y,054300,팬스타엔터프라이즈,D7,집행형(부담 낮음),자본·조직변동,"주식의 병합, 분할 등 전자등록 변경, 말소",,"(주)팬스타엔터프라이즈 주권매매거래정지(주식의 병합, 분할 등 전자등록 변경, 말소)"
20260406,16:58:58,Y,049630,재영솔루텍,D2,집행형(부담 낮음),자본·조직변동,"주식의 병합, 분할 등 전자등록 변경, 말소",,"재영솔루텍(주) 주권매매거래정지(주식의 병합, 분할 등 전자등록 변경, 말소)"
20260406,17:06:48,Y,115160,휴맥스,D8,집행형(부담 낮음),자본·조직변동,"주식의 병합, 분할 등 전자등록 변경, 말소",,"(주)휴맥스 주권매매거래정지(주식의 병합, 분할 등 전자등록 변경, 말소)"
20260406,17:07:00,Y,028080,휴맥스홀딩스,D8,집행형(부담 낮음),자본·조직변동,"주식의 병합, 분할 등 전자등록 변경, 말소",,"(주)휴맥스홀딩스 주권매매거래정지(주식의 병합, 분할 등 전자등록 변경, 말소)"
20260406,17:13:48,Y,159910,에코글로우,D8,집행형(부담 낮음),자본·조직변동,"주식의 병합, 분할 등 전자등록 변경, 말소",,"(주)에코글로우 주권매매거래정지(주식의 병합, 분할 등 전자등록 변경, 말소)"
20260406,17:31:12,Y,012340,뉴인텍,D9,집행형(부담 낮음),자본·조직변동,"주식의 병합, 분할 등 전자등록 변경, 말소",,"(주)뉴인텍 주권매매거래정지(주식의 병합, 분할 등 전자등록 변경, 말소)"
20260406,17:40:20,Y,115610,이미지스,D5,집행형(부담 낮음),자본·조직변동,"주식의 병합, 분할 등 전자등록 변경, 말소",,"(주)이미지스테크놀로지 주권매매거래정지(주식의 병합, 분할 등 전자등록 변경, 말소)"
20260406,17:40:53,Y,079190,케스피온,D8,집행형(부담 낮음),자본·조직변동,"주식의 병합, 분할 등 전자등록 변경, 말소",,"(주)케스피온 주권매매거래정지(주식의 병합, 분할 등 전자등록 변경, 말소)"
20260407,10:02:23,,043100,알파AI,D7,뉴스형(즉시조치),부실·위험,풍문 또는 보도 관련,(주)알파에이아이 조회공시요구(풍문또는보도)(감사의견 비적정설),(주)알파에이아이 주권매매거래정지(풍문 또는 보도 관련)
20260407,13:12:19,,276040,스코넥,D7,뉴스형(즉시조치),부실·위험,풍문 또는 보도 관련,(주)스코넥엔터테인먼트 조회공시요구(풍문또는보도)(감사의견 비적정설),(주)스코넥엔터테인먼트 주권매매거래정지(풍문 또는 보도 관련)
20260407,15:48:06,Y,011080,형지I&C,D4,집행형(부담 낮음),자본·조직변동,"주식의 병합, 분할 등 전자등록 변경, 말소",,"(주)형지아이앤씨 주권매매거래정지(주식의 병합, 분할 등 전자등록 변경, 말소)"
20260407,15:55:52,Y,065060,지엔코,D9,집행형(부담 낮음),자본·조직변동,"주식의 병합, 분할 등 전자등록 변경, 말소",,"(주)지엔코 주권매매거래정지(주식의 병합, 분할 등 전자등록 변경, 말소)"
20260407,15:56:09,Y,078860,아이오케이이엔엠,D7,집행형(부담 낮음),자본·조직변동,"주식의 병합, 분할 등 전자등록 변경, 말소",,"(주)스테이지원엔터 주권매매거래정지(주식의 병합, 분할 등 전자등록 변경, 말소)"
20260407,16:08:17,Y,038620,위즈코프,D8,집행형(부담 낮음),자본·조직변동,"주식의 병합, 분할 등 전자등록 변경, 말소",,"위즈코프(주) 주권매매거래정지(주식의 병합, 분할 등 전자등록 변경, 말소)"
20260407,16:11:46,Y,115310,인포바인,D7,집행형(부담 낮음),자본·조직변동,"주식의 병합, 분할 등 전자등록 변경, 말소",,"(주)인포바인 주권매매거래정지(주식의 병합, 분할 등 전자등록 변경, 말소)"
20260407,17:17:14,Y,032800,판타지오,D8,집행형(부담 낮음),자본·조직변동,"주식의 병합, 분할 등 전자등록 변경, 말소",,"(주)판타지오 주권매매거래정지(주식의 병합, 분할 등 전자등록 변경, 말소)"
20260407,17:18:09,Y,276730,한울앤제주,D6,집행형(부담 낮음),자본·조직변동,"주식의 병합, 분할 등 전자등록 변경, 말소",,"(주)한울앤제주 주권매매거래정지(주식의 병합, 분할 등 전자등록 변경, 말소)"
20260407,17:45:54,Y,112290,와이씨켐,D2,집행형(부담 낮음),자본·조직변동,"주식의 병합, 분할 등 전자등록 변경, 말소",,"와이씨켐(주) 주권매매거래정지(주식의 병합, 분할 등 전자등록 변경, 말소)"
20260407,17:46:22,Y,101930,인화정공,D7,집행형(부담 낮음),자본·조직변동,"주식의 병합, 분할 등 전자등록 변경, 말소",,"인화정공(주) 주권매매거래정지(주식의 병합, 분할 등 전자등록 변경, 말소)"
20260407,17:57:08,Y,057680,티사이언티픽,D7,집행형(부담 낮음),자본·조직변동,"주식의 병합, 분할 등 전자등록 변경, 말소",,"(주)티사이언티픽 주권매매거래정지(주식의 병합, 분할 등 전자등록 변경, 말소)"
20260407,20:37:40,,288330,파라택시스코리아,D3,뉴스형(즉시조치),부실·위험,상장적격성 실질심사 대상(사유발생,파라택시스 코리아(주) 기타시장안내(상장적격성 실질심사 관련 안내),파라택시스 코리아(주) 주권매매거래정지(상장적격성 실질심사 대상(사유발생))
20260408,15:48:26,Y,019570,플루토스,D8,뉴스형(즉시조치),자본·조직변동,자본감소,(주)플루토스투자 감자결정,(주)플루토스투자 주권매매거래정지(자본감소)
20260408,16:08:50,Y,101400,엔시트론,D8,집행형(부담 낮음),자본·조직변동,"주식의 병합, 분할 등 전자등록 변경, 말소",,"엔시트론(주) 주권매매거래정지(주식의 병합, 분할 등 전자등록 변경, 말소)"
20260408,16:09:01,Y,018700,졸스,D10,집행형(부담 낮음),자본·조직변동,"주식의 병합, 분할 등 전자등록 변경, 말소",,"(주)바른손 주권매매거래정지(주식의 병합, 분할 등 전자등록 변경, 말소)"
20260408,16:51:41,Y,049120,파인디앤씨,D10,집행형(부담 낮음),자본·조직변동,"주식의 병합, 분할 등 전자등록 변경, 말소",,"(주)파인디앤씨 주권매매거래정지(주식의 병합, 분할 등 전자등록 변경, 말소)"
20260408,17:22:56,Y,051780,큐로홀딩스,D8,집행형(부담 낮음),자본·조직변동,"주식의 병합, 분할 등 전자등록 변경, 말소",,"(주)큐로홀딩스 주권매매거래정지(주식의 병합, 분할 등 전자등록 변경, 말소)"
20260408,17:24:17,Y,035620,바른손이앤에이,D10,집행형(부담 낮음),자본·조직변동,"주식의 병합, 분할 등 전자등록 변경, 말소",,"(주)바른손이앤에이 주권매매거래정지(주식의 병합, 분할 등 전자등록 변경, 말소)"
20260408,17:24:52,Y,096630,에스코넥,D6,집행형(부담 낮음),자본·조직변동,"주식의 병합, 분할 등 전자등록 변경, 말소",,"주식회사에스코넥 주권매매거래정지(주식의 병합, 분할 등 전자등록 변경, 말소)"
20260408,17:24:54,Y,123840,뉴온,(유니버스 밖),집행형(부담 낮음),자본·조직변동,"주식의 병합, 분할 등 전자등록 변경, 말소",,"(주)뉴온 주권매매거래정지(주식의 병합, 분할 등 전자등록 변경, 말소)"
20260408,18:43:11,Y,452670,(상장폐지),(유니버스 밖),뉴스형(즉시조치),부실·위험,상장폐지 사유발생,상상인제4호기업인수목적 주식회사 상장폐지,상상인제4호기업인수목적 주식회사 주권매매거래정지(상장폐지 사유발생)
20260409,15:31:12,,033200,모아텍,(유니버스 밖),뉴스형(즉시조치),자본·조직변동,이익소각,(주)모아텍 주식소각 결정,(주)모아텍 주권매매거래정지(이익소각)
20260409,16:01:29,Y,083640,인콘,D9,집행형(부담 낮음),자본·조직변동,"주식의 병합, 분할 등 전자등록 변경, 말소",,"(주)인콘 주권매매거래정지(주식의 병합, 분할 등 전자등록 변경, 말소)"
20260409,16:01:37,Y,389680,유디엠텍,D6,집행형(부담 낮음),자본·조직변동,"주식의 병합, 분할 등 전자등록 변경, 말소",,"(주)유디엠텍 주권매매거래정지(주식의 병합, 분할 등 전자등록 변경, 말소)"
20260409,16:01:46,Y,053950,경남제약,D6,집행형(부담 낮음),자본·조직변동,"주식의 병합, 분할 등 전자등록 변경, 말소",,"경남제약 주식회사 주권매매거래정지(주식의 병합, 분할 등 전자등록 변경, 말소)"
20260409,17:05:35,Y,040350,크레오에스지,D8,집행형(부담 낮음),자본·조직변동,"주식의 병합, 분할 등 전자등록 변경, 말소",,"(주)크레오에스지 주권매매거래정지(주식의 병합, 분할 등 전자등록 변경, 말소)"
20260409,17:05:52,Y,080530,코디,D8,집행형(부담 낮음),자본·조직변동,"주식의 병합, 분할 등 전자등록 변경, 말소",,"(주)코디 주권매매거래정지(주식의 병합, 분할 등 전자등록 변경, 말소)"
20260409,17:06:27,Y,270520,앱튼,D4,집행형(부담 낮음),자본·조직변동,"주식의 병합, 분할 등 전자등록 변경, 말소",,"(주)앱튼 주권매매거래정지(주식의 병합, 분할 등 전자등록 변경, 말소)"
20260409,17:06:39,Y,205470,휴마시스,D3,집행형(부담 낮음),자본·조직변동,"주식의 병합, 분할 등 전자등록 변경, 말소",,"휴마시스(주) 주권매매거래정지(주식의 병합, 분할 등 전자등록 변경, 말소)"
20260409,17:24:06,Y,303030,지니틱스,D8,집행형(부담 낮음),자본·조직변동,"주식의 병합, 분할 등 전자등록 변경, 말소",,"(주)지니틱스 주권매매거래정지(주식의 병합, 분할 등 전자등록 변경, 말소)"
20260409,17:25:12,Y,038530,케이바이오랩스,D7,집행형(부담 낮음),자본·조직변동,"주식의 병합, 분할 등 전자등록 변경, 말소",,"(주)케이바이오컴퍼니 주권매매거래정지(주식의 병합, 분할 등 전자등록 변경, 말소)"
20260409,17:25:30,Y,262840,아이퀘스트,D9,집행형(부담 낮음),자본·조직변동,"주식의 병합, 분할 등 전자등록 변경, 말소",,"(주)아이퀘스트 주권매매거래정지(주식의 병합, 분할 등 전자등록 변경, 말소)"
20260409,17:38:02,Y,225430,케이엠제약,D10,집행형(부담 낮음),자본·조직변동,"주식의 병합, 분할 등 전자등록 변경, 말소",,"케이엠제약(주) 주권매매거래정지(주식의 병합, 분할 등 전자등록 변경, 말소)"
20260409,17:38:19,Y,042040,케이피엠테크,D9,집행형(부담 낮음),자본·조직변동,"주식의 병합, 분할 등 전자등록 변경, 말소",,"(주)케이피엠테크 주권매매거래정지(주식의 병합, 분할 등 전자등록 변경, 말소)"
20260409,17:38:44,Y,060560,HC홈센타,D10,집행형(부담 낮음),자본·조직변동,"주식의 병합, 분할 등 전자등록 변경, 말소",,"주식회사 에이치씨홈센타 주권매매거래정지(주식의 병합, 분할 등 전자등록 변경, 말소)"
20260409,17:38:56,Y,317240,TS트릴리온,D6,집행형(부담 낮음),자본·조직변동,"주식의 병합, 분할 등 전자등록 변경, 말소",,"(주)티에스트릴리온 주권매매거래정지(주식의 병합, 분할 등 전자등록 변경, 말소)"
20260409,17:52:05,Y,043710,코스리거글로벌,D10,집행형(부담 낮음),자본·조직변동,"주식의 병합, 분할 등 전자등록 변경, 말소",,"(주)서울리거 주권매매거래정지(주식의 병합, 분할 등 전자등록 변경, 말소)"
20260409,18:23:15,Y,044480,빌리언스,D6,집행형(부담 낮음),자본·조직변동,"주식의 병합, 분할 등 전자등록 변경, 말소",,"(주)빌리언스 주권매매거래정지(주식의 병합, 분할 등 전자등록 변경, 말소)"
20260410,10:46:19,,187870,디바이스,D7,뉴스형(즉시조치),자본·조직변동,무상증자,(주)디바이스 무상증자결정,(주)디바이스 주권매매거래정지(무상증자)
20260410,15:48:08,Y,069920,엑시온그룹,D7,집행형(부담 낮음),자본·조직변동,"주식의 병합, 분할 등 전자등록 변경, 말소",,"(주)엑시온그룹 주권매매거래정지(주식의 병합, 분할 등 전자등록 변경, 말소)"
20260410,15:49:29,Y,356860,티엘비,D2,뉴스형(즉시조치),자본·조직변동,무상증자,(주)티엘비 유무상증자결정(주주배정후 실권주 일반공모),(주)티엘비 주권매매거래정지(무상증자)
20260410,15:52:08,Y,320000,한울반도체,D5,집행형(부담 낮음),자본·조직변동,"주식의 병합, 분할 등 전자등록 변경, 말소",,"(주)한울반도체 주권매매거래정지(주식의 병합, 분할 등 전자등록 변경, 말소)"
20260410,16:03:30,Y,208640,썸에이지,D7,뉴스형(즉시조치),자본·조직변동,자본감소,(주)썸에이지 감자결정,(주)썸에이지 주권매매거래정지(자본감소)
20260410,17:10:04,Y,052300,오션인더블유,D10,집행형(부담 낮음),자본·조직변동,"주식의 병합, 분할 등 전자등록 변경, 말소",,"(주)오션인더블유 주권매매거래정지(주식의 병합, 분할 등 전자등록 변경, 말소)"
20260414,16:22:23,Y,348080,큐라티스,D7,뉴스형(즉시조치),자본·조직변동,자본감소,(주)큐라티스 감자결정,(주)큐라티스 주권매매거래정지(자본감소)
20260414,17:16:56,Y,037950,엘컴텍,D4,집행형(부담 낮음),자본·조직변동,"주식의 병합, 분할 등 전자등록 변경, 말소",,"엘컴텍(주) 주권매매거래정지(주식의 병합, 분할 등 전자등록 변경, 말소)"
20260414,17:32:46,Y,097780,에코볼트,D10,집행형(부담 낮음),자본·조직변동,"주식의 병합, 분할 등 전자등록 변경, 말소",,"에코볼트(주) 주권매매거래정지(주식의 병합, 분할 등 전자등록 변경, 말소)"
20260414,18:01:41,Y,223310,사토시홀딩스,D7,집행형(부담 낮음),자본·조직변동,"주식의 병합, 분할 등 전자등록 변경, 말소",,"사토시홀딩스(주) 주권매매거래정지(주식의 병합, 분할 등 전자등록 변경, 말소)"
20260415,15:44:51,Y,049470,비트플래닛,D6,집행형(부담 낮음),자본·조직변동,"주식의 병합, 분할 등 전자등록 변경, 말소",,"(주)비트플래닛 주권매매거래정지(주식의 병합, 분할 등 전자등록 변경, 말소)"
20260415,15:45:21,Y,328380,솔트웨어,D8,집행형(부담 낮음),자본·조직변동,"주식의 병합, 분할 등 전자등록 변경, 말소",,"솔트웨어 주식회사 주권매매거래정지(주식의 병합, 분할 등 전자등록 변경, 말소)"
20260415,16:54:19,Y,008290,원풍물산,D10,집행형(부담 낮음),자본·조직변동,"주식의 병합, 분할 등 전자등록 변경, 말소",,"원풍물산(주) 주권매매거래정지(주식의 병합, 분할 등 전자등록 변경, 말소)"
20260417,13:58:15,,309930,조이웍스앤코,D9,뉴스형(즉시조치),자본·조직변동,무상증자,(주)조이웍스앤코 무상증자결정,(주)조이웍스앤코 주권매매거래정지(무상증자)
20260420,16:11:54,Y,298060,풍전약품,D8,집행형(부담 낮음),자본·조직변동,"주식의 병합, 분할 등 전자등록 변경, 말소",,"에스씨엠생명과학(주) 주권매매거래정지(주식의 병합, 분할 등 전자등록 변경, 말소)"
20260420,17:07:08,Y,466910,(상장폐지),(유니버스 밖),집행형(부담 낮음),자본·조직변동,SPAC 소멸합병,,엔에이치기업인수목적30호 주식회사 주권매매거래정지(SPAC 소멸합병)
20260421,16:03:38,Y,097800,윈팩,D5,집행형(부담 낮음),자본·조직변동,"주식의 병합, 분할 등 전자등록 변경, 말소",,"(주)윈팩 주권매매거래정지(주식의 병합, 분할 등 전자등록 변경, 말소)"
20260421,16:06:36,Y,373200,엑스플러스,D5,집행형(부담 낮음),자본·조직변동,"주식의 병합, 분할 등 전자등록 변경, 말소",,"(주)엑스플러스 주권매매거래정지(주식의 병합, 분할 등 전자등록 변경, 말소)"
20260421,16:09:34,Y,104040,디에스엠,D7,집행형(부담 낮음),자본·조직변동,"주식의 병합, 분할 등 전자등록 변경, 말소",,"(주)디에스엠 주권매매거래정지(주식의 병합, 분할 등 전자등록 변경, 말소)"
20260421,16:16:18,Y,256630,포인트엔지니어링,D10,집행형(부담 낮음),자본·조직변동,"주식의 병합, 분할 등 전자등록 변경, 말소",,"(주)포인트엔지니어링 주권매매거래정지(주식의 병합, 분할 등 전자등록 변경, 말소)"
20260421,16:35:36,Y,040610,SG&G,D9,집행형(부담 낮음),자본·조직변동,"주식의 병합, 분할 등 전자등록 변경, 말소",,"(주)에스지엔지 주권매매거래정지(주식의 병합, 분할 등 전자등록 변경, 말소)"
20260421,16:51:43,Y,424760,벨로크,D8,집행형(부담 낮음),자본·조직변동,"주식의 병합, 분할 등 전자등록 변경, 말소",,"주식회사 벨로크 주권매매거래정지(주식의 병합, 분할 등 전자등록 변경, 말소)"
20260421,16:59:09,Y,131180,딜리,D10,집행형(부담 낮음),자본·조직변동,"주식의 병합, 분할 등 전자등록 변경, 말소",,"(주)딜리 주권매매거래정지(주식의 병합, 분할 등 전자등록 변경, 말소)"
20260421,17:05:20,Y,092600,앤씨앤,D7,집행형(부담 낮음),자본·조직변동,"주식의 병합, 분할 등 전자등록 변경, 말소",,"(주)앤씨앤 주권매매거래정지(주식의 병합, 분할 등 전자등록 변경, 말소)"
20260421,17:20:16,Y,115480,씨유메디칼,D10,집행형(부담 낮음),자본·조직변동,"주식의 병합, 분할 등 전자등록 변경, 말소",,"(주)씨유메디칼시스템 주권매매거래정지(주식의 병합, 분할 등 전자등록 변경, 말소)"
20260421,17:26:44,Y,056730,CNT85,D10,집행형(부담 낮음),자본·조직변동,"주식의 병합, 분할 등 전자등록 변경, 말소",,"씨앤티85(주) 주권매매거래정지(주식의 병합, 분할 등 전자등록 변경, 말소)"
20260421,17:36:11,Y,054220,비츠로시스,D8,집행형(부담 낮음),자본·조직변동,"주식의 병합, 분할 등 전자등록 변경, 말소",,"(주)비츠로시스 주권매매거래정지(주식의 병합, 분할 등 전자등록 변경, 말소)"
20260421,17:36:20,Y,278650,HLB바이오스텝,D4,집행형(부담 낮음),자본·조직변동,"주식의 병합, 분할 등 전자등록 변경, 말소",,"에이치엘비바이오스텝(주) 주권매매거래정지(주식의 병합, 분할 등 전자등록 변경, 말소)"
20260422,15:41:33,Y,333050,이노테나,D9,집행형(부담 낮음),자본·조직변동,"주식의 병합, 분할 등 전자등록 변경, 말소",,"(주)이노테나 주권매매거래정지(주식의 병합, 분할 등 전자등록 변경, 말소)"
20260422,15:47:17,Y,008830,대동기어,D1,뉴스형(즉시조치),자본·조직변동,무상증자,대동기어(주) 유무상증자결정(주주배정후 실권주 일반공모),대동기어(주) 주권매매거래정지(무상증자)
20260422,15:49:22,Y,027580,상보,D4,집행형(부담 낮음),자본·조직변동,"주식의 병합, 분할 등 전자등록 변경, 말소",,"(주)상보 주권매매거래정지(주식의 병합, 분할 등 전자등록 변경, 말소)"
20260422,16:06:24,Y,019550,SBI인베스트먼트,D7,집행형(부담 낮음),자본·조직변동,"주식의 병합, 분할 등 전자등록 변경, 말소",,"에스비아이인베스트먼트(주) 주권매매거래정지(주식의 병합, 분할 등 전자등록 변경, 말소)"
20260422,16:08:14,Y,096690,에이루트,D9,집행형(부담 낮음),자본·조직변동,"주식의 병합, 분할 등 전자등록 변경, 말소",,"(주)에이루트 주권매매거래정지(주식의 병합, 분할 등 전자등록 변경, 말소)"
20260422,16:58:56,Y,043340,에쎈테크,D10,집행형(부담 낮음),자본·조직변동,"주식의 병합, 분할 등 전자등록 변경, 말소",,"(주)에쎈테크 주권매매거래정지(주식의 병합, 분할 등 전자등록 변경, 말소)"
20260422,17:23:11,Y,065770,CS,D8,집행형(부담 낮음),자본·조직변동,"주식의 병합, 분할 등 전자등록 변경, 말소",,"(주)씨에스 주권매매거래정지(주식의 병합, 분할 등 전자등록 변경, 말소)"
20260422,17:23:18,Y,417180,핑거스토리,D5,집행형(부담 낮음),자본·조직변동,"주식의 병합, 분할 등 전자등록 변경, 말소",,"(주)핑거스토리 주권매매거래정지(주식의 병합, 분할 등 전자등록 변경, 말소)"
20260422,17:23:37,Y,064800,포니링크,D5,집행형(부담 낮음),자본·조직변동,"주식의 병합, 분할 등 전자등록 변경, 말소",,"(주)포니링크 주권매매거래정지(주식의 병합, 분할 등 전자등록 변경, 말소)"
20260422,18:01:56,Y,452980,(상장폐지),(유니버스 밖),뉴스형(즉시조치),부실·위험,상장폐지 사유발생,신한제11호기업인수목적 주식회사 상장폐지,신한제11호기업인수목적 주식회사 주권매매거래정지(상장폐지 사유발생)
20260423,16:34:53,Y,018620,우진비앤지,D10,집행형(부담 낮음),자본·조직변동,"주식의 병합, 분할 등 전자등록 변경, 말소",,"우진비앤지(주) 주권매매거래정지(주식의 병합, 분할 등 전자등록 변경, 말소)"
20260423,17:22:02,Y,016600,큐캐피탈,D8,집행형(부담 낮음),자본·조직변동,"주식의 병합, 분할 등 전자등록 변경, 말소",,"큐캐피탈파트너스(주) 주권매매거래정지(주식의 병합, 분할 등 전자등록 변경, 말소)"
20260423,17:29:43,Y,078130,국일제지,D5,집행형(부담 낮음),자본·조직변동,"주식의 병합, 분할 등 전자등록 변경, 말소",,"국일제지(주) 주권매매거래정지(주식의 병합, 분할 등 전자등록 변경, 말소)"
20260423,17:43:59,Y,072770,멤레이비티,D6,집행형(부담 낮음),자본·조직변동,"주식의 병합, 분할 등 전자등록 변경, 말소",,"(주)멤레이비티 주권매매거래정지(주식의 병합, 분할 등 전자등록 변경, 말소)"
20260424,16:01:13,Y,348340,뉴로메카,D2,뉴스형(즉시조치),자본·조직변동,무상증자,주식회사 뉴로메카 유무상증자결정(주주배정후 실권주 일반공모),주식회사 뉴로메카 주권매매거래정지(무상증자)
20260424,16:21:17,Y,013720,청보,D8,뉴스형(즉시조치),자본·조직변동,자본감소,더큐브앤(주) 감자결정,더큐브앤(주) 주권매매거래정지(자본감소)
20260424,16:46:08,Y,036090,위지트,D5,집행형(부담 낮음),자본·조직변동,"주식의 병합, 분할 등 전자등록 변경, 말소",,"(주)위지트 주권매매거래정지(주식의 병합, 분할 등 전자등록 변경, 말소)"
20260424,16:49:38,Y,023790,동일스틸럭스,D5,집행형(부담 낮음),자본·조직변동,"주식의 병합, 분할 등 전자등록 변경, 말소",,"동일스틸럭스(주) 주권매매거래정지(주식의 병합, 분할 등 전자등록 변경, 말소)"
20260424,16:49:46,Y,193250,링크드,D9,집행형(부담 낮음),자본·조직변동,"주식의 병합, 분할 등 전자등록 변경, 말소",,"(주)링크드 주권매매거래정지(주식의 병합, 분할 등 전자등록 변경, 말소)"
20260424,16:56:13,Y,073570,리튬포어스,D3,집행형(부담 낮음),자본·조직변동,"주식의 병합, 분할 등 전자등록 변경, 말소",,"(주)리튬포어스 주권매매거래정지(주식의 병합, 분할 등 전자등록 변경, 말소)"
20260424,17:03:58,Y,009730,이렘,D4,뉴스형(즉시조치),자본·조직변동,자본감소,(주)이렘 감자결정,(주)이렘 주권매매거래정지(자본감소)
20260424,17:06:05,Y,225590,패션플랫폼,D10,집행형(부담 낮음),자본·조직변동,"주식의 병합, 분할 등 전자등록 변경, 말소",,"패션플랫폼(주) 주권매매거래정지(주식의 병합, 분할 등 전자등록 변경, 말소)"
20260424,17:06:41,Y,131760,파인텍,D7,집행형(부담 낮음),자본·조직변동,"주식의 병합, 분할 등 전자등록 변경, 말소",,"(주)파인텍 주권매매거래정지(주식의 병합, 분할 등 전자등록 변경, 말소)"
20260424,17:07:43,Y,078590,휴림에이텍,D6,집행형(부담 낮음),자본·조직변동,"주식의 병합, 분할 등 전자등록 변경, 말소",,"(주)휴림에이텍 주권매매거래정지(주식의 병합, 분할 등 전자등록 변경, 말소)"
20260424,17:08:19,Y,900070,글로벌에스엠,(유니버스 밖),집행형(부담 낮음),자본·조직변동,"주식의 병합, 분할 등 전자등록 변경, 말소",,"글로벌에스엠테크리미티드 주권매매거래정지(주식의 병합, 분할 등 전자등록 변경, 말소)"
20260424,17:08:32,Y,198940,한주라이트메탈,D9,집행형(부담 낮음),자본·조직변동,"주식의 병합, 분할 등 전자등록 변경, 말소",,"한주라이트메탈(주) 주권매매거래정지(주식의 병합, 분할 등 전자등록 변경, 말소)"
20260424,17:09:07,Y,027040,서울전자통신,D9,집행형(부담 낮음),자본·조직변동,"주식의 병합, 분할 등 전자등록 변경, 말소",,"서울전자통신(주) 주권매매거래정지(주식의 병합, 분할 등 전자등록 변경, 말소)"
20260424,17:09:28,Y,234100,폴라리스세원,D5,집행형(부담 낮음),자본·조직변동,"주식의 병합, 분할 등 전자등록 변경, 말소",,"(주)폴라리스세원 주권매매거래정지(주식의 병합, 분할 등 전자등록 변경, 말소)"
20260424,17:24:34,Y,043910,자연과환경,D5,집행형(부담 낮음),자본·조직변동,"주식의 병합, 분할 등 전자등록 변경, 말소",,"(주)자연과환경 주권매매거래정지(주식의 병합, 분할 등 전자등록 변경, 말소)"
20260427,11:06:25,,389260,대명에너지,D4,뉴스형(즉시조치),대형계약,단일판매공급계약,대명에너지 주식회사 단일판매ㆍ공급계약체결,대명에너지 주식회사 주권매매거래정지(단일판매공급계약)
20260427,15:46:17,Y,354200,엔젠바이오,D7,뉴스형(즉시조치),자본·조직변동,자본감소,주식회사 엔젠바이오 감자결정,주식회사 엔젠바이오 주권매매거래정지(자본감소)
20260427,16:07:56,Y,046390,삼화네트웍스,D7,집행형(부담 낮음),자본·조직변동,"주식의 병합, 분할 등 전자등록 변경, 말소",,"(주)삼화네트웍스 주권매매거래정지(주식의 병합, 분할 등 전자등록 변경, 말소)"
20260427,16:25:52,Y,368970,오에스피,D10,집행형(부담 낮음),자본·조직변동,"주식의 병합, 분할 등 전자등록 변경, 말소",,"주식회사 오에스피 주권매매거래정지(주식의 병합, 분할 등 전자등록 변경, 말소)"
20260427,17:27:21,Y,322780,코퍼스코리아,D7,집행형(부담 낮음),자본·조직변동,"주식의 병합, 분할 등 전자등록 변경, 말소",,"(주)코퍼스코리아 주권매매거래정지(주식의 병합, 분할 등 전자등록 변경, 말소)"
20260427,17:27:33,Y,091970,LSK아이로봇,D9,집행형(부담 낮음),자본·조직변동,"주식의 병합, 분할 등 전자등록 변경, 말소",,"나노캠텍(주) 주권매매거래정지(주식의 병합, 분할 등 전자등록 변경, 말소)"
20260427,17:37:40,Y,419540,비스토스,D7,집행형(부담 낮음),자본·조직변동,"주식의 병합, 분할 등 전자등록 변경, 말소",,"주식회사 비스토스 주권매매거래정지(주식의 병합, 분할 등 전자등록 변경, 말소)"
20260428,15:43:32,Y,137940,넥스트아이,D7,집행형(부담 낮음),자본·조직변동,"주식의 병합, 분할 등 전자등록 변경, 말소",,"(주)넥스트아이 주권매매거래정지(주식의 병합, 분할 등 전자등록 변경, 말소)"
20260428,15:43:41,Y,184230,SGA솔루션즈,D7,집행형(부담 낮음),자본·조직변동,"주식의 병합, 분할 등 전자등록 변경, 말소",,"에스지에이 솔루션즈(주) 주권매매거래정지(주식의 병합, 분할 등 전자등록 변경, 말소)"
20260428,15:46:43,Y,088290,이원컴포텍,D9,집행형(부담 낮음),자본·조직변동,"주식의 병합, 분할 등 전자등록 변경, 말소",,"이원컴포텍(주) 주권매매거래정지(주식의 병합, 분할 등 전자등록 변경, 말소)"
20260428,15:47:01,Y,227610,아우딘퓨쳐스,D10,집행형(부담 낮음),자본·조직변동,"주식의 병합, 분할 등 전자등록 변경, 말소",,"(주)아우딘퓨쳐스 주권매매거래정지(주식의 병합, 분할 등 전자등록 변경, 말소)"
20260428,16:24:47,Y,226340,본느,D4,집행형(부담 낮음),자본·조직변동,"주식의 병합, 분할 등 전자등록 변경, 말소",,"(주)본느 주권매매거래정지(주식의 병합, 분할 등 전자등록 변경, 말소)"
20260428,16:24:57,Y,065650,하이퍼코퍼레이션,D7,집행형(부담 낮음),자본·조직변동,"주식의 병합, 분할 등 전자등록 변경, 말소",,"(주)하이퍼코퍼레이션 주권매매거래정지(주식의 병합, 분할 등 전자등록 변경, 말소)"
20260428,16:26:07,Y,066910,손오공,D7,집행형(부담 낮음),자본·조직변동,"주식의 병합, 분할 등 전자등록 변경, 말소",,"(주)손오공 주권매매거래정지(주식의 병합, 분할 등 전자등록 변경, 말소)"
20260428,16:26:18,Y,115530,씨엔플러스,D9,집행형(부담 낮음),자본·조직변동,"주식의 병합, 분할 등 전자등록 변경, 말소",,"(주)씨엔플러스 주권매매거래정지(주식의 병합, 분할 등 전자등록 변경, 말소)"
20260428,16:26:31,Y,052420,오성첨단소재,D2,집행형(부담 낮음),자본·조직변동,"주식의 병합, 분할 등 전자등록 변경, 말소",,"오성첨단소재(주) 주권매매거래정지(주식의 병합, 분할 등 전자등록 변경, 말소)"
20260428,16:26:44,Y,227950,엔투텍,D8,집행형(부담 낮음),자본·조직변동,"주식의 병합, 분할 등 전자등록 변경, 말소",,"(주)엔투텍 주권매매거래정지(주식의 병합, 분할 등 전자등록 변경, 말소)"
20260428,16:40:20,Y,140430,카티스,D3,집행형(부담 낮음),자본·조직변동,"주식의 병합, 분할 등 전자등록 변경, 말소",,"(주)카티스 주권매매거래정지(주식의 병합, 분할 등 전자등록 변경, 말소)"
20260428,17:19:29,Y,109960,앱토크롬,D9,집행형(부담 낮음),자본·조직변동,"주식의 병합, 분할 등 전자등록 변경, 말소","(주)앱토크롬 신주인수권증권 매매거래정지(주식의 병합, 분할 등 전자등록 변경, 말소)","(주)앱토크롬 주권매매거래정지(주식의 병합, 분할 등 전자등록 변경, 말소)"
20260428,17:20:48,Y,258790,소프트캠프,D7,집행형(부담 낮음),자본·조직변동,"주식의 병합, 분할 등 전자등록 변경, 말소",,"소프트캠프(주) 주권매매거래정지(주식의 병합, 분할 등 전자등록 변경, 말소)"
20260428,17:20:56,Y,032680,소프트센,D6,집행형(부담 낮음),자본·조직변동,"주식의 병합, 분할 등 전자등록 변경, 말소",,"(주) 소프트센 주권매매거래정지(주식의 병합, 분할 등 전자등록 변경, 말소)"
20260428,17:29:16,Y,061040,알에프텍,D8,집행형(부담 낮음),자본·조직변동,"주식의 병합, 분할 등 전자등록 변경, 말소",,"(주)알에프텍 주권매매거래정지(주식의 병합, 분할 등 전자등록 변경, 말소)"
20260429,16:05:11,Y,309930,조이웍스앤코,D9,집행형(부담 낮음),자본·조직변동,"주식의 병합, 분할 등 전자등록 변경, 말소",,"(주)조이웍스앤코 주권매매거래정지(주식의 병합, 분할 등 전자등록 변경, 말소)"
20260429,17:21:37,Y,032790,엠젠솔루션,D8,집행형(부담 낮음),자본·조직변동,"주식의 병합, 분할 등 전자등록 변경, 말소",,"(주)엠젠솔루션 주권매매거래정지(주식의 병합, 분할 등 전자등록 변경, 말소)"
20260429,18:17:09,Y,900340,윙입푸드,(유니버스 밖),집행형(부담 낮음),자본·조직변동,"주식의 병합, 분할 등 전자등록 변경, 말소",,"윙입푸드홀딩스 주권매매거래정지(주식의 병합, 분할 등 전자등록 변경, 말소)"
20260430,17:07:07,Y,043590,웰킵스하이텍,D9,집행형(부담 낮음),자본·조직변동,"주식의 병합, 분할 등 전자등록 변경, 말소",,"웰킵스하이텍(주) 주권매매거래정지(주식의 병합, 분할 등 전자등록 변경, 말소)"
20260430,18:01:32,Y,900110,딥커머스,(유니버스 밖),집행형(부담 낮음),자본·조직변동,"주식의 병합, 분할 등 전자등록 변경, 말소",,"이스트아시아홀딩스인베스트먼트리미티드 주권매매거래정지(주식의 병합, 분할 등 전자등록 변경, 말소)"
20260506,18:10:53,Y,462020,(상장폐지),(유니버스 밖),뉴스형(즉시조치),부실·위험,상장폐지 사유발생,에이치엠씨아이비제6호기업인수목적 주식회사 관리종목지정사유추가(상장폐지사유 발생),에이치엠씨아이비제6호기업인수목적 주식회사 주권매매거래정지(상장폐지 사유발생)
20260507,17:00:08,Y,097780,에코볼트,D10,집행형(부담 낮음),자본·조직변동,"주식의 병합, 분할 등 전자등록 변경, 말소",,"에코볼트(주) 주권매매거래정지(주식의 병합, 분할 등 전자등록 변경, 말소)"
20260507,18:08:55,Y,900120,씨엑스아이,(유니버스 밖),집행형(부담 낮음),자본·조직변동,"주식의 병합, 분할 등 전자등록 변경, 말소",,"씨엑스아이헬스케어테크놀리지그룹리미티드 주권매매거래정지(주식의 병합, 분할 등 전자등록 변경, 말소)"
20260508,16:00:07,Y,035290,골드앤에스,D9,집행형(부담 낮음),자본·조직변동,"주식의 병합, 분할 등 전자등록 변경, 말소",,"(주)골드앤에스 주권매매거래정지(주식의 병합, 분할 등 전자등록 변경, 말소)"
20260512,15:55:29,Y,950220,네오이뮨텍,(유니버스 밖),집행형(부담 낮음),자본·조직변동,"주식의 병합, 분할 등 전자등록 변경, 말소",,"주식회사 네오이뮨텍 주권매매거래정지(주식의 병합, 분할 등 전자등록 변경, 말소)"
20260512,16:51:35,Y,900310,컬러레이,(유니버스 밖),집행형(부담 낮음),자본·조직변동,"주식의 병합, 분할 등 전자등록 변경, 말소",,"컬러레이홀딩스 주권매매거래정지(주식의 병합, 분할 등 전자등록 변경, 말소)"
20260512,17:25:53,Y,482680,미래에셋비전스팩7호,(유니버스 밖),뉴스형(즉시조치),자본·조직변동,SPAC 합병(예비심사청구대상,미래에셋비전기업인수목적7호 주식회사 회사합병 결정(SPAC 소멸합병),미래에셋비전기업인수목적7호 주식회사 주권매매거래정지(SPAC 합병(예비심사청구대상))
20260512,17:51:32,Y,183300,코미코,D2,뉴스형(즉시조치),자본·조직변동,무상증자,(주)코미코 무상증자결정,(주)코미코 주권매매거래정지(무상증자)
20260513,17:14:33,Y,451700,(상장폐지),(유니버스 밖),집행형(부담 낮음),자본·조직변동,SPAC 소멸합병,,엔에이치기업인수목적29호 주식회사 주권매매거래정지(SPAC 소멸합병)
20260514,18:09:08,Y,900110,딥커머스,(유니버스 밖),집행형(부담 낮음),자본·조직변동,"주식의 병합, 분할 등 전자등록 변경, 말소",,"이스트아시아홀딩스인베스트먼트리미티드 주권매매거래정지(주식의 병합, 분할 등 전자등록 변경, 말소)"
20260515,16:01:32,Y,067630,HLB생명과학,D1,뉴스형(즉시조치),부실·위험,중요한 영업정지,에이치엘비생명과학(주) 영업정지,에이치엘비생명과학(주) 주권매매거래정지(중요한 영업정지)
20260518,18:09:06,Y,243070,휴온스,D7,뉴스형(즉시조치),자본·조직변동,우회상장여부 및 요건충족확인,(주)휴온스 회사합병 결정,(주)휴온스 주권매매거래정지(우회상장여부 및 요건충족확인)
20260520,13:59:09,,041590,플래스크,(유니버스 밖),뉴스형(즉시조치),부실·위험,투자자 보호,(주)플래스크 기타시장안내(정리매매 보류 관련),(주)플래스크 주권매매거래정지(투자자 보호)
20260520,15:49:17,Y,900300,오가닉티코스메틱,(유니버스 밖),집행형(부담 낮음),자본·조직변동,"주식의 병합, 분할 등 전자등록 변경, 말소",오가닉티코스메틱스홀딩스컴퍼니리미티드 추가상장(유상증자(제3자배정)),"오가닉티코스메틱스홀딩스컴퍼니리미티드 주권매매거래정지(주식의 병합, 분할 등 전자등록 변경, 말소)"
20260521,14:49:30,,148780,비큐AI,D5,뉴스형(즉시조치),자본·조직변동,자본감소,(주)비큐에이아이 감자결정,(주)비큐에이아이 주권매매거래정지(자본감소)
20260526,15:56:13,Y,900250,크리스탈신소재,(유니버스 밖),집행형(부담 낮음),자본·조직변동,"주식의 병합, 분할 등 전자등록 변경, 말소",,"차이나크리스탈신소재홀딩스 주권매매거래정지(주식의 병합, 분할 등 전자등록 변경, 말소)"
20260526,16:15:08,Y,900100,파이온엑스,(유니버스 밖),집행형(부담 낮음),자본·조직변동,"주식의 병합, 분할 등 전자등록 변경, 말소",,"파이온엑스 주권매매거래정지(주식의 병합, 분할 등 전자등록 변경, 말소)"
20260526,16:26:26,Y,042040,케이피엠테크,D9,집행형(부담 낮음),자본·조직변동,"주식의 병합, 분할 등 전자등록 변경, 말소",,"(주)케이피엠테크 주권매매거래정지(주식의 병합, 분할 등 전자등록 변경, 말소)"
20260526,18:03:00,Y,464680,(상장폐지),(유니버스 밖),뉴스형(즉시조치),부실·위험,상장폐지 사유발생,케이비제27호기업인수목적(주) 상장폐지,케이비제27호기업인수목적(주) 주권매매거래정지(상장폐지 사유발생)
20260528,17:11:30,Y,079190,케스피온,D8,뉴스형(즉시조치),자본·조직변동,자본감소,(주)케스피온 감자결정(무상감자),(주)케스피온 주권매매거래정지(자본감소)
20260529,11:03:16,,018620,우진비앤지,D10,뉴스형(즉시조치),자본·조직변동,무상증자,우진비앤지(주) 무상증자결정,우진비앤지(주) 주권매매거래정지(무상증자)
20260529,16:12:22,Y,220100,퓨쳐켐,D2,뉴스형(즉시조치),자본·조직변동,무상증자,(주)퓨쳐켐 유무상증자결정(주주배정후 실권주 일반공모),(주)퓨쳐켐 주권매매거래정지(무상증자)
20260529,16:42:00,Y,200230,텔콘RF제약,D6,집행형(부담 낮음),자본·조직변동,"주식의 병합, 분할 등 전자등록 변경, 말소",,"(주)텔콘알에프제약 주권매매거래정지(주식의 병합, 분할 등 전자등록 변경, 말소)"
20260601,16:10:31,Y,290660,다이나믹솔루션,D7,집행형(부담 낮음),자본·조직변동,"주식의 병합, 분할 등 전자등록 변경, 말소",,"(주)다이나믹솔루션 주권매매거래정지(주식의 병합, 분할 등 전자등록 변경, 말소)"
20260601,17:20:05,Y,219750,한국비티비,D9,집행형(부담 낮음),자본·조직변동,"주식의 병합, 분할 등 전자등록 변경, 말소",,"(주)한국비티비 주권매매거래정지(주식의 병합, 분할 등 전자등록 변경, 말소)"
20260601,17:20:43,Y,246690,TS인베스트먼트,D4,집행형(부담 낮음),자본·조직변동,"주식의 병합, 분할 등 전자등록 변경, 말소",,"주식회사 티에스인베스트먼트 주권매매거래정지(주식의 병합, 분할 등 전자등록 변경, 말소)"
20260602,15:44:28,Y,021880,메이슨캐피탈,D7,집행형(부담 낮음),자본·조직변동,"주식의 병합, 분할 등 전자등록 변경, 말소",,"메이슨캐피탈주식회사 주권매매거래정지(주식의 병합, 분할 등 전자등록 변경, 말소)"
20260602,16:06:04,Y,359090,씨엔알리서치,D5,집행형(부담 낮음),자본·조직변동,"주식의 병합, 분할 등 전자등록 변경, 말소",,"(주)씨엔알리서치 주권매매거래정지(주식의 병합, 분할 등 전자등록 변경, 말소)"
20260604,11:16:17,,368970,오에스피,D10,뉴스형(즉시조치),자본·조직변동,무상증자,주식회사 오에스피 무상증자결정,주식회사 오에스피 주권매매거래정지(무상증자)
20260604,17:02:47,Y,208640,썸에이지,D7,집행형(부담 낮음),자본·조직변동,"주식의 병합, 분할 등 전자등록 변경, 말소",,"(주)썸에이지 주권매매거래정지(주식의 병합, 분할 등 전자등록 변경, 말소)"
20260605,15:04:22,,079970,투비소프트,D7,뉴스형(즉시조치),부실·위험,투자자 보호,(주)투비소프트 (정정)상장폐지,(주)투비소프트 주권매매거래정지(투자자 보호)
20260605,16:00:36,Y,033830,티비씨,D10,집행형(부담 낮음),자본·조직변동,"주식의 병합, 분할 등 전자등록 변경, 말소",,"(주)티비씨 주권매매거래정지(주식의 병합, 분할 등 전자등록 변경, 말소)"
20260605,16:03:58,Y,049080,기가레인,D6,집행형(부담 낮음),자본·조직변동,"주식의 병합, 분할 등 전자등록 변경, 말소",,"(주)기가레인 주권매매거래정지(주식의 병합, 분할 등 전자등록 변경, 말소)"
20260605,16:08:08,Y,210120,캔버스엔,D5,집행형(부담 낮음),자본·조직변동,"주식의 병합, 분할 등 전자등록 변경, 말소",,"(주)캔버스엔 주권매매거래정지(주식의 병합, 분할 등 전자등록 변경, 말소)"
20260605,17:47:50,Y,038880,아이에이,D7,집행형(부담 낮음),자본·조직변동,"주식의 병합, 분할 등 전자등록 변경, 말소",,"(주)아이에이 주권매매거래정지(주식의 병합, 분할 등 전자등록 변경, 말소)"
20260605,18:07:32,Y,464440,(상장폐지),(유니버스 밖),뉴스형(즉시조치),부실·위험,상장폐지 사유발생,한국제13호기업인수목적 주식회사 상장폐지,한국제13호기업인수목적 주식회사 주권매매거래정지(상장폐지 사유발생)
20260608,17:28:47,Y,230360,(상장폐지),D6,집행형(부담 낮음),자본·조직변동,"주식의 병합, 분할 등 전자등록 변경, 말소",,"(주)에코마케팅 주권매매거래정지(주식의 병합, 분할 등 전자등록 변경, 말소)"
20260609,15:13:45,,299030,하나기술,D4,뉴스형(즉시조치),대형계약,단일판매공급계약,(주)하나기술 단일판매ㆍ공급계약체결,(주)하나기술 주권매매거래정지(단일판매공급계약)
20260609,16:05:01,Y,043220,티에스넥스젠,D7,뉴스형(즉시조치),부실·위험,투자자 보호,(주)티에스넥스젠 (정정)상장폐지,(주)티에스넥스젠 주권매매거래정지(투자자 보호)
20260609,16:38:29,Y,352770,셀레스트라,D6,뉴스형(즉시조치),부실·위험,투자자 보호,주식회사 셀레스트라 (정정)상장폐지,주식회사 셀레스트라 주권매매거래정지(투자자 보호)
20260610,17:04:36,Y,025440,DH오토웨어,D9,집행형(부담 낮음),자본·조직변동,"주식의 병합, 분할 등 전자등록 변경, 말소",,"(주)디에이치오토웨어 주권매매거래정지(주식의 병합, 분할 등 전자등록 변경, 말소)"
20260612,15:33:28,,016790,현대사료,(유니버스 밖),뉴스형(즉시조치),부실·위험,투자자 보호,현대사료(주) (정정)상장폐지,현대사료(주) 주권매매거래정지(투자자 보호)
20260612,16:22:25,Y,258830,세종메디칼,(유니버스 밖),뉴스형(즉시조치),부실·위험,투자자 보호,(주)세종메디칼 기타시장안내(정리매매 보류 관련),(주)세종메디칼 주권매매거래정지(투자자 보호)
20260612,16:24:07,Y,007720,소노스퀘어,D6,집행형(부담 낮음),자본·조직변동,"주식의 병합, 분할 등 전자등록 변경, 말소",,"(주)소노스퀘어 주권매매거래정지(주식의 병합, 분할 등 전자등록 변경, 말소)"
20260612,17:09:43,Y,019570,플루토스,D8,집행형(부담 낮음),자본·조직변동,"주식의 병합, 분할 등 전자등록 변경, 말소",,"(주)플루토스투자 주권매매거래정지(주식의 병합, 분할 등 전자등록 변경, 말소)"
20260612,18:03:54,Y,065420,에스아이리소스,D8,뉴스형(즉시조치),부실·위험,조회공시 신고시한 위반,,(주)에스아이리소스 주권매매거래정지(조회공시 신고시한 위반)
20260615,16:49:14,Y,476830,알지노믹스,D1,뉴스형(즉시조치),자본·조직변동,무상증자,알지노믹스(주) 무상증자결정,알지노믹스(주) 주권매매거래정지(무상증자)
20260616,15:55:24,Y,002680,한탑,D9,집행형(부담 낮음),자본·조직변동,"주식의 병합, 분할 등 전자등록 변경, 말소",,"(주)한탑 주권매매거래정지(주식의 병합, 분할 등 전자등록 변경, 말소)"
20260616,16:03:38,Y,009730,이렘,D4,집행형(부담 낮음),자본·조직변동,"주식의 병합, 분할 등 전자등록 변경, 말소",,"(주)이렘 주권매매거래정지(주식의 병합, 분할 등 전자등록 변경, 말소)"
20260616,16:34:35,Y,060230,제이케이시냅스,D6,집행형(부담 낮음),자본·조직변동,"주식의 병합, 분할 등 전자등록 변경, 말소",,"제이케이시냅스(주) 주권매매거래정지(주식의 병합, 분할 등 전자등록 변경, 말소)"
20260617,17:42:12,Y,277410,인산가,D8,집행형(부담 낮음),자본·조직변동,"주식의 병합, 분할 등 전자등록 변경, 말소",,"(주)인산가 주권매매거래정지(주식의 병합, 분할 등 전자등록 변경, 말소)"
20260618,16:49:40,Y,354200,엔젠바이오,D7,집행형(부담 낮음),자본·조직변동,"주식의 병합, 분할 등 전자등록 변경, 말소",,"주식회사 엔젠바이오 주권매매거래정지(주식의 병합, 분할 등 전자등록 변경, 말소)"
20260619,17:47:17,Y,469480,IBKS제24호스팩,(유니버스 밖),뉴스형(즉시조치),자본·조직변동,SPAC 합병(예비심사청구대상,아이비케이에스제24호기업인수목적 주식회사 회사합병 결정(SPAC 소멸합병),아이비케이에스제24호기업인수목적 주식회사 주권매매거래정지(SPAC 합병(예비심사청구대상))
20260619,18:24:27,Y,032960,동일기연,D9,집행형(부담 낮음),자본·조직변동,"주식의 병합, 분할 등 전자등록 변경, 말소",,"(주)동일기연 주권매매거래정지(주식의 병합, 분할 등 전자등록 변경, 말소)"
20260623,17:03:02,Y,446840,지슨,D8,집행형(부담 낮음),자본·조직변동,"주식의 병합, 분할 등 전자등록 변경, 말소",,"(주)지슨 주권매매거래정지(주식의 병합, 분할 등 전자등록 변경, 말소)"
20260624,16:03:28,Y,101000,KS인더스트리,D6,뉴스형(즉시조치),자본·조직변동,자본감소,(주)케이에스인더스트리 감자결정,(주)케이에스인더스트리 주권매매거래정지(자본감소)
20260624,16:58:00,Y,051360,토비스,D5,집행형(부담 낮음),자본·조직변동,"주식의 병합, 분할 등 전자등록 변경, 말소",,"(주)토비스 주권매매거래정지(주식의 병합, 분할 등 전자등록 변경, 말소)"
20260625,16:27:19,Y,250930,예선테크,D9,집행형(부담 낮음),자본·조직변동,"주식의 병합, 분할 등 전자등록 변경, 말소",,"(주)예선테크 주권매매거래정지(주식의 병합, 분할 등 전자등록 변경, 말소)"
20260625,17:19:14,Y,079190,케스피온,D8,집행형(부담 낮음),자본·조직변동,"주식의 병합, 분할 등 전자등록 변경, 말소",,"(주)케스피온 주권매매거래정지(주식의 병합, 분할 등 전자등록 변경, 말소)"
20260626,15:58:05,Y,348080,큐라티스,D7,집행형(부담 낮음),자본·조직변동,"주식의 병합, 분할 등 전자등록 변경, 말소",,"(주)큐라티스 주권매매거래정지(주식의 병합, 분할 등 전자등록 변경, 말소)"
20260629,07:59:22,,300080,플리토,D4,뉴스형(즉시조치),대형계약,단일판매공급계약,(주)플리토 (정정)단일판매ㆍ공급계약체결,(주)플리토 주권매매거래정지(단일판매공급계약)
20260629,11:21:34,,494120,큐리오시스,D1,뉴스형(즉시조치),자본·조직변동,무상증자,주식회사 큐리오시스 무상증자결정,주식회사 큐리오시스 주권매매거래정지(무상증자)
20260630,15:27:14,,0099X0,IBKS제25호스팩,(유니버스 밖),뉴스형(즉시조치),자본·조직변동,SPAC 합병(예비심사청구대상,아이비케이에스제25호기업인수목적 주식회사 회사합병 결정(SPAC 소멸합병),아이비케이에스제25호기업인수목적 주식회사 주권매매거래정지(SPAC 합병(예비심사청구대상))
20260630,15:53:26,Y,058400,KNN,D9,집행형(부담 낮음),자본·조직변동,"주식의 병합, 분할 등 전자등록 변경, 말소",,"(주)케이엔엔 주권매매거래정지(주식의 병합, 분할 등 전자등록 변경, 말소)"
20260630,16:05:39,Y,113810,디젠스,D6,집행형(부담 낮음),자본·조직변동,"주식의 병합, 분할 등 전자등록 변경, 말소",,"디젠스(주) 주권매매거래정지(주식의 병합, 분할 등 전자등록 변경, 말소)"
20260630,17:59:25,Y,468760,유진스팩10호,(유니버스 밖),뉴스형(즉시조치),자본·조직변동,SPAC 합병(예비심사청구대상,유진기업인수목적10호 주식회사 회사합병 결정,유진기업인수목적10호 주식회사 주권매매거래정지(SPAC 합병(예비심사청구대상))
