fam,code,name,group,mktcap,shares,spac,trade_gubun
m003,0001A0,덕양에너젠,ST,221325279780,25468962,N,0
m003,000250,삼천당제약,ST,4682111411200,23457472,N,0
m003,000440,중앙에너비스,ST,86993006100,6227130,N,0
m003,0004V0,엔비알모션,ST,73989780480,11010384,N,0
m003,0004Y0,디비금융제14호스팩,ST,10683150000,5315000,Y,0
m003,0007C0,아크릴,ST,134668533480,8030324,N,0
m003,0007J0,인벤테라,ST,65600054760,7865714,N,0
m003,0008Z0,에스엔시스,ST,203829782400,9436564,N,0
m003,0009K0,에임드바이오,ST,1548874305950,64671161,N,0
m003,001000,신라섬유,ST,20611631460,24277540,N,0
m003,0010F0,보원케미칼,ST,25630282300,11143601,N,0
m003,0010V0,제이피아이헬스케어,ST,37933122000,5105400,N,0
m003,0011A0,액스비스,ST,94830798400,9333740,N,0
m003,0011T0,채비,ST,277002586900,46949591,N,0
m003,0013V0,삼진식품,ST,52866436480,9918656,N,0
m003,001540,안국약품,ST,146075104000,13042420,N,0
m003,0015G0,그린광학,ST,193208951910,11702541,N,0
m003,0015N0,아로마티카,ST,67915378800,12576922,N,0
m003,0015S0,페스카로,ST,73211136600,9866730,N,0
m003,0017J0,세미티에스,ST,109395941490,30136623,N,0
m003,001810,무림SP,ST,26498587500,22137500,N,0
m003,001840,이화공영,ST,62588831935,28256809,N,0
m003,002230,피에스텍,ST,91469014800,18705320,N,0
m003,002290,삼일기업공사,ST,41292000000,12400000,N,0
m003,002680,한탑,ST,10373691195,6463359,N,0
m003,002800,신신제약,ST,67053610000,15170500,N,0
m003,003100,선광,ST,126060000000,6600000,N,0
m003,003310,대주산업,ST,57901884600,35392350,N,0
m003,003380,하림지주,ST,1160378233560,112005621,N,0
m003,0037T0,KB제32호스팩,ST,12634680000,6330000,Y,0
m003,003800,에이스침대,ST,354880000000,11090000,N,0
m003,0039P0,매드업,ST,150349336000,18746800,N,0
m003,0041B0,교보18호스팩,ST,10206000000,5040000,Y,0
m003,0041J0,엘에스스팩1호,ST,8191230000,4110000,Y,0
m003,0041L0,하나35호스팩,ST,12180600000,6030000,Y,0
m003,0044K0,삼성스팩10호,ST,15017440000,7520000,Y,0
m003,004590,한국가구,ST,80550000000,15000000,N,0
m003,004650,창해에탄올,ST,86118592450,9190885,N,0
m003,004780,대륙제관,ST,62181508090,15903199,N,0
m003,005160,동국산업,ST,125847198240,54244482,N,0
m003,005290,동진쎄미켐,ST,2403241440900,50970126,N,0
m003,0054V0,엔에이치스팩32호,ST,12588412500,6216500,Y,0
m003,005670,푸드웰,ST,62900000000,10000000,N,0
m003,005710,대원산업,ST,211597056000,20037600,N,0
m003,005860,한일사료,ST,96342009825,39403685,N,0
m003,005990,매일홀딩스,ST,137105514240,13298304,N,0
m003,006050,국영지앤엠,ST,15807545079,34895243,N,0
m003,006140,피제이전자,ST,67115475000,14865000,N,0
m003,006620,동구바이오제약,ST,106886044960,28464992,N,0
m003,006730,서부T&D,ST,693547999170,64276923,N,0
m003,0068Y0,비엔케이제3호스팩,ST,8559660000,4310000,Y,0
m003,006910,보성파워텍,ST,346365259200,49129824,N,0
m003,006920,모헨즈,ST,38929800000,10920000,N,0
m003,0071M0,삼성스팩11호,ST,11606400000,5760000,Y,0
m003,0072Z0,KB제33호스팩,ST,15722690000,7885000,Y,0
m003,007330,푸른저축은행,ST,156710292000,15082800,N,0
m003,007370,진양제약,ST,55124889300,14134587,N,0
m003,007390,네이처셀,ST,1623763411200,64435056,N,0
m003,007530,와이엠,ST,42972920061,22254231,N,0
m003,007680,대원,ST,57056114470,13222738,N,0
m003,007720,소노스퀘어,ST,30139334550,100800450,N,0
m003,007770,한일화학,ST,22955400000,3510000,N,0
m003,007820,엠엑스로보틱스,ST,56295388260,20033946,N,0
m003,008290,원풍물산,ST,5330871818,20346839,N,0
m003,0082N0,카나프테라퓨틱스,ST,175629659200,13265080,N,0
m003,008370,원풍,ST,58680000000,12000000,N,0
m003,008470,부스타,ST,30719544000,8404800,N,0
m003,008830,대동기어,ST,93380332800,8987520,N,0
m003,0088D0,메리츠제1호스팩,ST,12285400000,5795000,Y,0
m003,0088M0,메쥬,ST,147238075000,9881750,N,0
m003,0091W0,신영스팩11호,ST,12257360000,6068000,Y,0
m003,009300,삼아제약,ST,81663400000,6370000,N,0
m003,0093G0,미래에셋비전스팩8호,ST,12768000000,6400000,Y,0
m003,009520,포스코엠텍,ST,483471781830,41642703,N,0
m003,009620,삼보산업,ST,11549684728,17473048,N,0
m003,0096B0,삼성스팩12호,ST,13100780000,6580000,Y,0
m003,0096D0,미래에셋비전스팩9호,ST,10983500000,5500000,Y,0
m003,009730,이렘,ST,12992094206,71779526,N,0
m003,009780,엠에스씨,ST,110000000000,17600000,N,0
m003,0097F0,미래에셋비전스팩10호,ST,12974000000,6500000,Y,0
m003,0098T0,교보19호스팩,ST,10783800000,5400000,Y,0
m003,0099W0,미래에셋비전스팩11호,ST,14000000000,7000000,Y,0
m003,0099X0,IBKS제25호스팩,ST,13036400000,5980000,Y,0
m003,010170,대한광통신,ST,1959119316000,155485660,N,0
m003,0101C0,하나36호스팩,ST,15472260000,7740000,Y,0
m003,010240,흥국,ST,64968300000,11706000,N,0
m003,010280,아이티센엔텍,ST,62062967105,13024757,N,0
m003,010470,오리콤,ST,57480240000,11975050,N,0
m003,0105P0,유진스팩12호,ST,11348300000,5660000,Y,0
m003,011040,경동제약,ST,153689986170,30768766,N,0
m003,011080,형지I&C,ST,8506598760,4296262,N,0
m003,011320,유니크,ST,70906950650,19320695,N,0
m003,011370,서한,ST,82431104705,100894865,N,0
m003,011560,세보엠이씨,ST,239011466400,10084872,N,0
m003,0115H0,삼성스팩13호,ST,14670600000,7350000,Y,0
m003,0117P0,피스피스스튜디오,ST,68719218350,14168911,N,0
m003,012210,삼미금속,ST,162974663530,23051579,N,0
m003,012340,뉴인텍,ST,12772313096,18700312,N,0
m003,012620,원일특강,ST,29568000000,4400000,N,0
m003,012700,리드코프,ST,76488967840,26194852,N,0
m003,012790,신일제약,ST,63288271200,11986415,N,0
m003,012860,모베이스전자,ST,178689635080,73233457,N,0
m003,0129K0,신한제18호스팩,ST,11189420000,5620000,Y,0
m003,013030,하이록코리아,ST,372461757600,11768144,N,0
m003,0130D0,신한제17호스팩,ST,10631940000,5340000,Y,0
m003,0130H0,엔에이치스팩33호,ST,15438500000,7700000,Y,0
m003,013120,동원개발,ST,239279343500,90808100,N,0
m003,0131D0,키움히어로제2호스팩,ST,12493800000,6310000,Y,0
m003,0132G0,교보20호스팩,ST,11874330000,5970000,Y,0
m003,013310,아진산업,ST,102255343570,38806582,N,0
m003,0134X0,대신밸런스제20호스팩,ST,13345200000,6740000,Y,0
m003,013720,청보,ST,26216929633,60828143,N,0
m003,013810,스페코,ST,26511745230,14655470,N,0
m003,013990,아가방컴퍼니,ST,116586315120,32887536,N,0
m003,014100,메디앙스,ST,20543800000,11800000,N,0
m003,014190,원익큐브,ST,42474085200,35395071,N,0
m003,014470,부방,ST,58310744460,60052260,N,0
m003,014570,고려제약,ST,37400000000,11000000,N,0
m003,014620,성광벤드,ST,703770146000,26557364,N,0
m003,014940,오리엔탈정공,ST,213284733480,45573661,N,0
m003,014950,삼익제약,ST,43282818100,10007588,N,0
m003,014970,삼륭물산,ST,66341875000,14825000,N,0
m003,015710,코콤,ST,47332350000,17530500,N,0
m003,015750,성우하이텍,ST,476000000000,80000000,N,0
m003,016100,리더스코스메틱,ST,21870523630,19100894,N,0
m003,016250,SGC E&C,ST,62055667520,5036986,N,0
m003,0164H0,한국제16호스팩,ST,13196250000,6750000,Y,0
m003,0165X0,메리츠제2호스팩,ST,14125240000,7240000,Y,0
m003,016600,큐캐피탈,ST,36439778610,13961601,N,0
m003,016670,디모아,ST,25179757980,10194234,N,0
m003,016790,현대사료,ST,187340898626,188471729,N,0
m003,016920,카스,ST,25778212474,26493538,N,0
m003,017000,신원종합개발,ST,30045169525,11668027,N,0
m003,017250,인터엠,ST,20792921396,21045467,N,0
m003,017480,삼현철강,ST,72736011900,15442890,N,0
m003,017510,세명전기,ST,112363020000,15246000,N,0
m003,017650,대림제지,ST,81612650000,8785000,N,0
m003,017890,한국알콜,ST,285064980400,21273506,N,0
m003,018000,유니슨,ST,241333404120,259498284,N,0
m003,018120,진로발효,ST,109049846400,6621120,N,0
m003,018290,브이티,ST,427338678740,34941838,N,0
m003,018310,삼목에스폼,ST,221088000000,14700000,N,0
m003,018620,우진비앤지,ST,21249589830,6932982,N,0
m003,018680,서울제약,ST,26116874560,11659319,N,0
m003,018700,졸스,ST,14808831290,11706586,N,0
m003,019010,베뉴지,ST,221720000000,48200000,N,0
m003,019210,와이지-원,ST,836858880000,37193728,N,0
m003,019540,일지테크,ST,81891810000,13513500,N,0
m003,019550,SBI인베스트먼트,ST,77872988807,81033287,N,0
m003,019570,플루토스,ST,22955735101,47725021,N,0
m003,019660,글로본,ST,27177505017,13944333,N,0
m003,019770,서연탑메탈,ST,38037250000,11650000,N,0
m003,019990,에너토크,ST,49853609680,9756088,N,0
m003,020180,대신정보통신,ST,35162457225,38428915,N,0
m003,020400,대동금속,ST,19932287500,6378332,N,0
m003,020710,시공테크,ST,73175090500,20047970,N,0
m003,021040,대호특수강,ST,20055211176,21704774,N,0
m003,021045,대호특수강우,ST,1926076840,848492,N,0
m003,021080,에이티넘인베스트,ST,107040000000,48000000,N,0
m003,021320,KCC건설,ST,122836000000,21400000,N,0
m003,021650,한국큐빅,ST,34254429485,16350563,N,0
m003,021880,메이슨캐피탈,ST,30236277000,21218440,N,0
m003,022220,티케이지애강,ST,29833677504,51794579,N,0
m003,023160,태광,ST,614346997500,25867242,N,0
m003,023410,유진기업,ST,287982964675,77310863,N,0
m003,023440,제이스코홀딩스,ST,46964378481,90142761,N,0
m003,023600,삼보판지,ST,133349139000,16008300,N,0
m003,023760,한국캐피탈,ST,226923285144,315609576,N,0
m003,023770,플레이위드,ST,21784715325,8946495,N,0
m003,023790,동일스틸럭스,ST,14193811488,13069808,N,0
m003,023900,풍국주정,ST,92358000000,12600000,N,0
m003,023910,대한약품,ST,155700000000,6000000,N,0
m003,024060,흥구석유,ST,162600000000,15000000,N,0
m003,024120,KB오토시스,ST,36052500000,11500000,N,0
m003,024740,한일단조,ST,69741743880,32897049,N,0
m003,024800,유성티엔에스,ST,159878568780,37051812,N,0
m003,024830,세원물산,ST,74148000000,8350000,N,0
m003,024840,KBI메탈,ST,205130629860,41524419,N,0
m003,024850,HLB이노베이션,ST,272762942960,31753544,N,0
m003,024880,케이피에프,ST,75408699960,20162754,N,0
m003,024910,경창산업,ST,55017991680,35819005,N,0
m003,024940,PN풍년,ST,21100000000,10000000,N,0
m003,024950,삼천리자전거,ST,41230000000,12400000,N,0
m003,025320,시노펙스,ST,391690425250,92162453,N,0
m003,025440,DH오토웨어,ST,34927353520,9756244,N,0
m003,025550,한국선재,ST,58171929120,25514004,N,0
m003,025770,한국정보통신,ST,292439756510,37444271,N,0
m003,025870,신라에스지,ST,6768000000,4000000,N,0
m003,025880,케이씨피드,ST,42458279320,16715858,N,0
m003,025900,동화기업,ST,313455167000,50557285,N,0
m003,025950,동신건설,ST,114828000000,8400000,N,0
m003,025980,아난티,ST,386284930300,97300990,N,0
m003,026040,제이에스티나,ST,30598026660,16503790,N,0
m003,026150,특수건설,ST,72992736960,17546331,N,0
m003,026910,광진실업,ST,33490421140,7425814,N,0
m003,027040,서울전자통신,ST,27835538000,13917769,N,0
m003,027050,코리아나,ST,56680000000,40000000,N,0
m003,027360,아주IB투자,ST,488215986180,121145406,N,0
m003,027580,상보,ST,16334031900,11836255,N,0
m003,027710,팜스토리,ST,116207513800,111416600,N,0
m003,027830,대성창투,ST,52974000000,54000000,N,0
m003,028080,휴맥스홀딩스,ST,14764620750,2532525,N,0
m003,028300,HLB,ST,4875054961800,133198223,N,0
m003,029480,광무,ST,91131395432,59719132,N,0
m003,030350,드래곤플라이,ST,15171092867,15592079,N,0
m003,030520,한글과컴퓨터,ST,427497873920,24179744,N,0
m003,030530,원익홀딩스,ST,1451301662990,77237981,N,0
m003,030960,양지사,ST,78142200000,15980000,N,0
m003,031310,아이즈비전,ST,28051091893,29746651,N,0
m003,031330,에스에이엠티,ST,1183941593280,99995067,N,0
m003,031510,오스템,ST,32368000000,28000000,N,0
m003,031860,디에이치엑스컴퍼니,ST,18714758139,27005423,N,0
m003,031980,피에스케이홀딩스,ST,2936798199000,21562395,N,0
m003,032080,아즈텍WB,ST,20223058289,21491029,N,0
m003,032190,다우데이타,ST,726551000000,38300000,N,0
m003,032280,삼일,ST,19715725440,16213590,N,0
m003,032300,한국파마,ST,86817339960,10906701,N,0
m003,032500,케이엠더블유,ST,740886269560,42191701,N,0
m003,032540,TJ미디어,ST,69379411160,20897413,N,0
m003,032580,피델릭스,ST,179244466240,33132064,N,0
m003,032620,GC메디아이,ST,157896345475,52197139,N,0
m003,032680,소프트센,ST,18144616470,20855881,N,0
m003,032685,소프트센우,ST,741451180,71362,N,0
m003,032750,삼진,ST,25874164530,9031122,N,0
m003,032790,엠젠솔루션,ST,26193708120,25680106,N,0
m003,032800,판타지오,ST,20337203904,12461522,N,0
m003,032820,우리기술,ST,1923694135060,171605186,N,0
m003,032850,비트컴퓨터,ST,68487967160,16623293,N,0
m003,032860,더라미,ST,26661269580,40395863,N,0
m003,032940,원익,ST,107885853900,18193230,N,0
m003,032960,동일기연,ST,38352685500,3518595,N,0
m003,033050,제이엠아이,ST,24707318528,31839328,N,0
m003,033100,제룡전기,ST,726020886800,16062409,N,0
m003,033130,디지틀조선,ST,74119188199,37115267,N,0
m003,033160,엠케이전자,ST,414935091900,24194466,N,0
m003,033170,시그네틱스,ST,40635223206,85728319,N,0
m003,033200,모아텍,ST,24944273590,9204529,N,0
m003,033230,인성정보,ST,53798879700,50515380,N,0
m003,033290,로젠,ST,89344674891,56156301,N,0
m003,033310,엠투엔,ST,53762953320,39972456,N,0
m003,033320,제이씨현시스템,ST,55240708480,19114432,N,0
m003,033340,좋은사람들,ST,52644152994,96950558,N,0
m003,033500,동성화인텍,ST,499924864980,29989494,N,0
m003,033540,파라텍,ST,52246331000,52246331,N,0
m003,033560,블루콤,ST,64552500000,17100000,N,0
m003,033640,네패스,ST,508455404100,23059202,N,0
m003,033790,피노,ST,504097416350,83321887,N,0
m003,033830,티비씨,ST,31064414590,18907130,N,0
m003,034810,해성산업,ST,202744575840,31580152,N,0
m003,03481K,해성산업1우,ST,8168296290,1377453,N,0
m003,034940,조아제약,ST,17224783812,30979827,N,0
m003,034950,한국기업평가,ST,464040530800,4540514,N,0
m003,035080,그래디언트,ST,107111131080,11431284,N,0
m003,035200,프럼파스트,ST,29143117050,9730590,N,0
m003,035290,골드앤에스,ST,7747428000,4767648,N,0
m003,035460,기산텔레콤,ST,33645366700,14920340,N,0
m003,035600,KG이니시스,ST,262042667340,27554434,N,0
m003,035610,솔본,ST,110341097895,27345997,N,0
m003,035620,바른손이앤에이,ST,12859453338,18609918,N,0
m003,035760,CJ ENM,ST,706118758800,21929154,N,0
m003,035810,이지홀딩스,ST,283871214000,64516185,N,0
m003,035890,서희건설,ST,482597759700,229808457,N,0
m003,035900,JYP Ent.,ST,1801497344400,35532492,N,0
m003,036000,예림당,ST,62538062055,23034277,N,0
m003,036010,아비코전자,ST,91588315260,13292934,N,0
m003,036030,케이티알파,ST,219360655975,49019141,N,0
m003,036090,위지트,ST,58634608292,42550514,N,0
m003,036120,서울평가정보,ST,56759175000,35145000,N,0
m003,036170,에이치엠넥스,ST,194222206290,61365626,N,0
m003,036190,금화피에스시,ST,193200000000,6000000,N,0
m003,036200,유니셈,ST,275671364770,30664223,N,0
m003,036220,오상헬스케어,ST,84425554400,14309416,N,0
m003,036480,대성미생물,ST,23560000000,3800000,N,0
m003,036540,SFA반도체,ST,879862621050,164460303,N,0
m003,036560,KZ정밀,ST,183960000000,15750000,N,0
m003,036620,감성코퍼레이션,ST,372931217600,89862944,N,0
m003,036630,세종텔레콤,ST,91600000000,10000000,N,0
m003,036640,HRS,ST,77439978000,16354800,N,0
m003,036670,삼양케이씨아이,ST,59054800000,11270000,N,0
m003,036690,코맥스,ST,125692107675,43567455,N,0
m003,036710,심텍홀딩스,ST,188595081780,52827754,N,0
m003,036800,나이스정보통신,ST,273910000000,9100000,N,0
m003,036810,에프에스티,ST,494697678650,21649789,N,0
m003,036830,솔브레인홀딩스,ST,730966922650,20503981,N,0
m003,036890,진성티이씨,ST,317490097430,22032623,N,0
m003,036930,주성엔지니어링,ST,8919727119900,46481121,N,0
m003,037030,파워넷,ST,102051968000,25512992,N,0
m003,037070,파세코,ST,139800000000,20000000,N,0
m003,037230,한국팩키지,ST,42495266302,29800327,N,0
m003,037330,인지디스플레,ST,43621912656,43885224,N,0
m003,037350,성도이엔지,ST,130806000000,15210000,N,0
m003,037370,EG,ST,27039287220,8624972,N,0
m003,037400,우리엔터프라이즈,ST,17700758550,26223346,N,0
m003,037440,희림,ST,56107574250,13922475,N,0
m003,037460,삼지전자,ST,589914570300,16318522,N,0
m003,037760,쎄니트,ST,81199010400,33832921,N,0
m003,037950,엘컴텍,ST,51597431665,16889503,N,0
m003,038010,제일테크노스,ST,52200000000,9000000,N,0
m003,038060,루멘스,ST,35163343439,48103069,N,0
m003,038070,서린바이오,ST,42318075800,9300676,N,0
m003,038110,에코플라스틱,ST,83162127400,41169370,N,0
m003,038290,마크로젠,ST,130964112000,10841400,N,0
m003,038390,레드캡투어,ST,167208220000,16720822,N,0
m003,038460,바이오스마트,ST,68620381530,25274542,N,0
m003,038500,삼표시멘트,ST,891388687560,107916306,N,0
m003,038530,케이바이오랩스,ST,19833438733,23142869,N,0
m003,038540,상상인,ST,116466098865,55328313,N,0
m003,038620,위즈코프,ST,27807859548,15145893,N,0
m003,038680,에스넷,ST,64417396870,19912642,N,0
m003,038870,에코심플렉스,ST,33075279640,14014949,N,0
m003,038880,아이에이,ST,19838076720,7514423,N,0
m003,038950,파인디지털,ST,29764379975,10210765,N,0
m003,039010,현대에이치티,ST,71328750000,8625000,N,0
m003,039020,이건홀딩스,ST,59736555305,22584709,N,0
m003,039030,이오테크닉스,ST,4662949675000,12319550,N,0
m003,039200,오스코텍,ST,1187916364800,38258176,N,0
m003,039240,경남스틸,ST,54094106020,26979604,N,0
m003,039290,인포뱅크,ST,30733212230,8693978,N,0
m003,039310,세중,ST,19100237018,18121667,N,0
m003,039340,한국경제TV,ST,105050000000,22000000,N,0
m003,039420,케이엘넷,ST,60580064160,22946994,N,0
m003,039440,에스티아이,ST,408610688450,15507047,N,0
m003,039560,다산네트웍스,ST,106363400640,42888468,N,0
m003,039610,화성밸브,ST,57569512000,10410400,N,0
m003,039740,한국정보공학,ST,24456110850,8018397,N,0
m003,039830,오로라,ST,209230581600,10762890,N,0
m003,039840,디오,ST,172125073240,13415828,N,0
m003,039860,나노엔텍,ST,141706157160,38093053,N,0
m003,039980,폴라리스AI,ST,65218805490,14381214,N,0
m003,040160,누리플렉스,ST,82098193350,12055535,N,0
m003,040300,YTN,ST,97737809000,47676980,N,0
m003,040350,크레오에스지,ST,170609449680,19520532,N,0
m003,040420,정상제이엘에스,ST,91400128160,15677552,N,0
m003,040610,SG&G,ST,54198641640,17043598,N,0
m003,040910,아이씨디,ST,73878427875,18174275,N,0
m003,041020,폴라리스오피스,ST,147064027280,49683793,N,0
m003,041190,우리기술투자,ST,396900000000,84000000,N,0
m003,041440,현대에버다임,ST,118290550560,17841712,N,0
m003,041460,한국전자인증,ST,66405000000,19000000,N,0
m003,041510,에스엠,ST,1774338475000,22894690,N,0
m003,041520,이엘씨,ST,102994768500,12188730,N,0
m003,041590,플래스크,ST,116064014460,48972158,N,0
m003,041830,인바디,ST,707746305000,13480882,N,0
m003,041910,폴라리스AI파마,ST,76379262500,13283350,N,0
m003,041920,메디아나,ST,191561696900,18598223,N,0
m003,041930,SY동아,ST,69312000000,15200000,N,0
m003,041960,코미팜,ST,554148712500,73886495,N,0
m003,042000,카페24,ST,419007668770,24178169,N,0
m003,042040,케이피엠테크,ST,13614857360,2470936,N,0
m003,042110,에스씨디,ST,53355838656,48329564,N,0
m003,042370,비츠로테크,ST,227416217000,26200025,N,0
m003,042420,네오위즈홀딩스,ST,182387139200,8142283,N,0
m003,042500,링네트,ST,90502044640,22291144,N,0
m003,042510,라온시큐어,ST,84182176240,11105828,N,0
m003,042520,한스바이오메드,ST,357960311700,14261367,N,0
m003,042600,새로닉스,ST,126099276100,12423574,N,0
m003,042940,상지건설,ST,45342647680,6828712,N,0
m003,043090,더테크놀로지,ST,4718944500,4139425,N,0
m003,043100,알파AI,ST,10457241600,20110080,N,0
m003,043150,바텍,ST,268862033600,14854256,N,0
m003,043200,파루,ST,24539132905,41804315,N,0
m003,043220,티에스넥스젠,ST,28191099330,16486023,N,0
m003,043260,성호전자,ST,1584970848900,71556246,N,0
m003,043340,에쎈테크,ST,40137500000,47500000,N,0
m003,043360,디지아이,ST,19845000000,9000000,N,0
m003,043370,피에이치에이,ST,236040000000,21000000,N,0
m003,043590,웰킵스하이텍,ST,20013361975,13568381,N,0
m003,043610,KT지니뮤직,ST,81942767580,58115438,N,0
m003,043650,국순당,ST,66790056960,17858304,N,0
m003,043710,코스리거글로벌,ST,58170006720,17312502,N,0
m003,043910,자연과환경,ST,35604915300,11339145,N,0
m003,044180,KD,ST,5477148795,26717799,N,0
m003,044340,위닉스,ST,61127113500,17873425,N,0
m003,044480,빌리언스,ST,33450421496,33250916,N,0
m003,044490,태웅,ST,589217370450,20007381,N,0
m003,044780,에이치케이,ST,23132233750,18505787,N,0
m003,044960,이글벳,ST,38620952565,12641883,N,0
m003,044990,에이치엔에스하이텍,ST,88997221500,7685425,N,0
m003,045060,오공,ST,37272342800,16941974,N,0
m003,045100,한양이엔지,ST,548625000000,17500000,N,0
m003,045300,성우테크론,ST,26367530000,10547012,N,0
m003,045340,토탈소프트,ST,58109091600,8558040,N,0
m003,045390,대아티아이,ST,189925751015,70473377,N,0
m003,045510,정원엔시스,ST,24156969000,32209292,N,0
m003,045520,크린앤사이언스,ST,19955000000,6500000,N,0
m003,045660,에이텍,ST,65749600000,8260000,N,0
m003,045970,코아시아,ST,82233987500,26314876,N,0
m003,046070,코다코,ST,159196994920,15486089,N,0
m003,046120,오르비텍,ST,169954273660,33855433,N,0
m003,046210,HLB파나진,ST,50536035600,45527960,N,0
m003,046310,백금T&A,ST,35792637380,16418641,N,0
m003,046390,삼화네트웍스,ST,33761233215,17269173,N,0
m003,046440,KG파이낸셜,ST,154703964140,38010802,N,0
m003,046890,서울반도체,ST,586552324000,58305400,N,0
m003,046940,우원개발,ST,65609890500,18074350,N,0
m003,046970,우리로,ST,218248495020,43824999,N,0
m003,047080,한빛소프트,ST,25964190652,24822362,N,0
m003,047310,파워로직스,ST,116605254675,36610755,N,0
m003,047560,이스트소프트,ST,95435025840,11753082,N,0
m003,047770,코데즈컴바인,ST,106526924630,37842602,N,0
m003,047820,초록뱀미디어,ST,82409744100,24453930,N,0
m003,047920,HLB제약,ST,281090480920,32799356,N,0
m003,048410,현대바이오,ST,700630452720,96505572,N,0
m003,048430,유라테크,ST,66816000000,11520000,N,0
m003,048470,대동스틸,ST,25427750000,9650000,N,0
m003,048530,인트론바이오,ST,80318570800,30891758,N,0
m003,048550,SM C&C,ST,149230658660,96714620,N,0
m003,048770,TPC로보틱스,ST,48035852460,15697991,N,0
m003,048830,엔피케이,ST,18087309618,18723923,N,0
m003,048870,시너지이노베이션,ST,148019697840,88106963,N,0
m003,048910,대원미디어,ST,60378940800,12578946,N,0
m003,049070,인탑스,ST,298174032770,16464607,N,0
m003,049080,기가레인,ST,50675353980,8488334,N,0
m003,049120,파인디앤씨,ST,20789861143,10601663,N,0
m003,049180,셀루메드,ST,83975227728,83226192,N,0
m003,049430,코메론,ST,179150400000,9048000,N,0
m003,049470,비트플래닛,ST,32444870822,23544899,N,0
m003,049480,오픈베이스,ST,62719076468,31422383,N,0
m003,049520,유아이엘,ST,110108171250,30842625,N,0
m003,049550,잉크테크,ST,60485364545,19606277,N,0
m003,049630,재영솔루텍,ST,157344115760,23379512,N,0
m003,049720,고려신용정보,ST,134849000000,14300000,N,0
m003,049830,승일,ST,39000232320,6132112,N,0
m003,049950,미래컴퍼니,ST,92146887800,8817884,N,0
m003,049960,쎌바이오텍,ST,144290000000,9400000,N,0
m003,050090,비케이홀딩스,ST,10002262375,23534735,N,0
m003,050110,캠시스,ST,25337921541,29224823,N,0
m003,050120,ES큐브,ST,38793285960,13564086,N,0
m003,050760,에스폴리텍,ST,20353008788,16334678,N,0
m003,050860,아세아텍,ST,39780000000,22500000,N,0
m003,050890,쏠리드,ST,648879783120,60756534,N,0
m003,050960,수산아이앤티,ST,53602940000,6751000,N,0
m003,051160,지어소프트,ST,114356037700,15474430,N,0
m003,051360,토비스,ST,240028093870,14917843,N,0
m003,051370,인터플렉스,ST,163992128160,23327472,N,0
m003,051380,피씨디렉트,ST,27059887008,15340072,N,0
m003,051390,YW,ST,42696183680,11355368,N,0
m003,051490,나라엠앤디,ST,38198000000,14200000,N,0
m003,051500,CJ프레시웨이,ST,268891422900,11871586,N,0
m003,051780,큐로홀딩스,ST,19386981900,6335615,N,0
m003,051980,중앙첨단소재,ST,112202626090,111091709,N,0
m003,052020,에스티큐브,ST,539107497630,67983291,N,0
m003,052220,iMBC,ST,44781000000,23000000,N,0
m003,052260,현대바이오랜드,ST,106800000000,30000000,N,0
m003,052300,오션인더블유,ST,24853515840,16244128,N,0
m003,052330,코텍,ST,212961452110,17761589,N,0
m003,052400,코나아이,ST,653891765900,14563291,N,0
m003,052420,오성첨단소재,ST,86801300190,9742009,N,0
m003,052460,아이크래프트,ST,47402752320,14607936,N,0
m003,052600,한네트,ST,34806737000,11563700,N,0
m003,052710,아모텍,ST,265071584440,14612546,N,0
m003,052770,아이톡시,ST,4545457488,14568774,N,0
m003,052790,액토즈소프트,ST,48559611415,10924547,N,0
m003,052860,아이앤씨,ST,81097357160,17862854,N,0
m003,052900,KX하이텍,ST,101278546890,76668090,N,0
m003,053030,바이넥스,ST,233691944200,32684188,N,0
m003,053050,지에스이,ST,56556607942,29987597,N,0
m003,053060,세동,ST,27421971707,17657419,N,0
m003,053080,케이엔솔,ST,120508210890,12999807,N,0
m003,053160,프리엠스,ST,56100000000,6000000,N,0
m003,053260,금강철강,ST,91915200000,18720000,N,0
m003,053270,구영테크,ST,51476740590,27410405,N,0
m003,053280,예스24,ST,79000000000,25000000,N,0
m003,053290,NE능률,ST,24954723570,16526307,N,0
m003,053300,한국정보인증,ST,174338757320,40591096,N,0
m003,053350,이니텍,ST,73770567750,22021065,N,0
m003,053450,세코닉스,ST,53328054815,14792803,N,0
m003,053580,웹케시,ST,81224313720,12954436,N,0
m003,053610,프로텍,ST,595800000000,9000000,N,0
m003,053620,태양,ST,57104000000,8600000,N,0
m003,053700,삼보모터스,ST,104458609870,26715757,N,0
m003,053800,안랩,ST,617521083000,11126506,N,0
m003,053950,경남제약,ST,24710193651,15629471,N,0
m003,053980,오상자이엘,ST,49165407970,18982783,N,0
m003,054040,한국컴퓨터,ST,81160014500,16071290,N,0
m003,054050,NH농우바이오,ST,110290259680,16030561,N,0
m003,054090,삼진엘앤디,ST,23436718848,24959232,N,0
m003,054180,메디콕스,ST,12686716395,5527981,N,0
m003,054210,이랜텍,ST,185384569300,25291210,N,0
m003,054220,비츠로시스,ST,18785199072,12590616,N,0
m003,054300,팬스타엔터프라이즈,ST,56945009880,57870945,N,0
m003,054410,케이피티유,ST,18496414120,5726444,N,0
m003,054450,텔레칩스,ST,164920697370,15144233,N,0
m003,054540,삼영엠텍,ST,89180000000,13000000,N,0
m003,054620,APS,ST,80750630190,18394221,N,0
m003,054670,대한뉴팜,ST,82253691600,14354920,N,0
m003,054780,키이스트,ST,25830340002,19657793,N,0
m003,054800,아이디스홀딩스,ST,149938984440,10347756,N,0
m003,054920,한컴위드,ST,88883805150,28217081,N,0
m003,054930,유신,ST,51210000000,3000000,N,0
m003,054940,엑사이엔씨,ST,21861368132,33173548,N,0
m003,054950,제이브이엠,ST,264768634800,12089892,N,0
m003,056080,유진로봇,ST,510443738100,38235486,N,0
m003,056090,시지메드텍,ST,110383909484,103259036,N,0
m003,056190,SFA,ST,816924290000,35908760,N,0
m003,056360,코위버,ST,51923040000,9796800,N,0
m003,056700,신화인터텍,ST,44460148866,29135091,N,0
m003,056730,CNT85,ST,24308468680,14822237,N,0
m003,057030,YBM넷,ST,35969496885,16312697,N,0
m003,057540,옴니시스템,ST,52266955840,59394268,N,0
m003,057680,티사이언티픽,ST,31664782545,15792909,N,0
m003,058110,멕아이씨에스,ST,30865169190,16050530,N,0
m003,058400,KNN,ST,72041767680,132429720,N,0
m003,058450,한주에이알티,ST,23938851300,5013372,N,0
m003,058470,리노공업,ST,5624434530000,76211850,N,0
m003,058610,에스피지,ST,1641124640000,22177360,N,0
m003,058630,엠게임,ST,94956728430,19202574,N,0
m003,058820,CMG제약,ST,135533053740,148123556,N,0
m003,058970,엠로,ST,192859586400,12362794,N,0
m003,059090,미코,ST,572429407140,33416778,N,0
m003,059100,아이컴포넌트,ST,32879499000,7070860,N,0
m003,059120,아진엑스텍,ST,94296839900,18310066,N,0
m003,059210,메타바이오메드,ST,105968635500,27171445,N,0
m003,059270,해성에어로보틱스,ST,62525674400,11165299,N,0
m003,060150,인선이엔티,ST,152410282140,45563612,N,0
m003,060230,제이케이시냅스,ST,12386107800,11260098,N,0
m003,060240,스타코링크,ST,11502414560,5821060,N,0
m003,060250,NHN KCP,ST,518473488010,40160611,N,0
m003,060260,뉴보텍,ST,20200326984,13342356,N,0
m003,060280,큐렉소,ST,359372770900,41259790,N,0
m003,060310,3S,ST,62450490080,53059040,N,0
m003,060370,LS마린솔루션,ST,1514926766000,52238854,N,0
m003,060380,동양에스텍,ST,24171900000,19700000,N,0
m003,060480,국일신동,ST,15259840000,11090000,N,0
m003,060540,에스에이티,ST,28798903212,26133306,N,0
m003,060560,HC홈센타,ST,53187862095,25388001,N,0
m003,060570,드림어스컴퍼니,ST,66839618846,74101573,N,0
m003,060590,씨티씨바이오,ST,72663965100,24181020,N,0
m003,060720,KH바텍,ST,242220231660,23677442,N,0
m003,060850,영림원소프트랩,ST,42037270000,8131000,N,0
m003,060900,에이전트AI,ST,18059605325,3991073,N,0
m003,061040,알에프텍,ST,67680708040,9048223,N,0
m003,061090,세나테크놀로지,ST,249046902500,5467550,N,0
m003,061250,화일약품,ST,71886167360,8417584,N,0
m003,061970,LB세미콘,ST,247143190530,58083006,N,0
m003,062970,한국첨단소재,ST,71018235816,57088614,N,0
m003,063080,컴투스홀딩스,ST,79406111680,6595192,N,0
m003,063170,서울옥션,ST,87804878980,17774267,N,0
m003,063440,SM Life Design,ST,50757687680,45319364,N,0
m003,063570,NICE인프라,ST,106199434080,34147728,N,0
m003,063760,이엘피,ST,24664968850,9325130,N,0
m003,064090,인크레더블버즈,ST,39694710510,49742745,N,0
m003,064240,홈캐스트,ST,52769955771,34694251,N,0
m003,064260,다날,ST,330570647090,75645457,N,0
m003,064290,인텍플러스,ST,579491010000,12877578,N,0
m003,064480,브리지텍,ST,33407237500,11952500,N,0
m003,064520,테크엘,ST,35739348138,22351062,N,0
m003,064550,바이오니아,ST,165443965310,25810291,N,0
m003,064760,티씨케이,ST,2593624512000,11179416,N,0
m003,064800,포니링크,ST,55468366030,25561459,N,0
m003,064820,케이프,ST,269718279100,30860215,N,0
m003,064850,에프앤가이드,ST,280694167200,11410332,N,0
m003,065060,지엔코,ST,16952792380,5990386,N,0
m003,065130,탑엔지니어링,ST,49532380000,16004000,N,0
m003,065150,대산F&B,ST,23110448000,15938240,N,0
m003,065170,비엘팜텍,ST,101745775485,27913793,N,0
m003,065350,신성델타테크,ST,810776466000,27483948,N,0
m003,065370,위세아이텍,ST,22779498090,7383954,N,0
m003,065420,에스아이리소스,ST,12740759222,71577299,N,0
m003,065440,이루온,ST,41212555220,27275020,N,0
m003,065450,빅텍,ST,93649174525,29495803,N,0
m003,065500,오리엔트정공,ST,37896919680,33242912,N,0
m003,065510,휴비츠,ST,78647180850,10877895,N,0
m003,065530,와이어블,ST,53483732562,47838759,N,0
m003,065570,삼영이엔씨,ST,12295692232,16093838,N,0
m003,065650,하이퍼코퍼레이션,ST,22603463155,10945987,N,0
m003,065660,안트로젠,ST,195419133000,10006100,N,0
m003,065680,우주일렉트로,ST,274904012250,9240471,N,0
m003,065690,파커스,ST,15721201389,14049331,N,0
m003,065710,서호전기,ST,222995000000,5150000,N,0
m003,065770,CS,ST,17615600475,9705565,N,0
m003,065950,웰크론,ST,28824159342,28231302,N,0
m003,066130,하츠,ST,42112000000,12800000,N,0
m003,066310,큐에스아이,ST,70649752020,9271621,N,0
m003,066360,체리부로,ST,33374602440,47952015,N,0
m003,066410,버킷스튜디오,ST,159637252154,138453818,N,0
m003,066430,아이로보틱스,ST,85941879820,39153476,N,0
m003,066590,스모트로닉,ST,92440269430,38677937,N,0
m003,066620,국보디자인,ST,183375000000,7500000,N,0
m003,066670,디티씨,ST,45047522380,18691918,N,0
m003,066700,테라젠이텍스,ST,74676275760,37152376,N,0
m003,066790,씨씨에스,ST,97271994227,65152039,N,0
m003,066900,디에이피,ST,41736163005,22744503,N,0
m003,066910,손오공,ST,24443990032,13386632,N,0
m003,066980,한성크린텍,ST,113622951935,52001351,N,0
m003,067000,조이시티,ST,74307363098,69903446,N,0
m003,067010,이씨에스,ST,23682487500,10888500,N,0
m003,067080,대화제약,ST,166246684500,18616650,N,0
m003,067160,SOOP,ST,559795152900,11494767,N,0
m003,067170,오텍,ST,76586507100,27062370,N,0
m003,067280,멀티캠퍼스,ST,141946357050,5926779,N,0
m003,067290,JW신약,ST,85232433663,56037103,N,0
m003,067310,하나마이크론,ST,2642596933500,66480426,N,0
m003,067370,선바이오,ST,70962416210,12213841,N,0
m003,067390,아스트,ST,210999947079,421157579,N,0
m003,067570,엔브이에이치코리아,ST,77803650000,42170000,N,0
m003,067630,HLB생명과학,ST,271875039340,121917058,N,0
m003,067730,로지시스,ST,20557084250,9673922,N,0
m003,067770,세진티에스,ST,16919134895,8396593,N,0
m003,067900,와이엔텍,ST,119753756220,18199659,N,0
m003,067920,이글루,ST,55200517380,10996119,N,0
m003,067990,도이치모터스,ST,118331185250,29181550,N,0
m003,068050,팬엔터테인먼트,ST,33177503048,27694076,N,0
m003,068100,케이웨더,ST,26836956000,11927536,N,0
m003,068240,다원시스,ST,96553495610,38163437,N,0
m003,068330,일신바이오,ST,44127707720,44216140,N,0
m003,068760,셀트리온제약,ST,1820495612000,44402332,N,0
m003,068790,DMS,ST,155508843360,22570224,N,0
m003,068930,디지털대성,ST,198432202140,27675342,N,0
m003,068940,셀피글로벌,ST,35720093048,45912716,N,0
m003,069080,웹젠,ST,370360237000,30966575,N,0
m003,069140,누리플랜,ST,26719573080,15095804,N,0
m003,069330,유아이디,ST,18478305660,16952574,N,0
m003,069410,엔텔스,ST,31758954400,10244824,N,0
m003,069510,에스텍,ST,133320200000,10910000,N,0
m003,069540,빛과전자,ST,262008660525,112691897,N,0
m003,069920,엑시온그룹,ST,5345499575,9296521,N,0
m003,070300,엑스큐어,ST,59432871617,35524729,N,0
m003,070590,인티큐브,ST,24011571330,13879521,N,0
m003,071200,인피니트헬스케어,ST,216152617880,24396458,N,0
m003,071280,로체시스템즈,ST,105699526730,15296603,N,0
m003,071670,에이테크솔루션,ST,53200000000,10000000,N,0
m003,071850,캐스텍코리아,ST,35906188240,24260938,N,0
m003,072020,중앙백신,ST,88438723450,9458687,N,0
m003,072470,우리산업홀딩스,ST,44007504530,18887341,N,0
m003,072770,멤레이비티,ST,30345343638,41512098,N,0
m003,072870,메가스터디,ST,156641401260,11920959,N,0
m003,072950,빛샘전자,ST,64984562700,8052610,N,0
m003,072990,에이치시티,ST,47989061860,14498206,N,0
m003,073010,케이에스피,ST,114946975000,40191250,N,0
m003,073110,엘엠에스,ST,45991053350,8895755,N,0
m003,073190,듀오백,ST,7934810520,11968040,N,0
m003,073490,LIG아큐버,ST,193517880700,7603846,N,0
m003,073540,에프알텍,ST,24681000000,11400000,N,0
m003,073560,우리손에프앤지,ST,107041396078,69237643,N,0
m003,073570,리튬포어스,ST,20114375088,12037328,N,0
m003,073640,테라사이언스,ST,69571715580,106378770,N,0
m003,074430,아미노로직스,ST,88792939284,87826844,N,0
m003,074600,원익QnC,ST,818871200000,26288000,N,0
m003,075130,플랜티넷,ST,30906487440,16122320,N,0
m003,075970,동국알앤에스,ST,31169600000,18400000,N,0
m003,076080,웰크론한텍,ST,22616750156,22594156,N,0
m003,076610,해성옵틱스,ST,60420903600,59236180,N,0
m003,077360,덕산하이메탈,ST,433468999080,45437002,N,0
m003,078020,LS증권,ST,373388408700,55481190,N,0
m003,078070,유비쿼스홀딩스,ST,147558991950,17058843,N,0
m003,078130,국일제지,ST,450962348000,112740587,N,0
m003,078140,대봉엘에스,ST,85920987250,11086579,N,0
m003,078150,HB테크놀러지,ST,190994786960,92715916,N,0
m003,078160,메디포스트,ST,362250531720,39204603,N,0
m003,078340,컴투스,ST,330697410550,12091313,N,0
m003,078350,한양디지텍,ST,350620786000,15244382,N,0
m003,078590,휴림에이텍,ST,22031960895,9991819,N,0
m003,078600,대주전자재료,ST,1281457660800,15704138,N,0
m003,078860,아이오케이이엔엠,ST,16925495120,6177188,N,0
m003,078890,가온그룹,ST,84478363655,18424943,N,0
m003,079000,와토스코리아,ST,34596000000,7200000,N,0
m003,079170,한창산업,ST,24310000000,5200000,N,0
m003,079190,케스피온,ST,10950499247,19177757,N,0
m003,079370,제우스,ST,303035992300,31016990,N,0
m003,079650,서산,ST,111600000000,20000000,N,0
m003,079810,APS이노베이션,ST,65445405760,21528094,N,0
m003,079940,가비아,ST,424764648600,13420684,N,0
m003,079950,인베니아,ST,11977618800,13799100,N,0
m003,079960,동양이엔피,ST,161130000000,7860000,N,0
m003,079970,투비소프트,ST,7646223464,12829234,N,0
m003,080010,이상네트웍스,ST,71599316880,9835071,N,0
m003,080160,모두투어,ST,157815000000,18900000,N,0
m003,080220,제주반도체,ST,3068856420300,34442833,N,0
m003,080420,모다이노칩,ST,113683032972,79721622,N,0
m003,080470,성창오토텍,ST,22484000000,7300000,N,0
m003,080520,오디텍,ST,33627578490,11322417,N,0
m003,080530,코디,ST,28509586300,11071684,N,0
m003,080580,오킨스전자,ST,299069741900,21090955,N,0
m003,080720,한국유니온제약,ST,21562456300,7912828,N,0
m003,081150,티플랙스,ST,68558235650,24268402,N,0
m003,081180,쎄크,ST,50305549500,8825535,N,0
m003,081580,성우전자,ST,36289054620,15508143,N,0
m003,082210,옵트론텍,ST,66080693700,34963330,N,0
m003,082270,젬백스,ST,495372381570,44269203,N,0
m003,082660,코스나인,ST,47827617120,99640869,N,0
m003,082800,비보존 제약,ST,158781926590,60719666,N,0
m003,082850,우리바이오,ST,57517958086,48456578,N,0
m003,082920,비츠로셀,ST,1410057734700,45339477,N,0
m003,083310,엘오티베큠,ST,162961801950,17810033,N,0
m003,083450,GST,ST,894776500000,18430000,N,0
m003,083470,이엠앤아이,ST,20187951234,21340329,N,0
m003,083500,에프엔에스테크,ST,121023912890,8306377,N,0
m003,083550,케이엠,ST,34907124875,13556165,N,0
m003,083640,인콘,ST,18963765400,15544070,N,0
m003,083650,비에이치아이,ST,1496160531250,30944375,N,0
m003,083660,CSA 코스믹,ST,24526966090,106638983,N,0
m003,083790,CG인바이츠,ST,69127869618,76894182,N,0
m003,083930,아바코,ST,158220744220,14677249,N,0
m003,084110,휴온스글로벌,ST,343080905200,12659812,N,0
m003,084180,수성웹툰,ST,6904376106,18074283,N,0
m003,084370,유진테크,ST,3797188159400,22916042,N,0
m003,084440,유비온,ST,16740868375,19132421,N,0
m003,084650,랩지노믹스,ST,56125432440,74239990,N,0
m003,084730,팅크웨어,ST,71655784800,11109424,N,0
m003,084850,아이티엠반도체,ST,202558600620,22682934,N,0
m003,084990,헬릭스미스,ST,174230772660,46092797,N,0
m003,085660,차바이오텍,ST,948323029200,92972846,N,0
m003,085670,뉴프렉스,ST,80730007495,24500761,N,0
m003,085810,알티캐스트,ST,24171815181,14294391,N,0
m003,085910,네오티스,ST,247754931280,13794818,N,0
m003,086040,바이오톡스텍,ST,32873988820,15958247,N,0
m003,086060,진바이오텍,ST,39780911940,8610587,N,0
m003,086390,유니테스트,ST,229093925840,21134126,N,0
m003,086450,동국제약,ST,867519455600,45230420,N,0
m003,086520,에코프로,ST,11649593841600,135776152,N,0
m003,086670,비엠티,ST,151667522800,9925885,N,0
m003,086710,선진뷰티사이언스,ST,88595812800,12203280,N,0
m003,086820,바이오솔루션,ST,145693357700,25924085,N,0
m003,086890,이수앱지스,ST,141489048740,40774942,N,0
m003,086900,메디톡스,ST,530600731900,7298497,N,0
m003,086960,MDS테크,ST,85057340000,42528670,N,0
m003,086980,쇼박스,ST,140935500000,62638000,N,0
m003,087010,펩트론,ST,2602216260000,23317350,N,0
m003,087260,모바일어플라이언스,ST,9114801080,32552861,N,0
m003,087600,픽셀플러스,ST,33482887800,8166558,N,0
m003,088130,동아엘텍,ST,91098485940,17485314,N,0
m003,088280,쏘닉스,ST,49410028950,17306490,N,0
m003,088290,이원컴포텍,ST,19780658560,7976072,N,0
m003,088340,유라클,ST,28804828800,4364368,N,0
m003,088390,이녹스,ST,72928007880,9385844,N,0
m003,088800,에이스테크,ST,137950254918,75506434,N,0
m003,088910,동우팜투테이블,ST,56700721980,25831764,N,0
m003,089010,켐트로닉스,ST,384033618300,16770027,N,0
m003,089030,테크윙,ST,1626655015500,37053645,N,0
m003,089140,넥스턴앤롤코리아,ST,32470416080,15316234,N,0
m003,089150,케이씨티,ST,31899000000,17150000,N,0
m003,089230,THE E&M,ST,57785716416,38421354,N,0
m003,089600,KT나스미디어,ST,116607083040,11568163,N,0
m003,089790,제이티,ST,43325154600,10315513,N,0
m003,089850,유비벨록스,ST,58626192020,14730199,N,0
m003,089890,코세스,ST,552279234600,16584962,N,0
m003,089970,브이엠,ST,2561424283000,24771995,N,0
m003,089980,상아프론테크,ST,232960269090,15989037,N,0
m003,090150,아이윈,ST,21188898258,41875293,N,0
m003,090360,로보스타,ST,699075000000,9750000,N,0
m003,090410,덕신이피씨,ST,36360350955,46084095,N,0
m003,090470,제이스로보틱스,ST,73751226680,17476594,N,0
m003,090710,휴림로봇,ST,875172092280,119559029,N,0
m003,090850,현대이지웰,ST,127899268070,22477903,N,0
m003,091120,이엠텍,ST,69816714200,17132936,N,0
m003,091340,S&K폴리텍,ST,25104481545,11703721,N,0
m003,091440,한울소재과학,ST,84457719940,33382498,N,0
m003,091580,상신이디피,ST,208320062970,13328219,N,0
m003,091590,남화토건,ST,104603400000,11740000,N,0
m003,091700,파트론,ST,299000000000,50000000,N,0
m003,091970,LSK아이로봇,ST,26409403900,7534780,N,0
m003,092040,아미코젠,ST,85846295205,70655387,N,0
m003,092070,디엔에프,ST,155410052940,11571858,N,0
m003,092130,이크레더블,ST,170898684000,12043600,N,0
m003,092190,서울바이오시스,ST,304107379290,45868383,N,0
m003,092300,현우산업,ST,50374677500,20149871,N,0
m003,092460,한라IMS,ST,259040555200,17109680,N,0
m003,092600,앤씨앤,ST,11914669625,5016703,N,0
m003,092730,네오팜,ST,314789703960,16027989,N,0
m003,092870,엑시콘,ST,229824535170,13050797,N,0
m003,093190,빅솔론,ST,154680796200,19238905,N,0
m003,093320,케이아이엔엑스,ST,648064000000,4880000,N,0
m003,093380,풍강,ST,24945265325,9879313,N,0
m003,093520,매커스,ST,209829386310,11901837,N,0
m003,093640,케이알엠,ST,109205355700,32843716,N,0
m003,093920,서원인텍,ST,91047000000,18600000,N,0
m003,094170,동운아나텍,ST,657617487200,20909936,N,0
m003,094360,칩스앤미디어,ST,260107237320,21355274,N,0
m003,094480,갤럭시아머니트리,ST,201249068940,39229838,N,0
m003,094820,일진파워,ST,179738211280,15078709,N,0
m003,094840,슈프리마에이치큐,ST,121693812690,9806109,N,0
m003,094850,참좋은여행,ST,63280000000,14000000,N,0
m003,094860,네오리진,ST,78337270650,53110014,N,0
m003,094940,푸른로보틱스,ST,46572920020,8361386,N,0
m003,094970,제이엠티,ST,47565001600,16748240,N,0
m003,095190,신화프리텍,ST,131826133240,65260462,N,0
m003,095270,웨이브일렉트로,ST,54830728890,14372406,N,0
m003,095340,ISC,ST,3204995169600,21197058,N,0
m003,095500,미래나노텍,ST,235675992400,31009999,N,0
m003,095610,테스,ST,3440272000000,19360000,N,0
m003,095660,네오위즈,ST,400490856090,21636459,N,0
m003,095700,제넥신,ST,109980293010,45540494,N,0
m003,095910,에스에너지,ST,30919137561,37296909,N,0
m003,096240,크레버스,ST,90522857400,10738180,N,0
m003,096250,와이즈넛,ST,87027883760,13106609,N,0
m003,096350,대창솔루션,ST,59409876344,36854762,N,0
m003,096530,씨젠,ST,1514553826000,52225994,N,0
m003,096610,알에프세미,ST,51550708615,17386411,N,0
m003,096630,에스코넥,ST,28815526245,15876323,N,0
m003,096690,에이루트,ST,21562433120,4022842,N,0
m003,096870,엘디티,ST,18991697725,8347999,N,0
m003,097780,에코볼트,ST,28410324600,20293089,N,0
m003,097800,윈팩,ST,55535241575,27290045,N,0
m003,097870,효성오앤비,ST,39223800000,8490000,N,0
m003,098070,한텍,ST,269687669250,11121141,N,0
m003,098120,마이크로컨텍솔,ST,198675107400,8312766,N,0
m003,098460,고영,ST,1964281334400,68204213,N,0
m003,098660,에스티오,ST,21589185552,12500976,N,0
m003,099190,아이센스,ST,437686242980,28757309,N,0
m003,099220,SDN,ST,49977813900,62944350,N,0
m003,099320,쎄트렉아이,ST,964807591800,10951278,N,0
m003,099390,브레인즈컴퍼니,ST,26635878335,8208283,N,0
m003,099410,동방선기,ST,44240000000,14000000,N,0
m003,099430,바이오플러스,ST,246562888000,61640722,N,0
m003,099440,스맥,ST,188351767440,68243394,N,0
m003,099520,DGI,ST,58141862016,45281824,N,0
m003,099750,이지케어텍,ST,85096647790,13659173,N,0
m003,100030,인지소프트,ST,57464995000,3283714,N,0
m003,100120,뷰웍스,ST,213071011250,8971411,N,0
m003,100130,동국S&C,ST,87314504000,57143000,N,0
m003,100590,머큐리,ST,61873757450,17139545,N,0
m003,100660,서암기계공업,ST,40824000000,12600000,N,0
m003,100700,세운메디칼,ST,105120000000,43800000,N,0
m003,100790,미래에셋벤처투자,ST,884457623700,53120578,N,0
m003,101000,KS인더스트리,ST,14826088552,39641948,N,0
m003,101160,월덱스,ST,484597644550,16510993,N,0
m003,101170,우림피티에스,ST,103005000000,13500000,N,0
m003,101240,씨큐브,ST,33787229700,11357052,N,0
m003,101330,모베이스,ST,78352693165,23147029,N,0
m003,101360,에코앤드림,ST,132862271580,17786114,N,0
m003,101400,엔시트론,ST,20548129000,11741788,N,0
m003,101490,에스앤에스텍,ST,1018740472250,21334879,N,0
m003,101670,하이드로리튬,ST,56039083569,56777187,N,0
m003,101680,한국정밀기계,ST,17816480000,8404000,N,0
m003,101730,위메이드맥스,ST,443319382940,83803286,N,0
m003,101930,인화정공,ST,322147430550,45694671,N,0
m003,101970,우양에이치씨,ST,150118591350,14790009,N,0
m003,102120,어보브반도체,ST,139934526110,17780753,N,0
m003,102370,케이옥션,ST,87269618050,27229210,N,0
m003,102710,이엔에프테크놀로지,ST,602232287400,14287836,N,0
m003,102940,코오롱생명과학,ST,551114386300,13090603,N,0
m003,103230,에스앤더블류,ST,18972000000,7200000,N,0
m003,103840,우양,ST,33387513120,16366428,N,0
m003,104040,디에스엠,ST,55504079550,26813565,N,0
m003,104200,NHN벅스,ST,42777481750,14827550,N,0
m003,104460,디와이피엔에프,ST,94768090010,10518101,N,0
m003,104480,티케이케미칼,ST,141251504436,90895434,N,0
m003,104540,코렌텍,ST,55037418050,13407410,N,0
m003,104620,노랑풍선,ST,56483454720,16810552,N,0
m003,104830,원익머트리얼즈,ST,474691200000,12608000,N,0
m003,105330,케이엔더블유,ST,102524928000,16019520,N,0
m003,105550,엣지파운드리,ST,30383135788,78307051,N,0
m003,105740,디케이락,ST,67823981710,10168513,N,0
m003,105760,포스뱅크,ST,36636238765,10190887,N,0
m003,106080,케이이엠텍,ST,9506998050,5761817,N,0
m003,106190,하이텍팜,ST,127385412540,10633173,N,0
m003,106240,파인테크닉스,ST,31446456780,23877340,N,0
m003,107600,새빗켐,ST,78140246820,5650054,N,0
m003,107640,한중엔시에스,ST,285999046300,9064946,N,0
m003,108230,톱텍,ST,112738921425,38023245,N,0
m003,108380,대양전기공업,ST,166662940860,9567333,N,0
m003,108490,로보티즈,ST,3196104104000,14661028,N,0
m003,108860,셀바스AI,ST,193248192200,26914790,N,0
m003,109080,옵티시스,ST,48920480000,5636000,N,0
m003,109610,에스와이,ST,111019798000,48907400,N,0
m003,109670,씨싸이트,ST,24338630340,5836602,N,0
m003,109740,디에스케이,ST,130865885100,25710390,N,0
m003,109820,진매트릭스,ST,28857000600,20393640,N,0
m003,109860,동일금속,ST,67613000000,9100000,N,0
m003,109960,앱토크롬,ST,25951779595,15132233,N,0
m003,110020,전진바이오팜,ST,16160831408,9058762,N,0
m003,110790,크리스에프앤씨,ST,70878654000,23430960,N,0
m003,110990,디아이티,ST,343980000000,18900000,N,0
m003,111710,남화산업,ST,92440120000,20588000,N,0
m003,112040,위메이드,ST,639249934890,33948483,N,0
m003,112290,와이씨켐,ST,214950186700,20221090,N,0
m003,113810,디젠스,ST,15172043715,32628051,N,0
m003,114190,강원에너지,ST,236152263520,26123038,N,0
m003,114450,그린생명과학,ST,36720000000,20000000,N,0
m003,114630,폴라리스우노,ST,30954505408,17235248,N,0
m003,114810,한솔아이원스,ST,347568198900,28143174,N,0
m003,114840,아이패밀리에스씨,ST,143126283300,16681385,N,0
m003,115160,휴맥스,ST,26519673300,4312142,N,0
m003,115180,큐리언트,ST,693953518500,37511001,N,0
m003,115310,인포바인,ST,117817382700,15964415,N,0
m003,115440,우리넷,ST,83331934240,10794292,N,0
m003,115450,HLB테라퓨틱스,ST,138627870585,88580109,N,0
m003,115480,씨유메디칼,ST,22079462931,12124911,N,0
m003,115500,케이씨에스,ST,105120000000,12000000,N,0
m003,115530,씨엔플러스,ST,14948786376,7884381,N,0
m003,115570,스타플렉스,ST,20520185560,7984508,N,0
m003,115610,이미지스,ST,16487182755,11818769,N,0
m003,117670,알파칩스,ST,58490094760,6661742,N,0
m003,117730,티로보틱스,ST,277463928900,22558043,N,0
m003,118990,모트렉스,ST,135446287920,24537371,N,0
m003,119500,포메탈,ST,30388150080,11847232,N,0
m003,119610,인터로조,ST,180679615010,11413747,N,0
m003,119830,아이텍,ST,156311977040,26538536,N,0
m003,119850,지엔씨에너지,ST,454812333850,16448909,N,0
m003,120240,대정화금,ST,98005029330,7190391,N,0
m003,121440,골프존홀딩스,ST,285293207880,42836818,N,0
m003,121600,나노신소재,ST,569578771950,12262191,N,0
m003,121800,비덴트,ST,256309348520,77201611,N,0
m003,121850,코이즈,ST,7029228610,5056999,N,0
m003,121890,에스디시스템,ST,25612616442,13291446,N,0
m003,122310,제노레이,ST,48391531300,14553844,N,0
m003,122350,삼기,ST,69394364680,38339428,N,0
m003,122450,KX,ST,119444857610,44819834,N,0
m003,122640,예스티,ST,679954842000,21585868,N,0
m003,122690,서진오토모티브,ST,41542498800,23079166,N,0
m003,122870,와이지엔터테인먼트,ST,788762267800,18691049,N,0
m003,122990,와이솔,ST,167027037870,26639081,N,0
m003,123010,알엔티엑스,ST,54075680190,34797735,N,0
m003,123040,엠에스오토텍,ST,102835666958,62628299,N,0
m003,123330,제닉,ST,206787246000,7968680,N,0
m003,123410,코리아에프티,ST,155353137120,27841064,N,0
m003,123420,위메이드플레이,ST,66774683220,10401041,N,0
m003,123570,이엠넷,ST,38069817302,22276078,N,0
m003,123750,알톤,ST,31024236455,13819259,N,0
m003,123840,뉴온,ST,13685674500,6365430,N,0
m003,123860,아나패스,ST,173001132050,12123415,N,0
m003,124500,아이티센글로벌,ST,493096198750,23204527,N,0
m003,124560,태웅로직스,ST,73066170357,38720811,N,0
m003,125020,티씨머티리얼즈,ST,168360232750,35038550,N,0
m003,125210,아모그린텍,ST,105414488100,16496790,N,0
m003,125490,한라캐스트,ST,311000039040,36502352,N,0
m003,126340,비나텍,ST,515553725200,7180414,N,0
m003,126600,BGF에코머티리얼즈,ST,191752876445,62766899,N,0
m003,126640,화신정공,ST,140574199100,35055910,N,0
m003,126700,하이비젼시스템,ST,149271698880,14942112,N,0
m003,126730,코칩,ST,135586147960,8770126,N,0
m003,126880,제이엔케이글로벌,ST,67758316760,23204903,N,0
m003,127120,제이에스링크,ST,1353176828900,34741382,N,0
m003,127710,아시아경제,ST,46119522870,44049210,N,0
m003,127980,화인써키트,ST,38659833260,11840684,N,0
m003,128540,에코캡,ST,36192263760,26690460,N,0
m003,128660,피제이메탈,ST,68333281595,24803369,N,0
m003,129890,앱코,ST,41173224208,45545602,N,0
m003,129920,대성하이텍,ST,71494262400,16248696,N,0
m003,130500,GH신소재,ST,25788377196,14545052,N,0
m003,130580,나이스디앤비,ST,85162000000,15400000,N,0
m003,130740,티피씨글로벌,ST,22102290840,11276679,N,0
m003,131030,옵투스제약,ST,105526608200,17646590,N,0
m003,131090,시큐브,ST,28871493170,7658221,N,0
m003,131100,티엔엔터테인먼트,ST,26152093164,32246724,N,0
m003,131180,딜리,ST,22570150000,5870000,N,0
m003,131220,대한과학,ST,28401606900,7454490,N,0
m003,131290,티에스이,ST,2981055115500,11061429,N,0
m003,131370,알서포트,ST,77983009512,53267083,N,0
m003,131400,이브이첨단소재,ST,61677597870,59591882,N,0
m003,131760,파인텍,ST,15018640364,8686316,N,0
m003,131970,두산테스나,ST,1930791076200,19327238,N,0
m003,133750,메가엠디,ST,30686677947,23407077,N,0
m003,134060,이퓨쳐,ST,22510860000,4769250,N,0
m003,134580,탑코미디어,ST,52399680387,49294149,N,0
m003,136150,원일티엔아이,ST,70987324100,8381030,N,0
m003,136410,아셈스,ST,55977058480,11019106,N,0
m003,136480,하림,ST,296325068580,106209702,N,0
m003,136540,윈스테크넷,ST,129796915220,12279746,N,0
m003,137080,나래나노텍,ST,60939609810,10709949,N,0
m003,137400,피엔티,ST,754549686800,23690728,N,0
m003,137940,넥스트아이,ST,19506814215,8536899,N,0
m003,137950,제이씨케미칼,ST,62238540130,22267814,N,0
m003,138070,신진에스엠,ST,24521988804,17503204,N,0
m003,138080,오이솔루션,ST,280975106600,12377758,N,0
m003,138360,앤로보틱스,ST,144051511862,76991722,N,0
m003,138610,나이벡,ST,183248823160,11367793,N,0
m003,139670,키네마스터,ST,20627581410,14118810,N,0
m003,140070,서플러스글로벌,ST,60845260000,36988000,N,0
m003,140410,메지온,ST,1720196652200,30392167,N,0
m003,140430,카티스,ST,19187665065,10689507,N,0
m003,140520,대창스틸,ST,41564099467,21109243,N,0
m003,140670,알에스오토메이션,ST,122748870400,12839840,N,0
m003,140860,파크시스템스,ST,1887165395500,7002469,N,0
m003,141000,비아트론,ST,103580770500,12114710,N,0
m003,141080,리가켐바이오,ST,4453435985400,37019418,N,0
m003,142210,유니트론텍,ST,117245426950,20751403,N,0
m003,142280,녹십자엠에스,ST,67455932265,23963031,N,0
m003,142760,모아라이프플러스,ST,16318621260,42166980,N,0
m003,143160,아이디스,ST,163746439200,10716390,N,0
m003,143240,사람인,ST,171723696000,10732731,N,0
m003,143540,영우디에스피,ST,47900287230,44599895,N,0
m003,144510,지씨셀,ST,222310840080,15800344,N,0
m003,144960,뉴파워프라즈마,ST,417701485440,43692624,N,0
m003,145020,휴젤,ST,2959119936500,12304033,N,0
m003,145170,노브랜드,ST,52923307650,16908405,N,0
m003,146060,율촌,ST,23367173935,24015595,N,0
m003,146320,비씨엔씨,ST,136681817640,12797923,N,0
m003,147760,피엠티,ST,82100000000,20000000,N,0
m003,147830,제룡산업,ST,137400000000,20000000,N,0
m003,148150,세경하이테크,ST,109649593530,35542818,N,0
m003,148250,알엔투테크놀로지,ST,31100458640,13610704,N,0
m003,148780,비큐AI,ST,14370696325,31445725,N,0
m003,148930,에이치와이티씨,ST,33629078965,10175213,N,0
m003,149950,아바텍,ST,134216843460,13667703,N,0
m003,149980,하이로닉,ST,77395707000,17199046,N,0
m003,150900,파수AI,ST,38388864160,11703922,N,0
m003,151860,KG에코솔루션,ST,257056210800,47603002,N,0
m003,153460,네이블,ST,45710098000,6530014,N,0
m003,153490,우리이앤엘하루틴,ST,23166000000,51480000,N,0
m003,153710,옵티팜,ST,69022152390,14669958,N,0
m003,153890,져스텍,ST,146893217950,12050305,N,0
m003,154030,아시아종묘,ST,18623522648,12061867,N,0
m003,154040,다산솔루에타,ST,17227644358,21615614,N,0
m003,155650,와이엠씨,ST,55405125360,18974358,N,0
m003,156100,엘앤케이바이오,ST,104603396040,22351153,N,0
m003,158430,아톤,ST,98540420300,24482092,N,0
m003,159010,아스플로,ST,202154643240,13334739,N,0
m003,159580,제로투세븐,ST,44071799200,20032636,N,0
m003,159910,에코글로우,ST,36163820135,10467097,N,0
m003,160190,하이젠알앤엠,ST,553512960000,30888000,N,0
m003,160550,NEW,ST,32036209688,27906106,N,0
m003,160980,싸이맥스,ST,371424262000,10924243,N,0
m003,161580,필옵틱스,ST,726709657000,23442247,N,0
m003,162300,신스틸,ST,64197699336,41471382,N,0
m003,163280,에어레인,ST,48631003850,13603078,N,0
m003,163730,핑거,ST,114269468670,12015717,N,0
m003,166090,하나머티리얼즈,ST,1115460813600,19777674,N,0
m003,166480,코아스템켐온,ST,107855567040,52870376,N,0
m003,168330,내츄럴엔도텍,ST,60937653100,31754900,N,0
m003,168360,펨트론,ST,368805413790,22392557,N,0
m003,169330,엠브레인,ST,27457060082,18316918,N,0
m003,170030,현대공업,ST,73632000000,15340000,N,0
m003,170790,파이오링크,ST,50794839900,6397335,N,0
m003,170920,엘티씨,ST,531375537800,10564126,N,0
m003,171010,램테크놀러지,ST,38892605440,14298752,N,0
m003,171090,선익시스템,ST,553623904800,10102626,N,0
m003,171120,라이온켐텍,ST,74316643200,35901760,N,0
m003,172670,에이엘티,ST,86735307120,8960259,N,0
m003,173130,오파스넷,ST,81931850440,13046473,N,0
m003,173940,에프엔씨엔터,ST,34172033760,15392808,N,0
m003,174900,앱클론,ST,468875031500,19952129,N,0
m003,175140,휴먼테크놀로지,ST,57870666960,24944253,N,0
m003,175250,아이큐어,ST,81501658560,37558368,N,0
m003,176750,듀켐바이오,ST,172641643200,28488720,N,0
m003,177350,베셀,ST,13757636900,19653767,N,0
m003,177830,파버나인,ST,27239013165,11325993,N,0
m003,177900,쓰리에이로직스,ST,40965438000,9627600,N,0
m003,178320,서진시스템,ST,3013862396950,63650737,N,0
m003,178780,일월지엠엘,ST,44827263975,18639195,N,0
m003,179290,엠아이텍,ST,142085326420,32365678,N,0
m003,179530,애드바이오텍,ST,59829663780,26950299,N,0
m003,179900,유티아이,ST,72037099680,19790412,N,0
m003,180400,DXVX,ST,246073580000,98429432,N,0
m003,182360,큐브엔터,ST,88478640810,15549849,N,0
m003,182400,엔케이젠바이오텍코리아,ST,265496721770,72342431,N,0
m003,183300,코미코,ST,1711424323000,20545310,N,0
m003,183490,엔지켐생명과학,ST,83793832650,84640235,N,0
m003,184230,SGA솔루션즈,ST,34659441465,18887979,N,0
m003,185490,아이진,ST,66228029088,43229784,N,0
m003,186230,그린플러스,ST,34671596900,10920188,N,0
m003,187220,디티앤씨,ST,28351335180,11524933,N,0
m003,187270,신화콘텍,ST,29822904300,10143845,N,0
m003,187420,HLB제넥스,ST,47811267856,32613416,N,0
m003,187660,페니트리움바이오,ST,283987215360,55466253,N,0
m003,187790,나노,ST,95143960550,30840830,N,0
m003,187870,디바이스,ST,189889127400,13770060,N,0
m003,188040,바이오포트,ST,23677298480,4679308,N,0
m003,188260,세니젠,ST,28251197490,13263473,N,0
m003,189300,인텔리안테크,ST,778468532500,10737497,N,0
m003,189330,씨이랩,ST,114745333320,9382284,N,0
m003,189690,포시에스,ST,45682332168,27321969,N,0
m003,189860,서전기전,ST,40831863800,9698780,N,0
m003,189980,흥국에프엔비,ST,46359190185,40137827,N,0
m003,190510,나무가,ST,184658505870,14085317,N,0
m003,190650,코리아에셋투자증권,ST,43374520000,6388000,N,0
m003,191410,육일씨엔에쓰,ST,15181765525,11204255,N,0
m003,191420,테고사이언스,ST,54248099460,8108834,N,0
m003,192250,케이사인,ST,51802026250,7067125,N,0
m003,192390,윈하이텍,ST,21248073054,11032229,N,0
m003,192410,오늘이엔엠,ST,80217120165,25185909,N,0
m003,192440,슈피겐코리아,ST,184004344800,6216363,N,0
m003,193250,링크드,ST,18061428483,13368933,N,0
m003,194480,데브시스터즈,ST,217111785000,12129150,N,0
m003,194700,노바렉스,ST,252464547840,18254848,N,0
m003,195500,마니커에프앤지,ST,26267832000,15978000,N,0
m003,195940,HK이노엔,ST,1155859552800,28329891,N,0
m003,195990,루트K,ST,20522721240,32575748,N,0
m003,196170,알테오젠,ST,17361975132000,53586343,N,0
m003,196300,HLB펩,ST,37599520390,9376439,N,0
m003,196450,코아시아씨엠,ST,42374200000,45320000,N,0
m003,196490,디에이테크놀로지,ST,69131518050,11351645,N,0
m003,196700,웹스,ST,14694519312,14364144,N,0
m003,197140,디지캡,ST,27913215330,13013154,N,0
m003,198080,캐프,ST,48131138475,21535185,N,0
m003,198440,강동씨앤엘,ST,116806444632,60931896,N,0
m003,198940,한주라이트메탈,ST,27985621182,19461489,N,0
m003,199430,케이엔알시스템,ST,119024567090,11197043,N,0
m003,199480,뱅크웨어글로벌,ST,28499463460,10196588,N,0
m003,199550,레이저옵텍,ST,44537373000,14845791,N,0
m003,199730,바이오인프라,ST,9670361596,4864367,N,0
m003,199800,툴젠,ST,390047217150,8997629,N,0
m003,199820,제일일렉트릭,ST,171094000000,22220000,N,0
m003,200130,콜마비앤에이치,ST,248267309520,29415558,N,0
m003,200230,텔콘RF제약,ST,15270273655,7152353,N,0
m003,200350,아티스트스튜디오,ST,19962061925,9996025,N,0
m003,200470,에이팩트,ST,243582034750,42362093,N,0
m003,200670,휴메딕스,ST,302085117000,11229930,N,0
m003,200710,에이디테크놀로지,ST,477228148150,13462007,N,0
m003,200780,비씨월드제약,ST,34183443505,10665661,N,0
m003,201490,미투온,ST,67247256930,32723726,N,0
m003,203400,에이비온,ST,67215572784,90101304,N,0
m003,203450,유니온바이오메트릭스,ST,38365294075,14079007,N,0
m003,203650,드림시큐리티,ST,231886223520,101704484,N,0
m003,204020,그리티,ST,35984039200,19450832,N,0
m003,204270,제이앤티씨,ST,1030281179460,57848466,N,0
m003,204610,티쓰리,ST,169617327100,55521220,N,0
m003,204620,글로벌텍스프리,ST,357742149700,70283330,N,0
m003,204840,지엘팜텍,ST,65296263052,77549006,N,0
m003,205100,엑셈,ST,116915343642,70686423,N,0
m003,205470,휴마시스,ST,57122627315,24675001,N,0
m003,205500,넥써쓰,ST,96488708995,64112099,N,0
m003,206400,베노티앤알,ST,36722444682,37510158,N,0
m003,206560,덱스터,ST,28842320360,25411736,N,0
m003,206640,바디텍메드,ST,249969378610,21907921,N,0
m003,206650,유바이오로직스,ST,304676625030,36752307,N,0
m003,207760,미스터블루,ST,41124492585,83079783,N,0
m003,208140,정다운,ST,73702974730,32684246,N,0
m003,208350,지란지교시큐리티,ST,24912327750,8101570,N,0
m003,208370,셀바스헬스케어,ST,70400442540,25740564,N,0
m003,208640,썸에이지,ST,10094918125,13924025,N,0
m003,208710,포톤,ST,25833058720,13180132,N,0
m003,208860,다산디엠씨,ST,34119722865,33949973,N,0
m003,209640,와이제이링크,ST,104528561550,28443146,N,0
m003,210120,캔버스엔,ST,22540854540,24237478,N,0
m003,211050,인카금융서비스,ST,525150583620,49263657,N,0
m003,211270,AP위성,ST,136645674240,15082304,N,0
m003,212560,네오오토,ST,159004042920,13486348,N,0
m003,212710,아이에스티이,ST,94721035500,9714978,N,0
m003,213420,덕산네오룩스,ST,748660046850,24831179,N,0
m003,214150,클래시스,ST,3163929461500,65235659,N,0
m003,214180,헥토이노베이션,ST,182167005340,12993367,N,0
m003,214260,라파스,ST,74502566050,8922463,N,0
m003,214270,FSN,ST,61998781450,45254585,N,0
m003,214370,케어젠,ST,3281986500000,53715000,N,0
m003,214430,아이쓰리시스템,ST,441355786000,7307215,N,0
m003,214450,파마리서치,ST,3319492536000,10389648,N,0
m003,214610,롤링스톤,ST,19197807380,8383322,N,0
m003,214680,디알텍,ST,80054496704,83477056,N,0
m003,215000,골프존,ST,253840536750,6275415,N,0
m003,215090,솔디펜스,ST,28666708318,23155661,N,0
m003,215100,로보로보,ST,80885104650,20348454,N,0
m003,215200,메가스터디교육,ST,409944292800,10365216,N,0
m003,215360,우리산업,ST,59359059500,9132163,N,0
m003,215380,우정바이오,ST,43925193360,16829576,N,0
m003,215480,토박스코리아,ST,18123750000,8950000,N,0
m003,215600,신라젠,ST,308974447720,138553564,N,0
m003,215790,이노인스트루먼트,ST,37825876911,40283149,N,0
m003,216050,인크로스,ST,61359068660,12198622,N,0
m003,216080,제테마,ST,169283429460,37287099,N,0
m003,217190,제너셈,ST,72214147890,13153761,N,0
m003,217270,넵튠,ST,108193013545,46735643,N,0
m003,217330,싸이토젠,ST,72048538905,23129547,N,0
m003,217480,에스디생명공학,ST,54756837359,109733141,N,0
m003,217500,러셀,ST,45936528000,31812000,N,0
m003,217730,강스템바이오텍,ST,244540787400,94054149,N,0
m003,217820,원익피앤이,ST,89499298274,47454559,N,0
m003,218150,미래생명자원,ST,36830106808,20415802,N,0
m003,218410,RFHIC,ST,1383434328200,26553442,N,0
m003,219130,타이거일렉,ST,456523167000,6314290,N,0
m003,219420,링크제니시스,ST,41003487525,11469507,N,0
m003,219550,디와이디,ST,38711929256,38673256,N,0
m003,219750,한국비티비,ST,26131497869,13085377,N,0
m003,220100,퓨쳐켐,ST,205210893000,22427420,N,0
m003,220180,핸디소프트,ST,33144216170,23930842,N,0
m003,220260,켐트로스,ST,116261199375,32072055,N,0
m003,221800,지구홀딩스,ST,85673967750,16318851,N,0
m003,221840,하이즈항공,ST,35325359729,18700561,N,0
m003,221980,케이디켐,ST,39541040000,4034800,N,0
m003,222040,코스맥스엔비티,ST,168530760000,20628000,N,0
m003,222080,SFA넥셀,ST,619129946240,77780144,N,0
m003,222110,팬젠,ST,63247902120,13514509,N,0
m003,222420,쎄노텍,ST,43915600361,48418523,N,0
m003,222800,심텍,ST,4596824333700,37463931,N,0
m003,222980,한국맥널티,ST,23221271715,11031483,N,0
m003,223250,드림씨아이에스,ST,79582436340,24600444,N,0
m003,223310,사토시홀딩스,ST,22900424800,5204642,N,0
m003,224060,더코디,ST,26990576060,5160722,N,0
m003,224110,에이텍모빌리티,ST,40541480280,5080386,N,0
m003,225190,LK삼양,ST,52428519360,70468440,N,0
m003,225220,제놀루션,ST,26578179085,19190021,N,0
m003,225430,케이엠제약,ST,6826749840,5577410,N,0
m003,225530,HC보광산업,ST,85577702085,36338727,N,0
m003,225570,넥슨게임즈,ST,590765760780,65860174,N,0
m003,225590,패션플랫폼,ST,17131002720,5121376,N,0
m003,226330,신테카바이오,ST,45411865200,24258475,N,0
m003,226340,본느,ST,14540708772,8390484,N,0
m003,226400,오스테오닉,ST,92977204500,20661601,N,0
m003,226590,엠디바이스,ST,136317492480,10716784,N,0
m003,226950,올릭스,ST,2503729905600,20322483,N,0
m003,227610,아우딘퓨쳐스,ST,21292653529,19374571,N,0
m003,227950,엔투텍,ST,45516327671,34508209,N,0
m003,228340,동양파일,ST,79900000000,20000000,N,0
m003,228670,레이,ST,74290099750,15640021,N,0
m003,228760,지노믹트리,ST,275937142200,24859202,N,0
m003,228850,레이언스,ST,103362017220,16591014,N,0
m003,229000,젠큐릭스,ST,39312460870,23428165,N,0
m003,230240,에치에프알,ST,239562000000,13309000,N,0
m003,232140,와이씨,ST,884448873000,82045350,N,0
m003,232680,라온로보틱스,ST,121969000000,13257500,N,0
m003,232830,아이티센피엔에스,ST,25941416094,16533726,N,0
m003,234030,싸이닉솔루션,ST,80493050000,23605000,N,0
m003,234100,폴라리스세원,ST,36869130900,14601636,N,0
m003,234300,에스트래픽,ST,77270095200,27207780,N,0
m003,234340,헥토파이낸셜,ST,251890927680,13970656,N,0
m003,234690,녹십자웰빙,ST,146400813500,17963290,N,0
m003,234920,자이글,ST,71849132100,13530910,N,0
m003,235980,메드팩토,ST,96313090010,34275121,N,0
m003,236200,슈프리마,ST,332674634700,6974311,N,0
m003,236810,엔비티,ST,17773271022,16975426,N,0
m003,237690,에스티팜,ST,2580253576800,20875838,N,0
m003,237750,피앤씨테크,ST,29624496000,6496600,N,0
m003,237820,플레이디,ST,38224877200,12827140,N,0
m003,237880,클리오,ST,208904840680,18071353,N,0
m003,238090,앤디포스,ST,73786864800,30490440,N,0
m003,238120,얼라인드,ST,47450356800,14378896,N,0
m003,238200,비피도,ST,21513400000,8180000,N,0
m003,238490,힘스,ST,26583754600,11312236,N,0
m003,239340,이스트에이드,ST,16349658204,26979634,N,0
m003,239610,에이치엘사이언스,ST,28739972950,5392115,N,0
m003,239890,피엔에이치테크,ST,37259081250,9935755,N,0
m003,240550,동방메디컬,ST,128115712800,20933940,N,0
m003,240600,유진테크놀로지,ST,14064146530,6928151,N,0
m003,240810,원익IPS,ST,6135487625000,49083901,N,0
m003,241520,DSC인베스트먼트,ST,229026000000,26600000,N,0
m003,241690,유니테크노,ST,63990896190,24470706,N,0
m003,241710,코스메카코리아,ST,886440000000,10680000,N,0
m003,241770,메카로,ST,367954304000,10192640,N,0
m003,241790,티이엠씨씨엔에스,ST,48962893430,10002634,N,0
m003,241820,피씨엘,ST,16803871920,2782098,N,0
m003,241840,에이스토리,ST,23993084910,9539994,N,0
m003,242040,나무기술,ST,152959686880,34606264,N,0
m003,243070,휴온스,ST,330638754000,11979665,N,0
m003,243840,신흥에스이씨,ST,182766033900,38558235,N,0
m003,244460,올리패스,ST,13415218661,8125511,N,0
m003,245620,EDGC,ST,167118555474,225531114,N,0
m003,246250,에스엘에스바이오,ST,30220617614,15348206,N,0
m003,246690,TS인베스트먼트,ST,36761057004,23778174,N,0
m003,246710,티앤알바이오팹,ST,101763716040,47664504,N,0
m003,246720,아스타,ST,99434491000,16381300,N,0
m003,246960,SCL사이언스,ST,60720428895,34017047,N,0
m003,247540,에코프로비엠,ST,11896180774400,97830434,N,0
m003,247660,나노씨엠에스,ST,12619087600,4343920,N,0
m003,250000,보라티알,ST,36588972860,6750733,N,0
m003,250060,모비스,ST,87827687220,32171314,N,0
m003,250930,예선테크,ST,12210162800,33000440,N,0
m003,251120,바이오에프디엔씨,ST,74348235000,8695700,N,0
m003,251370,와이엠티,ST,181212922780,18013213,N,0
m003,251630,브이원텍,ST,56437816440,15942886,N,0
m003,251970,펌텍코리아,ST,541880000000,12400000,N,0
m003,252500,세화피앤씨,ST,21199545290,41486390,N,0
m003,252990,샘씨엔에스,ST,704549301300,60217889,N,0
m003,253450,스튜디오드래곤,ST,673310355200,30058498,N,0
m003,253590,네오셈,ST,449658931000,43869164,N,0
m003,253840,수젠텍,ST,63875308000,16743200,N,0
m003,254120,자비스,ST,25895095340,30754270,N,0
m003,254490,미래반도체,ST,242702780000,14438000,N,0
m003,255220,SG,ST,170042244704,109563302,N,0
m003,255440,야스,ST,96237460000,13058000,N,0
m003,256150,한독크린텍,ST,38197250000,8395000,N,0
m003,256630,포인트엔지니어링,ST,53241310260,11599414,N,0
m003,256840,한국비엔씨,ST,171329189430,68394886,N,0
m003,256940,킵스파마,ST,115047782310,20078147,N,0
m003,257370,피엔티엠에스,ST,30949530975,12504861,N,0
m003,257720,실리콘투,ST,2465667075200,65576252,N,0
m003,258610,케일럼,ST,39294412851,36485063,N,0
m003,258790,소프트캠프,ST,21467509520,4998256,N,0
m003,258830,세종메디칼,ST,31223976612,75786351,N,0
m003,259630,엠플러스,ST,122590631880,12222396,N,0
m003,260660,알리코제약,ST,38087647185,15327021,N,0
m003,260930,씨티케이,ST,53382791160,19341591,N,0
m003,260970,에스앤디,ST,144926975400,2892754,N,0
m003,261200,덴티스,ST,40314735000,15809700,N,0
m003,261520,이지스,ST,42601481000,10277800,N,0
m003,261780,아리바이오랩,ST,76971168560,26912996,N,0
m003,262260,에이프로,ST,45836086400,15077660,N,0
m003,262840,아이퀘스트,ST,30115813200,10566952,N,0
m003,263020,디케이앤디,ST,42269426030,13836146,N,0
m003,263050,유틸렉스,ST,35324626904,36834856,N,0
m003,263600,덕우전자,ST,51454901300,15930310,N,0
m003,263690,디알젬,ST,57873867100,11325610,N,0
m003,263700,케어랩스,ST,41837601000,19414200,N,0
m003,263720,디앤씨미디어,ST,84157366980,12412591,N,0
m003,263750,펄어비스,ST,2328366865500,62843910,N,0
m003,263770,유에스티,ST,37754373996,23700172,N,0
m003,263800,데이타솔루션,ST,118445274000,16225380,N,0
m003,263810,상신전자,ST,38697324750,15924825,N,0
m003,263860,지니언스,ST,114766144000,9079600,N,0
m003,263920,휴엠앤씨,ST,40364141990,9809026,N,0
m003,264450,유비쿼스,ST,143721831400,14665493,N,0
m003,264660,씨앤지하이테크,ST,126375236000,9721172,N,0
m003,264850,이랜시스,ST,123147597780,30294612,N,0
m003,265520,AP시스템,ST,319077405200,15050821,N,0
m003,265560,영화테크,ST,76862394200,10690180,N,0
m003,265740,엔에프씨,ST,92890720000,17863600,N,0
m003,267320,나인테크,ST,120572119500,57415295,N,0
m003,267790,배럴,ST,26566562595,7689309,N,0
m003,267980,매일유업,ST,268993693800,7663638,N,0
m003,269620,시스웍,ST,132090012299,148582691,N,0
m003,270520,앱튼,ST,47181393600,19658914,N,0
m003,270660,에브리봇,ST,142007623770,12690583,N,0
m003,270870,뉴트리,ST,43287053920,9200224,N,0
m003,271830,팸텍,ST,30080006040,29490202,N,0
m003,272110,케이엔제이,ST,227921218000,8025395,N,0
m003,272290,이녹스첨단소재,ST,452581454300,19937509,N,0
m003,273060,와이즈버즈,ST,42234670134,50459582,N,0
m003,273640,와이엠텍,ST,58448780000,10966000,N,0
m003,274090,켄코아에어로스페이스,ST,149587888020,13774207,N,0
m003,274400,이노시뮬레이션,ST,18990770370,9086493,N,0
m003,275630,에스에스알,ST,20647465440,5253808,N,0
m003,276040,스코넥,ST,7073119545,21630335,N,0
m003,276730,한울앤제주,ST,44140577880,2284709,N,0
m003,277070,린드먼아시아,ST,41829060000,13692000,N,0
m003,277410,인산가,ST,30729204000,38411505,N,0
m003,277810,레인보우로보틱스,ST,8797835603000,19399858,N,0
m003,277880,티에스아이,ST,64688871120,19843212,N,0
m003,278280,천보,ST,449686017500,12253025,N,0
m003,278650,HLB바이오스텝,ST,35039115960,17432396,N,0
m003,279600,미디어젠,ST,16396733500,4684781,N,0
m003,281740,레이크머티리얼즈,ST,842665625360,65730548,N,0
m003,282720,금양그린파워,ST,86048450000,12119500,N,0
m003,282880,코윈테크,ST,119045754760,11694082,N,0
m003,284620,카이노스메드,ST,35965517911,33086953,N,0
m003,285490,노바텍,ST,125535113970,10575831,N,0
m003,285800,진영,ST,14908111310,17477270,N,0
m003,286750,나노실리칸첨단소재,ST,57972231170,32028857,N,0
m003,287840,인투셀,ST,347007276000,15021960,N,0
m003,288180,케이피항공산업,ST,65430368700,7393262,N,0
m003,288330,파라택시스코리아,ST,44129674368,106080948,N,0
m003,288620,에스프리즘,ST,32523612560,6979316,N,0
m003,288980,모아데이타,ST,35180793493,36381379,N,0
m003,289010,아이스크림에듀,ST,12829635520,13945256,N,0
m003,289080,SV인베스트먼트,ST,112819325108,60138233,N,0
m003,289220,자이언트스텝,ST,30277683897,22312221,N,0
m003,289930,웨이비스,ST,110451684000,13149010,N,0
m003,290090,트윔,ST,31994442400,7440568,N,0
m003,290120,DH오토리드,ST,39167313075,15825177,N,0
m003,290270,휴네시온,ST,26325021280,9607672,N,0
m003,290520,신도기연,ST,24359581872,15736164,N,0
m003,290550,디케이티,ST,444027306000,20001230,N,0
m003,290560,파라택시스이더리움,ST,27573246090,22362730,N,0
m003,290650,엘앤씨바이오,ST,1960697480800,26969704,N,0
m003,290660,다이나믹솔루션,ST,57060066816,42837888,N,0
m003,290670,대보마그네틱,ST,44238625800,7857660,N,0
m003,290690,소룩스,ST,267206018800,52599610,N,0
m003,290720,푸드나무,ST,112407410670,35459751,N,0
m003,290740,액트로,ST,82533090200,10065011,N,0
m003,291230,엔피,ST,18784800150,44095775,N,0
m003,291650,압타머사이언스,ST,67692519378,61039242,N,0
m003,291810,핀텔,ST,12141784416,11368712,N,0
m003,293490,카카오게임즈,ST,894425510100,107245265,N,0
m003,293580,나우IB,ST,130623611200,94929950,N,0
m003,293780,압타바이오,ST,123470514975,28093405,N,0
m003,294090,이오플로우,ST,62295566450,41809105,N,0
m003,294140,레몬,ST,50769562770,22414818,N,0
m003,294570,쿠콘,ST,189724561600,10091732,N,0
m003,294630,서남,ST,70793566515,26366319,N,0
m003,295310,에이치브이엠,ST,571007939400,12046581,N,0
m003,296640,이노에이엑스,ST,26564432760,5178252,N,0
m003,297090,씨에스베어링,ST,108398250000,27270000,N,0
m003,297570,아틀라스링크,ST,39398946084,34621218,N,0
m003,297890,HB솔루션,ST,126460640306,73140914,N,0
m003,298060,풍전약품,ST,23869714500,8840635,N,0
m003,298380,에이비엘바이오,ST,4579774473400,55987463,N,0
m003,298540,더네이쳐홀딩스,ST,93002598120,14486386,N,0
m003,298830,슈어소프트테크,ST,223723818315,53458499,N,0
m003,299030,하나기술,ST,105852608400,7994910,N,0
m003,299170,더블유에스아이,ST,56579885544,41511288,N,0
m003,299660,셀리드,ST,37026236135,29502977,N,0
m003,299900,위지윅스튜디오,ST,39854389972,171048884,N,0
m003,300080,플리토,ST,117848920140,16505451,N,0
m003,300120,라온피플,ST,23068871456,49504016,N,0
m003,301300,바이브컴퍼니,ST,17561540520,13154712,N,0
m003,302430,이노메트리,ST,62047542480,9833208,N,0
m003,302550,리메드,ST,83603840750,30907150,N,0
m003,303030,지니틱스,ST,13086033204,9157476,N,0
m003,303360,프로티아,ST,53064425800,12879715,N,0
m003,303530,이노뎁,ST,22825219890,7339299,N,0
m003,303810,동국생명과학,ST,79000825800,31984140,N,0
m003,304100,솔트룩스,ST,151378137100,12593855,N,0
m003,304360,에스바이오메딕스,ST,248941072800,12385128,N,0
m003,304840,피플바이오,ST,18702587540,24320660,N,0
m003,305090,마이크로디지탈,ST,40034829650,18620851,N,0
m003,306040,에스제이그룹,ST,17531576356,9865828,N,0
m003,306620,지아이에스,ST,96124078920,47942184,N,0
m003,307180,아이엘,ST,159475720320,36915676,N,0
m003,307280,원바이오젠,ST,39871803740,7094627,N,0
m003,307750,국전,ST,122278942320,53986288,N,0
m003,307870,비투엔,ST,71178715030,74299285,N,0
m003,307930,컴퍼니케이,ST,94596600000,15610000,N,0
m003,308080,바이젠셀,ST,113155915200,20499260,N,0
m003,308100,형지글로벌,ST,11627135872,24023008,N,0
m003,308430,셀비온,ST,192804449940,12905251,N,0
m003,309710,아이티켐,ST,268443021000,12783001,N,0
m003,309930,조이웍스앤코,ST,17811697325,19255889,N,0
m003,309960,LB인베스트먼트,ST,101343248235,23217239,N,0
m003,310200,애니플러스,ST,135101745240,52162836,N,0
m003,310210,보로노이,ST,3061561723800,18420949,N,0
m003,310870,디와이씨,ST,27644401122,21922602,N,0
m003,311320,지오엘리먼트,ST,133462044800,12614560,N,0
m003,311390,네오크레마,ST,33722347685,12653789,N,0
m003,311690,CJ 바이오사이언스,ST,55528213500,13065462,N,0
m003,312610,에이에프더블류,ST,8447122296,20256888,N,0
m003,313760,캐리,ST,5244963048,11207186,N,0
m003,314130,지놈앤컴퍼니,ST,192458931780,45178153,N,0
m003,314140,알피바이오,ST,46191704130,8666361,N,0
m003,314930,바이오다인,ST,255376003740,29764103,N,0
m003,315640,딥노이드,ST,43147808808,29372232,N,0
m003,317120,라닉스,ST,21089320000,15260000,N,0
m003,317240,TS트릴리온,ST,21182292186,29176711,N,0
m003,317330,덕산테코피아,ST,223399531440,20476584,N,0
m003,317530,에피소드컴퍼니,ST,50997581030,17494882,N,0
m003,317690,퀀타매트릭스,ST,46713267280,20135029,N,0
m003,317770,엑스페릭스,ST,88678828480,36644144,N,0
m003,317830,에스피시스템스,ST,53276530010,10773818,N,0
m003,317850,대모,ST,51694648200,8324420,N,0
m003,317870,엔바이오니아,ST,35544417900,8841895,N,0
m003,318000,KBG,ST,26919886840,8740223,N,0
m003,318010,팜스빌,ST,29021377080,7929338,N,0
m003,318020,포인트모바일,ST,24577941456,12301272,N,0
m003,318060,그래피,ST,206703774500,11173177,N,0
m003,318160,셀바이오휴먼텍,ST,58826331900,9337513,N,0
m003,318410,비비씨,ST,32720381270,5555243,N,0
m003,319400,현대무벡스,ST,2589492906750,111376039,N,0
m003,319660,피에스케이,ST,5486295631600,28966714,N,0
m003,320000,한울반도체,ST,82772412600,6734940,N,0
m003,321260,프로이천,ST,51225016628,28192084,N,0
m003,321370,센서뷰,ST,87985334918,51664906,N,0
m003,321550,티움바이오,ST,121505631375,30038475,N,0
m003,321820,아티스트컴퍼니,ST,36094035440,15591376,N,0
m003,322180,LS티라유텍,ST,90176164670,21496106,N,0
m003,322310,오로스테크놀로지,ST,176559316700,9366542,N,0
m003,322510,제이엘케이,ST,120397174560,25725892,N,0
m003,322780,코퍼스코리아,ST,15005915760,8974830,N,0
m003,323280,태성,ST,1187927422000,30537980,N,0
m003,323350,다원넥스뷰,ST,76182441720,8010772,N,0
m003,323990,박셀바이오,ST,98611142800,23257345,N,0
m003,327260,RF머트리얼즈,ST,469546047000,8995135,N,0
m003,328130,루닛,ST,807126671200,74458180,N,0
m003,328380,솔트웨어,ST,17542540800,6852555,N,0
m003,330350,위더스제약,ST,87117888000,13199680,N,0
m003,330730,스톤브릿지벤처스,ST,82891126500,18217830,N,0
m003,330860,네패스아크,ST,484315788750,12184045,N,0
m003,331380,포커스에이아이,ST,55024103330,36560866,N,0
m003,331520,밸로프,ST,20325410244,10172878,N,0
m003,331740,아우토크립트,ST,73717491960,9750991,N,0
m003,331920,셀레믹스,ST,112567265730,9796977,N,0
m003,332290,누보,ST,31724001180,39904404,N,0
m003,332370,아이디피,ST,70218010540,13273726,N,0
m003,332570,PS일렉트로닉스,ST,285407649930,46711563,N,0
m003,333050,이노테나,ST,25262274600,4924420,N,0
m003,333430,일승,ST,99247392810,30726747,N,0
m003,333620,엔시스,ST,57958985700,10997910,N,0
m003,334970,프레스티지바이오로직스,ST,141665304614,77752637,N,0
m003,335810,프리시젼바이오,ST,32924259000,21949506,N,0
m003,335870,윙스풋,ST,16951478676,16750473,N,0
m003,336060,웨이버스,ST,28411568000,48155200,N,0
m003,336570,원텍,ST,514192908040,89580646,N,0
m003,336680,탑런토탈솔루션,ST,100604084060,39145558,N,0
m003,337930,젝시믹스,ST,92145454875,29676475,N,0
m003,338220,뷰노,ST,110894438160,14001823,N,0
m003,338840,와이바이오로직스,ST,159352481970,15366681,N,0
m003,339950,아이비김영,ST,123603301250,44946655,N,0
m003,340360,다보링크,ST,32851609132,52062772,N,0
m003,340440,세림B&G,ST,27328364532,28378364,N,0
m003,340450,지씨지놈,ST,112814282610,23650793,N,0
m003,340570,티앤엘,ST,429158400000,8128000,N,0
m003,340810,시선AI,ST,32747942400,13644976,N,0
m003,340930,성원에너텍,ST,55513882710,68875785,N,0
m003,342870,오아,ST,22536564595,5450197,N,0
m003,344860,이노진,ST,16096140000,12030000,N,0
m003,347000,센코,ST,66736143190,37810846,N,0
m003,347700,스피어,ST,1123819691600,51551362,N,0
m003,347740,피엔케이피부임상연구센타,ST,53028687792,30010576,N,0
m003,347770,핌스,ST,23359896924,22857042,N,0
m003,347850,디앤디파마텍,ST,3864110438700,45837609,N,0
m003,347860,알체라,ST,60996327209,42153647,N,0
m003,347890,엠엑스온,ST,71160640780,16963204,N,0
m003,348030,모비릭스,ST,27034697000,9603800,N,0
m003,348080,큐라티스,ST,35673982329,115449781,N,0
m003,348150,고바이오랩,ST,65732939265,19418889,N,0
m003,348210,넥스틴,ST,425366403000,10477005,N,0
m003,348340,뉴로메카,ST,408881525450,12409151,N,0
m003,348350,위드텍,ST,89807400000,9978600,N,0
m003,348370,엔켐,ST,506143938300,21910993,N,0
m003,351320,넥사다이내믹스,ST,30411409408,29698642,N,0
m003,351330,이삭엔지니어링,ST,31164835200,8288520,N,0
m003,351870,차이커뮤니케이션,ST,20379332292,11160642,N,0
m003,352090,스톰테크,ST,95936602860,26872998,N,0
m003,352480,씨앤씨인터내셔널,ST,275324000200,13629901,N,0
m003,352700,씨앤투스,ST,35946797832,26276899,N,0
m003,352770,셀레스트라,ST,13610136750,2592407,N,0
m003,352910,오비고,ST,47454946510,12637802,N,0
m003,352940,인바이오,ST,21898475950,10867730,N,0
m003,353190,휴럼,ST,21815644680,7875684,N,0
m003,353590,오토앤,ST,20575160860,12875570,N,0
m003,353810,이지바이오,ST,206100361600,33081920,N,0
m003,354200,엔젠바이오,ST,19758785750,26809750,N,0
m003,354320,알멕,ST,199091518150,6391381,N,0
m003,355150,코스텍시스,ST,169982230000,7797350,N,0
m003,355390,크라우드웍스,ST,27922971096,15874344,N,0
m003,355690,에이텀,ST,37196695900,9404980,N,0
m003,356680,엑스게이트,ST,349657777000,28543492,N,0
m003,356860,티엘비,ST,739413776000,9832630,N,0
m003,356890,싸이버원,ST,27135182750,11953825,N,0
m003,357230,에이치피오,ST,90639179820,41293476,N,0
m003,357550,석경에이티,ST,204562500000,5455000,N,0
m003,357580,아모센스,ST,74157602980,11789762,N,0
m003,357780,솔브레인,ST,2423023309000,7778566,N,0
m003,357880,SKAI,ST,136850024080,52940048,N,0
m003,358570,지아이이노베이션,ST,529031249200,64516006,N,0
m003,359090,씨엔알리서치,ST,21976801416,11494143,N,0
m003,360070,탑머티리얼,ST,73974148290,8192043,N,0
m003,360350,코셈,ST,39099004300,5437970,N,0
m003,361390,제노코,ST,145169440710,9736381,N,0
m003,361570,알비더블유,ST,41419082331,28743291,N,0
m003,361670,삼영에스앤씨,ST,19496743520,5667658,N,0
m003,362320,청담글로벌,ST,99305306550,21151290,N,0
m003,362990,드림인사이트,ST,20799110612,16800574,N,0
m003,363250,진시스템,ST,27482073860,8508382,N,0
m003,363260,모비데이즈,ST,25763178969,32163769,N,0
m003,364950,에이아이코리아,ST,33932460050,8296445,N,0
m003,365270,큐라클,ST,223342479360,22156992,N,0
m003,365330,에스와이스틸텍,ST,91261049000,50171000,N,0
m003,365340,성일하이텍,ST,447070579000,12921115,N,0
m003,365590,하이딥,ST,36556848150,36814550,N,0
m003,365660,레몬헬스케어,ST,130845278200,13351559,N,0
m003,365900,브이씨,ST,18348853000,7310300,N,0
m003,366030,나인앤컴퍼니,ST,116893866000,22653850,N,0
m003,367000,플래티어,ST,25122679965,8388207,N,0
m003,368600,아이씨에이치,ST,14832363625,25795415,N,0
m003,368770,파이버프로,ST,446817460000,32854225,N,0
m003,368970,오에스피,ST,16497233955,7283547,N,0
m003,369370,블리츠웨이엔터테인먼트,ST,38700602936,49871911,N,0
m003,370090,퓨런티어,ST,60496788100,8556830,N,0
m003,371950,풍원정밀,ST,138694793760,22662548,N,0
m003,372170,윤성에프앤씨,ST,135643816000,7979048,N,0
m003,372320,큐로셀,ST,399680347500,15225918,N,0
m003,372800,아이티아이즈,ST,21393054560,7037189,N,0
m003,373110,엑셀세라퓨틱스,ST,21081866286,17294394,N,0
m003,373160,데이원컴퍼니,ST,44805236905,13807469,N,0
m003,373170,엠아이큐브솔루션,ST,27174594420,15113790,N,0
m003,373200,엑스플러스,ST,64110686720,25043237,N,0
m003,376180,피코그램,ST,26765016796,18561038,N,0
m003,376270,HEM파마,ST,298211941800,7203187,N,0
m003,376290,씨유테크,ST,47851825000,17657500,N,0
m003,376300,디어유,ST,534114135000,23738406,N,0
m003,376900,로킷헬스케어,ST,581774366850,15873789,N,0
m003,376930,노을,ST,36006508746,51291323,N,0
m003,376980,원티드랩,ST,23097521810,9766394,N,0
m003,377030,비트맥스,ST,14982798360,10694360,N,0
m003,377220,프롬바이오,ST,16986000000,28310000,N,0
m003,377330,이지트로닉스,ST,18396296040,8139954,N,0
m003,377450,리파인,ST,176419400000,17330000,N,0
m003,377460,큐에이드,ST,253187202960,62055687,N,0
m003,377480,마음AI,ST,64774605250,7110275,N,0
m003,378340,필에너지,ST,250636153560,21643882,N,0
m003,378800,샤페론,ST,25757368267,46243031,N,0
m003,380540,옵티코어,ST,206658126350,24456583,N,0
m003,380550,뉴로핏,ST,113815419780,12198866,N,0
m003,381620,제닉스로보틱스,ST,73985068800,13117920,N,0
m003,382150,온코크로스,ST,45247000470,12195957,N,0
m003,382480,지아이텍,ST,71511923380,39357140,N,0
m003,382800,지앤비에스 에코,ST,152629841595,31831041,N,0
m003,382840,원준,ST,76663336620,15271581,N,0
m003,382900,범한퓨얼셀,ST,145783040000,8761000,N,0
m003,383310,에코프로에이치엔,ST,587298096000,20974932,N,0
m003,383930,디티앤씨알오,ST,21656312832,12784128,N,0
m003,384470,코어라인소프트,ST,53211941780,17946692,N,0
m003,387570,파인메딕스,ST,24191370000,5625900,N,0
m003,388050,지투파워,ST,139198211280,18709437,N,0
m003,388210,씨엠티엑스,ST,820627230000,9654438,N,0
m003,388610,지에프씨생명과학,ST,27905006920,5325383,N,0
m003,388720,유일로보틱스,ST,812912805000,11781345,N,0
m003,388790,라이콤,ST,148784817600,30614160,N,0
m003,388870,파로스아이바이오,ST,68872358240,12945932,N,0
m003,389020,자람테크놀로지,ST,162959935200,6905082,N,0
m003,389030,지니너스,ST,87450841620,39392271,N,0
m003,389140,포바이포,ST,72775648500,14269735,N,0
m003,389260,대명에너지,ST,237570469500,17916325,N,0
m003,389470,인벤티지랩,ST,490389039800,13307708,N,0
m003,389500,에스비비테크,ST,238219124000,6663472,N,0
m003,389650,넥스트바이오메디컬,ST,313295275100,8277286,N,0
m003,389680,유디엠텍,ST,14428081662,8320693,N,0
m003,391710,코닉오토메이션,ST,47990649220,42620470,N,0
m003,393210,토마토시스템,ST,34664287680,15614544,N,0
m003,393890,더블유씨피,ST,302219275920,33843144,N,0
m003,393970,대진첨단소재,ST,50428566500,17850820,N,0
m003,394280,오픈엣지테크놀로지,ST,308517866300,26346530,N,0
m003,394420,리센스메디컬,ST,155494818360,10934938,N,0
m003,394800,쓰리빌리언,ST,187753062700,31822553,N,0
m003,396270,넥스트칩,ST,75969965610,32887431,N,0
m003,396300,세아메카닉스,ST,84633952500,26489500,N,0
m003,396470,워트,ST,89788400000,16120000,N,0
m003,397030,에이프릴바이오,ST,639197449800,23413826,N,0
m003,397810,애드포러스,ST,26165103900,5160770,N,0
m003,398120,에스지헬스케어,ST,23637022000,11818511,N,0
m003,399720,가온칩스,ST,677181876800,11838844,N,0
m003,402030,코난테크놀로지,ST,142073488800,12517488,N,0
m003,402490,그린리소스,ST,137852666380,16935217,N,0
m003,403490,우듬지팜,ST,24527935776,45932464,N,0
m003,403850,더핑크퐁컴퍼니,ST,153699317100,14351010,N,0
m003,403870,HPSP,ST,3654120000000,82300000,N,0
m003,405000,플라즈맵,ST,13664860640,3838444,N,0
m003,405100,큐알티,ST,134322059930,12289301,N,0
m003,405920,나라셀라,ST,23515366776,12878076,N,0
m003,406820,뷰티스킨,ST,29544568130,14136157,N,0
m003,407400,꿈비,ST,30366658050,14634534,N,0
m003,408470,한패스,ST,61423320000,10572000,N,0
m003,408900,스튜디오미르,ST,36388504119,32752929,N,0
m003,408920,메쎄이상,ST,131642825475,43232455,N,0
m003,411080,샌즈랩,ST,62826330370,15267638,N,0
m003,412350,레이저쎌,ST,90392836170,14603043,N,0
m003,412540,제일엠앤에스,ST,81063616775,20600665,N,0
m003,413390,엠오티,ST,71797116000,11580180,N,0
m003,413630,씨피시스템,ST,79067432850,36436605,N,0
m003,413640,비아이매트릭스,ST,44755097400,7206940,N,0
m003,415380,스튜디오삼익,ST,21615779775,11442975,N,0
m003,416180,신성에스티,ST,178897206620,9039778,N,0
m003,417010,나노팀,ST,99249821760,20172728,N,0
m003,417180,핑거스토리,ST,13775666700,3509724,N,0
m003,417200,LS머트리얼즈,ST,857159189530,67652659,N,0
m003,417500,제이아이테크,ST,107533960320,32784744,N,0
m003,417790,트루엔,ST,62915029910,10468391,N,0
m003,417840,저스템,ST,290898526320,22869381,N,0
m003,417860,오브젠,ST,31912822680,4706906,N,0
m003,417970,모델솔루션,ST,70747502000,6396700,N,0
m003,418250,시큐레터,ST,47629012750,7271605,N,0
m003,418420,라온텍,ST,123098232000,30774558,N,0
m003,418470,KT밀리의서재,ST,85486574220,8565789,N,0
m003,418550,제이오,ST,142318556485,32017673,N,0
m003,418620,E8,ST,14173240578,19850477,N,0
m003,419050,삼기에너지솔루션즈,ST,96432860640,57196240,N,0
m003,419080,엔젯,ST,42508804470,10871817,N,0
m003,419120,산돌,ST,38260109410,14223089,N,0
m003,419530,SAMG엔터,ST,284784702300,10207337,N,0
m003,419540,비스토스,ST,18828079480,5958253,N,0
m003,420570,제이투케이바이오,ST,47656986450,5847483,N,0
m003,420770,기가비스,ST,2085162191000,12675758,N,0
m003,424760,벨로크,ST,19947866112,10054368,N,0
m003,424870,이뮨온시아,ST,289333092730,91272269,N,0
m003,424960,스마트레이더시스템,ST,63550099050,16485110,N,0
m003,424980,마이크로투나노,ST,42320063500,5918890,N,0
m003,425040,티이엠씨,ST,222078956740,21922898,N,0
m003,425420,티에프이,ST,493269880950,12347181,N,0
m003,429270,시지트로닉스,ST,24152370095,6449231,N,0
m003,430690,한싹,ST,24623387040,10895304,N,0
m003,431190,케이쓰리아이,ST,17855164170,7486442,N,0
m003,432430,와이랩,ST,35492888000,16508320,N,0
m003,432470,케이엔에스,ST,64295505480,8771556,N,0
m003,432720,퀄리타스반도체,ST,131660668160,14187572,N,0
m003,432980,엠에프씨,ST,24056877600,8591742,N,0
m003,434480,모니터랩,ST,29052308000,12310300,N,0
m003,435570,에르코스,ST,48748691200,7616983,N,0
m003,437730,삼현,ST,1081228034700,31707567,N,0
m003,438700,버넥트,ST,20283699800,11144890,N,0
m003,439090,마녀공장,ST,270652722600,16393260,N,0
m003,439580,블루엠텍,ST,58486833216,33846547,N,0
m003,439960,코스모로보틱스,ST,416341531580,32450626,N,0
m003,440110,파두,ST,3847789593600,50101427,N,0
m003,440290,HB인베스트먼트,ST,47558617470,27506430,N,0
m003,440320,오픈놀,ST,21107700000,9980000,N,0
m003,441270,파인엠텍,ST,272024984090,42044047,N,0
m003,443250,레뷰코퍼레이션,ST,64750803830,10809817,N,0
m003,443670,에스피소프트,ST,68550160220,24010564,N,0
m003,444530,심플랫폼,ST,31643914920,6418644,N,0
m003,445090,에이직랜드,ST,273141450000,10925658,N,0
m003,445180,퓨릿,ST,135622693320,17189188,N,0
m003,445680,큐리옥스바이오시스템즈,ST,731138337500,17203255,N,0
m003,446540,메가터치,ST,195411625920,29079111,N,0
m003,446840,지슨,ST,58332984897,55083083,N,0
m003,448280,에코아이,ST,209788393320,29631129,N,0
m003,448710,코츠테크놀로지,ST,58402476600,5285292,N,0
m003,448900,한국피아이엠,ST,311012198400,6074457,N,0
m003,450330,하스,ST,39092175325,8186843,N,0
m003,450520,인스웨이브,ST,25159532958,14704578,N,0
m003,450950,아스테라시스,ST,237430105520,37627592,N,0
m003,451220,아이엠티,ST,81423477740,7874611,N,0
m003,451250,삐아,ST,77205371350,10225877,N,0
m003,451760,컨텍,ST,142792245100,16507774,N,0
m003,452160,제이엔비,ST,31401225655,9617527,N,0
m003,452190,한빛레이저,ST,89343280395,23920557,N,0
m003,452200,민테크,ST,37959168000,24332800,N,0
m003,452280,한선엔지니어링,ST,218461054500,19247670,N,0
m003,452300,캡스톤파트너스,ST,32660709025,14169505,N,0
m003,452400,이닉스,ST,51707139600,9071428,N,0
m003,452430,사피엔반도체,ST,255918051000,8255421,N,0
m003,452450,피아이이,ST,123938040000,36028500,N,0
m003,453450,그리드위즈,ST,111833920000,7942750,N,0
m003,453860,에이에스텍,ST,65024228070,6444423,N,0
m003,455180,케이지에이,ST,19667267244,13958316,N,0
m003,455900,엔젤로보틱스,ST,280414117440,15373581,N,0
m003,456010,아이씨티케이,ST,233342811500,14502350,N,0
m003,456070,이엔셀,ST,79633112740,11029517,N,0
m003,456160,지투지바이오,ST,539624873700,16629426,N,0
m003,457370,한켐,ST,65222664060,8062134,N,0
m003,457550,우진엔텍,ST,146214451020,9318958,N,0
m003,457600,벡트,ST,39271987500,13707500,N,0
m003,458350,에스팀,ST,33300072000,8683200,N,0
m003,458650,성우,ST,131499155800,15045670,N,0
m003,458870,씨어스,ST,1370150640000,38059740,N,0
m003,459100,위츠,ST,56220967500,13466100,N,0
m003,459510,나우로보틱스,ST,174948589360,12978382,N,0
m003,459550,알트,ST,28474239169,25220761,N,0
m003,460470,아이빔테크놀로지,ST,44526544650,15119370,N,0
m003,460870,에스엠씨지,ST,47172264400,20073304,N,0
m003,460930,현대힘스,ST,413344210440,35510671,N,0
m003,460940,피앤에스로보틱스,ST,59472337600,13455280,N,0
m003,461030,아이엠비디엑스,ST,49955791745,14334517,N,0
m003,461300,아이스크림미디어,ST,211317577380,13323933,N,0
m003,462310,뉴키즈온,ST,27829411400,8185121,N,0
m003,462350,이노스페이스,ST,236226692520,33650526,N,0
m003,462510,라메디텍,ST,24956405775,8802965,N,0
m003,462860,더즌,ST,147459654765,71756523,N,0
m003,462980,아이지넷,ST,26111713784,18234437,N,0
m003,463020,뉴엔AI,ST,57182048000,8879200,N,0
m003,463480,모티브링크,ST,56500032480,12390358,N,0
m003,464080,에스오에스랩,ST,164753873100,17947045,N,0
m003,464280,티디에스팜,ST,32129300000,5530000,N,0
m003,464490,쿼드메디슨,ST,66251792010,11482113,N,0
m003,464500,아이언디바이스,ST,26139415284,13993263,N,0
m003,464580,닷밀,ST,24664159260,18406089,N,0
m003,465320,교보15호스팩,ST,8896350000,3810000,Y,0
m003,465480,인스피언,ST,36800112360,10137772,N,0
m003,466100,클로봇,ST,686126491050,25459239,N,0
m003,466410,사이냅소프트,ST,42764325270,5037023,N,0
m003,466690,키움히어로제1호스팩,ST,10215475000,5095000,Y,0
m003,467930,IBKS제23호스팩,ST,8904150000,4230000,Y,0
m003,468530,프로티나,ST,292984772400,11035208,N,0
m003,468760,유진스팩10호,ST,8819200000,4240000,Y,0
m003,469480,IBKS제24호스팩,ST,9009900000,4230000,Y,0
m003,469610,이노테크,ST,125021742000,8942900,N,0
m003,469750,아이비젼웍스,ST,22155517283,34456481,N,0
m003,469880,하나30호스팩,ST,15450075000,7305000,Y,0
m003,469900,하나31호스팩,ST,11630375000,5605000,Y,0
m003,471050,대신밸런스제17호스팩,ST,12665400000,6060000,Y,0
m003,471820,셀로맥스사이언스,ST,49054494860,11302879,N,0
m003,472220,신영스팩10호,ST,9802100000,4690000,Y,0
m003,472230,에스케이증권제11호스팩,ST,8621625000,4155000,Y,0
m003,472850,폰드그룹,ST,221363001940,57571652,N,0
m003,473000,에스케이증권제12호스팩,ST,6802050000,3310000,Y,0
m003,473050,유안타제15호스팩,ST,14545750000,7010000,Y,0
m003,473950,에스케이증권제13호스팩,ST,8972600000,4420000,Y,0
m003,473980,노머스,ST,128841101300,11059322,N,0
m003,474170,루미르,ST,124189341120,17817696,N,0
m003,474490,유안타제16호스팩,ST,11306520000,5510000,Y,0
m003,474610,RF시스템즈,ST,94419691000,14415220,N,0
m003,474650,링크솔루션,ST,148402425600,5752032,N,0
m003,474660,신한제12호스팩,ST,11343600000,5520000,Y,0
m003,474930,신한제13호스팩,ST,7565800000,3620000,Y,0
m003,475040,스트라드비젼,ST,238849293930,53255138,N,0
m003,475230,엔알비,ST,80977214690,10898683,N,0
m003,475240,하나32호스팩,ST,6688000000,3200000,Y,0
m003,475250,하나33호스팩,ST,7659000000,3700000,Y,0
m003,475400,씨메스로보틱스,ST,205558024540,11806894,N,0
m003,475430,키스트론,ST,81565862700,17848110,N,0
m003,475460,미트박스,ST,33596823750,5646525,N,0
m003,475580,에이럭스,ST,101233007000,13624900,N,0
m003,475660,에스켐,ST,27318281575,7929835,N,0
m003,475830,오름테라퓨틱,ST,1057744033000,21719590,N,0
m003,475960,토모큐브,ST,451016333800,13383274,N,0
m003,476040,오가노이드사이언스,ST,51698216000,6585760,N,0
m003,476060,온코닉테라퓨틱스,ST,531271728000,45407840,N,0
m003,476080,M83,ST,30652215000,8077000,N,0
m003,476830,알지노믹스,ST,465018851700,14027718,N,0
m003,477340,에이치엠씨제7호스팩,ST,15282850000,7510000,Y,0
m003,477380,미래에셋비전스팩4호,ST,16726500000,8100000,Y,0
m003,477470,미래에셋비전스팩5호,ST,11453200000,5480000,Y,0
m003,477760,DB금융스팩12호,ST,11972000000,5840000,Y,0
m003,477850,마키나락스,ST,525540185600,17754736,N,0
m003,478110,이베스트스팩6호,ST,10215700000,5020000,Y,0
m003,478340,나라스페이스테크놀로지,ST,141849830580,11570133,N,0
m003,478390,KB제29호스팩,ST,12719900000,6220000,Y,0
m003,478440,미래에셋비전스팩6호,ST,14137200000,6930000,Y,0
m003,478560,블랙야크아이앤씨,ST,66383865860,25830298,N,0
m003,479880,한국제15호스팩,ST,14117850000,6870000,Y,0
m003,479960,위너스일렉,ST,46176480000,7126000,N,0
m003,481070,에이유브랜즈,ST,240748200000,14330250,N,0
m003,481890,엔에이치스팩31호,ST,13197600000,6345000,Y,0
m003,482520,교보16호스팩,ST,12383000000,6100000,Y,0
m003,482630,삼양엔씨켐,ST,317817825600,21888280,N,0
m003,482680,미래에셋비전스팩7호,ST,16881825000,8215000,Y,0
m003,482690,대신밸런스제19호스팩,ST,11566900000,5615000,Y,0
m003,484120,도우인시스,ST,184084689600,10957422,N,0
m003,484130,하나34호스팩,ST,9311200000,4520000,Y,0
m003,484590,삼양컴텍,ST,262098462000,41210450,N,0
m003,484810,티엑스알로보틱스,ST,141684890550,15450915,N,0
m003,486630,KB제30호스팩,ST,10779300000,5310000,Y,0
m003,486990,노타,ST,408353379900,21346230,N,0
m003,487360,신한제14호스팩,ST,11364600000,5640000,Y,0
m003,487580,폴레드,ST,87888184890,25182861,N,0
m003,487720,키움제10호스팩,ST,8565750000,4230000,Y,0
m003,487830,신한제15호스팩,ST,8874000000,4350000,Y,0
m003,488060,유진스팩11호,ST,9581600000,4720000,Y,0
m003,488280,에스투더블유,ST,110627696640,10803486,N,0
m003,488900,비츠로넥스텍,ST,232391072860,28976443,N,0
m003,489210,교보17호스팩,ST,10489500000,5180000,Y,0
m003,489460,바이오비쥬,ST,95080797600,15044430,N,0
m003,489480,키움제11호스팩,ST,13398000000,6600000,Y,0
m003,489500,엘케이켐,ST,127824760000,6391238,N,0
m003,489730,디비금융제13호스팩,ST,12758980000,6332000,Y,0
m003,490470,세미파이브,ST,733248232000,34025440,N,0
m003,491000,리브스메드,ST,1056435519750,25004391,N,0
m003,492220,KB제31호스팩,ST,12544200000,6210000,Y,0
m003,493280,아이엠바이오로직스,ST,318985803500,14836549,N,0
m003,493330,지에프아이,ST,81530935200,7839513,N,0
m003,493790,유안타제17호스팩,ST,10646550000,5310000,Y,0
m003,494120,큐리오시스,ST,195706473300,7629882,N,0
m003,496070,신한제16호스팩,ST,11234380000,5620000,Y,0
m003,498390,한화플러스제5호스팩,ST,10068800000,4960000,Y,0
m003,900070,글로벌에스엠,FS,27946863360,26871984,N,0
m003,900100,파이온엑스,FS,11475408750,5276050,N,0
m003,900110,딥커머스,FS,14971145658,12291581,N,0
m003,900120,씨엑스아이,FS,8074702460,7469660,N,0
m003,900250,크리스탈신소재,FS,38322051070,35815001,N,0
m003,900260,로스웰,FS,76133133724,46029706,N,0
m003,900270,헝셩그룹,FS,14595582811,25561441,N,0
m003,900290,GRT,FS,222905000000,81800000,N,0
m003,900300,오가닉티코스메틱,FS,15949198850,7780097,N,0
m003,900310,컬러레이,FS,25936878375,12808335,N,0
m003,900340,윙입푸드,FS,16269472476,12582732,N,0
m003,950130,엑세스바이오,DR,87934585000,35173834,N,0
m003,950140,잉글우드랩,DR,174837220800,19867866,N,0
m003,950160,코오롱티슈진,DR,7647314400000,84970160,N,0
m003,950170,JTC,DR,252780909980,51746348,N,0
m003,950190,고스트스튜디오,DR,122881036960,13017059,N,0
m003,950200,소마젠,DR,55880733965,19236053,N,0
m003,950220,네오이뮨텍,DR,45912289280,34211840,N,0
m003,950250,테라뷰,DR,89859859430,35517731,N,0
m001,000020,동화약품,ST,144126385200,27931470,N,0
m001,000040,KR모터스,ST,23062174128,86375184,N,0
m001,000050,경방,ST,225353519400,27415270,N,0
m001,000070,삼양홀딩스,ST,444830844300,7763191,N,0
m001,000080,하이트진로,ST,1054809509440,70133611,N,0
m001,000087,하이트진로2우B,ST,13889396020,1130138,N,0
m001,0000D0,TIGER 엔비디아미국채커버드콜밸런스(합성),EF,67218000000,6800000,N,0
m001,0000H0,KODEX 인도Nifty미드캡100,EF,16508250000,1450000,N,0
m001,0000J0,PLUS 한화그룹주,EF,109347000000,4100000,N,0
m001,0000Y0,HK 26-12 회사채(AA-이상)액티브,EF,122718200000,1210000,N,0
m001,0000Z0,RISE 바이오TOP10액티브,EF,57893500000,5950000,N,0
m001,000100,유한양행,ST,5455860668500,79647601,N,0
m001,000105,유한양행우,ST,68730708000,1180940,N,0
m001,000120,CJ대한통운,ST,1685832221600,22812344,N,0
m001,000140,하이트진로홀딩스,ST,192384081850,23206765,N,0
m001,000145,하이트진로홀딩스우,ST,4562148900,470810,N,0
m001,000150,두산,ST,22379879970000,16193835,N,0
m001,000155,두산우,ST,1854358368000,3996462,N,0
m001,000157,두산2우B,ST,370610770000,893038,N,0
m001,000180,성창기업지주,ST,68984332400,13950320,N,0
m001,0001P0,마이티 바이오시밀러&CDMO액티브,EF,10444000000,1120000,N,0
m001,000210,DL,ST,956636104600,20955884,N,0
m001,000215,DL우,ST,34986886250,1686115,N,0
m001,000220,유유제약,ST,58974245190,15747462,N,0
m001,000225,유유제약1우,ST,8160948000,2266930,N,0
m001,000227,유유제약2우B,ST,2780685600,322960,N,0
m001,000230,일동홀딩스,ST,70627248000,11540400,N,0
m001,000240,한국앤컴퍼니,ST,2378127762000,94935240,N,0
m001,000270,기아,ST,57585917205000,390412998,N,0
m001,0002C0,에셋플러스 인도일등기업포커스20액티브,EF,11178000000,1080000,N,0
m001,000300,DH오토넥스,ST,174035631000,41437055,N,0
m001,000320,노루홀딩스,ST,225152097940,13291151,N,0
m001,000325,노루홀딩스우,ST,6076797050,243559,N,0
m001,000370,한화손해보험,ST,717944327250,116738915,N,0
m001,000390,SP삼화,ST,169205577180,27203469,N,0
m001,000400,롯데손해보험,ST,664119724800,310336320,N,0
m001,000430,대원강업,ST,243040000000,62000000,N,0
m001,000480,CR홀딩스,ST,232107925500,46890490,N,0
m001,000490,대동,ST,206976890700,28826865,N,0
m001,0004G0,1Q 미국배당TOP30,EF,13377000000,1400000,N,0
m001,000500,가온전선,ST,4210222767500,16543115,N,0
m001,000520,삼일제약,ST,136224573080,21691811,N,0
m001,000540,흥국화재,ST,212321941725,64242645,N,0
m001,000545,흥국화재우,ST,4385280000,768000,N,0
m001,000590,CS홀딩스,ST,80929188200,1154482,N,0
m001,0005A0,KODEX 미국S&P500데일리커버드콜OTM,EF,186973000000,18100000,N,0
m001,0005C0,RISE 미국S&P500엔화노출(합성 H),EF,7696000000,650000,N,0
m001,0005D0,SOL 전고체배터리&실리콘음극재,EF,131071500000,9450000,N,0
m001,0005G0,IBK K-AI반도체코어테크,EF,200520000000,3600000,N,0
m001,000640,동아쏘시오홀딩스,ST,558126488300,6732527,N,0
m001,000650,천일고속,ST,238965584000,1429220,N,0
m001,000660,SK하이닉스,ST,1553691155700000,712702365,N,0
m001,000670,영풍,ST,676592600250,18410683,N,0
m001,000680,LS네트웍스,ST,233256927360,78803016,N,0
m001,000700,유수홀딩스,ST,151042509600,26041812,N,0
m001,000720,현대건설,ST,11937338008000,111355765,N,0
m001,000725,현대건설우,ST,53051057900,1054693,N,0
m001,000760,이화산업,ST,38752000000,2800000,N,0
m001,0007F0,KODEX 27-12 회사채(AA-이상)액티브,EF,524159300000,51820000,N,0
m001,0007G0,PLUS 글로벌원자력밸류체인,EF,45582250000,3050000,N,0
m001,0007N0,아이엠에셋 200,EF,109791000000,900000,N,0
m001,000810,삼성화재,ST,28931562504000,44647473,N,0
m001,000815,삼성화재우,ST,1219346610000,3007020,N,0
m001,000850,화천기공,ST,92400000000,2200000,N,0
m001,000860,강남제비스코,ST,168480000000,13000000,N,0
m001,000880,한화,ST,6599541218400,70507919,N,0
m001,00088K,한화3우B,ST,660721216050,19404441,N,0
m001,000890,보해양조,ST,48286795700,27624025,N,0
m001,0008E0,ACE 미국중심중소형제조업,EF,13471000000,950000,N,0
m001,0008S0,TIGER 미국배당다우존스타겟데일리커버드콜,EF,260478000000,24950000,N,0
m001,0008T0,SOL 화장품TOP3플러스,EF,71440500000,4850000,N,0
m001,000910,유니온,ST,45273695100,15611619,N,0
m001,000950,전방,ST,46704000000,1680000,N,0
m001,000970,한국주철관,ST,150483300000,22800500,N,0
m001,000990,DB하이텍,ST,5303209277200,43504588,N,0
m001,001020,페이퍼코리아,ST,73685090340,35596662,N,0
m001,001040,CJ,ST,4148969115600,29176998,N,0
m001,001045,CJ우,ST,150078807200,2260223,N,0
m001,00104K,CJ4우(전환),ST,588330470400,4226512,N,0
m001,001060,JW중외제약,ST,582148250000,23285930,N,0
m001,001065,JW중외제약우,ST,6975800400,341951,N,0
m001,001067,JW중외제약2우B,ST,9070833600,209973,N,0
m001,001070,대한방직,ST,31164000000,5300000,N,0
m001,001080,만호제강,ST,180525000000,41500000,N,0
m001,001120,LX인터내셔널,ST,1437996000000,38760000,N,0
m001,001130,대한제분,ST,185055000000,16900000,N,0
m001,001200,유진투자증권,ST,430571228010,96866418,N,0
m001,001210,금호전기,ST,82362390473,61880083,N,0
m001,001230,동국홀딩스,ST,270116900955,155507715,N,0
m001,001250,GS글로벌,ST,221190487520,82533764,N,0
m001,001260,남광토건,ST,103438657440,9832572,N,0
m001,001270,부국증권,ST,583824581800,10369886,N,0
m001,001275,부국증권우,ST,92550000000,3000000,N,0
m001,001290,상상인증권,ST,82986233920,108337120,N,0
m001,001340,PKC,ST,251707017510,45028089,N,0
m001,001360,삼성제약,ST,122881513095,94162079,N,0
m001,001380,SG글로벌,ST,30125975140,22482071,N,0
m001,001390,KG케미칼,ST,286412707800,67233030,N,0
m001,0013P0,RISE 미국은행TOP10,EF,13865000000,1000000,N,0
m001,0013R0,RISE 테슬라미국채타겟커버드콜혼합(합성),EF,33174000000,3600000,N,0
m001,001420,태원물산,ST,22800000000,7600000,N,0
m001,001430,세아베스틸지주,ST,1140415384200,35862119,N,0
m001,001440,대한전선,ST,5928776029000,195992596,N,0
m001,001450,현대해상,ST,3252220737500,85248250,N,0
m001,001460,BYC,ST,215804482500,6246150,N,0
m001,001465,BYC우,ST,50184705000,2153850,N,0
m001,001470,삼부토건,ST,79699592928,229681824,N,0
m001,001500,현대차증권,ST,515687586960,61833044,N,0
m001,001510,SK증권,ST,568985909100,231295085,N,0
m001,001515,SK증권우,ST,8411905100,1956257,N,0
m001,001520,동양,ST,117834235200,214244064,N,0
m001,001525,동양우,ST,2208592150,525230,N,0
m001,001527,동양2우B,ST,1972710950,411410,N,0
m001,001530,DI동일,ST,482673969300,20715621,N,0
m001,001550,조비,ST,55816569250,5192239,N,0
m001,001560,제일연마,ST,68552000000,7600000,N,0
m001,001570,금양,ST,633275240400,63967196,N,0
m001,0015B0,KoAct 미국나스닥성장기업액티브,EF,752580000000,33300000,N,0
m001,0015E0,KIWOOM 엔비디아미국30년국채혼합액티브(H),EF,5272500000,500000,N,0
m001,0015F0,KIWOOM 팔란티어미국30년국채혼합액티브(H),EF,13013000000,1300000,N,0
m001,0015K0,TIGER 미국소비트렌드액티브,EF,5029200000,660000,N,0
m001,001620,케이비아이동국실업,ST,50638328650,22258606,N,0
m001,001630,종근당홀딩스,ST,197388523400,5009861,N,0
m001,001680,대상,ST,604261556000,34648025,N,0
m001,001685,대상우,ST,19539379980,1370223,N,0
m001,0016X0,SOL 중단기회사채(A-이상)액티브,EF,404659240000,7912000,N,0
m001,001720,신영증권,ST,2579436000000,16440000,N,0
m001,001740,SK네트웍스,ST,1721095567620,200593889,N,0
m001,001750,한양증권,ST,265389933900,12728534,N,0
m001,001755,한양증권우,ST,10920000000,525000,N,0
m001,001770,SHD,ST,8224724060,1214878,N,0
m001,001780,알루코,ST,162093640968,96830132,N,0
m001,001790,대한제당,ST,247514296050,86241915,N,0
m001,001795,대한제당우,ST,13873106400,6482760,N,0
m001,0017Y0,1Q 종합채권(AA-이상)액티브,EF,83149040000,884000,N,0
m001,001800,오리온홀딩스,ST,1612198273600,60156652,N,0
m001,001820,삼화콘덴서,ST,1145529000000,10395000,N,0
m001,0018C0,PLUS 고배당주위클리고정커버드콜,EF,78880000000,7250000,N,0
m001,0018Z0,RISE 미국양자컴퓨팅,EF,20470000000,1000000,N,0
m001,001940,KISCO홀딩스,ST,354409500000,14176380,N,0
m001,0019K0,TIME 미국나스닥100채권혼합50액티브,EF,558798500000,38900000,N,0
m001,002020,코오롱,ST,566647152000,12907680,N,0
m001,002025,코오롱우,ST,24833351800,1160437,N,0
m001,002030,아세아,ST,367710967200,2058852,N,0
m001,002070,비비안,ST,14546281200,2404344,N,0
m001,0020H0,KoAct 글로벌양자컴퓨팅액티브,EF,56674000000,2150000,N,0
m001,002100,경농,ST,179217238500,19522575,N,0
m001,002140,고려산업,ST,42746174450,24939425,N,0
m001,002150,도화엔지니어링,ST,171634800000,33720000,N,0
m001,002170,SYTS,ST,164100000000,3000000,N,0
m001,002200,한국수출포장,ST,77217364005,33499941,N,0
m001,002210,동성제약,ST,94010780311,96619507,N,0
m001,002220,한일철강,ST,116000463700,26697460,N,0
m001,002240,고려제강,ST,477090000000,27000000,N,0
m001,0022T0,SOL 국제금커버드콜액티브,EF,70538000000,5200000,N,0
m001,002310,아세아제지,ST,317174060400,39449510,N,0
m001,002320,한진,ST,245504505120,15518616,N,0
m001,002350,넥센타이어,ST,685628496540,97667877,N,0
m001,002355,넥센타이어1우B,ST,26260000000,6500000,N,0
m001,002360,SH에너지화학,ST,19437289377,11113373,N,0
m001,002380,KCC,ST,3896878336000,8592896,N,0
m001,002390,한독,ST,108594275370,13763533,N,0
m001,0023A0,SOL 미국양자컴퓨팅TOP10,EF,470604750000,15950000,N,0
m001,0023B0,PLUS 미국양자컴퓨팅TOP10,EF,36630000000,2000000,N,0
m001,002410,범양건영,ST,53173451700,27479820,N,0
m001,002420,세기상사,ST,30685532720,5969948,N,0
m001,002450,삼익악기,ST,104382144995,90530915,N,0
m001,002460,HS화성,ST,112563500000,10150000,N,0
m001,0025N0,TIGER TDF2045 적격,EF,762765000000,60250000,N,0
m001,002600,조흥,ST,83220000000,600000,N,0
m001,002620,제일파마홀딩스,ST,106702011400,15973355,N,0
m001,002630,오리엔트바이오,ST,52295104764,59291502,N,0
m001,002690,동일제강,ST,31506158720,20300360,N,0
m001,0026E0,KODEX 미국S&P500버퍼3월액티브,EF,22903000000,1850000,N,0
m001,0026S0,1Q 미국S&P500,EF,333031500000,24300000,N,0
m001,002700,신일전자,ST,76211702848,70047521,N,0
m001,002710,TCC스틸,ST,251127217260,26213697,N,0
m001,002720,국제약품,ST,73107219560,21159832,N,0
m001,002760,보락,ST,57144600000,59900000,N,0
m001,002780,진흥기업,ST,125833059425,145471745,N,0
m001,002785,진흥기업우B,ST,1544706836,857218,N,0
m001,002787,진흥기업2우B,ST,1049516480,294808,N,0
m001,002790,아모레퍼시픽홀딩스,ST,1857933774000,76458180,N,0
m001,002795,아모레퍼시픽홀딩스우,ST,67831858360,6381172,N,0
m001,00279K,아모레퍼시픽홀딩스3우C,ST,146099320000,7092200,N,0
m001,002810,삼영무역,ST,354011393160,18466948,N,0
m001,002820,SUN&L,ST,27296296185,12607989,N,0
m001,002840,미원상사,ST,573800000000,4750000,N,0
m001,002870,신풍,ST,39503331000,34958700,N,0
m001,002880,디와이에이,ST,49720756685,46773995,N,0
m001,0028X0,KODEX 미국금융테크액티브,EF,16681000000,1400000,N,0
m001,002900,TYM,ST,268686000000,41400000,N,0
m001,002920,유성기업,ST,45304335000,25947500,N,0
m001,002960,한국쉘석유,ST,644800000000,1300000,N,0
m001,002990,금호건설,ST,626712762680,37259974,N,0
m001,002995,금호건설우,ST,12114425700,292266,N,0
m001,003000,부광약품,ST,404525151100,98664671,N,0
m001,003010,혜인,ST,56635287885,12712747,N,0
m001,003030,세아제강지주,ST,436944813500,4141657,N,0
m001,003060,에이프로젠바이오로직스,ST,30049799790,14412374,N,0
m001,003070,코오롱글로벌,ST,242290329270,25423959,N,0
m001,003075,코오롱글로벌우,ST,10059208460,740737,N,0
m001,003080,SB성보,ST,45545500000,20020000,N,0
m001,003090,대웅,ST,990157919400,58141980,N,0
m001,0030R0,대신밸류리츠,RT,231049700000,59780000,N,0
m001,003120,일성아이에스,ST,268660000000,13300000,N,0
m001,003160,디아이,ST,622600000000,28300000,N,0
m001,003200,일신방직,ST,261744000000,22960000,N,0
m001,003220,대원제약,ST,179420664000,22427583,N,0
m001,003230,삼양식품,ST,8580104085000,7533015,N,0
m001,003240,태광산업,ST,947503400000,1113400,N,0
m001,003280,흥아해운,ST,416415925068,240424899,N,0
m001,003300,한일홀딩스,ST,524134548000,30831444,N,0
m001,003350,한국화장품제조,ST,181959800000,22660000,N,0
m001,003460,유화증권,ST,181164215925,56702415,N,0
m001,003465,유화증권우,ST,53040949875,17476425,N,0
m001,003470,유안타증권,ST,894999073790,192680102,N,0
m001,003475,유안타증권우,ST,55217004700,12811370,N,0
m001,003480,한진중공업홀딩스,ST,137904222040,29529812,N,0
m001,003490,대한항공,ST,9849902681750,368220661,N,0
m001,003495,대한항공우,ST,24659626800,1110794,N,0
m001,003520,영진약품,ST,216362100773,182892731,N,0
m001,003530,한화투자증권,ST,1027683842250,214547775,N,0
m001,003535,한화투자증권우,ST,29328000000,4800000,N,0
m001,003540,대신증권,ST,1322734996500,47666126,N,0
m001,003545,대신증권우,ST,498639180300,24383334,N,0
m001,003547,대신증권2우B,ST,190115920140,9606666,N,0
m001,003550,LG,ST,15315750005200,151192004,N,0
m001,003555,LG우,ST,196631294700,3011199,N,0
m001,003570,SNT다이내믹스,ST,1113965349500,33252697,N,0
m001,003580,HLB글로벌,ST,60137580435,50663505,N,0
m001,0035T0,PLUS 글로벌휴머노이드로봇액티브,EF,112630500000,5150000,N,0
m001,003610,방림,ST,165691614480,32110778,N,0
m001,003620,KG모빌리티,ST,584863495680,202374912,N,0
m001,003650,미창석유,ST,242162342400,1739672,N,0
m001,003670,포스코퓨처엠,ST,13502036196000,88946220,N,0
m001,003680,한성기업,ST,52532496900,6209515,N,0
m001,003690,코리안리,ST,2447586279350,176721031,N,0
m001,0036D0,TIME 미국배당다우존스액티브,EF,62181000000,4700000,N,0
m001,0036R0,RISE 미국휴머노이드로봇,EF,133010500000,6100000,N,0
m001,0036Z0,RISE 미국천연가스밸류체인,EF,7359000000,550000,N,0
m001,003720,삼영,ST,206380000000,34000000,N,0
m001,003780,진양산업,ST,63180000000,13000000,N,0
m001,003830,대한화섬,ST,143424000000,1328000,N,0
m001,003850,보령,ST,726617643290,85787207,N,0
m001,0038A0,KODEX 미국휴머노이드로봇,EF,327424500000,18850000,N,0
m001,003920,남양유업,ST,255000000000,6000000,N,0
m001,003925,남양유업우,ST,64800000000,2000000,N,0
m001,003960,사조대림,ST,273559339950,9164467,N,0
m001,004000,롯데정밀화학,ST,1164870000000,25800000,N,0
m001,004020,현대제철,ST,3589691616500,133445785,N,0
m001,004060,SG세계물산,ST,50909877440,20242496,N,0
m001,004080,신흥,ST,129642000000,9300000,N,0
m001,004090,한국석유,ST,144712968000,12694120,N,0
m001,0040S0,HANARO 글로벌피지컬AI액티브,EF,73590500000,2650000,N,0
m001,0040X0,SOL 팔란티어미국채커버드콜혼합,EF,180865750000,18850000,N,0
m001,0040Y0,SOL 팔란티어커버드콜OTM채권혼합,EF,360009000000,44200000,N,0
m001,004100,태양금속,ST,86612000000,36700000,N,0
m001,004105,태양금속우,ST,10032000000,3300000,N,0
m001,004140,동방,ST,90762581272,47971766,N,0
m001,004150,한솔홀딩스,ST,123900392400,41026620,N,0
m001,004170,신세계,ST,5941018849000,9445181,N,0
m001,0041D0,KODEX 미국AI소프트웨어TOP10,EF,53991500000,4150000,N,0
m001,0041E0,KODEX 미국S&P500액티브,EF,142002500000,7900000,N,0
m001,004250,NPC,ST,113281200000,36720000,N,0
m001,004255,NPC우,ST,10718400000,5280000,N,0
m001,004270,남성,ST,27702302400,3621216,N,0
m001,004310,현대약품,ST,156320000000,32000000,N,0
m001,004360,세방,ST,247547058850,19115603,N,0
m001,004365,세방우,ST,33645960000,3689250,N,0
m001,004370,농심,ST,2165420552000,6082642,N,0
m001,004380,삼익THK,ST,169947000000,20700000,N,0
m001,0043B0,TIGER 머니마켓액티브,EF,2832876820000,27509000,N,0
m001,0043Y0,TIME 차이나AI테크액티브,EF,434391000000,17400000,N,0
m001,004410,서울식품,ST,39652288065,39455013,N,0
m001,004415,서울식품우,ST,1592742000,222450,N,0
m001,004430,송원산업,ST,299760000000,24000000,N,0
m001,004440,삼일씨엔에스,ST,73463334190,12731947,N,0
m001,004450,삼화왕관,ST,54936664500,2154379,N,0
m001,004490,세방전지,ST,744282000000,13860000,N,0
m001,004540,깨끗한나라,ST,53626597920,37240693,N,0
m001,004545,깨끗한나라우,ST,2255545600,366160,N,0
m001,004560,현대비앤지스틸,ST,170239776190,15078811,N,0
m001,004690,삼천리,ST,411276511800,3626777,N,0
m001,0046A0,TIGER 미국초단기(3개월이하)국채,EF,332951850000,32030000,N,0
m001,0046Y0,ACE 미국배당퀄리티,EF,56112000000,4200000,N,0
m001,004700,조광피혁,ST,418230780200,6649138,N,0
m001,004710,한솔테크닉스,ST,372572670890,40629517,N,0
m001,004720,팜젠사이언스,ST,69095813250,22654365,N,0
m001,004770,써니전자,ST,57380019808,35507438,N,0
m001,0047A0,TIGER 차이나테크TOP10,EF,249750000000,16650000,N,0
m001,0047N0,PLUS 차이나AI테크TOP10,EF,8246250000,750000,N,0
m001,0047P0,RISE 테슬라고정테크100,EF,24000000000,1500000,N,0
m001,0047R0,RISE 팔란티어고정테크100,EF,26250000000,1750000,N,0
m001,004800,효성,ST,2603133288500,16740407,N,0
m001,004830,덕성,ST,53547200000,15680000,N,0
m001,004835,덕성우,ST,6570240000,1392000,N,0
m001,004840,DRB동일,ST,83256612480,19272364,N,0
m001,004870,티웨이홀딩스,ST,27951383018,113163494,N,0
m001,004890,동일산업,ST,86458914750,2425215,N,0
m001,0048J0,KODEX 미국머니마켓액티브,EF,766725750000,51030000,N,0
m001,0048K0,KODEX 차이나휴머노이드로봇,EF,187603500000,17850000,N,0
m001,004910,조광페인트,ST,46464000000,12800000,N,0
m001,004920,씨아이테크,ST,49309979040,52179872,N,0
m001,004960,한신공영,ST,131443174720,11570702,N,0
m001,004970,신라교역,ST,148480000000,16000000,N,0
m001,004980,성신양회,ST,227018835980,24516073,N,0
m001,004985,성신양회우,ST,7194608100,735645,N,0
m001,004990,롯데지주,ST,2332132358400,99663776,N,0
m001,00499K,롯데지주우,ST,18649709450,805603,N,0
m001,0049K0,ACE 미국배당퀄리티채권혼합50,EF,25300000000,2200000,N,0
m001,0049M0,ACE 미국배당퀄리티+커버드콜액티브,EF,83835000000,6900000,N,0
m001,005010,휴스틸,ST,212671863875,56188075,N,0
m001,005030,부산주공,ST,45092532168,92782988,N,0
m001,005070,코스모신소재,ST,1311975554500,33214571,N,0
m001,005090,SGC에너지,ST,630408318750,14409333,N,0
m001,0050E0,PLUS 미국AI에이전트,EF,4697000000,550000,N,0
m001,005110,한창,ST,26467434378,21106407,N,0
m001,005180,빙그레,ST,612682949100,9269031,N,0
m001,0051A0,KoAct 브로드컴밸류체인액티브,EF,24336000000,900000,N,0
m001,0051G0,SOL 미국원자력SMR,EF,184086500000,12700000,N,0
m001,005250,녹십자홀딩스,ST,472633510500,47028210,N,0
m001,005257,녹십자홀딩스2우,ST,15033242300,845990,N,0
m001,0052D0,TIGER 코리아배당다우존스,EF,351554500000,22550000,N,0
m001,0052S0,1Q 미국S&P500미국채혼합50액티브,EF,321121500000,25700000,N,0
m001,0052T0,1Q 중단기회사채(A-이상)액티브,EF,87454290000,1734000,N,0
m001,005300,롯데칠성,ST,935311507200,9278884,N,0
m001,005305,롯데칠성우,ST,53728983000,775310,N,0
m001,005320,온타이드,ST,27965657210,34187845,N,0
m001,005360,모나미,ST,40534723515,18897307,N,0
m001,005380,현대차,ST,93676677945000,204757766,N,0
m001,005385,현대차우,ST,4773226320000,23340960,N,0
m001,005387,현대차2우B,ST,7132641720000,34963930,N,0
m001,005389,현대차3우B,ST,463162948000,2327452,N,0
m001,0053L0,TIGER 차이나휴머노이드로봇,EF,313162500000,26250000,N,0
m001,0053M0,더제이 중소형포커스액티브,EF,6228000000,450000,N,0
m001,005420,코스모화학,ST,384466362280,38408228,N,0
m001,005430,한국공항,ST,258691203500,3166355,N,0
m001,005440,현대지에프홀딩스,ST,2182660214000,155904301,N,0
m001,005490,POSCO홀딩스,ST,24842218714500,79241527,N,0
m001,005500,삼진제약,ST,243356400000,13320000,N,0
m001,005610,삼립,ST,333079747400,8629009,N,0
m001,005680,삼영전자,ST,294200000000,20000000,N,0
m001,005690,파미셀,ST,721848288420,60004014,N,0
m001,005720,넥센,ST,315263862000,52543977,N,0
m001,005725,넥센우,ST,15554592000,3600600,N,0
m001,005740,크라운해태홀딩스,ST,83145143200,14847347,N,0
m001,005745,크라운해태홀딩스우,ST,3207876840,600726,N,0
m001,005750,대림바스,ST,72674011200,16592240,N,0
m001,0057H0,PLUS 미국S&P500미국채혼합50액티브,EF,78907500000,6300000,N,0
m001,005800,신영와코루,ST,114300000000,9000000,N,0
m001,005810,풍산홀딩스,ST,494513115600,14417292,N,0
m001,005820,원림,ST,32286478500,2297970,N,0
m001,005830,DB손해보험,ST,10204954374200,65500349,N,0
m001,005850,에스엘,ST,2587182564000,46448520,N,0
m001,005870,휴니드,ST,64792508850,14116015,N,0
m001,005880,대한해운,ST,622579618860,322747340,N,0
m001,005930,삼성전자,ST,1666189403280000,5846278608,N,0
m001,005935,삼성전자우,ST,155900724742900,802371203,N,0
m001,005940,NH투자증권,ST,11260482060400,356344369,N,0
m001,005945,NH투자증권우,ST,471774200000,18870968,N,0
m001,005950,이수화학,ST,356285989950,26294169,N,0
m001,005960,동부건설,ST,167969573160,22946663,N,0
m001,005965,동부건설우,ST,3792297600,225732,N,0
m001,006040,동원산업,ST,1525065296450,44140819,N,0
m001,006060,화승인더,ST,134427600000,55320000,N,0
m001,006090,사조오양,ST,79245234990,9422739,N,0
m001,0060H0,TIGER 토탈월드스탁액티브,EF,407686500000,29900000,N,0
m001,006110,삼아알미늄,ST,565617217000,15123455,N,0
m001,006120,SK디스커버리,ST,919446052800,17413751,N,0
m001,006125,SK디스커버리우,ST,47728568750,1231705,N,0
m001,0061Z0,RISE 단기특수은행채액티브,EF,761673430000,14998000,N,0
m001,006200,한국전자홀딩스,ST,23822795715,9360627,N,0
m001,006220,제주은행,ST,380253483420,37798557,N,0
m001,006260,LS,ST,10264800000000,31200000,N,0
m001,006280,녹십자,ST,1439781481600,11686538,N,0
m001,006340,대원전선,ST,886082900800,78414416,N,0
m001,006345,대원전선우,ST,30432132000,2621200,N,0
m001,006360,GS건설,ST,2725770456500,85581490,N,0
m001,006370,대구백화점,ST,50915679755,10821611,N,0
m001,006380,카프로,ST,618539985360,168999996,N,0
m001,006400,삼성SDI,ST,34974120020000,80585530,N,0
m001,006405,삼성SDI우,ST,307562029600,1617896,N,0
m001,006490,프리티,ST,45844695960,147886116,N,0
m001,0064K0,KODEX 금액티브,EF,162208750000,12550000,N,0
m001,006570,대림통상,ST,33799500000,15225000,N,0
m001,0065G0,KODEX 차이나테크TOP10,EF,30835500000,3050000,N,0
m001,006650,대한유화,ST,689000000000,6500000,N,0
m001,006660,삼성공조,ST,77362509280,8126314,N,0
m001,0066W0,SOL 국제금,EF,85739500000,6550000,N,0
m001,006740,블루산업개발,ST,25116734850,23739825,N,0
m001,0067V0,TIGER 차이나글로벌리더스TOP3+,EF,34937750000,3050000,N,0
m001,0067Y0,TIGER 차이나AI소프트웨어,EF,12098250000,950000,N,0
m001,006800,미래에셋증권,ST,23613722336000,559566880,N,0
m001,006805,미래에셋증권우,ST,210010190000,14075750,N,0
m001,00680K,미래에셋증권2우B,ST,1807260000000,136500000,N,0
m001,006840,AK홀딩스,ST,78293085510,13247561,N,0
m001,006880,신송홀딩스,ST,55950498340,11828858,N,0
m001,006890,태경케미컬,ST,67164000000,11600000,N,0
m001,0068M0,KODEX 미국S&P500버퍼6월액티브,EF,11308500000,900000,N,0
m001,006980,우성,ST,49718100000,3090000,N,0
m001,0069M0,1Q 미국나스닥100,EF,195643000000,13300000,N,0
m001,007070,GS리테일,ST,2169612419250,83607415,N,0
m001,007110,일신석재,ST,71027711370,77456610,N,0
m001,007120,미래아이앤지,ST,34700354780,27323114,N,0
m001,007160,사조산업,ST,242250000000,5000000,N,0
m001,007210,벽산,ST,98824320000,65360000,N,0
m001,007280,한국특강,ST,57207140380,28646540,N,0
m001,0072R0,TIGER KRX금현물,EF,1237968750000,93750000,N,0
m001,007310,오뚜기,ST,1252446875000,4007830,N,0
m001,007340,DN오토모티브,ST,2097614510250,58510865,N,0
m001,0073X0,FOCUS 알리바바미국채커버드콜혼합,EF,5513750000,550000,N,0
m001,007460,에이프로젠,ST,56509864535,23594933,N,0
m001,0074K0,KoAct K수출핵심기업TOP30액티브,EF,142225500000,7950000,N,0
m001,007540,샘표,ST,126103830000,2875800,N,0
m001,007570,일양약품,ST,163564140480,19085664,N,0
m001,007575,일양약품우,ST,3249084000,445080,N,0
m001,007590,동방아그로,ST,77211661590,13617577,N,0
m001,007610,선도전기,ST,99900000000,18000000,N,0
m001,007660,이수페타시스,ST,7619876932200,73409219,N,0
m001,007690,국도화학,ST,337094284800,9260832,N,0
m001,007700,F&F홀딩스,ST,598840958770,39114367,N,0
m001,007810,코리아써키트,ST,1769917356000,23982620,N,0
m001,007815,코리아써우,ST,51407724600,2964690,N,0
m001,00781K,코리아써키트2우B,ST,12452977110,783699,N,0
m001,007860,서연,ST,180794798800,23479844,N,0
m001,0078V0,PLUS 미국로보택시,EF,5816250000,550000,N,0
m001,007980,TP,ST,81413799600,46897350,N,0
m001,0079X0,ACE BYD밸류체인액티브,EF,3893750000,350000,N,0
m001,008040,사조동아원,ST,112774535400,141144600,N,0
m001,008060,대덕,ST,466177760200,31287098,N,0
m001,00806K,대덕1우,ST,13396544850,1212357,N,0
m001,0080G0,KODEX 방산TOP10,EF,371583000000,34200000,N,0
m001,0080X0,SOL 미국S&P500미국채혼합50,EF,73749000000,6200000,N,0
m001,0080Y0,SOL 조선TOP3플러스레버리지,EF,117007000000,12100000,N,0
m001,008250,이건산업,ST,30064983075,10952635,N,0
m001,008260,NI스틸,ST,89232365040,28600117,N,0
m001,0082F0,HANARO 유럽방산,EF,7651000000,700000,N,0
m001,0082V0,KODEX TDF2060액티브 적격,EF,183236000000,15200000,N,0
m001,008350,남선알미늄,ST,138114626300,129079090,N,0
m001,008355,남선알미우,ST,2152151100,307890,N,0
m001,0083S0,1Q 미국메디컬AI,EF,36432000000,3200000,N,0
m001,008420,문배철강,ST,44697640900,20503505,N,0
m001,008490,서흥,ST,229068437400,11569113,N,0
m001,0084D0,KIWOOM 미국테크100월간목표헤지액티브,EF,9948000000,800000,N,0
m001,0084E0,KIWOOM 미국대형주500월간목표헤지액티브,EF,13925000000,1250000,N,0
m001,0085N0,ACE 미국10년국채액티브(H),EF,34580000000,3500000,N,0
m001,0085P0,ACE 미국10년국채액티브,EF,105840000000,9800000,N,0
m001,008600,윌비스,ST,17615839860,6723603,N,0
m001,0086B0,TIGER 리츠부동산인프라TOP10액티브,EF,49028000000,5150000,N,0
m001,0086C0,TIGER 리츠부동산인프라10채권혼합액티브,EF,17193750000,1750000,N,0
m001,008700,아남전자,ST,93321032200,77124820,N,0
m001,008730,율촌화학,ST,362824000000,24800000,N,0
m001,008770,호텔신라,ST,1978105298400,39248121,N,0
m001,008775,호텔신라우,ST,22293212350,751879,N,0
m001,0087F0,ACE 차이나AI빅테크TOP2+액티브,EF,7130000000,500000,N,0
m001,008870,금비,ST,38350000000,1000000,N,0
m001,0088N0,WON K-글로벌수급상위,EF,15526000000,1400000,N,0
m001,008930,한미사이언스,ST,2284277770000,68391550,N,0
m001,008970,KBI동양철관,ST,120369612120,103766907,N,0
m001,0089B0,PLUS 미국나스닥100미국채혼합50,EF,32913000000,2700000,N,0
m001,0089C0,KODEX 미국S&P500변동성확대시커버드콜,EF,65917750000,5450000,N,0
m001,0089D0,KODEX 금융고배당TOP10,EF,238478000000,17200000,N,0
m001,009070,KCTC,ST,122700000000,30000000,N,0
m001,0090B0,PLUS K방산소부장,EF,12528000000,1600000,N,0
m001,009140,경인전자,ST,36521030250,1570797,N,0
m001,009150,삼성전기,ST,118314814464000,74693696,N,0
m001,009155,삼성전기우,ST,1642445960000,2906984,N,0
m001,009160,SIMPAC,ST,355618065920,65370968,N,0
m001,009180,한솔로지스틱스,ST,77850856125,28155825,N,0
m001,009190,대양금속,ST,96549873625,43986275,N,0
m001,0091C0,KODEX 미국10년국채액티브(H),EF,188469600000,19360000,N,0
m001,0091M0,HANARO 27-06 회사채(AA-이상)액티브,EF,104636000000,10360000,N,0
m001,0091P0,TIGER 코리아원자력,EF,534888000000,34200000,N,0
m001,009200,무림페이퍼,ST,59126829510,41609310,N,0
m001,009240,한샘,ST,818980694400,23533928,N,0
m001,009270,신원,ST,123148631689,114770393,N,0
m001,009290,광동제약,ST,313240792320,49799808,N,0
m001,0092B0,SOL 한국원자력SMR,EF,119397500000,8150000,N,0
m001,0092C0,SOL 27-12 회사채(AA-이상)액티브,EF,271827900000,5442000,N,0
m001,009310,참엔지니어링,ST,23329484620,4377014,N,0
m001,009320,아진전자부품,ST,47574278050,49299770,N,0
m001,0093A0,RISE AI반도체TOP10,EF,196331250000,5550000,N,0
m001,0093B0,RISE 엔비디아고정테크100,EF,12060000000,900000,N,0
m001,0093D0,KoAct 팔란티어밸류체인액티브,EF,29325000000,1500000,N,0
m001,009410,태영건설,ST,502927231820,297590078,N,0
m001,009415,태영건설우,ST,4712311500,649974,N,0
m001,009420,한올바이오파마,ST,2998612621200,52240638,N,0
m001,009440,KC그린홀딩스,ST,17568790596,23239141,N,0
m001,009450,경동나비엔,ST,923648732800,14568592,N,0
m001,009460,한창제지,ST,31146427170,11933497,N,0
m001,009470,삼화전기,ST,171297938000,6613820,N,0
m001,0094K0,TIGER 28-04 회사채(A+이상)액티브,EF,285046140000,2881000,N,0
m001,0094L0,RISE 차이나테크TOP10위클리타겟커버드콜,EF,11935000000,1400000,N,0
m001,0094M0,RISE 코리아밸류업위클리고정커버드콜,EF,162771000000,8050000,N,0
m001,0094X0,1Q 샤오미밸류체인액티브,EF,9390000000,1000000,N,0
m001,009540,HD한국조선해양,ST,24098245998000,70773116,N,0
m001,009580,무림P&P,ST,103905627784,62368324,N,0
m001,009680,모토닉,ST,213636314020,21733094,N,0
m001,009770,삼정펄프,ST,69499193800,2499971,N,0
m001,0097L0,KIWOOM 한국고배당&미국AI테크,EF,27699000000,2100000,N,0
m001,009810,플레이그램,ST,27294183750,15188750,N,0
m001,009830,한화솔루션,ST,5483371898400,171892536,N,0
m001,009835,한화솔루션우,ST,46253268040,2575349,N,0
m001,0098F0,KODEX 원자력SMR,EF,203932000000,13600000,N,0
m001,0098N0,PLUS 자사주매입고배당주,EF,80986500000,6300000,N,0
m001,0098Z0,FOCUS 200,EF,77887500000,750000,N,0
m001,009900,명신산업,ST,390902490850,52470133,N,0
m001,009970,영원무역홀딩스,ST,2452157558100,12953817,N,0
m001,0099L0,ACE 우량회사채(AA-이상)액티브,EF,149186440000,1508000,N,0
m001,010040,한국내화,ST,64598488526,41067062,N,0
m001,010060,OCI홀딩스,ST,3692971889600,18670232,N,0
m001,0100K0,KODEX 방산TOP10레버리지,EF,43428000000,5600000,N,0
m001,010100,한국무브넥스,ST,110991780900,30450420,N,0
m001,010120,LS ELECTRIC,ST,30375000000000,150000000,N,0
m001,010130,고려아연,ST,21770506667000,20872969,N,0
m001,010140,삼성중공업,ST,19668000000000,880000000,N,0
m001,0101N0,RISE AI전력인프라,EF,625746000000,31350000,N,0
m001,0102A0,TIGER 미국AI소프트웨어TOP4Plus,EF,74520000000,9000000,N,0
m001,0102X0,ACE 유럽방산TOP10,EF,6629000000,700000,N,0
m001,0103T0,1Q K소버린AI,EF,23835000000,3000000,N,0
m001,010400,우진아이엔에스,ST,31326420000,7622000,N,0
m001,0104G0,PLUS K방산레버리지,EF,17061000000,2350000,N,0
m001,0104H0,KoAct 미국나스닥채권혼합50액티브,EF,153212500000,11900000,N,0
m001,0104N0,TIGER 200타겟위클리커버드콜,EF,244556000000,10400000,N,0
m001,0104P0,TIGER 코리아배당다우존스위클리커버드콜,EF,20385000000,1800000,N,0
m001,010580,에스엠벡셀,ST,183899159280,111251760,N,0
m001,0105D0,SOL 한국AI소프트웨어,EF,16182000000,1800000,N,0
m001,0105E0,SOL 코리아고배당,EF,549914250000,41550000,N,0
m001,010640,진양폴리,ST,30844900000,16700000,N,0
m001,010660,화천기계,ST,59400000000,22000000,N,0
m001,010690,화신,ST,304156771100,34920410,N,0
m001,0106J0,대신 KOSPI200인덱스 X클래스,PF,25489750000,1150000,N,0
m001,010770,평화홀딩스,ST,57697463370,14625466,N,0
m001,010780,아이에스동서,ST,621851705600,30186976,N,0
m001,0107F0,KIWOOM 미국고배당&AI테크,EF,31530750000,2550000,N,0
m001,010820,퍼스텍,ST,297996541180,48771938,N,0
m001,010950,S-Oil,ST,14872186823200,112582792,N,0
m001,010955,S-Oil우,ST,264642796600,4021927,N,0
m001,010960,삼호개발,ST,103354200000,24120000,N,0
m001,011000,진원생명과학,ST,48531472338,90882907,N,0
m001,011070,LG이노텍,ST,17560993394000,23667107,N,0
m001,011090,에넥스,ST,11453914164,11857054,N,0
m001,011150,CJ씨푸드,ST,74197046245,35930773,N,0
m001,011155,CJ씨푸드1우,ST,1504000000,200000,N,0
m001,011170,롯데케미칼,ST,2643520894200,42775419,N,0
m001,0111J0,HANARO 증권고배당TOP3플러스,EF,69920000000,4600000,N,0
m001,0111P0,1Q 미국나스닥100미국채혼합50액티브,EF,306675000000,26100000,N,0
m001,011200,HMM,ST,18619517527800,943237970,N,0
m001,011210,현대위아,ST,1683375637700,27195083,N,0
m001,011230,삼화전자,ST,66601102875,19165785,N,0
m001,011280,태림포장,ST,117750278220,70805940,N,0
m001,0112X0,마이티 200TR,EF,38670750000,850000,N,0
m001,011300,우성머티리얼스,ST,42124262865,16816073,N,0
m001,011330,유니켐,ST,31430458755,9018783,N,0
m001,011390,부산산업,ST,45513600000,1056000,N,0
m001,0113D0,TIME 글로벌탑픽액티브,EF,84183000000,6600000,N,0
m001,0113G0,KoAct 미국바이오헬스케어액티브,EF,11965000000,1000000,N,0
m001,0113P0,HK 머니마켓액티브,EF,52799740000,518000,N,0
m001,011420,갤럭시아에스엠,ST,41296916356,27549644,N,0
m001,0114X0,RISE 글로벌게임테크TOP3Plus,EF,6072500000,700000,N,0
m001,011500,한농화성,ST,202812434740,15637042,N,0
m001,0115C0,RISE 미국고배당다우존스TOP10,EF,26059000000,2200000,N,0
m001,0115D0,KODEX 조선TOP10,EF,190181250000,24150000,N,0
m001,0115E0,KODEX 코리아소버린AI,EF,67816000000,4900000,N,0
m001,011690,와이투솔루션,ST,116536450950,36704394,N,0
m001,011700,한신기계,ST,80790915990,32446151,N,0
m001,011760,현대코퍼레이션,ST,306250562900,13228966,N,0
m001,011780,금호석유화학,ST,2953469955000,25157325,N,0
m001,011785,금호석유화학우,ST,149511382700,3023486,N,0
m001,011790,SKC,ST,4691998990800,49598298,N,0
m001,0117L0,KODEX 26-12 금융채(AA-이상)액티브,EF,984695250000,97350000,N,0
m001,0117V0,TIGER 코리아AI전력기기TOP3플러스,EF,1018906000000,51800000,N,0
m001,011810,STX,ST,109493282310,31017927,N,0
m001,0118S0,SOL 미국넥스트테크TOP10액티브,EF,59992500000,4750000,N,0
m001,0118Z0,ACE 미국AI테크핵심산업액티브,EF,62560000000,6400000,N,0
m001,011930,신성이엔지,ST,352312257700,20306182,N,0
m001,0119H0,KODEX 28-12 회사채(AA-이상)액티브,EF,190785000000,19320000,N,0
m001,012030,DB,ST,322884162465,201173933,N,0
m001,0120G0,삼양바이오팜,ST,330896215000,7435870,N,0
m001,0120J0,BNK 카카오그룹포커스,EF,10374000000,1300000,N,0
m001,0120X0,유진 챔피언중단기크레딧 X클래스,PF,10644267440,1060186,N,0
m001,012160,영흥,ST,30757164207,15620703,N,0
m001,012170,아센디오,ST,16686159856,20250194,N,0
m001,012200,계양전기,ST,129444551895,27222829,N,0
m001,012205,계양전기우,ST,8791474080,1169079,N,0
m001,012280,영화금속,ST,41303437170,49524505,N,0
m001,0122W0,RISE 26-11 회사채(AA-이상)액티브,EF,162159380000,3194000,N,0
m001,012320,경동인베스트,ST,109973569500,2365023,N,0
m001,012330,현대모비스,ST,44277500504000,90732583,N,0
m001,0123G0,TIGER 미국AI전력SMR,EF,142627000000,19300000,N,0
m001,0123S0,HANARO 26-12 은행채(AA+이상)액티브,EF,63203350000,6230000,N,0
m001,012450,한화에어로스페이스,ST,49861808767000,51563401,N,0
m001,012510,더존비즈온,ST,3494865960000,29123883,N,0
m001,012610,경인양행,ST,129843058800,41616365,N,0
m001,012630,HDC,ST,1212756936300,59741721,N,0
m001,012690,모나리자,ST,51455755785,36571255,N,0
m001,0126Z0,삼성에피스홀딩스,ST,9567532340500,24883049,N,0
m001,012750,에스원,ST,2773939994000,37999178,N,0
m001,0127M0,ACE 미국대형가치주액티브,EF,153400000000,11800000,N,0
m001,0127P0,ACE 미국대형성장주액티브,EF,698019000000,60200000,N,0
m001,0127R0,RISE 미국AI클라우드인프라,EF,21269250000,1150000,N,0
m001,0127T0,KIWOOM 미국S&P500&배당다우존스비중전환,EF,14046000000,1200000,N,0
m001,0127V0,KIWOOM 미국S&P500 TOP10&배당다우비중전환,EF,14508000000,1300000,N,0
m001,012800,대창,ST,105267276345,91140499,N,0
m001,0128D0,PLUS 차이나항셍테크위클리타겟커버드콜,EF,5547500000,700000,N,0
m001,013000,세우글로벌,ST,34446037200,28705031,N,0
m001,0131A0,SOL 차이나소비트렌드,EF,5300750000,650000,N,0
m001,0131V0,1Q 미국우주항공테크,EF,427230000000,35250000,N,0
m001,0131W0,1Q 단기특수은행채액티브,EF,116440775000,1145000,N,0
m001,0132D0,KoAct 글로벌K컬처밸류체인액티브,EF,6259500000,650000,N,0
m001,0132H0,KODEX 미국원자력SMR,EF,54093000000,5700000,N,0
m001,0132K0,PLUS 테슬라위클리커버드콜채권혼합,EF,113728000000,12800000,N,0
m001,013360,일성건설,ST,93949266320,54024880,N,0
m001,0133E0,TIGER 차이나증권,EF,11364000000,1200000,N,0
m001,013520,화승코퍼레이션,ST,129882998940,50051252,N,0
m001,013570,디와이,ST,105541728330,26319633,N,0
m001,013580,계룡건설,ST,191121409800,8930907,N,0
m001,0135Y0,IBK 중기종합채권(AA-이상)액티브,EF,107710770000,1077000,N,0
m001,013700,까뮤이앤씨,ST,76839567380,59750830,N,0
m001,0137V0,KIWOOM 미국S&P500모멘텀,EF,94153500000,7350000,N,0
m001,0137W0,KIWOOM 미국S&P500&GOLD,EF,30277500000,2750000,N,0
m001,013870,지엠비코리아,ST,73809723600,19072280,N,0
m001,013890,지누스,ST,191850863750,21925813,N,0
m001,0138D0,RISE 동학개미,EF,9401000000,700000,N,0
m001,0138T0,RISE 미국S&P500데일리고정커버드콜,EF,33296000000,3200000,N,0
m001,0138Y0,PLUS 금채권혼합,EF,99990000000,10100000,N,0
m001,0139F0,TIGER 12월자동연장금융채(AA-이상)액티브,EF,974628910000,9598000,N,0
m001,0139P0,ACE 고배당주,EF,55100000000,4000000,N,0
m001,014130,한익스프레스,ST,25320000000,12000000,N,0
m001,014160,대영포장,ST,75767789751,108394549,N,0
m001,0141S0,SOL 조선기자재,EF,65887500000,7500000,N,0
m001,0141T0,SOL 중기종합채권(AA-이상)액티브,EF,36966420000,738000,N,0
m001,014280,금강공업,ST,118343955495,29329357,N,0
m001,014285,금강공업우,ST,3356388750,589875,N,0
m001,0142D0,TIGER 미국AI데이터센터TOP4Plus,EF,98005000000,8500000,N,0
m001,014440,영보화학,ST,91200000000,20000000,N,0
m001,0144L0,KODEX 미국성장커버드콜액티브,EF,374493000000,35700000,N,0
m001,0144M0,KODEX 미국드론UAM TOP10,EF,23099250000,2850000,N,0
m001,014530,극동유화,ST,111407796900,34869420,N,0
m001,014580,태경비케이,ST,110746146500,27583100,N,0
m001,014680,한솔케미칼,ST,2736705401500,11012899,N,0
m001,014710,사조씨푸드,ST,157377483020,17218543,N,0
m001,014790,HL D&I,ST,97296604570,37858601,N,0
m001,014820,동원시스템즈,ST,582724768200,28991282,N,0
m001,014825,동원시스템즈우,ST,3626244030,264111,N,0
m001,014830,유니드,ST,436510200000,6767600,N,0
m001,0148J0,TIGER 코리아휴머노이드로봇산업,EF,551666500000,62300000,N,0
m001,014910,성문전자,ST,54205997360,21857257,N,0
m001,014915,성문전자우,ST,2811000000,600000,N,0
m001,014990,인디에프,ST,28542938100,15022599,N,0
m001,015020,이스타코,ST,19883142400,21425800,N,0
m001,0150K0,KoAct 수소전력ESS인프라액티브,EF,25795000000,2750000,N,0
m001,0151P0,RISE 코리아전략산업액티브,EF,185274000000,10800000,N,0
m001,0151S0,KODEX 미국AI반도체TOP3플러스,EF,248223000000,14550000,N,0
m001,015230,대창단조,ST,162047411400,27143620,N,0
m001,015260,에이엔피,ST,17810185932,47116894,N,0
m001,0152E0,SOL 배당성향탑픽액티브,EF,29510000000,2600000,N,0
m001,015360,INVENI,ST,394580000000,27250000,N,0
m001,0153K0,KODEX 주주환원고배당주,EF,159705000000,13000000,N,0
m001,0153P0,ACE 리츠부동산인프라액티브,EF,15160000000,1600000,N,0
m001,0153X0,PLUS 미국고배당주액티브,EF,21356000000,1900000,N,0
m001,0154F0,WON 초대형IB&금융지주,EF,40424000000,3100000,N,0
m001,0154H0,KoAct 차이나바이오헬스케어액티브,EF,6289500000,700000,N,0
m001,015590,DKME,ST,111331302180,53396308,N,0
m001,0155M0,ACE 미국SMR원자력TOP10,EF,32432250000,4150000,N,0
m001,0155N0,HANARO K휴머노이드테마TOP10,EF,28817250000,3850000,N,0
m001,015760,한국전력,ST,23239099587400,641964077,N,0
m001,015860,일진홀딩스,ST,291150149700,49347483,N,0
m001,015890,태경산업,ST,136790550000,29228750,N,0
m001,016090,대현,ST,66512029620,44282310,N,0
m001,0162L0,KODEX 차이나AI반도체TOP10,EF,115595000000,6100000,N,0
m001,0162M0,KODEX 금융채1~2년(AA-이상)PLUS액티브,EF,304994700000,30530000,N,0
m001,0162Y0,TIME 코스닥액티브,EF,282975000000,34300000,N,0
m001,0162Z0,RISE 삼성전자SK하이닉스채권혼합50,EF,4419297000000,309800000,N,0
m001,016360,삼성증권,ST,10001600000000,89300000,N,0
m001,016380,KG스틸,ST,520046264400,100008897,N,0
m001,0163Y0,KoAct 코스닥액티브,EF,486750000000,50000000,N,0
m001,016450,한세예스24홀딩스,ST,171400000000,40000000,N,0
m001,0164G0,RISE 차이나AI반도체TOP4Plus,EF,35885250000,2050000,N,0
m001,016580,환인제약,ST,186000700000,18600070,N,0
m001,016590,신대양제지,ST,397739483400,40297820,N,0
m001,016610,DB증권,ST,404938551060,42446389,N,0
m001,0166N0,PLUS 코스닥150액티브,EF,36295000000,4250000,N,0
m001,0166S0,PLUS K제조업핵심기업액티브,EF,64761750000,5350000,N,0
m001,0166T0,PLUS 글로벌저작권핵심기업액티브,EF,9310500000,900000,N,0
m001,016710,대성홀딩스,ST,109247426610,16089459,N,0
m001,016740,두올,ST,107814330240,28674024,N,0
m001,0167A0,SOL AI반도체TOP2플러스,EF,6922321500000,325450000,N,0
m001,0167B0,SOL 200타겟위클리커버드콜,EF,756324000000,56400000,N,0
m001,0167Z0,KODEX 미국우주항공,EF,450172500000,46650000,N,0
m001,016800,퍼시스,ST,305325000000,11500000,N,0
m001,016880,웅진,ST,158575326720,79927080,N,0
m001,0168K0,TIGER 기술이전바이오액티브,EF,145515000000,22250000,N,0
m001,017040,광명전기,ST,40390657180,43337615,N,0
m001,017180,명문제약,ST,42000422598,33953454,N,0
m001,0172V0,1Q 은액티브,EF,56548000000,6700000,N,0
m001,0172Y0,ACE K수출핵심TOP10산업액티브,EF,9552250000,950000,N,0
m001,017370,우신시스템,ST,82321672730,18314054,N,0
m001,017390,서울가스,ST,274230000000,4950000,N,0
m001,0173Y0,KODEX 미국AI광통신네트워크,EF,466412000000,36100000,N,0
m001,0174B0,KoAct 글로벌AI메모리반도체액티브,EF,147179750000,8650000,N,0
m001,0174J0,DAISHIN343 오피스리츠플러스,EF,5154000000,600000,N,0
m001,0174R0,KIWOOM 미국성장다우존스,EF,9600000000,800000,N,0
m001,017550,수산세보틱스,ST,111569644440,62399130,N,0
m001,017670,SK텔레콤,ST,19051877701100,214790053,N,0
m001,0176E0,RISE 미국AI전력인프라액티브,EF,162445000000,13250000,N,0
m001,0176P0,FOCUS AI반도체위클리고정커버드콜,EF,7232500000,500000,N,0
m001,0177A0,WON 두산그룹포커스,EF,22540000000,2450000,N,0
m001,0177N0,KODEX 삼성전자SK하이닉스채권혼합50,EF,1555848000000,102900000,N,0
m001,0177R0,TIGER 반도체TOP10커버드콜액티브,EF,868997500000,63500000,N,0
m001,0177X0,ACE K휴머노이드로봇산업TOP2+,EF,99494500000,10850000,N,0
m001,017800,현대엘리베이터,ST,2716920757500,39092385,N,0
m001,017810,풀무원,ST,349565370140,38120542,N,0
m001,017860,DS단석,ST,213464850780,17759139,N,0
m001,0178H0,IBK 미국AI TOP10국채혼합50,EF,46965000000,4650000,N,0
m001,017900,광전자,ST,388223212100,57943763,N,0
m001,017940,E1,ST,581042000000,6860000,N,0
m001,017960,한국카본,ST,1263490082700,51676486,N,0
m001,0180V0,ACE 미국우주테크액티브,EF,193053000000,20300000,N,0
m001,0181B0,HANARO 미국AI메모리반도체TOP4+,EF,174745500000,14550000,N,0
m001,0181L0,SOL 미국우주항공TOP10,EF,70971000000,8200000,N,0
m001,018250,애경산업,ST,297375868100,26409935,N,0
m001,018260,삼성에스디에스,ST,15444608880000,77377800,N,0
m001,0182R0,1Q K반도체TOP2+,EF,285153750000,22950000,N,0
m001,0182S0,1Q K반도체TOP2채권혼합50,EF,243779750000,18350000,N,0
m001,0183J0,TIGER 미국우주테크,EF,1399491000000,152450000,N,0
m001,0183V0,KIWOOM 삼성전자&SK하이닉스채권혼합50,EF,239360000000,18700000,N,0
m001,018470,조일알미늄,ST,117894132251,126631721,N,0
m001,0184E0,1Q 200채권혼합50액티브,EF,27130750000,2350000,N,0
m001,0184L0,PLUS 중기종합채권(A-이상)액티브,EF,104041600000,1040000,N,0
m001,0184N0,PLUS 은채권혼합,EF,10975000000,1250000,N,0
m001,0184V0,UNICORN K바이오액티브,EF,7062000000,1100000,N,0
m001,018500,동원금속,ST,65129621669,46754933,N,0
m001,0185L0,TIME 글로벌휴머노이드로봇산업액티브,EF,64050000000,7000000,N,0
m001,018670,SK가스,ST,2004193326000,9257244,N,0
m001,0186L0,KoAct 미국로봇피지컬AI액티브,EF,26085000000,2350000,N,0
m001,0186S0,1Q 코스닥150채권혼합50액티브,EF,32471000000,3800000,N,0
m001,018880,한온시스템,ST,3699676499960,1026262552,N,0
m001,0189B0,TIGER 은액티브,EF,41896500000,5100000,N,0
m001,0189Z0,DAISHIN343 금융&지주고배당,EF,10190000000,1000000,N,0
m001,0190C0,RISE 현대차고정피지컬AI,EF,539850000000,59000000,N,0
m001,0190G0,KODEX 반도체타겟위클리커버드콜,EF,194496000000,19200000,N,0
m001,0190M0,KIWOOM 미국AI테크하이베타,EF,26532750000,2550000,N,0
m001,0190Y0,TIGER 구글밸류체인,EF,79500000000,7950000,N,0
m001,019170,신풍제약,ST,424590028200,52418522,N,0
m001,019175,신풍제약우,ST,24193444500,1991230,N,0
m001,019180,티에이치엔,ST,108180000000,18000000,N,0
m001,0191B0,MIDAS 코스닥액티브,EF,6543000000,200000,N,0
m001,0191M0,마이티 5월만기자동연장특수채(AAA)액티브,EF,41511780000,414000,N,0
m001,0191S0,IBK 코스닥150,EF,10752200000,740000,N,0
m001,0191W0,HANARO 중기종합채권(A-이상)액티브,EF,112018475000,1115000,N,0
m001,0192L0,RISE SK하이닉스단일종목레버리지,EF,104851500000,5700000,N,0
m001,0192M0,RISE 삼성전자단일종목레버리지,EF,66248000000,4225000,N,0
m001,0192S0,SOL 코스피200채권혼합50,EF,19850000000,2000000,N,0
m001,0192T0,SOL 코스닥TOP10,EF,28400000000,4000000,N,0
m001,0192Z0,TIGER 중기종합채권(A-이상)액티브,EF,166335775000,1655000,N,0
m001,0193G0,KoAct 코스피액티브,EF,26446000000,2800000,N,0
m001,0193K0,PLUS 삼성전자단일종목레버리지,EF,20984250000,1225000,N,0
m001,0193L0,PLUS 삼성전자선물단일종목인버스2X,EF,45630200000,3080000,N,0
m001,0193M0,BNK 27-12 특수채(AAA이상)액티브,EF,105900830000,2114000,N,0
m001,0193T0,KODEX SK하이닉스단일종목레버리지,EF,5047776000000,231975000,N,0
m001,0193W0,KODEX 삼성전자단일종목레버리지,EF,3043425000000,179025000,N,0
m001,019490,엑시큐어하이트론,ST,41349858070,76432270,N,0
m001,0194M0,ACE 삼성전자단일종목레버리지,EF,88762500000,5625000,N,0
m001,0194N0,KIWOOM 삼성전자선물단일종목레버리지,EF,13864500000,900000,N,0
m001,0194R0,KIWOOM SK하이닉스선물단일종목레버리지,EF,24426875000,1375000,N,0
m001,0194T0,ACE SK하이닉스단일종목레버리지,EF,109688250000,5950000,N,0
m001,0195R0,TIGER 삼성전자단일종목레버리지,EF,1665518375000,106525000,N,0
m001,0195S0,TIGER SK하이닉스단일종목레버리지,EF,2781337500000,150750000,N,0
m001,019680,대교,ST,81738250250,84702850,N,0
m001,019685,대교우B,ST,14084567750,19426990,N,0
m001,0197W0,SOL SK하이닉스단일종목레버리지,EF,78715000000,4325000,N,0
m001,0197X0,SOL SK하이닉스선물단일종목인버스2X,EF,159793500000,17350000,N,0
m001,0198A0,KIWOOM 코스닥150커버드콜액티브,EF,24713000000,2600000,N,0
m001,0198B0,1Q 삼성전자선물단일종목레버리지,EF,31925150000,1955000,N,0
m001,0198D0,1Q SK하이닉스선물단일종목레버리지,EF,37733000000,1940000,N,0
m001,0199C0,ACE 고배당주Plus커버드콜액티브,EF,124625000000,12500000,N,0
m001,020000,한섬,ST,486453914100,21476994,N,0
m001,020120,키다리스튜디오,ST,131761688130,37063766,N,0
m001,020150,롯데에너지머티리얼즈,ST,1864210482800,52365463,N,0
m001,0203D0,PLUS 200위클리커버드콜채권혼합,EF,10510500000,1100000,N,0
m001,0203R0,WON 중단기종합채권(A-이상)액티브,EF,19066500000,380000,N,0
m001,0203S0,WON 삼성전자현대차채권혼합50,EF,30233750000,3350000,N,0
m001,0204D0,KODEX 현대차로보틱스밸류체인TOP3플러스,EF,214060000000,30800000,N,0
m001,0204S0,TIGER 코스닥액티브,EF,34268400000,4560000,N,0
m001,020560,아시아나항공,ST,1474893490760,205990711,N,0
m001,0206G0,1Q 현대차기아채권혼합50,EF,26985500000,3100000,N,0
m001,020760,일진디스플,ST,50984432422,56523761,N,0
m001,0207G0,SOL 우주항공밸류체인,EF,14949000000,2200000,N,0
m001,0207Z0,KIWOOM 미국우주데이터센터인프라,EF,21775000000,2600000,N,0
m001,0208N0,IBK 코스피액티브,EF,13175000000,1550000,N,0
m001,0209D0,KODEX 전고체배터리ESS TOP2플러스,EF,87464000000,11600000,N,0
m001,0209Z0,ACE 코리아AI전력TOP10,EF,18032000000,2450000,N,0
m001,021050,서원,ST,48708929340,47474590,N,0
m001,0210A0,ACE K반도체TOP2+,EF,350941500000,40950000,N,0
m001,0210E0,PLUS 200커버드콜액티브,EF,51420000000,6000000,N,0
m001,021240,코웨이,ST,6361991597400,70767426,N,0
m001,0216K0,KIWOOM 미국우주테크TOP2채권혼합50,EF,9485000000,1000000,N,0
m001,0216Z0,ACE K방산TOP5+,EF,18460000000,2000000,N,0
m001,021820,세원정공,ST,101100000000,10000000,N,0
m001,022100,포스코DX,ST,3071101525800,152034729,N,0
m001,023000,삼원강재,ST,88620101880,39739956,N,0
m001,023150,MH에탄올,ST,33646078560,7378526,N,0
m001,023350,한국종합기술,ST,47085000000,10950000,N,0
m001,023450,동남합성,ST,97475000000,3500000,N,0
m001,023530,롯데쇼핑,ST,4393243651500,28288755,N,0
m001,023590,다우기술,ST,1605959275200,43287312,N,0
m001,023800,인지컨트롤스,ST,86950583500,15809197,N,0
m001,023810,인팩,ST,46900000000,10000000,N,0
m001,023960,에쓰씨엔지니어링,ST,38530442675,38035975,N,0
m001,024070,WISCOM,ST,27894117160,15326438,N,0
m001,024090,디씨엠,ST,125742000000,11400000,N,0
m001,024110,기업은행,ST,16945299716250,797425869,N,0
m001,024720,콜마홀딩스,ST,287745613010,34296259,N,0
m001,024890,대원화성,ST,26316957700,8249830,N,0
m001,024900,디와이덕양,ST,57021279980,32564980,N,0
m001,025000,KPX케미칼,ST,222000546300,4378709,N,0
m001,025530,SJM홀딩스,ST,51970347840,14934008,N,0
m001,025540,한국단자,ST,670624500000,10115000,N,0
m001,025560,미래산업,ST,212542069000,5090828,N,0
m001,025620,차AI헬스케어,ST,128520049380,18203973,N,0
m001,025750,한솔홈데코,ST,30389172694,16113029,N,0
m001,025820,이구산업,ST,134102420000,33442000,N,0
m001,025860,남해화학,ST,288634077830,49678843,N,0
m001,025890,한국주강,ST,24629601360,11144616,N,0
m001,026890,스틱인베스트먼트,ST,294270652830,38770837,N,0
m001,026940,부국철강,ST,49000000000,20000000,N,0
m001,026960,동서,ST,2582230000000,99700000,N,0
m001,027410,BGF,ST,381909996090,95716791,N,0
m001,027740,마니커,ST,32231948210,31755614,N,0
m001,027970,한국제지,ST,104012443840,190150720,N,0
m001,028050,삼성E&A,ST,8643600000000,196000000,N,0
m001,028100,동아지질,ST,218918357700,13389502,N,0
m001,028260,삼성물산,ST,63488607961500,162167581,N,0
m001,02826K,삼성물산우B,ST,338279495000,1467590,N,0
m001,028670,팬오션,ST,2806489938000,534569512,N,0
m001,029460,케이씨,ST,336126317500,11020535,N,0
m001,029530,신도리코,ST,406117472200,9715729,N,0
m001,029780,삼성카드,ST,5607570324400,115858891,N,0
m001,030000,제일기획,ST,2163925442250,115041225,N,0
m001,030190,NICE평가정보,ST,814157303140,58911527,N,0
m001,030200,KT,ST,13659575327000,252021685,N,0
m001,030210,다올투자증권,ST,211666093350,60911106,N,0
m001,030610,교보증권,ST,1139629610000,113962961,N,0
m001,030720,동원수산,ST,29086281250,4653805,N,0
m001,031210,서울보증보험,ST,3040730592900,69821598,N,0
m001,031430,신세계인터내셔날,ST,442223040000,34986000,N,0
m001,031440,신세계푸드,ST,156060944000,3872480,N,0
m001,031820,아이티센씨티에스,ST,61857296060,12105146,N,0
m001,032350,롯데관광개발,ST,1187909324200,79725458,N,0
m001,032560,황금에스티,ST,89930000000,17000000,N,0
m001,032640,LG유플러스,ST,6349438870720,424427732,N,0
m001,032830,삼성생명,ST,68100000000000,200000000,N,0
m001,033240,자화전자,ST,593071029900,21605502,N,0
m001,033250,체시스,ST,18944000000,6400000,N,0
m001,033270,유나이티드제약,ST,282098040750,15910775,N,0
m001,033530,SJG세종,ST,171098910150,27820961,N,0
m001,033780,KT&G,ST,18011114116000,103810456,N,0
m001,033920,무학,ST,214890000000,28500000,N,0
m001,034020,두산에너빌리티,ST,50027825502600,640561146,N,0
m001,034120,SBS,ST,229293301680,18551238,N,0
m001,034220,LG디스플레이,ST,5505000000000,500000000,N,0
m001,034230,파라다이스,ST,1172687976120,92629382,N,0
m001,034310,NICE,ST,426750592770,36757157,N,0
m001,034590,인천도시가스,ST,114399817100,4374754,N,0
m001,034730,SK,ST,47634275871000,72502703,N,0
m001,03473K,SK우,ST,211168355000,566135,N,0
m001,034830,한국토지신탁,ST,289857636040,252489230,N,0
m001,035000,HS애드,ST,100487392800,16207644,N,0
m001,035150,백산,ST,200288410000,20028841,N,0
m001,035250,강원랜드,ST,3125670705000,213940500,N,0
m001,035420,NAVER,ST,30023433494600,156944242,N,0
m001,035510,신세계 I&C,ST,182310936000,13980900,N,0
m001,035720,카카오,ST,15659380824500,442981070,N,0
m001,036420,콘텐트리중앙,ST,29278708160,19262308,N,0
m001,036460,한국가스공사,ST,3050944650000,92313000,N,0
m001,036530,SNT홀딩스,ST,806227162700,16303886,N,0
m001,036570,NC,ST,5353689467000,21544022,N,0
m001,036580,팜스코,ST,102103681540,36727943,N,0
m001,037270,YG PLUS,ST,219001098400,63663110,N,0
m001,037560,LG헬로비전,ST,124999240110,77446865,N,0
m001,037710,광주신세계,ST,379833165600,7627172,N,0
m001,039130,하나투어,ST,498001313800,15489932,N,0
m001,039490,키움증권,ST,8812714176000,26228316,N,0
m001,039570,HDC랩스,ST,197796919620,25957601,N,0
m001,041650,상신브레이크,ST,46700403750,21471450,N,0
m001,042660,한화오션,ST,24911408932200,306413394,N,0
m001,042700,한미반도체,ST,21159308400000,95312200,N,0
m001,044380,주연테크,ST,11258483868,12896316,N,0
m001,044450,KSS해운,ST,219546718800,23085880,N,0
m001,044820,코스맥스비티아이,ST,187756655550,9603921,N,0
m001,047040,대우건설,ST,7170338283100,410907638,N,0
m001,047050,포스코인터내셔널,ST,8708178006000,175922788,N,0
m001,047400,유니온머티리얼,ST,43470000000,42000000,N,0
m001,047810,한국항공우주,ST,14065657940100,97475107,N,0
m001,049800,우진플라임,ST,34040000000,20000000,N,0
m001,051600,한전KPS,ST,2067750000000,45000000,N,0
m001,051630,진양화학,ST,38054000000,21200000,N,0
m001,051900,LG생활건강,ST,3669003135000,14975523,N,0
m001,051905,LG생활건강우,ST,203337123000,2096259,N,0
m001,051910,LG화학,ST,18636378552000,70592343,N,0
m001,051915,LG화학우,ST,959562240000,7688800,N,0
m001,052690,한전기술,ST,3906084000000,38220000,N,0
m001,053210,스카이라이프,ST,199596411000,47522955,N,0
m001,053690,한미글로벌,ST,187374105000,10957550,N,0
m001,055490,테이팩스,ST,62561515500,4786650,N,0
m001,055550,신한지주,ST,51832256221200,474654361,N,0
m001,057050,현대홈쇼핑,ST,1047600000000,12000000,N,0
m001,058430,포스코스틸리온,ST,285600000000,60000000,N,0
m001,058650,세아홀딩스,ST,494644717600,4242236,N,0
m001,058730,다스코,ST,100339551630,19948221,N,0
m001,058850,KTcs,ST,93988101500,41404450,N,0
m001,058860,KTis,ST,89615150000,34802000,N,0
m001,060980,HL홀딩스,ST,351351378900,9078847,N,0
m001,062040,산일전기,ST,5789457235000,30615850,N,0
m001,063160,종근당바이오,ST,73402171560,5485962,N,0
m001,064350,현대로템,ST,19525556217700,109142293,N,0
m001,064400,LG씨엔에스,ST,6888590902800,96885948,N,0
m001,064960,SNT모티브,ST,700663180800,26540272,N,0
m001,066570,LG전자,ST,29710157971200,162884638,N,0
m001,066575,LG전자우,ST,1164892072200,17181299,N,0
m001,066970,엘앤에프,ST,4088568336000,40682272,N,0
m001,067830,세이브존I&C,ST,94188854025,41040895,N,0
m001,068270,셀트리온,ST,40743409291200,232553706,N,0
m001,068290,삼성출판사,ST,62100000000,10000000,N,0
m001,069260,TKG휴켐스,ST,631165398720,40878588,N,0
m001,069460,대호에이엘,ST,46322277400,17414390,N,0
m001,069500,KODEX 200,EF,26207466500000,217300000,N,0
m001,069620,대웅제약,ST,1528269242500,11586575,N,0
m001,069640,한세엠케이,ST,20566184418,22403251,N,0
m001,069660,KIWOOM 200,EF,868644000000,7200000,N,0
m001,069730,DSR제강,ST,79488000000,14400000,N,0
m001,069960,현대백화점,ST,3603496795200,21564912,N,0
m001,070960,모나용평,ST,109503332575,48133333,N,0
m001,071050,한국금융지주,ST,13318512088000,55725992,N,0
m001,071055,한국금융지주우,ST,934391034500,5858251,N,0
m001,071090,하이스틸,ST,61180157130,20191471,N,0
m001,071320,지역난방공사,ST,780407345600,11578744,N,0
m001,071840,롯데하이마트,ST,145659583040,23607712,N,0
m001,071950,코아스,ST,24121001520,12459195,N,0
m001,071970,HD현대마린엔진,ST,2089564092000,33921495,N,0
m001,072130,유엔젤,ST,69444133380,12695454,N,0
m001,072710,농심홀딩스,ST,421111332000,4637790,N,0
m001,073240,금호타이어,ST,2240630238600,287260287,N,0
m001,074610,이엔플러스,ST,44815400070,8770137,N,0
m001,075180,새론오토모티브,ST,55680000000,19200000,N,0
m001,075580,세진중공업,ST,682193472000,56849456,N,0
m001,077500,유니퀘스트,ST,126360596700,21600102,N,0
m001,077970,STX엔진,ST,1067938475800,40148063,N,0
m001,078000,텔코웨어,ST,118180584830,9240077,N,0
m001,078520,에이블씨엔씨,ST,265344442200,26014161,N,0
m001,078930,GS,ST,7450218699000,92895495,N,0
m001,078935,GS우,ST,95924536400,1779676,N,0
m001,079160,CJ CGV,ST,736014083595,165582471,N,0
m001,079430,현대리바트,ST,117466939680,20114202,N,0
m001,079550,LIG디펜스앤에어로스페이스,ST,16478000000000,22000000,N,0
m001,079900,전진건설로봇,ST,518035347500,14592545,N,0
m001,079980,휴비스,ST,69000000000,34500000,N,0
m001,081000,일진다이아,ST,129957221250,14202975,N,0
m001,081660,미스토홀딩스,ST,2370550656000,53091840,N,0
m001,082640,동양생명,ST,1212606254370,156062581,N,0
m001,082740,한화엔진,ST,3888636817200,83447142,N,0
m001,083420,그린케미칼,ST,106440000000,24000000,N,0
m001,084010,대한제강,ST,260536697680,34371596,N,0
m001,084670,동양고속,ST,80062482850,2895569,N,0
m001,084680,이월드,ST,106071032364,141806193,N,0
m001,084690,대상홀딩스,ST,273042536520,36212538,N,0
m001,084695,대상홀딩스우,ST,10285807320,913482,N,0
m001,084870,TBH글로벌,ST,40098181760,20458256,N,0
m001,085310,엔케이,ST,56377362400,7418074,N,0
m001,085620,미래에셋생명,ST,2476497600000,135180000,N,0
m001,086280,현대글로비스,ST,14370000000000,75000000,N,0
m001,086790,하나금융지주,ST,35256255618000,274367748,N,0
m001,088260,이리츠코크렙,RT,216944945750,63341590,N,0
m001,088350,한화생명,ST,4038664500000,868530000,N,0
m001,088790,진도,ST,32364134400,12447744,N,0
m001,088980,맥쿼리인프라,IF,4899371988390,478921993,N,0
m001,089470,HDC현대EP,ST,122974500000,31900000,N,0
m001,089590,제주항공,ST,357642768475,80640985,N,0
m001,089860,롯데렌탈,ST,1205471681600,36309388,N,0
m001,090080,평화산업,ST,46831626927,54902259,N,0
m001,090350,노루페인트,ST,152000000000,20000000,N,0
m001,090355,노루페인트우,ST,4784091580,463126,N,0
m001,090370,메타랩스,ST,29789415699,27304689,N,0
m001,090430,아모레퍼시픽,ST,7200458632900,58492759,N,0
m001,090435,아모레퍼시픽우,ST,418090068000,10557830,N,0
m001,090460,비에이치,ST,654340952580,33711538,N,0
m001,091160,KODEX 반도체,EF,6491953000000,44350000,N,0
m001,091170,KODEX 은행,EF,453172000000,27700000,N,0
m001,091180,KODEX 자동차,EF,447703500000,14550000,N,0
m001,091220,TIGER 은행,EF,23912000000,1400000,N,0
m001,091230,TIGER 반도체,EF,1565139000000,10200000,N,0
m001,091810,트리니티항공,ST,264713439885,412969485,N,0
m001,092200,디아이씨,ST,175387446190,38888569,N,0
m001,092220,KEC,ST,129692988440,40152628,N,0
m001,092230,KPX홀딩스,ST,363319556000,4224646,N,0
m001,092440,기신정기,ST,56764800000,29200000,N,0
m001,092780,DYP,ST,44838606300,13168460,N,0
m001,092790,넥스틸,ST,286022000000,26002000,N,0
m001,093050,LF,ST,672520000000,29240000,N,0
m001,093240,형지엘리트,ST,29590104838,61390259,N,0
m001,093370,후성,ST,1473688234200,107255330,N,0
m001,094280,효성ITX,ST,137542580000,11558200,N,0
m001,094800,맵스리얼티,MF,558862672620,92834331,N,0
m001,095570,AJ네트웍스,ST,193908072315,45252759,N,0
m001,095720,웅진씽크빅,ST,68817599935,56827085,N,0
m001,096760,JW홀딩스,ST,288676898510,73924942,N,0
m001,096770,SK이노베이션,ST,17395531885200,169052788,N,0
m001,096775,SK이노베이션우,ST,73032921000,1248426,N,0
m001,097230,HJ중공업,ST,1600936449120,90295344,N,0
m001,097520,엠씨넥스,ST,331498575000,17401500,N,0
m001,097950,CJ제일제당,ST,2875349526000,15054186,N,0
m001,097955,CJ제일제당 우,ST,162743285800,1327433,N,0
m001,099140,KODEX 차이나H,EF,35888000000,1600000,N,0
m001,100090,SK오션플랜트,ST,865322086650,62478129,N,0
m001,100220,비상교육,ST,67453085790,12996741,N,0
m001,100250,진양홀딩스,ST,195534000000,63900000,N,0
m001,100840,SNT에너지,ST,541836514600,20680783,N,0
m001,100910,KIWOOM KRX100,EF,68652000000,3600000,N,0
m001,101140,인바이오젠,ST,57553357680,10044216,N,0
m001,101280,KODEX 일본TOPIX100,EF,50496800000,1580000,N,0
m001,101530,해태제과식품,ST,165674717180,29116822,N,0
m001,102110,TIGER 200,EF,10846435000000,89900000,N,0
m001,102260,동성케미컬,ST,179370352140,50669591,N,0
m001,102460,이연제약,ST,187169186770,18586811,N,0
m001,102780,KODEX 삼성그룹,EF,3621306000000,132600000,N,0
m001,102960,KODEX 기계장비,EF,15506400000,1120000,N,0
m001,102970,KODEX 증권,EF,838679250000,37550000,N,0
m001,103140,풍산,ST,1824380497800,28024278,N,0
m001,103590,일진전기,ST,3156772818000,47685390,N,0
m001,104520,KIWOOM 블루칩,EF,14720000000,1000000,N,0
m001,104530,KIWOOM 코리아고배당,EF,37915250000,2150000,N,0
m001,104700,한국철강,ST,336069000000,36450000,N,0
m001,105010,TIGER 라틴35,EF,10252500000,1500000,N,0
m001,105190,ACE 200,EF,2018646000000,16650000,N,0
m001,105560,KB금융,ST,65404418149600,354687734,N,0
m001,105630,한세실업,ST,364000000000,40000000,N,0
m001,105780,RISE 5대그룹주,EF,36840000000,2000000,N,0
m001,105840,우진,ST,311246094700,20197670,N,0
m001,107590,미원홀딩스,ST,123192000000,2320000,N,0
m001,108320,LX세미콘,ST,657077720000,16264300,N,0
m001,108450,ACE 삼성그룹섹터가중,EF,89881000000,2200000,N,0
m001,108590,TREX 200,EF,24152000000,200000,N,0
m001,108670,LX하우시스,ST,286068673000,8967670,N,0
m001,108675,LX하우시스우,ST,16909565400,1032330,N,0
m001,109070,주성코퍼레이션,ST,88721186400,52810230,N,0
m001,111110,호전실업,ST,60379560000,9066000,N,0
m001,111380,동인기연,ST,78683520000,6128000,N,0
m001,111770,영원무역,ST,3855097716000,44311468,N,0
m001,112610,씨에스윈드,ST,1680530409550,42171403,N,0
m001,114090,GKL,ST,640206184500,61855670,N,0
m001,114100,RISE 국고채3년,EF,99978400000,940000,N,0
m001,114260,KODEX 국고채3년,EF,589915040000,9568000,N,0
m001,114460,ACE 국고채3년,EF,15057000000,150000,N,0
m001,114470,KIWOOM 국고채3년,EF,57086300000,530000,N,0
m001,114800,KODEX 인버스,EF,878789700000,864100000,N,0
m001,114820,TIGER 국채3년,EF,122598450000,1170000,N,0
m001,117460,KODEX 에너지화학,EF,25362400000,1960000,N,0
m001,117580,대성에너지,ST,197175000000,27500000,N,0
m001,117680,KODEX 철강,EF,21540400000,1960000,N,0
m001,117690,TIGER 차이나항셍30,EF,10272500000,500000,N,0
m001,117700,KODEX 건설,EF,202860000000,32200000,N,0
m001,118000,메타케어,ST,27591787035,22055785,N,0
m001,119650,KC코트렐,ST,100782913662,109785309,N,0
m001,120030,조선선재,ST,108786811500,1257651,N,0
m001,120110,코오롱인더,ST,1673983188800,29946032,N,0
m001,120115,코오롱인더우,ST,65598282000,2767860,N,0
m001,122090,PLUS 코스피50,EF,218051850000,2370000,N,0
m001,122260,KIWOOM 통안채1년,EF,33209600000,320000,N,0
m001,122630,KODEX 레버리지,EF,7293638000000,48400000,N,0
m001,122900,아이마켓코리아,ST,243361955200,33428840,N,0
m001,123310,TIGER 인버스,EF,62691200000,54800000,N,0
m001,123320,TIGER 레버리지,EF,330011000000,2200000,N,0
m001,123690,한국화장품,ST,103959960000,16068000,N,0
m001,123700,SJM,ST,52198383810,15604898,N,0
m001,123890,한국자산신탁,ST,276565072760,122373926,N,0
m001,126560,현대퓨처넷,ST,326511109600,109201040,N,0
m001,126720,수산인더스트리,ST,311434800000,14286000,N,0
m001,128820,대성산업,ST,192703136280,45235478,N,0
m001,128940,한미약품,ST,4983475499000,12810991,N,0
m001,129260,인터지스,ST,58722303276,29747874,N,0
m001,130660,한전산업,ST,372618000000,32600000,N,0
m001,130680,TIGER 원유선물Enhanced(H),EF,12903000000,2200000,N,0
m001,130730,KIWOOM 단기자금,EF,106196175000,1035000,N,0
m001,131890,ACE 삼성그룹동일가중,EF,16396000000,400000,N,0
m001,132030,KODEX 골드선물(H),EF,338355000000,14600000,N,0
m001,133690,TIGER 미국나스닥100,EF,11636002800000,59090000,N,0
m001,133820,화인베스틸,ST,38153708056,37114502,N,0
m001,134380,미원화학,ST,222345994800,21992680,N,0
m001,134790,시디즈,ST,39060000000,2000000,N,0
m001,136340,RISE 중기우량회사채,EF,148978120000,1432000,N,0
m001,136490,선진,ST,231851139000,23779604,N,0
m001,137310,에스디바이오센서,ST,780039198920,120749102,N,0
m001,137610,TIGER 농산물선물Enhanced(H),EF,12962500000,2500000,N,0
m001,138040,메리츠금융지주,ST,19244936395000,167347273,N,0
m001,138230,KIWOOM 미국달러선물,EF,25396750000,1450000,N,0
m001,138520,TIGER 삼성그룹,EF,157406000000,4220000,N,0
m001,138530,TIGER LG그룹플러스,EF,87333400000,7420000,N,0
m001,138540,TIGER 현대차그룹플러스,EF,726639400000,13480000,N,0
m001,138910,KODEX 구리선물(H),EF,35612500000,3700000,N,0
m001,138920,KODEX 콩선물(H),EF,5825000000,500000,N,0
m001,138930,BNK금융지주,ST,5539337539050,310327033,N,0
m001,139130,iM금융지주,ST,2867148806550,160624583,N,0
m001,139220,TIGER 200 건설,EF,130944000000,17600000,N,0
m001,139230,TIGER 200 중공업,EF,278492700000,20380000,N,0
m001,139240,TIGER 200 철강소재,EF,5820000000,600000,N,0
m001,139250,TIGER 200 에너지화학,EF,23358000000,1360000,N,0
m001,139260,TIGER 200 IT,EF,3120460800000,19680000,N,0
m001,139270,TIGER 200 금융,EF,34496000000,1960000,N,0
m001,139280,TIGER 경기방어,EF,40697900000,3340000,N,0
m001,139290,TIGER 200 경기소비재,EF,6794400000,240000,N,0
m001,139320,TIGER 금은선물(H),EF,38958750000,2250000,N,0
m001,139480,이마트,ST,2257337994200,27595819,N,0
m001,139660,KIWOOM 미국달러선물인버스,EF,6690300000,870000,N,0
m001,139990,아주스틸,ST,80805038190,38755414,N,0
m001,140570,RISE 수출주,EF,10318000000,400000,N,0
m001,140580,RISE 우량업종대표주,EF,12692500000,500000,N,0
m001,140700,KODEX 보험,EF,50375000000,2600000,N,0
m001,140710,KODEX 운송,EF,11178000000,1800000,N,0
m001,140950,파워 코스피100,EF,53488400000,560000,N,0
m001,143210,핸즈코퍼레이션,ST,32348276620,26979380,N,0
m001,143850,TIGER 미국S&P500선물(H),EF,97250625000,1275000,N,0
m001,143860,TIGER 헬스케어,EF,146700000000,4000000,N,0
m001,144600,KODEX 은선물(H),EF,756696000000,76900000,N,0
m001,145210,다이나믹디자인,ST,9461013632,42236668,N,0
m001,145270,케이탑리츠,RT,35228547342,48060774,N,0
m001,145670,ACE 인버스,EF,3584000000,2800000,N,0
m001,145720,덴티움,ST,359185060150,8623891,N,0
m001,145850,TREX 펀더멘탈 200,EF,30907500000,250000,N,0
m001,145990,삼양사,ST,474934326450,10313449,N,0
m001,145995,삼양사우,ST,12360338000,370070,N,0
m001,147970,TIGER 모멘텀,EF,41481600000,480000,N,0
m001,148020,RISE 200,EF,4746690000000,39000000,N,0
m001,148070,KIWOOM 국고채10년,EF,419928950000,4006000,N,0
m001,150460,TIGER 중국소비테마,EF,56565600000,7770000,N,0
m001,152100,PLUS 200,EF,1603309000000,13100000,N,0
m001,152380,KODEX 국채선물10년,EF,20717700000,318000,N,0
m001,152500,ACE 레버리지,EF,61640000000,1000000,N,0
m001,152870,파워 200,EF,164578500000,1350000,N,0
m001,153130,KODEX 단기채권,EF,865390240000,7634000,N,0
m001,153270,KIWOOM 코스피100,EF,39274200000,420000,N,0
m001,155660,DSR,ST,71840000000,16000000,N,0
m001,156080,KODEX MSCI Korea,EF,34584000000,600000,N,0
m001,157450,TIGER 단기통안채,EF,1343392590000,11978000,N,0
m001,157490,TIGER 소프트웨어,EF,77607900000,9540000,N,0
m001,157500,TIGER 증권,EF,317492000000,20300000,N,0
m001,159800,마이티 코스피100,EF,26790400000,280000,N,0
m001,160580,TIGER 구리실물,EF,177459500000,10700000,N,0
m001,161000,애경케미칼,ST,470433016030,48648709,N,0
m001,161390,한국타이어앤테크놀로지,ST,8857067433500,123875069,N,0
m001,161510,PLUS 고배당주,EF,2376582600000,94440000,N,0
m001,161890,한국콜마,ST,2513940700500,23605077,N,0
m001,163560,동일고무벨트,ST,78118000000,13900000,N,0
m001,166400,TIGER 200커버드콜OTM,EF,12032500000,500000,N,0
m001,167860,KIWOOM 국고채10년레버리지,EF,26738000000,290000,N,0
m001,168580,ACE 중국본토CSI300,EF,124839400000,3220000,N,0
m001,169950,KODEX 차이나A50,EF,22552000000,800000,N,0
m001,170900,동아에스티,ST,353606220650,9727819,N,0
m001,174350,TIGER 로우볼,EF,9420800000,460000,N,0
m001,174360,RISE 중국본토대형주CSI100,EF,39570000000,1500000,N,0
m001,175330,JB금융지주,ST,4904005863200,188253584,N,0
m001,176950,KODEX 국채선물10년인버스,EF,88023600000,1470000,N,0
m001,178920,PI첨단소재,ST,560896750200,29366322,N,0
m001,180640,한진칼,ST,8992878981300,66762279,N,0
m001,18064K,한진칼우,ST,15861435300,536766,N,0
m001,181480,ACE 미국부동산리츠(합성 H),EF,10254600000,120000,N,0
m001,181710,NHN,ST,1249532252850,32753139,N,0
m001,182480,TIGER 미국MSCI리츠(합성 H),EF,133413500000,9550000,N,0
m001,182490,TIGER 단기선진하이일드(합성 H),EF,8298000000,600000,N,0
m001,183190,아세아시멘트,ST,336396843200,35978272,N,0
m001,183700,RISE 200채권혼합50,EF,42218400000,420000,N,0
m001,183710,RISE 주식혼합,EF,20127000000,200000,N,0
m001,185680,KODEX 미국S&P바이오(합성),EF,27660780000,522000,N,0
m001,185750,종근당,ST,968955156000,13802780,N,0
m001,189400,PLUS 글로벌MSCI(합성 H),EF,7632000000,300000,N,0
m001,190620,ACE 단기통안채,EF,251878795000,2479000,N,0
m001,192080,더블유게임즈,ST,1308520322400,21173468,N,0
m001,192090,TIGER 차이나CSI300,EF,152930750000,10850000,N,0
m001,192400,쿠쿠홀딩스,ST,896167062000,35562185,N,0
m001,192650,드림텍,ST,298137901225,65886829,N,0
m001,192720,파워 고배당저변동성,EF,33088500000,570000,N,0
m001,192820,코스맥스,ST,1960060204300,11349509,N,0
m001,194370,제이에스코퍼레이션,ST,338625565860,29016758,N,0
m001,195870,해성디에스,ST,1009800000000,17000000,N,0
m001,195920,TIGER 일본TOPIX(합성 H),EF,17700000000,500000,N,0
m001,195930,TIGER 유로스탁스50(합성 H),EF,37328000000,1600000,N,0
m001,195970,PLUS 선진국MSCI(합성 H),EF,23549800000,1460000,N,0
m001,195980,PLUS 신흥국MSCI(합성 H),EF,98930000000,6500000,N,0
m001,196030,ACE 일본TOPIX레버리지(H),EF,44115000000,500000,N,0
m001,196230,RISE 단기통안채,EF,281082420000,2412000,N,0
m001,200030,KODEX 미국S&P500산업재(합성),EF,52824240000,1128000,N,0
m001,200250,KIWOOM 인도Nifty50(합성),EF,185966000000,7900000,N,0
m001,200880,서연이화,ST,300556219440,27028437,N,0
m001,203780,TIGER 미국나스닥바이오,EF,103304800000,2780000,N,0
m001,204320,HL만도,ST,2326725296000,46957120,N,0
m001,204450,KODEX 차이나H레버리지(H),EF,24035000000,11000000,N,0
m001,204480,TIGER 차이나CSI300레버리지(합성),EF,121290600000,3720000,N,0
m001,205720,ACE 일본TOPIX인버스(합성 H),EF,4449000000,3000000,N,0
m001,207940,삼성바이오로직스,ST,64575876645000,46290951,N,0
m001,210540,디와이파워,ST,124881717480,11041708,N,0
m001,210780,TIGER 코스피고배당,EF,76362000000,3300000,N,0
m001,210980,SK디앤디,ST,209259373680,18617382,N,0
m001,211560,TIGER 배당성장,EF,76893000000,2130000,N,0
m001,211900,KODEX 코리아배당성장,EF,92192000000,3200000,N,0
m001,213500,한솔제지,ST,160891893760,23800576,N,0
m001,213610,KODEX 삼성그룹밸류,EF,260069500000,11300000,N,0
m001,213630,PLUS 미국다우존스고배당주(합성 H),EF,18781800000,920000,N,0
m001,214320,이노션,ST,750400000000,40000000,N,0
m001,214330,금호에이치티,ST,90243297270,10456929,N,0
m001,214390,경보제약,ST,123120329000,23906860,N,0
m001,214420,토니모리,ST,141201670130,24054799,N,0
m001,214980,KODEX 단기채권PLUS,EF,1934779280000,16877000,N,0
m001,215620,HK S&P코리아로우볼,EF,8386200000,540000,N,0
m001,217590,티엠씨,ST,282625259250,24094225,N,0
m001,217770,TIGER 원유선물인버스(H),EF,25450200000,16200000,N,0
m001,217780,TIGER 차이나CSI300인버스(합성),EF,7595000000,1550000,N,0
m001,218420,KODEX 미국S&P500에너지(합성),EF,46809525000,2445000,N,0
m001,219390,RISE 미국S&P원유생산기업(합성 H),EF,17272500000,2450000,N,0
m001,219480,KODEX 미국S&P500선물(H),EF,152656000000,4700000,N,0
m001,219900,ACE 중국본토CSI300레버리지(합성),EF,7623000000,1400000,N,0
m001,220130,SOL 차이나강소기업CSI500(합성 H),EF,5928000000,800000,N,0
m001,223190,KODEX 200가치저변동,EF,28760000000,1000000,N,0
m001,225030,TIGER 미국S&P500선물인버스(H),EF,3893000000,1700000,N,0
m001,225040,TIGER 미국S&P500레버리지(합성 H),EF,57626800000,880000,N,0
m001,225050,TIGER 유로스탁스레버리지(합성 H),EF,7222500000,450000,N,0
m001,225060,TIGER 이머징마켓MSCI레버리지(합성 H),EF,17272700000,1060000,N,0
m001,225130,ACE 골드선물 레버리지(합성 H),EF,21925000000,500000,N,0
m001,225800,KIWOOM 미국달러선물레버리지,EF,9062700000,510000,N,0
m001,226320,잇츠한불,ST,226529823950,21929315,N,0
m001,226380,ACE Fn성장소비주도주,EF,4042500000,700000,N,0
m001,226490,KODEX 코스피,EF,1114687500000,14500000,N,0
m001,226980,KODEX 200 중소형,EF,20592000000,900000,N,0
m001,227540,TIGER 200 헬스케어,EF,29821900000,1660000,N,0
m001,227550,TIGER 200 산업재,EF,3967800000,340000,N,0
m001,227560,TIGER 200 생활소비재,EF,2736800000,220000,N,0
m001,227570,TIGER 우량가치,EF,7189200000,360000,N,0
m001,227830,PLUS 코스피,EF,19677500000,250000,N,0
m001,227840,현대코퍼레이션홀딩스,ST,106934823000,9100836,N,0
m001,228790,TIGER 화장품,EF,254056500000,68850000,N,0
m001,228800,TIGER 여행레저,EF,72367200000,26220000,N,0
m001,228810,TIGER 미디어컨텐츠,EF,82298100000,23820000,N,0
m001,228820,TIGER KTOP30,EF,24718750000,1250000,N,0
m001,229200,KODEX 코스닥150,EF,4459385000000,309250000,N,0
m001,229640,LS에코에너지,ST,1404150702150,30624879,N,0
m001,229720,KODEX KTOP30,EF,23613000000,600000,N,0
m001,230480,KIWOOM 미국달러선물인버스2X,EF,7869150000,2010000,N,0
m001,232080,TIGER 코스닥150,EF,1317133400000,89540000,N,0
m001,233160,TIGER 코스닥150 레버리지,EF,160809000000,18150000,N,0
m001,233740,KODEX 코스닥150레버리지,EF,3089733000000,386700000,N,0
m001,234080,JW생명과학,ST,180355570060,15834554,N,0
m001,234310,RISE V&S셀렉트밸류,EF,14630000000,500000,N,0
m001,236350,TIGER 인도니프티50레버리지(합성),EF,20987000000,620000,N,0
m001,237350,KODEX 코스피100,EF,1078587000000,11100000,N,0
m001,237370,KODEX 코리아배당성장채권혼합,EF,164580000000,10400000,N,0
m001,237440,TIGER 경기방어채권혼합,EF,10060000000,1000000,N,0
m001,238670,PLUS 스마트베타Quality채권혼합,EF,3985500000,300000,N,0
m001,238720,ACE 일본Nikkei225(H),EF,44892000000,900000,N,0
m001,239660,PLUS 우량회사채50,EF,21807900000,180000,N,0
m001,241180,TIGER 일본니케이225,EF,456665700000,11820000,N,0
m001,241390,RISE V&S셀렉트밸류채권혼합,EF,35046000000,2200000,N,0
m001,241560,두산밥캣,ST,6029346488500,95856065,N,0
m001,241590,화승엔터프라이즈,ST,191159165780,60589276,N,0
m001,243880,TIGER 200IT레버리지,EF,749063000000,1400000,N,0
m001,243890,TIGER 200에너지화학레버리지,EF,5240625000,625000,N,0
m001,244580,KODEX 바이오,EF,214374400000,25280000,N,0
m001,244620,KODEX 모멘텀Plus,EF,15946000000,700000,N,0
m001,244660,KODEX 퀄리티Plus,EF,4642500000,500000,N,0
m001,244670,KODEX 밸류Plus,EF,7059000000,600000,N,0
m001,244920,에이플러스에셋,ST,242128392030,22607693,N,0
m001,245340,TIGER 미국다우존스30,EF,153800000000,4000000,N,0
m001,245350,TIGER 유로스탁스배당30,EF,32528000000,1600000,N,0
m001,245360,TIGER 차이나HSCEI,EF,28589000000,2200000,N,0
m001,245710,ACE 베트남VN30(합성),EF,308308000000,9800000,N,0
m001,248070,솔루엠,ST,721547001240,47816236,N,0
m001,248170,샘표식품,ST,101872777800,4568286,N,0
m001,248270,TIGER S&P글로벌헬스케어(합성),EF,31874400000,1140000,N,0
m001,249420,일동제약,ST,487229080800,31638252,N,0
m001,250730,RISE 차이나HSCEI(H),EF,16150000000,1700000,N,0
m001,250780,TIGER 코스닥150선물인버스,EF,9779000000,3850000,N,0
m001,251270,넷마블,ST,3076643141050,81934571,N,0
m001,251340,KODEX 코스닥150선물인버스,EF,180695000000,71000000,N,0
m001,251350,KODEX MSCI선진국,EF,532440000000,12750000,N,0
m001,251590,PLUS 고배당저변동50,EF,11788000000,700000,N,0
m001,251600,PLUS 고배당주채권혼합,EF,603313000000,39100000,N,0
m001,252000,TIGER 200동일가중,EF,11538000000,600000,N,0
m001,252400,RISE 200선물레버리지,EF,83802000000,600000,N,0
m001,252410,RISE 200선물인버스,EF,2614000000,2000000,N,0
m001,252420,RISE 200선물인버스2X,EF,4491000000,49900000,N,0
m001,252650,KODEX 200동일가중,EF,11055000000,600000,N,0
m001,252670,KODEX 200선물인버스2X,EF,975515200000,11343200000,N,0
m001,252710,TIGER 200선물인버스2X,EF,32595600000,354300000,N,0
m001,253150,PLUS 200선물레버리지,EF,69986250000,250000,N,0
m001,253160,PLUS 200선물인버스2X,EF,1820000000,10400000,N,0
m001,253230,KIWOOM 200선물인버스2X,EF,2973600000,35400000,N,0
m001,253240,KIWOOM 200선물인버스,EF,1583560000,1220000,N,0
m001,253250,KIWOOM 200선물레버리지,EF,55944500000,410000,N,0
m001,253280,RISE 헬스케어,EF,7674000000,600000,N,0
m001,253290,RISE 헬스케어채권혼합,EF,20862000000,1800000,N,0
m001,256440,ACE MSCI인도네시아(합성),EF,32909500000,6100000,N,0
m001,256450,PLUS 심천차이넥스트(합성),EF,9250000000,500000,N,0
m001,256750,KODEX 차이나심천ChiNext(합성),EF,58044525000,3059000,N,0
m001,259960,크래프톤,ST,10980804254000,46137833,N,0
m001,261060,TIGER 코스닥150IT,EF,33303600000,1320000,N,0
m001,261070,TIGER 코스닥150바이오테크,EF,56317500000,4500000,N,0
m001,261110,TIGER 미국달러선물레버리지,EF,9407500000,500000,N,0
m001,261120,TIGER 미국달러선물인버스2X,EF,38250000000,8500000,N,0
m001,261140,TIGER 우선주,EF,35336000000,1400000,N,0
m001,261220,KODEX WTI원유선물(H),EF,50272750000,2525000,N,0
m001,261240,KODEX 미국달러선물,EF,62438200000,4040000,N,0
m001,261250,KODEX 미국달러선물레버리지,EF,26971200000,1440000,N,0
m001,261260,KODEX 미국달러선물인버스2X,EF,240514050000,53270000,N,0
m001,261270,KODEX 미국달러선물인버스,EF,123040800000,16560000,N,0
m001,261920,ACE MSCI필리핀(합성),EF,5592000000,400000,N,0
m001,264900,크라운제과,ST,104574147500,12523850,N,0
m001,26490K,크라운제과우,ST,5824906800,773560,N,0
m001,265690,ACE 러시아MSCI(합성),EF,15789750000,1850000,N,0
m001,266160,RISE 고배당,EF,232029000000,6350000,N,0
m001,266360,KODEX K콘텐츠,EF,33462000000,3300000,N,0
m001,266370,KODEX IT,EF,128520000000,1700000,N,0
m001,266390,KODEX 경기소비재,EF,14422500000,900000,N,0
m001,266410,KODEX 필수소비재,EF,12740000000,1400000,N,0
m001,266420,KODEX 헬스케어,EF,67732000000,4100000,N,0
m001,266550,PLUS 중형주저변동50,EF,4573750000,250000,N,0
m001,267250,HD현대,ST,15759120457500,78993085,N,0
m001,267260,HD현대일렉트릭,ST,30676111885000,36047135,N,0
m001,267270,HD건설기계,ST,6244223179100,47921897,N,0
m001,267290,경동도시가스,ST,114311922340,5895406,N,0
m001,267440,RISE 미국장기국채선물(H),EF,4848000000,600000,N,0
m001,267450,RISE 미국장기국채선물인버스(H),EF,5437500000,500000,N,0
m001,267490,RISE 미국장기국채선물레버리지(합성 H),EF,3598000000,700000,N,0
m001,267770,TIGER 200선물레버리지,EF,267639500000,2300000,N,0
m001,267850,아시아나IDT,ST,106005000000,11100000,N,0
m001,268280,미원에스씨,ST,506000000000,5000000,N,0
m001,269370,TIGER S&P글로벌인프라(합성),EF,13499500000,700000,N,0
m001,269420,KODEX S&P글로벌인프라(합성),EF,29258620000,1186000,N,0
m001,269530,PLUS S&P글로벌인프라,EF,13419000000,600000,N,0
m001,269540,PLUS 미국S&P500(H),EF,86797000000,2900000,N,0
m001,270800,RISE KQ고배당,EF,8679000000,550000,N,0
m001,270810,RISE 코스닥150,EF,327241000000,22900000,N,0
m001,271050,KODEX WTI원유선물인버스(H),EF,178053750000,72675000,N,0
m001,271060,KODEX 3대농산물선물(H),EF,31758000000,4020000,N,0
m001,271560,오리온,ST,5419396834800,39528788,N,0
m001,271940,일진하이솔루스,ST,374025857000,36313190,N,0
m001,271980,제일약품,ST,150430840560,14704872,N,0
m001,272210,한화시스템,ST,13545520191300,188919389,N,0
m001,272450,진에어,ST,282924000000,52200000,N,0
m001,272550,삼양패키징,ST,130643080020,15068406,N,0
m001,272560,RISE 단기국공채액티브,EF,156410280000,1368000,N,0
m001,272570,RISE 중장기국공채액티브,EF,7326660000,68000,N,0
m001,272580,TIGER 단기채권액티브,EF,744862100000,13108000,N,0
m001,272910,ACE 중장기국공채액티브,EF,74747575000,707000,N,0
m001,273130,KODEX 종합채권(AA-이상)액티브,EF,3923301660000,35668000,N,0
m001,273140,KODEX 단기변동금리부채권액티브,EF,275031780000,2397000,N,0
m001,275280,KODEX 모멘텀주,EF,38096000000,800000,N,0
m001,275290,KODEX 가치주,EF,34110000000,900000,N,0
m001,275300,KODEX 우량주,EF,56593000000,1700000,N,0
m001,275750,RISE 코스닥150선물인버스,EF,2326500000,900000,N,0
m001,275980,TIGER 글로벌4차산업혁신기술(합성 H),EF,61533000000,2580000,N,0
m001,276000,TIGER 글로벌자원생산기업(합성 H),EF,16065000000,850000,N,0
m001,276650,RISE 글로벌테크놀로지(합성 H),EF,34560000000,750000,N,0
m001,276970,KODEX 미국S&P500배당귀족커버드콜(합성 H),EF,35955000000,4700000,N,0
m001,276990,KODEX 글로벌로봇(합성),EF,50046750000,1770000,N,0
m001,277540,ACE 아시아TOP50,EF,27936000000,800000,N,0
m001,277630,TIGER 코스피,EF,477569000000,6100000,N,0
m001,277640,TIGER 코스피대형주,EF,78432000000,1900000,N,0
m001,277650,TIGER 코스피중형주,EF,4174000000,200000,N,0
m001,278240,RISE 코스닥150선물레버리지,EF,60634700000,6790000,N,0
m001,278470,에이피알,ST,14039308125000,37438155,N,0
m001,278530,KODEX 200TR,EF,8231256000000,188100000,N,0
m001,278540,KODEX MSCI Korea TR,EF,2670937500000,62500000,N,0
m001,278620,PLUS 단기채권액티브,EF,63661540000,538000,N,0
m001,279530,KODEX 고배당주,EF,321165000000,18300000,N,0
m001,279540,KODEX 최소변동성,EF,13413000000,600000,N,0
m001,279570,케이뱅크,ST,2239437233520,405695151,N,0
m001,280320,ACE 미국IT인터넷(합성 H),EF,16556000000,800000,N,0
m001,280360,롯데웰푸드,ST,980287131000,9204574,N,0
m001,280920,PLUS 주도업종,EF,13700500000,550000,N,0
m001,280930,KODEX 미국러셀2000(H),EF,25395000000,1500000,N,0
m001,280940,KODEX 골드선물인버스(H),EF,3081250000,850000,N,0
m001,281820,케이씨텍,ST,1928389581400,19798661,N,0
m001,281990,RISE 중소형고배당,EF,9636000000,550000,N,0
m001,282000,RISE 국고채3년선물인버스,EF,61522990000,538000,N,0
m001,282330,BGF리테일,ST,2136290781600,17283906,N,0
m001,283580,KODEX 차이나CSI300,EF,294453500000,17050000,N,0
m001,284430,KODEX 200미국채혼합50,EF,2261760000000,99200000,N,0
m001,284740,쿠쿠홈시스,ST,480158862000,22437330,N,0
m001,284980,RISE 200금융,EF,21096000000,900000,N,0
m001,285130,SK케미칼,ST,704059776200,17298766,N,0
m001,28513K,SK케미칼우,ST,43895151750,2115429,N,0
m001,285690,FOCUS ESG리더스,EF,7637000000,350000,N,0
m001,286940,롯데이노베이트,ST,260527699740,15129367,N,0
m001,287180,PLUS 미국나스닥테크,EF,51875500000,850000,N,0
m001,289040,KODEX MSCI KOREA ESG유니버설,EF,22227000000,600000,N,0
m001,289250,TIGER MSCI KOREA ESG유니버설,EF,26540850000,690000,N,0
m001,289260,TIGER MSCI KOREA ESG리더스,EF,18909000000,600000,N,0
m001,289480,TIGER 200커버드콜,EF,28876500000,2300000,N,0
m001,289670,PLUS 국채선물10년,EF,5846960000,112000,N,0
m001,290080,RISE 200고배당커버드콜ATM,EF,11838750000,1750000,N,0
m001,290130,RISE ESG사회책임투자,EF,724132500000,13650000,N,0
m001,291130,ACE MSCI멕시코(합성),EF,17383500000,900000,N,0
m001,291620,KIWOOM 코스닥150선물인버스,EF,2599200000,570000,N,0
m001,291630,KIWOOM 코스닥150선물레버리지,EF,4558400000,1120000,N,0
m001,291680,RISE 차이나H선물인버스(H),EF,4025000000,500000,N,0
m001,291890,KODEX MSCI EM선물(H),EF,6172500000,500000,N,0
m001,292050,RISE KRX300,EF,19106500000,350000,N,0
m001,292150,TIGER 코리아TOP10,EF,2227096500000,51950000,N,0
m001,292160,TIGER KRX300,EF,26655000000,500000,N,0
m001,292190,KODEX KRX300,EF,84640000000,1600000,N,0
m001,292500,SOL KRX300,EF,27155000000,500000,N,0
m001,292560,TIGER 일본엔선물,EF,36204000000,4200000,N,0
m001,292770,KODEX 국채선물3년인버스,EF,36294300000,630000,N,0
m001,293180,HANARO 200,EF,538005000000,4450000,N,0
m001,293480,하나제약,ST,153025065060,17772946,N,0
m001,293940,신한알파리츠,RT,634935645750,120940123,N,0
m001,294400,KIWOOM 200TR,EF,2024064000000,12800000,N,0
m001,294870,IPARK현대산업개발,ST,1173150474000,65907330,N,0
m001,295000,RISE 국채선물10년,EF,5154000000,100000,N,0
m001,295020,RISE 국채선물10년인버스,EF,137920720000,2296000,N,0
m001,295040,SOL 200TR,EF,950460000000,21000000,N,0
m001,298000,효성화학,ST,241917541800,3791811,N,0
m001,298020,효성티앤씨,ST,1224734006000,4327682,N,0
m001,298040,효성중공업,ST,27264978352000,9324548,N,0
m001,298050,HS효성첨단소재,ST,668408241600,4479948,N,0
m001,298340,PLUS 국채선물3년,EF,60369680000,1072000,N,0
m001,298690,에어부산,ST,264736667000,162914872,N,0
m001,298770,KODEX 한국대만IT프리미어,EF,97905500000,1100000,N,0
m001,300610,TIGER K게임,EF,13265750000,2350000,N,0
m001,300640,RISE 게임테마,EF,23218500000,3450000,N,0
m001,300720,한일시멘트,ST,1087733641110,73545209,N,0
m001,300950,KODEX 게임산업,EF,26437500000,4500000,N,0
m001,301400,PLUS 코스닥150,EF,10181500000,700000,N,0
m001,302190,TIGER 중장기국채,EF,257411200000,5140000,N,0
m001,302440,SK바이오사이언스,ST,2875432667450,78456553,N,0
m001,302450,RISE 코스피,EF,229421500000,2950000,N,0
m001,304660,KODEX 미국30년국채울트라선물(H),EF,147213000000,19800000,N,0
m001,304670,KODEX 미국30년국채울트라선물인버스(H),EF,7215000000,600000,N,0
m001,304760,HANARO KRX300,EF,20912000000,400000,N,0
m001,304770,HANARO 코스닥150,EF,21002100000,1460000,N,0
m001,304780,HANARO 200선물레버리지,EF,76407750000,450000,N,0
m001,304940,KODEX 미국나스닥100선물(H),EF,115552500000,3550000,N,0
m001,305050,ACE 코스피,EF,46680000000,600000,N,0
m001,305080,TIGER 미국채10년선물,EF,241381500000,17900000,N,0
m001,305540,TIGER 2차전지테마,EF,847416000000,49600000,N,0
m001,305720,KODEX 2차전지산업,EF,1539856500000,113100000,N,0
m001,306200,세아제강,ST,347446750000,2836300,N,0
m001,306520,HANARO 200선물인버스,EF,1401000000,600000,N,0
m001,306530,HANARO 코스닥150선물레버리지,EF,3226000000,400000,N,0
m001,306950,KODEX KRX300레버리지,EF,84148000000,800000,N,0
m001,307510,TIGER 의료기기,EF,5454000000,400000,N,0
m001,307520,TIGER 지주회사,EF,304290000000,14000000,N,0
m001,307950,현대오토에버,ST,12395639864000,27423982,N,0
m001,308170,씨티알모빌리티,ST,31641750000,8610000,N,0
m001,308620,KODEX 미국10년국채선물,EF,103566000000,8200000,N,0
m001,309230,ACE 미국WideMoat동일가중,EF,119784000000,3720000,N,0
m001,310080,RISE 중국MSCI China(H),EF,10574250000,1150000,N,0
m001,310960,TIGER 200TR,EF,366132000000,5200000,N,0
m001,310970,TIGER MSCI Korea TR,EF,4904108000000,90800000,N,0
m001,314250,KODEX 미국빅테크10(H),EF,633373000000,10790000,N,0
m001,314700,HANARO 농업융복합산업,EF,5838250000,550000,N,0
m001,315270,TIGER 200커뮤니케이션서비스,EF,4770000000,240000,N,0
m001,315930,KODEX Top5PlusTR,EF,1557937500000,17500000,N,0
m001,315960,RISE 대형고배당10TR,EF,601087500000,6850000,N,0
m001,316140,우리금융지주,ST,22898420498900,728089682,N,0
m001,316300,ACE 싱가포르리츠,EF,7055000000,500000,N,0
m001,316670,KIWOOM 코스닥150,EF,41615000000,5800000,N,0
m001,317400,자이에스앤디,ST,194300425200,38782520,N,0
m001,317450,명인제약,ST,631450000000,14600000,N,0
m001,319640,TIGER 골드선물(H),EF,108691250000,4450000,N,0
m001,321410,KODEX 멀티에셋하이인컴(H),EF,5312500000,500000,N,0
m001,322000,HD현대에너지솔루션,ST,1276800000000,11200000,N,0
m001,322400,HANARO e커머스,EF,35931750000,3450000,N,0
m001,322410,HANARO K고배당,EF,42022750000,1850000,N,0
m001,323410,카카오뱅크,ST,10926058007300,477120437,N,0
m001,325010,KODEX 성장주,EF,151856000000,3200000,N,0
m001,325020,KODEX 배당가치,EF,126945000000,4200000,N,0
m001,326030,SK바이오팜,ST,6453011800000,78313250,N,0
m001,326230,RISE 내수주플러스,EF,7171200000,640000,N,0
m001,326240,RISE IT플러스,EF,124581600000,2640000,N,0
m001,328370,PLUS 코스피TR,EF,132552000000,3150000,N,0
m001,329180,HD현대중공업,ST,52900457400000,104961225,N,0
m001,329200,TIGER 리츠부동산인프라,EF,1472582250000,364050000,N,0
m001,329650,KODEX TRF3070,EF,237187500000,16500000,N,0
m001,329660,KODEX TRF5050,EF,86856000000,4700000,N,0
m001,329670,KODEX TRF7030,EF,92460000000,4000000,N,0
m001,329750,TIGER 미국달러단기채권액티브,EF,627472200000,44360000,N,0
m001,330590,롯데리츠,RT,1014280782840,288968884,N,0
m001,332500,ACE 200TR,EF,178145000000,2200000,N,0
m001,332610,PLUS 미국단기회사채(AAA~A),EF,13128480000,96000,N,0
m001,332620,PLUS 미국장기우량회사채,EF,18474665000,187000,N,0
m001,332930,HANARO 200TR,EF,229716250000,1450000,N,0
m001,332940,HANARO MSCI Korea TR,EF,129192000000,2400000,N,0
m001,334690,RISE 팔라듐선물(H),EF,3737500000,650000,N,0
m001,334700,RISE 팔라듐선물인버스(H),EF,2112000000,600000,N,0
m001,334890,이지스밸류플러스리츠,RT,238556226105,69448683,N,0
m001,336160,RISE 금융채액티브,EF,49024695000,489000,N,0
m001,336260,두산퓨얼셀,ST,3081479808300,65493726,N,0
m001,33626K,두산퓨얼셀1우,ST,87000942000,13364200,N,0
m001,33626L,두산퓨얼셀2우B,ST,23263277000,2986300,N,0
m001,336370,솔루스첨단소재,ST,554717017600,70217344,N,0
m001,33637K,솔루스첨단소재1우,ST,28322183050,16908766,N,0
m001,33637L,솔루스첨단소재2우B,ST,8557840440,3778296,N,0
m001,337120,KODEX 멀티팩터,EF,23133000000,600000,N,0
m001,337140,KODEX 코스피대형주,EF,88253000000,2200000,N,0
m001,337150,KODEX 200exTOP,EF,18476500000,700000,N,0
m001,337160,KODEX 200ESG,EF,206895000000,3900000,N,0
m001,338100,NH프라임리츠,RT,71654400000,18660000,N,0
m001,339770,교촌에프앤비,ST,186869399200,49965080,N,0
m001,341850,TIGER 리츠부동산인프라채권,EF,9110000000,2000000,N,0
m001,344820,KCC글라스,ST,352149789600,15970512,N,0
m001,348950,제이알글로벌리츠,RT,233298432000,197376000,N,0
m001,350520,이지스레지던스리츠,RT,123133114680,36866202,N,0
m001,352540,KODEX 일본부동산리츠(H),EF,39270000000,3400000,N,0
m001,352560,KODEX 미국부동산리츠(H),EF,37728500000,3050000,N,0
m001,352820,하이브,ST,9504045904500,43102249,N,0
m001,353200,대덕전자,ST,5974506232500,49416925,N,0
m001,35320K,대덕전자1우,ST,49978128150,2095519,N,0
m001,354240,RISE 미국고정배당우선증권,EF,12853500000,1100000,N,0
m001,354350,HANARO 글로벌럭셔리S&P(합성),EF,10979800000,520000,N,0
m001,354500,ACE 코스닥150,EF,139584000000,9600000,N,0
m001,356540,ACE 종합채권(AA-이상)액티브,EF,1080284400000,10660000,N,0
m001,357120,코람코라이프인프라리츠,RT,391774799850,97335354,N,0
m001,357250,미래에셋맵스리츠,RT,47340728870,24995105,N,0
m001,357430,마스턴프리미어리츠,RT,23580602311,30505307,N,0
m001,357870,TIGER CD금리투자KIS(합성),EF,3541269870000,61326000,N,0
m001,359210,KODEX 코스피TR,EF,81690000000,2100000,N,0
m001,360140,KODEX 200롱코스닥150숏선물,EF,54714000000,2200000,N,0
m001,360150,KODEX 코스닥150롱코스피200숏선물,EF,13982500000,4700000,N,0
m001,360200,ACE 미국S&P500,EF,4237880500000,149300000,N,0
m001,360750,TIGER 미국S&P500,EF,20090604750000,715350000,N,0
m001,361580,RISE 200TR,EF,538745500000,7850000,N,0
m001,361610,SK아이이테크놀로지,ST,1218627790000,81787100,N,0
m001,363280,티와이홀딩스,ST,77345466100,45497333,N,0
m001,36328K,티와이홀딩스우,ST,2919748265,1174949,N,0
m001,363510,SOL KIS단기통안채,EF,12408690000,111000,N,0
m001,363570,KODEX 장기종합채권(AA-이상)액티브,EF,278305950000,3198000,N,0
m001,363580,KODEX 200IT TR,EF,284625000000,4500000,N,0
m001,364690,KODEX 혁신기술테마액티브,EF,25935000000,600000,N,0
m001,364960,TIGER BBIG,EF,77428500000,12300000,N,0
m001,364970,TIGER 바이오TOP10,EF,269742000000,40200000,N,0
m001,364980,TIGER 2차전지TOP10,EF,586737500000,64300000,N,0
m001,364990,TIGER 게임TOP10,EF,23547000000,4700000,N,0
m001,365000,TIGER 인터넷TOP10,EF,37838250000,10050000,N,0
m001,365040,TIGER AI코리아그로스액티브,EF,78650000000,2000000,N,0
m001,365550,ESR켄달스퀘어리츠,RT,812093700000,246089000,N,0
m001,365780,ACE 국고채10년,EF,546018720000,6604000,N,0
m001,367380,ACE 미국나스닥100,EF,3749472000000,110800000,N,0
m001,367740,HANARO Fn5G산업,EF,24018500000,550000,N,0
m001,367760,RISE 네트워크인프라,EF,817748750000,12250000,N,0
m001,367770,RISE 수소경제테마,EF,118938750000,5250000,N,0
m001,368190,HANARO Fn K-뉴딜디지털플러스,EF,23600000000,3200000,N,0
m001,368590,RISE 미국나스닥100,EF,1619332000000,49400000,N,0
m001,368680,KODEX K-뉴딜디지털플러스,EF,6655500000,900000,N,0
m001,371150,RISE 차이나항셍테크,EF,10055500000,1300000,N,0
m001,371160,TIGER 차이나항셍테크,EF,690769500000,87550000,N,0
m001,371450,TIGER 글로벌클라우드컴퓨팅INDXX,EF,20350200000,1560000,N,0
m001,371460,TIGER 차이나전기차SOLACTIVE,EF,868985000000,75400000,N,0
m001,371470,TIGER 차이나바이오테크SOLACTIVE,EF,49563800000,5720000,N,0
m001,371870,ACE 차이나항셍테크,EF,13090000000,1700000,N,0
m001,372330,KODEX 차이나항셍테크,EF,136851000000,17400000,N,0
m001,372910,한컴라이프케어,ST,47074164606,27674406,N,0
m001,373220,LG에너지솔루션,ST,76284000000000,234000000,N,0
m001,373490,KODEX 코리아혁신성장액티브,EF,13295000000,500000,N,0
m001,373790,KIWOOM 미국방어배당성장나스닥,EF,4706800000,280000,N,0
m001,375270,RISE 글로벌데이터센터리츠(합성),EF,9834500000,650000,N,0
m001,375500,DL이앤씨,ST,2449306335900,38693623,N,0
m001,37550K,DL이앤씨우,ST,48196578000,2113885,N,0
m001,37550L,DL이앤씨2우(전환),ST,88701942000,2111951,N,0
m001,375760,HANARO 탄소효율그린뉴딜,EF,23926500000,900000,N,0
m001,375770,KODEX 탄소효율그린뉴딜,EF,48420000000,1800000,N,0
m001,376410,TIGER 탄소효율그린뉴딜,EF,23904000000,900000,N,0
m001,377190,디앤디플랫폼리츠,RT,177242000000,88400000,N,0
m001,377300,카카오페이,ST,5255244356250,135270125,N,0
m001,377740,바이오노트,ST,480392716320,101886048,N,0
m001,377990,TIGER Fn신재생에너지,EF,118898500000,4900000,N,0
m001,378850,화승알앤에이,ST,55366411045,18993623,N,0
m001,379780,RISE 미국S&P500,EF,1572900000000,64200000,N,0
m001,379790,RISE 유로스탁스50(H),EF,14598750000,850000,N,0
m001,379800,KODEX 미국S&P500,EF,10069760000000,393350000,N,0
m001,379810,KODEX 미국나스닥100,EF,9018096250000,305750000,N,0
m001,380340,ACE 코리아AI테크핵심산업,EF,35190000000,1200000,N,0
m001,381170,TIGER 미국테크TOP10 INDXX,EF,3936268000000,120800000,N,0
m001,381180,TIGER 미국필라델피아반도체나스닥,EF,6760828000000,133600000,N,0
m001,381560,HANARO Fn전기&수소차,EF,24913000000,1400000,N,0
m001,381570,HANARO Fn친환경에너지,EF,8151500000,850000,N,0
m001,381970,케이카,ST,383731865280,48820848,N,0
m001,383220,F&F,ST,2972629020000,38307075,N,0
m001,383800,LX홀딩스,ST,585835699200,76280690,N,0
m001,38380K,LX홀딩스1우,ST,10696580500,1465285,N,0
m001,385510,KODEX 신재생에너지액티브,EF,295397000000,8300000,N,0
m001,385520,KODEX 자율주행액티브,EF,35007000000,2100000,N,0
m001,385540,RISE 종합채권(A-이상)액티브,EF,2165778860000,21028000,N,0
m001,385550,RISE 단기채권알파액티브,EF,332404755000,2927000,N,0
m001,385560,RISE KIS국고채30년Enhanced,EF,861388950000,16190000,N,0
m001,385590,ACE ESG액티브,EF,60559000000,2300000,N,0
m001,385600,ACE 2차전지&친환경차액티브,EF,17715000000,1500000,N,0
m001,385710,TIME K이노베이션액티브,EF,11235000000,1000000,N,0
m001,385720,TIME 코스피액티브,EF,404771000000,14200000,N,0
m001,387270,TIGER 글로벌이노베이션액티브,EF,34134100000,1210000,N,0
m001,387280,TIGER 퓨처모빌리티액티브,EF,16492000000,1400000,N,0
m001,388280,RISE K엔터&여행레저,EF,27880000000,3400000,N,0
m001,388420,RISE 비메모리반도체액티브,EF,297394500000,9060000,N,0
m001,390390,KODEX 미국반도체,EF,1505749500000,24300000,N,0
m001,390400,KODEX 미국스마트모빌리티S&P,EF,8185000000,1000000,N,0
m001,391600,ACE 미국친환경그린테마,EF,5490000000,450000,N,0
m001,391670,HK 베스트일레븐액티브,EF,20952750000,650000,N,0
m001,394660,TIGER 글로벌자율주행&전기차SOLACTIVE,EF,123782400000,6720000,N,0
m001,394670,TIGER 글로벌리튬&2차전지SOLACTIVE(합성),EF,220573200000,18520000,N,0
m001,395150,KODEX 웹툰&드라마,EF,9526400000,5200000,N,0
m001,395160,KODEX AI반도체TOP2플러스,EF,4605891000000,97800000,N,0
m001,395170,KODEX Top10동일가중,EF,34890000000,2000000,N,0
m001,395270,HANARO Fn K-반도체,EF,4412250000000,66250000,N,0
m001,395280,HANARO Fn K-게임,EF,8952000000,2400000,N,0
m001,395290,HANARO Fn K-POP&미디어,EF,35281250000,6250000,N,0
m001,395400,SK리츠,RT,1718810610200,301017620,N,0
m001,395750,PLUS ESG가치주액티브,EF,9018000000,400000,N,0
m001,395760,PLUS ESG성장주액티브,EF,13857000000,600000,N,0
m001,396500,TIGER 반도체TOP10,EF,10629255000000,253500000,N,0
m001,396510,TIGER 차이나클린에너지SOLACTIVE,EF,16820000000,2000000,N,0
m001,396520,TIGER 차이나반도체FACTSET,EF,758721600000,37440000,N,0
m001,396690,미래에셋글로벌리츠,RT,64161622800,39605940,N,0
m001,397420,RISE 국채선물5년추종,EF,3030300000,60000,N,0
m001,399110,SOL 미국S&P500ESG,EF,121302500000,5500000,N,0
m001,399580,RISE 글로벌클린에너지,EF,11025000000,1000000,N,0
m001,400570,KODEX 유럽탄소배출권선물ICE(H),EF,13038000000,1200000,N,0
m001,400580,SOL 유럽탄소배출권선물S&P(H),EF,5565000000,500000,N,0
m001,400590,SOL 글로벌탄소배출권선물ICE(합성),EF,7427500000,500000,N,0
m001,400760,NH올원리츠,RT,163139946750,54929275,N,0
m001,400970,TIGER Fn메타버스,EF,42640000000,5200000,N,0
m001,401170,RISE 메타버스,EF,48360600000,4020000,N,0
m001,401470,KODEX 메타버스액티브,EF,61244000000,6100000,N,0
m001,401590,HANARO 글로벌탄소배출권선물ICE(합성),EF,6035850000,510000,N,0
m001,402340,SK스퀘어,ST,185929365874000,131958386,N,0
m001,402460,HANARO Fn K-메타버스MZ,EF,8417750000,550000,N,0
m001,402970,ACE 미국배당다우존스,EF,934447500000,59500000,N,0
m001,403550,쏘카,ST,391540201440,37939942,N,0
m001,403790,MIDAS 코스피액티브,EF,184713750000,2925000,N,0
m001,404120,TIME K신재생에너지액티브,EF,17780000000,700000,N,0
m001,404260,KODEX 기후변화솔루션,EF,21699000000,900000,N,0
m001,404540,TIGER KRX기후변화솔루션,EF,9752000000,400000,N,0
m001,404650,SOL KRX기후변화솔루션,EF,14598000000,600000,N,0
m001,404990,신한서부티엔디리츠,RT,222025943475,61417965,N,0
m001,407300,HANARO Fn골프테마,EF,6160000000,550000,N,0
m001,407310,HANARO 200 TOP10,EF,21402000000,1200000,N,0
m001,407820,에셋플러스 코리아플랫폼액티브,EF,12249000000,1800000,N,0
m001,407830,에셋플러스 글로벌플랫폼액티브,EF,46186000000,2800000,N,0
m001,409810,KODEX 미국나스닥100선물인버스(H),EF,12111000000,2200000,N,0
m001,409820,KODEX 미국나스닥100레버리지(합성 H),EF,266519500000,13100000,N,0
m001,410870,TIME K컬처액티브,EF,11148500000,1100000,N,0
m001,411060,ACE KRX금현물,EF,4104399000000,148200000,N,0
m001,411420,KODEX 미국나스닥AI테크액티브,EF,144300000000,5000000,N,0
m001,411540,SOL 200 Top10,EF,27345000000,1500000,N,0
m001,411860,KIWOOM 독일DAX,EF,5416500000,300000,N,0
m001,412560,TIGER BBIG레버리지,EF,1110850000,650000,N,0
m001,412570,TIGER 2차전지TOP10레버리지,EF,143443350000,132450000,N,0
m001,412770,TIGER 글로벌AI플랫폼액티브,EF,84816000000,5760000,N,0
m001,413220,SOL 차이나태양광CSI(합성),EF,6438000000,1200000,N,0
m001,413930,WON AI ESG액티브,EF,16923500000,550000,N,0
m001,414270,ACE 글로벌자율주행액티브,EF,29194000000,2200000,N,0
m001,414780,TIGER 차이나과창판STAR50(합성),EF,304447500000,15750000,N,0
m001,415340,KODEX 차이나과창판STAR50(합성),EF,40789350000,2070000,N,0
m001,415640,KB발해인프라,IF,1340648295120,122545548,N,0
m001,415760,SOL 차이나육성산업액티브(합성),EF,22307700000,1220000,N,0
m001,415920,PLUS 글로벌희토류&전략자원생산기업,EF,39264000000,4800000,N,0
m001,416090,ACE 중국과창판STAR50,EF,26790000000,1500000,N,0
m001,417310,코람코더원리츠,RT,406020000000,40400000,N,0
m001,417450,RISE 글로벌수소경제,EF,15470000000,850000,N,0
m001,417630,TIGER KEDI혁신기업ESG30,EF,20217750000,1050000,N,0
m001,418660,TIGER 미국나스닥100레버리지(합성),EF,583200000000,12150000,N,0
m001,418670,TIGER 글로벌AI사이버보안,EF,45262000000,2440000,N,0
m001,419420,KODEX 미국클린에너지나스닥,EF,15645000000,1400000,N,0
m001,419430,KODEX 차이나2차전지MSCI(합성),EF,28420000000,2800000,N,0
m001,419650,PLUS 글로벌수소&차세대연료전지,EF,20418250000,3350000,N,0
m001,419890,KIWOOM 단기채권ESG액티브,EF,65233400000,610000,N,0
m001,421320,PLUS 우주항공,EF,188926500000,6650000,N,0
m001,422420,RISE 2차전지액티브,EF,201459600000,31380000,N,0
m001,423160,KODEX KOFR금리액티브(합성),EF,3751701800000,33880000,N,0
m001,423170,SOL 글로벌AI반도체탑픽액티브,EF,306490800000,4620000,N,0
m001,423920,TIGER 미국필라델피아반도체레버리지(합성),EF,895616250000,7230000,N,0
m001,424460,HANARO 글로벌워터MSCI(합성),EF,3208000000,200000,N,0
m001,426020,TIME 미국S&P500액티브,EF,412074000000,11700000,N,0
m001,426030,TIME 미국나스닥100액티브,EF,2893196000000,53380000,N,0
m001,426150,WON 대한민국국고채액티브,EF,34112860000,662000,N,0
m001,427120,RISE AI플랫폼,EF,3171200000,640000,N,0
m001,428510,KODEX 차이나AI테크액티브,EF,72450000000,2300000,N,0
m001,428560,KODEX 미국ETF산업Top10 Indxx,EF,13016000000,800000,N,0
m001,429000,TIGER 미국S&P500배당귀족,EF,181251000000,12600000,N,0
m001,429010,TIGER 미국나스닥넥스트100,EF,10790000000,500000,N,0
m001,429740,PLUS K리츠,EF,6644000000,1100000,N,0
m001,429760,PLUS 미국S&P500,EF,43890000000,2100000,N,0
m001,429980,SOL 한국형글로벌전기차&2차전지액티브,EF,9617500000,500000,N,0
m001,430500,KIWOOM 물가채KIS,EF,11293500000,100000,N,0
m001,432320,KB스타리츠,RT,212276113280,150764285,N,0
m001,432600,RISE 국채선물3년,EF,5515500000,100000,N,0
m001,432840,HANARO 미국S&P500,EF,16844000000,800000,N,0
m001,433220,에셋플러스 글로벌대장장이액티브,EF,25023100000,740000,N,0
m001,433250,UNICORN R&D 액티브,EF,10054000000,400000,N,0
m001,433330,SOL 미국S&P500,EF,295092000000,12600000,N,0
m001,433500,ACE 원자력TOP10,EF,224847000000,4200000,N,0
m001,433880,PLUS TDF2060액티브 적격,EF,66612000000,3360000,N,0
m001,433970,KODEX TDF2030액티브 적격,EF,92265500000,6350000,N,0
m001,433980,KODEX TDF2040액티브 적격,EF,181629000000,10850000,N,0
m001,434060,KODEX TDF2050액티브 적격,EF,637213750000,35450000,N,0
m001,434730,HANARO 원자력iSelect,EF,713658000000,12100000,N,0
m001,434960,DAISHIN343 K200,EF,85722000000,700000,N,0
m001,435040,ACE 글로벌브랜드TOP10,EF,14353500000,700000,N,0
m001,435420,TIGER 미국나스닥100채권혼합50,EF,464563500000,31700000,N,0
m001,435530,KIWOOM TDF2030액티브 적격,EF,8352500000,500000,N,0
m001,435540,KIWOOM TDF2040액티브 적격,EF,9400000000,500000,N,0
m001,435550,KIWOOM TDF2050액티브 적격,EF,12515750000,650000,N,0
m001,436140,SOL 종합채권(AA-이상)액티브,EF,1429880340000,13452000,N,0
m001,437070,KODEX 아시아달러채권ESG플러스액티브,EF,41136880000,632000,N,0
m001,437080,KODEX 미국종합채권ESG액티브(H),EF,238729125000,2425000,N,0
m001,437350,RISE 미국단기투자등급회사채액티브,EF,29150000000,2200000,N,0
m001,437370,RISE 글로벌농업경제,EF,7714000000,700000,N,0
m001,438080,ACE 미국S&P500미국채혼합50액티브,EF,1231465000000,81500000,N,0
m001,438100,ACE 미국나스닥100미국채혼합50액티브,EF,941925000000,57000000,N,0
m001,438320,TIGER 차이나항셍테크레버리지(합성 H),EF,25727700000,4490000,N,0
m001,438330,TIGER 우량회사채액티브,EF,546781310000,4754000,N,0
m001,438560,SOL 국고채3년,EF,80172090000,801000,N,0
m001,438570,SOL 국고채10년,EF,106199170000,1078000,N,0
m001,438740,MIDAS 중소형액티브,EF,8013375000,225000,N,0
m001,438900,HANARO Fn K-푸드,EF,14007500000,1300000,N,0
m001,439260,대한조선,ST,1837781222500,38088730,N,0
m001,439860,KODEX ESG종합채권(A-이상)액티브,EF,364036710000,3219000,N,0
m001,439870,KODEX 국고채30년액티브,EF,452819305000,5087000,N,0
m001,440340,TIGER 글로벌멀티에셋TIF액티브,EF,27300000000,2100000,N,0
m001,440640,ACE 단기채권알파액티브,EF,68626620000,612000,N,0
m001,440650,ACE 미국달러단기채권액티브,EF,45144000000,3600000,N,0
m001,440910,WON 미국우주항공방산,EF,67152000000,2400000,N,0
m001,441540,HANARO Fn조선해운,EF,74186000000,2800000,N,0
m001,441640,KODEX 미국배당커버드콜액티브,EF,1656805500000,123550000,N,0
m001,441680,TIGER 미국나스닥100커버드콜(합성),EF,321096000000,27200000,N,0
m001,441800,TIME Korea플러스배당액티브,EF,879171000000,27240000,N,0
m001,442090,에셋플러스 코리아대장장이액티브,EF,46837500000,1500000,N,0
m001,442260,마이티 다이나믹퀀트액티브,EF,54553600000,1280000,N,0
m001,442320,RISE 글로벌원자력,EF,249716000000,6520000,N,0
m001,442550,RISE TDF2030액티브 적격,EF,22192250000,1450000,N,0
m001,442560,RISE TDF2040액티브 적격,EF,47795000000,2750000,N,0
m001,442570,RISE TDF2050액티브 적격,EF,314931000000,16950000,N,0
m001,442580,PLUS 글로벌HBM반도체,EF,2059930450000,17330000,N,0
m001,443060,HD현대마린솔루션,ST,8841158312000,44833460,N,0
m001,444200,SOL 코리아메가테크액티브,EF,593274500000,11900000,N,0
m001,444490,WON 미국S&P500,EF,87156000000,4050000,N,0
m001,445150,KODEX 친환경조선해운액티브,EF,53770000000,1900000,N,0
m001,445290,KODEX 로봇액티브,EF,1100722500000,35450000,N,0
m001,445690,BNK 주주가치액티브,EF,21037250000,650000,N,0
m001,445910,TIGER MKF배당귀족,EF,20435000000,1000000,N,0
m001,446070,유니드비티플러스,ST,35123121650,10611215,N,0
m001,446690,KODEX 아시아AI반도체exChina액티브,EF,35267500000,500000,N,0
m001,446700,RISE 배터리 리사이클링,EF,11145100000,1180000,N,0
m001,446720,SOL 미국배당다우존스,EF,1023374000000,72400000,N,0
m001,446770,ACE 글로벌반도체TOP4 Plus,EF,1882504000000,20800000,N,0
m001,447430,ACE 주주환원가치주액티브,EF,46551000000,2950000,N,0
m001,447620,SOL 미국TOP5채권혼합50,EF,119175000000,7500000,N,0
m001,447660,PLUS 애플채권혼합,EF,16752000000,1200000,N,0
m001,447770,TIGER 테슬라채권혼합Fn,EF,486946250000,33250000,N,0
m001,448100,WON 200,EF,136724500000,1100000,N,0
m001,448290,TIGER 미국S&P500(H),EF,444258750000,25350000,N,0
m001,448300,TIGER 미국나스닥100(H),EF,362591500000,15700000,N,0
m001,448330,KODEX 삼성전자채권혼합,EF,1292238000000,73800000,N,0
m001,448490,HANARO 32-10 국고채액티브,EF,12386790000,234000,N,0
m001,448540,ACE 엔비디아채권혼합,EF,229332000000,8700000,N,0
m001,448570,FOCUS AI코리아액티브,EF,43159500000,1350000,N,0
m001,448630,RISE 삼성그룹Top3채권혼합,EF,325174500000,21700000,N,0
m001,448730,삼성FN리츠,RT,486207000000,91050000,N,0
m001,449170,TIGER KOFR금리액티브(합성),EF,2377354455000,21357000,N,0
m001,449180,KODEX 미국S&P500(H),EF,937694000000,55600000,N,0
m001,449190,KODEX 미국나스닥100(H),EF,596745000000,26700000,N,0
m001,449450,PLUS K방산,EF,1113390300000,20130000,N,0
m001,449580,RISE 테슬라애플아마존채권혼합,EF,18678000000,1100000,N,0
m001,449680,TIGER 한중전기차(합성),EF,9732500000,850000,N,0
m001,449690,TIGER 한중반도체(합성),EF,48150000000,750000,N,0
m001,449770,KIWOOM 미국S&P500,EF,107832000000,4800000,N,0
m001,449780,KIWOOM 미국S&P500(H),EF,33156000000,1800000,N,0
m001,450080,에코프로머티,ST,2698008447000,70813870,N,0
m001,450180,KODEX 한중전기차(합성),EF,7683000000,650000,N,0
m001,450190,KODEX 한중반도체(합성),EF,38487000000,600000,N,0
m001,450910,SOL 코스닥150,EF,32384000000,2300000,N,0
m001,451000,PLUS 종합채권(AA-이상)액티브,EF,460937360000,4303000,N,0
m001,451060,1Q 200액티브,EF,469779750000,12150000,N,0
m001,451150,에셋플러스 글로벌영에이지액티브,EF,12062100000,620000,N,0
m001,451530,TIGER 국고채30년스트립액티브,EF,158484600000,4348000,N,0
m001,451540,TIGER 종합채권(AA-이상)액티브,EF,1093569950000,20690000,N,0
m001,451600,PLUS 국고채30년액티브,EF,11768985000,137000,N,0
m001,451670,RISE 국채30년레버리지(합성),EF,6400000000,500000,N,0
m001,451800,한화리츠,RT,851304000000,179600000,N,0
m001,452250,ACE 미국30년국채선물레버리지(합성 H),EF,45704250000,9150000,N,0
m001,452260,한화갤러리아,ST,400320094650,193859610,N,0
m001,45226K,한화갤러리아우,ST,11951894050,2904470,N,0
m001,452360,SOL 미국배당다우존스(H),EF,207580500000,16300000,N,0
m001,453010,PLUS KOFR금리,EF,16852990000,154000,N,0
m001,453060,HANARO KOFR금리액티브(합성),EF,12204500000,110000,N,0
m001,453080,KIWOOM 미국나스닥100(H),EF,87742000000,3800000,N,0
m001,453330,RISE 미국S&P500(H),EF,87440500000,4900000,N,0
m001,453340,현대그린푸드,ST,611764699080,32471587,N,0
m001,453630,KODEX 미국S&P500필수소비재,EF,18515000000,1400000,N,0
m001,453640,KODEX 미국S&P500헬스케어,EF,62666250000,4250000,N,0
m001,453650,KODEX 미국S&P500금융,EF,45945000000,2250000,N,0
m001,453660,KODEX 미국S&P500경기소비재,EF,15156000000,800000,N,0
m001,453810,KODEX 인도Nifty50,EF,388181250000,30150000,N,0
m001,453820,KODEX 인도Nifty50레버리지(합성),EF,17836000000,1300000,N,0
m001,453850,ACE 미국30년국채액티브(H),EF,1573416000000,213200000,N,0
m001,453870,TIGER 인도니프티50,EF,322706000000,25450000,N,0
m001,453950,TIGER TSMC파운드리밸류체인,EF,72520000000,1850000,N,0
m001,454180,KIWOOM 차이나내수소비TOP CSI,EF,3140000000,400000,N,0
m001,454320,HANARO CAPEX설비투자iSelect,EF,106016250000,2550000,N,0
m001,454780,KIWOOM 종합채권(AA-이상)액티브,EF,325873375000,3271000,N,0
m001,454910,두산로보틱스,ST,4829088510000,64819980,N,0
m001,455030,KODEX 미국달러SOFR금리액티브(합성),EF,684040500000,53150000,N,0
m001,455660,ACE 미국하이일드액티브(H),EF,62898000000,6600000,N,0
m001,455850,SOL AI반도체소부장,EF,1154824500000,44700000,N,0
m001,455860,SOL 2차전지소부장Fn,EF,104839000000,23800000,N,0
m001,455890,RISE 머니마켓액티브,EF,2673047360000,48416000,N,0
m001,455960,RISE 미국달러SOFR금리액티브(합성),EF,61036900000,4670000,N,0
m001,456040,OCI,ST,800353053000,8952495,N,0
m001,456200,PLUS 미국달러SOFR금리액티브(합성),EF,7155500000,110000,N,0
m001,456250,KODEX 유럽명품TOP10 STOXX,EF,11258500000,1150000,N,0
m001,456600,TIME 글로벌AI인공지능액티브,EF,2584321300000,38420000,N,0
m001,456610,TIGER 미국달러SOFR금리액티브(합성),EF,730374780000,11266000,N,0
m001,456680,TIGER 차이나전기차레버리지(합성),EF,47677200000,5930000,N,0
m001,456880,ACE 미국달러SOFR금리(합성),EF,363978000000,27700000,N,0
m001,457190,이수스페셜티케미컬,ST,1906810823200,30218872,N,0
m001,457480,ACE 테슬라밸류체인액티브,EF,905520000000,42000000,N,0
m001,457690,KODEX 33-06 국고채액티브,EF,22658400000,2160000,N,0
m001,457700,KODEX 53-09 국고채액티브,EF,12295800000,1320000,N,0
m001,457930,BNK 미래전략기술액티브,EF,8514000000,300000,N,0
m001,457990,PLUS 태양광&ESS,EF,109824000000,3300000,N,0
m001,458030,WON 국공채머니마켓액티브,EF,78371150000,1430000,N,0
m001,458210,KIWOOM CD금리액티브(합성),EF,177663885000,1613000,N,0
m001,458250,TIGER 미국30년국채스트립액티브(합성 H),EF,416619280000,11512000,N,0
m001,458260,TIGER 미국투자등급회사채액티브(H),EF,240408000000,5088000,N,0
m001,458730,TIGER 미국배당다우존스,EF,4032095000000,261400000,N,0
m001,458750,TIGER 미국배당다우존스타겟커버드콜1호,EF,67500000000,5000000,N,0
m001,458760,TIGER 미국배당다우존스타겟커버드콜2호,EF,709327500000,61950000,N,0
m001,459560,KODEX 테슬라밸류체인FactSet,EF,38790000000,1500000,N,0
m001,459580,KODEX CD금리액티브(합성),EF,6885301810500,6408300,N,0
m001,459750,RISE 글로벌주식분산액티브,EF,33731250000,1750000,N,0
m001,459790,KIWOOM 미국성장기업30액티브,EF,31906000000,1400000,N,0
m001,460270,KIWOOM 미국달러SOFR금리액티브(합성),EF,11056500000,810000,N,0
m001,460660,RISE 미국S&P배당킹,EF,18952500000,1500000,N,0
m001,460850,동국씨엠,ST,141420642880,29898656,N,0
m001,460860,동국제강,ST,422660304840,49608017,N,0
m001,460960,ACE 글로벌인컴TOP10,EF,90637500000,7500000,N,0
m001,461340,HANARO 글로벌생성형AI액티브,EF,53906250000,1150000,N,0
m001,461450,KODEX 코스닥글로벌,EF,23670000000,1500000,N,0
m001,461460,PLUS 국고채10년액티브,EF,83573550000,1622000,N,0
m001,461490,RISE 글로벌자산배분액티브,EF,296703000000,19800000,N,0
m001,461500,HANARO 종합채권(AA-이상)액티브,EF,69565275000,663000,N,0
m001,461580,TIGER 코스닥글로벌,EF,11259500000,700000,N,0
m001,461600,SOL 미국30년국채액티브(H),EF,26979750000,3150000,N,0
m001,461900,PLUS 미국테크TOP10,EF,18720000000,800000,N,0
m001,461910,PLUS 미국테크TOP10레버리지(합성),EF,20142500000,500000,N,0
m001,461950,KODEX 2차전지핵심소재10,EF,157842000000,33300000,N,0
m001,462010,TIGER 2차전지소재Fn,EF,500556000000,106050000,N,0
m001,462330,KODEX 2차전지산업레버리지,EF,576622800000,599400000,N,0
m001,462340,에셋플러스 글로벌다이나믹시니어액티브,EF,8852500000,500000,N,0
m001,462520,조선내화,ST,184229310720,11855168,N,0
m001,462870,시프트업,ST,2061700051000,58654340,N,0
m001,462900,KoAct 바이오헬스케어액티브,EF,439413000000,29650000,N,0
m001,463050,TIME K바이오액티브,EF,260000000000,20000000,N,0
m001,463250,TIGER K방산&우주,EF,606293500000,16700000,N,0
m001,463290,1Q 단기금융채액티브,EF,188681250000,1735000,N,0
m001,463300,RISE 중국본토CSI300,EF,24000000000,1600000,N,0
m001,463640,KODEX 미국S&P500유틸리티,EF,13345000000,850000,N,0
m001,463680,KODEX 미국S&P500테크놀로지,EF,120720250000,5050000,N,0
m001,463690,KODEX 미국S&P500커뮤니케이션,EF,11559000000,600000,N,0
m001,464240,KIWOOM 26-09회사채(AA-이상)액티브,EF,156615000000,3000000,N,0
m001,464310,TIGER 글로벌AI&로보틱스 INDXX,EF,131586000000,8400000,N,0
m001,464470,PLUS 미국채30년액티브,EF,44071640000,824000,N,0
m001,464600,SOL 자동차소부장Fn,EF,24295000000,1000000,N,0
m001,464610,SOL 의료기기소부장Fn,EF,16574250000,2050000,N,0
m001,464920,PLUS 일본반도체소부장,EF,36325000000,1250000,N,0
m001,464930,TIGER 글로벌혁신블루칩TOP10,EF,121576000000,5600000,N,0
m001,465330,RISE 2차전지TOP10,EF,58938875000,5725000,N,0
m001,465350,RISE 2차전지TOP10인버스(합성),EF,38450000000,2000000,N,0
m001,465580,ACE 미국빅테크TOP7 Plus,EF,1045380000000,42000000,N,0
m001,465610,ACE 미국빅테크TOP7 Plus레버리지(합성),EF,117546000000,2600000,N,0
m001,465620,ACE 미국빅테크TOP7 Plus인버스(합성),EF,1593750000,250000,N,0
m001,465660,TIGER 일본반도체FACTSET,EF,42734250000,1350000,N,0
m001,465670,TIGER 미국캐시카우100,EF,13044000000,800000,N,0
m001,465770,STX그린로지스,ST,14012196528,7171032,N,0
m001,465780,마이티 26-09 특수채(AAA)액티브,EF,102049110000,963000,N,0
m001,466810,BNK 2차전지양극재,EF,7873500000,1450000,N,0
m001,466920,SOL 조선TOP3플러스,EF,1462860000000,51600000,N,0
m001,466930,SOL 자동차TOP3플러스,EF,310050500000,10900000,N,0
m001,466940,TIGER 은행고배당플러스TOP10,EF,828222000000,30950000,N,0
m001,466950,TIGER 글로벌AI액티브,EF,736440000000,19380000,N,0
m001,468370,KODEX iShares미국인플레이션국채액티브,EF,20287400000,1720000,N,0
m001,468380,KODEX iShares미국하이일드액티브,EF,105531300000,8820000,N,0
m001,468630,KODEX iShares미국투자등급회사채액티브,EF,36150100000,3010000,N,0
m001,469050,RISE 미국반도체NYSE(H),EF,34855000000,1000000,N,0
m001,469060,RISE 미국반도체NYSE,EF,87622500000,2100000,N,0
m001,469070,RISE AI&로봇,EF,345437000000,32650000,N,0
m001,469150,ACE AI반도체TOP3+,EF,1201992500000,18650000,N,0
m001,469160,ACE 일본반도체,EF,28854000000,900000,N,0
m001,469170,ACE 포스코그룹포커스,EF,102165250000,19150000,N,0
m001,469530,RISE 미국달러선물인버스,EF,5542400000,640000,N,0
m001,469790,KIWOOM 코리아테크TOP10,EF,37992000000,800000,N,0
m001,469830,SOL 초단기채권액티브,EF,1077446970000,19914000,N,0
m001,470310,UNICORN 생성형AI강소기업액티브,EF,4951500000,300000,N,0
m001,471040,KoAct 글로벌AI&로봇액티브,EF,328902000000,9550000,N,0
m001,471230,KODEX 국고채10년액티브,EF,505894785000,4859000,N,0
m001,471460,KIWOOM 국고채30년액티브,EF,23315000000,500000,N,0
m001,471760,TIGER AI반도체핵심공정,EF,141587250000,9050000,N,0
m001,471780,TIGER 코리아테크액티브,EF,296416500000,7300000,N,0
m001,471990,KODEX AI반도체핵심장비,EF,405657000000,16450000,N,0
m001,472150,TIGER 배당커버드콜액티브,EF,2303772000000,98200000,N,0
m001,472160,TIGER 미국테크TOP10 INDXX(H),EF,224420000000,12250000,N,0
m001,472170,TIGER 미국테크TOP10채권혼합,EF,337603750000,23650000,N,0
m001,472720,TRUSTON 주주가치액티브,EF,14393600000,520000,N,0
m001,472830,RISE 미국30년국채커버드콜(합성),EF,49728000000,5550000,N,0
m001,472840,IBK 200,EF,45181875000,375000,N,0
m001,472870,RISE 미국30년국채엔화노출(합성 H),EF,185148750000,24250000,N,0
m001,472920,HK 종합채권(AA-이상)액티브,EF,289110360000,2948000,N,0
m001,473290,KODEX 26-12 회사채(AA-이상)액티브,EF,486808500000,44950000,N,0
m001,473330,SOL 미국30년국채커버드콜(합성),EF,313896000000,34800000,N,0
m001,473440,ACE 11월만기자동연장회사채AA-이상액티브,EF,93916500000,8700000,N,0
m001,473460,KODEX 미국서학개미,EF,201687000000,7900000,N,0
m001,473490,KIWOOM 글로벌AI반도체,EF,50036000000,1400000,N,0
m001,473590,ACE 미국주식베스트셀러,EF,47357000000,2300000,N,0
m001,473640,HANARO 글로벌금채굴기업,EF,61950000000,2100000,N,0
m001,474220,TIGER 미국테크TOP10타겟커버드콜,EF,450394500000,28300000,N,0
m001,474390,SOL 국고채30년액티브,EF,5535540000,134000,N,0
m001,474590,WON 반도체밸류체인액티브,EF,440458000000,8650000,N,0
m001,474800,KIWOOM 미국원유에너지기업,EF,34902500000,2300000,N,0
m001,474920,에셋플러스 차이나일등기업포커스10액티브,EF,19486200000,940000,N,0
m001,475050,ACE KPOP포커스,EF,111150000000,14250000,N,0
m001,475070,KoAct 글로벌친환경전력인프라액티브,EF,47499750000,1350000,N,0
m001,475080,KODEX 테슬라커버드콜채권혼합액티브,EF,314390000000,37250000,N,0
m001,475150,SK이터닉스,ST,1459771121400,34067004,N,0
m001,475260,ACE 2월만기자동연장회사채AA-이상액티브,EF,50302800000,4710000,N,0
m001,475270,ACE 5월만기자동연장회사채AA-이상액티브,EF,45176400000,4230000,N,0
m001,475280,ACE 8월만기자동연장회사채AA-이상액티브,EF,102944700000,9630000,N,0
m001,475300,SOL 반도체전공정,EF,326777500000,13150000,N,0
m001,475310,SOL 반도체후공정,EF,74112500000,2750000,N,0
m001,475350,RISE 버크셔포트폴리오TOP10,EF,69598000000,4450000,N,0
m001,475380,RISE 글로벌리얼티인컴,EF,30213000000,2700000,N,0
m001,475560,더본코리아,ST,216784921400,14827970,N,0
m001,475630,TIGER CD1년금리액티브(합성),EF,1451450174000,1354900,N,0
m001,475720,RISE 200위클리커버드콜,EF,876096000000,62400000,N,0
m001,476000,UNICORN 포스트IPO액티브,EF,3286250000,550000,N,0
m001,476030,SOL 미국나스닥100,EF,133240250000,7150000,N,0
m001,476070,KODEX 글로벌비만치료제TOP2 Plus,EF,35040750000,2850000,N,0
m001,476260,HANARO 반도체핵심공정주도주,EF,60454750000,3950000,N,0
m001,476310,RISE 글로벌비만산업TOP2+,EF,6094000000,550000,N,0
m001,476450,KIWOOM 머니마켓액티브,EF,211235440000,4022000,N,0
m001,476550,TIGER 미국30년국채커버드콜액티브(H),EF,824567000000,116300000,N,0
m001,476690,TIGER 글로벌비만치료제TOP2Plus,EF,38412000000,3300000,N,0
m001,476750,ACE 미국30년국채엔화노출액티브(H),EF,63332500000,7700000,N,0
m001,476760,ACE 미국30년국채액티브,EF,316000000000,31600000,N,0
m001,476800,KODEX 한국부동산리츠인프라,EF,497854500000,116050000,N,0
m001,476850,KoAct 배당성장액티브,EF,107962000000,4600000,N,0
m001,477050,PLUS 머니마켓액티브,EF,425307700000,7990000,N,0
m001,477080,RISE CD금리액티브(합성),EF,1444155790000,13493000,N,0
m001,477490,에셋플러스 글로벌일등기업포커스10액티브,EF,18855000000,900000,N,0
m001,477730,KODEX 인도타타그룹,EF,28471000000,3550000,N,0
m001,478150,TIME 글로벌우주테크&방산액티브,EF,280324000000,12650000,N,0
m001,479080,1Q 머니마켓액티브,EF,1028708850000,19230000,N,0
m001,479520,RISE KOFR금리액티브(합성),EF,1005925745000,9493000,N,0
m001,479620,SOL 미국AI반도체칩메이커,EF,107565500000,3650000,N,0
m001,479730,TIGER 인도빌리언컨슈머,EF,65255000000,6200000,N,0
m001,479850,HANARO K-뷰티,EF,24060000000,1500000,N,0
m001,480020,ACE 미국빅테크7+데일리타겟커버드콜(합성),EF,157806000000,13200000,N,0
m001,480030,ACE 미국500데일리타겟커버드콜(합성),EF,165007500000,14700000,N,0
m001,480040,ACE 미국반도체데일리타겟커버드콜(합성),EF,222358500000,11700000,N,0
m001,480260,TIGER 27-04회사채(A+이상)액티브,EF,445946550000,8330000,N,0
m001,480310,TIGER 글로벌온디바이스AI,EF,66671000000,2900000,N,0
m001,480370,씨케이솔루션,ST,39562354944,32481408,N,0
m001,480460,WON 한국부동산TOP3플러스,EF,9230000000,1000000,N,0
m001,481050,KODEX CD1년금리플러스액티브(합성),EF,2775262243500,2714100,N,0
m001,481060,KODEX 미국30년국채타겟커버드콜(합성 H),EF,789888000000,102850000,N,0
m001,481180,SOL 미국AI소프트웨어,EF,137175000000,8850000,N,0
m001,481190,SOL 미국테크TOP10,EF,296772000000,16800000,N,0
m001,481340,RISE 미국30년국채액티브,EF,21656250000,2250000,N,0
m001,481430,RISE 국고채10년액티브,EF,94908465000,963000,N,0
m001,481850,신한글로벌액티브리츠,RT,44347217280,43477664,N,0
m001,482030,KoAct 반도체&2차전지핵심소재액티브,EF,9523500000,1050000,N,0
m001,482730,TIGER 미국S&P500타겟데일리커버드콜,EF,624453000000,48900000,N,0
m001,483020,KIWOOM 의료AI,EF,5715000000,600000,N,0
m001,483030,KIWOOM 미국블록버스터바이오테크의약품+,EF,5638500000,450000,N,0
m001,483280,KODEX 미국AI테크TOP10타겟커버드콜,EF,502920000000,39600000,N,0
m001,483290,KODEX 미국배당다우존스타겟커버드콜,EF,164934000000,15300000,N,0
m001,483320,ACE 엔비디아밸류체인액티브,EF,357294250000,12850000,N,0
m001,483330,ACE 마이크로소프트밸류체인액티브,EF,20531000000,1400000,N,0
m001,483340,ACE 구글밸류체인액티브,EF,295238250000,11450000,N,0
m001,483570,KCGI 미국S&P500 TOP10,EF,26424000000,1600000,N,0
m001,483650,달바글로벌,ST,2470715203500,12484665,N,0
m001,484790,KODEX 미국30년국채액티브(H),EF,621468000000,73200000,N,0
m001,484870,엠앤씨솔루션,ST,268209270000,9153900,N,0
m001,484880,SOL 금융지주플러스고배당,EF,353736000000,15300000,N,0
m001,484890,SOL 머니마켓액티브,EF,14233760000,272000,N,0
m001,485540,KODEX 미국AI테크TOP10,EF,316070250000,19650000,N,0
m001,485690,RISE 미국AI밸류체인TOP3Plus,EF,98583250000,4150000,N,0
m001,485810,TIME 글로벌바이오액티브,EF,11650000000,1000000,N,0
m001,486240,DAISHIN343 AI반도체&인프라액티브,EF,109735000000,3400000,N,0
m001,486290,TIGER 미국나스닥100타겟데일리커버드콜,EF,2173836000000,184850000,N,0
m001,486450,SOL 미국AI전력인프라,EF,273117250000,11950000,N,0
m001,486830,HANARO 머니마켓액티브,EF,64572270000,1218000,N,0
m001,487130,KoAct AI인프라액티브,EF,71093000000,2300000,N,0
m001,487230,KODEX 미국AI전력핵심인프라,EF,1828011250000,74750000,N,0
m001,487240,KODEX AI전력핵심설비,EF,3222720000000,86400000,N,0
m001,487340,ACE 머니마켓액티브,EF,670151160000,6363000,N,0
m001,487570,HS효성,ST,166362640550,3725927,N,0
m001,487750,BNK 온디바이스AI,EF,13792000000,400000,N,0
m001,487910,ACE 인도컨슈머파워액티브,EF,10812000000,1200000,N,0
m001,487920,ACE 인도시장대표BIG5그룹액티브,EF,8625000000,1000000,N,0
m001,487950,KODEX 대만테크고배당다우존스,EF,20466750000,1450000,N,0
m001,488080,TIGER 반도체TOP10레버리지,EF,634284250000,11650000,N,0
m001,488200,KIWOOM K-2차전지북미공급망,EF,8962500000,750000,N,0
m001,488210,KIWOOM K-반도체북미공급망,EF,4996000000,200000,N,0
m001,488290,MIDAS 일본테크액티브,EF,18802000000,350000,N,0
m001,488480,RISE 일본섹터TOP4Plus,EF,7551500000,550000,N,0
m001,488500,TIGER 미국S&P500동일가중,EF,118387500000,8750000,N,0
m001,488720,WON 종합채권(AA-이상)액티브,EF,85163750000,1750000,N,0
m001,488770,KODEX 머니마켓액티브,EF,7831414400000,74656000,N,0
m001,488980,SOL 26-12 회사채(AA-이상)액티브,EF,253461250000,4886000,N,0
m001,489000,PLUS 일본엔화초단기국채(합성),EF,21626000000,2200000,N,0
m001,489010,PLUS 글로벌AI인프라,EF,3253500000,150000,N,0
m001,489030,PLUS 고배당주위클리커버드콜,EF,291322500000,44750000,N,0
m001,489250,KODEX 미국배당다우존스,EF,577220000000,43400000,N,0
m001,489290,WON 미국빌리어네어,EF,29982000000,1900000,N,0
m001,489790,한화비전,ST,2287124067000,50488390,N,0
m001,489860,KIWOOM 글로벌전력GRID인프라,EF,14271500000,850000,N,0
m001,490090,TIGER 미국AI빅테크10,EF,223512000000,13400000,N,0
m001,490330,KoAct 미국치매&뇌질환치료제액티브,EF,6614000000,400000,N,0
m001,490480,SOL K방산,EF,85550000000,2950000,N,0
m001,490490,SOL 미국배당미국채혼합50,EF,471600000000,40000000,N,0
m001,490590,RISE 미국AI밸류체인데일리고정커버드콜,EF,799510250000,50650000,N,0
m001,490600,RISE 미국배당100데일리고정커버드콜,EF,153600000000,16000000,N,0
m001,491010,TIGER 글로벌AI전력인프라액티브,EF,821486400000,25760000,N,0
m001,491090,KODEX 미국테크TOP3플러스,EF,34715250000,1850000,N,0
m001,491220,PLUS 200TR,EF,64305000000,450000,N,0
m001,491230,PLUS 국공채머니마켓액티브,EF,117991790000,2258000,N,0
m001,491510,파워 K-주주가치액티브,EF,16339500000,900000,N,0
m001,491610,1Q CD금리액티브(합성),EF,191411025000,1833000,N,0
m001,491620,RISE 미국테크100데일리고정커버드콜,EF,510840000000,44000000,N,0
m001,491630,RISE 미국반도체인버스(합성 H),EF,2398750000,475000,N,0
m001,491700,HK 200,EF,73410000000,600000,N,0
m001,491820,HANARO 전력설비투자,EF,169138000000,3800000,N,0
m001,491830,TIGER 미국AI반도체팹리스,EF,46749500000,1850000,N,0
m001,492500,1Q 현대차그룹채권(A+이상)&국고통안,EF,92808900000,1818000,N,0
m001,493420,SOL 미국배당다우존스2호,EF,27499500000,2100000,N,0
m001,493810,TIGER 미국AI빅테크10타겟데일리커버드콜,EF,259350000000,21000000,N,0
m001,494180,TIME 글로벌소비트렌드액티브,EF,11912750000,850000,N,0
m001,494210,SOL 미국500타겟데일리커버드콜액티브,EF,8239000000,700000,N,0
m001,494220,UNICORN SK하이닉스밸류체인액티브,EF,203463000000,3700000,N,0
m001,494300,KODEX 미국나스닥100데일리커버드콜OTM,EF,943134500000,91700000,N,0
m001,494310,KODEX 반도체레버리지,EF,1375145000000,11450000,N,0
m001,494330,ACE 라이프자산주주가치액티브,EF,151501250000,4750000,N,0
m001,494340,ACE 글로벌AI맞춤형반도체,EF,40738500000,1650000,N,0
m001,494410,PLUS 미국S&P500성장주,EF,33616000000,2200000,N,0
m001,494420,PLUS 미국배당증가성장주데일리커버드콜,EF,17195500000,1700000,N,0
m001,494670,TIGER 조선TOP10,EF,559413750000,25250000,N,0
m001,494840,TIGER 미국방산TOP10,EF,53014500000,3850000,N,0
m001,494890,KODEX 200액티브,EF,1206502000000,34600000,N,0
m001,495040,PLUS 코리아밸류업,EF,98322000000,2800000,N,0
m001,495050,RISE 코리아밸류업,EF,1059828000000,29600000,N,0
m001,495060,TIME 코리아밸류업액티브,EF,263799250000,7850000,N,0
m001,495230,KoAct 코리아밸류업액티브,EF,303874500000,8650000,N,0
m001,495330,1Q 코리아밸류업,EF,152349000000,4300000,N,0
m001,495550,SOL 코리아밸류업TR,EF,217800000000,6000000,N,0
m001,495750,HANARO 코리아밸류업,EF,85320000000,2400000,N,0
m001,495850,KODEX 코리아밸류업,EF,793983750000,22350000,N,0
m001,495940,RISE 미국AI테크액티브,EF,71648000000,3200000,N,0
m001,496020,WON 전단채플러스액티브,EF,316867320000,6072000,N,0
m001,496080,TIGER 코리아밸류업,EF,564577000000,15850000,N,0
m001,496090,KIWOOM 코리아밸류업,EF,115927500000,3250000,N,0
m001,496120,ACE 코리아밸류업,EF,29596000000,800000,N,0
m001,496130,TRUSTON 코리아밸류업액티브,EF,15381900000,540000,N,0
m001,496770,PLUS 글로벌방산,EF,33577500000,1850000,N,0
m001,497510,ACE 글로벌빅파마,EF,9684500000,700000,N,0
m001,497520,ACE 일라이릴리밸류체인,EF,8924500000,650000,N,0
m001,497570,TIGER 미국필라델피아AI반도체나스닥,EF,1332330000000,53400000,N,0
m001,497780,KoAct 미국천연가스인프라액티브,EF,24055500000,2100000,N,0
m001,497880,SOL CD금리&머니마켓액티브,EF,249473650000,4982000,N,0
m001,498050,HANARO 바이오코리아액티브,EF,11550000000,1000000,N,0
m001,498180,파워 종합채권(AA-이상)액티브,EF,116382510000,1247000,N,0
m001,498270,KIWOOM 미국양자컴퓨팅,EF,248250000000,15000000,N,0
m001,498400,KODEX 200타겟위클리커버드콜,EF,6165107000000,264200000,N,0
m001,498410,KODEX 금융고배당TOP10타겟위클리커버드콜,EF,855384000000,69600000,N,0
m001,498610,RISE 인도디지털성장,EF,5148000000,600000,N,0
m001,498860,RISE 코리아금융고배당,EF,40950000000,2250000,N,0
m001,499150,SOL 미국S&P500엔화노출(H),EF,9140000000,800000,N,0
m001,499660,TIGER CD금리플러스액티브(합성),EF,498159800000,497600,N,0
m001,499790,GS피앤엘,ST,820005275350,19830841,N,0
m001,500020,신한 레버리지 다우존스지수 선물 ETN(H),EN,65620000000,1000000,N,0
m001,500023,신한 콩 선물 ETN(H),EN,26510000000,2000000,N,0
m001,500024,신한 인버스 콩 선물 ETN(H),EN,14960000000,2000000,N,0
m001,500028,신한 인버스 2X 다우존스지수 선물 ETN(H),EN,9890000000,10000000,N,0
m001,500029,신한 레버리지 은 선물 ETN(H),EN,191250000000,10000000,N,0
m001,500030,신한 인버스 2X 은 선물 ETN(H),EN,2380000000,34000000,N,0
m001,500035,신한 레버리지 미국달러 선물 ETN,EN,35680000000,2000000,N,0
m001,500036,신한 인버스 2X 미국달러 선물 ETN,EN,6750000000,2000000,N,0
m001,500037,신한 레버리지 금 선물 ETN,EN,138930000000,2000000,N,0
m001,500038,신한 인버스 2X 금 선물 ETN,EN,1376000000,1000000,N,0
m001,500040,신한 레버리지 구리 선물 ETN,EN,33445000000,1000000,N,0
m001,500041,신한 인버스 2X 구리 선물 ETN,EN,4550000000,5000000,N,0
m001,500050,신한 레버리지 S&P500 선물 ETN,EN,111150000000,2000000,N,0
m001,500051,신한 인버스 2X S&P500 선물 ETN,EN,2636000000,2000000,N,0
m001,500061,신한 인버스 코스피 200 선물 ETN,EN,5170000000,2000000,N,0
m001,500063,신한 인버스 코스닥 150 선물 ETN,EN,11580000000,2000000,N,0
m001,500067,신한 레버리지 10년 국채선물 ETN,EN,6730500000,700000,N,0
m001,500068,신한 인버스 2X 10년 국채선물 ETN,EN,8414000000,700000,N,0
m001,500069,신한 레버리지 코스피 200 선물 ETN,EN,249960000000,1000000,N,0
m001,500071,신한 레버리지 코스닥 150 선물 ETN,EN,68900000000,2500000,N,0
m001,500072,신한 인버스 2X 코스닥 150 선물 ETN,EN,21700000000,10000000,N,0
m001,500085,신한 코스피 200 TR ETN,EN,37975000000,1000000,N,0
m001,500086,신한 코스닥 150 TR ETN,EN,11205000000,1000000,N,0
m001,500091,신한 33-12 국고채 플러스 ETN,EN,20700000000,2000000,N,0
m001,500093,신한 블룸버그 레버리지 WTI원유선물 ETN B,EN,34355000000,1000000,N,0
m001,500094,신한 블룸버그 인버스2X WTI원유선물 ETN B,EN,91140000000,21000000,N,0
m001,500095,신한 S&P500 VIX S/T 선물 ETN E,EN,54450000000,6000000,N,0
m001,500096,신한 인버스2X 천연가스 선물 ETN B,EN,81950000000,5000000,N,0
m001,500097,신한 레버리지 Russell 2000 ETN B,EN,15675000000,1000000,N,0
m001,500098,신한 인버스 2X Russell 2000 ETN B,EN,6905000000,1000000,N,0
m001,500099,신한 WTI원유 선물 ETN,EN,153900000000,10000000,N,0
m001,500100,신한 금 선물 ETN,EN,24270000000,2000000,N,0
m001,500101,신한 블룸버그 천연가스 선물 ETN,EN,9855000000,1000000,N,0
m001,500102,신한 블룸버그 2X 천연가스 선물 ETN B,EN,36490000000,2000000,N,0
m001,510027,대신 인버스 2X 코스닥 150 선물 ETN,EN,6450000000,3000000,N,0
m001,510043,대신 인버스 천연가스 선물 ETN(H) B,EN,6715000000,1000000,N,0
m001,510044,대신 레버리지 미국달러 선물 ETN,EN,30937500000,1500000,N,0
m001,510045,대신 인버스 2X 미국달러 선물 ETN,EN,28755000000,1500000,N,0
m001,520037,미래에셋 코스피200 선물 ETN,EN,60460000000,2000000,N,0
m001,520038,미래에셋 인버스 코스피200 선물 ETN,EN,10280000000,4000000,N,0
m001,520039,미래에셋 코스닥150 선물 ETN,EN,21250000000,2000000,N,0
m001,520040,미래에셋 인버스 코스닥150 선물 ETN,EN,11610000000,2000000,N,0
m001,520046,미래에셋 레버리지 옥수수 선물 ETN,EN,9620000000,1000000,N,0
m001,520047,미래에셋 인버스 2X 옥수수 선물 ETN,EN,36545000000,1000000,N,0
m001,520054,미래에셋 레버리지 코스피200 선물 ETN,EN,503100000000,2000000,N,0
m001,520056,미래에셋 레버리지 코스닥150 선물 ETN,EN,54050000000,2000000,N,0
m001,520057,미래에셋 인버스 2X 코스닥150 선물 ETN,EN,57240000000,26500000,N,0
m001,520064,미래에셋 2X 미국채울트라30년 선물 ETN,EN,14030000000,2000000,N,0
m001,520065,미래에셋 -2X 미국채울트라30년 선물 ETN,EN,30150000000,2000000,N,0
m001,520066,미래에셋 KRX금현물 Auto-KO-C 2810-01 ETN,EN,138450000000,6000000,N,0
m001,520072,미래에셋 미국 AI TOP3 ETN,EN,48030000000,3000000,N,0
m001,520073,미래에셋 레버리지 미국 AI TOP3 ETN,EN,35890000000,1000000,N,0
m001,520074,미래에셋 미국 방위산업 TOP3 ETN,EN,46755000000,3000000,N,0
m001,520075,미래에셋 레버리지 미국 방위산업 TOP3 ETN,EN,37005000000,1000000,N,0
m001,520076,미래에셋 1.5X 천연가스 선물 ETN,EN,17000000000,2500000,N,0
m001,520077,미래에셋 -1.5X 천연가스 선물 ETN,EN,35975000000,2500000,N,0
m001,520078,미래에셋 미국 제약 TOP3 ETN,EN,45735000000,3000000,N,0
m001,520079,미래에셋 레버리지 미국 제약 TOP3 ETN,EN,35080000000,1000000,N,0
m001,520080,미래에셋 미국 테크&반도체 TOP3 ETN,EN,68610000000,3000000,N,0
m001,520081,미래에셋 2X 미국 테크&반도체 TOP3 ETN,EN,69710000000,1000000,N,0
m001,520082,미래에셋 미국 자율주행대표기업 ETN,EN,41580000000,3000000,N,0
m001,520083,미래에셋 2X 미국 자율주행대표기업 ETN,EN,28495000000,1000000,N,0
m001,520084,미래에셋 -2X 미국 자율주행대표기업 ETN,EN,8955000000,1000000,N,0
m001,520085,미래에셋 -2X 미국 AI TOP3 ETN,EN,12585000000,1000000,N,0
m001,520086,미래에셋-0.5X S&P500 VIX S/T선물 ETN(H)B,EN,55600000000,2500000,N,0
m001,520087,미래에셋 레버리지 KRX 금현물 ETN,EN,67670000000,2000000,N,0
m001,520088,미래에셋 S&P500 VIX S/T 선물 ETN(H),EN,15840000000,2000000,N,0
m001,520089,미래에셋 CAPE 실러 US Core Sector ETN,EN,60600000000,5000000,N,0
m001,520090,미래에셋 천연가스 선물 ETN B,EN,32480000000,4000000,N,0
m001,520091,미래에셋 인버스 천연가스 선물 ETN B,EN,45120000000,4000000,N,0
m001,520092,미래에셋 레버리지 은 선물 ETN B,EN,59300000000,2000000,N,0
m001,520093,미래에셋 인버스 2X 은 선물 ETN B,EN,32880000000,12000000,N,0
m001,520094,미래에셋 CD금리 플러스 ETN,EN,203670000000,2000000,N,0
m001,520097,미래에셋 1.5X S&P500 VIX S/T선물 ETN,EN,13820000000,1000000,N,0
m001,520098,미래에셋 레버리지 반도체 ETN,EN,236100000000,6000000,N,0
m001,520099,미래에셋 인버스 2X 반도체 ETN,EN,15840000000,3000000,N,0
m001,520100,미래에셋 레버리지 삼성전자 단일종목 ETN,EN,80225000000,5000000,N,0
m001,520101,미래에셋 레버리지 SK하이닉스 단일종목ETN,EN,106475000000,5000000,N,0
m001,520102,미래에셋 인버스 2X 코스피200 선물 ETN B,EN,54010000000,2000000,N,0
m001,530031,삼성 레버리지 WTI원유 선물 ETN,EN,798304000000,404000000,N,0
m001,530055,삼성 레버리지 금 선물 ETN(H),EN,98940000000,1000000,N,0
m001,530056,삼성 인버스 2X 금 선물 ETN(H),EN,7804000000,4000000,N,0
m001,530060,삼성 코스피 양매도 5% OTM ETN,EN,5805000000,1000000,N,0
m001,530061,삼성 레버리지 은 선물 ETN(H),EN,94665000000,3000000,N,0
m001,530062,삼성 인버스 2X 은 선물 ETN(H),EN,6500000000,130000000,N,0
m001,530063,삼성 레버리지 구리 선물 ETN(H),EN,23695000000,1000000,N,0
m001,530064,삼성 인버스 2X 구리 선물 ETN(H),EN,11010000000,15000000,N,0
m001,530067,삼성 KRX 금현물 ETN,EN,67690000000,2000000,N,0
m001,530083,삼성 금 선물 ETN(H),EN,21435000000,1000000,N,0
m001,530084,삼성 인버스 금 선물 ETN(H),EN,5330000000,1000000,N,0
m001,530089,삼성 은 선물 ETN(H),EN,23010000000,1000000,N,0
m001,530090,삼성 인버스 은 선물 ETN(H),EN,8340000000,3000000,N,0
m001,530092,삼성 인버스 코스피 200 선물 ETN,EN,12725000000,5000000,N,0
m001,530094,삼성 인버스 코스닥 150 선물 ETN,EN,5775000000,1000000,N,0
m001,530095,삼성 구리 선물 ETN(H),EN,14280000000,1000000,N,0
m001,530096,삼성 인버스 구리 선물 ETN(H),EN,6645000000,1000000,N,0
m001,530104,삼성 레버리지 코스피200 선물 ETN,EN,252710000000,1000000,N,0
m001,530106,삼성 레버리지 코스닥150 선물 ETN,EN,27120000000,1000000,N,0
m001,530107,삼성 인버스 2X 코스닥150 선물 ETN,EN,128700000000,60000000,N,0
m001,530112,삼성 S&P500 TR ETN,EN,20795000000,1000000,N,0
m001,530113,삼성 레버리지 S&P500 선물 ETN,EN,56395000000,1000000,N,0
m001,530114,삼성 인버스 2X S&P500 선물 ETN,EN,9290000000,1000000,N,0
m001,530115,삼성 레버리지 나스닥 100 TR ETN,EN,74540000000,1000000,N,0
m001,530116,삼성 인버스 2X 나스닥 100 TR ETN,EN,24800000000,5000000,N,0
m001,530117,삼성 코스피 200 TR ETN,EN,37220000000,1000000,N,0
m001,530118,삼성 코스닥 150 TR ETN,EN,33060000000,3000000,N,0
m001,530119,삼성 레버리지 항셍테크 TR ETN(H) B,EN,26105000000,1000000,N,0
m001,530120,삼성 나스닥 100 TR ETN,EN,17440000000,1000000,N,0
m001,530121,삼성 항셍테크 TR ETN(H) B,EN,13155000000,1000000,N,0
m001,530122,삼성 인버스 2X 항셍테크 TR ETN(H) B,EN,6005000000,1000000,N,0
m001,530123,삼성 일본니케이225선물 ETN(H),EN,18215000000,1000000,N,0
m001,530124,삼성 레버리지 일본니케이225선물 ETN(H),EN,56975000000,1000000,N,0
m001,530125,삼성 인버스 2X 일본니케이225선물 ETN(H),EN,4115000000,1000000,N,0
m001,530126,삼성 코리아 밸류업 TR ETN,EN,74600000000,2000000,N,0
m001,530127,삼성 미국다우존스 TR ETN,EN,12925000000,1000000,N,0
m001,530128,삼성 레버리지 미국다우존스 선물 ETN,EN,27480000000,1000000,N,0
m001,530129,삼성 인버스 2X 미국다우존스 선물 ETN,EN,15085000000,1000000,N,0
m001,530130,삼성 S&P500 VIX S/T 선물 ETN B,EN,28410000000,3000000,N,0
m001,530131,삼성 인버스0.5X S&P500 VIX S/T선물 ETN B,EN,67785000000,3000000,N,0
m001,530132,삼성 블룸버그 WTI원유 선물 ETN B,EN,15720000000,1000000,N,0
m001,530133,삼성 블룸버그 레버리지 WTI원유선물 ETN B,EN,34365000000,1000000,N,0
m001,530134,삼성 블룸버그 인버스2X WTI원유선물 ETN B,EN,392400000000,90000000,N,0
m001,530135,삼성 인버스 China A50 선물 ETN(H) B,EN,8160000000,1000000,N,0
m001,530136,삼성 인버스 2X 천연가스 선물 ETN D,EN,147900000000,10000000,N,0
m001,530137,삼성 KRX 2차전지 TOP10 TR ETN,EN,11460000000,1000000,N,0
m001,530138,삼성 KRX 레버리지 2차전지 TOP10 TR ETN,EN,19365000000,1000000,N,0
m001,530139,삼성 iSelect 조선 TOP10 TR ETN,EN,11620000000,1000000,N,0
m001,530140,삼성 iSelect 레버리지 조선 TOP10 TR ETN,EN,19970000000,1000000,N,0
m001,530141,삼성 중국 자동차 TOP5 TR ETN(H),EN,9185000000,1000000,N,0
m001,530142,삼성 중국 AI 테크 TOP5 TR ETN(H),EN,7760000000,1000000,N,0
m001,530143,삼성 인버스 2X 은 선물 ETN,EN,54050000000,1000000,N,0
m001,530145,삼성 레버리지 천연가스 선물 ETN D,EN,246415000000,17000000,N,0
m001,550041,N2 미국 IT TOP5 ETN(H),EN,38493000000,700000,N,0
m001,550062,N2 레버리지 금 선물 ETN(H),EN,65305000000,1000000,N,0
m001,550063,N2 인버스 레버리지 금 선물 ETN(H),EN,4090000000,1000000,N,0
m001,550064,N2 레버리지 은 선물 ETN(H),EN,37580000000,1000000,N,0
m001,550069,N2 레버리지 구리 선물 ETN(H),EN,23370000000,1000000,N,0
m001,550070,N2 인버스 레버리지 구리 선물 ETN(H),EN,5325000000,1000000,N,0
m001,550082,N2 KIS CD금리투자 ETN,EN,777210000000,14000000,N,0
m001,550084,N2 코스피 200 TR ETN,EN,74400000000,2000000,N,0
m001,550085,N2 코스닥 150 TR ETN,EN,21120000000,2000000,N,0
m001,550087,N2 선진국 1등주 ETN,EN,24190000000,2000000,N,0
m001,550088,N2 월간 레버리지 선진국 1등주 ETN,EN,24195000000,1000000,N,0
m001,550089,N2 월간 레버리지 코스피 200 선물 ETN,EN,175915000000,1000000,N,0
m001,550091,N2 방위산업 Top5 ETN,EN,76730000000,2000000,N,0
m001,550092,N2 월간 레버리지 방위산업 Top5 ETN,EN,144675000000,1000000,N,0
m001,550093,N2 전력인프라 Top5 ETN,EN,81380000000,2000000,N,0
m001,550095,N2 레버리지 국채10년 ETN,EN,8722500000,500000,N,0
m001,550096,N2 레버리지 국채30년 ETN,EN,5805000000,500000,N,0
m001,550097,N2 레버리지 코스닥150 선물 ETN,EN,19720000000,1000000,N,0
m001,550098,N2 인버스 2X 코스닥150 선물 ETN,EN,7720000000,1000000,N,0
m001,550099,N2 레버리지 천연가스 선물 ETN,EN,11175000000,1000000,N,0
m001,550100,N2 인버스 2X 천연가스 선물 ETN,EN,11550000000,1000000,N,0
m001,570019,한투 코스피양매도5%OTM ETN,EN,90300000000,15000000,N,0
m001,570022,한투 레버리지S&P500선물 ETN(H),EN,281675000000,5000000,N,0
m001,570023,한투 인버스2XS&P500선물 ETN(H),EN,3485000000,5000000,N,0
m001,570029,한투 코스피양매도3%OTM ETN,EN,29100000000,5000000,N,0
m001,570047,한투 FTSE100 ETN,EN,29255000000,1000000,N,0
m001,570050,한투 S&P500선물 ETN,EN,142675000000,5000000,N,0
m001,570051,한투 나스닥100 ETN,EN,168875000000,5000000,N,0
m001,570059,한투 레버리지금선물 ETN,EN,85870000000,1000000,N,0
m001,570060,한투 인버스2X금선물 ETN,EN,5380000000,1000000,N,0
m001,570061,한투 레버리지은선물 ETN,EN,48040000000,1000000,N,0
m001,570063,한투 베트남VN30선물 ETN(H),EN,15435000000,1000000,N,0
m001,570064,한투 인버스베트남VN30선물 ETN(H),EN,5925000000,1000000,N,0
m001,570065,한투 레버리지베트남VN30선물 ETN(H),EN,34100000000,1000000,N,0
m001,570066,한투 인버스2X베트남VN30 선물 ETN(H),EN,5105000000,1000000,N,0
m001,570069,한투 레버리지플래티넘선물 ETN,EN,30090000000,1000000,N,0
m001,570070,한투 인버스2X플래티넘선물 ETN,EN,2385000000,1000000,N,0
m001,570071,한투 구리선물 ETN,EN,18665000000,1000000,N,0
m001,570072,한투 레버리지구리선물 ETN,EN,30100000000,1000000,N,0
m001,570073,한투 인버스2X구리선물 ETN,EN,6800000000,1000000,N,0
m001,570074,한투 유럽탄소배출권선물 ETN(H),EN,11475000000,1000000,N,0
m001,570081,한투 레버리지코스닥150선물 ETN,EN,28380000000,1000000,N,0
m001,570082,한투 인버스2X코스닥150선물 ETN,EN,43600000000,20000000,N,0
m001,570085,한투 인도네시아대표원자재 ETN,EN,9570000000,1000000,N,0
m001,570090,한투 KIS CD금리투자 ETN,EN,333090000000,6000000,N,0
m001,570091,한투 인버스유로스탁스50 ETN(H) C,EN,6285000000,1000000,N,0
m001,570092,한투 인버스2X유로스탁스50 ETN(H) B,EN,6790000000,1000000,N,0
m001,570094,한투 일본엔선물 ETN C,EN,9355000000,1000000,N,0
m001,570095,한투 레버리지일본엔선물 ETN C,EN,7720000000,1000000,N,0
m001,570096,한투 인버스2X일본엔선물 ETN,EN,10625000000,1000000,N,0
m001,570097,한투 엔달러선물 ETN(H),EN,7735000000,1000000,N,0
m001,570098,한투 레버리지엔달러선물 ETN(H),EN,5805000000,1000000,N,0
m001,570099,한투 인버스2X엔달러 선물 ETN(H),EN,15300000000,1000000,N,0
m001,570100,한투 일본종합상사TOP5 ETN,EN,62625000000,3000000,N,0
m001,570101,한투 인버스나스닥100 ETN B,EN,7460000000,1000000,N,0
m001,570102,한투 레버리지나스닥100 ETN B,EN,39930000000,2000000,N,0
m001,570103,한투 인버스2X나스닥100 ETN B,EN,43750000000,10000000,N,0
m001,570104,한투 일본니케이225선물 ETN(H),EN,54195000000,3000000,N,0
m001,570105,한투 인버스일본니케이225선물 ETN(H),EN,13815000000,3000000,N,0
m001,570106,한투 레버리지일본니케이225선물 ETN(H),EN,139700000000,2500000,N,0
m001,570107,한투 인버스2X일본니케이225선물 ETN(H),EN,9137500000,2500000,N,0
m001,570108,한투 레버리지국채30년 ETN,EN,5645000000,500000,N,0
m001,570109,한투 레버리지미국채30년 ETN,EN,8777500000,500000,N,0
m001,570110,한투 3X레버리지국채30년 ETN,EN,3529000000,200000,N,0
m001,570111,한투 3X레버리지미국채30년 ETN,EN,8385000000,200000,N,0
m001,570114,한투 S&P500 VIX S/T선물 ETN(H) B,EN,9410000000,1000000,N,0
m001,570115,한투 인버스0.5X S&P500 VIX S/T선물 ETN B,EN,23215000000,1000000,N,0
m001,570116,한투 레버리지WTI원유선물 ETN B,EN,69280000000,2000000,N,0
m001,570117,한투 인버스2XWTI원유선물 ETN B,EN,96470000000,22000000,N,0
m001,570118,한투 인버스2X천연가스선물 ETN B,EN,43180000000,4000000,N,0
m001,570119,한투 인버스2X은선물 ETN,EN,57025000000,1000000,N,0
m001,570120,한투 레버리지천연가스선물 ETN C,EN,91350000000,5000000,N,0
m001,570121,한투 금선물 ETN,EN,17770000000,2000000,N,0
m001,570122,한투 인버스금선물 ETN,EN,22990000000,2000000,N,0
m001,570123,한투 은선물 ETN,EN,13940000000,2000000,N,0
m001,570124,한투 인버스은선물 ETN,EN,29060000000,2000000,N,0
m001,570125,한투 솔랙티브레버리지금선물 ETN,EN,20150000000,1000000,N,0
m001,570126,한투 솔랙티브인버스2X금선물 ETN,EN,18420000000,1000000,N,0
m001,570127,한투 인버스2X코스피200선물 ETN,EN,37120000000,1000000,N,0
m001,580010,KB Wise 분할매매 ETN,EN,67560000000,6000000,N,0
m001,580022,KB 레버리지 금 선물 ETN(H),EN,32912500000,500000,N,0
m001,580023,KB 인버스 2X 금 선물 ETN(H),EN,2047500000,500000,N,0
m001,580026,KB S&P 레버리지 은 선물 ETN(H),EN,18825000000,500000,N,0
m001,580032,KB 레버리지 구리 선물 ETN(H),EN,12032500000,500000,N,0
m001,580033,KB 인버스 2X 구리 선물 ETN(H),EN,2680000000,500000,N,0
m001,580034,KB 레버리지 FANG 플러스 ETN(H),EN,45125000000,500000,N,0
m001,580035,KB S&P 유럽탄소배출권 선물 ETN(H),EN,8695000000,1000000,N,0
m001,580039,KB 레버리지 KOSPI 200 선물 ETN,EN,126042500000,500000,N,0
m001,580043,KB 레버리지 KOSDAQ 150 선물 ETN,EN,13757500000,500000,N,0
m001,580044,KB 인버스 2X KOSDAQ 150 선물 ETN,EN,6420000000,3000000,N,0
m001,580047,KB 레버리지 항셍테크 선물 ETN(H) B,EN,13675000000,1000000,N,0
m001,580048,KB 차이나 대형주 CSI 300 ETN,EN,29270000000,2000000,N,0
m001,580049,KB 차이나 중형주 CSI 500 ETN,EN,31470000000,2000000,N,0
m001,580050,KB 차이나 과창판 STAR 50 ETN,EN,22205000000,1000000,N,0
m001,580051,KB 레버리지 밀 선물 ETN,EN,11617500000,1500000,N,0
m001,580052,KB 인버스 2X 밀 선물 ETN,EN,17360000000,500000,N,0
m001,580053,KB 레버리지 콩 선물 ETN,EN,8052500000,500000,N,0
m001,580054,KB 인버스 2X 콩 선물 ETN,EN,14017500000,500000,N,0
m001,580056,KB 일본 로보틱스 TOP 10 ETN,EN,51490000000,2000000,N,0
m001,580057,KB 일본 컨슈머 TOP 10 ETN,EN,26790000000,2000000,N,0
m001,580058,KB KIS CD금리투자 ETN,EN,696670000000,13000000,N,0
m001,580059,KB 미국채 10년 ETN,EN,11705000000,1000000,N,0
m001,580060,KB 레버리지 미국채 10년 ETN,EN,11117500000,500000,N,0
m001,580061,KB 미국채 30년 ETN,EN,10595000000,1000000,N,0
m001,580062,KB 레버리지 미국채 30년 ETN,EN,9035000000,500000,N,0
m001,580063,KB 레버리지 미국채 10년 선물 ETN,EN,10417500000,500000,N,0
m001,580064,KB 인버스 2X 미국채 10년 선물 ETN,EN,11070000000,500000,N,0
m001,580065,KB 코스닥 150 TR ETN,EN,11300000000,1000000,N,0
m001,580066,KB 인도 대형 성장주 Select 5 ETN,EN,20530000000,2000000,N,0
m001,580067,KB 인도 디지털 Select 5 ETN,EN,21540000000,2000000,N,0
m001,580068,KB S&P 레버리지 WTI원유 선물 ETN B,EN,34590000000,1000000,N,0
m001,580069,KB S&P 인버스 2X WTI원유 선물 ETN B,EN,81585000000,18500000,N,0
m001,580070,KB 레버리지 2차전지 TOP 10 TR ETN,EN,19550000000,1000000,N,0
m001,580071,KB 인버스 2X 천연가스 선물 ETN B,EN,21570000000,2000000,N,0
m001,580072,KB 화웨이 밸류체인 ETN,EN,29500000000,2000000,N,0
m001,580073,KB 레버리지 화웨이 밸류체인 ETN,EN,35470000000,1000000,N,0
m001,580074,KB BYD 밸류체인 ETN,EN,24120000000,2000000,N,0
m001,580075,KB 레버리지 BYD 밸류체인 ETN,EN,25455000000,1000000,N,0
m001,580076,KB 레버리지 미국 나스닥 100 TR ETN B,EN,57690000000,2000000,N,0
m001,580077,KB 인버스 2X 미국 나스닥 100 TR ETN B,EN,40080000000,3000000,N,0
m001,580078,KB 은 선물 ETN,EN,6960000000,1000000,N,0
m001,580079,KB 레버리지 은 선물 ETN,EN,8130000000,1000000,N,0
m001,580080,KB 인버스 은 선물 ETN,EN,14755000000,1000000,N,0
m001,580081,KB 인버스 2X 은 선물 ETN,EN,54360000000,1000000,N,0
m001,580082,KB 레버리지 반도체 TOP10 TR ETN,EN,85175000000,2500000,N,0
m001,580083,KB 레버리지 미국 S&P500 선물 ETN B,EN,13695000000,500000,N,0
m001,580084,KB 인버스 2X 미국 S&P500 선물 ETN B,EN,7025000000,500000,N,0
m001,580085,KB 솔랙티브 천연가스 선물 ETN,EN,9830000000,1000000,N,0
m001,580086,KB 솔랙티브 레버리지 천연가스 선물 ETN,EN,18200000000,1000000,N,0
m001,580087,KB 솔랙티브 인버스 천연가스 선물 ETN,EN,10295000000,1000000,N,0
m001,580088,KB 인버스 2X KOSPI 200 선물 ETN B,EN,13422500000,500000,N,0
m001,580089,KB 솔랙티브 레버리지 금 선물 ETN,EN,20435000000,1000000,N,0
m001,580090,KB 솔랙티브 인버스 2X 금 선물 ETN,EN,18525000000,1000000,N,0
m001,610001,메리츠 인플레이션 국채 ETN,EN,24190000000,2000000,N,0
m001,610003,메리츠 미국 인플레이션 국채 ETN(H),EN,18380000000,2000000,N,0
m001,610007,메리츠 국채30년 ETN,EN,34650000000,5000000,N,0
m001,610008,메리츠 레버리지 국채30년 ETN,EN,15120000000,4000000,N,0
m001,610009,메리츠 인버스 국채30년 ETN,EN,15915000000,1000000,N,0
m001,610012,메리츠 레버리지 금 선물 ETN(H),EN,65445000000,1000000,N,0
m001,610013,메리츠 인버스 2X 금 선물 ETN(H),EN,4240000000,1000000,N,0
m001,610018,메리츠 국채10년 ETN,EN,20010000000,2000000,N,0
m001,610020,메리츠 인버스 국채10년 ETN,EN,11870000000,1000000,N,0
m001,610022,메리츠 미국채10년 ETN(H),EN,25470000000,3000000,N,0
m001,610023,메리츠 레버리지 미국채10년 ETN(H),EN,6095000000,1000000,N,0
m001,610024,메리츠 인버스 미국채10년 ETN(H),EN,13465000000,1000000,N,0
m001,610025,메리츠 인버스 2X 미국채10년 ETN(H),EN,15850000000,1000000,N,0
m001,610028,메리츠 레버리지 구리 선물 ETN(H),EN,24125000000,1000000,N,0
m001,610029,메리츠 인버스 2X 구리 선물 ETN(H),EN,5355000000,1000000,N,0
m001,610030,메리츠 S&P 유럽탄소배출권 선물 ETN(H),EN,11455000000,1000000,N,0
m001,610034,메리츠 대표 농산물 선물 ETN(H),EN,8550000000,1000000,N,0
m001,610035,메리츠 레버리지 대표 농산물 선물 ETN(H),EN,10230000000,1000000,N,0
m001,610036,메리츠 인버스 2X 대표 농산물 선물 ETN(H),EN,25255000000,1000000,N,0
m001,610037,메리츠 미국채30년 ETN(H),EN,104160000000,14000000,N,0
m001,610038,메리츠 레버리지 미국채30년 ETN(H),EN,44300000000,10000000,N,0
m001,610039,메리츠 인버스 미국채30년 ETN(H),EN,14380000000,1000000,N,0
m001,610040,메리츠 인버스 2X 미국채30년 ETN(H),EN,17005000000,1000000,N,0
m001,610045,메리츠 국채3년 ETN,EN,11365000000,1000000,N,0
m001,610047,메리츠 인버스 국채3년 ETN,EN,21370000000,2000000,N,0
m001,610049,메리츠 국채5년 ETN,EN,11465000000,1000000,N,0
m001,610051,메리츠 인버스 국채5년 ETN,EN,10565000000,1000000,N,0
m001,610055,메리츠 3X 레버리지 국채3년 ETN,EN,10920000000,500000,N,0
m001,610056,메리츠 인버스 3X 국채3년 ETN,EN,10185000000,500000,N,0
m001,610057,메리츠 3X 레버리지 국채5년 ETN,EN,10410000000,500000,N,0
m001,610058,메리츠 인버스 3X 국채5년 ETN,EN,10457500000,500000,N,0
m001,610059,메리츠 3X 레버리지 국채10년 ETN,EN,8847500000,500000,N,0
m001,610060,메리츠 인버스 3X 국채10년 ETN,EN,11052500000,500000,N,0
m001,610061,메리츠 3X 레버리지 국채30년 ETN,EN,51200000000,2000000,N,0
m001,610062,메리츠 인버스 3X 국채30년 ETN,EN,12590000000,200000,N,0
m001,610063,메리츠 KIS CD금리투자 ETN,EN,1532352000000,27600000,N,0
m001,610064,메리츠 KAP 통안채 6개월 ETN,EN,87840000000,1600000,N,0
m001,610066,메리츠 KAP 통안채 3개월 ETN,EN,65874000000,1200000,N,0
m001,610068,메리츠 KAP 일본 엔화 ETN,EN,10400000000,1000000,N,0
m001,610069,메리츠 KAP 레버리지 일본 엔화 ETN,EN,28882500000,1500000,N,0
m001,610070,메리츠 KAP 인버스 2X 일본 엔화 ETN,EN,10485000000,500000,N,0
m001,610071,메리츠 KAP 중국 위안화 ETN,EN,13305000000,1000000,N,0
m001,610072,메리츠 KAP 레버리지 중국 위안화 ETN,EN,15862500000,500000,N,0
m001,610073,메리츠 KAP 인버스 2X 중국 위안화 ETN,EN,6695000000,500000,N,0
m001,610074,메리츠 미국채10년 ETN,EN,12130000000,1000000,N,0
m001,610075,메리츠 3X 레버리지 미국채10년 ETN,EN,34842000000,600000,N,0
m001,610076,메리츠 인버스 3X 미국채10년 ETN,EN,10300000000,200000,N,0
m001,610077,메리츠 미국채30년 ETN,EN,11345000000,1000000,N,0
m001,610078,메리츠 3X 레버리지 미국채30년 ETN,EN,52914000000,1200000,N,0
m001,610079,메리츠 인버스 3X 미국채30년 ETN,EN,10742000000,200000,N,0
m001,610080,메리츠 멕시코 페소화 ETN,EN,14030000000,1000000,N,0
m001,610081,메리츠 레버리지 멕시코 페소화 ETN,EN,18292500000,500000,N,0
m001,610082,메리츠 인도 루피화 ETN,EN,10750000000,1000000,N,0
m001,610083,메리츠 레버리지 인도 루피화 ETN,EN,10640000000,500000,N,0
m001,610084,메리츠 미국채30년 스트립 ETN(H),EN,9085000000,1000000,N,0
m001,610085,메리츠 레버리지 미국채30년 스트립 ETN(H),EN,21717000000,600000,N,0
m001,610086,메리츠 인버스2X 미국채30년 스트립 ETN(H),EN,11006000000,200000,N,0
m001,610087,메리츠 WTI원유 선물 ETN(H),EN,14910000000,1000000,N,0
m001,610088,메리츠 레버리지 WTI원유 선물 ETN(H),EN,32095000000,1000000,N,0
m001,610089,메리츠 인버스 2X WTI원유 선물 ETN(H),EN,52680000000,12000000,N,0
m001,610090,메리츠 일본 국채 10년 ETN,EN,9250000000,1000000,N,0
m001,610091,메리츠 3X 레버리지 일본 국채 10년 ETN,EN,7640000000,500000,N,0
m001,610092,메리츠 인버스 일본 국채 10년 ETN,EN,10640000000,1000000,N,0
m001,610093,메리츠 인버스 3X 일본 국채 10년 ETN,EN,12395000000,500000,N,0
m001,610094,메리츠 천연가스 선물 ETN(H),EN,8395000000,1000000,N,0
m001,610095,메리츠 레버리지 천연가스 선물 ETN(H),EN,9505000000,1000000,N,0
m001,610096,메리츠 인버스 2X 천연가스 선물 ETN(H),EN,11390000000,1000000,N,0
m001,610097,메리츠 미국채30년스트립 커버드콜 ETN(H),EN,9435000000,1000000,N,0
m001,610098,메리츠 미국채30년 풋라이트 ETN(H),EN,9950000000,1000000,N,0
m001,610099,메리츠 은 선물 ETN(H),EN,6560000000,1000000,N,0
m001,610100,메리츠 레버리지 은 선물 ETN(H),EN,7720000000,1000000,N,0
m001,610101,메리츠 인버스 2X 은 선물 ETN(H),EN,51205000000,1000000,N,0
m001,610102,메리츠 솔랙티브 금 선물 ETN(H),EN,10200000000,1000000,N,0
m001,610103,메리츠 솔랙티브 레버리지 금 선물 ETN(H),EN,20495000000,1000000,N,0
m001,610104,메리츠 솔랙티브 인버스 2X 금 선물 ETN(H),EN,18990000000,1000000,N,0
m001,700011,하나 레버리지 옥수수 선물 ETN(H),EN,7505000000,1000000,N,0
m001,700012,하나 인버스 2X 옥수수 선물 ETN(H),EN,28555000000,1000000,N,0
m001,700013,하나 레버리지 콩 선물 ETN(H),EN,22795000000,1000000,N,0
m001,700014,하나 인버스 2X 콩 선물 ETN(H),EN,11880000000,1000000,N,0
m001,700017,하나 레버리지 코스닥150 선물 ETN,EN,27550000000,1000000,N,0
m001,700018,하나 인버스 2X 코스닥150 선물 ETN,EN,2110000000,1000000,N,0
m001,700022,하나 Solactive US Tech Top 10 ETN(H),EN,59920000000,2000000,N,0
m001,700023,하나 Solactive 2X US Tech Top 10 ETN(H),EN,129555000000,1000000,N,0
m001,700026,하나 CD금리투자 ETN,EN,1286400000000,12000000,N,0
m001,700027,하나 반도체 ETN,EN,47315000000,1000000,N,0
m001,700028,하나 레버리지 반도체 ETN,EN,1015717500000,3500000,N,0
m001,700029,하나 S&P 레버리지 WTI원유 선물 ETN B,EN,34455000000,1000000,N,0
m001,700030,하나 S&P 인버스 2X WTI원유 선물 ETN B,EN,17520000000,4000000,N,0
m001,700031,하나 레버리지 천연가스 선물 ETN(H),EN,9490000000,1000000,N,0
m001,700032,하나 인버스 2X 천연가스 선물 ETN(H),EN,11345000000,1000000,N,0
m001,700033,하나 K방산TOP10 ETN,EN,9840000000,1000000,N,0
m001,700034,하나 레버리지 K방산TOP10 ETN,EN,21427500000,1500000,N,0
m001,700035,하나 인버스 2X K방산TOP10 ETN,EN,9440000000,1000000,N,0
m001,700036,하나 인버스 2X 반도체 ETN,EN,17175000000,5000000,N,0
m001,760004,키움 인버스 미국달러선물 ETN,EN,24057000000,2700000,N,0
m001,760005,키움 INDXX 미국테크탑10 ETN,EN,36320000000,1000000,N,0
m001,760006,키움 KPOP ETN,EN,7760000000,1000000,N,0
m001,760007,키움 코스피 200 TR ETN,EN,147120000000,4000000,N,0
m001,760008,키움 코스닥 150 TR ETN,EN,20920000000,2000000,N,0
m001,760009,키움 CD금리투자 ETN,EN,985479700000,9220000,N,0
m001,760010,키움 2차전지산업 ETN,EN,5670000000,700000,N,0
m001,760011,키움 레버리지 2차전지산업 ETN,EN,118342500000,15500000,N,0
m001,760012,키움 반도체TOP10 ETN,EN,23408000000,700000,N,0
m001,760013,키움 레버리지 반도체TOP10 ETN,EN,622250000000,5000000,N,0
m001,760014,키움 바이오TOP10 ETN,EN,5054000000,700000,N,0
m001,760015,키움 레버리지 바이오TOP10 ETN,EN,14650000000,2000000,N,0
m001,760016,키움 레버리지 조선TOP10 ETN,EN,65810000000,1000000,N,0
m001,760017,키움 조선TOP10 ETN,EN,15757000000,700000,N,0
m001,760018,키움 미국달러선물 ETN B,EN,65820000000,6000000,N,0
m001,760019,키움 리츠부동산인프라 ETN,EN,10340000000,1000000,N,0
m001,760020,키움 레버리지 리츠부동산인프라 ETN,EN,10022500000,500000,N,0
m001,760021,키움 코스피200 선물 달러노출 ETN,EN,23565500000,700000,N,0
m001,760022,키움 K방산 TOP5 ETN,EN,21030000000,2000000,N,0
m001,760023,키움 레버리지 K방산 TOP5 ETN,EN,16850000000,1000000,N,0
m001,760024,키움 인버스 2X K방산 TOP5 ETN,EN,4300000000,500000,N,0
m001,760025,키움 전력 TOP5 ETN,EN,8256500000,700000,N,0
m001,760026,키움 레버리지 전력 TOP5 ETN,EN,33097500000,1500000,N,0
m001,760027,키움 인버스 2X 전력 TOP5 ETN,EN,14330000000,2000000,N,0
m001,760028,키움 인버스 2X 반도체TOP10 ETN,EN,6930000000,1500000,N,0
m001,900140,엘브이엠씨홀딩스,FS,247540993392,193240432,N,0
m001,950210,프레스티지바이오파마,DR,346153852800,60096155,N,0
